time,x_odom,y_odom,yaw_odom
1787213780.58931,-2.693443070168238e-10,2.1865654577235676e-08,0.02059006690979004
1787213780.6439948,-2.693443070168238e-10,2.1865654577235676e-08,0.0207362174987793
1787213780.691293,-2.693443070168238e-10,2.1865654577235676e-08,0.020717978477478027
1787213780.7411487,-2.693443070168238e-10,2.1865654577235676e-08,0.020697593688964844
1787213780.8303924,-2.693443070168238e-10,2.1865654577235676e-08,0.02071928977966309
1787213780.8765016,-2.693443070168238e-10,2.1865654577235676e-08,0.02063918113708496
1787213780.8913772,-2.693443070168238e-10,2.1865654577235676e-08,0.020534396171569828
1787213780.943399,-2.693443070168238e-10,2.1865654577235676e-08,0.020372986793518066
1787213780.993025,-2.693443070168238e-10,2.1865654577235676e-08,0.02043235301971436
1787213781.0395103,-2.5305629903926605e-05,-4.973367204962189e-07,0.020596861839294434
1787213781.0894682,-2.5305629903926605e-05,-4.973367204962189e-07,0.020596861839294434
1787213781.1449692,-2.5305560971609035e-05,-5.006610362587353e-07,0.02085959911346436
1787213781.1958232,-3.7594188898130163e-10,2.7027101057806257e-08,0.02084028720855713
1787213781.2460387,-3.7594188898130163e-10,2.7027101057806257e-08,0.02079296112060547
1787213781.308535,-3.7594188898130163e-10,2.7027101057806257e-08,0.02079296112060547
1787213781.3454292,-3.7594188898130163e-10,2.7027101057806257e-08,0.02079296112060547
1787213781.3917828,-3.7594188898130163e-10,2.7027101057806257e-08,0.02079296112060547
1787213781.4448898,-3.7594188898130163e-10,2.7027101057806257e-08,0.02079296112060547
1787213781.4962995,-3.7594188898130163e-10,2.7027101057806257e-08,0.02079296112060547
1787213781.5394566,-3.7594188898130163e-10,2.7027101057806257e-08,0.021270751953125
1787213781.5925581,-3.7594188898130163e-10,2.7027101057806257e-08,0.02130126953125
1787213781.642047,-3.7594188898130163e-10,2.7027101057806257e-08,0.02126383781433105
1787213781.6904876,-3.7594188898130163e-10,2.7027101057806257e-08,0.02126383781433105
1787213781.7403874,-3.7594188898130163e-10,2.7027101057806257e-08,0.021061182022094723
1787213781.8029187,-3.7594188898130163e-10,2.7027101057806257e-08,0.021042227745056152
1787213781.8399298,-3.7594188898130163e-10,2.7027101057806257e-08,0.021107673645019535
1787213781.8914113,-3.7594188898130163e-10,2.7027101057806257e-08,0.021051645278930664
1787213781.9787197,-3.7594188898130163e-10,2.7027101057806257e-08,0.021237730979919434
1787213782.0276308,-3.7594188898130163e-10,2.7027101057806257e-08,0.021340966224670407
1787213782.0418465,-3.7594188898130163e-10,2.7027101057806257e-08,0.02149152755737305
1787213782.0942996,-3.7594188898130163e-10,2.7027101057806257e-08,0.021442174911499027
1787213782.1443493,-2.5305276740503186e-05,-5.141195804680756e-07,0.021321415901184082
1787213782.2248616,-2.5305276740503186e-05,-5.141195804680756e-07,0.021321415901184082
1787213782.2816794,-3.607276113388048e-10,2.6315188141604746e-08,0.02125060558319092
1787213782.3252466,-3.607276113388048e-10,2.6315188141604746e-08,0.02135443687438965
1787213782.382404,-3.607276113388048e-10,2.6315188141604746e-08,0.021488666534423825
1787213782.4348137,-3.607276113388048e-10,2.6315188141604746e-08,0.021493196487426758
1787213782.475028,-3.607276113388048e-10,2.6315188141604746e-08,0.021733403205871582
1787213782.526732,-3.607276113388048e-10,2.6315188141604746e-08,0.021747827529907234
1787213782.582534,-3.607276113388048e-10,2.6315188141604746e-08,0.021721839904785156
1787213782.6249933,-3.607276113388048e-10,2.6315188141604746e-08,0.021615862846374508
1787213782.6789396,-2.5305176579983148e-05,-5.187892387206576e-07,0.021460533142089847
1787213782.7398624,-3.014200628086432e-10,2.3555024159561402e-08,0.021397709846496582
1787213782.829713,-3.014200628086432e-10,2.3555024159561402e-08,0.021636009216308594
1787213782.8973114,-3.014200628086432e-10,2.3555024159561402e-08,0.021714329719543457
1787213782.9845545,-2.8272433920644834e-10,2.26937967790656e-08,0.02164626121520996
1787213783.0336752,-2.8272433920644834e-10,2.26937967790656e-08,0.02161383628845215
1787213783.0810323,-2.8272433920644834e-10,2.26937967790656e-08,0.02159595489501953
1787213783.1257784,-2.8272433920644834e-10,2.26937967790656e-08,0.021626234054565433
1787213783.1872263,-2.8272433920644834e-10,2.26937967790656e-08,0.021743059158325195
1787213783.2295034,-2.8272433920644834e-10,2.26937967790656e-08,0.02206635475158692
1787213783.2763498,-2.8272433920644834e-10,2.26937967790656e-08,0.022078514099121094
1787213783.3345447,-2.8272433920644834e-10,2.26937967790656e-08,0.02196645736694336
1787213783.3866582,-2.8272433920644834e-10,2.26937967790656e-08,0.021811485290527347
1787213783.4264092,-2.8272433920644834e-10,2.26937967790656e-08,0.021772503852844242
1787213783.4885294,-2.8272433920644834e-10,2.26937967790656e-08,0.021745443344116214
1787213783.489181,-2.8272433920644834e-10,2.26937967790656e-08,0.021849989891052246
1787213783.5761156,-2.8272433920644834e-10,2.26937967790656e-08,0.02201592922210693
1787213783.6314635,-2.8272433920644834e-10,2.26937967790656e-08,0.02208840847015381
1787213783.6821594,-2.8272433920644834e-10,2.26937967790656e-08,0.02209007740020752
1787213783.7241342,-2.8272433920644834e-10,2.26937967790656e-08,0.02202796936035156
1787213783.7867439,-2.8272433920644834e-10,2.26937967790656e-08,0.021851658821105957
1787213783.8320642,-2.8272433920644834e-10,2.26937967790656e-08,0.021700620651245117
1787213783.882198,-2.8272433920644834e-10,2.26937967790656e-08,0.021862268447875977
1787213783.9257755,-2.8272433920644834e-10,2.26937967790656e-08,0.021951079368591312
1787213783.9819884,-2.8272433920644834e-10,2.26937967790656e-08,0.02209782600402832
1787213784.024125,-2.8272433920644834e-10,2.26937967790656e-08,0.02236628532409668
1787213784.0889313,-2.8272433920644834e-10,2.26937967790656e-08,0.022345781326293945
1787213784.1803377,-2.8272433920644834e-10,2.26937967790656e-08,0.022224903106689453
1787213784.2361906,-2.8272433920644834e-10,2.26937967790656e-08,0.022182226181030273
1787213784.2810795,-2.8272433920644834e-10,2.26937967790656e-08,0.02242541313171387
1787213784.3245564,-2.8272433920644834e-10,2.26937967790656e-08,0.022543311119079593
1787213784.3711615,-2.8272433920644834e-10,2.26937967790656e-08,0.022593617439270023
1787213784.3896017,-2.8272433920644834e-10,2.26937967790656e-08,0.0227433443069458
1787213784.490671,-2.8272433920644834e-10,2.26937967790656e-08,0.022790551185607914
1787213784.5428412,-2.8272433920644834e-10,2.26937967790656e-08,0.022670269012451172
1787213784.6233647,-2.8272433920644834e-10,2.26937967790656e-08,0.022709131240844727
1787213784.647221,-2.8272433920644834e-10,2.26937967790656e-08,0.022752761840820312
1787213784.6894872,-2.8272433920644834e-10,2.26937967790656e-08,0.022752761840820312
1787213784.7418144,-2.8272433920644834e-10,2.26937967790656e-08,0.022989511489868164
1787213784.791823,-2.8272433920644834e-10,2.26937967790656e-08,0.022989511489868164
1787213784.8449333,-2.8272433920644834e-10,2.26937967790656e-08,0.023085117340087894
1787213784.8976376,-2.8272433920644834e-10,2.26937967790656e-08,0.02300727367401123
1787213784.9543583,-2.8272433920644834e-10,2.26937967790656e-08,0.02300429344177246
1787213784.996966,-2.5304292838126595e-05,-5.586119059092827e-07,0.022933363914489746
1787213785.0401368,-2.606022885856508e-10,2.1730033212293916e-08,0.02292811870574951
1787213785.0910761,-2.606022885856508e-10,2.1730033212293916e-08,0.023009538650512692
1787213785.1400504,-2.606022885856508e-10,2.1730033212293916e-08,0.023132205009460453
1787213785.189491,-2.606022885856508e-10,2.1730033212293916e-08,0.02334678173065186
1787213785.2396133,-2.606022885856508e-10,2.1730033212293916e-08,0.02334678173065186
1787213785.2938726,-2.606022885856508e-10,2.1730033212293916e-08,0.02334678173065186
1787213785.3400848,-2.606022885856508e-10,2.1730033212293916e-08,0.02334678173065186
1787213785.3921888,-2.606022885856508e-10,2.1730033212293916e-08,0.023225665092468258
1787213785.4399006,-2.606022885856508e-10,2.1730033212293916e-08,0.02312922477722168
1787213785.4893074,-2.606022885856508e-10,2.1730033212293916e-08,0.023118615150451667
1787213785.5399854,-2.606022885856508e-10,2.1730033212293916e-08,0.02314019203186035
1787213785.5899088,-2.606022885856508e-10,2.1730033212293916e-08,0.02341544628143311
1787213785.6396585,-2.606022885856508e-10,2.1730033212293916e-08,0.02341544628143311
1787213785.692756,-2.606022885856508e-10,2.1730033212293916e-08,0.02350234985351563
1787213785.7417908,-2.606022885856508e-10,2.1730033212293916e-08,0.023427963256835938
1787213785.7899845,-2.606022885856508e-10,2.1730033212293916e-08,0.023427963256835938
1787213785.8394823,-2.606022885856508e-10,2.1730033212293916e-08,0.023179173469543457
1787213785.8896368,-2.606022885856508e-10,2.1730033212293916e-08,0.023179173469543457
1787213785.9422402,-2.606022885856508e-10,2.1730033212293916e-08,0.02340388298034668
1787213785.9893382,-2.606022885856508e-10,2.1730033212293916e-08,0.023572683334350586
1787213786.0400174,-2.606022885856508e-10,2.1730033212293916e-08,0.023572683334350586
1787213786.0915911,-2.606022885856508e-10,2.1730033212293916e-08,0.023636937141418464
1787213786.1502633,-2.606022885856508e-10,2.1730033212293916e-08,0.023543357849121094
1787213786.1898339,-2.606022885856508e-10,2.1730033212293916e-08,0.023543357849121094
1787213786.239902,-2.5304013833062036e-05,-5.70652102536733e-07,0.023425459861755375
1787213786.289667,-3.2405533819350593e-10,2.4434270476706482e-08,0.023601412773132324
1787213786.3393133,-3.2405533819350593e-10,2.4434270476706482e-08,0.023601412773132324
1787213786.38996,-3.2405533819350593e-10,2.4434270476706482e-08,0.023756504058837894
1787213786.4499114,-3.2405533819350593e-10,2.4434270476706482e-08,0.023762941360473633
1787213786.4898841,-3.2405533819350593e-10,2.4434270476706482e-08,0.023639917373657227
1787213786.5434492,-3.2405533819350593e-10,2.4434270476706482e-08,0.023603200912475586
1787213786.5897024,-3.2405533819350593e-10,2.4434270476706482e-08,0.023541808128356934
1787213786.6408625,-3.2405533819350593e-10,2.4434270476706482e-08,0.023541808128356934
1787213786.6894171,-3.2405533819350593e-10,2.4434270476706482e-08,0.023742794990539558
1787213786.7400784,-3.2405533819350593e-10,2.4434270476706482e-08,0.023852467536926276
1787213786.7901921,-2.5303799035356182e-05,-5.797164509794815e-07,0.02389085292816162
1787213786.8400433,-2.9980488951540803e-10,2.3417740063601733e-08,0.023772120475769043
1787213786.889559,-2.9980488951540803e-10,2.3417740063601733e-08,0.02367818355560302
1787213786.9402626,-2.9980488951540803e-10,2.3417740063601733e-08,0.02367818355560302
1787213786.9894483,-2.9980488951540803e-10,2.3417740063601733e-08,0.023645997047424316
1787213787.0403996,-2.9980488951540803e-10,2.3417740063601733e-08,0.023708462715148922
1787213787.0897517,-2.9980488951540803e-10,2.3417740063601733e-08,0.023708462715148922
1787213787.1450508,-2.9980488951540803e-10,2.3417740063601733e-08,0.023832559585571296
1787213787.1893666,-2.9980488951540803e-10,2.3417740063601733e-08,0.02400374412536621
1787213787.2398293,-2.9980488951540803e-10,2.3417740063601733e-08,0.02400374412536621
1787213787.2918115,-2.9980488951540803e-10,2.3417740063601733e-08,0.02381205558776856
1787213787.3413987,-2.9980488951540803e-10,2.3417740063601733e-08,0.023741841316223145
1787213787.3898954,-2.9980488951540803e-10,2.3417740063601733e-08,0.023741841316223145
1787213787.4397485,-2.9980488951540803e-10,2.3417740063601733e-08,0.02392160892486573
1787213787.4896953,-2.9980488951540803e-10,2.3417740063601733e-08,0.023986577987670895
1787213787.5399518,-2.9980488951540803e-10,2.3417740063601733e-08,0.02402210235595703
1787213787.5894976,-2.9980488951540803e-10,2.3417740063601733e-08,0.02398848533630371
1787213787.641322,-2.9980488951540803e-10,2.3417740063601733e-08,0.023882627487182617
1787213787.6908836,-2.9980488951540803e-10,2.3417740063601733e-08,0.023882627487182617
1787213787.7448502,-2.9980488951540803e-10,2.3417740063601733e-08,0.02383208274841309
1787213787.789721,-2.9980488951540803e-10,2.3417740063601733e-08,0.02394819259643555
1787213787.839602,-2.9980488951540803e-10,2.3417740063601733e-08,0.02406895160675049
1787213787.889423,-2.9980488951540803e-10,2.3417740063601733e-08,0.02407848834991455
1787213787.942397,-2.9980488951540803e-10,2.3417740063601733e-08,0.024104952812194828
1787213787.9918773,-2.9980488951540803e-10,2.3417740063601733e-08,0.02388048171997071
1787213788.0393565,-2.9980488951540803e-10,2.3417740063601733e-08,0.023878812789916992
1787213788.0967312,-2.9980488951540803e-10,2.3417740063601733e-08,0.023821353912353523
1787213788.139699,-2.9980488951540803e-10,2.3417740063601733e-08,0.023765563964843747
1787213788.1897943,-2.9980488951540803e-10,2.3417740063601733e-08,0.023765563964843747
1787213788.2394452,-2.9980488951540803e-10,2.3417740063601733e-08,0.024036169052124023
1787213788.292587,-2.9980488951540803e-10,2.3417740063601733e-08,0.024036169052124023
1787213788.3397884,-2.9980488951540803e-10,2.3417740063601733e-08,0.02420473098754883
1787213788.3893745,-2.9980488951540803e-10,2.3417740063601733e-08,0.024281740188598626
1787213788.4400434,-2.9980488951540803e-10,2.3417740063601733e-08,0.024223923683166504
1787213788.4892724,-2.9980488951540803e-10,2.3417740063601733e-08,0.0242096185684204
1787213788.54161,-2.9980488951540803e-10,2.3417740063601733e-08,0.023961424827575684
1787213788.5911615,-2.5303689441851586e-05,-5.842968629474166e-07,0.02406358718872071
1787213788.6426747,-2.5303689441851586e-05,-5.842968629474166e-07,0.0242537260055542
1787213788.6896567,-2.5303689441851586e-05,-5.842968629474166e-07,0.0242537260055542
1787213788.7393367,-4.43366043921203e-10,2.9366062245611404e-08,0.02424144744873047
1787213788.7917233,-4.43366043921203e-10,2.9366062245611404e-08,0.024590253829956055
1787213788.8392713,-4.43366043921203e-10,2.9366062245611404e-08,0.024519920349121094
1787213788.8913095,-4.43366043921203e-10,2.9366062245611404e-08,0.02435052394866944
1787213788.9408202,-4.43366043921203e-10,2.9366062245611404e-08,0.024157643318176273
1787213788.989683,-4.43366043921203e-10,2.9366062245611404e-08,0.024196147918701172
1787213789.0400388,-4.43366043921203e-10,2.9366062245611404e-08,0.024456858634948737
1787213789.0892751,-4.43366043921203e-10,2.9366062245611404e-08,0.02458560466766358
1787213789.1393614,-4.43366043921203e-10,2.9366062245611404e-08,0.024805307388305664
1787213789.1892548,-4.43366043921203e-10,2.9366062245611404e-08,0.024947524070739746
1787213789.2393086,-4.43366043921203e-10,2.9366062245611404e-08,0.025031566619873047
1787213789.289714,-4.43366043921203e-10,2.9366062245611404e-08,0.025031566619873047
1787213789.3401632,-4.43366043921203e-10,2.9366062245611404e-08,0.024952173233032227
1787213789.3892539,-4.43366043921203e-10,2.9366062245611404e-08,0.024866580963134762
1787213789.4396799,-4.43366043921203e-10,2.9366062245611404e-08,0.024818897247314453
1787213789.4891937,-4.43366043921203e-10,2.9366062245611404e-08,0.02494168281555176
1787213789.5395043,-4.43366043921203e-10,2.9366062245611404e-08,0.025133132934570312
1787213789.5892522,-4.43366043921203e-10,2.9366062245611404e-08,0.025208592414855957
1787213789.6393695,-4.43366043921203e-10,2.9366062245611404e-08,0.02527356147766113
1787213789.689852,-4.43366043921203e-10,2.9366062245611404e-08,0.02526545524597168
1787213789.7397447,-4.43366043921203e-10,2.9366062245611404e-08,0.025291800498962402
1787213789.7910497,-4.43366043921203e-10,2.9366062245611404e-08,0.025228500366210944
1787213789.8397973,-2.530310706421068e-05,-6.078575532195478e-07,0.025128960609436035
1787213789.8893187,-3.8490546298800975e-10,2.7040482571179844e-08,0.025044679641723636
1787213789.9414191,-3.8490546298800975e-10,2.7040482571179844e-08,0.02501273155212402
1787213789.9894073,-3.8490546298800975e-10,2.7040482571179844e-08,0.025134444236755364
1787213790.040385,-3.8490546298800975e-10,2.7040482571179844e-08,0.02532196044921875
1787213790.0900042,-3.8490546298800975e-10,2.7040482571179844e-08,0.025388479232788086
1787213790.1396472,-3.8490546298800975e-10,2.7040482571179844e-08,0.025478720664978027
1787213790.1896226,-3.8490546298800975e-10,2.7040482571179844e-08,0.02553713321685791
1787213790.2406063,-3.8490546298800975e-10,2.7040482571179844e-08,0.025462985038757324
1787213790.2893689,-3.8490546298800975e-10,2.7040482571179844e-08,0.025462985038757324
1787213790.3395941,-3.8490546298800975e-10,2.7040482571179844e-08,0.025343894958496094
1787213790.39014,-3.8490546298800975e-10,2.7040482571179844e-08,0.02547955513000488
1787213790.4394095,-3.8490546298800975e-10,2.7040482571179844e-08,0.0254589319229126
1787213790.4926078,-3.8490546298800975e-10,2.7040482571179844e-08,0.025669217109680172
1787213790.5393102,-3.8490546298800975e-10,2.7040482571179844e-08,0.025694847106933594
1787213790.5928228,-3.8490546298800975e-10,2.7040482571179844e-08,0.025694847106933594
1787213790.6396036,-3.8490546298800975e-10,2.7040482571179844e-08,0.02553379535675049
1787213790.6898403,-3.8490546298800975e-10,2.7040482571179844e-08,0.025435090065002438
1787213790.7391934,-3.8490546298800975e-10,2.7040482571179844e-08,0.02535903453826904
1787213790.790435,-3.8490546298800975e-10,2.7040482571179844e-08,0.025254011154174805
1787213790.8404398,-3.8490546298800975e-10,2.7040482571179844e-08,0.02524173259735108
1787213790.889164,-3.8490546298800975e-10,2.7040482571179844e-08,0.02533590793609619
1787213790.9396772,-3.8490546298800975e-10,2.7040482571179844e-08,0.025395393371582038
1787213790.9892576,-3.8490546298800975e-10,2.7040482571179844e-08,0.0254666805267334
1787213791.0407178,-3.8490546298800975e-10,2.7040482571179844e-08,0.025469064712524414
1787213791.089784,-3.8490546298800975e-10,2.7040482571179844e-08,0.025469064712524414
1787213791.1417923,-3.8490546298800975e-10,2.7040482571179844e-08,0.0254058837890625
1787213791.1895928,-3.8490546298800975e-10,2.7040482571179844e-08,0.025346279144287102
1787213791.243052,-3.8490546298800975e-10,2.7040482571179844e-08,0.0253525972366333
1787213791.2898288,-3.8490546298800975e-10,2.7040482571179844e-08,0.0253525972366333
1787213791.3391762,-3.8490546298800975e-10,2.7040482571179844e-08,0.025464892387390144
1787213791.390764,-3.8490546298800975e-10,2.7040482571179844e-08,0.02568161487579346
1787213791.4425154,-3.8490546298800975e-10,2.7040482571179844e-08,0.0257723331451416
1787213791.489796,-3.8490546298800975e-10,2.7040482571179844e-08,0.02573990821838379
1787213791.5413623,-3.8490546298800975e-10,2.7040482571179844e-08,0.02567863464355469
1787213791.589359,-3.8490546298800975e-10,2.7040482571179844e-08,0.025434255599975582
1787213791.6401453,-3.8490546298800975e-10,2.7040482571179844e-08,0.025346040725708015
1787213791.6894653,-3.8490546298800975e-10,2.7040482571179844e-08,0.0253676176071167
1787213791.7395039,-3.8490546298800975e-10,2.7040482571179844e-08,0.025432944297790524
1787213791.7900746,-3.8490546298800975e-10,2.7040482571179844e-08,0.025533199310302734
1787213791.841145,-3.8490546298800975e-10,2.7040482571179844e-08,0.025689005851745616
1787213791.889831,-3.8490546298800975e-10,2.7040482571179844e-08,0.025789856910705573
1787213791.939793,-3.8490546298800975e-10,2.7040482571179844e-08,0.025720238685607917
1787213791.9894648,-3.8490546298800975e-10,2.7040482571179844e-08,0.02565896511077881
1787213792.0402467,-3.8490546298800975e-10,2.7040482571179844e-08,0.02565896511077881
1787213792.0914855,-3.8490546298800975e-10,2.7040482571179844e-08,0.025540709495544434
1787213792.142391,-3.8490546298800975e-10,2.7040482571179844e-08,0.02558910846710205
1787213792.1898718,-3.8490546298800975e-10,2.7040482571179844e-08,0.025661468505859375
1787213792.240904,-3.8490546298800975e-10,2.7040482571179844e-08,0.02566337585449219
1787213792.291715,-3.8490546298800975e-10,2.7040482571179844e-08,0.025810837745666504
1787213792.340569,-3.8490546298800975e-10,2.7040482571179844e-08,0.02591681480407715
1787213792.3919458,-3.8490546298800975e-10,2.7040482571179844e-08,0.026009082794189453
1787213792.4395788,-3.8490546298800975e-10,2.7040482571179844e-08,0.026009082794189453
1787213792.4903977,-3.8490546298800975e-10,2.7040482571179844e-08,0.025885224342346195
1787213792.5400436,-3.8490546298800975e-10,2.7040482571179844e-08,0.025872588157653812
1787213792.5930817,-3.8490546298800975e-10,2.7040482571179844e-08,0.0258026123046875
1787213792.6424015,-3.8490546298800975e-10,2.7040482571179844e-08,0.02583479881286621
1787213792.689643,-3.8490546298800975e-10,2.7040482571179844e-08,0.0259406566619873
1787213792.7400908,-3.8490546298800975e-10,2.7040482571179844e-08,0.026035189628601074
1787213792.7892551,-3.8490546298800975e-10,2.7040482571179844e-08,0.026122570037841804
1787213792.839866,-3.8490546298800975e-10,2.7040482571179844e-08,0.026201844215393066
1787213792.890907,-3.8490546298800975e-10,2.7040482571179844e-08,0.026247262954711907
1787213792.940112,-3.8490546298800975e-10,2.7040482571179844e-08,0.026159763336181644
1787213792.9949203,-2.530243833957702e-05,-6.339709968077163e-07,0.026077985763549798
1787213793.0408306,-3.542013113780123e-10,2.5864148329742945e-08,0.02606678009033203
1787213793.092024,-3.542013113780123e-10,2.5864148329742945e-08,0.025978446006774906
1787213793.1406527,-3.542013113780123e-10,2.5864148329742945e-08,0.025971531867980954
1787213793.1900468,-3.542013113780123e-10,2.5864148329742945e-08,0.025931119918823246
1787213793.2410038,-3.542013113780123e-10,2.5864148329742945e-08,0.026084780693054206
1787213793.2893536,-3.542013113780123e-10,2.5864148329742945e-08,0.026084780693054206
1787213793.339593,-3.542013113780123e-10,2.5864148329742945e-08,0.026320576667785645
1787213793.3901143,-3.542013113780123e-10,2.5864148329742945e-08,0.02641069889068604
1787213793.4399266,-3.542013113780123e-10,2.5864148329742945e-08,0.026443004608154293
1787213793.4903708,-3.542013113780123e-10,2.5864148329742945e-08,0.026362538337707523
1787213793.5400248,-2.5302268194226473e-05,-6.404634390922423e-07,0.026295423507690423
1787213793.5895143,-3.1298467902005035e-10,2.4297219105068186e-08,0.026238679885864258
1787213793.639814,-3.1298467902005035e-10,2.4297219105068186e-08,0.02620625495910645
1787213793.6901078,-3.1298467902005035e-10,2.4297219105068186e-08,0.026006221771240234
1787213793.7397316,-3.1298467902005035e-10,2.4297219105068186e-08,0.02618062496185303
1787213793.7893994,-3.1298467902005035e-10,2.4297219105068186e-08,0.026213765144348148
1787213793.8392267,-3.1298467902005035e-10,2.4297219105068186e-08,0.02643489837646484
1787213793.8902957,-3.1298467902005035e-10,2.4297219105068186e-08,0.0264129638671875
1787213793.9418576,-3.1298467902005035e-10,2.4297219105068186e-08,0.026365995407104492
1787213793.9906223,-3.1298467902005035e-10,2.4297219105068186e-08,0.02630233764648437
1787213794.0398388,-3.1298467902005035e-10,2.4297219105068186e-08,0.026299476623535163
1787213794.0914927,-3.1298467902005035e-10,2.4297219105068186e-08,0.026299476623535163
1787213794.1399813,-3.1298467902005035e-10,2.4297219105068186e-08,0.026478886604309082
1787213794.1898441,-3.1298467902005035e-10,2.4297219105068186e-08,0.02650213241577148
1787213794.2407537,-3.1298467902005035e-10,2.4297219105068186e-08,0.02661085128784179
1787213794.2900596,-3.1298467902005035e-10,2.4297219105068186e-08,0.02671897411346436
1787213794.3410811,-3.1298467902005035e-10,2.4297219105068186e-08,0.026674866676330566
1787213794.390311,-2.5302016947324938e-05,-6.499584781346891e-07,0.026609778404235843
1787213794.4399822,-2.8334984474031894e-10,2.3184241334340374e-08,0.02658689022064209
1787213794.4922087,-2.8334984474031894e-10,2.3184241334340374e-08,0.026453375816345215
1787213794.5400553,-2.8334984474031894e-10,2.3184241334340374e-08,0.026315331459045414
1787213794.5915997,-2.8334984474031894e-10,2.3184241334340374e-08,0.02640736103057862
1787213794.6418426,-2.8334984474031894e-10,2.3184241334340374e-08,0.026563644409179688
1787213794.6907616,-2.8334984474031894e-10,2.3184241334340374e-08,0.026563644409179688
1787213794.73921,-2.8334984474031894e-10,2.3184241334340374e-08,0.026861190795898438
1787213794.789262,-2.8334984474031894e-10,2.3184241334340374e-08,0.026897311210632328
1787213794.839374,-2.8334984474031894e-10,2.3184241334340374e-08,0.026866436004638675
1787213794.8897192,-2.8334984474031894e-10,2.3184241334340374e-08,0.026831626892089844
1787213794.941032,-2.8334984474031894e-10,2.3184241334340374e-08,0.02674663066864014
1787213794.9897625,-2.8334984474031894e-10,2.3184241334340374e-08,0.026810646057128906
1787213795.0393407,-2.8334984474031894e-10,2.3184241334340374e-08,0.026864051818847653
1787213795.0900803,-2.8334984474031894e-10,2.3184241334340374e-08,0.026953101158142093
1787213795.1400862,-2.8334984474031894e-10,2.3184241334340374e-08,0.027126312255859375
1787213795.189964,-2.8334984474031894e-10,2.3184241334340374e-08,0.027141213417053226
1787213795.241034,-2.8334984474031894e-10,2.3184241334340374e-08,0.02721619606018067
1787213795.2894351,-2.8334984474031894e-10,2.3184241334340374e-08,0.027255177497863763
1787213795.3392735,-2.530161131057377e-05,-6.65036349947018e-07,0.02713334560394288
1787213795.3907912,-2.530161131057377e-05,-6.65036349947018e-07,0.02713334560394288
1787213795.4394503,-2.3513022092712713e-10,2.1409233406967834e-08,0.02716648578643799
1787213795.489205,-2.3513022092712713e-10,2.1409233406967834e-08,0.027188062667846676
1787213795.5403402,-2.3513022092712713e-10,2.1409233406967834e-08,0.027256250381469727
1787213795.5891056,-2.3513022092712713e-10,2.1409233406967834e-08,0.027256250381469727
1787213795.6394858,-2.3513022092712713e-10,2.1409233406967834e-08,0.02741873264312744
1787213795.6900232,-2.3513022092712713e-10,2.1409233406967834e-08,0.02741873264312744
1787213795.7406147,-2.3513022092712713e-10,2.1409233406967834e-08,0.027603268623352054
1787213795.7894955,-2.3513022092712713e-10,2.1409233406967834e-08,0.027487993240356442
1787213795.8404098,-2.3513022092712713e-10,2.1409233406967834e-08,0.02735996246337891
1787213795.8896604,-2.3513022092712713e-10,2.1409233406967834e-08,0.027399778366088867
1787213795.9393427,-2.3513022092712713e-10,2.1409233406967834e-08,0.027424097061157234
1787213795.9902062,-2.3513022092712713e-10,2.1409233406967834e-08,0.027575135231018066
1787213796.039877,-2.3513022092712713e-10,2.1409233406967834e-08,0.027611851692199707
1787213796.0894687,-2.3513022092712713e-10,2.1409233406967834e-08,0.02770936489105225
1787213796.1398485,-2.3513022092712713e-10,2.1409233406967834e-08,0.027717232704162605
1787213796.191266,-2.3513022092712713e-10,2.1409233406967834e-08,0.02768933773040772
1787213796.239851,-2.3513022092712713e-10,2.1409233406967834e-08,0.027661800384521488
1787213796.290268,-2.3513022092712713e-10,2.1409233406967834e-08,0.02753055095672608
1787213796.3395433,-2.3513022092712713e-10,2.1409233406967834e-08,0.027422666549682617
1787213796.3890886,-2.3513022092712713e-10,2.1409233406967834e-08,0.02747082710266114
1787213796.4414678,-2.3513022092712713e-10,2.1409233406967834e-08,0.027585744857788086
1787213796.489304,-2.3513022092712713e-10,2.1409233406967834e-08,0.027626395225524895
1787213796.5394998,-2.3513022092712713e-10,2.1409233406967834e-08,0.027670502662658695
1787213796.6121156,-2.3513022092712713e-10,2.1409233406967834e-08,0.02780640125274658
1787213796.6396732,-2.3513022092712713e-10,2.1409233406967834e-08,0.027757048606872566
1787213796.6946242,-2.3513022092712713e-10,2.1409233406967834e-08,0.0277162790298462
1787213796.7407823,-2.3513022092712713e-10,2.1409233406967834e-08,0.027602672576904297
1787213796.7913876,-2.3513022092712713e-10,2.1409233406967834e-08,0.027431964874267575
1787213796.8393319,-2.3513022092712713e-10,2.1409233406967834e-08,0.027422070503234863
1787213796.8926277,-2.3513022092712713e-10,2.1409233406967834e-08,0.02755272388458252
1787213796.9394372,-2.3513022092712713e-10,2.1409233406967834e-08,0.027625560760498047
1787213796.9923224,-2.3513022092712713e-10,2.1409233406967834e-08,0.027625560760498047
1787213797.0459476,-2.3513022092712713e-10,2.1409233406967834e-08,0.02766752243041993
1787213797.0909994,-2.3513022092712713e-10,2.1409233406967834e-08,0.027610301971435554
1787213797.1422327,-2.3513022092712713e-10,2.1409233406967834e-08,0.027523398399353024
1787213797.1892924,-2.3513022092712713e-10,2.1409233406967834e-08,0.027503371238708493
1787213797.2393713,-2.3513022092712713e-10,2.1409233406967834e-08,0.027473807334899902
1787213797.2891002,-2.3513022092712713e-10,2.1409233406967834e-08,0.027748465538024902
1787213797.3391643,-2.3513022092712713e-10,2.1409233406967834e-08,0.027781486511230472
1787213797.3981776,-2.3513022092712713e-10,2.1409233406967834e-08,0.027952194213867188
1787213797.43959,-2.3513022092712713e-10,2.1409233406967834e-08,0.027948617935180664
1787213797.4908485,-2.3513022092712713e-10,2.1409233406967834e-08,0.027978897094726566
1787213797.5444083,-2.3513022092712713e-10,2.1409233406967834e-08,0.027918696403503418
1787213797.5902066,-2.3513022092712713e-10,2.1409233406967834e-08,0.027715921401977543
1787213797.6391785,-2.3513022092712713e-10,2.1409233406967834e-08,0.027690410614013665
1787213797.6918948,-2.3513022092712713e-10,2.1409233406967834e-08,0.027845144271850586
1787213797.7411766,-2.3513022092712713e-10,2.1409233406967834e-08,0.02796375751495362
1787213797.790878,-2.3513022092712713e-10,2.1409233406967834e-08,0.02813434600830078
1787213797.8396215,-2.3513022092712713e-10,2.1409233406967834e-08,0.028132319450378418
1787213797.8899484,-2.3513022092712713e-10,2.1409233406967834e-08,0.0281137228012085
1787213797.9518929,-2.5300931389769023e-05,-6.896554195757413e-07,0.028080582618713386
1787213797.996022,-1.7993952899556355e-10,1.944274838803557e-08,0.027958273887634284
1787213798.051356,-1.7993952899556355e-10,1.944274838803557e-08,0.02786874771118164
1787213798.0907142,-1.7993952899556355e-10,1.944274838803557e-08,0.027931571006774902
1787213798.1396058,-2.530095854793237e-05,-6.886857478545306e-07,0.02803063392639161
1787213798.202217,-2.4631647295555916e-10,2.1810374240756292e-08,0.028118729591369632
1787213798.2446742,-2.4631647295555916e-10,2.1810374240756292e-08,0.02811563014984131
1787213798.2908537,-2.4631647295555916e-10,2.1810374240756292e-08,0.028079748153686523
1787213798.3451912,-2.4631647295555916e-10,2.1810374240756292e-08,0.028093338012695312
1787213798.3898416,-2.4631647295555916e-10,2.1810374240756292e-08,0.028008699417114265
1787213798.4415436,-2.4631647295555916e-10,2.1810374240756292e-08,0.028008699417114265
1787213798.5230396,-2.4631647295555916e-10,2.1810374240756292e-08,0.027738094329833984
1787213798.583025,-2.4631647295555916e-10,2.1810374240756292e-08,0.027750492095947266
1787213798.6235614,-2.4631647295555916e-10,2.1810374240756292e-08,0.027889847755432132
1787213798.6785107,-2.4631647295555916e-10,2.1810374240756292e-08,0.027951240539550778
1787213798.7311835,-2.4631647295555916e-10,2.1810374240756292e-08,0.0281296968460083
1787213798.7788012,-2.4631647295555916e-10,2.1810374240756292e-08,0.028324007987976074
1787213798.8255498,-2.4631647295555916e-10,2.1810374240756292e-08,0.028457760810852054
1787213798.8806806,-2.4631647295555916e-10,2.1810374240756292e-08,0.028424859046936035
1787213798.928502,-2.4631647295555916e-10,2.1810374240756292e-08,0.028366088867187497
1787213798.9880695,-2.4631647295555916e-10,2.1810374240756292e-08,0.028346300125122063
1787213799.029282,-2.4631647295555916e-10,2.1810374240756292e-08,0.028262853622436523
1787213799.0776472,-2.4631647295555916e-10,2.1810374240756292e-08,0.0283583402633667
1787213799.1251907,-2.4631647295555916e-10,2.1810374240756292e-08,0.02844536304473877
1787213799.1801333,-2.4631647295555916e-10,2.1810374240756292e-08,0.02853763103485107
1787213799.224552,-2.4631647295555916e-10,2.1810374240756292e-08,0.028590440750122074
1787213799.2884843,-2.4631647295555916e-10,2.1810374240756292e-08,0.028562068939208988
1787213799.289172,-2.4631647295555916e-10,2.1810374240756292e-08,0.028424263000488285
1787213799.3765607,-2.4631647295555916e-10,2.1810374240756292e-08,0.02837705612182617
1787213799.425088,-2.4631647295555916e-10,2.1810374240756292e-08,0.02831900119781494
1787213799.4818366,-2.4631647295555916e-10,2.1810374240756292e-08,0.02846884727478027
1787213799.52417,-2.4631647295555916e-10,2.1810374240756292e-08,0.02859354019165039
1787213799.5850918,-2.4631647295555916e-10,2.1810374240756292e-08,0.028570055961608887
1787213799.6260877,-2.4631647295555916e-10,2.1810374240756292e-08,0.028665304183959964
1787213799.6741107,-2.4631647295555916e-10,2.1810374240756292e-08,0.028649210929870605
1787213799.7326865,-2.4631647295555916e-10,2.1810374240756292e-08,0.02876925468444825
1787213799.7803686,-2.4631647295555916e-10,2.1810374240756292e-08,0.02869188785552979
1787213799.82539,-2.4631647295555916e-10,2.1810374240756292e-08,0.028621196746826172
1787213799.879476,-2.4631647295555916e-10,2.1810374240756292e-08,0.028456330299377438
1787213799.926089,-2.4631647295555916e-10,2.1810374240756292e-08,0.02837526798248291
1787213799.9856298,-2.4631647295555916e-10,2.1810374240756292e-08,0.02831137180328369
1787213799.988955,-2.4631647295555916e-10,2.1810374240756292e-08,0.028540611267089837
1787213800.081659,-2.4631647295555916e-10,2.1810374240756292e-08,0.028712987899780273
1787213800.1345553,-2.4631647295555916e-10,2.1810374240756292e-08,0.0287703275680542
1787213800.1761658,-2.4631647295555916e-10,2.1810374240756292e-08,0.02903270721435547
1787213800.2653675,-2.4631647295555916e-10,2.1810374240756292e-08,0.029074788093566895
1787213800.323909,-2.4631647295555916e-10,2.1810374240756292e-08,0.029117345809936523
1787213800.377447,-2.4631647295555916e-10,2.1810374240756292e-08,0.029092073440551754
1787213800.429493,-2.5300229708894343e-05,-7.141818144639246e-07,0.029072761535644538
1787213800.4744782,-1.7147637672456197e-10,1.923320436907462e-08,0.028888344764709473
1787213800.5281765,-1.7147637672456197e-10,1.923320436907462e-08,0.02892208099365235
1787213800.5798614,-1.7147637672456197e-10,1.923320436907462e-08,0.029064059257507328
1787213800.6303425,-1.7147637672456197e-10,1.923320436907462e-08,0.029180288314819343
1787213800.682417,-1.7147637672456197e-10,1.923320436907462e-08,0.02921772003173828
1787213800.7306535,-1.7147637672456197e-10,1.923320436907462e-08,0.029163718223571777
1787213800.7826834,-1.7147637672456197e-10,1.923320436907462e-08,0.029087185859680176
1787213800.8777285,-1.7147637672456197e-10,1.923320436907462e-08,0.029024481773376472
1787213800.9310787,-1.7147637672456197e-10,1.923320436907462e-08,0.028912663459777836
1787213800.9837818,-2.5300261160354442e-05,-7.130960530805856e-07,0.02896261215209961
1787213801.0308242,-2.455488253184793e-10,2.178775747381541e-08,0.029114603996276866
1787213801.0783706,-2.455488253184793e-10,2.178775747381541e-08,0.029231786727905277
1787213801.1345513,-2.455488253184793e-10,2.178775747381541e-08,0.029311776161193855
1787213801.1770558,-2.455488253184793e-10,2.178775747381541e-08,0.029288649559020996
1787213801.2274654,-2.455488253184793e-10,2.178775747381541e-08,0.029225468635559082
1787213801.2911787,-2.455488253184793e-10,2.178775747381541e-08,0.02916991710662842
1787213801.3764591,-2.455488253184793e-10,2.178775747381541e-08,0.029134869575500495
1787213801.4346497,-2.455488253184793e-10,2.178775747381541e-08,0.02918016910552979
1787213801.4777434,-2.455488253184793e-10,2.178775747381541e-08,0.029365539550781247
1787213801.5355074,-2.455488253184793e-10,2.178775747381541e-08,0.029424667358398434
1787213801.5833173,-2.455488253184793e-10,2.178775747381541e-08,0.029588103294372562
1787213801.6521368,-2.455488253184793e-10,2.178775747381541e-08,0.02958524227142334
1787213801.7027714,-2.455488253184793e-10,2.178775747381541e-08,0.02948987483978271
1787213801.7808688,-2.455488253184793e-10,2.178775747381541e-08,0.029245853424072266
1787213801.7927392,-2.455488253184793e-10,2.178775747381541e-08,0.02927613258361816
1787213801.8910613,-2.455488253184793e-10,2.178775747381541e-08,0.029372096061706543
1787213802.0044255,-2.455488253184793e-10,2.178775747381541e-08,0.02956855297088623
1787213802.087473,-2.455488253184793e-10,2.178775747381541e-08,0.029842019081115723
1787213802.0964997,-2.455488253184793e-10,2.178775747381541e-08,0.029941797256469723
1787213802.1789775,-2.455488253184793e-10,2.178775747381541e-08,0.030074596405029304
1787213802.213574,-2.455488253184793e-10,2.178775747381541e-08,0.03021383285522461
1787213802.2850602,-2.455488253184793e-10,2.178775747381541e-08,0.030139446258544925
1787213802.2899685,-2.455488253184793e-10,2.178775747381541e-08,0.03012359142303467
1787213802.3799262,-2.455488253184793e-10,2.178775747381541e-08,0.03004753589630127
1787213802.391698,-2.455488253184793e-10,2.178775747381541e-08,0.030035376548767093
1787213802.489669,-2.455488253184793e-10,2.178775747381541e-08,0.029981493949890144
1787213802.5785627,-2.455488253184793e-10,2.178775747381541e-08,0.0298992395401001
1787213802.6222012,-2.455488253184793e-10,2.178775747381541e-08,0.030034899711608883
1787213802.6798677,-2.455488253184793e-10,2.178775747381541e-08,0.03014671802520752
1787213802.6926491,-2.455488253184793e-10,2.178775747381541e-08,0.030245304107666016
1787213802.7855403,-2.455488253184793e-10,2.178775747381541e-08,0.03027665615081787
1787213802.7925653,-2.455488253184793e-10,2.178775747381541e-08,0.03036713600158691
1787213802.8820665,-2.455488253184793e-10,2.178775747381541e-08,0.03030264377593994
1787213802.93002,-2.455488253184793e-10,2.178775747381541e-08,0.030195832252502438
1787213802.9776564,-2.455488253184793e-10,2.178775747381541e-08,0.030100464820861816
1787213803.0255585,-2.455488253184793e-10,2.178775747381541e-08,0.03007376194000244
1787213803.0829253,-2.455488253184793e-10,2.178775747381541e-08,0.03011488914489746
1787213803.125378,-2.455488253184793e-10,2.178775747381541e-08,0.03033244609832764
1787213803.179889,-2.455488253184793e-10,2.178775747381541e-08,0.03033220767974854
1787213803.1922212,-2.455488253184793e-10,2.178775747381541e-08,0.030504226684570312
1787213803.2943869,-2.455488253184793e-10,2.178775747381541e-08,0.03064572811126709
1787213803.3447075,-2.455488253184793e-10,2.178775747381541e-08,0.03073906898498535
1787213803.4184895,-2.455488253184793e-10,2.178775747381541e-08,0.030701279640197757
1787213803.4674277,-2.455488253184793e-10,2.178775747381541e-08,0.03068864345550537
1787213803.4893646,-2.455488253184793e-10,2.178775747381541e-08,0.03068864345550537
1787213803.5439932,-2.455488253184793e-10,2.178775747381541e-08,0.030727982521057136
1787213803.6307566,-2.455488253184793e-10,2.178775747381541e-08,0.03094661235809326
1787213803.6501997,-2.455488253184793e-10,2.178775747381541e-08,0.0310509204864502
1787213803.697595,-2.455488253184793e-10,2.178775747381541e-08,0.03127551078796387
1787213803.7440882,-2.455488253184793e-10,2.178775747381541e-08,0.0312727689743042
1787213803.7957826,-2.455488253184793e-10,2.178775747381541e-08,0.031294822692871094
1787213803.8754828,-2.455488253184793e-10,2.178775747381541e-08,0.03124451637268067
1787213803.9302754,-2.455488253184793e-10,2.178775747381541e-08,0.03103649616241455
1787213803.9411056,-2.455488253184793e-10,2.178775747381541e-08,0.030938148498535163
1787213804.0235791,-2.455488253184793e-10,2.178775747381541e-08,0.03100299835205078
1787213804.0437856,-2.455488253184793e-10,2.178775747381541e-08,0.031048536300659176
1787213804.1237388,-2.455488253184793e-10,2.178775747381541e-08,0.031254649162292474
1787213804.180243,-2.455488253184793e-10,2.178775747381541e-08,0.03136646747589112
1787213804.22769,-2.455488253184793e-10,2.178775747381541e-08,0.03145802021026612
1787213804.2412233,-2.455488253184793e-10,2.178775747381541e-08,0.03143477439880371
1787213804.3256402,-2.455488253184793e-10,2.178775747381541e-08,0.031355142593383796
1787213804.3454423,-2.455488253184793e-10,2.178775747381541e-08,0.03127372264862061
1787213804.4263215,-2.455488253184793e-10,2.178775747381541e-08,0.031260609626770026
1787213804.4397354,-2.455488253184793e-10,2.178775747381541e-08,0.031385302543640144
1787213804.491531,-2.455488253184793e-10,2.178775747381541e-08,0.0314784049987793
1787213804.545841,-2.455488253184793e-10,2.178775747381541e-08,0.03148984909057618
1787213804.5958803,-2.455488253184793e-10,2.178775747381541e-08,0.03152203559875489
1787213804.6584322,-2.455488253184793e-10,2.178775747381541e-08,0.03150522708892823
1787213804.6925411,-2.455488253184793e-10,2.178775747381541e-08,0.03144335746765137
1787213804.7439973,-2.455488253184793e-10,2.178775747381541e-08,0.03143393993377686
1787213804.7893353,-2.455488253184793e-10,2.178775747381541e-08,0.03143393993377686
1787213804.8436189,-1.839942619650311e-10,1.9825989493108325e-08,0.031278848648071296
1787213804.9297087,-1.839942619650311e-10,1.9825989493108325e-08,0.031200408935546875
1787213804.939642,-1.839942619650311e-10,1.9825989493108325e-08,0.031228065490722653
1787213805.0243857,-1.839942619650311e-10,1.9825989493108325e-08,0.03137600421905518
1787213805.0787833,-1.839942619650311e-10,1.9825989493108325e-08,0.03145480155944824
1787213805.0941427,-1.839942619650311e-10,1.9825989493108325e-08,0.03158462047576905
1787213805.1671622,-1.839942619650311e-10,1.9825989493108325e-08,0.03171062469482423
1787213805.234949,-1.839942619650311e-10,1.9825989493108325e-08,0.03170251846313476
1787213805.242232,-1.839942619650311e-10,1.9825989493108325e-08,0.03172624111175538
1787213805.3220325,-1.839942619650311e-10,1.9825989493108325e-08,0.03161954879760743
1787213805.3732529,-1.839942619650311e-10,1.9825989493108325e-08,0.03148841857910156
1787213805.4212532,-1.839942619650311e-10,1.9825989493108325e-08,0.03147459030151367
1787213805.4725814,-1.839942619650311e-10,1.9825989493108325e-08,0.03166687488555908
1787213805.5279124,-1.839942619650311e-10,1.9825989493108325e-08,0.031702637672424316
1787213805.5740793,-1.839942619650311e-10,1.9825989493108325e-08,0.031845808029174805
1787213805.6280587,-1.839942619650311e-10,1.9825989493108325e-08,0.03190660476684571
1787213805.6429906,-1.839942619650311e-10,1.9825989493108325e-08,0.03187072277069092
1787213805.7229104,-1.839942619650311e-10,1.9825989493108325e-08,0.031826615333557136
1787213805.7686813,-1.839942619650311e-10,1.9825989493108325e-08,0.031784892082214355
1787213805.7909553,-1.839942619650311e-10,1.9825989493108325e-08,0.03171920776367188
1787213805.8735268,-1.839942619650311e-10,1.9825989493108325e-08,0.03188014030456543
1787213805.9286244,-1.839942619650311e-10,1.9825989493108325e-08,0.0319046974182129
1787213805.972783,-1.839942619650311e-10,1.9825989493108325e-08,0.03204667568206788
1787213805.9902,-1.839942619650311e-10,1.9825989493108325e-08,0.032047033309936516
1787213806.0832343,-1.839942619650311e-10,1.9825989493108325e-08,0.03214085102081299
1787213806.129127,-1.839942619650311e-10,1.9825989493108325e-08,0.03202831745147706
1787213806.1749775,-1.839942619650311e-10,1.9825989493108325e-08,0.031987309455871575
1787213806.1923325,-1.839942619650311e-10,1.9825989493108325e-08,0.03194689750671387
1787213806.278553,-1.839942619650311e-10,1.9825989493108325e-08,0.0318213701248169
1787213806.2914069,-1.839942619650311e-10,1.9825989493108325e-08,0.03183257579803467
1787213806.3393385,-1.839942619650311e-10,1.9825989493108325e-08,0.031952857971191406
1787213806.3979645,-1.839942619650311e-10,1.9825989493108325e-08,0.031952857971191406
1787213806.4421198,-1.839942619650311e-10,1.9825989493108325e-08,0.032126307487487786
1787213806.4895332,-1.839942619650311e-10,1.9825989493108325e-08,0.03231024742126465
1787213806.5838091,-1.839942619650311e-10,1.9825989493108325e-08,0.03218197822570801
1787213806.5959425,-1.839942619650311e-10,1.9825989493108325e-08,0.03209471702575684
1787213806.6863494,-1.839942619650311e-10,1.9825989493108325e-08,0.03203773498535157
1787213806.6892014,-1.839942619650311e-10,1.9825989493108325e-08,0.032103657722473145
1787213806.7742577,-1.839942619650311e-10,1.9825989493108325e-08,0.032181024551391615
1787213806.80096,-2.529775669235563e-05,-7.948271534446682e-07,0.03220236301422119
1787213806.8804715,-2.3133151939028684e-10,2.1294636780096946e-08,0.03229713439941406
1787213806.922345,-2.3133151939028684e-10,2.1294636780096946e-08,0.032348990440368666
1787213806.9850338,-2.3133151939028684e-10,2.1294636780096946e-08,0.0322953462600708
1787213806.993366,-2.3133151939028684e-10,2.1294636780096946e-08,0.0322953462600708
1787213807.0457845,-2.3133151939028684e-10,2.1294636780096946e-08,0.03233623504638671
1787213807.0913107,-2.3133151939028684e-10,2.1294636780096946e-08,0.03238117694854736
1787213807.1826055,-2.3133151939028684e-10,2.1294636780096946e-08,0.032485723495483405
1787213807.1953707,-2.3133151939028684e-10,2.1294636780096946e-08,0.03251779079437256
1787213807.2804022,-2.3133151939028684e-10,2.1294636780096946e-08,0.0326380729675293
1787213807.2954807,-2.3133151939028684e-10,2.1294636780096946e-08,0.032659053802490234
1787213807.3419626,-2.3133151939028684e-10,2.1294636780096946e-08,0.032659053802490234
1787213807.3969615,-2.3133151939028684e-10,2.1294636780096946e-08,0.03246808052062988
1787213807.4431386,-2.3133151939028684e-10,2.1294636780096946e-08,0.03246808052062988
1787213807.55754,-2.3133151939028684e-10,2.1294636780096946e-08,0.032407402992248535
1787213807.6485736,-2.3133151939028684e-10,2.1294636780096946e-08,0.03248310089111328
1787213807.7047842,-2.3133151939028684e-10,2.1294636780096946e-08,0.03264462947845459
1787213807.750225,-2.3133151939028684e-10,2.1294636780096946e-08,0.03264462947845459
1787213807.7942498,-2.3133151939028684e-10,2.1294636780096946e-08,0.032593250274658196
1787213807.8574924,-2.3133151939028684e-10,2.1294636780096946e-08,0.03250455856323242
1787213807.895121,-2.3133151939028684e-10,2.1294636780096946e-08,0.03240311145782471
1787213807.9496984,-2.3133151939028684e-10,2.1294636780096946e-08,0.03255200386047363
1787213808.038695,-2.3133151939028684e-10,2.1294636780096946e-08,0.032629251480102546
1787213808.0390036,-2.3133151939028684e-10,2.1294636780096946e-08,0.032629251480102546
1787213808.0940912,-2.3133151939028684e-10,2.1294636780096946e-08,0.03265810012817382
1787213808.1780376,-2.3133151939028684e-10,2.1294636780096946e-08,0.03244960308074951
1787213808.2179112,-2.3133151939028684e-10,2.1294636780096946e-08,0.03236949443817139
1787213808.2487395,-2.3133151939028684e-10,2.1294636780096946e-08,0.03236949443817139
1787213808.2925134,-2.3133151939028684e-10,2.1294636780096946e-08,0.03243911266326904
1787213808.3666317,-2.3133151939028684e-10,2.1294636780096946e-08,0.03243911266326904
1787213808.3889298,-2.3133151939028684e-10,2.1294636780096946e-08,0.03265416622161866
1787213808.440159,-2.3133151939028684e-10,2.1294636780096946e-08,0.032693982124328606
1787213808.539429,-2.3133151939028684e-10,2.1294636780096946e-08,0.032720565795898444
1787213808.6677072,-2.3133151939028684e-10,2.1294636780096946e-08,0.032579421997070306
1787213808.7019062,-2.3133151939028684e-10,2.1294636780096946e-08,0.032579421997070306
1787213808.7775357,-2.3133151939028684e-10,2.1294636780096946e-08,0.03268206119537354
1787213808.7957728,-2.3133151939028684e-10,2.1294636780096946e-08,0.03282129764556885
1787213808.8800917,-2.3133151939028684e-10,2.1294636780096946e-08,0.03280901908874512
1787213808.9280343,-2.3133151939028684e-10,2.1294636780096946e-08,0.03274846076965332
1787213808.9431276,-2.3133151939028684e-10,2.1294636780096946e-08,0.032697200775146484
1787213808.9896908,-2.3133151939028684e-10,2.1294636780096946e-08,0.032697200775146484
1787213809.0792637,-2.3133151939028684e-10,2.1294636780096946e-08,0.032493352890014655
1787213809.1314576,-2.3133151939028684e-10,2.1294636780096946e-08,0.03261685371398926
1787213809.1408317,-2.3133151939028684e-10,2.1294636780096946e-08,0.032715797424316406
1787213809.223242,-2.3133151939028684e-10,2.1294636780096946e-08,0.03291177749633789
1787213809.2865503,-2.3133151939028684e-10,2.1294636780096946e-08,0.03289508819580079
1787213809.289681,-2.3133151939028684e-10,2.1294636780096946e-08,0.032817959785461426
1787213809.37556,-2.3133151939028684e-10,2.1294636780096946e-08,0.03274726867675781
1787213809.44348,-2.3133151939028684e-10,2.1294636780096946e-08,0.03263175487518311
1787213809.4913826,-2.3133151939028684e-10,2.1294636780096946e-08,0.03270459175109864
1787213809.5451376,-2.3133151939028684e-10,2.1294636780096946e-08,0.03287184238433838
1787213809.627659,-2.3133151939028684e-10,2.1294636780096946e-08,0.03307771682739258
1787213809.6606257,-2.3133151939028684e-10,2.1294636780096946e-08,0.03309834003448486
1787213809.6919732,-2.3133151939028684e-10,2.1294636780096946e-08,0.03300189971923828
1787213809.741033,-2.3133151939028684e-10,2.1294636780096946e-08,0.032987594604492194
1787213809.8255334,-2.3133151939028684e-10,2.1294636780096946e-08,0.03291571140289307
1787213809.845244,-2.3133151939028684e-10,2.1294636780096946e-08,0.032968640327453606
1787213809.893892,-2.3133151939028684e-10,2.1294636780096946e-08,0.032968640327453606
1787213809.9499319,-2.3133151939028684e-10,2.1294636780096946e-08,0.033280014991760254
1787213810.0325909,-2.3133151939028684e-10,2.1294636780096946e-08,0.03327178955078125
1787213810.0401602,-2.3133151939028684e-10,2.1294636780096946e-08,0.03323626518249512
1787213810.111018,-2.3133151939028684e-10,2.1294636780096946e-08,0.03323626518249512
1787213810.1511135,-2.3133151939028684e-10,2.1294636780096946e-08,0.0331345796585083
1787213810.2264946,-2.3133151939028684e-10,2.1294636780096946e-08,0.03300416469573975
1787213810.2426867,-2.3133151939028684e-10,2.1294636780096946e-08,0.03308117389678956
1787213810.2890923,-2.5297032005503247e-05,-8.169892169128052e-07,0.033170461654663086
1787213810.3428004,-3.233201180743994e-10,2.4065980675756485e-08,0.033300280570983894
1787213810.407138,-3.233201180743994e-10,2.4065980675756485e-08,0.033300280570983894
1787213810.4437325,-3.233201180743994e-10,2.4065980675756485e-08,0.033288240432739265
1787213810.5032167,-3.233201180743994e-10,2.4065980675756485e-08,0.033288240432739265
1787213810.5406132,-3.233201180743994e-10,2.4065980675756485e-08,0.033204793930053704
1787213810.591796,-3.233201180743994e-10,2.4065980675756485e-08,0.03312027454376221
1787213810.6841016,-3.233201180743994e-10,2.4065980675756485e-08,0.03330087661743164
1787213810.6893077,-3.233201180743994e-10,2.4065980675756485e-08,0.03336834907531738
1787213810.7708058,-3.233201180743994e-10,2.4065980675756485e-08,0.03355860710144043
1787213810.846539,-3.233201180743994e-10,2.4065980675756485e-08,0.033618569374084466
1787213810.8905869,-3.233201180743994e-10,2.4065980675756485e-08,0.03358101844787598
1787213810.9685519,-3.233201180743994e-10,2.4065980675756485e-08,0.033572196960449226
1787213811.0253594,-3.233201180743994e-10,2.4065980675756485e-08,0.03359484672546388
1787213811.0703554,-3.233201180743994e-10,2.4065980675756485e-08,0.03376781940460205
1787213811.1283984,-3.233201180743994e-10,2.4065980675756485e-08,0.0338747501373291
1787213811.167951,-3.233201180743994e-10,2.4065980675756485e-08,0.03410053253173829
1787213811.1951807,-3.233201180743994e-10,2.4065980675756485e-08,0.03410053253173829
1787213811.2813625,-3.233201180743994e-10,2.4065980675756485e-08,0.03402626514434814
1787213811.328154,-3.233201180743994e-10,2.4065980675756485e-08,0.03392612934112549
1787213811.3735192,-3.233201180743994e-10,2.4065980675756485e-08,0.03383898735046387
1787213811.4359286,-3.233201180743994e-10,2.4065980675756485e-08,0.03386819362640381
1787213811.4420114,-3.233201180743994e-10,2.4065980675756485e-08,0.03403198719024659
1787213811.4923754,-3.233201180743994e-10,2.4065980675756485e-08,0.03410124778747559
1787213811.5751207,-3.233201180743994e-10,2.4065980675756485e-08,0.034136056900024414
1787213811.5908916,-3.233201180743994e-10,2.4065980675756485e-08,0.034136056900024414
1787213811.6429,-3.233201180743994e-10,2.4065980675756485e-08,0.03402256965637207
1787213811.692357,-3.233201180743994e-10,2.4065980675756485e-08,0.03392493724822998
1787213811.7766345,-3.233201180743994e-10,2.4065980675756485e-08,0.033774375915527344
1787213811.790155,-3.233201180743994e-10,2.4065980675756485e-08,0.03374361991882325
1787213811.8817766,-2.52965637883113e-05,-8.309558517798311e-07,0.033831357955932624
1787213811.8895583,-4.4394606273209705e-10,2.7627333025593316e-08,0.03402519226074219
1787213811.9791884,-4.4394606273209705e-10,2.7627333025593316e-08,0.03423571586608888
1787213811.9967225,-4.4394606273209705e-10,2.7627333025593316e-08,0.03430354595184327
1787213812.0402935,-4.4394606273209705e-10,2.7627333025593316e-08,0.03434884548187256
1787213812.1251247,-4.4394606273209705e-10,2.7627333025593316e-08,0.03425168991088868
1787213812.182615,-4.4394606273209705e-10,2.7627333025593316e-08,0.03423476219177246
1787213812.1924734,-4.4394606273209705e-10,2.7627333025593316e-08,0.034158706665039056
1787213812.2840343,-4.4394606273209705e-10,2.7627333025593316e-08,0.034085392951965325
1787213812.298448,-4.4394606273209705e-10,2.7627333025593316e-08,0.0340275764465332
1787213812.3879635,-4.4394606273209705e-10,2.7627333025593316e-08,0.03388094902038574
1787213812.3916173,-4.4394606273209705e-10,2.7627333025593316e-08,0.033844590187072754
1787213812.4415615,-4.4394606273209705e-10,2.7627333025593316e-08,0.033844590187072754
1787213812.4934025,-4.4394606273209705e-10,2.7627333025593316e-08,0.034174203872680664
1787213812.5886974,-4.4394606273209705e-10,2.7627333025593316e-08,0.03426408767700197
1787213812.589317,-4.4394606273209705e-10,2.7627333025593316e-08,0.03413748741149902
1787213812.647701,-4.4394606273209705e-10,2.7627333025593316e-08,0.03407776355743409
1787213812.6969743,-2.5296436185400244e-05,-8.347071647238162e-07,0.034075379371643066
1787213812.743026,-4.5695292173611804e-10,2.8008795861340625e-08,0.03410792350769044
1787213812.8380399,-4.5695292173611804e-10,2.8008795861340625e-08,0.03410792350769044
1787213812.8414652,-4.5695292173611804e-10,2.8008795861340625e-08,0.03422069549560546
1787213812.8929904,-4.5695292173611804e-10,2.8008795861340625e-08,0.03436779975891113
1787213812.977377,-4.5695292173611804e-10,2.8008795861340625e-08,0.03439164161682129
1787213813.0061343,-4.5695292173611804e-10,2.8008795861340625e-08,0.03440403938293457
1787213813.0862637,-4.5695292173611804e-10,2.8008795861340625e-08,0.034309506416320794
1787213813.0954266,-2.5296253330147454e-05,-8.400521470261148e-07,0.03429639339447022
1787213813.1763294,-4.135226375597467e-10,2.6742287329649312e-08,0.034209370613098145
1787213813.210688,-4.135226375597467e-10,2.6742287329649312e-08,0.03439748287200928
1787213813.2411816,-4.135226375597467e-10,2.6742287329649312e-08,0.03460502624511719
1787213813.3053968,-4.135226375597467e-10,2.6742287329649312e-08,0.034639954566955566
1787213813.3814812,-4.135226375597467e-10,2.6742287329649312e-08,0.034770607948303216
1787213813.3984036,-4.135226375597467e-10,2.6742287329649312e-08,0.034792184829711914
1787213813.4759483,-4.135226375597467e-10,2.6742287329649312e-08,0.03471887111663819
1787213813.5316722,-4.135226375597467e-10,2.6742287329649312e-08,0.034656643867492676
1787213813.5752127,-4.135226375597467e-10,2.6742287329649312e-08,0.034650802612304694
1787213813.6217382,-4.135226375597467e-10,2.6742287329649312e-08,0.034833908081054694
1787213813.6797552,-4.135226375597467e-10,2.6742287329649312e-08,0.034871697425842285
1787213813.7207923,-4.135226375597467e-10,2.6742287329649312e-08,0.03508365154266357
1787213813.7738187,-4.135226375597467e-10,2.6742287329649312e-08,0.03521013259887695
1787213813.7904887,-4.135226375597467e-10,2.6742287329649312e-08,0.03518116474151611
1787213813.875213,-4.135226375597467e-10,2.6742287329649312e-08,0.03509545326232911
1787213813.8904643,-2.529552512950597e-05,-8.610487661865224e-07,0.03507041931152344
1787213813.9861162,-3.401083507436741e-10,2.4648080458364437e-08,0.034929871559143066
1787213813.9956048,-3.401083507436741e-10,2.4648080458364437e-08,0.03494632244110107
1787213814.084369,-3.401083507436741e-10,2.4648080458364437e-08,0.03499352931976319
1787213814.130344,-3.401083507436741e-10,2.4648080458364437e-08,0.0351700782775879
1787213814.1808395,-3.401083507436741e-10,2.4648080458364437e-08,0.03530406951904297
1787213814.189336,-3.401083507436741e-10,2.4648080458364437e-08,0.035260796546936035
1787213814.241067,-3.401083507436741e-10,2.4648080458364437e-08,0.035219788551330566
1787213814.2935507,-3.401083507436741e-10,2.4648080458364437e-08,0.0350896120071411
1787213814.3467984,-3.401083507436741e-10,2.4648080458364437e-08,0.03504610061645508
1787213814.391431,-3.401083507436741e-10,2.4648080458364437e-08,0.03504133224487305
1787213814.4392467,-3.401083507436741e-10,2.4648080458364437e-08,0.035133957862854
1787213814.493494,-3.401083507436741e-10,2.4648080458364437e-08,0.0354224443435669
1787213814.541065,-3.401083507436741e-10,2.4648080458364437e-08,0.03551363945007325
1787213814.6001658,-3.401083507436741e-10,2.4648080458364437e-08,0.03544020652770996
1787213814.644809,-3.401083507436741e-10,2.4648080458364437e-08,0.03533029556274414
1787213814.7315457,-3.401083507436741e-10,2.4648080458364437e-08,0.03527522087097168
1787213814.7789311,-3.401083507436741e-10,2.4648080458364437e-08,0.03517627716064454
1787213814.7936618,-3.401083507436741e-10,2.4648080458364437e-08,0.03527700901031494
1787213814.884032,-3.401083507436741e-10,2.4648080458364437e-08,0.035303711891174316
1787213814.8897555,-3.401083507436741e-10,2.4648080458364437e-08,0.03556120395660401
1787213814.9765196,-3.401083507436741e-10,2.4648080458364437e-08,0.03564095497131348
1787213815.034727,-3.401083507436741e-10,2.4648080458364437e-08,0.03562808036804199
1787213815.0480704,-3.401083507436741e-10,2.4648080458364437e-08,0.03548002243041992
1787213815.090016,-3.401083507436741e-10,2.4648080458364437e-08,0.03527402877807617
1787213815.1474993,-3.401083507436741e-10,2.4648080458364437e-08,0.03528618812561036
1787213815.2263079,-3.401083507436741e-10,2.4648080458364437e-08,0.035480499267578125
1787213815.2740204,-3.401083507436741e-10,2.4648080458364437e-08,0.03552794456481933
1787213815.3230762,-3.401083507436741e-10,2.4648080458364437e-08,0.03563380241394043
1787213815.3791122,-3.401083507436741e-10,2.4648080458364437e-08,0.035665750503540046
1787213815.4226105,-3.401083507436741e-10,2.4648080458364437e-08,0.03566169738769531
1787213815.4816952,-3.401083507436741e-10,2.4648080458364437e-08,0.03556883335113525
1787213815.5253513,-3.401083507436741e-10,2.4648080458364437e-08,0.035326361656188965
1787213815.577079,-3.401083507436741e-10,2.4648080458364437e-08,0.03526175022125244
1787213815.6292121,-3.401083507436741e-10,2.4648080458364437e-08,0.035244464874267585
1787213815.6791096,-3.401083507436741e-10,2.4648080458364437e-08,0.03517413139343262
1787213815.7415955,-2.5295358920714622e-05,-8.657829616722618e-07,0.03520047664642334
1787213815.822881,-4.0242577313846697e-10,2.6416611097167685e-08,0.0353705883026123
1787213815.8845904,-4.0242577313846697e-10,2.6416611097167685e-08,0.03543877601623535
1787213815.8938246,-4.0242577313846697e-10,2.6416611097167685e-08,0.035553574562072754
1787213815.9925058,-4.0242577313846697e-10,2.6416611097167685e-08,0.035705327987670905
1787213816.0603502,-4.0242577313846697e-10,2.6416611097167685e-08,0.03569543361663819
1787213816.1202953,-4.0242577313846697e-10,2.6416611097167685e-08,0.035759568214416504
1787213816.1779938,-4.0242577313846697e-10,2.6416611097167685e-08,0.035725951194763184
1787213816.233481,-4.0242577313846697e-10,2.6416611097167685e-08,0.035697340965271
1787213816.2578673,-2.5294984033875423e-05,-8.763488233796229e-07,0.03565251827239991
1787213816.3441215,-3.2669807690962867e-10,2.429229447294786e-08,0.035529375076293945
1787213816.4318507,-3.2669807690962867e-10,2.429229447294786e-08,0.035689115524292
1787213816.4957175,-3.2669807690962867e-10,2.429229447294786e-08,0.03597140312194825
1787213816.5451365,-3.2669807690962867e-10,2.429229447294786e-08,0.03599905967712402
1787213816.6074975,-3.2669807690962867e-10,2.429229447294786e-08,0.03585588932037353
1787213816.675891,-3.2669807690962867e-10,2.429229447294786e-08,0.03585827350616455
1787213816.7212386,-3.2669807690962867e-10,2.429229447294786e-08,0.035866618156433105
1787213816.7790408,-3.2669807690962867e-10,2.429229447294786e-08,0.035970211029052734
1787213816.8208733,-3.2669807690962867e-10,2.429229447294786e-08,0.03597009181976319
1787213816.8903077,-3.2669807690962867e-10,2.429229447294786e-08,0.03598296642303466
1787213816.9553542,-3.2669807690962867e-10,2.429229447294786e-08,0.03596150875091554
1787213817.0074534,-3.2669807690962867e-10,2.429229447294786e-08,0.03593599796295166
1787213817.0852702,-3.2669807690962867e-10,2.429229447294786e-08,0.0358428955078125
1787213817.0943732,-3.2669807690962867e-10,2.429229447294786e-08,0.03589200973510743
1787213817.181309,-3.2669807690962867e-10,2.429229447294786e-08,0.035966038703918464
1787213817.2270927,-3.2669807690962867e-10,2.429229447294786e-08,0.036037802696228034
1787213817.2739735,-3.2669807690962867e-10,2.429229447294786e-08,0.03614187240600586
1787213817.2962391,-3.2669807690962867e-10,2.429229447294786e-08,0.03627336025238038
1787213817.346546,-3.2669807690962867e-10,2.429229447294786e-08,0.036425232887268066
1787213817.3956437,-3.2669807690962867e-10,2.429229447294786e-08,0.0364689826965332
1787213817.488393,-3.2669807690962867e-10,2.429229447294786e-08,0.03638267517089843
1787213817.4889407,-3.2669807690962867e-10,2.429229447294786e-08,0.036271095275878906
1787213817.5729215,-3.2669807690962867e-10,2.429229447294786e-08,0.03627943992614746
1787213817.6043262,-3.2669807690962867e-10,2.429229447294786e-08,0.03631305694580078
1787213817.6790035,-3.2669807690962867e-10,2.429229447294786e-08,0.036452889442443855
1787213817.6958523,-3.2669807690962867e-10,2.429229447294786e-08,0.03659927845001221
1787213817.7842891,-3.2669807690962867e-10,2.429229447294786e-08,0.03658747673034667
1787213817.790344,-3.2669807690962867e-10,2.429229447294786e-08,0.03644382953643799
1787213817.874175,-3.2669807690962867e-10,2.429229447294786e-08,0.03619647026062012
1787213817.8952353,-3.2669807690962867e-10,2.429229447294786e-08,0.03617966175079346
1787213817.9392757,-3.2669807690962867e-10,2.429229447294786e-08,0.03620147705078125
1787213817.9896762,-2.529437627976283e-05,-8.932587492552508e-07,0.03631746768951417
1787213818.0419493,-4.826007199219124e-10,2.8580017506913502e-08,0.03654050827026367
1787213818.089034,-2.5294235930800445e-05,-8.971016965140304e-07,0.0366213321685791
1787213818.1746619,-4.940790491885264e-10,2.8893603473678013e-08,0.03656530380249024
1787213818.2110815,-2.52942789544889e-05,-8.95925748405169e-07,0.03652834892272949
1787213818.281127,-3.8747335277038663e-10,2.597332369628432e-08,0.03633439540863037
1787213818.296381,-3.8747335277038663e-10,2.597332369628432e-08,0.03638637065887451
1787213818.3751247,-3.8747335277038663e-10,2.597332369628432e-08,0.03651499748229981
1787213818.3904088,-3.8747335277038663e-10,2.597332369628432e-08,0.036608576774597175
1787213818.473237,-3.8747335277038663e-10,2.597332369628432e-08,0.03677380084991456
1787213818.5128827,-3.8747335277038663e-10,2.597332369628432e-08,0.03679966926574707
1787213818.5821018,-3.8747335277038663e-10,2.597332369628432e-08,0.03672420978546143
1787213818.5954258,-3.8747335277038663e-10,2.597332369628432e-08,0.0366213321685791
1787213818.677535,-3.8747335277038663e-10,2.597332369628432e-08,0.03657603263854981
1787213818.7021682,-3.8747335277038663e-10,2.597332369628432e-08,0.03669977188110351
1787213818.740127,-3.8747335277038663e-10,2.597332369628432e-08,0.03697049617767335
1787213818.8219326,-3.8747335277038663e-10,2.597332369628432e-08,0.03716933727264404
1787213818.896423,-3.8747335277038663e-10,2.597332369628432e-08,0.03719985485076905
1787213819.018037,-3.8747335277038663e-10,2.597332369628432e-08,0.03732967376708984
1787213819.0480375,-3.8747335277038663e-10,2.597332369628432e-08,0.03732669353485107
1787213819.0925028,-3.8747335277038663e-10,2.597332369628432e-08,0.03707587718963623
1787213819.176259,-3.8747335277038663e-10,2.597332369628432e-08,0.03712081909179688
1787213819.2203653,-3.8747335277038663e-10,2.597332369628432e-08,0.03730213642120362
1787213819.278525,-3.8747335277038663e-10,2.597332369628432e-08,0.037332892417907715
1787213819.3210237,-3.8747335277038663e-10,2.597332369628432e-08,0.03745329380035401
1787213819.3843448,-3.8747335277038663e-10,2.597332369628432e-08,0.03752875328063965
1787213819.424775,-3.8747335277038663e-10,2.597332369628432e-08,0.03771770000457764
1787213819.4401808,-3.8747335277038663e-10,2.597332369628432e-08,0.03780353069305419
1787213819.522051,-3.8747335277038663e-10,2.597332369628432e-08,0.03778028488159179
1787213819.579687,-3.8747335277038663e-10,2.597332369628432e-08,0.03772604465484619
1787213819.5926306,-3.8747335277038663e-10,2.597332369628432e-08,0.03756403923034668
1787213819.6736727,-3.8747335277038663e-10,2.597332369628432e-08,0.03772997856140137
1787213819.7249928,-3.8747335277038663e-10,2.597332369628432e-08,0.037863969802856445
1787213819.7744002,-3.8747335277038663e-10,2.597332369628432e-08,0.03809618949890137
1787213819.8255403,-3.8747335277038663e-10,2.597332369628432e-08,0.03832352161407471
1787213819.8409276,-3.8747335277038663e-10,2.597332369628432e-08,0.03834271430969238
1787213819.892181,-3.8747335277038663e-10,2.597332369628432e-08,0.03820037841796875
1787213819.974349,-3.8747335277038663e-10,2.597332369628432e-08,0.03789377212524414
1787213819.9970887,-3.8747335277038663e-10,2.597332369628432e-08,0.037855386734008796
1787213820.0396404,-3.8747335277038663e-10,2.597332369628432e-08,0.03807449340820312
1787213820.091895,-3.8747335277038663e-10,2.597332369628432e-08,0.038300633430480964
1787213820.1418648,-3.8747335277038663e-10,2.597332369628432e-08,0.038339614868164056
1787213820.1940947,-3.8747335277038663e-10,2.597332369628432e-08,0.038258194923400886
1787213820.275179,-3.8747335277038663e-10,2.597332369628432e-08,0.038211822509765625
1787213820.3318295,-3.8747335277038663e-10,2.597332369628432e-08,0.03792071342468261
1787213820.3780842,-3.8747335277038663e-10,2.597332369628432e-08,0.03768467903137207
1787213820.4212792,-3.8747335277038663e-10,2.597332369628432e-08,0.037891268730163574
1787213820.4854436,-3.8747335277038663e-10,2.597332369628432e-08,0.038051843643188484
1787213820.4914083,-3.8747335277038663e-10,2.597332369628432e-08,0.038382887840271
1787213820.5410042,-3.8747335277038663e-10,2.597332369628432e-08,0.03840637207031251
1787213820.6315727,-3.8747335277038663e-10,2.597332369628432e-08,0.03830313682556152
1787213820.6474798,-3.8747335277038663e-10,2.597332369628432e-08,0.038276195526123054
1787213820.7090218,-3.8747335277038663e-10,2.597332369628432e-08,0.038276195526123054
1787213820.7420716,-3.8747335277038663e-10,2.597332369628432e-08,0.038276195526123054
1787213820.8212824,-3.8747335277038663e-10,2.597332369628432e-08,0.037991166114807136
1787213820.857022,-3.8747335277038663e-10,2.597332369628432e-08,0.03810834884643555
1787213820.9222875,-3.8747335277038663e-10,2.597332369628432e-08,0.038140058517456055
1787213820.9829705,-3.8747335277038663e-10,2.597332369628432e-08,0.0381772518157959
1787213821.0295494,-3.8747335277038663e-10,2.597332369628432e-08,0.03833389282226563
1787213821.045944,-3.8747335277038663e-10,2.597332369628432e-08,0.038349151611328125
1787213821.0897424,-3.8747335277038663e-10,2.597332369628432e-08,0.03844320774078369
1787213821.1472654,-3.8747335277038663e-10,2.597332369628432e-08,0.03852188587188721
1787213821.2035868,-3.8747335277038663e-10,2.597332369628432e-08,0.03852188587188721
1787213821.279962,-3.8747335277038663e-10,2.597332369628432e-08,0.03852188587188721
1787213821.2892423,-3.8747335277038663e-10,2.597332369628432e-08,0.03832721710205078
1787213821.3411372,-3.8747335277038663e-10,2.597332369628432e-08,0.03807783126831055
1787213821.390513,-3.8747335277038663e-10,2.597332369628432e-08,0.03812813758850097
1787213821.4396362,-3.8747335277038663e-10,2.597332369628432e-08,0.038382053375244134
1787213821.4942515,-3.8747335277038663e-10,2.597332369628432e-08,0.038712978363037116
1787213821.5629227,-3.8747335277038663e-10,2.597332369628432e-08,0.038694024085998535
1787213821.6252503,-3.8747335277038663e-10,2.597332369628432e-08,0.03857433795928955
1787213821.6531532,-3.8747335277038663e-10,2.597332369628432e-08,0.038574099540710456
1787213821.6929462,-3.8747335277038663e-10,2.597332369628432e-08,0.03849911689758301
1787213821.7531948,-3.8747335277038663e-10,2.597332369628432e-08,0.0385429859161377
1787213821.8218977,-3.8747335277038663e-10,2.597332369628432e-08,0.0386958122253418
1787213821.8403497,-3.8747335277038663e-10,2.597332369628432e-08,0.038853645324707024
1787213821.9271424,-3.8747335277038663e-10,2.597332369628432e-08,0.03909802436828613
1787213821.97416,-3.8747335277038663e-10,2.597332369628432e-08,0.03910410404205322
1787213821.9967823,-3.8747335277038663e-10,2.597332369628432e-08,0.039024114608764655
1787213822.0430968,-3.8747335277038663e-10,2.597332369628432e-08,0.03891491889953613
1787213822.125345,-3.8747335277038663e-10,2.597332369628432e-08,0.038742661476135254
1787213822.1642118,-3.8747335277038663e-10,2.597332369628432e-08,0.038665652275085456
1787213822.2236514,-3.8747335277038663e-10,2.597332369628432e-08,0.03893542289733887
1787213822.263277,-3.8747335277038663e-10,2.597332369628432e-08,0.03904259204864502
1787213822.335926,-3.8747335277038663e-10,2.597332369628432e-08,0.03906738758087158
1787213822.3734078,-3.8747335277038663e-10,2.597332369628432e-08,0.03924751281738282
1787213822.3950558,-3.8747335277038663e-10,2.597332369628432e-08,0.039235711097717285
1787213822.4841454,-3.8747335277038663e-10,2.597332369628432e-08,0.039260506629943855
1787213822.5247772,-3.8747335277038663e-10,2.597332369628432e-08,0.03915762901306153
1787213822.5720482,-3.8747335277038663e-10,2.597332369628432e-08,0.03919887542724609
1787213822.5919383,-3.8747335277038663e-10,2.597332369628432e-08,0.039320707321167
1787213822.675194,-3.8747335277038663e-10,2.597332369628432e-08,0.039597988128662095
1787213822.6936882,-3.8747335277038663e-10,2.597332369628432e-08,0.03967595100402833
1787213822.7740514,-3.8747335277038663e-10,2.597332369628432e-08,0.0396420955657959
1787213822.7901602,-3.8747335277038663e-10,2.597332369628432e-08,0.03952491283416749
1787213822.8724809,-3.8747335277038663e-10,2.597332369628432e-08,0.03947103023529052
1787213822.9214935,-3.8747335277038663e-10,2.597332369628432e-08,0.03943645954132081
1787213822.975068,-3.8747335277038663e-10,2.597332369628432e-08,0.03949093818664551
1787213822.9939559,-3.8747335277038663e-10,2.597332369628432e-08,0.03957211971282959
1787213823.0781984,-3.8747335277038663e-10,2.597332369628432e-08,0.0397254228591919
1787213823.095159,-3.8747335277038663e-10,2.597332369628432e-08,0.039675354957580566
1787213823.1710567,-3.8747335277038663e-10,2.597332369628432e-08,0.03965044021606445
1787213823.2222707,-3.8747335277038663e-10,2.597332369628432e-08,0.03961777687072754
1787213823.2783208,-3.8747335277038663e-10,2.597332369628432e-08,0.039530277252197266
1787213823.3215377,-2.529124371060421e-05,-9.757426766313466e-07,0.03964400291442871
1787213823.3825667,-5.128763332066144e-10,2.9134443760157615e-08,0.03978025913238526
1787213823.393482,-5.128763332066144e-10,2.9134443760157615e-08,0.03981363773345948
1787213823.473962,-5.128763332066144e-10,2.9134443760157615e-08,0.03994417190551758
1787213823.5228693,-5.128763332066144e-10,2.9134443760157615e-08,0.03994190692901612
1787213823.5753913,-5.128763332066144e-10,2.9134443760157615e-08,0.039882421493530266
1787213823.591011,-5.128763332066144e-10,2.9134443760157615e-08,0.039795875549316406
1787213823.6792994,-5.128763332066144e-10,2.9134443760157615e-08,0.03975820541381835
1787213823.6943016,-5.128763332066144e-10,2.9134443760157615e-08,0.03986001014709473
1787213823.775377,-5.128763332066144e-10,2.9134443760157615e-08,0.04002821445465088
1787213823.7942674,-5.128763332066144e-10,2.9134443760157615e-08,0.040132761001586914
1787213823.8792417,-5.128763332066144e-10,2.9134443760157615e-08,0.04016566276550292
1787213823.921678,-5.128763332066144e-10,2.9134443760157615e-08,0.04031825065612793
1787213823.9917183,-5.128763332066144e-10,2.9134443760157615e-08,0.040250539779663086
1787213824.080291,-5.128763332066144e-10,2.9134443760157615e-08,0.040129899978637695
1787213824.1382337,-5.128763332066144e-10,2.9134443760157615e-08,0.04016971588134766
1787213824.1806898,-5.128763332066144e-10,2.9134443760157615e-08,0.04026806354522705
1787213824.222454,-5.128763332066144e-10,2.9134443760157615e-08,0.0402677059173584
1787213824.2396653,-5.128763332066144e-10,2.9134443760157615e-08,0.04042327404022217
1787213824.2940903,-5.128763332066144e-10,2.9134443760157615e-08,0.04046642780303955
1787213824.3749716,-5.128763332066144e-10,2.9134443760157615e-08,0.04042053222656251
1787213824.3920994,-5.128763332066144e-10,2.9134443760157615e-08,0.04031765460968017
1787213824.469301,-5.128763332066144e-10,2.9134443760157615e-08,0.04009342193603517
1787213824.4933066,-5.128763332066144e-10,2.9134443760157615e-08,0.040107011795043945
1787213824.5888915,-5.128763332066144e-10,2.9134443760157615e-08,0.04021275043487549
1787213824.5895214,-5.128763332066144e-10,2.9134443760157615e-08,0.04023981094360352
1787213824.6758914,-5.128763332066144e-10,2.9134443760157615e-08,0.0402998924255371
1787213824.6996777,-5.128763332066144e-10,2.9134443760157615e-08,0.04027271270751953
1787213824.7447052,-5.128763332066144e-10,2.9134443760157615e-08,0.0402069091796875
1787213824.8027294,-5.128763332066144e-10,2.9134443760157615e-08,0.04018557071685792
1787213824.8831353,-5.128763332066144e-10,2.9134443760157615e-08,0.0401153564453125
1787213824.903532,-5.128763332066144e-10,2.9134443760157615e-08,0.04013681411743164
1787213824.9822423,-5.128763332066144e-10,2.9134443760157615e-08,0.04026257991790771
1787213825.0201247,-5.128763332066144e-10,2.9134443760157615e-08,0.04031062126159668
1787213825.081081,-5.128763332066144e-10,2.9134443760157615e-08,0.04035437107086182
1787213825.1190248,-5.128763332066144e-10,2.9134443760157615e-08,0.04031097888946533
1787213825.186745,-5.128763332066144e-10,2.9134443760157615e-08,0.0402141809463501
1787213825.225665,-5.128763332066144e-10,2.9134443760157615e-08,0.04016685485839844
1787213825.274122,-5.128763332066144e-10,2.9134443760157615e-08,0.04009699821472167
1787213825.2965326,-5.128763332066144e-10,2.9134443760157615e-08,0.04017484188079835
1787213825.3988345,-5.128763332066144e-10,2.9134443760157615e-08,0.04019975662231445
1787213825.485604,-5.128763332066144e-10,2.9134443760157615e-08,0.04043602943420411
1787213825.526518,-5.128763332066144e-10,2.9134443760157615e-08,0.04036366939544677
1787213825.5745914,-5.128763332066144e-10,2.9134443760157615e-08,0.0403059720993042
1787213825.6184592,-5.128763332066144e-10,2.9134443760157615e-08,0.040191054344177246
1787213825.6642344,-5.128763332066144e-10,2.9134443760157615e-08,0.04011106491088867
1787213825.7190557,-5.128763332066144e-10,2.9134443760157615e-08,0.04034900665283204
1787213825.7735367,-5.128763332066144e-10,2.9134443760157615e-08,0.040386199951171875
1787213825.8256152,-5.128763332066144e-10,2.9134443760157615e-08,0.04056251049041748
1787213825.8739219,-5.128763332066144e-10,2.9134443760157615e-08,0.04071307182312011
1787213825.9190755,-5.128763332066144e-10,2.9134443760157615e-08,0.040625572204589844
1787213825.9814594,-5.128763332066144e-10,2.9134443760157615e-08,0.04057800769805908
1787213826.0194578,-5.128763332066144e-10,2.9134443760157615e-08,0.04034924507141113
1787213826.076572,-5.128763332066144e-10,2.9134443760157615e-08,0.040470123291015625
1787213826.1277273,-5.128763332066144e-10,2.9134443760157615e-08,0.040569782257080085
1787213826.174907,-5.128763332066144e-10,2.9134443760157615e-08,0.04060828685760499
1787213826.2203507,-5.128763332066144e-10,2.9134443760157615e-08,0.040565252304077155
1787213826.2879746,-5.128763332066144e-10,2.9134443760157615e-08,0.040576934814453125
1787213826.323565,-5.128763332066144e-10,2.9134443760157615e-08,0.04034769535064697
1787213826.3758812,-5.128763332066144e-10,2.9134443760157615e-08,0.0402987003326416
1787213826.428254,-5.128763332066144e-10,2.9134443760157615e-08,0.04021251201629639
1787213826.4759154,-5.128763332066144e-10,2.9134443760157615e-08,0.04036247730255126
1787213826.5222223,-5.128763332066144e-10,2.9134443760157615e-08,0.04048001766204835
1787213826.5852091,-5.128763332066144e-10,2.9134443760157615e-08,0.04053282737731934
1787213826.6235278,-5.128763332066144e-10,2.9134443760157615e-08,0.04046392440795899
1787213826.675498,-5.128763332066144e-10,2.9134443760157615e-08,0.0404353141784668
1787213826.7272644,-5.128763332066144e-10,2.9134443760157615e-08,0.04036152362823487
1787213826.7779014,-5.128763332066144e-10,2.9134443760157615e-08,0.04030478000640869
1787213826.829644,-5.128763332066144e-10,2.9134443760157615e-08,0.04028773307800293
1787213826.8890347,-5.128763332066144e-10,2.9134443760157615e-08,0.04034900665283204
1787213826.9763684,-5.128763332066144e-10,2.9134443760157615e-08,0.0406641960144043
1787213827.0279286,-5.128763332066144e-10,2.9134443760157615e-08,0.04063701629638671
1787213827.07708,-5.128763332066144e-10,2.9134443760157615e-08,0.04060709476470947
1787213827.124798,-5.128763332066144e-10,2.9134443760157615e-08,0.04047608375549316
1787213827.1970572,-5.128763332066144e-10,2.9134443760157615e-08,0.04044973850250245
1787213827.2750819,-5.128763332066144e-10,2.9134443760157615e-08,0.04072809219360352
1787213827.32618,-5.128763332066144e-10,2.9134443760157615e-08,0.04080629348754883
1787213827.3796887,-5.128763332066144e-10,2.9134443760157615e-08,0.040851473808288574
1787213827.4225726,-5.128763332066144e-10,2.9134443760157615e-08,0.04082071781158447
1787213827.4549448,-5.128763332066144e-10,2.9134443760157615e-08,0.04081344604492187
1787213827.526958,-5.128763332066144e-10,2.9134443760157615e-08,0.04076433181762695
1787213827.5771723,-5.128763332066144e-10,2.9134443760157615e-08,0.040828585624694824
1787213827.6207085,-5.128763332066144e-10,2.9134443760157615e-08,0.040986537933349616
1787213827.680629,-5.128763332066144e-10,2.9134443760157615e-08,0.041000723838806145
1787213827.7215772,-5.128763332066144e-10,2.9134443760157615e-08,0.04110860824584961
1787213827.774359,-5.128763332066144e-10,2.9134443760157615e-08,0.04107761383056641
1787213827.8015957,-5.128763332066144e-10,2.9134443760157615e-08,0.04102861881256103
1787213827.874658,-5.128763332066144e-10,2.9134443760157615e-08,0.040958046913146966
1787213827.9232051,-5.128763332066144e-10,2.9134443760157615e-08,0.040926694869995124
1787213827.9831834,-5.128763332066144e-10,2.9134443760157615e-08,0.04106605052947999
1787213828.0236123,-5.128763332066144e-10,2.9134443760157615e-08,0.041183710098266595
1787213828.0743093,-5.128763332066144e-10,2.9134443760157615e-08,0.041229248046875
1787213828.1320632,-5.128763332066144e-10,2.9134443760157615e-08,0.04121339321136475
1787213828.1800869,-5.128763332066144e-10,2.9134443760157615e-08,0.041187047958374016
1787213828.2156389,-5.128763332066144e-10,2.9134443760157615e-08,0.04108786582946777
1787213828.280295,-5.128763332066144e-10,2.9134443760157615e-08,0.04100394248962402
1787213828.3234727,-5.128763332066144e-10,2.9134443760157615e-08,0.04064786434173584
1787213828.3711839,-5.128763332066144e-10,2.9134443760157615e-08,0.0408778190612793
1787213828.4298513,-5.128763332066144e-10,2.9134443760157615e-08,0.04094767570495605
1787213828.483669,-5.128763332066144e-10,2.9134443760157615e-08,0.041173696517944336
1787213828.523049,-5.128763332066144e-10,2.9134443760157615e-08,0.04113757610321044
1787213828.5825844,-5.128763332066144e-10,2.9134443760157615e-08,0.041064262390136726
1787213828.5995924,-5.128763332066144e-10,2.9134443760157615e-08,0.04087817668914794
1787213828.6713943,-5.128763332066144e-10,2.9134443760157615e-08,0.04071569442749024
1787213828.7289643,-5.128763332066144e-10,2.9134443760157615e-08,0.04067683219909669
1787213828.7802556,-5.128763332066144e-10,2.9134443760157615e-08,0.04058003425598145
1787213828.822339,-5.128763332066144e-10,2.9134443760157615e-08,0.0406026840209961
1787213828.8787158,-5.128763332066144e-10,2.9134443760157615e-08,0.040737748146057136
1787213828.9217758,-5.128763332066144e-10,2.9134443760157615e-08,0.040829539299011224
1787213828.9723425,-5.128763332066144e-10,2.9134443760157615e-08,0.04079782962799072
1787213829.0068254,-5.128763332066144e-10,2.9134443760157615e-08,0.040663719177246094
1787213829.0796523,-5.128763332066144e-10,2.9134443760157615e-08,0.04064345359802247
1787213829.1239371,-5.128763332066144e-10,2.9134443760157615e-08,0.0406264066696167
1787213829.1814308,-5.128763332066144e-10,2.9134443760157615e-08,0.04074168205261231
1787213829.226088,-5.128763332066144e-10,2.9134443760157615e-08,0.04085171222686768
1787213829.2734418,-5.128763332066144e-10,2.9134443760157615e-08,0.04098260402679445
1787213829.3320405,-5.128763332066144e-10,2.9134443760157615e-08,0.04104781150817872
1787213829.3738952,-5.128763332066144e-10,2.9134443760157615e-08,0.040947914123535156
1787213829.4093666,-5.128763332066144e-10,2.9134443760157615e-08,0.04085838794708252
1787213829.4825459,-5.128763332066144e-10,2.9134443760157615e-08,0.040675520896911614
1787213829.5261576,-5.128763332066144e-10,2.9134443760157615e-08,0.040713191032409675
1787213829.5744543,-5.128763332066144e-10,2.9134443760157615e-08,0.040842890739440925
1787213829.6324792,-5.128763332066144e-10,2.9134443760157615e-08,0.04088997840881348
1787213829.6784027,-5.128763332066144e-10,2.9134443760157615e-08,0.04105973243713379
1787213829.722686,-5.128763332066144e-10,2.9134443760157615e-08,0.041138052940368645
1787213829.7847676,-2.5289830764177562e-05,-1.0106948336637527e-06,0.04105031490325928
1787213829.805303,-3.603101541221421e-10,2.541728078521564e-08,0.040844082832336426
1787213829.873474,-3.603101541221421e-10,2.541728078521564e-08,0.04060876369476319
1787213829.8901024,-3.603101541221421e-10,2.541728078521564e-08,0.040675282478332526
1787213829.985896,-3.603101541221421e-10,2.541728078521564e-08,0.04086625576019287
1787213829.9921446,-3.603101541221421e-10,2.541728078521564e-08,0.0408564805984497
1787213830.08359,-3.603101541221421e-10,2.541728078521564e-08,0.04083395004272461
1787213830.0962718,-3.603101541221421e-10,2.541728078521564e-08,0.04075157642364502
1787213830.1743097,-3.603101541221421e-10,2.541728078521564e-08,0.04065179824829102
1787213830.19863,-3.603101541221421e-10,2.541728078521564e-08,0.040605306625366204
1787213830.28054,-3.603101541221421e-10,2.541728078521564e-08,0.040665388107299805
1787213830.2950814,-3.603101541221421e-10,2.541728078521564e-08,0.04068243503570557
1787213830.3847091,-3.603101541221421e-10,2.541728078521564e-08,0.04084599018096924
1787213830.4000764,-3.603101541221421e-10,2.541728078521564e-08,0.041036128997802734
1787213830.4707456,-3.603101541221421e-10,2.541728078521564e-08,0.041009306907653816
1787213830.520973,-3.603101541221421e-10,2.541728078521564e-08,0.04092109203338623
1787213830.575187,-3.603101541221421e-10,2.541728078521564e-08,0.04075968265533448
1787213830.6208565,-3.603101541221421e-10,2.541728078521564e-08,0.04081130027770996
1787213830.682066,-3.603101541221421e-10,2.541728078521564e-08,0.04063904285430908
1787213830.7266455,-3.603101541221421e-10,2.541728078521564e-08,0.0404179096221924
1787213830.776097,-3.603101541221421e-10,2.541728078521564e-08,0.040444254875183105
1787213830.8324342,-3.603101541221421e-10,2.541728078521564e-08,0.04056382179260254
1787213830.876249,-3.603101541221421e-10,2.541728078521564e-08,0.04076862335205078
1787213830.9194977,-3.603101541221421e-10,2.541728078521564e-08,0.04103970527648926
1787213830.9839554,-3.603101541221421e-10,2.541728078521564e-08,0.041027188301086426
1787213831.0218987,-3.603101541221421e-10,2.541728078521564e-08,0.04088020324707031
1787213831.074398,-3.603101541221421e-10,2.541728078521564e-08,0.04081058502197265
1787213831.1180599,-3.603101541221421e-10,2.541728078521564e-08,0.04091382026672364
1787213831.1800625,-3.603101541221421e-10,2.541728078521564e-08,0.041052937507629395
1787213831.217986,-3.603101541221421e-10,2.541728078521564e-08,0.041103363037109375
1787213831.2799246,-3.603101541221421e-10,2.541728078521564e-08,0.04139912128448487
1787213831.3277717,-3.603101541221421e-10,2.541728078521564e-08,0.04160130023956299
1787213831.3745825,-3.603101541221421e-10,2.541728078521564e-08,0.04157221317291259
1787213831.4267018,-3.603101541221421e-10,2.541728078521564e-08,0.04139101505279542
1787213831.479546,-3.603101541221421e-10,2.541728078521564e-08,0.04115152359008789
1787213831.5189018,-3.603101541221421e-10,2.541728078521564e-08,0.041268825531005866
1787213831.5893805,-3.603101541221421e-10,2.541728078521564e-08,0.04144716262817383
1787213831.6811285,-3.603101541221421e-10,2.541728078521564e-08,0.04186701774597168
1787213831.7263415,-3.603101541221421e-10,2.541728078521564e-08,0.041830301284790046
1787213831.8151793,-3.603101541221421e-10,2.541728078521564e-08,0.041703701019287116
1787213831.8727815,-3.603101541221421e-10,2.541728078521564e-08,0.04141604900360109
1787213831.924974,-3.603101541221421e-10,2.541728078521564e-08,0.04159891605377198
1787213831.9731243,-3.603101541221421e-10,2.541728078521564e-08,0.041675567626953125
1787213832.0178235,-3.603101541221421e-10,2.541728078521564e-08,0.04183220863342285
1787213832.0804732,-3.603101541221421e-10,2.541728078521564e-08,0.04172039031982422
1787213832.1186824,-3.603101541221421e-10,2.541728078521564e-08,0.041619300842285156
1787213832.174575,-2.5289239453999816e-05,-1.0250282468832395e-06,0.04140865802764892
1787213832.2319224,-2.1953703095614185e-10,2.2022753682030733e-08,0.0413508415222168
1787213832.274869,-2.1953703095614185e-10,2.2022753682030733e-08,0.04138791561126709
1787213832.3241184,-2.1953703095614185e-10,2.2022753682030733e-08,0.04152941703796387
1787213832.3452225,-2.1953703095614185e-10,2.2022753682030733e-08,0.04179716110229493
1787213832.4222116,-2.5288734907243204e-05,-1.037144149677088e-06,0.041920542716979974
1787213832.4747257,-2.4504939472990567e-10,2.2631707817005136e-08,0.041845321655273444
1787213832.528769,-2.4504939472990567e-10,2.2631707817005136e-08,0.041708827018737786
1787213832.5767326,-2.4504939472990567e-10,2.2631707817005136e-08,0.04169762134552002
1787213832.624416,-2.4504939472990567e-10,2.2631707817005136e-08,0.04188942909240723
1787213832.6828995,-2.4504939472990567e-10,2.2631707817005136e-08,0.04196763038635254
1787213832.700464,-2.4504939472990567e-10,2.2631707817005136e-08,0.04234755039215088
1787213832.7741792,-2.4504939472990567e-10,2.2631707817005136e-08,0.042389154434204095
1787213832.8297431,-2.4504939472990567e-10,2.2631707817005136e-08,0.04237926006317139
1787213832.877328,-2.4504939472990567e-10,2.2631707817005136e-08,0.042260169982910156
1787213832.926222,-2.4504939472990567e-10,2.2631707817005136e-08,0.042126059532165534
1787213832.9859602,-2.4504939472990567e-10,2.2631707817005136e-08,0.04211080074310303
1787213833.0260704,-2.4504939472990567e-10,2.2631707817005136e-08,0.04227924346923828
1787213833.0566957,-2.4504939472990567e-10,2.2631707817005136e-08,0.042420029640197754
1787213833.1319149,-2.4504939472990567e-10,2.2631707817005136e-08,0.042420029640197754
1787213833.1793206,-2.4504939472990567e-10,2.2631707817005136e-08,0.04262709617614746
1787213833.2225475,-2.4504939472990567e-10,2.2631707817005136e-08,0.042546987533569336
1787213833.2849708,-2.4504939472990567e-10,2.2631707817005136e-08,0.042462706565856934
1787213833.325508,-2.4504939472990567e-10,2.2631707817005136e-08,0.0423644781112671
1787213833.3729475,-2.4504939472990567e-10,2.2631707817005136e-08,0.042352080345153816
1787213833.396776,-2.4504939472990567e-10,2.2631707817005136e-08,0.042463183403015144
1787213833.4761682,-2.4504939472990567e-10,2.2631707817005136e-08,0.04255664348602295
1787213833.5228732,-2.4504939472990567e-10,2.2631707817005136e-08,0.042609214782714844
1787213833.585366,-2.4504939472990567e-10,2.2631707817005136e-08,0.042563676834106445
1787213833.6324239,-2.4504939472990567e-10,2.2631707817005136e-08,0.042419910430908196
1787213833.6788497,-2.4504939472990567e-10,2.2631707817005136e-08,0.0424206256866455
1787213833.7281754,-2.4504939472990567e-10,2.2631707817005136e-08,0.04232513904571534
1787213833.7561512,-2.4504939472990567e-10,2.2631707817005136e-08,0.042553305625915534
1787213833.8292344,-2.4504939472990567e-10,2.2631707817005136e-08,0.04267072677612305
1787213833.889577,-2.4504939472990567e-10,2.2631707817005136e-08,0.04274976253509522
1787213833.977204,-2.4504939472990567e-10,2.2631707817005136e-08,0.04263210296630859
1787213834.0211892,-2.4504939472990567e-10,2.2631707817005136e-08,0.042504072189331055
1787213834.084356,-2.4504939472990567e-10,2.2631707817005136e-08,0.04250645637512208
1787213834.1242614,-2.4504939472990567e-10,2.2631707817005136e-08,0.04256010055541992
1787213834.1719615,-2.4504939472990567e-10,2.2631707817005136e-08,0.042713522911071784
1787213834.1919875,-2.4504939472990567e-10,2.2631707817005136e-08,0.04286515712738037
1787213834.2465436,-2.4504939472990567e-10,2.2631707817005136e-08,0.04301297664642334
1787213834.3242593,-2.4504939472990567e-10,2.2631707817005136e-08,0.04296076297760009
1787213834.3649845,-2.4504939472990567e-10,2.2631707817005136e-08,0.04288351535797119
1787213834.3924694,-2.4504939472990567e-10,2.2631707817005136e-08,0.042777180671691895
1787213834.4680762,-2.4504939472990567e-10,2.2631707817005136e-08,0.04266369342803955
1787213834.5246665,-2.4504939472990567e-10,2.2631707817005136e-08,0.04239249229431152
1787213834.569471,-2.4504939472990567e-10,2.2631707817005136e-08,0.042510628700256355
1787213834.5952735,-2.4504939472990567e-10,2.2631707817005136e-08,0.04254937171936035
1787213834.6395264,-2.4504939472990567e-10,2.2631707817005136e-08,0.042740702629089355
1787213834.723076,-2.4504939472990567e-10,2.2631707817005136e-08,0.04283642768859863
1787213834.7756395,-2.4504939472990567e-10,2.2631707817005136e-08,0.04308223724365235
1787213834.8305373,-2.4504939472990567e-10,2.2631707817005136e-08,0.04296433925628661
1787213834.8783598,-2.4504939472990567e-10,2.2631707817005136e-08,0.04282069206237794
1787213834.9021585,-2.4504939472990567e-10,2.2631707817005136e-08,0.04281055927276611
1787213834.97654,-2.4504939472990567e-10,2.2631707817005136e-08,0.0429377555847168
1787213835.0263762,-2.4504939472990567e-10,2.2631707817005136e-08,0.043105483055114746
1787213835.0815454,-2.4504939472990567e-10,2.2631707817005136e-08,0.043375611305236816
1787213835.1279488,-2.4504939472990567e-10,2.2631707817005136e-08,0.04356765747070313
1787213835.1736665,-2.4504939472990567e-10,2.2631707817005136e-08,0.043517231941223145
1787213835.2254555,-2.4504939472990567e-10,2.2631707817005136e-08,0.043473362922668464
1787213835.2785046,-2.4504939472990567e-10,2.2631707817005136e-08,0.04317545890808105
1787213835.3334377,-2.4504939472990567e-10,2.2631707817005136e-08,0.04325628280639648
1787213835.3738403,-2.4504939472990567e-10,2.2631707817005136e-08,0.04337418079376219
1787213835.4307055,-2.4504939472990567e-10,2.2631707817005136e-08,0.04365944862365723
1787213835.487369,-2.4504939472990567e-10,2.2631707817005136e-08,0.04362952709197999
1787213835.5094838,-2.4504939472990567e-10,2.2631707817005136e-08,0.04351663589477539
1787213835.5823934,-2.4504939472990567e-10,2.2631707817005136e-08,0.04341983795166016
1787213835.6223056,-2.4504939472990567e-10,2.2631707817005136e-08,0.04311728477478027
1787213835.6740382,-2.4504939472990567e-10,2.2631707817005136e-08,0.04292368888854981
1787213835.7299416,-2.4504939472990567e-10,2.2631707817005136e-08,0.04303562641143799
1787213835.787735,-2.4504939472990567e-10,2.2631707817005136e-08,0.043241620063781745
1787213835.822329,-2.4504939472990567e-10,2.2631707817005136e-08,0.043393611907958984
1787213835.8832293,-2.4504939472990567e-10,2.2631707817005136e-08,0.04361236095428467
1787213836.0349424,-2.4504939472990567e-10,2.2631707817005136e-08,0.04362022876739502
1787213836.4412754,-2.4504939472990567e-10,2.2631707817005136e-08,0.04362022876739502
1787213836.813062,-2.4504939472990567e-10,2.2631707817005136e-08,0.04362022876739502
1787213837.198995,-2.4504939472990567e-10,2.2631707817005136e-08,0.04362022876739502
1787213837.5429595,-2.4504939472990567e-10,2.2631707817005136e-08,0.04362022876739502
1787213837.893587,-2.4504939472990567e-10,2.2631707817005136e-08,0.04362022876739502
1787213837.941201,-2.4504939472990567e-10,2.2631707817005136e-08,0.04362022876739502
1787213837.989251,-2.4504939472990567e-10,2.2631707817005136e-08,0.04362022876739502
1787213838.0408435,-2.4504939472990567e-10,2.2631707817005136e-08,0.04362022876739502
1787213838.0896823,-2.4504939472990567e-10,2.2631707817005136e-08,0.04362022876739502
1787213838.139629,-2.4504939472990567e-10,2.2631707817005136e-08,0.04362022876739502
1787213838.1897678,-2.4504939472990567e-10,2.2631707817005136e-08,0.04362022876739502
1787213838.2482173,-2.4504939472990567e-10,2.2631707817005136e-08,0.04362022876739502
1787213838.2897072,-2.4504939472990567e-10,2.2631707817005136e-08,0.04362022876739502
1787213838.3399625,-2.4504939472990567e-10,2.2631707817005136e-08,0.04362022876739502
1787213838.3893688,-2.4504939472990567e-10,2.2631707817005136e-08,0.04362022876739502
1787213838.4406812,-2.4504939472990567e-10,2.2631707817005136e-08,0.04362022876739502
1787213838.4899445,-2.4504939472990567e-10,2.2631707817005136e-08,0.04362022876739502
1787213838.5395112,-2.4504939472990567e-10,2.2631707817005136e-08,0.04362022876739502
1787213838.5897233,-2.4504939472990567e-10,2.2631707817005136e-08,0.04362022876739502
1787213838.6393092,-2.4504939472990567e-10,2.2631707817005136e-08,0.04362022876739502
1787213838.692389,-2.4504939472990567e-10,2.2631707817005136e-08,0.04362022876739502
1787213838.7399507,-2.4504939472990567e-10,2.2631707817005136e-08,0.04362022876739502
1787213838.7902536,-2.4504939472990567e-10,2.2631707817005136e-08,0.04362022876739502
1787213838.8402092,-2.4504939472990567e-10,2.2631707817005136e-08,0.04362022876739502
1787213838.889466,-2.4504939472990567e-10,2.2631707817005136e-08,0.04362022876739502
1787213838.9401085,-2.4504939472990567e-10,2.2631707817005136e-08,0.04362022876739502
1787213838.9891782,-2.4504939472990567e-10,2.2631707817005136e-08,0.04362022876739502
1787213839.039832,-2.4504939472990567e-10,2.2631707817005136e-08,0.04362022876739502
1787213839.0893986,-2.4504939472990567e-10,2.2631707817005136e-08,0.04362022876739502
1787213839.1396465,-2.4504939472990567e-10,2.2631707817005136e-08,0.04362022876739502
1787213839.1894615,-2.4504939472990567e-10,2.2631707817005136e-08,0.04362022876739502
1787213839.239876,-2.4504939472990567e-10,2.2631707817005136e-08,0.04362022876739502
1787213839.2894795,-2.4504939472990567e-10,2.2631707817005136e-08,0.04362022876739502
1787213839.3393507,-2.4504939472990567e-10,2.2631707817005136e-08,0.04362022876739502
1787213839.3895977,-2.4504939472990567e-10,2.2631707817005136e-08,0.04362022876739502
1787213839.4391327,-2.4504939472990567e-10,2.2631707817005136e-08,0.04362022876739502
1787213839.4912102,-2.4504939472990567e-10,2.2631707817005136e-08,0.04362022876739502
1787213839.5397391,-2.4504939472990567e-10,2.2631707817005136e-08,0.04362022876739502
1787213839.5900476,-2.4504939472990567e-10,2.2631707817005136e-08,0.04362022876739502
1787213839.6395872,-2.4504939472990567e-10,2.2631707817005136e-08,0.04362022876739502
1787213839.6894128,-2.4504939472990567e-10,2.2631707817005136e-08,0.04362022876739502
1787213839.739353,-2.4504939472990567e-10,2.2631707817005136e-08,0.04362022876739502
1787213839.789858,-2.4504939472990567e-10,2.2631707817005136e-08,0.04362022876739502
1787213839.8406477,-2.4504939472990567e-10,2.2631707817005136e-08,0.04362022876739502
1787213839.8896646,-2.4504939472990567e-10,2.2631707817005136e-08,0.04362022876739502
1787213839.9480832,-2.4504939472990567e-10,2.2631707817005136e-08,0.04362022876739502
1787213839.9899707,-2.4504939472990567e-10,2.2631707817005136e-08,0.04362022876739502
1787213840.0412624,-2.4504939472990567e-10,2.2631707817005136e-08,0.04362022876739502
1787213840.0902207,-2.4504939472990567e-10,2.2631707817005136e-08,0.04362022876739502
1787213840.139336,-2.4504939472990567e-10,2.2631707817005136e-08,0.04362022876739502
1787213840.1894157,-2.4504939472990567e-10,2.2631707817005136e-08,0.04362022876739502
1787213840.2394292,-2.4504939472990567e-10,2.2631707817005136e-08,0.04362022876739502
1787213840.2908072,-2.4504939472990567e-10,2.2631707817005136e-08,0.04362022876739502
1787213840.3411613,-2.4504939472990567e-10,2.2631707817005136e-08,0.04362022876739502
1787213840.389843,-2.4504939472990567e-10,2.2631707817005136e-08,0.04362022876739502
1787213840.4411876,-2.4504939472990567e-10,2.2631707817005136e-08,0.04362022876739502
1787213840.4894426,-2.4504939472990567e-10,2.2631707817005136e-08,0.04362022876739502
1787213840.5459874,-2.4504939472990567e-10,2.2631707817005136e-08,0.04362022876739502
1787213840.5895498,-2.4504939472990567e-10,2.2631707817005136e-08,0.04362022876739502
1787213840.6437185,-2.4504939472990567e-10,2.2631707817005136e-08,0.04362022876739502
1787213840.6895876,-2.4504939472990567e-10,2.2631707817005136e-08,0.04362022876739502
1787213840.7394998,-2.4504939472990567e-10,2.2631707817005136e-08,0.04362022876739502
1787213840.7898839,-2.4504939472990567e-10,2.2631707817005136e-08,0.04362022876739502
1787213840.8423297,-2.4504939472990567e-10,2.2631707817005136e-08,0.04362022876739502
1787213840.8912003,-2.4504939472990567e-10,2.2631707817005136e-08,0.04362022876739502
1787213840.9394732,-2.4504939472990567e-10,2.2631707817005136e-08,0.04362022876739502
1787213840.99608,-2.4504939472990567e-10,2.2631707817005136e-08,0.04362022876739502
1787213841.040083,-2.4504939472990567e-10,2.2631707817005136e-08,0.04362022876739502
1787213841.093337,-2.4504939472990567e-10,2.2631707817005136e-08,0.04362022876739502
1787213841.140639,-2.4504939472990567e-10,2.2631707817005136e-08,0.04362022876739502
1787213841.1943038,-2.4504939472990567e-10,2.2631707817005136e-08,0.04362022876739502
1787213841.2398543,-2.4504939472990567e-10,2.2631707817005136e-08,0.04362022876739502
1787213841.2969844,-2.4504939472990567e-10,2.2631707817005136e-08,0.04362022876739502
1787213841.3400528,-2.4504939472990567e-10,2.2631707817005136e-08,0.04362022876739502
1787213841.3893626,-2.4504939472990567e-10,2.2631707817005136e-08,0.04362022876739502
1787213841.4396844,-2.4504939472990567e-10,2.2631707817005136e-08,0.04362022876739502
1787213841.4891791,-2.4504939472990567e-10,2.2631707817005136e-08,0.04362022876739502
1787213841.5413084,-2.4504939472990567e-10,2.2631707817005136e-08,0.04362022876739502
1787213841.5892048,-2.4504939472990567e-10,2.2631707817005136e-08,0.04362022876739502
1787213841.6429567,-2.4504939472990567e-10,2.2631707817005136e-08,0.04362022876739502
1787213841.6892219,-2.4504939472990567e-10,2.2631707817005136e-08,0.04362022876739502
1787213841.743687,-2.4504939472990567e-10,2.2631707817005136e-08,0.04362022876739502
1787213841.7921493,-2.4504939472990567e-10,2.2631707817005136e-08,0.04362022876739502
1787213841.83933,-2.4504939472990567e-10,2.2631707817005136e-08,0.04362022876739502
1787213841.892055,-2.4504939472990567e-10,2.2631707817005136e-08,0.04362022876739502
1787213841.9392679,-2.4504939472990567e-10,2.2631707817005136e-08,0.04362022876739502
1787213841.9902573,-2.4504939472990567e-10,2.2631707817005136e-08,0.04362022876739502
1787213842.0399065,-2.4504939472990567e-10,2.2631707817005136e-08,0.04362022876739502
1787213842.090242,-2.4504939472990567e-10,2.2631707817005136e-08,0.04362022876739502
1787213842.139279,-2.4504939472990567e-10,2.2631707817005136e-08,0.04362022876739502
1787213842.189665,-2.4504939472990567e-10,2.2631707817005136e-08,0.04362022876739502
1787213842.239749,-2.4504939472990567e-10,2.2631707817005136e-08,0.04362022876739502
1787213842.2893603,-2.4504939472990567e-10,2.2631707817005136e-08,0.04362022876739502
1787213842.339435,-2.4504939472990567e-10,2.2631707817005136e-08,0.04362022876739502
1787213842.3894093,-2.4504939472990567e-10,2.2631707817005136e-08,0.04362022876739502
1787213842.4409509,-2.4504939472990567e-10,2.2631707817005136e-08,0.04362022876739502
1787213842.489879,-2.4504939472990567e-10,2.2631707817005136e-08,0.04362022876739502
1787213842.5451002,-2.4504939472990567e-10,2.2631707817005136e-08,0.04362022876739502
1787213842.5896726,-2.4504939472990567e-10,2.2631707817005136e-08,0.04362022876739502
1787213842.6404767,-2.4504939472990567e-10,2.2631707817005136e-08,0.04362022876739502
1787213842.689568,-2.4504939472990567e-10,2.2631707817005136e-08,0.04362022876739502
1787213842.7434223,-2.4504939472990567e-10,2.2631707817005136e-08,0.04362022876739502
1787213842.7900853,-2.4504939472990567e-10,2.2631707817005136e-08,0.04362022876739502
1787213842.8396335,-2.4504939472990567e-10,2.2631707817005136e-08,0.04362022876739502
1787213842.8898199,-2.4504939472990567e-10,2.2631707817005136e-08,0.04362022876739502
1787213842.9408317,-2.4504939472990567e-10,2.2631707817005136e-08,0.04362022876739502
1787213842.9899545,-2.4504939472990567e-10,2.2631707817005136e-08,0.04362022876739502
1787213843.0395784,-2.4504939472990567e-10,2.2631707817005136e-08,0.04362022876739502
1787213843.0892904,-2.4504939472990567e-10,2.2631707817005136e-08,0.04362022876739502
1787213843.1403599,-2.4504939472990567e-10,2.2631707817005136e-08,0.04362022876739502
1787213843.1903527,-2.4504939472990567e-10,2.2631707817005136e-08,0.04362022876739502
1787213843.2396004,-2.4504939472990567e-10,2.2631707817005136e-08,0.04362022876739502
1787213843.2895966,-2.4504939472990567e-10,2.2631707817005136e-08,0.04362022876739502
1787213843.3410897,-2.4504939472990567e-10,2.2631707817005136e-08,0.04362022876739502
1787213843.396977,-2.4504939472990567e-10,2.2631707817005136e-08,0.04362022876739502
1787213843.4396093,-2.4504939472990567e-10,2.2631707817005136e-08,0.04362022876739502
1787213843.4911845,-2.4504939472990567e-10,2.2631707817005136e-08,0.04362022876739502
1787213843.5392888,-2.4504939472990567e-10,2.2631707817005136e-08,0.04362022876739502
1787213843.5920627,-2.4504939472990567e-10,2.2631707817005136e-08,0.04362022876739502
1787213843.639272,-2.4504939472990567e-10,2.2631707817005136e-08,0.04362022876739502
1787213843.6897442,-2.4504939472990567e-10,2.2631707817005136e-08,0.04362022876739502
1787213843.7394483,-2.4504939472990567e-10,2.2631707817005136e-08,0.04362022876739502
1787213843.7896326,-2.4504939472990567e-10,2.2631707817005136e-08,0.04362022876739502
1787213843.8401163,-2.4504939472990567e-10,2.2631707817005136e-08,0.04362022876739502
1787213843.8897574,-2.4504939472990567e-10,2.2631707817005136e-08,0.04362022876739502
1787213843.940597,-2.4504939472990567e-10,2.2631707817005136e-08,0.04362022876739502
1787213843.9893255,-2.4504939472990567e-10,2.2631707817005136e-08,0.04362022876739502
1787213844.0403008,-2.4504939472990567e-10,2.2631707817005136e-08,0.04362022876739502
1787213844.0942981,-2.4504939472990567e-10,2.2631707817005136e-08,0.04362022876739502
1787213844.1392493,-2.4504939472990567e-10,2.2631707817005136e-08,0.04362022876739502
1787213844.192668,-2.4504939472990567e-10,2.2631707817005136e-08,0.04362022876739502
1787213844.239353,-2.4504939472990567e-10,2.2631707817005136e-08,0.04362022876739502
1787213844.2903574,-2.4504939472990567e-10,2.2631707817005136e-08,0.04362022876739502
1787213844.3396926,-2.4504939472990567e-10,2.2631707817005136e-08,0.04362022876739502
                                                                                                                                                                                                                                                                                                                                                                                                                                                                                                                                                                                                                                                                                                                                                                                                                                                                                                                                                                                                                                                                                                                                                                                                                                                                                                                                                                                                                                                                                                                                                                                                                                                                                                                                                                                                                                                                                                                                                                                                                                                                                                         