time,x_odom,y_odom,yaw_odom
1787304733.7067356,2.527435539148858e-05,1.3358134101352685e-06,0.05483675003051758
1787304733.7614417,1.7225930129304088e-09,-5.158544817667647e-08,0.054847717285156236
1787304733.7991543,1.7225930129304088e-09,-5.158544817667647e-08,0.05497121810913086
1787304733.8330076,1.7225930129304088e-09,-5.158544817667647e-08,0.05502796173095703
1787304733.8849695,1.7225930129304088e-09,-5.158544817667647e-08,0.055051803588867194
1787304733.9279637,1.7225930129304088e-09,-5.158544817667647e-08,0.05507779121398926
1787304733.989118,1.7225930129304088e-09,-5.158544817667647e-08,0.055035114288330085
1787304734.029186,1.7225930129304088e-09,-5.158544817667647e-08,0.05495738983154296
1787304734.1025853,1.7225930129304088e-09,-5.158544817667647e-08,0.05493259429931641
1787304734.1459916,1.7225930129304088e-09,-5.158544817667647e-08,0.05493259429931641
1787304734.1772518,1.7225930129304088e-09,-5.158544817667647e-08,0.05493259429931641
1787304734.2391162,1.7225930129304088e-09,-5.158544817667647e-08,0.05493259429931641
1787304734.3037462,1.7225930129304088e-09,-5.158544817667647e-08,0.055048942565917976
1787304734.3308663,1.7225930129304088e-09,-5.158544817667647e-08,0.05520224571228028
1787304734.3792632,1.7225930129304088e-09,-5.158544817667647e-08,0.055258750915527344
1787304734.4342558,1.7225930129304088e-09,-5.158544817667647e-08,0.055258750915527344
1787304734.4802322,1.7225930129304088e-09,-5.158544817667647e-08,0.05522418022155762
1787304734.5284684,1.7225930129304088e-09,-5.158544817667647e-08,0.05522823333740235
1787304734.5779855,2.5273828631933133e-05,1.3453757238697919e-06,0.05521297454833985
1787304734.633023,1.6771435016087936e-09,-5.0762988579912424e-08,0.05516314506530763
1787304734.6792197,1.6771435016087936e-09,-5.0762988579912424e-08,0.05518770217895508
1787304734.7298582,1.6771435016087936e-09,-5.0762988579912424e-08,0.05518770217895508
1787304734.7777257,1.6771435016087936e-09,-5.0762988579912424e-08,0.05518770217895508
1787304734.8276525,1.6771435016087936e-09,-5.0762988579912424e-08,0.05518770217895508
1787304734.8811243,1.6771435016087936e-09,-5.0762988579912424e-08,0.055151939392089844
1787304734.9306948,1.6771435016087936e-09,-5.0762988579912424e-08,0.055171728134155294
1787304734.9792395,1.6771435016087936e-09,-5.0762988579912424e-08,0.0552365779876709
1787304735.0380046,1.6771435016087936e-09,-5.0762988579912424e-08,0.055234670639038086
1787304735.080162,2.527379067594188e-05,1.3460626133051706e-06,0.05519580841064453
1787304735.1336021,1.6183862281276835e-09,-4.96995145865005e-08,0.055150508880615234
1787304735.1774588,1.6183862281276835e-09,-4.96995145865005e-08,0.055123567581176744
1787304735.227054,1.6183862281276835e-09,-4.96995145865005e-08,0.05504202842712404
1787304735.2786238,1.6183862281276835e-09,-4.96995145865005e-08,0.055075645446777344
1787304735.3273137,1.6183862281276835e-09,-4.96995145865005e-08,0.055090904235839844
1787304735.3785095,1.6183862281276835e-09,-4.96995145865005e-08,0.05517292022705078
1787304735.4325304,1.6183862281276835e-09,-4.96995145865005e-08,0.055225610733032234
1787304735.4797118,1.6183862281276835e-09,-4.96995145865005e-08,0.055422306060791016
1787304735.5323377,1.6183862281276835e-09,-4.96995145865005e-08,0.055501461029052734
1787304735.5831292,1.6183862281276835e-09,-4.96995145865005e-08,0.05547618865966797
1787304735.627795,1.6183862281276835e-09,-4.96995145865005e-08,0.055510044097900405
1787304735.683669,1.6183862281276835e-09,-4.96995145865005e-08,0.05542421340942382
1787304735.7311566,1.6183862281276835e-09,-4.96995145865005e-08,0.05541348457336426
1787304735.7897727,1.6183862281276835e-09,-4.96995145865005e-08,0.055312156677246094
1787304735.843575,1.6183862281276835e-09,-4.96995145865005e-08,0.05536460876464844
1787304735.893646,1.6183862281276835e-09,-4.96995145865005e-08,0.055379152297973626
1787304735.951493,1.6183862281276835e-09,-4.96995145865005e-08,0.055457830429077155
1787304735.99565,1.6183862281276835e-09,-4.96995145865005e-08,0.0555272102355957
1787304736.0414755,1.6183862281276835e-09,-4.96995145865005e-08,0.0554964542388916
1787304736.1027095,1.6183862281276835e-09,-4.96995145865005e-08,0.05551934242248535
1787304736.1447475,1.6183862281276835e-09,-4.96995145865005e-08,0.055404901504516595
1787304736.211064,1.6183862281276835e-09,-4.96995145865005e-08,0.05536317825317382
1787304736.2310975,1.6183862281276835e-09,-4.96995145865005e-08,0.05537152290344238
1787304736.2820516,1.6183862281276835e-09,-4.96995145865005e-08,0.05532360076904297
1787304736.3276517,1.6183862281276835e-09,-4.96995145865005e-08,0.05534791946411134
1787304736.3793657,1.6183862281276835e-09,-4.96995145865005e-08,0.055433511734008796
1787304736.4272664,1.6183862281276835e-09,-4.96995145865005e-08,0.055548429489135735
1787304736.4776757,1.6183862281276835e-09,-4.96995145865005e-08,0.0555720329284668
1787304736.5284822,1.6183862281276835e-09,-4.96995145865005e-08,0.055629014968872084
1787304736.578083,1.6183862281276835e-09,-4.96995145865005e-08,0.055665493011474595
1787304736.631616,1.6183862281276835e-09,-4.96995145865005e-08,0.05561399459838867
1787304736.6786208,1.6183862281276835e-09,-4.96995145865005e-08,0.05564117431640624
1787304736.7311163,1.6183862281276835e-09,-4.96995145865005e-08,0.05555510520935059
1787304736.778165,1.6183862281276835e-09,-4.96995145865005e-08,0.055553436279296875
1787304736.8293648,1.6183862281276835e-09,-4.96995145865005e-08,0.05549192428588868
1787304736.886947,1.6183862281276835e-09,-4.96995145865005e-08,0.055437564849853516
1787304736.9283154,1.6183862281276835e-09,-4.96995145865005e-08,0.05546736717224122
1787304736.9793496,1.6183862281276835e-09,-4.96995145865005e-08,0.05541229248046876
1787304737.0282273,1.6183862281276835e-09,-4.96995145865005e-08,0.05544543266296388
1787304737.0775604,1.6183862281276835e-09,-4.96995145865005e-08,0.055421829223632826
1787304737.131386,1.6183862281276835e-09,-4.96995145865005e-08,0.05533838272094727
1787304737.177606,1.6183862281276835e-09,-4.96995145865005e-08,0.055289268493652344
1787304737.2343044,1.6183862281276835e-09,-4.96995145865005e-08,0.05525016784667971
1787304737.2784233,1.6183862281276835e-09,-4.96995145865005e-08,0.055326223373413086
1787304737.3280864,1.6183862281276835e-09,-4.96995145865005e-08,0.05525994300842286
1787304737.378433,1.6183862281276835e-09,-4.96995145865005e-08,0.05524921417236328
1787304737.4309042,1.6183862281276835e-09,-4.96995145865005e-08,0.05518150329589844
1787304737.4833884,1.6183862281276835e-09,-4.96995145865005e-08,0.05518388748168945
1787304737.5270889,1.6183862281276835e-09,-4.96995145865005e-08,0.0552823543548584
1787304737.5779572,2.527358975106926e-05,1.349695888179404e-06,0.05535149574279785
1787304737.6303763,1.8578093634166119e-09,-5.401662697358644e-08,0.055624008178710944
1787304737.6780295,1.8578093634166119e-09,-5.401662697358644e-08,0.05574369430541992
1787304737.7289913,1.8578093634166119e-09,-5.401662697358644e-08,0.05593156814575197
1787304737.7780519,1.8578093634166119e-09,-5.401662697358644e-08,0.055891990661621094
1787304737.8285336,1.8578093634166119e-09,-5.401662697358644e-08,0.0561060905456543
1787304737.8781748,1.8578093634166119e-09,-5.401662697358644e-08,0.05615901947021486
1787304737.9283683,1.8578093634166119e-09,-5.401662697358644e-08,0.056243419647216804
1787304737.9799728,1.8578093634166119e-09,-5.401662697358644e-08,0.056234836578369155
1787304738.0331798,1.8578093634166119e-09,-5.401662697358644e-08,0.056204795837402344
1787304738.0782177,1.8578093634166119e-09,-5.401662697358644e-08,0.05620121955871582
1787304738.1279721,1.8578093634166119e-09,-5.401662697358644e-08,0.05607843399047851
1787304738.1786194,1.8578093634166119e-09,-5.401662697358644e-08,0.056067228317260735
1787304738.2292964,1.8578093634166119e-09,-5.401662697358644e-08,0.05605173110961914
1787304738.2797859,1.8578093634166119e-09,-5.401662697358644e-08,0.056032657623291036
1787304738.3272827,1.8578093634166119e-09,-5.401662697358644e-08,0.05598020553588867
1787304738.3773777,1.8578093634166119e-09,-5.401662697358644e-08,0.056032180786132806
1787304738.428391,1.8578093634166119e-09,-5.401662697358644e-08,0.05605483055114746
1787304738.4903927,1.8578093634166119e-09,-5.401662697358644e-08,0.05614399909973145
1787304738.5274854,1.8578093634166119e-09,-5.401662697358644e-08,0.0562567710876465
1787304738.5780702,1.8578093634166119e-09,-5.401662697358644e-08,0.05632352828979492
1787304738.6273837,1.8578093634166119e-09,-5.401662697358644e-08,0.0563192367553711
1787304738.678355,1.8578093634166119e-09,-5.401662697358644e-08,0.0563662052154541
1787304738.7286098,1.8578093634166119e-09,-5.401662697358644e-08,0.0563192367553711
1787304738.7783747,1.8578093634166119e-09,-5.401662697358644e-08,0.05625200271606445
1787304738.8282719,1.8578093634166119e-09,-5.401662697358644e-08,0.05619978904724121
1787304738.8811278,1.8578093634166119e-09,-5.401662697358644e-08,0.05617666244506836
1787304738.9280849,1.8578093634166119e-09,-5.401662697358644e-08,0.05615520477294922
1787304738.9801524,1.8578093634166119e-09,-5.401662697358644e-08,0.05627751350402833
1787304739.0296047,1.8578093634166119e-09,-5.401662697358644e-08,0.05629611015319825
1787304739.0775762,1.8578093634166119e-09,-5.401662697358644e-08,0.05637240409851075
1787304739.1308446,1.8578093634166119e-09,-5.401662697358644e-08,0.05645632743835448
1787304739.1771736,1.8578093634166119e-09,-5.401662697358644e-08,0.05639505386352538
1787304739.2274494,1.8578093634166119e-09,-5.401662697358644e-08,0.05640101432800294
1787304739.2782464,1.8578093634166119e-09,-5.401662697358644e-08,0.056278228759765625
1787304739.3403952,1.8578093634166119e-09,-5.401662697358644e-08,0.056264400482177734
1787304739.3809807,1.8578093634166119e-09,-5.401662697358644e-08,0.05620908737182617
1787304739.4275334,1.8578093634166119e-09,-5.401662697358644e-08,0.05632829666137695
1787304739.4778683,1.8578093634166119e-09,-5.401662697358644e-08,0.05640673637390138
1787304739.5293403,1.8578093634166119e-09,-5.401662697358644e-08,0.05642223358154297
1787304739.5894115,1.8578093634166119e-09,-5.401662697358644e-08,0.05639648437500001
1787304739.6274936,1.8578093634166119e-09,-5.401662697358644e-08,0.05643653869628906
1787304739.6806817,1.8578093634166119e-09,-5.401662697358644e-08,0.05638957023620607
1787304739.7392511,2.5272311200424806e-05,1.3725279986257559e-06,0.05639290809631348
1787304739.7784805,1.816496024873381e-09,-5.328459548587981e-08,0.056331634521484375
1787304739.8276637,1.816496024873381e-09,-5.328459548587981e-08,0.05628705024719238
1787304739.877987,1.816496024873381e-09,-5.328459548587981e-08,0.056150197982788086
1787304739.9564252,1.816496024873381e-09,-5.328459548587981e-08,0.056218624114990234
1787304739.9770901,1.816496024873381e-09,-5.328459548587981e-08,0.056356430053710944
1787304740.0284612,1.816496024873381e-09,-5.328459548587981e-08,0.05652141571044922
1787304740.0954573,1.816496024873381e-09,-5.328459548587981e-08,0.05655479431152344
1787304740.1273615,1.816496024873381e-09,-5.328459548587981e-08,0.056591272354125984
1787304740.1772106,1.816496024873381e-09,-5.328459548587981e-08,0.05656027793884279
1787304740.2372932,1.816496024873381e-09,-5.328459548587981e-08,0.056519985198974616
1787304740.278551,1.816496024873381e-09,-5.328459548587981e-08,0.056444406509399414
1787304740.3303416,2.5272223448041667e-05,1.374082434431013e-06,0.056403160095214865
1787304740.3774517,1.828067422996382e-09,-5.348944321262044e-08,0.05646061897277832
1787304740.4288778,1.828067422996382e-09,-5.348944321262044e-08,0.05655264854431151
1787304740.4773762,1.828067422996382e-09,-5.348944321262044e-08,0.056557655334472656
1787304740.532347,1.828067422996382e-09,-5.348944321262044e-08,0.056557655334472656
1787304740.5788276,1.828067422996382e-09,-5.348944321262044e-08,0.056557655334472656
1787304740.6273026,1.828067422996382e-09,-5.348944321262044e-08,0.056557655334472656
1787304740.678181,1.828067422996382e-09,-5.348944321262044e-08,0.056557655334472656
1787304740.7369502,1.8990943849877303e-09,-5.474261588223922e-08,0.05648112297058105
1787304740.7803404,1.8990943849877303e-09,-5.474261588223922e-08,0.056444644927978516
1787304740.8277647,1.8990943849877303e-09,-5.474261588223922e-08,0.056386232376098626
1787304740.8772995,1.8990943849877303e-09,-5.474261588223922e-08,0.056386232376098626
1787304740.927616,1.8990943849877303e-09,-5.474261588223922e-08,0.056386232376098626
1787304740.9812858,1.8990943849877303e-09,-5.474261588223922e-08,0.056386232376098626
1787304741.0275953,2.5271926903608513e-05,1.379321078554663e-06,0.05674576759338379
1787304741.1094918,2.00070424436578e-09,-5.653199099034098e-08,0.05677342414855956
1787304741.1309538,2.00070424436578e-09,-5.653199099034098e-08,0.05677342414855956
1787304741.1798012,2.00070424436578e-09,-5.653199099034098e-08,0.05677342414855956
1787304741.2346425,2.00070424436578e-09,-5.653199099034098e-08,0.05677342414855956
1787304741.2915676,2.00070424436578e-09,-5.653199099034098e-08,0.056584358215332045
1787304741.3301768,2.00070424436578e-09,-5.653199099034098e-08,0.056584358215332045
1787304741.3774178,2.00070424436578e-09,-5.653199099034098e-08,0.056584358215332045
1787304741.4342804,2.00070424436578e-09,-5.653199099034098e-08,0.056584358215332045
1787304741.4775639,1.97580482480685e-09,-5.6092173978452084e-08,0.056664466857910156
1787304741.5273876,1.97580482480685e-09,-5.6092173978452084e-08,0.056664466857910156
1787304741.577546,1.97580482480685e-09,-5.6092173978452084e-08,0.056664466857910156
1787304741.6340535,1.97580482480685e-09,-5.6092173978452084e-08,0.056664466857910156
1787304741.6940262,1.97580482480685e-09,-5.6092173978452084e-08,0.05682992935180664
1787304741.734561,1.97580482480685e-09,-5.6092173978452084e-08,0.05682992935180664
1787304741.7814481,1.97580482480685e-09,-5.6092173978452084e-08,0.05682992935180664
1787304741.840738,1.97580482480685e-09,-5.6092173978452084e-08,0.05672931671142579
1787304741.8793736,1.97580482480685e-09,-5.6092173978452084e-08,0.056674957275390625
1787304741.929306,1.97580482480685e-09,-5.6092173978452084e-08,0.056674957275390625
1787304741.9774878,1.97580482480685e-09,-5.6092173978452084e-08,0.056674957275390625
1787304742.027185,1.97580482480685e-09,-5.6092173978452084e-08,0.056674957275390625
1787304742.0777555,1.97580482480685e-09,-5.6092173978452084e-08,0.056674957275390625
1787304742.1314363,1.97580482480685e-09,-5.6092173978452084e-08,0.056674957275390625
1787304742.3432379,1.97580482480685e-09,-5.6092173978452084e-08,0.05682206153869628
1787304742.4786139,1.97580482480685e-09,-5.6092173978452084e-08,0.056680679321289076
1787304742.5427952,1.97580482480685e-09,-5.6092173978452084e-08,0.05684328079223633
1787304742.5992684,1.97580482480685e-09,-5.6092173978452084e-08,0.056864261627197266
1787304742.6411057,1.97580482480685e-09,-5.6092173978452084e-08,0.056867122650146484
1787304742.6894543,1.97580482480685e-09,-5.6092173978452084e-08,0.056816101074218764
1787304742.7473457,1.97580482480685e-09,-5.6092173978452084e-08,0.05685114860534668
1787304742.7882645,1.97580482480685e-09,-5.6092173978452084e-08,0.05675816535949708
1787304742.8418372,1.97580482480685e-09,-5.6092173978452084e-08,0.0567474365234375
1787304742.8951883,1.97580482480685e-09,-5.6092173978452084e-08,0.05679726600646973
1787304742.9433737,1.97580482480685e-09,-5.6092173978452084e-08,0.05694055557250977
1787304742.9959674,1.97580482480685e-09,-5.6092173978452084e-08,0.05701708793640136
1787304743.0443976,1.97580482480685e-09,-5.6092173978452084e-08,0.05700421333312988
1787304743.0946732,1.97580482480685e-09,-5.6092173978452084e-08,0.05704951286315917
1787304743.1407912,1.97580482480685e-09,-5.6092173978452084e-08,0.05702996253967285
1787304743.2397645,1.97580482480685e-09,-5.6092173978452084e-08,0.05698418617248535
1787304743.289823,1.97580482480685e-09,-5.6092173978452084e-08,0.05689597129821777
1787304743.327434,1.97580482480685e-09,-5.6092173978452084e-08,0.05705285072326661
1787304743.3943405,1.97580482480685e-09,-5.6092173978452084e-08,0.05717968940734864
1787304743.451793,1.97580482480685e-09,-5.6092173978452084e-08,0.057154655456542976
1787304743.4970312,1.97580482480685e-09,-5.6092173978452084e-08,0.05721616744995117
1787304743.540915,1.97580482480685e-09,-5.6092173978452084e-08,0.05719399452209474
1787304743.644783,1.97580482480685e-09,-5.6092173978452084e-08,0.05722546577453613
1787304743.6915138,1.97580482480685e-09,-5.6092173978452084e-08,0.05728435516357422
1787304743.7395415,1.97580482480685e-09,-5.6092173978452084e-08,0.05723309516906738
1787304743.7976987,1.97580482480685e-09,-5.6092173978452084e-08,0.057096004486083984
1787304743.8407068,1.97580482480685e-09,-5.6092173978452084e-08,0.05698537826538086
1787304743.9016955,1.97580482480685e-09,-5.6092173978452084e-08,0.056886911392211914
1787304743.947546,1.97580482480685e-09,-5.6092173978452084e-08,0.05708599090576172
1787304743.9916885,1.97580482480685e-09,-5.6092173978452084e-08,0.0572056770324707
1787304744.041207,1.97580482480685e-09,-5.6092173978452084e-08,0.05729317665100098
1787304744.1038394,1.97580482480685e-09,-5.6092173978452084e-08,0.05741214752197266
1787304744.1476133,1.97580482480685e-09,-5.6092173978452084e-08,0.057365417480468764
1787304744.1834457,1.97580482480685e-09,-5.6092173978452084e-08,0.0573437213897705
1787304744.2303135,1.97580482480685e-09,-5.6092173978452084e-08,0.05724191665649414
1787304744.2873638,1.97580482480685e-09,-5.6092173978452084e-08,0.057217121124267585
1787304744.33325,1.97580482480685e-09,-5.6092173978452084e-08,0.05700993537902832
1787304744.3803284,1.97580482480685e-09,-5.6092173978452084e-08,0.057105064392089844
1787304744.4279957,1.97580482480685e-09,-5.6092173978452084e-08,0.057142019271850586
1787304744.4818268,1.97580482480685e-09,-5.6092173978452084e-08,0.057175874710083015
1787304744.5301404,1.97580482480685e-09,-5.6092173978452084e-08,0.057175874710083015
1787304744.5803747,1.97580482480685e-09,-5.6092173978452084e-08,0.057175874710083015
1787304744.6276095,1.97580482480685e-09,-5.6092173978452084e-08,0.057175874710083015
1787304744.677299,1.97580482480685e-09,-5.6092173978452084e-08,0.057175874710083015
1787304744.730373,1.97580482480685e-09,-5.6092173978452084e-08,0.05716967582702637
1787304744.8097394,1.97580482480685e-09,-5.6092173978452084e-08,0.05716967582702637
1787304744.82849,1.97580482480685e-09,-5.6092173978452084e-08,0.05716967582702637
1787304744.8785183,1.97580482480685e-09,-5.6092173978452084e-08,0.05716967582702637
1787304744.927634,1.97580482480685e-09,-5.6092173978452084e-08,0.05716967582702637
1787304744.9802294,1.97580482480685e-09,-5.6092173978452084e-08,0.05716967582702637
1787304745.0320761,1.97580482480685e-09,-5.6092173978452084e-08,0.05723476409912111
1787304745.0791993,1.97580482480685e-09,-5.6092173978452084e-08,0.05755352973937989
1787304745.1333103,1.97580482480685e-09,-5.6092173978452084e-08,0.05755352973937989
1787304745.1775894,1.97580482480685e-09,-5.6092173978452084e-08,0.05755352973937989
1787304745.2327244,1.97580482480685e-09,-5.6092173978452084e-08,0.05755352973937989
1787304745.2782881,1.97580482480685e-09,-5.6092173978452084e-08,0.05755352973937989
1787304745.395162,1.97580482480685e-09,-5.6092173978452084e-08,0.057434797286987305
1787304745.4332962,1.97580482480685e-09,-5.6092173978452084e-08,0.05752158164978027
1787304745.478458,1.97580482480685e-09,-5.6092173978452084e-08,0.05752158164978027
1787304745.527321,1.97580482480685e-09,-5.6092173978452084e-08,0.05752158164978027
1787304745.577161,1.97580482480685e-09,-5.6092173978452084e-08,0.05752158164978027
1787304745.6267376,1.97580482480685e-09,-5.6092173978452084e-08,0.057734012603759766
1787304745.6801648,1.97580482480685e-09,-5.6092173978452084e-08,0.05762386322021485
1787304745.7276819,1.97580482480685e-09,-5.6092173978452084e-08,0.05762386322021485
1787304745.7792225,1.97580482480685e-09,-5.6092173978452084e-08,0.05762386322021485
1787304745.8295448,1.97580482480685e-09,-5.6092173978452084e-08,0.05762386322021485
1787304745.8822298,1.97580482480685e-09,-5.6092173978452084e-08,0.05762386322021485
1787304745.9393837,1.97580482480685e-09,-5.6092173978452084e-08,0.05762386322021485
1787304745.9782274,1.97580482480685e-09,-5.6092173978452084e-08,0.05750298500061035
1787304746.0369604,2.5270472083268067e-05,1.40470897091828e-06,0.057802677154541016
1787304746.0779302,2.5270472083268067e-05,1.40470897091828e-06,0.057802677154541016
1787304746.1274657,2.5270472083268067e-05,1.40470897091828e-06,0.057802677154541016
1787304746.1808834,2.5270472083268067e-05,1.40470897091828e-06,0.057802677154541016
1787304746.2287188,2.084538760219667e-09,-5.797180737651189e-08,0.057729959487915046
1787304746.2780762,2.084538760219667e-09,-5.797180737651189e-08,0.057729959487915046
1787304746.327631,2.527060989375432e-05,1.4023262932360514e-06,0.057689905166625984
1787304746.3779678,2.052165887279255e-09,-5.7411529827853445e-08,0.057719707489013686
1787304746.428355,2.052165887279255e-09,-5.7411529827853445e-08,0.057719707489013686
1787304746.480941,2.052165887279255e-09,-5.7411529827853445e-08,0.057719707489013686
1787304746.527346,2.052165887279255e-09,-5.7411529827853445e-08,0.05782604217529297
1787304746.5782595,2.052165887279255e-09,-5.7411529827853445e-08,0.05806684494018555
1787304746.6291523,2.052165887279255e-09,-5.7411529827853445e-08,0.05795788764953613
1787304746.6783786,2.052165887279255e-09,-5.7411529827853445e-08,0.05794191360473633
1787304746.7291245,2.052165887279255e-09,-5.7411529827853445e-08,0.058004379272460944
1787304746.7784297,2.052165887279255e-09,-5.7411529827853445e-08,0.057981014251708984
1787304746.847694,2.052165887279255e-09,-5.7411529827853445e-08,0.05798983573913574
1787304746.891528,2.052165887279255e-09,-5.7411529827853445e-08,0.05792689323425294
1787304746.939301,2.052165887279255e-09,-5.7411529827853445e-08,0.057930231094360365
1787304746.99524,2.052165887279255e-09,-5.7411529827853445e-08,0.0578441619873047
1787304747.0415902,2.052165887279255e-09,-5.7411529827853445e-08,0.057829141616821296
1787304747.0786483,2.052165887279255e-09,-5.7411529827853445e-08,0.05777645111083986
1787304747.1282203,2.052165887279255e-09,-5.7411529827853445e-08,0.05777645111083986
1787304747.180244,2.052165887279255e-09,-5.7411529827853445e-08,0.05788278579711915
1787304747.2303655,2.052165887279255e-09,-5.7411529827853445e-08,0.057984352111816406
1787304747.279163,2.052165887279255e-09,-5.7411529827853445e-08,0.05810451507568359
1787304747.3327203,2.052165887279255e-09,-5.7411529827853445e-08,0.058459043502807624
1787304747.3775692,2.052165887279255e-09,-5.7411529827853445e-08,0.05840301513671876
1787304747.4303474,2.052165887279255e-09,-5.7411529827853445e-08,0.058349847793579095
1787304747.4796488,2.052165887279255e-09,-5.7411529827853445e-08,0.057992458343505866
1787304747.5448172,2.052165887279255e-09,-5.7411529827853445e-08,0.057913780212402344
1787304747.578397,2.052165887279255e-09,-5.7411529827853445e-08,0.05771160125732423
1787304747.627878,2.052165887279255e-09,-5.7411529827853445e-08,0.05775284767150878
1787304747.677568,2.052165887279255e-09,-5.7411529827853445e-08,0.05791449546813964
1787304747.7318168,2.052165887279255e-09,-5.7411529827853445e-08,0.05811786651611329
1787304747.7778194,2.052165887279255e-09,-5.7411529827853445e-08,0.05817461013793947
1787304747.8286455,2.052165887279255e-09,-5.7411529827853445e-08,0.058187961578369134
1787304747.878387,2.052165887279255e-09,-5.7411529827853445e-08,0.05817556381225587
1787304747.928225,2.052165887279255e-09,-5.7411529827853445e-08,0.058065652847290046
1787304747.9780207,2.052165887279255e-09,-5.7411529827853445e-08,0.05798196792602539
1787304748.0369356,2.052165887279255e-09,-5.7411529827853445e-08,0.05792403221130371
1787304748.0783348,2.5270264816267266e-05,1.4082874890055048e-06,0.057957410812377944
1787304748.1391773,2.1011029461624037e-09,-5.825494660112211e-08,0.05799078941345214
1787304748.1957874,2.1011029461624037e-09,-5.825494660112211e-08,0.058022260665893555
1787304748.241071,2.1011029461624037e-09,-5.825494660112211e-08,0.058160066604614265
1787304748.300091,2.1011029461624037e-09,-5.825494660112211e-08,0.05815458297729492
1787304748.355355,2.1011029461624037e-09,-5.825494660112211e-08,0.058315277099609375
1787304748.382166,2.1011029461624037e-09,-5.825494660112211e-08,0.058211326599121094
1787304748.4337482,2.1011029461624037e-09,-5.825494660112211e-08,0.05816197395324707
1787304748.606048,2.1011029461624037e-09,-5.825494660112211e-08,0.058098793029785156
1787304748.644463,2.1011029461624037e-09,-5.825494660112211e-08,0.058045387268066385
1787304748.6844614,2.1011029461624037e-09,-5.825494660112211e-08,0.05815458297729492
1787304748.9084055,2.1011029461624037e-09,-5.825494660112211e-08,0.05815458297729492
1787304748.9333134,2.1011029461624037e-09,-5.825494660112211e-08,0.05812239646911621
1787304748.9823122,2.1011029461624037e-09,-5.825494660112211e-08,0.058080196380615234
1787304749.0337465,2.1011029461624037e-09,-5.825494660112211e-08,0.0579833984375
1787304749.2043884,2.1011029461624037e-09,-5.825494660112211e-08,0.0579833984375
1787304749.2299738,2.2086160849214853e-09,-6.009838265489043e-08,0.05835533142089844
1787304749.279275,2.2086160849214853e-09,-6.009838265489043e-08,0.05838799476623535
1787304749.5102494,2.2086160849214853e-09,-6.009838265489043e-08,0.058412075042724616
1787304749.5350142,2.2086160849214853e-09,-6.009838265489043e-08,0.0581817626953125
1787304749.5869944,2.2086160849214853e-09,-6.009838265489043e-08,0.0581817626953125
1787304749.7140427,2.2086160849214853e-09,-6.009838265489043e-08,0.0581817626953125
1787304749.7316463,2.2086160849214853e-09,-6.009838265489043e-08,0.05853438377380371
1787304749.9374325,2.2086160849214853e-09,-6.009838265489043e-08,0.05853438377380371
1787304750.1400547,2.2086160849214853e-09,-6.009838265489043e-08,0.05831050872802734
1787304750.3287437,2.2086160849214853e-09,-6.009838265489043e-08,0.0585484504699707
1787304750.4777052,2.2086160849214853e-09,-6.009838265489043e-08,0.05838656425476074
1787304750.5300279,2.2086160849214853e-09,-6.009838265489043e-08,0.05850172042846679
1787304750.5822394,2.2086160849214853e-09,-6.009838265489043e-08,0.058634281158447266
1787304750.628484,2.2086160849214853e-09,-6.009838265489043e-08,0.05884361267089845
1787304750.7009058,2.2086160849214853e-09,-6.009838265489043e-08,0.058803558349609375
1787304750.7282777,2.2086160849214853e-09,-6.009838265489043e-08,0.058839321136474616
1787304750.7775288,2.2086160849214853e-09,-6.009838265489043e-08,0.05872797966003418
1787304750.8280122,2.2086160849214853e-09,-6.009838265489043e-08,0.05870819091796874
1787304750.87922,2.2086160849214853e-09,-6.009838265489043e-08,0.05860185623168945
1787304750.9313111,2.2086160849214853e-09,-6.009838265489043e-08,0.05855035781860353
1787304750.977457,2.2086160849214853e-09,-6.009838265489043e-08,0.05858922004699708
1787304751.0340655,2.2086160849214853e-09,-6.009838265489043e-08,0.05862045288085938
1787304751.0791218,2.2086160849214853e-09,-6.009838265489043e-08,0.0588364601135254
1787304751.12838,2.2086160849214853e-09,-6.009838265489043e-08,0.058877468109130866
1787304751.182467,2.2086160849214853e-09,-6.009838265489043e-08,0.05891203880310059
1787304751.2286897,2.2086160849214853e-09,-6.009838265489043e-08,0.058881282806396484
1787304751.2790828,2.2086160849214853e-09,-6.009838265489043e-08,0.05882358551025391
1787304751.3312476,2.2086160849214853e-09,-6.009838265489043e-08,0.05880570411682128
1787304751.3783894,2.2086160849214853e-09,-6.009838265489043e-08,0.058677673339843764
1787304751.4324124,2.2086160849214853e-09,-6.009838265489043e-08,0.05871081352233887
1787304751.4821966,2.2086160849214853e-09,-6.009838265489043e-08,0.05877351760864258
1787304751.5277193,2.2086160849214853e-09,-6.009838265489043e-08,0.058971405029296875
1787304751.5771933,2.2086160849214853e-09,-6.009838265489043e-08,0.05900120735168456
1787304751.6291733,2.2086160849214853e-09,-6.009838265489043e-08,0.05906319618225098
1787304751.679624,2.2086160849214853e-09,-6.009838265489043e-08,0.059015512466430664
1787304751.7289746,2.2086160849214853e-09,-6.009838265489043e-08,0.05900621414184571
1787304751.7775025,2.2086160849214853e-09,-6.009838265489043e-08,0.05897903442382813
1787304751.8273866,2.2086160849214853e-09,-6.009838265489043e-08,0.05892586708068848
1787304751.8811915,2.2086160849214853e-09,-6.009838265489043e-08,0.05890655517578126
1787304751.9281306,2.2086160849214853e-09,-6.009838265489043e-08,0.05904841423034668
1787304751.9825928,2.2086160849214853e-09,-6.009838265489043e-08,0.05914616584777833
1787304752.0284781,2.2086160849214853e-09,-6.009838265489043e-08,0.059116363525390625
1787304752.0775795,2.2086160849214853e-09,-6.009838265489043e-08,0.059181213378906236
1787304752.1288192,2.2086160849214853e-09,-6.009838265489043e-08,0.0591130256652832
1787304752.177699,2.2086160849214853e-09,-6.009838265489043e-08,0.0589594841003418
1787304752.2273674,2.2086160849214853e-09,-6.009838265489043e-08,0.05900955200195312
1787304752.2836246,2.2086160849214853e-09,-6.009838265489043e-08,0.05904316902160646
1787304752.3274627,2.2086160849214853e-09,-6.009838265489043e-08,0.059086322784423835
1787304752.383385,2.2086160849214853e-09,-6.009838265489043e-08,0.059100389480590834
1787304752.4330678,2.2086160849214853e-09,-6.009838265489043e-08,0.05923914909362792
1787304752.4773893,2.2086160849214853e-09,-6.009838265489043e-08,0.05926227569580078
1787304752.529298,2.2086160849214853e-09,-6.009838265489043e-08,0.0592355728149414
1787304752.5772133,2.2086160849214853e-09,-6.009838265489043e-08,0.05911827087402345
1787304752.6270628,2.2086160849214853e-09,-6.009838265489043e-08,0.059081315994262695
1787304752.6885524,2.2086160849214853e-09,-6.009838265489043e-08,0.0590500831604004
1787304752.7313526,2.2086160849214853e-09,-6.009838265489043e-08,0.058829307556152344
1787304752.7865436,2.2086160849214853e-09,-6.009838265489043e-08,0.058699131011962905
1787304752.8412962,2.5269276552368064e-05,1.4252036276732375e-06,0.05873394012451172
1787304752.88157,2.391535066688247e-09,-6.320682683978221e-08,0.05894517898559572
1787304752.940637,2.391535066688247e-09,-6.320682683978221e-08,0.05904436111450194
1787304752.9866774,2.391535066688247e-09,-6.320682683978221e-08,0.05911421775817871
1787304753.044238,2.391535066688247e-09,-6.320682683978221e-08,0.0593562126159668
1787304753.0939236,2.391535066688247e-09,-6.320682683978221e-08,0.05933332443237305
1787304753.144344,2.391535066688247e-09,-6.320682683978221e-08,0.059272050857543945
1787304753.1803002,2.391535066688247e-09,-6.320682683978221e-08,0.059126377105712905
1787304753.240766,2.391535066688247e-09,-6.320682683978221e-08,0.05905151367187499
1787304753.2899008,2.391535066688247e-09,-6.320682683978221e-08,0.05908083915710449
1787304753.3433423,2.391535066688247e-09,-6.320682683978221e-08,0.05927467346191407
1787304753.3871949,2.391535066688247e-09,-6.320682683978221e-08,0.05939936637878418
1787304753.4413624,2.391535066688247e-09,-6.320682683978221e-08,0.05951333045959473
1787304753.5138607,2.391535066688247e-09,-6.320682683978221e-08,0.0596151351928711
1787304753.5293474,2.391535066688247e-09,-6.320682683978221e-08,0.05954170227050781
1787304753.5926797,2.391535066688247e-09,-6.320682683978221e-08,0.059493541717529304
1787304753.6308713,2.391535066688247e-09,-6.320682683978221e-08,0.05913186073303223
1787304753.683324,2.391535066688247e-09,-6.320682683978221e-08,0.05914521217346192
1787304753.7306314,2.391535066688247e-09,-6.320682683978221e-08,0.059010267257690444
1787304753.7801285,2.391535066688247e-09,-6.320682683978221e-08,0.05915188789367676
1787304753.8276796,2.391535066688247e-09,-6.320682683978221e-08,0.05935001373291016
1787304753.8904843,2.391535066688247e-09,-6.320682683978221e-08,0.05945920944213867
1787304753.929712,2.391535066688247e-09,-6.320682683978221e-08,0.05952024459838867
1787304753.9966607,2.391535066688247e-09,-6.320682683978221e-08,0.05949139595031738
1787304754.0332112,2.391535066688247e-09,-6.320682683978221e-08,0.059424400329589844
1787304754.1034088,2.391535066688247e-09,-6.320682683978221e-08,0.05933713912963868
1787304754.1271877,2.391535066688247e-09,-6.320682683978221e-08,0.05917620658874512
1787304754.181816,2.391535066688247e-09,-6.320682683978221e-08,0.0593404769897461
1787304754.2279067,2.391535066688247e-09,-6.320682683978221e-08,0.059582233428955064
1787304754.2872648,2.391535066688247e-09,-6.320682683978221e-08,0.059644937515258775
1787304754.3284667,2.391535066688247e-09,-6.320682683978221e-08,0.05964756011962891
1787304754.3792393,2.391535066688247e-09,-6.320682683978221e-08,0.05984354019165039
1787304754.428475,2.391535066688247e-09,-6.320682683978221e-08,0.05979704856872558
1787304754.478384,2.391535066688247e-09,-6.320682683978221e-08,0.05970263481140136
1787304754.5293143,2.391535066688247e-09,-6.320682683978221e-08,0.05970263481140136
1787304754.5824387,2.391535066688247e-09,-6.320682683978221e-08,0.0594339370727539
1787304754.6274834,2.391535066688247e-09,-6.320682683978221e-08,0.0594339370727539
1787304754.6781735,2.391535066688247e-09,-6.320682683978221e-08,0.05957531929016113
1787304754.7275414,2.391535066688247e-09,-6.320682683978221e-08,0.05955839157104493
1787304754.7794583,2.391535066688247e-09,-6.320682683978221e-08,0.05955839157104493
1787304754.8276362,2.391535066688247e-09,-6.320682683978221e-08,0.05955839157104493
1787304754.87742,2.391535066688247e-09,-6.320682683978221e-08,0.05955839157104493
1787304754.9274862,2.391535066688247e-09,-6.320682683978221e-08,0.05955839157104493
1787304754.9771419,2.391535066688247e-09,-6.320682683978221e-08,0.05986762046813965
1787304755.0286252,2.391535066688247e-09,-6.320682683978221e-08,0.059780836105346694
1787304755.0791473,2.391535066688247e-09,-6.320682683978221e-08,0.059780836105346694
1787304755.129234,2.391535066688247e-09,-6.320682683978221e-08,0.059780836105346694
1787304755.1794672,2.391535066688247e-09,-6.320682683978221e-08,0.05969524383544922
1787304755.2295818,2.391535066688247e-09,-6.320682683978221e-08,0.05969524383544922
1787304755.287527,2.391535066688247e-09,-6.320682683978221e-08,0.05969524383544922
1787304755.342719,2.5267707023752137e-05,1.4516124415297189e-06,0.0598902702331543
1787304755.3778617,2.407246931484245e-09,-6.346885860525143e-08,0.05990004539489747
1787304755.5365343,2.407246931484245e-09,-6.346885860525143e-08,0.05990004539489747
1787304755.5783708,2.407246931484245e-09,-6.346885860525143e-08,0.05990004539489747
1787304755.6331115,2.407246931484245e-09,-6.346885860525143e-08,0.059740781784057624
1787304755.6781104,2.407246931484245e-09,-6.346885860525143e-08,0.059740781784057624
1787304755.727233,2.407246931484245e-09,-6.346885860525143e-08,0.059740781784057624
1787304755.7777278,2.407246931484245e-09,-6.346885860525143e-08,0.059740781784057624
1787304755.8291607,2.407246931484245e-09,-6.346885860525143e-08,0.059740781784057624
1787304755.880327,2.407246931484245e-09,-6.346885860525143e-08,0.05985617637634277
1787304755.9292734,2.407246931484245e-09,-6.346885860525143e-08,0.05985617637634277
1787304755.9773726,2.407246931484245e-09,-6.346885860525143e-08,0.05985617637634277
1787304756.0291345,2.407246931484245e-09,-6.346885860525143e-08,0.05985617637634277
1787304756.079669,2.407246931484245e-09,-6.346885860525143e-08,0.05985617637634277
1787304756.1584225,2.407246931484245e-09,-6.346885860525143e-08,0.05971980094909669
1787304756.179419,2.407246931484245e-09,-6.346885860525143e-08,0.05980324745178223
1787304756.228307,2.407246931484245e-09,-6.346885860525143e-08,0.05980324745178223
1787304756.2787147,2.407246931484245e-09,-6.346885860525143e-08,0.05980324745178223
1787304756.3314183,2.407246931484245e-09,-6.346885860525143e-08,0.05980324745178223
1787304756.3784049,2.407246931484245e-09,-6.346885860525143e-08,0.05980324745178223
1787304756.4339826,2.407246931484245e-09,-6.346885860525143e-08,0.05978989601135255
1787304756.4891346,2.407246931484245e-09,-6.346885860525143e-08,0.059729337692260735
1787304756.5281405,2.407246931484245e-09,-6.346885860525143e-08,0.05961060523986815
1787304756.5791872,2.407246931484245e-09,-6.346885860525143e-08,0.059581041336059584
1787304756.627695,2.407246931484245e-09,-6.346885860525143e-08,0.0593705177307129
1787304756.6773996,2.407246931484245e-09,-6.346885860525143e-08,0.0595088005065918
1787304756.728534,2.407246931484245e-09,-6.346885860525143e-08,0.05964660644531251
1787304756.7774096,2.407246931484245e-09,-6.346885860525143e-08,0.059774637222290046
1787304756.832027,2.407246931484245e-09,-6.346885860525143e-08,0.059992313385009766
1787304756.877718,2.407246931484245e-09,-6.346885860525143e-08,0.0600883960723877
1787304756.927992,2.407246931484245e-09,-6.346885860525143e-08,0.06015896797180175
1787304756.9804323,2.407246931484245e-09,-6.346885860525143e-08,0.0601351261138916
1787304757.0325785,2.407246931484245e-09,-6.346885860525143e-08,0.06004810333251953
1787304757.0780141,2.407246931484245e-09,-6.346885860525143e-08,0.05992555618286134
1787304757.1279542,2.407246931484245e-09,-6.346885860525143e-08,0.0599339008331299
1787304757.180469,2.407246931484245e-09,-6.346885860525143e-08,0.0599370002746582
1787304757.227448,2.407246931484245e-09,-6.346885860525143e-08,0.06020259857177735
1787304757.2777512,2.407246931484245e-09,-6.346885860525143e-08,0.060310125350952155
1787304757.3281658,2.407246931484245e-09,-6.346885860525143e-08,0.06034016609191896
1787304757.3795269,2.407246931484245e-09,-6.346885860525143e-08,0.06034016609191896
1787304757.4277198,2.407246931484245e-09,-6.346885860525143e-08,0.06034016609191896
1787304757.479745,2.407246931484245e-09,-6.346885860525143e-08,0.06028699874877929
1787304757.5278096,2.407246931484245e-09,-6.346885860525143e-08,0.06028699874877929
1787304757.5793881,2.407246931484245e-09,-6.346885860525143e-08,0.06028699874877929
1787304757.6286445,2.407246931484245e-09,-6.346885860525143e-08,0.060159921646118164
1787304757.6830046,2.407246931484245e-09,-6.346885860525143e-08,0.06026530265808107
1787304757.7291374,2.407246931484245e-09,-6.346885860525143e-08,0.06035852432250978
1787304757.779095,2.407246931484245e-09,-6.346885860525143e-08,0.060458183288574226
1787304757.8274727,2.5266764630685393e-05,1.467246707589761e-06,0.06056976318359376
1787304757.878194,2.4428364829554537e-09,-6.405614868008541e-08,0.06050467491149903
1787304757.9274778,2.4428364829554537e-09,-6.405614868008541e-08,0.06041884422302246
1787304757.978264,2.4428364829554537e-09,-6.405614868008541e-08,0.06037545204162596
1787304758.0295084,2.4428364829554537e-09,-6.405614868008541e-08,0.06024146080017091
1787304758.085203,2.4428364829554537e-09,-6.405614868008541e-08,0.06019973754882813
1787304758.1276543,2.5267252744928844e-05,1.4591721496149506e-06,0.060235500335693366
1787304758.1772335,2.6588104032150756e-09,-6.763415184019136e-08,0.06048297882080077
1787304758.2303042,2.6588104032150756e-09,-6.763415184019136e-08,0.06072115898132324
1787304758.277411,2.6588104032150756e-09,-6.763415184019136e-08,0.06081748008728029
1787304758.326922,2.5266520734046725e-05,1.4712371428781178e-06,0.060856103897094734
1787304758.379584,2.6378996922064727e-09,-6.72908193765392e-08,0.060790300369262695
1787304758.4291427,2.6378996922064727e-09,-6.72908193765392e-08,0.06075882911682129
1787304758.4781175,2.6378996922064727e-09,-6.72908193765392e-08,0.0606667995452881
1787304758.530148,2.6378996922064727e-09,-6.72908193765392e-08,0.0606667995452881
1787304758.5771642,2.6378996922064727e-09,-6.72908193765392e-08,0.0606667995452881
1787304758.6290352,2.6378996922064727e-09,-6.72908193765392e-08,0.06065559387207031
1787304758.6781263,2.6378996922064727e-09,-6.72908193765392e-08,0.06065559387207031
1787304758.7276387,2.6378996922064727e-09,-6.72908193765392e-08,0.06065559387207031
1787304758.7819042,2.6378996922064727e-09,-6.72908193765392e-08,0.06065559387207031
1787304758.8330998,2.6378996922064727e-09,-6.72908193765392e-08,0.06065559387207031
1787304758.8774936,2.6378996922064727e-09,-6.72908193765392e-08,0.06096863746643067
1787304758.928638,2.6378996922064727e-09,-6.72908193765392e-08,0.06096863746643067
1787304758.977861,2.6378996922064727e-09,-6.72908193765392e-08,0.06096863746643067
1787304759.0272505,2.6378996922064727e-09,-6.72908193765392e-08,0.06096863746643067
1787304759.07877,2.6378996922064727e-09,-6.72908193765392e-08,0.06084418296813965
1787304759.1309166,2.6378996922064727e-09,-6.72908193765392e-08,0.06084418296813965
1787304759.1799157,2.6378996922064727e-09,-6.72908193765392e-08,0.06084418296813965
1787304759.2307777,2.6378996922064727e-09,-6.72908193765392e-08,0.06084418296813965
1787304759.2774208,2.6378996922064727e-09,-6.72908193765392e-08,0.060880422592163086
1787304759.345935,2.6378996922064727e-09,-6.72908193765392e-08,0.06131362915039064
1787304759.3800595,2.6378996922064727e-09,-6.72908193765392e-08,0.06131362915039064
1787304759.4273572,2.6378996922064727e-09,-6.72908193765392e-08,0.06131362915039064
1787304759.4844947,2.6378996922064727e-09,-6.72908193765392e-08,0.061094045639038086
1787304759.5271542,2.6378996922064727e-09,-6.72908193765392e-08,0.06113100051879882
1787304759.578344,2.6378996922064727e-09,-6.72908193765392e-08,0.06113100051879882
1787304759.6322317,2.6378996922064727e-09,-6.72908193765392e-08,0.06113100051879882
1787304759.6776695,2.6378996922064727e-09,-6.72908193765392e-08,0.06113100051879882
1787304759.7283673,2.6378996922064727e-09,-6.72908193765392e-08,0.06113100051879882
1787304759.7766345,2.6378996922064727e-09,-6.72908193765392e-08,0.06145215034484863
1787304759.8321886,2.6378996922064727e-09,-6.72908193765392e-08,0.06145215034484863
1787304759.8776095,2.6378996922064727e-09,-6.72908193765392e-08,0.06141781806945801
1787304759.9298759,2.6378996922064727e-09,-6.72908193765392e-08,0.06141781806945801
1787304759.9780498,2.6378996922064727e-09,-6.72908193765392e-08,0.06141781806945801
1787304760.0336082,2.6378996922064727e-09,-6.72908193765392e-08,0.06141781806945801
1787304760.0831103,2.6378996922064727e-09,-6.72908193765392e-08,0.06139373779296874
1787304760.1291976,2.6378996922064727e-09,-6.72908193765392e-08,0.06139373779296874
1787304760.1782334,2.6378996922064727e-09,-6.72908193765392e-08,0.06150245666503907
1787304760.22776,2.6378996922064727e-09,-6.72908193765392e-08,0.06150245666503907
1787304760.277355,2.6378996922064727e-09,-6.72908193765392e-08,0.06150245666503907
1787304760.331103,2.6378996922064727e-09,-6.72908193765392e-08,0.06150245666503907
1787304760.3780432,2.6378996922064727e-09,-6.72908193765392e-08,0.061949491500854485
1787304760.4310105,2.6378996922064727e-09,-6.72908193765392e-08,0.061949491500854485
1787304760.4771297,2.6378996922064727e-09,-6.72908193765392e-08,0.06188631057739258
1787304760.5285063,2.6378996922064727e-09,-6.72908193765392e-08,0.061747074127197266
1787304760.577871,2.6378996922064727e-09,-6.72908193765392e-08,0.061652183532714844
1787304760.6307948,2.6378996922064727e-09,-6.72908193765392e-08,0.061627149581909194
1787304760.6797712,2.6378996922064727e-09,-6.72908193765392e-08,0.06166934967041015
1787304760.7281528,2.526508724615995e-05,1.4945981574024902e-06,0.061826467514038086
1787304760.7776916,2.832479444748174e-09,-7.043483273145142e-08,0.061918258666992194
1787304760.832603,2.832479444748174e-09,-7.043483273145142e-08,0.06195020675659181
1787304760.8831122,2.832479444748174e-09,-7.043483273145142e-08,0.061990499496459975
1787304760.9357376,2.832479444748174e-09,-7.043483273145142e-08,0.06190896034240725
1787304760.981339,2.832479444748174e-09,-7.043483273145142e-08,0.06189584732055664
1787304761.0271904,2.832479444748174e-09,-7.043483273145142e-08,0.061687469482421875
1787304761.0771844,2.832479444748174e-09,-7.043483273145142e-08,0.06157040596008301
1787304761.128307,2.832479444748174e-09,-7.043483273145142e-08,0.061621427536010735
1787304761.1774826,2.832479444748174e-09,-7.043483273145142e-08,0.06178808212280272
1787304761.2274542,2.832479444748174e-09,-7.043483273145142e-08,0.061856746673583984
1787304761.2795537,2.832479444748174e-09,-7.043483273145142e-08,0.0620725154876709
1787304761.3290806,2.832479444748174e-09,-7.043483273145142e-08,0.0621922016143799
1787304761.3827088,2.832479444748174e-09,-7.043483273145142e-08,0.062111854553222656
1787304761.4414694,2.832479444748174e-09,-7.043483273145142e-08,0.06206130981445312
1787304761.4785607,2.526484945615991e-05,1.4984317730663056e-06,0.06198692321777343
1787304761.5274224,2.738265209390134e-09,-6.891705048413683e-08,0.06194114685058595
1787304761.5793774,2.738265209390134e-09,-6.891705048413683e-08,0.06199431419372559
1787304761.6277907,2.738265209390134e-09,-6.891705048413683e-08,0.061942815780639655
1787304761.6771374,2.738265209390134e-09,-6.891705048413683e-08,0.06206750869750978
1787304761.7285132,2.738265209390134e-09,-6.891705048413683e-08,0.06213045120239258
1787304761.7802682,2.738265209390134e-09,-6.891705048413683e-08,0.06236171722412111
1787304761.829091,2.738265209390134e-09,-6.891705048413683e-08,0.06234264373779297
1787304761.8776107,2.738265209390134e-09,-6.891705048413683e-08,0.06230497360229492
1787304761.927256,2.738265209390134e-09,-6.891705048413683e-08,0.06207060813903809
1787304761.9785929,2.738265209390134e-09,-6.891705048413683e-08,0.0619184970855713
1787304762.0274165,2.5264933685635196e-05,1.4970735940759881e-06,0.06190204620361329
1787304762.0774474,2.77616877467955e-09,-6.952838216436142e-08,0.0619668960571289
1787304762.1372626,2.77616877467955e-09,-6.952838216436142e-08,0.062112331390380866
1787304762.1951578,2.77616877467955e-09,-6.952838216436142e-08,0.062155961990356445
1787304762.2473783,2.77616877467955e-09,-6.952838216436142e-08,0.06221199035644532
1787304762.2920988,2.77616877467955e-09,-6.952838216436142e-08,0.062188148498535156
1787304762.3413014,2.77616877467955e-09,-6.952838216436142e-08,0.062252044677734375
1787304762.3975003,2.77616877467955e-09,-6.952838216436142e-08,0.062202453613281264
1787304762.4366393,2.77616877467955e-09,-6.952838216436142e-08,0.06209707260131836
1787304762.4962204,2.77616877467955e-09,-6.952838216436142e-08,0.0620753765106201
1787304762.551011,2.77616877467955e-09,-6.952838216436142e-08,0.062036752700805664
1787304762.5775347,2.77616877467955e-09,-6.952838216436142e-08,0.06212186813354492
1787304762.634339,2.77616877467955e-09,-6.952838216436142e-08,0.06217837333679199
1787304762.6856868,2.77616877467955e-09,-6.952838216436142e-08,0.06231784820556641
1787304762.7389002,2.77616877467955e-09,-6.952838216436142e-08,0.06250309944152832
1787304762.7928274,2.77616877467955e-09,-6.952838216436142e-08,0.06251049041748047
1787304762.8332975,2.77616877467955e-09,-6.952838216436142e-08,0.06236886978149416
1787304762.893969,2.77616877467955e-09,-6.952838216436142e-08,0.062292575836181634
1787304762.9491868,2.77616877467955e-09,-6.952838216436142e-08,0.06227946281433107
1787304763.003062,2.77616877467955e-09,-6.952838216436142e-08,0.06222724914550781
1787304763.0419059,2.77616877467955e-09,-6.952838216436142e-08,0.062268972396850586
1787304763.0906157,2.77616877467955e-09,-6.952838216436142e-08,0.062337875366210944
1787304763.1381161,2.77616877467955e-09,-6.952838216436142e-08,0.0624210834503174
1787304763.1786811,2.77616877467955e-09,-6.952838216436142e-08,0.06251692771911622
1787304763.2373002,2.77616877467955e-09,-6.952838216436142e-08,0.06255912780761719
1787304763.3095503,2.77616877467955e-09,-6.952838216436142e-08,0.06243753433227539
1787304763.3295016,2.77616877467955e-09,-6.952838216436142e-08,0.06244635581970215
1787304763.3791592,2.77616877467955e-09,-6.952838216436142e-08,0.06237983703613281
1787304763.4391446,2.77616877467955e-09,-6.952838216436142e-08,0.06240153312683107
1787304763.4981613,2.77616877467955e-09,-6.952838216436142e-08,0.06244826316833497
1787304763.536043,2.77616877467955e-09,-6.952838216436142e-08,0.06253671646118165
1787304763.5849013,2.77616877467955e-09,-6.952838216436142e-08,0.06260442733764648
1787304763.6339045,2.77616877467955e-09,-6.952838216436142e-08,0.06263327598571777
1787304763.685621,2.77616877467955e-09,-6.952838216436142e-08,0.06264781951904298
1787304763.7470531,2.526387204322308e-05,1.5141001666306207e-06,0.06256914138793945
1787304763.7963119,2.6833308717835454e-09,-6.80467916535264e-08,0.06253051757812501
1787304763.8383489,2.6833308717835454e-09,-6.80467916535264e-08,0.06245660781860353
1787304763.8796787,2.6833308717835454e-09,-6.80467916535264e-08,0.06243443489074707
1787304763.9368372,2.6833308717835454e-09,-6.80467916535264e-08,0.062460899353027344
1787304763.9931512,2.6833308717835454e-09,-6.80467916535264e-08,0.06242394447326661
1787304764.0274854,2.6833308717835454e-09,-6.80467916535264e-08,0.0625448226928711
1787304764.0808506,2.6833308717835454e-09,-6.80467916535264e-08,0.06258583068847658
1787304764.128204,2.6833308717835454e-09,-6.80467916535264e-08,0.06269311904907227
1787304764.1810462,2.6833308717835454e-09,-6.80467916535264e-08,0.06288671493530275
1787304764.2273822,2.6833308717835454e-09,-6.80467916535264e-08,0.06284618377685548
1787304764.2777312,2.6833308717835454e-09,-6.80467916535264e-08,0.06274223327636719
1787304764.3274505,2.6833308717835454e-09,-6.80467916535264e-08,0.06270122528076173
1787304764.3859081,2.6833308717835454e-09,-6.80467916535264e-08,0.06254887580871582
1787304764.4304671,2.6833308717835454e-09,-6.80467916535264e-08,0.06251692771911622
1787304764.4774513,2.6833308717835454e-09,-6.80467916535264e-08,0.06254887580871582
1787304764.5276997,2.6833308717835454e-09,-6.80467916535264e-08,0.06272411346435548
1787304764.5783055,2.6833308717835454e-09,-6.80467916535264e-08,0.06281638145446777
1787304764.626993,2.6833308717835454e-09,-6.80467916535264e-08,0.06304526329040529
1787304764.6771362,2.6833308717835454e-09,-6.80467916535264e-08,0.06311941146850586
1787304764.742293,2.6833308717835454e-09,-6.80467916535264e-08,0.06307005882263184
1787304764.7921438,2.6833308717835454e-09,-6.80467916535264e-08,0.06303834915161134
1787304764.8415778,2.6833308717835454e-09,-6.80467916535264e-08,0.06285953521728516
1787304764.8895104,2.6833308717835454e-09,-6.80467916535264e-08,0.06259632110595703
1787304764.9316468,2.6833308717835454e-09,-6.80467916535264e-08,0.0625734329223633
1787304764.9868536,2.6833308717835454e-09,-6.80467916535264e-08,0.06267333030700684
1787304765.04124,2.6833308717835454e-09,-6.80467916535264e-08,0.06290602684020996
1787304765.0951018,2.6833308717835454e-09,-6.80467916535264e-08,0.06300234794616699
1787304765.1438825,2.6833308717835454e-09,-6.80467916535264e-08,0.06300091743469238
1787304765.1823928,2.6833308717835454e-09,-6.80467916535264e-08,0.06299591064453126
1787304765.2412236,2.6833308717835454e-09,-6.80467916535264e-08,0.06297087669372559
1787304765.2939458,2.6833308717835454e-09,-6.80467916535264e-08,0.06285524368286133
1787304765.340206,2.6833308717835454e-09,-6.80467916535264e-08,0.06279826164245607
1787304765.4021995,2.6833308717835454e-09,-6.80467916535264e-08,0.0627598762512207
1787304765.4452188,2.6833308717835454e-09,-6.80467916535264e-08,0.06296205520629883
1787304765.4895935,2.6833308717835454e-09,-6.80467916535264e-08,0.06305932998657228
1787304765.5275574,2.6833308717835454e-09,-6.80467916535264e-08,0.06321787834167482
1787304765.5857933,2.6833308717835454e-09,-6.80467916535264e-08,0.06336569786071777
1787304765.6282334,2.6833308717835454e-09,-6.80467916535264e-08,0.0633702278137207
1787304765.6794786,2.526261980299325e-05,1.5339686836212896e-06,0.06330251693725587
1787304765.7282927,2.474047149463157e-09,-6.474347063274094e-08,0.06310868263244629
1787304765.7777767,2.474047149463157e-09,-6.474347063274094e-08,0.06297707557678221
1787304765.8284066,2.474047149463157e-09,-6.474347063274094e-08,0.06291747093200685
1787304765.895572,2.474047149463157e-09,-6.474347063274094e-08,0.0630359649658203
1787304765.935547,2.474047149463157e-09,-6.474347063274094e-08,0.06301236152648926
1787304766.0003679,2.474047149463157e-09,-6.474347063274094e-08,0.06314682960510254
1787304766.0497656,2.474047149463157e-09,-6.474347063274094e-08,0.06342434883117679
1787304766.084941,2.474047149463157e-09,-6.474347063274094e-08,0.06358861923217775
1787304766.151038,2.474047149463157e-09,-6.474347063274094e-08,0.06354188919067384
1787304766.1980526,2.474047149463157e-09,-6.474347063274094e-08,0.06351256370544432
1787304766.2434218,2.526215160990216e-05,1.5413491743913189e-06,0.06348299980163574
1787304766.2787702,2.4139460403320564e-09,-6.379795640779419e-08,0.06343770027160645
1787304766.3274875,2.4139460403320564e-09,-6.379795640779419e-08,0.06338882446289064
1787304766.378539,2.4139460403320564e-09,-6.379795640779419e-08,0.0634026527404785
1787304766.4282901,2.4139460403320564e-09,-6.379795640779419e-08,0.06349754333496095
1787304766.478429,2.4139460403320564e-09,-6.379795640779419e-08,0.06361436843872069
1787304766.5374858,2.4139460403320564e-09,-6.379795640779419e-08,0.06361436843872069
1787304766.5772235,2.4139460403320564e-09,-6.379795640779419e-08,0.06361436843872069
1787304766.6290822,2.522458569687594e-09,-6.54992562905197e-08,0.06375503540039061
1787304766.6802883,2.522458569687594e-09,-6.54992562905197e-08,0.06375503540039061
1787304766.730072,2.522458569687594e-09,-6.54992562905197e-08,0.06362390518188478
1787304766.7842915,2.522458569687594e-09,-6.54992562905197e-08,0.06362390518188478
1787304766.8274026,2.522458569687594e-09,-6.54992562905197e-08,0.06362390518188478
1787304766.8794034,2.522458569687594e-09,-6.54992562905197e-08,0.06362390518188478
1787304766.9293118,2.522458569687594e-09,-6.54992562905197e-08,0.06371331214904787
1787304766.9782221,2.522458569687594e-09,-6.54992562905197e-08,0.06371331214904787
1787304767.032649,2.522458569687594e-09,-6.54992562905197e-08,0.06411719322204593
1787304767.0773146,2.522458569687594e-09,-6.54992562905197e-08,0.06411719322204593
1787304767.1283915,2.522458569687594e-09,-6.54992562905197e-08,0.06411719322204593
1787304767.1804583,2.522458569687594e-09,-6.54992562905197e-08,0.06411719322204593
1787304767.2281017,2.522458569687594e-09,-6.54992562905197e-08,0.06411719322204593
1787304767.307995,2.522458569687594e-09,-6.54992562905197e-08,0.06395506858825682
1787304767.346965,2.522458569687594e-09,-6.54992562905197e-08,0.06406474113464355
1787304767.3841958,2.522458569687594e-09,-6.54992562905197e-08,0.06412291526794434
1787304767.429112,2.522458569687594e-09,-6.54992562905197e-08,0.06412291526794434
1787304767.477849,2.522458569687594e-09,-6.54992562905197e-08,0.06412291526794434
1787304767.5272245,2.522458569687594e-09,-6.54992562905197e-08,0.06412291526794434
1787304767.581657,2.522458569687594e-09,-6.54992562905197e-08,0.06399130821228027
1787304767.6302683,2.522458569687594e-09,-6.54992562905197e-08,0.06399130821228027
1787304767.6815872,2.522458569687594e-09,-6.54992562905197e-08,0.06399130821228027
1787304767.728586,2.522458569687594e-09,-6.54992562905197e-08,0.06399130821228027
1787304767.7811384,2.522458569687594e-09,-6.54992562905197e-08,0.0641326904296875
1787304767.829821,2.522458569687594e-09,-6.54992562905197e-08,0.0641326904296875
1787304767.8777452,2.522458569687594e-09,-6.54992562905197e-08,0.0641326904296875
1787304767.9277136,2.522458569687594e-09,-6.54992562905197e-08,0.0641326904296875
1787304767.9784787,2.522458569687594e-09,-6.54992562905197e-08,0.06461095809936523
1787304768.0331979,2.522458569687594e-09,-6.54992562905197e-08,0.06461095809936523
1787304768.0773277,2.522458569687594e-09,-6.54992562905197e-08,0.06461095809936523
1787304768.1285565,2.522458569687594e-09,-6.54992562905197e-08,0.06461095809936523
1787304768.1812634,2.522458569687594e-09,-6.54992562905197e-08,0.06455612182617188
1787304768.2362814,2.522458569687594e-09,-6.54992562905197e-08,0.06436729431152344
1787304768.2819812,2.522458569687594e-09,-6.54992562905197e-08,0.06436729431152344
1787304768.3301148,2.522458569687594e-09,-6.54992562905197e-08,0.06436729431152344
1787304768.377756,2.522458569687594e-09,-6.54992562905197e-08,0.06436729431152344
1787304768.428121,2.522458569687594e-09,-6.54992562905197e-08,0.06436729431152344
1787304768.4938643,2.522458569687594e-09,-6.54992562905197e-08,0.06471848487854004
1787304768.5280871,2.522458569687594e-09,-6.54992562905197e-08,0.06462621688842773
1787304768.5773184,2.522458569687594e-09,-6.54992562905197e-08,0.06458735466003418
1787304768.6280775,2.522458569687594e-09,-6.54992562905197e-08,0.06427693367004393
1787304768.6824856,2.522458569687594e-09,-6.54992562905197e-08,0.06438755989074707
1787304768.7289147,2.522458569687594e-09,-6.54992562905197e-08,0.06444716453552246
1787304768.7877553,2.522458569687594e-09,-6.54992562905197e-08,0.0645754337310791
1787304768.828396,2.522458569687594e-09,-6.54992562905197e-08,0.06469058990478516
1787304768.877229,2.522458569687594e-09,-6.54992562905197e-08,0.06494474411010744
1787304768.931514,2.522458569687594e-09,-6.54992562905197e-08,0.06497669219970702
1787304768.977234,2.522458569687594e-09,-6.54992562905197e-08,0.06494474411010744
1787304769.0289154,2.522458569687594e-09,-6.54992562905197e-08,0.06484937667846681
1787304769.0858712,2.522458569687594e-09,-6.54992562905197e-08,0.06480050086975099
1787304769.1289625,2.522458569687594e-09,-6.54992562905197e-08,0.06468534469604492
1787304769.1823728,2.522458569687594e-09,-6.54992562905197e-08,0.06490826606750488
1787304769.2373476,2.522458569687594e-09,-6.54992562905197e-08,0.06513690948486328
1787304769.288489,2.522458569687594e-09,-6.54992562905197e-08,0.0652318000793457
1787304769.3372755,2.522458569687594e-09,-6.54992562905197e-08,0.06529688835144042
1787304769.3912559,2.522458569687594e-09,-6.54992562905197e-08,0.06523275375366211
1787304769.4402554,2.522458569687594e-09,-6.54992562905197e-08,0.06512713432312012
1787304769.4993436,2.522458569687594e-09,-6.54992562905197e-08,0.06473517417907716
1787304769.5277784,2.522458569687594e-09,-6.54992562905197e-08,0.0646178722381592
1787304769.5883694,2.522458569687594e-09,-6.54992562905197e-08,0.0647435188293457
1787304769.6493144,2.522458569687594e-09,-6.54992562905197e-08,0.06483697891235352
1787304769.6949072,2.522458569687594e-09,-6.54992562905197e-08,0.06507134437561037
1787304769.732397,2.522458569687594e-09,-6.54992562905197e-08,0.06513619422912598
1787304769.7996736,2.522458569687594e-09,-6.54992562905197e-08,0.06511616706848146
1787304769.8280103,2.522458569687594e-09,-6.54992562905197e-08,0.06519103050231934
1787304769.8910053,2.522458569687594e-09,-6.54992562905197e-08,0.0652306079864502
1787304769.946473,2.522458569687594e-09,-6.54992562905197e-08,0.06517362594604492
1787304769.99074,2.522458569687594e-09,-6.54992562905197e-08,0.06518316268920898
1787304770.0361001,2.522458569687594e-09,-6.54992562905197e-08,0.06514739990234375
1787304770.105488,2.522458569687594e-09,-6.54992562905197e-08,0.06495952606201172
1787304770.141802,2.522458569687594e-09,-6.54992562905197e-08,0.06500864028930664
1787304770.1793764,2.522458569687594e-09,-6.54992562905197e-08,0.06508302688598634
1787304770.2487755,2.522458569687594e-09,-6.54992562905197e-08,0.06521725654602051
1787304770.2930665,2.522458569687594e-09,-6.54992562905197e-08,0.06526970863342285
1787304770.3284488,2.522458569687594e-09,-6.54992562905197e-08,0.06529831886291505
1787304770.3784835,2.522458569687594e-09,-6.54992562905197e-08,0.06524682044982912
1787304770.4277725,2.525935816984451e-05,1.584680737620795e-06,0.06523966789245605
1787304770.4775326,2.478403014534328e-09,-6.482482542739138e-08,0.06519341468811035
1787304770.532331,2.478403014534328e-09,-6.482482542739138e-08,0.06519341468811035
1787304770.5772445,2.478403014534328e-09,-6.482482542739138e-08,0.06519341468811035
1787304770.6320667,2.478403014534328e-09,-6.482482542739138e-08,0.06519341468811035
1787304770.8051074,2.478403014534328e-09,-6.482482542739138e-08,0.06519341468811035
1787304770.826782,2.478403014534328e-09,-6.482482542739138e-08,0.06537842750549315
1787304770.8823225,2.478403014534328e-09,-6.482482542739138e-08,0.06536197662353514
1787304770.9473922,2.5259188732878067e-05,1.587273074818542e-06,0.06527638435363772
1787304771.0699801,2.5259188732878067e-05,1.587273074818542e-06,0.06527638435363772
1787304771.0894175,2.4429086297117963e-09,-6.428287810676798e-08,0.06529545783996585
1787304771.130023,2.4429086297117963e-09,-6.428287810676798e-08,0.06529545783996585
1787304771.316924,2.4429086297117963e-09,-6.428287810676798e-08,0.06529545783996585
1787304771.3396306,2.4429086297117963e-09,-6.428287810676798e-08,0.06534004211425781
1787304771.3785968,2.4429086297117963e-09,-6.428287810676798e-08,0.06534004211425781
1787304771.4378295,2.4429086297117963e-09,-6.428287810676798e-08,0.06534004211425781
1787304771.4804044,2.4309178715295574e-09,-6.409921570527834e-08,0.06522798538208008
1787304771.5291648,2.4309178715295574e-09,-6.409921570527834e-08,0.06522798538208008
1787304771.592498,2.4309178715295574e-09,-6.409921570527834e-08,0.06542897224426271
1787304771.6276872,2.4309178715295574e-09,-6.409921570527834e-08,0.06551551818847656
1787304771.677586,2.4309178715295574e-09,-6.409921570527834e-08,0.06551551818847656
1787304771.7299356,2.4309178715295574e-09,-6.409921570527834e-08,0.06551551818847656
1787304771.7804146,2.4309178715295574e-09,-6.409921570527834e-08,0.06534266471862793
1787304771.8286836,2.4309178715295574e-09,-6.409921570527834e-08,0.06534266471862793
1787304771.8794951,2.4309178715295574e-09,-6.409921570527834e-08,0.06534266471862793
1787304771.9284096,2.4309178715295574e-09,-6.409921570527834e-08,0.06534266471862793
1787304771.9771655,2.4309178715295574e-09,-6.409921570527834e-08,0.06498098373413086
1787304772.0278046,2.4309178715295574e-09,-6.409921570527834e-08,0.06498098373413086
1787304772.0781946,2.4309178715295574e-09,-6.409921570527834e-08,0.06498098373413086
1787304772.1283522,2.4309178715295574e-09,-6.409921570527834e-08,0.06498098373413086
1787304772.1813085,2.4309178715295574e-09,-6.409921570527834e-08,0.06498098373413086
1787304772.2272537,2.4309178715295574e-09,-6.409921570527834e-08,0.06498098373413086
1787304772.2885635,2.4309178715295574e-09,-6.409921570527834e-08,0.06535315513610838
1787304772.3425293,2.4309178715295574e-09,-6.409921570527834e-08,0.06542634963989256
1787304772.3798966,2.4309178715295574e-09,-6.409921570527834e-08,0.06530904769897461
1787304772.4283261,2.4309178715295574e-09,-6.409921570527834e-08,0.06530904769897461
1787304772.4787934,2.4309178715295574e-09,-6.409921570527834e-08,0.06530904769897461
1787304772.5296347,2.4309178715295574e-09,-6.409921570527834e-08,0.06539154052734375
1787304772.5832894,2.4309178715295574e-09,-6.409921570527834e-08,0.06543087959289552
1787304772.627395,2.4309178715295574e-09,-6.409921570527834e-08,0.06573629379272461
1787304772.6770701,2.4309178715295574e-09,-6.409921570527834e-08,0.0657777786254883
1787304772.7297704,2.4309178715295574e-09,-6.409921570527834e-08,0.06579875946044922
1787304772.7853203,2.4309178715295574e-09,-6.409921570527834e-08,0.06575727462768555
1787304772.82893,2.4309178715295574e-09,-6.409921570527834e-08,0.06554341316223146
1787304772.8915462,2.4309178715295574e-09,-6.409921570527834e-08,0.06556558609008788
1787304772.9276996,2.4309178715295574e-09,-6.409921570527834e-08,0.06552767753601073
1787304772.9882553,2.4309178715295574e-09,-6.409921570527834e-08,0.06562519073486328
1787304773.0337672,2.4309178715295574e-09,-6.409921570527834e-08,0.06573367118835449
1787304773.0783925,2.4309178715295574e-09,-6.409921570527834e-08,0.06599092483520506
1787304773.131752,2.4309178715295574e-09,-6.409921570527834e-08,0.0662696361541748
1787304773.177247,2.4309178715295574e-09,-6.409921570527834e-08,0.06621241569519044
1787304773.2290223,2.4309178715295574e-09,-6.409921570527834e-08,0.06601142883300781
1787304773.277367,2.4309178715295574e-09,-6.409921570527834e-08,0.0659794807434082
1787304773.3335106,2.4309178715295574e-09,-6.409921570527834e-08,0.06591033935546875
1787304773.378467,2.4309178715295574e-09,-6.409921570527834e-08,0.0660400390625
1787304773.4276738,2.4309178715295574e-09,-6.409921570527834e-08,0.06608128547668458
1787304773.4803088,2.4309178715295574e-09,-6.409921570527834e-08,0.06615757942199707
1787304773.5296187,2.4309178715295574e-09,-6.409921570527834e-08,0.06632065773010254
1787304773.580611,2.4309178715295574e-09,-6.409921570527834e-08,0.06650519371032713
1787304773.6301253,2.4309178715295574e-09,-6.409921570527834e-08,0.06642580032348633
1787304773.6776094,2.4309178715295574e-09,-6.409921570527834e-08,0.06636333465576172
1787304773.7284055,2.4309178715295574e-09,-6.409921570527834e-08,0.06616020202636719
1787304773.7792432,2.4309178715295574e-09,-6.409921570527834e-08,0.06600379943847656
1787304773.828151,2.4309178715295574e-09,-6.409921570527834e-08,0.06599998474121092
1787304773.8798728,2.4309178715295574e-09,-6.409921570527834e-08,0.06606602668762206
1787304773.9338017,2.4309178715295574e-09,-6.409921570527834e-08,0.06617403030395506
1787304773.9841301,2.4309178715295574e-09,-6.409921570527834e-08,0.06627964973449706
1787304774.0272915,2.4309178715295574e-09,-6.409921570527834e-08,0.06635308265686034
1787304774.0773423,2.4309178715295574e-09,-6.409921570527834e-08,0.06633830070495605
1787304774.130182,2.4309178715295574e-09,-6.409921570527834e-08,0.06627297401428224
1787304774.1775613,2.5257597550987043e-05,1.6114312949692538e-06,0.06622099876403809
1787304774.2274299,2.247110651230861e-09,-6.132639652768796e-08,0.0660533905029297
1787304774.2777805,2.525784732675104e-05,1.6076558931242083e-06,0.06592202186584474
1787304774.3284717,2.205536227527791e-09,-6.069715925852872e-08,0.06600356101989746
1787304774.377505,2.205536227527791e-09,-6.069715925852872e-08,0.06606817245483398
1787304774.430223,2.205536227527791e-09,-6.069715925852872e-08,0.0662059783935547
1787304774.4805965,2.205536227527791e-09,-6.069715925852872e-08,0.06626486778259279
1787304774.5295937,2.205536227527791e-09,-6.069715925852872e-08,0.06626486778259279
1787304774.5773873,2.205536227527791e-09,-6.069715925852872e-08,0.06626486778259279
1787304774.630337,2.205536227527791e-09,-6.069715925852872e-08,0.06633996963500975
1787304774.6812918,2.205536227527791e-09,-6.069715925852872e-08,0.06633996963500975
1787304774.7274816,2.205536227527791e-09,-6.069715925852872e-08,0.06633996963500975
1787304774.7808516,2.205536227527791e-09,-6.069715925852872e-08,0.06633996963500975
1787304774.8311944,2.205536227527791e-09,-6.069715925852872e-08,0.06610345840454102
1787304774.8868163,2.52575751181021e-05,1.6117715075800793e-06,0.06614804267883301
1787304774.9312952,2.52575751181021e-05,1.6117715075800793e-06,0.06614804267883301
1787304774.978507,2.52575751181021e-05,1.6117715075800793e-06,0.06614804267883301
1787304775.0340607,2.2541941188493407e-09,-6.143176316923134e-08,0.06625962257385253
1787304775.085502,2.2541941188493407e-09,-6.143176316923134e-08,0.06625962257385253
1787304775.1274107,2.2541941188493407e-09,-6.143176316923134e-08,0.06625962257385253
1787304775.1957407,2.2541941188493407e-09,-6.143176316923134e-08,0.06640028953552246
1787304775.2273822,2.2541941188493407e-09,-6.143176316923134e-08,0.06628704071044922
1787304775.278352,2.2541941188493407e-09,-6.143176316923134e-08,0.06624674797058107
1787304775.3274274,2.2541941188493407e-09,-6.143176316923134e-08,0.06624674797058107
1787304775.3787785,2.2541941188493407e-09,-6.143176316923134e-08,0.06624674797058107
1787304775.4277449,2.2541941188493407e-09,-6.143176316923134e-08,0.06624674797058107
1787304775.479244,2.2541941188493407e-09,-6.143176316923134e-08,0.06624674797058107
1787304775.5314116,2.2541941188493407e-09,-6.143176316923134e-08,0.06635379791259766
1787304775.5777595,2.2541941188493407e-09,-6.143176316923134e-08,0.06635379791259766
1787304775.6292899,2.2541941188493407e-09,-6.143176316923134e-08,0.06635379791259766
1787304775.6804464,2.2541941188493407e-09,-6.143176316923134e-08,0.06637406349182129
1787304775.728012,2.2541941188493407e-09,-6.143176316923134e-08,0.06658029556274415
1787304775.780555,2.2541941188493407e-09,-6.143176316923134e-08,0.06659698486328126
1787304775.8317888,2.2541941188493407e-09,-6.143176316923134e-08,0.06680607795715332
1787304775.8771234,2.2541941188493407e-09,-6.143176316923134e-08,0.06682443618774414
1787304775.9284348,2.2541941188493407e-09,-6.143176316923134e-08,0.06682443618774414
1787304775.981367,2.2541941188493407e-09,-6.143176316923134e-08,0.06682443618774414
1787304776.028398,2.2541941188493407e-09,-6.143176316923134e-08,0.06682443618774414
1787304776.0781317,2.2541941188493407e-09,-6.143176316923134e-08,0.06685614585876465
1787304776.2503798,2.2541941188493407e-09,-6.143176316923134e-08,0.06685614585876465
1787304776.2812064,2.2040107051605345e-09,-6.067911709322726e-08,0.06660056114196777
1787304776.327872,2.2040107051605345e-09,-6.067911709322726e-08,0.06660056114196777
1787304776.423246,2.2040107051605345e-09,-6.067911709322726e-08,0.066770076751709
1787304776.4342272,2.2040107051605345e-09,-6.067911709322726e-08,0.066770076751709
1787304776.476989,2.2040107051605345e-09,-6.067911709322726e-08,0.06691551208496094
1787304776.5400386,2.2040107051605345e-09,-6.067911709322726e-08,0.06711935997009279
1787304776.5789697,2.2040107051605345e-09,-6.067911709322726e-08,0.06707477569580078
1787304776.6419795,2.2040107051605345e-09,-6.067911709322726e-08,0.0668642520904541
1787304776.6883667,2.2040107051605345e-09,-6.067911709322726e-08,0.06688570976257324
1787304776.7485108,2.2040107051605345e-09,-6.067911709322726e-08,0.06684589385986328
1787304776.7987034,2.2040107051605345e-09,-6.067911709322726e-08,0.06700873374938965
1787304776.8464777,2.2040107051605345e-09,-6.067911709322726e-08,0.06705760955810547
1787304776.8957253,2.2040107051605345e-09,-6.067911709322726e-08,0.06712079048156738
1787304776.9411004,2.2040107051605345e-09,-6.067911709322726e-08,0.06713891029357912
1787304776.9892619,2.2040107051605345e-09,-6.067911709322726e-08,0.06709408760070801
1787304777.0289867,2.2040107051605345e-09,-6.067911709322726e-08,0.06706261634826659
1787304777.0815592,2.2040107051605345e-09,-6.067911709322726e-08,0.06694650650024414
1787304777.1397753,2.2040107051605345e-09,-6.067911709322726e-08,0.06691122055053712
1787304777.202204,2.2040107051605345e-09,-6.067911709322726e-08,0.0669562816619873
1787304777.227922,2.2040107051605345e-09,-6.067911709322726e-08,0.06711697578430176
1787304777.2795174,2.2040107051605345e-09,-6.067911709322726e-08,0.06711411476135254
1787304777.3485348,2.2040107051605345e-09,-6.067911709322726e-08,0.0670926570892334
1787304777.3873847,2.2040107051605345e-09,-6.067911709322726e-08,0.06707167625427246
1787304777.4410386,2.2040107051605345e-09,-6.067911709322726e-08,0.0670444965362549
1787304777.4786716,2.2040107051605345e-09,-6.067911709322726e-08,0.06700396537780763
1787304777.5445185,2.2040107051605345e-09,-6.067911709322726e-08,0.06695342063903809
1787304777.5856755,2.2040107051605345e-09,-6.067911709322726e-08,0.06693172454833986
1787304777.637197,2.2040107051605345e-09,-6.067911709322726e-08,0.06696152687072754
1787304777.6939557,2.2040107051605345e-09,-6.067911709322726e-08,0.06705355644226074
1787304777.7313762,2.2040107051605345e-09,-6.067911709322726e-08,0.06705331802368164
1787304777.7970471,2.2040107051605345e-09,-6.067911709322726e-08,0.06707715988159181
1787304777.829543,2.2040107051605345e-09,-6.067911709322726e-08,0.06718277931213379
1787304777.8778536,2.2040107051605345e-09,-6.067911709322726e-08,0.0671544075012207
1787304777.9472535,2.2040107051605345e-09,-6.067911709322726e-08,0.06708574295043944
1787304777.9929948,2.2040107051605345e-09,-6.067911709322726e-08,0.06688189506530763
1787304778.0382085,2.5256317472368856e-05,1.6306509583352504e-06,0.06686329841613768
1787304778.0808249,1.9253092150245496e-09,-5.651252759808597e-08,0.06655192375183104
1787304778.1274436,1.9253092150245496e-09,-5.651252759808597e-08,0.06653165817260742
1787304778.196387,1.9253092150245496e-09,-5.651252759808597e-08,0.06657838821411134
1787304778.2437,1.9253092150245496e-09,-5.651252759808597e-08,0.0667121410369873
1787304778.2812126,1.9253092150245496e-09,-5.651252759808597e-08,0.06680154800415039
1787304778.3483171,1.9253092150245496e-09,-5.651252759808597e-08,0.06677603721618651
1787304778.395693,1.9253092150245496e-09,-5.651252759808597e-08,0.06695652008056642
1787304778.42732,1.9253092150245496e-09,-5.651252759808597e-08,0.06699967384338379
1787304778.5008876,1.9253092150245496e-09,-5.651252759808597e-08,0.06701254844665527
1787304778.537765,1.9253092150245496e-09,-5.651252759808597e-08,0.06688880920410156
1787304778.5866532,1.9253092150245496e-09,-5.651252759808597e-08,0.06685352325439455
1787304778.6331792,1.9253092150245496e-09,-5.651252759808597e-08,0.06688261032104492
1787304778.6921134,1.9253092150245496e-09,-5.651252759808597e-08,0.06683993339538573
1787304778.7352176,1.9253092150245496e-09,-5.651252759808597e-08,0.06687712669372559
1787304778.7993596,1.9253092150245496e-09,-5.651252759808597e-08,0.06687068939208986
1787304778.8296547,1.9253092150245496e-09,-5.651252759808597e-08,0.06702804565429688
1787304778.8925052,1.9253092150245496e-09,-5.651252759808597e-08,0.06706094741821289
1787304778.947651,1.9253092150245496e-09,-5.651252759808597e-08,0.06711935997009279
1787304778.9934063,1.9253092150245496e-09,-5.651252759808597e-08,0.0670793056488037
1787304779.0336888,1.9253092150245496e-09,-5.651252759808597e-08,0.06706571578979492
1787304779.0997787,1.9253092150245496e-09,-5.651252759808597e-08,0.06703615188598633
1787304779.1450362,1.9253092150245496e-09,-5.651252759808597e-08,0.06700396537780763
1787304779.202719,1.9253092150245496e-09,-5.651252759808597e-08,0.06695079803466798
1787304779.2322512,1.9253092150245496e-09,-5.651252759808597e-08,0.06705331802368164
1787304779.2909563,1.9253092150245496e-09,-5.651252759808597e-08,0.06716775894165039
1787304779.342911,1.9253092150245496e-09,-5.651252759808597e-08,0.06721901893615723
1787304779.380237,1.9253092150245496e-09,-5.651252759808597e-08,0.06722426414489746
1787304779.4440293,1.9253092150245496e-09,-5.651252759808597e-08,0.067279577255249
1787304779.4819803,1.9253092150245496e-09,-5.651252759808597e-08,0.0673060417175293
1787304779.5358648,1.9253092150245496e-09,-5.651252759808597e-08,0.06726384162902833
1787304779.5901482,1.9253092150245496e-09,-5.651252759808597e-08,0.06722235679626465
1787304779.6310768,1.9253092150245496e-09,-5.651252759808597e-08,0.06722354888916017
1787304779.6772516,1.9253092150245496e-09,-5.651252759808597e-08,0.06719160079956055
1787304779.7360125,1.9253092150245496e-09,-5.651252759808597e-08,0.06722211837768555
1787304779.803042,1.9253092150245496e-09,-5.651252759808597e-08,0.06722879409790038
1787304779.8404386,1.9253092150245496e-09,-5.651252759808597e-08,0.06743383407592775
1787304779.8803484,1.9253092150245496e-09,-5.651252759808597e-08,0.06752896308898926
1787304779.9427106,1.9253092150245496e-09,-5.651252759808597e-08,0.06749773025512695
1787304779.9902644,1.9253092150245496e-09,-5.651252759808597e-08,0.06743788719177246
1787304780.0377712,1.9253092150245496e-09,-5.651252759808597e-08,0.06734228134155273
1787304780.1034956,1.9253092150245496e-09,-5.651252759808597e-08,0.06732845306396483
1787304780.1424572,2.525527894623379e-05,1.6461249095280662e-06,0.06731224060058595
1787304780.1884568,1.968143915722552e-09,-5.714772870637844e-08,0.06737875938415527
1787304780.2272854,1.968143915722552e-09,-5.714772870637844e-08,0.06745290756225586
1787304780.2835648,1.968143915722552e-09,-5.714772870637844e-08,0.06746220588684082
1787304780.3306983,1.968143915722552e-09,-5.714772870637844e-08,0.06750726699829103
1787304780.378507,1.968143915722552e-09,-5.714772870637844e-08,0.06751871109008789
1787304780.4279017,1.968143915722552e-09,-5.714772870637844e-08,0.0674262046813965
1787304780.477731,1.968143915722552e-09,-5.714772870637844e-08,0.06737637519836426
1787304780.5271075,1.968143915722552e-09,-5.714772870637844e-08,0.06737637519836426
1787304780.577414,1.968143915722552e-09,-5.714772870637844e-08,0.06737637519836426
1787304780.636081,1.968143915722552e-09,-5.714772870637844e-08,0.0675818920135498
1787304780.6773806,1.968143915722552e-09,-5.714772870637844e-08,0.0675818920135498
1787304780.7314079,1.968143915722552e-09,-5.714772870637844e-08,0.0675818920135498
1787304780.7772062,1.968143915722552e-09,-5.714772870637844e-08,0.0675818920135498
1787304780.830416,1.968143915722552e-09,-5.714772870637844e-08,0.0675818920135498
1787304780.8781419,1.968143915722552e-09,-5.714772870637844e-08,0.06751918792724608
1787304780.9347029,1.968143915722552e-09,-5.714772870637844e-08,0.06751918792724608
1787304780.980149,1.968143915722552e-09,-5.714772870637844e-08,0.06751918792724608
1787304781.0274572,1.968143915722552e-09,-5.714772870637844e-08,0.06751918792724608
1787304781.0941782,1.968143915722552e-09,-5.714772870637844e-08,0.06751918792724608
1787304781.1409633,2.0023311136051474e-09,-5.7653475721806745e-08,0.06765866279602051
1787304781.1781187,2.0023311136051474e-09,-5.7653475721806745e-08,0.06765866279602051
1787304781.229268,2.0023311136051474e-09,-5.7653475721806745e-08,0.06765866279602051
1787304781.27797,2.0023311136051474e-09,-5.7653475721806745e-08,0.06770682334899902
1787304781.3327272,2.0023311136051474e-09,-5.7653475721806745e-08,0.06765031814575195
1787304781.3778744,2.0023311136051474e-09,-5.7653475721806745e-08,0.06765031814575195
1787304781.4270618,2.0023311136051474e-09,-5.7653475721806745e-08,0.06765031814575195
1787304781.4795237,2.0023311136051474e-09,-5.7653475721806745e-08,0.06765031814575195
1787304781.5288033,2.0023311136051474e-09,-5.7653475721806745e-08,0.06765031814575195
1787304781.5989764,2.0023311136051474e-09,-5.7653475721806745e-08,0.06791353225708009
1787304781.6352181,2.5254280512349896e-05,1.6608606545925064e-06,0.06798458099365234
1787304781.677464,2.5254280512349896e-05,1.6608606545925064e-06,0.06798219680786133
1787304781.7410553,2.040031952458258e-09,-5.820737163839463e-08,0.06795978546142578
1787304781.7771752,2.040031952458258e-09,-5.820737163839463e-08,0.06795978546142578
1787304781.8280272,2.040031952458258e-09,-5.820737163839463e-08,0.06795978546142578
1787304781.8789854,2.040031952458258e-09,-5.820737163839463e-08,0.06795978546142578
1787304781.928081,2.040031952458258e-09,-5.820737163839463e-08,0.06783771514892578
1787304781.9812357,2.040031952458258e-09,-5.820737163839463e-08,0.06783771514892578
1787304782.0338955,2.040031952458258e-09,-5.820737163839463e-08,0.06797909736633301
1787304782.0834308,2.040031952458258e-09,-5.820737163839463e-08,0.06805872917175293
1787304782.1306617,2.040031952458258e-09,-5.820737163839463e-08,0.06805872917175293
1787304782.1775303,2.040031952458258e-09,-5.820737163839463e-08,0.06805872917175293
1787304782.2284608,2.040031952458258e-09,-5.820737163839463e-08,0.06805872917175293
1787304782.277411,2.040031952458258e-09,-5.820737163839463e-08,0.06805872917175293
1787304782.3443596,2.040031952458258e-09,-5.820737163839463e-08,0.06812000274658205
1787304782.3813682,2.040031952458258e-09,-5.820737163839463e-08,0.06805753707885742
1787304782.4311926,2.040031952458258e-09,-5.820737163839463e-08,0.06805753707885742
1787304782.4802854,2.040031952458258e-09,-5.820737163839463e-08,0.06805753707885742
1787304782.5296397,2.040031952458258e-09,-5.820737163839463e-08,0.06802988052368164
1787304782.5775292,2.040031952458258e-09,-5.820737163839463e-08,0.06808614730834961
1787304782.6382916,2.040031952458258e-09,-5.820737163839463e-08,0.06819653511047363
1787304782.682902,2.040031952458258e-09,-5.820737163839463e-08,0.06839871406555176
1787304782.7280126,2.040031952458258e-09,-5.820737163839463e-08,0.06842947006225587
1787304782.777923,2.525351590021614e-05,1.6720557971106129e-06,0.06839919090270997
1787304782.8305566,1.9282898742654323e-09,-5.657583393780557e-08,0.06830024719238281
1787304782.8907676,1.9282898742654323e-09,-5.657583393780557e-08,0.0682404041290283
1787304782.9278853,1.9282898742654323e-09,-5.657583393780557e-08,0.06817007064819336
1787304782.9810503,1.9282898742654323e-09,-5.657583393780557e-08,0.06808948516845705
1787304783.0277033,1.9282898742654323e-09,-5.657583393780557e-08,0.06811761856079103
1787304783.087208,1.9282898742654323e-09,-5.657583393780557e-08,0.06813907623291016
1787304783.129412,1.9282898742654323e-09,-5.657583393780557e-08,0.06824660301208497
1787304783.178008,1.9282898742654323e-09,-5.657583393780557e-08,0.06835412979125977
1787304783.2274988,1.9282898742654323e-09,-5.657583393780557e-08,0.06834769248962402
1787304783.2775252,1.9282898742654323e-09,-5.657583393780557e-08,0.06846213340759277
1787304783.327217,1.9282898742654323e-09,-5.657583393780557e-08,0.0686500072479248
1787304783.3823483,1.9282898742654323e-09,-5.657583393780557e-08,0.06878662109375001
1787304783.4405954,1.9282898742654323e-09,-5.657583393780557e-08,0.06876945495605469
1787304783.4829957,1.9282898742654323e-09,-5.657583393780557e-08,0.06873679161071777
1787304783.5452979,1.9282898742654323e-09,-5.657583393780557e-08,0.0686655044555664
1787304783.5795767,1.9282898742654323e-09,-5.657583393780557e-08,0.06855344772338867
1787304783.6297238,1.9282898742654323e-09,-5.657583393780557e-08,0.06850147247314453
1787304783.6879447,1.9282898742654323e-09,-5.657583393780557e-08,0.06850409507751465
1787304783.7273452,1.9282898742654323e-09,-5.657583393780557e-08,0.06862330436706543
1787304783.7783039,1.9282898742654323e-09,-5.657583393780557e-08,0.06865286827087402
1787304783.839588,1.9282898742654323e-09,-5.657583393780557e-08,0.06870985031127931
1787304783.8776445,1.9282898742654323e-09,-5.657583393780557e-08,0.06869697570800781
1787304783.9272892,1.9282898742654323e-09,-5.657583393780557e-08,0.06865644454956056
1787304783.9866228,1.9282898742654323e-09,-5.657583393780557e-08,0.0686342716217041
1787304784.0302584,1.9282898742654323e-09,-5.657583393780557e-08,0.06854557991027832
1787304784.0910351,1.9282898742654323e-09,-5.657583393780557e-08,0.06855511665344238
1787304784.1276982,1.9282898742654323e-09,-5.657583393780557e-08,0.06866240501403807
1787304784.178418,1.9282898742654323e-09,-5.657583393780557e-08,0.06871461868286133
1787304784.2323701,1.9282898742654323e-09,-5.657583393780557e-08,0.0687708854675293
1787304784.277419,1.9282898742654323e-09,-5.657583393780557e-08,0.06881594657897949
1787304784.3437836,1.9282898742654323e-09,-5.657583393780557e-08,0.06876802444458008
1787304784.3917282,1.9282898742654323e-09,-5.657583393780557e-08,0.06871557235717773
1787304784.427399,1.9282898742654323e-09,-5.657583393780557e-08,0.06861066818237305
1787304784.479344,1.9282898742654323e-09,-5.657583393780557e-08,0.06873512268066406
1787304784.535418,1.9282898742654323e-09,-5.657583393780557e-08,0.06873512268066406
1787304784.578733,1.9282898742654323e-09,-5.657583393780557e-08,0.06873512268066406
1787304784.633171,1.9282898742654323e-09,-5.657583393780557e-08,0.06873512268066406
1787304784.682743,1.9282898742654323e-09,-5.657583393780557e-08,0.06873512268066406
1787304784.7268648,1.9282898742654323e-09,-5.657583393780557e-08,0.06882977485656738
1787304784.7805436,1.9282898742654323e-09,-5.657583393780557e-08,0.06879806518554688
1787304784.8275657,1.9282898742654323e-09,-5.657583393780557e-08,0.06879806518554688
1787304784.8789594,1.9282898742654323e-09,-5.657583393780557e-08,0.06879806518554688
1787304784.930132,1.9282898742654323e-09,-5.657583393780557e-08,0.06879806518554688
1787304784.9773383,1.9282898742654323e-09,-5.657583393780557e-08,0.06879806518554688
1787304785.0410118,1.9282898742654323e-09,-5.657583393780557e-08,0.06896233558654785
1787304785.098488,1.9282898742654323e-09,-5.657583393780557e-08,0.0691370964050293
1787304785.1289816,1.9282898742654323e-09,-5.657583393780557e-08,0.0691370964050293
1787304785.1772435,1.9282898742654323e-09,-5.657583393780557e-08,0.0691370964050293
1787304785.227346,1.9282898742654323e-09,-5.657583393780557e-08,0.0691370964050293
1787304785.279357,1.9282898742654323e-09,-5.657583393780557e-08,0.06885910034179686
1787304785.3331776,1.9282898742654323e-09,-5.657583393780557e-08,0.06888246536254883
1787304785.3776693,1.9282898742654323e-09,-5.657583393780557e-08,0.06900382041931152
1787304785.431371,1.9282898742654323e-09,-5.657583393780557e-08,0.06900382041931152
1787304785.478325,1.9282898742654323e-09,-5.657583393780557e-08,0.06900382041931152
1787304785.528546,1.9282898742654323e-09,-5.657583393780557e-08,0.06900382041931152
1787304785.577541,1.9282898742654323e-09,-5.657583393780557e-08,0.06900382041931152
1787304785.632235,1.9282898742654323e-09,-5.657583393780557e-08,0.06900382041931152
1787304785.6793344,1.9282898742654323e-09,-5.657583393780557e-08,0.06932926177978516
1787304785.7284615,1.9282898742654323e-09,-5.657583393780557e-08,0.06932926177978516
1787304785.7788749,1.9282898742654323e-09,-5.657583393780557e-08,0.06932926177978516
1787304785.829378,1.9282898742654323e-09,-5.657583393780557e-08,0.06932926177978516
1787304785.877259,1.9282898742654323e-09,-5.657583393780557e-08,0.06932926177978516
1787304785.934738,1.9282898742654323e-09,-5.657583393780557e-08,0.06934213638305665
1787304785.9781373,1.9282898742654323e-09,-5.657583393780557e-08,0.069382905960083
1787304786.0281253,1.9282898742654323e-09,-5.657583393780557e-08,0.069382905960083
1787304786.0865018,1.9282898742654323e-09,-5.657583393780557e-08,0.069382905960083
1787304786.138204,1.9282898742654323e-09,-5.657583393780557e-08,0.069382905960083
1787304786.1768944,1.9282898742654323e-09,-5.657583393780557e-08,0.06929898262023926
1787304786.2285554,1.9282898742654323e-09,-5.657583393780557e-08,0.06922101974487305
1787304786.2782288,1.9282898742654323e-09,-5.657583393780557e-08,0.06922101974487305
1787304786.3284795,1.9282898742654323e-09,-5.657583393780557e-08,0.06922101974487305
1787304786.379583,1.9282898742654323e-09,-5.657583393780557e-08,0.06922101974487305
1787304786.432488,1.9282898742654323e-09,-5.657583393780557e-08,0.06922101974487305
1787304786.4784856,1.9579928282900346e-09,-5.7003255290933685e-08,0.06943130493164062
1787304786.531851,1.9579928282900346e-09,-5.7003255290933685e-08,0.06940531730651857
1787304786.5786026,1.9579928282900346e-09,-5.7003255290933685e-08,0.06932139396667479
1787304786.6285875,1.9579928282900346e-09,-5.7003255290933685e-08,0.06928372383117676
1787304786.6779,1.9579928282900346e-09,-5.7003255290933685e-08,0.06922340393066405
1787304786.7315495,1.9579928282900346e-09,-5.7003255290933685e-08,0.06929993629455566
1787304786.7780871,1.9579928282900346e-09,-5.7003255290933685e-08,0.06941795349121095
1787304786.828273,1.9579928282900346e-09,-5.7003255290933685e-08,0.06946492195129395
1787304786.8853352,2.5251589978839362e-05,1.6999625183196542e-06,0.06947875022888184
1787304786.9276814,1.937887604129985e-09,-5.6714296069602394e-08,0.0694420337677002
1787304786.9776006,1.937887604129985e-09,-5.6714296069602394e-08,0.06949639320373535
1787304787.0277758,1.937887604129985e-09,-5.6714296069602394e-08,0.06950807571411133
1787304787.081428,1.937887604129985e-09,-5.6714296069602394e-08,0.06951904296875
1787304787.1425955,1.937887604129985e-09,-5.6714296069602394e-08,0.06942987442016602
1787304787.177378,1.937887604129985e-09,-5.6714296069602394e-08,0.06934309005737305
1787304787.2310085,1.937887604129985e-09,-5.6714296069602394e-08,0.06935882568359375
1787304787.2774043,1.937887604129985e-09,-5.6714296069602394e-08,0.06910467147827147
1787304787.3320339,1.937887604129985e-09,-5.6714296069602394e-08,0.06920409202575685
1787304787.3861902,1.937887604129985e-09,-5.6714296069602394e-08,0.06917262077331544
1787304787.4275112,1.937887604129985e-09,-5.6714296069602394e-08,0.06930160522460936
1787304787.4956257,1.937887604129985e-09,-5.6714296069602394e-08,0.06932687759399414
1787304787.5292132,1.937887604129985e-09,-5.6714296069602394e-08,0.06946682929992676
1787304787.5793464,1.937887604129985e-09,-5.6714296069602394e-08,0.06948375701904298
1787304787.6273544,1.937887604129985e-09,-5.6714296069602394e-08,0.06944751739501955
1787304787.6978698,1.937887604129985e-09,-5.6714296069602394e-08,0.0694096088409424
1787304787.7296622,1.937887604129985e-09,-5.6714296069602394e-08,0.06925702095031738
1787304787.782957,1.937887604129985e-09,-5.6714296069602394e-08,0.06922793388366699
1787304787.8277407,1.937887604129985e-09,-5.6714296069602394e-08,0.06937623023986818
1787304787.8787374,1.937887604129985e-09,-5.6714296069602394e-08,0.069443941116333
1787304787.9281118,1.937887604129985e-09,-5.6714296069602394e-08,0.06957316398620605
1787304787.981823,1.937887604129985e-09,-5.6714296069602394e-08,0.06965827941894531
1787304788.0280688,1.937887604129985e-09,-5.6714296069602394e-08,0.06963586807250977
1787304788.080176,1.937887604129985e-09,-5.6714296069602394e-08,0.06961750984191896
1787304788.127638,1.937887604129985e-09,-5.6714296069602394e-08,0.06956195831298828
1787304788.1779833,1.937887604129985e-09,-5.6714296069602394e-08,0.0695040225982666
1787304788.2363665,1.937887604129985e-09,-5.6714296069602394e-08,0.06953859329223634
1787304788.3081636,1.937887604129985e-09,-5.6714296069602394e-08,0.06957077980041504
1787304788.3455877,1.937887604129985e-09,-5.6714296069602394e-08,0.06962919235229492
1787304788.3873038,1.937887604129985e-09,-5.6714296069602394e-08,0.06965589523315431
1787304788.4291544,1.937887604129985e-09,-5.6714296069602394e-08,0.06969380378723146
1787304788.4785728,1.937887604129985e-09,-5.6714296069602394e-08,0.06967306137084958
1787304788.5272038,1.937887604129985e-09,-5.6714296069602394e-08,0.06967306137084958
1787304788.5789826,1.937887604129985e-09,-5.6714296069602394e-08,0.06967306137084958
1787304788.6283126,1.937887604129985e-09,-5.6714296069602394e-08,0.06967306137084958
1787304788.6886382,1.909171563452516e-09,-5.630192886605434e-08,0.06952810287475586
1787304788.7284446,1.909171563452516e-09,-5.630192886605434e-08,0.06952810287475586
1787304788.7781303,1.909171563452516e-09,-5.630192886605434e-08,0.06952810287475586
1787304788.851971,1.909171563452516e-09,-5.630192886605434e-08,0.06952810287475586
1787304788.8776062,1.909171563452516e-09,-5.630192886605434e-08,0.06952810287475586
1787304788.9333436,1.909171563452516e-09,-5.630192886605434e-08,0.06952810287475586
1787304788.9825685,1.909171563452516e-09,-5.630192886605434e-08,0.06969022750854492
1787304789.0286767,1.909171563452516e-09,-5.630192886605434e-08,0.06969022750854492
1787304789.0801077,1.909171563452516e-09,-5.630192886605434e-08,0.06969022750854492
1787304789.1323001,1.909171563452516e-09,-5.630192886605434e-08,0.06953716278076172
1787304789.1958914,1.909171563452516e-09,-5.630192886605434e-08,0.06953716278076172
1787304789.2807782,1.909171563452516e-09,-5.630192886605434e-08,0.06953716278076172
1787304789.3352718,1.909171563452516e-09,-5.630192886605434e-08,0.06953716278076172
1787304789.377789,2.5251059132527606e-05,1.7075777288376466e-06,0.06973767280578613
1787304789.4765763,2.5251059132527606e-05,1.7075777288376466e-06,0.06973767280578613
1787304789.492383,2.5251059132527606e-05,1.7075777288376466e-06,0.06973767280578613
1787304789.5543437,2.5251059132527606e-05,1.7075777288376466e-06,0.06973767280578613
1787304789.587412,2.5251059132527606e-05,1.7075777288376466e-06,0.06973767280578613
1787304789.6771522,1.8492794306580848e-09,-5.54440954471037e-08,0.0697028636932373
1787304789.748069,1.8492794306580848e-09,-5.54440954471037e-08,0.0698578357696533
1787304789.8345544,1.8492794306580848e-09,-5.54440954471037e-08,0.0698578357696533
1787304789.8803794,1.8492794306580848e-09,-5.54440954471037e-08,0.0698578357696533
1787304789.9283834,1.8492794306580848e-09,-5.54440954471037e-08,0.0698578357696533
1787304789.977657,1.8492794306580848e-09,-5.54440954471037e-08,0.06970596313476564
1787304790.0492096,1.8492794306580848e-09,-5.54440954471037e-08,0.06970596313476564
1787304790.0784223,1.8492794306580848e-09,-5.54440954471037e-08,0.06970596313476564
1787304790.1306987,1.8492794306580848e-09,-5.54440954471037e-08,0.06970596313476564
1787304790.1921887,1.8492794306580848e-09,-5.54440954471037e-08,0.0698239803314209
1787304790.2349138,1.8492794306580848e-09,-5.54440954471037e-08,0.06992244720458984
1787304790.285999,1.8492794306580848e-09,-5.54440954471037e-08,0.06992244720458984
1787304790.3276887,1.8492794306580848e-09,-5.54440954471037e-08,0.06992244720458984
1787304790.3782063,1.8492794306580848e-09,-5.54440954471037e-08,0.06980133056640625
1787304790.434949,1.8492794306580848e-09,-5.54440954471037e-08,0.06980133056640625
1787304790.4837985,1.8492794306580848e-09,-5.54440954471037e-08,0.06980133056640625
1787304790.536329,1.8492794306580848e-09,-5.54440954471037e-08,0.06979703903198242
1787304790.5938485,2.5250804565878788e-05,1.7112197383298529e-06,0.06991481781005861
1787304790.6380744,2.0033259006012522e-09,-5.7644332962325536e-08,0.06997132301330569
1787304790.7106035,2.0033259006012522e-09,-5.7644332962325536e-08,0.07005453109741212
1787304790.7303886,2.0033259006012522e-09,-5.7644332962325536e-08,0.07001447677612305
1787304790.7773829,2.0033259006012522e-09,-5.7644332962325536e-08,0.06998562812805176
1787304790.8372488,2.0033259006012522e-09,-5.7644332962325536e-08,0.06991767883300781
1787304790.8806345,2.0033259006012522e-09,-5.7644332962325536e-08,0.0696864128112793
1787304790.9275215,2.0033259006012522e-09,-5.7644332962325536e-08,0.06948614120483397
1787304790.9783883,2.0033259006012522e-09,-5.7644332962325536e-08,0.06928777694702148
1787304791.0433226,2.0033259006012522e-09,-5.7644332962325536e-08,0.06943202018737796
1787304791.0810647,2.0033259006012522e-09,-5.7644332962325536e-08,0.06953835487365723
1787304791.1437616,2.0033259006012522e-09,-5.7644332962325536e-08,0.06959581375122069
1787304791.1806808,2.0033259006012522e-09,-5.7644332962325536e-08,0.06969618797302246
1787304791.2394235,2.0033259006012522e-09,-5.7644332962325536e-08,0.06971120834350586
1787304791.3133252,2.0033259006012522e-09,-5.7644332962325536e-08,0.06968283653259276
1787304791.3337767,2.0033259006012522e-09,-5.7644332962325536e-08,0.06966543197631839
1787304791.383189,2.0033259006012522e-09,-5.7644332962325536e-08,0.06957840919494632
1787304791.4365566,2.0033259006012522e-09,-5.7644332962325536e-08,0.06957268714904787
1787304791.4935567,2.0033259006012522e-09,-5.7644332962325536e-08,0.06946134567260745
1787304791.5274708,2.0033259006012522e-09,-5.7644332962325536e-08,0.06944155693054198
1787304791.5811505,2.0033259006012522e-09,-5.7644332962325536e-08,0.0693974494934082
1787304791.6275604,2.0033259006012522e-09,-5.7644332962325536e-08,0.06943345069885254
1787304791.6899757,2.0033259006012522e-09,-5.7644332962325536e-08,0.06954431533813475
1787304791.743542,2.0033259006012522e-09,-5.7644332962325536e-08,0.06970405578613281
1787304791.7775426,2.0033259006012522e-09,-5.7644332962325536e-08,0.06980061531066895
1787304791.8430028,2.0033259006012522e-09,-5.7644332962325536e-08,0.06972932815551758
1787304791.8788593,2.0033259006012522e-09,-5.7644332962325536e-08,0.0697770118713379
1787304791.9488432,2.0033259006012522e-09,-5.7644332962325536e-08,0.06971597671508789
1787304791.9889574,2.0033259006012522e-09,-5.7644332962325536e-08,0.06967687606811523
1787304792.028632,2.525133165700763e-05,1.703679880971183e-06,0.06961202621459962
1787304792.0854518,1.7646166966982571e-09,-5.421898855352703e-08,0.06940555572509766
1787304792.1436536,1.7646166966982571e-09,-5.421898855352703e-08,0.0693671703338623
1787304792.1784885,1.7646166966982571e-09,-5.421898855352703e-08,0.06921625137329102
1787304792.23858,1.7646166966982571e-09,-5.421898855352703e-08,0.06932091712951659
1787304792.2992697,1.7646166966982571e-09,-5.421898855352703e-08,0.06945991516113281
1787304792.3682609,1.7646166966982571e-09,-5.421898855352703e-08,0.06948971748352051
1787304792.3793297,1.7646166966982571e-09,-5.421898855352703e-08,0.06960797309875487
1787304792.440925,1.7646166966982571e-09,-5.421898855352703e-08,0.06971168518066408
1787304792.4791567,1.7646166966982571e-09,-5.421898855352703e-08,0.06964588165283205
1787304792.568521,1.7646166966982571e-09,-5.421898855352703e-08,0.06964588165283205
1787304792.5782666,1.7646166966982571e-09,-5.421898855352703e-08,0.06964588165283205
1787304792.6315022,1.7646166966982571e-09,-5.421898855352703e-08,0.06964588165283205
1787304792.6811266,1.7646166966982571e-09,-5.421898855352703e-08,0.06924152374267578
1787304792.7773216,1.7646166966982571e-09,-5.421898855352703e-08,0.06924152374267578
1787304792.8522193,1.7646166966982571e-09,-5.421898855352703e-08,0.06924152374267578
1787304792.877734,1.7646166966982571e-09,-5.421898855352703e-08,0.06924152374267578
1787304792.927301,1.7646166966982571e-09,-5.421898855352703e-08,0.06924152374267578
1787304792.984748,1.9177282305291986e-09,-5.641324215644568e-08,0.0697171688079834
1787304793.0619113,1.9177282305291986e-09,-5.641324215644568e-08,0.0697171688079834
1787304793.1341596,1.9177282305291986e-09,-5.641324215644568e-08,0.0697171688079834
1787304793.1778975,1.9177282305291986e-09,-5.641324215644568e-08,0.06967329978942871
1787304793.2726018,1.9177282305291986e-09,-5.641324215644568e-08,0.06936073303222656
1787304793.3196704,1.9177282305291986e-09,-5.641324215644568e-08,0.06936073303222656
1787304793.330594,1.9177282305291986e-09,-5.641324215644568e-08,0.06936073303222656
1787304793.3942354,1.9177282305291986e-09,-5.641324215644568e-08,0.06936073303222656
1787304793.4288871,1.9177282305291986e-09,-5.641324215644568e-08,0.06936073303222656
1787304793.572281,1.9177282305291986e-09,-5.641324215644568e-08,0.06988310813903809
1787304793.594355,1.9177282305291986e-09,-5.641324215644568e-08,0.0699007511138916
1787304793.7955847,1.9177282305291986e-09,-5.641324215644568e-08,0.06981444358825684
1787304793.9933705,1.9177282305291986e-09,-5.641324215644568e-08,0.06959652900695801
1787304794.0310972,1.9177282305291986e-09,-5.641324215644568e-08,0.06976079940795901
1787304794.0772002,1.9177282305291986e-09,-5.641324215644568e-08,0.0697779655456543
1787304794.1289606,1.9177282305291986e-09,-5.641324215644568e-08,0.0697779655456543
1787304794.1785278,1.9177282305291986e-09,-5.641324215644568e-08,0.0697779655456543
1787304794.2348492,1.9177282305291986e-09,-5.641324215644568e-08,0.0697779655456543
1787304794.2773056,1.9177282305291986e-09,-5.641324215644568e-08,0.0697779655456543
1787304794.3430414,1.9177282305291986e-09,-5.641324215644568e-08,0.06983184814453126
1787304794.3792417,1.9177282305291986e-09,-5.641324215644568e-08,0.06983184814453126
1787304794.4306617,1.9177282305291986e-09,-5.641324215644568e-08,0.06965184211730957
1787304794.4772415,1.9177282305291986e-09,-5.641324215644568e-08,0.06965184211730957
1787304794.5334146,1.9177282305291986e-09,-5.641324215644568e-08,0.06991624832153322
1787304794.5813801,1.9177282305291986e-09,-5.641324215644568e-08,0.0700225830078125
1787304794.6368694,1.9177282305291986e-09,-5.641324215644568e-08,0.07016444206237793
1787304794.6805158,1.9177282305291986e-09,-5.641324215644568e-08,0.07031869888305665
1787304794.7272236,1.9177282305291986e-09,-5.641324215644568e-08,0.07026386260986328
1787304794.777993,2.5250238321747696e-05,1.7192982675233247e-06,0.07016468048095705
1787304794.8286653,1.7364491105317618e-09,-5.3833804847470474e-08,0.07005953788757324
1787304794.878992,1.7364491105317618e-09,-5.3833804847470474e-08,0.06987547874450684
1787304794.9323018,1.7364491105317618e-09,-5.3833804847470474e-08,0.06984305381774904
1787304794.9968956,1.7364491105317618e-09,-5.3833804847470474e-08,0.06986236572265626
1787304795.0392246,1.7364491105317618e-09,-5.3833804847470474e-08,0.06993460655212404
1787304795.079523,1.7364491105317618e-09,-5.3833804847470474e-08,0.0700216293334961
1787304795.1446598,1.7364491105317618e-09,-5.3833804847470474e-08,0.07005357742309572
1787304795.1956239,1.7364491105317618e-09,-5.3833804847470474e-08,0.07014727592468263
1787304795.248773,1.7364491105317618e-09,-5.3833804847470474e-08,0.0702211856842041
1787304795.295187,1.7364491105317618e-09,-5.3833804847470474e-08,0.07032132148742676
1787304795.3404596,1.7364491105317618e-09,-5.3833804847470474e-08,0.07029199600219727
1787304795.4036937,1.7364491105317618e-09,-5.3833804847470474e-08,0.07024455070495604
1787304795.4573374,1.7364491105317618e-09,-5.3833804847470474e-08,0.07019472122192384
1787304795.4922383,1.7364491105317618e-09,-5.3833804847470474e-08,0.0701577663421631
1787304795.5477338,1.7364491105317618e-09,-5.3833804847470474e-08,0.07010006904602051
1787304795.5954638,1.7364491105317618e-09,-5.3833804847470474e-08,0.06997799873352051
1787304795.6427715,1.7364491105317618e-09,-5.3833804847470474e-08,0.07007026672363281
1787304795.6963372,2.5250360858209454e-05,1.7175525468235929e-06,0.07001566886901857
1787304795.7522435,1.8528558825402642e-09,-5.5492239713463526e-08,0.07020163536071779
1787304795.7869937,2.5250154184915114e-05,1.7204931647886064e-06,0.0702486038208008
1787304795.8470278,1.8736055734122983e-09,-5.5787203134514566e-08,0.07022500038146974
1787304795.87788,1.8736055734122983e-09,-5.5787203134514566e-08,0.07041621208190918
1787304795.942057,1.8736055734122983e-09,-5.5787203134514566e-08,0.07048606872558594
1787304795.996707,1.8736055734122983e-09,-5.5787203134514566e-08,0.07054209709167482
1787304796.0400054,1.8736055734122983e-09,-5.5787203134514566e-08,0.07043266296386717
1787304796.080566,1.8736055734122983e-09,-5.5787203134514566e-08,0.07036924362182617
1787304796.145435,1.8736055734122983e-09,-5.5787203134514566e-08,0.07031750679016113
1787304796.1947558,1.8736055734122983e-09,-5.5787203134514566e-08,0.07029628753662111
1787304796.2417407,1.8736055734122983e-09,-5.5787203134514566e-08,0.07042860984802247
1787304796.2778955,1.8736055734122983e-09,-5.5787203134514566e-08,0.07042646408081055
1787304796.3365052,1.8736055734122983e-09,-5.5787203134514566e-08,0.07055354118347167
1787304796.4032423,1.8736055734122983e-09,-5.5787203134514566e-08,0.0705568790435791
1787304796.4460747,1.8736055734122983e-09,-5.5787203134514566e-08,0.07065844535827637
1787304796.6425383,1.8736055734122983e-09,-5.5787203134514566e-08,0.07062721252441406
1787304796.7736847,1.8736055734122983e-09,-5.5787203134514566e-08,0.07056784629821777
1787304796.8332133,1.8736055734122983e-09,-5.5787203134514566e-08,0.07065248489379884
1787304797.025455,1.8736055734122983e-09,-5.5787203134514566e-08,0.07074236869812012
1787304797.0265708,1.8736055734122983e-09,-5.5787203134514566e-08,0.07071638107299806
1787304797.1517246,1.8736055734122983e-09,-5.5787203134514566e-08,0.07066917419433595
1787304797.3449361,1.776097804819085e-09,-5.4408738336124905e-08,0.07056879997253418
1787304797.3983552,1.776097804819085e-09,-5.4408738336124905e-08,0.07067179679870605
1787304797.5021288,1.776097804819085e-09,-5.4408738336124905e-08,0.0707414150238037
1787304797.5924826,1.776097804819085e-09,-5.4408738336124905e-08,0.07080125808715822
1787304797.706032,1.776097804819085e-09,-5.4408738336124905e-08,0.07066822052001952
1787304797.72997,1.776097804819085e-09,-5.4408738336124905e-08,0.07067203521728516
1787304797.9452407,1.776097804819085e-09,-5.4408738336124905e-08,0.07067203521728516
1787304798.1495554,1.776097804819085e-09,-5.4408738336124905e-08,0.07071781158447267
1787304798.353813,1.776097804819085e-09,-5.4408738336124905e-08,0.07060861587524414
1787304798.49031,2.5249571027324768e-05,1.728761062166639e-06,0.07056427001953126
1787304798.5404017,1.901773452594595e-09,-5.618751012055142e-08,0.07070302963256836
1787304798.5866961,1.901773452594595e-09,-5.618751012055142e-08,0.07067108154296874
1787304798.639263,1.901773452594595e-09,-5.618751012055142e-08,0.07053565979003908
1787304798.685357,1.901773452594595e-09,-5.618751012055142e-08,0.07053875923156737
1787304798.7377565,1.901773452594595e-09,-5.618751012055142e-08,0.07049083709716798
1787304798.779094,1.901773452594595e-09,-5.618751012055142e-08,0.0704925060272217
1787304798.8282518,1.901773452594595e-09,-5.618751012055142e-08,0.07049894332885742
1787304798.8836875,2.52496754602594e-05,1.7272832685630427e-06,0.07054424285888672
1787304798.9409301,2.1239299433958956e-09,-5.932969530757656e-08,0.07074785232543944
1787304798.9833488,2.1239299433958956e-09,-5.932969530757656e-08,0.07078194618225098
1787304799.0484045,2.1239299433958956e-09,-5.932969530757656e-08,0.07079887390136719
1787304799.0986483,2.1239299433958956e-09,-5.932969530757656e-08,0.07090258598327637
1787304799.1394625,2.1239299433958956e-09,-5.932969530757656e-08,0.07085895538330078
1787304799.1965504,2.1239299433958956e-09,-5.932969530757656e-08,0.0708897113800049
1787304799.2434099,2.1239299433958956e-09,-5.932969530757656e-08,0.07085108757019043
1787304799.3047125,2.1239299433958956e-09,-5.932969530757656e-08,0.07077813148498535
1787304799.3431764,2.1239299433958956e-09,-5.932969530757656e-08,0.07075190544128418
1787304799.3922842,2.1239299433958956e-09,-5.932969530757656e-08,0.07076454162597656
1787304799.4420207,2.1239299433958956e-09,-5.932969530757656e-08,0.07081103324890135
1787304799.4977772,2.1239299433958956e-09,-5.932969530757656e-08,0.07090258598327637
1787304799.5446134,2.1239299433958956e-09,-5.932969530757656e-08,0.07098698616027833
1787304799.5984263,2.1239299433958956e-09,-5.932969530757656e-08,0.0710604190826416
1787304799.6418836,2.1239299433958956e-09,-5.932969530757656e-08,0.07119297981262208
1787304799.681438,2.5248670272764896e-05,1.741431787620906e-06,0.07121992111206055
1787304799.7312078,2.083578794233028e-09,-5.876388575900117e-08,0.07114815711975099
1787304799.7815022,2.083578794233028e-09,-5.876388575900117e-08,0.07103347778320311
1787304799.8384254,2.083578794233028e-09,-5.876388575900117e-08,0.07094717025756837
1787304799.877421,2.083578794233028e-09,-5.876388575900117e-08,0.07090353965759279
1787304799.9320698,2.083578794233028e-09,-5.876388575900117e-08,0.07079315185546875
1787304799.9773993,2.083578794233028e-09,-5.876388575900117e-08,0.07077002525329588
1787304800.033372,2.083578794233028e-09,-5.876388575900117e-08,0.07092022895812988
1787304800.0803263,2.083578794233028e-09,-5.876388575900117e-08,0.0710139274597168
1787304800.1388097,2.524890718677948e-05,1.7381061334441735e-06,0.0710906982421875
1787304800.2013414,2.233823668703857e-09,-6.087364827247995e-08,0.07118105888366699
1787304800.2392828,2.233823668703857e-09,-6.087364827247995e-08,0.07121706008911133
1787304800.2921977,2.233823668703857e-09,-6.087364827247995e-08,0.07122230529785156
1787304800.346187,2.233823668703857e-09,-6.087364827247995e-08,0.07115840911865234
1787304800.398514,2.233823668703857e-09,-6.087364827247995e-08,0.07106781005859375
1787304800.4408953,2.233823668703857e-09,-6.087364827247995e-08,0.07102680206298828
1787304800.7088857,2.233823668703857e-09,-6.087364827247995e-08,0.07100558280944824
1787304800.7931633,2.369773872879004e-09,-6.278175978200756e-08,0.07114410400390626
1787304800.8403714,2.369773872879004e-09,-6.278175978200756e-08,0.07104158401489258
1787304800.9490244,2.369773872879004e-09,-6.278175978200756e-08,0.07104158401489258
1787304800.9774425,2.369773872879004e-09,-6.278175978200756e-08,0.07104158401489258
1787304801.0287163,2.369773872879004e-09,-6.278175978200756e-08,0.07104158401489258
1787304801.081241,2.369773872879004e-09,-6.278175978200756e-08,0.07102108001708984
1787304801.12816,2.369773872879004e-09,-6.278175978200756e-08,0.07102108001708984
1787304801.181945,2.369773872879004e-09,-6.278175978200756e-08,0.07102108001708984
1787304801.229206,2.369773872879004e-09,-6.278175978200756e-08,0.07102108001708984
1787304801.2872052,2.369773872879004e-09,-6.278175978200756e-08,0.0711042881011963
1787304801.347507,2.369773872879004e-09,-6.278175978200756e-08,0.07101678848266603
1787304801.3863778,2.5249360351524087e-05,1.731740720050322e-06,0.07090187072753908
1787304801.4282277,2.5249360351524087e-05,1.731740720050322e-06,0.07090187072753908
1787304801.4834807,2.5249360351524087e-05,1.731740720050322e-06,0.07090187072753908
1787304801.5305262,2.5249360351524087e-05,1.731740720050322e-06,0.07090187072753908
1787304801.582115,2.5249360351524087e-05,1.731740720050322e-06,0.07090187072753908
1787304801.6293414,2.5249360351524087e-05,1.731740720050322e-06,0.07090187072753908
1787304801.7056925,2.208150046391019e-09,-6.050643758511495e-08,0.07101893424987794
1787304801.7287786,2.208150046391019e-09,-6.050643758511495e-08,0.07101893424987794
1787304801.7814682,2.208150046391019e-09,-6.050643758511495e-08,0.07121062278747559
1787304801.8315725,2.208150046391019e-09,-6.050643758511495e-08,0.07121896743774414
1787304801.8963702,2.208150046391019e-09,-6.050643758511495e-08,0.07121896743774414
1787304801.9277153,2.208150046391019e-09,-6.050643758511495e-08,0.07121896743774414
1787304802.0056026,2.208150046391019e-09,-6.050643758511495e-08,0.07121896743774414
1787304802.0324888,2.208150046391019e-09,-6.050643758511495e-08,0.07121896743774414
1787304802.1017094,2.208150046391019e-09,-6.050643758511495e-08,0.07090258598327637
1787304802.1282606,2.208150046391019e-09,-6.050643758511495e-08,0.07090258598327637
1787304802.177389,2.208150046391019e-09,-6.050643758511495e-08,0.07090258598327637
1787304802.2757466,2.208150046391019e-09,-6.050643758511495e-08,0.07090258598327637
1787304802.277521,2.208150046391019e-09,-6.050643758511495e-08,0.07097649574279787
1787304802.3311498,2.208150046391019e-09,-6.050643758511495e-08,0.07120108604431152
1787304802.3781395,2.208150046391019e-09,-6.050643758511495e-08,0.07114672660827635
1787304802.429382,2.208150046391019e-09,-6.050643758511495e-08,0.07114672660827635
1787304802.4882727,2.208150046391019e-09,-6.050643758511495e-08,0.07114672660827635
1787304802.5442183,2.5249094932481786e-05,1.7354757320149605e-06,0.07094001770019534
1787304802.5852973,2.1028573731188998e-09,-5.902568008607376e-08,0.07097697257995604
1787304802.640213,2.1028573731188998e-09,-5.902568008607376e-08,0.0710892677307129
1787304802.692839,2.1028573731188998e-09,-5.902568008607376e-08,0.0712003707885742
1787304802.7423897,2.1028573731188998e-09,-5.902568008607376e-08,0.07121992111206055
1787304802.7962472,2.1028573731188998e-09,-5.902568008607376e-08,0.07139015197753906
1787304802.841264,2.1028573731188998e-09,-5.902568008607376e-08,0.07143235206604007
1787304802.8929718,2.1028573731188998e-09,-5.902568008607376e-08,0.07140707969665527
1787304802.9510536,2.1028573731188998e-09,-5.902568008607376e-08,0.0713350772857666
1787304802.9784374,2.1028573731188998e-09,-5.902568008607376e-08,0.07129931449890137
1787304803.0517023,2.1028573731188998e-09,-5.902568008607376e-08,0.07124733924865723
1787304803.0779293,2.1028573731188998e-09,-5.902568008607376e-08,0.07121968269348145
1787304803.1434293,2.1028573731188998e-09,-5.902568008607376e-08,0.07126903533935547
1787304803.2064724,2.1028573731188998e-09,-5.902568008607376e-08,0.07128787040710452
1787304803.2397227,2.1028573731188998e-09,-5.902568008607376e-08,0.07126021385192871
1787304803.3070045,2.1028573731188998e-09,-5.902568008607376e-08,0.07120990753173828
1787304803.3455985,2.1028573731188998e-09,-5.902568008607376e-08,0.07135987281799316
1787304803.3974252,2.1028573731188998e-09,-5.902568008607376e-08,0.07134485244750978
1787304803.441146,2.1028573731188998e-09,-5.902568008607376e-08,0.0713810920715332
1787304803.4915648,2.1028573731188998e-09,-5.902568008607376e-08,0.07146692276000975
1787304803.5410051,2.1028573731188998e-09,-5.902568008607376e-08,0.07149910926818848
1787304803.5864382,2.1028573731188998e-09,-5.902568008607376e-08,0.07161355018615723
1787304803.64361,2.1028573731188998e-09,-5.902568008607376e-08,0.07168483734130858
1787304803.6834035,2.1028573731188998e-09,-5.902568008607376e-08,0.07159924507141113
1787304803.7517781,2.1028573731188998e-09,-5.902568008607376e-08,0.07152128219604494
1787304803.7860334,2.1028573731188998e-09,-5.902568008607376e-08,0.0712871551513672
1787304803.8472278,2.524845069427102e-05,1.744516683428868e-06,0.07134604454040527
1787304803.892007,2.11812320667534e-09,-5.923936156391743e-08,0.07130408287048343
1787304803.9321218,2.52483861707833e-05,1.7454195614860622e-06,0.07141757011413574
1787304803.9792593,2.296160146748042e-09,-6.172828345345906e-08,0.07150125503540039
1787304804.029537,2.296160146748042e-09,-6.172828345345906e-08,0.07167053222656251
1787304804.0809288,2.296160146748042e-09,-6.172828345345906e-08,0.07171082496643065
1787304804.1280606,2.5247876110870074e-05,1.7525310999503487e-06,0.07177138328552246
1787304804.1930947,2.3736101496952395e-09,-6.280568553973832e-08,0.07179617881774904
1787304804.2312117,2.3736101496952395e-09,-6.280568553973832e-08,0.07181787490844725
1787304804.2789884,2.3736101496952395e-09,-6.280568553973832e-08,0.07182526588439943
1787304804.3313487,2.3736101496952395e-09,-6.280568553973832e-08,0.07175207138061523
1787304804.3822913,2.3736101496952395e-09,-6.280568553973832e-08,0.07169699668884279
1787304804.4403884,2.3736101496952395e-09,-6.280568553973832e-08,0.07166838645935059
1787304804.514694,2.3736101496952395e-09,-6.280568553973832e-08,0.07157397270202638
1787304804.52932,2.3736101496952395e-09,-6.280568553973832e-08,0.07157397270202638
1787304804.5815473,2.3736101496952395e-09,-6.280568553973832e-08,0.07157397270202638
1787304804.630546,2.3736101496952395e-09,-6.280568553973832e-08,0.07157397270202638
1787304804.766353,2.3736101496952395e-09,-6.280568553973832e-08,0.07168841361999514
1787304804.944225,2.3736101496952395e-09,-6.280568553973832e-08,0.07186603546142578
1787304804.9916332,2.3736101496952395e-09,-6.280568553973832e-08,0.07173299789428711
1787304805.074513,2.3736101496952395e-09,-6.280568553973832e-08,0.07170438766479492
1787304805.1010473,2.3736101496952395e-09,-6.280568553973832e-08,0.07170438766479492
1787304805.2923794,2.3736101496952395e-09,-6.280568553973832e-08,0.07178902626037598
1787304805.3273711,2.3736101496952395e-09,-6.280568553973832e-08,0.07190990447998048
1787304805.4612155,2.3736101496952395e-09,-6.280568553973832e-08,0.07191205024719238
1787304805.4875689,2.3736101496952395e-09,-6.280568553973832e-08,0.07191205024719238
1787304805.5391822,2.3736101496952395e-09,-6.280568553973832e-08,0.07191205024719238
1787304805.8313606,2.3736101496952395e-09,-6.280568553973832e-08,0.07187747955322266
1787304805.9812827,2.3736101496952395e-09,-6.280568553973832e-08,0.07202959060668945
1787304806.0278955,2.3736101496952395e-09,-6.280568553973832e-08,0.07189297676086426
1787304806.083109,2.3736101496952395e-09,-6.280568553973832e-08,0.07189297676086426
1787304806.1271071,2.3736101496952395e-09,-6.280568553973832e-08,0.07189297676086426
1787304806.1796205,2.3736101496952395e-09,-6.280568553973832e-08,0.07189297676086426
1787304806.2292542,2.3736101496952395e-09,-6.280568553973832e-08,0.07212042808532715
1787304806.287914,2.3736101496952395e-09,-6.280568553973832e-08,0.07212042808532715
1787304806.3766894,2.3736101496952395e-09,-6.280568553973832e-08,0.07212042808532715
1787304806.4427295,2.3736101496952395e-09,-6.280568553973832e-08,0.07212042808532715
1787304806.5198028,2.3736101496952395e-09,-6.280568553973832e-08,0.07199835777282716
1787304806.5294244,2.3736101496952395e-09,-6.280568553973832e-08,0.07199835777282716
1787304806.5804965,2.3736101496952395e-09,-6.280568553973832e-08,0.07214188575744629
1787304806.6282818,2.3736101496952395e-09,-6.280568553973832e-08,0.0721592903137207
1787304806.6791232,2.3736101496952395e-09,-6.280568553973832e-08,0.07222223281860353
1787304806.731845,2.3736101496952395e-09,-6.280568553973832e-08,0.07221031188964844
1787304806.7886858,2.3736101496952395e-09,-6.280568553973832e-08,0.0721733570098877
1787304806.8508008,2.3736101496952395e-09,-6.280568553973832e-08,0.07220554351806642
1787304806.894088,2.3736101496952395e-09,-6.280568553973832e-08,0.07212352752685548
1787304806.9279344,2.3736101496952395e-09,-6.280568553973832e-08,0.07210898399353029
1787304806.995287,2.3736101496952395e-09,-6.280568553973832e-08,0.07213568687438965
1787304807.0520098,2.3736101496952395e-09,-6.280568553973832e-08,0.07223558425903319
1787304807.0817764,2.3736101496952395e-09,-6.280568553973832e-08,0.07228970527648927
1787304807.147385,2.3736101496952395e-09,-6.280568553973832e-08,0.0722963809967041
1787304807.1813412,2.3736101496952395e-09,-6.280568553973832e-08,0.0722782611846924
1787304807.2373247,2.3736101496952395e-09,-6.280568553973832e-08,0.07226848602294922
1787304807.2780392,2.3736101496952395e-09,-6.280568553973832e-08,0.07222461700439452
1787304807.3485386,2.3736101496952395e-09,-6.280568553973832e-08,0.07207608222961426
1787304807.3818827,2.3736101496952395e-09,-6.280568553973832e-08,0.07190108299255371
1787304807.4308317,2.3736101496952395e-09,-6.280568553973832e-08,0.07203269004821776
1787304807.478427,2.3736101496952395e-09,-6.280568553973832e-08,0.07204914093017578
1787304807.5302086,2.3736101496952395e-09,-6.280568553973832e-08,0.07208991050720215
1787304807.5773427,2.3736101496952395e-09,-6.280568553973832e-08,0.07216382026672363
1787304807.6333723,2.3736101496952395e-09,-6.280568553973832e-08,0.07213759422302246
1787304807.6800094,2.3736101496952395e-09,-6.280568553973832e-08,0.07216691970825194
1787304807.7319226,2.3736101496952395e-09,-6.280568553973832e-08,0.07220005989074708
1787304807.783602,2.3736101496952395e-09,-6.280568553973832e-08,0.07231378555297849
1787304807.851944,2.3736101496952395e-09,-6.280568553973832e-08,0.07242345809936525
1787304807.882463,2.3736101496952395e-09,-6.280568553973832e-08,0.07246088981628417
1787304807.96493,2.3736101496952395e-09,-6.280568553973832e-08,0.07242870330810548
1787304807.9869986,2.3736101496952395e-09,-6.280568553973832e-08,0.07251882553100586
1787304808.03817,2.3736101496952395e-09,-6.280568553973832e-08,0.07259392738342287
1787304808.088712,2.3736101496952395e-09,-6.280568553973832e-08,0.0726006031036377
1787304808.1420314,2.3736101496952395e-09,-6.280568553973832e-08,0.07275271415710449
1787304808.2026553,2.3736101496952395e-09,-6.280568553973832e-08,0.07272267341613771
1787304808.2356195,2.3736101496952395e-09,-6.280568553973832e-08,0.0726439952850342
1787304808.297352,2.3736101496952395e-09,-6.280568553973832e-08,0.0724918842315674
1787304808.3293295,2.3736101496952395e-09,-6.280568553973832e-08,0.07249283790588379
1787304808.3811285,2.3736101496952395e-09,-6.280568553973832e-08,0.07250499725341797
1787304808.4337804,2.3736101496952395e-09,-6.280568553973832e-08,0.07243156433105467
1787304808.6936347,2.3736101496952395e-09,-6.280568553973832e-08,0.07239079475402833
1787304808.7325516,2.3736101496952395e-09,-6.280568553973832e-08,0.07211375236511232
1787304808.7770388,2.3736101496952395e-09,-6.280568553973832e-08,0.07216453552246095
1787304808.936077,2.3736101496952395e-09,-6.280568553973832e-08,0.07216453552246095
1787304809.003874,2.3736101496952395e-09,-6.280568553973832e-08,0.07216453552246095
1787304809.0455031,2.3736101496952395e-09,-6.280568553973832e-08,0.07239747047424318
1787304809.0803282,2.3736101496952395e-09,-6.280568553973832e-08,0.07243776321411133
1787304809.1361322,2.3736101496952395e-09,-6.280568553973832e-08,0.07243776321411133
1787304809.243087,2.3736101496952395e-09,-6.280568553973832e-08,0.07243776321411133
1787304809.2791967,2.3736101496952395e-09,-6.280568553973832e-08,0.07255315780639647
1787304809.3331137,2.3736101496952395e-09,-6.280568553973832e-08,0.07255315780639647
1787304809.3784997,2.3736101496952395e-09,-6.280568553973832e-08,0.07255315780639647
1787304809.428335,2.3736101496952395e-09,-6.280568553973832e-08,0.07255315780639647
1787304809.4858916,2.3736101496952395e-09,-6.280568553973832e-08,0.07255315780639647
1787304809.5322065,2.3736101496952395e-09,-6.280568553973832e-08,0.07237005233764647
1787304809.5794253,2.3736101496952395e-09,-6.280568553973832e-08,0.07237005233764647
1787304809.6272018,2.3736101496952395e-09,-6.280568553973832e-08,0.07237005233764647
1787304809.6771579,2.3736101496952395e-09,-6.280568553973832e-08,0.07237005233764647
1787304809.7311053,2.3736101496952395e-09,-6.280568553973832e-08,0.07234048843383789
1787304809.7817392,2.3736101496952395e-09,-6.280568553973832e-08,0.07253074645996094
1787304809.827558,2.3736101496952395e-09,-6.280568553973832e-08,0.07256293296813965
1787304809.878324,2.3736101496952395e-09,-6.280568553973832e-08,0.07256293296813965
1787304809.929413,2.3736101496952395e-09,-6.280568553973832e-08,0.07256293296813965
1787304809.9793317,2.3736101496952395e-09,-6.280568553973832e-08,0.07256293296813965
1787304810.0298069,2.3736101496952395e-09,-6.280568553973832e-08,0.07256293296813965
1787304810.0894506,2.3736101496952395e-09,-6.280568553973832e-08,0.07243394851684572
1787304810.1400006,2.3736101496952395e-09,-6.280568553973832e-08,0.07243394851684572
1787304810.1780689,2.3736101496952395e-09,-6.280568553973832e-08,0.07243394851684572
1787304810.2292,2.3736101496952395e-09,-6.280568553973832e-08,0.07243394851684572
1787304810.2810614,2.3736101496952395e-09,-6.280568553973832e-08,0.07263398170471191
1787304810.3388426,2.3736101496952395e-09,-6.280568553973832e-08,0.07263398170471191
1787304810.37825,2.3736101496952395e-09,-6.280568553973832e-08,0.07263398170471191
1787304810.4294755,2.3736101496952395e-09,-6.280568553973832e-08,0.07263398170471191
1787304810.4774613,2.3736101496952395e-09,-6.280568553973832e-08,0.07263398170471191
1787304810.5321167,2.3736101496952395e-09,-6.280568553973832e-08,0.07254815101623535
1787304810.5877326,2.3736101496952395e-09,-6.280568553973832e-08,0.07260465621948244
1787304810.6272995,2.3736101496952395e-09,-6.280568553973832e-08,0.07260274887084961
1787304810.700657,2.3736101496952395e-09,-6.280568553973832e-08,0.07265400886535645
1787304810.7336712,2.3736101496952395e-09,-6.280568553973832e-08,0.0726759433746338
1787304810.7805974,2.3736101496952395e-09,-6.280568553973832e-08,0.07263803482055664
1787304810.8447235,2.3736101496952395e-09,-6.280568553973832e-08,0.07256722450256348
1787304810.8886814,2.3736101496952395e-09,-6.280568553973832e-08,0.07254052162170412
1787304810.9403832,2.3736101496952395e-09,-6.280568553973832e-08,0.07255911827087404
1787304811.0036383,2.3736101496952395e-09,-6.280568553973832e-08,0.0726187229156494
1787304811.028489,2.3736101496952395e-09,-6.280568553973832e-08,0.07267189025878906
1787304811.0989842,2.3736101496952395e-09,-6.280568553973832e-08,0.07276773452758789
1787304811.145636,2.3736101496952395e-09,-6.280568553973832e-08,0.07277274131774904
1787304811.1874483,2.3736101496952395e-09,-6.280568553973832e-08,0.07286882400512695
1787304811.2394452,2.3736101496952395e-09,-6.280568553973832e-08,0.07285070419311523
1787304811.2779446,2.3736101496952395e-09,-6.280568553973832e-08,0.07277584075927734
1787304811.339461,2.3736101496952395e-09,-6.280568553973832e-08,0.07274007797241211
1787304811.402073,2.3736101496952395e-09,-6.280568553973832e-08,0.07267642021179199
1787304811.438223,2.3736101496952395e-09,-6.280568553973832e-08,0.07273483276367189
1787304811.4928486,2.3736101496952395e-09,-6.280568553973832e-08,0.07276749610900879
1787304811.5365322,2.3736101496952395e-09,-6.280568553973832e-08,0.07279777526855469
1787304811.5965698,2.3736101496952395e-09,-6.280568553973832e-08,0.07283997535705565
1787304811.636788,2.3736101496952395e-09,-6.280568553973832e-08,0.07287788391113281
1787304811.7082963,2.3736101496952395e-09,-6.280568553973832e-08,0.07297611236572264
1787304811.7434852,2.3736101496952395e-09,-6.280568553973832e-08,0.073030948638916
1787304811.7912796,2.3736101496952395e-09,-6.280568553973832e-08,0.07317829132080078
1787304811.8432028,2.3736101496952395e-09,-6.280568553973832e-08,0.07315325736999512
1787304811.8989413,2.3736101496952395e-09,-6.280568553973832e-08,0.07325959205627441
1787304811.946882,2.3736101496952395e-09,-6.280568553973832e-08,0.07331037521362303
1787304811.9886274,2.3736101496952395e-09,-6.280568553973832e-08,0.07334637641906737
1787304812.036293,2.3736101496952395e-09,-6.280568553973832e-08,0.07344388961791994
1787304812.0824366,2.3736101496952395e-09,-6.280568553973832e-08,0.07347917556762695
1787304812.1356657,2.3736101496952395e-09,-6.280568553973832e-08,0.07339811325073242
1787304812.1787157,2.3736101496952395e-09,-6.280568553973832e-08,0.07343196868896483
1787304812.2342584,2.3736101496952395e-09,-6.280568553973832e-08,0.07342219352722168
1787304812.2992396,2.3736101496952395e-09,-6.280568553973832e-08,0.07343196868896483
1787304812.3484447,2.3736101496952395e-09,-6.280568553973832e-08,0.0733041763305664
1787304812.3793547,2.3736101496952395e-09,-6.280568553973832e-08,0.07327508926391602
1787304812.4425755,2.3736101496952395e-09,-6.280568553973832e-08,0.07323431968688966
1787304812.5042894,2.3736101496952395e-09,-6.280568553973832e-08,0.073134183883667
1787304812.563188,2.3736101496952395e-09,-6.280568553973832e-08,0.073134183883667
1787304812.6034563,2.3736101496952395e-09,-6.280568553973832e-08,0.07320022583007814
1787304812.6278427,2.3736101496952395e-09,-6.280568553973832e-08,0.07296800613403322
1787304812.6809516,2.3736101496952395e-09,-6.280568553973832e-08,0.07296800613403322
1787304812.7473319,2.3736101496952395e-09,-6.280568553973832e-08,0.07296800613403322
1787304812.7780695,2.3736101496952395e-09,-6.280568553973832e-08,0.07299232482910158
1787304812.8285024,2.3736101496952395e-09,-6.280568553973832e-08,0.07297945022583008
1787304812.8773906,2.3736101496952395e-09,-6.280568553973832e-08,0.07297945022583008
1787304812.9302466,2.3736101496952395e-09,-6.280568553973832e-08,0.07297945022583008
1787304812.9774325,2.3736101496952395e-09,-6.280568553973832e-08,0.07297945022583008
1787304813.0270746,2.3736101496952395e-09,-6.280568553973832e-08,0.07297945022583008
1787304813.086735,2.3736101496952395e-09,-6.280568553973832e-08,0.0730292797088623
1787304813.130086,2.3736101496952395e-09,-6.280568553973832e-08,0.0730292797088623
1787304813.1775985,2.3736101496952395e-09,-6.280568553973832e-08,0.0730292797088623
1787304813.2350287,2.3736101496952395e-09,-6.280568553973832e-08,0.0730292797088623
1787304813.2893977,2.3736101496952395e-09,-6.280568553973832e-08,0.0730292797088623
1787304813.3326714,2.3736101496952395e-09,-6.280568553973832e-08,0.0732569694519043
1787304813.387543,2.3736101496952395e-09,-6.280568553973832e-08,0.07321429252624512
1787304813.4753811,2.2763138612375943e-09,-6.147863191881184e-08,0.07310914993286133
1787304813.5075245,2.2763138612375943e-09,-6.147863191881184e-08,0.07310914993286133
1787304813.595476,2.2763138612375943e-09,-6.147863191881184e-08,0.07310914993286133
1787304813.7307699,2.2763138612375943e-09,-6.147863191881184e-08,0.07323336601257326
1787304813.8082366,2.2763138612375943e-09,-6.147863191881184e-08,0.07358002662658693
1787304813.93974,2.2763138612375943e-09,-6.147863191881184e-08,0.07363009452819824
1787304814.0084662,2.2763138612375943e-09,-6.147863191881184e-08,0.07360911369323732
1787304814.0434191,2.2763138612375943e-09,-6.147863191881184e-08,0.07346749305725099
1787304814.1122801,2.2763138612375943e-09,-6.147863191881184e-08,0.07346749305725099
1787304814.1866868,2.2763138612375943e-09,-6.147863191881184e-08,0.07346749305725099
1787304814.2495277,2.2763138612375943e-09,-6.147863191881184e-08,0.07329750061035156
1787304814.3412168,2.2763138612375943e-09,-6.147863191881184e-08,0.07338500022888184
1787304814.464157,2.2763138612375943e-09,-6.147863191881184e-08,0.07368016242980958
1787304814.4859304,2.2763138612375943e-09,-6.147863191881184e-08,0.07368016242980958
1787304814.5429423,2.2763138612375943e-09,-6.147863191881184e-08,0.07398414611816405
1787304814.5875738,2.2763138612375943e-09,-6.147863191881184e-08,0.07394504547119142
1787304814.6589618,2.2763138612375943e-09,-6.147863191881184e-08,0.07396340370178224
1787304814.692289,2.2763138612375943e-09,-6.147863191881184e-08,0.07393455505371092
1787304814.743501,2.2763138612375943e-09,-6.147863191881184e-08,0.07384157180786133
1787304814.7948732,2.2763138612375943e-09,-6.147863191881184e-08,0.07373881340026855
1787304814.8404496,2.2763138612375943e-09,-6.147863191881184e-08,0.07350611686706542
1787304814.904497,2.2763138612375943e-09,-6.147863191881184e-08,0.07332229614257814
1787304814.9460225,2.2763138612375943e-09,-6.147863191881184e-08,0.073392391204834
1787304814.9974668,2.2763138612375943e-09,-6.147863191881184e-08,0.07355570793151855
1787304815.037666,2.2763138612375943e-09,-6.147863191881184e-08,0.07365393638610841
1787304815.0993378,2.2763138612375943e-09,-6.147863191881184e-08,0.07385635375976564
1787304815.1426017,2.2763138612375943e-09,-6.147863191881184e-08,0.07390928268432617
1787304815.210712,2.2763138612375943e-09,-6.147863191881184e-08,0.07385826110839845
1787304815.2480855,2.2763138612375943e-09,-6.147863191881184e-08,0.07372069358825684
1787304815.280276,2.2763138612375943e-09,-6.147863191881184e-08,0.07360911369323732
1787304815.3303661,2.2763138612375943e-09,-6.147863191881184e-08,0.0737314224243164
1787304815.3785179,2.2763138612375943e-09,-6.147863191881184e-08,0.07367992401123045
1787304815.4299161,2.2763138612375943e-09,-6.147863191881184e-08,0.0737917423248291
1787304815.5004835,2.2763138612375943e-09,-6.147863191881184e-08,0.07390904426574706
1787304815.5479572,2.2763138612375943e-09,-6.147863191881184e-08,0.07395076751708986
1787304815.5818706,2.2763138612375943e-09,-6.147863191881184e-08,0.07418036460876463
1787304815.6472754,2.2763138612375943e-09,-6.147863191881184e-08,0.07419967651367188
1787304815.692838,2.2763138612375943e-09,-6.147863191881184e-08,0.07423424720764162
1787304815.739639,2.2763138612375943e-09,-6.147863191881184e-08,0.07429146766662598
1787304815.7989097,2.2763138612375943e-09,-6.147863191881184e-08,0.07431101799011233
1787304815.8368688,2.2763138612375943e-09,-6.147863191881184e-08,0.07442307472229003
1787304815.90191,2.2763138612375943e-09,-6.147863191881184e-08,0.07439279556274415
1787304815.9383101,2.2763138612375943e-09,-6.147863191881184e-08,0.07439136505126953
1787304815.9931998,2.2763138612375943e-09,-6.147863191881184e-08,0.07437729835510255
1787304816.0452273,2.2763138612375943e-09,-6.147863191881184e-08,0.07431292533874512
1787304816.094617,2.2763138612375943e-09,-6.147863191881184e-08,0.07432198524475099
1787304816.13644,2.2763138612375943e-09,-6.147863191881184e-08,0.0742523670196533
1787304816.1992264,2.2763138612375943e-09,-6.147863191881184e-08,0.07422184944152832
1787304816.2377374,2.2763138612375943e-09,-6.147863191881184e-08,0.0742037296295166
1787304816.2789688,2.2763138612375943e-09,-6.147863191881184e-08,0.0742473602294922
1787304816.3363848,2.2763138612375943e-09,-6.147863191881184e-08,0.07440567016601564
1787304816.3774674,2.2763138612375943e-09,-6.147863191881184e-08,0.07446765899658202
1787304816.4270291,2.2763138612375943e-09,-6.147863191881184e-08,0.07462787628173828
1787304816.478362,2.2763138612375943e-09,-6.147863191881184e-08,0.0746276378631592
1787304816.535258,2.2763138612375943e-09,-6.147863191881184e-08,0.0746276378631592
1787304816.5966845,2.2763138612375943e-09,-6.147863191881184e-08,0.0746276378631592
1787304816.6835485,2.2763138612375943e-09,-6.147863191881184e-08,0.0746276378631592
1787304816.7832677,2.5243179390817175e-05,1.8167268995256786e-06,0.07426428794860838
1787304816.8282926,2.2147550489602067e-09,-6.065116962576857e-08,0.074249267578125
1787304816.9191089,2.2147550489602067e-09,-6.065116962576857e-08,0.0744047164916992
1787304817.1364748,2.4707982092261687e-09,-6.407828764390265e-08,0.07467627525329591
1787304817.1780217,2.2792354172604162e-09,-6.151472182255761e-08,0.07409048080444336
1787304817.227617,2.2792354172604162e-09,-6.151472182255761e-08,0.07424211502075195
1787304817.5046437,2.2792354172604162e-09,-6.151472182255761e-08,0.07424211502075195
1787304817.6036086,2.668199342463403e-09,-6.6732187543877e-08,0.07468652725219728
1787304817.6411655,2.668199342463403e-09,-6.6732187543877e-08,0.07423543930053711
1787304817.7141244,2.5243512602305965e-05,1.812261687916737e-06,0.07437562942504883
1787304817.805086,2.9639588215657692e-09,-7.070096028695031e-08,0.0745499134063721
1787304818.0035262,2.9639588215657692e-09,-7.070096028695031e-08,0.07473897933959961
1787304818.0383527,2.9639588215657692e-09,-7.070096028695031e-08,0.07483005523681639
1787304818.0936048,2.9639588215657692e-09,-7.070096028695031e-08,0.07460141181945801
1787304818.130457,2.9639588215657692e-09,-7.070096028695031e-08,0.07460141181945801
1787304818.179941,2.9639588215657692e-09,-7.070096028695031e-08,0.07460141181945801
1787304818.2414258,2.9639588215657692e-09,-7.070096028695031e-08,0.07460141181945801
1787304818.3196654,3.173577987327438e-09,-7.349312844486284e-08,0.07508754730224611
1787304818.3363326,3.173577987327438e-09,-7.349312844486284e-08,0.07508754730224611
1787304818.4879282,3.173577987327438e-09,-7.349312844486284e-08,0.07508373260498047
1787304818.539235,3.173577987327438e-09,-7.349312844486284e-08,0.07509469985961914
1787304818.5965378,3.173577987327438e-09,-7.349312844486284e-08,0.07500982284545898
1787304818.6408665,3.173577987327438e-09,-7.349312844486284e-08,0.07497954368591309
1787304818.6879437,3.173577987327438e-09,-7.349312844486284e-08,0.07495570182800292
1787304818.7574658,3.173577987327438e-09,-7.349312844486284e-08,0.07506370544433594
1787304818.7955544,3.173577987327438e-09,-7.349312844486284e-08,0.07522058486938475
1787304818.845763,3.173577987327438e-09,-7.349312844486284e-08,0.07533526420593263
1787304818.9040146,3.173577987327438e-09,-7.349312844486284e-08,0.07529973983764647
1787304818.9469726,3.173577987327438e-09,-7.349312844486284e-08,0.07531499862670898
1787304818.9940193,3.173577987327438e-09,-7.349312844486284e-08,0.07531523704528809
1787304819.040189,3.173577987327438e-09,-7.349312844486284e-08,0.07523059844970703
1787304819.0783017,3.173577987327438e-09,-7.349312844486284e-08,0.075167179107666
1787304819.127342,3.173577987327438e-09,-7.349312844486284e-08,0.07515025138854979
1787304819.204794,3.173577987327438e-09,-7.349312844486284e-08,0.07519078254699707
1787304819.2448905,3.173577987327438e-09,-7.349312844486284e-08,0.0751793384552002
1787304819.2966666,3.173577987327438e-09,-7.349312844486284e-08,0.0752863883972168
1787304819.3389144,3.173577987327438e-09,-7.349312844486284e-08,0.07537841796875
1787304819.3963895,3.173577987327438e-09,-7.349312844486284e-08,0.0753955841064453
1787304819.4462504,3.173577987327438e-09,-7.349312844486284e-08,0.07525753974914554
1787304819.5035987,3.173577987327438e-09,-7.349312844486284e-08,0.07518672943115236
1787304819.5421891,3.173577987327438e-09,-7.349312844486284e-08,0.07517242431640628
1787304819.5971396,3.173577987327438e-09,-7.349312844486284e-08,0.07512283325195312
1787304819.638216,3.173577987327438e-09,-7.349312844486284e-08,0.07524824142456055
1787304819.699288,3.173577987327438e-09,-7.349312844486284e-08,0.07535338401794435
1787304819.7384562,3.173577987327438e-09,-7.349312844486284e-08,0.07552862167358398
1787304819.8014193,3.173577987327438e-09,-7.349312844486284e-08,0.0755605697631836
1787304819.859225,3.173577987327438e-09,-7.349312844486284e-08,0.07554125785827637
1787304819.8789685,3.173577987327438e-09,-7.349312844486284e-08,0.07549500465393068
1787304819.928335,3.173577987327438e-09,-7.349312844486284e-08,0.07530641555786133
1787304819.979039,3.173577987327438e-09,-7.349312844486284e-08,0.07527661323547365
1787304820.029453,2.5242237239320592e-05,1.8292705609814252e-06,0.07521796226501465
1787304820.0789971,2.5242237239320592e-05,1.8292705609814252e-06,0.07522439956665039
1787304820.1464562,3.2977060735448795e-09,-7.513890017225898e-08,0.07540059089660646
1787304820.197889,2.5241988433783736e-05,1.8325650888228879e-06,0.0754854679107666
1787304820.2463644,3.4569851719258517e-09,-7.724497400142869e-08,0.07556748390197755
1787304820.2981517,3.4569851719258517e-09,-7.724497400142869e-08,0.07562994956970215
1787304820.3388698,3.4569851719258517e-09,-7.724497400142869e-08,0.07562065124511719
1787304820.3915317,3.4569851719258517e-09,-7.724497400142869e-08,0.07562422752380371
1787304820.4454405,3.4569851719258517e-09,-7.724497400142869e-08,0.0755140781402588
1787304820.5559032,2.5242095170208214e-05,1.8311540208266038e-06,0.0754270553588867
1787304820.5810878,2.5242095170208214e-05,1.8311540208266038e-06,0.0754270553588867
1787304820.7895367,3.426503540960072e-09,-7.684181062090871e-08,0.07549548149108888
1787304820.8294358,3.426503540960072e-09,-7.684181062090871e-08,0.07607460021972656
1787304820.9978774,3.426503540960072e-09,-7.684181062090871e-08,0.07607460021972656
1787304821.2889943,3.426503540960072e-09,-7.684181062090871e-08,0.07582974433898926
1787304821.397502,3.426503540960072e-09,-7.684181062090871e-08,0.07616353034973145
1787304821.5979204,3.426503540960072e-09,-7.684181062090871e-08,0.07587671279907227
1787304821.6942375,3.426503540960072e-09,-7.684181062090871e-08,0.07592463493347168
1787304821.737419,3.426503540960072e-09,-7.684181062090871e-08,0.07611227035522461
1787304821.7941148,3.426503540960072e-09,-7.684181062090871e-08,0.07631635665893555
1787304822.0074785,3.426503540960072e-09,-7.684181062090871e-08,0.07631635665893555
1787304822.209558,3.2398267394848285e-09,-7.439588435867989e-08,0.07601237297058107
1787304822.373616,2.5240435583414402e-05,1.852984331868008e-06,0.07627415657043457
1787304822.4064744,3.43134260276582e-09,-7.690196216279569e-08,0.07639646530151366
1787304822.4691484,3.43134260276582e-09,-7.690196216279569e-08,0.07635211944580078
1787304822.500427,3.43134260276582e-09,-7.690196216279569e-08,0.07624983787536622
1787304822.542801,3.43134260276582e-09,-7.690196216279569e-08,0.07608413696289064
1787304822.593296,3.43134260276582e-09,-7.690196216279569e-08,0.07605671882629396
1787304822.631348,3.43134260276582e-09,-7.690196216279569e-08,0.07615852355957031
1787304822.6776807,3.43134260276582e-09,-7.690196216279569e-08,0.07634305953979491
1787304822.7404459,3.43134260276582e-09,-7.690196216279569e-08,0.07647395133972167
1787304822.7794218,3.43134260276582e-09,-7.690196216279569e-08,0.07652878761291504
1787304822.8441393,3.43134260276582e-09,-7.690196216279569e-08,0.0765228271484375
1787304822.8932338,3.43134260276582e-09,-7.690196216279569e-08,0.07657313346862794
1787304822.9304729,2.5240068180926243e-05,1.8577828310804968e-06,0.07645106315612793
1787304823.00103,3.274365099012759e-09,-7.485320709554542e-08,0.07641077041625977
1787304823.0276885,3.274365099012759e-09,-7.485320709554542e-08,0.07630014419555664
1787304823.0779517,3.274365099012759e-09,-7.485320709554542e-08,0.0763530731201172
1787304823.1351612,3.274365099012759e-09,-7.485320709554542e-08,0.07637763023376466
1787304823.1783214,3.274365099012759e-09,-7.485320709554542e-08,0.07644200325012208
1787304823.2305193,3.274365099012759e-09,-7.485320709554542e-08,0.07671236991882324
1787304823.2776957,3.274365099012759e-09,-7.485320709554542e-08,0.07674908638000488
1787304823.3285909,3.274365099012759e-09,-7.485320709554542e-08,0.07665586471557616
1787304823.3794909,3.274365099012759e-09,-7.485320709554542e-08,0.0765833854675293
1787304823.4346747,3.274365099012759e-09,-7.485320709554542e-08,0.07658314704895021
1787304823.4826262,3.274365099012759e-09,-7.485320709554542e-08,0.07652354240417482
1787304823.5322657,3.274365099012759e-09,-7.485320709554542e-08,0.07647800445556639
1787304823.6018245,3.274365099012759e-09,-7.485320709554542e-08,0.07645344734191895
1787304823.6336508,2.5239850534698193e-05,1.8606228053239304e-06,0.07663345336914062
1787304823.6801314,3.4951037271707664e-09,-7.772925772649492e-08,0.07668137550354004
1787304823.7307281,3.4951037271707664e-09,-7.772925772649492e-08,0.07682704925537108
1787304823.781761,3.4951037271707664e-09,-7.772925772649492e-08,0.07684898376464842
1787304823.8271518,2.523951140133077e-05,1.8650331018321477e-06,0.0768153667449951
1787304823.881118,3.4161505735075563e-09,-7.67034027789064e-08,0.07676768302917482
1787304823.9384286,3.4161505735075563e-09,-7.67034027789064e-08,0.07669210433959961
1787304823.9968934,3.4161505735075563e-09,-7.67034027789064e-08,0.07662653923034668
1787304824.0436885,3.4161505735075563e-09,-7.67034027789064e-08,0.07663178443908693
1787304824.094687,3.4161505735075563e-09,-7.67034027789064e-08,0.07669448852539064
1787304824.127217,3.4161505735075563e-09,-7.67034027789064e-08,0.07679629325866699
1787304824.2011244,3.4161505735075563e-09,-7.67034027789064e-08,0.07680439949035646
1787304824.2281513,3.4161505735075563e-09,-7.67034027789064e-08,0.07678914070129393
1787304824.2898977,2.523946625727169e-05,1.8656197348197155e-06,0.07684040069580077
1787304824.3332736,3.430506926385701e-09,-7.688992176531907e-08,0.07680392265319826
1787304824.3917959,3.430506926385701e-09,-7.688992176531907e-08,0.07682538032531738
1787304824.4308953,3.430506926385701e-09,-7.688992176531907e-08,0.07680892944335938
1787304824.54654,3.430506926385701e-09,-7.688992176531907e-08,0.07669210433959961
1787304824.615571,3.430506926385701e-09,-7.688992176531907e-08,0.07669210433959961
1787304824.6289842,3.430506926385701e-09,-7.688992176531907e-08,0.07669210433959961
1787304824.7116954,3.430506926385701e-09,-7.688992176531907e-08,0.07650589942932126
1787304824.7488394,3.430506926385701e-09,-7.688992176531907e-08,0.07662630081176758
1787304824.7861986,3.430506926385701e-09,-7.688992176531907e-08,0.07683706283569336
1787304824.8343184,3.430506926385701e-09,-7.688992176531907e-08,0.07683706283569336
1787304824.880074,3.430506926385701e-09,-7.688992176531907e-08,0.07683706283569336
1787304824.9572532,3.430506926385701e-09,-7.688992176531907e-08,0.07683706283569336
1787304825.0069273,3.430506926385701e-09,-7.688992176531907e-08,0.07683706283569336
1787304825.0672092,3.430506926385701e-09,-7.688992176531907e-08,0.0766134262084961
1787304825.0822458,3.430506926385701e-09,-7.688992176531907e-08,0.0766134262084961
1787304825.1671507,3.430506926385701e-09,-7.688992176531907e-08,0.0766134262084961
1787304825.1816921,3.430506926385701e-09,-7.688992176531907e-08,0.0766134262084961
1787304825.2488742,3.430506926385701e-09,-7.688992176531907e-08,0.07682538032531738
1787304825.3684993,3.430506926385701e-09,-7.688992176531907e-08,0.07681632041931152
1787304825.4000573,3.430506926385701e-09,-7.688992176531907e-08,0.07681632041931152
1787304825.4491892,3.430506926385701e-09,-7.688992176531907e-08,0.07686495780944824
1787304825.5934913,3.430506926385701e-09,-7.688992176531907e-08,0.07686495780944824
1787304825.7016623,3.430506926385701e-09,-7.688992176531907e-08,0.07675933837890625
1787304825.742685,3.430506926385701e-09,-7.688992176531907e-08,0.07681226730346681
1787304825.7813854,3.430506926385701e-09,-7.688992176531907e-08,0.07732725143432617
1787304825.846322,3.430506926385701e-09,-7.688992176531907e-08,0.07732725143432617
1787304825.8787148,3.430506926385701e-09,-7.688992176531907e-08,0.07729601860046387
1787304826.0393538,3.430506926385701e-09,-7.688992176531907e-08,0.07729601860046387
1787304826.1356435,3.430506926385701e-09,-7.688992176531907e-08,0.07696914672851564
1787304826.1798577,3.430506926385701e-09,-7.688992176531907e-08,0.07699155807495119
1787304826.2881618,3.430506926385701e-09,-7.688992176531907e-08,0.07699155807495119
1787304826.3346844,3.430506926385701e-09,-7.688992176531907e-08,0.07717680931091309
1787304826.4100547,3.430506926385701e-09,-7.688992176531907e-08,0.07716631889343263
1787304826.427408,3.430506926385701e-09,-7.688992176531907e-08,0.07713866233825684
1787304826.4912932,3.430506926385701e-09,-7.688992176531907e-08,0.07713866233825684
1787304826.5427108,2.5238997299332108e-05,1.8717026022534756e-06,0.07705211639404297
1787304826.6034932,3.367337222556462e-09,-7.607165933617531e-08,0.0770094394683838
1787304826.6338136,3.367337222556462e-09,-7.607165933617531e-08,0.07707977294921875
1787304826.695792,3.367337222556462e-09,-7.607165933617531e-08,0.07717418670654297
1787304826.7477567,3.367337222556462e-09,-7.607165933617531e-08,0.07724761962890626
1787304826.7830298,3.367337222556462e-09,-7.607165933617531e-08,0.07734012603759766
1787304826.8357887,3.367337222556462e-09,-7.607165933617531e-08,0.07733154296875001
1787304826.8967788,3.367337222556462e-09,-7.607165933617531e-08,0.0772993564605713
1787304826.9341648,3.367337222556462e-09,-7.607165933617531e-08,0.07724809646606445
1787304827.0012205,3.367337222556462e-09,-7.607165933617531e-08,0.07720112800598145
1787304827.0307863,3.367337222556462e-09,-7.607165933617531e-08,0.07719302177429199
1787304827.0918498,3.367337222556462e-09,-7.607165933617531e-08,0.07717180252075195
1787304827.1359117,3.367337222556462e-09,-7.607165933617531e-08,0.07728195190429688
1787304827.199511,3.367337222556462e-09,-7.607165933617531e-08,0.077303409576416
1787304827.2381833,3.367337222556462e-09,-7.607165933617531e-08,0.07737755775451662
1787304827.2901337,3.367337222556462e-09,-7.607165933617531e-08,0.0774080753326416
1787304827.331625,3.367337222556462e-09,-7.607165933617531e-08,0.07736468315124513
1787304827.3796918,3.367337222556462e-09,-7.607165933617531e-08,0.0773005485534668
1787304827.4483936,3.367337222556462e-09,-7.607165933617531e-08,0.07709383964538576
1787304827.510158,3.367337222556462e-09,-7.607165933617531e-08,0.07699346542358398
1787304827.5404668,3.367337222556462e-09,-7.607165933617531e-08,0.07687640190124513
1787304827.5878274,2.523926686523633e-05,1.8682069139723385e-06,0.07690811157226562
1787304827.6476521,3.511107311696056e-09,-7.793683328944198e-08,0.0770242214202881
1787304827.698143,3.511107311696056e-09,-7.793683328944198e-08,0.077134370803833
1787304827.7281022,3.511107311696056e-09,-7.793683328944198e-08,0.07714629173278807
1787304827.7998734,3.511107311696056e-09,-7.793683328944198e-08,0.0771005153656006
1787304827.8354404,2.5238663156020597e-05,1.8760194705145387e-06,0.07745099067687988
1787304827.8872411,3.9295603536952846e-09,-8.333361516261484e-08,0.07752823829650879
1787304827.9293785,3.9295603536952846e-09,-8.333361516261484e-08,0.07764196395874025
1787304828.006937,2.5238297174983153e-05,1.880727292338088e-06,0.07771039009094238
1787304828.0445263,4.089323346999764e-09,-8.538518131560235e-08,0.0778045654296875
1787304828.0855083,4.089323346999764e-09,-8.538518131560235e-08,0.07775759696960449
1787304828.1377323,4.089323346999764e-09,-8.538518131560235e-08,0.07762646675109865
1787304828.1848853,4.089323346999764e-09,-8.538518131560235e-08,0.07766008377075194
1787304828.2486122,4.089323346999764e-09,-8.538518131560235e-08,0.07732391357421875
1787304828.2825835,2.523912835895333e-05,1.870030127527278e-06,0.07734322547912599
1787304828.3424764,4.109837858479426e-09,-8.564990730262196e-08,0.07734489440917969
1787304828.378027,4.109837858479426e-09,-8.564990730262196e-08,0.07747316360473633
1787304828.4408216,4.109837858479426e-09,-8.564990730262196e-08,0.07762265205383301
1787304828.500329,4.109837858479426e-09,-8.564990730262196e-08,0.07779097557067871
1787304828.5283794,4.109837858479426e-09,-8.564990730262196e-08,0.07795357704162598
1787304828.5926182,4.109837858479426e-09,-8.564990730262196e-08,0.07792472839355467
1787304828.640736,4.109837858479426e-09,-8.564990730262196e-08,0.07788896560668945
1787304828.7065744,4.109837858479426e-09,-8.564990730262196e-08,0.07784843444824219
1787304828.7425306,4.109837858479426e-09,-8.564990730262196e-08,0.07781457901000977
1787304828.7845373,4.109837858479426e-09,-8.564990730262196e-08,0.07775235176086426
1787304828.8531318,4.109837858479426e-09,-8.564990730262196e-08,0.07765746116638184
1787304828.8941162,4.109837858479426e-09,-8.564990730262196e-08,0.0777008533477783
1787304828.9272501,4.109837858479426e-09,-8.564990730262196e-08,0.07773327827453612
1787304829.006673,4.109837858479426e-09,-8.564990730262196e-08,0.07796406745910646
1787304829.0447114,4.109837858479426e-09,-8.564990730262196e-08,0.07796335220336914
1787304829.090301,4.109837858479426e-09,-8.564990730262196e-08,0.07823514938354494
1787304829.1378796,4.109837858479426e-09,-8.564990730262196e-08,0.07831048965454103
1787304829.191787,4.109837858479426e-09,-8.564990730262196e-08,0.07828760147094727
1787304829.241332,4.109837858479426e-09,-8.564990730262196e-08,0.07820796966552734
1787304829.3210385,4.109837858479426e-09,-8.564990730262196e-08,0.07813382148742677
1787304829.352921,4.109837858479426e-09,-8.564990730262196e-08,0.0781431198120117
1787304829.4010973,4.109837858479426e-09,-8.564990730262196e-08,0.07816481590270997
1787304829.4321334,4.109837858479426e-09,-8.564990730262196e-08,0.07819151878356934
1787304829.4958954,4.109837858479426e-09,-8.564990730262196e-08,0.07821464538574222
1787304829.528332,4.109837858479426e-09,-8.564990730262196e-08,0.07827925682067872
1787304829.6034708,4.109837858479426e-09,-8.564990730262196e-08,0.07836461067199707
1787304829.6306026,4.109837858479426e-09,-8.564990730262196e-08,0.07850980758666992
1787304829.6989865,4.109837858479426e-09,-8.564990730262196e-08,0.07846140861511232
1787304829.7507248,4.109837858479426e-09,-8.564990730262196e-08,0.07845497131347658
1787304829.7946563,4.109837858479426e-09,-8.564990730262196e-08,0.07834696769714357
1787304829.83927,4.109837858479426e-09,-8.564990730262196e-08,0.07829666137695312
1787304829.9030654,4.109837858479426e-09,-8.564990730262196e-08,0.07826352119445802
1787304829.9444668,2.5237154537772677e-05,1.8953345274581617e-06,0.07843017578124999
