time,x_odom,y_odom,yaw_odom
1787304566.3203292,4.314029425776431e-11,-6.485034834515374e-10,0.009757280349731445
1787304566.3715346,4.314029425776431e-11,-6.485034834515374e-10,0.009863615036010744
1787304566.432109,4.314029425776431e-11,-6.485034834515374e-10,0.009874343872070312
1787304566.4711676,4.314029425776431e-11,-6.485034834515374e-10,0.009932994842529299
1787304566.5216064,4.314029425776431e-11,-6.485034834515374e-10,0.009925365447998047
1787304566.581311,4.314029425776431e-11,-6.485034834515374e-10,0.010031700134277342
1787304566.6464229,4.314029425776431e-11,-6.485034834515374e-10,0.010044097900390627
1787304566.6916451,4.314029425776431e-11,-6.485034834515374e-10,0.010055780410766602
1787304566.7478554,4.314029425776431e-11,-6.485034834515374e-10,0.010008811950683597
1787304566.79408,4.314029425776431e-11,-6.485034834515374e-10,0.009897232055664062
1787304566.8425593,4.314029425776431e-11,-6.485034834515374e-10,0.009893417358398436
1787304566.9008164,4.314029425776431e-11,-6.485034834515374e-10,0.00984835624694824
1787304566.9425306,4.314029425776431e-11,-6.485034834515374e-10,0.009891510009765627
1787304566.992372,4.314029425776431e-11,-6.485034834515374e-10,0.009861946105957031
1787304567.04969,4.314029425776431e-11,-6.485034834515374e-10,0.009992599487304688
1787304567.093827,4.314029425776431e-11,-6.485034834515374e-10,0.01005673408508301
1787304567.1370034,4.314029425776431e-11,-6.485034834515374e-10,0.010090827941894531
1787304567.2026496,4.314029425776431e-11,-6.485034834515374e-10,0.010056018829345701
1787304567.2394552,4.314029425776431e-11,-6.485034834515374e-10,0.009996414184570314
1787304567.2908776,4.314029425776431e-11,-6.485034834515374e-10,0.00996065139770508
1787304567.335011,4.314029425776431e-11,-6.485034834515374e-10,0.00993967056274414
1787304567.3955224,4.314029425776431e-11,-6.485034834515374e-10,0.009926080703735353
1787304567.4344118,4.314029425776431e-11,-6.485034834515374e-10,0.009932518005371094
1787304567.5006154,4.314029425776431e-11,-6.485034834515374e-10,0.009998798370361326
1787304567.6196966,4.314029425776431e-11,-6.485034834515374e-10,0.010176181793212889
1787304567.689894,4.314029425776431e-11,-6.485034834515374e-10,0.010210514068603519
1787304567.7522242,4.314029425776431e-11,-6.485034834515374e-10,0.010261058807373047
1787304567.8111992,4.314029425776431e-11,-6.485034834515374e-10,0.010329723358154297
1787304567.8218334,4.314029425776431e-11,-6.485034834515374e-10,0.010314226150512697
1787304567.8693867,4.314029425776431e-11,-6.485034834515374e-10,0.010204553604125977
1787304567.9204574,4.314029425776431e-11,-6.485034834515374e-10,0.010184049606323242
1787304567.96905,4.314029425776431e-11,-6.485034834515374e-10,0.010172843933105469
1787304568.0192158,4.314029425776431e-11,-6.485034834515374e-10,0.01036214828491211
1787304568.0716548,4.314029425776431e-11,-6.485034834515374e-10,0.010347366333007812
1787304568.1202028,4.314029425776431e-11,-6.485034834515374e-10,0.010438203811645508
1787304568.1735606,4.314029425776431e-11,-6.485034834515374e-10,0.010473012924194336
1787304568.219969,4.314029425776431e-11,-6.485034834515374e-10,0.010484695434570314
1787304568.2876277,4.314029425776431e-11,-6.485034834515374e-10,0.01039552688598633
1787304568.319811,4.314029425776431e-11,-6.485034834515374e-10,0.010075807571411133
1787304568.3776755,4.314029425776431e-11,-6.485034834515374e-10,0.010128498077392578
1787304568.4300556,4.314029425776431e-11,-6.485034834515374e-10,0.01005101203918457
1787304568.4693785,4.314029425776431e-11,-6.485034834515374e-10,0.010158300399780275
1787304568.5209394,4.314029425776431e-11,-6.485034834515374e-10,0.010258436203002931
1787304568.5710115,4.314029425776431e-11,-6.485034834515374e-10,0.010354042053222658
1787304568.6202624,4.314029425776431e-11,-6.485034834515374e-10,0.01040792465209961
1787304568.672014,2.5309342280225882e-05,2.643443343230078e-07,0.01053166389465332
1787304568.7220798,9.295417855440446e-11,-5.364231735457994e-09,0.010780572891235353
1787304568.7731872,9.295417855440446e-11,-5.364231735457994e-09,0.010800361633300781
1787304568.8194168,9.295417855440446e-11,-5.364231735457994e-09,0.010783672332763672
1787304568.9000578,9.295417855440446e-11,-5.364231735457994e-09,0.010666131973266602
1787304568.9463086,9.295417855440446e-11,-5.364231735457994e-09,0.010600805282592775
1787304568.9759805,9.295417855440446e-11,-5.364231735457994e-09,0.010457038879394533
1787304569.039077,9.295417855440446e-11,-5.364231735457994e-09,0.010566234588623049
1787304569.0720387,9.295417855440446e-11,-5.364231735457994e-09,0.010656118392944336
1787304569.1211467,9.295417855440446e-11,-5.364231735457994e-09,0.010773658752441406
1787304569.1806185,9.295417855440446e-11,-5.364231735457994e-09,0.010823488235473633
1787304569.2290986,9.295417855440446e-11,-5.364231735457994e-09,0.010836124420166016
1787304569.274019,9.295417855440446e-11,-5.364231735457994e-09,0.010834455490112303
1787304569.3239067,9.295417855440446e-11,-5.364231735457994e-09,0.010865211486816406
1787304569.3951917,9.295417855440446e-11,-5.364231735457994e-09,0.010800838470458986
1787304569.4274814,2.5309312873198647e-05,2.6708989157506816e-07,0.01072835922241211
1787304569.4751747,6.618480537454456e-11,-2.866076476268023e-09,0.010603427886962892
1787304569.5345676,6.618480537454456e-11,-2.866076476268023e-09,0.010603427886962892
1787304569.5697277,6.618480537454456e-11,-2.866076476268023e-09,0.010594844818115236
1787304569.6351194,6.618480537454456e-11,-2.866076476268023e-09,0.010691881179809569
1787304569.6735368,6.618480537454456e-11,-2.866076476268023e-09,0.010825872421264652
1787304569.719335,6.618480537454456e-11,-2.866076476268023e-09,0.01085186004638672
1787304569.7747009,6.618480537454456e-11,-2.866076476268023e-09,0.01087832450866699
1787304569.8201919,6.618480537454456e-11,-2.866076476268023e-09,0.01097679138183594
1787304569.8738294,6.618480537454456e-11,-2.866076476268023e-09,0.010932445526123049
1787304569.924105,6.618480537454456e-11,-2.866076476268023e-09,0.010908603668212892
1787304569.9697733,6.618480537454456e-11,-2.866076476268023e-09,0.01081037521362305
1787304570.0276442,6.618480537454456e-11,-2.866076476268023e-09,0.01076197624206543
1787304570.0754752,6.618480537454456e-11,-2.866076476268023e-09,0.010732412338256836
1787304570.1200335,6.618480537454456e-11,-2.866076476268023e-09,0.010691642761230469
1787304570.1938572,6.618480537454456e-11,-2.866076476268023e-09,0.010756015777587892
1787304570.24475,6.618480537454456e-11,-2.866076476268023e-09,0.010824918746948242
1787304570.27249,6.618480537454456e-11,-2.866076476268023e-09,0.010895729064941406
1787304570.3208137,6.618480537454456e-11,-2.866076476268023e-09,0.010882377624511717
1787304570.3719025,6.618480537454456e-11,-2.866076476268023e-09,0.010974407196044924
1787304570.419477,6.618480537454456e-11,-2.866076476268023e-09,0.010986328125000002
1787304570.4697566,2.530923036970278e-05,2.7471710121796316e-07,0.010948181152343748
1787304570.5253105,5.571319014786055e-11,-1.9096595466274474e-09,0.010910749435424805
1787304570.5756478,5.571319014786055e-11,-1.9096595466274474e-09,0.010807037353515625
1787304570.6198657,5.571319014786055e-11,-1.9096595466274474e-09,0.010819435119628906
1787304570.6701436,5.571319014786055e-11,-1.9096595466274474e-09,0.01085662841796875
1787304570.7193058,5.571319014786055e-11,-1.9096595466274474e-09,0.010905981063842772
1787304570.7704625,5.571319014786055e-11,-1.9096595466274474e-09,0.010901927947998047
1787304570.8216772,5.571319014786055e-11,-1.9096595466274474e-09,0.010990142822265625
1787304570.870498,5.571319014786055e-11,-1.9096595466274474e-09,0.010988712310791014
1787304570.919935,2.5309206367230624e-05,2.769044895112887e-07,0.011043071746826172
1787304570.9694645,6.450035420861849e-11,-2.7061700777325634e-09,0.011051654815673828
1787304571.0201337,6.450035420861849e-11,-2.7061700777325634e-09,0.010960817337036135
1787304571.073485,6.450035420861849e-11,-2.7061700777325634e-09,0.010896205902099611
1787304571.1203616,6.450035420861849e-11,-2.7061700777325634e-09,0.01085042953491211
1787304571.1691995,6.450035420861849e-11,-2.7061700777325634e-09,0.01090812683105469
1787304571.2214355,6.450035420861849e-11,-2.7061700777325634e-09,0.010854959487915039
1787304571.2713194,6.450035420861849e-11,-2.7061700777325634e-09,0.01093292236328125
1787304571.321611,6.450035420861849e-11,-2.7061700777325634e-09,0.011081218719482422
1787304571.370211,6.450035420861849e-11,-2.7061700777325634e-09,0.01119232177734375
1787304571.4211273,6.450035420861849e-11,-2.7061700777325634e-09,0.011215925216674805
1787304571.4844105,6.450035420861849e-11,-2.7061700777325634e-09,0.011193513870239258
1787304571.5194626,6.450035420861849e-11,-2.7061700777325634e-09,0.01121330261230469
1787304571.5703156,6.450035420861849e-11,-2.7061700777325634e-09,0.011182308197021484
1787304571.6192846,6.450035420861849e-11,-2.7061700777325634e-09,0.011128664016723635
1787304571.6690042,6.450035420861849e-11,-2.7061700777325634e-09,0.011101722717285156
1787304571.7456007,6.450035420861849e-11,-2.7061700777325634e-09,0.01097393035888672
1787304571.7693417,6.450035420861849e-11,-2.7061700777325634e-09,0.011014699935913086
1787304571.819514,6.450035420861849e-11,-2.7061700777325634e-09,0.011118650436401369
1787304571.8733912,6.450035420861849e-11,-2.7061700777325634e-09,0.011300325393676756
1787304571.919796,6.450035420861849e-11,-2.7061700777325634e-09,0.011321067810058595
1787304571.9812489,6.450035420861849e-11,-2.7061700777325634e-09,0.011328697204589845
1787304572.0203328,6.450035420861849e-11,-2.7061700777325634e-09,0.01136589050292969
1787304572.0696654,6.450035420861849e-11,-2.7061700777325634e-09,0.011250495910644531
1787304572.1222103,2.5309163069449292e-05,2.807965256089991e-07,0.011151790618896483
1787304572.1735613,5.1010665353870945e-11,-1.4993378920476503e-09,0.011155128479003906
1787304572.2212036,5.1010665353870945e-11,-1.4993378920476503e-09,0.011095523834228516
1787304572.2746463,5.1010665353870945e-11,-1.4993378920476503e-09,0.011034727096557617
1787304572.3191452,5.1010665353870945e-11,-1.4993378920476503e-09,0.010921478271484375
1787304572.3697455,5.1010665353870945e-11,-1.4993378920476503e-09,0.010956764221191406
1787304572.4205554,5.1010665353870945e-11,-1.4993378920476503e-09,0.011069536209106444
1787304572.477496,5.1010665353870945e-11,-1.4993378920476503e-09,0.011293172836303711
1787304572.521354,5.1010665353870945e-11,-1.4993378920476503e-09,0.011384725570678711
1787304572.5695117,5.1010665353870945e-11,-1.4993378920476503e-09,0.011384725570678711
1787304572.6192868,5.1010665353870945e-11,-1.4993378920476503e-09,0.01143336296081543
1787304572.677237,5.1010665353870945e-11,-1.4993378920476503e-09,0.01143336296081543
1787304572.7200313,5.1010665353870945e-11,-1.4993378920476503e-09,0.01143336296081543
1787304572.769455,5.1010665353870945e-11,-1.4993378920476503e-09,0.01143336296081543
1787304572.820383,5.1010665353870945e-11,-1.4993378920476503e-09,0.0112917423248291
1787304572.8731568,5.1010665353870945e-11,-1.4993378920476503e-09,0.0112917423248291
1787304572.9194624,5.1010665353870945e-11,-1.4993378920476503e-09,0.0112917423248291
1787304572.9697638,5.1010665353870945e-11,-1.4993378920476503e-09,0.0112917423248291
1787304573.0205212,5.1010665353870945e-11,-1.4993378920476503e-09,0.011242866516113281
1787304573.070094,5.1010665353870945e-11,-1.4993378920476503e-09,0.011242866516113281
1787304573.1236098,5.1010665353870945e-11,-1.4993378920476503e-09,0.011242866516113281
1787304573.173278,5.1010665353870945e-11,-1.4993378920476503e-09,0.011298418045043947
1787304573.2209241,5.1010665353870945e-11,-1.4993378920476503e-09,0.011484622955322266
1787304573.2708092,5.1010665353870945e-11,-1.4993378920476503e-09,0.011484622955322266
1787304573.3206282,5.1010665353870945e-11,-1.4993378920476503e-09,0.011484622955322266
1787304573.372265,5.1010665353870945e-11,-1.4993378920476503e-09,0.011375665664672853
1787304573.4210029,5.1010665353870945e-11,-1.4993378920476503e-09,0.011375665664672853
1787304573.4705095,5.1010665353870945e-11,-1.4993378920476503e-09,0.011375665664672853
1787304573.5202806,5.1010665353870945e-11,-1.4993378920476503e-09,0.011375665664672853
1787304573.5694115,5.1010665353870945e-11,-1.4993378920476503e-09,0.011375665664672853
1787304573.6198084,5.1010665353870945e-11,-1.4993378920476503e-09,0.011417388916015625
1787304573.6715064,5.1010665353870945e-11,-1.4993378920476503e-09,0.011417388916015625
1787304573.722691,5.1010665353870945e-11,-1.4993378920476503e-09,0.011417388916015625
1787304573.769717,5.1010665353870945e-11,-1.4993378920476503e-09,0.011417388916015625
1787304573.819457,5.1010665353870945e-11,-1.4993378920476503e-09,0.011417388916015625
1787304573.870184,5.1010665353870945e-11,-1.4993378920476503e-09,0.011692523956298828
1787304573.919344,5.1010665353870945e-11,-1.4993378920476503e-09,0.011692523956298828
1787304573.9755094,5.1010665353870945e-11,-1.4993378920476503e-09,0.011692523956298828
1787304574.0195787,5.1010665353870945e-11,-1.4993378920476503e-09,0.011692523956298828
1787304574.0764587,5.1010665353870945e-11,-1.4993378920476503e-09,0.011692523956298828
1787304574.1194608,5.1010665353870945e-11,-1.4993378920476503e-09,0.011692523956298828
1787304574.1694467,5.1010665353870945e-11,-1.4993378920476503e-09,0.011692523956298828
1787304574.2187064,5.1010665353870945e-11,-1.4993378920476503e-09,0.011533737182617186
1787304574.2704978,2.5309018065287098e-05,2.9351046991713524e-07,0.01165437698364258
1787304574.3199463,2.5309018065287098e-05,2.9351046991713524e-07,0.01165437698364258
1787304574.3690703,2.5309018065287098e-05,2.9351046991713524e-07,0.01165437698364258
1787304574.419845,6.284738518041707e-11,-2.5130711530274176e-09,0.011842012405395508
1787304574.4695487,9.452914028322827e-11,-5.1590263452315596e-09,0.012051105499267578
1787304574.521494,9.452914028322827e-11,-5.1590263452315596e-09,0.01212477684020996
1787304574.5700092,9.452914028322827e-11,-5.1590263452315596e-09,0.012097835540771484
1787304574.6194694,9.452914028322827e-11,-5.1590263452315596e-09,0.011942863464355469
1787304574.6714704,9.452914028322827e-11,-5.1590263452315596e-09,0.011883735656738278
1787304574.7191029,9.452914028322827e-11,-5.1590263452315596e-09,0.011637449264526369
1787304574.7700958,9.452914028322827e-11,-5.1590263452315596e-09,0.011658668518066408
1787304574.8192482,9.452914028322827e-11,-5.1590263452315596e-09,0.011862277984619139
1787304574.880977,9.452914028322827e-11,-5.1590263452315596e-09,0.011835813522338867
1787304574.9195695,9.452914028322827e-11,-5.1590263452315596e-09,0.01197504997253418
1787304574.9706314,9.452914028322827e-11,-5.1590263452315596e-09,0.012018442153930666
1787304575.019656,9.452914028322827e-11,-5.1590263452315596e-09,0.011963129043579102
1787304575.0823073,2.530897718970401e-05,2.970042282857415e-07,0.01191377639770508
1787304575.124341,5.597910614327413e-11,-1.912673849081712e-09,0.011706590652465822
1787304575.171222,5.597910614327413e-11,-1.912673849081712e-09,0.011695623397827148
1787304575.2202191,5.597910614327413e-11,-1.912673849081712e-09,0.011567354202270508
1787304575.269978,5.597910614327413e-11,-1.912673849081712e-09,0.01169586181640625
1787304575.3191583,5.597910614327413e-11,-1.912673849081712e-09,0.01187276840209961
1787304575.3696606,5.597910614327413e-11,-1.912673849081712e-09,0.01203012466430664
1787304575.4214094,5.597910614327413e-11,-1.912673849081712e-09,0.012074947357177734
1787304575.4732375,2.530887615211288e-05,3.0543990713846685e-07,0.012212038040161133
1787304575.5211356,7.191442693825641e-11,-3.222071606083884e-09,0.012178421020507812
1787304575.5725527,7.191442693825641e-11,-3.222071606083884e-09,0.012161254882812502
1787304575.6217918,2.5308894394994744e-05,3.0394043544505054e-07,0.012110710144042972
1787304575.6703212,5.788016024582329e-11,-2.0635253337089934e-09,0.012069702148437502
1787304575.7193553,5.788016024582329e-11,-2.0635253337089934e-09,0.01204013824462891
1787304575.7731369,5.788016024582329e-11,-2.0635253337089934e-09,0.012080907821655273
1787304575.8217065,5.788016024582329e-11,-2.0635253337089934e-09,0.012272834777832031
1787304575.8697367,5.788016024582329e-11,-2.0635253337089934e-09,0.012417078018188473
1787304575.919647,5.788016024582329e-11,-2.0635253337089934e-09,0.012448310852050781
1787304575.9735706,5.788016024582329e-11,-2.0635253337089934e-09,0.012391805648803711
1787304576.020486,5.788016024582329e-11,-2.0635253337089934e-09,0.012511968612670898
1787304576.070577,5.788016024582329e-11,-2.0635253337089934e-09,0.012647151947021484
1787304576.1196764,5.788016024582329e-11,-2.0635253337089934e-09,0.012625932693481447
1787304576.1694148,5.788016024582329e-11,-2.0635253337089934e-09,0.012576818466186525
1787304576.2218761,5.788016024582329e-11,-2.0635253337089934e-09,0.012503385543823246
1787304576.269784,5.788016024582329e-11,-2.0635253337089934e-09,0.012375116348266602
1787304576.3207388,5.788016024582329e-11,-2.0635253337089934e-09,0.012420892715454102
1787304576.3696098,5.788016024582329e-11,-2.0635253337089934e-09,0.012305498123168945
1787304576.4221778,5.788016024582329e-11,-2.0635253337089934e-09,0.012363672256469727
1787304576.4741728,5.788016024582329e-11,-2.0635253337089934e-09,0.012294292449951172
1787304576.519526,5.788016024582329e-11,-2.0635253337089934e-09,0.012302398681640628
1787304576.5750551,5.788016024582329e-11,-2.0635253337089934e-09,0.012349605560302734
1787304576.6195333,5.788016024582329e-11,-2.0635253337089934e-09,0.012427091598510744
1787304576.6692567,5.788016024582329e-11,-2.0635253337089934e-09,0.012526035308837892
1787304576.7262611,5.788016024582329e-11,-2.0635253337089934e-09,0.012621402740478516
1787304576.774428,5.788016024582329e-11,-2.0635253337089934e-09,0.012693405151367191
1787304576.821626,5.788016024582329e-11,-2.0635253337089934e-09,0.012729883193969725
1787304576.8693905,5.788016024582329e-11,-2.0635253337089934e-09,0.012758016586303713
1787304576.919425,5.788016024582329e-11,-2.0635253337089934e-09,0.012804508209228514
1787304576.969652,5.788016024582329e-11,-2.0635253337089934e-09,0.012756586074829102
1787304577.0194418,5.788016024582329e-11,-2.0635253337089934e-09,0.012701511383056644
1787304577.0703068,5.788016024582329e-11,-2.0635253337089934e-09,0.012604236602783207
1787304577.1238737,5.788016024582329e-11,-2.0635253337089934e-09,0.012614011764526369
1787304577.1694267,5.788016024582329e-11,-2.0635253337089934e-09,0.012592077255249023
1787304577.2223074,5.788016024582329e-11,-2.0635253337089934e-09,0.012691974639892578
1787304577.2694485,5.788016024582329e-11,-2.0635253337089934e-09,0.012760400772094728
1787304577.321148,5.788016024582329e-11,-2.0635253337089934e-09,0.012841224670410156
1787304577.3721013,5.788016024582329e-11,-2.0635253337089934e-09,0.012876749038696289
1787304577.4207375,5.788016024582329e-11,-2.0635253337089934e-09,0.01288604736328125
1787304577.4698355,5.788016024582329e-11,-2.0635253337089934e-09,0.01291966438293457
1787304577.524075,5.788016024582329e-11,-2.0635253337089934e-09,0.012847900390625002
1787304577.5723171,2.530866236055074e-05,3.2256459080931433e-07,0.01280426979064941
1787304577.6271045,4.613237839762416e-11,-1.1463508098137652e-09,0.012775421142578123
1787304577.6707108,4.613237839762416e-11,-1.1463508098137652e-09,0.012730836868286131
1787304577.7193215,4.613237839762416e-11,-1.1463508098137652e-09,0.012784481048583983
1787304577.7774904,4.613237839762416e-11,-1.1463508098137652e-09,0.012757062911987305
1787304577.8218834,4.613237839762416e-11,-1.1463508098137652e-09,0.012851238250732422
1787304577.8734305,4.613237839762416e-11,-1.1463508098137652e-09,0.012853860855102537
1787304577.9199584,4.613237839762416e-11,-1.1463508098137652e-09,0.012937068939208984
1787304577.9700031,4.613237839762416e-11,-1.1463508098137652e-09,0.012983798980712892
1787304578.020185,4.613237839762416e-11,-1.1463508098137652e-09,0.013137340545654295
1787304578.0730832,4.613237839762416e-11,-1.1463508098137652e-09,0.013187170028686525
1787304578.1196103,4.613237839762416e-11,-1.1463508098137652e-09,0.013177871704101562
1787304578.17043,4.613237839762416e-11,-1.1463508098137652e-09,0.013112068176269535
1787304578.2214174,4.613237839762416e-11,-1.1463508098137652e-09,0.013023614883422853
1787304578.2702694,4.613237839762416e-11,-1.1463508098137652e-09,0.013001918792724608
1787304578.3305109,4.613237839762416e-11,-1.1463508098137652e-09,0.012959718704223633
1787304578.3743594,4.613237839762416e-11,-1.1463508098137652e-09,0.013000011444091799
1787304578.4193614,4.613237839762416e-11,-1.1463508098137652e-09,0.012944698333740234
1787304578.4695535,4.613237839762416e-11,-1.1463508098137652e-09,0.012944698333740234
1787304578.5205617,4.613237839762416e-11,-1.1463508098137652e-09,0.01310873031616211
1787304578.5689409,4.613237839762416e-11,-1.1463508098137652e-09,0.01310873031616211
1787304578.6261775,4.613237839762416e-11,-1.1463508098137652e-09,0.01310873031616211
1787304578.6691878,4.613237839762416e-11,-1.1463508098137652e-09,0.01310873031616211
1787304578.7193072,4.613237839762416e-11,-1.1463508098137652e-09,0.01326155662536621
1787304578.784634,5.696770423893973e-11,-1.960941363219399e-09,0.013472080230712894
1787304578.923465,5.696770423893973e-11,-1.960941363219399e-09,0.013472080230712894
1787304578.9961746,5.696770423893973e-11,-1.960941363219399e-09,0.013268709182739258
1787304579.1743503,5.696770423893973e-11,-1.960941363219399e-09,0.013268709182739258
1787304579.2205398,5.696770423893973e-11,-1.960941363219399e-09,0.013483047485351562
1787304579.2787962,5.696770423893973e-11,-1.960941363219399e-09,0.013633251190185549
1787304579.323244,5.696770423893973e-11,-1.960941363219399e-09,0.013633251190185549
1787304579.371735,5.696770423893973e-11,-1.960941363219399e-09,0.013633251190185549
1787304579.426807,5.696770423893973e-11,-1.960941363219399e-09,0.013633251190185549
1787304579.4805548,6.340029369217097e-11,-2.4285738086731686e-09,0.013504505157470703
1787304579.730529,6.340029369217097e-11,-2.4285738086731686e-09,0.013504505157470703
1787304579.7811477,5.644041102333846e-11,-1.912667764416512e-09,0.013442754745483398
1787304579.819215,5.644041102333846e-11,-1.912667764416512e-09,0.013888597488403319
1787304579.887628,5.644041102333846e-11,-1.912667764416512e-09,0.013888597488403319
1787304580.0392578,5.644041102333846e-11,-1.912667764416512e-09,0.013888597488403319
1787304580.068656,5.500335153026071e-11,-1.8100906862684198e-09,0.01401185989379883
1787304580.2474668,5.500335153026071e-11,-1.8100906862684198e-09,0.01401185989379883
1787304580.2776077,5.500335153026071e-11,-1.8100906862684198e-09,0.013907909393310549
1787304580.421236,5.500335153026071e-11,-1.8100906862684198e-09,0.013930559158325199
1787304580.471151,5.500335153026071e-11,-1.8100906862684198e-09,0.014071226119995117
1787304580.54228,5.500335153026071e-11,-1.8100906862684198e-09,0.01411581039428711
1787304580.5745487,5.500335153026071e-11,-1.8100906862684198e-09,0.014271259307861328
1787304580.6409845,5.500335153026071e-11,-1.8100906862684198e-09,0.014234304428100586
1787304580.681962,5.500335153026071e-11,-1.8100906862684198e-09,0.01417398452758789
1787304580.744276,5.500335153026071e-11,-1.8100906862684198e-09,0.014101028442382812
1787304580.8016086,5.500335153026071e-11,-1.8100906862684198e-09,0.014000415802001953
1787304580.8215134,5.500335153026071e-11,-1.8100906862684198e-09,0.014040946960449217
1787304580.8927085,5.500335153026071e-11,-1.8100906862684198e-09,0.013980388641357422
1787304580.927092,5.500335153026071e-11,-1.8100906862684198e-09,0.014019250869750978
1787304580.993043,5.500335153026071e-11,-1.8100906862684198e-09,0.014078855514526364
1787304581.0380464,5.500335153026071e-11,-1.8100906862684198e-09,0.014202594757080078
1787304581.0695648,5.500335153026071e-11,-1.8100906862684198e-09,0.014260053634643556
1787304581.1415873,5.500335153026071e-11,-1.8100906862684198e-09,0.014544010162353516
1787304581.18106,5.500335153026071e-11,-1.8100906862684198e-09,0.01456713676452637
1787304581.2462745,5.500335153026071e-11,-1.8100906862684198e-09,0.01454496383666992
1787304581.2740989,5.500335153026071e-11,-1.8100906862684198e-09,0.014556884765624998
1787304581.354066,5.500335153026071e-11,-1.8100906862684198e-09,0.014519691467285156
1787304581.3731282,5.500335153026071e-11,-1.8100906862684198e-09,0.014461517333984378
1787304581.420314,5.500335153026071e-11,-1.8100906862684198e-09,0.014360427856445316
1787304581.47398,5.500335153026071e-11,-1.8100906862684198e-09,0.01433587074279785
1787304581.51954,5.500335153026071e-11,-1.8100906862684198e-09,0.014216899871826174
1787304581.5755405,5.500335153026071e-11,-1.8100906862684198e-09,0.014254093170166017
1787304581.6401744,5.500335153026071e-11,-1.8100906862684198e-09,0.014304637908935545
1787304581.6718042,5.500335153026071e-11,-1.8100906862684198e-09,0.014333248138427736
1787304581.7419963,5.500335153026071e-11,-1.8100906862684198e-09,0.014547348022460938
1787304581.7753026,5.500335153026071e-11,-1.8100906862684198e-09,0.014628410339355469
1787304581.8456616,5.500335153026071e-11,-1.8100906862684198e-09,0.014658451080322266
1787304581.8834844,5.500335153026071e-11,-1.8100906862684198e-09,0.014641523361206053
1787304581.9435434,5.500335153026071e-11,-1.8100906862684198e-09,0.014624595642089845
1787304581.9747431,5.500335153026071e-11,-1.8100906862684198e-09,0.01461029052734375
1787304582.0226383,5.500335153026071e-11,-1.8100906862684198e-09,0.014577388763427734
1787304582.0793378,5.500335153026071e-11,-1.8100906862684198e-09,0.014515161514282227
1787304582.1462843,5.500335153026071e-11,-1.8100906862684198e-09,0.014474630355834964
1787304582.1774633,5.500335153026071e-11,-1.8100906862684198e-09,0.014456033706665043
1787304582.2222562,5.500335153026071e-11,-1.8100906862684198e-09,0.01457309722900391
1787304582.2890995,5.500335153026071e-11,-1.8100906862684198e-09,0.014601230621337896
1787304582.3411126,5.500335153026071e-11,-1.8100906862684198e-09,0.014724969863891603
1787304582.4063096,5.500335153026071e-11,-1.8100906862684198e-09,0.014894485473632812
1787304582.4261937,5.500335153026071e-11,-1.8100906862684198e-09,0.014958143234252933
1787304582.469619,5.500335153026071e-11,-1.8100906862684198e-09,0.015043497085571289
1787304582.5492895,5.500335153026071e-11,-1.8100906862684198e-09,0.015047311782836912
1787304582.588561,5.500335153026071e-11,-1.8100906862684198e-09,0.015012264251708986
1787304582.6258028,5.500335153026071e-11,-1.8100906862684198e-09,0.014950037002563477
1787304582.7106164,2.530790965543594e-05,3.7678873076178726e-07,0.014967203140258789
1787304582.727345,3.302151703254508e-11,-3.3782753637897557e-10,0.014833688735961914
1787304582.7689614,3.302151703254508e-11,-3.3782753637897557e-10,0.014796495437622074
1787304582.8290334,3.302151703254508e-11,-3.3782753637897557e-10,0.014783143997192383
1787304582.8902066,3.302151703254508e-11,-3.3782753637897557e-10,0.014909982681274418
1787304582.9329557,3.302151703254508e-11,-3.3782753637897557e-10,0.01494741439819336
1787304582.9702666,3.302151703254508e-11,-3.3782753637897557e-10,0.015038728713989258
1787304583.0311544,3.302151703254508e-11,-3.3782753637897557e-10,0.015056848526000978
1787304583.0922832,3.302151703254508e-11,-3.3782753637897557e-10,0.015082359313964845
1787304583.1314967,3.302151703254508e-11,-3.3782753637897557e-10,0.015123128890991211
1787304583.1948037,3.302151703254508e-11,-3.3782753637897557e-10,0.015024423599243164
1787304583.225304,3.302151703254508e-11,-3.3782753637897557e-10,0.015047073364257814
1787304583.2743804,3.302151703254508e-11,-3.3782753637897557e-10,0.01498985290527344
1787304583.3354385,3.302151703254508e-11,-3.3782753637897557e-10,0.014915943145751955
1787304583.3990722,3.302151703254508e-11,-3.3782753637897557e-10,0.01479792594909668
1787304583.4214878,3.302151703254508e-11,-3.3782753637897557e-10,0.014888525009155275
1787304583.479938,3.302151703254508e-11,-3.3782753637897557e-10,0.014961957931518555
1787304583.5374768,3.302151703254508e-11,-3.3782753637897557e-10,0.014992475509643556
1787304583.5981324,3.302151703254508e-11,-3.3782753637897557e-10,0.015085458755493164
1787304583.6257336,3.302151703254508e-11,-3.3782753637897557e-10,0.015119075775146484
1787304583.6778786,3.302151703254508e-11,-3.3782753637897557e-10,0.015241384506225586
1787304583.7550735,3.302151703254508e-11,-3.3782753637897557e-10,0.015341520309448246
1787304583.7704072,3.302151703254508e-11,-3.3782753637897557e-10,0.015352487564086914
1787304583.8323817,3.302151703254508e-11,-3.3782753637897557e-10,0.015293598175048828
1787304583.897,3.302151703254508e-11,-3.3782753637897557e-10,0.01521182060241699
1787304583.9345872,3.302151703254508e-11,-3.3782753637897557e-10,0.01524782180786133
1787304583.981723,3.302151703254508e-11,-3.3782753637897557e-10,0.015218973159790037
1787304584.0319324,3.302151703254508e-11,-3.3782753637897557e-10,0.015145301818847655
1787304584.0928078,3.302151703254508e-11,-3.3782753637897557e-10,0.015087604522705076
1787304584.1281898,3.302151703254508e-11,-3.3782753637897557e-10,0.015232563018798828
1787304584.1802425,3.302151703254508e-11,-3.3782753637897557e-10,0.015291452407836914
1787304584.2353106,3.302151703254508e-11,-3.3782753637897557e-10,0.015324831008911135
1787304584.2730927,3.302151703254508e-11,-3.3782753637897557e-10,0.015336751937866211
1787304584.3293002,3.302151703254508e-11,-3.3782753637897557e-10,0.01538419723510742
1787304584.3905432,3.302151703254508e-11,-3.3782753637897557e-10,0.01541280746459961
1787304584.4663658,3.302151703254508e-11,-3.3782753637897557e-10,0.015388488769531252
1787304584.4688118,3.302151703254508e-11,-3.3782753637897557e-10,0.015388488769531252
1787304584.5195518,3.302151703254508e-11,-3.3782753637897557e-10,0.015234947204589844
1787304584.5712628,3.302151703254508e-11,-3.3782753637897557e-10,0.015234947204589844
1787304584.6197267,3.302151703254508e-11,-3.3782753637897557e-10,0.015234947204589844
1787304584.6701214,3.302151703254508e-11,-3.3782753637897557e-10,0.015234947204589844
1787304584.7200222,3.302151703254508e-11,-3.3782753637897557e-10,0.015234947204589844
1787304584.769106,3.302151703254508e-11,-3.3782753637897557e-10,0.015159368515014648
1787304584.8213537,3.302151703254508e-11,-3.3782753637897557e-10,0.015202760696411135
1787304584.8718164,3.302151703254508e-11,-3.3782753637897557e-10,0.015202760696411135
1787304584.9263387,3.302151703254508e-11,-3.3782753637897557e-10,0.015202760696411135
1787304584.9697218,3.302151703254508e-11,-3.3782753637897557e-10,0.015202760696411135
1787304585.0193267,3.302151703254508e-11,-3.3782753637897557e-10,0.015202760696411135
1787304585.0710576,3.302151703254508e-11,-3.3782753637897557e-10,0.015436649322509762
1787304585.1262937,3.302151703254508e-11,-3.3782753637897557e-10,0.015464782714843748
1787304585.171517,3.302151703254508e-11,-3.3782753637897557e-10,0.015464782714843748
1787304585.2197657,3.302151703254508e-11,-3.3782753637897557e-10,0.015464782714843748
1787304585.2766292,3.302151703254508e-11,-3.3782753637897557e-10,0.015322208404541017
1787304585.393002,3.302151703254508e-11,-3.3782753637897557e-10,0.015322208404541017
1787304585.4215286,3.302151703254508e-11,-3.3782753637897557e-10,0.01554727554321289
1787304585.4783432,3.302151703254508e-11,-3.3782753637897557e-10,0.01554727554321289
1787304585.569312,3.302151703254508e-11,-3.3782753637897557e-10,0.01554727554321289
1787304585.6325674,3.302151703254508e-11,-3.3782753637897557e-10,0.015684127807617188
1787304585.6785488,3.302151703254508e-11,-3.3782753637897557e-10,0.015707015991210938
1787304585.719764,3.302151703254508e-11,-3.3782753637897557e-10,0.015707015991210938
1787304585.8978906,3.302151703254508e-11,-3.3782753637897557e-10,0.015707015991210938
1787304585.9208593,2.132733955938085e-11,4.073461375903869e-10,0.01562881469726562
1787304585.9710565,2.132733955938085e-11,4.073461375903869e-10,0.01562881469726562
1787304586.1172376,2.132733955938085e-11,4.073461375903869e-10,0.01562881469726562
1787304586.126333,2.132733955938085e-11,4.073461375903869e-10,0.015571355819702152
1787304586.17152,6.210961249703082e-11,-2.1932199313122744e-09,0.015925884246826172
1787304586.3890185,6.210961249703082e-11,-2.1932199313122744e-09,0.015925884246826172
1787304586.4242554,6.210961249703082e-11,-2.1932199313122744e-09,0.015879392623901367
1787304586.4773421,6.210961249703082e-11,-2.1932199313122744e-09,0.015834331512451172
1787304586.5298312,2.5307583583241e-05,3.9805797677454823e-07,0.015794038772583008
1787304586.571967,6.335028923426696e-11,-2.271659112423893e-09,0.015840530395507812
1787304586.6271925,6.335028923426696e-11,-2.271659112423893e-09,0.01587986946105957
1787304586.6712286,6.335028923426696e-11,-2.271659112423893e-09,0.01592159271240234
1787304586.7314148,6.335028923426696e-11,-2.271659112423893e-09,0.015939474105834957
1787304586.7720578,6.335028923426696e-11,-2.271659112423893e-09,0.0159912109375
1787304586.837788,6.335028923426696e-11,-2.271659112423893e-09,0.01600837707519531
1787304586.9179354,6.335028923426696e-11,-2.271659112423893e-09,0.01602315902709961
1787304586.927729,6.335028923426696e-11,-2.271659112423893e-09,0.01592397689819336
1787304586.9753788,6.335028923426696e-11,-2.271659112423893e-09,0.015823841094970707
1787304587.044352,6.335028923426696e-11,-2.271659112423893e-09,0.015811443328857422
1787304587.0731764,6.335028923426696e-11,-2.271659112423893e-09,0.015651226043701172
1787304587.1220913,6.335028923426696e-11,-2.271659112423893e-09,0.015673160552978516
1787304587.1713269,6.335028923426696e-11,-2.271659112423893e-09,0.015603542327880861
1787304587.2206447,6.335028923426696e-11,-2.271659112423893e-09,0.015760183334350586
1787304587.3026774,6.335028923426696e-11,-2.271659112423893e-09,0.015874385833740234
1787304587.330002,6.335028923426696e-11,-2.271659112423893e-09,0.015981197357177734
1787304587.373171,6.335028923426696e-11,-2.271659112423893e-09,0.016110420227050778
1787304587.4405594,6.335028923426696e-11,-2.271659112423893e-09,0.01619935035705566
1787304587.4836528,6.335028923426696e-11,-2.271659112423893e-09,0.016201019287109375
1787304587.5427845,6.335028923426696e-11,-2.271659112423893e-09,0.016186952590942386
1787304587.6022694,6.335028923426696e-11,-2.271659112423893e-09,0.01619839668273926
1787304587.6203165,6.335028923426696e-11,-2.271659112423893e-09,0.016200780868530273
1787304587.6713114,6.335028923426696e-11,-2.271659112423893e-09,0.01611709594726563
1787304587.7554631,6.335028923426696e-11,-2.271659112423893e-09,0.016055345535278324
1787304587.7936773,6.335028923426696e-11,-2.271659112423893e-09,0.01600837707519531
1787304587.8252702,6.335028923426696e-11,-2.271659112423893e-09,0.016052722930908207
1787304587.8980293,6.335028923426696e-11,-2.271659112423893e-09,0.01604461669921875
1787304587.9363775,6.335028923426696e-11,-2.271659112423893e-09,0.016106128692626957
1787304587.9701095,6.335028923426696e-11,-2.271659112423893e-09,0.016094923019409176
1787304588.046975,6.335028923426696e-11,-2.271659112423893e-09,0.0162193775177002
1787304588.0703413,6.335028923426696e-11,-2.271659112423893e-09,0.01641154289245606
1787304588.1389816,6.335028923426696e-11,-2.271659112423893e-09,0.016434431076049808
1787304588.1776807,6.335028923426696e-11,-2.271659112423893e-09,0.016460657119750977
1787304588.2263749,6.335028923426696e-11,-2.271659112423893e-09,0.0164947509765625
1787304588.2891738,6.335028923426696e-11,-2.271659112423893e-09,0.01647472381591797
1787304588.3234868,6.335028923426696e-11,-2.271659112423893e-09,0.016412973403930668
1787304588.3853698,6.335028923426696e-11,-2.271659112423893e-09,0.016422271728515625
1787304588.579041,6.335028923426696e-11,-2.271659112423893e-09,0.01627922058105469
1787304588.6198714,6.330121307365115e-11,-2.2686422426249946e-09,0.01652026176452637
1787304588.787394,6.330121307365115e-11,-2.2686422426249946e-09,0.01652026176452637
1787304588.82278,6.330121307365115e-11,-2.2686422426249946e-09,0.016569852828979492
1787304588.8744602,6.330121307365115e-11,-2.2686422426249946e-09,0.016525030136108402
1787304589.0733852,6.330121307365115e-11,-2.2686422426249946e-09,0.016525030136108402
1787304589.1345854,2.530735433737987e-05,4.1229764077660657e-07,0.01638197898864746
1787304589.2558422,2.530735433737987e-05,4.1229764077660657e-07,0.01638197898864746
1787304589.275307,7.468987588986667e-11,-2.9625206441568078e-09,0.016454696655273438
1787304589.3328652,7.468987588986667e-11,-2.9625206441568078e-09,0.016454696655273438
1787304589.484599,7.468987588986667e-11,-2.9625206441568078e-09,0.016454696655273438
1787304589.5205884,7.468987588986667e-11,-2.9625206441568078e-09,0.016331195831298828
1787304589.5793903,7.468987588986667e-11,-2.9625206441568078e-09,0.016331195831298828
1787304589.6952434,7.468987588986667e-11,-2.9625206441568078e-09,0.016331195831298828
1787304589.7237716,7.468987588986667e-11,-2.9625206441568078e-09,0.016455173492431644
1787304589.7848282,1.4220390401041582e-10,-7.017168044446323e-09,0.016786336898803707
1787304589.8953063,1.4220390401041582e-10,-7.017168044446323e-09,0.016786336898803707
1787304589.9231024,1.4220390401041582e-10,-7.017168044446323e-09,0.016637086868286133
1787304590.0192087,1.4220390401041582e-10,-7.017168044446323e-09,0.016637086868286133
1787304590.0694487,1.4220390401041582e-10,-7.017168044446323e-09,0.016540765762329098
1787304590.1921225,1.4220390401041582e-10,-7.017168044446323e-09,0.016540765762329098
1787304590.2257786,1.4220390401041582e-10,-7.017168044446323e-09,0.016696929931640625
1787304590.2699053,1.4220390401041582e-10,-7.017168044446323e-09,0.016696929931640625
1787304590.3252208,1.4220390401041582e-10,-7.017168044446323e-09,0.016696929931640625
1787304590.376142,1.4220390401041582e-10,-7.017168044446323e-09,0.016696929931640625
1787304590.435213,1.4220390401041582e-10,-7.017168044446323e-09,0.01670980453491211
1787304590.469619,1.4220390401041582e-10,-7.017168044446323e-09,0.016571044921875
1787304590.5266256,1.4220390401041582e-10,-7.017168044446323e-09,0.016551017761230472
1787304590.6020422,1.4220390401041582e-10,-7.017168044446323e-09,0.01650500297546387
1787304590.6214173,1.4220390401041582e-10,-7.017168044446323e-09,0.016449928283691406
1787304590.6934648,1.4220390401041582e-10,-7.017168044446323e-09,0.01652812957763672
1787304590.7196112,1.4220390401041582e-10,-7.017168044446323e-09,0.016612768173217773
1787304590.7955961,1.4220390401041582e-10,-7.017168044446323e-09,0.016691446304321293
1787304590.8265226,1.4220390401041582e-10,-7.017168044446323e-09,0.016900300979614258
1787304590.8701422,1.4220390401041582e-10,-7.017168044446323e-09,0.016924142837524414
1787304590.9242325,1.4220390401041582e-10,-7.017168044446323e-09,0.01688146591186523
1787304590.9707797,1.4220390401041582e-10,-7.017168044446323e-09,0.016834020614624027
1787304591.0697176,1.4220390401041582e-10,-7.017168044446323e-09,0.016778469085693363
1787304591.1371,1.4220390401041582e-10,-7.017168044446323e-09,0.01669931411743164
1787304591.1814306,1.4220390401041582e-10,-7.017168044446323e-09,0.01671981811523437
1787304591.2289855,1.4220390401041582e-10,-7.017168044446323e-09,0.016886711120605465
1787304591.274073,1.4220390401041582e-10,-7.017168044446323e-09,0.016919612884521484
1787304591.3420882,1.4220390401041582e-10,-7.017168044446323e-09,0.01690959930419922
1787304591.383187,1.4220390401041582e-10,-7.017168044446323e-09,0.016965389251708984
1787304591.42054,1.4220390401041582e-10,-7.017168044446323e-09,0.01697206497192383
1787304591.478185,1.4220390401041582e-10,-7.017168044446323e-09,0.016939401626586914
1787304591.5424185,1.4220390401041582e-10,-7.017168044446323e-09,0.016969442367553714
1787304591.5781791,1.4220390401041582e-10,-7.017168044446323e-09,0.016991138458251953
1787304591.641946,1.4220390401041582e-10,-7.017168044446323e-09,0.016949176788330078
1787304591.682011,1.4220390401041582e-10,-7.017168044446323e-09,0.016943454742431648
1787304591.729309,1.4220390401041582e-10,-7.017168044446323e-09,0.01688051223754883
1787304591.7779727,1.4220390401041582e-10,-7.017168044446323e-09,0.016893863677978516
1787304591.819732,1.4220390401041582e-10,-7.017168044446323e-09,0.016819238662719727
1787304591.8702936,1.4220390401041582e-10,-7.017168044446323e-09,0.0167841911315918
1787304591.9194431,1.4220390401041582e-10,-7.017168044446323e-09,0.0167243480682373
1787304591.9692461,1.4220390401041582e-10,-7.017168044446323e-09,0.016586065292358395
1787304592.0203362,1.4220390401041582e-10,-7.017168044446323e-09,0.016381740570068363
1787304592.0708907,1.4220390401041582e-10,-7.017168044446323e-09,0.016484737396240234
1787304592.121164,1.4220390401041582e-10,-7.017168044446323e-09,0.016350507736206058
1787304592.1871748,1.4220390401041582e-10,-7.017168044446323e-09,0.016453027725219723
1787304592.2191553,1.4220390401041582e-10,-7.017168044446323e-09,0.01639866828918457
1787304592.2703369,1.4220390401041582e-10,-7.017168044446323e-09,0.016540288925170895
1787304592.3209267,1.4220390401041582e-10,-7.017168044446323e-09,0.016659975051879883
1787304592.369492,1.4220390401041582e-10,-7.017168044446323e-09,0.016722917556762695
1787304592.425868,1.4220390401041582e-10,-7.017168044446323e-09,0.01673531532287598
1787304592.4723246,1.4220390401041582e-10,-7.017168044446323e-09,0.01673531532287598
1787304592.5233006,1.4220390401041582e-10,-7.017168044446323e-09,0.016838550567626953
1787304592.5715327,1.4220390401041582e-10,-7.017168044446323e-09,0.016838550567626953
1787304592.6201553,1.4220390401041582e-10,-7.017168044446323e-09,0.016838550567626953
1787304592.6734903,1.4220390401041582e-10,-7.017168044446323e-09,0.016838550567626953
1787304592.7191818,1.4220390401041582e-10,-7.017168044446323e-09,0.016838550567626953
1787304592.7723582,1.4220390401041582e-10,-7.017168044446323e-09,0.016663551330566406
1787304592.8199172,1.4220390401041582e-10,-7.017168044446323e-09,0.016663551330566406
1787304592.8696902,1.4220390401041582e-10,-7.017168044446323e-09,0.016663551330566406
1787304592.9251654,1.4220390401041582e-10,-7.017168044446323e-09,0.01683187484741211
1787304592.972346,1.4220390401041582e-10,-7.017168044446323e-09,0.01683187484741211
1787304593.019608,1.4220390401041582e-10,-7.017168044446323e-09,0.01683187484741211
1787304593.083909,2.53072155610252e-05,4.206301819054652e-07,0.01687288284301758
1787304593.1193004,2.53072155610252e-05,4.206301819054652e-07,0.01687288284301758
1787304593.1700573,2.53072155610252e-05,4.206301819054652e-07,0.01687288284301758
1787304593.219205,2.53072155610252e-05,4.206301819054652e-07,0.01687288284301758
1787304593.2691898,2.53072155610252e-05,4.206301819054652e-07,0.01687288284301758
1787304593.320227,2.53072155610252e-05,4.206301819054652e-07,0.01687288284301758
1787304593.3717113,1.2906315290244787e-10,-6.238823577544439e-09,0.01679396629333496
1787304593.420604,1.2906315290244787e-10,-6.238823577544439e-09,0.016957521438598636
1787304593.47024,1.2906315290244787e-10,-6.238823577544439e-09,0.016957521438598636
1787304593.5230138,1.2906315290244787e-10,-6.238823577544439e-09,0.017014026641845707
1787304593.5695493,1.2906315290244787e-10,-6.238823577544439e-09,0.016927242279052738
1787304593.6224995,1.2906315290244787e-10,-6.238823577544439e-09,0.016927242279052738
1787304593.6692839,1.2906315290244787e-10,-6.238823577544439e-09,0.016927242279052738
1787304593.7202497,1.2906315290244787e-10,-6.238823577544439e-09,0.016927242279052738
1787304593.7697897,1.2906315290244787e-10,-6.238823577544439e-09,0.016927242279052738
1787304593.820972,1.2366950040122943e-10,-5.919038552746378e-09,0.016929626464843747
1787304593.8697014,1.2366950040122943e-10,-5.919038552746378e-09,0.016929626464843747
1787304593.9194121,1.2366950040122943e-10,-5.919038552746378e-09,0.016929626464843747
1787304593.971619,1.2366950040122943e-10,-5.919038552746378e-09,0.016929626464843747
1787304594.0235653,1.2366950040122943e-10,-5.919038552746378e-09,0.017161846160888675
1787304594.0691576,1.2366950040122943e-10,-5.919038552746378e-09,0.017161846160888675
1787304594.1222541,1.2366950040122943e-10,-5.919038552746378e-09,0.017161846160888675
1787304594.1694396,1.2366950040122943e-10,-5.919038552746378e-09,0.017161846160888675
1787304594.2202158,1.2366950040122943e-10,-5.919038552746378e-09,0.016876220703125
1787304594.2789457,1.2366950040122943e-10,-5.919038552746378e-09,0.01688218116760254
1787304594.3228824,1.2366950040122943e-10,-5.919038552746378e-09,0.01688218116760254
1787304594.3710237,1.2366950040122943e-10,-5.919038552746378e-09,0.01688218116760254
1787304594.4193285,1.2366950040122943e-10,-5.919038552746378e-09,0.01688218116760254
1787304594.4744601,1.2366950040122943e-10,-5.919038552746378e-09,0.017287492752075195
1787304594.5228765,1.2366950040122943e-10,-5.919038552746378e-09,0.0172426700592041
1787304594.5700278,1.2366950040122943e-10,-5.919038552746378e-09,0.01721644401550293
1787304594.6222901,1.2366950040122943e-10,-5.919038552746378e-09,0.017183542251586918
1787304594.673778,1.2366950040122943e-10,-5.919038552746378e-09,0.017077922821044925
1787304594.7190158,1.2366950040122943e-10,-5.919038552746378e-09,0.017055749893188477
1787304594.7713246,1.2366950040122943e-10,-5.919038552746378e-09,0.017065763473510746
1787304594.8191943,1.2366950040122943e-10,-5.919038552746378e-09,0.01717090606689453
1787304594.872262,1.2366950040122943e-10,-5.919038552746378e-09,0.01721501350402832
1787304594.9243429,1.2366950040122943e-10,-5.919038552746378e-09,0.017253398895263675
1787304594.995571,1.2366950040122943e-10,-5.919038552746378e-09,0.017285823822021488
1787304595.0234675,1.2366950040122943e-10,-5.919038552746378e-09,0.017254590988159183
1787304595.0992012,1.2366950040122943e-10,-5.919038552746378e-09,0.01726055145263672
1787304595.1206248,1.2366950040122943e-10,-5.919038552746378e-09,0.01719427108764648
1787304595.1692717,1.2366950040122943e-10,-5.919038552746378e-09,0.01719212532043457
1787304595.2226858,1.2366950040122943e-10,-5.919038552746378e-09,0.01712203025817871
1787304595.2751775,1.2366950040122943e-10,-5.919038552746378e-09,0.01700592041015625
1787304595.3193195,1.2366950040122943e-10,-5.919038552746378e-09,0.01697206497192383
1787304595.3712842,1.2366950040122943e-10,-5.919038552746378e-09,0.01697421073913574
1787304595.422204,1.2366950040122943e-10,-5.919038552746378e-09,0.01691579818725586
1787304595.4801323,1.2366950040122943e-10,-5.919038552746378e-09,0.01700305938720703
1787304595.5229652,2.5307175072172522e-05,4.2302555127602687e-07,0.016892910003662113
1787304595.579535,1.1181604917692191e-10,-5.219132525334616e-09,0.016947746276855465
1787304595.624687,1.1181604917692191e-10,-5.219132525334616e-09,0.016980171203613285
1787304595.683452,1.1181604917692191e-10,-5.219132525334616e-09,0.017021656036376957
1787304595.722318,1.1181604917692191e-10,-5.219132525334616e-09,0.0170130729675293
1787304595.7695525,1.1181604917692191e-10,-5.219132525334616e-09,0.017075538635253906
1787304595.8197973,1.1181604917692191e-10,-5.219132525334616e-09,0.017066240310668945
1787304595.8808541,1.1181604917692191e-10,-5.219132525334616e-09,0.017100095748901367
1787304595.922336,1.1181604917692191e-10,-5.219132525334616e-09,0.01712560653686523
1787304595.9697206,1.1181604917692191e-10,-5.219132525334616e-09,0.01720809936523437
1787304596.0192344,1.1181604917692191e-10,-5.219132525334616e-09,0.0172114372253418
1787304596.074723,1.1181604917692191e-10,-5.219132525334616e-09,0.01723575592041016
1787304596.124405,1.1181604917692191e-10,-5.219132525334616e-09,0.017252683639526367
1787304596.1696537,2.5307046373403422e-05,4.3056460790325894e-07,0.017183780670166016
1787304596.2199106,1.0293794780802455e-10,-4.703255925959038e-09,0.017211914062500003
1787304596.270338,1.0293794780802455e-10,-4.703255925959038e-09,0.017148494720458984
1787304596.3190806,1.0293794780802455e-10,-4.703255925959038e-09,0.01710414886474609
1787304596.3693244,1.0293794780802455e-10,-4.703255925959038e-09,0.017066478729248047
1787304596.422507,1.0293794780802455e-10,-4.703255925959038e-09,0.01705050468444824
1787304596.4692287,1.0293794780802455e-10,-4.703255925959038e-09,0.01715302467346191
1787304596.520144,1.0293794780802455e-10,-4.703255925959038e-09,0.017247438430786136
1787304596.569574,1.0293794780802455e-10,-4.703255925959038e-09,0.017278671264648438
1787304596.6193628,1.0293794780802455e-10,-4.703255925959038e-09,0.01729583740234375
1787304596.6703951,1.0293794780802455e-10,-4.703255925959038e-09,0.017329692840576172
1787304596.7246385,1.0293794780802455e-10,-4.703255925959038e-09,0.017332077026367188
1787304596.7704926,1.0293794780802455e-10,-4.703255925959038e-09,0.017240047454833984
1787304596.821097,1.0293794780802455e-10,-4.703255925959038e-09,0.0171973705291748
1787304596.8719592,1.0293794780802455e-10,-4.703255925959038e-09,0.017158031463623047
1787304596.919471,1.0293794780802455e-10,-4.703255925959038e-09,0.017110586166381836
1787304596.9733741,1.0293794780802455e-10,-4.703255925959038e-09,0.016962528228759766
1787304597.0234928,1.0293794780802455e-10,-4.703255925959038e-09,0.017000913619995117
1787304597.0692465,1.0293794780802455e-10,-4.703255925959038e-09,0.0171053409576416
1787304597.1212156,1.0293794780802455e-10,-4.703255925959038e-09,0.017156124114990234
1787304597.174254,2.5307021373685953e-05,4.3201569892853476e-07,0.017354249954223636
1787304597.221611,1.6608998255370063e-10,-8.347569664230282e-09,0.017444133758544925
1787304597.2694116,1.6608998255370063e-10,-8.347569664230282e-09,0.01755762100219726
1787304597.3194892,2.530693060275773e-05,4.3720158988533055e-07,0.017650604248046875
1787304597.3715005,1.8182736248928736e-10,-9.240542606514239e-09,0.017628192901611328
1787304597.4198349,1.8182736248928736e-10,-9.240542606514239e-09,0.01760578155517578
1787304597.469382,1.8182736248928736e-10,-9.240542606514239e-09,0.01757287979125977
1787304597.5196233,1.8182736248928736e-10,-9.240542606514239e-09,0.017329216003417965
1787304597.5705621,1.8182736248928736e-10,-9.240542606514239e-09,0.01727533340454102
1787304597.6193914,2.5307072097749747e-05,4.291074940164175e-07,0.017363786697387695
1787304597.67075,2.3052759300681543e-10,-1.2043162357486208e-08,0.01749682426452637
1787304597.7196653,2.3052759300681543e-10,-1.2043162357486208e-08,0.017595529556274414
1787304597.7721221,2.3052759300681543e-10,-1.2043162357486208e-08,0.017604827880859375
1787304597.8208115,2.3052759300681543e-10,-1.2043162357486208e-08,0.017775058746337887
1787304597.8711271,2.3052759300681543e-10,-1.2043162357486208e-08,0.017770767211914066
1787304597.9224358,2.3052759300681543e-10,-1.2043162357486208e-08,0.01770520210266113
1787304597.9720669,2.5306960067116703e-05,4.3548803435541323e-07,0.017659664154052734
1787304598.0194368,2.2018448458751313e-10,-1.1457903571503123e-08,0.017658948898315426
1787304598.0703626,2.2018448458751313e-10,-1.1457903571503123e-08,0.017644405364990234
1787304598.1218255,2.2018448458751313e-10,-1.1457903571503123e-08,0.017786026000976562
1787304598.1713192,2.2018448458751313e-10,-1.1457903571503123e-08,0.017788648605346683
1787304598.2209024,2.2018448458751313e-10,-1.1457903571503123e-08,0.017965316772460938
1787304598.2707388,2.2018448458751313e-10,-1.1457903571503123e-08,0.01808309555053711
1787304598.3193588,2.2018448458751313e-10,-1.1457903571503123e-08,0.018049716949462894
1787304598.3705587,2.2018448458751313e-10,-1.1457903571503123e-08,0.017969846725463867
1787304598.4209363,2.2018448458751313e-10,-1.1457903571503123e-08,0.01791501045227051
1787304598.4694746,2.2018448458751313e-10,-1.1457903571503123e-08,0.017887592315673828
1787304598.521034,2.2018448458751313e-10,-1.1457903571503123e-08,0.017775774002075195
1787304598.5708032,2.2018448458751313e-10,-1.1457903571503123e-08,0.017814159393310547
1787304598.6192384,2.2018448458751313e-10,-1.1457903571503123e-08,0.017944812774658203
1787304598.6737144,2.2018448458751313e-10,-1.1457903571503123e-08,0.017958879470825195
1787304598.7226331,2.2018448458751313e-10,-1.1457903571503123e-08,0.018088817596435547
1787304598.7814574,2.2018448458751313e-10,-1.1457903571503123e-08,0.018124103546142578
1787304598.8218505,2.2018448458751313e-10,-1.1457903571503123e-08,0.01810169219970703
1787304598.8710792,2.2018448458751313e-10,-1.1457903571503123e-08,0.017940998077392575
1787304598.9195814,2.2018448458751313e-10,-1.1457903571503123e-08,0.017886638641357425
1787304598.9713607,2.5306859858472738e-05,4.4112641957872103e-07,0.01787757873535156
1787304599.0226223,1.729530203474776e-10,-8.809162518320228e-09,0.017677307128906253
1787304599.0694458,1.729530203474776e-10,-8.809162518320228e-09,0.01775217056274414
1787304599.119384,1.729530203474776e-10,-8.809162518320228e-09,0.017718076705932617
1787304599.169416,1.729530203474776e-10,-8.809162518320228e-09,0.017916202545166012
1787304599.2214892,1.729530203474776e-10,-8.809162518320228e-09,0.01798224449157715
1787304599.2693791,1.729530203474776e-10,-8.809162518320228e-09,0.0180814266204834
1787304599.3191578,1.729530203474776e-10,-8.809162518320228e-09,0.01818180084228516
1787304599.3758235,1.729530203474776e-10,-8.809162518320228e-09,0.01813125610351562
1787304599.4194002,1.729530203474776e-10,-8.809162518320228e-09,0.018064975738525387
1787304599.4695034,1.729530203474776e-10,-8.809162518320228e-09,0.017869949340820316
1787304599.5196316,1.729530203474776e-10,-8.809162518320228e-09,0.017873525619506836
1787304599.5700932,1.729530203474776e-10,-8.809162518320228e-09,0.017747640609741207
1787304599.6193707,2.5306855512736382e-05,4.4137077972325937e-07,0.017826557159423828
1787304599.6694262,2.5306855512736382e-05,4.4137077972325937e-07,0.017909765243530277
1787304599.7200758,2.4497125388053733e-10,-1.283959043473558e-08,0.017982959747314453
1787304599.7693627,2.4497125388053733e-10,-1.283959043473558e-08,0.018028497695922855
1787304599.820277,2.4497125388053733e-10,-1.283959043473558e-08,0.018038749694824226
1787304599.8695495,2.4497125388053733e-10,-1.283959043473558e-08,0.01801800727844238
1787304599.9251986,2.4497125388053733e-10,-1.283959043473558e-08,0.018127679824829098
1787304599.9717016,2.4497125388053733e-10,-1.283959043473558e-08,0.01807665824890137
1787304600.0196373,2.4497125388053733e-10,-1.283959043473558e-08,0.01799869537353516
1787304600.0692954,2.4497125388053733e-10,-1.283959043473558e-08,0.017746210098266598
1787304600.1221435,2.4497125388053733e-10,-1.283959043473558e-08,0.01769804954528809
1787304600.1702032,2.4497125388053733e-10,-1.283959043473558e-08,0.017643213272094727
1787304600.2228074,2.4497125388053733e-10,-1.283959043473558e-08,0.017653942108154297
1787304600.2695196,2.4497125388053733e-10,-1.283959043473558e-08,0.017787456512451172
1787304600.3188505,2.4497125388053733e-10,-1.283959043473558e-08,0.017833232879638675
1787304600.3701239,2.4497125388053733e-10,-1.283959043473558e-08,0.017952919006347656
1787304600.4230635,2.4497125388053733e-10,-1.283959043473558e-08,0.017999172210693356
1787304600.4701173,2.4497125388053733e-10,-1.283959043473558e-08,0.017999887466430664
1787304600.5209107,2.4497125388053733e-10,-1.283959043473558e-08,0.017978191375732422
1787304600.5701256,2.4497125388053733e-10,-1.283959043473558e-08,0.017914772033691406
1787304600.6201603,2.4497125388053733e-10,-1.283959043473558e-08,0.017915248870849613
1787304600.670348,2.4497125388053733e-10,-1.283959043473558e-08,0.017819881439208984
1787304600.7191784,2.4497125388053733e-10,-1.283959043473558e-08,0.01778578758239746
1787304600.76955,2.4497125388053733e-10,-1.283959043473558e-08,0.017731666564941406
1787304600.8191426,2.5306945488776608e-05,4.3632972624577783e-07,0.017762660980224613
1787304600.8693528,2.5306945488776608e-05,4.3632972624577783e-07,0.017805814743041992
1787304600.9242866,2.8410123293961934e-10,-1.5038831408447442e-08,0.017862319946289062
1787304600.9690187,2.8410123293961934e-10,-1.5038831408447442e-08,0.01790595054626465
1787304601.0193427,2.8410123293961934e-10,-1.5038831408447442e-08,0.017960548400878906
1787304601.0695882,2.8410123293961934e-10,-1.5038831408447442e-08,0.018011808395385742
1787304601.119002,2.8410123293961934e-10,-1.5038831408447442e-08,0.018086433410644535
1787304601.1705618,2.8410123293961934e-10,-1.5038831408447442e-08,0.01810288429260254
1787304601.2195523,2.8410123293961934e-10,-1.5038831408447442e-08,0.018053770065307617
1787304601.2740557,2.8410123293961934e-10,-1.5038831408447442e-08,0.01796865463256836
1787304601.321609,2.8410123293961934e-10,-1.5038831408447442e-08,0.017973423004150394
1787304601.3692856,2.8410123293961934e-10,-1.5038831408447442e-08,0.017889976501464847
1787304601.420316,2.8410123293961934e-10,-1.5038831408447442e-08,0.01773762702941895
1787304601.4696481,2.8410123293961934e-10,-1.5038831408447442e-08,0.017735719680786133
1787304601.5203106,2.8410123293961934e-10,-1.5038831408447442e-08,0.017728328704833984
1787304601.5694237,2.8410123293961934e-10,-1.5038831408447442e-08,0.0177912712097168
1787304601.6201015,2.8410123293961934e-10,-1.5038831408447442e-08,0.01797699928283691
1787304601.6715455,2.8410123293961934e-10,-1.5038831408447442e-08,0.018031835556030273
1787304601.7280755,2.8410123293961934e-10,-1.5038831408447442e-08,0.018161773681640625
1787304601.7688274,2.8410123293961934e-10,-1.5038831408447442e-08,0.01826858520507812
1787304601.821081,2.8410123293961934e-10,-1.5038831408447442e-08,0.018477439880371094
1787304601.8692622,2.8410123293961934e-10,-1.5038831408447442e-08,0.01850557327270508
1787304601.9244025,2.8410123293961934e-10,-1.5038831408447442e-08,0.018611907958984375
1787304601.9697518,2.8410123293961934e-10,-1.5038831408447442e-08,0.018604755401611328
1787304602.020159,2.8410123293961934e-10,-1.5038831408447442e-08,0.01865386962890625
1787304602.0695775,2.5306554279636388e-05,4.577547982870434e-07,0.0187075138092041
1787304602.11963,3.2171767706871924e-10,-1.704798041402657e-08,0.01881265640258789
1787304602.1695337,3.2171767706871924e-10,-1.704798041402657e-08,0.018706560134887692
1787304602.2201285,2.530658405837279e-05,4.561649764225296e-07,0.018687963485717777
1787304602.2702389,3.029526265574021e-10,-1.604340510368429e-08,0.018627166748046875
1787304602.3205588,3.029526265574021e-10,-1.604340510368429e-08,0.018364667892456055
1787304602.3698795,3.029526265574021e-10,-1.604340510368429e-08,0.018370389938354492
1787304602.4191685,3.029526265574021e-10,-1.604340510368429e-08,0.018359661102294922
1787304602.4695854,3.029526265574021e-10,-1.604340510368429e-08,0.018359661102294922
1787304602.5316582,3.029526265574021e-10,-1.604340510368429e-08,0.018502950668334964
1787304602.5719376,3.029526265574021e-10,-1.604340510368429e-08,0.018495082855224613
1787304602.620313,3.029526265574021e-10,-1.604340510368429e-08,0.018495082855224613
1787304602.670516,3.029526265574021e-10,-1.604340510368429e-08,0.018495082855224613
1787304602.7233672,3.029526265574021e-10,-1.604340510368429e-08,0.018495082855224613
1787304602.7707937,3.029526265574021e-10,-1.604340510368429e-08,0.018495082855224613
1787304602.8206973,3.029526265574021e-10,-1.604340510368429e-08,0.01833653450012207
1787304602.870145,3.029526265574021e-10,-1.604340510368429e-08,0.018377780914306644
1787304602.9260175,3.029526265574021e-10,-1.604340510368429e-08,0.018377780914306644
1787304602.9741337,3.029526265574021e-10,-1.604340510368429e-08,0.018377780914306644
1787304603.0192544,3.029526265574021e-10,-1.604340510368429e-08,0.018377780914306644
1787304603.0710936,3.029526265574021e-10,-1.604340510368429e-08,0.018377780914306644
1787304603.1196444,3.171647928895704e-10,-1.681569519260276e-08,0.01859903335571289
1787304603.170006,3.171647928895704e-10,-1.681569519260276e-08,0.01859903335571289
1787304603.219656,3.171647928895704e-10,-1.681569519260276e-08,0.01859903335571289
1787304603.2694266,3.171647928895704e-10,-1.681569519260276e-08,0.018483638763427734
1787304603.3191986,3.171647928895704e-10,-1.681569519260276e-08,0.018483638763427734
1787304603.3730488,3.171647928895704e-10,-1.681569519260276e-08,0.018483638763427734
1787304603.419382,3.171647928895704e-10,-1.681569519260276e-08,0.018483638763427734
1787304603.4710236,3.171647928895704e-10,-1.681569519260276e-08,0.018483638763427734
1787304603.5194385,3.171647928895704e-10,-1.681569519260276e-08,0.018740177154541016
1787304603.5761254,3.171647928895704e-10,-1.681569519260276e-08,0.018740177154541016
1787304603.6193845,3.171647928895704e-10,-1.681569519260276e-08,0.018740177154541016
1787304603.66943,3.171647928895704e-10,-1.681569519260276e-08,0.018740177154541016
1787304603.7194552,3.171647928895704e-10,-1.681569519260276e-08,0.018740177154541016
1787304603.7694132,3.171647928895704e-10,-1.681569519260276e-08,0.018740177154541016
1787304603.8191962,2.53065683271267e-05,4.5699457630512694e-07,0.01871275901794434
1787304603.8694305,2.97697843617108e-10,-1.5774919450235696e-08,0.018565654754638672
1787304603.9194062,2.97697843617108e-10,-1.5774919450235696e-08,0.018565654754638672
1787304603.972603,2.97697843617108e-10,-1.5774919450235696e-08,0.018565654754638672
1787304604.0289981,3.3235214188761294e-10,-1.7642287396654388e-08,0.018729448318481445
1787304604.0754967,3.3235214188761294e-10,-1.7642287396654388e-08,0.018729448318481445
1787304604.1192405,3.3235214188761294e-10,-1.7642287396654388e-08,0.018729448318481445
1787304604.174611,3.3235214188761294e-10,-1.7642287396654388e-08,0.018729448318481445
1787304604.219197,3.3235214188761294e-10,-1.7642287396654388e-08,0.01906967163085938
1787304604.2690716,3.3235214188761294e-10,-1.7642287396654388e-08,0.01906967163085938
1787304604.3191667,3.3235214188761294e-10,-1.7642287396654388e-08,0.01906967163085938
1787304604.370864,3.3235214188761294e-10,-1.7642287396654388e-08,0.01906967163085938
1787304604.4228208,3.3235214188761294e-10,-1.7642287396654388e-08,0.018982410430908207
1787304604.469901,3.3235214188761294e-10,-1.7642287396654388e-08,0.018948078155517575
1787304604.5237389,3.3235214188761294e-10,-1.7642287396654388e-08,0.01905179023742676
1787304604.5735953,3.3235214188761294e-10,-1.7642287396654388e-08,0.019068241119384766
1787304604.622631,3.3235214188761294e-10,-1.7642287396654388e-08,0.019220352172851562
1787304604.6742213,3.3235214188761294e-10,-1.7642287396654388e-08,0.019312858581542965
1787304604.7201684,2.530626350516957e-05,4.7296207138497337e-07,0.019456148147583008
1787304604.7690954,3.8931021723557927e-10,-2.057150181743547e-08,0.019544363021850582
1787304604.8194482,3.8931021723557927e-10,-2.057150181743547e-08,0.01951313018798828
1787304604.8691988,3.8931021723557927e-10,-2.057150181743547e-08,0.019473791122436523
1787304604.9203966,3.8931021723557927e-10,-2.057150181743547e-08,0.019443511962890625
1787304604.969146,3.8931021723557927e-10,-2.057150181743547e-08,0.019409418106079105
1787304605.0293934,3.8931021723557927e-10,-2.057150181743547e-08,0.0194847583770752
1787304605.0694554,3.8931021723557927e-10,-2.057150181743547e-08,0.01950693130493164
1787304605.1191037,3.8931021723557927e-10,-2.057150181743547e-08,0.01956772804260254
1787304605.1692557,3.8931021723557927e-10,-2.057150181743547e-08,0.019546985626220703
1787304605.219911,3.8931021723557927e-10,-2.057150181743547e-08,0.01968073844909668
1787304605.2692087,3.8931021723557927e-10,-2.057150181743547e-08,0.019659280776977543
1787304605.3203566,3.8931021723557927e-10,-2.057150181743547e-08,0.019599199295043945
1787304605.3706486,3.8931021723557927e-10,-2.057150181743547e-08,0.019549846649169922
1787304605.419218,3.8931021723557927e-10,-2.057150181743547e-08,0.019337892532348636
1787304605.471611,2.5306350768317117e-05,4.684671876497151e-07,0.019307374954223636
1787304605.5190036,4.0687419254433117e-10,-2.1479529914150293e-08,0.019409656524658207
1787304605.5692608,4.0687419254433117e-10,-2.1479529914150293e-08,0.01941657066345215
1787304605.6191463,4.0687419254433117e-10,-2.1479529914150293e-08,0.01955890655517578
1787304605.6693847,4.0687419254433117e-10,-2.1479529914150293e-08,0.019589424133300778
1787304605.7313461,4.0687419254433117e-10,-2.1479529914150293e-08,0.019620180130004883
1787304605.771343,2.530623908833573e-05,4.7420192855032525e-07,0.019550085067749023
1787304605.8201385,3.63363826495159e-10,-1.9253210572322813e-08,0.019444227218627926
1787304605.8752685,3.63363826495159e-10,-1.9253210572322813e-08,0.019474029541015625
1787304605.9219913,3.63363826495159e-10,-1.9253210572322813e-08,0.01931476593017578
1787304605.9708853,3.63363826495159e-10,-1.9253210572322813e-08,0.019251823425292976
1787304606.0251536,3.63363826495159e-10,-1.9253210572322813e-08,0.019315004348754876
1787304606.0764382,3.63363826495159e-10,-1.9253210572322813e-08,0.01940178871154785
1787304606.1202028,3.63363826495159e-10,-1.9253210572322813e-08,0.019515752792358402
1787304606.1724706,3.63363826495159e-10,-1.9253210572322813e-08,0.019585609436035156
1787304606.219415,2.5306202548066492e-05,4.7607227839011453e-07,0.01955652236938477
1787304606.2693667,2.5306202548066492e-05,4.7607227839011453e-07,0.019536972045898438
1787304606.3212528,2.5306202548066492e-05,4.7607227839011453e-07,0.01951313018798828
1787304606.3693023,3.283531141585062e-10,-1.7461294812294307e-08,0.019487380981445312
1787304606.423013,3.283531141585062e-10,-1.7461294812294307e-08,0.019457578659057614
1787304606.4692225,2.5306197722486954e-05,4.7631964737983896e-07,0.019562482833862305
1787304606.5243406,2.5306197722486954e-05,4.7631964737983896e-07,0.019562482833862305
1787304606.5697508,2.5306197722486954e-05,4.7631964737983896e-07,0.019562482833862305
1787304606.6203904,2.5306197722486954e-05,4.7631964737983896e-07,0.019562482833862305
1787304606.6692908,3.686406100794897e-10,-1.9521695659568317e-08,0.019848346710205078
1787304606.7192225,3.686406100794897e-10,-1.9521695659568317e-08,0.019848346710205078
1787304606.7695947,3.686406100794897e-10,-1.9521695659568317e-08,0.019848346710205078
1787304606.8196142,3.686406100794897e-10,-1.9521695659568317e-08,0.019848346710205078
1787304606.8833086,3.686406100794897e-10,-1.9521695659568317e-08,0.019848346710205078
1787304606.9194844,3.686406100794897e-10,-1.9521695659568317e-08,0.01954197883605957
1787304606.9723628,3.686406100794897e-10,-1.9521695659568317e-08,0.01954197883605957
1787304607.0191922,3.686406100794897e-10,-1.9521695659568317e-08,0.01954197883605957
1787304607.0689535,3.686406100794897e-10,-1.9521695659568317e-08,0.01954197883605957
1787304607.1197493,3.686406100794897e-10,-1.9521695659568317e-08,0.019905090332031253
1787304607.1694348,3.686406100794897e-10,-1.9521695659568317e-08,0.019905090332031253
1787304607.219686,3.686406100794897e-10,-1.9521695659568317e-08,0.019905090332031253
1787304607.2710955,3.686406100794897e-10,-1.9521695659568317e-08,0.019905090332031253
1787304607.319268,3.686406100794897e-10,-1.9521695659568317e-08,0.01976943016052246
1787304607.3704512,3.686406100794897e-10,-1.9521695659568317e-08,0.01976943016052246
1787304607.432395,3.686406100794897e-10,-1.9521695659568317e-08,0.01976943016052246
1787304607.4697418,3.686406100794897e-10,-1.9521695659568317e-08,0.01976943016052246
1787304607.5254335,3.686406100794897e-10,-1.9521695659568317e-08,0.019933223724365234
1787304607.5726314,3.686406100794897e-10,-1.9521695659568317e-08,0.019933223724365234
1787304607.61943,3.686406100794897e-10,-1.9521695659568317e-08,0.019933223724365234
1787304607.6692674,3.686406100794897e-10,-1.9521695659568317e-08,0.019933223724365234
1787304607.7193277,3.686406100794897e-10,-1.9521695659568317e-08,0.01980042457580566
1787304607.7716587,3.686406100794897e-10,-1.9521695659568317e-08,0.01980042457580566
1787304607.8211033,3.686406100794897e-10,-1.9521695659568317e-08,0.01980042457580566
1787304607.869217,3.686406100794897e-10,-1.9521695659568317e-08,0.01980042457580566
1787304607.9195268,3.686406100794897e-10,-1.9521695659568317e-08,0.01980042457580566
1787304607.969442,3.686406100794897e-10,-1.9521695659568317e-08,0.02002429962158203
1787304608.0226274,3.686406100794897e-10,-1.9521695659568317e-08,0.02002429962158203
1787304608.071645,3.686406100794897e-10,-1.9521695659568317e-08,0.02026653289794922
1787304608.1194046,3.686406100794897e-10,-1.9521695659568317e-08,0.02026653289794922
1787304608.1697075,3.686406100794897e-10,-1.9521695659568317e-08,0.02026653289794922
1787304608.2257252,3.686406100794897e-10,-1.9521695659568317e-08,0.020349979400634766
1787304608.270126,3.686406100794897e-10,-1.9521695659568317e-08,0.020349979400634766
1787304608.3263829,3.686406100794897e-10,-1.9521695659568317e-08,0.020349979400634766
1787304608.3694212,3.686406100794897e-10,-1.9521695659568317e-08,0.020349979400634766
1787304608.4194372,3.686406100794897e-10,-1.9521695659568317e-08,0.020341396331787113
1787304608.469264,3.686406100794897e-10,-1.9521695659568317e-08,0.020548820495605465
1787304608.5196352,3.686406100794897e-10,-1.9521695659568317e-08,0.020652532577514652
1787304608.56965,3.686406100794897e-10,-1.9521695659568317e-08,0.020684480667114258
1787304608.619279,3.686406100794897e-10,-1.9521695659568317e-08,0.020802497863769538
1787304608.6711645,3.686406100794897e-10,-1.9521695659568317e-08,0.020792007446289062
1787304608.7200658,3.686406100794897e-10,-1.9521695659568317e-08,0.02072644233703613
1787304608.769138,3.686406100794897e-10,-1.9521695659568317e-08,0.020694494247436523
1787304608.821169,3.686406100794897e-10,-1.9521695659568317e-08,0.020720243453979496
1787304608.8691208,3.686406100794897e-10,-1.9521695659568317e-08,0.02072620391845703
1787304608.9197323,3.686406100794897e-10,-1.9521695659568317e-08,0.02083754539489746
1787304608.9813304,3.686406100794897e-10,-1.9521695659568317e-08,0.020823240280151367
1787304609.0243437,2.530551781898498e-05,5.098828933123282e-07,0.02101230621337891
1787304609.0691268,4.469191874353429e-10,-2.3250218444861806e-08,0.0211179256439209
1787304609.1251009,4.469191874353429e-10,-2.3250218444861806e-08,0.021039485931396488
1787304609.175182,4.469191874353429e-10,-2.3250218444861806e-08,0.02098703384399414
1787304609.2193027,4.469191874353429e-10,-2.3250218444861806e-08,0.020780086517333988
1787304609.2764766,4.469191874353429e-10,-2.3250218444861806e-08,0.020803213119506832
1787304609.3193924,4.469191874353429e-10,-2.3250218444861806e-08,0.0208284854888916
1787304609.3777947,4.469191874353429e-10,-2.3250218444861806e-08,0.020853519439697266
1787304609.419877,4.469191874353429e-10,-2.3250218444861806e-08,0.02093505859375
1787304609.4701297,4.469191874353429e-10,-2.3250218444861806e-08,0.020960092544555664
1787304609.5193481,4.469191874353429e-10,-2.3250218444861806e-08,0.02099108695983887
1787304609.5843763,4.469191874353429e-10,-2.3250218444861806e-08,0.02091193199157715
1787304609.623566,4.469191874353429e-10,-2.3250218444861806e-08,0.020890474319458008
1787304609.6700506,4.469191874353429e-10,-2.3250218444861806e-08,0.020867109298706058
1787304609.723944,4.469191874353429e-10,-2.3250218444861806e-08,0.02081799507141113
1787304609.7695732,4.469191874353429e-10,-2.3250218444861806e-08,0.020810604095458984
1787304609.8197823,4.469191874353429e-10,-2.3250218444861806e-08,0.020778417587280273
1787304609.869537,4.469191874353429e-10,-2.3250218444861806e-08,0.020897626876831058
1787304609.9200308,4.469191874353429e-10,-2.3250218444861806e-08,0.021027565002441406
1787304609.9704692,4.469191874353429e-10,-2.3250218444861806e-08,0.021042585372924805
1787304610.0233943,4.469191874353429e-10,-2.3250218444861806e-08,0.021064043045043945
1787304610.0694559,4.469191874353429e-10,-2.3250218444861806e-08,0.020990610122680664
1787304610.1204286,4.469191874353429e-10,-2.3250218444861806e-08,0.02089548110961914
1787304610.1692657,4.469191874353429e-10,-2.3250218444861806e-08,0.02089405059814453
1787304610.2189274,4.469191874353429e-10,-2.3250218444861806e-08,0.020831823348999027
1787304610.2691245,4.469191874353429e-10,-2.3250218444861806e-08,0.020856618881225586
1787304610.3206005,4.469191874353429e-10,-2.3250218444861806e-08,0.020993232727050778
1787304610.3732522,4.469191874353429e-10,-2.3250218444861806e-08,0.02099108695983887
1787304610.4212348,4.469191874353429e-10,-2.3250218444861806e-08,0.02098441123962402
1787304610.4693317,4.469191874353429e-10,-2.3250218444861806e-08,0.021036386489868164
1787304610.5251493,4.469191874353429e-10,-2.3250218444861806e-08,0.021078348159790043
1787304610.5693827,4.469191874353429e-10,-2.3250218444861806e-08,0.021078348159790043
1787304610.6237717,4.469191874353429e-10,-2.3250218444861806e-08,0.021078348159790043
1787304610.67302,4.469191874353429e-10,-2.3250218444861806e-08,0.021078348159790043
1787304610.733072,4.469191874353429e-10,-2.3250218444861806e-08,0.02125811576843262
1787304610.769419,4.469191874353429e-10,-2.3250218444861806e-08,0.02125811576843262
1787304610.825778,4.469191874353429e-10,-2.3250218444861806e-08,0.02125811576843262
1787304610.872159,4.469191874353429e-10,-2.3250218444861806e-08,0.02125811576843262
1787304610.924307,4.469191874353429e-10,-2.3250218444861806e-08,0.02125811576843262
1787304610.9693022,4.469191874353429e-10,-2.3250218444861806e-08,0.021248817443847656
1787304611.0191388,4.469191874353429e-10,-2.3250218444861806e-08,0.021248817443847656
1787304611.071978,4.469191874353429e-10,-2.3250218444861806e-08,0.021248817443847656
1787304611.127313,4.469191874353429e-10,-2.3250218444861806e-08,0.02179121971130371
1787304611.179492,4.469191874353429e-10,-2.3250218444861806e-08,0.02179121971130371
1787304611.2211008,4.469191874353429e-10,-2.3250218444861806e-08,0.02179121971130371
1787304611.274915,4.469191874353429e-10,-2.3250218444861806e-08,0.02179121971130371
1787304611.319522,4.469191874353429e-10,-2.3250218444861806e-08,0.021490335464477546
1787304611.3716795,4.469191874353429e-10,-2.3250218444861806e-08,0.021490335464477546
1787304611.4214466,4.469191874353429e-10,-2.3250218444861806e-08,0.021359682083129883
1787304611.4702146,4.469191874353429e-10,-2.3250218444861806e-08,0.021359682083129883
1787304611.5191767,2.5305299979318904e-05,5.201242047545386e-07,0.02157998085021973
1787304611.5802839,5.90491741003866e-10,-2.989571117341658e-08,0.022101163864135742
1787304611.6204488,5.90491741003866e-10,-2.989571117341658e-08,0.022101163864135742
1787304611.6691647,5.90491741003866e-10,-2.989571117341658e-08,0.022101163864135742
1787304611.7216938,5.90491741003866e-10,-2.989571117341658e-08,0.022101163864135742
1787304611.7696202,5.90491741003866e-10,-2.989571117341658e-08,0.022101163864135742
1787304611.8196595,2.5305178210557577e-05,5.256927519731839e-07,0.0218656063079834
1787304611.8695924,2.5305178210557577e-05,5.256927519731839e-07,0.0218656063079834
1787304611.9330704,2.5305178210557577e-05,5.256927519731839e-07,0.0218656063079834
1787304611.9697495,2.5305178210557577e-05,5.256927519731839e-07,0.0218656063079834
1787304612.03411,5.845463004799576e-10,-2.9630258059690588e-08,0.02239060401916504
1787304612.0713284,5.845463004799576e-10,-2.9630258059690588e-08,0.02239060401916504
1787304612.121265,5.845463004799576e-10,-2.9630258059690588e-08,0.02239060401916504
1787304612.1697,5.845463004799576e-10,-2.9630258059690588e-08,0.02239060401916504
1787304612.220013,5.845463004799576e-10,-2.9630258059690588e-08,0.02239060401916504
1787304612.2691083,5.845463004799576e-10,-2.9630258059690588e-08,0.022055387496948246
1787304612.319686,5.845463004799576e-10,-2.9630258059690588e-08,0.022055387496948246
1787304612.37931,5.845463004799576e-10,-2.9630258059690588e-08,0.022055387496948246
1787304612.4207125,5.845463004799576e-10,-2.9630258059690588e-08,0.022055387496948246
1787304612.4714987,5.845463004799576e-10,-2.9630258059690588e-08,0.022571802139282227
1787304612.5204604,5.845463004799576e-10,-2.9630258059690588e-08,0.022527933120727543
1787304612.574377,5.845463004799576e-10,-2.9630258059690588e-08,0.022541999816894535
1787304612.6194174,5.845463004799576e-10,-2.9630258059690588e-08,0.022403717041015625
1787304612.6689608,2.5304933173692538e-05,5.367483273707554e-07,0.0223541259765625
1787304612.7201574,5.53054798548572e-10,-2.8221545414480555e-08,0.0222923755645752
1787304612.7707276,5.53054798548572e-10,-2.8221545414480555e-08,0.0223081111907959
1787304612.8194778,5.53054798548572e-10,-2.8221545414480555e-08,0.022502660751342773
1787304612.8709846,5.53054798548572e-10,-2.8221545414480555e-08,0.022467374801635742
1787304612.9190803,5.53054798548572e-10,-2.8221545414480555e-08,0.022620677947998043
1787304612.979052,5.53054798548572e-10,-2.8221545414480555e-08,0.022655963897705078
1787304613.0216458,5.53054798548572e-10,-2.8221545414480555e-08,0.022565364837646484
1787304613.071489,5.53054798548572e-10,-2.8221545414480555e-08,0.022475242614746097
1787304613.1216877,5.53054798548572e-10,-2.8221545414480555e-08,0.02228856086730957
1787304613.1699944,5.53054798548572e-10,-2.8221545414480555e-08,0.022276878356933594
1787304613.2206628,5.53054798548572e-10,-2.8221545414480555e-08,0.022386789321899414
1787304613.269513,5.53054798548572e-10,-2.8221545414480555e-08,0.022411584854125977
1787304613.3264143,5.53054798548572e-10,-2.8221545414480555e-08,0.02254414558410645
1787304613.3693256,5.53054798548572e-10,-2.8221545414480555e-08,0.022583484649658203
1787304613.419898,5.53054798548572e-10,-2.8221545414480555e-08,0.02258086204528809
1787304613.4691596,5.53054798548572e-10,-2.8221545414480555e-08,0.022573947906494144
1787304613.5198953,5.53054798548572e-10,-2.8221545414480555e-08,0.022476673126220707
1787304613.5690458,5.53054798548572e-10,-2.8221545414480555e-08,0.022394418716430664
1787304613.6260514,5.53054798548572e-10,-2.8221545414480555e-08,0.022226572036743164
1787304613.669172,2.5304955110572507e-05,5.357649423448358e-07,0.022342205047607422
1787304613.719066,5.667776964615311e-10,-2.8836915285130896e-08,0.022275209426879886
1787304613.7694116,5.667776964615311e-10,-2.8836915285130896e-08,0.02240252494812012
1787304613.8198442,5.667776964615311e-10,-2.8836915285130896e-08,0.022504329681396488
1787304613.8713167,5.667776964615311e-10,-2.8836915285130896e-08,0.022670507431030273
1787304613.930032,5.667776964615311e-10,-2.8836915285130896e-08,0.02280807495117187
1787304613.9794033,5.667776964615311e-10,-2.8836915285130896e-08,0.02293539047241211
1787304614.019084,5.667776964615311e-10,-2.8836915285130896e-08,0.022965669631958008
1787304614.0715966,5.667776964615311e-10,-2.8836915285130896e-08,0.023018836975097656
1787304614.1302276,5.667776964615311e-10,-2.8836915285130896e-08,0.02294158935546875
1787304614.175181,5.667776964615311e-10,-2.8836915285130896e-08,0.022906303405761722
1787304614.2297044,5.667776964615311e-10,-2.8836915285130896e-08,0.022785902023315426
1787304614.2703862,5.667776964615311e-10,-2.8836915285130896e-08,0.022788763046264652
1787304614.3315408,5.667776964615311e-10,-2.8836915285130896e-08,0.022878170013427738
1787304614.3691576,5.667776964615311e-10,-2.8836915285130896e-08,0.023077964782714844
1787304614.4194894,5.667776964615311e-10,-2.8836915285130896e-08,0.023156166076660156
1787304614.4692762,5.667776964615311e-10,-2.8836915285130896e-08,0.023156166076660156
1787304614.5261588,5.667776964615311e-10,-2.8836915285130896e-08,0.023156166076660156
1787304614.5693827,5.667776964615311e-10,-2.8836915285130896e-08,0.02320694923400879
1787304614.62024,5.667776964615311e-10,-2.8836915285130896e-08,0.02320694923400879
1787304614.672983,5.667776964615311e-10,-2.8836915285130896e-08,0.02320694923400879
1787304614.7221596,5.667776964615311e-10,-2.8836915285130896e-08,0.02320694923400879
1787304614.7698336,5.667776964615311e-10,-2.8836915285130896e-08,0.02320694923400879
1787304614.819201,5.667776964615311e-10,-2.8836915285130896e-08,0.023095607757568363
1787304614.8833566,5.667776964615311e-10,-2.8836915285130896e-08,0.023095607757568363
1787304614.922424,5.667776964615311e-10,-2.8836915285130896e-08,0.023095607757568363
1787304614.96933,5.667776964615311e-10,-2.8836915285130896e-08,0.023095607757568363
1787304615.0188575,5.667776964615311e-10,-2.8836915285130896e-08,0.023380517959594727
1787304615.0771773,5.667776964615311e-10,-2.8836915285130896e-08,0.02346205711364746
1787304615.1203835,5.667776964615311e-10,-2.8836915285130896e-08,0.02346205711364746
1787304615.173295,5.667776964615311e-10,-2.8836915285130896e-08,0.02346205711364746
1787304615.2198203,5.667776964615311e-10,-2.8836915285130896e-08,0.02346205711364746
1787304615.2801523,5.667776964615311e-10,-2.8836915285130896e-08,0.023093461990356445
1787304615.3266675,5.667776964615311e-10,-2.8836915285130896e-08,0.023093461990356445
1787304615.378436,5.667776964615311e-10,-2.8836915285130896e-08,0.023093461990356445
1787304615.4199061,5.667776964615311e-10,-2.8836915285130896e-08,0.023093461990356445
1787304615.4785645,5.667776964615311e-10,-2.8836915285130896e-08,0.023093461990356445
1787304615.5206602,5.667776964615311e-10,-2.8836915285130896e-08,0.023757457733154293
1787304615.5743198,5.667776964615311e-10,-2.8836915285130896e-08,0.023757457733154293
1787304615.6194081,5.667776964615311e-10,-2.8836915285130896e-08,0.023757457733154293
1787304615.6692185,5.667776964615311e-10,-2.8836915285130896e-08,0.023757457733154293
1787304615.7195559,5.667776964615311e-10,-2.8836915285130896e-08,0.023481845855712894
1787304615.7693734,5.667776964615311e-10,-2.8836915285130896e-08,0.023481845855712894
1787304615.8194308,5.667776964615311e-10,-2.8836915285130896e-08,0.023481845855712894
1787304615.869558,5.667776964615311e-10,-2.8836915285130896e-08,0.023481845855712894
1787304615.9213986,5.667776964615311e-10,-2.8836915285130896e-08,0.023481845855712894
1787304615.9693336,5.667776964615311e-10,-2.8836915285130896e-08,0.023481845855712894
1787304616.0194154,5.667776964615311e-10,-2.8836915285130896e-08,0.023794174194335938
1787304616.0714886,5.667776964615311e-10,-2.8836915285130896e-08,0.023794174194335938
1787304616.1199224,5.667776964615311e-10,-2.8836915285130896e-08,0.023794174194335938
1787304616.1700442,5.667776964615311e-10,-2.8836915285130896e-08,0.023794174194335938
1787304616.2253633,5.667776964615311e-10,-2.8836915285130896e-08,0.023981332778930664
1787304616.2691362,5.667776964615311e-10,-2.8836915285130896e-08,0.023843526840209957
1787304616.3204682,5.667776964615311e-10,-2.8836915285130896e-08,0.023843526840209957
1787304616.380382,5.667776964615311e-10,-2.8836915285130896e-08,0.023843526840209957
1787304616.4240327,5.667776964615311e-10,-2.8836915285130896e-08,0.023843526840209957
1787304616.4695983,5.667776964615311e-10,-2.8836915285130896e-08,0.024039983749389645
1787304616.5227911,5.667776964615311e-10,-2.8836915285130896e-08,0.02401924133300782
1787304616.5747285,5.667776964615311e-10,-2.8836915285130896e-08,0.02392315864562988
1787304616.623474,5.667776964615311e-10,-2.8836915285130896e-08,0.02389049530029297
1787304616.6716728,5.667776964615311e-10,-2.8836915285130896e-08,0.02385735511779786
1787304616.7201588,5.667776964615311e-10,-2.8836915285130896e-08,0.023853302001953125
1787304616.769112,5.667776964615311e-10,-2.8836915285130896e-08,0.023923873901367188
1787304616.8217654,2.530396818226015e-05,5.783875227578435e-07,0.024062395095825192
1787304616.8706741,6.133241216467336e-10,-3.077344262891158e-08,0.0240769386291504
1787304616.926412,6.133241216467336e-10,-3.077344262891158e-08,0.024060964584350582
1787304616.973217,6.133241216467336e-10,-3.077344262891158e-08,0.02406692504882813
1787304617.023379,6.133241216467336e-10,-3.077344262891158e-08,0.02399420738220215
1787304617.0693552,6.133241216467336e-10,-3.077344262891158e-08,0.023970603942871094
1787304617.11937,6.133241216467336e-10,-3.077344262891158e-08,0.02385640144348145
1787304617.1693456,6.133241216467336e-10,-3.077344262891158e-08,0.023819684982299805
1787304617.2313983,6.133241216467336e-10,-3.077344262891158e-08,0.023905038833618164
1787304617.269422,2.5304051887997168e-05,5.749005644157425e-07,0.023958683013916016
1787304617.3272176,6.685913689073492e-10,-3.307797348362255e-08,0.024087190628051754
1787304617.3694212,6.685913689073492e-10,-3.307797348362255e-08,0.02406620979309082
1787304617.4215543,6.685913689073492e-10,-3.307797348362255e-08,0.024104595184326172
1787304617.4700818,2.5304024756566785e-05,5.760286967925241e-07,0.02403044700622559
1787304617.5252483,6.090987822317641e-10,-3.060151018364272e-08,0.023908853530883786
1787304617.571092,6.090987822317641e-10,-3.060151018364272e-08,0.023896455764770508
1787304617.6191025,6.090987822317641e-10,-3.060151018364272e-08,0.023849964141845707
1787304617.6695936,6.090987822317641e-10,-3.060151018364272e-08,0.023954629898071286
1787304617.7229187,6.090987822317641e-10,-3.060151018364272e-08,0.02403950691223145
1787304617.770126,6.090987822317641e-10,-3.060151018364272e-08,0.02413821220397949
1787304617.8200576,6.090987822317641e-10,-3.060151018364272e-08,0.02419567108154297
1787304617.8695781,6.090987822317641e-10,-3.060151018364272e-08,0.024164676666259773
1787304617.9226964,6.090987822317641e-10,-3.060151018364272e-08,0.024064064025878906
1787304617.9697845,6.090987822317641e-10,-3.060151018364272e-08,0.02401518821716309
1787304618.0198886,6.090987822317641e-10,-3.060151018364272e-08,0.023968219757080078
1787304618.0713966,6.090987822317641e-10,-3.060151018364272e-08,0.024035930633544922
1787304618.1201403,6.090987822317641e-10,-3.060151018364272e-08,0.02395129203796387
1787304618.1690311,6.090987822317641e-10,-3.060151018364272e-08,0.023924827575683594
1787304618.2197535,6.090987822317641e-10,-3.060151018364272e-08,0.02396130561828614
1787304618.2812192,6.090987822317641e-10,-3.060151018364272e-08,0.02413368225097656
1787304618.3192878,6.090987822317641e-10,-3.060151018364272e-08,0.024280548095703125
1787304618.3714075,6.090987822317641e-10,-3.060151018364272e-08,0.024584293365478512
1787304618.4194045,6.090987822317641e-10,-3.060151018364272e-08,0.024609804153442383
1787304618.4703586,6.090987822317641e-10,-3.060151018364272e-08,0.024549961090087898
1787304618.5206697,6.090987822317641e-10,-3.060151018364272e-08,0.024549961090087898
1787304618.5705214,6.090987822317641e-10,-3.060151018364272e-08,0.024549961090087898
1787304618.6278613,6.090987822317641e-10,-3.060151018364272e-08,0.024549961090087898
1787304618.6703513,6.090987822317641e-10,-3.060151018364272e-08,0.02443242073059082
1787304618.7295077,6.090987822317641e-10,-3.060151018364272e-08,0.02443242073059082
1787304618.769634,6.090987822317641e-10,-3.060151018364272e-08,0.02443242073059082
1787304618.8226867,6.090987822317641e-10,-3.060151018364272e-08,0.02443242073059082
1787304618.8704097,6.090987822317641e-10,-3.060151018364272e-08,0.025130033493042
1787304618.9196827,6.090987822317641e-10,-3.060151018364272e-08,0.025130033493042
1787304618.9699728,6.090987822317641e-10,-3.060151018364272e-08,0.025130033493042
1787304619.02404,6.090987822317641e-10,-3.060151018364272e-08,0.025130033493042
1787304619.0765357,6.090987822317641e-10,-3.060151018364272e-08,0.025013685226440433
1787304619.1282563,6.090987822317641e-10,-3.060151018364272e-08,0.025013685226440433
1787304619.169679,6.090987822317641e-10,-3.060151018364272e-08,0.025013685226440433
1787304619.2208939,6.090987822317641e-10,-3.060151018364272e-08,0.025013685226440433
1787304619.273903,6.090987822317641e-10,-3.060151018364272e-08,0.025013685226440433
1787304619.3215635,6.090987822317641e-10,-3.060151018364272e-08,0.025264024734497074
1787304619.379265,6.090987822317641e-10,-3.060151018364272e-08,0.025311231613159187
1787304619.420012,6.090987822317641e-10,-3.060151018364272e-08,0.025311231613159187
1787304619.4788291,6.090987822317641e-10,-3.060151018364272e-08,0.025311231613159187
1787304619.5224867,6.090987822317641e-10,-3.060151018364272e-08,0.025326967239379883
1787304619.5709934,6.090987822317641e-10,-3.060151018364272e-08,0.025246381759643558
1787304619.619193,6.090987822317641e-10,-3.060151018364272e-08,0.025246381759643558
1787304619.6706562,6.090987822317641e-10,-3.060151018364272e-08,0.025246381759643558
1787304619.7196949,6.090987822317641e-10,-3.060151018364272e-08,0.025246381759643558
1787304619.7695568,5.630701224764302e-10,-2.877362464727545e-08,0.025206804275512695
1787304619.8192518,5.630701224764302e-10,-2.877362464727545e-08,0.025206804275512695
1787304619.8702872,5.630701224764302e-10,-2.877362464727545e-08,0.025206804275512695
1787304619.919872,5.630701224764302e-10,-2.877362464727545e-08,0.025206804275512695
1787304619.9764063,5.630701224764302e-10,-2.877362464727545e-08,0.02586150169372559
1787304620.0207372,5.630701224764302e-10,-2.877362464727545e-08,0.02586150169372559
1787304620.0744007,5.630701224764302e-10,-2.877362464727545e-08,0.02586150169372559
1787304620.1216063,5.630701224764302e-10,-2.877362464727545e-08,0.025502920150756832
1787304620.1691346,5.630701224764302e-10,-2.877362464727545e-08,0.025502920150756832
1787304620.220189,5.630701224764302e-10,-2.877362464727545e-08,0.025502920150756832
1787304620.2702994,5.630701224764302e-10,-2.877362464727545e-08,0.025502920150756832
1787304620.319347,5.630701224764302e-10,-2.877362464727545e-08,0.025502920150756832
1787304620.3698637,5.630701224764302e-10,-2.877362464727545e-08,0.0257265567779541
1787304620.4195712,5.630701224764302e-10,-2.877362464727545e-08,0.025931835174560547
1787304620.468721,5.630701224764302e-10,-2.877362464727545e-08,0.025959014892578125
1787304620.5202825,5.630701224764302e-10,-2.877362464727545e-08,0.025897979736328125
1787304620.571373,5.630701224764302e-10,-2.877362464727545e-08,0.025780916213989258
1787304620.6194127,5.630701224764302e-10,-2.877362464727545e-08,0.025533437728881843
1787304620.6694036,5.630701224764302e-10,-2.877362464727545e-08,0.025624752044677734
1787304620.7192564,5.630701224764302e-10,-2.877362464727545e-08,0.02562308311462403
1787304620.7714121,5.630701224764302e-10,-2.877362464727545e-08,0.02568745613098145
1787304620.8189638,5.630701224764302e-10,-2.877362464727545e-08,0.025884389877319343
1787304620.8761933,5.630701224764302e-10,-2.877362464727545e-08,0.02588534355163575
1787304620.9197822,5.630701224764302e-10,-2.877362464727545e-08,0.026114225387573242
1787304620.979612,5.630701224764302e-10,-2.877362464727545e-08,0.02614235877990723
1787304621.0232708,5.630701224764302e-10,-2.877362464727545e-08,0.026048660278320312
1787304621.0693874,5.630701224764302e-10,-2.877362464727545e-08,0.02608513832092285
1787304621.1259744,5.630701224764302e-10,-2.877362464727545e-08,0.026046037673950192
1787304621.169754,5.630701224764302e-10,-2.877362464727545e-08,0.026011228561401364
1787304621.2396376,5.630701224764302e-10,-2.877362464727545e-08,0.025949478149414066
1787304621.269385,5.630701224764302e-10,-2.877362464727545e-08,0.026086807250976573
1787304621.3195748,5.630701224764302e-10,-2.877362464727545e-08,0.02609539031982422
1787304621.3695042,5.630701224764302e-10,-2.877362464727545e-08,0.026033401489257823
1787304621.4190955,5.630701224764302e-10,-2.877362464727545e-08,0.026090860366821293
1787304621.4710667,5.630701224764302e-10,-2.877362464727545e-08,0.02622675895690918
1787304621.519433,2.5302542986810787e-05,6.350459699217664e-07,0.02623295783996582
1787304621.577357,6.250624305020674e-10,-3.113231444064604e-08,0.0264132022857666
1787304621.6205106,6.250624305020674e-10,-3.113231444064604e-08,0.026438951492309574
1787304621.683011,6.250624305020674e-10,-3.113231444064604e-08,0.026544094085693363
1787304621.7191992,6.250624305020674e-10,-3.113231444064604e-08,0.026500701904296882
1787304621.7774873,6.250624305020674e-10,-3.113231444064604e-08,0.026438951492309574
1787304621.8223438,6.250624305020674e-10,-3.113231444064604e-08,0.026334762573242184
1787304621.8796601,6.250624305020674e-10,-3.113231444064604e-08,0.026298046112060547
1787304621.923603,6.250624305020674e-10,-3.113231444064604e-08,0.026321649551391605
1787304621.9721017,6.250624305020674e-10,-3.113231444064604e-08,0.026387214660644524
1787304622.0220692,6.250624305020674e-10,-3.113231444064604e-08,0.026426315307617188
1787304622.0692403,6.250624305020674e-10,-3.113231444064604e-08,0.02650022506713867
1787304622.1213174,6.250624305020674e-10,-3.113231444064604e-08,0.02659964561462402
1787304622.1696215,6.250624305020674e-10,-3.113231444064604e-08,0.02662897109985352
1787304622.224187,6.250624305020674e-10,-3.113231444064604e-08,0.026583433151245114
1787304622.2755547,6.250624305020674e-10,-3.113231444064604e-08,0.026540040969848633
1787304622.321891,6.250624305020674e-10,-3.113231444064604e-08,0.02652716636657715
1787304622.3694744,6.250624305020674e-10,-3.113231444064604e-08,0.026525974273681648
1787304622.4191225,6.250624305020674e-10,-3.113231444064604e-08,0.02641916275024414
1787304622.4709587,6.250624305020674e-10,-3.113231444064604e-08,0.026400566101074212
1787304622.519278,6.250624305020674e-10,-3.113231444064604e-08,0.026400566101074212
1787304622.5711224,6.250624305020674e-10,-3.113231444064604e-08,0.026493072509765625
1787304622.6193922,6.250624305020674e-10,-3.113231444064604e-08,0.026493072509765625
1787304622.6687987,6.250624305020674e-10,-3.113231444064604e-08,0.026493072509765625
1787304622.7203214,6.250624305020674e-10,-3.113231444064604e-08,0.02660512924194336
1787304622.77434,6.250624305020674e-10,-3.113231444064604e-08,0.02660512924194336
1787304622.8210003,6.250624305020674e-10,-3.113231444064604e-08,0.02660512924194336
1787304622.8692749,6.250624305020674e-10,-3.113231444064604e-08,0.02660512924194336
1787304622.9244268,6.250624305020674e-10,-3.113231444064604e-08,0.02660512924194336
1787304622.9693635,6.250624305020674e-10,-3.113231444064604e-08,0.026443243026733405
1787304623.0190349,6.250624305020674e-10,-3.113231444064604e-08,0.026443243026733405
1787304623.0698981,6.250624305020674e-10,-3.113231444064604e-08,0.02656698226928711
1787304623.1204145,6.250624305020674e-10,-3.113231444064604e-08,0.02656698226928711
1787304623.169244,6.250624305020674e-10,-3.113231444064604e-08,0.02656698226928711
1787304623.219923,6.250624305020674e-10,-3.113231444064604e-08,0.02656698226928711
1787304623.2700107,2.5302375842757083e-05,6.413649381454515e-07,0.026599407196044925
1787304623.3201969,2.5302375842757083e-05,6.413649381454515e-07,0.026599407196044925
1787304623.3693216,2.5302375842757083e-05,6.413649381454515e-07,0.026599407196044925
1787304623.4195824,6.189893854031676e-10,-3.0903082432402645e-08,0.026445150375366218
1787304623.4707773,6.189893854031676e-10,-3.0903082432402645e-08,0.026445150375366218
1787304623.5209682,6.189893854031676e-10,-3.0903082432402645e-08,0.026445150375366218
1787304623.5731223,6.189893854031676e-10,-3.0903082432402645e-08,0.026717901229858402
1787304623.6194556,6.189893854031676e-10,-3.0903082432402645e-08,0.026720046997070312
1787304623.6754398,6.189893854031676e-10,-3.0903082432402645e-08,0.026720046997070312
1787304623.7227287,6.189893854031676e-10,-3.0903082432402645e-08,0.026720046997070312
1787304623.772394,6.189893854031676e-10,-3.0903082432402645e-08,0.026720046997070312
1787304623.824783,6.189893854031676e-10,-3.0903082432402645e-08,0.026720046997070312
1787304623.8897638,5.785045910532334e-10,-2.9385936225010705e-08,0.02659177780151367
1787304623.9220343,5.785045910532334e-10,-2.9385936225010705e-08,0.02659177780151367
1787304623.9719672,5.785045910532334e-10,-2.9385936225010705e-08,0.02659177780151367
1787304624.0231705,5.785045910532334e-10,-2.9385936225010705e-08,0.02659177780151367
1787304624.0693016,5.785045910532334e-10,-2.9385936225010705e-08,0.02659177780151367
1787304624.123961,5.785045910532334e-10,-2.9385936225010705e-08,0.02668094635009765
1787304624.183647,5.785045910532334e-10,-2.9385936225010705e-08,0.02668094635009765
1787304624.2209973,5.785045910532334e-10,-2.9385936225010705e-08,0.02668094635009765
1787304624.2692368,5.785045910532334e-10,-2.9385936225010705e-08,0.027026653289794922
1787304624.3193219,5.785045910532334e-10,-2.9385936225010705e-08,0.027026653289794922
1787304624.3697655,5.785045910532334e-10,-2.9385936225010705e-08,0.027026653289794922
1787304624.4293084,5.785045910532334e-10,-2.9385936225010705e-08,0.027026653289794922
1787304624.4724877,5.785045910532334e-10,-2.9385936225010705e-08,0.026811361312866207
1787304624.525075,5.785045910532334e-10,-2.9385936225010705e-08,0.026753902435302738
1787304624.5696273,2.5302241750170412e-05,6.46395956053013e-07,0.02665138244628906
1787304624.6202884,5.401990125734207e-10,-2.7950227127046536e-08,0.02664041519165039
1787304624.675738,5.401990125734207e-10,-2.7950227127046536e-08,0.02681159973144532
1787304624.7196739,5.401990125734207e-10,-2.7950227127046536e-08,0.026870012283325195
1787304624.7744458,5.401990125734207e-10,-2.7950227127046536e-08,0.026986360549926758
1787304624.8230808,5.401990125734207e-10,-2.7950227127046536e-08,0.02709507942199707
1787304624.8695548,5.401990125734207e-10,-2.7950227127046536e-08,0.027122497558593753
1787304624.9260926,5.401990125734207e-10,-2.7950227127046536e-08,0.027105093002319336
1787304624.978852,5.401990125734207e-10,-2.7950227127046536e-08,0.02693700790405273
1787304625.0194514,5.401990125734207e-10,-2.7950227127046536e-08,0.026907920837402347
1787304625.0769677,5.401990125734207e-10,-2.7950227127046536e-08,0.02693629264831543
1787304625.1202412,5.401990125734207e-10,-2.7950227127046536e-08,0.026969194412231445
1787304625.17281,5.401990125734207e-10,-2.7950227127046536e-08,0.027085304260253906
1787304625.2195387,5.401990125734207e-10,-2.7950227127046536e-08,0.027126312255859375
1787304625.2697008,5.401990125734207e-10,-2.7950227127046536e-08,0.027160644531249997
1787304625.3240123,5.401990125734207e-10,-2.7950227127046536e-08,0.027206182479858402
1787304625.3693979,2.530188267559431e-05,6.59736504861582e-07,0.027140140533447273
1787304625.4202178,4.990910364126983e-10,-2.643611605580127e-08,0.027086496353149418
1787304625.469287,4.990910364126983e-10,-2.643611605580127e-08,0.026886463165283203
1787304625.5192115,4.990910364126983e-10,-2.643611605580127e-08,0.02696681022644044
1787304625.57248,4.990910364126983e-10,-2.643611605580127e-08,0.026976585388183597
1787304625.622115,4.990910364126983e-10,-2.643611605580127e-08,0.02715778350830078
1787304625.6828456,4.990910364126983e-10,-2.643611605580127e-08,0.027191400527954095
1787304625.7293925,4.990910364126983e-10,-2.643611605580127e-08,0.02723097801208496
1787304625.7743638,4.990910364126983e-10,-2.643611605580127e-08,0.027116060256958015
1787304625.8245518,4.990910364126983e-10,-2.643611605580127e-08,0.027061462402343753
1787304625.869639,4.990910364126983e-10,-2.643611605580127e-08,0.026983976364135742
1787304625.9248,4.990910364126983e-10,-2.643611605580127e-08,0.02691197395324707
1787304625.9696274,4.990910364126983e-10,-2.643611605580127e-08,0.026878118515014645
1787304626.0191693,4.990910364126983e-10,-2.643611605580127e-08,0.026997089385986328
1787304626.069399,4.990910364126983e-10,-2.643611605580127e-08,0.027068138122558594
1787304626.1194234,4.990910364126983e-10,-2.643611605580127e-08,0.02710533142089844
1787304626.1778822,4.990910364126983e-10,-2.643611605580127e-08,0.027199029922485348
1787304626.233963,4.990910364126983e-10,-2.643611605580127e-08,0.027169704437255866
1787304626.2736533,4.990910364126983e-10,-2.643611605580127e-08,0.027091979980468757
1787304626.3409953,4.990910364126983e-10,-2.643611605580127e-08,0.02701139450073243
1787304626.370332,4.990910364126983e-10,-2.643611605580127e-08,0.026961803436279293
1787304626.4252403,4.990910364126983e-10,-2.643611605580127e-08,0.02690744400024414
1787304626.4712198,4.990910364126983e-10,-2.643611605580127e-08,0.02696418762207032
1787304626.5240872,4.990910364126983e-10,-2.643611605580127e-08,0.02696418762207032
1787304626.571383,4.990910364126983e-10,-2.643611605580127e-08,0.02704501152038574
1787304626.6211298,4.990910364126983e-10,-2.643611605580127e-08,0.02704501152038574
1787304626.6713917,4.990910364126983e-10,-2.643611605580127e-08,0.02704501152038574
1787304626.7205322,4.990910364126983e-10,-2.643611605580127e-08,0.02704501152038574
1787304626.7691393,4.990910364126983e-10,-2.643611605580127e-08,0.027063846588134766
1787304626.8199775,4.990910364126983e-10,-2.643611605580127e-08,0.027063846588134766
1787304626.8692143,4.990910364126983e-10,-2.643611605580127e-08,0.027063846588134766
1787304626.930036,4.990910364126983e-10,-2.643611605580127e-08,0.027063846588134766
1787304626.9692883,4.990910364126983e-10,-2.643611605580127e-08,0.027121782302856445
1787304627.0191882,4.990910364126983e-10,-2.643611605580127e-08,0.027121782302856445
1787304627.069345,4.990910364126983e-10,-2.643611605580127e-08,0.027121782302856445
1787304627.1213975,4.990910364126983e-10,-2.643611605580127e-08,0.027121782302856445
1787304627.1800272,4.990910364126983e-10,-2.643611605580127e-08,0.027121782302856445
1787304627.219577,4.990910364126983e-10,-2.643611605580127e-08,0.027121782302856445
1787304627.2817,2.5301904223877564e-05,6.589462741354784e-07,0.02710151672363282
1787304627.3227181,2.5301904223877564e-05,6.589462741354784e-07,0.027073144912719723
1787304627.3800411,2.5301904223877564e-05,6.589462741354784e-07,0.027073144912719723
1787304627.4194977,2.5301904223877564e-05,6.589462741354784e-07,0.027073144912719723
1787304627.47036,2.5301904223877564e-05,6.589462741354784e-07,0.027073144912719723
1787304627.5282967,2.5301904223877564e-05,6.589462741354784e-07,0.027073144912719723
1787304627.574327,4.822339016518175e-10,-2.580875052360719e-08,0.027338981628417972
1787304627.6277993,4.822339016518175e-10,-2.580875052360719e-08,0.027338981628417972
1787304627.6892953,4.822339016518175e-10,-2.580875052360719e-08,0.027338981628417972
1787304627.7205393,4.822339016518175e-10,-2.580875052360719e-08,0.027338981628417972
1787304627.778766,4.822339016518175e-10,-2.580875052360719e-08,0.02722334861755371
1787304627.8196468,4.822339016518175e-10,-2.580875052360719e-08,0.02722334861755371
1787304627.8699784,4.822339016518175e-10,-2.580875052360719e-08,0.02722334861755371
1787304627.919725,4.822339016518175e-10,-2.580875052360719e-08,0.02722334861755371
1787304627.9803739,4.822339016518175e-10,-2.580875052360719e-08,0.02722334861755371
1787304628.0204663,4.583945946991751e-10,-2.493104895306002e-08,0.02701210975646973
1787304628.0694203,4.583945946991751e-10,-2.493104895306002e-08,0.02701210975646973
1787304628.1192038,4.583945946991751e-10,-2.493104895306002e-08,0.02701210975646973
1787304628.1695633,4.583945946991751e-10,-2.493104895306002e-08,0.02701210975646973
1787304628.2194386,4.583945946991751e-10,-2.493104895306002e-08,0.02730846405029297
1787304628.271309,4.583945946991751e-10,-2.493104895306002e-08,0.02730846405029297
1787304628.319204,4.583945946991751e-10,-2.493104895306002e-08,0.02730846405029297
1787304628.3753219,4.583945946991751e-10,-2.493104895306002e-08,0.02730846405029297
1787304628.4214869,4.583945946991751e-10,-2.493104895306002e-08,0.027398824691772457
1787304628.4713032,4.583945946991751e-10,-2.493104895306002e-08,0.02731466293334961
1787304628.5194557,4.583945946991751e-10,-2.493104895306002e-08,0.027302503585815433
1787304628.5691085,2.5301691026821855e-05,6.667852574588976e-07,0.02736234664916992
1787304628.6399596,4.765442779393282e-10,-2.5594599947807223e-08,0.02735495567321778
1787304628.6719456,4.765442779393282e-10,-2.5594599947807223e-08,0.027466297149658203
1787304628.7203262,4.765442779393282e-10,-2.5594599947807223e-08,0.027515172958374034
1787304628.771058,4.765442779393282e-10,-2.5594599947807223e-08,0.027602672576904297
1787304628.840261,4.765442779393282e-10,-2.5594599947807223e-08,0.027611255645751953
1787304628.8756564,4.765442779393282e-10,-2.5594599947807223e-08,0.02746152877807617
1787304628.919932,2.5301601841823804e-05,6.700366504407848e-07,0.027512788772583008
1787304628.9695992,4.595520630362531e-10,-2.4976293259980513e-08,0.02741265296936035
1787304629.019679,4.595520630362531e-10,-2.4976293259980513e-08,0.027412176132202152
1787304629.0693064,4.595520630362531e-10,-2.4976293259980513e-08,0.027355194091796875
1787304629.1214933,4.595520630362531e-10,-2.4976293259980513e-08,0.027431726455688484
1787304629.170155,4.595520630362531e-10,-2.4976293259980513e-08,0.027498245239257812
1787304629.2269425,4.595520630362531e-10,-2.4976293259980513e-08,0.027523756027221683
1787304629.281706,4.595520630362531e-10,-2.4976293259980513e-08,0.02759647369384766
1787304629.331675,4.595520630362531e-10,-2.4976293259980513e-08,0.027728557586669922
1787304629.379371,4.595520630362531e-10,-2.4976293259980513e-08,0.02781367301940919
1787304629.4389293,4.595520630362531e-10,-2.4976293259980513e-08,0.027928113937377937
1787304629.473407,4.595520630362531e-10,-2.4976293259980513e-08,0.02788519859313965
1787304629.5420597,4.595520630362531e-10,-2.4976293259980513e-08,0.02781534194946289
1787304629.5769567,4.595520630362531e-10,-2.4976293259980513e-08,0.027760744094848636
1787304629.620293,4.595520630362531e-10,-2.4976293259980513e-08,0.02774596214294434
1787304629.670493,4.595520630362531e-10,-2.4976293259980513e-08,0.027715206146240234
1787304629.7264054,4.595520630362531e-10,-2.4976293259980513e-08,0.027683258056640625
1787304629.776805,4.595520630362531e-10,-2.4976293259980513e-08,0.02768111228942871
1787304629.8255444,2.5301405812027683e-05,6.771365958207412e-07,0.02780556678771972
1787304629.8697047,5.509127949771225e-10,-2.826082875977712e-08,0.027940750122070302
1787304629.920145,2.5301334796464542e-05,6.796791619729494e-07,0.028006553649902344
1787304629.979263,6.057595875849273e-10,-3.021826805732299e-08,0.028095483779907227
1787304630.0225415,2.5301312527295002e-05,6.804723911724599e-07,0.028069257736206055
1787304630.06901,2.5301312527295002e-05,6.804723911724599e-07,0.028070688247680668
1787304630.119479,5.760446897926813e-10,-2.9159623608598506e-08,0.02801036834716797
1787304630.1741488,5.760446897926813e-10,-2.9159623608598506e-08,0.02801036834716797
1787304630.2214088,5.760446897926813e-10,-2.9159623608598506e-08,0.0279691219329834
1787304630.2689874,5.760446897926813e-10,-2.9159623608598506e-08,0.02797007560729981
1787304630.3189726,5.760446897926813e-10,-2.9159623608598506e-08,0.028135061264038093
1787304630.3692453,5.760446897926813e-10,-2.9159623608598506e-08,0.02814602851867676
1787304630.4202073,5.760446897926813e-10,-2.9159623608598506e-08,0.028294801712036136
1787304630.4722075,5.760446897926813e-10,-2.9159623608598506e-08,0.028380393981933604
1787304630.5247726,5.760446897926813e-10,-2.9159623608598506e-08,0.028380393981933604
1787304630.5693269,5.760446897926813e-10,-2.9159623608598506e-08,0.028380393981933604
1787304630.6202679,5.760446897926813e-10,-2.9159623608598506e-08,0.028380393981933604
1787304630.6722531,5.345797699906479e-10,-2.7690798796054522e-08,0.02817654609680176
1787304630.7190754,5.345797699906479e-10,-2.7690798796054522e-08,0.02817654609680176
1787304630.769299,5.345797699906479e-10,-2.7690798796054522e-08,0.02817654609680176
1787304630.819722,5.345797699906479e-10,-2.7690798796054522e-08,0.02817654609680176
1787304630.8761632,5.345797699906479e-10,-2.7690798796054522e-08,0.02817654609680176
1787304630.9231749,5.345797699906479e-10,-2.7690798796054522e-08,0.028076648712158203
1787304630.9766564,5.345797699906479e-10,-2.7690798796054522e-08,0.028076648712158203
1787304631.022294,5.345797699906479e-10,-2.7690798796054522e-08,0.028076648712158203
1787304631.075566,5.345797699906479e-10,-2.7690798796054522e-08,0.028076648712158203
1787304631.1195881,5.345797699906479e-10,-2.7690798796054522e-08,0.028318405151367194
1787304631.17134,5.345797699906479e-10,-2.7690798796054522e-08,0.028318405151367194
1787304631.2202957,5.345797699906479e-10,-2.7690798796054522e-08,0.028318405151367194
1787304631.2700295,5.345797699906479e-10,-2.7690798796054522e-08,0.028318405151367194
1787304631.3196123,5.345797699906479e-10,-2.7690798796054522e-08,0.028318405151367194
1787304631.3704605,5.345797699906479e-10,-2.7690798796054522e-08,0.028103590011596676
1787304631.421521,5.345797699906479e-10,-2.7690798796054522e-08,0.028103590011596676
1787304631.4708557,5.345797699906479e-10,-2.7690798796054522e-08,0.028103590011596676
1787304631.520573,5.345797699906479e-10,-2.7690798796054522e-08,0.028103590011596676
1787304631.5776727,5.345797699906479e-10,-2.7690798796054522e-08,0.028253078460693356
1787304631.6228402,5.345797699906479e-10,-2.7690798796054522e-08,0.028393983840942383
1787304631.6820626,5.345797699906479e-10,-2.7690798796054522e-08,0.028393983840942383
1787304631.7249696,5.345797699906479e-10,-2.7690798796054522e-08,0.028393983840942383
1787304631.7703288,5.345797699906479e-10,-2.7690798796054522e-08,0.028393983840942383
1787304631.8290715,5.345797699906479e-10,-2.7690798796054522e-08,0.028393983840942383
1787304631.871427,5.345797699906479e-10,-2.7690798796054522e-08,0.02883338928222657
1787304631.9202266,5.345797699906479e-10,-2.7690798796054522e-08,0.028692722320556648
1787304631.9689903,5.345797699906479e-10,-2.7690798796054522e-08,0.02848339080810547
1787304632.0224957,5.345797699906479e-10,-2.7690798796054522e-08,0.028409957885742188
1787304632.0696802,5.345797699906479e-10,-2.7690798796054522e-08,0.028409957885742188
1787304632.1231906,5.345797699906479e-10,-2.7690798796054522e-08,0.028409957885742188
1787304632.1688013,5.345797699906479e-10,-2.7690798796054522e-08,0.02837753295898438
1787304632.2192543,5.345797699906479e-10,-2.7690798796054522e-08,0.028713226318359382
1787304632.2746012,5.345797699906479e-10,-2.7690798796054522e-08,0.028713226318359382
1787304632.328922,5.345797699906479e-10,-2.7690798796054522e-08,0.028713226318359382
1787304632.369135,5.345797699906479e-10,-2.7690798796054522e-08,0.028713226318359382
1787304632.4245627,5.345797699906479e-10,-2.7690798796054522e-08,0.02857232093811035
1787304632.4713907,5.345797699906479e-10,-2.7690798796054522e-08,0.028375387191772464
1787304632.5246384,5.345797699906479e-10,-2.7690798796054522e-08,0.02831244468688965
1787304632.5691302,5.345797699906479e-10,-2.7690798796054522e-08,0.028394222259521488
1787304632.623251,5.345797699906479e-10,-2.7690798796054522e-08,0.028524160385131843
1787304632.678928,5.345797699906479e-10,-2.7690798796054522e-08,0.028723239898681644
1787304632.7285857,5.345797699906479e-10,-2.7690798796054522e-08,0.028674125671386722
1787304632.773882,5.345797699906479e-10,-2.7690798796054522e-08,0.028702735900878913
1787304632.8237803,2.5300815670932278e-05,6.979956808964092e-07,0.02864742279052735
1787304632.8718078,5.113219730368507e-10,-2.6879486747347573e-08,0.02863860130310059
1787304632.922125,2.530084572048657e-05,6.969461013781717e-07,0.028564453125
1787304632.969658,4.4705211417583987e-10,-2.4629521860874404e-08,0.02846074104309082
1787304633.0192978,4.4705211417583987e-10,-2.4629521860874404e-08,0.028473615646362305
1787304633.0771003,4.4705211417583987e-10,-2.4629521860874404e-08,0.028507947921752933
1787304633.123275,4.4705211417583987e-10,-2.4629521860874404e-08,0.028557300567626953
1787304633.1694958,4.4705211417583987e-10,-2.4629521860874404e-08,0.02868056297302246
1787304633.2191625,4.4705211417583987e-10,-2.4629521860874404e-08,0.028848409652709964
1787304633.270431,4.4705211417583987e-10,-2.4629521860874404e-08,0.028885364532470703
1787304633.322555,4.4705211417583987e-10,-2.4629521860874404e-08,0.028913736343383793
1787304633.3693862,4.4705211417583987e-10,-2.4629521860874404e-08,0.028868913650512692
1787304633.4215991,4.4705211417583987e-10,-2.4629521860874404e-08,0.028841495513916012
1787304633.473639,4.4705211417583987e-10,-2.4629521860874404e-08,0.028769969940185547
1787304633.5229502,4.4705211417583987e-10,-2.4629521860874404e-08,0.02879405021667481
1787304633.5718215,4.4705211417583987e-10,-2.4629521860874404e-08,0.028678655624389655
1787304633.6233847,4.4705211417583987e-10,-2.4629521860874404e-08,0.028656244277954098
1787304633.7007816,4.4705211417583987e-10,-2.4629521860874404e-08,0.02889060974121094
1787304633.7191143,4.4705211417583987e-10,-2.4629521860874404e-08,0.02894234657287598
1787304633.7691264,4.4705211417583987e-10,-2.4629521860874404e-08,0.02902626991271973
1787304633.8206656,2.5300402965209803e-05,7.12306672154608e-07,0.029213190078735355
1787304633.8814373,5.143622929281767e-10,-2.6936750967394653e-08,0.029208660125732425
1787304633.922449,5.143622929281767e-10,-2.6936750967394653e-08,0.029381275177001957
1787304633.9725122,5.143622929281767e-10,-2.6936750967394653e-08,0.029391050338745117
1787304634.0197217,5.143622929281767e-10,-2.6936750967394653e-08,0.029758453369140625
1787304634.06951,5.143622929281767e-10,-2.6936750967394653e-08,0.029723644256591793
1787304634.124261,5.143622929281767e-10,-2.6936750967394653e-08,0.02964282035827637
1787304634.170134,5.143622929281767e-10,-2.6936750967394653e-08,0.02965092658996582
1787304634.219856,5.143622929281767e-10,-2.6936750967394653e-08,0.029572010040283203
1787304634.2695844,5.143622929281767e-10,-2.6936750967394653e-08,0.029536962509155273
1787304634.3219328,5.143622929281767e-10,-2.6936750967394653e-08,0.02965331077575684
1787304634.3744798,5.143622929281767e-10,-2.6936750967394653e-08,0.029678344726562503
1787304634.4196198,5.143622929281767e-10,-2.6936750967394653e-08,0.029719829559326182
1787304634.4752421,5.143622929281767e-10,-2.6936750967394653e-08,0.029753923416137695
1787304634.522194,5.143622929281767e-10,-2.6936750967394653e-08,0.029753923416137695
1787304634.5823977,5.143622929281767e-10,-2.6936750967394653e-08,0.029800891876220707
1787304634.619585,5.143622929281767e-10,-2.6936750967394653e-08,0.029800891876220707
1787304634.6693945,5.143622929281767e-10,-2.6936750967394653e-08,0.029800891876220707
1787304634.7384262,4.678918445519113e-10,-2.5374496653738042e-08,0.029628992080688477
1787304634.777669,4.678918445519113e-10,-2.5374496653738042e-08,0.029628992080688477
1787304634.8291888,4.678918445519113e-10,-2.5374496653738042e-08,0.029628992080688477
1787304634.8694146,4.678918445519113e-10,-2.5374496653738042e-08,0.029628992080688477
1787304634.9221058,4.678918445519113e-10,-2.5374496653738042e-08,0.029628992080688477
1787304634.9843054,4.678918445519113e-10,-2.5374496653738042e-08,0.029919624328613285
1787304635.0514598,4.678918445519113e-10,-2.5374496653738042e-08,0.029919624328613285
1787304635.0769093,4.678918445519113e-10,-2.5374496653738042e-08,0.029919624328613285
1787304635.1340473,4.678918445519113e-10,-2.5374496653738042e-08,0.029919624328613285
1787304635.17338,4.678918445519113e-10,-2.5374496653738042e-08,0.029865741729736335
1787304635.2197971,4.678918445519113e-10,-2.5374496653738042e-08,0.029865741729736335
1787304635.305197,4.217037353877414e-10,-2.382430835756889e-08,0.02981281280517578
1787304635.3203638,4.217037353877414e-10,-2.382430835756889e-08,0.02981281280517578
1787304635.3760622,4.217037353877414e-10,-2.382430835756889e-08,0.02981281280517578
1787304635.433249,4.217037353877414e-10,-2.382430835756889e-08,0.030147790908813477
1787304635.469506,4.217037353877414e-10,-2.382430835756889e-08,0.030147790908813477
1787304635.5197563,4.217037353877414e-10,-2.382430835756889e-08,0.030147790908813477
1787304635.569382,4.217037353877414e-10,-2.382430835756889e-08,0.02992105484008789
1787304635.6195085,4.217037353877414e-10,-2.382430835756889e-08,0.02992105484008789
1787304635.6744053,4.217037353877414e-10,-2.382430835756889e-08,0.02992105484008789
1787304635.7243414,4.217037353877414e-10,-2.382430835756889e-08,0.02992105484008789
1787304635.7695537,4.217037353877414e-10,-2.382430835756889e-08,0.029706478118896484
1787304635.8191888,4.217037353877414e-10,-2.382430835756889e-08,0.029706478118896484
1787304635.8734088,4.217037353877414e-10,-2.382430835756889e-08,0.029706478118896484
1787304635.9226246,4.217037353877414e-10,-2.382430835756889e-08,0.029706478118896484
1787304635.970588,4.217037353877414e-10,-2.382430835756889e-08,0.029706478118896484
1787304636.0229173,4.217037353877414e-10,-2.382430835756889e-08,0.030172348022460934
1787304636.0693455,4.217037353877414e-10,-2.382430835756889e-08,0.030172348022460934
1787304636.1273012,4.217037353877414e-10,-2.382430835756889e-08,0.030172348022460934
1787304636.1726878,4.217037353877414e-10,-2.382430835756889e-08,0.030172348022460934
1787304636.226172,4.217037353877414e-10,-2.382430835756889e-08,0.029912710189819336
1787304636.2951982,4.217037353877414e-10,-2.382430835756889e-08,0.029880523681640625
1787304636.3292801,4.217037353877414e-10,-2.382430835756889e-08,0.029880523681640625
1787304636.3691394,4.217037353877414e-10,-2.382430835756889e-08,0.029880523681640625
1787304636.425929,4.217037353877414e-10,-2.382430835756889e-08,0.029880523681640625
1787304636.4752297,4.217037353877414e-10,-2.382430835756889e-08,0.02995967864990235
1787304636.5207467,4.217037353877414e-10,-2.382430835756889e-08,0.03004217147827148
1787304636.5694675,2.52997011161593e-05,7.359818318755345e-07,0.030005216598510742
1787304636.6191614,4.225189334995281e-10,-2.3851451539255758e-08,0.030044317245483402
1787304636.674334,4.225189334995281e-10,-2.3851451539255758e-08,0.029972314834594727
1787304636.7283318,4.225189334995281e-10,-2.3851451539255758e-08,0.030004262924194336
1787304636.7814784,4.225189334995281e-10,-2.3851451539255758e-08,0.029940128326416016
1787304636.828811,4.225189334995281e-10,-2.3851451539255758e-08,0.029836177825927738
1787304636.872137,4.225189334995281e-10,-2.3851451539255758e-08,0.02980327606201172
1787304636.9276905,4.225189334995281e-10,-2.3851451539255758e-08,0.02993798255920411
1787304636.9690857,4.225189334995281e-10,-2.3851451539255758e-08,0.030164957046508796
1787304637.0350845,4.225189334995281e-10,-2.3851451539255758e-08,0.03019046783447266
1787304637.0702257,4.225189334995281e-10,-2.3851451539255758e-08,0.0302271842956543
1787304637.1312754,4.225189334995281e-10,-2.3851451539255758e-08,0.030246257781982422
1787304637.1713068,4.225189334995281e-10,-2.3851451539255758e-08,0.03027486801147461
1787304637.2200458,4.225189334995281e-10,-2.3851451539255758e-08,0.03022146224975586
1787304637.2739844,4.225189334995281e-10,-2.3851451539255758e-08,0.03016614913940429
1787304637.320337,4.225189334995281e-10,-2.3851451539255758e-08,0.030115604400634762
1787304637.3715303,4.225189334995281e-10,-2.3851451539255758e-08,0.029967308044433594
1787304637.4196458,4.225189334995281e-10,-2.3851451539255758e-08,0.02992320060729981
1787304637.4700265,4.225189334995281e-10,-2.3851451539255758e-08,0.029898166656494144
1787304637.5201402,4.225189334995281e-10,-2.3851451539255758e-08,0.03000593185424804
1787304637.5715017,4.225189334995281e-10,-2.3851451539255758e-08,0.030112266540527344
1787304637.6243246,4.225189334995281e-10,-2.3851451539255758e-08,0.03023338317871094
1787304637.6729596,4.225189334995281e-10,-2.3851451539255758e-08,0.03032541275024414
1787304637.7193701,4.225189334995281e-10,-2.3851451539255758e-08,0.030371665954589854
1787304637.7694986,2.529945295303551e-05,7.442001437410341e-07,0.030327558517456058
1787304637.824081,3.953418011423606e-10,-2.2955734863078053e-08,0.030300855636596683
1787304637.8744185,3.953418011423606e-10,-2.2955734863078053e-08,0.030279636383056644
1787304637.9193027,3.953418011423606e-10,-2.2955734863078053e-08,0.03025126457214355
1787304637.9705737,3.953418011423606e-10,-2.2955734863078053e-08,0.030218601226806648
1787304638.021653,3.953418011423606e-10,-2.2955734863078053e-08,0.030220985412597656
1787304638.079684,3.953418011423606e-10,-2.2955734863078053e-08,0.030324459075927738
1787304638.120078,3.953418011423606e-10,-2.2955734863078053e-08,0.030381679534912113
1787304638.185362,3.953418011423606e-10,-2.2955734863078053e-08,0.03039646148681641
1787304638.2314413,3.953418011423606e-10,-2.2955734863078053e-08,0.030620574951171875
1787304638.2700088,3.953418011423606e-10,-2.2955734863078053e-08,0.030750513076782227
1787304638.3201969,3.953418011423606e-10,-2.2955734863078053e-08,0.03073835372924805
1787304638.3693416,3.953418011423606e-10,-2.2955734863078053e-08,0.030660390853881843
1787304638.427191,2.5299205184004837e-05,7.523279078444394e-07,0.030610561370849606
1787304638.4801168,3.6320105840784763e-10,-2.1906217300827196e-08,0.030577421188354492
1787304638.5201406,3.6320105840784763e-10,-2.1906217300827196e-08,0.030577421188354492
1787304638.5720978,3.6320105840784763e-10,-2.1906217300827196e-08,0.030577421188354492
1787304638.6212933,3.6320105840784763e-10,-2.1906217300827196e-08,0.030504703521728512
1787304638.6724088,3.6320105840784763e-10,-2.1906217300827196e-08,0.030504703521728512
1787304638.7193224,3.6320105840784763e-10,-2.1906217300827196e-08,0.030504703521728512
1787304638.7711809,3.6320105840784763e-10,-2.1906217300827196e-08,0.030504703521728512
1787304638.81917,3.6320105840784763e-10,-2.1906217300827196e-08,0.030504703521728512
1787304638.8832247,3.6320105840784763e-10,-2.1906217300827196e-08,0.0307621955871582
1787304638.9251828,3.6320105840784763e-10,-2.1906217300827196e-08,0.0307621955871582
1787304638.9720464,3.6320105840784763e-10,-2.1906217300827196e-08,0.0307621955871582
1787304639.0261877,3.6320105840784763e-10,-2.1906217300827196e-08,0.0307621955871582
1787304639.0743027,3.6320105840784763e-10,-2.1906217300827196e-08,0.0307621955871582
1787304639.1227882,3.0944335299449427e-10,-2.0154008495720486e-08,0.030447006225585944
1787304639.1692448,3.0944335299449427e-10,-2.0154008495720486e-08,0.030447006225585944
1787304639.219043,3.0944335299449427e-10,-2.0154008495720486e-08,0.030447006225585944
1787304639.2695994,3.0944335299449427e-10,-2.0154008495720486e-08,0.03078508377075196
1787304639.3193293,3.0944335299449427e-10,-2.0154008495720486e-08,0.03078508377075196
1787304639.3698208,3.0944335299449427e-10,-2.0154008495720486e-08,0.03078508377075196
1787304639.4193127,3.0944335299449427e-10,-2.0154008495720486e-08,0.03078508377075196
1787304639.476625,3.0944335299449427e-10,-2.0154008495720486e-08,0.03078198432922364
1787304639.5266562,3.0944335299449427e-10,-2.0154008495720486e-08,0.03078198432922364
1787304639.5688298,3.0944335299449427e-10,-2.0154008495720486e-08,0.03078198432922364
1787304639.6203234,3.0944335299449427e-10,-2.0154008495720486e-08,0.03078198432922364
1787304639.6719327,3.0944335299449427e-10,-2.0154008495720486e-08,0.030508518218994148
1787304639.7232695,3.0944335299449427e-10,-2.0154008495720486e-08,0.030508518218994148
1787304639.7694004,3.0944335299449427e-10,-2.0154008495720486e-08,0.030508518218994148
1787304639.8194063,3.0944335299449427e-10,-2.0154008495720486e-08,0.030508518218994148
1787304639.8710012,3.0944335299449427e-10,-2.0154008495720486e-08,0.030508518218994148
1787304639.9201038,3.0944335299449427e-10,-2.0154008495720486e-08,0.030508518218994148
1787304639.9696355,4.3456860687206603e-10,-2.421634319827507e-08,0.031076908111572266
1787304640.0198145,4.3456860687206603e-10,-2.421634319827507e-08,0.031076908111572266
1787304640.0708034,4.3456860687206603e-10,-2.421634319827507e-08,0.031076908111572266
1787304640.1203482,4.3456860687206603e-10,-2.421634319827507e-08,0.031076908111572266
1787304640.1695292,4.3456860687206603e-10,-2.421634319827507e-08,0.031076908111572266
1787304640.2192266,4.3456860687206603e-10,-2.421634319827507e-08,0.030793428421020515
1787304640.2804868,4.3456860687206603e-10,-2.421634319827507e-08,0.030854463577270508
1787304640.3193047,4.3456860687206603e-10,-2.421634319827507e-08,0.030854463577270508
1787304640.3759305,4.3456860687206603e-10,-2.421634319827507e-08,0.030854463577270508
1787304640.4191155,4.3456860687206603e-10,-2.421634319827507e-08,0.030854463577270508
1787304640.473184,4.3456860687206603e-10,-2.421634319827507e-08,0.031078815460205085
1787304640.5252807,4.3456860687206603e-10,-2.421634319827507e-08,0.031183719635009773
1787304640.571011,4.3456860687206603e-10,-2.421634319827507e-08,0.031204700469970703
1787304640.6266425,4.3456860687206603e-10,-2.421634319827507e-08,0.031200408935546875
1787304640.6971996,4.3456860687206603e-10,-2.421634319827507e-08,0.031224727630615234
1787304640.7200782,4.3456860687206603e-10,-2.421634319827507e-08,0.031229972839355476
1787304640.8027384,4.3456860687206603e-10,-2.421634319827507e-08,0.031136751174926758
1787304640.8263202,4.3456860687206603e-10,-2.421634319827507e-08,0.031077384948730465
1787304640.8715296,4.3456860687206603e-10,-2.421634319827507e-08,0.03103184700012208
1787304640.919416,4.3456860687206603e-10,-2.421634319827507e-08,0.03099751472473145
1787304640.9746675,4.3456860687206603e-10,-2.421634319827507e-08,0.030968427658081058
1787304641.0197878,4.3456860687206603e-10,-2.421634319827507e-08,0.031044483184814457
1787304641.0693808,4.3456860687206603e-10,-2.421634319827507e-08,0.03112077713012695
1787304641.1191833,4.3456860687206603e-10,-2.421634319827507e-08,0.031223535537719734
1787304641.176088,4.3456860687206603e-10,-2.421634319827507e-08,0.031264066696167
1787304641.2200167,4.3456860687206603e-10,-2.421634319827507e-08,0.031332015991210944
1787304641.273879,4.3456860687206603e-10,-2.421634319827507e-08,0.031309366226196296
1787304641.319266,4.3456860687206603e-10,-2.421634319827507e-08,0.03128528594970703
1787304641.369518,4.3456860687206603e-10,-2.421634319827507e-08,0.03123641014099122
1787304641.429063,4.3456860687206603e-10,-2.421634319827507e-08,0.03122234344482422
1787304641.4720857,4.3456860687206603e-10,-2.421634319827507e-08,0.031142473220825195
1787304641.5211866,4.3456860687206603e-10,-2.421634319827507e-08,0.0311276912689209
1787304641.5718405,4.3456860687206603e-10,-2.421634319827507e-08,0.031233549118041996
1787304641.6214552,4.3456860687206603e-10,-2.421634319827507e-08,0.031287431716918945
1787304641.6716394,4.3456860687206603e-10,-2.421634319827507e-08,0.03130578994750976
1787304641.7194285,4.3456860687206603e-10,-2.421634319827507e-08,0.03133535385131836
1787304641.7691286,4.3456860687206603e-10,-2.421634319827507e-08,0.03130865097045899
1787304641.8199725,4.3456860687206603e-10,-2.421634319827507e-08,0.03125119209289551
1787304641.8692195,4.3456860687206603e-10,-2.421634319827507e-08,0.03128027915954589
1787304641.9203677,4.3456860687206603e-10,-2.421634319827507e-08,0.03121781349182129
1787304641.9703317,4.3456860687206603e-10,-2.421634319827507e-08,0.031213283538818363
1787304642.0202858,4.3456860687206603e-10,-2.421634319827507e-08,0.03124594688415527
1787304642.0727217,4.3456860687206603e-10,-2.421634319827507e-08,0.031342267990112305
1787304642.119491,4.3456860687206603e-10,-2.421634319827507e-08,0.031438350677490234
1787304642.175442,4.3456860687206603e-10,-2.421634319827507e-08,0.03150701522827149
1787304642.2262676,4.3456860687206603e-10,-2.421634319827507e-08,0.03149628639221191
1787304642.2830596,4.3456860687206603e-10,-2.421634319827507e-08,0.03150081634521485
1787304642.319834,4.3456860687206603e-10,-2.421634319827507e-08,0.031450986862182624
1787304642.3704278,4.3456860687206603e-10,-2.421634319827507e-08,0.031375885009765625
1787304642.4193854,2.5298716588231086e-05,7.68103676863438e-07,0.031241893768310547
1787304642.4719841,3.957792376504108e-10,-2.2976852464727724e-08,0.03127789497375488
1787304642.5226254,3.957792376504108e-10,-2.2976852464727724e-08,0.03127789497375488
1787304642.5692673,3.957792376504108e-10,-2.2976852464727724e-08,0.03127789497375488
1787304642.6262758,3.957792376504108e-10,-2.2976852464727724e-08,0.031343936920166016
1787304642.6688845,3.957792376504108e-10,-2.2976852464727724e-08,0.03148508071899414
1787304642.7220938,3.957792376504108e-10,-2.2976852464727724e-08,0.03148508071899414
1787304642.7770052,3.957792376504108e-10,-2.2976852464727724e-08,0.03148508071899414
1787304642.8220472,3.957792376504108e-10,-2.2976852464727724e-08,0.03148508071899414
1787304642.8720706,3.957792376504108e-10,-2.2976852464727724e-08,0.03148508071899414
1787304642.930941,3.957792376504108e-10,-2.2976852464727724e-08,0.031209707260131832
1787304642.9747024,3.957792376504108e-10,-2.2976852464727724e-08,0.031209707260131832
1787304643.0229743,3.957792376504108e-10,-2.2976852464727724e-08,0.031209707260131832
1787304643.0771408,3.957792376504108e-10,-2.2976852464727724e-08,0.031429529190063484
1787304643.119472,3.957792376504108e-10,-2.2976852464727724e-08,0.031429529190063484
1787304643.1709843,3.957792376504108e-10,-2.2976852464727724e-08,0.031429529190063484
1787304643.222764,3.957792376504108e-10,-2.2976852464727724e-08,0.031429529190063484
1787304643.269603,3.957792376504108e-10,-2.2976852464727724e-08,0.031429529190063484
1787304643.3199415,3.957792376504108e-10,-2.2976852464727724e-08,0.03127741813659669
1787304643.3697538,3.957792376504108e-10,-2.2976852464727724e-08,0.03100323677062988
1787304643.4208164,3.957792376504108e-10,-2.2976852464727724e-08,0.03100323677062988
1787304643.4700692,3.957792376504108e-10,-2.2976852464727724e-08,0.03100323677062988
1787304643.5195644,3.957792376504108e-10,-2.2976852464727724e-08,0.03100323677062988
1787304643.5732412,3.957792376504108e-10,-2.2976852464727724e-08,0.031052589416503906
1787304643.6194623,3.957792376504108e-10,-2.2976852464727724e-08,0.031052589416503906
1787304643.6722224,3.957792376504108e-10,-2.2976852464727724e-08,0.031052589416503906
1787304643.71888,3.957792376504108e-10,-2.2976852464727724e-08,0.031052589416503906
1787304643.774615,3.957792376504108e-10,-2.2976852464727724e-08,0.031466007232666016
1787304643.81919,3.957792376504108e-10,-2.2976852464727724e-08,0.031466007232666016
1787304643.8692555,3.957792376504108e-10,-2.2976852464727724e-08,0.031466007232666016
1787304643.9232275,3.957792376504108e-10,-2.2976852464727724e-08,0.031466007232666016
1787304643.9703417,3.957792376504108e-10,-2.2976852464727724e-08,0.031466007232666016
1787304644.023703,3.7519981640969755e-10,-2.2322428601611527e-08,0.0312943458557129
1787304644.079421,3.7519981640969755e-10,-2.2322428601611527e-08,0.031270027160644524
1787304644.1228237,3.7519981640969755e-10,-2.2322428601611527e-08,0.031270027160644524
1787304644.1779523,3.7519981640969755e-10,-2.2322428601611527e-08,0.031270027160644524
1787304644.226148,3.7519981640969755e-10,-2.2322428601611527e-08,0.031296730041503906
1787304644.269966,3.7519981640969755e-10,-2.2322428601611527e-08,0.031296730041503906
1787304644.3450124,3.7519981640969755e-10,-2.2322428601611527e-08,0.031296730041503906
1787304644.3691728,3.7519981640969755e-10,-2.2322428601611527e-08,0.031296730041503906
1787304644.423468,3.7519981640969755e-10,-2.2322428601611527e-08,0.031296730041503906
1787304644.4868274,3.7519981640969755e-10,-2.2322428601611527e-08,0.03160953521728516
1787304644.5226488,3.7519981640969755e-10,-2.2322428601611527e-08,0.03176593780517579
1787304644.5699325,3.7519981640969755e-10,-2.2322428601611527e-08,0.03179359436035156
1787304644.6224864,3.7519981640969755e-10,-2.2322428601611527e-08,0.031818389892578125
1787304644.680141,3.7519981640969755e-10,-2.2322428601611527e-08,0.03188347816467285
1787304644.7193637,3.7519981640969755e-10,-2.2322428601611527e-08,0.031811237335205085
1787304644.7713878,3.7519981640969755e-10,-2.2322428601611527e-08,0.03177309036254883
1787304644.8191965,3.7519981640969755e-10,-2.2322428601611527e-08,0.031658411026000984
1787304644.8694024,3.7519981640969755e-10,-2.2322428601611527e-08,0.03143501281738281
1787304644.920583,3.7519981640969755e-10,-2.2322428601611527e-08,0.03141641616821289
1787304644.970161,3.7519981640969755e-10,-2.2322428601611527e-08,0.03130769729614257
1787304645.019133,3.7519981640969755e-10,-2.2322428601611527e-08,0.031449556350708
1787304645.0700123,3.7519981640969755e-10,-2.2322428601611527e-08,0.03147149085998535
1787304645.119239,3.7519981640969755e-10,-2.2322428601611527e-08,0.031660795211792
1787304645.1756756,3.7519981640969755e-10,-2.2322428601611527e-08,0.03180456161499024
1787304645.2226186,3.7519981640969755e-10,-2.2322428601611527e-08,0.03192543983459473
1787304645.3087814,3.7519981640969755e-10,-2.2322428601611527e-08,0.03195476531982422
1787304645.3200252,3.7519981640969755e-10,-2.2322428601611527e-08,0.03191733360290528
1787304645.3691912,3.7519981640969755e-10,-2.2322428601611527e-08,0.03182768821716309
1787304645.4195037,3.7519981640969755e-10,-2.2322428601611527e-08,0.031771183013916016
1787304645.4724364,3.7519981640969755e-10,-2.2322428601611527e-08,0.03176450729370118
1787304645.5195067,3.7519981640969755e-10,-2.2322428601611527e-08,0.031797409057617194
1787304645.577579,2.529827969991872e-05,7.819611422461422e-07,0.03176617622375488
1787304645.6206582,3.926555798272602e-10,-2.287129404278181e-08,0.03184080123901368
1787304645.6694038,3.926555798272602e-10,-2.287129404278181e-08,0.03188896179199218
1787304645.7220354,3.926555798272602e-10,-2.287129404278181e-08,0.03213787078857422
1787304645.7727494,3.926555798272602e-10,-2.287129404278181e-08,0.03225111961364746
1787304645.8213987,3.926555798272602e-10,-2.287129404278181e-08,0.032180070877075195
1787304645.885857,3.926555798272602e-10,-2.287129404278181e-08,0.032082319259643555
1787304645.9195316,3.926555798272602e-10,-2.287129404278181e-08,0.03203845024108886
1787304645.9805877,2.5298062046257672e-05,7.887736767380042e-07,0.03210711479187012
1787304646.0260901,4.2634830423252785e-10,-2.3920762928046702e-08,0.03212141990661622
1787304646.069415,4.2634830423252785e-10,-2.3920762928046702e-08,0.03220605850219727
1787304646.1216063,4.2634830423252785e-10,-2.3920762928046702e-08,0.032410860061645515
1787304646.1860683,4.2634830423252785e-10,-2.3920762928046702e-08,0.03247714042663574
1787304646.2310586,4.2634830423252785e-10,-2.3920762928046702e-08,0.032507896423339844
1787304646.2708542,4.2634830423252785e-10,-2.3920762928046702e-08,0.032457351684570306
1787304646.3340907,4.2634830423252785e-10,-2.3920762928046702e-08,0.03238105773925781
1787304646.3885248,4.2634830423252785e-10,-2.3920762928046702e-08,0.03235769271850585
1787304646.423079,4.2634830423252785e-10,-2.3920762928046702e-08,0.03224372863769531
1787304646.4717555,4.2634830423252785e-10,-2.3920762928046702e-08,0.03223705291748046
1787304646.5231452,4.2634830423252785e-10,-2.3920762928046702e-08,0.03223705291748046
1787304646.5752938,4.2634830423252785e-10,-2.3920762928046702e-08,0.03235888481140136
1787304646.6331549,2.5297737244054117e-05,7.988219686755156e-07,0.03259992599487305
1787304646.670814,2.5297737244054117e-05,7.988219686755156e-07,0.03259992599487305
1787304646.7191834,2.5297737244054117e-05,7.988219686755156e-07,0.03259992599487305
1787304646.7755527,2.5297737244054117e-05,7.988219686755156e-07,0.03259992599487305
1787304646.8203125,2.5297737244054117e-05,7.988219686755156e-07,0.03259992599487305
1787304646.8694198,5.229332334417568e-10,-2.688516526601322e-08,0.032497406005859375
1787304646.9376395,5.229332334417568e-10,-2.688516526601322e-08,0.032497406005859375
1787304646.9764214,5.229332334417568e-10,-2.688516526601322e-08,0.032497406005859375
1787304647.0292826,5.229332334417568e-10,-2.688516526601322e-08,0.0324244499206543
1787304647.0695264,5.229332334417568e-10,-2.688516526601322e-08,0.0324244499206543
1787304647.1189601,5.229332334417568e-10,-2.688516526601322e-08,0.0324244499206543
1787304647.1729681,5.229332334417568e-10,-2.688516526601322e-08,0.032519817352294915
1787304647.2200193,5.229332334417568e-10,-2.688516526601322e-08,0.032519817352294915
1787304647.2693431,5.229332334417568e-10,-2.688516526601322e-08,0.032519817352294915
1787304647.320764,5.229332334417568e-10,-2.688516526601322e-08,0.032519817352294915
1787304647.3695803,5.727167544871499e-10,-2.8399015920075182e-08,0.033008575439453125
1787304647.4241624,5.727167544871499e-10,-2.8399015920075182e-08,0.032989501953125
1787304647.487854,5.727167544871499e-10,-2.8399015920075182e-08,0.032989501953125
1787304647.5205405,5.727167544871499e-10,-2.8399015920075182e-08,0.032989501953125
1787304647.5716372,5.727167544871499e-10,-2.8399015920075182e-08,0.032989501953125
1787304647.6192544,2.529760797960708e-05,8.027754956146206e-07,0.03281760215759278
1787304647.6736686,2.529760797960708e-05,8.027754956146206e-07,0.03281760215759278
1787304647.7194638,2.529760797960708e-05,8.027754956146206e-07,0.03281760215759278
1787304647.7708952,2.529760797960708e-05,8.027754956146206e-07,0.03281760215759278
1787304647.820113,2.529760797960708e-05,8.027754956146206e-07,0.03281760215759278
1787304647.8701277,5.058182975253714e-10,-2.6360439500886194e-08,0.032819747924804694
1787304647.9259686,5.058182975253714e-10,-2.6360439500886194e-08,0.032819747924804694
1787304647.974058,5.058182975253714e-10,-2.6360439500886194e-08,0.032819747924804694
1787304648.0216258,5.058182975253714e-10,-2.6360439500886194e-08,0.032819747924804694
1787304648.085957,5.194516956264178e-10,-2.677358045989451e-08,0.03288650512695313
1787304648.1268194,5.194516956264178e-10,-2.677358045989451e-08,0.03275084495544434
1787304648.1956322,5.194516956264178e-10,-2.677358045989451e-08,0.03275084495544434
1787304648.2212374,5.194516956264178e-10,-2.677358045989451e-08,0.03275084495544434
1787304648.26927,5.194516956264178e-10,-2.677358045989451e-08,0.03291177749633789
1787304648.3351269,5.194516956264178e-10,-2.677358045989451e-08,0.03291177749633789
1787304648.3691916,5.194516956264178e-10,-2.677358045989451e-08,0.03291177749633789
1787304648.4190118,5.194516956264178e-10,-2.677358045989451e-08,0.03291177749633789
1787304648.4691937,6.310744289030783e-10,-3.0154096580625386e-08,0.03318715095520019
1787304648.5446668,6.310744289030783e-10,-3.0154096580625386e-08,0.03347969055175781
1787304648.5695102,2.5297143010934345e-05,8.167980891240894e-07,0.033457279205322266
1787304648.61912,5.981790819477946e-10,-2.9171017116871673e-08,0.033401966094970696
1787304648.672564,5.981790819477946e-10,-2.9171017116871673e-08,0.03303861618041992
1787304648.7197769,5.981790819477946e-10,-2.9171017116871673e-08,0.03302502632141114
1787304648.7790549,5.981790819477946e-10,-2.9171017116871673e-08,0.03281450271606446
1787304648.8194537,5.981790819477946e-10,-2.9171017116871673e-08,0.03283095359802247
1787304648.8700502,5.981790819477946e-10,-2.9171017116871673e-08,0.03291702270507812
1787304648.925201,5.981790819477946e-10,-2.9171017116871673e-08,0.033125638961792
1787304648.9761884,5.981790819477946e-10,-2.9171017116871673e-08,0.03321623802185059
1787304649.0203488,5.981790819477946e-10,-2.9171017116871673e-08,0.033491611480712884
1787304649.0710971,5.981790819477946e-10,-2.9171017116871673e-08,0.03347158432006836
1787304649.1242065,5.981790819477946e-10,-2.9171017116871673e-08,0.03343272209167481
1787304649.1732683,5.981790819477946e-10,-2.9171017116871673e-08,0.033323049545288086
1787304649.2192252,5.981790819477946e-10,-2.9171017116871673e-08,0.03322386741638184
1787304649.2781298,5.981790819477946e-10,-2.9171017116871673e-08,0.033193588256835944
1787304649.3206644,5.981790819477946e-10,-2.9171017116871673e-08,0.03300237655639649
1787304649.3914084,5.981790819477946e-10,-2.9171017116871673e-08,0.03303074836730958
1787304649.4191718,5.981790819477946e-10,-2.9171017116871673e-08,0.033178329467773444
1787304649.4863713,5.981790819477946e-10,-2.9171017116871673e-08,0.03334188461303711
1787304649.5193174,5.981790819477946e-10,-2.9171017116871673e-08,0.033460617065429694
1787304649.5721638,5.981790819477946e-10,-2.9171017116871673e-08,0.033467292785644524
1787304649.6240904,5.981790819477946e-10,-2.9171017116871673e-08,0.03366804122924804
1787304649.669198,5.981790819477946e-10,-2.9171017116871673e-08,0.03362751007080078
1787304649.7207248,5.981790819477946e-10,-2.9171017116871673e-08,0.03360605239868164
1787304649.7694247,5.981790819477946e-10,-2.9171017116871673e-08,0.03354072570800782
1787304649.8202574,5.981790819477946e-10,-2.9171017116871673e-08,0.03330659866333008
1787304649.8714952,5.981790819477946e-10,-2.9171017116871673e-08,0.03316497802734374
1787304649.9198387,5.981790819477946e-10,-2.9171017116871673e-08,0.032914400100708015
1787304649.9720998,5.981790819477946e-10,-2.9171017116871673e-08,0.03300905227661133
1787304650.0202425,5.981790819477946e-10,-2.9171017116871673e-08,0.03295183181762695
1787304650.069861,5.981790819477946e-10,-2.9171017116871673e-08,0.033064126968383796
1787304650.1199358,5.981790819477946e-10,-2.9171017116871673e-08,0.03325510025024415
1787304650.1734636,5.981790819477946e-10,-2.9171017116871673e-08,0.03335118293762207
1787304650.2259457,5.981790819477946e-10,-2.9171017116871673e-08,0.03348875045776367
1787304650.2702758,5.981790819477946e-10,-2.9171017116871673e-08,0.033562660217285156
1787304650.32648,5.981790819477946e-10,-2.9171017116871673e-08,0.033552646636962884
1787304650.390235,5.981790819477946e-10,-2.9171017116871673e-08,0.033461570739746094
1787304650.4213588,2.5297231014239746e-05,8.141624648750503e-07,0.033189296722412116
1787304650.471018,4.5468416605718787e-10,-2.4855690385009993e-08,0.03312039375305176
1787304650.5204551,4.5468416605718787e-10,-2.4855690385009993e-08,0.03312039375305176
1787304650.570075,4.5468416605718787e-10,-2.4855690385009993e-08,0.03312039375305176
1787304650.639981,4.5468416605718787e-10,-2.4855690385009993e-08,0.03317809104919435
1787304650.6708882,4.5468416605718787e-10,-2.4855690385009993e-08,0.03317809104919435
1787304650.7193289,4.5468416605718787e-10,-2.4855690385009993e-08,0.03317809104919435
1787304650.772433,4.5468416605718787e-10,-2.4855690385009993e-08,0.03317809104919435
1787304650.8250675,4.5468416605718787e-10,-2.4855690385009993e-08,0.033601999282836914
1787304650.8693428,4.5468416605718787e-10,-2.4855690385009993e-08,0.033601999282836914
1787304650.92912,4.5468416605718787e-10,-2.4855690385009993e-08,0.033601999282836914
1787304650.9701757,4.5468416605718787e-10,-2.4855690385009993e-08,0.033601999282836914
1787304651.023095,4.5468416605718787e-10,-2.4855690385009993e-08,0.033438444137573235
1787304651.0739002,4.5468416605718787e-10,-2.4855690385009993e-08,0.033438444137573235
1787304651.123652,4.5468416605718787e-10,-2.4855690385009993e-08,0.033438444137573235
1787304651.1702316,4.5468416605718787e-10,-2.4855690385009993e-08,0.033438444137573235
1787304651.2211046,4.5468416605718787e-10,-2.4855690385009993e-08,0.033438444137573235
1787304651.2844546,4.5468416605718787e-10,-2.4855690385009993e-08,0.03344869613647461
1787304651.3210363,4.5468416605718787e-10,-2.4855690385009993e-08,0.03364157676696778
1787304651.3705842,4.5468416605718787e-10,-2.4855690385009993e-08,0.03364157676696778
1787304651.4230285,4.5468416605718787e-10,-2.4855690385009993e-08,0.03364157676696778
1787304651.491777,4.5468416605718787e-10,-2.4855690385009993e-08,0.03364157676696778
1787304651.5187428,4.5468416605718787e-10,-2.4855690385009993e-08,0.03380489349365235
1787304651.5753472,4.5468416605718787e-10,-2.4855690385009993e-08,0.03369355201721193
1787304651.620347,4.5468416605718787e-10,-2.4855690385009993e-08,0.03369355201721193
1787304651.6760066,4.5468416605718787e-10,-2.4855690385009993e-08,0.033564567565917976
1787304651.7212026,4.5468416605718787e-10,-2.4855690385009993e-08,0.033564567565917976
1787304651.771171,4.5468416605718787e-10,-2.4855690385009993e-08,0.033564567565917976
1787304651.8197505,4.5468416605718787e-10,-2.4855690385009993e-08,0.033564567565917976
1787304651.8773181,5.198989795938231e-10,-2.6785640985682503e-08,0.033848285675048835
1787304651.9224463,5.198989795938231e-10,-2.6785640985682503e-08,0.033848285675048835
1787304651.971338,5.198989795938231e-10,-2.6785640985682503e-08,0.033848285675048835
1787304652.0205479,5.198989795938231e-10,-2.6785640985682503e-08,0.033848285675048835
1787304652.0692117,4.913360943960537e-10,-2.5941288659486505e-08,0.03378105163574219
1787304652.1279974,4.913360943960537e-10,-2.5941288659486505e-08,0.03378105163574219
1787304652.1694047,4.913360943960537e-10,-2.5941288659486505e-08,0.03378105163574219
1787304652.2241554,4.913360943960537e-10,-2.5941288659486505e-08,0.03378105163574219
1787304652.2754679,4.913360943960537e-10,-2.5941288659486505e-08,0.03354072570800782
1787304652.3446178,4.913360943960537e-10,-2.5941288659486505e-08,0.03354072570800782
1787304652.3846555,4.913360943960537e-10,-2.5941288659486505e-08,0.03365039825439453
1787304652.4195232,4.913360943960537e-10,-2.5941288659486505e-08,0.03365039825439453
1787304652.4773111,4.913360943960537e-10,-2.5941288659486505e-08,0.03388309478759766
1787304652.5213876,4.913360943960537e-10,-2.5941288659486505e-08,0.03396463394165039
1787304652.5722878,4.913360943960537e-10,-2.5941288659486505e-08,0.03415727615356445
1787304652.6192477,2.529641152856198e-05,8.385040681694517e-07,0.034162759780883796
1787304652.670882,5.014367124546112e-10,-2.623680845060794e-08,0.03418064117431641
1787304652.7221575,5.014367124546112e-10,-2.623680845060794e-08,0.03414320945739746
1787304652.772647,5.014367124546112e-10,-2.623680845060794e-08,0.034113407135009766
1787304652.8277888,5.014367124546112e-10,-2.623680845060794e-08,0.034087419509887695
1787304652.8787334,5.014367124546112e-10,-2.623680845060794e-08,0.03407907485961914
1787304652.919257,5.014367124546112e-10,-2.623680845060794e-08,0.033956766128540046
1787304652.9717133,5.014367124546112e-10,-2.623680845060794e-08,0.03390908241271973
1787304653.0286884,5.014367124546112e-10,-2.623680845060794e-08,0.03393125534057617
1787304653.0755148,5.014367124546112e-10,-2.623680845060794e-08,0.03407120704650879
1787304653.1196792,5.014367124546112e-10,-2.623680845060794e-08,0.0341944694519043
1787304653.1750152,5.014367124546112e-10,-2.623680845060794e-08,0.03423476219177246
1787304653.2198927,5.014367124546112e-10,-2.623680845060794e-08,0.03436160087585449
1787304653.2762191,5.014367124546112e-10,-2.623680845060794e-08,0.03433609008789063
1787304653.3250139,5.014367124546112e-10,-2.623680845060794e-08,0.03443431854248047
1787304653.3704107,5.014367124546112e-10,-2.623680845060794e-08,0.03443145751953125
1787304653.4241061,5.014367124546112e-10,-2.623680845060794e-08,0.034305572509765625
1787304653.4725027,2.529630878089704e-05,8.415044920125893e-07,0.03427505493164062
1787304653.5200777,4.74036986181488e-10,-2.543770178389656e-08,0.03424239158630372
1787304653.5700698,4.74036986181488e-10,-2.543770178389656e-08,0.03426885604858399
1787304653.6217127,4.74036986181488e-10,-2.543770178389656e-08,0.034308433532714844
1787304653.6692772,4.74036986181488e-10,-2.543770178389656e-08,0.03436899185180664
1787304653.7194965,4.74036986181488e-10,-2.543770178389656e-08,0.034460067749023444
1787304653.7740161,4.74036986181488e-10,-2.543770178389656e-08,0.03447580337524414
1787304653.8194964,4.74036986181488e-10,-2.543770178389656e-08,0.03449845314025879
1787304653.873556,4.74036986181488e-10,-2.543770178389656e-08,0.03444933891296387
1787304653.919359,4.74036986181488e-10,-2.543770178389656e-08,0.03443503379821778
1787304653.971579,4.74036986181488e-10,-2.543770178389656e-08,0.03441190719604492
1787304654.0195417,2.5296231479972316e-05,8.437570659431262e-07,0.03428363800048829
1787304654.0772552,4.4348588104482583e-10,-2.4548131910952318e-08,0.034341573715209954
1787304654.120378,4.4348588104482583e-10,-2.4548131910952318e-08,0.034238338470458984
1787304654.1866117,4.4348588104482583e-10,-2.4548131910952318e-08,0.03428840637207031
1787304654.2370539,4.4348588104482583e-10,-2.4548131910952318e-08,0.03427386283874512
1787304654.2709203,4.4348588104482583e-10,-2.4548131910952318e-08,0.034349679946899414
1787304654.335139,4.4348588104482583e-10,-2.4548131910952318e-08,0.034543752670288086
1787304654.3779929,4.4348588104482583e-10,-2.4548131910952318e-08,0.03461647033691407
1787304654.4398587,4.4348588104482583e-10,-2.4548131910952318e-08,0.03470468521118164
1787304654.4710884,4.4348588104482583e-10,-2.4548131910952318e-08,0.03467106819152832
1787304654.5222125,4.4348588104482583e-10,-2.4548131910952318e-08,0.03467702865600585
1787304654.5741622,4.4348588104482583e-10,-2.4548131910952318e-08,0.03461408615112305
1787304654.6256804,4.4348588104482583e-10,-2.4548131910952318e-08,0.03459405899047852
1787304654.6692808,4.4348588104482583e-10,-2.4548131910952318e-08,0.034522056579589844
1787304654.73173,4.4348588104482583e-10,-2.4548131910952318e-08,0.03443741798400879
1787304654.7712243,4.4348588104482583e-10,-2.4548131910952318e-08,0.034460067749023444
1787304654.8194718,4.4348588104482583e-10,-2.4548131910952318e-08,0.03447389602661133
1787304654.869133,4.4348588104482583e-10,-2.4548131910952318e-08,0.03459930419921876
1787304654.9310133,4.4348588104482583e-10,-2.4548131910952318e-08,0.03460836410522461
1787304654.9723852,4.4348588104482583e-10,-2.4548131910952318e-08,0.0347440242767334
1787304655.022093,4.4348588104482583e-10,-2.4548131910952318e-08,0.034734725952148444
1787304655.070282,4.4348588104482583e-10,-2.4548131910952318e-08,0.034726858139038086
1787304655.1192002,4.4348588104482583e-10,-2.4548131910952318e-08,0.03475522994995118
1787304655.1710129,4.4348588104482583e-10,-2.4548131910952318e-08,0.034654855728149414
1787304655.2197795,4.4348588104482583e-10,-2.4548131910952318e-08,0.03461170196533203
1787304655.2817152,4.4348588104482583e-10,-2.4548131910952318e-08,0.03450965881347656
1787304655.3290896,4.4348588104482583e-10,-2.4548131910952318e-08,0.0345466136932373
1787304655.3691459,4.4348588104482583e-10,-2.4548131910952318e-08,0.0344860553741455
1787304655.4257903,4.4348588104482583e-10,-2.4548131910952318e-08,0.034564018249511726
1787304655.4714327,4.4348588104482583e-10,-2.4548131910952318e-08,0.03471040725708008
1787304655.524186,4.4348588104482583e-10,-2.4548131910952318e-08,0.034774065017700195
1787304655.5730305,4.4348588104482583e-10,-2.4548131910952318e-08,0.034816741943359375
1787304655.6194882,4.4348588104482583e-10,-2.4548131910952318e-08,0.03487038612365723
1787304655.669457,4.4348588104482583e-10,-2.4548131910952318e-08,0.03490161895751954
1787304655.7237046,4.4348588104482583e-10,-2.4548131910952318e-08,0.03483152389526368
1787304655.80654,4.4348588104482583e-10,-2.4548131910952318e-08,0.034768342971801765
1787304655.8336384,4.4348588104482583e-10,-2.4548131910952318e-08,0.0347435474395752
1787304655.8713357,2.529587621124937e-05,8.540458556609554e-07,0.03469514846801758
1787304655.9194431,4.201385650751848e-10,-2.3875686124796323e-08,0.034690380096435554
1787304655.981646,4.201385650751848e-10,-2.3875686124796323e-08,0.03466200828552246
1787304656.0395582,4.201385650751848e-10,-2.3875686124796323e-08,0.03475642204284669
1787304656.0772195,4.201385650751848e-10,-2.3875686124796323e-08,0.03488445281982422
1787304656.144316,4.201385650751848e-10,-2.3875686124796323e-08,0.03490614891052247
1787304656.1703124,2.529567682058062e-05,8.597721790230352e-07,0.034932136535644524
1787304656.2220216,4.082375492273321e-10,-2.353494250231233e-08,0.03487920761108398
1787304656.2702014,4.082375492273321e-10,-2.353494250231233e-08,0.034776449203491204
1787304656.3201482,4.082375492273321e-10,-2.353494250231233e-08,0.03478407859802246
1787304656.3694105,4.082375492273321e-10,-2.353494250231233e-08,0.03479671478271485
1787304656.455696,4.082375492273321e-10,-2.353494250231233e-08,0.03470659255981445
1787304656.4770699,4.082375492273321e-10,-2.353494250231233e-08,0.03462624549865723
1787304656.520119,4.082375492273321e-10,-2.353494250231233e-08,0.03467082977294922
1787304656.5722983,4.082375492273321e-10,-2.353494250231233e-08,0.03465533256530762
1787304656.6196191,4.082375492273321e-10,-2.353494250231233e-08,0.034702301025390625
1787304656.6740355,4.082375492273321e-10,-2.353494250231233e-08,0.03468656539916992
1787304656.7198925,4.082375492273321e-10,-2.353494250231233e-08,0.03496408462524414
1787304656.7691746,4.082375492273321e-10,-2.353494250231233e-08,0.03498411178588867
1787304656.8190293,4.082375492273321e-10,-2.353494250231233e-08,0.03506827354431152
1787304656.869176,4.082375492273321e-10,-2.353494250231233e-08,0.03504776954650878
1787304656.9191704,4.082375492273321e-10,-2.353494250231233e-08,0.03522396087646485
1787304656.9692998,4.082375492273321e-10,-2.353494250231233e-08,0.035209178924560554
1787304657.0215437,4.082375492273321e-10,-2.353494250231233e-08,0.03530383110046386
1787304657.0691547,4.082375492273321e-10,-2.353494250231233e-08,0.0352783203125
1787304657.1299274,4.082375492273321e-10,-2.353494250231233e-08,0.03521299362182617
1787304657.1882973,4.082375492273321e-10,-2.353494250231233e-08,0.03517818450927735
1787304657.2201672,4.082375492273321e-10,-2.353494250231233e-08,0.0351245403289795
1787304657.2777767,4.082375492273321e-10,-2.353494250231233e-08,0.03511834144592286
1787304657.3229663,4.082375492273321e-10,-2.353494250231233e-08,0.035081863403320306
1787304657.3687932,4.082375492273321e-10,-2.353494250231233e-08,0.03519296646118164
1787304657.4190435,4.082375492273321e-10,-2.353494250231233e-08,0.03513693809509278
1787304657.4709847,4.082375492273321e-10,-2.353494250231233e-08,0.035148143768310554
1787304657.5191522,4.082375492273321e-10,-2.353494250231233e-08,0.03528904914855957
1787304657.574253,4.082375492273321e-10,-2.353494250231233e-08,0.03542160987854004
1787304657.6261854,4.082375492273321e-10,-2.353494250231233e-08,0.035487890243530266
1787304657.6745386,4.082375492273321e-10,-2.353494250231233e-08,0.03558969497680664
1787304657.7211668,4.082375492273321e-10,-2.353494250231233e-08,0.035671234130859375
1787304657.7956638,4.082375492273321e-10,-2.353494250231233e-08,0.03563404083251953
1787304657.8423746,4.082375492273321e-10,-2.353494250231233e-08,0.03558754920959472
1787304657.873744,4.082375492273321e-10,-2.353494250231233e-08,0.035564661026000984
1787304657.9225256,4.082375492273321e-10,-2.353494250231233e-08,0.035497188568115234
1787304657.9719572,4.082375492273321e-10,-2.353494250231233e-08,0.03554224967956544
1787304658.02484,4.082375492273321e-10,-2.353494250231233e-08,0.03554654121398925
1787304658.0772293,4.082375492273321e-10,-2.353494250231233e-08,0.03560352325439453
1787304658.1204002,4.082375492273321e-10,-2.353494250231233e-08,0.0356595516204834
1787304658.16957,4.082375492273321e-10,-2.353494250231233e-08,0.035655975341796875
1787304658.219534,2.529500060565683e-05,8.789289570000414e-07,0.03567004203796387
1787304658.2755535,4.701566682158089e-10,-2.5268766852622926e-08,0.03579306602478027
1787304658.3294523,4.701566682158089e-10,-2.5268766852622926e-08,0.03572511672973633
1787304658.3720467,4.701566682158089e-10,-2.5268766852622926e-08,0.035686492919921875
1787304658.4269984,4.701566682158089e-10,-2.5268766852622926e-08,0.03564691543579101
1787304658.4694116,4.701566682158089e-10,-2.5268766852622926e-08,0.03568029403686524
1787304658.5239933,4.701566682158089e-10,-2.5268766852622926e-08,0.03568029403686524
1787304658.573466,4.701566682158089e-10,-2.5268766852622926e-08,0.03561401367187499
1787304658.6194873,4.701566682158089e-10,-2.5268766852622926e-08,0.035572052001953125
1787304658.6725712,4.701566682158089e-10,-2.5268766852622926e-08,0.035572052001953125
1787304658.721002,4.701566682158089e-10,-2.5268766852622926e-08,0.035572052001953125
1787304658.769551,4.701566682158089e-10,-2.5268766852622926e-08,0.035572052001953125
1787304658.8233142,4.701566682158089e-10,-2.5268766852622926e-08,0.035840511322021484
1787304658.8745027,4.701566682158089e-10,-2.5268766852622926e-08,0.035840511322021484
1787304658.9223056,4.701566682158089e-10,-2.5268766852622926e-08,0.035840511322021484
1787304658.9710703,4.701566682158089e-10,-2.5268766852622926e-08,0.035840511322021484
1787304659.0735016,5.473550155195251e-10,-2.7415674839126683e-08,0.03598499298095703
1787304659.1238997,5.473550155195251e-10,-2.7415674839126683e-08,0.03598499298095703
1787304659.1692252,5.473550155195251e-10,-2.7415674839126683e-08,0.03598499298095703
1787304659.219196,5.473550155195251e-10,-2.7415674839126683e-08,0.035888433456420905
1787304659.2701828,5.473550155195251e-10,-2.7415674839126683e-08,0.035888433456420905
1787304659.3213127,5.473550155195251e-10,-2.7415674839126683e-08,0.035888433456420905
1787304659.3705614,5.473550155195251e-10,-2.7415674839126683e-08,0.035888433456420905
1787304659.4290674,5.473550155195251e-10,-2.7415674839126683e-08,0.03636002540588379
1787304659.4699492,5.473550155195251e-10,-2.7415674839126683e-08,0.03638029098510742
1787304659.525954,5.473550155195251e-10,-2.7415674839126683e-08,0.03638029098510742
1787304659.5784924,5.473550155195251e-10,-2.7415674839126683e-08,0.03638029098510742
1787304659.622732,5.473550155195251e-10,-2.7415674839126683e-08,0.03620529174804688
1787304659.6694431,5.473550155195251e-10,-2.7415674839126683e-08,0.03620529174804688
1787304659.7214222,5.473550155195251e-10,-2.7415674839126683e-08,0.03620529174804688
1787304659.7702856,5.473550155195251e-10,-2.7415674839126683e-08,0.03620529174804688
1787304659.8195975,5.473550155195251e-10,-2.7415674839126683e-08,0.03629732131958008
1787304659.8696082,5.473550155195251e-10,-2.7415674839126683e-08,0.03629732131958008
1787304659.9194694,5.473550155195251e-10,-2.7415674839126683e-08,0.03629732131958008
1787304659.9759881,5.473550155195251e-10,-2.7415674839126683e-08,0.03629732131958008
1787304660.020061,5.473550155195251e-10,-2.7415674839126683e-08,0.03629732131958008
1787304660.0730977,5.473550155195251e-10,-2.7415674839126683e-08,0.03650617599487305
1787304660.1212683,5.473550155195251e-10,-2.7415674839126683e-08,0.03650617599487305
1787304660.1789582,5.473550155195251e-10,-2.7415674839126683e-08,0.03650617599487305
1787304660.223157,5.473550155195251e-10,-2.7415674839126683e-08,0.03650617599487305
1787304660.270616,5.473550155195251e-10,-2.7415674839126683e-08,0.03650617599487305
1787304660.3212245,5.473550155195251e-10,-2.7415674839126683e-08,0.036448478698730476
1787304660.3704243,5.473550155195251e-10,-2.7415674839126683e-08,0.036448478698730476
1787304660.4191492,5.473550155195251e-10,-2.7415674839126683e-08,0.036448478698730476
1787304660.4762523,5.473550155195251e-10,-2.7415674839126683e-08,0.03675246238708496
1787304660.5317829,5.473550155195251e-10,-2.7415674839126683e-08,0.03678321838378907
1787304660.5761938,5.473550155195251e-10,-2.7415674839126683e-08,0.036624908447265625
1787304660.6258163,5.473550155195251e-10,-2.7415674839126683e-08,0.03660702705383301
1787304660.6812623,5.473550155195251e-10,-2.7415674839126683e-08,0.03653526306152344
1787304660.7296169,5.473550155195251e-10,-2.7415674839126683e-08,0.03639531135559083
1787304660.7916558,5.473550155195251e-10,-2.7415674839126683e-08,0.03646826744079589
1787304660.8205464,5.473550155195251e-10,-2.7415674839126683e-08,0.036507606506347656
1787304660.8697639,5.473550155195251e-10,-2.7415674839126683e-08,0.03661537170410156
1787304660.9195166,5.473550155195251e-10,-2.7415674839126683e-08,0.036734104156494134
1787304660.9694173,5.473550155195251e-10,-2.7415674839126683e-08,0.03676033020019531
1787304661.0220304,5.473550155195251e-10,-2.7415674839126683e-08,0.03667140007019043
1787304661.0701747,5.473550155195251e-10,-2.7415674839126683e-08,0.036582469940185554
1787304661.120431,5.473550155195251e-10,-2.7415674839126683e-08,0.036536216735839844
1787304661.172449,5.473550155195251e-10,-2.7415674839126683e-08,0.03662705421447754
1787304661.2229753,5.473550155195251e-10,-2.7415674839126683e-08,0.03657650947570801
1787304661.270431,5.473550155195251e-10,-2.7415674839126683e-08,0.036545991897583015
1787304661.3236206,5.473550155195251e-10,-2.7415674839126683e-08,0.03671574592590332
1787304661.3807936,5.473550155195251e-10,-2.7415674839126683e-08,0.036837339401245124
1787304661.4197032,5.473550155195251e-10,-2.7415674839126683e-08,0.03705430030822754
1787304661.479777,2.5293821514872794e-05,9.112676758860016e-07,0.03713560104370117
1787304661.5224025,6.230813910850853e-10,-2.945394242128115e-08,0.037215471267700195
1787304661.5811782,6.230813910850853e-10,-2.945394242128115e-08,0.03721022605895996
1787304661.6292222,6.230813910850853e-10,-2.945394242128115e-08,0.03713464736938477
1787304661.6715102,6.230813910850853e-10,-2.945394242128115e-08,0.03711390495300293
1787304661.7193372,6.230813910850853e-10,-2.945394242128115e-08,0.03700685501098633
1787304661.7804067,6.230813910850853e-10,-2.945394242128115e-08,0.03693938255310059
1787304661.81886,6.230813910850853e-10,-2.945394242128115e-08,0.036834955215454095
1787304661.8724766,6.230813910850853e-10,-2.945394242128115e-08,0.036894321441650384
1787304661.919648,6.230813910850853e-10,-2.945394242128115e-08,0.03699445724487305
1787304661.9856544,6.230813910850853e-10,-2.945394242128115e-08,0.03703403472900391
1787304662.0292256,6.230813910850853e-10,-2.945394242128115e-08,0.03739595413208009
1787304662.0694027,6.230813910850853e-10,-2.945394242128115e-08,0.037431955337524414
1787304662.1191998,6.230813910850853e-10,-2.945394242128115e-08,0.037466764450073235
1787304662.1692624,6.230813910850853e-10,-2.945394242128115e-08,0.03757786750793457
1787304662.2197096,6.230813910850853e-10,-2.945394242128115e-08,0.0375685691833496
1787304662.2704246,6.230813910850853e-10,-2.945394242128115e-08,0.03752636909484863
1787304662.323129,6.230813910850853e-10,-2.945394242128115e-08,0.037390947341918945
1787304662.369579,6.230813910850853e-10,-2.945394242128115e-08,0.03725457191467285
1787304662.4309747,6.230813910850853e-10,-2.945394242128115e-08,0.037230014801025384
1787304662.4741344,6.230813910850853e-10,-2.945394242128115e-08,0.0373542308807373
1787304662.5226462,6.230813910850853e-10,-2.945394242128115e-08,0.0373542308807373
1787304662.5714297,6.230813910850853e-10,-2.945394242128115e-08,0.0373542308807373
1787304662.6537983,6.230813910850853e-10,-2.945394242128115e-08,0.03745293617248535
1787304662.6774077,6.230813910850853e-10,-2.945394242128115e-08,0.03745293617248535
1787304662.7193568,6.230813910850853e-10,-2.945394242128115e-08,0.03753089904785156
1787304662.7932742,6.230813910850853e-10,-2.945394242128115e-08,0.03758144378662109
1787304662.8321948,6.230813910850853e-10,-2.945394242128115e-08,0.037270307540893555
1787304662.8713827,6.230813910850853e-10,-2.945394242128115e-08,0.037270307540893555
1787304662.9194412,6.230813910850853e-10,-2.945394242128115e-08,0.037270307540893555
1787304662.9691854,6.230813910850853e-10,-2.945394242128115e-08,0.037270307540893555
1787304663.0221002,6.230813910850853e-10,-2.945394242128115e-08,0.03700399398803711
1787304663.08301,6.230813910850853e-10,-2.945394242128115e-08,0.03700399398803711
1787304663.1203718,6.230813910850853e-10,-2.945394242128115e-08,0.03700399398803711
1787304663.1709208,6.230813910850853e-10,-2.945394242128115e-08,0.03700399398803711
1787304663.2276685,6.230813910850853e-10,-2.945394242128115e-08,0.03700399398803711
1787304663.2744534,6.230813910850853e-10,-2.945394242128115e-08,0.03700399398803711
1787304663.321309,6.075941334261759e-10,-2.9037847429526092e-08,0.037166357040405266
1787304663.3763335,6.075941334261759e-10,-2.9037847429526092e-08,0.037166357040405266
1787304663.4303908,6.075941334261759e-10,-2.9037847429526092e-08,0.037166357040405266
1787304663.4693804,6.075941334261759e-10,-2.9037847429526092e-08,0.037166357040405266
1787304663.5371482,6.075941334261759e-10,-2.9037847429526092e-08,0.037166357040405266
1787304663.5725038,6.075941334261759e-10,-2.9037847429526092e-08,0.037166357040405266
1787304663.621128,6.075941334261759e-10,-2.9037847429526092e-08,0.03742837905883789
1787304663.6707413,6.075941334261759e-10,-2.9037847429526092e-08,0.03739643096923828
1787304663.7362208,6.075941334261759e-10,-2.9037847429526092e-08,0.03739643096923828
1787304663.7713566,6.075941334261759e-10,-2.9037847429526092e-08,0.03739643096923828
1787304663.821295,6.075941334261759e-10,-2.9037847429526092e-08,0.03718662261962891
1787304663.8740308,6.075941334261759e-10,-2.9037847429526092e-08,0.03718662261962891
1787304663.933255,6.075941334261759e-10,-2.9037847429526092e-08,0.03718662261962891
1787304663.9816248,6.075941334261759e-10,-2.9037847429526092e-08,0.03718662261962891
1787304664.037522,6.075941334261759e-10,-2.9037847429526092e-08,0.03718662261962891
1787304664.0750418,6.075941334261759e-10,-2.9037847429526092e-08,0.03718662261962891
1787304664.1192484,6.075941334261759e-10,-2.9037847429526092e-08,0.03740286827087402
1787304664.1711695,6.075941334261759e-10,-2.9037847429526092e-08,0.03740286827087402
1787304664.220541,6.075941334261759e-10,-2.9037847429526092e-08,0.03740286827087402
1787304664.2702372,6.075941334261759e-10,-2.9037847429526092e-08,0.03727412223815917
1787304664.3246648,6.075941334261759e-10,-2.9037847429526092e-08,0.03727412223815917
1787304664.3721516,6.075941334261759e-10,-2.9037847429526092e-08,0.03727412223815917
1787304664.426348,6.075941334261759e-10,-2.9037847429526092e-08,0.03727412223815917
1787304664.4690502,6.075941334261759e-10,-2.9037847429526092e-08,0.037420988082885735
1787304664.5290542,6.075941334261759e-10,-2.9037847429526092e-08,0.0376129150390625
1787304664.5731802,2.5293389887256913e-05,9.228066941272323e-07,0.03761768341064453
1787304664.6215177,5.741365033101861e-10,-2.8148382131798278e-08,0.037542581558227546
1787304664.669434,5.741365033101861e-10,-2.8148382131798278e-08,0.03751397132873535
1787304664.7463112,5.741365033101861e-10,-2.8148382131798278e-08,0.03735971450805664
1787304664.7712371,2.529361566845944e-05,9.167824202948717e-07,0.03732419013977051
1787304664.8279827,5.698562706985661e-10,-2.8033805832662615e-08,0.037350654602050774
1787304664.8734868,5.698562706985661e-10,-2.8033805832662615e-08,0.037380218505859375
1787304664.9202821,5.698562706985661e-10,-2.8033805832662615e-08,0.03751182556152345
1787304664.969284,5.698562706985661e-10,-2.8033805832662615e-08,0.037527322769165046
1787304665.0207272,5.698562706985661e-10,-2.8033805832662615e-08,0.03761482238769532
1787304665.0691872,5.698562706985661e-10,-2.8033805832662615e-08,0.03749465942382812
1787304665.1232722,5.698562706985661e-10,-2.8033805832662615e-08,0.03742480278015137
1787304665.1730134,5.698562706985661e-10,-2.8033805832662615e-08,0.03747892379760742
1787304665.219897,5.698562706985661e-10,-2.8033805832662615e-08,0.0373377799987793
1787304665.2756562,5.698562706985661e-10,-2.8033805832662615e-08,0.0373392105102539
1787304665.3193033,5.698562706985661e-10,-2.8033805832662615e-08,0.03744268417358399
1787304665.370353,5.698562706985661e-10,-2.8033805832662615e-08,0.037669181823730476
1787304665.4224405,5.698562706985661e-10,-2.8033805832662615e-08,0.03771114349365235
1787304665.4694145,5.698562706985661e-10,-2.8033805832662615e-08,0.03776717185974121
1787304665.5202851,5.698562706985661e-10,-2.8033805832662615e-08,0.037706851959228516
1787304665.5716913,5.698562706985661e-10,-2.8033805832662615e-08,0.037678718566894524
1787304665.6232631,5.698562706985661e-10,-2.8033805832662615e-08,0.03761529922485351
1787304665.6697903,5.698562706985661e-10,-2.8033805832662615e-08,0.03741884231567383
1787304665.7289948,5.698562706985661e-10,-2.8033805832662615e-08,0.03736829757690429
1787304665.7710743,5.698562706985661e-10,-2.8033805832662615e-08,0.037566423416137695
1787304665.819146,5.698562706985661e-10,-2.8033805832662615e-08,0.037757158279418945
1787304665.869347,5.698562706985661e-10,-2.8033805832662615e-08,0.03785324096679688
1787304665.9410827,5.698562706985661e-10,-2.8033805832662615e-08,0.037863731384277344
1787304665.9754324,5.698562706985661e-10,-2.8033805832662615e-08,0.037896633148193366
1787304666.025668,5.698562706985661e-10,-2.8033805832662615e-08,0.03784298896789551
1787304666.083474,5.698562706985661e-10,-2.8033805832662615e-08,0.03780770301818848
1787304666.1497815,5.698562706985661e-10,-2.8033805832662615e-08,0.03775668144226074
1787304666.173429,5.698562706985661e-10,-2.8033805832662615e-08,0.03780055046081543
1787304666.2213693,5.698562706985661e-10,-2.8033805832662615e-08,0.037798881530761726
1787304666.2821841,5.698562706985661e-10,-2.8033805832662615e-08,0.037935495376586914
1787304666.3429544,5.698562706985661e-10,-2.8033805832662615e-08,0.03796029090881348
1787304666.3704214,5.698562706985661e-10,-2.8033805832662615e-08,0.03796863555908203
1787304666.4194279,5.698562706985661e-10,-2.8033805832662615e-08,0.03799819946289063
1787304666.4722164,5.698562706985661e-10,-2.8033805832662615e-08,0.0379643440246582
1787304666.5229795,5.698562706985661e-10,-2.8033805832662615e-08,0.0379643440246582
1787304666.573367,5.698562706985661e-10,-2.8033805832662615e-08,0.0379643440246582
1787304666.62531,5.698562706985661e-10,-2.8033805832662615e-08,0.0379643440246582
1787304666.6899512,5.698562706985661e-10,-2.8033805832662615e-08,0.0379643440246582
1787304666.7252796,2.529308480387424e-05,9.308872176145849e-07,0.037825822830200195
1787304666.7731385,2.529308480387424e-05,9.308872176145849e-07,0.037825822830200195
1787304666.8324277,4.351734899997017e-10,-2.4475976807460553e-08,0.038007497787475586
1787304666.8706434,4.351734899997017e-10,-2.4475976807460553e-08,0.038007497787475586
1787304666.9325657,4.351734899997017e-10,-2.4475976807460553e-08,0.038007497787475586
1787304666.969324,4.351734899997017e-10,-2.4475976807460553e-08,0.038007497787475586
1787304667.0402405,4.351734899997017e-10,-2.4475976807460553e-08,0.03810429573059082
1787304667.0780141,4.351734899997017e-10,-2.4475976807460553e-08,0.038084983825683594
1787304667.1240246,4.351734899997017e-10,-2.4475976807460553e-08,0.038084983825683594
1787304667.1696064,4.351734899997017e-10,-2.4475976807460553e-08,0.038084983825683594
1787304667.2225068,4.351734899997017e-10,-2.4475976807460553e-08,0.038084983825683594
1787304667.271436,4.351734899997017e-10,-2.4475976807460553e-08,0.038229227066040046
1787304667.3203332,4.351734899997017e-10,-2.4475976807460553e-08,0.038229227066040046
1787304667.3717995,4.351734899997017e-10,-2.4475976807460553e-08,0.038229227066040046
1787304667.421111,4.351734899997017e-10,-2.4475976807460553e-08,0.038229227066040046
1787304667.4698462,4.351734899997017e-10,-2.4475976807460553e-08,0.038229227066040046
1787304667.529998,4.351734899997017e-10,-2.4475976807460553e-08,0.03809261322021484
1787304667.5772014,4.0649055354838033e-10,-2.372220510469492e-08,0.03799891471862792
1787304667.619133,4.0649055354838033e-10,-2.372220510469492e-08,0.038011074066162116
1787304667.6760492,4.0649055354838033e-10,-2.372220510469492e-08,0.038011074066162116
1787304667.7273352,4.0649055354838033e-10,-2.372220510469492e-08,0.038011074066162116
1787304667.7758536,4.0649055354838033e-10,-2.372220510469492e-08,0.038011074066162116
1787304667.8229754,4.0649055354838033e-10,-2.372220510469492e-08,0.038011074066162116
1787304667.8714757,4.0649055354838033e-10,-2.372220510469492e-08,0.038011074066162116
1787304667.920417,4.0649055354838033e-10,-2.372220510469492e-08,0.038155317306518555
1787304667.9714985,2.529272513835903e-05,9.403636709994165e-07,0.03809261322021484
1787304668.0464277,3.734061978519839e-10,-2.2853861687595247e-08,0.03794336318969726
1787304668.0694058,3.734061978519839e-10,-2.2853861687595247e-08,0.03794336318969726
1787304668.132281,3.734061978519839e-10,-2.2853861687595247e-08,0.03794336318969726
1787304668.176079,3.734061978519839e-10,-2.2853861687595247e-08,0.03794336318969726
1787304668.221293,3.734061978519839e-10,-2.2853861687595247e-08,0.03807139396667481
1787304668.270025,3.734061978519839e-10,-2.2853861687595247e-08,0.038099288940429694
1787304668.3249922,3.734061978519839e-10,-2.2853861687595247e-08,0.038099288940429694
1787304668.3707733,3.734061978519839e-10,-2.2853861687595247e-08,0.038099288940429694
1787304668.425169,3.734061978519839e-10,-2.2853861687595247e-08,0.038099288940429694
1787304668.4758325,3.734061978519839e-10,-2.2853861687595247e-08,0.038023948669433594
1787304668.5256054,3.734061978519839e-10,-2.2853861687595247e-08,0.038061618804931634
1787304668.5735536,3.734061978519839e-10,-2.2853861687595247e-08,0.038128376007080085
1787304668.6212373,3.734061978519839e-10,-2.2853861687595247e-08,0.03823280334472656
1787304668.6875615,3.734061978519839e-10,-2.2853861687595247e-08,0.038210391998291016
1787304668.7498379,3.734061978519839e-10,-2.2853861687595247e-08,0.03825235366821289
1787304668.7708101,3.734061978519839e-10,-2.2853861687595247e-08,0.03822970390319824
1787304668.823192,3.734061978519839e-10,-2.2853861687595247e-08,0.038228988647460944
1787304668.870471,3.734061978519839e-10,-2.2853861687595247e-08,0.0381772518157959
1787304668.919994,3.734061978519839e-10,-2.2853861687595247e-08,0.03801274299621581
1787304668.9704592,3.734061978519839e-10,-2.2853861687595247e-08,0.03800153732299805
1787304669.0263817,3.734061978519839e-10,-2.2853861687595247e-08,0.03800153732299805
1787304669.069223,3.734061978519839e-10,-2.2853861687595247e-08,0.03808951377868653
1787304669.1193912,3.734061978519839e-10,-2.2853861687595247e-08,0.038248538970947266
1787304669.1702774,3.734061978519839e-10,-2.2853861687595247e-08,0.038435935974121094
1787304669.222992,3.734061978519839e-10,-2.2853861687595247e-08,0.0385429859161377
1787304669.2786984,3.734061978519839e-10,-2.2853861687595247e-08,0.03844308853149414
1787304669.32159,3.734061978519839e-10,-2.2853861687595247e-08,0.03844308853149414
1787304669.3720443,2.5292466220388218e-05,9.471385284951578e-07,0.038356781005859375
1787304669.419375,3.3884826520529294e-10,-2.1952360399341352e-08,0.038237571716308594
1787304669.4698699,3.3884826520529294e-10,-2.1952360399341352e-08,0.03824639320373535
1787304669.535643,3.3884826520529294e-10,-2.1952360399341352e-08,0.0384070873260498
1787304669.5700195,3.3884826520529294e-10,-2.1952360399341352e-08,0.03846335411071777
1787304669.6285214,2.5292287538009652e-05,9.517907443087665e-07,0.03849887847900391
1787304669.6734383,3.4279516655731884e-10,-2.2054871589321217e-08,0.03847146034240723
1787304669.7232254,3.4279516655731884e-10,-2.2054871589321217e-08,0.03843355178833008
1787304669.780297,3.4279516655731884e-10,-2.2054871589321217e-08,0.038230180740356445
1787304669.8293104,3.4279516655731884e-10,-2.2054871589321217e-08,0.038259029388427734
1787304669.895405,3.4279516655731884e-10,-2.2054871589321217e-08,0.0381627082824707
1787304669.9191995,3.4279516655731884e-10,-2.2054871589321217e-08,0.03815698623657227
1787304669.9732816,3.4279516655731884e-10,-2.2054871589321217e-08,0.038270473480224616
1787304670.0241296,3.4279516655731884e-10,-2.2054871589321217e-08,0.038351058959960944
1787304670.088708,3.4279516655731884e-10,-2.2054871589321217e-08,0.038412332534790046
1787304670.121103,2.5292347393345835e-05,9.502349845290631e-07,0.038434982299804694
1787304670.1860669,3.4175202726479054e-10,-2.2027736211666425e-08,0.038410186767578125
1787304670.2297595,2.529237334654427e-05,9.495596147691757e-07,0.038381576538085944
1787304670.270248,2.939480961258376e-10,-2.0782521401037904e-08,0.038311719894409194
1787304670.3252912,2.939480961258376e-10,-2.0782521401037904e-08,0.038228988647460944
1787304670.3691573,2.939480961258376e-10,-2.0782521401037904e-08,0.03828096389770508
1787304670.4202654,2.939480961258376e-10,-2.0782521401037904e-08,0.03838062286376953
1787304670.4692328,2.939480961258376e-10,-2.0782521401037904e-08,0.038427114486694336
1787304670.5294654,2.939480961258376e-10,-2.0782521401037904e-08,0.038427114486694336
1787304670.5723653,2.939480961258376e-10,-2.0782521401037904e-08,0.03852295875549317
1787304670.6212018,2.939480961258376e-10,-2.0782521401037904e-08,0.03850102424621582
1787304670.6692986,2.939480961258376e-10,-2.0782521401037904e-08,0.03850102424621582
1787304670.719552,2.939480961258376e-10,-2.0782521401037904e-08,0.03850102424621582
1787304670.7702198,2.939480961258376e-10,-2.0782521401037904e-08,0.03850102424621582
1787304670.8219097,2.5291995859040836e-05,9.593494118345693e-07,0.038752079010009766
1787304670.8761878,2.5291995859040836e-05,9.593494118345693e-07,0.038752079010009766
1787304670.919679,2.5291995859040836e-05,9.593494118345693e-07,0.038752079010009766
1787304670.9693065,2.5291995859040836e-05,9.593494118345693e-07,0.038752079010009766
1787304671.0263174,3.1054311782868055e-10,-2.121065208650938e-08,0.038620948791503906
1787304671.082473,3.1054311782868055e-10,-2.121065208650938e-08,0.038620948791503906
1787304671.1218762,3.1054311782868055e-10,-2.121065208650938e-08,0.038620948791503906
1787304671.1733847,3.1054311782868055e-10,-2.121065208650938e-08,0.038620948791503906
1787304671.2202072,3.1054311782868055e-10,-2.121065208650938e-08,0.038620948791503906
1787304671.270394,3.1054311782868055e-10,-2.121065208650938e-08,0.038620948791503906
1787304671.3221178,3.1054311782868055e-10,-2.121065208650938e-08,0.03866887092590333
1787304671.375008,3.1054311782868055e-10,-2.121065208650938e-08,0.03866887092590333
1787304671.4189155,3.1054311782868055e-10,-2.121065208650938e-08,0.03866887092590333
1787304671.4706516,3.1054311782868055e-10,-2.121065208650938e-08,0.03876090049743653
1787304671.5219254,3.1054311782868055e-10,-2.121065208650938e-08,0.03876090049743653
1787304671.572465,3.1054311782868055e-10,-2.121065208650938e-08,0.03876090049743653
1787304671.6211464,3.1054311782868055e-10,-2.121065208650938e-08,0.038565635681152344
1787304671.669636,3.1054311782868055e-10,-2.121065208650938e-08,0.038565635681152344
1787304671.7468758,3.1054311782868055e-10,-2.121065208650938e-08,0.038565635681152344
1787304671.7720432,3.1054311782868055e-10,-2.121065208650938e-08,0.038565635681152344
1787304671.8271222,3.1054311782868055e-10,-2.121065208650938e-08,0.03866386413574219
1787304671.8741965,3.1054311782868055e-10,-2.121065208650938e-08,0.03866386413574219
1787304671.92361,3.1054311782868055e-10,-2.121065208650938e-08,0.03866386413574219
1787304671.969126,3.1054311782868055e-10,-2.121065208650938e-08,0.03866386413574219
1787304672.0188818,3.1054311782868055e-10,-2.121065208650938e-08,0.03864336013793945
1787304672.0703063,3.1054311782868055e-10,-2.121065208650938e-08,0.038489341735839844
1787304672.124201,3.1054311782868055e-10,-2.121065208650938e-08,0.038489341735839844
1787304672.1784594,3.1054311782868055e-10,-2.121065208650938e-08,0.038489341735839844
1787304672.2198865,3.1054311782868055e-10,-2.121065208650938e-08,0.038375377655029304
1787304672.273535,3.1054311782868055e-10,-2.121065208650938e-08,0.038375377655029304
1787304672.3198888,3.1054311782868055e-10,-2.121065208650938e-08,0.03849983215332031
1787304672.3705301,3.1054311782868055e-10,-2.121065208650938e-08,0.03858685493469239
1787304672.4234436,3.1054311782868055e-10,-2.121065208650938e-08,0.03858685493469239
1787304672.4758434,3.1054311782868055e-10,-2.121065208650938e-08,0.03869962692260742
1787304672.5301917,3.1054311782868055e-10,-2.121065208650938e-08,0.03864812850952148
1787304672.585499,3.1054311782868055e-10,-2.121065208650938e-08,0.03860974311828613
1787304672.6229777,3.1054311782868055e-10,-2.121065208650938e-08,0.03848958015441894
1787304672.7003875,3.1054311782868055e-10,-2.121065208650938e-08,0.03852391242980958
1787304672.743117,3.1054311782868055e-10,-2.121065208650938e-08,0.038658618927001946
1787304672.7724023,3.1054311782868055e-10,-2.121065208650938e-08,0.03887486457824707
1787304672.8212144,3.1054311782868055e-10,-2.121065208650938e-08,0.03895998001098633
1787304672.8704536,2.5291777583326977e-05,9.64963324778995e-07,0.038985252380371094
1787304672.9227748,2.9773109311618216e-10,-2.0882019421152382e-08,0.038933992385864265
1787304672.9779932,2.9773109311618216e-10,-2.0882019421152382e-08,0.03891277313232421
1787304673.0201154,2.9773109311618216e-10,-2.0882019421152382e-08,0.038874149322509766
1787304673.071184,2.9773109311618216e-10,-2.0882019421152382e-08,0.03885531425476074
1787304673.1192255,2.9773109311618216e-10,-2.0882019421152382e-08,0.038826704025268555
1787304673.1734347,2.9773109311618216e-10,-2.0882019421152382e-08,0.03893756866455079
1787304673.2206473,2.9773109311618216e-10,-2.0882019421152382e-08,0.03903961181640625
1787304673.2692144,2.5291680976698542e-05,9.67438618095626e-07,0.039075374603271484
1787304673.3240826,3.6187672314020453e-10,-2.2522159840494927e-08,0.0391693115234375
1787304673.3722217,3.6187672314020453e-10,-2.2522159840494927e-08,0.039144754409790046
1787304673.433729,3.6187672314020453e-10,-2.2522159840494927e-08,0.039070844650268555
1787304673.4693258,3.6187672314020453e-10,-2.2522159840494927e-08,0.039063215255737305
1787304673.52036,3.6187672314020453e-10,-2.2522159840494927e-08,0.03898286819458008
1787304673.5702236,3.6187672314020453e-10,-2.2522159840494927e-08,0.039087772369384766
1787304673.621502,3.6187672314020453e-10,-2.2522159840494927e-08,0.03908061981201172
1787304673.670158,3.6187672314020453e-10,-2.2522159840494927e-08,0.03928422927856445
1787304673.722906,3.6187672314020453e-10,-2.2522159840494927e-08,0.039429664611816406
1787304673.7729583,2.5291273602559932e-05,9.777919081219057e-07,0.03963375091552735
1787304673.8216312,4.681486546178812e-10,-2.5205425546330824e-08,0.039641857147216804
1787304673.8729742,4.681486546178812e-10,-2.5205425546330824e-08,0.03962302207946777
1787304673.939363,4.681486546178812e-10,-2.5205425546330824e-08,0.039612531661987305
1787304674.001299,4.681486546178812e-10,-2.5205425546330824e-08,0.03954148292541504
1787304674.0228138,4.681486546178812e-10,-2.5205425546330824e-08,0.0395047664642334
1787304674.0693812,4.681486546178812e-10,-2.5205425546330824e-08,0.03946924209594726
1787304674.119494,2.5291399783683482e-05,9.746051519775166e-07,0.03955435752868653
1787304674.190315,2.5291399783683482e-05,9.746051519775166e-07,0.039658546447753906
1787304674.2245634,2.5291399783683482e-05,9.746051519775166e-07,0.03968572616577148
1787304674.2693665,6.405092604608623e-10,-2.9555931623282012e-08,0.03968191146850586
1787304674.3261755,6.405092604608623e-10,-2.9555931623282012e-08,0.039671421051025384
1787304674.369121,6.405092604608623e-10,-2.9555931623282012e-08,0.039614200592041016
1787304674.419421,6.405092604608623e-10,-2.9555931623282012e-08,0.039565324783325195
1787304674.471367,2.5291575243022272e-05,9.701762581319636e-07,0.03945207595825196
1787304674.522017,2.5291575243022272e-05,9.701762581319636e-07,0.03945207595825196
1787304674.5693269,2.5291575243022272e-05,9.701762581319636e-07,0.03945207595825196
1787304674.654274,6.250192401091278e-10,-2.9163992636228794e-08,0.03975486755371094
1787304674.6730754,6.250192401091278e-10,-2.9163992636228794e-08,0.03975486755371094
1787304674.7226408,6.250192401091278e-10,-2.9163992636228794e-08,0.03975486755371094
1787304674.7694044,6.250192401091278e-10,-2.9163992636228794e-08,0.03975486755371094
1787304674.8204582,6.250192401091278e-10,-2.9163992636228794e-08,0.03975486755371094
1787304674.8732433,6.250192401091278e-10,-2.9163992636228794e-08,0.03979921340942383
1787304674.921586,6.250192401091278e-10,-2.9163992636228794e-08,0.03979921340942383
1787304674.9703724,6.250192401091278e-10,-2.9163992636228794e-08,0.03979921340942383
1787304675.0204608,6.250192401091278e-10,-2.9163992636228794e-08,0.03979921340942383
1787304675.0721889,6.250192401091278e-10,-2.9163992636228794e-08,0.03979921340942383
1787304675.1490636,6.250192401091278e-10,-2.9163992636228794e-08,0.0398404598236084
1787304675.171489,6.250192401091278e-10,-2.9163992636228794e-08,0.0398404598236084
1787304675.2254572,6.250192401091278e-10,-2.9163992636228794e-08,0.0398404598236084
1787304675.2688231,6.250192401091278e-10,-2.9163992636228794e-08,0.0398404598236084
1787304675.3199837,6.250192401091278e-10,-2.9163992636228794e-08,0.040001869201660156
1787304675.3695343,6.250192401091278e-10,-2.9163992636228794e-08,0.04002022743225098
1787304675.4203117,6.250192401091278e-10,-2.9163992636228794e-08,0.04002022743225098
1787304675.4692156,6.250192401091278e-10,-2.9163992636228794e-08,0.04002022743225098
1787304675.5200071,6.250192401091278e-10,-2.9163992636228794e-08,0.04002022743225098
1787304675.5861146,6.250192401091278e-10,-2.9163992636228794e-08,0.04002022743225098
1787304675.619559,6.250192401091278e-10,-2.9163992636228794e-08,0.03994941711425781
1787304675.6734548,6.250192401091278e-10,-2.9163992636228794e-08,0.03994941711425781
1787304675.721057,6.250192401091278e-10,-2.9163992636228794e-08,0.03994941711425781
1787304675.775126,6.250192401091278e-10,-2.9163992636228794e-08,0.03994941711425781
1787304675.825659,6.250192401091278e-10,-2.9163992636228794e-08,0.04024910926818847
1787304675.8722343,6.250192401091278e-10,-2.9163992636228794e-08,0.04024910926818847
1787304675.919438,6.250192401091278e-10,-2.9163992636228794e-08,0.04024910926818847
1787304675.9711814,6.250192401091278e-10,-2.9163992636228794e-08,0.04024910926818847
1787304676.0255544,6.250192401091278e-10,-2.9163992636228794e-08,0.04024910926818847
1787304676.0713143,5.628752222044291e-10,-2.7617381664270773e-08,0.040113687515258796
1787304676.130088,5.628752222044291e-10,-2.7617381664270773e-08,0.040113687515258796
1787304676.1870637,5.628752222044291e-10,-2.7617381664270773e-08,0.040113687515258796
1787304676.2191732,5.628752222044291e-10,-2.7617381664270773e-08,0.040113687515258796
1787304676.2775254,5.628752222044291e-10,-2.7617381664270773e-08,0.040113687515258796
1787304676.3249612,5.628752222044291e-10,-2.7617381664270773e-08,0.0400381088256836
1787304676.3745139,5.628752222044291e-10,-2.7617381664270773e-08,0.040307283401489265
1787304676.4186654,5.628752222044291e-10,-2.7617381664270773e-08,0.0404040813446045
1787304676.4858499,5.628752222044291e-10,-2.7617381664270773e-08,0.04041147232055665
1787304676.5218995,5.628752222044291e-10,-2.7617381664270773e-08,0.040232181549072266
1787304676.5773592,5.628752222044291e-10,-2.7617381664270773e-08,0.04028296470642089
1787304676.6285036,5.628752222044291e-10,-2.7617381664270773e-08,0.040177345275878906
1787304676.6692228,5.628752222044291e-10,-2.7617381664270773e-08,0.040253162384033196
1787304676.7225707,5.628752222044291e-10,-2.7617381664270773e-08,0.04039120674133301
1787304676.7826755,5.628752222044291e-10,-2.7617381664270773e-08,0.04050731658935547
1787304676.8192074,5.628752222044291e-10,-2.7617381664270773e-08,0.04052877426147461
1787304676.8698459,5.628752222044291e-10,-2.7617381664270773e-08,0.040493011474609375
1787304676.9193032,5.628752222044291e-10,-2.7617381664270773e-08,0.040433406829833984
1787304676.9704359,5.628752222044291e-10,-2.7617381664270773e-08,0.04040098190307617
1787304677.0189118,5.628752222044291e-10,-2.7617381664270773e-08,0.04035615921020508
1787304677.0814223,5.628752222044291e-10,-2.7617381664270773e-08,0.040322065353393555
1787304677.131467,5.628752222044291e-10,-2.7617381664270773e-08,0.040269851684570326
1787304677.1693788,5.628752222044291e-10,-2.7617381664270773e-08,0.040401458740234375
1787304677.2289307,5.628752222044291e-10,-2.7617381664270773e-08,0.04044771194458008
1787304677.270611,5.628752222044291e-10,-2.7617381664270773e-08,0.04046440124511718
1787304677.3295026,5.628752222044291e-10,-2.7617381664270773e-08,0.04049134254455567
1787304677.3692498,5.628752222044291e-10,-2.7617381664270773e-08,0.04062199592590332
1787304677.4246476,5.628752222044291e-10,-2.7617381664270773e-08,0.040605783462524414
1787304677.4778588,5.628752222044291e-10,-2.7617381664270773e-08,0.04054546356201172
1787304677.519261,5.628752222044291e-10,-2.7617381664270773e-08,0.04049611091613769
1787304677.5693903,5.628752222044291e-10,-2.7617381664270773e-08,0.04048514366149902
1787304677.620732,5.628752222044291e-10,-2.7617381664270773e-08,0.040465116500854485
1787304677.6694815,5.628752222044291e-10,-2.7617381664270773e-08,0.04052305221557617
1787304677.7205458,5.628752222044291e-10,-2.7617381664270773e-08,0.04057645797729492
1787304677.7695937,2.529031535710068e-05,1.0015879253342597e-06,0.0407717227935791
1787304677.8297029,6.810701009205813e-10,-3.0517586926275225e-08,0.04080581665039062
1787304677.8799796,6.810701009205813e-10,-3.0517586926275225e-08,0.04088354110717774
1787304677.9241037,6.810701009205813e-10,-3.0517586926275225e-08,0.040851593017578125
1787304677.970098,6.810701009205813e-10,-3.0517586926275225e-08,0.04086875915527344
1787304678.0242395,6.810701009205813e-10,-3.0517586926275225e-08,0.040892839431762695
1787304678.0691314,6.810701009205813e-10,-3.0517586926275225e-08,0.04077577590942382
1787304678.1206744,6.810701009205813e-10,-3.0517586926275225e-08,0.040710687637329095
1787304678.1701133,6.810701009205813e-10,-3.0517586926275225e-08,0.04053354263305664
1787304678.2194529,6.810701009205813e-10,-3.0517586926275225e-08,0.04061126708984375
1787304678.2693715,6.810701009205813e-10,-3.0517586926275225e-08,0.040755033493042
1787304678.319076,6.810701009205813e-10,-3.0517586926275225e-08,0.04098057746887208
1787304678.3695028,2.5290055940284875e-05,1.0079249169903665e-06,0.041098117828369134
1787304678.4191308,7.591303762018837e-10,-3.2416862895150845e-08,0.041130781173706055
1787304678.4695187,7.591303762018837e-10,-3.2416862895150845e-08,0.04109954833984374
1787304678.5199018,7.591303762018837e-10,-3.2416862895150845e-08,0.04096698760986328
1787304678.5705316,7.591303762018837e-10,-3.2416862895150845e-08,0.040864467620849616
1787304678.6210692,7.591303762018837e-10,-3.2416862895150845e-08,0.040812015533447266
1787304678.6906297,7.591303762018837e-10,-3.2416862895150845e-08,0.040872812271118164
1787304678.7194426,7.591303762018837e-10,-3.2416862895150845e-08,0.04110217094421387
1787304678.7713714,7.591303762018837e-10,-3.2416862895150845e-08,0.04145050048828126
1787304678.8204505,7.591303762018837e-10,-3.2416862895150845e-08,0.04159998893737793
1787304678.8752239,7.591303762018837e-10,-3.2416862895150845e-08,0.04162073135375977
1787304678.919435,7.591303762018837e-10,-3.2416862895150845e-08,0.041617870330810554
1787304678.971387,7.591303762018837e-10,-3.2416862895150845e-08,0.04159474372863769
1787304679.0546658,7.591303762018837e-10,-3.2416862895150845e-08,0.04149341583251953
1787304679.082951,7.591303762018837e-10,-3.2416862895150845e-08,0.0413672924041748
1787304679.1212733,7.591303762018837e-10,-3.2416862895150845e-08,0.04146456718444825
1787304679.173465,7.591303762018837e-10,-3.2416862895150845e-08,0.04149031639099122
1787304679.2243934,7.591303762018837e-10,-3.2416862895150845e-08,0.041717052459716804
1787304679.2926826,7.591303762018837e-10,-3.2416862895150845e-08,0.0418400764465332
1787304679.3203309,7.591303762018837e-10,-3.2416862895150845e-08,0.042047500610351556
1787304679.3992634,7.591303762018837e-10,-3.2416862895150845e-08,0.04204988479614258
1787304679.421717,7.591303762018837e-10,-3.2416862895150845e-08,0.04200863838195801
1787304679.470427,7.591303762018837e-10,-3.2416862895150845e-08,0.04194116592407227
1787304679.5291188,7.591303762018837e-10,-3.2416862895150845e-08,0.04192113876342773
1787304679.571047,7.591303762018837e-10,-3.2416862895150845e-08,0.04183459281921386
1787304679.630317,7.591303762018837e-10,-3.2416862895150845e-08,0.04176068305969238
1787304679.6737485,7.591303762018837e-10,-3.2416862895150845e-08,0.0418999195098877
1787304679.7232785,7.591303762018837e-10,-3.2416862895150845e-08,0.0419321060180664
1787304679.7713516,7.591303762018837e-10,-3.2416862895150845e-08,0.04215383529663086
1787304679.848215,7.591303762018837e-10,-3.2416862895150845e-08,0.0423283576965332
1787304679.8690155,7.591303762018837e-10,-3.2416862895150845e-08,0.042350292205810554
1787304679.9364839,7.591303762018837e-10,-3.2416862895150845e-08,0.0424799919128418
1787304679.991504,7.591303762018837e-10,-3.2416862895150845e-08,0.04244661331176758
1787304680.0273118,7.591303762018837e-10,-3.2416862895150845e-08,0.04238986968994141
1787304680.0701387,7.591303762018837e-10,-3.2416862895150845e-08,0.04233551025390625
1787304680.1219757,7.591303762018837e-10,-3.2416862895150845e-08,0.04218435287475586
1787304680.186435,7.591303762018837e-10,-3.2416862895150845e-08,0.04215383529663086
1787304680.254923,7.591303762018837e-10,-3.2416862895150845e-08,0.04226112365722657
1787304680.2800283,7.591303762018837e-10,-3.2416862895150845e-08,0.042398691177368164
1787304680.3479822,7.591303762018837e-10,-3.2416862895150845e-08,0.04249858856201172
1787304680.371872,2.5288563142374118e-05,1.0436000558447213e-06,0.04255175590515136
1787304680.4440444,8.046893008529967e-10,-3.348702403975181e-08,0.04258322715759277
1787304680.4889433,8.046893008529967e-10,-3.348702403975181e-08,0.04250001907348632
1787304680.5255759,8.046893008529967e-10,-3.348702403975181e-08,0.04250001907348632
1787304680.5692718,8.046893008529967e-10,-3.348702403975181e-08,0.04250001907348632
1787304680.6191204,8.046893008529967e-10,-3.348702403975181e-08,0.042371749877929694
1787304680.6694825,8.046893008529967e-10,-3.348702403975181e-08,0.042371749877929694
1787304680.719227,8.046893008529967e-10,-3.348702403975181e-08,0.042371749877929694
1787304680.7735624,8.046893008529967e-10,-3.348702403975181e-08,0.042371749877929694
1787304680.8195205,8.046893008529967e-10,-3.348702403975181e-08,0.04260706901550294
1787304680.8698204,8.046893008529967e-10,-3.348702403975181e-08,0.04260706901550294
1787304680.9417095,8.046893008529967e-10,-3.348702403975181e-08,0.04260706901550294
1787304680.9725263,8.046893008529967e-10,-3.348702403975181e-08,0.04260706901550294
1787304681.0185597,8.046893008529967e-10,-3.348702403975181e-08,0.042603492736816406
1787304681.0778477,8.046893008529967e-10,-3.348702403975181e-08,0.042419910430908196
1787304681.1303825,8.046893008529967e-10,-3.348702403975181e-08,0.042419910430908196
1787304681.1829455,8.046893008529967e-10,-3.348702403975181e-08,0.042419910430908196
1787304681.2203674,8.046893008529967e-10,-3.348702403975181e-08,0.042419910430908196
1787304681.269807,8.046893008529967e-10,-3.348702403975181e-08,0.042654275894165046
1787304681.3230312,8.046893008529967e-10,-3.348702403975181e-08,0.042654275894165046
1787304681.369737,8.046893008529967e-10,-3.348702403975181e-08,0.04266166687011719
1787304681.4506948,8.046893008529967e-10,-3.348702403975181e-08,0.04266166687011719
1787304681.4748218,8.046893008529967e-10,-3.348702403975181e-08,0.04266166687011719
1787304681.548471,8.046893008529967e-10,-3.348702403975181e-08,0.04266166687011719
1787304681.569495,8.046893008529967e-10,-3.348702403975181e-08,0.04253864288330079
1787304681.6222153,8.046893008529967e-10,-3.348702403975181e-08,0.04253864288330079
1787304681.6911583,8.046893008529967e-10,-3.348702403975181e-08,0.04253864288330079
1787304681.7194684,8.046893008529967e-10,-3.348702403975181e-08,0.04253864288330079
1787304681.7715805,8.046893008529967e-10,-3.348702403975181e-08,0.04241108894348145
1787304681.8244638,8.046893008529967e-10,-3.348702403975181e-08,0.04241108894348145
1787304681.873379,8.046893008529967e-10,-3.348702403975181e-08,0.04241108894348145
1787304681.9228466,8.046893008529967e-10,-3.348702403975181e-08,0.04241108894348145
1787304681.9810057,2.528800198744636e-05,1.0566950540072813e-06,0.043090105056762695
1787304682.0328982,2.528800198744636e-05,1.0566950540072813e-06,0.043090105056762695
1787304682.07036,2.528800198744636e-05,1.0566950540072813e-06,0.043090105056762695
1787304682.12097,2.528800198744636e-05,1.0566950540072813e-06,0.043090105056762695
1787304682.1692317,7.802632031050926e-10,-3.292030362698458e-08,0.042836666107177734
1787304682.2273626,7.802632031050926e-10,-3.292030362698458e-08,0.042836666107177734
1787304682.2716181,7.802632031050926e-10,-3.292030362698458e-08,0.042836666107177734
1787304682.3217535,7.802632031050926e-10,-3.292030362698458e-08,0.042836666107177734
1787304682.3703694,7.802632031050926e-10,-3.292030362698458e-08,0.04352736473083496
1787304682.419562,7.802632031050926e-10,-3.292030362698458e-08,0.04352736473083496
1787304682.4704063,7.802632031050926e-10,-3.292030362698458e-08,0.04355573654174805
1787304682.5213604,2.5287577153370137e-05,1.0665100916557144e-06,0.04334640502929688
1787304682.5816407,5.524978804267913e-10,-2.7669158416174073e-08,0.043140411376953125
1787304682.619669,5.524978804267913e-10,-2.7669158416174073e-08,0.04308438301086426
1787304682.6834962,5.524978804267913e-10,-2.7669158416174073e-08,0.04304718971252442
1787304682.722124,5.524978804267913e-10,-2.7669158416174073e-08,0.04318761825561524
1787304682.7701519,5.524978804267913e-10,-2.7669158416174073e-08,0.04333782196044921
1787304682.8204615,5.524978804267913e-10,-2.7669158416174073e-08,0.04356026649475097
1787304682.8694618,2.528721985450918e-05,1.074736462867619e-06,0.04357719421386718
1787304682.9273026,5.455332846091422e-10,-2.750939489468547e-08,0.04354763031005859
1787304682.9693587,5.455332846091422e-10,-2.750939489468547e-08,0.0435795783996582
1787304683.0213943,5.455332846091422e-10,-2.750939489468547e-08,0.04344010353088379
1787304683.0726173,5.455332846091422e-10,-2.750939489468547e-08,0.04344582557678223
1787304683.1206565,5.455332846091422e-10,-2.750939489468547e-08,0.0431351661682129
1787304683.1689577,5.455332846091422e-10,-2.750939489468547e-08,0.04317951202392578
1787304683.2259579,5.455332846091422e-10,-2.750939489468547e-08,0.043334245681762695
1787304683.2692645,5.455332846091422e-10,-2.750939489468547e-08,0.04340934753417969
1787304683.3301084,5.455332846091422e-10,-2.750939489468547e-08,0.04358959197998047
1787304683.3804986,5.455332846091422e-10,-2.750939489468547e-08,0.043624162673950195
1787304683.4212797,5.455332846091422e-10,-2.750939489468547e-08,0.04361295700073242
1787304683.4785507,5.455332846091422e-10,-2.750939489468547e-08,0.04362154006958007
1787304683.5411208,5.455332846091422e-10,-2.750939489468547e-08,0.04356503486633301
1787304683.5696766,5.455332846091422e-10,-2.750939489468547e-08,0.04346108436584473
1787304683.6211326,5.455332846091422e-10,-2.750939489468547e-08,0.04329109191894531
1787304683.6733434,5.455332846091422e-10,-2.750939489468547e-08,0.04333376884460449
1787304683.7243912,5.455332846091422e-10,-2.750939489468547e-08,0.04362440109252929
1787304683.7760637,5.455332846091422e-10,-2.750939489468547e-08,0.04373073577880859
1787304683.8202498,5.455332846091422e-10,-2.750939489468547e-08,0.04376626014709473
1787304683.877341,5.455332846091422e-10,-2.750939489468547e-08,0.043722391128540046
1787304683.9192894,5.455332846091422e-10,-2.750939489468547e-08,0.04372906684875488
1787304683.9693265,5.455332846091422e-10,-2.750939489468547e-08,0.04362225532531739
1787304684.0194905,5.455332846091422e-10,-2.750939489468547e-08,0.043532133102416985
1787304684.0708466,5.455332846091422e-10,-2.750939489468547e-08,0.043522357940673835
1787304684.1256466,5.455332846091422e-10,-2.750939489468547e-08,0.04357147216796876
1787304684.1695175,5.455332846091422e-10,-2.750939489468547e-08,0.04369235038757325
1787304684.2273216,5.455332846091422e-10,-2.750939489468547e-08,0.043767690658569336
1787304684.2690177,5.455332846091422e-10,-2.750939489468547e-08,0.043911457061767585
1787304684.325277,5.455332846091422e-10,-2.750939489468547e-08,0.04393458366394044
1787304684.3693917,5.455332846091422e-10,-2.750939489468547e-08,0.04385757446289062
1787304684.429926,5.455332846091422e-10,-2.750939489468547e-08,0.04375505447387695
1787304684.469229,5.455332846091422e-10,-2.750939489468547e-08,0.04372644424438477
1787304684.5192642,5.455332846091422e-10,-2.750939489468547e-08,0.04372644424438477
1787304684.57534,5.455332846091422e-10,-2.750939489468547e-08,0.04372644424438477
1787304684.6223686,5.455332846091422e-10,-2.750939489468547e-08,0.04372644424438477
1787304684.672347,5.455332846091422e-10,-2.750939489468547e-08,0.04372644424438477
1787304684.7307303,5.455332846091422e-10,-2.750939489468547e-08,0.043851852416992194
1787304684.7841113,5.455332846091422e-10,-2.750939489468547e-08,0.043851852416992194
1787304684.8593717,5.455332846091422e-10,-2.750939489468547e-08,0.043851852416992194
1787304684.8989606,5.455332846091422e-10,-2.750939489468547e-08,0.043851852416992194
1787304684.9315846,5.455332846091422e-10,-2.750939489468547e-08,0.043562889099121094
1787304685.018135,5.455332846091422e-10,-2.750939489468547e-08,0.043562889099121094
1787304685.0241523,5.455332846091422e-10,-2.750939489468547e-08,0.043562889099121094
1787304685.0884688,5.455332846091422e-10,-2.750939489468547e-08,0.043562889099121094
1787304685.168324,5.455332846091422e-10,-2.750939489468547e-08,0.04377031326293945
1787304685.1855373,5.455332846091422e-10,-2.750939489468547e-08,0.04377031326293945
1787304685.2450302,5.455332846091422e-10,-2.750939489468547e-08,0.043829917907714844
1787304685.322038,5.455332846091422e-10,-2.750939489468547e-08,0.04383039474487304
1787304685.381546,5.455332846091422e-10,-2.750939489468547e-08,0.04381227493286134
1787304685.4770033,5.455332846091422e-10,-2.750939489468547e-08,0.04381227493286134
1787304685.5467482,5.455332846091422e-10,-2.750939489468547e-08,0.04381227493286134
1787304685.5732903,5.455332846091422e-10,-2.750939489468547e-08,0.04381227493286134
1787304685.6293545,4.601857632649108e-10,-2.5556068295988784e-08,0.043553829193115234
1787304685.669278,4.601857632649108e-10,-2.5556068295988784e-08,0.043695688247680664
1787304685.7256143,4.601857632649108e-10,-2.5556068295988784e-08,0.043695688247680664
1787304685.7721782,4.601857632649108e-10,-2.5556068295988784e-08,0.043695688247680664
1787304685.8234036,4.601857632649108e-10,-2.5556068295988784e-08,0.043695688247680664
1787304685.8714502,4.601857632649108e-10,-2.5556068295988784e-08,0.0443410873413086
1787304685.921717,4.601857632649108e-10,-2.5556068295988784e-08,0.0443410873413086
1787304685.9700232,4.601857632649108e-10,-2.5556068295988784e-08,0.0443410873413086
1787304686.0277095,4.601857632649108e-10,-2.5556068295988784e-08,0.0443410873413086
1787304686.0698962,4.601857632649108e-10,-2.5556068295988784e-08,0.044098377227783196
1787304686.1585581,4.601857632649108e-10,-2.5556068295988784e-08,0.044098377227783196
1787304686.1729293,4.601857632649108e-10,-2.5556068295988784e-08,0.044098377227783196
1787304686.2223227,4.601857632649108e-10,-2.5556068295988784e-08,0.044098377227783196
1787304686.294618,4.601857632649108e-10,-2.5556068295988784e-08,0.04414629936218262
1787304686.3194816,4.601857632649108e-10,-2.5556068295988784e-08,0.04414629936218262
1787304686.3703806,4.601857632649108e-10,-2.5556068295988784e-08,0.04414629936218262
1787304686.4192696,4.601857632649108e-10,-2.5556068295988784e-08,0.04414629936218262
1787304686.4820948,4.601857632649108e-10,-2.5556068295988784e-08,0.04428315162658692
1787304686.5426981,4.601857632649108e-10,-2.5556068295988784e-08,0.04425621032714844
1787304686.5723822,4.601857632649108e-10,-2.5556068295988784e-08,0.04419708251953126
1787304686.625436,4.601857632649108e-10,-2.5556068295988784e-08,0.04421544075012207
1787304686.6759572,4.601857632649108e-10,-2.5556068295988784e-08,0.04425382614135743
1787304686.7259114,4.601857632649108e-10,-2.5556068295988784e-08,0.044384956359863295
1787304686.7718797,4.601857632649108e-10,-2.5556068295988784e-08,0.044599533081054694
1787304686.8272219,4.601857632649108e-10,-2.5556068295988784e-08,0.04475116729736328
1787304686.8914092,4.601857632649108e-10,-2.5556068295988784e-08,0.04471445083618164
1787304686.9300478,4.601857632649108e-10,-2.5556068295988784e-08,0.044638633728027344
1787304686.969643,4.601857632649108e-10,-2.5556068295988784e-08,0.0445859432220459
1787304687.0239518,4.601857632649108e-10,-2.5556068295988784e-08,0.044524431228637695
1787304687.0802076,4.601857632649108e-10,-2.5556068295988784e-08,0.0444016456604004
1787304687.1384356,4.601857632649108e-10,-2.5556068295988784e-08,0.04450798034667968
1787304687.1744418,2.5286066453341614e-05,1.1009251075941693e-06,0.044533729553222656
1787304687.2581956,7.432509104806143e-10,-3.1892047656460186e-08,0.04500913619995117
1787304687.2913656,7.432509104806143e-10,-3.1892047656460186e-08,0.045053720474243164
1787304687.325561,7.432509104806143e-10,-3.1892047656460186e-08,0.04510068893432617
1787304687.3789072,7.432509104806143e-10,-3.1892047656460186e-08,0.04507541656494141
1787304687.4513595,7.432509104806143e-10,-3.1892047656460186e-08,0.04499101638793945
1787304687.4696302,7.432509104806143e-10,-3.1892047656460186e-08,0.044834136962890625
1787304687.5213113,7.432509104806143e-10,-3.1892047656460186e-08,0.04459047317504883
1787304687.5727935,7.432509104806143e-10,-3.1892047656460186e-08,0.044626712799072266
1787304687.6199527,7.432509104806143e-10,-3.1892047656460186e-08,0.04477214813232422
1787304687.6692822,7.432509104806143e-10,-3.1892047656460186e-08,0.04484891891479492
1787304687.7197678,7.432509104806143e-10,-3.1892047656460186e-08,0.04503941535949707
1787304687.769366,7.432509104806143e-10,-3.1892047656460186e-08,0.044989824295043945
1787304687.8222218,7.432509104806143e-10,-3.1892047656460186e-08,0.044870853424072266
1787304687.8731306,7.432509104806143e-10,-3.1892047656460186e-08,0.044719696044921875
1787304687.9291143,7.432509104806143e-10,-3.1892047656460186e-08,0.04444241523742675
1787304687.9806974,7.432509104806143e-10,-3.1892047656460186e-08,0.044490575790405266
1787304688.0281193,7.432509104806143e-10,-3.1892047656460186e-08,0.04444622993469238
1787304688.0693479,2.5286360260300627e-05,1.0943479858497536e-06,0.044576406478881836
1787304688.1559153,8.612681760269622e-10,-3.453857970861159e-08,0.044655561447143555
1787304688.182409,8.612681760269622e-10,-3.453857970861159e-08,0.04483819007873536
1787304688.2195144,8.612681760269622e-10,-3.453857970861159e-08,0.044950008392333984
1787304688.2727532,8.612681760269622e-10,-3.453857970861159e-08,0.044916629791259766
1787304688.3207989,8.612681760269622e-10,-3.453857970861159e-08,0.044872760772705085
1787304688.3808875,8.612681760269622e-10,-3.453857970861159e-08,0.04466700553894044
1787304688.4370358,8.612681760269622e-10,-3.453857970861159e-08,0.04463219642639161
1787304688.4953904,8.612681760269622e-10,-3.453857970861159e-08,0.04455780982971191
1787304688.5235674,8.612681760269622e-10,-3.453857970861159e-08,0.04455780982971191
1787304688.5739617,8.612681760269622e-10,-3.453857970861159e-08,0.04455780982971191
1787304688.6276913,8.612681760269622e-10,-3.453857970861159e-08,0.04481887817382813
1787304688.6805274,8.612681760269622e-10,-3.453857970861159e-08,0.04492664337158203
1787304688.7253807,8.612681760269622e-10,-3.453857970861159e-08,0.04492664337158203
1787304688.772072,8.612681760269622e-10,-3.453857970861159e-08,0.04492664337158203
1787304688.8308692,8.612681760269622e-10,-3.453857970861159e-08,0.04492664337158203
1787304688.8706539,8.612681760269622e-10,-3.453857970861159e-08,0.04482340812683106
1787304688.929091,8.612681760269622e-10,-3.453857970861159e-08,0.04482340812683106
1787304688.9872475,8.612681760269622e-10,-3.453857970861159e-08,0.04482340812683106
1787304689.0201414,8.612681760269622e-10,-3.453857970861159e-08,0.04491233825683594
1787304689.1995215,8.612681760269622e-10,-3.453857970861159e-08,0.04491233825683594
1787304689.2255886,8.612681760269622e-10,-3.453857970861159e-08,0.044942378997802734
1787304689.2686396,8.612681760269622e-10,-3.453857970861159e-08,0.045165777206420905
1787304689.3233426,8.612681760269622e-10,-3.453857970861159e-08,0.04521346092224121
1787304689.3733807,8.612681760269622e-10,-3.453857970861159e-08,0.04521346092224121
1787304689.4198864,8.612681760269622e-10,-3.453857970861159e-08,0.045157432556152344
1787304689.4753072,8.612681760269622e-10,-3.453857970861159e-08,0.045157432556152344
1787304689.5242164,8.612681760269622e-10,-3.453857970861159e-08,0.04495811462402345
1787304689.570578,8.612681760269622e-10,-3.453857970861159e-08,0.04495811462402345
1787304689.6204677,8.612681760269622e-10,-3.453857970861159e-08,0.04495811462402345
1787304689.676418,1.0506752562534992e-09,-3.874038576906823e-08,0.04522943496704102
1787304689.7221947,1.0506752562534992e-09,-3.874038576906823e-08,0.04522943496704102
1787304689.7706375,1.0506752562534992e-09,-3.874038576906823e-08,0.04522943496704102
1787304689.8231144,1.0506752562534992e-09,-3.874038576906823e-08,0.04522943496704102
1787304689.874316,1.0506752562534992e-09,-3.874038576906823e-08,0.04522943496704102
1787304689.9307468,1.0506752562534992e-09,-3.874038576906823e-08,0.0453345775604248
1787304689.9706035,1.0506752562534992e-09,-3.874038576906823e-08,0.0453345775604248
1787304690.0192792,1.0506752562534992e-09,-3.874038576906823e-08,0.0453345775604248
1787304690.0709522,1.0506752562534992e-09,-3.874038576906823e-08,0.0453345775604248
1787304690.1224291,1.0506752562534992e-09,-3.874038576906823e-08,0.0450596809387207
1787304690.171073,1.0506752562534992e-09,-3.874038576906823e-08,0.045430660247802734
1787304690.2234225,1.0506752562534992e-09,-3.874038576906823e-08,0.045430660247802734
1787304690.2688656,1.0506752562534992e-09,-3.874038576906823e-08,0.045699357986450195
1787304690.3281484,1.0506752562534992e-09,-3.874038576906823e-08,0.045699357986450195
1787304690.4265978,1.0506752562534992e-09,-3.874038576906823e-08,0.04557895660400391
1787304690.4849744,1.0506752562534992e-09,-3.874038576906823e-08,0.045181989669799805
1787304690.521128,1.0506752562534992e-09,-3.874038576906823e-08,0.04513835906982421
1787304690.5729368,1.0506752562534992e-09,-3.874038576906823e-08,0.04528498649597167
1787304690.6217585,1.0506752562534992e-09,-3.874038576906823e-08,0.04550480842590332
1787304690.6694224,1.0506752562534992e-09,-3.874038576906823e-08,0.045579433441162116
1787304690.7203364,1.0506752562534992e-09,-3.874038576906823e-08,0.04569268226623535
1787304690.7730393,1.0506752562534992e-09,-3.874038576906823e-08,0.0457167625427246
1787304690.8194733,1.0506752562534992e-09,-3.874038576906823e-08,0.04570579528808593
1787304690.8807652,1.0506752562534992e-09,-3.874038576906823e-08,0.04571247100830078
1787304690.9207315,1.0506752562534992e-09,-3.874038576906823e-08,0.04562973976135254
1787304690.9793596,1.0506752562534992e-09,-3.874038576906823e-08,0.04557085037231445
1787304691.0244231,1.0506752562534992e-09,-3.874038576906823e-08,0.04552936553955078
1787304691.0742538,1.0506752562534992e-09,-3.874038576906823e-08,0.04567551612854004
1787304691.1218834,1.0506752562534992e-09,-3.874038576906823e-08,0.045764684677124016
1787304691.1729379,1.0506752562534992e-09,-3.874038576906823e-08,0.04579210281372071
1787304691.2307868,1.0506752562534992e-09,-3.874038576906823e-08,0.045913934707641595
1787304691.269412,1.0506752562534992e-09,-3.874038576906823e-08,0.04597091674804687
1787304691.3244903,1.0506752562534992e-09,-3.874038576906823e-08,0.04597425460815429
1787304691.3699512,1.0506752562534992e-09,-3.874038576906823e-08,0.04590034484863282
1787304691.4330728,1.0506752562534992e-09,-3.874038576906823e-08,0.04585456848144531
1787304691.4691112,1.0506752562534992e-09,-3.874038576906823e-08,0.04582214355468749
1787304691.5193868,1.0506752562534992e-09,-3.874038576906823e-08,0.045871734619140625
1787304691.5702498,1.0506752562534992e-09,-3.874038576906823e-08,0.045976400375366225
1787304691.6213183,1.0506752562534992e-09,-3.874038576906823e-08,0.04609322547912598
1787304691.67178,1.0506752562534992e-09,-3.874038576906823e-08,0.0461716651916504
1787304691.720254,1.0506752562534992e-09,-3.874038576906823e-08,0.046183109283447266
1787304691.7874422,1.0506752562534992e-09,-3.874038576906823e-08,0.046163797378540046
1787304691.822046,1.0506752562534992e-09,-3.874038576906823e-08,0.04607748985290527
1787304691.8696125,1.0506752562534992e-09,-3.874038576906823e-08,0.04607486724853516
1787304691.9241855,1.0506752562534992e-09,-3.874038576906823e-08,0.045955419540405266
1787304691.9763346,1.0506752562534992e-09,-3.874038576906823e-08,0.0459880828857422
1787304692.0445185,1.0506752562534992e-09,-3.874038576906823e-08,0.0459887981414795
1787304692.070547,1.0506752562534992e-09,-3.874038576906823e-08,0.04613113403320312
1787304692.1220639,1.0506752562534992e-09,-3.874038576906823e-08,0.04616904258728027
1787304692.1802502,1.0506752562534992e-09,-3.874038576906823e-08,0.04633641242980956
1787304692.2257266,1.0506752562534992e-09,-3.874038576906823e-08,0.046425819396972656
1787304692.2704554,1.0506752562534992e-09,-3.874038576906823e-08,0.04637908935546875
1787304692.3194716,1.0506752562534992e-09,-3.874038576906823e-08,0.04633045196533203
1787304692.3698301,1.0506752562534992e-09,-3.874038576906823e-08,0.04627823829650878
1787304692.4193568,1.0506752562534992e-09,-3.874038576906823e-08,0.04627823829650878
1787304692.472348,1.0506752562534992e-09,-3.874038576906823e-08,0.0463094711303711
1787304692.5224998,1.0506752562534992e-09,-3.874038576906823e-08,0.046345233917236335
1787304692.5731573,1.0506752562534992e-09,-3.874038576906823e-08,0.04648280143737793
1787304692.6301003,1.0506752562534992e-09,-3.874038576906823e-08,0.046503543853759766
1787304692.691534,2.528434993310422e-05,1.1383844150643043e-06,0.04654407501220704
1787304692.7421198,1.0985467019898804e-09,-3.9768160208645325e-08,0.0465848445892334
1787304692.7693138,1.0985467019898804e-09,-3.9768160208645325e-08,0.04671812057495118
1787304692.8267484,1.0985467019898804e-09,-3.9768160208645325e-08,0.04676318168640136
1787304692.8702111,1.0985467019898804e-09,-3.9768160208645325e-08,0.046692609786987305
1787304692.9411535,1.0985467019898804e-09,-3.9768160208645325e-08,0.04659152030944825
1787304692.977208,2.528454396727128e-05,1.1342130252139504e-06,0.046207427978515625
1787304693.0220928,9.568226618765637e-10,-3.671193377134334e-08,0.04634976387023926
1787304693.0761433,9.568226618765637e-10,-3.671193377134334e-08,0.046446084976196296
1787304693.1214323,9.568226618765637e-10,-3.671193377134334e-08,0.0465085506439209
1787304693.1715503,9.568226618765637e-10,-3.671193377134334e-08,0.046646595001220696
1787304693.2247674,2.5283990508035793e-05,1.14610327702038e-06,0.046851158142089844
1787304693.2695372,1.101680398878015e-09,-3.980426068440349e-08,0.04689121246337892
1787304693.3236732,1.101680398878015e-09,-3.980426068440349e-08,0.046916723251342766
1787304693.3694406,1.101680398878015e-09,-3.980426068440349e-08,0.04684042930603028
1787304693.4189672,1.101680398878015e-09,-3.980426068440349e-08,0.04683613777160645
1787304693.4691346,1.101680398878015e-09,-3.980426068440349e-08,0.04673576354980468
1787304693.5193837,1.101680398878015e-09,-3.980426068440349e-08,0.04649758338928223
1787304693.5752468,1.101680398878015e-09,-3.980426068440349e-08,0.04657411575317382
1787304693.621577,1.101680398878015e-09,-3.980426068440349e-08,0.046695470809936516
1787304693.6720843,1.101680398878015e-09,-3.980426068440349e-08,0.04677414894104004
1787304693.719493,1.101680398878015e-09,-3.980426068440349e-08,0.04693484306335449
1787304693.769631,1.101680398878015e-09,-3.980426068440349e-08,0.04688692092895509
1787304693.8436534,1.101680398878015e-09,-3.980426068440349e-08,0.04683279991149902
1787304693.9020126,1.101680398878015e-09,-3.980426068440349e-08,0.046795368194580085
1787304693.941892,1.101680398878015e-09,-3.980426068440349e-08,0.04664397239685059
1787304694.006967,1.101680398878015e-09,-3.980426068440349e-08,0.04648756980895997
1787304694.051327,1.101680398878015e-09,-3.980426068440349e-08,0.04650425910949706
1787304694.0729744,2.5284408374925402e-05,1.1371607979059482e-06,0.046530723571777344
1787304694.1437685,1.1860686943391153e-09,-4.1615674684345714e-08,0.04664754867553711
1787304694.1731758,1.1860686943391153e-09,-4.1615674684345714e-08,0.04705095291137695
1787304694.2243814,1.1860686943391153e-09,-4.1615674684345714e-08,0.04726624488830566
1787304694.27407,1.1860686943391153e-09,-4.1615674684345714e-08,0.04723381996154786
1787304694.3211448,1.1860686943391153e-09,-4.1615674684345714e-08,0.047150850296020494
1787304694.3998408,1.1860686943391153e-09,-4.1615674684345714e-08,0.0471038818359375
1787304694.4237242,1.1860686943391153e-09,-4.1615674684345714e-08,0.04703712463378906
1787304694.4694998,1.1860686943391153e-09,-4.1615674684345714e-08,0.047046661376953125
1787304694.5203497,1.1860686943391153e-09,-4.1615674684345714e-08,0.047046661376953125
1787304694.5771356,1.1860686943391153e-09,-4.1615674684345714e-08,0.04713034629821778
1787304694.6293578,1.1860686943391153e-09,-4.1615674684345714e-08,0.047235488891601576
1787304694.669268,1.1860686943391153e-09,-4.1615674684345714e-08,0.047235488891601576
1787304694.7205517,1.1860686943391153e-09,-4.1615674684345714e-08,0.047235488891601576
1787304694.7880158,1.1860686943391153e-09,-4.1615674684345714e-08,0.04754281044006349
1787304694.8208203,1.1860686943391153e-09,-4.1615674684345714e-08,0.04754281044006349
1787304694.86947,1.1860686943391153e-09,-4.1615674684345714e-08,0.04754281044006349
1787304694.9210246,1.1860686943391153e-09,-4.1615674684345714e-08,0.04754281044006349
1787304694.9695427,1.1860686943391153e-09,-4.1615674684345714e-08,0.04754281044006349
1787304695.0287137,1.1860686943391153e-09,-4.1615674684345714e-08,0.04755187034606935
1787304695.0822704,1.1860686943391153e-09,-4.1615674684345714e-08,0.04743003845214844
1787304695.1196227,1.1860686943391153e-09,-4.1615674684345714e-08,0.04743003845214844
1787304695.1722233,1.1860686943391153e-09,-4.1615674684345714e-08,0.04743003845214844
1787304695.2356353,1.1860686943391153e-09,-4.1615674684345714e-08,0.04743003845214844
1787304695.2734346,1.1860686943391153e-09,-4.1615674684345714e-08,0.04743003845214844
1787304695.3198183,1.1860686943391153e-09,-4.1615674684345714e-08,0.04743003845214844
1787304695.3694546,1.1860686943391153e-09,-4.1615674684345714e-08,0.04743003845214844
1787304695.4219413,1.1860686943391153e-09,-4.1615674684345714e-08,0.04743003845214844
1787304695.4716656,1.1860686943391153e-09,-4.1615674684345714e-08,0.047216653823852546
1787304695.544755,1.1860686943391153e-09,-4.1615674684345714e-08,0.047216653823852546
1787304695.5701792,1.1860686943391153e-09,-4.1615674684345714e-08,0.047216653823852546
1787304695.6308377,1.1860686943391153e-09,-4.1615674684345714e-08,0.047216653823852546
1787304695.7984548,1.1860686943391153e-09,-4.1615674684345714e-08,0.0475597381591797
1787304695.81934,1.1860686943391153e-09,-4.1615674684345714e-08,0.04781603813171388
1787304695.9670074,1.1860686943391153e-09,-4.1615674684345714e-08,0.04783940315246581
1787304695.984505,2.5283058650791385e-05,1.1657628497403432e-06,0.04772830009460449
1787304696.0308414,2.5283058650791385e-05,1.1657628497403432e-06,0.04772830009460449
1787304696.0705361,2.5283058650791385e-05,1.1657628497403432e-06,0.04772830009460449
1787304696.119231,1.158584477135979e-09,-4.104003206424349e-08,0.047790050506591804
1787304696.1703,1.158584477135979e-09,-4.104003206424349e-08,0.047790050506591804
1787304696.2195735,1.158584477135979e-09,-4.104003206424349e-08,0.047992944717407234
1787304696.2710326,1.158584477135979e-09,-4.104003206424349e-08,0.047992944717407234
1787304696.3196518,1.158584477135979e-09,-4.104003206424349e-08,0.047992944717407234
1787304696.369326,1.158584477135979e-09,-4.104003206424349e-08,0.04798316955566406
1787304696.4192088,1.158584477135979e-09,-4.104003206424349e-08,0.04798316955566406
1787304696.469089,1.158584477135979e-09,-4.104003206424349e-08,0.04784679412841797
1787304696.5192256,1.158584477135979e-09,-4.104003206424349e-08,0.047806739807128906
1787304696.5692816,1.158584477135979e-09,-4.104003206424349e-08,0.04786396026611328
1787304696.636699,1.158584477135979e-09,-4.104003206424349e-08,0.04801225662231446
1787304696.704736,1.158584477135979e-09,-4.104003206424349e-08,0.048040151596069336
1787304696.7227707,1.158584477135979e-09,-4.104003206424349e-08,0.048040151596069336
1787304696.7933593,1.158584477135979e-09,-4.104003206424349e-08,0.04819631576538086
1787304696.8457162,1.158584477135979e-09,-4.104003206424349e-08,0.048175096511840834
1787304696.904185,1.158584477135979e-09,-4.104003206424349e-08,0.04810500144958497
1787304696.928188,1.158584477135979e-09,-4.104003206424349e-08,0.04799032211303712
1787304696.9943314,1.158584477135979e-09,-4.104003206424349e-08,0.04797315597534179
1787304697.0473614,1.158584477135979e-09,-4.104003206424349e-08,0.047790050506591804
1787304697.095704,1.158584477135979e-09,-4.104003206424349e-08,0.04771542549133301
1787304697.1388984,1.158584477135979e-09,-4.104003206424349e-08,0.04768681526184081
1787304697.1762536,1.158584477135979e-09,-4.104003206424349e-08,0.04759454727172852
1787304697.231459,1.158584477135979e-09,-4.104003206424349e-08,0.047744989395141615
1787304697.282696,1.158584477135979e-09,-4.104003206424349e-08,0.04787707328796388
1787304697.319099,1.158584477135979e-09,-4.104003206424349e-08,0.048330545425415046
1787304697.3791993,1.158584477135979e-09,-4.104003206424349e-08,0.04834485054016114
1787304697.419506,1.158584477135979e-09,-4.104003206424349e-08,0.04832005500793458
1787304697.4722278,1.158584477135979e-09,-4.104003206424349e-08,0.04829955101013184
1787304697.523523,1.158584477135979e-09,-4.104003206424349e-08,0.04823613166809083
1787304697.585021,1.158584477135979e-09,-4.104003206424349e-08,0.0481717586517334
1787304697.6255517,1.158584477135979e-09,-4.104003206424349e-08,0.048187255859375
1787304697.680741,1.158584477135979e-09,-4.104003206424349e-08,0.04830455780029296
1787304697.7213857,1.158584477135979e-09,-4.104003206424349e-08,0.04844999313354492
1787304697.7824898,1.158584477135979e-09,-4.104003206424349e-08,0.048638105392456055
1787304697.8315537,1.158584477135979e-09,-4.104003206424349e-08,0.04869842529296875
1787304697.8734477,1.158584477135979e-09,-4.104003206424349e-08,0.04869151115417479
1787304697.9219131,1.158584477135979e-09,-4.104003206424349e-08,0.04858517646789551
1787304697.9779809,2.5282030370469763e-05,1.1871154543601544e-06,0.048499345779418945
1787304698.0336626,9.673907365647598e-10,-3.709807823784203e-08,0.04827332496643067
1787304698.0722618,9.673907365647598e-10,-3.709807823784203e-08,0.048398733139038086
1787304698.120925,9.673907365647598e-10,-3.709807823784203e-08,0.04852557182312012
1787304698.175164,9.673907365647598e-10,-3.709807823784203e-08,0.048577308654785156
1787304698.2197347,9.673907365647598e-10,-3.709807823784203e-08,0.04888868331909181
1787304698.272295,9.673907365647598e-10,-3.709807823784203e-08,0.04898929595947265
1787304698.3206632,9.673907365647598e-10,-3.709807823784203e-08,0.048983335494995124
1787304698.3734393,9.673907365647598e-10,-3.709807823784203e-08,0.04889035224914551
1787304698.4193077,9.673907365647598e-10,-3.709807823784203e-08,0.04880332946777343
1787304698.4789264,9.673907365647598e-10,-3.709807823784203e-08,0.04881215095520019
1787304698.5223377,9.673907365647598e-10,-3.709807823784203e-08,0.04881215095520019
1787304698.5784214,9.673907365647598e-10,-3.709807823784203e-08,0.048844814300537116
1787304698.6278698,9.673907365647598e-10,-3.709807823784203e-08,0.04904842376708986
1787304698.7022908,9.673907365647598e-10,-3.709807823784203e-08,0.04901123046875
1787304698.7198591,9.673907365647598e-10,-3.709807823784203e-08,0.04922366142272949
1787304698.772928,9.673907365647598e-10,-3.709807823784203e-08,0.04929018020629883
1787304698.8195732,9.673907365647598e-10,-3.709807823784203e-08,0.0492703914642334
1787304698.869393,9.673907365647598e-10,-3.709807823784203e-08,0.04925704002380371
1787304698.9204214,9.673907365647598e-10,-3.709807823784203e-08,0.049223423004150384
1787304698.9703412,2.528100772424621e-05,1.208054480590949e-06,0.049205780029296875
1787304699.0224962,8.9173624372182e-10,-3.556113195712929e-08,0.049101829528808594
1787304699.0714295,8.9173624372182e-10,-3.556113195712929e-08,0.04915666580200197
1787304699.119342,8.9173624372182e-10,-3.556113195712929e-08,0.04927873611450196
1787304699.1697557,8.9173624372182e-10,-3.556113195712929e-08,0.04932379722595215
1787304699.2229142,8.9173624372182e-10,-3.556113195712929e-08,0.049428939819335944
1787304699.2704182,8.9173624372182e-10,-3.556113195712929e-08,0.04937696456909179
1787304699.3232145,8.9173624372182e-10,-3.556113195712929e-08,0.049410104751586914
1787304699.3729045,8.9173624372182e-10,-3.556113195712929e-08,0.049355506896972656
1787304699.4236841,8.9173624372182e-10,-3.556113195712929e-08,0.049355983734130866
1787304699.4693804,8.9173624372182e-10,-3.556113195712929e-08,0.04927062988281251
1787304699.52325,8.9173624372182e-10,-3.556113195712929e-08,0.04920291900634766
1787304699.5763268,8.9173624372182e-10,-3.556113195712929e-08,0.04924249649047852
1787304699.6196086,8.9173624372182e-10,-3.556113195712929e-08,0.0493299961090088
1787304699.6740122,8.9173624372182e-10,-3.556113195712929e-08,0.04938268661499022
1787304699.7198145,8.9173624372182e-10,-3.556113195712929e-08,0.04945898056030272
1787304699.772143,8.9173624372182e-10,-3.556113195712929e-08,0.049561977386474616
1787304699.8312352,8.9173624372182e-10,-3.556113195712929e-08,0.049489974975585944
1787304699.87542,8.9173624372182e-10,-3.556113195712929e-08,0.049412012100219734
1787304699.9254975,8.9173624372182e-10,-3.556113195712929e-08,0.049320697784423835
1787304699.9764183,8.9173624372182e-10,-3.556113195712929e-08,0.049301147460937514
1787304700.0242376,8.9173624372182e-10,-3.556113195712929e-08,0.04930281639099121
1787304700.0713284,2.528079089557734e-05,1.2124543537463908e-06,0.04935288429260253
