time,x_odom,y_odom,yaw_odom
1787559455.066896,0.0,0.0,0.0412968397140503
1787559455.1368737,0.0,0.0,0.041285961866378784
1787559455.2319987,0.0,0.0,0.04132300615310668
1787559455.275611,0.0,0.0,0.041353493928909295
1787559455.3226268,0.0,0.0,0.0417298674583435
1787559455.4254231,0.0,0.0,0.04171857237815857
1787559455.47424,0.0,0.0,0.041695863008499146
1787559455.5227873,0.0,0.0,0.041695863008499146
1787559455.574568,0.0,0.0,0.041867077350616455
1787559455.6250076,0.0,0.0,0.04188469052314759
1787559455.6824758,0.0,0.0,0.04216459393501282
1787559455.7241447,0.0,0.0,0.04213184118270874
1787559455.7722847,0.0,0.0,0.04213184118270874
1787559455.823723,0.0,0.0,0.04211336374282837
1787559455.8892577,0.0,0.0,0.04214724898338318
1787559455.926444,0.0,0.0,0.04214724898338318
1787559455.975342,0.0,0.0,0.04234975576400757
1787559456.031189,0.0,0.0,0.04234975576400757
1787559456.0743916,0.0,0.0,0.04234975576400757
1787559456.1237752,0.0,0.0,0.04232555627822876
1787559456.1838515,0.0,0.0,0.042337238788604736
1787559456.231451,0.0,0.0,0.042337238788604736
1787559456.2900338,0.0,0.0,0.042475432157516486
1787559456.3469844,0.0,0.0,0.04272648692131043
1787559456.3721354,0.0,0.0,0.04274308681488037
1787559456.4667957,0.0,0.0,0.04274308681488037
1787559456.4742992,0.0,0.0,0.04274308681488037
1787559456.527804,0.0,0.0,0.04274308681488037
1787559456.582991,0.0,0.0,0.04280036687850952
1787559456.6224704,0.0,0.0,0.04280036687850952
1787559456.678949,0.0,0.0,0.04308474063873291
1787559456.725028,0.0,0.0,0.043068885803222656
1787559456.7931314,0.0,0.0,0.043077826499938965
1787559456.8587337,0.0,0.0,0.04303652048110962
1787559456.8971364,0.0,0.0,0.04302975535392761
1787559456.9254076,0.0,0.0,0.043054014444351196
1787559456.9736903,0.0,0.0,0.04324282705783843
1787559457.0255356,0.0,0.0,0.04337236285209656
1787559457.100343,0.0,0.0,0.043389216065406806
1787559457.1313431,0.0,0.0,0.043340355157852166
1787559457.186685,0.0,0.0,0.04331453144550324
1787559457.2233272,0.0,0.0,0.04332827031612396
1787559457.2844656,0.0,0.0,0.04338163137435913
1787559457.3247375,0.0,0.0,0.043447494506835944
1787559457.3723717,0.0,0.0,0.043514758348464966
1787559457.436299,0.0,0.0,0.04348127543926239
1787559457.4787443,0.0,0.0,0.04347270727157593
1787559457.523383,0.0,0.0,0.04347270727157593
1787559457.581249,0.0,0.0,0.04350228607654572
1787559457.6226058,0.0,0.0,0.04355838894844056
1787559457.676815,0.0,0.0,0.04372480511665345
1787559457.7252774,0.0,0.0,0.04383966326713563
1787559457.7762015,0.0,0.0,0.043846353888511665
1787559457.8254457,0.0,0.0,0.043846353888511665
1787559457.8746789,0.0,0.0,0.043782874941825874
1787559457.9226177,0.0,0.0,0.043847590684890754
1787559457.9745715,0.0,0.0,0.04394836723804474
1787559458.022861,0.0,0.0,0.0440184473991394
1787559458.0721498,0.0,0.0,0.04407544434070588
1787559458.1221151,0.0,0.0,0.044262275099754333
1787559458.173613,0.0,0.0,0.04424570500850677
1787559458.226345,0.0,0.0,0.04424570500850677
1787559458.2809885,0.0,0.0,0.044220119714736945
1787559458.3356047,0.0,0.0,0.044253051280975335
1787559458.3872342,0.0,0.0,0.04428187012672425
1787559458.4300816,0.0,0.0,0.04440958797931671
1787559458.4861612,0.0,0.0,0.044404879212379456
1787559458.524368,0.0,0.0,0.044404879212379456
1787559458.5864909,0.0,0.0,0.044368743896484375
1787559458.6731782,0.0,0.0,0.04434970021247864
1787559458.7590418,0.0,0.0,0.0445132553577423
1787559458.8198035,0.0,0.0,0.04450678825378418
1787559458.8610475,0.0,0.0,0.044501498341560364
1787559458.9163795,0.0,0.0,0.0444708913564682
1787559458.968451,0.0,0.0,0.04444591701030732
1787559459.014004,0.0,0.0,0.04451198875904083
1787559459.059571,0.0,0.0,0.044569075107574456
1787559459.12165,0.0,0.0,0.044565409421920776
1787559459.2149289,0.0,0.0,0.044663935899734504
1787559459.2664783,0.0,0.0,0.04462842643260956
1787559459.3123097,0.0,0.0,0.044612303376197815
1787559459.3659084,0.0,0.0,0.044690221548080444
1787559459.4172919,0.0,0.0,0.04468815028667449
1787559459.4543276,0.0,0.0,0.04478867352008821
1787559459.4777727,0.0,0.0,0.04478867352008821
1787559459.5225651,0.0,0.0,0.04489748179912568
1787559459.6146357,0.0,0.0,0.044871017336845405
1787559459.6597257,0.0,0.0,0.04484820365905762
1787559459.7176454,0.0,0.0,0.044845342636108405
1787559459.7626734,0.0,0.0,0.044959262013435364
1787559459.81999,0.0,0.0,0.04501911997795105
1787559459.8610666,0.0,0.0,0.04500891268253327
1787559459.9129024,0.0,0.0,0.04499050974845886
1787559459.9646976,0.0,0.0,0.04494394361972809
1787559460.0277135,0.0,0.0,0.04492898285388947
1787559460.0824795,0.0,0.0,0.044892475008964546
1787559460.160358,0.0,0.0,0.045056626200675964
1787559460.2245898,0.0,0.0,0.04518455266952514
1787559460.2752242,0.0,0.0,0.04525919258594513
1787559460.322235,0.0,0.0,0.04520773887634278
1787559460.3736098,0.0,0.0,0.04524126648902893
1787559460.423767,0.0,0.0,0.04525923728942871
1787559460.472724,0.0,0.0,0.0453641563653946
1787559460.5259454,0.0,0.0,0.0453641563653946
1787559460.6143389,0.0,0.0,0.045414999127387994
1787559460.9307039,0.0,0.0,0.04532982409000397
1787559461.0656402,0.0,0.0,0.04554983973503113
1787559461.2621412,0.0,0.0,0.045686066150665276
1787559461.4654834,0.0,0.0,0.04598030447959899
1787559461.5071964,0.0,0.0,0.04597783088684082
1787559461.5262933,0.0,0.0,0.04597783088684082
1787559461.5787354,0.0,0.0,0.04597152769565583
1787559461.628112,0.0,0.0,0.04597152769565583
1787559461.6741831,0.0,0.0,0.04597152769565583
1787559461.723574,0.0,0.0,0.04597152769565583
1787559461.7753015,0.0,0.0,0.04644580185413361
1787559461.8226485,0.0,0.0,0.04644580185413361
1787559461.9136145,0.0,0.0,0.04644580185413361
1787559461.996127,0.0,0.0,0.04644580185413361
1787559462.1992064,0.0,0.0,0.04643277823925018
1787559462.3767822,0.0,0.0,0.046513170003891
1787559462.5708802,0.0,0.0,0.0471932590007782
1787559462.5715609,0.0,0.0,0.0472409427165985
1787559462.6365256,0.0,0.0,0.047173768281936646
1787559462.7188385,0.0,0.0,0.04717490077018739
1787559462.7590055,0.0,0.0,0.047324910759925835
1787559462.8217459,0.0,0.0,0.04755891859531403
1787559462.9117408,0.0,0.0,0.04771554470062256
1787559462.959564,0.0,0.0,0.047690868377685554
1787559463.0185354,0.0,0.0,0.047685593366622925
1787559463.0582826,0.0,0.0,0.047769308090209975
1787559463.1226275,0.0,0.0,0.04792238771915436
1787559463.2111163,0.0,0.0,0.047909438610076904
1787559463.2579908,0.0,0.0,0.047856539487838745
1787559463.3266168,0.0,0.0,0.047843113541603095
1787559463.3793588,0.0,0.0,0.04794473946094513
1787559463.482605,0.0,0.0,0.04811921715736389
1787559463.5608451,0.0,0.0,0.048037230968475335
1787559463.6217651,0.0,0.0,0.04805462062358856
1787559463.712855,0.0,0.0,0.04830391705036163
1787559463.7836304,0.0,0.0,0.04824195802211762
1787559463.8630924,0.0,0.0,0.048217356204986586
1787559463.9217534,0.0,0.0,0.048263102769851685
1787559464.0079763,0.0,0.0,0.048390701413154616
1787559464.064333,0.0,0.0,0.048451662063598626
1787559464.0760288,0.0,0.0,0.048447608947753906
1787559464.1223462,0.0,0.0,0.048447608947753906
1787559464.219115,0.0,0.0,0.048264279961586
1787559464.260412,0.0,0.0,0.048371613025665276
1787559464.3124826,0.0,0.0,0.048486769199371345
1787559464.3760324,0.0,0.0,0.048474878072738654
1787559464.4578667,0.0,0.0,0.04839372634887695
1787559464.520421,0.0,0.0,0.04841189086437225
1787559464.521681,0.0,0.0,0.04847794771194458
1787559464.612127,0.0,0.0,0.0484762042760849
1787559464.7201004,0.0,0.0,0.048461660742759705
1787559464.7302957,0.0,0.0,0.04845227301120758
1787559464.8430245,0.0,0.0,0.04845227301120758
1787559465.0366907,0.0,0.0,0.048625245690345764
1787559465.2320995,0.0,0.0,0.04863183200359344
1787559465.367415,0.0,0.0,0.04887188971042633
1787559465.388331,0.0,0.0,0.04886426031589508
1787559465.5019488,0.0,0.0,0.04903177917003632
1787559465.6591687,0.0,0.0,0.04913592338562012
1787559465.8427453,0.0,0.0,0.04913713037967684
1787559465.9672017,0.0,0.0,0.049419119954109206
1787559466.160304,0.0,0.0,0.0493726283311844
1787559466.365376,0.0,0.0,0.04960158467292786
1787559466.5630813,0.0,0.0,0.0498579740524292
1787559466.6266394,0.0,0.0,0.049855440855026224
1787559466.7691529,0.0,0.0,0.0499195009469986
1787559466.7718287,0.0,0.0,0.05006654560565949
1787559466.9709265,0.0,0.0,0.05005921423435211
1787559466.9715579,0.0,0.0,0.04997923970222473
1787559467.0804448,0.0,0.0,0.050155907869338996
1787559467.2831843,0.0,0.0,0.05027893185615541
1787559467.48727,0.0,0.0,0.05054084956645965
1787559467.6893063,0.0,0.0,0.050648316740989685
1787559467.8198485,0.0,0.0,0.05089810490608215
1787559468.0151873,0.0,0.0,0.05107927322387696
1787559468.2029748,0.0,0.0,0.05106790363788605
1787559468.4158309,0.0,0.0,0.05157314240932465
1787559468.4330816,0.0,0.0,0.05151621997356415
1787559468.6196995,0.0,0.0,0.051827132701873786
1787559468.6217885,0.0,0.0,0.05187125504016875
1787559468.7243357,0.0,0.0,0.05187125504016875
1787559469.0238369,0.0,0.0,0.05213867127895355
1787559469.3276467,0.0,0.0,0.05247287452220918
1787559469.4300823,0.0,0.0,0.05254659056663513
1787559469.6108556,0.0,0.0,0.0527341365814209
1787559469.7722325,0.0,0.0,0.05260777473449706
1787559469.9644735,0.0,0.0,0.05319292843341829
1787559470.1611125,0.0,0.0,0.0536084920167923
1787559470.351387,0.0,0.0,0.05367739498615264
1787559470.552547,0.0,0.0,0.05403777956962586
1787559470.6974273,0.0,0.0,0.05425518751144409
1787559470.8638957,0.0,0.0,0.05432356894016266
1787559471.068744,0.0,0.0,0.05451570451259614
1787559471.2732694,0.0,0.0,0.05445526540279388
1787559471.3815951,0.0,0.0,0.054765596985816956
1787559471.488032,0.0,0.0,0.05482508242130279
1787559471.6149175,0.0,0.0,0.05475747585296631
1787559471.8101292,0.0,0.0,0.05548912286758423
1787559471.9863274,0.0,0.0,0.05543312430381776
1787559472.1111357,0.0,0.0,0.05578254163265229
1787559472.2971106,0.0,0.0,0.055752053856849663
1787559472.4188974,0.0,0.0,0.05610103905200958
1787559472.6048152,0.0,0.0,0.05596297979354859
1787559472.6476104,0.0,0.0,0.05637387931346895
1787559472.813878,0.0,0.0,0.05639815330505372
1787559472.9255934,0.0,0.0,0.05653701722621918
1787559473.1177673,0.0,0.0,0.05674438178539277
1787559473.3226125,0.0,0.0,0.056869521737098694
1787559473.482485,0.0,0.0,0.057132720947265625
1787559473.664172,0.0,0.0,0.05731320381164552
1787559473.83196,0.0,0.0,0.05765326321125032
1787559473.906439,0.0,0.0,0.05776454508304596
1787559474.1166098,0.0,0.0,0.058034405112266534
1787559474.2485163,0.0,0.0,0.05809418857097625
1787559474.3648474,0.0,0.0,0.058051601052284234
1787559474.4579632,0.0,0.0,0.05813176929950715
1787559474.759161,0.0,0.0,0.058186560869216926
1787559474.9636223,0.0,0.0,0.058223739266395555
1787559475.1648834,0.0,0.0,0.05810590088367462
1787559475.282856,0.0,0.0,0.05849508941173553
1787559475.4714508,0.0,0.0,0.05849699676036835
1787559475.472276,0.0,0.0,0.05877663195133209
1787559475.5747612,0.0,0.0,0.05878636240959169
1787559475.710163,0.0,0.0,0.058943212032318115
1787559475.8809817,0.0,0.0,0.05889798700809479
1787559476.0488758,0.0,0.0,0.058981820940971375
1787559476.2184172,0.0,0.0,0.05869880318641663
1787559476.393196,0.0,0.0,0.05903710424900055
1787559476.5347157,0.0,0.0,0.05885489284992218
1787559476.639846,0.0,0.0,0.059136629104614265
1787559476.8089044,0.0,0.0,0.059103339910507195
1787559476.9835715,0.0,0.0,0.05934789776802064
1787559477.1119003,0.0,0.0,0.059375181794166565
1787559477.315711,0.0,0.0,0.059488967061042786
1787559477.428573,0.0,0.0,0.059446215629577644
1787559477.6234574,0.0,0.0,0.05961138010025025
1787559477.8266642,0.0,0.0,0.059677422046661384
1787559477.9297292,0.0,0.0,0.05983610451221466
1787559478.1102378,0.0,0.0,0.05995342135429384
1787559478.2615626,0.0,0.0,0.060213893651962294
1787559478.4554486,0.0,0.0,0.060314744710922234
1787559478.6088238,0.0,0.0,0.06047123670578003
1787559478.7580078,0.0,0.0,0.06066831946372985
1787559478.9531152,0.0,0.0,0.060753643512725844
1787559478.999059,0.0,0.0,0.0609724074602127
1787559479.1614711,0.0,0.0,0.061172649264335625
1787559479.3630686,0.0,0.0,0.061420693993568434
1787559479.5659451,0.0,0.0,0.06150802969932557
1787559479.7061052,0.0,0.0,0.061814606189727776
1787559479.8747356,0.0,0.0,0.0617944747209549
1787559480.0793164,0.0,0.0,0.06211552023887636
1787559480.1932194,0.0,0.0,0.06221677362918854
1787559480.3852167,0.0,0.0,0.062351614236831665
1787559480.5920336,0.0,0.0,0.06240163743495941
1787559480.6970806,0.0,0.0,0.06248722970485687
1787559480.8124666,0.0,0.0,0.062347352504730225
1787559481.0091653,0.0,0.0,0.06278716027736664
1787559481.2172208,0.0,0.0,0.06298695504665376
1787559481.410655,0.0,0.0,0.06306982040405273
1787559481.5980954,0.0,0.0,0.06302973628044128
1787559481.8208144,0.0,0.0,0.0635674297809601
1787559481.8216722,0.0,0.0,0.0635448694229126
1787559484.8401544,0.0,0.0,0.06359583139419556
1787559484.8859384,0.0,0.0,0.06359583139419556
1787559484.934628,0.0,0.0,0.06359583139419556
1787559484.9724681,0.0,0.0,0.06359583139419556
1787559485.022933,0.0,0.0,0.06359583139419556
1787559485.0831897,0.0,0.0,0.06359583139419556
1787559485.124388,0.0,0.0,0.06359583139419556
1787559485.1731577,0.0,0.0,0.06594701111316681
1787559485.222819,0.0,0.0,0.06597302854061128
1787559485.2732542,0.0,0.0,0.06605722010135652
1787559485.3225844,0.0,0.0,0.06605722010135652
1787559485.3759346,0.0,0.0,0.06605722010135652
1787559485.4232657,0.0,0.0,0.0663401186466217
1787559485.478056,0.0,0.0,0.06648704409599306
1787559485.6622937,0.0,0.0,0.06648704409599306
1787559485.6785495,0.0,0.0,0.0666707009077072
1787559485.9150794,0.0,0.0,0.06671009957790375
1787559485.927674,0.0,0.0,0.06671079993247989
1787559486.2253466,0.0,0.0,0.06686687469482422
1787559486.331729,0.0,0.0,0.06711393594741823
1787559486.4506235,0.0,0.0,0.06715016067028044
1787559486.5397286,0.0,0.0,0.0671311467885971
1787559486.632377,0.0,0.0,0.0670190006494522
1787559486.7170978,0.0,0.0,0.06714552640914917
1787559486.7562919,0.0,0.0,0.06725232303142548
1787559486.8226721,0.0,0.0,0.06731152534484863
1787559486.9462492,0.0,0.0,0.0673004984855652
1787559487.014481,0.0,0.0,0.06725810468196869
1787559487.0612905,0.0,0.0,0.06736202538013458
1787559487.1211383,0.0,0.0,0.06755749881267548
1787559487.122403,0.0,0.0,0.06772643327713013
1787559487.2128668,0.0,0.0,0.06771869957447052
1787559487.2689571,0.0,0.0,0.06769397854804995
1787559487.3161569,0.0,0.0,0.06767590343952179
1787559487.3589652,0.0,0.0,0.06778472661972047
1787559487.421465,0.0,0.0,0.06780466437339783
1787559487.4227579,0.0,0.0,0.06787717342376709
1787559487.512695,0.0,0.0,0.0678742378950119
1787559487.5647452,0.0,0.0,0.06786727905273436
1787559487.6137977,0.0,0.0,0.06787362694740295
1787559487.6629388,0.0,0.0,0.06785178184509276
1787559487.7213485,0.0,0.0,0.06791819632053377
1787559487.7220757,0.0,0.0,0.06804522871971132
1787559487.8121936,0.0,0.0,0.06811732053756714
1787559487.917802,0.0,0.0,0.0681002289056778
1787559487.9601917,0.0,0.0,0.06803120672702791
1787559488.021847,0.0,0.0,0.06804531812667847
1787559488.077401,0.0,0.0,0.06813380122184753
1787559488.1217966,0.0,0.0,0.06821802258491515
1787559488.2150636,0.0,0.0,0.0682898908853531
1787559488.2747688,0.0,0.0,0.06823393702507019
1787559488.3687923,0.0,0.0,0.06826964020729064
1787559488.4133337,0.0,0.0,0.06830042600631715
1787559488.4701564,0.0,0.0,0.06837114691734315
1787559488.517841,0.0,0.0,0.06838221848011015
1787559488.55527,0.0,0.0,0.06833262741565704
1787559488.6117473,0.0,0.0,0.06831280887126924
1787559488.7842805,0.0,0.0,0.06834740936756133
1787559488.989826,0.0,0.0,0.0685577243566513
1787559489.194239,0.0,0.0,0.06843847036361693
1787559489.3987236,0.0,0.0,0.0686219185590744
1787559489.4275331,0.0,0.0,0.06875790655612946
1787559489.6040742,0.0,0.0,0.06899243593215944
1787559489.8082817,0.0,0.0,0.06918032467365264
1787559489.9521754,0.0,0.0,0.06944486498832704
1787559490.118567,0.0,0.0,0.06968916952610016
1787559490.2565808,0.0,0.0,0.06989605724811554
1787559490.4206302,0.0,0.0,0.06996823847293854
1787559490.4218662,0.0,0.0,0.06989888846874236
1787559490.6275837,0.0,0.0,0.06987421214580536
1787559490.7350216,0.0,0.0,0.06999732553958894
1787559490.8699777,0.0,0.0,0.0702875554561615
1787559490.871734,0.0,0.0,0.07038575410842896
1787559491.0565948,0.0,0.0,0.07049009203910828
1787559491.2580693,0.0,0.0,0.07035891711711884
1787559491.4454103,0.0,0.0,0.07068498432636261
1787559491.6470945,0.0,0.0,0.0707492083311081
1787559491.8569608,0.0,0.0,0.07113127410411835
1787559491.9147186,0.0,0.0,0.07135842740535735
1787559492.0751715,0.0,0.0,0.07157805562019351
1787559492.24108,0.0,0.0,0.07151609659194946
1787559492.378736,0.0,0.0,0.07164010405540468
1787559492.4571126,0.0,0.0,0.07155200839042662
1787559492.6100938,0.0,0.0,0.07168254256248474
1787559492.7202733,0.0,0.0,0.07194842398166656
1787559492.8819878,0.0,0.0,0.07192249596118927
1787559493.085063,0.0,0.0,0.07210880517959596
1787559493.2454748,0.0,0.0,0.07216444611549376
1787559493.420371,0.0,0.0,0.07215568423271179
1787559493.4216437,0.0,0.0,0.07218113541603088
1787559493.5961523,0.0,0.0,0.07218113541603088
1787559493.7146087,0.0,0.0,0.07245267927646637
1787559493.904038,0.0,0.0,0.07233801484107973
1787559494.0203712,0.0,0.0,0.07250185310840608
1787559494.0216787,0.0,0.0,0.07247409224510193
1787559494.2140443,0.0,0.0,0.07246562838554382
1787559494.4155385,0.0,0.0,0.07266569137573241
1787559494.5187557,0.0,0.0,0.072639599442482
1787559494.6549113,0.0,0.0,0.07305273413658142
1787559494.8579757,0.0,0.0,0.07305175065994261
1787559494.902309,0.0,0.0,0.07313700020313262
1787559494.9466248,0.0,0.0,0.07312665879726409
1787559495.088685,0.0,0.0,0.07312333583831786
1787559495.23522,0.0,0.0,0.07318460941314697
1787559495.3614874,0.0,0.0,0.07326775789260867
1787559495.4456353,0.0,0.0,0.07319808006286622
1787559495.56015,0.0,0.0,0.07349653542041779
1787559495.7471704,0.0,0.0,0.07362233102321625
1787559495.951364,0.0,0.0,0.07354328036308287
1787559496.054562,0.0,0.0,0.07404121756553651
1787559496.0845768,0.0,0.0,0.07415810227394104
1787559496.143752,0.0,0.0,0.07413578033447267
1787559496.3615117,0.0,0.0,0.07415407896041869
1787559496.4160748,0.0,0.0,0.0746071934700012
1787559496.5465455,0.0,0.0,0.07460649311542512
1787559496.630367,0.0,0.0,0.07468105852603912
1787559496.7712226,0.0,0.0,0.07472304999828339
1787559496.7720401,0.0,0.0,0.07473038136959076
1787559496.9108403,0.0,0.0,0.07467308640480043
1787559497.077984,0.0,0.0,0.0751592367887497
1787559497.1840768,0.0,0.0,0.07501213252544402
1787559497.228592,0.0,0.0,0.07511837780475618
1787559497.4107306,0.0,0.0,0.07531796395778655
1787559497.59129,0.0,0.0,0.07530303299427034
1787559497.7515528,0.0,0.0,0.07560057938098907
1787559497.9190032,0.0,0.0,0.07554861903190613
1787559497.9215813,0.0,0.0,0.07572837173938751
1787559498.1018574,0.0,0.0,0.07572837173938751
1787559498.2150602,0.0,0.0,0.07573704421520233
1787559498.410005,0.0,0.0,0.07603351771831511
1787559498.4283044,0.0,0.0,0.07625891268253328
1787559498.615247,0.0,0.0,0.07620477676391603
1787559498.6554117,0.0,0.0,0.07618455588817598
1787559498.7168071,0.0,0.0,0.07620242238044739
1787559498.7575169,0.0,0.0,0.0763685554265976
1787559498.8194833,0.0,0.0,0.07645048201084137
1787559498.8641028,0.0,0.0,0.07665719091892244
1787559498.9076254,0.0,0.0,0.07665345072746278
1787559498.9549508,0.0,0.0,0.07665787637233734
1787559499.0181606,0.0,0.0,0.07661856710910797
1787559499.054644,0.0,0.0,0.07661220431327818
1787559499.1243887,0.0,0.0,0.07666896283626558
1787559499.2303567,0.0,0.0,0.07695786654949187
1787559499.312277,0.0,0.0,0.07698585093021393
1787559499.4158142,0.0,0.0,0.07694748044013977
1787559499.5172882,0.0,0.0,0.0768955647945404
1787559499.5609527,0.0,0.0,0.07686512172222139
1787559499.609204,0.0,0.0,0.07689461112022401
1787559499.7119122,0.0,0.0,0.07708092033863069
1787559499.7566082,0.0,0.0,0.07707400619983673
1787559499.8166668,0.0,0.0,0.07706436514854431
1787559499.8564692,0.0,0.0,0.0770864337682724
1787559499.9093068,0.0,0.0,0.077014297246933
1787559499.963068,0.0,0.0,0.07701075077056885
1787559500.0102892,0.0,0.0,0.07706704735755922
1787559500.0557911,0.0,0.0,0.07719655334949495
1787559500.1152112,0.0,0.0,0.07723124325275421
1787559500.1563344,0.0,0.0,0.07721318304538725
1787559500.2173488,0.0,0.0,0.07718634605407716
1787559500.3104815,0.0,0.0,0.07718281447887423
1787559500.4185393,0.0,0.0,0.0773712545633316
1787559500.4217956,0.0,0.0,0.07753381133079529
1787559500.512301,0.0,0.0,0.07744380831718446
1787559500.564896,0.0,0.0,0.07741507887840272
1787559500.6438403,0.0,0.0,0.07739011943340302
1787559500.7174528,0.0,0.0,0.07758799195289612
1787559500.7626793,0.0,0.0,0.07755322754383087
1787559500.807662,0.0,0.0,0.07750904560089113
1787559500.8529277,0.0,0.0,0.07754014432430269
1787559500.9430265,0.0,0.0,0.07745952904224397
1787559501.0222332,0.0,0.0,0.07763953506946564
1787559501.1427217,0.0,0.0,0.07789933681488037
1787559501.2140536,0.0,0.0,0.07788972556591035
1787559501.2545757,0.0,0.0,0.07791677117347719
1787559501.3195405,0.0,0.0,0.07798537611961365
1787559501.36286,0.0,0.0,0.07803452014923097
1787559501.4100907,0.0,0.0,0.07800857722759245
1787559501.4533582,0.0,0.0,0.07801716029644012
1787559501.545678,0.0,0.0,0.07794924080371857
1787559501.6427429,0.0,0.0,0.07797706127166748
1787559501.708742,0.0,0.0,0.07808063924312592
1787559501.8161635,0.0,0.0,0.07805992662906648
1787559501.8532872,0.0,0.0,0.07804602384567261
1787559501.9105823,0.0,0.0,0.07802519202232361
1787559501.9622982,0.0,0.0,0.07819460332393646
1787559502.0106187,0.0,0.0,0.07824741303920747
1787559502.0600352,0.0,0.0,0.0782483071088791
1787559502.1534288,0.0,0.0,0.07822345197200777
1787559502.219215,0.0,0.0,0.07808791100978851
1787559502.2591288,0.0,0.0,0.07820388674736024
1787559502.352899,0.0,0.0,0.07832609117031096
1787559502.4135253,0.0,0.0,0.07833129167556764
1787559502.4540334,0.0,0.0,0.07829226553440095
1787559502.552983,0.0,0.0,0.07831570506095888
1787559502.6109135,0.0,0.0,0.07831555604934692
1787559502.8086138,0.0,0.0,0.07854785025119783
1787559503.0173867,0.0,0.0,0.07873135805130008
1787559503.120812,0.0,0.0,0.07868115603923798
1787559503.1215549,0.0,0.0,0.0787913501262665
1787559503.3246129,0.0,0.0,0.078919917345047
1787559503.4572134,0.0,0.0,0.07889506220817569
1787559503.631582,0.0,0.0,0.0792795866727829
1787559503.6895444,0.0,0.0,0.07922384142875671
1787559503.764495,0.0,0.0,0.07918047904968262
1787559503.9413233,0.0,0.0,0.07940901815891266
1787559503.9970763,0.0,0.0,0.07965067028999329
1787559504.0417125,0.0,0.0,0.07966341078281404
1787559504.0835097,0.0,0.0,0.07961559295654297
1787559504.3506331,0.0,0.0,0.07972200214862823
1787559504.4629068,0.0,0.0,0.08001178503036499
1787559504.5066276,0.0,0.0,0.08012045919895172
1787559504.6793687,0.0,0.0,0.08017534017562866
1787559504.722671,0.0,0.0,0.08006735146045685
1787559504.7769477,0.0,0.0,0.08014906942844391
1787559504.842686,0.0,0.0,0.08018848299980164
1787559504.90786,0.0,0.0,0.08014819025993347
1787559504.97996,0.0,0.0,0.08000007271766663
1787559505.0646822,0.0,0.0,0.08012335002422333
1787559505.110832,0.0,0.0,0.08028072118759155
1787559505.1579955,0.0,0.0,0.08026668429374696
1787559505.2153878,0.0,0.0,0.08021992444992065
1787559505.2581837,0.0,0.0,0.08018079400062561
1787559505.2998962,0.0,0.0,0.08024327456951141
1787559505.336015,0.0,0.0,0.08024327456951141
1787559505.3720381,0.0,0.0,0.08045516908168794
1787559505.4254017,0.0,0.0,0.08057102560997009
1787559505.4732401,0.0,0.0,0.08069096505641937
1787559505.5236244,0.0,0.0,0.08069096505641937
1787559505.5782957,0.0,0.0,0.0806751102209091
1787559505.625323,0.0,0.0,0.0806751102209091
1787559505.6739063,0.0,0.0,0.08067627251148224
1787559505.7247317,0.0,0.0,0.08067627251148224
1787559505.7750833,0.0,0.0,0.08067627251148224
1787559505.823959,0.0,0.0,0.08067627251148224
1787559505.8740811,0.0,0.0,0.08067627251148224
1787559505.9226754,0.0,0.0,0.08067627251148224
1787559505.9835029,0.0,0.0,0.08079126477241516
1787559506.0297537,0.0,0.0,0.08094540238380432
1787559506.074589,0.0,0.0,0.08113043010234831
1787559506.1220949,0.0,0.0,0.08111535012722015
1787559506.1726878,0.0,0.0,0.08111220598220825
1787559506.222247,0.0,0.0,0.08103916049003602
1787559506.2725985,0.0,0.0,0.08102056384086609
1787559506.3247838,0.0,0.0,0.08107453584671022
1787559506.3719227,0.0,0.0,0.08119848370552063
1787559506.4227839,0.0,0.0,0.08152519166469574
1787559506.4766653,0.0,0.0,0.08152519166469574
1787559506.5222735,0.0,0.0,0.08153745532035828
1787559506.5740485,0.0,0.0,0.08151386678218842
1787559506.6223598,0.0,0.0,0.08140291273593903
1787559506.6723435,0.0,0.0,0.08146740496158601
1787559506.7228746,0.0,0.0,0.08151273429393768
1787559506.7719357,0.0,0.0,0.08151601254940033
1787559506.8254488,0.0,0.0,0.08179847896099092
1787559506.8727448,0.0,0.0,0.08179275691509247
1787559506.922337,0.0,0.0,0.08177022635936736
1787559507.0126965,0.0,0.0,0.08174452185630798
1787559507.0608964,0.0,0.0,0.08164605498313904
1787559507.1192317,0.0,0.0,0.08170962333679198
1787559507.1589656,0.0,0.0,0.08183561265468599
1787559507.2077215,0.0,0.0,0.08191652595996857
1787559507.2648396,0.0,0.0,0.08198747038841248
1787559507.3091984,0.0,0.0,0.0820605456829071
1787559507.366247,0.0,0.0,0.08199574053287506
1787559507.413842,0.0,0.0,0.08199408650398256
1787559507.459156,0.0,0.0,0.08203399181365965
1787559507.524034,0.0,0.0,0.08204746246337892
1787559507.5717459,0.0,0.0,0.08221210539340972
1787559507.6252723,0.0,0.0,0.08239573240280153
1787559507.7108047,0.0,0.0,0.08239053189754489
1787559507.7598717,0.0,0.0,0.08232906460762024
1787559507.8170483,0.0,0.0,0.08239310979843142
1787559507.8576374,0.0,0.0,0.08231876790523528
1787559507.9084837,0.0,0.0,0.08240766823291779
1787559507.9657018,0.0,0.0,0.08259716629981995
1787559508.0079815,0.0,0.0,0.08280616998672485
1787559508.0631862,0.0,0.0,0.08277714252471924
1787559508.075988,0.0,0.0,0.08274906873703004
1787559508.1218874,0.0,0.0,0.08274906873703004
1787559508.2025492,0.0,0.0,0.08266888558864592
1787559508.2861803,0.0,0.0,0.08282431960105897
1787559508.3576558,0.0,0.0,0.08292137086391449
1787559508.4600036,0.0,0.0,0.0828748345375061
1787559508.5103314,0.0,0.0,0.08284686505794527
1787559508.5579238,0.0,0.0,0.08292949199676512
1787559508.656881,0.0,0.0,0.08300662040710449
1787559508.7040539,0.0,0.0,0.08301216363906862
1787559508.7940395,0.0,0.0,0.08297784626483916
1787559508.894277,0.0,0.0,0.08299826085567474
1787559508.9598396,0.0,0.0,0.08316123485565187
1787559509.0172672,0.0,0.0,0.08314794301986696
1787559509.061766,0.0,0.0,0.08312220871448517
1787559509.107732,0.0,0.0,0.08305385708808898
1787559509.1616187,0.0,0.0,0.08304446935653688
1787559509.2137392,0.0,0.0,0.08318665623664857
1787559509.2620873,0.0,0.0,0.0832877606153488
1787559509.3180604,0.0,0.0,0.08332169055938721
1787559509.3653252,0.0,0.0,0.08331362903118135
1787559509.4062521,0.0,0.0,0.08327125012874602
1787559509.456216,0.0,0.0,0.08325025439262392
1787559509.513725,0.0,0.0,0.08337250351905823
1787559509.5574064,0.0,0.0,0.08343783020973206
1787559509.6067548,0.0,0.0,0.08351752161979677
1787559509.6625574,0.0,0.0,0.08361683785915376
1787559509.7075782,0.0,0.0,0.0835907608270645
1787559509.7582734,0.0,0.0,0.08360591530799866
1787559509.8592536,0.0,0.0,0.08351214230060577
1787559509.917156,0.0,0.0,0.08365273475646973
1787559509.9637501,0.0,0.0,0.0838661938905716
1787559510.0095608,0.0,0.0,0.0839802771806717
1787559510.0568995,0.0,0.0,0.08400139212608339
1787559510.126146,0.0,0.0,0.08397580683231354
1787559510.213558,0.0,0.0,0.08393609523773195
1787559510.2248116,0.0,0.0,0.08389854431152344
1787559510.3106892,0.0,0.0,0.0841500163078308
1787559510.3643997,0.0,0.0,0.08432783186435698
1787559510.4123058,0.0,0.0,0.08438509702682495
1787559510.5129538,0.0,0.0,0.08438907563686371
1787559510.5597367,0.0,0.0,0.08435887098312377
1787559510.6108515,0.0,0.0,0.08436849713325499
1787559510.8001516,0.0,0.0,0.08454382419586182
1787559510.9120085,0.0,0.0,0.08476196229457857
1787559511.1190748,0.0,0.0,0.08457942306995392
1787559511.3107104,0.0,0.0,0.0847761332988739
1787559511.4183474,0.0,0.0,0.08480216562747957
1787559511.6182466,0.0,0.0,0.08508436381816864
1787559511.7234108,0.0,0.0,0.08504587411880493
1787559511.8567667,0.0,0.0,0.08531008660793304
1787559512.027765,0.0,0.0,0.08529670536518097
1787559512.1702697,0.0,0.0,0.08553266525268556
1787559512.1716638,0.0,0.0,0.0855412632226944
1787559512.33511,0.0,0.0,0.0855412632226944
1787559512.437854,0.0,0.0,0.08567005395889281
1787559512.6327114,0.0,0.0,0.08592002093791964
1787559512.8459156,0.0,0.0,0.08572930097579956
1787559512.9603033,0.0,0.0,0.08622005581855773
1787559513.0645068,0.0,0.0,0.08613400161266327
1787559513.15692,0.0,0.0,0.0860101878643036
1787559513.3653696,0.0,0.0,0.08639080822467804
1787559513.3980634,0.0,0.0,0.08650027215480806
1787559513.5639553,0.0,0.0,0.08644711971282959
1787559513.666866,0.0,0.0,0.0866917073726654
1787559513.871218,0.0,0.0,0.08664344251155853
1787559513.8720772,0.0,0.0,0.08662539720535278
1787559513.9751694,0.0,0.0,0.08678200840950012
1787559514.116215,0.0,0.0,0.08690191805362701
1787559514.2812028,0.0,0.0,0.08697307109832766
1787559514.4423637,0.0,0.0,0.08751118183135986
1787559514.6001384,0.0,0.0,0.08743427693843842
1787559514.7170956,0.0,0.0,0.08781863749027252
1787559514.807388,0.0,0.0,0.08778826892375946
1787559514.9976041,0.0,0.0,0.08778256177902222
1787559515.0219588,0.0,0.0,0.08806003630161285
1787559515.2027202,0.0,0.0,0.08804154396057129
1787559515.344366,0.0,0.0,0.08838720619678497
1787559515.5187335,0.0,0.0,0.08832383155822754
1787559515.5216596,0.0,0.0,0.0885886698961258
1787559515.716416,0.0,0.0,0.0885886698961258
1787559515.9176507,0.0,0.0,0.08854055404663086
1787559516.0230296,0.0,0.0,0.0886441171169281
1787559516.0997999,0.0,0.0,0.08864367008209229
1787559516.2625823,0.0,0.0,0.08860705792903899
1787559516.3651662,0.0,0.0,0.08887359499931337
1787559516.546893,0.0,0.0,0.08884404599666595
1787559516.6359873,0.0,0.0,0.08902396261692047
1787559516.7388537,0.0,0.0,0.0893288403749466
1787559516.909179,0.0,0.0,0.08927343785762788
1787559517.05504,0.0,0.0,0.0896781235933304
1787559517.2550247,0.0,0.0,0.08968406915664674
1787559517.3527045,0.0,0.0,0.08960293233394623
1787559517.4537482,0.0,0.0,0.09005597233772276
1787559517.5595276,0.0,0.0,0.08996978402137755
1787559517.7646918,0.0,0.0,0.09022238850593566
1787559517.8665943,0.0,0.0,0.09025272727012633
1787559518.0057423,0.0,0.0,0.09013299643993379
1787559518.2115054,0.0,0.0,0.0908476859331131
1787559518.377751,0.0,0.0,0.09048895537853241
1787559518.4798467,0.0,0.0,0.09098058938980104
1787559518.615595,0.0,0.0,0.0908658653497696
1787559518.7866492,0.0,0.0,0.09101416170597078
1787559518.9086113,0.0,0.0,0.09113682806491852
1787559519.0946128,0.0,0.0,0.09119227528572083
1787559519.75266,0.0,0.0,0.09116575121879578
1787559519.919996,0.0,0.0,0.09243711829185486
1787559519.9217174,0.0,0.0,0.0924873799085617
1787559520.2605162,0.0,0.0,0.09263177216053009
1787559520.333167,0.0,0.0,0.09257665276527405
1787559520.4568572,0.0,0.0,0.09275735914707185
1787559520.7465954,0.0,0.0,0.09271010756492615
1787559520.8344326,0.0,0.0,0.09294737875461578
1787559520.9654286,0.0,0.0,0.09316223859786987
1787559521.1412883,0.0,0.0,0.0932670086622238
1787559521.3756654,0.0,0.0,0.09359179437160492
1787559521.4893396,0.0,0.0,0.09383335709571841
1787559521.655308,0.0,0.0,0.0942089706659317
1787559521.7668445,0.0,0.0,0.09422618150711061
1787559521.9606874,0.0,0.0,0.09449005126953128
1787559522.0651467,0.0,0.0,0.09461237490177156
1787559522.168372,0.0,0.0,0.0946243405342102
1787559522.3952014,0.0,0.0,0.09475547075271608
1787559522.5746253,0.0,0.0,0.09468723833560944
1787559522.6363018,0.0,0.0,0.09474618732929231
1787559522.714096,0.0,0.0,0.0949811339378357
1787559522.856766,0.0,0.0,0.09494435787200928
1787559523.019795,0.0,0.0,0.09506176412105564
1787559523.0218494,0.0,0.0,0.09541548788547519
1787559523.2910707,0.0,0.0,0.09541548788547519
1787559523.32222,0.0,0.0,0.09547066688537598
1787559523.5000384,0.0,0.0,0.09555122256278993
1787559523.6161742,0.0,0.0,0.09558667242527011
1787559523.8089685,0.0,0.0,0.09559962153434753
1787559523.9297297,0.0,0.0,0.09595063328742981
1787559524.1146376,0.0,0.0,0.09593445062637332
1787559524.3272972,0.0,0.0,0.09635567665100099
1787559524.419788,0.0,0.0,0.09633919596672057
1787559524.4217072,0.0,0.0,0.09625975787639618
1787559524.6219518,0.0,0.0,0.09643068909645082
1787559524.7295938,0.0,0.0,0.09676846861839297
1787559524.8547711,0.0,0.0,0.0967245697975159
1787559525.1356819,0.0,0.0,0.09702907502651215
1787559525.2387056,0.0,0.0,0.09703072905540466
1787559525.3402677,0.0,0.0,0.09724459052085876
1787559525.3742855,0.0,0.0,0.0974108725786209
1787559525.5528648,0.0,0.0,0.09740599989891055
1787559525.657064,0.0,0.0,0.09737612307071689
1787559525.7854059,0.0,0.0,0.09775501489639284
1787559525.8348658,0.0,0.0,0.09786498546600343
1787559525.9576514,0.0,0.0,0.09785012900829315
1787559526.1590478,0.0,0.0,0.097910076379776
1787559526.2635643,0.0,0.0,0.09817235171794891
1787559526.5688727,0.0,0.0,0.09810106456279755
1787559526.5922773,0.0,0.0,0.09824590384960176
1787559526.7744675,0.0,0.0,0.09825421869754794
1787559526.9146738,0.0,0.0,0.09830786287784575
1787559527.0810215,0.0,0.0,0.09869642555713651
1787559527.2153134,0.0,0.0,0.09867823123931888
1787559527.2307792,0.0,0.0,0.09877033531665802
1787559527.389463,0.0,0.0,0.09892193973064423
1787559527.5917606,0.0,0.0,0.09907327592372894
1787559527.653033,0.0,0.0,0.0990998446941376
1787559527.7981844,0.0,0.0,0.09922218322753906
1787559527.9179258,0.0,0.0,0.0994715541601181
1787559528.1055796,0.0,0.0,0.09956084191799167
1787559528.1498399,0.0,0.0,0.09957729279994965
1787559528.351705,0.0,0.0,0.09979519248008728
1787559528.4564006,0.0,0.0,0.09972947835922241
1787559528.7155397,0.0,0.0,0.09978643059730533
1787559530.4330127,0.0,0.0,0.0998476892709732
1787559530.4744174,0.0,0.0,0.0998476892709732
1787559530.52403,0.0,0.0,0.0998476892709732
1787559530.5733287,0.0,0.0,0.0998476892709732
1787559530.6253266,0.0,0.0,0.0998476892709732
1787559530.6792417,0.0,0.0,0.0998476892709732
1787559530.7294338,0.0,0.0,0.0998476892709732
1787559530.7776287,0.0,0.0,0.10154886543750764
1787559530.8231654,0.0,0.0,0.10162439942359924
1787559530.8744957,0.0,0.0,0.10178546607494351
1787559530.9228885,0.0,0.0,0.10189419984817505
1787559530.9725542,0.0,0.0,0.1020478904247284
1787559531.0230846,0.0,0.0,0.10199244320392611
1787559531.072833,0.0,0.0,0.10199454426765439
1787559531.1243448,0.0,0.0,0.10196304321289061
1787559531.1728003,0.0,0.0,0.10197827219963075
1787559531.2263677,0.0,0.0,0.10206609964370728
1787559531.2756858,0.0,0.0,0.10222949087619783
1787559531.3217168,0.0,0.0,0.10222949087619783
1787559531.3748329,0.0,0.0,0.10238257050514223
1787559531.424189,0.0,0.0,0.10234931111335754
1787559531.4765942,0.0,0.0,0.10237358510494234
1787559531.5227468,0.0,0.0,0.1023600548505783
1787559531.577399,0.0,0.0,0.10252596437931062
1787559531.6234171,0.0,0.0,0.10269710421562196
1787559531.672648,0.0,0.0,0.10284858942031862
1787559531.7235732,0.0,0.0,0.10280993580818175
1787559531.772495,0.0,0.0,0.10278128087520601
1787559531.8229182,0.0,0.0,0.1027355492115021
1787559531.8728082,0.0,0.0,0.10275232791900635
1787559531.9221892,0.0,0.0,0.10285712778568268
1787559531.9737542,0.0,0.0,0.10299809277057649
1787559532.0256765,0.0,0.0,0.10312972962856294
1787559532.0746047,0.0,0.0,0.10312141478061677
1787559532.1244245,0.0,0.0,0.10309863090515137
1787559532.1760433,0.0,0.0,0.10309863090515137
1787559532.2230618,0.0,0.0,0.10308063030242921
1787559532.2779853,0.0,0.0,0.10314720869064334
1787559532.3232133,0.0,0.0,0.10314720869064334
1787559532.3738306,0.0,0.0,0.10321031510829926
1787559532.4222152,0.0,0.0,0.10333122313022614
1787559532.474546,0.0,0.0,0.1033148765563965
1787559532.523892,0.0,0.0,0.10328045487403871
1787559532.574054,0.0,0.0,0.10327509045600893
1787559532.626849,0.0,0.0,0.10327509045600893
1787559532.6727655,0.0,0.0,0.10352464020252229
1787559532.727063,0.0,0.0,0.10374812781810763
1787559532.7746878,0.0,0.0,0.10394109785556792
1787559532.8241484,0.0,0.0,0.10391806066036224
1787559532.8725705,0.0,0.0,0.10389383137226105
1787559532.933773,0.0,0.0,0.10389383137226105
1787559532.9806778,0.0,0.0,0.1038379818201065
1787559533.0226204,0.0,0.0,0.10384625196456909
1787559533.0725935,0.0,0.0,0.10413314402103424
1787559533.1254628,0.0,0.0,0.1042003780603409
1787559533.1730306,0.0,0.0,0.10419112443923949
1787559533.2222095,0.0,0.0,0.10416395962238312
1787559533.274094,0.0,0.0,0.10418143868446353
1787559533.3259618,0.0,0.0,0.10415144264698027
1787559533.3735685,0.0,0.0,0.10430172085762024
1787559533.4221103,0.0,0.0,0.10436117649078368
1787559533.4732351,0.0,0.0,0.10438005626201628
1787559533.5267603,0.0,0.0,0.10445888340473175
1787559533.5727768,0.0,0.0,0.10444276034832004
1787559533.6233163,0.0,0.0,0.10439223051071168
1787559533.672173,0.0,0.0,0.10436543822288513
1787559533.7245061,0.0,0.0,0.10436998307704927
1787559533.7739687,0.0,0.0,0.10446208715438841
1787559533.8237126,0.0,0.0,0.10451139509677887
1787559533.8747394,0.0,0.0,0.10455225408077241
1787559533.9236147,0.0,0.0,0.10458876192569735
1787559533.9720483,0.0,0.0,0.10463270545005798
1787559534.0234356,0.0,0.0,0.10467298328876495
1787559534.0765686,0.0,0.0,0.10465003550052641
1787559534.1223621,0.0,0.0,0.10458588600158693
1787559534.1759503,0.0,0.0,0.10457828640937804
1787559534.2238507,0.0,0.0,0.10463581979274748
1787559534.275322,0.0,0.0,0.10462446510791781
1787559534.3233628,0.0,0.0,0.10468195378780364
1787559534.3725972,0.0,0.0,0.10468195378780364
1787559534.4228601,0.0,0.0,0.10465870797634126
1787559534.473345,0.0,0.0,0.10463723540306091
1787559534.524847,0.0,0.0,0.10472816228866579
1787559534.5733938,0.0,0.0,0.10482563078403473
1787559534.6246037,0.0,0.0,0.10488641262054443
1787559534.6734133,0.0,0.0,0.10488268733024596
1787559534.7223005,0.0,0.0,0.10486260056495667
1787559534.772257,0.0,0.0,0.10478082299232483
1787559534.8220866,0.0,0.0,0.10486412048339847
1787559534.8738148,0.0,0.0,0.10498431324958801
1787559534.9235518,0.0,0.0,0.10505002737045287
1787559534.972056,0.0,0.0,0.10510288178920746
1787559535.0659518,0.0,0.0,0.1051037907600403
1787559535.0721426,0.0,0.0,0.10506719350814822
1787559535.1261508,0.0,0.0,0.10511079430580136
1787559535.172228,0.0,0.0,0.10526855289936066
1787559535.224992,0.0,0.0,0.10527101159095764
1787559535.273989,0.0,0.0,0.1053944081068039
1787559535.331728,0.0,0.0,0.10543200373649596
1787559535.3722963,0.0,0.0,0.1053953766822815
1787559535.4224968,0.0,0.0,0.1053953766822815
1787559535.476626,0.0,0.0,0.10552367568016052
1787559535.5243294,0.0,0.0,0.10561726987361908
1787559535.5755644,0.0,0.0,0.1057872772216797
1787559535.6225452,0.0,0.0,0.10591270029544832
1787559535.676026,0.0,0.0,0.10586480796337128
1787559535.7246823,0.0,0.0,0.10585626959800723
1787559535.7727659,0.0,0.0,0.1058817058801651
1787559535.8225307,0.0,0.0,0.10591952502727507
1787559535.8735225,0.0,0.0,0.10598136484622957
1787559535.9276469,0.0,0.0,0.10620023310184479
1787559535.9747293,0.0,0.0,0.10626402497291565
1787559536.0224402,0.0,0.0,0.10626402497291565
1787559536.0737853,0.0,0.0,0.10610316693782806
1787559536.1276278,0.0,0.0,0.10610327124595642
1787559536.172365,0.0,0.0,0.10612133145332338
1787559536.2232356,0.0,0.0,0.10614609718322757
1787559536.2721114,0.0,0.0,0.10623691976070403
1787559536.3221164,0.0,0.0,0.10652990639209747
1787559536.3727098,0.0,0.0,0.10671949386596681
1787559536.4225776,0.0,0.0,0.10671949386596681
1787559536.4723382,0.0,0.0,0.10670894384384155
1787559536.5257685,0.0,0.0,0.10666818916797638
1787559536.5716443,0.0,0.0,0.1066399812698364
1787559536.6238835,0.0,0.0,0.1066399812698364
1787559536.6728573,0.0,0.0,0.1067849844694138
1787559536.724521,0.0,0.0,0.1067849844694138
1787559536.772074,0.0,0.0,0.10708020627498627
1787559536.8225162,0.0,0.0,0.10705727338790892
1787559536.8735633,0.0,0.0,0.10702925920486449
1787559536.9223275,0.0,0.0,0.10700760781764984
1787559536.9735558,0.0,0.0,0.10698275268077853
1787559537.029063,0.0,0.0,0.1069844216108322
1787559537.0733736,0.0,0.0,0.10695299506187439
1787559537.1224737,0.0,0.0,0.10695299506187439
1787559537.179667,0.0,0.0,0.10703572630882262
1787559537.2228773,0.0,0.0,0.10703572630882262
1787559537.2722404,0.0,0.0,0.10721077024936676
1787559537.3226988,0.0,0.0,0.10728915035724641
1787559537.3752341,0.0,0.0,0.10735490918159485
1787559537.4246593,0.0,0.0,0.10732074081897738
1787559537.472971,0.0,0.0,0.10733133554458618
1787559537.5255234,0.0,0.0,0.10730881989002225
1787559537.5763721,0.0,0.0,0.10725721716880798
1787559537.6259866,0.0,0.0,0.10725721716880798
1787559537.673303,0.0,0.0,0.10721190273761749
1787559537.72423,0.0,0.0,0.10725899040699007
1787559537.7729187,0.0,0.0,0.10725899040699007
1787559537.8238668,0.0,0.0,0.10753579437732698
1787559537.8788211,0.0,0.0,0.10753399133682251
1787559537.9224591,0.0,0.0,0.10753399133682251
1787559537.9723425,0.0,0.0,0.10767130553722382
1787559538.024925,0.0,0.0,0.10767130553722382
1787559538.0723567,0.0,0.0,0.10760994255542755
1787559538.1223664,0.0,0.0,0.10757061839103699
1787559538.17467,0.0,0.0,0.1075533926486969
1787559538.2219512,0.0,0.0,0.10776668787002561
1787559538.2728412,0.0,0.0,0.1078600883483887
1787559538.3226008,0.0,0.0,0.10779380798339842
1787559538.3763022,0.0,0.0,0.10775913298130037
1787559538.4223542,0.0,0.0,0.10776709020137787
1787559538.4723823,0.0,0.0,0.10775953531265259
1787559538.524661,0.0,0.0,0.10786187648773196
1787559538.572839,0.0,0.0,0.10788144171237946
1787559538.622614,0.0,0.0,0.10786719620227814
1787559538.6872249,0.0,0.0,0.10782760381698608
1787559538.7240145,0.0,0.0,0.10782760381698608
1787559538.7724848,0.0,0.0,0.10782760381698608
1787559538.8277724,0.0,0.0,0.10782760381698608
1787559538.8727772,0.0,0.0,0.10799591243267057
1787559538.9280856,0.0,0.0,0.10799591243267057
1787559538.9720914,0.0,0.0,0.10799591243267057
1787559539.0234153,0.0,0.0,0.10799591243267057
1787559539.0721848,0.0,0.0,0.10807262361049655
1787559539.1248217,0.0,0.0,0.10815148055553436
1787559539.1724527,0.0,0.0,0.10815148055553436
1787559539.2245977,0.0,0.0,0.10815148055553436
1787559539.2751615,0.0,0.0,0.10815148055553436
1787559539.3225772,0.0,0.0,0.10831530392169952
1787559539.3757887,0.0,0.0,0.10831530392169952
1787559539.4313557,0.0,0.0,0.10824787616729736
1787559539.472642,0.0,0.0,0.10818466544151306
1787559539.5243032,0.0,0.0,0.10818466544151306
1787559539.5737157,0.0,0.0,0.10818466544151306
1787559539.6240005,0.0,0.0,0.10818466544151306
1787559539.6727035,0.0,0.0,0.10818466544151306
1787559539.7227316,0.0,0.0,0.10850910842418672
1787559539.7721994,0.0,0.0,0.10850910842418672
1787559539.8216617,0.0,0.0,0.10858453810214998
1787559539.872839,0.0,0.0,0.10854734480381015
1787559539.9263344,0.0,0.0,0.10854734480381015
1787559539.9768226,0.0,0.0,0.10854734480381015
1787559540.0225432,0.0,0.0,0.10854734480381015
1787559540.0762858,0.0,0.0,0.10878433287143707
1787559540.1242156,0.0,0.0,0.10878433287143707
1787559540.172776,0.0,0.0,0.10878433287143707
1787559540.2218404,0.0,0.0,0.10873955488204956
1787559540.2726045,0.0,0.0,0.10881498456001283
1787559540.322496,0.0,0.0,0.10881498456001283
1787559540.3726563,0.0,0.0,0.10881498456001283
1787559540.4275885,0.0,0.0,0.10896694660186768
1787559540.4723668,0.0,0.0,0.10896694660186768
1787559540.5234578,0.0,0.0,0.10896694660186768
1787559540.5742161,0.0,0.0,0.10895964503288266
1787559540.6261888,0.0,0.0,0.10902257263660431
1787559540.6735835,0.0,0.0,0.10918162763118745
1787559540.722566,0.0,0.0,0.10915358364582059
1787559540.7814312,0.0,0.0,0.10909470915794374
1787559540.822763,0.0,0.0,0.10900191962718968
1787559540.8765059,0.0,0.0,0.10905367136001586
1787559540.9267006,0.0,0.0,0.1091667115688324
1787559540.9723527,0.0,0.0,0.10917492210865022
1787559541.0223074,0.0,0.0,0.10917492210865022
1787559541.0729141,0.0,0.0,0.10956524312496188
1787559541.12244,0.0,0.0,0.10974229872226716
1787559541.1726859,0.0,0.0,0.10995998978614807
1787559541.2239656,0.0,0.0,0.10995024442672731
1787559541.2728782,0.0,0.0,0.10994316637516023
1787559541.3222673,0.0,0.0,0.10986964404582979
1787559541.373461,0.0,0.0,0.10965679585933685
1787559541.4230037,0.0,0.0,0.10965679585933685
1787559541.4728594,0.0,0.0,0.10975493490695952
1787559541.526959,0.0,0.0,0.10992923378944397
1787559541.5723038,0.0,0.0,0.11013393104076385
1787559541.6243925,0.0,0.0,0.11013393104076385
1787559541.6739535,0.0,0.0,0.11013954877853394
1787559541.722502,0.0,0.0,0.10987345874309538
1787559541.7783408,0.0,0.0,0.1100084334611893
1787559541.824352,0.0,0.0,0.11028972268104556
1787559541.872688,0.0,0.0,0.11053472757339478
1787559541.9224484,0.0,0.0,0.11053472757339478
1787559541.9741545,0.0,0.0,0.1105310618877411
1787559542.0286868,0.0,0.0,0.11038561165332791
1787559542.0768445,0.0,0.0,0.11038257181644442
1787559542.1225016,0.0,0.0,0.11049091815948486
1787559542.1781478,0.0,0.0,0.11061957478523256
1787559542.2258122,0.0,0.0,0.1107606589794159
1787559542.2777333,0.0,0.0,0.11074207723140717
1787559542.3218184,0.0,0.0,0.11068300902843475
1787559542.3717432,0.0,0.0,0.11060327291488647
1787559542.424435,0.0,0.0,0.11060327291488647
1787559542.4741557,0.0,0.0,0.1106141358613968
1787559542.527167,0.0,0.0,0.11061392724514008
1787559542.5734737,0.0,0.0,0.11083555221557617
1787559542.6226547,0.0,0.0,0.11083555221557617
1787559542.673056,0.0,0.0,0.11103095114231112
1787559542.7225535,0.0,0.0,0.11103095114231112
1787559542.7727015,0.0,0.0,0.11103095114231112
1787559542.8218033,0.0,0.0,0.11114431917667389
1787559542.8729608,0.0,0.0,0.11114431917667389
1787559542.925619,0.0,0.0,0.11114431917667389
1787559542.9748173,0.0,0.0,0.11114431917667389
1787559543.0289488,0.0,0.0,0.11114431917667389
1787559543.07303,0.0,0.0,0.1113419383764267
1787559543.1231377,0.0,0.0,0.1113419383764267
1787559543.174019,0.0,0.0,0.1113419383764267
1787559543.222843,0.0,0.0,0.1113419383764267
1787559543.2839375,0.0,0.0,0.11151905357837674
1787559543.32251,0.0,0.0,0.11151905357837674
1787559543.3787441,0.0,0.0,0.11151905357837674
1787559543.4233124,0.0,0.0,0.11151905357837674
1787559543.476528,0.0,0.0,0.11161471903324127
1787559543.5245893,0.0,0.0,0.11180958151817323
1787559543.5724413,0.0,0.0,0.11180958151817323
1787559543.625487,0.0,0.0,0.11180958151817323
1787559543.6735802,0.0,0.0,0.11180958151817323
1787559543.7225778,0.0,0.0,0.11180958151817323
1787559543.7734265,0.0,0.0,0.11180958151817323
1787559543.8231447,0.0,0.0,0.11171482503414154
1787559543.872419,0.0,0.0,0.11171482503414154
1787559543.926616,0.0,0.0,0.11210495233535768
1787559543.9725342,0.0,0.0,0.11210495233535768
1787559544.022587,0.0,0.0,0.11210495233535768
1787559544.0726655,0.0,0.0,0.11210495233535768
1787559544.1462579,0.0,0.0,0.11223761737346652
1787559544.1727269,0.0,0.0,0.11229120194911957
1787559544.224505,0.0,0.0,0.11229120194911957
1787559544.2729688,0.0,0.0,0.11229120194911957
1787559544.3233907,0.0,0.0,0.11229120194911957
1787559544.3761194,0.0,0.0,0.11229120194911957
1787559544.437484,0.0,0.0,0.11218693852424622
1787559544.4765024,0.0,0.0,0.11236432194709775
1787559544.5237525,0.0,0.0,0.11236432194709775
1787559544.5795228,0.0,0.0,0.11236432194709775
1787559544.628518,0.0,0.0,0.11236432194709775
1787559544.6727598,0.0,0.0,0.11247941851615907
1787559544.7240052,0.0,0.0,0.11250758171081544
1787559544.7739544,0.0,0.0,0.11264614760875702
1787559544.8257666,0.0,0.0,0.11271825432777405
1787559544.874327,0.0,0.0,0.11288203299045564
1787559544.928419,0.0,0.0,0.11288222670555115
1787559544.9755776,0.0,0.0,0.11285607516765594
1787559545.022676,0.0,0.0,0.11287762224674225
1787559545.0734107,0.0,0.0,0.11289303004741669
1787559545.1228213,0.0,0.0,0.112966388463974
1787559545.1741216,0.0,0.0,0.11302129924297334
1787559545.2252,0.0,0.0,0.11301611363887787
1787559545.2752936,0.0,0.0,0.11302807927131654
1787559545.3240018,0.0,0.0,0.11299140751361847
1787559545.3729866,0.0,0.0,0.11296753585338594
1787559545.4328375,0.0,0.0,0.11296753585338594
1787559545.4745548,0.0,0.0,0.1132085919380188
1787559545.5232756,0.0,0.0,0.11325664818286896
1787559545.5726779,0.0,0.0,0.11332762241363524
1787559545.6267717,0.0,0.0,0.11332762241363524
1787559545.6740897,0.0,0.0,0.11335490643978119
1787559545.7228615,0.0,0.0,0.11334268748760225
1787559545.7757056,0.0,0.0,0.11334268748760225
1787559545.8245916,0.0,0.0,0.11344969272613527
1787559545.8721387,0.0,0.0,0.11354514956474306
1787559545.9229145,0.0,0.0,0.11354514956474306
1787559545.9747474,0.0,0.0,0.11411942541599276
1787559546.0220695,0.0,0.0,0.11409215629100802
1787559546.0772038,0.0,0.0,0.11405903100967409
1787559546.125382,0.0,0.0,0.11404526233673096
1787559546.1722622,0.0,0.0,0.11403639614582062
1787559546.2249465,0.0,0.0,0.11417025327682494
1787559546.2725184,0.0,0.0,0.11426965892314911
1787559546.322655,0.0,0.0,0.11426965892314911
1787559546.3803294,0.0,0.0,0.11467589437961581
1787559546.4223654,0.0,0.0,0.11489422619342807
1787559546.4744756,0.0,0.0,0.11489978432655334
1787559546.523182,0.0,0.0,0.11488507688045502
1787559546.574895,0.0,0.0,0.11485327780246732
1787559546.624421,0.0,0.0,0.11485327780246732
1787559546.6728938,0.0,0.0,0.11494061350822452
1787559546.724336,0.0,0.0,0.11494061350822452
1787559546.7743053,0.0,0.0,0.1151091754436493
1787559546.8243268,0.0,0.0,0.11521382629871368
1787559546.8721213,0.0,0.0,0.11521382629871368
1787559546.9227812,0.0,0.0,0.11521382629871368
1787559546.9725122,0.0,0.0,0.11521382629871368
1787559547.0220973,0.0,0.0,0.11521382629871368
1787559547.0747683,0.0,0.0,0.11548104882240295
1787559547.1224313,0.0,0.0,0.11548104882240295
1787559547.1727097,0.0,0.0,0.11558221280574799
1787559547.2318318,0.0,0.0,0.11558221280574799
1787559547.2743158,0.0,0.0,0.11558221280574799
1787559547.3234735,0.0,0.0,0.11558221280574799
1787559547.3726306,0.0,0.0,0.11559721827507019
1787559547.423766,0.0,0.0,0.11589153110980988
1787559547.4762278,0.0,0.0,0.11589153110980988
1787559547.5227535,0.0,0.0,0.11589153110980988
1787559547.5715928,0.0,0.0,0.11606964468955992
1787559547.6268845,0.0,0.0,0.11596688628196716
1787559547.6734986,0.0,0.0,0.11596688628196716
1787559547.7232533,0.0,0.0,0.11596688628196716
1787559547.7724915,0.0,0.0,0.11596688628196716
1787559547.8253927,0.0,0.0,0.11607445776462555
1787559547.8721046,0.0,0.0,0.11607445776462555
1787559547.9227264,0.0,0.0,0.11607445776462555
1787559547.97362,0.0,0.0,0.11607445776462555
1787559548.0225408,0.0,0.0,0.11617997288703917
1787559548.0726404,0.0,0.0,0.11617997288703917
1787559548.1231182,0.0,0.0,0.11618411540985109
1787559548.1726437,0.0,0.0,0.11618411540985109
1787559548.222546,0.0,0.0,0.11618411540985109
1787559548.2722847,0.0,0.0,0.11618411540985109
1787559548.3224647,0.0,0.0,0.11638794839382172
1787559548.3735933,0.0,0.0,0.11638794839382172
1787559548.4313047,0.0,0.0,0.11652696132659916
1787559548.4750805,0.0,0.0,0.11652696132659916
1787559548.5233316,0.0,0.0,0.11652696132659916
1787559548.5725799,0.0,0.0,0.11652696132659916
1787559548.6233194,0.0,0.0,0.11656378209590912
1787559548.672218,0.0,0.0,0.11654824018478395
1787559548.723343,0.0,0.0,0.1166321337223053
1787559548.7804224,0.0,0.0,0.11665867269039154
1787559548.823588,0.0,0.0,0.11673045158386232
1787559548.8721359,0.0,0.0,0.11673045158386232
1787559548.9224584,0.0,0.0,0.11668488383293152
1787559548.985729,0.0,0.0,0.11665740609169008
1787559549.0225413,0.0,0.0,0.11667484045028687
1787559549.0739148,0.0,0.0,0.11679637432098389
1787559549.122389,0.0,0.0,0.11693109571933746
1787559549.1743386,0.0,0.0,0.11693109571933746
1787559549.2302556,0.0,0.0,0.11690399050712585
1787559549.275404,0.0,0.0,0.11691983044147489
1787559549.322985,0.0,0.0,0.11686375737190247
1787559549.3724825,0.0,0.0,0.11688677966594697
1787559549.4257495,0.0,0.0,0.11694028973579405
1787559549.4728174,0.0,0.0,0.11697036027908325
1787559549.5267982,0.0,0.0,0.11703044176101685
1787559549.573142,0.0,0.0,0.11701379716396335
1787559549.62277,0.0,0.0,0.11701379716396335
1787559549.6742702,0.0,0.0,0.11696732044219971
1787559549.7228377,0.0,0.0,0.11700554192066194
1787559549.77945,0.0,0.0,0.11707964539527893
1787559549.8243732,0.0,0.0,0.11729344725608824
1787559549.874756,0.0,0.0,0.11735235154628756
1787559549.9222639,0.0,0.0,0.11735235154628756
1787559549.972098,0.0,0.0,0.11730235815048218
1787559550.027178,0.0,0.0,0.11723247170448303
1787559550.0721304,0.0,0.0,0.1173139065504074
1787559550.12458,0.0,0.0,0.11732761561870576
1787559550.1721363,0.0,0.0,0.11733347177505496
1787559550.2244294,0.0,0.0,0.11753414571285248
1787559550.273496,0.0,0.0,0.11783495545387268
1787559550.3225482,0.0,0.0,0.11783495545387268
1787559550.3751104,0.0,0.0,0.11781531572341919
1787559550.4218693,0.0,0.0,0.11778713762760164
1787559550.4725325,0.0,0.0,0.11784838140010831
1787559550.5249107,0.0,0.0,0.11770962178707123
1787559550.5717843,0.0,0.0,0.11779485642910005
1787559550.6229458,0.0,0.0,0.11779485642910005
1787559550.6733987,0.0,0.0,0.11812794208526613
1787559550.7228365,0.0,0.0,0.11809569597244264
1787559550.7728393,0.0,0.0,0.11807128787040712
1787559550.8224328,0.0,0.0,0.11797799170017244
1787559550.8757474,0.0,0.0,0.11789907515048983
1787559550.9245286,0.0,0.0,0.11789907515048983
1787559550.9726732,0.0,0.0,0.11823104321956635
1787559551.0222402,0.0,0.0,0.11824093759059905
1787559551.0730429,0.0,0.0,0.11824093759059905
1787559551.127136,0.0,0.0,0.1182519942522049
1787559551.173146,0.0,0.0,0.11825230717659
1787559551.2247558,0.0,0.0,0.11825230717659
1787559551.2724767,0.0,0.0,0.11834532022476199
1787559551.3293524,0.0,0.0,0.11837184429168701
1787559551.3757215,0.0,0.0,0.11842337250709534
1787559551.425607,0.0,0.0,0.11840543150901794
1787559551.4724085,0.0,0.0,0.11835004389286041
1787559551.5221992,0.0,0.0,0.11833669245243071
1787559551.5728433,0.0,0.0,0.11847218871116638
1787559551.6231577,0.0,0.0,0.11860305070877074
1787559551.67323,0.0,0.0,0.11874096095561981
1787559551.7231085,0.0,0.0,0.11874096095561981
1787559551.7726755,0.0,0.0,0.11886852979660038
1787559551.8239486,0.0,0.0,0.11886852979660038
1787559551.8719177,0.0,0.0,0.11885334551334382
1787559551.9221678,0.0,0.0,0.11888527870178225
1787559551.9766793,0.0,0.0,0.11893270909786224
1787559552.0224507,0.0,0.0,0.11898913979530334
1787559552.0723102,0.0,0.0,0.11924950778484343
1787559552.1226838,0.0,0.0,0.11924950778484343
1787559552.1739163,0.0,0.0,0.1197265833616257
1787559552.2248974,0.0,0.0,0.11966682970523834
1787559552.271631,0.0,0.0,0.11970125138759616
1787559552.3289642,0.0,0.0,0.1196333169937134
1787559552.3718166,0.0,0.0,0.11975722014904025
1787559552.4219809,0.0,0.0,0.11975722014904025
1787559552.4730737,0.0,0.0,0.12006926536560063
1787559552.52381,0.0,0.0,0.12000966072082522
1787559552.5750353,0.0,0.0,0.12000966072082522
1787559552.6244838,0.0,0.0,0.12001137435436249
1787559552.673712,0.0,0.0,0.11985762417316433
1787559552.722481,0.0,0.0,0.11985762417316433
1787559552.775844,0.0,0.0,0.12010918557643893
1787559552.8231163,0.0,0.0,0.12017236649990082
1787559552.8766894,0.0,0.0,0.12016908824443816
1787559552.9227657,0.0,0.0,0.12014782428741454
1787559552.9720054,0.0,0.0,0.11994732916355134
1787559553.021977,0.0,0.0,0.11994732916355134
1787559553.072521,0.0,0.0,0.12002518773078921
1787559553.1229281,0.0,0.0,0.12017226219177246
1787559553.1776724,0.0,0.0,0.12035846710205078
1787559553.2263098,0.0,0.0,0.12035669386386871
1787559553.2724168,0.0,0.0,0.12031021714210512
1787559553.3263848,0.0,0.0,0.12015798687934878
1787559553.3724866,0.0,0.0,0.12029531598091127
1787559553.4259522,0.0,0.0,0.12042078375816345
1787559553.4729638,0.0,0.0,0.12064172327518463
1787559553.5219848,0.0,0.0,0.12064172327518463
1787559553.5739436,0.0,0.0,0.12084424495697023
1787559553.6223724,0.0,0.0,0.12067848443984983
1787559553.6720824,0.0,0.0,0.12058717012405397
1787559553.7226343,0.0,0.0,0.1206200271844864
1787559553.7744925,0.0,0.0,0.12081313133239747
1787559553.83153,0.0,0.0,0.12096993625164033
1787559553.8744626,0.0,0.0,0.12114274501800538
1787559553.9231708,0.0,0.0,0.12107375264167788
1787559554.0145633,0.0,0.0,0.12105092406272888
1787559554.1082313,0.0,0.0,0.12107765674591063
1787559554.1273243,0.0,0.0,0.12116426229476926
1787559554.206574,0.0,0.0,0.12133294343948367
1787559554.2700412,0.0,0.0,0.12134118378162385
1787559554.2719643,0.0,0.0,0.12133750319480897
1787559554.3611295,0.0,0.0,0.12132382392883298
1787559554.4173806,0.0,0.0,0.12123374640941621
1787559554.4593835,0.0,0.0,0.1212698072195053
1787559554.5098138,0.0,0.0,0.12143094837665556
1787559554.5665627,0.0,0.0,0.1215128302574158
1787559554.6134899,0.0,0.0,0.12150241434574129
1787559554.7980807,0.0,0.0,0.12147074937820435
1787559554.959954,0.0,0.0,0.1214895695447922
1787559555.1696997,0.0,0.0,0.12172648310661316
1787559555.346355,0.0,0.0,0.1220073401927948
1787559555.4533374,0.0,0.0,0.12197585403919219
1787559555.593206,0.0,0.0,0.12202164530754092
1787559555.7578304,0.0,0.0,0.1222951412200928
1787559555.9627872,0.0,0.0,0.12222804129123689
1787559556.176369,0.0,0.0,0.12282466888427733
1787559556.371343,0.0,0.0,0.12270602583885194
1787559556.3726947,0.0,0.0,0.1228341907262802
1787559556.473387,0.0,0.0,0.12315531075000763
1787559556.6433616,0.0,0.0,0.12308531999588013
1787559556.780606,0.0,0.0,0.1232363134622574
1787559556.823463,0.0,0.0,0.12346465885639192
1787559557.5032713,0.0,0.0,0.1235465854406357
1787559557.616906,0.0,0.0,0.1237392872571945
1787559557.8094563,0.0,0.0,0.12424777448177338
1787559558.0058222,0.0,0.0,0.12439878284931186
1787559558.2128937,0.0,0.0,0.12451976537704468
1787559558.4147468,0.0,0.0,0.12469856441020967
1787559558.4393508,0.0,0.0,0.12508930265903476
1787559558.623234,0.0,0.0,0.1251247227191925
1787559558.7231863,0.0,0.0,0.1250983476638794
1787559558.929031,0.0,0.0,0.12523218989372253
1787559559.135363,0.0,0.0,0.1251306980848312
1787559559.2606034,0.0,0.0,0.12535241246223447
1787559559.4746275,0.0,0.0,0.12529718875885013
1787559559.749631,0.0,0.0,0.12583620846271515
1787559559.874023,0.0,0.0,0.12588566541671756
1787559560.0612705,0.0,0.0,0.1266130656003952
1787559560.145275,0.0,0.0,0.12656515836715698
1787559560.3702168,0.0,0.0,0.1266935169696808
1787559560.3716695,0.0,0.0,0.1268497258424759
1787559560.4686322,0.0,0.0,0.1268497258424759
1787559560.4728048,0.0,0.0,0.12674069404602048
1787559560.64352,0.0,0.0,0.12687723338603973
1787559560.7693293,0.0,0.0,0.12700942158699036
1787559560.8759432,0.0,0.0,0.12697429955005649
1787559561.0773888,0.0,0.0,0.12720447778701785
1787559561.2107184,0.0,0.0,0.12707732617855075
1787559561.3949368,0.0,0.0,0.1274352073669434
1787559561.4369159,0.0,0.0,0.12746544182300568
1787559561.5960457,0.0,0.0,0.12746934592723846
1787559561.7926943,0.0,0.0,0.12764623761177063
1787559561.9082165,0.0,0.0,0.12771923840045932
1787559562.107208,0.0,0.0,0.12811677157878876
1787559562.3076475,0.0,0.0,0.12810927629470825
1787559562.511542,0.0,0.0,0.12845830619335175
1787559562.6221213,0.0,0.0,0.12845999002456668
1787559562.816701,0.0,0.0,0.12864941358566287
1787559562.9212987,0.0,0.0,0.12860375642776486
1787559562.922018,0.0,0.0,0.12862272560596463
1787559563.1279397,0.0,0.0,0.1290392726659775
1787559563.330716,0.0,0.0,0.1290241777896881
1787559563.5351415,0.0,0.0,0.1291341930627823
1787559563.7402117,0.0,0.0,0.12915506958961484
1787559563.9445288,0.0,0.0,0.12935103476047516
1787559564.1487167,0.0,0.0,0.1292096972465515
1787559564.2912574,0.0,0.0,0.12961266934871674
1787559564.386425,0.0,0.0,0.12938547134399414
1787559564.5590792,0.0,0.0,0.12952202558517456
1787559564.6433525,0.0,0.0,0.13012486696243283
1787559564.8659494,0.0,0.0,0.13008707761764524
1787559565.0076618,0.0,0.0,0.13032226264476776
1787559565.1763256,0.0,0.0,0.13054041564464566
1787559565.3785121,0.0,0.0,0.13088172674179077
1787559565.5818276,0.0,0.0,0.13106508553028107
1787559565.7221076,0.0,0.0,0.13118223845958712
1787559565.9585984,0.0,0.0,0.13148121535778046
1787559566.197409,0.0,0.0,0.13194362819194796
1787559566.4025064,0.0,0.0,0.13195849955081942
1787559566.5442944,0.0,0.0,0.13204258680343628
1787559566.7468472,0.0,0.0,0.13216298818588254
1787559567.0150814,0.0,0.0,0.13230226933956146
1787559567.157029,0.0,0.0,0.13245247304439545
1787559567.3232396,0.0,0.0,0.13242360949516296
1787559567.4246058,0.0,0.0,0.13261274993419647
1787559567.5569448,0.0,0.0,0.13284814357757568
1787559567.6897593,0.0,0.0,0.13277994096279147
1787559567.867583,0.0,0.0,0.13314229249954224
1787559568.0589557,0.0,0.0,0.13351590931415558
1787559568.2449024,0.0,0.0,0.1341295540332794
1787559568.387037,0.0,0.0,0.13409037888050082
1787559568.5531352,0.0,0.0,0.13422223925590515
1787559568.644154,0.0,0.0,0.13448970019817352
1787559568.7968287,0.0,0.0,0.13452740013599393
1787559568.96432,0.0,0.0,0.13531082868576047
1787559569.1671126,0.0,0.0,0.13507768511772159
1787559569.3723774,0.0,0.0,0.13559511303901672
1787559569.577146,0.0,0.0,0.13569515943527222
1787559569.7815125,0.0,0.0,0.13598912954330444
1787559569.942785,0.0,0.0,0.13620451092720035
1787559570.1195428,0.0,0.0,0.13621115684509277
1787559570.1217074,0.0,0.0,0.13638055324554443
1787559570.295874,0.0,0.0,0.13638055324554443
1787559570.4089327,0.0,0.0,0.13651330769062045
1787559570.5437446,0.0,0.0,0.13640817999839783
1787559570.6444972,0.0,0.0,0.13655532896518704
1787559570.6866055,0.0,0.0,0.13647834956645966
1787559570.9080007,0.0,0.0,0.13647130131721497
1787559570.9632955,0.0,0.0,0.13706442713737488
1787559571.1137292,0.0,0.0,0.13701374828815457
1787559571.3164263,0.0,0.0,0.13714464008808136
1787559571.325366,0.0,0.0,0.13711945712566376
1787559571.5209537,0.0,0.0,0.13709211349487305
1787559571.5217721,0.0,0.0,0.13700616359710696
1787559571.7600343,0.0,0.0,0.13717277348041537
1787559571.9166095,0.0,0.0,0.137347549200058
1787559571.9624257,0.0,0.0,0.13756576180458066
1787559572.7507563,0.0,0.0,0.13783860206604007
1787559572.8928626,0.0,0.0,0.138494610786438
1787559572.9390693,0.0,0.0,0.13841123878955844
1787559573.1610742,0.0,0.0,0.13843585550785065
1787559573.3655636,0.0,0.0,0.13883271813392642
1787559573.5074608,0.0,0.0,0.13930150866508487
1787559573.6277292,0.0,0.0,0.1393258273601532
1787559573.6733768,0.0,0.0,0.13941006362438202
1787559573.7295728,0.0,0.0,0.13953779637813568
1787559573.7727618,0.0,0.0,0.13995571434497833
1787559573.8225796,0.0,0.0,0.13995571434497833
1787559573.8853898,0.0,0.0,0.139926552772522
1787559573.9245512,0.0,0.0,0.13987700641155243
1787559573.972904,0.0,0.0,0.13982768356800082
1787559574.0228872,0.0,0.0,0.13982768356800082
1787559574.074176,0.0,0.0,0.13989073038101196
1787559574.1226132,0.0,0.0,0.14008043706417087
1787559574.174723,0.0,0.0,0.14030331373214724
1787559574.2268298,0.0,0.0,0.14030331373214724
1787559574.2768695,0.0,0.0,0.14035870134830478
1787559574.4584532,0.0,0.0,0.1403328776359558
1787559574.57015,0.0,0.0,0.14044319093227386
1787559574.5716364,0.0,0.0,0.14059698581695557
1787559574.6534975,0.0,0.0,0.14062805473804477
1787559574.6718912,0.0,0.0,0.14057561755180362
1787559574.759766,0.0,0.0,0.14053975045681
1787559574.8212194,0.0,0.0,0.1405804604291916
1787559574.8222926,0.0,0.0,0.14068198204040527
1787559574.923616,0.0,0.0,0.14072594046592712
1787559575.0136817,0.0,0.0,0.14089043438434604
1787559575.05812,0.0,0.0,0.14082783460617065
1787559575.1170664,0.0,0.0,0.14079417288303375
1787559575.1571243,0.0,0.0,0.1407199203968048
1787559575.2184825,0.0,0.0,0.1407105177640915
1787559575.2599165,0.0,0.0,0.14089308679103854
1787559575.3138256,0.0,0.0,0.14100788533687592
1787559575.3661478,0.0,0.0,0.14114908874034882
1787559575.4167073,0.0,0.0,0.1411537528038025
1787559575.4577231,0.0,0.0,0.14118719100952146
1787559575.5239077,0.0,0.0,0.1411106288433075
1787559575.614898,0.0,0.0,0.1411492079496384
1787559575.6650395,0.0,0.0,0.1413158029317856
1787559575.7137277,0.0,0.0,0.1413305550813675
1787559575.7572732,0.0,0.0,0.1414478570222855
1787559575.820779,0.0,0.0,0.14142420887947083
1787559575.822259,0.0,0.0,0.14138713479042056
1787559575.910807,0.0,0.0,0.14134748280048373
1787559575.9621024,0.0,0.0,0.14125812053680417
1787559576.015482,0.0,0.0,0.1413729190826416
1787559576.0606852,0.0,0.0,0.14145196974277496
1787559576.1183453,0.0,0.0,0.1414727419614792
1787559576.1638906,0.0,0.0,0.1414705812931061
1787559576.2207577,0.0,0.0,0.14149491488933566
1787559576.2646182,0.0,0.0,0.14142771065235138
1787559576.3261535,0.0,0.0,0.1413624882698059
1787559576.4174387,0.0,0.0,0.14144386351108554
1787559576.4651248,0.0,0.0,0.14143104851245877
1787559576.5219574,0.0,0.0,0.1414537876844406
1787559576.6119623,0.0,0.0,0.1416034698486328
1787559576.6659718,0.0,0.0,0.1415487676858902
1787559576.714297,0.0,0.0,0.1415020525455475
1787559576.759084,0.0,0.0,0.14150021970272064
1787559576.8309639,0.0,0.0,0.1415083855390549
1787559576.9140327,0.0,0.0,0.1417056918144226
1787559576.9648607,0.0,0.0,0.14191398024559024
1787559577.0109556,0.0,0.0,0.14199757575988767
1787559577.0579464,0.0,0.0,0.14197608828544617
1787559577.1211307,0.0,0.0,0.14195674657821655
1787559577.1218715,0.0,0.0,0.14193850755691526
1787559577.2210002,0.0,0.0,0.1418674737215042
1787559577.2215447,0.0,0.0,0.14183045923709872
1787559577.3102276,0.0,0.0,0.14179131388664248
1787559577.36587,0.0,0.0,0.14196370542049408
1787559577.4099102,0.0,0.0,0.14213097095489502
1787559577.4602814,0.0,0.0,0.14223003387451172
1787559577.5179074,0.0,0.0,0.1423266381025314
1787559577.5594468,0.0,0.0,0.14228612184524536
1787559577.6209466,0.0,0.0,0.14221027493476868
1787559577.6216953,0.0,0.0,0.1421443670988083
1787559577.7161238,0.0,0.0,0.1422272026538849
1787559577.768506,0.0,0.0,0.14227797091007233
1787559577.812491,0.0,0.0,0.14230291545391083
1787559577.8581762,0.0,0.0,0.14233988523483276
1787559577.919494,0.0,0.0,0.14246238768100736
1787559577.9588823,0.0,0.0,0.14252184331417084
1787559578.0112715,0.0,0.0,0.1425139307975769
1787559578.0647507,0.0,0.0,0.14248682558536527
1787559578.1121957,0.0,0.0,0.14248698949813843
1787559578.1601639,0.0,0.0,0.1424696445465088
1787559578.2181804,0.0,0.0,0.14262208342552185
1787559578.2584877,0.0,0.0,0.1426595151424408
1787559578.3218906,0.0,0.0,0.14278630912303925
1787559578.6115966,0.0,0.0,0.14289885759353638
1787559578.7489257,0.0,0.0,0.14303670823574066
1787559578.7949474,0.0,0.0,0.143282949924469
1787559578.997673,0.0,0.0,0.1433277428150177
1787559579.1988778,0.0,0.0,0.14336806535720825
1787559579.309663,0.0,0.0,0.1434692442417145
1787559579.4209535,0.0,0.0,0.14346915483474731
1787559579.4215367,0.0,0.0,0.14362621307373052
1787559579.7172346,0.0,0.0,0.14361989498138428
1787559579.816992,0.0,0.0,0.14389227330684662
1787559580.0218163,0.0,0.0,0.14395281672477722
1787559580.1583734,0.0,0.0,0.14417485892772675
1787559580.429746,0.0,0.0,0.14420366287231445
1787559580.534654,0.0,0.0,0.1444326937198639
1787559580.6559327,0.0,0.0,0.14444084465503695
1787559580.8410957,0.0,0.0,0.14468669891357422
1787559581.0456169,0.0,0.0,0.14481772482395172
1787559581.254643,0.0,0.0,0.1450484097003937
1787559581.4556205,0.0,0.0,0.14520029723644257
1787559581.6656535,0.0,0.0,0.14549969136714938
1787559581.8649666,0.0,0.0,0.14534758031368256
1787559581.9087749,0.0,0.0,0.14583197236061096
1787559582.073469,0.0,0.0,0.14581401646137238
1787559582.275012,0.0,0.0,0.14576227962970736
1787559582.3850448,0.0,0.0,0.14630915224552155
1787559582.4778152,0.0,0.0,0.1463148444890976
1787559582.6448631,0.0,0.0,0.14634263515472415
1787559582.8887188,0.0,0.0,0.14665065705776215
1787559583.0938337,0.0,0.0,0.14658655226230624
1787559583.209855,0.0,0.0,0.1470087170600891
1787559583.418055,0.0,0.0,0.14702695608139035
1787559583.616338,0.0,0.0,0.14731973409652716
1787559583.9116783,0.0,0.0,0.14738507568836215
1787559584.0135555,0.0,0.0,0.14759857952594757
1787559584.0229263,0.0,0.0,0.1476088911294937
1787559584.220664,0.0,0.0,0.14777487516403198
1787559584.2217183,0.0,0.0,0.14806157350540164
1787559584.3978007,0.0,0.0,0.1480060517787933
1787559585.3436022,0.0,0.0,0.1481241881847382
1787559585.449919,0.0,0.0,0.14834070205688477
1787559585.654013,0.0,0.0,0.1489642858505249
1787559585.8619123,0.0,0.0,0.14913797378540036
1787559586.0632198,0.0,0.0,0.14938807487487793
1787559586.2683506,0.0,0.0,0.14935886859893802
1787559586.4716706,0.0,0.0,0.14962981641292572
1787559586.578188,0.0,0.0,0.14950497448444366
1787559586.647218,0.0,0.0,0.14999501407146454
1787559586.7363992,0.0,0.0,0.14997792243957522
1787559586.9201305,0.0,0.0,0.14991556107997897
1787559586.9218032,0.0,0.0,0.15008339285850522
1787559587.1166346,0.0,0.0,0.15034545958042142
1787559587.3115652,0.0,0.0,0.15040622651576996
1787559587.5114467,0.0,0.0,0.15072813630104062
1787559587.7020962,0.0,0.0,0.15073135495185855
1787559587.9049673,0.0,0.0,0.15108965337276462
1787559587.9491222,0.0,0.0,0.15112349390983584
1787559588.2148838,0.0,0.0,0.15143351256847382
1787559588.4170454,0.0,0.0,0.15137681365013123
1787559588.437717,0.0,0.0,0.15167094767093658
1787559588.6233692,0.0,0.0,0.15163566172122953
1787559588.7267177,0.0,0.0,0.15172079205513003
1787559588.9369617,0.0,0.0,0.15174205601215365
1787559588.9732246,0.0,0.0,0.15214812755584717
1787559589.022221,0.0,0.0,0.15214812755584717
1787559589.076587,0.0,0.0,0.15214812755584717
1787559589.1228805,0.0,0.0,0.15214812755584717
1787559589.1912813,0.0,0.0,0.15210311114788055
1787559589.223424,0.0,0.0,0.15210311114788055
1787559589.273251,0.0,0.0,0.15210311114788055
1787559589.3226974,0.0,0.0,0.15210311114788055
1787559589.373123,0.0,0.0,0.15210311114788055
1787559589.4264019,0.0,0.0,0.1526329815387726
1787559589.4826596,0.0,0.0,0.1526329815387726
1787559589.6461692,0.0,0.0,0.1526329815387726
1787559589.78972,0.0,0.0,0.152733713388443
1787559590.066594,0.0,0.0,0.1529618352651596
1787559590.3646955,0.0,0.0,0.15342190861701965
1787559590.3873782,0.0,0.0,0.1538199633359909
1787559590.569428,0.0,0.0,0.15378324687480927
1787559590.571678,0.0,0.0,0.1534966230392456
1787559590.6499288,0.0,0.0,0.1534966230392456
1787559590.7778318,0.0,0.0,0.15361037850379944
1787559590.837336,0.0,0.0,0.15380577743053436
1787559591.0118055,0.0,0.0,0.1539967954158783
1787559591.2866812,0.0,0.0,0.15409879386425018
1787559591.3944652,0.0,0.0,0.15431685745716098
1787559591.4866908,0.0,0.0,0.1543799489736557
1787559591.6534863,0.0,0.0,0.1544333100318909
1787559591.6737876,0.0,0.0,0.15440975129604342
1787559591.9007382,0.0,0.0,0.15446949005126956
1787559592.1034482,0.0,0.0,0.15457841753959659
1787559592.2467139,0.0,0.0,0.15468046069145203
1787559592.4342508,0.0,0.0,0.15487545728683472
1787559592.62023,0.0,0.0,0.15544196963310242
1787559592.6218913,0.0,0.0,0.15539672970771787
1787559592.7232578,0.0,0.0,0.15539672970771787
1787559592.924294,0.0,0.0,0.15572886168956757
1787559593.1344588,0.0,0.0,0.15572236478328705
1787559593.345977,0.0,0.0,0.1559773087501526
1787559593.5465598,0.0,0.0,0.1561751961708069
1787559593.7433875,0.0,0.0,0.15638744831085208
1787559593.773877,0.0,0.0,0.15645918250083923
1787559593.900487,0.0,0.0,0.15643486380577087
1787559594.056522,0.0,0.0,0.1565965712070465
1787559594.1524441,0.0,0.0,0.1571587175130844
1787559594.3604324,0.0,0.0,0.157179057598114
1787559594.433701,0.0,0.0,0.15763796865940094
1787559594.6500764,0.0,0.0,0.15769217908382416
1787559594.7708967,0.0,0.0,0.15762192010879517
1787559594.7716935,0.0,0.0,0.1577589362859726
1787559594.9805148,0.0,0.0,0.15794695913791656
1787559595.1789565,0.0,0.0,0.15785503387451172
1787559595.2898111,0.0,0.0,0.1580753326416016
1787559595.4852414,0.0,0.0,0.15788607299327848
1787559595.5943966,0.0,0.0,0.15804882347583774
1787559595.7904503,0.0,0.0,0.1586906462907791
1787559595.8521397,0.0,0.0,0.15870101749897003
1787559596.0973005,0.0,0.0,0.15899252891540527
1787559596.1378965,0.0,0.0,0.15910798311233523
1787559596.3121061,0.0,0.0,0.1591234654188156
1787559596.5164928,0.0,0.0,0.15937010943889618
1787559596.5253785,0.0,0.0,0.159346804022789
1787559596.5798433,0.0,0.0,0.159412145614624
1787559596.6536872,0.0,0.0,0.15945166349411008
1787559596.7172275,0.0,0.0,0.15962000191211698
1787559596.7552168,0.0,0.0,0.15961629152297976
1787559596.8186,0.0,0.0,0.15963092446327212
1787559596.8578415,0.0,0.0,0.1593698114156723
1787559596.9104671,0.0,0.0,0.15937680006027224
1787559596.9622195,0.0,0.0,0.1594117283821106
1787559597.0154836,0.0,0.0,0.15949255228042605
1787559597.0552907,0.0,0.0,0.159611776471138
1787559597.117672,0.0,0.0,0.15959674119949338
1787559597.157471,0.0,0.0,0.15959122776985163
1787559597.2209158,0.0,0.0,0.15960335731506348
1787559597.2217624,0.0,0.0,0.15956492722034457
1787559597.3196135,0.0,0.0,0.15957030653953552
1787559597.3659341,0.0,0.0,0.1596016138792038
1787559597.4157164,0.0,0.0,0.15977570414543155
1787559597.4540374,0.0,0.0,0.16008865833282473
1787559597.5190277,0.0,0.0,0.16029782593250275
1787559597.561331,0.0,0.0,0.16029652953147888
1787559597.6101458,0.0,0.0,0.16026471555233004
1787559597.6659622,0.0,0.0,0.16013170778751376
1787559597.7137513,0.0,0.0,0.16023609042167664
1787559597.7664216,0.0,0.0,0.16029566526412964
1787559597.831401,0.0,0.0,0.16028566658496857
1787559597.9114013,0.0,0.0,0.16054354608058932
1787559597.9664183,0.0,0.0,0.16050349175930023
1787559598.0153852,0.0,0.0,0.16047687828540802
1787559598.0596242,0.0,0.0,0.16050767898559573
1787559598.1207762,0.0,0.0,0.16050365567207336
1787559598.122544,0.0,0.0,0.1605341136455536
1787559598.2138016,0.0,0.0,0.1606233716011047
1787559598.2660015,0.0,0.0,0.16080699861049652
1787559598.3163013,0.0,0.0,0.1607514917850494
1787559598.3606935,0.0,0.0,0.1607246696949005
1787559598.4175155,0.0,0.0,0.16071999073028564
1787559598.4564297,0.0,0.0,0.16067390143871313
1787559598.5212111,0.0,0.0,0.1607098281383514
1787559598.5221891,0.0,0.0,0.16074632108211517
1787559598.613625,0.0,0.0,0.1608745455741882
1787559598.8646922,0.0,0.0,0.160895362496376
1787559599.0048678,0.0,0.0,0.16098719835281372
1787559599.173914,0.0,0.0,0.1613135188817978
1787559599.3778586,0.0,0.0,0.16169835627079007
1787559599.5827055,0.0,0.0,0.16179858148097995
1787559599.7859588,0.0,0.0,0.16188944876194
1787559599.9060352,0.0,0.0,0.16179193556308746
1787559600.0925086,0.0,0.0,0.1621115058660507
1787559600.2069414,0.0,0.0,0.16212363541126254
1787559600.4190857,0.0,0.0,0.16254448890686035
1787559600.5064545,0.0,0.0,0.1626861393451691
1787559600.6513774,0.0,0.0,0.16261824965476987
1787559600.7096336,0.0,0.0,0.162679985165596
1787559600.9120479,0.0,0.0,0.16282302141189575
1787559601.11692,0.0,0.0,0.16288633644580844
1787559601.3216796,0.0,0.0,0.1632990092039108
1787559601.4563253,0.0,0.0,0.1632305383682251
1787559601.657695,0.0,0.0,0.16339720785617828
1787559601.8633044,0.0,0.0,0.1634082794189453
1787559602.0384007,0.0,0.0,0.16360728442668915
1787559602.2678175,0.0,0.0,0.16361939907073977
1787559602.4478347,0.0,0.0,0.16386540234088898
1787559602.6592972,0.0,0.0,0.16395218670368195
1787559602.8625822,0.0,0.0,0.16421988606452945
1787559603.0608292,0.0,0.0,0.1644248366355896
1787559603.171155,0.0,0.0,0.16434292495250705
1787559603.172792,0.0,0.0,0.16445061564445496
1787559603.3777702,0.0,0.0,0.1649046391248703
1787559603.477659,0.0,0.0,0.16482581198215487
1787559603.6115327,0.0,0.0,0.16481284797191623
1787559603.782987,0.0,0.0,0.1650402992963791
1787559603.9586232,0.0,0.0,0.16496641933918002
1787559604.1914394,0.0,0.0,0.1654430776834488
1787559604.3957248,0.0,0.0,0.16544026136398315
1787559604.5516176,0.0,0.0,0.16564980149269104
1787559604.6550992,0.0,0.0,0.16558735072612762
1787559604.9053178,0.0,0.0,0.1655440777540207
1787559605.1135495,0.0,0.0,0.16608625650405887
1787559605.1216238,0.0,0.0,0.16613239049911502
1787559605.3179781,0.0,0.0,0.16613239049911502
1787559605.45629,0.0,0.0,0.1665333062410355
1787559605.4741983,0.0,0.0,0.16646896302700043
1787559605.6548667,0.0,0.0,0.1664922833442688
1787559605.8519444,0.0,0.0,0.16703419387340546
1787559606.0277379,0.0,0.0,0.16698893904685974
1787559606.157855,0.0,0.0,0.16739889979362488
1787559606.3595822,0.0,0.0,0.16744600236415863
1787559606.447888,0.0,0.0,0.16735319793224335
1787559606.6424344,0.0,0.0,0.16731077432632446
1787559606.702062,0.0,0.0,0.16749137639999387
1787559606.7954633,0.0,0.0,0.1676674336194992
1787559607.0574114,0.0,0.0,0.1679080426692963
1787559607.2677445,0.0,0.0,0.16795065999031067
1787559607.271773,0.0,0.0,0.1683712303638458
1787559607.3296642,0.0,0.0,0.16834508627653125
1787559607.5698037,0.0,0.0,0.16834579408168793
1787559607.580147,0.0,0.0,0.16855977475643158
1787559607.7132688,0.0,0.0,0.16869508475065234
1787559607.7277691,0.0,0.0,0.16877119988203051
1787559607.8802476,0.0,0.0,0.16879668086767197
1787559607.9730318,0.0,0.0,0.16867837309837344
1787559608.1841757,0.0,0.0,0.16865444183349607
1787559608.3863802,0.0,0.0,0.16883337497711182
1787559608.5202491,0.0,0.0,0.16920561343431476
1787559608.5216942,0.0,0.0,0.16958330571651456
1787559608.6551416,0.0,0.0,0.169649250805378
1787559608.796789,0.0,0.0,0.16962073743343353
1787559608.9682696,0.0,0.0,0.1695853546261787
1787559609.143959,0.0,0.0,0.16973169147968295
1787559609.3533607,0.0,0.0,0.1698211804032326
1787559609.490746,0.0,0.0,0.16996339708566666
1787559609.7181103,0.0,0.0,0.17026334255933762
1787559609.923093,0.0,0.0,0.17021692544221878
1787559610.1285093,0.0,0.0,0.17038878798484802
1787559610.3327856,0.0,0.0,0.1704533100128174
1787559610.5372882,0.0,0.0,0.1704945042729378
1787559610.6791306,0.0,0.0,0.17101550847291946
1787559610.8650055,0.0,0.0,0.17091713845729828
1787559611.0504696,0.0,0.0,0.1713327020406723
1787559611.292514,0.0,0.0,0.17141195386648175
1787559611.4664934,0.0,0.0,0.17175240814685822
1787559611.769015,0.0,0.0,0.17180365324020386
1787559611.775417,0.0,0.0,0.17198968678712848
1787559612.2801287,0.0,0.0,0.1719563156366348
1787559612.3222158,0.0,0.0,0.1719563156366348
1787559612.3743854,0.0,0.0,0.1719563156366348
1787559612.4227252,0.0,0.0,0.1719563156366348
1787559612.4738705,0.0,0.0,0.1719563156366348
1787559612.5254235,0.0,0.0,0.1719563156366348
1787559612.5744324,0.0,0.0,0.1719563156366348
1787559612.6248982,0.0,0.0,0.1719563156366348
1787559612.6747992,0.0,0.0,0.17276968061923978
1787559612.7229993,0.0,0.0,0.17276968061923978
1787559612.7727578,0.0,0.0,0.17293670028448105
1787559612.8249316,0.0,0.0,0.17311028391122815
1787559612.8747973,0.0,0.0,0.17317423969507217
1787559612.9221427,0.0,0.0,0.17312853038311005
1787559612.9729292,0.0,0.0,0.1730317696928978
1787559613.0226653,0.0,0.0,0.1730317696928978
1787559613.072588,0.0,0.0,0.17304158955812454
1787559613.1239839,0.0,0.0,0.17319224774837497
1787559613.174283,0.0,0.0,0.17321314662694928
1787559613.2226942,0.0,0.0,0.17319247126579287
1787559613.272478,0.0,0.0,0.17313337326049805
1787559613.3222198,0.0,0.0,0.17316634953022003
1787559613.3752654,0.0,0.0,0.17309258133172986
1787559613.4235532,0.0,0.0,0.17320314794778824
1787559613.4728107,0.0,0.0,0.17327025532722473
1787559613.5249734,0.0,0.0,0.1733353063464165
1787559613.5746005,0.0,0.0,0.17338409274816513
1787559613.6218276,0.0,0.0,0.1733766123652458
1787559613.6720421,0.0,0.0,0.17335378378629684
1787559613.7225423,0.0,0.0,0.1733308583498001
1787559613.772771,0.0,0.0,0.17338840663433078
1787559613.8224974,0.0,0.0,0.17362871766090393
1787559613.8741837,0.0,0.0,0.17372869700193405
1787559613.9225552,0.0,0.0,0.17372392117977142
1787559613.9748466,0.0,0.0,0.1736927777528763
1787559614.0229208,0.0,0.0,0.17365581542253497
1787559614.07252,0.0,0.0,0.17363275587558746
1787559614.1223707,0.0,0.0,0.17376187443733213
1787559614.1721559,0.0,0.0,0.17378220707178116
1787559614.2245061,0.0,0.0,0.17378220707178116
1787559614.2723958,0.0,0.0,0.17382974922657013
1787559614.3273518,0.0,0.0,0.17379861325025558
1787559614.378481,0.0,0.0,0.1737627536058426
1787559614.4280334,0.0,0.0,0.17386255413293839
1787559614.4726813,0.0,0.0,0.17391993850469586
1787559614.5245366,0.0,0.0,0.17404445260763168
1787559614.5733705,0.0,0.0,0.17405079305171964
1787559614.6226168,0.0,0.0,0.174152173101902
1787559614.6770585,0.0,0.0,0.17412541061639789
1787559614.722613,0.0,0.0,0.17413564771413803
1787559614.7723343,0.0,0.0,0.1741672456264496
1787559614.8234854,0.0,0.0,0.1742872968316078
1787559614.872927,0.0,0.0,0.1744266152381897
1787559614.922856,0.0,0.0,0.17459240555763245
1787559614.9737828,0.0,0.0,0.17456892132759094
1787559615.023801,0.0,0.0,0.17451252788305285
1787559615.0733511,0.0,0.0,0.17450568079948425
1787559615.1239848,0.0,0.0,0.1745598167181015
1787559615.174605,0.0,0.0,0.17458759248256686
1787559615.2232864,0.0,0.0,0.174853652715683
1787559615.2751946,0.0,0.0,0.17486836761236188
1787559615.323714,0.0,0.0,0.17486836761236188
1787559615.3784797,0.0,0.0,0.17482749372720718
1787559615.4232771,0.0,0.0,0.17481764405965805
1787559615.4735236,0.0,0.0,0.17488674819469452
1787559615.52358,0.0,0.0,0.17516499012708664
1787559615.5719028,0.0,0.0,0.17519875615835193
1787559615.6276696,0.0,0.0,0.17541563510894778
1787559615.6765838,0.0,0.0,0.17552724480628965
1787559615.7227557,0.0,0.0,0.17552724480628965
1787559615.778791,0.0,0.0,0.17546921223402023
1787559615.8285685,0.0,0.0,0.17540691792964935
1787559615.8725932,0.0,0.0,0.17548789083957675
1787559615.923625,0.0,0.0,0.17536412179470062
1787559615.9795144,0.0,0.0,0.175426222383976
1787559616.0218806,0.0,0.0,0.1754962056875229
1787559616.0725944,0.0,0.0,0.1755872368812561
1787559616.1227818,0.0,0.0,0.17557908594608307
1787559616.173318,0.0,0.0,0.17559079825878146
1787559616.2228062,0.0,0.0,0.17553470283746722
1787559616.272807,0.0,0.0,0.17553348839282995
1787559616.3217986,0.0,0.0,0.17558205872774124
1787559616.373629,0.0,0.0,0.17560238391160965
1787559616.422289,0.0,0.0,0.17560238391160965
1787559616.4745762,0.0,0.0,0.1756589338183403
1787559616.5265026,0.0,0.0,0.17562226951122284
1787559616.5744154,0.0,0.0,0.1755441278219223
1787559616.6335378,0.0,0.0,0.1755441278219223
1787559616.674949,0.0,0.0,0.17556586861610415
1787559616.767718,0.0,0.0,0.17564705759286878
1787559616.98877,0.0,0.0,0.17581938952207568
1787559617.193526,0.0,0.0,0.1757748052477837
1787559617.4045897,0.0,0.0,0.1760615259408951
1787559617.6111343,0.0,0.0,0.17630138993263242
1787559617.8098228,0.0,0.0,0.17633234709501266
1787559617.9500892,0.0,0.0,0.17657765746116638
1787559618.1179316,0.0,0.0,0.1765405833721161
1787559618.320714,0.0,0.0,0.1768491566181183
1787559618.3217287,0.0,0.0,0.17681515216827395
1787559618.427687,0.0,0.0,0.17687772214412692
1787559618.625984,0.0,0.0,0.17688920348882675
1787559618.729637,0.0,0.0,0.17709071189165113
1787559618.9341824,0.0,0.0,0.17700886726379395
1787559619.1435575,0.0,0.0,0.17713183164596558
1787559619.343649,0.0,0.0,0.17709263414144516
1787559619.4528122,0.0,0.0,0.17705760151147842
1787559619.6535301,0.0,0.0,0.1772144585847855
1787559619.6996515,0.0,0.0,0.1772460266947746
1787559619.9588952,0.0,0.0,0.1771350204944611
1787559620.0022438,0.0,0.0,0.1773665174841881
1787559620.2094102,0.0,0.0,0.17729143798351288
1787559620.4701097,0.0,0.0,0.17754393070936203
1787559620.6167643,0.0,0.0,0.17746747285127643
1787559620.627078,0.0,0.0,0.17774898558855057
1787559620.7786343,0.0,0.0,0.17765748500823977
1787559620.916687,0.0,0.0,0.17770995199680328
1787559621.0918193,0.0,0.0,0.1777688637375832
1787559621.2459667,0.0,0.0,0.17772539705038073
1787559621.402779,0.0,0.0,0.17801510542631152
1787559621.5994515,0.0,0.0,0.1779742240905762
1787559621.698973,0.0,0.0,0.17842924594879148
1787559621.9056816,0.0,0.0,0.17830147594213483
1787559622.0553155,0.0,0.0,0.17848274111747742
1787559622.2643547,0.0,0.0,0.17846634984016418
1787559622.523276,0.0,0.0,0.178679995238781
1787559622.655142,0.0,0.0,0.17890538275241852
1787559622.852083,0.0,0.0,0.17879812419414517
1787559623.0305705,0.0,0.0,0.17899452894926074
1787559623.2358198,0.0,0.0,0.1790333911776543
1787559623.4411402,0.0,0.0,0.1794030517339707
1787559623.6599455,0.0,0.0,0.17948647588491443
1787559623.8495595,0.0,0.0,0.17960340529680252
1787559624.0377717,0.0,0.0,0.17973029613494873
1787559624.257959,0.0,0.0,0.17952949553728104
1787559624.3779228,0.0,0.0,0.18001163005828857
1787559624.5760176,0.0,0.0,0.17993061989545822
1787559624.7716675,0.0,0.0,0.18020804226398468
1787559624.9798703,0.0,0.0,0.18017578870058062
1787559625.1797037,0.0,0.0,0.18043363094329834
1787559625.3188632,0.0,0.0,0.18050685524940488
1787559625.4883425,0.0,0.0,0.18051888793706894
1787559625.6928742,0.0,0.0,0.18058271706104276
1787559625.8977115,0.0,0.0,0.18100677430629727
1787559626.1013074,0.0,0.0,0.1811385154724121
1787559626.3086283,0.0,0.0,0.18108872324228287
1787559626.5116541,0.0,0.0,0.1813623905181885
1787559626.528082,0.0,0.0,0.18146317452192307
1787559626.6565588,0.0,0.0,0.1814733147621155
1787559626.8208761,0.0,0.0,0.1816963106393814
1787559626.8215487,0.0,0.0,0.18179612606763842
1787559627.0371609,0.0,0.0,0.1817217543721199
1787559627.2273004,0.0,0.0,0.18188187479972842
1787559627.356569,0.0,0.0,0.1817872375249863
1787559627.4412386,0.0,0.0,0.18214554339647293
1787559627.654921,0.0,0.0,0.18231041729450226
1787559627.843647,0.0,0.0,0.18238934129476547
1787559627.9949095,0.0,0.0,0.1827310249209404
1787559628.158561,0.0,0.0,0.18274332582950595
1787559628.3624141,0.0,0.0,0.18318856507539752
1787559628.5653808,0.0,0.0,0.18321595340967178
1787559628.6559854,0.0,0.0,0.18355907499790192
1787559628.700929,0.0,0.0,0.18346747756004333
1787559628.865618,0.0,0.0,0.18359610438346863
1787559628.8768322,0.0,0.0,0.18395423144102094
1787559629.0791519,0.0,0.0,0.18386924266815186
1787559629.2769759,0.0,0.0,0.18386880308389664
1787559629.4170823,0.0,0.0,0.18410015851259232
1787559629.6093092,0.0,0.0,0.1842915713787079
1787559629.8072622,0.0,0.0,0.184500552713871
1787559629.994067,0.0,0.0,0.18458196520805362
1787559630.1948924,0.0,0.0,0.18460571765899658
1787559630.3165388,0.0,0.0,0.18484363704919815
1787559630.4372838,0.0,0.0,0.18491245061159134
1787559630.614867,0.0,0.0,0.18501088768243792
1787559630.6568792,0.0,0.0,0.18505951762199402
1787559630.8189228,0.0,0.0,0.18502310663461685
1787559631.0195742,0.0,0.0,0.1851434335112572
1787559631.334504,0.0,0.0,0.1853652223944664
1787559631.4270182,0.0,0.0,0.18555837869644165
1787559631.5883687,0.0,0.0,0.1856260597705841
1787559631.7522867,0.0,0.0,0.18602769821882248
1787559631.9492383,0.0,0.0,0.18608589470386505
1787559632.1443813,0.0,0.0,0.18640439957380298
1787559632.1718802,0.0,0.0,0.18652980029582977
1787559632.3567572,0.0,0.0,0.18652980029582977
1787559632.5529416,0.0,0.0,0.1868273988366127
1787559632.58223,0.0,0.0,0.1870190799236298
1787559632.6888285,0.0,0.0,0.18718937784433365
1787559632.8608108,0.0,0.0,0.18722737580537796
1787559633.064034,0.0,0.0,0.18714507669210434
1787559633.170691,0.0,0.0,0.18711523711681366
1787559633.171702,0.0,0.0,0.1873470842838287
1787559633.373243,0.0,0.0,0.18734845519065857
1787559633.48059,0.0,0.0,0.1872602254152298
1787559633.609286,0.0,0.0,0.18743732571601868
1787559633.7924464,0.0,0.0,0.18797371536493307
1787559633.987013,0.0,0.0,0.18794376403093338
1787559634.1920235,0.0,0.0,0.18813581764698026
1787559634.395255,0.0,0.0,0.18829802423715594
1787559634.6023326,0.0,0.0,0.188215434551239
1787559634.6581128,0.0,0.0,0.1886051744222641
1787559634.7427006,0.0,0.0,0.18863949924707413
1787559634.9092567,0.0,0.0,0.18861345946788785
1787559634.9520981,0.0,0.0,0.18882956355810165
1787559635.2163515,0.0,0.0,0.18905831873416903
1787559635.4212413,0.0,0.0,0.18911117315292356
1787559635.4221056,0.0,0.0,0.18919727951288218
1787559635.655947,0.0,0.0,0.18929859995841983
1787559635.9343028,0.0,0.0,0.18944140523672107
1787559635.9744596,0.0,0.0,0.18945210427045822
1787559636.1771016,0.0,0.0,0.18955561518669128
1787559637.61769,0.0,0.0,0.19004511833190918
1787559637.6493561,0.0,0.0,0.19004511833190918
1787559637.6723297,0.0,0.0,0.19004511833190918
1787559637.731315,0.0,0.0,0.19004511833190918
1787559637.7736158,0.0,0.0,0.19004511833190918
1787559637.8266075,0.0,0.0,0.19004511833190918
1787559637.871773,0.0,0.0,0.19055689871311188
1787559637.9220612,0.0,0.0,0.19055470079183584
1787559637.9737535,0.0,0.0,0.19082961231470108
1787559638.0238311,0.0,0.0,0.19082961231470108
1787559638.073469,0.0,0.0,0.19082961231470108
1787559638.1223464,0.0,0.0,0.1909634172916413
1787559638.1727397,0.0,0.0,0.1909634172916413
1787559638.2258286,0.0,0.0,0.19085903465747833
1787559638.2731578,0.0,0.0,0.19085903465747833
1787559638.325094,0.0,0.0,0.19085903465747833
1787559638.372823,0.0,0.0,0.19085903465747833
1787559638.4225647,0.0,0.0,0.1912179738283157
1787559638.4758973,0.0,0.0,0.1912179738283157
1787559638.5299442,0.0,0.0,0.1912179738283157
1787559638.5738266,0.0,0.0,0.1912179738283157
1787559638.622289,0.0,0.0,0.191236212849617
1787559638.6764247,0.0,0.0,0.19116999208927155
1787559638.7225068,0.0,0.0,0.1912327483296394
1787559638.7789197,0.0,0.0,0.19124411791563034
1787559638.8277574,0.0,0.0,0.19147894531488413
1787559638.8736317,0.0,0.0,0.19170483201742175
1787559638.9237342,0.0,0.0,0.1917595937848091
1787559638.9748693,0.0,0.0,0.19171359390020368
1787559639.0276344,0.0,0.0,0.191696971654892
1787559639.072574,0.0,0.0,0.19171555340290072
1787559639.125095,0.0,0.0,0.19173313677310944
1787559639.1725705,0.0,0.0,0.1918082758784294
1787559639.222934,0.0,0.0,0.1918082758784294
1787559639.2724884,0.0,0.0,0.19193141162395477
1787559639.333262,0.0,0.0,0.19194911420345306
1787559639.3723888,0.0,0.0,0.1919160559773445
1787559639.434548,0.0,0.0,0.19190096110105517
1787559639.474197,0.0,0.0,0.19185151904821396
1787559639.52253,0.0,0.0,0.19205254316329956
1787559639.57177,0.0,0.0,0.19222015142440793
1787559639.6270883,0.0,0.0,0.19228542596101758
1787559639.6722074,0.0,0.0,0.19227491319179538
1787559639.7225056,0.0,0.0,0.1922674998641014
1787559639.7751822,0.0,0.0,0.1921360269188881
1787559639.8229039,0.0,0.0,0.19215469807386404
1787559639.8727007,0.0,0.0,0.19224733859300616
1787559639.925373,0.0,0.0,0.19228471070528033
1787559639.9743145,0.0,0.0,0.19239721447229385
1787559640.0236921,0.0,0.0,0.1925118193030358
1787559640.0747688,0.0,0.0,0.19251845031976703
1787559640.123685,0.0,0.0,0.19251845031976703
1787559640.1742623,0.0,0.0,0.19246142357587814
1787559640.2399704,0.0,0.0,0.19247391074895862
1787559640.272404,0.0,0.0,0.1925465986132622
1787559640.3223376,0.0,0.0,0.19260849058628077
1787559640.3735392,0.0,0.0,0.19272462278604507
1787559640.4267395,0.0,0.0,0.19281813502311712
1787559640.4727178,0.0,0.0,0.1927802637219429
1787559640.5265455,0.0,0.0,0.1927802637219429
1787559640.571922,0.0,0.0,0.19277060031890872
1787559640.6229799,0.0,0.0,0.19276852905750275
1787559640.6764507,0.0,0.0,0.19289595633745193
1787559640.724334,0.0,0.0,0.19289595633745193
1787559640.776079,0.0,0.0,0.19289595633745193
1787559640.8224034,0.0,0.0,0.19289595633745193
1787559640.883952,0.0,0.0,0.1932721585035324
1787559640.9265928,0.0,0.0,0.1932721585035324
1787559640.9724665,0.0,0.0,0.1932721585035324
1787559641.0264218,0.0,0.0,0.1932721585035324
1787559641.0778954,0.0,0.0,0.19328399002552038
1787559641.1273172,0.0,0.0,0.19398682564497
1787559641.1752176,0.0,0.0,0.19398682564497
1787559641.2227592,0.0,0.0,0.19398682564497
1787559641.274528,0.0,0.0,0.19398682564497
1787559641.323336,0.0,0.0,0.19398682564497
1787559641.3762026,0.0,0.0,0.19400988519191742
1787559641.4226074,0.0,0.0,0.19400988519191742
1787559641.4737058,0.0,0.0,0.19400988519191742
1787559641.523824,0.0,0.0,0.19400988519191742
1787559641.571725,0.0,0.0,0.1942351907491684
1787559641.6378973,0.0,0.0,0.19415245205163956
1787559641.672752,0.0,0.0,0.19415245205163956
1787559641.7233372,0.0,0.0,0.19415245205163956
1787559641.773434,0.0,0.0,0.19415245205163956
1787559641.8233721,0.0,0.0,0.19415245205163956
1787559641.8747919,0.0,0.0,0.19415245205163956
1787559641.92394,0.0,0.0,0.19451264292001724
1787559641.9725049,0.0,0.0,0.19451264292001724
1787559642.0239885,0.0,0.0,0.19451264292001724
1787559642.073205,0.0,0.0,0.19451264292001724
1787559642.1221366,0.0,0.0,0.19451264292001724
1787559642.172463,0.0,0.0,0.1947104856371879
1787559642.221972,0.0,0.0,0.1947104856371879
1787559642.2727747,0.0,0.0,0.1947104856371879
1787559642.3225727,0.0,0.0,0.19489213824272156
1787559642.37452,0.0,0.0,0.19489213824272156
1787559642.4229202,0.0,0.0,0.19489213824272156
1787559642.472399,0.0,0.0,0.19501545280218124
1787559642.526347,0.0,0.0,0.19501545280218124
1787559642.5729046,0.0,0.0,0.19501545280218124
1787559642.624309,0.0,0.0,0.19501545280218124
1787559642.6742733,0.0,0.0,0.19546804577112198
1787559642.722943,0.0,0.0,0.19549219310283655
1787559642.773751,0.0,0.0,0.19545143097639084
1787559642.822367,0.0,0.0,0.19554517418146133
1787559642.87554,0.0,0.0,0.1956095397472382
1787559642.9224825,0.0,0.0,0.19584525376558307
1787559642.9728267,0.0,0.0,0.19600025564432144
1787559643.0540848,0.0,0.0,0.19599539041519165
1787559643.1068761,0.0,0.0,0.19596454501152039
1787559643.15987,0.0,0.0,0.19599488377571112
1787559643.2111316,0.0,0.0,0.1959997341036797
1787559643.253078,0.0,0.0,0.19610387086868283
1787559643.3172395,0.0,0.0,0.19623937457799911
1787559643.3532298,0.0,0.0,0.19622473418712613
1787559643.4151437,0.0,0.0,0.1961446031928063
1787559643.4670138,0.0,0.0,0.1959574818611145
1787559643.5111892,0.0,0.0,0.1958836391568184
1787559643.5548584,0.0,0.0,0.19599095731973648
1787559643.6162796,0.0,0.0,0.19610176980495456
1787559643.658037,0.0,0.0,0.19651465117931366
1787559643.705827,0.0,0.0,0.19655736535787582
1787559643.7609153,0.0,0.0,0.196503184735775
1787559643.807724,0.0,0.0,0.1965145692229271
1787559643.8540428,0.0,0.0,0.19645317643880844
1787559643.9189136,0.0,0.0,0.19654557108879092
1787559643.9540215,0.0,0.0,0.19667369872331625
1787559644.0079818,0.0,0.0,0.19695237278938293
1787559644.0644715,0.0,0.0,0.19704018533229828
1787559644.1104543,0.0,0.0,0.19704772531986237
1787559644.1561213,0.0,0.0,0.19694293290376663
1787559644.2150476,0.0,0.0,0.19675271958112725
1787559644.257945,0.0,0.0,0.19688045978546148
1787559644.3064406,0.0,0.0,0.19709350913763046
1787559644.3543851,0.0,0.0,0.1972573101520539
1787559644.4117393,0.0,0.0,0.19728076457977295
1787559644.4555078,0.0,0.0,0.1971937343478203
1787559644.5167913,0.0,0.0,0.19715220481157306
1787559644.5568757,0.0,0.0,0.19711159169673922
1787559644.629267,0.0,0.0,0.19714167714118963
1787559644.710703,0.0,0.0,0.19727574288845065
1787559644.7618682,0.0,0.0,0.19740714132785803
1787559644.8153703,0.0,0.0,0.1974472850561142
1787559644.8552804,0.0,0.0,0.1974073275923729
1787559644.9090655,0.0,0.0,0.19739191234111786
1787559644.9620903,0.0,0.0,0.19740691781044006
1787559645.0101285,0.0,0.0,0.19742272794246674
1787559645.0534759,0.0,0.0,0.19759709388017657
1787559645.1162486,0.0,0.0,0.19784465432167056
1787559645.156294,0.0,0.0,0.19805414974689484
1787559645.2064047,0.0,0.0,0.1980341151356697
1787559645.2631006,0.0,0.0,0.1979849562048912
1787559645.309628,0.0,0.0,0.19799523800611496
1787559645.3614156,0.0,0.0,0.1980272233486176
1787559645.4192789,0.0,0.0,0.1980747878551483
1787559645.4579697,0.0,0.0,0.19833359122276306
1787559645.5042617,0.0,0.0,0.19840951263904566
1787559645.563168,0.0,0.0,0.19833236187696454
1787559645.609128,0.0,0.0,0.1983582824468613
1787559645.6540062,0.0,0.0,0.1982906013727188
1787559645.7109356,0.0,0.0,0.1983080729842186
1787559645.7553828,0.0,0.0,0.19815724343061447
1787559645.8025725,0.0,0.0,0.19827564060688016
1787559645.8619955,0.0,0.0,0.19846664369106293
1787559645.9016254,0.0,0.0,0.198765367269516
1787559645.964191,0.0,0.0,0.1988841742277146
1787559646.0053432,0.0,0.0,0.19901079684495926
1787559646.0640197,0.0,0.0,0.19903570413589483
1787559646.108247,0.0,0.0,0.19909390807151794
1787559646.1552796,0.0,0.0,0.19903397560119634
1787559646.2160983,0.0,0.0,0.19905135035514834
1787559646.257703,0.0,0.0,0.19900095462799075
1787559646.3069422,0.0,0.0,0.1990189626812935
1787559646.362628,0.0,0.0,0.19896288961172104
1787559646.4046464,0.0,0.0,0.1990836933255196
1787559646.4528465,0.0,0.0,0.19913396239280703
1787559646.5157914,0.0,0.0,0.19923342019319534
1787559646.5538855,0.0,0.0,0.19926004856824875
1787559646.6099176,0.0,0.0,0.1992471739649773
1787559646.786949,0.0,0.0,0.19923307746648794
1787559647.014108,0.0,0.0,0.1995486170053482
1787559647.197256,0.0,0.0,0.19946205615997314
1787559647.4119463,0.0,0.0,0.19971325993537903
1787559647.613067,0.0,0.0,0.19977000355720526
1787559647.8109262,0.0,0.0,0.20015119016170504
1787559648.0173101,0.0,0.0,0.20013713091611862
1787559648.177069,0.0,0.0,0.20015235245227822
1787559648.4242985,0.0,0.0,0.20011039823293686
1787559648.6412196,0.0,0.0,0.2004314810037613
1787559648.7329307,0.0,0.0,0.2006930708885193
1787559648.9375129,0.0,0.0,0.2008941322565079
1787559649.1435182,0.0,0.0,0.20086386799812314
1787559649.347719,0.0,0.0,0.20134416222572327
1787559649.5587862,0.0,0.0,0.2013756185770035
1787559649.696398,0.0,0.0,0.20164351910352707
1787559649.8612585,0.0,0.0,0.20170056074857715
1787559650.073786,0.0,0.0,0.20203719288110736
1787559650.2686229,0.0,0.0,0.2019518315792084
1787559650.2767167,0.0,0.0,0.20246004313230515
1787559650.4740102,0.0,0.0,0.20241840928792956
1787559650.6615071,0.0,0.0,0.2023849487304688
1787559650.814686,0.0,0.0,0.20267272740602493
1787559650.8293574,0.0,0.0,0.20280669629573825
1787559650.8774903,0.0,0.0,0.2027361020445824
1787559650.9223354,0.0,0.0,0.2027361020445824
1787559650.9724445,0.0,0.0,0.2027361020445824
1787559651.023874,0.0,0.0,0.2027361020445824
1787559651.0914767,0.0,0.0,0.203077495098114
1787559651.1238265,0.0,0.0,0.203077495098114
1787559651.1733987,0.0,0.0,0.203077495098114
1787559651.2231922,0.0,0.0,0.203077495098114
1787559651.273938,0.0,0.0,0.203077495098114
1787559651.3414462,0.0,0.0,0.20302614569664001
1787559651.3727624,0.0,0.0,0.20302614569664001
1787559651.4234412,0.0,0.0,0.20302614569664001
1787559651.4742277,0.0,0.0,0.20333690196275714
1787559651.5246935,0.0,0.0,0.20333690196275714
1787559651.5725622,0.0,0.0,0.20333690196275714
1787559651.6251616,0.0,0.0,0.20317113399505612
1787559651.6730847,0.0,0.0,0.20317113399505612
1787559651.7255483,0.0,0.0,0.20317113399505612
1787559651.7802157,0.0,0.0,0.20317113399505612
1787559651.825013,0.0,0.0,0.20317113399505612
1787559651.8828678,0.0,0.0,0.20366370677947998
1787559651.9225087,0.0,0.0,0.20366370677947998
1787559651.9729092,0.0,0.0,0.20366370677947998
1787559652.032016,0.0,0.0,0.20366370677947998
1787559652.075842,0.0,0.0,0.20366370677947998
1787559652.1291766,0.0,0.0,0.20362111181020734
1787559652.1735032,0.0,0.0,0.20362111181020734
1787559652.2229688,0.0,0.0,0.20362111181020734
1787559652.2737494,0.0,0.0,0.20362111181020734
1787559652.321709,0.0,0.0,0.2038276568055153
1787559652.3738663,0.0,0.0,0.20378830283880234
1787559652.422941,0.0,0.0,0.20378830283880234
1787559652.472246,0.0,0.0,0.20378830283880234
1787559652.524008,0.0,0.0,0.20378830283880234
1787559652.5748196,0.0,0.0,0.20378830283880234
1787559652.6294558,0.0,0.0,0.20378830283880234
1787559652.6777442,0.0,0.0,0.2039804011583328
1787559652.7236128,0.0,0.0,0.204212099313736
1787559652.775909,0.0,0.0,0.204212099313736
1787559652.8228803,0.0,0.0,0.204212099313736
1787559652.8718858,0.0,0.0,0.20425821840763098
1787559652.9305398,0.0,0.0,0.2041473537683487
1787559652.9749355,0.0,0.0,0.2041473537683487
1787559653.0232654,0.0,0.0,0.2041473537683487
1787559653.084811,0.0,0.0,0.2041473537683487
1787559653.122577,0.0,0.0,0.20462531596422195
1787559653.1724153,0.0,0.0,0.20462531596422195
1787559653.2225306,0.0,0.0,0.20462531596422195
1787559653.2812974,0.0,0.0,0.20465962588787082
1787559653.3231378,0.0,0.0,0.20462609827518463
1787559653.3722646,0.0,0.0,0.20462609827518463
1787559653.4229634,0.0,0.0,0.20462609827518463
1787559653.4752045,0.0,0.0,0.2051085382699967
1787559653.5261824,0.0,0.0,0.2051085382699967
1787559653.572392,0.0,0.0,0.2051085382699967
1787559653.622592,0.0,0.0,0.2051085382699967
1787559653.678844,0.0,0.0,0.20538786053657532
1787559653.7347538,0.0,0.0,0.20538786053657532
1787559653.7724497,0.0,0.0,0.20538786053657532
1787559653.835367,0.0,0.0,0.20538786053657532
1787559653.8757305,0.0,0.0,0.20527677983045578
1787559653.924736,0.0,0.0,0.20527677983045578
1787559653.9742615,0.0,0.0,0.20527677983045578
1787559654.0226536,0.0,0.0,0.20570846647024152
1787559654.0726907,0.0,0.0,0.20570846647024152
1787559654.1235192,0.0,0.0,0.20570846647024152
1787559654.17225,0.0,0.0,0.20570846647024152
1787559654.2226105,0.0,0.0,0.20570846647024152
1787559654.276756,0.0,0.0,0.20588178187608722
1787559654.3262558,0.0,0.0,0.20585393905639648
1787559654.3778126,0.0,0.0,0.20585393905639648
1787559654.4240491,0.0,0.0,0.20583106577396393
1787559654.4749894,0.0,0.0,0.20583106577396393
1787559654.5228145,0.0,0.0,0.20600989460945135
1787559654.5718808,0.0,0.0,0.20600989460945135
1787559654.6224053,0.0,0.0,0.20600989460945135
1787559654.673415,0.0,0.0,0.20632311701774597
1787559654.7237487,0.0,0.0,0.20623256266117101
1787559654.7747402,0.0,0.0,0.20617689192295072
1787559654.8234062,0.0,0.0,0.2062155902385712
1787559654.8745155,0.0,0.0,0.20632756501436234
1787559654.9261973,0.0,0.0,0.20639840513467786
1787559654.977394,0.0,0.0,0.206383265554905
1787559655.0228574,0.0,0.0,0.20638851821422577
1787559655.07229,0.0,0.0,0.20635170489549637
1787559655.1226807,0.0,0.0,0.2063408419489861
1787559655.1766362,0.0,0.0,0.20631786435842517
1787559655.226959,0.0,0.0,0.2064030691981315
1787559655.2765481,0.0,0.0,0.20651447027921677
1787559655.3229506,0.0,0.0,0.2067629173398018
1787559655.3738601,0.0,0.0,0.20674727857112882
1787559655.4257886,0.0,0.0,0.20673029869794843
1787559655.4723675,0.0,0.0,0.20665092766284943
1787559655.5220034,0.0,0.0,0.20672491937875742
1787559655.5748892,0.0,0.0,0.20681775361299515
1787559655.623664,0.0,0.0,0.2070484608411789
1787559655.6724637,0.0,0.0,0.2070931568741798
1787559655.7262726,0.0,0.0,0.20712102949619293
1787559655.7734225,0.0,0.0,0.20709338039159783
1787559655.8226433,0.0,0.0,0.20705725252628326
1787559655.873416,0.0,0.0,0.20710033923387525
1787559655.9236915,0.0,0.0,0.20719478279352185
1787559655.972926,0.0,0.0,0.20736443996429452
1787559656.0238118,0.0,0.0,0.20734713971614835
1787559656.073077,0.0,0.0,0.20740839093923572
1787559656.122128,0.0,0.0,0.20737648010253906
1787559656.1723974,0.0,0.0,0.2073424607515335
1787559656.2223716,0.0,0.0,0.2074036598205566
1787559656.2741106,0.0,0.0,0.20750540494918823
1787559656.3225713,0.0,0.0,0.20754935592412957
1787559656.375422,0.0,0.0,0.20761709660291672
1787559656.424851,0.0,0.0,0.20761709660291672
1787559656.475576,0.0,0.0,0.207632914185524
1787559656.5252697,0.0,0.0,0.20762376487255096
1787559656.572829,0.0,0.0,0.20756316930055618
1787559656.6256366,0.0,0.0,0.20755277574062347
1787559656.6734874,0.0,0.0,0.20755277574062347
1787559656.7263846,0.0,0.0,0.20755277574062347
1787559656.7757375,0.0,0.0,0.20755277574062347
1787559656.8348475,0.0,0.0,0.20755277574062347
1787559656.8738055,0.0,0.0,0.20779866725206375
1787559656.925454,0.0,0.0,0.20779866725206375
1787559656.9737933,0.0,0.0,0.20779866725206375
1787559657.0256884,0.0,0.0,0.20779866725206375
1787559657.072674,0.0,0.0,0.20779866725206375
1787559657.1233246,0.0,0.0,0.20794661343097687
1787559657.1726785,0.0,0.0,0.20794661343097687
1787559657.2241788,0.0,0.0,0.20794661343097687
1787559657.2724662,0.0,0.0,0.20794661343097687
1787559657.3226354,0.0,0.0,0.20794661343097687
1787559657.3748734,0.0,0.0,0.20810869336128238
1787559657.4223216,0.0,0.0,0.20810869336128238
1787559657.4754624,0.0,0.0,0.20825807005167007
1787559657.5231407,0.0,0.0,0.20848461240530017
1787559657.5726104,0.0,0.0,0.20848461240530017
1787559657.6233768,0.0,0.0,0.20848461240530017
1787559657.672428,0.0,0.0,0.20857267826795578
1787559657.7239995,0.0,0.0,0.20857267826795578
1787559657.772869,0.0,0.0,0.20857267826795578
1787559657.822264,0.0,0.0,0.20857267826795578
1787559657.8739457,0.0,0.0,0.20857267826795578
1787559657.923107,0.0,0.0,0.2087090909481049
1787559657.9846396,0.0,0.0,0.20870134234428409
1787559658.022597,0.0,0.0,0.20870134234428409
1787559658.0722775,0.0,0.0,0.20870134234428409
1787559658.1242592,0.0,0.0,0.20870134234428409
1787559658.1736057,0.0,0.0,0.20870134234428409
1787559658.229093,0.0,0.0,0.20906420797109604
1787559658.2736015,0.0,0.0,0.20906420797109604
1787559658.3244936,0.0,0.0,0.20906420797109604
1787559658.3727283,0.0,0.0,0.20906420797109604
1787559658.431319,0.0,0.0,0.2090049609541893
1787559658.473219,0.0,0.0,0.2090049609541893
1787559658.5227854,0.0,0.0,0.2090049609541893
1787559658.5725582,0.0,0.0,0.2090049609541893
1787559658.6224988,0.0,0.0,0.2092373743653297
1787559658.6726608,0.0,0.0,0.2092373743653297
1787559658.7225187,0.0,0.0,0.20918332785367968
1787559658.7825983,0.0,0.0,0.2091851681470871
1787559658.8236322,0.0,0.0,0.20940440893173218
1787559658.8738847,0.0,0.0,0.20949753373861313
1787559658.9224029,0.0,0.0,0.20946168899536133
1787559658.973117,0.0,0.0,0.2094296142458916
1787559659.0222638,0.0,0.0,0.20943589508533478
1787559659.0764678,0.0,0.0,0.20941809564828878
1787559659.1238554,0.0,0.0,0.20956061780452725
1787559659.1794307,0.0,0.0,0.20960380882024765
1787559659.2238338,0.0,0.0,0.20960380882024765
1787559659.2749,0.0,0.0,0.20968693494796753
1787559659.3246152,0.0,0.0,0.20969544351100924
1787559659.3736231,0.0,0.0,0.2096801474690437
1787559659.4261794,0.0,0.0,0.2097404822707176
1787559659.4747813,0.0,0.0,0.20982266217470166
1787559659.5229707,0.0,0.0,0.20988449454307556
1787559659.5734332,0.0,0.0,0.20997841656208036
1787559659.6233304,0.0,0.0,0.20997705310583115
1787559659.6734982,0.0,0.0,0.20995665341615677
1787559659.724852,0.0,0.0,0.20995807647705078
1787559659.7733374,0.0,0.0,0.2099728360772133
1787559659.8335905,0.0,0.0,0.21006139367818832
1787559659.8727152,0.0,0.0,0.21010129153728485
1787559659.925644,0.0,0.0,0.2100669369101525
1787559659.9725368,0.0,0.0,0.21005332469940186
1787559660.0227911,0.0,0.0,0.21004102379083636
1787559660.072192,0.0,0.0,0.21009120345115667
1787559660.1243198,0.0,0.0,0.21013206988573074
1787559660.1732793,0.0,0.0,0.21027924120426184
1787559660.2280798,0.0,0.0,0.21034207940101624
1787559660.272317,0.0,0.0,0.2103767916560173
1787559660.321905,0.0,0.0,0.21030782163143158
1787559660.3741164,0.0,0.0,0.21028877794742584
1787559660.4227457,0.0,0.0,0.21032763272523886
1787559660.4734643,0.0,0.0,0.21048822253942487
1787559660.5218356,0.0,0.0,0.21065752208232877
1787559660.5742924,0.0,0.0,0.21074198186397555
1787559660.6225154,0.0,0.0,0.21071807295084
1787559660.6723378,0.0,0.0,0.21074204146862027
1787559660.72216,0.0,0.0,0.21070468425750732
1787559660.772834,0.0,0.0,0.21070468425750732
1787559660.8225422,0.0,0.0,0.21070468425750732
1787559660.8747566,0.0,0.0,0.2109445780515671
1787559660.9227757,0.0,0.0,0.2109445780515671
1787559660.9770925,0.0,0.0,0.2109445780515671
1787559661.0243654,0.0,0.0,0.2109445780515671
1787559661.0779424,0.0,0.0,0.21088090538978577
1787559661.1226842,0.0,0.0,0.21088090538978577
1787559661.174096,0.0,0.0,0.21088090538978577
1787559661.222738,0.0,0.0,0.21088090538978577
1787559661.2731116,0.0,0.0,0.21121880412101746
1787559661.327665,0.0,0.0,0.21121880412101746
1787559661.3730574,0.0,0.0,0.21121880412101746
1787559661.4225404,0.0,0.0,0.21121880412101746
1787559661.4722433,0.0,0.0,0.21120837330818173
1787559661.521929,0.0,0.0,0.21120837330818173
1787559661.5722806,0.0,0.0,0.21120837330818173
1787559661.623776,0.0,0.0,0.21120837330818173
1787559661.6726165,0.0,0.0,0.21140036731958392
1787559661.7233927,0.0,0.0,0.21140036731958392
1787559661.7732217,0.0,0.0,0.21146485954523087
1787559661.8228862,0.0,0.0,0.21134103089571007
1787559661.8745763,0.0,0.0,0.21134103089571007
1787559661.924782,0.0,0.0,0.21134103089571007
1787559661.9831383,0.0,0.0,0.2118153348565101
1787559662.0227215,0.0,0.0,0.21198658645153043
1787559662.0768697,0.0,0.0,0.21198658645153043
1787559662.1233253,0.0,0.0,0.21191293001174927
1787559662.1775558,0.0,0.0,0.21191293001174927
1787559662.22234,0.0,0.0,0.21191293001174927
1787559662.279518,0.0,0.0,0.21235595643520358
1787559662.3227615,0.0,0.0,0.21235595643520358
1787559662.3727918,0.0,0.0,0.21235595643520358
1787559662.4234157,0.0,0.0,0.21235595643520358
1787559662.473298,0.0,0.0,0.21235595643520358
1787559662.5227368,0.0,0.0,0.21235595643520358
1787559662.5723891,0.0,0.0,0.21235595643520358
1787559662.6236033,0.0,0.0,0.21235595643520358
1787559662.6721373,0.0,0.0,0.21237461268901825
1787559662.7257712,0.0,0.0,0.21237461268901825
1787559662.7923312,0.0,0.0,0.21237461268901825
1787559662.8415506,0.0,0.0,0.21244008094072345
1787559662.8806868,0.0,0.0,0.21261851489543912
1787559662.9237027,0.0,0.0,0.2128036469221115
1787559662.97598,0.0,0.0,0.21278490126132965
1787559663.0275326,0.0,0.0,0.21276952326297763
1787559663.0722923,0.0,0.0,0.21277908980846402
1787559663.12554,0.0,0.0,0.2127837166190147
1787559663.1727617,0.0,0.0,0.21276593953371048
1787559663.2222428,0.0,0.0,0.21281868964433667
1787559663.2744186,0.0,0.0,0.21292429417371755
1787559663.3228536,0.0,0.0,0.21292429417371755
1787559663.3721673,0.0,0.0,0.21322911977767947
1787559663.4222476,0.0,0.0,0.21322308480739594
1787559663.4724019,0.0,0.0,0.21325452625751498
1787559663.5254824,0.0,0.0,0.21322645992040634
1787559663.5736506,0.0,0.0,0.21322945505380628
1787559663.6221366,0.0,0.0,0.2132209688425064
1787559663.6722748,0.0,0.0,0.21335005015134814
1787559663.7248294,0.0,0.0,0.21340633928775793
1787559663.7723098,0.0,0.0,0.21377024799585345
1787559663.8255126,0.0,0.0,0.2137421295046806
1787559663.8726864,0.0,0.0,0.2136937603354454
1787559663.9230764,0.0,0.0,0.21365506201982504
1787559663.9721122,0.0,0.0,0.2136555761098862
1787559664.0227091,0.0,0.0,0.21365989744663239
1787559664.0726888,0.0,0.0,0.21382175385952004
1787559664.1279576,0.0,0.0,0.2138756588101387
1787559664.1725774,0.0,0.0,0.21386688947677618
1787559664.223204,0.0,0.0,0.21381813287734985
1787559664.272931,0.0,0.0,0.21382387727499005
1787559664.3266675,0.0,0.0,0.21375016868114471
1787559664.372176,0.0,0.0,0.21370050311088562
1787559664.4229987,0.0,0.0,0.21377445757389069
1787559664.472805,0.0,0.0,0.21391130983829504
1787559664.524628,0.0,0.0,0.21403749287128448
1787559664.5746002,0.0,0.0,0.21403292566537854
1787559664.62552,0.0,0.0,0.21404506266117104
1787559664.6736953,0.0,0.0,0.21401699632406226
1787559664.7227368,0.0,0.0,0.21401699632406226
1787559664.7748337,0.0,0.0,0.21401699632406226
1787559664.8230562,0.0,0.0,0.21401699632406226
1787559664.8729331,0.0,0.0,0.21401699632406226
1787559664.9309118,0.0,0.0,0.21410227566957474
1787559664.9788175,0.0,0.0,0.21422716975212097
1787559665.0238101,0.0,0.0,0.21422716975212097
1787559665.0729175,0.0,0.0,0.21422716975212097
1787559665.126935,0.0,0.0,0.21415239572525027
1787559665.1734679,0.0,0.0,0.21415239572525027
1787559665.2256966,0.0,0.0,0.21415239572525027
1787559665.2756963,0.0,0.0,0.21406365185976028
1787559665.3228207,0.0,0.0,0.21406365185976028
1787559665.3745675,0.0,0.0,0.21406365185976028
1787559665.4239542,0.0,0.0,0.21406365185976028
1787559665.472181,0.0,0.0,0.21447196602821356
1787559665.5226326,0.0,0.0,0.21447196602821356
1787559665.5727177,0.0,0.0,0.21447196602821356
1787559665.6241872,0.0,0.0,0.21447196602821356
1787559665.6741612,0.0,0.0,0.21447196602821356
1787559665.7234063,0.0,0.0,0.21447196602821356
1787559665.772464,0.0,0.0,0.21481148898601526
1787559665.82326,0.0,0.0,0.21481148898601526
1787559665.8891616,0.0,0.0,0.21482457220554352
1787559665.923289,0.0,0.0,0.21483112871646878
1787559665.972848,0.0,0.0,0.21483112871646878
1787559666.0234118,0.0,0.0,0.21483112871646878
1787559666.0746794,0.0,0.0,0.21483112871646878
1787559666.1222665,0.0,0.0,0.21483112871646878
1787559666.177616,0.0,0.0,0.2149565294384956
1787559666.2259233,0.0,0.0,0.2149565294384956
1787559666.2740924,0.0,0.0,0.2149565294384956
1787559666.3248427,0.0,0.0,0.2149565294384956
1787559666.3724756,0.0,0.0,0.2149331420660019
1787559666.4222944,0.0,0.0,0.2149331420660019
1787559666.4730773,0.0,0.0,0.2149331420660019
1787559666.5235755,0.0,0.0,0.2149331420660019
1787559666.577402,0.0,0.0,0.2150327190756798
1787559666.6224706,0.0,0.0,0.2150327190756798
1787559666.6727886,0.0,0.0,0.2150327190756798
1787559666.7287562,0.0,0.0,0.21529280394315714
1787559666.7723796,0.0,0.0,0.2153262421488762
1787559666.8265595,0.0,0.0,0.21533309668302536
1787559666.8790286,0.0,0.0,0.2153537347912789
1787559666.9265838,0.0,0.0,0.21548626571893692
1787559666.9726772,0.0,0.0,0.21556882560253146
1787559667.0325446,0.0,0.0,0.2158447504043579
1787559667.074446,0.0,0.0,0.21591010689735415
1787559667.1335926,0.0,0.0,0.21589460223913187
1787559667.1776752,0.0,0.0,0.21586290746927259
1787559667.2291417,0.0,0.0,0.21585509926080704
1787559667.2757688,0.0,0.0,0.21583965420722961
1787559667.3256269,0.0,0.0,0.21598029881715777
1787559667.3731592,0.0,0.0,0.21604995429515841
1787559667.422711,0.0,0.0,0.2160349264740944
1787559667.4740214,0.0,0.0,0.2161026448011399
1787559667.5232165,0.0,0.0,0.21608316153287893
1787559667.5747988,0.0,0.0,0.2160621881484986
1787559667.6246572,0.0,0.0,0.21605314314365387
1787559667.672619,0.0,0.0,0.2160733640193939
1787559667.7266276,0.0,0.0,0.2160733640193939
1787559667.7743695,0.0,0.0,0.21630966663360598
1787559667.8264234,0.0,0.0,0.21641439944505692
1787559667.8818896,0.0,0.0,0.21655341237783438
1787559667.922668,0.0,0.0,0.21652851998806
1787559667.9731996,0.0,0.0,0.21650893986225128
1787559668.0236988,0.0,0.0,0.2164842411875725
1787559668.0746365,0.0,0.0,0.21655713766813284
1787559668.1254828,0.0,0.0,0.21664125472307205
1787559668.1723475,0.0,0.0,0.21669220924377444
1787559668.223654,0.0,0.0,0.21706263720989227
1787559668.2754412,0.0,0.0,0.21706105768680573
1787559668.3248267,0.0,0.0,0.2169598862528801
1787559668.3761106,0.0,0.0,0.2169055342674256
1787559668.423814,0.0,0.0,0.2169038131833076
1787559668.473989,0.0,0.0,0.21688684076070786
1787559668.5283048,0.0,0.0,0.2171507775783539
1787559668.5762491,0.0,0.0,0.21717729419469833
1787559668.6272743,0.0,0.0,0.21715743094682685
1787559668.6749518,0.0,0.0,0.21706136316061023
1787559668.7237175,0.0,0.0,0.21706136316061023
1787559668.772953,0.0,0.0,0.21706136316061023
1787559668.823238,0.0,0.0,0.21716299653053286
1787559668.8744793,0.0,0.0,0.2172175869345665
1787559668.9225261,0.0,0.0,0.2172175869345665
1787559668.9756017,0.0,0.0,0.2172175869345665
1787559669.0281277,0.0,0.0,0.2172175869345665
1787559669.0751653,0.0,0.0,0.21746051311492917
1787559669.1223845,0.0,0.0,0.21746051311492917
1787559669.1729803,0.0,0.0,0.21746051311492917
1787559669.2223926,0.0,0.0,0.21746051311492917
1787559669.2744455,0.0,0.0,0.21756669133901596
1787559669.3223174,0.0,0.0,0.21756669133901596
1787559669.3757071,0.0,0.0,0.21756669133901596
1787559669.422566,0.0,0.0,0.21756669133901596
1787559669.477053,0.0,0.0,0.21773093193769447
1787559669.5242126,0.0,0.0,0.21773093193769447
1787559669.5727365,0.0,0.0,0.21773093193769447
1787559669.62282,0.0,0.0,0.21773093193769447
1787559669.6897237,0.0,0.0,0.21777641028165823
1787559669.722553,0.0,0.0,0.21777641028165823
1787559669.7736979,0.0,0.0,0.21777641028165823
1787559669.8229003,0.0,0.0,0.21777641028165823
1787559669.8831542,0.0,0.0,0.21787232905626297
1787559669.9225411,0.0,0.0,0.21787232905626297
1787559669.9745333,0.0,0.0,0.21787232905626297
1787559670.0239968,0.0,0.0,0.21787232905626297
1787559670.075908,0.0,0.0,0.21787232905626297
1787559670.1278093,0.0,0.0,0.21827459335327154
1787559670.1734328,0.0,0.0,0.21827459335327154
1787559670.228909,0.0,0.0,0.21823718398809433
1787559670.2744927,0.0,0.0,0.21823718398809433
1787559670.3225625,0.0,0.0,0.21823718398809433
1787559670.3781383,0.0,0.0,0.21815679222345358
1787559670.423468,0.0,0.0,0.21815679222345358
1787559670.4722316,0.0,0.0,0.21815679222345358
1787559670.5235085,0.0,0.0,0.21815679222345358
1787559670.5751684,0.0,0.0,0.21832517534494406
1787559670.6226106,0.0,0.0,0.21832517534494406
1787559670.6764736,0.0,0.0,0.2182919606566429
1787559670.7287226,0.0,0.0,0.21837838739156726
1787559670.7734337,0.0,0.0,0.218575544655323
1787559670.8303027,0.0,0.0,0.2188892886042595
1787559670.8733497,0.0,0.0,0.21884740144014359
1787559670.9264042,0.0,0.0,0.2187978476285935
1787559670.9747612,0.0,0.0,0.21882183849811557
1787559671.0298097,0.0,0.0,0.21874656528234485
1787559671.0787497,0.0,0.0,0.2188418209552765
1787559671.1225119,0.0,0.0,0.21894677728414536
1787559671.172487,0.0,0.0,0.21898459643125534
1787559671.229059,0.0,0.0,0.21896376460790637
1787559671.2908661,0.0,0.0,0.21895742416381836
1787559671.3238208,0.0,0.0,0.21889095008373258
1787559671.3828485,0.0,0.0,0.21887245774269107
1787559671.4246597,0.0,0.0,0.21894565224647522
1787559671.4750679,0.0,0.0,0.21904008090496063
1787559671.526779,0.0,0.0,0.21923431009054184
1787559671.5776505,0.0,0.0,0.2192412167787552
1787559671.6236303,0.0,0.0,0.2193132191896438
1787559671.6733172,0.0,0.0,0.2192836478352547
1787559671.7225335,0.0,0.0,0.21925950050354004
1787559671.772691,0.0,0.0,0.219283863902092
1787559671.8222337,0.0,0.0,0.21947423368692398
1787559671.8735862,0.0,0.0,0.21954409033060074
1787559671.922483,0.0,0.0,0.21956069767475123
1787559671.9759696,0.0,0.0,0.21956069767475123
1787559672.0227554,0.0,0.0,0.21949420869350433
1787559672.073204,0.0,0.0,0.2194604128599167
1787559672.122293,0.0,0.0,0.21950502693653112
1787559672.2083716,0.0,0.0,0.21949542313814166
1787559672.2612817,0.0,0.0,0.2195890098810196
1787559672.3067422,0.0,0.0,0.21973849833011624
1787559672.355266,0.0,0.0,0.2198498696088791
1787559672.413142,0.0,0.0,0.2197994366288186
1787559672.4511666,0.0,0.0,0.2196860983967781
1787559672.5141358,0.0,0.0,0.2196708917617798
1787559672.558549,0.0,0.0,0.21959990262985232
1787559672.6059353,0.0,0.0,0.2196965515613556
1787559672.6554701,0.0,0.0,0.21981514245271686
1787559672.8136888,0.0,0.0,0.22003339231014252
1787559673.0085454,0.0,0.0,0.22003941982984543
1787559673.30747,0.0,0.0,0.22016779333353043
1787559673.4131818,0.0,0.0,0.22041729837656018
1787559673.6219854,0.0,0.0,0.220369391143322
1787559673.9246078,0.0,0.0,0.22086670994758606
1787559674.0259264,0.0,0.0,0.22084613144397736
1787559674.2310312,0.0,0.0,0.22111229598522186
1787559674.4006937,0.0,0.0,0.2213262617588043
1787559674.638806,0.0,0.0,0.22138575464487076
1787559674.8433924,0.0,0.0,0.2216738387942314
1787559674.9865017,0.0,0.0,0.2217527180910111
1787559675.2532063,0.0,0.0,0.222012497484684
1787559675.365584,0.0,0.0,0.2220705449581146
1787559675.4690301,0.0,0.0,0.222320906817913
1787559675.6672847,0.0,0.0,0.2223938032984734
1787559675.7116437,0.0,0.0,0.2223179042339325
1787559675.9764462,0.0,0.0,0.22274492681026464
1787559676.1029203,0.0,0.0,0.22278950363397598
1787559676.2773495,0.0,0.0,0.22292170673608783
1787559676.4831755,0.0,0.0,0.22312384843826294
1787559676.666871,0.0,0.0,0.22316257655620578
1787559676.7905154,0.0,0.0,0.22322677820920947
1787559676.9532743,0.0,0.0,0.2233112901449204
1787559677.2000923,0.0,0.0,0.2236973121762276
1787559677.4091635,0.0,0.0,0.22378011792898178
1787559677.7106836,0.0,0.0,0.2240443304181099
1787559677.9169452,0.0,0.0,0.22435887157917028
1787559678.3262985,0.0,0.0,0.22427582740783694
1787559678.4295378,0.0,0.0,0.2244616225361824
1787559678.531061,0.0,0.0,0.22451987117528918
1787559678.6662838,0.0,0.0,0.22496756166219717
1787559678.852903,0.0,0.0,0.22485391050577166
1787559679.0490334,0.0,0.0,0.225201815366745
1787559679.2501514,0.0,0.0,0.22511025518178943
1787559679.453151,0.0,0.0,0.22537887841463086
1787559679.7807019,0.0,0.0,0.225540392100811
1787559679.964643,0.0,0.0,0.2258043810725212
1787559680.0703528,0.0,0.0,0.2258981689810753
1787559680.071646,0.0,0.0,0.22593942284584045
1787559680.2719092,0.0,0.0,0.22614330053329476
1787559680.4767017,0.0,0.0,0.22607602924108505
1787559680.6801083,0.0,0.0,0.22653426975011828
1787559680.8216848,0.0,0.0,0.22644446045160294
1787559681.0122917,0.0,0.0,0.22669314593076706
1787559681.209717,0.0,0.0,0.22665345668792725
1787559681.4131894,0.0,0.0,0.22700731456279752
1787559681.4492147,0.0,0.0,0.22683200985193255
1787559681.704093,0.0,0.0,0.22716473788022998
1787559681.912853,0.0,0.0,0.22695160657167435
1787559681.9564004,0.0,0.0,0.2271922007203102
1787559682.152831,0.0,0.0,0.22724633663892746
1787559682.3523424,0.0,0.0,0.2274005189538002
1787559682.5516942,0.0,0.0,0.22731568664312363
1787559682.7289596,0.0,0.0,0.22771348059177404
1787559682.8878505,0.0,0.0,0.22788680344820023
1787559683.1375158,0.0,0.0,0.22761407494544983
1787559683.3471706,0.0,0.0,0.22835417836904523
1787559683.5485277,0.0,0.0,0.22882153838872912
1787559683.753813,0.0,0.0,0.228788398206234
1787559683.9619954,0.0,0.0,0.22891804575920102
1787559684.0135128,0.0,0.0,0.2292558178305626
1787559684.2418547,0.0,0.0,0.22921407967805865
1787559684.3753164,0.0,0.0,0.22912413626909262
1787559684.4773273,0.0,0.0,0.2293495908379555
1787559684.6679811,0.0,0.0,0.2295319139957428
1787559684.7773483,0.0,0.0,0.22950078547000882
1787559684.908312,0.0,0.0,0.22980263084173208
1787559685.1027973,0.0,0.0,0.2298150882124901
1787559685.3007724,0.0,0.0,0.23007826507091522
1787559685.4501944,0.0,0.0,0.23002254217863086
1787559685.5621893,0.0,0.0,0.2303307503461838
1787559685.714752,0.0,0.0,0.23018913716077807
1787559685.8079815,0.0,0.0,0.23032935708761218
1787559686.0491722,0.0,0.0,0.23055821657180792
1787559686.3161886,0.0,0.0,0.23046166449785238
1787559686.366382,0.0,0.0,0.23076909780502317
1787559686.5698783,0.0,0.0,0.23074189200997355
1787559686.5726693,0.0,0.0,0.23088833689689642
1787559686.724711,0.0,0.0,0.23099028691649437
1787559686.851404,0.0,0.0,0.23106056451797488
1787559687.133878,0.0,0.0,0.2311141379177571
1787559687.2499835,0.0,0.0,0.23100394383072853
1787559687.3813205,0.0,0.0,0.23128698766231537
1787559687.5410872,0.0,0.0,0.23119391128420827
1787559687.751818,0.0,0.0,0.23123704269528395
1787559687.9518218,0.0,0.0,0.23154458031058311
1787559688.0551558,0.0,0.0,0.23146034777164462
1787559688.2595272,0.0,0.0,0.23148436844348913
1787559688.464072,0.0,0.0,0.2317429445683956
1787559688.6670413,0.0,0.0,0.23179677128791812
1787559688.8896637,0.0,0.0,0.2319779358804226
1787559688.9764163,0.0,0.0,0.2320154793560505
1787559689.1843052,0.0,0.0,0.23231742158532145
1787559689.397861,0.0,0.0,0.23275278508663175
1787559689.6161885,0.0,0.0,0.23272752389311793
1787559689.7953832,0.0,0.0,0.23310714215040207
1787559690.1028423,0.0,0.0,0.23299769684672358
1787559690.2116106,0.0,0.0,0.23323763161897657
1787559690.4130557,0.0,0.0,0.23370251059532163
1787559690.4358625,0.0,0.0,0.23365964740514752
1787559690.6146758,0.0,0.0,0.2336570769548416
1787559690.9213717,0.0,0.0,0.2338585145771504
1787559690.922111,0.0,0.0,0.23403734341263777
1787559691.1259403,0.0,0.0,0.23405795544385913
1787559691.275349,0.0,0.0,0.23468113690614706
1787559691.5614848,0.0,0.0,0.23463622480630875
1787559691.6043906,0.0,0.0,0.23476756736636165
1787559691.8432581,0.0,0.0,0.23483117669820786
1787559692.0467074,0.0,0.0,0.23498572409152987
1787559694.0258355,0.0,0.0,0.23497810587286952
1787559694.0727344,0.0,0.0,0.23497810587286952
1787559694.1223826,0.0,0.0,0.23497810587286952
1787559694.1728106,0.0,0.0,0.23497810587286952
1787559694.2225811,0.0,0.0,0.23497810587286952
1787559694.2728384,0.0,0.0,0.23497810587286952
1787559694.3224936,0.0,0.0,0.23497810587286952
1787559694.3732946,0.0,0.0,0.23497810587286952
1787559694.4224722,0.0,0.0,0.23497810587286952
1787559694.4745145,0.0,0.0,0.23497810587286952
1787559694.5249631,0.0,0.0,0.23497810587286952
1787559694.5743577,0.0,0.0,0.23497810587286952
1787559694.6242924,0.0,0.0,0.23497810587286952
1787559694.6738,0.0,0.0,0.23497810587286952
1787559694.7267096,0.0,0.0,0.23497810587286952
1787559694.7750893,0.0,0.0,0.23497810587286952
1787559694.8223724,0.0,0.0,0.23497810587286952
1787559694.8763335,0.0,0.0,0.23497810587286952
1787559694.925558,0.0,0.0,0.23497810587286952
1787559694.9723914,0.0,0.0,0.23497810587286952
1787559695.0220423,0.0,0.0,0.23497810587286952
1787559695.072709,0.0,0.0,0.23497810587286952
1787559695.1266224,0.0,0.0,0.23497810587286952
1787559695.173375,0.0,0.0,0.23497810587286952
1787559695.2277493,0.0,0.0,0.23497810587286952
1787559695.274247,0.0,0.0,0.23497810587286952
1787559695.322981,0.0,0.0,0.23497810587286952
1787559695.3743365,0.0,0.0,0.23497810587286952
1787559695.429455,0.0,0.0,0.23497810587286952
1787559695.4724877,0.0,0.0,0.23497810587286952
1787559695.5246513,0.0,0.0,0.23497810587286952
1787559695.5725093,0.0,0.0,0.23497810587286952
1787559695.6223845,0.0,0.0,0.23497810587286952
1787559695.6742334,0.0,0.0,0.23497810587286952
1787559695.7228343,0.0,0.0,0.23497810587286952
1787559695.7730742,0.0,0.0,0.23497810587286952
1787559695.827767,0.0,0.0,0.23497810587286952
1787559695.8756177,0.0,0.0,0.23497810587286952
1787559695.9274838,0.0,0.0,0.23497810587286952
1787559695.9735043,0.0,0.0,0.23497810587286952
1787559696.0248742,0.0,0.0,0.23497810587286952
1787559696.072735,0.0,0.0,0.23497810587286952
1787559696.1226814,0.0,0.0,0.23497810587286952
1787559696.173791,0.0,0.0,0.23497810587286952
1787559696.2237904,0.0,0.0,0.23497810587286952
1787559696.2779088,0.0,0.0,0.23497810587286952
1787559696.3264756,0.0,0.0,0.23497810587286952
1787559696.3724368,0.0,0.0,0.23497810587286952
1787559696.4242039,0.0,0.0,0.23497810587286952
1787559696.4723296,0.0,0.0,0.23497810587286952
1787559696.5234747,0.0,0.0,0.23497810587286952
1787559696.5731041,0.0,0.0,0.23497810587286952
1787559696.6256666,0.0,0.0,0.23497810587286952
1787559696.6730359,0.0,0.0,0.23497810587286952
1787559696.7227216,0.0,0.0,0.23497810587286952
1787559696.7743795,0.0,0.0,0.23497810587286952
1787559696.822585,0.0,0.0,0.23497810587286952
1787559696.8755243,0.0,0.0,0.23497810587286952
1787559696.925273,0.0,0.0,0.23497810587286952
1787559696.9737942,0.0,0.0,0.23497810587286952
1787559697.0233634,0.0,0.0,0.23497810587286952
1787559697.0723195,0.0,0.0,0.23497810587286952
1787559697.1237085,0.0,0.0,0.23497810587286952
1787559697.176271,0.0,0.0,0.23497810587286952
1787559697.2226655,0.0,0.0,0.23497810587286952
1787559697.278218,0.0,0.0,0.23497810587286952
1787559697.3227766,0.0,0.0,0.23497810587286952
1787559697.3740525,0.0,0.0,0.23497810587286952
1787559697.4238935,0.0,0.0,0.23497810587286952
1787559697.478836,0.0,0.0,0.23497810587286952
1787559697.5285022,0.0,0.0,0.23497810587286952
1787559697.5726228,0.0,0.0,0.23497810587286952
1787559697.625073,0.0,0.0,0.23497810587286952
1787559697.67238,0.0,0.0,0.23497810587286952
1787559697.7266219,0.0,0.0,0.23497810587286952
1787559697.7745693,0.0,0.0,0.23497810587286952
1787559697.8224247,0.0,0.0,0.23497810587286952
1787559697.8742912,0.0,0.0,0.23497810587286952
1787559697.927351,0.0,0.0,0.23497810587286952
1787559697.9723365,0.0,0.0,0.23497810587286952
1787559698.0284927,0.0,0.0,0.23497810587286952
1787559698.0734773,0.0,0.0,0.23497810587286952
1787559698.1236017,0.0,0.0,0.23497810587286952
1787559698.1745634,0.0,0.0,0.23497810587286952
1787559698.2275603,0.0,0.0,0.23497810587286952
1787559698.2730134,0.0,0.0,0.23497810587286952
1787559698.3274372,0.0,0.0,0.23497810587286952
1787559698.3724988,0.0,0.0,0.23497810587286952
1787559698.4257178,0.0,0.0,0.23497810587286952
1787559698.4747145,0.0,0.0,0.23497810587286952
1787559698.5245774,0.0,0.0,0.23497810587286952
1787559698.574402,0.0,0.0,0.23497810587286952
1787559698.625364,0.0,0.0,0.23497810587286952
1787559698.6735268,0.0,0.0,0.23497810587286952
1787559698.7255144,0.0,0.0,0.23497810587286952
1787559698.7727609,0.0,0.0,0.23497810587286952
1787559698.823662,0.0,0.0,0.23497810587286952
1787559698.8725374,0.0,0.0,0.23497810587286952
1787559698.9225066,0.0,0.0,0.23497810587286952
1787559698.9725392,0.0,0.0,0.23497810587286952
1787559699.023055,0.0,0.0,0.23497810587286952
1787559699.0743487,0.0,0.0,0.23497810587286952
1787559699.1241736,0.0,0.0,0.23497810587286952
1787559699.1736436,0.0,0.0,0.23497810587286952
1787559699.222725,0.0,0.0,0.23497810587286952
1787559699.2722137,0.0,0.0,0.23497810587286952
1787559699.3226159,0.0,0.0,0.23497810587286952
1787559699.372382,0.0,0.0,0.23497810587286952
1787559699.4220452,0.0,0.0,0.23497810587286952
1787559699.4768686,0.0,0.0,0.23497810587286952
1787559699.5250266,0.0,0.0,0.23497810587286952
1787559699.5757327,0.0,0.0,0.23497810587286952
1787559699.6228611,0.0,0.0,0.23497810587286952
1787559699.6725938,0.0,0.0,0.23497810587286952
1787559699.723547,0.0,0.0,0.23497810587286952
1787559699.7728157,0.0,0.0,0.23497810587286952
1787559699.8227196,0.0,0.0,0.23497810587286952
1787559699.8787782,0.0,0.0,0.23497810587286952
1787559699.9240892,0.0,0.0,0.23497810587286952
1787559699.973744,0.0,0.0,0.23497810587286952
1787559700.0224807,0.0,0.0,0.23497810587286952
1787559700.072604,0.0,0.0,0.23497810587286952
1787559700.122615,0.0,0.0,0.23497810587286952
1787559700.1787777,0.0,0.0,0.23497810587286952
1787559700.22275,0.0,0.0,0.23497810587286952
1787559700.274159,0.0,0.0,0.23497810587286952
1787559700.3244421,0.0,0.0,0.23497810587286952
1787559700.3748956,0.0,0.0,0.23497810587286952
1787559700.4244297,0.0,0.0,0.23497810587286952
1787559700.4855857,0.0,0.0,0.23497810587286952
1787559700.5287817,0.0,0.0,0.23497810587286952
1787559700.5743587,0.0,0.0,0.23497810587286952
1787559700.6227477,0.0,0.0,0.23497810587286952
1787559700.6771765,0.0,0.0,0.23497810587286952
1787559700.723899,0.0,0.0,0.23497810587286952
1787559700.77439,0.0,0.0,0.23497810587286952
1787559700.8224847,0.0,0.0,0.23497810587286952
1787559700.8744016,0.0,0.0,0.23497810587286952
1787559700.9229407,0.0,0.0,0.23497810587286952
1787559700.9720142,0.0,0.0,0.23497810587286952
1787559701.0244608,0.0,0.0,0.23497810587286952
1787559701.0731533,0.0,0.0,0.23497810587286952
1787559701.1223857,0.0,0.0,0.23497810587286952
1787559701.1743941,0.0,0.0,0.23497810587286952
1787559701.2227957,0.0,0.0,0.23497810587286952
1787559701.2761774,0.0,0.0,0.23497810587286952
1787559701.3229394,0.0,0.0,0.23497810587286952
1787559701.3774686,0.0,0.0,0.23497810587286952
1787559701.4223757,0.0,0.0,0.23497810587286952
1787559701.4731638,0.0,0.0,0.23497810587286952
1787559701.5229857,0.0,0.0,0.23497810587286952
1787559701.573663,0.0,0.0,0.23497810587286952
1787559701.6226785,0.0,0.0,0.23497810587286952
1787559701.673812,0.0,0.0,0.23497810587286952
1787559701.7224264,0.0,0.0,0.23497810587286952
1787559701.7736788,0.0,0.0,0.23497810587286952
1787559701.8227766,0.0,0.0,0.23497810587286952
1787559701.8735785,0.0,0.0,0.23497810587286952
1787559701.936891,0.0,0.0,0.23497810587286952
1787559701.974522,0.0,0.0,0.23497810587286952
1787559702.0227642,0.0,0.0,0.23497810587286952
1787559702.0728009,0.0,0.0,0.23497810587286952
1787559702.1253686,0.0,0.0,0.23497810587286952
1787559702.174928,0.0,0.0,0.23497810587286952
1787559702.225485,0.0,0.0,0.23497810587286952
1787559702.2783935,0.0,0.0,0.23497810587286952
1787559702.3230364,0.0,0.0,0.23497810587286952
1787559702.3721771,0.0,0.0,0.23497810587286952
1787559702.422698,0.0,0.0,0.23497810587286952
1787559702.4751873,0.0,0.0,0.23497810587286952
1787559702.5231743,0.0,0.0,0.23497810587286952
1787559702.5755053,0.0,0.0,0.23497810587286952
1787559702.6229746,0.0,0.0,0.23497810587286952
1787559702.6748867,0.0,0.0,0.23497810587286952
1787559702.7231956,0.0,0.0,0.23497810587286952
1787559702.77243,0.0,0.0,0.23497810587286952
1787559702.8233497,0.0,0.0,0.23497810587286952
1787559702.8732657,0.0,0.0,0.23497810587286952
1787559702.932662,0.0,0.0,0.23497810587286952
1787559702.9728718,0.0,0.0,0.23497810587286952
1787559703.0237272,0.0,0.0,0.23497810587286952
1787559703.0723815,0.0,0.0,0.23497810587286952
1787559703.123204,0.0,0.0,0.23497810587286952
1787559703.1727068,0.0,0.0,0.23497810587286952
1787559703.2238994,0.0,0.0,0.23497810587286952
1787559703.272171,0.0,0.0,0.23497810587286952
1787559703.3219442,0.0,0.0,0.23497810587286952
1787559703.3747964,0.0,0.0,0.23497810587286952
1787559703.4253693,0.0,0.0,0.23497810587286952
1787559703.4726715,0.0,0.0,0.23497810587286952
1787559703.5225713,0.0,0.0,0.23497810587286952
1787559703.5728986,0.0,0.0,0.23497810587286952
1787559703.624737,0.0,0.0,0.23497810587286952
1787559703.6846957,0.0,0.0,0.23497810587286952
1787559703.7265909,0.0,0.0,0.23497810587286952
1787559703.7735677,0.0,0.0,0.23497810587286952
1787559703.8224456,0.0,0.0,0.23497810587286952
1787559703.872471,0.0,0.0,0.23497810587286952
1787559703.9239247,0.0,0.0,0.23497810587286952
1787559703.9754286,0.0,0.0,0.23497810587286952
1787559704.0249467,0.0,0.0,0.23497810587286952
1787559704.0733612,0.0,0.0,0.23497810587286952
1787559704.1228206,0.0,0.0,0.23497810587286952
1787559704.1732244,0.0,0.0,0.23497810587286952
1787559704.2270412,0.0,0.0,0.23497810587286952
1787559704.2728286,0.0,0.0,0.23497810587286952
1787559704.3263717,0.0,0.0,0.23497810587286952
1787559704.3736863,0.0,0.0,0.23497810587286952
1787559704.4224148,0.0,0.0,0.23497810587286952
1787559704.4727938,0.0,0.0,0.23497810587286952
1787559704.522454,0.0,0.0,0.23497810587286952
1787559704.5727077,0.0,0.0,0.23497810587286952
1787559704.6259518,0.0,0.0,0.23497810587286952
1787559704.6734006,0.0,0.0,0.23497810587286952
1787559704.7236812,0.0,0.0,0.23497810587286952
1787559704.7751946,0.0,0.0,0.23497810587286952
1787559704.8271165,0.0,0.0,0.23497810587286952
1787559704.8724933,0.0,0.0,0.23497810587286952
1787559704.9222672,0.0,0.0,0.23497810587286952
1787559704.9736018,0.0,0.0,0.23497810587286952
1787559705.0248177,0.0,0.0,0.23497810587286952
1787559705.0723436,0.0,0.0,0.23497810587286952
1787559705.1237552,0.0,0.0,0.23497810587286952
1787559705.1754434,0.0,0.0,0.23497810587286952
1787559705.2232084,0.0,0.0,0.23497810587286952
1787559705.274771,0.0,0.0,0.23497810587286952
1787559705.3225746,0.0,0.0,0.23497810587286952
1787559705.3738005,0.0,0.0,0.23497810587286952
1787559705.423648,0.0,0.0,0.23497810587286952
1787559705.472808,0.0,0.0,0.23497810587286952
1787559705.5228074,0.0,0.0,0.23497810587286952
1787559705.5754328,0.0,0.0,0.23497810587286952
1787559705.6227896,0.0,0.0,0.23497810587286952
1787559705.6738884,0.0,0.0,0.23497810587286952
1787559705.723524,0.0,0.0,0.23497810587286952
1787559705.7731233,0.0,0.0,0.23497810587286952
1787559705.8237367,0.0,0.0,0.23497810587286952
1787559705.8736906,0.0,0.0,0.23497810587286952
1787559705.9229188,0.0,0.0,0.23497810587286952
1787559705.9733942,0.0,0.0,0.23497810587286952
1787559706.0257561,0.0,0.0,0.23497810587286952
1787559706.07571,0.0,0.0,0.23497810587286952
1787559706.1226535,0.0,0.0,0.23497810587286952
1787559706.180841,0.0,0.0,0.23497810587286952
1787559706.2220392,0.0,0.0,0.23497810587286952
1787559706.276753,0.0,0.0,0.23497810587286952
1787559706.322734,0.0,0.0,0.23497810587286952
1787559706.3938854,0.0,0.0,0.23497810587286952
1787559706.4238064,0.0,0.0,0.23497810587286952
1787559706.4740922,0.0,0.0,0.23497810587286952
1787559706.5239193,0.0,0.0,0.23497810587286952
1787559706.5734432,0.0,0.0,0.23497810587286952
1787559706.62355,0.0,0.0,0.23497810587286952
1787559706.6730597,0.0,0.0,0.23497810587286952
1787559706.7266655,0.0,0.0,0.23497810587286952
1787559706.7757814,0.0,0.0,0.23497810587286952
1787559706.8237662,0.0,0.0,0.23497810587286952
1787559706.8743405,0.0,0.0,0.23497810587286952
1787559706.925325,0.0,0.0,0.23497810587286952
1787559706.9724886,0.0,0.0,0.23497810587286952
1787559707.025639,0.0,0.0,0.23497810587286952
1787559707.074197,0.0,0.0,0.23497810587286952
1787559707.12271,0.0,0.0,0.23497810587286952
1787559707.1745985,0.0,0.0,0.23497810587286952
1787559707.222557,0.0,0.0,0.23497810587286952
1787559707.274734,0.0,0.0,0.23497810587286952
1787559707.322688,0.0,0.0,0.23497810587286952
1787559707.372339,0.0,0.0,0.23497810587286952
1787559707.4252722,0.0,0.0,0.23497810587286952
1787559707.472921,0.0,0.0,0.23497810587286952
1787559707.5229344,0.0,0.0,0.23497810587286952
1787559707.5743492,0.0,0.0,0.23497810587286952
1787559707.6236253,0.0,0.0,0.23497810587286952
1787559707.6730094,0.0,0.0,0.23497810587286952
1787559707.7223375,0.0,0.0,0.23497810587286952
1787559707.7728796,0.0,0.0,0.23497810587286952
1787559707.8233356,0.0,0.0,0.23497810587286952
1787559707.8733659,0.0,0.0,0.23497810587286952
1787559707.9228225,0.0,0.0,0.23497810587286952
1787559707.9747193,0.0,0.0,0.23497810587286952
1787559708.022444,0.0,0.0,0.23497810587286952
1787559708.0721245,0.0,0.0,0.23497810587286952
1787559708.1272066,0.0,0.0,0.23497810587286952
1787559708.1762965,0.0,0.0,0.23497810587286952
1787559708.2225428,0.0,0.0,0.23497810587286952
1787559708.2747529,0.0,0.0,0.23497810587286952
1787559708.322611,0.0,0.0,0.23497810587286952
1787559708.3734605,0.0,0.0,0.23497810587286952
1787559708.4221807,0.0,0.0,0.23497810587286952
1787559708.4725134,0.0,0.0,0.23497810587286952
1787559708.5224054,0.0,0.0,0.23497810587286952
1787559708.572933,0.0,0.0,0.23497810587286952
1787559708.622821,0.0,0.0,0.23497810587286952
1787559708.677226,0.0,0.0,0.23497810587286952
1787559708.722717,0.0,0.0,0.23497810587286952
1787559708.7749302,0.0,0.0,0.23497810587286952
1787559708.8245158,0.0,0.0,0.23497810587286952
1787559708.8722746,0.0,0.0,0.23497810587286952
1787559708.922602,0.0,0.0,0.23497810587286952
1787559708.9724193,0.0,0.0,0.23497810587286952
1787559709.0286336,0.0,0.0,0.23497810587286952
1787559709.0771134,0.0,0.0,0.23497810587286952
1787559709.1227648,0.0,0.0,0.23497810587286952
1787559709.1725724,0.0,0.0,0.23497810587286952
1787559709.223488,0.0,0.0,0.23497810587286952
1787559709.2755954,0.0,0.0,0.23497810587286952
1787559709.3246968,0.0,0.0,0.23497810587286952
1787559709.37648,0.0,0.0,0.23497810587286952
1787559709.4265661,0.0,0.0,0.23497810587286952
1787559709.4747732,0.0,0.0,0.23497810587286952
1787559709.5243928,0.0,0.0,0.23497810587286952
1787559709.57226,0.0,0.0,0.23497810587286952
1787559709.6262436,0.0,0.0,0.23497810587286952
1787559709.673689,0.0,0.0,0.23497810587286952
1787559709.7225425,0.0,0.0,0.23497810587286952
1787559709.7720773,0.0,0.0,0.23497810587286952
1787559709.8235424,0.0,0.0,0.23497810587286952
1787559709.872712,0.0,0.0,0.23497810587286952
1787559709.9226382,0.0,0.0,0.23497810587286952
1787559719.91571,0.0,0.0,0.23497810587286952
1787559719.9553432,0.0,0.0,0.23497810587286952
1787559719.9722247,0.0,0.0,0.23497810587286952
1787559720.0225623,0.0,0.0,0.23497810587286952
1787559720.0725114,0.0,0.0,0.23497810587286952
1787559720.1225026,0.0,0.0,0.23497810587286952
1787559720.1726613,0.0,0.0,0.23497810587286952
1787559720.2232263,0.0,0.0,0.23497810587286952
1787559720.272991,0.0,0.0,0.23497810587286952
1787559720.3225265,0.0,0.0,0.23497810587286952
1787559720.3730042,0.0,0.0,0.23497810587286952
1787559720.4228835,0.0,0.0,0.23497810587286952
1787559720.4721353,0.0,0.0,0.23497810587286952
1787559720.5224876,0.0,0.0,0.23497810587286952
1787559720.572709,0.0,0.0,0.23497810587286952
1787559720.6224196,0.0,0.0,0.23497810587286952
1787559720.6746771,0.0,0.0,0.23497810587286952
1787559720.7234385,0.0,0.0,0.23497810587286952
1787559720.773878,0.0,0.0,0.23497810587286952
1787559720.82234,0.0,0.0,0.23497810587286952
1787559720.8744993,0.0,0.0,0.23497810587286952
1787559720.9224753,0.0,0.0,0.23497810587286952
1787559720.972712,0.0,0.0,0.23497810587286952
1787559721.0248196,0.0,0.0,0.23497810587286952
1787559721.0724316,0.0,0.0,0.23497810587286952
1787559721.1227036,0.0,0.0,0.23497810587286952
1787559721.1728163,0.0,0.0,0.23497810587286952
1787559721.222376,0.0,0.0,0.23497810587286952
1787559721.272636,0.0,0.0,0.23497810587286952
1787559721.3229108,0.0,0.0,0.23497810587286952
1787559721.3724842,0.0,0.0,0.23497810587286952
1787559721.4227047,0.0,0.0,0.23497810587286952
1787559721.4749637,0.0,0.0,0.23497810587286952
1787559721.5222414,0.0,0.0,0.23497810587286952
1787559721.573581,0.0,0.0,0.23497810587286952
1787559721.6224155,0.0,0.0,0.23497810587286952
1787559721.6728663,0.0,0.0,0.23497810587286952
1787559721.7224154,0.0,0.0,0.23497810587286952
1787559721.7725058,0.0,0.0,0.23497810587286952
1787559721.823538,0.0,0.0,0.23497810587286952
1787559721.8724601,0.0,0.0,0.23497810587286952
1787559721.9227197,0.0,0.0,0.23497810587286952
1787559721.972286,0.0,0.0,0.23497810587286952
1787559722.0226834,0.0,0.0,0.23497810587286952
1787559722.0724266,0.0,0.0,0.23497810587286952
1787559722.1228335,0.0,0.0,0.23497810587286952
1787559722.1733978,0.0,0.0,0.23497810587286952
1787559722.2229822,0.0,0.0,0.23497810587286952
1787559722.2726452,0.0,0.0,0.23497810587286952
1787559722.3227665,0.0,0.0,0.23497810587286952
1787559722.372757,0.0,0.0,0.23497810587286952
1787559722.4219627,0.0,0.0,0.23497810587286952
1787559722.4725986,0.0,0.0,0.23497810587286952
1787559722.5236967,0.0,0.0,0.23497810587286952
1787559722.5729709,0.0,0.0,0.23497810587286952
1787559722.6227708,0.0,0.0,0.23497810587286952
1787559722.6725225,0.0,0.0,0.23497810587286952
1787559722.7228549,0.0,0.0,0.23497810587286952
1787559722.7725103,0.0,0.0,0.23497810587286952
1787559722.8258436,0.0,0.0,0.23497810587286952
1787559722.8724937,0.0,0.0,0.23497810587286952
1787559722.9250114,0.0,0.0,0.23497810587286952
1787559722.9741368,0.0,0.0,0.23497810587286952
1787559723.022245,0.0,0.0,0.23497810587286952
1787559723.0737598,0.0,0.0,0.23497810587286952
1787559723.12221,0.0,0.0,0.23497810587286952
1787559723.1730103,0.0,0.0,0.23497810587286952
1787559723.2229972,0.0,0.0,0.23497810587286952
1787559723.2720091,0.0,0.0,0.23497810587286952
1787559723.3226497,0.0,0.0,0.23497810587286952
1787559723.3743997,0.0,0.0,0.23497810587286952
1787559723.4237142,0.0,0.0,0.23497810587286952
1787559723.4729636,0.0,0.0,0.23497810587286952
1787559723.5231273,0.0,0.0,0.23497810587286952
1787559723.572684,0.0,0.0,0.23497810587286952
1787559723.6227894,0.0,0.0,0.23497810587286952
1787559723.6724463,0.0,0.0,0.23497810587286952
1787559723.722468,0.0,0.0,0.23497810587286952
1787559723.7724261,0.0,0.0,0.23497810587286952
1787559723.8223965,0.0,0.0,0.23497810587286952
1787559723.874263,0.0,0.0,0.23497810587286952
1787559723.9226003,0.0,0.0,0.23497810587286952
1787559723.9727657,0.0,0.0,0.23497810587286952
1787559724.024474,0.0,0.0,0.23497810587286952
1787559724.0743957,0.0,0.0,0.23497810587286952
1787559724.1220713,0.0,0.0,0.23497810587286952
1787559724.1724532,0.0,0.0,0.23497810587286952
1787559724.2248585,0.0,0.0,0.23497810587286952
1787559724.27272,0.0,0.0,0.23497810587286952
1787559724.3223374,0.0,0.0,0.23497810587286952
1787559724.3734512,0.0,0.0,0.23497810587286952
1787559724.4230185,0.0,0.0,0.23497810587286952
1787559724.4726532,0.0,0.0,0.23497810587286952
1787559724.5225787,0.0,0.0,0.23497810587286952
1787559724.5728304,0.0,0.0,0.23497810587286952
1787559724.6224816,0.0,0.0,0.23497810587286952
1787559724.6728113,0.0,0.0,0.23497810587286952
1787559724.7227662,0.0,0.0,0.23497810587286952
1787559724.7747278,0.0,0.0,0.23497810587286952
1787559724.8256876,0.0,0.0,0.23497810587286952
1787559724.8796504,0.0,0.0,0.23497810587286952
1787559724.922777,0.0,0.0,0.23497810587286952
1787559724.9722528,0.0,0.0,0.23497810587286952
1787559725.0250611,0.0,0.0,0.23497810587286952
1787559725.0722334,0.0,0.0,0.23497810587286952
1787559725.1255739,0.0,0.0,0.23497810587286952
1787559725.1742818,0.0,0.0,0.23497810587286952
1787559725.2233045,0.0,0.0,0.23497810587286952
1787559725.2732103,0.0,0.0,0.23497810587286952
1787559725.322559,0.0,0.0,0.23497810587286952
1787559725.372615,0.0,0.0,0.23497810587286952
1787559725.4225073,0.0,0.0,0.23497810587286952
1787559725.4727445,0.0,0.0,0.23497810587286952
1787559725.5227685,0.0,0.0,0.23497810587286952
1787559725.5726078,0.0,0.0,0.23497810587286952
1787559725.622167,0.0,0.0,0.23497810587286952
1787559725.672483,0.0,0.0,0.23497810587286952
1787559725.7219799,0.0,0.0,0.23497810587286952
1787559725.7727947,0.0,0.0,0.23497810587286952
1787559725.8248413,0.0,0.0,0.23497810587286952
1787559725.8723783,0.0,0.0,0.23497810587286952
1787559725.9234498,0.0,0.0,0.23497810587286952
1787559725.9727485,0.0,0.0,0.23497810587286952
1787559726.0262547,0.0,0.0,0.23497810587286952
1787559726.0724678,0.0,0.0,0.23497810587286952
1787559726.1226606,0.0,0.0,0.23497810587286952
1787559726.1742172,0.0,0.0,0.23497810587286952
1787559726.2218883,0.0,0.0,0.23497810587286952
1787559726.27437,0.0,0.0,0.23497810587286952
1787559726.3240917,0.0,0.0,0.23497810587286952
1787559726.372606,0.0,0.0,0.23497810587286952
1787559726.4241822,0.0,0.0,0.23497810587286952
1787559726.4723525,0.0,0.0,0.23497810587286952
1787559726.523188,0.0,0.0,0.23497810587286952
1787559726.5723011,0.0,0.0,0.23497810587286952
1787559726.624771,0.0,0.0,0.23497810587286952
1787559726.6734312,0.0,0.0,0.23497810587286952
1787559726.7230494,0.0,0.0,0.23497810587286952
1787559726.7735317,0.0,0.0,0.23497810587286952
1787559726.822751,0.0,0.0,0.23497810587286952
1787559726.8719766,0.0,0.0,0.23497810587286952
1787559726.923796,0.0,0.0,0.23497810587286952
1787559726.979006,0.0,0.0,0.23497810587286952
1787559727.0219731,0.0,0.0,0.23497810587286952
1787559727.0726416,0.0,0.0,0.23497810587286952
1787559727.1224356,0.0,0.0,0.23497810587286952
1787559727.1722655,0.0,0.0,0.23497810587286952
1787559727.2225332,0.0,0.0,0.23497810587286952
1787559727.27339,0.0,0.0,0.23497810587286952
1787559727.3223217,0.0,0.0,0.23497810587286952
1787559727.3722596,0.0,0.0,0.23497810587286952
1787559727.4234514,0.0,0.0,0.23497810587286952
1787559727.4729753,0.0,0.0,0.23497810587286952
1787559727.5221725,0.0,0.0,0.23497810587286952
1787559727.572573,0.0,0.0,0.23497810587286952
1787559727.6226032,0.0,0.0,0.23497810587286952
1787559727.672236,0.0,0.0,0.23497810587286952
1787559727.7225854,0.0,0.0,0.23497810587286952
1787559727.7725506,0.0,0.0,0.23497810587286952
1787559727.8224938,0.0,0.0,0.23497810587286952
1787559727.8728702,0.0,0.0,0.23497810587286952
1787559727.9225209,0.0,0.0,0.23497810587286952
1787559727.972706,0.0,0.0,0.23497810587286952
1787559728.0225737,0.0,0.0,0.23497810587286952
1787559728.0721092,0.0,0.0,0.23497810587286952
1787559728.1222377,0.0,0.0,0.23497810587286952
1787559728.1724288,0.0,0.0,0.23497810587286952
1787559728.2224889,0.0,0.0,0.23497810587286952
1787559728.2726958,0.0,0.0,0.23497810587286952
1787559728.322819,0.0,0.0,0.23497810587286952
1787559728.3727882,0.0,0.0,0.23497810587286952
1787559728.4224565,0.0,0.0,0.23497810587286952
1787559728.4728107,0.0,0.0,0.23497810587286952
1787559728.52261,0.0,0.0,0.23497810587286952
1787559728.5736988,0.0,0.0,0.23497810587286952
1787559728.623023,0.0,0.0,0.23497810587286952
1787559728.6741226,0.0,0.0,0.23497810587286952
1787559728.7225025,0.0,0.0,0.23497810587286952
1787559728.7727296,0.0,0.0,0.23497810587286952
1787559728.8221002,0.0,0.0,0.23497810587286952
1787559728.8724117,0.0,0.0,0.23497810587286952
1787559728.922585,0.0,0.0,0.23497810587286952
1787559728.9733565,0.0,0.0,0.23497810587286952
1787559729.0277946,0.0,0.0,0.23497810587286952
1787559729.0728297,0.0,0.0,0.23497810587286952
1787559729.1225076,0.0,0.0,0.23497810587286952
1787559729.173258,0.0,0.0,0.23497810587286952
1787559729.2243185,0.0,0.0,0.23497810587286952
1787559729.2746046,0.0,0.0,0.23497810587286952
1787559729.3237205,0.0,0.0,0.23497810587286952
1787559729.374319,0.0,0.0,0.23497810587286952
1787559729.4235225,0.0,0.0,0.23497810587286952
1787559729.4742382,0.0,0.0,0.23497810587286952
1787559729.522542,0.0,0.0,0.23497810587286952
1787559729.572459,0.0,0.0,0.23497810587286952
1787559729.6223264,0.0,0.0,0.23497810587286952
1787559729.6723616,0.0,0.0,0.23497810587286952
1787559729.7226255,0.0,0.0,0.23497810587286952
1787559729.773583,0.0,0.0,0.23497810587286952
1787559729.8231866,0.0,0.0,0.23497810587286952
1787559729.872159,0.0,0.0,0.23497810587286952
1787559729.9234478,0.0,0.0,0.23497810587286952
1787559729.9739375,0.0,0.0,0.23497810587286952
1787559730.0227067,0.0,0.0,0.23497810587286952
1787559730.072478,0.0,0.0,0.23497810587286952
1787559730.1228309,0.0,0.0,0.23497810587286952
1787559730.1724203,0.0,0.0,0.23497810587286952
1787559730.222494,0.0,0.0,0.23497810587286952
1787559730.277736,0.0,0.0,0.23497810587286952
1787559730.3228953,0.0,0.0,0.23497810587286952
1787559730.3723483,0.0,0.0,0.23497810587286952
1787559730.422587,0.0,0.0,0.23497810587286952
1787559730.472364,0.0,0.0,0.23497810587286952
1787559730.5239286,0.0,0.0,0.23497810587286952
1787559730.572828,0.0,0.0,0.23497810587286952
1787559730.6263022,0.0,0.0,0.23497810587286952
1787559730.6750517,0.0,0.0,0.23497810587286952
1787559730.7229974,0.0,0.0,0.23497810587286952
1787559730.7724407,0.0,0.0,0.23497810587286952
1787559730.8240066,0.0,0.0,0.23497810587286952
1787559730.87288,0.0,0.0,0.23497810587286952
1787559730.9222147,0.0,0.0,0.23497810587286952
1787559730.972626,0.0,0.0,0.23497810587286952
1787559731.0224226,0.0,0.0,0.23497810587286952
1787559731.0738902,0.0,0.0,0.23497810587286952
1787559731.122218,0.0,0.0,0.23497810587286952
1787559731.172543,0.0,0.0,0.23497810587286952
1787559731.2222238,0.0,0.0,0.23497810587286952
1787559731.2722523,0.0,0.0,0.23497810587286952
1787559731.322199,0.0,0.0,0.23497810587286952
1787559731.3727126,0.0,0.0,0.23497810587286952
1787559731.4256172,0.0,0.0,0.23497810587286952
1787559731.472896,0.0,0.0,0.23497810587286952
1787559731.5225658,0.0,0.0,0.23497810587286952
1787559731.574399,0.0,0.0,0.23497810587286952
1787559731.6222317,0.0,0.0,0.23497810587286952
1787559731.672849,0.0,0.0,0.23497810587286952
1787559731.7228866,0.0,0.0,0.23497810587286952
1787559731.7725325,0.0,0.0,0.23497810587286952
1787559731.8226295,0.0,0.0,0.23497810587286952
1787559731.8742318,0.0,0.0,0.23497810587286952
1787559731.9223297,0.0,0.0,0.23497810587286952
1787559731.9723017,0.0,0.0,0.23497810587286952
1787559732.0225863,0.0,0.0,0.23497810587286952
1787559732.0725417,0.0,0.0,0.23497810587286952
1787559732.1222737,0.0,0.0,0.23497810587286952
1787559732.1725574,0.0,0.0,0.23497810587286952
1787559732.2225945,0.0,0.0,0.23497810587286952
1787559732.2728508,0.0,0.0,0.23497810587286952
1787559732.322718,0.0,0.0,0.23497810587286952
1787559732.3727007,0.0,0.0,0.23497810587286952
1787559732.4227674,0.0,0.0,0.23497810587286952
1787559732.4729102,0.0,0.0,0.23497810587286952
1787559732.5247512,0.0,0.0,0.23497810587286952
1787559732.5726776,0.0,0.0,0.23497810587286952
1787559732.622347,0.0,0.0,0.23497810587286952
1787559732.6720731,0.0,0.0,0.23497810587286952
1787559732.7220628,0.0,0.0,0.23497810587286952
1787559732.7724028,0.0,0.0,0.23497810587286952
1787559732.8221228,0.0,0.0,0.23497810587286952
1787559732.8729012,0.0,0.0,0.23497810587286952
1787559732.9234805,0.0,0.0,0.23497810587286952
1787559732.9737303,0.0,0.0,0.23497810587286952
1787559733.0242372,0.0,0.0,0.23497810587286952
1787559733.072648,0.0,0.0,0.23497810587286952
1787559733.124031,0.0,0.0,0.23497810587286952
1787559733.1725926,0.0,0.0,0.23497810587286952
1787559733.2252457,0.0,0.0,0.23497810587286952
1787559733.272014,0.0,0.0,0.23497810587286952
1787559733.322463,0.0,0.0,0.23497810587286952
1787559733.3733783,0.0,0.0,0.23497810587286952
1787559733.423981,0.0,0.0,0.23497810587286952
1787559733.474798,0.0,0.0,0.23497810587286952
1787559733.5223017,0.0,0.0,0.23497810587286952
1787559733.5726411,0.0,0.0,0.23497810587286952
1787559733.622845,0.0,0.0,0.23497810587286952
1787559733.6725988,0.0,0.0,0.23497810587286952
1787559733.723279,0.0,0.0,0.23497810587286952
1787559733.772664,0.0,0.0,0.23497810587286952
1787559733.8226101,0.0,0.0,0.23497810587286952
1787559733.8727953,0.0,0.0,0.23497810587286952
1787559733.9236987,0.0,0.0,0.23497810587286952
1787559733.9727092,0.0,0.0,0.23497810587286952
1787559734.0227344,0.0,0.0,0.23497810587286952
1787559734.0721986,0.0,0.0,0.23497810587286952
1787559734.1224241,0.0,0.0,0.23497810587286952
1787559734.1725247,0.0,0.0,0.23497810587286952
1787559734.2228901,0.0,0.0,0.23497810587286952
1787559734.273654,0.0,0.0,0.23497810587286952
1787559734.3220344,0.0,0.0,0.23497810587286952
1787559734.3729136,0.0,0.0,0.23497810587286952
1787559734.4227614,0.0,0.0,0.23497810587286952
1787559734.4726636,0.0,0.0,0.23497810587286952
1787559734.5226357,0.0,0.0,0.23497810587286952
1787559734.5723557,0.0,0.0,0.23497810587286952
1787559734.625622,0.0,0.0,0.23497810587286952
1787559734.672304,0.0,0.0,0.23497810587286952
1787559734.7225385,0.0,0.0,0.23497810587286952
1787559734.773401,0.0,0.0,0.23497810587286952
1787559734.8261912,0.0,0.0,0.23497810587286952
1787559734.8731778,0.0,0.0,0.23497810587286952
1787559734.9228532,0.0,0.0,0.23497810587286952
1787559734.9727132,0.0,0.0,0.23497810587286952
1787559735.024654,0.0,0.0,0.23497810587286952
1787559735.0725257,0.0,0.0,0.23497810587286952
1787559735.122428,0.0,0.0,0.23497810587286952
1787559735.1728265,0.0,0.0,0.23497810587286952
1787559735.2223682,0.0,0.0,0.23497810587286952
1787559735.2722237,0.0,0.0,0.23497810587286952
1787559735.3220224,0.0,0.0,0.23497810587286952
1787559735.3722699,0.0,0.0,0.23497810587286952
1787559735.423776,0.0,0.0,0.23497810587286952
1787559735.4726577,0.0,0.0,0.23497810587286952
1787559735.5239372,0.0,0.0,0.23497810587286952
1787559735.5736406,0.0,0.0,0.23497810587286952
1787559735.622639,0.0,0.0,0.23497810587286952
1787559735.67265,0.0,0.0,0.23497810587286952
1787559735.7228248,0.0,0.0,0.23497810587286952
1787559735.7747774,0.0,0.0,0.23497810587286952
1787559735.8225482,0.0,0.0,0.23497810587286952
1787559735.8727605,0.0,0.0,0.23497810587286952
1787559735.9238522,0.0,0.0,0.23497810587286952
1787559735.9722073,0.0,0.0,0.23497810587286952
1787559736.021879,0.0,0.0,0.23497810587286952
1787559736.0724769,0.0,0.0,0.23497810587286952
1787559736.1224911,0.0,0.0,0.23497810587286952
1787559736.1722672,0.0,0.0,0.23497810587286952
1787559736.2258382,0.0,0.0,0.23497810587286952
1787559736.2724748,0.0,0.0,0.23497810587286952
1787559736.322423,0.0,0.0,0.23497810587286952
1787559736.3721354,0.0,0.0,0.23497810587286952
1787559736.4222102,0.0,0.0,0.23497810587286952
1787559736.4724545,0.0,0.0,0.23497810587286952
1787559736.5221996,0.0,0.0,0.23497810587286952
1787559736.5725057,0.0,0.0,0.23497810587286952
1787559736.621905,0.0,0.0,0.23497810587286952
1787559736.6726086,0.0,0.0,0.23497810587286952
1787559736.7224803,0.0,0.0,0.23497810587286952
1787559736.7734847,0.0,0.0,0.23497810587286952
1787559736.8225098,0.0,0.0,0.23497810587286952
1787559736.8743377,0.0,0.0,0.23497810587286952
1787559736.922721,0.0,0.0,0.23497810587286952
1787559736.9722817,0.0,0.0,0.23497810587286952
1787559737.0231802,0.0,0.0,0.23497810587286952
1787559737.0728855,0.0,0.0,0.23497810587286952
1787559737.1240165,0.0,0.0,0.23497810587286952
1787559737.1725633,0.0,0.0,0.23497810587286952
1787559737.2239113,0.0,0.0,0.23497810587286952
1787559737.2726328,0.0,0.0,0.23497810587286952
1787559737.3243248,0.0,0.0,0.23497810587286952
1787559737.3752968,0.0,0.0,0.23497810587286952
1787559737.4224675,0.0,0.0,0.23497810587286952
1787559737.473565,0.0,0.0,0.23497810587286952
1787559737.5222695,0.0,0.0,0.23497810587286952
1787559737.5725865,0.0,0.0,0.23497810587286952
1787559737.6227121,0.0,0.0,0.23497810587286952
1787559737.672378,0.0,0.0,0.23497810587286952
1787559737.7225096,0.0,0.0,0.23497810587286952
1787559737.7725708,0.0,0.0,0.23497810587286952
1787559737.8258624,0.0,0.0,0.23497810587286952
1787559737.8725338,0.0,0.0,0.23497810587286952
1787559737.9223413,0.0,0.0,0.23497810587286952
1787559737.9729655,0.0,0.0,0.23497810587286952
1787559738.0227497,0.0,0.0,0.23497810587286952
1787559738.0731466,0.0,0.0,0.23497810587286952
1787559738.1247036,0.0,0.0,0.23497810587286952
1787559738.172441,0.0,0.0,0.23497810587286952
1787559738.2220137,0.0,0.0,0.23497810587286952
1787559738.273795,0.0,0.0,0.23497810587286952
1787559738.3224247,0.0,0.0,0.23497810587286952
1787559738.3726912,0.0,0.0,0.23497810587286952
1787559738.4220548,0.0,0.0,0.23497810587286952
1787559738.4737782,0.0,0.0,0.23497810587286952
1787559738.522398,0.0,0.0,0.23497810587286952
1787559738.5726388,0.0,0.0,0.23497810587286952
1787559738.6247003,0.0,0.0,0.23497810587286952
1787559738.6728919,0.0,0.0,0.23497810587286952
1787559738.7235515,0.0,0.0,0.23497810587286952
1787559738.7722375,0.0,0.0,0.23497810587286952
1787559738.8253243,0.0,0.0,0.23497810587286952
1787559738.8734057,0.0,0.0,0.23497810587286952
1787559738.92289,0.0,0.0,0.23497810587286952
1787559738.9735627,0.0,0.0,0.23497810587286952
1787559739.022846,0.0,0.0,0.23497810587286952
1787559739.073046,0.0,0.0,0.23497810587286952
1787559739.121834,0.0,0.0,0.23497810587286952
1787559739.1720307,0.0,0.0,0.23497810587286952
1787559739.2224095,0.0,0.0,0.23497810587286952
1787559739.2725675,0.0,0.0,0.23497810587286952
1787559739.3223383,0.0,0.0,0.23497810587286952
1787559739.372539,0.0,0.0,0.23497810587286952
1787559739.4244373,0.0,0.0,0.23497810587286952
1787559739.472596,0.0,0.0,0.23497810587286952
1787559739.5224113,0.0,0.0,0.23497810587286952
1787559739.5722184,0.0,0.0,0.23497810587286952
1787559739.6241431,0.0,0.0,0.23497810587286952
1787559739.6727684,0.0,0.0,0.23497810587286952
1787559739.7233677,0.0,0.0,0.23497810587286952
1787559739.7721963,0.0,0.0,0.23497810587286952
1787559739.822582,0.0,0.0,0.23497810587286952
1787559739.8724873,0.0,0.0,0.23497810587286952
1787559739.9226084,0.0,0.0,0.23497810587286952
1787559739.9736645,0.0,0.0,0.23497810587286952
1787559740.0224087,0.0,0.0,0.23497810587286952
1787559740.072307,0.0,0.0,0.23497810587286952
1787559740.1227853,0.0,0.0,0.23497810587286952
1787559740.1731963,0.0,0.0,0.23497810587286952
1787559740.2237349,0.0,0.0,0.23497810587286952
1787559740.2724032,0.0,0.0,0.23497810587286952
1787559740.3227541,0.0,0.0,0.23497810587286952
1787559740.3723407,0.0,0.0,0.23497810587286952
1787559740.4229898,0.0,0.0,0.23497810587286952
1787559740.4720075,0.0,0.0,0.23497810587286952
1787559740.5228112,0.0,0.0,0.23497810587286952
1787559740.5723982,0.0,0.0,0.23497810587286952
1787559740.622546,0.0,0.0,0.23497810587286952
1787559740.6746888,0.0,0.0,0.23497810587286952
1787559740.7218225,0.0,0.0,0.23497810587286952
1787559740.7730942,0.0,0.0,0.23497810587286952
1787559740.823345,0.0,0.0,0.23497810587286952
1787559740.872172,0.0,0.0,0.23497810587286952
1787559740.922217,0.0,0.0,0.23497810587286952
1787559740.9774034,0.0,0.0,0.23497810587286952
1787559741.026078,0.0,0.0,0.23497810587286952
1787559741.0723395,0.0,0.0,0.23497810587286952
1787559741.1225672,0.0,0.0,0.23497810587286952
1787559741.1728084,0.0,0.0,0.23497810587286952
1787559741.2231507,0.0,0.0,0.23497810587286952
1787559741.2722485,0.0,0.0,0.23497810587286952
1787559741.3231695,0.0,0.0,0.23497810587286952
1787559741.3729663,0.0,0.0,0.23497810587286952
1787559741.422579,0.0,0.0,0.23497810587286952
1787559741.4744625,0.0,0.0,0.23497810587286952
1787559741.5220003,0.0,0.0,0.23497810587286952
1787559741.5729265,0.0,0.0,0.23497810587286952
1787559741.622459,0.0,0.0,0.23497810587286952
1787559741.6721745,0.0,0.0,0.23497810587286952
1787559741.722592,0.0,0.0,0.23497810587286952
1787559741.7744823,0.0,0.0,0.23497810587286952
1787559741.8247435,0.0,0.0,0.23497810587286952
1787559741.872549,0.0,0.0,0.23497810587286952
1787559741.9229069,0.0,0.0,0.23497810587286952
1787559741.9725912,0.0,0.0,0.23497810587286952
1787559742.0242386,0.0,0.0,0.23497810587286952
1787559742.0726671,0.0,0.0,0.23497810587286952
1787559742.122579,0.0,0.0,0.23497810587286952
1787559742.1757746,0.0,0.0,0.23497810587286952
1787559742.2223475,0.0,0.0,0.23497810587286952
1787559742.2759032,0.0,0.0,0.23497810587286952
1787559742.322058,0.0,0.0,0.23497810587286952
1787559742.3726642,0.0,0.0,0.23497810587286952
1787559742.4228606,0.0,0.0,0.23497810587286952
1787559742.4724376,0.0,0.0,0.23497810587286952
1787559742.5237598,0.0,0.0,0.23497810587286952
1787559742.572493,0.0,0.0,0.23497810587286952
1787559742.6269004,0.0,0.0,0.23497810587286952
1787559742.672539,0.0,0.0,0.23497810587286952
1787559742.7226791,0.0,0.0,0.23497810587286952
1787559742.773124,0.0,0.0,0.23497810587286952
1787559742.8251257,0.0,0.0,0.23497810587286952
1787559742.8726792,0.0,0.0,0.23497810587286952
1787559742.9233785,0.0,0.0,0.23497810587286952
1787559742.9737518,0.0,0.0,0.23497810587286952
1787559743.0234504,0.0,0.0,0.23497810587286952
1787559743.0739038,0.0,0.0,0.23497810587286952
1787559743.1221986,0.0,0.0,0.23497810587286952
1787559743.1725206,0.0,0.0,0.23497810587286952
1787559743.2232533,0.0,0.0,0.23497810587286952
1787559743.2724295,0.0,0.0,0.23497810587286952
1787559743.322625,0.0,0.0,0.23497810587286952
1787559743.3735363,0.0,0.0,0.23497810587286952
1787559743.425687,0.0,0.0,0.23497810587286952
1787559743.472089,0.0,0.0,0.23497810587286952
1787559743.5229201,0.0,0.0,0.23497810587286952
1787559743.5724626,0.0,0.0,0.23497810587286952
1787559743.6243405,0.0,0.0,0.23497810587286952
1787559743.6726453,0.0,0.0,0.23497810587286952
1787559743.722643,0.0,0.0,0.23497810587286952
1787559743.7723331,0.0,0.0,0.23497810587286952
1787559743.8226626,0.0,0.0,0.23497810587286952
1787559743.8738225,0.0,0.0,0.23497810587286952
1787559743.9226468,0.0,0.0,0.23497810587286952
1787559743.9746554,0.0,0.0,0.23497810587286952
1787559744.0219297,0.0,0.0,0.23497810587286952
1787559744.0724425,0.0,0.0,0.23497810587286952
1787559744.122671,0.0,0.0,0.23497810587286952
1787559744.173571,0.0,0.0,0.23497810587286952
1787559744.2224066,0.0,0.0,0.23497810587286952
1787559744.272378,0.0,0.0,0.23497810587286952
1787559744.32343,0.0,0.0,0.23497810587286952
1787559744.3722882,0.0,0.0,0.23497810587286952
1787559744.422931,0.0,0.0,0.23497810587286952
1787559744.4724326,0.0,0.0,0.23497810587286952
1787559744.5247705,0.0,0.0,0.23497810587286952
1787559744.5721498,0.0,0.0,0.23497810587286952
1787559744.6231995,0.0,0.0,0.23497810587286952
1787559744.675019,0.0,0.0,0.23497810587286952
1787559744.7224169,0.0,0.0,0.23497810587286952
1787559744.7722926,0.0,0.0,0.23497810587286952
1787559744.822255,0.0,0.0,0.23497810587286952
1787559744.8727827,0.0,0.0,0.23497810587286952
1787559744.9225814,0.0,0.0,0.23497810587286952
1787559744.9725258,0.0,0.0,0.23497810587286952
1787559745.026181,0.0,0.0,0.23497810587286952
1787559745.0722818,0.0,0.0,0.23497810587286952
1787559745.1229277,0.0,0.0,0.23497810587286952
1787559745.1744938,0.0,0.0,0.23497810587286952
1787559745.2228827,0.0,0.0,0.23497810587286952
1787559745.2721786,0.0,0.0,0.23497810587286952
1787559745.3238306,0.0,0.0,0.23497810587286952
1787559745.3730724,0.0,0.0,0.23497810587286952
1787559745.4228272,0.0,0.0,0.23497810587286952
1787559745.4786017,0.0,0.0,0.23497810587286952
1787559745.5224314,0.0,0.0,0.23497810587286952
1787559745.5730264,0.0,0.0,0.23497810587286952
1787559745.6226425,0.0,0.0,0.23497810587286952
1787559745.6723778,0.0,0.0,0.23497810587286952
1787559745.7224064,0.0,0.0,0.23497810587286952
1787559745.7722907,0.0,0.0,0.23497810587286952
1787559745.8266227,0.0,0.0,0.23497810587286952
1787559745.8724248,0.0,0.0,0.23497810587286952
1787559745.9225452,0.0,0.0,0.23497810587286952
1787559745.9720721,0.0,0.0,0.23497810587286952
1787559746.0248177,0.0,0.0,0.23497810587286952
1787559746.0726101,0.0,0.0,0.23497810587286952
1787559746.1238122,0.0,0.0,0.23497810587286952
1787559746.1730778,0.0,0.0,0.23497810587286952
1787559746.2226396,0.0,0.0,0.23497810587286952
1787559746.2723653,0.0,0.0,0.23497810587286952
1787559746.32247,0.0,0.0,0.23497810587286952
1787559746.3726106,0.0,0.0,0.23497810587286952
1787559746.4222515,0.0,0.0,0.23497810587286952
1787559746.4730842,0.0,0.0,0.23497810587286952
1787559746.5224493,0.0,0.0,0.23497810587286952
1787559746.572875,0.0,0.0,0.23497810587286952
1787559746.6227396,0.0,0.0,0.23497810587286952
1787559746.6726067,0.0,0.0,0.23497810587286952
1787559746.7257357,0.0,0.0,0.23497810587286952
1787559746.7727177,0.0,0.0,0.23497810587286952
1787559746.8234568,0.0,0.0,0.23497810587286952
1787559746.8745673,0.0,0.0,0.23497810587286952
1787559746.9229321,0.0,0.0,0.23497810587286952
1787559746.9725726,0.0,0.0,0.23497810587286952
1787559747.0239093,0.0,0.0,0.23497810587286952
1787559747.0755804,0.0,0.0,0.23497810587286952
1787559747.1220446,0.0,0.0,0.23497810587286952
1787559747.172386,0.0,0.0,0.23497810587286952
1787559747.2219968,0.0,0.0,0.23497810587286952
1787559747.2723184,0.0,0.0,0.23497810587286952
1787559747.3221035,0.0,0.0,0.23497810587286952
1787559747.3723063,0.0,0.0,0.23497810587286952
1787559747.423981,0.0,0.0,0.23497810587286952
1787559747.473305,0.0,0.0,0.23497810587286952
1787559747.5224655,0.0,0.0,0.23497810587286952
1787559747.5723567,0.0,0.0,0.23497810587286952
1787559747.6225104,0.0,0.0,0.23497810587286952
1787559747.6724572,0.0,0.0,0.23497810587286952
1787559747.724438,0.0,0.0,0.23497810587286952
1787559747.7722623,0.0,0.0,0.23497810587286952
1787559747.823098,0.0,0.0,0.23497810587286952
1787559747.8747911,0.0,0.0,0.23497810587286952
1787559747.9224215,0.0,0.0,0.23497810587286952
1787559747.9726698,0.0,0.0,0.23497810587286952
1787559748.0219097,0.0,0.0,0.23497810587286952
1787559748.0722854,0.0,0.0,0.23497810587286952
1787559748.1226978,0.0,0.0,0.23497810587286952
1787559748.1738286,0.0,0.0,0.23497810587286952
1787559748.2230904,0.0,0.0,0.23497810587286952
1787559748.2729456,0.0,0.0,0.23497810587286952
1787559748.3247428,0.0,0.0,0.23497810587286952
1787559748.3727489,0.0,0.0,0.23497810587286952
1787559748.4228852,0.0,0.0,0.23497810587286952
1787559748.4729817,0.0,0.0,0.23497810587286952
1787559748.52461,0.0,0.0,0.23497810587286952
1787559748.5733464,0.0,0.0,0.23497810587286952
1787559748.6226473,0.0,0.0,0.23497810587286952
1787559748.6745307,0.0,0.0,0.23497810587286952
1787559748.7231805,0.0,0.0,0.23497810587286952
1787559748.7723162,0.0,0.0,0.23497810587286952
1787559748.8224802,0.0,0.0,0.23497810587286952
1787559748.8720078,0.0,0.0,0.23497810587286952
1787559748.922704,0.0,0.0,0.23497810587286952
1787559748.972491,0.0,0.0,0.23497810587286952
1787559749.022703,0.0,0.0,0.23497810587286952
1787559749.0724852,0.0,0.0,0.23497810587286952
1787559749.1226482,0.0,0.0,0.23497810587286952
1787559749.1725543,0.0,0.0,0.23497810587286952
1787559749.2262707,0.0,0.0,0.23497810587286952
1787559749.272767,0.0,0.0,0.23497810587286952
1787559749.322981,0.0,0.0,0.23497810587286952
1787559749.3726487,0.0,0.0,0.23497810587286952
1787559749.4235837,0.0,0.0,0.23497810587286952
1787559749.473889,0.0,0.0,0.23497810587286952
1787559749.522555,0.0,0.0,0.23497810587286952
1787559749.5726738,0.0,0.0,0.23497810587286952
1787559749.622728,0.0,0.0,0.23497810587286952
1787559749.6722605,0.0,0.0,0.23497810587286952
1787559749.7248752,0.0,0.0,0.23497810587286952
1787559749.772967,0.0,0.0,0.23497810587286952
1787559749.8265073,0.0,0.0,0.23497810587286952
1787559749.8727653,0.0,0.0,0.23497810587286952
1787559749.922364,0.0,0.0,0.23497810587286952
1787559749.9733047,0.0,0.0,0.23497810587286952
1787559750.0237236,0.0,0.0,0.23497810587286952
1787559750.072989,0.0,0.0,0.23497810587286952
1787559750.124796,0.0,0.0,0.23497810587286952
1787559750.1734705,0.0,0.0,0.23497810587286952
1787559750.2227333,0.0,0.0,0.23497810587286952
1787559750.272647,0.0,0.0,0.23497810587286952
1787559750.3225381,0.0,0.0,0.23497810587286952
1787559750.3723884,0.0,0.0,0.23497810587286952
1787559750.4226148,0.0,0.0,0.23497810587286952
1787559750.4726925,0.0,0.0,0.23497810587286952
1787559750.5227847,0.0,0.0,0.23497810587286952
1787559750.5735598,0.0,0.0,0.23497810587286952
1787559750.6254132,0.0,0.0,0.23497810587286952
1787559750.6727455,0.0,0.0,0.23497810587286952
1787559750.7233527,0.0,0.0,0.23497810587286952
1787559750.772551,0.0,0.0,0.23497810587286952
1787559750.8245888,0.0,0.0,0.23497810587286952
1787559750.8731494,0.0,0.0,0.23497810587286952
1787559750.922567,0.0,0.0,0.23497810587286952
1787559750.973573,0.0,0.0,0.23497810587286952
1787559751.0232193,0.0,0.0,0.23497810587286952
1787559751.0751863,0.0,0.0,0.23497810587286952
1787559751.1218467,0.0,0.0,0.23497810587286952
1787559751.1739013,0.0,0.0,0.23497810587286952
1787559751.2226331,0.0,0.0,0.23497810587286952
1787559751.2723885,0.0,0.0,0.23497810587286952
1787559751.3223746,0.0,0.0,0.23497810587286952
1787559751.373067,0.0,0.0,0.23497810587286952
1787559751.4256525,0.0,0.0,0.23497810587286952
1787559751.4727929,0.0,0.0,0.23497810587286952
1787559751.5225394,0.0,0.0,0.23497810587286952
1787559751.572437,0.0,0.0,0.23497810587286952
1787559751.6222696,0.0,0.0,0.23497810587286952
1787559751.673321,0.0,0.0,0.23497810587286952
1787559751.722723,0.0,0.0,0.23497810587286952
1787559751.7729468,0.0,0.0,0.23497810587286952
1787559751.822849,0.0,0.0,0.23497810587286952
1787559751.8723483,0.0,0.0,0.23497810587286952
1787559751.922772,0.0,0.0,0.23497810587286952
1787559751.9734418,0.0,0.0,0.23497810587286952
1787559752.0221128,0.0,0.0,0.23497810587286952
1787559752.0719707,0.0,0.0,0.23497810587286952
1787559752.12322,0.0,0.0,0.23497810587286952
1787559752.172963,0.0,0.0,0.23497810587286952
1787559752.2266452,0.0,0.0,0.23497810587286952
1787559752.2726011,0.0,0.0,0.23497810587286952
1787559752.3229003,0.0,0.0,0.23497810587286952
1787559752.3735006,0.0,0.0,0.23497810587286952
1787559752.4228122,0.0,0.0,0.23497810587286952
1787559752.4719934,0.0,0.0,0.23497810587286952
1787559752.522863,0.0,0.0,0.23497810587286952
1787559752.572903,0.0,0.0,0.23497810587286952
1787559752.6222723,0.0,0.0,0.23497810587286952
1787559752.675025,0.0,0.0,0.23497810587286952
1787559752.721885,0.0,0.0,0.23497810587286952
1787559752.7732656,0.0,0.0,0.23497810587286952
1787559752.8234491,0.0,0.0,0.23497810587286952
1787559752.872478,0.0,0.0,0.23497810587286952
1787559752.923648,0.0,0.0,0.23497810587286952
1787559752.9723773,0.0,0.0,0.23497810587286952
1787559753.024767,0.0,0.0,0.23497810587286952
1787559753.072169,0.0,0.0,0.23497810587286952
1787559753.1228013,0.0,0.0,0.23497810587286952
1787559753.1735225,0.0,0.0,0.23497810587286952
1787559753.222388,0.0,0.0,0.23497810587286952
1787559753.2728734,0.0,0.0,0.23497810587286952
1787559753.322566,0.0,0.0,0.23497810587286952
1787559753.3725705,0.0,0.0,0.23497810587286952
1787559753.4229937,0.0,0.0,0.23497810587286952
1787559753.4736784,0.0,0.0,0.23497810587286952
1787559753.522408,0.0,0.0,0.23497810587286952
1787559753.5732856,0.0,0.0,0.23497810587286952
1787559753.6235797,0.0,0.0,0.23497810587286952
1787559753.673036,0.0,0.0,0.23497810587286952
1787559753.7227478,0.0,0.0,0.23497810587286952
1787559753.7728162,0.0,0.0,0.23497810587286952
1787559753.8260536,0.0,0.0,0.23497810587286952
1787559753.8727322,0.0,0.0,0.23497810587286952
1787559753.9237647,0.0,0.0,0.23497810587286952
1787559753.9724383,0.0,0.0,0.23497810587286952
1787559754.022571,0.0,0.0,0.23497810587286952
1787559754.0723264,0.0,0.0,0.23497810587286952
1787559754.1223056,0.0,0.0,0.23497810587286952
1787559754.1736178,0.0,0.0,0.23497810587286952
1787559754.2228465,0.0,0.0,0.23497810587286952
1787559754.2765741,0.0,0.0,0.23497810587286952
1787559754.3227506,0.0,0.0,0.23497810587286952
1787559754.372368,0.0,0.0,0.23497810587286952
1787559754.4227633,0.0,0.0,0.23497810587286952
1787559754.4727762,0.0,0.0,0.23497810587286952
1787559754.5223277,0.0,0.0,0.23497810587286952
1787559754.5725856,0.0,0.0,0.23497810587286952
1787559754.6236234,0.0,0.0,0.23497810587286952
1787559754.6728544,0.0,0.0,0.23497810587286952
1787559754.7235138,0.0,0.0,0.23497810587286952
1787559754.7724137,0.0,0.0,0.23497810587286952
1787559754.8224041,0.0,0.0,0.23497810587286952
1787559754.8727543,0.0,0.0,0.23497810587286952
1787559754.9223206,0.0,0.0,0.23497810587286952
1787559754.9725747,0.0,0.0,0.23497810587286952
1787559755.0229118,0.0,0.0,0.23497810587286952
1787559755.0731118,0.0,0.0,0.23497810587286952
1787559755.1247177,0.0,0.0,0.23497810587286952
1787559755.1730242,0.0,0.0,0.23497810587286952
1787559755.2222693,0.0,0.0,0.23497810587286952
1787559755.2725494,0.0,0.0,0.23497810587286952
1787559755.3233814,0.0,0.0,0.23497810587286952
1787559755.3726246,0.0,0.0,0.23497810587286952
1787559755.427171,0.0,0.0,0.23497810587286952
1787559755.4721692,0.0,0.0,0.23497810587286952
1787559755.5225086,0.0,0.0,0.23497810587286952
1787559755.572771,0.0,0.0,0.23497810587286952
1787559755.6225932,0.0,0.0,0.23497810587286952
1787559755.6725795,0.0,0.0,0.23497810587286952
1787559755.724015,0.0,0.0,0.23497810587286952
1787559755.7727613,0.0,0.0,0.23497810587286952
1787559755.8225899,0.0,0.0,0.23497810587286952
1787559755.8724003,0.0,0.0,0.23497810587286952
1787559755.922207,0.0,0.0,0.23497810587286952
1787559755.9744554,0.0,0.0,0.23497810587286952
1787559756.0224304,0.0,0.0,0.23497810587286952
1787559756.072672,0.0,0.0,0.23497810587286952
1787559756.1227407,0.0,0.0,0.23497810587286952
1787559756.1725905,0.0,0.0,0.23497810587286952
1787559756.2228355,0.0,0.0,0.23497810587286952
1787559756.273513,0.0,0.0,0.23497810587286952
1787559756.3223724,0.0,0.0,0.23497810587286952
1787559756.3722181,0.0,0.0,0.23497810587286952
1787559756.4221141,0.0,0.0,0.23497810587286952
1787559756.4724362,0.0,0.0,0.23497810587286952
1787559756.5228338,0.0,0.0,0.23497810587286952
1787559756.5730386,0.0,0.0,0.23497810587286952
1787559756.6223655,0.0,0.0,0.23497810587286952
1787559756.6734328,0.0,0.0,0.23497810587286952
1787559756.7222013,0.0,0.0,0.23497810587286952
1787559756.7725916,0.0,0.0,0.23497810587286952
1787559756.8220806,0.0,0.0,0.23497810587286952
1787559756.873107,0.0,0.0,0.23497810587286952
1787559756.9229202,0.0,0.0,0.23497810587286952
1787559756.972685,0.0,0.0,0.23497810587286952
1787559757.02263,0.0,0.0,0.23497810587286952
1787559757.0722816,0.0,0.0,0.23497810587286952
1787559757.122169,0.0,0.0,0.23497810587286952
1787559757.1724494,0.0,0.0,0.23497810587286952
1787559757.2230256,0.0,0.0,0.23497810587286952
1787559757.2736135,0.0,0.0,0.23497810587286952
1787559757.325262,0.0,0.0,0.23497810587286952
1787559757.3743498,0.0,0.0,0.23497810587286952
1787559757.4227285,0.0,0.0,0.23497810587286952
1787559757.4749548,0.0,0.0,0.23497810587286952
1787559757.522552,0.0,0.0,0.23497810587286952
1787559757.5724108,0.0,0.0,0.23497810587286952
1787559757.6228955,0.0,0.0,0.23497810587286952
1787559757.6723635,0.0,0.0,0.23497810587286952
1787559757.722897,0.0,0.0,0.23497810587286952
1787559757.7723868,0.0,0.0,0.23497810587286952
1787559757.8248143,0.0,0.0,0.23497810587286952
1787559757.8724103,0.0,0.0,0.23497810587286952
1787559757.925854,0.0,0.0,0.23497810587286952
1787559757.9724672,0.0,0.0,0.23497810587286952
1787559758.0229168,0.0,0.0,0.23497810587286952
1787559758.0723467,0.0,0.0,0.23497810587286952
1787559758.1227777,0.0,0.0,0.23497810587286952
1787559758.1727,0.0,0.0,0.23497810587286952
1787559758.2226439,0.0,0.0,0.23497810587286952
1787559758.2760231,0.0,0.0,0.23497810587286952
1787559758.322315,0.0,0.0,0.23497810587286952
1787559758.3725739,0.0,0.0,0.23497810587286952
1787559758.4228208,0.0,0.0,0.23497810587286952
1787559758.4730036,0.0,0.0,0.23497810587286952
1787559758.5225992,0.0,0.0,0.23497810587286952
1787559758.5727193,0.0,0.0,0.23497810587286952
1787559758.6243274,0.0,0.0,0.23497810587286952
1787559758.673371,0.0,0.0,0.23497810587286952
1787559758.7259355,0.0,0.0,0.23497810587286952
1787559758.7725441,0.0,0.0,0.23497810587286952
1787559758.82257,0.0,0.0,0.23497810587286952
1787559758.872508,0.0,0.0,0.23497810587286952
1787559758.923867,0.0,0.0,0.23497810587286952
1787559758.972825,0.0,0.0,0.23497810587286952
1787559759.022342,0.0,0.0,0.23497810587286952
1787559759.0755572,0.0,0.0,0.23497810587286952
1787559759.1224425,0.0,0.0,0.23497810587286952
1787559759.1721544,0.0,0.0,0.23497810587286952
1787559759.2226758,0.0,0.0,0.23497810587286952
1787559759.2727923,0.0,0.0,0.23497810587286952
1787559759.322901,0.0,0.0,0.23497810587286952
1787559759.3718705,0.0,0.0,0.23497810587286952
1787559759.4225698,0.0,0.0,0.23497810587286952
1787559759.4724736,0.0,0.0,0.23497810587286952
1787559759.522893,0.0,0.0,0.23497810587286952
1787559759.572847,0.0,0.0,0.23497810587286952
1787559759.6225154,0.0,0.0,0.23497810587286952
1787559759.6723242,0.0,0.0,0.23497810587286952
1787559759.7228286,0.0,0.0,0.23497810587286952
1787559759.772766,0.0,0.0,0.23497810587286952
1787559759.8224897,0.0,0.0,0.23497810587286952
1787559759.8734715,0.0,0.0,0.23497810587286952
1787559759.9244022,0.0,0.0,0.23497810587286952
1787559759.9727933,0.0,0.0,0.23497810587286952
1787559760.0223296,0.0,0.0,0.23497810587286952
1787559760.0735831,0.0,0.0,0.23497810587286952
1787559760.1224387,0.0,0.0,0.23497810587286952
1787559760.172255,0.0,0.0,0.23497810587286952
1787559760.2254362,0.0,0.0,0.23497810587286952
1787559760.272715,0.0,0.0,0.23497810587286952
1787559760.3227668,0.0,0.0,0.23497810587286952
1787559760.3726058,0.0,0.0,0.23497810587286952
1787559760.4225645,0.0,0.0,0.23497810587286952
1787559760.4724424,0.0,0.0,0.23497810587286952
1787559760.5238209,0.0,0.0,0.23497810587286952
1787559760.5727072,0.0,0.0,0.23497810587286952
1787559760.6223044,0.0,0.0,0.23497810587286952
1787559760.6749928,0.0,0.0,0.23497810587286952
1787559760.722879,0.0,0.0,0.23497810587286952
1787559760.7736626,0.0,0.0,0.23497810587286952
1787559760.8228662,0.0,0.0,0.23497810587286952
1787559760.8729916,0.0,0.0,0.23497810587286952
1787559760.9238255,0.0,0.0,0.23497810587286952
1787559760.9728286,0.0,0.0,0.23497810587286952
1787559761.0239093,0.0,0.0,0.23497810587286952
1787559761.0724077,0.0,0.0,0.23497810587286952
1787559761.1268208,0.0,0.0,0.23497810587286952
1787559761.1726446,0.0,0.0,0.23497810587286952
1787559761.2233095,0.0,0.0,0.23497810587286952
1787559761.2727327,0.0,0.0,0.23497810587286952
1787559761.3226519,0.0,0.0,0.23497810587286952
1787559761.3740711,0.0,0.0,0.23497810587286952
1787559761.422922,0.0,0.0,0.23497810587286952
1787559761.474428,0.0,0.0,0.23497810587286952
1787559761.522463,0.0,0.0,0.23497810587286952
1787559761.572432,0.0,0.0,0.23497810587286952
1787559761.6221066,0.0,0.0,0.23497810587286952
1787559761.6725068,0.0,0.0,0.23497810587286952
1787559761.7224655,0.0,0.0,0.23497810587286952
1787559761.772854,0.0,0.0,0.23497810587286952
1787559761.8233137,0.0,0.0,0.23497810587286952
1787559761.8726761,0.0,0.0,0.23497810587286952
1787559761.923297,0.0,0.0,0.23497810587286952
1787559761.9731019,0.0,0.0,0.23497810587286952
1787559762.0234132,0.0,0.0,0.23497810587286952
1787559762.0728073,0.0,0.0,0.23497810587286952
1787559762.1228724,0.0,0.0,0.23497810587286952
1787559762.1736076,0.0,0.0,0.23497810587286952
1787559762.2226512,0.0,0.0,0.23497810587286952
1787559762.27414,0.0,0.0,0.23497810587286952
1787559762.3224235,0.0,0.0,0.23497810587286952
1787559762.372417,0.0,0.0,0.23497810587286952
1787559762.4218473,0.0,0.0,0.23497810587286952
1787559762.4728398,0.0,0.0,0.23497810587286952
1787559762.5229168,0.0,0.0,0.23497810587286952
1787559762.5743124,0.0,0.0,0.23497810587286952
1787559762.6231782,0.0,0.0,0.23497810587286952
1787559762.6728253,0.0,0.0,0.23497810587286952
1787559762.7265575,0.0,0.0,0.23497810587286952
1787559762.7723851,0.0,0.0,0.23497810587286952
1787559762.8241649,0.0,0.0,0.23497810587286952
1787559762.8725214,0.0,0.0,0.23497810587286952
1787559762.9245095,0.0,0.0,0.23497810587286952
1787559762.9732158,0.0,0.0,0.23497810587286952
1787559763.0225372,0.0,0.0,0.23497810587286952
1787559763.074247,0.0,0.0,0.23497810587286952
1787559763.1222448,0.0,0.0,0.23497810587286952
1787559763.1729107,0.0,0.0,0.23497810587286952
1787559763.2226894,0.0,0.0,0.23497810587286952
1787559763.272153,0.0,0.0,0.23497810587286952
1787559763.322729,0.0,0.0,0.23497810587286952
1787559763.3724318,0.0,0.0,0.23497810587286952
1787559763.4225729,0.0,0.0,0.23497810587286952
1787559763.4734704,0.0,0.0,0.23497810587286952
1787559763.52286,0.0,0.0,0.23497810587286952
1787559763.5730755,0.0,0.0,0.23497810587286952
1787559763.6223562,0.0,0.0,0.23497810587286952
1787559763.6729784,0.0,0.0,0.23497810587286952
1787559763.7228878,0.0,0.0,0.23497810587286952
1787559763.772627,0.0,0.0,0.23497810587286952
1787559763.8227134,0.0,0.0,0.23497810587286952
1787559763.8742466,0.0,0.0,0.23497810587286952
1787559763.92228,0.0,0.0,0.23497810587286952
1787559763.9727886,0.0,0.0,0.23497810587286952
1787559764.022869,0.0,0.0,0.23497810587286952
1787559764.072305,0.0,0.0,0.23497810587286952
1787559764.1223602,0.0,0.0,0.23497810587286952
1787559764.1720693,0.0,0.0,0.23497810587286952
1787559764.222425,0.0,0.0,0.23497810587286952
1787559764.2726617,0.0,0.0,0.23497810587286952
1787559764.3242726,0.0,0.0,0.23497810587286952
1787559764.3736465,0.0,0.0,0.23497810587286952
1787559764.4229443,0.0,0.0,0.23497810587286952
1787559764.4724348,0.0,0.0,0.23497810587286952
1787559764.5227973,0.0,0.0,0.23497810587286952
1787559764.5729659,0.0,0.0,0.23497810587286952
1787559764.622438,0.0,0.0,0.23497810587286952
1787559764.6724253,0.0,0.0,0.23497810587286952
1787559764.722562,0.0,0.0,0.23497810587286952
1787559764.7725565,0.0,0.0,0.23497810587286952
1787559764.8226378,0.0,0.0,0.23497810587286952
1787559764.8727145,0.0,0.0,0.23497810587286952
1787559764.922934,0.0,0.0,0.23497810587286952
1787559764.9721856,0.0,0.0,0.23497810587286952
1787559765.0239377,0.0,0.0,0.23497810587286952
1787559765.0727875,0.0,0.0,0.23497810587286952
1787559765.122467,0.0,0.0,0.23497810587286952
1787559765.1723256,0.0,0.0,0.23497810587286952
1787559765.2219524,0.0,0.0,0.23497810587286952
1787559765.2726455,0.0,0.0,0.23497810587286952
1787559765.3225708,0.0,0.0,0.23497810587286952
1787559765.3731742,0.0,0.0,0.23497810587286952
1787559765.4225495,0.0,0.0,0.23497810587286952
1787559765.4734468,0.0,0.0,0.23497810587286952
1787559765.523557,0.0,0.0,0.23497810587286952
1787559765.572402,0.0,0.0,0.23497810587286952
1787559765.6224833,0.0,0.0,0.23497810587286952
1787559765.6725452,0.0,0.0,0.23497810587286952
1787559765.7227361,0.0,0.0,0.23497810587286952
1787559765.7727902,0.0,0.0,0.23497810587286952
1787559765.826247,0.0,0.0,0.23497810587286952
1787559765.8733523,0.0,0.0,0.23497810587286952
1787559765.9238465,0.0,0.0,0.23497810587286952
1787559765.9726698,0.0,0.0,0.23497810587286952
1787559766.02678,0.0,0.0,0.23497810587286952
1787559766.0724838,0.0,0.0,0.23497810587286952
1787559766.12322,0.0,0.0,0.23497810587286952
1787559766.1727278,0.0,0.0,0.23497810587286952
1787559766.222573,0.0,0.0,0.23497810587286952
1787559766.2744088,0.0,0.0,0.23497810587286952
1787559766.3224652,0.0,0.0,0.23497810587286952
1787559766.3722563,0.0,0.0,0.23497810587286952
1787559766.4218767,0.0,0.0,0.23497810587286952
1787559766.4717665,0.0,0.0,0.23497810587286952
1787559766.521866,0.0,0.0,0.23497810587286952
1787559766.5730495,0.0,0.0,0.23497810587286952
1787559766.6239219,0.0,0.0,0.23497810587286952
1787559766.6728883,0.0,0.0,0.23497810587286952
1787559766.7225115,0.0,0.0,0.23497810587286952
1787559766.7739031,0.0,0.0,0.23497810587286952
1787559766.822302,0.0,0.0,0.23497810587286952
1787559766.8733459,0.0,0.0,0.23497810587286952
1787559766.9229136,0.0,0.0,0.23497810587286952
1787559766.9736094,0.0,0.0,0.23497810587286952
1787559767.0226617,0.0,0.0,0.23497810587286952
1787559767.0728374,0.0,0.0,0.23497810587286952
1787559767.1224146,0.0,0.0,0.23497810587286952
1787559767.1723344,0.0,0.0,0.23497810587286952
1787559767.2228909,0.0,0.0,0.23497810587286952
1787559767.273613,0.0,0.0,0.23497810587286952
1787559767.322754,0.0,0.0,0.23497810587286952
1787559767.3749468,0.0,0.0,0.23497810587286952
1787559767.4247017,0.0,0.0,0.23497810587286952
1787559767.4724371,0.0,0.0,0.23497810587286952
1787559767.5233448,0.0,0.0,0.23497810587286952
1787559767.572385,0.0,0.0,0.23497810587286952
1787559767.6240656,0.0,0.0,0.23497810587286952
1787559767.672409,0.0,0.0,0.23497810587286952
1787559767.7224474,0.0,0.0,0.23497810587286952
1787559767.7727306,0.0,0.0,0.23497810587286952
1787559767.8225577,0.0,0.0,0.23497810587286952
1787559767.8745117,0.0,0.0,0.23497810587286952
1787559767.9218419,0.0,0.0,0.23497810587286952
1787559767.97233,0.0,0.0,0.23497810587286952
1787559768.022615,0.0,0.0,0.23497810587286952
1787559768.0739887,0.0,0.0,0.23497810587286952
1787559768.1223114,0.0,0.0,0.23497810587286952
1787559768.1726513,0.0,0.0,0.23497810587286952
1787559768.225707,0.0,0.0,0.23497810587286952
1787559768.2724767,0.0,0.0,0.23497810587286952
1787559768.322366,0.0,0.0,0.23497810587286952
1787559768.3729265,0.0,0.0,0.23497810587286952
1787559768.4226701,0.0,0.0,0.23497810587286952
1787559768.4728787,0.0,0.0,0.23497810587286952
1787559768.522867,0.0,0.0,0.23497810587286952
1787559768.5726538,0.0,0.0,0.23497810587286952
1787559768.62257,0.0,0.0,0.23497810587286952
1787559768.6728935,0.0,0.0,0.23497810587286952
1787559768.7227657,0.0,0.0,0.23497810587286952
1787559768.7723784,0.0,0.0,0.23497810587286952
1787559768.8235428,0.0,0.0,0.23497810587286952
1787559768.8720183,0.0,0.0,0.23497810587286952
1787559768.9226038,0.0,0.0,0.23497810587286952
1787559768.9725497,0.0,0.0,0.23497810587286952
1787559769.026272,0.0,0.0,0.23497810587286952
1787559769.07265,0.0,0.0,0.23497810587286952
1787559769.122433,0.0,0.0,0.23497810587286952
1787559769.1719902,0.0,0.0,0.23497810587286952
1787559769.222516,0.0,0.0,0.23497810587286952
1787559769.2722943,0.0,0.0,0.23497810587286952
1787559769.3239005,0.0,0.0,0.23497810587286952
1787559769.3725262,0.0,0.0,0.23497810587286952
1787559769.4224162,0.0,0.0,0.23497810587286952
1787559769.4736755,0.0,0.0,0.23497810587286952
1787559769.5229578,0.0,0.0,0.23497810587286952
1787559769.5721853,0.0,0.0,0.23497810587286952
1787559769.622185,0.0,0.0,0.23497810587286952
1787559769.672251,0.0,0.0,0.23497810587286952
1787559769.7221844,0.0,0.0,0.23497810587286952
1787559769.772483,0.0,0.0,0.23497810587286952
1787559769.8254454,0.0,0.0,0.23497810587286952
1787559769.8730729,0.0,0.0,0.23497810587286952
1787559769.9226868,0.0,0.0,0.23497810587286952
1787559769.9726775,0.0,0.0,0.23497810587286952
1787559770.0236108,0.0,0.0,0.23497810587286952
1787559770.0719333,0.0,0.0,0.23497810587286952
1787559770.1233907,0.0,0.0,0.23497810587286952
1787559770.1722085,0.0,0.0,0.23497810587286952
1787559770.222286,0.0,0.0,0.23497810587286952
1787559770.2721434,0.0,0.0,0.23497810587286952
1787559770.322464,0.0,0.0,0.23497810587286952
1787559770.3729532,0.0,0.0,0.23497810587286952
1787559770.422203,0.0,0.0,0.23497810587286952
1787559770.4727218,0.0,0.0,0.23497810587286952
1787559770.5225766,0.0,0.0,0.23497810587286952
1787559770.5726411,0.0,0.0,0.23497810587286952
1787559770.6248162,0.0,0.0,0.23497810587286952
1787559770.673475,0.0,0.0,0.23497810587286952
1787559770.7228687,0.0,0.0,0.23497810587286952
1787559770.7726283,0.0,0.0,0.23497810587286952
1787559770.8224626,0.0,0.0,0.23497810587286952
1787559770.872351,0.0,0.0,0.23497810587286952
1787559770.9228137,0.0,0.0,0.23497810587286952
1787559770.9725733,0.0,0.0,0.23497810587286952
1787559771.0226505,0.0,0.0,0.23497810587286952
1787559771.0745883,0.0,0.0,0.23497810587286952
1787559771.122756,0.0,0.0,0.23497810587286952
1787559771.1732965,0.0,0.0,0.23497810587286952
1787559771.2222664,0.0,0.0,0.23497810587286952
1787559771.2723045,0.0,0.0,0.23497810587286952
1787559771.322186,0.0,0.0,0.23497810587286952
1787559771.3718805,0.0,0.0,0.23497810587286952
1787559771.4253774,0.0,0.0,0.23497810587286952
1787559771.472281,0.0,0.0,0.23497810587286952
1787559771.5222652,0.0,0.0,0.23497810587286952
1787559771.5728962,0.0,0.0,0.23497810587286952
1787559771.6241467,0.0,0.0,0.23497810587286952
1787559771.6727116,0.0,0.0,0.23497810587286952
1787559771.7228012,0.0,0.0,0.23497810587286952
1787559771.772668,0.0,0.0,0.23497810587286952
1787559771.8225484,0.0,0.0,0.23497810587286952
1787559771.8732324,0.0,0.0,0.23497810587286952
1787559771.9221084,0.0,0.0,0.23497810587286952
1787559771.9729662,0.0,0.0,0.23497810587286952
1787559772.022325,0.0,0.0,0.23497810587286952
1787559772.0724995,0.0,0.0,0.23497810587286952
1787559772.122043,0.0,0.0,0.23497810587286952
1787559772.1725867,0.0,0.0,0.23497810587286952
1787559772.2239616,0.0,0.0,0.23497810587286952
1787559772.2721806,0.0,0.0,0.23497810587286952
1787559772.3225539,0.0,0.0,0.23497810587286952
1787559772.3727872,0.0,0.0,0.23497810587286952
1787559772.4242296,0.0,0.0,0.23497810587286952
1787559772.473815,0.0,0.0,0.23497810587286952
1787559772.5223112,0.0,0.0,0.23497810587286952
1787559772.572362,0.0,0.0,0.23497810587286952
1787559772.6219664,0.0,0.0,0.23497810587286952
1787559772.6722667,0.0,0.0,0.23497810587286952
1787559772.7225976,0.0,0.0,0.23497810587286952
1787559772.7722108,0.0,0.0,0.23497810587286952
1787559772.8231702,0.0,0.0,0.23497810587286952
1787559772.872302,0.0,0.0,0.23497810587286952
1787559772.9228203,0.0,0.0,0.23497810587286952
1787559772.9744236,0.0,0.0,0.23497810587286952
1787559773.0260532,0.0,0.0,0.23497810587286952
1787559773.0728233,0.0,0.0,0.23497810587286952
1787559773.1219628,0.0,0.0,0.23497810587286952
1787559773.1725953,0.0,0.0,0.23497810587286952
1787559773.2247715,0.0,0.0,0.23497810587286952
1787559773.2720666,0.0,0.0,0.23497810587286952
1787559773.322632,0.0,0.0,0.23497810587286952
1787559773.3734863,0.0,0.0,0.23497810587286952
1787559773.4226522,0.0,0.0,0.23497810587286952
1787559773.474148,0.0,0.0,0.23497810587286952
1787559773.522121,0.0,0.0,0.23497810587286952
1787559773.5735118,0.0,0.0,0.23497810587286952
1787559773.6220226,0.0,0.0,0.23497810587286952
1787559773.6724615,0.0,0.0,0.23497810587286952
1787559773.7218573,0.0,0.0,0.23497810587286952
1787559773.7728574,0.0,0.0,0.23497810587286952
1787559773.822691,0.0,0.0,0.23497810587286952
1787559773.872273,0.0,0.0,0.23497810587286952
1787559773.9226289,0.0,0.0,0.23497810587286952
1787559773.9729607,0.0,0.0,0.23497810587286952
1787559774.022666,0.0,0.0,0.23497810587286952
1787559774.0725684,0.0,0.0,0.23497810587286952
1787559774.1235628,0.0,0.0,0.23497810587286952
1787559774.1724231,0.0,0.0,0.23497810587286952
1787559774.2221818,0.0,0.0,0.23497810587286952
1787559774.272276,0.0,0.0,0.23497810587286952
1787559774.3219876,0.0,0.0,0.23497810587286952
1787559774.3725467,0.0,0.0,0.23497810587286952
1787559774.421968,0.0,0.0,0.23497810587286952
1787559774.4743102,0.0,0.0,0.23497810587286952
1787559774.5248663,0.0,0.0,0.23497810587286952
1787559774.572893,0.0,0.0,0.23497810587286952
1787559774.624283,0.0,0.0,0.23497810587286952
1787559774.672568,0.0,0.0,0.23497810587286952
1787559774.7227154,0.0,0.0,0.23497810587286952
1787559774.7725058,0.0,0.0,0.23497810587286952
1787559774.822352,0.0,0.0,0.23497810587286952
1787559774.8723185,0.0,0.0,0.23497810587286952
1787559774.9237516,0.0,0.0,0.23497810587286952
1787559774.9724553,0.0,0.0,0.23497810587286952
1787559775.0223,0.0,0.0,0.23497810587286952
1787559775.0732057,0.0,0.0,0.23497810587286952
1787559775.122004,0.0,0.0,0.23497810587286952
1787559775.1721487,0.0,0.0,0.23497810587286952
1787559775.2228706,0.0,0.0,0.23497810587286952
1787559775.2722445,0.0,0.0,0.23497810587286952
1787559775.323192,0.0,0.0,0.23497810587286952
1787559775.372133,0.0,0.0,0.23497810587286952
1787559775.4250958,0.0,0.0,0.23497810587286952
1787559775.4722443,0.0,0.0,0.23497810587286952
1787559775.523089,0.0,0.0,0.23497810587286952
1787559775.573237,0.0,0.0,0.23497810587286952
1787559775.6223085,0.0,0.0,0.23497810587286952
1787559775.672507,0.0,0.0,0.23497810587286952
1787559775.7232187,0.0,0.0,0.23497810587286952
1787559775.7735603,0.0,0.0,0.23497810587286952
1787559775.822297,0.0,0.0,0.23497810587286952
1787559775.8756046,0.0,0.0,0.23497810587286952
1787559775.9222581,0.0,0.0,0.23497810587286952
1787559775.9728632,0.0,0.0,0.23497810587286952
1787559776.022375,0.0,0.0,0.23497810587286952
1787559776.0719335,0.0,0.0,0.23497810587286952
1787559776.1225584,0.0,0.0,0.23497810587286952
1787559776.1742427,0.0,0.0,0.23497810587286952
1787559776.2261114,0.0,0.0,0.23497810587286952
1787559776.2733252,0.0,0.0,0.23497810587286952
1787559776.3227375,0.0,0.0,0.23497810587286952
1787559776.3722503,0.0,0.0,0.23497810587286952
1787559776.4225123,0.0,0.0,0.23497810587286952
1787559776.4726045,0.0,0.0,0.23497810587286952
1787559776.522068,0.0,0.0,0.23497810587286952
1787559776.5767605,0.0,0.0,0.23497810587286952
1787559776.6231644,0.0,0.0,0.23497810587286952
1787559776.6733458,0.0,0.0,0.23497810587286952
1787559776.722685,0.0,0.0,0.23497810587286952
1787559776.7739909,0.0,0.0,0.23497810587286952
1787559776.823805,0.0,0.0,0.23497810587286952
1787559776.873367,0.0,0.0,0.23497810587286952
1787559776.922358,0.0,0.0,0.23497810587286952
1787559776.972481,0.0,0.0,0.23497810587286952
1787559777.0239012,0.0,0.0,0.23497810587286952
1787559777.0720086,0.0,0.0,0.23497810587286952
1787559777.12331,0.0,0.0,0.23497810587286952
1787559777.172483,0.0,0.0,0.23497810587286952
1787559777.225735,0.0,0.0,0.23497810587286952
1787559777.2723644,0.0,0.0,0.23497810587286952
1787559777.3252144,0.0,0.0,0.23497810587286952
1787559777.3722672,0.0,0.0,0.23497810587286952
1787559777.421978,0.0,0.0,0.23497810587286952
1787559777.4737027,0.0,0.0,0.23497810587286952
1787559777.5221984,0.0,0.0,0.23497810587286952
1787559777.5728643,0.0,0.0,0.23497810587286952
1787559777.6220665,0.0,0.0,0.23497810587286952
1787559777.6724074,0.0,0.0,0.23497810587286952
1787559777.7222154,0.0,0.0,0.23497810587286952
1787559777.772375,0.0,0.0,0.23497810587286952
1787559777.822672,0.0,0.0,0.23497810587286952
1787559777.872412,0.0,0.0,0.23497810587286952
1787559777.9225974,0.0,0.0,0.23497810587286952
1787559777.9728363,0.0,0.0,0.23497810587286952
1787559778.0228548,0.0,0.0,0.23497810587286952
1787559778.0730195,0.0,0.0,0.23497810587286952
1787559778.1229846,0.0,0.0,0.23497810587286952
1787559778.174586,0.0,0.0,0.23497810587286952
1787559778.2227564,0.0,0.0,0.23497810587286952
1787559778.2749388,0.0,0.0,0.23497810587286952
1787559778.3220417,0.0,0.0,0.23497810587286952
1787559778.3738453,0.0,0.0,0.23497810587286952
1787559778.4219453,0.0,0.0,0.23497810587286952
1787559778.4725313,0.0,0.0,0.23497810587286952
1787559778.5246456,0.0,0.0,0.23497810587286952
1787559778.5723577,0.0,0.0,0.23497810587286952
1787559778.6246178,0.0,0.0,0.23497810587286952
1787559778.6726615,0.0,0.0,0.23497810587286952
1787559778.7237833,0.0,0.0,0.23497810587286952
1787559778.7725089,0.0,0.0,0.23497810587286952
1787559778.8234205,0.0,0.0,0.23497810587286952
1787559778.8746867,0.0,0.0,0.23497810587286952
1787559778.923067,0.0,0.0,0.23497810587286952
1787559778.976488,0.0,0.0,0.23497810587286952
1787559779.0222285,0.0,0.0,0.23497810587286952
1787559779.0738533,0.0,0.0,0.23497810587286952
1787559779.1220365,0.0,0.0,0.23497810587286952
1787559779.172294,0.0,0.0,0.23497810587286952
1787559779.2218645,0.0,0.0,0.23497810587286952
1787559779.272614,0.0,0.0,0.23497810587286952
1787559779.3220305,0.0,0.0,0.23497810587286952
1787559779.3731127,0.0,0.0,0.23497810587286952
1787559779.4259377,0.0,0.0,0.23497810587286952
1787559779.4726999,0.0,0.0,0.23497810587286952
1787559779.522926,0.0,0.0,0.23497810587286952
1787559779.5733116,0.0,0.0,0.23497810587286952
1787559779.6236613,0.0,0.0,0.23497810587286952
1787559779.6732461,0.0,0.0,0.23497810587286952
1787559779.7232873,0.0,0.0,0.23497810587286952
1787559779.7722204,0.0,0.0,0.23497810587286952
1787559779.8223999,0.0,0.0,0.23497810587286952
1787559779.8765948,0.0,0.0,0.23497810587286952
1787559779.9231563,0.0,0.0,0.23497810587286952
1787559779.973155,0.0,0.0,0.23497810587286952
1787559780.0221958,0.0,0.0,0.23497810587286952
1787559780.0727918,0.0,0.0,0.23497810587286952
1787559780.1227453,0.0,0.0,0.23497810587286952
1787559780.173638,0.0,0.0,0.23497810587286952
1787559780.2219985,0.0,0.0,0.23497810587286952
1787559780.2722476,0.0,0.0,0.23497810587286952
1787559780.322999,0.0,0.0,0.23497810587286952
1787559780.3728647,0.0,0.0,0.23497810587286952
1787559780.42475,0.0,0.0,0.23497810587286952
1787559780.4725106,0.0,0.0,0.23497810587286952
1787559780.5235715,0.0,0.0,0.23497810587286952
1787559780.572555,0.0,0.0,0.23497810587286952
1787559780.622425,0.0,0.0,0.23497810587286952
1787559780.6725445,0.0,0.0,0.23497810587286952
1787559780.7227838,0.0,0.0,0.23497810587286952
1787559780.7720265,0.0,0.0,0.23497810587286952
1787559780.8229182,0.0,0.0,0.23497810587286952
1787559780.8725252,0.0,0.0,0.23497810587286952
1787559780.9228768,0.0,0.0,0.23497810587286952
1787559780.9731016,0.0,0.0,0.23497810587286952
1787559781.0227242,0.0,0.0,0.23497810587286952
1787559781.0727608,0.0,0.0,0.23497810587286952
1787559781.123915,0.0,0.0,0.23497810587286952
1787559781.172788,0.0,0.0,0.23497810587286952
1787559781.2221332,0.0,0.0,0.23497810587286952
1787559781.2724485,0.0,0.0,0.23497810587286952
1787559781.3241456,0.0,0.0,0.23497810587286952
1787559781.3747132,0.0,0.0,0.23497810587286952
1787559781.4226322,0.0,0.0,0.23497810587286952
1787559781.4756343,0.0,0.0,0.23497810587286952
1787559781.5221472,0.0,0.0,0.23497810587286952
1787559781.5718985,0.0,0.0,0.23497810587286952
1787559781.622586,0.0,0.0,0.23497810587286952
1787559781.67238,0.0,0.0,0.23497810587286952
1787559781.7232075,0.0,0.0,0.23497810587286952
1787559781.773299,0.0,0.0,0.23497810587286952
1787559781.8228421,0.0,0.0,0.23497810587286952
1787559781.8723588,0.0,0.0,0.23497810587286952
1787559781.92617,0.0,0.0,0.23497810587286952
1787559781.9724734,0.0,0.0,0.23497810587286952
1787559782.0223792,0.0,0.0,0.23497810587286952
1787559782.0727837,0.0,0.0,0.23497810587286952
1787559782.1227338,0.0,0.0,0.23497810587286952
1787559782.1725729,0.0,0.0,0.23497810587286952
1787559782.222621,0.0,0.0,0.23497810587286952
1787559782.2732418,0.0,0.0,0.23497810587286952
1787559782.3241613,0.0,0.0,0.23497810587286952
1787559782.3721104,0.0,0.0,0.23497810587286952
1787559782.4229538,0.0,0.0,0.23497810587286952
1787559782.4720945,0.0,0.0,0.23497810587286952
1787559782.5234883,0.0,0.0,0.23497810587286952
1787559782.5724268,0.0,0.0,0.23497810587286952
1787559782.625149,0.0,0.0,0.23497810587286952
1787559782.6722753,0.0,0.0,0.23497810587286952
1787559782.7243814,0.0,0.0,0.23497810587286952
1787559782.7722232,0.0,0.0,0.23497810587286952
1787559782.8229346,0.0,0.0,0.23497810587286952
1787559782.87268,0.0,0.0,0.23497810587286952
1787559782.922573,0.0,0.0,0.23497810587286952
1787559782.9733965,0.0,0.0,0.23497810587286952
1787559783.0224757,0.0,0.0,0.23497810587286952
1787559783.0726175,0.0,0.0,0.23497810587286952
1787559783.1227026,0.0,0.0,0.23497810587286952
1787559783.1717818,0.0,0.0,0.23497810587286952
1787559783.2222044,0.0,0.0,0.23497810587286952
1787559783.2722852,0.0,0.0,0.23497810587286952
1787559783.3224125,0.0,0.0,0.23497810587286952
1787559783.3728576,0.0,0.0,0.23497810587286952
1787559783.4223907,0.0,0.0,0.23497810587286952
1787559783.472109,0.0,0.0,0.23497810587286952
1787559783.5227358,0.0,0.0,0.23497810587286952
1787559783.5724738,0.0,0.0,0.23497810587286952
1787559783.6239288,0.0,0.0,0.23497810587286952
1787559783.672017,0.0,0.0,0.23497810587286952
1787559783.7242913,0.0,0.0,0.23497810587286952
1787559783.7718866,0.0,0.0,0.23497810587286952
1787559783.8225584,0.0,0.0,0.23497810587286952
1787559783.8742633,0.0,0.0,0.23497810587286952
1787559783.9222777,0.0,0.0,0.23497810587286952
1787559783.9727807,0.0,0.0,0.23497810587286952
1787559784.0223186,0.0,0.0,0.23497810587286952
1787559784.0725553,0.0,0.0,0.23497810587286952
1787559784.1224246,0.0,0.0,0.23497810587286952
1787559784.172572,0.0,0.0,0.23497810587286952
1787559784.2237692,0.0,0.0,0.23497810587286952
1787559784.2728486,0.0,0.0,0.23497810587286952
1787559784.3235023,0.0,0.0,0.23497810587286952
1787559784.3724697,0.0,0.0,0.23497810587286952
1787559784.423598,0.0,0.0,0.23497810587286952
1787559784.4726553,0.0,0.0,0.23497810587286952
1787559784.5243304,0.0,0.0,0.23497810587286952
1787559784.5725534,0.0,0.0,0.23497810587286952
1787559784.6226501,0.0,0.0,0.23497810587286952
1787559784.6730418,0.0,0.0,0.23497810587286952
1787559784.7230043,0.0,0.0,0.23497810587286952
1787559784.7722173,0.0,0.0,0.23497810587286952
1787559784.8223314,0.0,0.0,0.23497810587286952
1787559784.8733418,0.0,0.0,0.23497810587286952
1787559784.9228065,0.0,0.0,0.23497810587286952
1787559784.9721968,0.0,0.0,0.23497810587286952
1787559785.022543,0.0,0.0,0.23497810587286952
1787559785.0725276,0.0,0.0,0.23497810587286952
1787559785.1225252,0.0,0.0,0.23497810587286952
1787559785.173009,0.0,0.0,0.23497810587286952
1787559785.2233205,0.0,0.0,0.23497810587286952
1787559785.2729237,0.0,0.0,0.23497810587286952
1787559785.324673,0.0,0.0,0.23497810587286952
1787559785.3724377,0.0,0.0,0.23497810587286952
1787559785.422888,0.0,0.0,0.23497810587286952
1787559785.472855,0.0,0.0,0.23497810587286952
1787559785.522272,0.0,0.0,0.23497810587286952
1787559785.5721948,0.0,0.0,0.23497810587286952
1787559785.6237612,0.0,0.0,0.23497810587286952
1787559785.671926,0.0,0.0,0.23497810587286952
1787559785.723015,0.0,0.0,0.23497810587286952
1787559785.7737625,0.0,0.0,0.23497810587286952
1787559785.828182,0.0,0.0,0.23497810587286952
1787559785.8721464,0.0,0.0,0.23497810587286952
1787559785.922745,0.0,0.0,0.23497810587286952
1787559785.9724112,0.0,0.0,0.23497810587286952
1787559786.0232668,0.0,0.0,0.23497810587286952
1787559786.0721207,0.0,0.0,0.23497810587286952
1787559786.122757,0.0,0.0,0.23497810587286952
1787559786.1723282,0.0,0.0,0.23497810587286952
1787559786.221975,0.0,0.0,0.23497810587286952
1787559786.27301,0.0,0.0,0.23497810587286952
1787559786.3219006,0.0,0.0,0.23497810587286952
1787559786.3726482,0.0,0.0,0.23497810587286952
1787559786.4224784,0.0,0.0,0.23497810587286952
1787559786.472367,0.0,0.0,0.23497810587286952
1787559786.5230134,0.0,0.0,0.23497810587286952
1787559786.5724819,0.0,0.0,0.23497810587286952
1787559786.626461,0.0,0.0,0.23497810587286952
1787559786.6724617,0.0,0.0,0.23497810587286952
1787559786.7225232,0.0,0.0,0.23497810587286952
1787559786.773067,0.0,0.0,0.23497810587286952
1787559786.8225765,0.0,0.0,0.23497810587286952
1787559786.873577,0.0,0.0,0.23497810587286952
1787559786.9234097,0.0,0.0,0.23497810587286952
1787559786.9725494,0.0,0.0,0.23497810587286952
1787559787.023361,0.0,0.0,0.23497810587286952
1787559787.0769198,0.0,0.0,0.23497810587286952
1787559787.12461,0.0,0.0,0.23497810587286952
1787559787.1730516,0.0,0.0,0.23497810587286952
1787559787.2226229,0.0,0.0,0.23497810587286952
1787559787.2727337,0.0,0.0,0.23497810587286952
1787559787.323204,0.0,0.0,0.23497810587286952
1787559787.3726552,0.0,0.0,0.23497810587286952
1787559787.4224436,0.0,0.0,0.23497810587286952
1787559787.4727738,0.0,0.0,0.23497810587286952
1787559787.5237503,0.0,0.0,0.23497810587286952
1787559787.5727928,0.0,0.0,0.23497810587286952
1787559787.6244593,0.0,0.0,0.23497810587286952
1787559787.672516,0.0,0.0,0.23497810587286952
1787559787.7235525,0.0,0.0,0.23497810587286952
1787559787.7757616,0.0,0.0,0.23497810587286952
1787559787.8232937,0.0,0.0,0.23497810587286952
1787559787.8730588,0.0,0.0,0.23497810587286952
1787559787.9224322,0.0,0.0,0.23497810587286952
1787559787.9729593,0.0,0.0,0.23497810587286952
                                                                                                                                                                                                                                                                                                                                                                                                                                                                                                                                                                                                                                                                       