time,x_odom,y_odom,yaw_odom,x_icp,y_icp,yaw_icp
1786957800.1995127,-3.633043583515876e-10,7.454040848295524e-09,0.05721032619476319,-0.03265857696533203,-0.004502773284912109,-0.0074241905714657365
1786957800.2282622,-3.633043583515876e-10,7.454040848295524e-09,0.05736267566680909,-0.03265857696533203,-0.004502773284912109,-0.0074241905714657365
1786957800.2780173,-3.633043583515876e-10,7.454040848295524e-09,0.0574411153793335,-0.03265857696533203,-0.004502773284912109,-0.0074241905714657365
1786957800.3396852,-3.633043583515876e-10,7.454040848295524e-09,0.05744433403015137,-0.03265857696533203,-0.004502773284912109,-0.0074241905714657365
1786957800.3804874,-3.633043583515876e-10,7.454040848295524e-09,0.05737698078155519,-0.03265857696533203,-0.004502773284912109,-0.0074241905714657365
1786957800.4717307,-3.633043583515876e-10,7.454040848295524e-09,0.057368159294128425,-0.03265857696533203,-0.004502773284912109,-0.0074241905714657365
1786957800.4945517,-3.633043583515876e-10,7.454040848295524e-09,0.05740356445312499,-0.03265857696533203,-0.004502773284912109,-0.0074241905714657365
1786957800.5321333,-3.633043583515876e-10,7.454040848295524e-09,0.05754578113555908,-0.03265857696533203,-0.004502773284912109,-0.0074241905714657365
1786957800.5900795,-3.633043583515876e-10,7.454040848295524e-09,0.05768358707427978,-0.03265857696533203,-0.004502773284912109,-0.0074241905714657365
1786957800.6281052,-3.633043583515876e-10,7.454040848295524e-09,0.057681083679199205,-0.03265857696533203,-0.004502773284912109,-0.0074241905714657365
1786957800.6778903,-3.633043583515876e-10,7.454040848295524e-09,0.057645559310913086,-0.03265857696533203,-0.004502773284912109,-0.0074241905714657365
1786957800.7280064,-3.633043583515876e-10,7.454040848295524e-09,0.05764937400817872,-0.03265857696533203,-0.004502773284912109,-0.0074241905714657365
1786957800.7786355,-3.633043583515876e-10,7.454040848295524e-09,0.05767691135406495,-0.03265857696533203,-0.004502773284912109,-0.0074241905714657365
1786957800.832316,-3.633043583515876e-10,7.454040848295524e-09,0.05792009830474854,-0.03265857696533203,-0.004502773284912109,-0.0074241905714657365
1786957800.877978,-3.633043583515876e-10,7.454040848295524e-09,0.05795121192932129,-0.03265857696533203,-0.004502773284912109,-0.0074241905714657365
1786957800.9310942,-3.633043583515876e-10,7.454040848295524e-09,0.057987570762634284,-0.03265857696533203,-0.004502773284912109,-0.0074241905714657365
1786957800.977948,2.5267777503743527e-05,1.4743910744557135e-06,0.057991862297058105,-0.03265857696533203,-0.004502773284912109,-0.0074241905714657365
1786957801.0281358,-3.497506595626055e-10,7.220595634568042e-09,0.05800604820251465,-0.03265857696533203,-0.004502773284912109,-0.0074241905714657365
1786957801.083503,-3.497506595626055e-10,7.220595634568042e-09,0.05799019336700439,-0.03265857696533203,-0.004502773284912109,-0.0074241905714657365
1786957801.1282794,-3.497506595626055e-10,7.220595634568042e-09,0.05796217918395996,-0.03265857696533203,-0.004502773284912109,-0.0074241905714657365
1786957801.1869879,-3.497506595626055e-10,7.220595634568042e-09,0.05804300308227539,-0.03265857696533203,-0.004502773284912109,-0.0074241905714657365
1786957801.2358704,-3.497506595626055e-10,7.220595634568042e-09,0.05800199508666993,-0.03265857696533203,-0.004502773284912109,-0.0074241905714657365
1786957801.2778065,-3.497506595626055e-10,7.220595634568042e-09,0.05802428722381591,-0.03265857696533203,-0.004502773284912109,-0.0074241905714657365
1786957801.3285174,-3.497506595626055e-10,7.220595634568042e-09,0.0579599142074585,-0.03265857696533203,-0.004502773284912109,-0.0074241905714657365
1786957801.3980732,-3.497506595626055e-10,7.220595634568042e-09,0.057985186576843276,-0.03265857696533203,-0.004502773284912109,-0.0074241905714657365
1786957801.4279993,-3.497506595626055e-10,7.220595634568042e-09,0.057976961135864265,-0.03265857696533203,-0.004502773284912109,-0.0074241905714657365
1786957801.4777324,-3.497506595626055e-10,7.220595634568042e-09,0.058045506477355964,-0.03265857696533203,-0.004502773284912109,-0.0074241905714657365
1786957801.5341218,-3.497506595626055e-10,7.220595634568042e-09,0.05801868438720703,-0.03265857696533203,-0.004502773284912109,-0.0074241905714657365
1786957801.5779893,-3.497506595626055e-10,7.220595634568042e-09,0.058034658432006836,-0.03265857696533203,-0.004502773284912109,-0.0074241905714657365
1786957801.6334076,-3.497506595626055e-10,7.220595634568042e-09,0.057972431182861335,-0.03265857696533203,-0.004502773284912109,-0.0074241905714657365
1786957801.6800213,-3.497506595626055e-10,7.220595634568042e-09,0.05796051025390625,-0.03265857696533203,-0.004502773284912109,-0.0074241905714657365
1786957801.7276366,-3.497506595626055e-10,7.220595634568042e-09,0.0579524040222168,-0.03265857696533203,-0.004502773284912109,-0.0074241905714657365
1786957801.7780166,-3.497506595626055e-10,7.220595634568042e-09,0.0580294132232666,-0.03265857696533203,-0.004502773284912109,-0.0074241905714657365
1786957801.831556,-3.497506595626055e-10,7.220595634568042e-09,0.05799853801727295,-0.03265857696533203,-0.004502773284912109,-0.0074241905714657365
1786957801.8864524,-3.497506595626055e-10,7.220595634568042e-09,0.05796456336975098,-0.03265857696533203,-0.004502773284912109,-0.0074241905714657365
1786957801.9307067,-3.497506595626055e-10,7.220595634568042e-09,0.057852983474731445,-0.03265857696533203,-0.004502773284912109,-0.0074241905714657365
1786957802.0008042,-3.497506595626055e-10,7.220595634568042e-09,0.05782866477966309,-0.03265857696533203,-0.004502773284912109,-0.0074241905714657365
1786957802.0280213,-3.497506595626055e-10,7.220595634568042e-09,0.05789005756378174,-0.03265857696533203,-0.004502773284912109,-0.0074241905714657365
1786957802.0781558,-3.497506595626055e-10,7.220595634568042e-09,0.05791032314300538,-0.03265857696533203,-0.004502773284912109,-0.0074241905714657365
1786957802.13726,-3.497506595626055e-10,7.220595634568042e-09,0.05790412425994873,-0.03265857696533203,-0.004502773284912109,-0.0074241905714657365
1786957802.1795843,-3.497506595626055e-10,7.220595634568042e-09,0.05790913105010987,-0.03265857696533203,-0.004502773284912109,-0.0074241905714657365
1786957802.2346892,-3.497506595626055e-10,7.220595634568042e-09,0.057851314544677734,-0.03265857696533203,-0.004502773284912109,-0.0074241905714657365
1786957802.2780178,-3.497506595626055e-10,7.220595634568042e-09,0.05786752700805665,-0.03265857696533203,-0.004502773284912109,-0.0074241905714657365
1786957802.3303602,-3.497506595626055e-10,7.220595634568042e-09,0.05787253379821777,-0.03265857696533203,-0.004502773284912109,-0.0074241905714657365
1786957802.385415,-3.497506595626055e-10,7.220595634568042e-09,0.05790364742279054,-0.03265857696533203,-0.004502773284912109,-0.0074241905714657365
1786957802.428593,-3.497506595626055e-10,7.220595634568042e-09,0.057890295982360854,-0.03265857696533203,-0.004502773284912109,-0.0074241905714657365
1786957802.489162,-3.497506595626055e-10,7.220595634568042e-09,0.057898998260498054,-0.03265857696533203,-0.004502773284912109,-0.0074241905714657365
1786957802.5291305,-3.497506595626055e-10,7.220595634568042e-09,0.0577605962753296,-0.03265857696533203,-0.004502773284912109,-0.0074241905714657365
1786957802.5777342,-3.497506595626055e-10,7.220595634568042e-09,0.05777668952941895,-0.03265857696533203,-0.004502773284912109,-0.0074241905714657365
1786957802.6282332,-3.497506595626055e-10,7.220595634568042e-09,0.057810306549072286,-0.03265857696533203,-0.004502773284912109,-0.0074241905714657365
1786957802.6778655,-3.497506595626055e-10,7.220595634568042e-09,0.05782866477966309,-0.03265857696533203,-0.004502773284912109,-0.0074241905714657365
1786957802.7281039,-3.497506595626055e-10,7.220595634568042e-09,0.057835698127746596,-0.03265857696533203,-0.004502773284912109,-0.0074241905714657365
1786957802.7848415,-3.497506595626055e-10,7.220595634568042e-09,0.057854652404785156,-0.03265857696533203,-0.004502773284912109,-0.0074241905714657365
1786957802.8331575,-3.497506595626055e-10,7.220595634568042e-09,0.05760157108306885,-0.03265857696533203,-0.004502773284912109,-0.0074241905714657365
1786957802.8857393,-3.497506595626055e-10,7.220595634568042e-09,0.05758821964263916,-0.03265857696533203,-0.004502773284912109,-0.0074241905714657365
1786957802.9387512,-3.497506595626055e-10,7.220595634568042e-09,0.057717084884643555,-0.03265857696533203,-0.004502773284912109,-0.0074241905714657365
1786957802.979107,-3.497506595626055e-10,7.220595634568042e-09,0.057778000831604004,-0.03265857696533203,-0.004502773284912109,-0.0074241905714657365
1786957803.0291107,-3.497506595626055e-10,7.220595634568042e-09,0.05772662162780761,-0.03265857696533203,-0.004502773284912109,-0.0074241905714657365
1786957803.0785851,-3.497506595626055e-10,7.220595634568042e-09,0.05772864818572999,-0.03265857696533203,-0.004502773284912109,-0.0074241905714657365
1786957803.127785,-3.497506595626055e-10,7.220595634568042e-09,0.0576467514038086,-0.03265857696533203,-0.004502773284912109,-0.0074241905714657365
1786957803.1835613,-3.497506595626055e-10,7.220595634568042e-09,0.05768215656280517,-0.03265857696533203,-0.004502773284912109,-0.0074241905714657365
1786957803.2288957,-3.497506595626055e-10,7.220595634568042e-09,0.05771327018737792,-0.03265857696533203,-0.004502773284912109,-0.0074241905714657365
1786957803.2778077,-3.497506595626055e-10,7.220595634568042e-09,0.057748079299926765,-0.03265857696533203,-0.004502773284912109,-0.0074241905714657365
1786957803.3324387,-3.497506595626055e-10,7.220595634568042e-09,0.05775272846221924,-0.03265857696533203,-0.004502773284912109,-0.0074241905714657365
1786957803.3804944,-3.497506595626055e-10,7.220595634568042e-09,0.05765426158905029,-0.03265857696533203,-0.004502773284912109,-0.0074241905714657365
1786957803.4363194,-3.497506595626055e-10,7.220595634568042e-09,0.05751335620880128,-0.03265857696533203,-0.004502773284912109,-0.0074241905714657365
1786957803.4777937,-3.497506595626055e-10,7.220595634568042e-09,0.057515978813171394,-0.03265857696533203,-0.004502773284912109,-0.0074241905714657365
1786957803.5333128,-3.497506595626055e-10,7.220595634568042e-09,0.057713866233825704,-0.03265857696533203,-0.004502773284912109,-0.0074241905714657365
1786957803.578212,-3.497506595626055e-10,7.220595634568042e-09,0.057813167572021484,-0.03265857696533203,-0.004502773284912109,-0.0074241905714657365
1786957803.6280239,-3.497506595626055e-10,7.220595634568042e-09,0.05779659748077392,-0.03265857696533203,-0.004502773284912109,-0.0074241905714657365
1786957803.6818419,-3.497506595626055e-10,7.220595634568042e-09,0.057797789573669434,-0.03265857696533203,-0.004502773284912109,-0.0074241905714657365
1786957803.728002,-3.497506595626055e-10,7.220595634568042e-09,0.057795882225036614,-0.03265857696533203,-0.004502773284912109,-0.0074241905714657365
1786957803.7883909,-3.497506595626055e-10,7.220595634568042e-09,0.05777788162231445,-0.03265857696533203,-0.004502773284912109,-0.0074241905714657365
1786957803.8301504,-3.497506595626055e-10,7.220595634568042e-09,0.05794107913970947,-0.03265857696533203,-0.004502773284912109,-0.0074241905714657365
1786957803.8901384,-3.497506595626055e-10,7.220595634568042e-09,0.058022975921630866,-0.03265857696533203,-0.004502773284912109,-0.0074241905714657365
1786957803.9290416,-3.497506595626055e-10,7.220595634568042e-09,0.05803823471069337,-0.03265857696533203,-0.004502773284912109,-0.0074241905714657365
1786957803.9812462,-3.497506595626055e-10,7.220595634568042e-09,0.058035492897033684,-0.03265857696533203,-0.004502773284912109,-0.0074241905714657365
1786957804.0280106,-3.497506595626055e-10,7.220595634568042e-09,0.0580374002456665,-0.03265857696533203,-0.004502773284912109,-0.0074241905714657365
1786957804.0809364,-3.497506595626055e-10,7.220595634568042e-09,0.058072805404663086,-0.03265857696533203,-0.004502773284912109,-0.0074241905714657365
1786957804.1296666,-3.497506595626055e-10,7.220595634568042e-09,0.05818533897399902,-0.03265857696533203,-0.004502773284912109,-0.0074241905714657365
1786957804.1796334,-3.497506595626055e-10,7.220595634568042e-09,0.058182001113891615,-0.03265857696533203,-0.004502773284912109,-0.0074241905714657365
1786957804.2330883,-3.497506595626055e-10,7.220595634568042e-09,0.05809378623962402,-0.03265857696533203,-0.004502773284912109,-0.0074241905714657365
1786957804.290202,-3.497506595626055e-10,7.220595634568042e-09,0.05811131000518798,-0.03265857696533203,-0.004502773284912109,-0.0074241905714657365
1786957804.3280272,-3.497506595626055e-10,7.220595634568042e-09,0.05802929401397705,-0.03265857696533203,-0.004502773284912109,-0.0074241905714657365
1786957804.3786776,-3.497506595626055e-10,7.220595634568042e-09,0.05798745155334472,-0.03265857696533203,-0.004502773284912109,-0.0074241905714657365
1786957804.4279475,-3.497506595626055e-10,7.220595634568042e-09,0.05796921253204346,-0.03265857696533203,-0.004502773284912109,-0.0074241905714657365
1786957804.4780743,-3.497506595626055e-10,7.220595634568042e-09,0.05798077583312988,-0.03265857696533203,-0.004502773284912109,-0.0074241905714657365
1786957804.53866,-3.497506595626055e-10,7.220595634568042e-09,0.0579441785812378,-0.03265857696533203,-0.004502773284912109,-0.0074241905714657365
1786957804.5790362,-3.497506595626055e-10,7.220595634568042e-09,0.057897686958313,-0.03265857696533203,-0.004502773284912109,-0.0074241905714657365
1786957804.6285462,-3.497506595626055e-10,7.220595634568042e-09,0.05789840221405031,-0.03265857696533203,-0.004502773284912109,-0.0074241905714657365
1786957804.67818,-3.497506595626055e-10,7.220595634568042e-09,0.057933449745178243,-0.03265857696533203,-0.004502773284912109,-0.0074241905714657365
1786957804.728477,-3.497506595626055e-10,7.220595634568042e-09,0.05790162086486817,-0.03265857696533203,-0.004502773284912109,-0.0074241905714657365
1786957804.777707,-3.497506595626055e-10,7.220595634568042e-09,0.057983994483947754,-0.03265857696533203,-0.004502773284912109,-0.0074241905714657365
1786957804.8334663,-3.497506595626055e-10,7.220595634568042e-09,0.05799937248229982,-0.03265857696533203,-0.004502773284912109,-0.0074241905714657365
1786957804.878664,-3.497506595626055e-10,7.220595634568042e-09,0.057915806770324714,-0.03265857696533203,-0.004502773284912109,-0.0074241905714657365
1786957804.9394963,-3.497506595626055e-10,7.220595634568042e-09,0.0578906536102295,-0.03265857696533203,-0.004502773284912109,-0.0074241905714657365
1786957804.9790487,-3.497506595626055e-10,7.220595634568042e-09,0.05789399147033692,-0.03265857696533203,-0.004502773284912109,-0.0074241905714657365
1786957805.0298104,-3.497506595626055e-10,7.220595634568042e-09,0.05803561210632325,-0.03265857696533203,-0.004502773284912109,-0.0074241905714657365
1786957805.0813322,-3.497506595626055e-10,7.220595634568042e-09,0.05802655220031738,-0.03265857696533203,-0.004502773284912109,-0.0074241905714657365
1786957805.1279633,-3.497506595626055e-10,7.220595634568042e-09,0.05803775787353516,-0.03265857696533203,-0.004502773284912109,-0.0074241905714657365
1786957805.1840274,-3.497506595626055e-10,7.220595634568042e-09,0.05799758434295654,-0.03265857696533203,-0.004502773284912109,-0.0074241905714657365
1786957805.2281904,-3.497506595626055e-10,7.220595634568042e-09,0.0579969882965088,-0.03265857696533203,-0.004502773284912109,-0.0074241905714657365
1786957805.2778056,-3.497506595626055e-10,7.220595634568042e-09,0.05800735950469971,-0.03265857696533203,-0.004502773284912109,-0.0074241905714657365
1786957805.330331,-3.497506595626055e-10,7.220595634568042e-09,0.058063268661499016,-0.03265857696533203,-0.004502773284912109,-0.0074241905714657365
1786957805.3850513,-3.497506595626055e-10,7.220595634568042e-09,0.058098793029785156,-0.03265857696533203,-0.004502773284912109,-0.0074241905714657365
1786957805.4356759,-3.497506595626055e-10,7.220595634568042e-09,0.05807077884674072,-0.03265857696533203,-0.004502773284912109,-0.0074241905714657365
1786957805.4780798,-3.497506595626055e-10,7.220595634568042e-09,0.058049201965332024,-0.03265857696533203,-0.004502773284912109,-0.0074241905714657365
1786957805.5281475,-3.497506595626055e-10,7.220595634568042e-09,0.05795979499816895,-0.03265857696533203,-0.004502773284912109,-0.0074241905714657365
1786957805.579142,-3.497506595626055e-10,7.220595634568042e-09,0.057913780212402344,-0.03265857696533203,-0.004502773284912109,-0.0074241905714657365
1786957805.6284337,-3.497506595626055e-10,7.220595634568042e-09,0.0579655170440674,-0.03265857696533203,-0.004502773284912109,-0.0074241905714657365
1786957805.6910617,-3.497506595626055e-10,7.220595634568042e-09,0.05798077583312988,-0.03265857696533203,-0.004502773284912109,-0.0074241905714657365
1786957805.7282834,-3.497506595626055e-10,7.220595634568042e-09,0.05802917480468751,-0.03265857696533203,-0.004502773284912109,-0.0074241905714657365
1786957805.7777236,-3.497506595626055e-10,7.220595634568042e-09,0.05800175666809081,-0.03265857696533203,-0.004502773284912109,-0.0074241905714657365
1786957805.8304164,-3.497506595626055e-10,7.220595634568042e-09,0.057924270629882826,-0.03265857696533203,-0.004502773284912109,-0.0074241905714657365
1786957805.8930876,-3.497506595626055e-10,7.220595634568042e-09,0.05791652202606201,-0.03265857696533203,-0.004502773284912109,-0.0074241905714657365
1786957805.9319959,-3.497506595626055e-10,7.220595634568042e-09,0.057989716529846184,-0.03265857696533203,-0.004502773284912109,-0.0074241905714657365
1786957805.9779751,-3.497506595626055e-10,7.220595634568042e-09,0.05805516242980957,-0.03265857696533203,-0.004502773284912109,-0.0074241905714657365
1786957806.02795,2.5267644388187917e-05,1.4766818430996823e-06,0.05812406539916993,-0.03265857696533203,-0.004502773284912109,-0.0074241905714657365
1786957806.087778,-2.515972343794049e-10,5.533778317552987e-09,0.05818867683410645,-0.03265857696533203,-0.004502773284912109,-0.0074241905714657365
1786957806.140594,-2.515972343794049e-10,5.533778317552987e-09,0.05811834335327149,-0.03265857696533203,-0.004502773284912109,-0.0074241905714657365
1786957806.1812644,-2.515972343794049e-10,5.533778317552987e-09,0.05802464485168457,-0.03265857696533203,-0.004502773284912109,-0.0074241905714657365
1786957806.2292912,-2.515972343794049e-10,5.533778317552987e-09,0.0580047369003296,-0.03265857696533203,-0.004502773284912109,-0.0074241905714657365
1786957806.2777877,-2.515972343794049e-10,5.533778317552987e-09,0.05800271034240723,-0.03265857696533203,-0.004502773284912109,-0.0074241905714657365
1786957806.3290317,-2.515972343794049e-10,5.533778317552987e-09,0.05810225009918213,-0.03265857696533203,-0.004502773284912109,-0.0074241905714657365
1786957806.3837967,-2.515972343794049e-10,5.533778317552987e-09,0.05811429023742676,-0.03265857696533203,-0.004502773284912109,-0.0074241905714657365
1786957806.4346218,-2.515972343794049e-10,5.533778317552987e-09,0.05819392204284669,-0.03265857696533203,-0.004502773284912109,-0.0074241905714657365
1786957806.48718,-2.515972343794049e-10,5.533778317552987e-09,0.05811023712158204,-0.03265857696533203,-0.004502773284912109,-0.0074241905714657365
1786957806.5315428,-2.515972343794049e-10,5.533778317552987e-09,0.058061361312866225,-0.03265857696533203,-0.004502773284912109,-0.0074241905714657365
1786957806.5920837,-2.515972343794049e-10,5.533778317552987e-09,0.058033227920532234,-0.03265857696533203,-0.004502773284912109,-0.0074241905714657365
1786957806.6348946,-2.515972343794049e-10,5.533778317552987e-09,0.05799019336700439,-0.03265857696533203,-0.004502773284912109,-0.0074241905714657365
1786957806.6788392,2.5267862363705046e-05,1.4729331839363501e-06,0.0580258369445801,-0.03265857696533203,-0.004502773284912109,-0.0074241905714657365
1786957806.7306504,-1.4210974990492382e-10,3.6496551057305457e-09,0.05813932418823242,-0.03265857696533203,-0.004502773284912109,-0.0074241905714657365
1786957806.7805989,-1.4210974990492382e-10,3.6496551057305457e-09,0.05817532539367677,-0.03265857696533203,-0.004502773284912109,-0.0074241905714657365
1786957806.8282228,-1.4210974990492382e-10,3.6496551057305457e-09,0.05816948413848877,-0.03265857696533203,-0.004502773284912109,-0.0074241905714657365
1786957806.8784041,-1.4210974990492382e-10,3.6496551057305457e-09,0.058117628097534166,-0.03265857696533203,-0.004502773284912109,-0.0074241905714657365
1786957806.929522,-1.4210974990492382e-10,3.6496551057305457e-09,0.05812156200408935,-0.03265857696533203,-0.004502773284912109,-0.0074241905714657365
1786957806.977914,-1.4210974990492382e-10,3.6496551057305457e-09,0.058091521263122566,-0.03265857696533203,-0.004502773284912109,-0.0074241905714657365
1786957807.039584,-1.4210974990492382e-10,3.6496551057305457e-09,0.05817091464996338,-0.03265857696533203,-0.004502773284912109,-0.0074241905714657365
1786957807.0783327,-1.4210974990492382e-10,3.6496551057305457e-09,0.058209896087646484,-0.03265857696533203,-0.004502773284912109,-0.0074241905714657365
1786957807.1282296,-1.4210974990492382e-10,3.6496551057305457e-09,0.05822980403900147,-0.03265857696533203,-0.004502773284912109,-0.0074241905714657365
1786957807.1797624,-1.4210974990492382e-10,3.6496551057305457e-09,0.058180689811706536,-0.03265857696533203,-0.004502773284912109,-0.0074241905714657365
1786957807.2279956,-1.4210974990492382e-10,3.6496551057305457e-09,0.05817008018493654,-0.03265857696533203,-0.004502773284912109,-0.0074241905714657365
1786957807.2791278,-1.4210974990492382e-10,3.6496551057305457e-09,0.05814313888549805,-0.03265857696533203,-0.004502773284912109,-0.0074241905714657365
1786957807.328157,-1.4210974990492382e-10,3.6496551057305457e-09,0.05827784538269044,-0.03265857696533203,-0.004502773284912109,-0.0074241905714657365
1786957807.378533,-1.4210974990492382e-10,3.6496551057305457e-09,0.05829763412475586,-0.03265857696533203,-0.004502773284912109,-0.0074241905714657365
1786957807.4416,-1.4210974990492382e-10,3.6496551057305457e-09,0.05834364891052246,-0.03265857696533203,-0.004502773284912109,-0.0074241905714657365
1786957807.4809566,-1.4210974990492382e-10,3.6496551057305457e-09,0.05833804607391358,-0.03265857696533203,-0.004502773284912109,-0.0074241905714657365
1786957807.5290847,-1.4210974990492382e-10,3.6496551057305457e-09,0.058205962181091316,-0.03265857696533203,-0.004502773284912109,-0.0074241905714657365
1786957807.579383,-1.4210974990492382e-10,3.6496551057305457e-09,0.058227539062500014,-0.03265857696533203,-0.004502773284912109,-0.0074241905714657365
1786957807.6275835,-1.4210974990492382e-10,3.6496551057305457e-09,0.05829215049743652,-0.03265857696533203,-0.004502773284912109,-0.0074241905714657365
1786957807.6800349,-1.4210974990492382e-10,3.6496551057305457e-09,0.05826139450073242,-0.03265857696533203,-0.004502773284912109,-0.0074241905714657365
1786957807.7317562,-1.4210974990492382e-10,3.6496551057305457e-09,0.05831027030944824,-0.03265857696533203,-0.004502773284912109,-0.0074241905714657365
1786957807.777656,-1.4210974990492382e-10,3.6496551057305457e-09,0.058315515518188484,-0.03265857696533203,-0.004502773284912109,-0.0074241905714657365
1786957807.8353848,-1.4210974990492382e-10,3.6496551057305457e-09,0.05820870399475099,-0.03265857696533203,-0.004502773284912109,-0.0074241905714657365
1786957807.878246,-1.4210974990492382e-10,3.6496551057305457e-09,0.058217167854309096,-0.03265857696533203,-0.004502773284912109,-0.0074241905714657365
1786957807.9377766,-1.4210974990492382e-10,3.6496551057305457e-09,0.05829882621765138,-0.03265857696533203,-0.004502773284912109,-0.0074241905714657365
1786957807.9819815,-1.4210974990492382e-10,3.6496551057305457e-09,0.05833435058593751,-0.03265857696533203,-0.004502773284912109,-0.0074241905714657365
1786957808.0285707,-1.4210974990492382e-10,3.6496551057305457e-09,0.05830764770507812,-0.03265857696533203,-0.004502773284912109,-0.0074241905714657365
1786957808.0792966,-1.4210974990492382e-10,3.6496551057305457e-09,0.05827331542968751,-0.03265857696533203,-0.004502773284912109,-0.0074241905714657365
1786957808.1287065,-1.4210974990492382e-10,3.6496551057305457e-09,0.05817461013793947,-0.03265857696533203,-0.004502773284912109,-0.0074241905714657365
1786957808.1872568,-1.4210974990492382e-10,3.6496551057305457e-09,0.058174252510070815,-0.03265857696533203,-0.004502773284912109,-0.0074241905714657365
1786957808.2278879,-1.4210974990492382e-10,3.6496551057305457e-09,0.058075308799743645,-0.03265857696533203,-0.004502773284912109,-0.0074241905714657365
1786957808.2788942,-1.4210974990492382e-10,3.6496551057305457e-09,0.058138489723205566,-0.03265857696533203,-0.004502773284912109,-0.0074241905714657365
1786957808.3307924,-1.4210974990492382e-10,3.6496551057305457e-09,0.05817520618438721,-0.03265857696533203,-0.004502773284912109,-0.0074241905714657365
1786957808.3785734,-1.4210974990492382e-10,3.6496551057305457e-09,0.05824875831604006,-0.03265857696533203,-0.004502773284912109,-0.0074241905714657365
1786957808.435338,-1.4210974990492382e-10,3.6496551057305457e-09,0.058299064636230476,-0.03265857696533203,-0.004502773284912109,-0.0074241905714657365
1786957808.478229,-1.4210974990492382e-10,3.6496551057305457e-09,0.05825769901275634,-0.03265857696533203,-0.004502773284912109,-0.0074241905714657365
1786957808.5413487,-1.4210974990492382e-10,3.6496551057305457e-09,0.05820941925048828,-0.03265857696533203,-0.004502773284912109,-0.0074241905714657365
1786957808.5782185,-1.4210974990492382e-10,3.6496551057305457e-09,0.0580822229385376,-0.03265857696533203,-0.004502773284912109,-0.0074241905714657365
1786957808.6276855,-1.4210974990492382e-10,3.6496551057305457e-09,0.05821073055267334,-0.03265857696533203,-0.004502773284912109,-0.0074241905714657365
1786957808.6805654,-1.4210974990492382e-10,3.6496551057305457e-09,0.05814373493194581,-0.03265857696533203,-0.004502773284912109,-0.0074241905714657365
1786957808.7337062,-1.4210974990492382e-10,3.6496551057305457e-09,0.05823898315429689,-0.03265857696533203,-0.004502773284912109,-0.0074241905714657365
1786957808.7822623,-1.4210974990492382e-10,3.6496551057305457e-09,0.05819022655487061,-0.03265857696533203,-0.004502773284912109,-0.0074241905714657365
1786957808.828154,-1.4210974990492382e-10,3.6496551057305457e-09,0.05807113647460937,-0.03265857696533203,-0.004502773284912109,-0.0074241905714657365
1786957808.885886,-1.4210974990492382e-10,3.6496551057305457e-09,0.0579531192779541,-0.03265857696533203,-0.004502773284912109,-0.0074241905714657365
1786957808.929486,-1.4210974990492382e-10,3.6496551057305457e-09,0.058065652847290046,-0.03265857696533203,-0.004502773284912109,-0.0074241905714657365
1786957808.9786305,-1.4210974990492382e-10,3.6496551057305457e-09,0.058057308197021484,-0.03265857696533203,-0.004502773284912109,-0.0074241905714657365
1786957809.034063,-1.4210974990492382e-10,3.6496551057305457e-09,0.05815577507019044,-0.03265857696533203,-0.004502773284912109,-0.0074241905714657365
1786957809.077934,-1.4210974990492382e-10,3.6496551057305457e-09,0.058165788650512695,-0.03265857696533203,-0.004502773284912109,-0.0074241905714657365
1786957809.1306076,-1.4210974990492382e-10,3.6496551057305457e-09,0.05804646015167236,-0.03265857696533203,-0.004502773284912109,-0.0074241905714657365
1786957809.1868534,-1.4210974990492382e-10,3.6496551057305457e-09,0.05800366401672364,-0.03265857696533203,-0.004502773284912109,-0.0074241905714657365
1786957809.2399457,-1.4210974990492382e-10,3.6496551057305457e-09,0.057975053787231445,-0.03265857696533203,-0.004502773284912109,-0.0074241905714657365
1786957809.2804,-1.4210974990492382e-10,3.6496551057305457e-09,0.05793571472167968,-0.03265857696533203,-0.004502773284912109,-0.0074241905714657365
1786957809.3280191,-1.4210974990492382e-10,3.6496551057305457e-09,0.05810368061065674,-0.03265857696533203,-0.004502773284912109,-0.0074241905714657365
1786957809.3877435,-1.4210974990492382e-10,3.6496551057305457e-09,0.058058500289917,-0.03265857696533203,-0.004502773284912109,-0.0074241905714657365
1786957809.4407187,-1.4210974990492382e-10,3.6496551057305457e-09,0.058120846748352065,-0.03265857696533203,-0.004502773284912109,-0.0074241905714657365
1786957809.4810045,-1.4210974990492382e-10,3.6496551057305457e-09,0.05810809135437011,-0.03265857696533203,-0.004502773284912109,-0.0074241905714657365
1786957809.528128,-1.4210974990492382e-10,3.6496551057305457e-09,0.058092355728149414,-0.03265857696533203,-0.004502773284912109,-0.0074241905714657365
1786957809.5780966,-1.4210974990492382e-10,3.6496551057305457e-09,0.05800271034240723,-0.03265857696533203,-0.004502773284912109,-0.0074241905714657365
1786957809.6352115,-1.4210974990492382e-10,3.6496551057305457e-09,0.058095216751098626,-0.03265857696533203,-0.004502773284912109,-0.0074241905714657365
1786957809.6804476,-1.4210974990492382e-10,3.6496551057305457e-09,0.05806601047515869,-0.03265857696533203,-0.004502773284912109,-0.0074241905714657365
1786957809.7299142,-1.4210974990492382e-10,3.6496551057305457e-09,0.05807769298553467,-0.03265857696533203,-0.004502773284912109,-0.0074241905714657365
1786957809.7779174,-1.4210974990492382e-10,3.6496551057305457e-09,0.058156013488769524,-0.03265857696533203,-0.004502773284912109,-0.0074241905714657365
1786957809.8284388,-1.4210974990492382e-10,3.6496551057305457e-09,0.058166861534118645,-0.03265857696533203,-0.004502773284912109,-0.0074241905714657365
1786957809.8833225,-1.4210974990492382e-10,3.6496551057305457e-09,0.05819106101989747,-0.03265857696533203,-0.004502773284912109,-0.0074241905714657365
1786957809.930163,-1.4210974990492382e-10,3.6496551057305457e-09,0.058180809020996094,-0.03265857696533203,-0.004502773284912109,-0.0074241905714657365
1786957809.9820485,-1.4210974990492382e-10,3.6496551057305457e-09,0.05813241004943848,-0.03265857696533203,-0.004502773284912109,-0.0074241905714657365
1786957810.0366075,-1.4210974990492382e-10,3.6496551057305457e-09,0.058135986328125014,-0.03265857696533203,-0.004502773284912109,-0.0074241905714657365
1786957810.0794766,-1.4210974990492382e-10,3.6496551057305457e-09,0.05814743041992188,-0.03265857696533203,-0.004502773284912109,-0.0074241905714657365
1786957810.1301715,-1.4210974990492382e-10,3.6496551057305457e-09,0.058173656463623054,-0.03265857696533203,-0.004502773284912109,-0.0074241905714657365
1786957810.184319,-1.4210974990492382e-10,3.6496551057305457e-09,0.05808365345001221,-0.03265857696533203,-0.004502773284912109,-0.0074241905714657365
1786957810.2277668,-1.4210974990492382e-10,3.6496551057305457e-09,0.05804109573364258,-0.03265857696533203,-0.004502773284912109,-0.0074241905714657365
1786957810.2782037,-1.4210974990492382e-10,3.6496551057305457e-09,0.057956814765930176,-0.03265857696533203,-0.004502773284912109,-0.0074241905714657365
1786957810.3352935,-1.4210974990492382e-10,3.6496551057305457e-09,0.05797553062438965,-0.03265857696533203,-0.004502773284912109,-0.0074241905714657365
1786957810.3776772,-1.4210974990492382e-10,3.6496551057305457e-09,0.0580815076828003,-0.03265857696533203,-0.004502773284912109,-0.0074241905714657365
1786957810.4277492,-1.4210974990492382e-10,3.6496551057305457e-09,0.05814015865325928,-0.03265857696533203,-0.004502773284912109,-0.0074241905714657365
1786957810.478065,-1.4210974990492382e-10,3.6496551057305457e-09,0.058176159858703606,-0.03265857696533203,-0.004502773284912109,-0.0074241905714657365
1786957810.5284898,-1.4210974990492382e-10,3.6496551057305457e-09,0.05817508697509768,-0.03265857696533203,-0.004502773284912109,-0.0074241905714657365
1786957810.590424,-1.4210974990492382e-10,3.6496551057305457e-09,0.05815756320953369,-0.03265857696533203,-0.004502773284912109,-0.0074241905714657365
1786957810.639547,-1.4210974990492382e-10,3.6496551057305457e-09,0.05812835693359376,-0.03265857696533203,-0.004502773284912109,-0.0074241905714657365
1786957810.6943426,-1.4210974990492382e-10,3.6496551057305457e-09,0.058097124099731445,-0.03265857696533203,-0.004502773284912109,-0.0074241905714657365
1786957810.730267,-1.4210974990492382e-10,3.6496551057305457e-09,0.05812621116638184,-0.03265857696533203,-0.004502773284912109,-0.0074241905714657365
1786957810.780012,-1.4210974990492382e-10,3.6496551057305457e-09,0.058203935623168945,-0.03265857696533203,-0.004502773284912109,-0.0074241905714657365
1786957810.8280542,-1.4210974990492382e-10,3.6496551057305457e-09,0.05837357044219972,-0.03265857696533203,-0.004502773284912109,-0.0074241905714657365
1786957810.878199,-1.4210974990492382e-10,3.6496551057305457e-09,0.05843281745910645,-0.03265857696533203,-0.004502773284912109,-0.0074241905714657365
1786957810.930375,-1.4210974990492382e-10,3.6496551057305457e-09,0.0583798885345459,-0.03265857696533203,-0.004502773284912109,-0.0074241905714657365
1786957810.9779458,-1.4210974990492382e-10,3.6496551057305457e-09,0.05816042423248291,-0.03265857696533203,-0.004502773284912109,-0.0074241905714657365
1786957811.0299227,-1.4210974990492382e-10,3.6496551057305457e-09,0.05817461013793947,-0.03265857696533203,-0.004502773284912109,-0.0074241905714657365
1786957811.0777767,-1.4210974990492382e-10,3.6496551057305457e-09,0.05837404727935791,-0.03265857696533203,-0.004502773284912109,-0.0074241905714657365
1786957811.1327631,-1.4210974990492382e-10,3.6496551057305457e-09,0.058419704437255866,-0.03265857696533203,-0.004502773284912109,-0.0074241905714657365
1786957811.1797032,-1.4210974990492382e-10,3.6496551057305457e-09,0.05841946601867676,-0.03265857696533203,-0.004502773284912109,-0.0074241905714657365
1786957811.227982,-1.4210974990492382e-10,3.6496551057305457e-09,0.05843520164489746,-0.03265857696533203,-0.004502773284912109,-0.0074241905714657365
1786957811.295411,-1.4210974990492382e-10,3.6496551057305457e-09,0.0582883358001709,-0.03265857696533203,-0.004502773284912109,-0.0074241905714657365
1786957811.3316748,-1.4210974990492382e-10,3.6496551057305457e-09,0.05829441547393798,-0.03265857696533203,-0.004502773284912109,-0.0074241905714657365
1786957811.3781078,-1.4210974990492382e-10,3.6496551057305457e-09,0.05832254886627197,-0.03265857696533203,-0.004502773284912109,-0.0074241905714657365
1786957811.4370248,-1.4210974990492382e-10,3.6496551057305457e-09,0.05834054946899415,-0.03265857696533203,-0.004502773284912109,-0.0074241905714657365
1786957811.4790344,-1.4210974990492382e-10,3.6496551057305457e-09,0.05830883979797363,-0.03265857696533203,-0.004502773284912109,-0.0074241905714657365
1786957811.5280426,-1.4210974990492382e-10,3.6496551057305457e-09,0.05833709239959716,-0.03265857696533203,-0.004502773284912109,-0.0074241905714657365
1786957811.5784972,-1.4210974990492382e-10,3.6496551057305457e-09,0.05824017524719238,-0.03265857696533203,-0.004502773284912109,-0.0074241905714657365
1786957811.6397107,-1.4210974990492382e-10,3.6496551057305457e-09,0.05808985233306886,-0.03265857696533203,-0.004502773284912109,-0.0074241905714657365
1786957811.6790986,-1.4210974990492382e-10,3.6496551057305457e-09,0.058154344558715834,-0.03265857696533203,-0.004502773284912109,-0.0074241905714657365
1786957811.7369163,-1.4210974990492382e-10,3.6496551057305457e-09,0.0582115650177002,-0.03265857696533203,-0.004502773284912109,-0.0074241905714657365
1786957811.7799532,-1.4210974990492382e-10,3.6496551057305457e-09,0.058181166648864746,-0.03265857696533203,-0.004502773284912109,-0.0074241905714657365
1786957811.82813,-1.4210974990492382e-10,3.6496551057305457e-09,0.058188319206237786,-0.03265857696533203,-0.004502773284912109,-0.0074241905714657365
1786957811.8777602,-1.4210974990492382e-10,3.6496551057305457e-09,0.05806398391723633,-0.03265857696533203,-0.004502773284912109,-0.0074241905714657365
1786957811.9332104,2.5267918831630966e-05,1.471961754522895e-06,0.05802428722381591,-0.03265857696533203,-0.004502773284912109,-0.0074241905714657365
1786957811.983801,-1.687111410184029e-10,4.107507860907676e-09,0.058027744293212884,-0.03265857696533203,-0.004502773284912109,-0.0074241905714657365
1786957812.0361054,-1.687111410184029e-10,4.107507860907676e-09,0.058093070983886705,-0.03265857696533203,-0.004502773284912109,-0.0074241905714657365
1786957812.0781686,-1.687111410184029e-10,4.107507860907676e-09,0.058193206787109375,-0.03265857696533203,-0.004502773284912109,-0.0074241905714657365
1786957812.1281104,-1.687111410184029e-10,4.107507860907676e-09,0.05823910236358644,-0.03265857696533203,-0.004502773284912109,-0.0074241905714657365
1786957812.1781137,-1.687111410184029e-10,4.107507860907676e-09,0.058262825012207024,-0.03265857696533203,-0.004502773284912109,-0.0074241905714657365
1786957812.2291145,-1.687111410184029e-10,4.107507860907676e-09,0.05820810794830323,-0.03265857696533203,-0.004502773284912109,-0.0074241905714657365
1786957812.2851849,-1.687111410184029e-10,4.107507860907676e-09,0.05822145938873291,-0.03265857696533203,-0.004502773284912109,-0.0074241905714657365
1786957812.3303769,-1.687111410184029e-10,4.107507860907676e-09,0.05821669101715089,-0.03265857696533203,-0.004502773284912109,-0.0074241905714657365
1786957812.384743,-1.687111410184029e-10,4.107507860907676e-09,0.05836498737335205,-0.03265857696533203,-0.004502773284912109,-0.0074241905714657365
1786957812.4284766,-1.687111410184029e-10,4.107507860907676e-09,0.05839753150939943,-0.03265857696533203,-0.004502773284912109,-0.0074241905714657365
1786957812.4912171,-1.687111410184029e-10,4.107507860907676e-09,0.05839979648590088,-0.03265857696533203,-0.004502773284912109,-0.0074241905714657365
1786957812.5405993,-1.687111410184029e-10,4.107507860907676e-09,0.05836451053619386,-0.03265857696533203,-0.004502773284912109,-0.0074241905714657365
1786957812.578393,-1.687111410184029e-10,4.107507860907676e-09,0.058357954025268555,-0.03265857696533203,-0.004502773284912109,-0.0074241905714657365
1786957812.6306036,2.5267443488184406e-05,1.480121702621025e-06,0.05833995342254639,-0.03265857696533203,-0.004502773284912109,-0.0074241905714657365
1786957812.6808095,-1.063126716075878e-10,3.03970764114968e-09,0.05844247341156007,-0.03265857696533203,-0.004502773284912109,-0.0074241905714657365
1786957812.7276714,-1.063126716075878e-10,3.03970764114968e-09,0.058424592018127455,-0.03265857696533203,-0.004502773284912109,-0.0074241905714657365
1786957812.7893605,-1.063126716075878e-10,3.03970764114968e-09,0.05857348442077637,-0.03265857696533203,-0.004502773284912109,-0.0074241905714657365
1786957812.8324585,-1.063126716075878e-10,3.03970764114968e-09,0.058604240417480455,-0.03265857696533203,-0.004502773284912109,-0.0074241905714657365
1786957812.8783638,-1.063126716075878e-10,3.03970764114968e-09,0.05861401557922364,-0.03265857696533203,-0.004502773284912109,-0.0074241905714657365
1786957812.9281855,-1.063126716075878e-10,3.03970764114968e-09,0.05858683586120606,-0.03265857696533203,-0.004502773284912109,-0.0074241905714657365
1786957812.978958,-1.063126716075878e-10,3.03970764114968e-09,0.05843091011047364,-0.03265857696533203,-0.004502773284912109,-0.0074241905714657365
1786957813.0315864,-1.063126716075878e-10,3.03970764114968e-09,0.058410048484802246,-0.03265857696533203,-0.004502773284912109,-0.0074241905714657365
1786957813.079961,-1.063126716075878e-10,3.03970764114968e-09,0.05852937698364258,-0.03265857696533203,-0.004502773284912109,-0.0074241905714657365
1786957813.1280415,-1.063126716075878e-10,3.03970764114968e-09,0.05879545211791992,-0.03265857696533203,-0.004502773284912109,-0.0074241905714657365
1786957813.1791599,-1.063126716075878e-10,3.03970764114968e-09,0.05881369113922119,-0.03265857696533203,-0.004502773284912109,-0.0074241905714657365
1786957813.2343402,-1.063126716075878e-10,3.03970764114968e-09,0.05870568752288819,-0.03265857696533203,-0.004502773284912109,-0.0074241905714657365
1786957813.2812078,-1.063126716075878e-10,3.03970764114968e-09,0.05854547023773194,-0.03265857696533203,-0.004502773284912109,-0.0074241905714657365
1786957813.3279524,-1.063126716075878e-10,3.03970764114968e-09,0.058493971824646,-0.03265857696533203,-0.004502773284912109,-0.0074241905714657365
1786957813.3944507,-1.063126716075878e-10,3.03970764114968e-09,0.05860710144042969,-0.03265857696533203,-0.004502773284912109,-0.0074241905714657365
1786957813.432545,-1.063126716075878e-10,3.03970764114968e-09,0.05879950523376466,-0.03265857696533203,-0.004502773284912109,-0.0074241905714657365
1786957813.483202,-1.063126716075878e-10,3.03970764114968e-09,0.05893492698669432,-0.03265857696533203,-0.004502773284912109,-0.0074241905714657365
1786957813.527988,-1.063126716075878e-10,3.03970764114968e-09,0.058863282203674316,-0.03265857696533203,-0.004502773284912109,-0.0074241905714657365
1786957813.5793805,-1.063126716075878e-10,3.03970764114968e-09,0.05879604816436768,-0.03265857696533203,-0.004502773284912109,-0.0074241905714657365
1786957813.6281734,-1.063126716075878e-10,3.03970764114968e-09,0.058734178543090834,-0.03265857696533203,-0.004502773284912109,-0.0074241905714657365
1786957813.678222,-1.063126716075878e-10,3.03970764114968e-09,0.05882501602172851,-0.03265857696533203,-0.004502773284912109,-0.0074241905714657365
1786957813.7280886,-1.063126716075878e-10,3.03970764114968e-09,0.058989882469177246,-0.03265857696533203,-0.004502773284912109,-0.0074241905714657365
1786957813.7780173,-1.063126716075878e-10,3.03970764114968e-09,0.05914735794067383,-0.03265857696533203,-0.004502773284912109,-0.0074241905714657365
1786957813.8392208,-1.063126716075878e-10,3.03970764114968e-09,0.05921554565429689,-0.03265857696533203,-0.004502773284912109,-0.0074241905714657365
1786957813.8779926,-1.063126716075878e-10,3.03970764114968e-09,0.0591353178024292,-0.03265857696533203,-0.004502773284912109,-0.0074241905714657365
1786957813.9285283,-1.063126716075878e-10,3.03970764114968e-09,0.059126853942871094,-0.03265857696533203,-0.004502773284912109,-0.0074241905714657365
1786957813.977764,-1.063126716075878e-10,3.03970764114968e-09,0.05915570259094238,-0.03265857696533203,-0.004502773284912109,-0.0074241905714657365
1786957814.032538,-1.063126716075878e-10,3.03970764114968e-09,0.05914711952209474,-0.03265857696533203,-0.004502773284912109,-0.0074241905714657365
1786957814.0784547,-1.063126716075878e-10,3.03970764114968e-09,0.059431672096252455,-0.03265857696533203,-0.004502773284912109,-0.0074241905714657365
1786957814.1279688,-1.063126716075878e-10,3.03970764114968e-09,0.05949556827545166,-0.03265857696533203,-0.004502773284912109,-0.0074241905714657365
1786957814.1787555,-1.063126716075878e-10,3.03970764114968e-09,0.0594395399093628,-0.03265857696533203,-0.004502773284912109,-0.0074241905714657365
1786957814.2334385,-1.063126716075878e-10,3.03970764114968e-09,0.05933511257171631,-0.03265857696533203,-0.004502773284912109,-0.0074241905714657365
1786957814.281679,-1.063126716075878e-10,3.03970764114968e-09,0.05927550792694094,-0.03265857696533203,-0.004502773284912109,-0.0074241905714657365
1786957814.3281686,-1.063126716075878e-10,3.03970764114968e-09,0.05933451652526855,-0.03265857696533203,-0.004502773284912109,-0.0074241905714657365
1786957814.3778272,-1.063126716075878e-10,3.03970764114968e-09,0.0594269037246704,-0.03265857696533203,-0.004502773284912109,-0.0074241905714657365
1786957814.4317842,-1.063126716075878e-10,3.03970764114968e-09,0.059378623962402344,-0.03265857696533203,-0.004502773284912109,-0.0074241905714657365
1786957814.4788487,-1.063126716075878e-10,3.03970764114968e-09,0.05937290191650391,-0.03265857696533203,-0.004502773284912109,-0.0074241905714657365
1786957814.530751,-1.063126716075878e-10,3.03970764114968e-09,0.05935752391815186,-0.03265857696533203,-0.004502773284912109,-0.0074241905714657365
1786957814.5784702,-1.063126716075878e-10,3.03970764114968e-09,0.05931544303894043,-0.03265857696533203,-0.004502773284912109,-0.0074241905714657365
1786957814.6280062,-1.063126716075878e-10,3.03970764114968e-09,0.05926179885864256,-0.03265857696533203,-0.004502773284912109,-0.0074241905714657365
1786957814.6787434,-1.063126716075878e-10,3.03970764114968e-09,0.059270977973938,-0.03265857696533203,-0.004502773284912109,-0.0074241905714657365
1786957814.7280633,-1.063126716075878e-10,3.03970764114968e-09,0.05926156044006347,-0.03265857696533203,-0.004502773284912109,-0.0074241905714657365
1786957814.778259,-1.063126716075878e-10,3.03970764114968e-09,0.05930805206298828,-0.03265857696533203,-0.004502773284912109,-0.0074241905714657365
1786957814.8308635,-1.063126716075878e-10,3.03970764114968e-09,0.05930781364440919,-0.03265857696533203,-0.004502773284912109,-0.0074241905714657365
1786957814.8833685,-1.063126716075878e-10,3.03970764114968e-09,0.05921339988708497,-0.03265857696533203,-0.004502773284912109,-0.0074241905714657365
1786957814.9280102,-1.063126716075878e-10,3.03970764114968e-09,0.05912828445434571,-0.03265857696533203,-0.004502773284912109,-0.0074241905714657365
1786957814.98864,-1.063126716075878e-10,3.03970764114968e-09,0.05909490585327148,-0.03265857696533203,-0.004502773284912109,-0.0074241905714657365
1786957815.033522,-1.063126716075878e-10,3.03970764114968e-09,0.059179186820983894,-0.03265857696533203,-0.004502773284912109,-0.0074241905714657365
1786957815.0844696,-1.063126716075878e-10,3.03970764114968e-09,0.059232354164123535,-0.03265857696533203,-0.004502773284912109,-0.0074241905714657365
1786957815.1500988,-1.063126716075878e-10,3.03970764114968e-09,0.05925464630126954,-0.03265857696533203,-0.004502773284912109,-0.0074241905714657365
1786957815.1778972,-1.063126716075878e-10,3.03970764114968e-09,0.05924499034881592,-0.03265857696533203,-0.004502773284912109,-0.0074241905714657365
1786957815.2284975,-1.063126716075878e-10,3.03970764114968e-09,0.059234261512756355,-0.03265857696533203,-0.004502773284912109,-0.0074241905714657365
1786957815.3002315,-1.063126716075878e-10,3.03970764114968e-09,0.05901157855987549,-0.03265857696533203,-0.004502773284912109,-0.0074241905714657365
1786957815.3300269,-1.063126716075878e-10,3.03970764114968e-09,0.05909502506256104,-0.03265857696533203,-0.004502773284912109,-0.0074241905714657365
1786957815.3787782,-1.063126716075878e-10,3.03970764114968e-09,0.05920326709747314,-0.03265857696533203,-0.004502773284912109,-0.0074241905714657365
1786957815.4279313,-1.063126716075878e-10,3.03970764114968e-09,0.05928623676300051,-0.03265857696533203,-0.004502773284912109,-0.0074241905714657365
1786957815.4810095,-1.063126716075878e-10,3.03970764114968e-09,0.05933451652526855,-0.03265857696533203,-0.004502773284912109,-0.0074241905714657365
1786957815.538566,-1.063126716075878e-10,3.03970764114968e-09,0.05933845043182374,-0.03265857696533203,-0.004502773284912109,-0.0074241905714657365
1786957815.5780032,-1.063126716075878e-10,3.03970764114968e-09,0.05930149555206298,-0.03265857696533203,-0.004502773284912109,-0.0074241905714657365
1786957815.6294906,-1.063126716075878e-10,3.03970764114968e-09,0.05929207801818849,-0.03265857696533203,-0.004502773284912109,-0.0074241905714657365
1786957815.687178,-1.063126716075878e-10,3.03970764114968e-09,0.059305667877197266,-0.03265857696533203,-0.004502773284912109,-0.0074241905714657365
1786957815.728145,-1.063126716075878e-10,3.03970764114968e-09,0.05944907665252685,-0.03265857696533203,-0.004502773284912109,-0.0074241905714657365
1786957815.7913105,-1.063126716075878e-10,3.03970764114968e-09,0.059492349624633796,-0.03265857696533203,-0.004502773284912109,-0.0074241905714657365
1786957815.827868,-1.063126716075878e-10,3.03970764114968e-09,0.05953669548034668,-0.03265857696533203,-0.004502773284912109,-0.0074241905714657365
1786957815.8781576,-1.063126716075878e-10,3.03970764114968e-09,0.059484720230102546,-0.03265857696533203,-0.004502773284912109,-0.0074241905714657365
1786957815.9303505,-1.063126716075878e-10,3.03970764114968e-09,0.05948495864868165,-0.03265857696533203,-0.004502773284912109,-0.0074241905714657365
1786957815.9778216,-1.063126716075878e-10,3.03970764114968e-09,0.05950868129730227,-0.03265857696533203,-0.004502773284912109,-0.0074241905714657365
1786957816.0305722,-1.063126716075878e-10,3.03970764114968e-09,0.05966794490814209,-0.03265857696533203,-0.004502773284912109,-0.0074241905714657365
1786957816.0903993,-1.063126716075878e-10,3.03970764114968e-09,0.059733152389526374,-0.03265857696533203,-0.004502773284912109,-0.0074241905714657365
1786957816.1337295,-1.063126716075878e-10,3.03970764114968e-09,0.06001627445220947,-0.03265857696533203,-0.004502773284912109,-0.0074241905714657365
1786957816.1839974,-1.063126716075878e-10,3.03970764114968e-09,0.06006908416748047,-0.03265857696533203,-0.004502773284912109,-0.0074241905714657365
1786957816.2356787,-1.063126716075878e-10,3.03970764114968e-09,0.060074806213378906,-0.03265857696533203,-0.004502773284912109,-0.0074241905714657365
1786957816.2801154,-1.063126716075878e-10,3.03970764114968e-09,0.05995750427246094,-0.03265857696533203,-0.004502773284912109,-0.0074241905714657365
1786957816.3308952,-1.063126716075878e-10,3.03970764114968e-09,0.05990028381347657,-0.03265857696533203,-0.004502773284912109,-0.0074241905714657365
1786957816.3777287,-1.063126716075878e-10,3.03970764114968e-09,0.05984652042388915,-0.03265857696533203,-0.004502773284912109,-0.0074241905714657365
1786957816.429322,-1.063126716075878e-10,3.03970764114968e-09,0.05982267856597901,-0.03265857696533203,-0.004502773284912109,-0.0074241905714657365
1786957816.478202,-1.063126716075878e-10,3.03970764114968e-09,0.05982267856597901,-0.03265857696533203,-0.004502773284912109,-0.0074241905714657365
1786957816.5332472,-1.063126716075878e-10,3.03970764114968e-09,0.05983126163482667,-0.03265857696533203,-0.004502773284912109,-0.0074241905714657365
1786957816.577861,-1.063126716075878e-10,3.03970764114968e-09,0.0598607063293457,-0.03265857696533203,-0.004502773284912109,-0.0074241905714657365
1786957816.6346989,-1.063126716075878e-10,3.03970764114968e-09,0.05987036228179932,-0.03265857696533203,-0.004502773284912109,-0.0074241905714657365
1786957816.67944,-1.063126716075878e-10,3.03970764114968e-09,0.059882283210754395,-0.03265857696533203,-0.004502773284912109,-0.0074241905714657365
1786957816.7281506,-1.063126716075878e-10,3.03970764114968e-09,0.05983889102935791,-0.03265857696533203,-0.004502773284912109,-0.0074241905714657365
1786957816.7779472,-1.063126716075878e-10,3.03970764114968e-09,0.05990004539489747,-0.03265857696533203,-0.004502773284912109,-0.0074241905714657365
1786957816.8278716,-1.063126716075878e-10,3.03970764114968e-09,0.05997955799102784,-0.03265857696533203,-0.004502773284912109,-0.0074241905714657365
1786957816.8838625,-1.063126716075878e-10,3.03970764114968e-09,0.06019449234008788,-0.03265857696533203,-0.004502773284912109,-0.0074241905714657365
1786957816.9274132,-1.063126716075878e-10,3.03970764114968e-09,0.06012988090515138,-0.03265857696533203,-0.004502773284912109,-0.0074241905714657365
1786957816.9861295,-1.063126716075878e-10,3.03970764114968e-09,0.06012988090515138,-0.03265857696533203,-0.004502773284912109,-0.0074241905714657365
1786957817.028085,-1.063126716075878e-10,3.03970764114968e-09,0.060101866722106934,-0.03265857696533203,-0.004502773284912109,-0.0074241905714657365
1786957817.0787735,-1.063126716075878e-10,3.03970764114968e-09,0.06011354923248291,-0.03265857696533203,-0.004502773284912109,-0.0074241905714657365
1786957817.1284797,-1.063126716075878e-10,3.03970764114968e-09,0.06016123294830322,-0.03265857696533203,-0.004502773284912109,-0.0074241905714657365
1786957817.1784124,-1.063126716075878e-10,3.03970764114968e-09,0.06019008159637452,-0.03265857696533203,-0.004502773284912109,-0.0074241905714657365
1786957817.242276,-1.063126716075878e-10,3.03970764114968e-09,0.06031692028045653,-0.03265857696533203,-0.004502773284912109,-0.0074241905714657365
1786957817.2781444,-1.063126716075878e-10,3.03970764114968e-09,0.0603179931640625,-0.03265857696533203,-0.004502773284912109,-0.0074241905714657365
1786957817.3398633,2.5264548483943848e-05,1.5288385693814542e-06,0.060320734977722175,-0.03265857696533203,-0.004502773284912109,-0.0074241905714657365
1786957817.3787196,-1.1840752272920005e-10,3.2399911621029833e-09,0.06030213832855224,-0.03265857696533203,-0.004502773284912109,-0.0074241905714657365
1786957817.4281614,-1.1840752272920005e-10,3.2399911621029833e-09,0.060199141502380385,-0.03265857696533203,-0.004502773284912109,-0.0074241905714657365
1786957817.4780796,-1.1840752272920005e-10,3.2399911621029833e-09,0.06017863750457765,-0.03265857696533203,-0.004502773284912109,-0.0074241905714657365
1786957817.5375242,-1.1840752272920005e-10,3.2399911621029833e-09,0.06019556522369385,-0.03265857696533203,-0.004502773284912109,-0.0074241905714657365
1786957817.5782504,-1.1840752272920005e-10,3.2399911621029833e-09,0.06023716926574708,-0.03265857696533203,-0.004502773284912109,-0.0074241905714657365
1786957817.6301403,-1.1840752272920005e-10,3.2399911621029833e-09,0.060250282287597656,-0.03265857696533203,-0.004502773284912109,-0.0074241905714657365
1786957817.685902,-1.1840752272920005e-10,3.2399911621029833e-09,0.06026339530944824,-0.03265857696533203,-0.004502773284912109,-0.0074241905714657365
1786957817.728838,-1.1840752272920005e-10,3.2399911621029833e-09,0.06026768684387207,-0.03265857696533203,-0.004502773284912109,-0.0074241905714657365
1786957817.8005922,-1.1840752272920005e-10,3.2399911621029833e-09,0.06020975112915039,-0.03265857696533203,-0.004502773284912109,-0.0074241905714657365
1786957817.8302684,-1.1840752272920005e-10,3.2399911621029833e-09,0.06001877784729005,-0.03265857696533203,-0.004502773284912109,-0.0074241905714657365
1786957817.8779874,-1.1840752272920005e-10,3.2399911621029833e-09,0.05978584289550781,-0.03265857696533203,-0.004502773284912109,-0.0074241905714657365
1786957817.9291737,-1.1840752272920005e-10,3.2399911621029833e-09,0.05981111526489257,-0.03265857696533203,-0.004502773284912109,-0.0074241905714657365
1786957817.9778318,-1.1840752272920005e-10,3.2399911621029833e-09,0.059834480285644524,-0.03265857696533203,-0.004502773284912109,-0.0074241905714657365
1786957818.029159,-1.1840752272920005e-10,3.2399911621029833e-09,0.05984389781951904,-0.03265857696533203,-0.004502773284912109,-0.0074241905714657365
1786957818.0782886,-1.1840752272920005e-10,3.2399911621029833e-09,0.05983233451843262,-0.03265857696533203,-0.004502773284912109,-0.0074241905714657365
1786957818.1484344,-1.1840752272920005e-10,3.2399911621029833e-09,0.059846639633178725,-0.03265857696533203,-0.004502773284912109,-0.0074241905714657365
1786957818.1777747,-1.1840752272920005e-10,3.2399911621029833e-09,0.05981612205505372,-0.03265857696533203,-0.004502773284912109,-0.0074241905714657365
1786957818.2277687,-1.1840752272920005e-10,3.2399911621029833e-09,0.05994677543640135,-0.03265857696533203,-0.004502773284912109,-0.0074241905714657365
1786957818.2779644,-1.1840752272920005e-10,3.2399911621029833e-09,0.059928178787231445,-0.03265857696533203,-0.004502773284912109,-0.0074241905714657365
1786957818.3291128,-1.1840752272920005e-10,3.2399911621029833e-09,0.05992746353149415,-0.03265857696533203,-0.004502773284912109,-0.0074241905714657365
1786957818.38234,-1.1840752272920005e-10,3.2399911621029833e-09,0.059958934783935554,-0.03265857696533203,-0.004502773284912109,-0.0074241905714657365
1786957818.4349246,-1.1840752272920005e-10,3.2399911621029833e-09,0.05984354019165039,-0.03265857696533203,-0.004502773284912109,-0.0074241905714657365
1786957818.4872668,-1.1840752272920005e-10,3.2399911621029833e-09,0.05980944633483887,-0.03265857696533203,-0.004502773284912109,-0.0074241905714657365
1786957818.5314631,-2.526548561779419e-05,-1.5107163783453545e-06,0.05989181995391846,-0.03265857696533203,-0.004502773284912109,-0.0074241905714657365
1786957818.5787296,-1.7681083407076353e-10,4.214328840869286e-09,0.05988657474517823,-0.03265857696533203,-0.004502773284912109,-0.0074241905714657365
1786957818.6315472,-1.7681083407076353e-10,4.214328840869286e-09,0.05988466739654541,-0.03265857696533203,-0.004502773284912109,-0.0074241905714657365
1786957818.6797855,-1.7681083407076353e-10,4.214328840869286e-09,0.059906005859375014,-0.03265857696533203,-0.004502773284912109,-0.0074241905714657365
1786957818.7281175,-1.7681083407076353e-10,4.214328840869286e-09,0.059852838516235345,-0.03265857696533203,-0.004502773284912109,-0.0074241905714657365
1786957818.7780619,-1.7681083407076353e-10,4.214328840869286e-09,0.059888839721679694,-0.03265857696533203,-0.004502773284912109,-0.0074241905714657365
1786957818.8377643,-1.7681083407076353e-10,4.214328840869286e-09,0.059874057769775405,-0.03265857696533203,-0.004502773284912109,-0.0074241905714657365
1786957818.8813517,-1.7681083407076353e-10,4.214328840869286e-09,0.059887409210205085,-0.03265857696533203,-0.004502773284912109,-0.0074241905714657365
1786957818.9484935,-1.7681083407076353e-10,4.214328840869286e-09,0.060100913047790534,-0.03265857696533203,-0.004502773284912109,-0.0074241905714657365
1786957818.9782174,-1.7681083407076353e-10,4.214328840869286e-09,0.06015980243682862,-0.03265857696533203,-0.004502773284912109,-0.0074241905714657365
1786957819.0280566,-1.7681083407076353e-10,4.214328840869286e-09,0.060150861740112305,-0.03265857696533203,-0.004502773284912109,-0.0074241905714657365
1786957819.082222,-1.7681083407076353e-10,4.214328840869286e-09,0.060115218162536635,-0.03265857696533203,-0.004502773284912109,-0.0074241905714657365
1786957819.1289806,-1.7681083407076353e-10,4.214328840869286e-09,0.06007504463195801,-0.03265857696533203,-0.004502773284912109,-0.0074241905714657365
1786957819.1835127,-1.7681083407076353e-10,4.214328840869286e-09,0.06008350849151611,-0.03265857696533203,-0.004502773284912109,-0.0074241905714657365
1786957819.2279396,-1.7681083407076353e-10,4.214328840869286e-09,0.06030058860778809,-0.03265857696533203,-0.004502773284912109,-0.0074241905714657365
1786957819.289425,-1.7681083407076353e-10,4.214328840869286e-09,0.060288429260253906,-0.03265857696533203,-0.004502773284912109,-0.0074241905714657365
1786957819.329666,-1.7681083407076353e-10,4.214328840869286e-09,0.06030488014221193,-0.03265857696533203,-0.004502773284912109,-0.0074241905714657365
1786957819.377959,-1.7681083407076353e-10,4.214328840869286e-09,0.060123324394226074,-0.03265857696533203,-0.004502773284912109,-0.0074241905714657365
1786957819.4291518,-1.7681083407076353e-10,4.214328840869286e-09,0.060150861740112305,-0.03265857696533203,-0.004502773284912109,-0.0074241905714657365
1786957819.4790046,-1.7681083407076353e-10,4.214328840869286e-09,0.06013226509094239,-0.03265857696533203,-0.004502773284912109,-0.0074241905714657365
1786957819.537486,-1.7681083407076353e-10,4.214328840869286e-09,0.060244560241699226,-0.03265857696533203,-0.004502773284912109,-0.0074241905714657365
1786957819.5790749,-1.7681083407076353e-10,4.214328840869286e-09,0.06029498577117921,-0.03265857696533203,-0.004502773284912109,-0.0074241905714657365
1786957819.6279998,-1.7681083407076353e-10,4.214328840869286e-09,0.06032872200012207,-0.03265857696533203,-0.004502773284912109,-0.0074241905714657365
1786957819.6780887,-1.7681083407076353e-10,4.214328840869286e-09,0.06025171279907227,-0.03265857696533203,-0.004502773284912109,-0.0074241905714657365
1786957819.7284007,-1.7681083407076353e-10,4.214328840869286e-09,0.06021201610565186,-0.03265857696533203,-0.004502773284912109,-0.0074241905714657365
1786957819.7820125,-1.7681083407076353e-10,4.214328840869286e-09,0.0601867437362671,-0.03265857696533203,-0.004502773284912109,-0.0074241905714657365
1786957819.8279781,-1.7681083407076353e-10,4.214328840869286e-09,0.06012785434722901,-0.03265857696533203,-0.004502773284912109,-0.0074241905714657365
1786957819.8919306,-1.7681083407076353e-10,4.214328840869286e-09,0.0601288080215454,-0.03265857696533203,-0.004502773284912109,-0.0074241905714657365
1786957819.927955,-1.7681083407076353e-10,4.214328840869286e-09,0.06026387214660646,-0.03265857696533203,-0.004502773284912109,-0.0074241905714657365
1786957819.9972074,-1.7681083407076353e-10,4.214328840869286e-09,0.06052529811859131,-0.03265857696533203,-0.004502773284912109,-0.0074241905714657365
1786957820.029383,-1.7681083407076353e-10,4.214328840869286e-09,0.0605391263961792,-0.03265857696533203,-0.004502773284912109,-0.0074241905714657365
1786957820.0776649,-1.7681083407076353e-10,4.214328840869286e-09,0.060495615005493164,-0.03265857696533203,-0.004502773284912109,-0.0074241905714657365
1786957820.1284554,-2.526454696699442e-05,-1.526290415074224e-06,0.06051564216613768,-0.03265857696533203,-0.004502773284912109,-0.0074241905714657365
1786957820.1780593,-1.7079016691434181e-10,4.114941157656951e-09,0.06048774719238281,-0.03265857696533203,-0.004502773284912109,-0.0074241905714657365
1786957820.234601,-1.7079016691434181e-10,4.114941157656951e-09,0.06059038639068604,-0.03265857696533203,-0.004502773284912109,-0.0074241905714657365
1786957820.2794847,-1.7079016691434181e-10,4.114941157656951e-09,0.06059503555297853,-0.03265857696533203,-0.004502773284912109,-0.0074241905714657365
1786957820.3336532,-1.7079016691434181e-10,4.114941157656951e-09,0.06076514720916748,-0.03265857696533203,-0.004502773284912109,-0.0074241905714657365
1786957820.377973,-1.7079016691434181e-10,4.114941157656951e-09,0.06075263023376465,-0.03265857696533203,-0.004502773284912109,-0.0074241905714657365
1786957820.4314075,-1.7079016691434181e-10,4.114941157656951e-09,0.06067430973052979,-0.03265857696533203,-0.004502773284912109,-0.0074241905714657365
1786957820.4777133,-1.7079016691434181e-10,4.114941157656951e-09,0.060656547546386726,-0.03265857696533203,-0.004502773284912109,-0.0074241905714657365
1786957820.5282204,-1.7079016691434181e-10,4.114941157656951e-09,0.060752749443054206,-0.03265857696533203,-0.004502773284912109,-0.0074241905714657365
1786957820.5777264,-1.7079016691434181e-10,4.114941157656951e-09,0.06084227561950685,-0.03265857696533203,-0.004502773284912109,-0.0074241905714657365
1786957820.6286736,-1.7079016691434181e-10,4.114941157656951e-09,0.06101036071777343,-0.03265857696533203,-0.004502773284912109,-0.0074241905714657365
1786957820.7004874,-1.7079016691434181e-10,4.114941157656951e-09,0.061008810997009284,-0.03265857696533203,-0.004502773284912109,-0.0074241905714657365
1786957820.728978,-1.7079016691434181e-10,4.114941157656951e-09,0.06094074249267578,-0.03265857696533203,-0.004502773284912109,-0.0074241905714657365
1786957820.7786071,-1.7079016691434181e-10,4.114941157656951e-09,0.06086277961730957,-0.03265857696533203,-0.004502773284912109,-0.0074241905714657365
1786957820.831465,-1.7079016691434181e-10,4.114941157656951e-09,0.06087136268615723,-0.03265857696533203,-0.004502773284912109,-0.0074241905714657365
1786957820.8873658,-1.7079016691434181e-10,4.114941157656951e-09,0.060868144035339355,-0.03265857696533203,-0.004502773284912109,-0.0074241905714657365
1786957820.9294693,-1.7079016691434181e-10,4.114941157656951e-09,0.06096899509429932,-0.03265857696533203,-0.004502773284912109,-0.0074241905714657365
1786957820.9939802,-1.7079016691434181e-10,4.114941157656951e-09,0.06109023094177248,-0.03265857696533203,-0.004502773284912109,-0.0074241905714657365
1786957821.0292306,-1.7079016691434181e-10,4.114941157656951e-09,0.06110942363739014,-0.03265857696533203,-0.004502773284912109,-0.0074241905714657365
1786957821.0825374,-1.7079016691434181e-10,4.114941157656951e-09,0.061077117919921875,-0.03265857696533203,-0.004502773284912109,-0.0074241905714657365
1786957821.1380785,-1.7079016691434181e-10,4.114941157656951e-09,0.06100034713745117,-0.03265857696533203,-0.004502773284912109,-0.0074241905714657365
1786957821.179913,-1.7079016691434181e-10,4.114941157656951e-09,0.06078338623046874,-0.03265857696533203,-0.004502773284912109,-0.0074241905714657365
1786957821.2276216,-1.7079016691434181e-10,4.114941157656951e-09,0.06085824966430664,-0.03265857696533203,-0.004502773284912109,-0.0074241905714657365
1786957821.2777462,-1.7079016691434181e-10,4.114941157656951e-09,0.06091666221618654,-0.03265857696533203,-0.004502773284912109,-0.0074241905714657365
1786957821.3283908,-1.7079016691434181e-10,4.114941157656951e-09,0.06108701229095459,-0.03265857696533203,-0.004502773284912109,-0.0074241905714657365
1786957821.385893,-1.7079016691434181e-10,4.114941157656951e-09,0.061121225357055664,-0.03265857696533203,-0.004502773284912109,-0.0074241905714657365
1786957821.4277587,-1.7079016691434181e-10,4.114941157656951e-09,0.06108808517456054,-0.03265857696533203,-0.004502773284912109,-0.0074241905714657365
1786957821.4928014,-1.7079016691434181e-10,4.114941157656951e-09,0.06092190742492676,-0.03265857696533203,-0.004502773284912109,-0.0074241905714657365
1786957821.5290043,-1.7079016691434181e-10,4.114941157656951e-09,0.060759305953979506,-0.03265857696533203,-0.004502773284912109,-0.0074241905714657365
1786957821.5780985,-1.7079016691434181e-10,4.114941157656951e-09,0.060777902603149414,-0.03265857696533203,-0.004502773284912109,-0.0074241905714657365
1786957821.6282048,-1.7079016691434181e-10,4.114941157656951e-09,0.060821652412414565,-0.03265857696533203,-0.004502773284912109,-0.0074241905714657365
1786957821.678123,-1.7079016691434181e-10,4.114941157656951e-09,0.060799002647399916,-0.03265857696533203,-0.004502773284912109,-0.0074241905714657365
1786957821.7412727,-1.7079016691434181e-10,4.114941157656951e-09,0.06082558631896973,-0.03265857696533203,-0.004502773284912109,-0.0074241905714657365
1786957821.7777233,-1.7079016691434181e-10,4.114941157656951e-09,0.06086468696594238,-0.03265857696533203,-0.004502773284912109,-0.0074241905714657365
1786957821.8293982,-1.7079016691434181e-10,4.114941157656951e-09,0.060912251472473145,-0.03265857696533203,-0.004502773284912109,-0.0074241905714657365
1786957821.8786378,-1.7079016691434181e-10,4.114941157656951e-09,0.060876369476318366,-0.03265857696533203,-0.004502773284912109,-0.0074241905714657365
1786957821.9307063,-1.7079016691434181e-10,4.114941157656951e-09,0.06072854995727539,-0.03265857696533203,-0.004502773284912109,-0.0074241905714657365
1786957821.9851604,-1.7079016691434181e-10,4.114941157656951e-09,0.06077575683593751,-0.03265857696533203,-0.004502773284912109,-0.0074241905714657365
1786957822.0278623,-1.7079016691434181e-10,4.114941157656951e-09,0.06084072589874268,-0.03265857696533203,-0.004502773284912109,-0.0074241905714657365
1786957822.078047,-1.7079016691434181e-10,4.114941157656951e-09,0.06081831455230713,-0.03265857696533203,-0.004502773284912109,-0.0074241905714657365
1786957822.1288157,-1.7079016691434181e-10,4.114941157656951e-09,0.060835242271423354,-0.03265857696533203,-0.004502773284912109,-0.0074241905714657365
1786957822.1779687,-2.5264075722437344e-05,-1.5340501123506396e-06,0.06078243255615236,-0.03265857696533203,-0.004502773284912109,-0.0074241905714657365
1786957822.2324204,-1.3329982542174e-10,3.4990496542879427e-09,0.06078648567199707,-0.03265857696533203,-0.004502773284912109,-0.0074241905714657365
1786957822.2803507,-1.3329982542174e-10,3.4990496542879427e-09,0.06070041656494141,-0.03265857696533203,-0.004502773284912109,-0.0074241905714657365
1786957822.3356886,-1.3329982542174e-10,3.4990496542879427e-09,0.06070458889007569,-0.03265857696533203,-0.004502773284912109,-0.0074241905714657365
1786957822.3834405,-1.3329982542174e-10,3.4990496542879427e-09,0.06075477600097656,-0.03265857696533203,-0.004502773284912109,-0.0074241905714657365
1786957822.4292803,-1.3329982542174e-10,3.4990496542879427e-09,0.06075382232666017,-0.03265857696533203,-0.004502773284912109,-0.0074241905714657365
1786957822.478229,-1.3329982542174e-10,3.4990496542879427e-09,0.06076836585998535,-0.03265857696533203,-0.004502773284912109,-0.0074241905714657365
1786957822.5359027,-1.3329982542174e-10,3.4990496542879427e-09,0.06074500083923339,-0.03265857696533203,-0.004502773284912109,-0.0074241905714657365
1786957822.5854576,-1.3329982542174e-10,3.4990496542879427e-09,0.06071436405181884,-0.03265857696533203,-0.004502773284912109,-0.0074241905714657365
1786957822.6276946,-1.3329982542174e-10,3.4990496542879427e-09,0.06070888042449951,-0.03265857696533203,-0.004502773284912109,-0.0074241905714657365
1786957822.6789858,-1.3329982542174e-10,3.4990496542879427e-09,0.06071805953979492,-0.03265857696533203,-0.004502773284912109,-0.0074241905714657365
1786957822.728066,-1.3329982542174e-10,3.4990496542879427e-09,0.060770511627197266,-0.03265857696533203,-0.004502773284912109,-0.0074241905714657365
1786957822.79698,-1.3329982542174e-10,3.4990496542879427e-09,0.060776948928833,-0.03265857696533203,-0.004502773284912109,-0.0074241905714657365
1786957822.8292572,-1.3329982542174e-10,3.4990496542879427e-09,0.060762405395507826,-0.03265857696533203,-0.004502773284912109,-0.0074241905714657365
1786957822.8806689,-1.3329982542174e-10,3.4990496542879427e-09,0.060756802558898926,-0.03265857696533203,-0.004502773284912109,-0.0074241905714657365
1786957822.9281461,-1.3329982542174e-10,3.4990496542879427e-09,0.06064307689666748,-0.03265857696533203,-0.004502773284912109,-0.0074241905714657365
1786957822.9777315,-1.3329982542174e-10,3.4990496542879427e-09,0.06068885326385499,-0.03265857696533203,-0.004502773284912109,-0.0074241905714657365
1786957823.0338476,-1.3329982542174e-10,3.4990496542879427e-09,0.060743093490600586,-0.03265857696533203,-0.004502773284912109,-0.0074241905714657365
1786957823.0802424,-1.3329982542174e-10,3.4990496542879427e-09,0.060840845108032234,-0.03265857696533203,-0.004502773284912109,-0.0074241905714657365
1786957823.1277106,-1.3329982542174e-10,3.4990496542879427e-09,0.060941457748413086,-0.03265857696533203,-0.004502773284912109,-0.0074241905714657365
1786957823.1791713,-1.3329982542174e-10,3.4990496542879427e-09,0.060928344726562514,-0.03265857696533203,-0.004502773284912109,-0.0074241905714657365
1786957823.229024,-1.3329982542174e-10,3.4990496542879427e-09,0.060834288597106934,-0.03265857696533203,-0.004502773284912109,-0.0074241905714657365
1786957823.283087,-1.3329982542174e-10,3.4990496542879427e-09,0.060867547988891595,-0.03265857696533203,-0.004502773284912109,-0.0074241905714657365
1786957823.3285882,-1.3329982542174e-10,3.4990496542879427e-09,0.06087708473205568,-0.03265857696533203,-0.004502773284912109,-0.0074241905714657365
1786957823.377931,-1.3329982542174e-10,3.4990496542879427e-09,0.06088697910308838,-0.03265857696533203,-0.004502773284912109,-0.0074241905714657365
1786957823.4280107,-1.3329982542174e-10,3.4990496542879427e-09,0.06117999553680419,-0.03265857696533203,-0.004502773284912109,-0.0074241905714657365
1786957823.4822893,-1.3329982542174e-10,3.4990496542879427e-09,0.06144213676452637,-0.03265857696533203,-0.004502773284912109,-0.0074241905714657365
1786957823.5295596,-1.3329982542174e-10,3.4990496542879427e-09,0.06172895431518556,-0.03265857696533203,-0.004502773284912109,-0.0074241905714657365
1786957823.5789425,-1.3329982542174e-10,3.4990496542879427e-09,0.061693906784057624,-0.03265857696533203,-0.004502773284912109,-0.0074241905714657365
1786957823.648541,-1.3329982542174e-10,3.4990496542879427e-09,0.06167674064636231,-0.03265857696533203,-0.004502773284912109,-0.0074241905714657365
1786957823.678683,-1.3329982542174e-10,3.4990496542879427e-09,0.061471819877624526,-0.03265857696533203,-0.004502773284912109,-0.0074241905714657365
1786957823.7281613,-1.3329982542174e-10,3.4990496542879427e-09,0.06151986122131348,-0.03265857696533203,-0.004502773284912109,-0.0074241905714657365
1786957823.7785268,-1.3329982542174e-10,3.4990496542879427e-09,0.0615544319152832,-0.03265857696533203,-0.004502773284912109,-0.0074241905714657365
1786957823.840599,-1.3329982542174e-10,3.4990496542879427e-09,0.061712265014648424,-0.03265857696533203,-0.004502773284912109,-0.0074241905714657365
1786957823.8809085,-1.3329982542174e-10,3.4990496542879427e-09,0.06182932853698731,-0.03265857696533203,-0.004502773284912109,-0.0074241905714657365
1786957823.9279594,-1.3329982542174e-10,3.4990496542879427e-09,0.061871767044067376,-0.03265857696533203,-0.004502773284912109,-0.0074241905714657365
1786957823.9818563,-1.3329982542174e-10,3.4990496542879427e-09,0.06176495552062988,-0.03265857696533203,-0.004502773284912109,-0.0074241905714657365
1786957824.029139,-1.3329982542174e-10,3.4990496542879427e-09,0.06178987026214599,-0.03265857696533203,-0.004502773284912109,-0.0074241905714657365
1786957824.0788717,-1.3329982542174e-10,3.4990496542879427e-09,0.061762928962707526,-0.03265857696533203,-0.004502773284912109,-0.0074241905714657365
1786957824.132292,-1.3329982542174e-10,3.4990496542879427e-09,0.06182074546813965,-0.03265857696533203,-0.004502773284912109,-0.0074241905714657365
1786957824.1781137,-1.3329982542174e-10,3.4990496542879427e-09,0.06183242797851564,-0.03265857696533203,-0.004502773284912109,-0.0074241905714657365
1786957824.252631,-1.3329982542174e-10,3.4990496542879427e-09,0.06192588806152345,-0.03265857696533203,-0.004502773284912109,-0.0074241905714657365
1786957824.2780223,-1.3329982542174e-10,3.4990496542879427e-09,0.06195139884948731,-0.03265857696533203,-0.004502773284912109,-0.0074241905714657365
1786957824.3282971,-1.3329982542174e-10,3.4990496542879427e-09,0.061879992485046394,-0.03265857696533203,-0.004502773284912109,-0.0074241905714657365
1786957824.3783755,-1.3329982542174e-10,3.4990496542879427e-09,0.06181013584136963,-0.03265857696533203,-0.004502773284912109,-0.0074241905714657365
1786957824.4328048,-1.3329982542174e-10,3.4990496542879427e-09,0.06177783012390139,-0.03265857696533203,-0.004502773284912109,-0.0074241905714657365
1786957824.4887002,-1.3329982542174e-10,3.4990496542879427e-09,0.061882019042968764,-0.03265857696533203,-0.004502773284912109,-0.0074241905714657365
1786957824.5278468,-1.3329982542174e-10,3.4990496542879427e-09,0.062028646469116204,-0.03265857696533203,-0.004502773284912109,-0.0074241905714657365
1786957824.6111355,-1.3329982542174e-10,3.4990496542879427e-09,0.0620412826538086,-0.03265857696533203,-0.004502773284912109,-0.0074241905714657365
1786957824.6282887,-1.3329982542174e-10,3.4990496542879427e-09,0.06203114986419678,-0.03265857696533203,-0.004502773284912109,-0.0074241905714657365
1786957824.6847277,-1.3329982542174e-10,3.4990496542879427e-09,0.06183981895446777,-0.03265857696533203,-0.004502773284912109,-0.0074241905714657365
1786957824.7303634,-1.3329982542174e-10,3.4990496542879427e-09,0.06184041500091553,-0.03265857696533203,-0.004502773284912109,-0.0074241905714657365
1786957824.7862096,-1.3329982542174e-10,3.4990496542879427e-09,0.06189274787902833,-0.03265857696533203,-0.004502773284912109,-0.0074241905714657365
1786957824.8382514,-1.3329982542174e-10,3.4990496542879427e-09,0.06208515167236328,-0.03265857696533203,-0.004502773284912109,-0.0074241905714657365
1786957824.8782625,-1.3329982542174e-10,3.4990496542879427e-09,0.06236231327056885,-0.03265857696533203,-0.004502773284912109,-0.0074241905714657365
1786957824.9278007,-1.3329982542174e-10,3.4990496542879427e-09,0.06241714954376221,-0.03265857696533203,-0.004502773284912109,-0.0074241905714657365
1786957824.9783905,-1.3329982542174e-10,3.4990496542879427e-09,0.06226933002471923,-0.03265857696533203,-0.004502773284912109,-0.0074241905714657365
1786957825.0293236,-1.3329982542174e-10,3.4990496542879427e-09,0.062236666679382324,-0.03265857696533203,-0.004502773284912109,-0.0074241905714657365
1786957825.0784173,-1.3329982542174e-10,3.4990496542879427e-09,0.06216633319854736,-0.03265857696533203,-0.004502773284912109,-0.0074241905714657365
1786957825.1370077,-1.3329982542174e-10,3.4990496542879427e-09,0.06218039989471437,-0.03265857696533203,-0.004502773284912109,-0.0074241905714657365
1786957825.1776721,-1.3329982542174e-10,3.4990496542879427e-09,0.06246840953826905,-0.03265857696533203,-0.004502773284912109,-0.0074241905714657365
1786957825.2283375,-1.3329982542174e-10,3.4990496542879427e-09,0.06251752376556396,-0.03265857696533203,-0.004502773284912109,-0.0074241905714657365
1786957825.2781527,-1.3329982542174e-10,3.4990496542879427e-09,0.06277298927307129,-0.03265857696533203,-0.004502773284912109,-0.0074241905714657365
1786957825.3277037,-1.3329982542174e-10,3.4990496542879427e-09,0.06275141239166258,-0.03265857696533203,-0.004502773284912109,-0.0074241905714657365
1786957825.3962383,-1.3329982542174e-10,3.4990496542879427e-09,0.06252288818359374,-0.03265857696533203,-0.004502773284912109,-0.0074241905714657365
1786957825.4304464,-1.3329982542174e-10,3.4990496542879427e-09,0.0625007152557373,-0.03265857696533203,-0.004502773284912109,-0.0074241905714657365
1786957825.478995,-1.3329982542174e-10,3.4990496542879427e-09,0.06259262561798096,-0.03265857696533203,-0.004502773284912109,-0.0074241905714657365
1786957825.5281723,-1.3329982542174e-10,3.4990496542879427e-09,0.06259655952453615,-0.03265857696533203,-0.004502773284912109,-0.0074241905714657365
1786957825.579308,-1.3329982542174e-10,3.4990496542879427e-09,0.06281542778015137,-0.03265857696533203,-0.004502773284912109,-0.0074241905714657365
1786957825.6311166,-1.3329982542174e-10,3.4990496542879427e-09,0.06287789344787598,-0.03265857696533203,-0.004502773284912109,-0.0074241905714657365
1786957825.6801603,-1.3329982542174e-10,3.4990496542879427e-09,0.06267070770263672,-0.03265857696533203,-0.004502773284912109,-0.0074241905714657365
1786957825.740307,5.0522604412636445e-05,3.162035209382849e-06,0.06220102310180664,-0.03265857696533203,-0.004502773284912109,-0.0074241905714657365
1786957825.777991,5.0522604412636445e-05,3.162035209382849e-06,0.05931365489959718,-0.03265857696533203,-0.004502773284912109,-0.0074241905714657365
1786957825.8329072,0.0001263322987820651,7.471076522889579e-06,0.05424463748931885,-0.03265857696533203,-0.004502773284912109,-0.0074241905714657365
1786957825.8844252,0.00032854755788903477,1.7928753628900084e-05,0.04909443855285644,-0.03265857696533203,-0.004502773284912109,-0.0074241905714657365
1786957825.929052,0.0005561383489089544,2.759985593300531e-05,0.035841226577758796,-0.03265857696533203,-0.004502773284912109,-0.0074241905714657365
1786957825.980017,0.0008850312532954381,3.740139188570925e-05,0.02374434471130371,-0.03265857696533203,-0.004502773284912109,-0.0074241905714657365
1786957826.0276344,0.0017960836121743472,5.2931150762242024e-05,0.01034426689147949,-0.03265857696533203,-0.004502773284912109,-0.0074241905714657365
1786957826.0782251,0.0025300935154035846,5.288757536424541e-05,-0.010462999343872069,-0.03265857696533203,-0.004502773284912109,-0.0074241905714657365
1786957826.1568432,0.0033652232405201044,3.855818195222239e-05,-0.023850202560424805,-0.03265857696533203,-0.004502773284912109,-0.0074241905714657365
1786957826.1779153,0.004680764702273634,-1.647103923282116e-06,-0.03725433349609376,-0.03265857696533203,-0.004502773284912109,-0.0074241905714657365
1786957826.229047,0.00551508834280006,-4.103050331289465e-05,-0.05708360671997072,-0.03265857696533203,-0.004502773284912109,-0.0074241905714657365
1786957826.291536,0.006424445832348709,-9.870658354867986e-05,-0.06959688663482666,-0.03265857696533203,-0.004502773284912109,-0.0074241905714657365
1786957826.3280299,0.007711236066174344,-0.0002009402364599085,-0.08896720409393309,-0.03265857696533203,-0.004502773284912109,-0.0074241905714657365
1786957826.3784838,0.008567882338035475,-0.0002829549958255412,-0.10192966461181639,-0.03265857696533203,-0.004502773284912109,-0.0074241905714657365
1786957826.4286559,0.009498616680725727,-0.0003866719616031446,-0.1200258731842041,-0.03265857696533203,-0.004502773284912109,-0.0074241905714657365
1786957826.4778256,0.010855045642234476,-0.0005545409996860118,-0.12623810768127441,-0.03265857696533203,-0.004502773284912109,-0.0074241905714657365
1786957826.52829,0.011833068826382472,-0.0006882203370358704,-0.14544475078582766,-0.03265857696533203,-0.004502773284912109,-0.0074241905714657365
1786957826.5825815,0.012883912873008413,-0.0008488428720882196,-0.15790927410125735,-0.03265857696533203,-0.004502773284912109,-0.0074241905714657365
1786957826.6283302,0.01557605600479215,-0.001322378190448034,-0.18922126293182373,-0.03265857696533203,-0.004502773284912109,-0.0074241905714657365
1786957826.683237,0.01557605600479215,-0.001322378190448034,-0.18922126293182373,-0.03265857696533203,-0.004502773284912109,-0.0074241905714657365
1786957826.7347531,0.016693548704133063,-0.001542577024098414,-0.19988822937011716,-0.03265857696533203,-0.004502773284912109,-0.0074241905714657365
1786957826.8063598,0.01840339871903599,-0.0018981840763002905,-0.21021676063537603,-0.03265857696533203,-0.004502773284912109,-0.0074241905714657365
1786957826.8284295,0.019614476578649676,-0.002165476191369941,-0.22423040866851812,-0.03265857696533203,-0.004502773284912109,-0.0074241905714657365
1786957826.8881285,0.02084708063056964,-0.002452293836550756,-0.23301768302917478,-0.03265857696533203,-0.004502773284912109,-0.0074241905714657365
1786957826.9397817,0.022076502649742633,-0.002752458140173265,-0.24591422080993652,-0.03265857696533203,-0.004502773284912109,-0.0074241905714657365
1786957826.977554,0.024160884423783405,-0.0032852906364540047,-0.25462841987609874,-0.03265857696533203,-0.004502773284912109,-0.0074241905714657365
1786957827.0300174,0.025604539046986646,-0.003667255683834124,-0.26268184185028076,-0.03265857696533203,-0.004502773284912109,-0.0074241905714657365
1786957827.0848973,0.027875091309958043,-0.0042880685318354185,-0.27111029624938965,-0.03265857696533203,-0.004502773284912109,-0.0074241905714657365
1786957827.133599,0.02948172117876699,-0.004745592762675662,-0.2837474346160889,-0.03265857696533203,-0.004502773284912109,-0.0074241905714657365
1786957827.1850815,0.031083737381103052,-0.005219018622349319,-0.29093360900878906,-0.03265857696533203,-0.004502773284912109,-0.0074241905714657365
1786957827.2293835,0.03345696338740308,-0.005940417922543555,-0.29926395416259766,-0.03265857696533203,-0.004502773284912109,-0.0074241905714657365
1786957827.278661,0.03500235960918249,-0.006425984040990539,-0.3096048831939698,-0.03265857696533203,-0.004502773284912109,-0.0074241905714657365
1786957827.3276513,0.038873526647572376,-0.007698646451205146,-0.3235323429107666,-0.03265857696533203,-0.004502773284912109,-0.0074241905714657365
1786957827.3782678,0.038873526647572376,-0.007698646451205146,-0.3235323429107666,-0.03265857696533203,-0.004502773284912109,-0.0074241905714657365
1786957827.4321942,0.04040667860481274,-0.008221589099765942,-0.3338979482650757,-0.03265857696533203,-0.004502773284912109,-0.0074241905714657365
1786957827.4791815,0.04284305886211232,-0.00907550627635115,-0.3403174877166748,-0.03265857696533203,-0.004502773284912109,-0.0074241905714657365
1786957827.5297272,0.04448746401540557,-0.009663702791864336,-0.3467106819152832,-0.03265857696533203,-0.004502773284912109,-0.0074241905714657365
1786957827.578016,0.04619943624919491,-0.0102883477845223,-0.353007197380066,-0.03265857696533203,-0.004502773284912109,-0.0074241905714657365
1786957827.627911,0.04797717937673919,-0.010954063843260108,-0.3636091947555542,-0.03265857696533203,-0.004502773284912109,-0.0074241905714657365
1786957827.683515,0.05090689756753797,-0.012079715291216292,-0.370046615600586,-0.03265857696533203,-0.004502773284912109,-0.0074241905714657365
1786957827.7302148,0.052909189161367366,-0.012866726232897703,-0.3789635896682739,-0.03265857696533203,-0.004502773284912109,-0.0074241905714657365
1786957827.7854772,0.055939232967583824,-0.014083102987876628,-0.38452839851379395,-0.03265857696533203,-0.004502773284912109,-0.0074241905714657365
1786957827.841234,0.05790781511462581,-0.014886206696454105,-0.39017152786254883,-0.03265857696533203,-0.004502773284912109,-0.0074241905714657365
1786957827.8872974,0.059871838145128614,-0.01570039633777724,-0.3958042860031128,-0.03265857696533203,-0.004502773284912109,-0.0074241905714657365
1786957827.9528317,0.06473838962219945,-0.01777400460123921,-0.40727829933166515,-0.03265857696533203,-0.004502773284912109,-0.0074241905714657365
1786957827.9783816,0.06473838962219945,-0.01777400460123921,-0.40727829933166515,-0.03265857696533203,-0.004502773284912109,-0.0074241905714657365
1786957828.0276628,0.0666884732651587,-0.018621037671341018,-0.41226089000701915,-0.03265857696533203,-0.004502773284912109,-0.0074241905714657365
1786957828.081547,0.06863368566479192,-0.019479198470198956,-0.4187051057815552,-0.03265857696533203,-0.004502773284912109,-0.0074241905714657365
1786957828.1292307,0.0716370965351158,-0.020823142074038525,-0.4227949380874634,-0.03265857696533203,-0.004502773284912109,-0.0074241905714657365
1786957828.177871,0.07364356843951592,-0.02173033850055796,-0.4264612197875977,-0.03265857696533203,-0.004502773284912109,-0.0074241905714657365
1786957828.2302802,0.07564555020575908,-0.022647401130407523,-0.4326403141021729,-0.03265857696533203,-0.004502773284912109,-0.0074241905714657365
1786957828.2776704,0.07895210723023428,-0.024180633607355208,-0.4357272386550905,-0.03265857696533203,-0.004502773284912109,-0.0074241905714657365
1786957828.3361444,0.08122193995600323,-0.025242086527002168,-0.43911659717559814,-0.03265857696533203,-0.004502773284912109,-0.0074241905714657365
1786957828.3806572,0.0834874572182716,-0.026312719254861165,-0.4438234567642211,-0.03265857696533203,-0.004502773284912109,-0.0074241905714657365
1786957828.4286516,0.08695943574998966,-0.027969976054132158,-0.4468612670898437,-0.03265857696533203,-0.004502773284912109,-0.0074241905714657365
1786957828.4786665,0.08926282744503809,-0.029078787102257187,-0.4504237174987792,-0.03265857696533203,-0.004502773284912109,-0.0074241905714657365
1786957828.528207,0.09142521332335876,-0.030130348171226104,-0.45482623577117925,-0.03265857696533203,-0.004502773284912109,-0.0074241905714657365
1786957828.590306,0.09492408423521818,-0.031848225769371595,-0.4579858779907227,-0.03265857696533203,-0.004502773284912109,-0.0074241905714657365
1786957828.6373436,0.09717009758474537,-0.03295919243734343,-0.4607139825820924,-0.03265857696533203,-0.004502773284912109,-0.0074241905714657365
1786957828.6830304,0.09943437255140139,-0.03409028364363989,-0.46584177017211914,-0.03265857696533203,-0.004502773284912109,-0.0074241905714657365
1786957828.728399,0.10284624931508374,-0.03581252660765672,-0.4690848588943481,-0.03265857696533203,-0.004502773284912109,-0.0074241905714657365
1786957828.780465,0.10512474346885965,-0.03697163817798599,-0.47211086750030523,-0.03265857696533203,-0.004502773284912109,-0.0074241905714657365
1786957828.8509283,0.1073986534138717,-0.03813971728628196,-0.47696423530578613,-0.03265857696533203,-0.004502773284912109,-0.0074241905714657365
1786957828.8825738,0.11067826388386541,-0.03984260960207675,-0.48087143898010254,-0.03265857696533203,-0.004502773284912109,-0.0074241905714657365
1786957828.9283962,0.11292023126638666,-0.04101729709128277,-0.4843816757202148,-0.03265857696533203,-0.004502773284912109,-0.0074241905714657365
1786957828.9828494,0.11517977979215313,-0.04221292065284753,-0.4889963865280152,-0.03265857696533203,-0.004502773284912109,-0.0074241905714657365
1786957829.0278845,0.11857335264863886,-0.04402532190289244,-0.492063045501709,-0.03265857696533203,-0.004502773284912109,-0.0074241905714657365
1786957829.0891318,0.12102548237308468,-0.04534391699950424,-0.49469232559204107,-0.03265857696533203,-0.004502773284912109,-0.0074241905714657365
1786957829.1286714,0.12351711625892997,-0.04669589107027386,-0.49960422515869146,-0.03265857696533203,-0.004502773284912109,-0.0074241905714657365
1786957829.187168,0.12742504482192826,-0.048834179024493336,-0.5017262697219849,-0.03265857696533203,-0.004502773284912109,-0.0074241905714657365
1786957829.2349305,0.12999722428533683,-0.05024988430703549,-0.5045609474182128,-0.03265857696533203,-0.004502773284912109,-0.0074241905714657365
1786957829.2780397,0.13256516811133917,-0.05167325816709302,-0.507693886756897,-0.03265857696533203,-0.004502773284912109,-0.0074241905714657365
1786957829.348163,0.1364997993402951,-0.05386789361710442,-0.5098905563354492,-0.03265857696533203,-0.004502773284912109,-0.0074241905714657365
1786957829.3809435,0.13906070097530238,-0.055303898998297546,-0.5122156143188478,-0.03265857696533203,-0.004502773284912109,-0.0074241905714657365
1786957829.4316041,0.14152911748326288,-0.05669781192683864,-0.5159014463424684,-0.03265857696533203,-0.004502773284912109,-0.0074241905714657365
1786957829.4814367,0.14548909856849995,-0.058950585585088464,-0.5185515880584718,-0.03265857696533203,-0.004502773284912109,-0.0074241905714657365
1786957829.530622,0.14812547745560872,-0.06045876015041282,-0.520696759223938,-0.03265857696533203,-0.004502773284912109,-0.0074241905714657365
1786957829.584559,0.1507789585923631,-0.06198798022816985,-0.5249353647232056,-0.03265857696533203,-0.004502773284912109,-0.0074241905714657365
1786957829.627977,0.15471936470130013,-0.0642748206352362,-0.5267657041549683,-0.03265857696533203,-0.004502773284912109,-0.0074241905714657365
1786957829.6806517,0.15738647665900726,-0.06583099006351602,-0.529581308364868,-0.03265857696533203,-0.004502773284912109,-0.0074241905714657365
1786957829.7338061,0.1600048793647754,-0.06737016238210498,-0.5332626104354858,-0.03265857696533203,-0.004502773284912109,-0.0074241905714657365
1786957829.7782679,0.1638164241663653,-0.06962658561984897,-0.535765767097473,-0.03265857696533203,-0.004502773284912109,-0.0074241905714657365
1786957829.8345735,0.16625206242526716,-0.07107701299855478,-0.5384453535079956,-0.03265857696533203,-0.004502773284912109,-0.0074241905714657365
1786957829.8800282,0.16994321685735764,-0.07328825933368874,-0.5410200357437135,-0.03265857696533203,-0.004502773284912109,-0.0074241905714657365
1786957829.9286077,0.1725237143062841,-0.07484164476564513,-0.5427154302597046,-0.03265857696533203,-0.004502773284912109,-0.0074241905714657365
1786957829.979065,0.17505714874418332,-0.07637504150965949,-0.5458468198776245,-0.03265857696533203,-0.004502773284912109,-0.0074241905714657365
1786957830.0281157,0.17918762435632388,-0.07888701783185346,-0.5469441413879395,-0.03265857696533203,-0.004502773284912109,-0.0074241905714657365
1786957830.0984316,0.1819960345227894,-0.08060151297712917,-0.5492441654205322,-0.03265857696533203,-0.004502773284912109,-0.0074241905714657365
1786957830.129229,0.18488676284319092,-0.0823754513118356,-0.5515691041946411,-0.03265857696533203,-0.004502773284912109,-0.0074241905714657365
1786957830.1865914,0.1892174712849093,-0.08504511255021065,-0.5532842874526976,-0.03265857696533203,-0.004502773284912109,-0.0074241905714657365
1786957830.2325933,0.19210255806841,-0.08682821145082775,-0.5538730621337892,-0.03265857696533203,-0.004502773284912109,-0.0074241905714657365
1786957830.2783086,0.195049560675892,-0.08865555267389143,-0.5562162399291992,-0.03265857696533203,-0.004502773284912109,-0.0074241905714657365
1786957830.3278325,0.19930217064532893,-0.09130708054706953,-0.5588322877883911,-0.03265857696533203,-0.004502773284912109,-0.0074241905714657365
1786957830.382401,0.2022611448944681,-0.09316305608276186,-0.5615791082382202,-0.03265857696533203,-0.004502773284912109,-0.0074241905714657365
1786957830.428094,0.20517187177502375,-0.09500065699709795,-0.5646835565567017,-0.03265857696533203,-0.004502773284912109,-0.0074241905714657365
1786957830.4777157,0.20961750501271392,-0.0978206920957489,-0.5658890008926393,-0.03265857696533203,-0.004502773284912109,-0.0074241905714657365
1786957830.5281475,0.2125212843622792,-0.09966925196294184,-0.5679126977920532,-0.03265857696533203,-0.004502773284912109,-0.0074241905714657365
1786957830.5783305,0.21540047519611144,-0.10150929470080623,-0.5694124698638916,-0.03265857696533203,-0.004502773284912109,-0.0074241905714657365
1786957830.6277015,0.2197886009903101,-0.10432534912446428,-0.5716867446899413,-0.03265857696533203,-0.004502773284912109,-0.0074241905714657365
1786957830.678161,0.22266118806778276,-0.10617568439601055,-0.5727962255477905,-0.03265857696533203,-0.004502773284912109,-0.0074241905714657365
1786957830.7335196,0.22548844695156067,-0.10800290255660903,-0.5747237205505371,-0.03265857696533203,-0.004502773284912109,-0.0074241905714657365
1786957830.7826762,0.22960741493780143,-0.11067589435964137,-0.576545476913452,-0.03265857696533203,-0.004502773284912109,-0.0074241905714657365
1786957830.864222,0.23249029951288716,-0.11255687405657885,-0.579666018486023,-0.03265857696533203,-0.004502773284912109,-0.0074241905714657365
1786957830.889114,0.23668227325718752,-0.11530326218309908,-0.5803136825561525,-0.03265857696533203,-0.004502773284912109,-0.0074241905714657365
1786957830.928217,0.23947455126999315,-0.11713780172418896,-0.5822535753250122,-0.03265857696533203,-0.004502773284912109,-0.0074241905714657365
1786957830.9784203,0.24234908568768732,-0.11903151764138711,-0.5828064680099487,-0.03265857696533203,-0.004502773284912109,-0.0074241905714657365
1786957831.0327299,0.24509529719654108,-0.12084397001729114,-0.5839155912399292,-0.03265857696533203,-0.004502773284912109,-0.0074241905714657365
1786957831.0780926,0.24936062435143252,-0.12366306299674293,-0.5841288566589353,-0.03265857696533203,-0.004502773284912109,-0.0074241905714657365
1786957831.1282809,0.25223123984960605,-0.12556271421609988,-0.5850635766983032,-0.03265857696533203,-0.004502773284912109,-0.0074241905714657365
1786957831.1795268,0.2565350397264175,-0.1284153971341374,-0.5856183767318724,-0.03265857696533203,-0.004502773284912109,-0.0074241905714657365
1786957831.2280297,0.2595299145975443,-0.13040245648098842,-0.5859771966934204,-0.03265857696533203,-0.004502773284912109,-0.0074241905714657365
1786957831.3024766,0.26256673693784355,-0.13241785501674574,-0.5858504772186279,-0.03265857696533203,-0.004502773284912109,-0.0074241905714657365
1786957831.3276563,0.26724633882068244,-0.13552818888011875,-0.5873706340789795,-0.03265857696533203,-0.004502773284912109,-0.0074241905714657365
1786957831.3783934,0.2704701679263477,-0.13767375484936203,-0.5870646238327026,-0.03265857696533203,-0.004502773284912109,-0.0074241905714657365
1786957831.4284208,0.27346238569435166,-0.1396648131534948,-0.5872026681900023,-0.03265857696533203,-0.004502773284912109,-0.0074241905714657365
1786957831.4785342,0.27822471048279074,-0.14283358635548715,-0.5870250463485718,-0.03265857696533203,-0.004502773284912109,-0.0074241905714657365
1786957831.5280778,0.2812579329494299,-0.1448543987298428,-0.5883702039718629,-0.03265857696533203,-0.004502773284912109,-0.0074241905714657365
1786957831.5799465,0.28439456297192006,-0.14694824625847966,-0.5888532400131226,-0.03265857696533203,-0.004502773284912109,-0.0074241905714657365
1786957831.629193,0.2891287711354295,-0.15011355975797566,-0.5898329019546509,-0.03265857696533203,-0.004502773284912109,-0.0074241905714657365
1786957831.6782866,0.2920303206897749,-0.15205808643041677,-0.5910129547119142,-0.03265857696533203,-0.004502773284912109,-0.0074241905714657365
1786957831.7330487,0.2951822245924359,-0.1541746156132913,-0.5916808843612671,-0.03265857696533203,-0.004502773284912109,-0.0074241905714657365
1786957831.792098,0.29990630229640414,-0.15735502853182898,-0.593390941619873,-0.03265857696533203,-0.004502773284912109,-0.0074241905714657365
1786957831.838561,0.303052127733499,-0.1594805817099208,-0.5950344800949096,-0.03265857696533203,-0.004502773284912109,-0.0074241905714657365
1786957831.8837123,0.3078915903898136,-0.16276148153668862,-0.5965086221694946,-0.03265857696533203,-0.004502773284912109,-0.0074241905714657365
1786957831.9281046,0.31107289016446577,-0.1649249201808935,-0.5979112386703491,-0.03265857696533203,-0.004502773284912109,-0.0074241905714657365
1786957831.9890578,0.31437658480143693,-0.16717843080638972,-0.5993362665176394,-0.03265857696533203,-0.004502773284912109,-0.0074241905714657365
1786957832.0280325,0.31757267915658,-0.16936509683117076,-0.6007064580917358,-0.03265857696533203,-0.004502773284912109,-0.0074241905714657365
1786957832.0811734,0.3224162480060856,-0.17268490937950745,-0.6010220050811768,-0.03265857696533203,-0.004502773284912109,-0.0074241905714657365
1786957832.1440046,0.3256713437390737,-0.17491980176898103,-0.602306365966797,-0.03265857696533203,-0.004502773284912109,-0.0074241905714657365
1786957832.1793127,0.33046660100013486,-0.17822054099773454,-0.603400707244873,-0.03265857696533203,-0.004502773284912109,-0.0074241905714657365
1786957832.2278955,0.33357075210775167,-0.1803622438884846,-0.6044948101043701,-0.03265857696533203,-0.004502773284912109,-0.0074241905714657365
1786957832.2815807,0.3367567371192052,-0.18256361322090092,-0.6047632694244385,-0.03265857696533203,-0.004502773284912109,-0.0074241905714657365
1786957832.3294342,0.339878528364742,-0.18472431065757702,-0.606091022491455,-0.03265857696533203,-0.004502773284912109,-0.0074241905714657365
1786957832.3942442,0.34451645467973085,-0.18794107467532828,-0.6067148447036743,-0.03265857696533203,-0.004502773284912109,-0.0074241905714657365
1786957832.4286673,0.34748932950672323,-0.19000560256209437,-0.6072747707366943,-0.03265857696533203,-0.004502773284912109,-0.0074241905714657365
1786957832.4789078,0.3522480105170084,-0.19331472285922385,-0.6079704761505127,-0.03265857696533203,-0.004502773284912109,-0.0074241905714657365
1786957832.5320573,0.3553636996499649,-0.19548421017662068,-0.6085206270217896,-0.03265857696533203,-0.004502773284912109,-0.0074241905714657365
1786957832.5780473,0.35854123465323584,-0.19769775907689313,-0.6083933115005493,-0.03265857696533203,-0.004502773284912109,-0.0074241905714657365
1786957832.628957,0.3617587530684345,-0.1999424709244959,-0.6099050045013428,-0.03265857696533203,-0.004502773284912109,-0.0074241905714657365
1786957832.6795704,0.36654900425091824,-0.203294812805012,-0.6113132238388062,-0.03265857696533203,-0.004502773284912109,-0.0074241905714657365
1786957832.7281191,0.369802746519752,-0.20557605609008064,-0.6116328239440918,-0.03265857696533203,-0.004502773284912109,-0.0074241905714657365
1786957832.7780297,0.37466547376144715,-0.20900136222844787,-0.6157132387161256,-0.03265857696533203,-0.004502773284912109,-0.0074241905714657365
1786957832.829185,0.3777316745863315,-0.211197052979133,-0.6271796226501465,-0.03265857696533203,-0.004502773284912109,-0.0074241905714657365
1786957832.8929965,0.3809259415305122,-0.21351805511458202,-0.6295522451400756,-0.03265857696533203,-0.004502773284912109,-0.0074241905714657365
1786957832.9313252,0.38421738801334343,-0.21592058964338567,-0.6315155029296875,-0.03265857696533203,-0.004502773284912109,-0.0074241905714657365
1786957832.9835339,0.3893022149861965,-0.21964406753707935,-0.6326014995574951,-0.03265857696533203,-0.004502773284912109,-0.0074241905714657365
1786957833.046138,0.39271103734045054,-0.2221433641921161,-0.6327029466629028,-0.03265857696533203,-0.004502773284912109,-0.0074241905714657365
1786957833.078545,0.39609786379873435,-0.22462985370206867,-0.6338759660720825,-0.03265857696533203,-0.004502773284912109,-0.0074241905714657365
1786957833.1292696,0.4012583708033144,-0.2284213319308642,-0.6334115266799926,-0.03265857696533203,-0.004502773284912109,-0.0074241905714657365
1786957833.1840186,0.40458259587466805,-0.2308647820681566,-0.6343085765838624,-0.03265857696533203,-0.004502773284912109,-0.0074241905714657365
1786957833.2292116,0.4080492764776514,-0.2334135772723822,-0.6336489915847777,-0.03265857696533203,-0.004502773284912109,-0.0074241905714657365
1786957833.279992,0.4132696106929385,-0.23725187034137563,-0.6343497037887574,-0.03265857696533203,-0.004502773284912109,-0.0074241905714657365
1786957833.3277576,0.4167562374188545,-0.2398162651214692,-0.6339558362960815,-0.03265857696533203,-0.004502773284912109,-0.0074241905714657365
1786957833.3779085,0.42020404479059814,-0.2423480000735059,-0.6328022480010987,-0.03265857696533203,-0.004502773284912109,-0.0074241905714657365
1786957833.4554915,0.4254290714947972,-0.24617990285713534,-0.6327493190765382,-0.03265857696533203,-0.004502773284912109,-0.0074241905714657365
1786957833.477844,0.42873690725862934,-0.24860290480381472,-0.6316689252853394,-0.03265857696533203,-0.004502773284912109,-0.0074241905714657365
1786957833.5280843,0.4321506630833984,-0.2510954586711555,-0.6296823024749756,-0.03265857696533203,-0.004502773284912109,-0.0074241905714657365
1786957833.6040115,0.43726509058941976,-0.25482132220134107,-0.6295155286788942,-0.03265857696533203,-0.004502773284912109,-0.0074241905714657365
1786957833.6289465,0.4407035940871491,-0.2573228934359127,-0.6283971071243287,-0.03265857696533203,-0.004502773284912109,-0.0074241905714657365
1786957833.6800423,0.4457816816983388,-0.26101266113215243,-0.6283227205276489,-0.03265857696533203,-0.004502773284912109,-0.0074241905714657365
1786957833.7326567,0.4492026608977814,-0.2634952917792123,-0.6272209882736206,-0.03265857696533203,-0.004502773284912109,-0.0074241905714657365
1786957833.7781637,0.4526050448914544,-0.26596045033420085,-0.6267904043197632,-0.03265857696533203,-0.004502773284912109,-0.0074241905714657365
1786957833.8283033,0.45594677087049096,-0.26837991068301476,-0.6265343427658081,-0.03265857696533203,-0.004502773284912109,-0.0074241905714657365
1786957833.8896253,0.4610948437132042,-0.2721025078703232,-0.6255955696105957,-0.03265857696533203,-0.004502773284912109,-0.0074241905714657365
1786957833.9281046,0.4646648269644242,-0.2746814532019957,-0.6256042718887328,-0.03265857696533203,-0.004502773284912109,-0.0074241905714657365
1786957833.978143,0.4698347875268494,-0.27841697577727453,-0.6257883310317993,-0.03265857696533203,-0.004502773284912109,-0.0074241905714657365
1786957834.0405333,0.47330212518218456,-0.28092189635963033,-0.6254593133926393,-0.03265857696533203,-0.004502773284912109,-0.0074241905714657365
1786957834.0779638,0.47681151587006926,-0.28345504923970505,-0.6249836683273317,-0.03265857696533203,-0.004502773284912109,-0.0074241905714657365
1786957834.1286302,0.4819232224643829,-0.28714153925899577,-0.6246234178543092,-0.03265857696533203,-0.004502773284912109,-0.0074241905714657365
1786957834.1875162,0.48539341421692195,-0.2896425044208133,-0.6243436336517335,-0.03265857696533203,-0.004502773284912109,-0.0074241905714657365
1786957834.227852,0.48888335583413045,-0.2921593554105742,-0.6252464056015015,-0.03265857696533203,-0.004502773284912109,-0.0074241905714657365
1786957834.2785966,0.4940332770018255,-0.29587939516565276,-0.6258901357650757,-0.03265857696533203,-0.004502773284912109,-0.0074241905714657365
1786957834.3388052,0.4974792877481844,-0.29837061472271953,-0.6260080337524414,-0.03265857696533203,-0.004502773284912109,-0.0074241905714657365
1786957834.3790607,0.5009436938206059,-0.3008795882389975,-0.627578377723694,-0.03265857696533203,-0.004502773284912109,-0.0074241905714657365
1786957834.427734,0.5060860268524824,-0.3046101102938995,-0.6276320219039917,-0.03265857696533203,-0.004502773284912109,-0.0074241905714657365
1786957834.4826934,0.5094239788103782,-0.30703477472949275,-0.6288090944290161,-0.03265857696533203,-0.004502773284912109,-0.0074241905714657365
1786957834.5284967,0.5128431959349975,-0.3095198316438208,-0.6281534433364868,-0.03265857696533203,-0.004502773284912109,-0.0074241905714657365
1786957834.5781558,0.5180432267461915,-0.3133001251647489,-0.6290498971939087,-0.03265857696533203,-0.004502773284912109,-0.0074241905714657365
1786957834.6329126,0.5216036255159964,-0.3158922864324401,-0.6295638084411621,-0.03265857696533203,-0.004502773284912109,-0.0074241905714657365
1786957834.6780303,0.5250206965762632,-0.3183802934625401,-0.6291248798370362,-0.03265857696533203,-0.004502773284912109,-0.0074241905714657365
1786957834.7281349,0.5302385850798649,-0.3221790643434167,-0.6294558048248291,-0.03265857696533203,-0.004502773284912109,-0.0074241905714657365
1786957834.7791662,0.5337382890188717,-0.3247255833112123,-0.6286150217056276,-0.03265857696533203,-0.004502773284912109,-0.0074241905714657365
1786957834.8279617,0.5372797027857746,-0.3273008170999029,-0.6288520097732543,-0.03265857696533203,-0.004502773284912109,-0.0074241905714657365
1786957834.8875637,0.5424159163387677,-0.33103976001881574,-0.629635453224182,-0.03265857696533203,-0.004502773284912109,-0.0074241905714657365
1786957834.928164,0.5458723746686082,-0.33355967139703746,-0.6302726268768312,-0.03265857696533203,-0.004502773284912109,-0.0074241905714657365
1786957834.9778576,0.5492657425957836,-0.3360372261698835,-0.6310352087020874,-0.03265857696533203,-0.004502773284912109,-0.0074241905714657365
1786957835.0425382,0.5543536644908444,-0.33975647391081715,-0.6314184665679933,-0.03265857696533203,-0.004502773284912109,-0.0074241905714657365
1786957835.077807,0.557764050359139,-0.3422536366692445,-0.6326342821121216,-0.03265857696533203,-0.004502773284912109,-0.0074241905714657365
1786957835.1281717,0.5611506115088268,-0.34474048751339664,-0.6341580152511597,-0.03265857696533203,-0.004502773284912109,-0.0074241905714657365
1786957835.1943696,0.5662475514751223,-0.3484902382704331,-0.6343969106674194,-0.03265857696533203,-0.004502773284912109,-0.0074241905714657365
1786957835.2298262,0.5697329017790081,-0.3510563676072447,-0.6349037885665895,-0.03265857696533203,-0.004502773284912109,-0.0074241905714657365
1786957835.2792892,0.5749290166166127,-0.3548848674747962,-0.6350957155227661,-0.03265857696533203,-0.004502773284912109,-0.0074241905714657365
1786957835.340327,0.5783936836544961,-0.3574363991153581,-0.6344410181045532,-0.03265857696533203,-0.004502773284912109,-0.0074241905714657365
1786957835.377708,0.5818183147800405,-0.359956928147027,-0.6345206499099731,-0.03265857696533203,-0.004502773284912109,-0.0074241905714657365
1786957835.4284902,0.5854070170801527,-0.3625961319720141,-0.6336883306503296,-0.03265857696533203,-0.004502773284912109,-0.0074241905714657365
1786957835.478024,0.5908132932674283,-0.36656607892605997,-0.6330944299697876,-0.03265857696533203,-0.004502773284912109,-0.0074241905714657365
1786957835.5279245,0.5944472478234897,-0.3692291827450655,-0.6317602396011354,-0.03265857696533203,-0.004502773284912109,-0.0074241905714657365
1786957835.5781515,0.5999828722070834,-0.37327954476710956,-0.631598711013794,-0.03265857696533203,-0.004502773284912109,-0.0074241905714657365
1786957835.6288755,0.6035982330290268,-0.3759251996659583,-0.6318794488906861,-0.03265857696533203,-0.004502773284912109,-0.0074241905714657365
1786957835.6791024,0.6073584862098393,-0.37867287029323954,-0.6302076578140259,-0.03265857696533203,-0.004502773284912109,-0.0074241905714657365
1786957835.7311678,0.6129015105193606,-0.38271309941173143,-0.6294927597045897,-0.03265857696533203,-0.004502773284912109,-0.0074241905714657365
1786957835.7794797,0.6166867174520598,-0.3854695099613366,-0.6293201446533204,-0.03265857696533203,-0.004502773284912109,-0.0074241905714657365
1786957835.8329284,0.620514345769578,-0.38825365820672814,-0.6284154653549193,-0.03265857696533203,-0.004502773284912109,-0.0074241905714657365
1786957835.8783517,0.6261852806511522,-0.3923762134350292,-0.6287708282470704,-0.03265857696533203,-0.004502773284912109,-0.0074241905714657365
1786957835.9391608,0.6299534697902488,-0.39511299045770193,-0.6275283098220825,-0.03265857696533203,-0.004502773284912109,-0.0074241905714657365
1786957835.9786747,0.6338263983221726,-0.3979209076521364,-0.6271029710769653,-0.03265857696533203,-0.004502773284912109,-0.0074241905714657365
1786957836.0278182,0.6395018562560163,-0.4020372338397239,-0.6278873682022096,-0.03265857696533203,-0.004502773284912109,-0.0074241905714657365
1786957836.0899367,0.6433321090001543,-0.40481777046156636,-0.6279617547988892,-0.03265857696533203,-0.004502773284912109,-0.0074241905714657365
1786957836.1281817,0.6470988761630821,-0.40755650429312473,-0.6293761730194093,-0.03265857696533203,-0.004502773284912109,-0.0074241905714657365
1786957836.199762,0.6527055465696093,-0.4116383235209477,-0.6292054653167726,-0.03265857696533203,-0.004502773284912109,-0.0074241905714657365
1786957836.2291813,0.6564066097784489,-0.4143382935596066,-0.6313132047653198,-0.03265857696533203,-0.004502773284912109,-0.0074241905714657365
1786957836.2800307,0.6602050896560602,-0.4171194471518942,-0.632677674293518,-0.03265857696533203,-0.004502773284912109,-0.0074241905714657365
1786957836.3279517,0.6657547266061791,-0.4211935068097916,-0.633833408355713,-0.03265857696533203,-0.004502773284912109,-0.0074241905714657365
1786957836.3777714,0.6696292856047238,-0.42404211454707713,-0.6341005563735961,-0.03265857696533203,-0.004502773284912109,-0.0074241905714657365
1786957836.4310186,0.6734000810412718,-0.426818207560115,-0.6351318359375001,-0.03265857696533203,-0.004502773284912109,-0.0074241905714657365
1786957836.4784348,0.6791235065964709,-0.43104044061854563,-0.6360472440719606,-0.03265857696533203,-0.004502773284912109,-0.0074241905714657365
1786957836.5380788,0.6829106364611544,-0.433837029982849,-0.6360831260681152,-0.03265857696533203,-0.004502773284912109,-0.0074241905714657365
1786957836.578312,0.6866982991640971,-0.43663289763587704,-0.6356661319732666,-0.03265857696533203,-0.004502773284912109,-0.0074241905714657365
1786957836.6282427,0.6923825703885426,-0.440822934173557,-0.6347581148147583,-0.03265857696533203,-0.004502773284912109,-0.0074241905714657365
1786957836.686863,0.6961317845334181,-0.44358564862780314,-0.6353422403335571,-0.03265857696533203,-0.004502773284912109,-0.0074241905714657365
1786957836.728365,0.6999408105004473,-0.4463951932834155,-0.6356956958770752,-0.03265857696533203,-0.004502773284912109,-0.0074241905714657365
1786957836.7779086,0.7054805812099596,-0.4504826586178571,-0.6356508731842041,-0.03265857696533203,-0.004502773284912109,-0.0074241905714657365
1786957836.8299708,0.7091655363137956,-0.4532045720933728,-0.6367515325546266,-0.03265857696533203,-0.004502773284912109,-0.0074241905714657365
1786957836.8791747,0.7147400894359217,-0.4573301458407015,-0.6374828815460205,-0.03265857696533203,-0.004502773284912109,-0.0074241905714657365
1786957836.9349473,0.7184606752213291,-0.4600890093301574,-0.638611912727356,-0.03265857696533203,-0.004502773284912109,-0.0074241905714657365
1786957836.9779563,0.7221785908814999,-0.4628514700961927,-0.639417290687561,-0.03265857696533203,-0.004502773284912109,-0.0074241905714657365
1786957837.028227,0.7259351654040586,-0.4656467766085081,-0.6400250196456909,-0.03265857696533203,-0.004502773284912109,-0.0074241905714657365
1786957837.07794,0.7316182021049223,-0.4698809887003467,-0.6406409740447999,-0.03265857696533203,-0.004502773284912109,-0.0074241905714657365
1786957837.1630979,0.7354125218998375,-0.4727103627094339,-0.6408288478851318,-0.03265857696533203,-0.004502773284912109,-0.0074241905714657365
1786957837.1786568,0.7410936288280626,-0.4769471636549716,-0.6407483816146852,-0.03265857696533203,-0.004502773284912109,-0.0074241905714657365
1786957837.2402,0.7448277124629945,-0.4797302944940033,-0.6402649879455565,-0.03265857696533203,-0.004502773284912109,-0.0074241905714657365
1786957837.3009446,0.748521815910927,-0.4824823584100277,-0.640306830406189,-0.03265857696533203,-0.004502773284912109,-0.0074241905714657365
1786957837.3282504,0.7540218892196158,-0.4865808658731053,-0.6405028104782104,-0.03265857696533203,-0.004502773284912109,-0.0074241905714657365
1786957837.3778396,0.7577981136308015,-0.489392163417101,-0.6394062042236327,-0.03265857696533203,-0.004502773284912109,-0.0074241905714657365
1786957837.4333632,0.761393826849913,-0.4920644602124727,-0.638850212097168,-0.03265857696533203,-0.004502773284912109,-0.0074241905714657365
1786957837.4784043,0.7669015529447646,-0.49615267780574535,-0.6382203102111816,-0.03265857696533203,-0.004502773284912109,-0.0074241905714657365
1786957837.5287695,0.7705195519448191,-0.49883741818461375,-0.6385685205459595,-0.03265857696533203,-0.004502773284912109,-0.0074241905714657365
1786957837.581502,0.7742598410749804,-0.501612203776805,-0.6379787921905516,-0.03265857696533203,-0.004502773284912109,-0.0074241905714657365
1786957837.6284518,0.7799029435303777,-0.5057727756989495,-0.6326479911804199,-0.03265857696533203,-0.004502773284912109,-0.0074241905714657365
1786957837.678178,0.7837361122238572,-0.5085492910971982,-0.6211022138595582,-0.03265857696533203,-0.004502773284912109,-0.0074241905714657365
1786957837.7280571,0.7874870500642936,-0.5112233743792021,-0.6175744533538818,-0.03265857696533203,-0.004502773284912109,-0.0074241905714657365
1786957837.778131,0.7932439207052787,-0.5153130914798235,-0.6177774667739868,-0.03265857696533203,-0.004502773284912109,-0.0074241905714657365
1786957837.8370018,0.796999177830198,-0.5179811057240984,-0.6176650524139404,-0.03265857696533203,-0.004502773284912109,-0.0074241905714657365
1786957837.8780704,0.8008967694955369,-0.5207546870902154,-0.6192914247512817,-0.03265857696533203,-0.004502773284912109,-0.0074241905714657365
1786957837.9398158,0.8066051765520568,-0.5248251972447934,-0.6196004152297974,-0.03265857696533203,-0.004502773284912109,-0.0074241905714657365
1786957837.978152,0.8103942992697286,-0.5275329171140298,-0.6213191747665406,-0.03265857696533203,-0.004502773284912109,-0.0074241905714657365
1786957838.02774,0.8141585560895248,-0.5302318904252441,-0.6227701902389526,-0.03265857696533203,-0.004502773284912109,-0.0074241905714657365
1786957838.0781224,0.8197500378166728,-0.534248327212896,-0.6230527162551881,-0.03265857696533203,-0.004502773284912109,-0.0074241905714657365
1786957838.138567,0.8235491303382679,-0.536985567913618,-0.625649929046631,-0.03265857696533203,-0.004502773284912109,-0.0074241905714657365
1786957838.1910279,0.827364396963164,-0.539743647909823,-0.6262189149856567,-0.03265857696533203,-0.004502773284912109,-0.0074241905714657365
1786957838.2287037,0.8331629795045806,-0.5439488737287533,-0.6286808252334595,-0.03265857696533203,-0.004502773284912109,-0.0074241905714657365
1786957838.2786524,0.8370937339388554,-0.5468063875111336,-0.6285067796707153,-0.03265857696533203,-0.004502773284912109,-0.0074241905714657365
1786957838.3290925,0.8409015884416035,-0.5495746918243214,-0.6287269592285156,-0.03265857696533203,-0.004502773284912109,-0.0074241905714657365
1786957838.3776858,0.846633535999529,-0.5537424532588602,-0.6286538839340211,-0.03265857696533203,-0.004502773284912109,-0.0074241905714657365
1786957838.428141,0.8503780679767797,-0.5564687266514925,-0.6299784183502197,-0.03265857696533203,-0.004502773284912109,-0.0074241905714657365
1786957838.4783702,0.856104216893024,-0.5606444513515932,-0.6301823854446411,-0.03265857696533203,-0.004502773284912109,-0.0074241905714657365
1786957838.5281773,0.8598767722448704,-0.5634606705905315,-0.6523345708847047,-0.03265857696533203,-0.004502773284912109,-0.0074241905714657365
1786957838.593986,0.8633962067601376,-0.5661915608705325,-0.6674667596817018,-0.03265857696533203,-0.004502773284912109,-0.0074241905714657365
1786957838.631218,0.866990470065849,-0.5690321555925402,-0.6701463460922241,-0.03265857696533203,-0.004502773284912109,-0.0074241905714657365
1786957838.677693,0.8723826396394958,-0.5733124522718918,-0.6717499494552612,-0.03265857696533203,-0.004502773284912109,-0.0074241905714657365
1786957838.7310827,0.8760856739375,-0.5762602916462791,-0.6729184389114379,-0.03265857696533203,-0.004502773284912109,-0.0074241905714657365
1786957838.777617,0.8816450250252024,-0.5806963335271986,-0.6740516424179078,-0.03265857696533203,-0.004502773284912109,-0.0074241905714657365
1786957838.8389375,0.8851827226433919,-0.5835267307501946,-0.6755126714706421,-0.03265857696533203,-0.004502773284912109,-0.0074241905714657365
1786957838.88564,0.8888772130908118,-0.5864852709853963,-0.674941897392273,-0.03265857696533203,-0.004502773284912109,-0.0074241905714657365
1786957838.951839,0.8942119873315623,-0.5907563566014182,-0.6752864122390747,-0.03265857696533203,-0.004502773284912109,-0.0074241905714657365
1786957838.978094,0.8979267686916995,-0.5937300506008605,-0.6748088598251344,-0.03265857696533203,-0.004502773284912109,-0.0074241905714657365
1786957839.0282888,0.9013269711664251,-0.5964486984310252,-0.674129843711853,-0.03265857696533203,-0.004502773284912109,-0.0074241905714657365
1786957839.0893567,0.9066050953520576,-0.6006690464415887,-0.6748548746109009,-0.03265857696533203,-0.004502773284912109,-0.0074241905714657365
1786957839.1296144,0.9102227116029071,-0.6035616126036008,-0.6741122007369995,-0.03265857696533203,-0.004502773284912109,-0.0074241905714657365
1786957839.1781209,0.9154424601330181,-0.6077333787280239,-0.6744271516799928,-0.03265857696533203,-0.004502773284912109,-0.0074241905714657365
1786957839.2288382,0.9189999519613625,-0.6105795500584258,-0.675115704536438,-0.03265857696533203,-0.004502773284912109,-0.0074241905714657365
1786957839.2786963,0.9226747191010868,-0.6135222276067336,-0.6753162145614624,-0.03265857696533203,-0.004502773284912109,-0.0074241905714657365
1786957839.3301294,0.928146643532611,-0.6179054920360301,-0.6754409074783325,-0.03265857696533203,-0.004502773284912109,-0.0074241905714657365
1786957839.3779728,0.9318604333496107,-0.6208804242623325,-0.675321102142334,-0.03265857696533203,-0.004502773284912109,-0.0074241905714657365
1786957839.4383287,0.9354369941131344,-0.6237432760206852,-0.674707293510437,-0.03265857696533203,-0.004502773284912109,-0.0074241905714657365
1786957839.4810512,0.9410340396893494,-0.6282132384920706,-0.6731014251708984,-0.03265857696533203,-0.004502773284912109,-0.0074241905714657365
1786957839.5499775,0.9446979290659603,-0.6311289725809901,-0.671251654624939,-0.03265857696533203,-0.004502773284912109,-0.0074241905714657365
1786957839.578042,0.9484655123249486,-0.6341176327926431,-0.6699794530868529,-0.03265857696533203,-0.004502773284912109,-0.0074241905714657365
1786957839.6320493,0.9540223289907448,-0.6385161833180738,-0.6691665649414062,-0.03265857696533203,-0.004502773284912109,-0.0074241905714657365
1786957839.6797445,0.9577155348983823,-0.6414356858113596,-0.6686838865280151,-0.03265857696533203,-0.004502773284912109,-0.0074241905714657365
1786957839.7282538,0.961291208589235,-0.6442589812275857,-0.6680310964584351,-0.03265857696533203,-0.004502773284912109,-0.0074241905714657365
1786957839.7913501,0.9667152007395827,-0.6485398555935612,-0.6682695150375366,-0.03265857696533203,-0.004502773284912109,-0.0074241905714657365
1786957839.8280282,0.9703100352334527,-0.6513797274299584,-0.6689413785934448,-0.03265857696533203,-0.004502773284912109,-0.0074241905714657365
1786957839.879267,0.9739222000313484,-0.6542384896716908,-0.6700409650802612,-0.03265857696533203,-0.004502773284912109,-0.0074241905714657365
1786957839.9282615,0.9794552558989703,-0.65862627251795,-0.6708905696868896,-0.03265857696533203,-0.004502773284912109,-0.0074241905714657365
1786957839.978172,0.9831605655255213,-0.6615712513906707,-0.6722333431243898,-0.03265857696533203,-0.004502773284912109,-0.0074241905714657365
1786957840.0278032,0.9869616713532936,-0.6645990905418048,-0.6730561256408691,-0.03265857696533203,-0.004502773284912109,-0.0074241905714657365
1786957840.0845635,0.9925632260782794,-0.6690634010530495,-0.6727337837219238,-0.03265857696533203,-0.004502773284912109,-0.0074241905714657365
1786957840.1279583,0.9963050485265182,-0.6720437935020478,-0.6724826097488403,-0.03265857696533203,-0.004502773284912109,-0.0074241905714657365
1786957840.1861663,1.0000486217329412,-0.6750219865838244,-0.6715584993362427,-0.03265857696533203,-0.004502773284912109,-0.0074241905714657365
1786957840.228291,1.0038126329541228,-0.6780151442811311,-0.6720612049102782,-0.03265857696533203,-0.004502773284912109,-0.0074241905714657365
1786957840.2790306,1.0092776872687106,-0.6823664517309943,-0.6727849245071411,-0.03265857696533203,-0.004502773284912109,-0.0074241905714657365
1786957840.3353524,1.0128612059959634,-0.6852205891868484,-0.672375202178955,-0.03265857696533203,-0.004502773284912109,-0.0074241905714657365
1786957840.3780918,1.0183073466839447,-0.6895550163919368,-0.6720615625381471,-0.03265857696533203,-0.004502773284912109,-0.0074241905714657365
1786957840.4290128,1.021930179518431,-0.6924410462936176,-0.6732945442199708,-0.03265857696533203,-0.004502773284912109,-0.0074241905714657365
1786957840.4832802,1.025589591719144,-0.6953623975197801,-0.6741266250610352,-0.03265857696533203,-0.004502773284912109,-0.0074241905714657365
1786957840.5281436,1.029265831209249,-0.6983032354778972,-0.6753042936325073,-0.03265857696533203,-0.004502773284912109,-0.0074241905714657365
1786957840.5782607,1.0348158255017534,-0.702750978213126,-0.6758787631988525,-0.03265857696533203,-0.004502773284912109,-0.0074241905714657365
1786957840.6297598,1.0385458542737522,-0.7057461175661864,-0.6772322654724121,-0.03265857696533203,-0.004502773284912109,-0.0074241905714657365
1786957840.6784542,1.044108194548369,-0.710218912880109,-0.6772652864456177,-0.03265857696533203,-0.004502773284912109,-0.0074241905714657365
1786957840.7278621,1.0478359916260174,-0.7132168293786235,-0.677335262298584,-0.03265857696533203,-0.004502773284912109,-0.0074241905714657365
1786957840.777641,1.0514236487899693,-0.7161062881784431,-0.6787010431289673,-0.03265857696533203,-0.004502773284912109,-0.0074241905714657365
1786957840.8283,1.0550480317797961,-0.7190308472568151,-0.6791820526123047,-0.03265857696533203,-0.004502773284912109,-0.0074241905714657365
1786957840.8879044,1.0605998997683503,-0.7235166347114922,-0.6799913644790649,-0.03265857696533203,-0.004502773284912109,-0.0074241905714657365
1786957840.9275665,1.064358937906451,-0.7265564514990728,-0.6800175905227661,-0.03265857696533203,-0.004502773284912109,-0.0074241905714657365
1786957840.9779174,1.0682142944862314,-0.7296784220549785,-0.6813280582427979,-0.03265857696533203,-0.004502773284912109,-0.0074241905714657365
1786957841.0325115,1.074093146743006,-0.7344441469989552,-0.6810811758041382,-0.03265857696533203,-0.004502773284912109,-0.0074241905714657365
1786957841.0777066,1.0781034277851373,-0.7376965521357158,-0.681763768196106,-0.03265857696533203,-0.004502773284912109,-0.0074241905714657365
1786957841.129449,1.082114890904961,-0.7409474992052327,-0.680354118347168,-0.03265857696533203,-0.004502773284912109,-0.0074241905714657365
1786957841.1784434,1.088156940323431,-0.7458334438688442,-0.6796404123306274,-0.03265857696533203,-0.004502773284912109,-0.0074241905714657365
1786957841.22806,1.0921955029529926,-0.7490911306421352,-0.6779190301895142,-0.03265857696533203,-0.004502773284912109,-0.0074241905714657365
1786957841.2944174,1.0961998931533206,-0.7523105429457164,-0.6763957738876343,-0.03265857696533203,-0.004502773284912109,-0.0074241905714657365
1786957841.3300824,1.1022256324039086,-0.7571360119137837,-0.6740728616714479,-0.03265857696533203,-0.004502773284912109,-0.0074241905714657365
1786957841.3780293,1.1062022544358963,-0.7603091182702683,-0.6728944778442384,-0.03265857696533203,-0.004502773284912109,-0.0074241905714657365
1786957841.4308705,1.1102229989442498,-0.7635080821737027,-0.6712281703948975,-0.03265857696533203,-0.004502773284912109,-0.0074241905714657365
1786957841.4789205,1.1161094212848535,-0.768183489980561,-0.6712461709976196,-0.03265857696533203,-0.004502773284912109,-0.0074241905714657365
1786957841.528105,1.1200331428289145,-0.7713011334590664,-0.6715874671936036,-0.03265857696533203,-0.004502773284912109,-0.0074241905714657365
1786957841.5780957,1.1239751531326625,-0.7744364447394134,-0.6722211837768556,-0.03265857696533203,-0.004502773284912109,-0.0074241905714657365
1786957841.62809,1.129973900005184,-0.779214594290314,-0.6730152368545531,-0.03265857696533203,-0.004502773284912109,-0.0074241905714657365
1786957841.684715,1.1339914739359658,-0.7824175392114199,-0.6730884313583375,-0.03265857696533203,-0.004502773284912109,-0.0074241905714657365
1786957841.7297797,1.1380869586735578,-0.7856851676795147,-0.673782467842102,-0.03265857696533203,-0.004502773284912109,-0.0074241905714657365
1786957841.7783272,1.1441805596654062,-0.7905473514843918,-0.6731557846069336,-0.03265857696533203,-0.004502773284912109,-0.0074241905714657365
1786957841.8292587,1.148256967785994,-0.7937983063190707,-0.6732794046401978,-0.03265857696533203,-0.004502773284912109,-0.0074241905714657365
1786957841.8791974,1.1523325351873541,-0.7970503150613232,-0.673672914505005,-0.03265857696533203,-0.004502773284912109,-0.0074241905714657365
1786957841.9359934,1.158460264351925,-0.8019102542499116,-0.6673734188079834,-0.03265857696533203,-0.004502773284912109,-0.0074241905714657365
1786957841.978248,1.1622861258330492,-0.8048239387560611,-0.6343640089035034,-0.03265857696533203,-0.004502773284912109,-0.0074241905714657365
1786957842.028966,1.166257656583161,-0.8076245027956752,-0.5939971208572388,-0.03265857696533203,-0.004502773284912109,-0.0074241905714657365
1786957842.0786903,1.1724941148618149,-0.8117761410482704,-0.5806752443313599,-0.03265857696533203,-0.004502773284912109,-0.0074241905714657365
1786957842.1290197,1.176765556001913,-0.8144453005875644,-0.5363579988479615,-0.03265857696533203,-0.004502773284912109,-0.0074241905714657365
1786957842.1788578,1.1811757348737029,-0.8169815279144558,-0.5074381828308107,-0.03265857696533203,-0.004502773284912109,-0.0074241905714657365
1786957842.2290187,1.1879550971805468,-0.8206208667014212,-0.4779071807861328,-0.03265857696533203,-0.004502773284912109,-0.0074241905714657365
1786957842.2957997,1.1923647252021394,-0.8227809507650491,-0.43309235572814947,-0.03265857696533203,-0.004502773284912109,-0.0074241905714657365
1786957842.338235,1.1971053540284942,-0.8248902040823395,-0.404168963432312,-0.03265857696533203,-0.004502773284912109,-0.0074241905714657365
1786957842.3781028,1.2042016919721363,-0.8277984105676127,-0.37371373176574707,-0.03265857696533203,-0.004502773284912109,-0.0074241905714657365
1786957842.4277732,1.2090714261513462,-0.829589555522551,-0.3311936855316162,-0.03265857696533203,-0.004502773284912109,-0.0074241905714657365
1786957842.484837,1.2160966414783998,-0.8318850070913868,-0.30042445659637457,-0.03265857696533203,-0.004502773284912109,-0.0074241905714657365
1786957842.5291204,1.2205136917883037,-0.8331926471954253,-0.27522206306457525,-0.03265857696533203,-0.004502773284912109,-0.0074241905714657365
1786957842.5806727,1.2251657105827247,-0.834411455880363,-0.2372508049011231,-0.03265857696533203,-0.004502773284912109,-0.0074241905714657365
1786957842.6282454,1.232070155552391,-0.8360096103919444,-0.21767258644104004,-0.03265857696533203,-0.004502773284912109,-0.0074241905714657365
1786957842.691154,1.2365988378909234,-0.8369817845618814,-0.20524966716766355,-0.03265857696533203,-0.004502773284912109,-0.0074241905714657365
1786957842.728953,1.2410137308228184,-0.8378798202327908,-0.19609582424163818,-0.03265857696533203,-0.004502773284912109,-0.0074241905714657365
1786957842.793172,1.2479440715020989,-0.8392354468809743,-0.19024109840393066,-0.03265857696533203,-0.004502773284912109,-0.0074241905714657365
1786957842.8393507,1.2524442923944599,-0.8400931875209335,-0.18644022941589355,-0.03265857696533203,-0.004502773284912109,-0.0074241905714657365
1786957842.8844233,1.2588380202994602,-0.8412903801130649,-0.18376266956329346,-0.03265857696533203,-0.004502773284912109,-0.0074241905714657365
1786957842.9281683,1.2631193013178543,-0.8420797189092275,-0.18088197708129877,-0.03265857696533203,-0.004502773284912109,-0.0074241905714657365
1786957842.9825013,1.2673776506713115,-0.8428537649659674,-0.17873442173004153,-0.03265857696533203,-0.004502773284912109,-0.0074241905714657365
1786957843.0280461,1.2715880234297856,-0.8436086283805748,-0.17606925964355472,-0.03265857696533203,-0.004502773284912109,-0.0074241905714657365
1786957843.077977,1.2778199349555608,-0.8447053081400426,-0.17231976985931396,-0.03265857696533203,-0.004502773284912109,-0.0074241905714657365
1786957843.1290483,1.2819098262402373,-0.845414671561723,-0.17114949226379397,-0.03265857696533203,-0.004502773284912109,-0.0074241905714657365
1786957843.1818116,1.2861007749235798,-0.8461337780066408,-0.16871213912963867,-0.03265857696533203,-0.004502773284912109,-0.0074241905714657365
1786957843.2416155,1.2923666452288924,-0.8471822307379728,-0.16287112236022952,-0.03265857696533203,-0.004502773284912109,-0.0074241905714657365
1786957843.2908564,1.2966137601269527,-0.8478723368449304,-0.15928971767425537,-0.03265857696533203,-0.004502773284912109,-0.0074241905714657365
1786957843.3446624,1.3008893804773871,-0.8485444656517773,-0.1525588035583496,-0.03265857696533203,-0.004502773284912109,-0.0074241905714657365
1786957843.3781269,1.3072966956089764,-0.8495091914196956,-0.14632868766784668,-0.03265857696533203,-0.004502773284912109,-0.0074241905714657365
1786957843.429211,1.3114804135627811,-0.850111734111754,-0.13974595069885254,-0.03265857696533203,-0.004502773284912109,-0.0074241905714657365
1786957843.4782515,1.3156433495795647,-0.8506802297245792,-0.13169741630554202,-0.03265857696533203,-0.004502773284912109,-0.0074241905714657365
1786957843.5283651,1.3220446047081718,-0.8515054287429358,-0.12471258640289305,-0.03265857696533203,-0.004502773284912109,-0.0074241905714657365
1786957843.5788763,1.3263413390081567,-0.8520257756170252,-0.11631941795349122,-0.03265857696533203,-0.004502773284912109,-0.0074241905714657365
1786957843.6277483,1.3305667074085954,-0.8525026685044833,-0.10845780372619632,-0.03265857696533203,-0.004502773284912109,-0.0074241905714657365
1786957843.6779842,1.3370098312546421,-0.8531886263073272,-0.10367023944854734,-0.03265857696533203,-0.004502773284912109,-0.0074241905714657365
1786957843.7366521,1.3412405844268411,-0.8536151149255358,-0.09726452827453613,-0.03265857696533203,-0.004502773284912109,-0.0074241905714657365
1786957843.7782075,1.345600327349313,-0.8540226467461111,-0.08914601802825929,-0.03265857696533203,-0.004502773284912109,-0.0074241905714657365
1786957843.8283029,1.3521563416404536,-0.8545930165204519,-0.08441591262817383,-0.03265857696533203,-0.004502773284912109,-0.0074241905714657365
1786957843.8823633,1.356470173465307,-0.8549445012298266,-0.07818198204040527,-0.03265857696533203,-0.004502773284912109,-0.0074241905714657365
1786957843.9383743,1.360862082632375,-0.855271416059673,-0.07041537761688234,-0.03265857696533203,-0.004502773284912109,-0.0074241905714657365
1786957843.980535,1.3672001967843312,-0.8557058039158679,-0.06644225120544434,-0.03265857696533203,-0.004502773284912109,-0.0074241905714657365
1786957844.0284693,1.371316861905738,-0.8559778134315877,-0.06551635265350342,-0.03265857696533203,-0.004502773284912109,-0.0074241905714657365
1786957844.0784206,1.375257061375948,-0.856233196199999,-0.06393194198608398,-0.03265857696533203,-0.004502773284912109,-0.0074241905714657365
1786957844.1425593,1.3811172927299509,-0.8566060273059377,-0.06313788890838624,-0.03265857696533203,-0.004502773284912109,-0.0074241905714657365
1786957844.182549,1.384982329344507,-0.8568468994692326,-0.06134271621704101,-0.03265857696533203,-0.004502773284912109,-0.0074241905714657365
1786957844.227972,1.3888984929628305,-0.8570810330751718,-0.058088064193725586,-0.03265857696533203,-0.004502773284912109,-0.0074241905714657365
1786957844.2852473,1.3947611514875622,-0.8574135230425178,-0.05521690845489502,-0.03265857696533203,-0.004502773284912109,-0.0074241905714657365
1786957844.330786,1.398375203987156,-0.8576107149855077,-0.05380010604858399,-0.03265857696533203,-0.004502773284912109,-0.0074241905714657365
1786957844.3995395,1.402267666293614,-0.8578155033955039,-0.05132603645324707,-0.03265857696533203,-0.004502773284912109,-0.0074241905714657365
1786957844.4312317,1.4080820936016465,-0.8581015221634164,-0.04697716236114503,-0.03265857696533203,-0.004502773284912109,-0.0074241905714657365
1786957844.4778402,1.4120518776856068,-0.8582796344998823,-0.04269671440124512,-0.03265857696533203,-0.004502773284912109,-0.0074241905714657365
1786957844.5420947,1.4158452013906948,-0.8584373978098938,-0.0404348373413086,-0.03265857696533203,-0.004502773284912109,-0.0074241905714657365
1786957844.578658,1.4217378023327751,-0.8586750152249151,-0.040170907974243164,-0.03265857696533203,-0.004502773284912109,-0.0074241905714657365
1786957844.6277163,1.4255567719894344,-0.8588249973544431,-0.03833460807800293,-0.03265857696533203,-0.004502773284912109,-0.0074241905714657365
1786957844.6794004,1.4294518414179043,-0.8589720866044422,-0.037155389785766595,-0.03265857696533203,-0.004502773284912109,-0.0074241905714657365
1786957844.7300165,1.4351934664523687,-0.8591837673363526,-0.03654670715332031,-0.03265857696533203,-0.004502773284912109,-0.0074241905714657365
1786957844.792282,1.4389875554716287,-0.8593219067858232,-0.036239385604858405,-0.03265857696533203,-0.004502773284912109,-0.0074241905714657365
1786957844.8284469,1.4428071644449396,-0.859454613864247,-0.03321993350982666,-0.03265857696533203,-0.004502773284912109,-0.0074241905714657365
1786957844.8779116,1.4485496911735967,-0.8596402305103468,-0.03140389919281006,-0.03265857696533203,-0.004502773284912109,-0.0074241905714657365
1786957844.9481153,1.4524203316737836,-0.85976134842488,-0.031158566474914547,-0.03265857696533203,-0.004502773284912109,-0.0074241905714657365
1786957844.9808862,1.4562658412491036,-0.8598762010677022,-0.02855706214904785,-0.03265857696533203,-0.004502773284912109,-0.0074241905714657365
1786957845.027877,1.4620344979871043,-0.8600347988036937,-0.02641510963439941,-0.03265857696533203,-0.004502773284912109,-0.0074241905714657365
1786957845.0816116,1.465728733020807,-0.8601259831765236,-0.022940635681152344,-0.03265857696533203,-0.004502773284912109,-0.0074241905714657365
1786957845.1277344,1.4692460184583924,-0.8602055550970741,-0.022297859191894535,-0.03265857696533203,-0.004502773284912109,-0.0074241905714657365
1786957845.179772,1.4744840631110419,-0.8603207907608378,-0.021694540977478027,-0.03265857696533203,-0.004502773284912109,-0.0074241905714657365
1786957845.2278616,1.4812910816952574,-0.8604663377632251,-0.020751118659973145,-0.03265857696533203,-0.004502773284912109,-0.0074241905714657365
1786957845.278856,1.4812910816952574,-0.8604663377632251,-0.020751118659973145,-0.03265857696533203,-0.004502773284912109,-0.0074241905714657365
1786957845.3361113,1.484707288625794,-0.8605372415187278,-0.02075314521789551,-0.03265857696533203,-0.004502773284912109,-0.0074241905714657365
1786957845.3800163,1.4898189367958352,-0.860643796437722,-0.02093183994293213,-0.03265857696533203,-0.004502773284912109,-0.0074241905714657365
1786957845.450676,1.4932604885053375,-0.860713294095095,-0.01945006847381591,-0.03265857696533203,-0.004502773284912109,-0.0074241905714657365
1786957845.4799902,1.4983976123837173,-0.860811857349469,-0.018918156623840332,-0.03265857696533203,-0.004502773284912109,-0.0074241905714657365
1786957845.5292404,1.5018645785348301,-0.8608762469530632,-0.018222212791442875,-0.03265857696533203,-0.004502773284912109,-0.0074241905714657365
1786957845.5821848,1.5053821963233232,-0.8609394421591029,-0.01770460605621338,-0.03265857696533203,-0.004502773284912109,-0.0074241905714657365
1786957845.6312377,1.5089251299829982,-0.8610025739945729,-0.017929792404174808,-0.03265857696533203,-0.004502773284912109,-0.0074241905714657365
1786957845.7090724,1.5139358305724373,-0.8610929687808747,-0.018146991729736328,-0.03265857696533203,-0.004502773284912109,-0.0074241905714657365
1786957845.7280982,1.5174534201526935,-0.8611577150924422,-0.018661737442016605,-0.03265857696533203,-0.004502773284912109,-0.0074241905714657365
1786957845.777652,1.52243875385048,-0.8612509371534919,-0.018732428550720215,-0.03265857696533203,-0.004502773284912109,-0.0074241905714657365
1786957845.8610706,1.5256779661341937,-0.8613109332511373,-0.018306970596313473,-0.03265857696533203,-0.004502773284912109,-0.0074241905714657365
1786957845.8783853,1.5287653700870063,-0.8613664878784442,-0.01767706871032715,-0.03265857696533203,-0.004502773284912109,-0.0074241905714657365
1786957845.9338944,1.5318274862186203,-0.861420534023864,-0.01761913299560547,-0.03265857696533203,-0.004502773284912109,-0.0074241905714657365
1786957845.9786184,1.5363573954587484,-0.8615003785846669,-0.017629384994506836,-0.03265857696533203,-0.004502773284912109,-0.0074241905714657365
1786957846.0282798,1.539368895645227,-0.8615536703379604,-0.017759084701538086,-0.03265857696533203,-0.004502773284912109,-0.0074241905714657365
1786957846.0806882,1.5424816175769687,-0.8616090437695849,-0.017815947532653812,-0.03265857696533203,-0.004502773284912109,-0.0074241905714657365
1786957846.138851,1.547036818867143,-0.861690164400329,-0.01779699325561523,-0.03265857696533203,-0.004502773284912109,-0.0074241905714657365
1786957846.1789572,1.5499977001707843,-0.8617428666909375,-0.01779830455780029,-0.03265857696533203,-0.004502773284912109,-0.0074241905714657365
1786957846.228441,1.552882672556574,-0.861793589308335,-0.017361402511596683,-0.03265857696533203,-0.004502773284912109,-0.0074241905714657365
1786957846.2832932,1.5572860617355715,-0.8618704214372651,-0.017531871795654293,-0.03265857696533203,-0.004502773284912109,-0.0074241905714657365
1786957846.327694,1.5602216401749864,-0.8619224585878515,-0.017917156219482425,-0.03265857696533203,-0.004502773284912109,-0.0074241905714657365
1786957846.4071522,1.5646249762732818,-0.862002274896941,-0.01833152770996094,-0.03265857696533203,-0.004502773284912109,-0.0074241905714657365
1786957846.4292064,1.5674339957542138,-0.862053482187653,-0.01812362670898438,-0.03265857696533203,-0.004502773284912109,-0.0074241905714657365
1786957846.4820678,1.5703695624671028,-0.8621061767146608,-0.01777327060699463,-0.03265857696533203,-0.004502773284912109,-0.0074241905714657365
1786957846.5316117,1.574621084609606,-0.862181836593984,-0.01781487464904785,-0.03265857696533203,-0.004502773284912109,-0.0074241905714657365
1786957846.5989535,1.5772529825847612,-0.8622284869829746,-0.0176314115524292,-0.03265857696533203,-0.004502773284912109,-0.0074241905714657365
1786957846.628094,1.5797836563358922,-0.8622731950015199,-0.01769781112670898,-0.03265857696533203,-0.004502773284912109,-0.0074241905714657365
1786957846.6778595,1.5835290523788017,-0.8623394256002594,-0.01766490936279297,-0.03265857696533203,-0.004502773284912109,-0.0074241905714657365
1786957846.7451708,1.5860597221734958,-0.8623843570125369,-0.01784086227416992,-0.03265857696533203,-0.004502773284912109,-0.0074241905714657365
1786957846.7784908,1.5885903909927581,-0.8624293433304452,-0.01770830154418945,-0.03265857696533203,-0.004502773284912109,-0.0074241905714657365
1786957846.8300934,1.59228517320561,-0.8624946998425819,-0.01766574382781983,-0.03265857696533203,-0.004502773284912109,-0.0074241905714657365
1786957846.894776,1.5948158561099828,-0.8625388867082939,-0.01725161075592041,-0.03265857696533203,-0.004502773284912109,-0.0074241905714657365
1786957846.9301245,1.5972453229039076,-0.8625806593905466,-0.01713335514068603,-0.03265857696533203,-0.004502773284912109,-0.0074241905714657365
1786957846.9922974,1.6010413825186693,-0.8626448886264451,-0.016703367233276367,-0.03265857696533203,-0.004502773284912109,-0.0074241905714657365
1786957847.03253,1.603470870683825,-0.8626853993057105,-0.01664268970489502,-0.03265857696533203,-0.004502773284912109,-0.0074241905714657365
1786957847.0783834,1.6070898281842456,-0.8627437666111903,-0.015610933303833008,-0.03265857696533203,-0.004502773284912109,-0.0074241905714657365
1786957847.1276524,1.6094181348698842,-0.8627796475611356,-0.015208125114440916,-0.03265857696533203,-0.004502773284912109,-0.0074241905714657365
1786957847.1826222,1.611619957492587,-0.862809846859,-0.012221336364746094,-0.03265857696533203,-0.004502773284912109,-0.0074241905714657365
1786957847.2285035,1.6149101053994124,-0.8628496967961765,-0.012001276016235352,-0.03265857696533203,-0.004502773284912109,-0.0074241905714657365
1786957847.278535,1.617061369684056,-0.8628745931144463,-0.01114344596862793,-0.03265857696533203,-0.004502773284912109,-0.0074241905714657365
1786957847.3297355,1.6191114227928165,-0.8628960691426142,-0.009807467460632324,-0.03265857696533203,-0.004502773284912109,-0.0074241905714657365
1786957847.3779972,1.6223763684042338,-0.8629255315276279,-0.00823974609375,-0.03265857696533203,-0.004502773284912109,-0.0074241905714657365
1786957847.4293113,1.6246036423188563,-0.8629427410135883,-0.007213354110717774,-0.03265857696533203,-0.004502773284912109,-0.0074241905714657365
1786957847.4785562,1.6267803187060514,-0.8629563655805377,-0.005305171012878418,-0.03265857696533203,-0.004502773284912109,-0.0074241905714657365
1786957847.5296075,1.628957010860016,-0.8629671817843918,-0.0046329498291015625,-0.03265857696533203,-0.004502773284912109,-0.0074241905714657365
1786957847.5894136,1.6320448795847933,-0.8629818863075266,-0.004891037940979005,-0.03265857696533203,-0.004502773284912109,-0.0074241905714657365
1786957847.6284592,1.6339178490747912,-0.8629908189526696,-0.004647374153137207,-0.03265857696533203,-0.004502773284912109,-0.0074241905714657365
1786957847.678636,1.6368032362523046,-0.8630042087445892,-0.004633665084838867,-0.03265857696533203,-0.004502773284912109,-0.0074241905714657365
1786957847.730841,1.638574963767726,-0.8630127379576557,-0.004994392395019532,-0.03265857696533203,-0.004502773284912109,-0.0074241905714657365
1786957847.786112,1.6404226217746167,-0.8630217744444734,-0.004787087440490722,-0.03265857696533203,-0.004502773284912109,-0.0074241905714657365
1786957847.851171,1.6421943496549447,-0.8630302275176326,-0.004755020141601563,-0.03265857696533203,-0.004502773284912109,-0.0074241905714657365
1786957847.878016,1.6449278683442639,-0.863044146619967,-0.00542891025543213,-0.03265857696533203,-0.004502773284912109,-0.0074241905714657365
1786957847.9279618,1.646724900740012,-0.8630538756505307,-0.005398869514465332,-0.03265857696533203,-0.004502773284912109,-0.0074241905714657365
1786957847.9955587,1.6494331040874477,-0.8630686121259924,-0.005483865737915039,-0.03265857696533203,-0.004502773284912109,-0.0074241905714657365
1786957848.0285366,1.6512807530091058,-0.863079346687793,-0.00613570213317871,-0.03265857696533203,-0.004502773284912109,-0.0074241905714657365
1786957848.0787463,1.6530271520035786,-0.8630909225740663,-0.007120966911315919,-0.03265857696533203,-0.004502773284912109,-0.0074241905714657365
1786957848.13439,1.6546216628173311,-0.8631050323328227,-0.010576486587524414,-0.03265857696533203,-0.004502773284912109,-0.0074241905714657365
1786957848.1780248,1.6570006990952524,-0.8631333259243402,-0.01320815086364746,-0.03265857696533203,-0.004502773284912109,-0.0074241905714657365
1786957848.2313936,1.6583672995394476,-0.8631552978949436,-0.01894474029541016,-0.03265857696533203,-0.004502773284912109,-0.0074241905714657365
1786957848.2788997,1.6604676065894688,-0.8632001997995773,-0.023806214332580573,-0.03265857696533203,-0.004502773284912109,-0.0074241905714657365
1786957848.327703,1.6616567976402747,-0.8632314756597574,-0.028781890869140625,-0.03265857696533203,-0.004502773284912109,-0.0074241905714657365
1786957848.3780236,1.6630482171722263,-0.863274603257451,-0.03318905830383301,-0.03265857696533203,-0.004502773284912109,-0.0074241905714657365
1786957848.435219,1.6643129035747533,-0.8633209218677514,-0.04002737998962403,-0.03265857696533203,-0.004502773284912109,-0.0074241905714657365
1786957848.4777493,1.6662094935431522,-0.8634015133695422,-0.044907212257385254,-0.03265857696533203,-0.004502773284912109,-0.0074241905714657365
1786957848.5278714,1.667524101136318,-0.8634653309109854,-0.052106499671936035,-0.03265857696533203,-0.004502773284912109,-0.0074241905714657365
1786957848.578093,1.6693690176795448,-0.863566349310543,-0.05729424953460693,-0.03265857696533203,-0.004502773284912109,-0.0074241905714657365
1786957848.628021,1.6706322959374604,-0.8636418817769009,-0.06214523315429688,-0.03265857696533203,-0.004502773284912109,-0.0074241905714657365
1786957848.6801524,1.6718951651489897,-0.8637239699305421,-0.06767475605010986,-0.03265857696533203,-0.004502773284912109,-0.0074241905714657365
1786957848.7277308,1.6731322306017322,-0.8638124217392037,-0.07508492469787599,-0.03265857696533203,-0.004502773284912109,-0.0074241905714657365
1786957848.7779794,1.675050116699813,-0.8639607344852773,-0.07927060127258302,-0.03265857696533203,-0.004502773284912109,-0.0074241905714657365
1786957848.8288715,1.6763869320102927,-0.8640723448204121,-0.08732247352600098,-0.03265857696533203,-0.004502773284912109,-0.0074241905714657365
1786957848.87939,1.678327965038525,-0.8642475334568241,-0.09270048141479494,-0.03265857696533203,-0.004502773284912109,-0.0074241905714657365
1786957848.9474082,1.6796129852982635,-0.8643700232838238,-0.09736788272857669,-0.03265857696533203,-0.004502773284912109,-0.0074241905714657365
1786957848.9777994,1.6808973032133292,-0.864499670183894,-0.10384273529052734,-0.03265857696533203,-0.004502773284912109,-0.0074241905714657365
1786957849.0278838,1.6821051196779024,-0.864630791703286,-0.11243188381195066,-0.03265857696533203,-0.004502773284912109,-0.0074241905714657365
1786957849.077638,1.683764443994218,-0.8648237444706648,-0.11909615993499759,-0.03265857696533203,-0.004502773284912109,-0.0074241905714657365
1786957849.1299717,1.684643660737961,-0.8649321451238748,-0.12625026702880862,-0.03265857696533203,-0.004502773284912109,-0.0074241905714657365
1786957849.1809251,1.6855469006195305,-0.8650522088168534,-0.13805150985717773,-0.03265857696533203,-0.004502773284912109,-0.0074241905714657365
1786957849.2293215,1.686774670575484,-0.8652275245094853,-0.1456148624420166,-0.03265857696533203,-0.004502773284912109,-0.0074241905714657365
1786957849.2798946,1.6876256264541905,-0.8653557561293858,-0.1535170078277588,-0.03265857696533203,-0.004502773284912109,-0.0074241905714657365
1786957849.3305047,1.6884752892133585,-0.8654922934925153,-0.16515052318573,-0.03265857696533203,-0.004502773284912109,-0.0074241905714657365
1786957849.3780982,1.6896728837683235,-0.8656966968850014,-0.17294812202453616,-0.03265857696533203,-0.004502773284912109,-0.0074241905714657365
1786957849.4341,1.6905696163160975,-0.8658583394282633,-0.1837360858917236,-0.03265857696533203,-0.004502773284912109,-0.0074241905714657365
1786957849.483226,1.69176324572883,-0.8660847511991615,-0.19117677211761475,-0.03265857696533203,-0.004502773284912109,-0.0074241905714657365
1786957849.5291765,1.6925577632497366,-0.8662420658310018,-0.1997671127319336,-0.03265857696533203,-0.004502773284912109,-0.0074241905714657365
1786957849.578791,1.6933506515720669,-0.8664073960845261,-0.2113746404647827,-0.03265857696533203,-0.004502773284912109,-0.0074241905714657365
1786957849.6281755,1.6945622829746223,-0.8666721676864144,-0.21891105175018313,-0.03265857696533203,-0.004502773284912109,-0.0074241905714657365
1786957849.677697,1.6953521697343195,-0.8668512902457803,-0.22708582878112793,-0.03265857696533203,-0.004502773284912109,-0.0074241905714657365
1786957849.731322,1.6962140895156617,-0.867055904699389,-0.2390727996826172,-0.03265857696533203,-0.004502773284912109,-0.0074241905714657365
1786957849.7791283,1.6974670328381996,-0.867366410506362,-0.24678099155426025,-0.03265857696533203,-0.004502773284912109,-0.0074241905714657365
1786957849.8397284,1.6983497890135615,-0.8675922403292152,-0.25412321090698237,-0.03265857696533203,-0.004502773284912109,-0.0074241905714657365
1786957849.8788242,1.6992058014739557,-0.8678203092919092,-0.26664304733276367,-0.03265857696533203,-0.004502773284912109,-0.0074241905714657365
1786957849.9279542,1.7005231483827603,-0.8681845573714232,-0.27287971973419195,-0.03265857696533203,-0.004502773284912109,-0.0074241905714657365
1786957849.9777756,1.7015947834661649,-0.8684876407960895,-0.2783700227737427,-0.03265857696533203,-0.004502773284912109,-0.0074241905714657365
1786957850.028215,1.7027371148962684,-0.8688196535044969,-0.2873342037200928,-0.03265857696533203,-0.004502773284912109,-0.0074241905714657365
1786957850.0915427,1.704556062425825,-0.8693627726287346,-0.2929908037185669,-0.03265857696533203,-0.004502773284912109,-0.0074241905714657365
1786957850.1279864,1.7057668944340447,-0.8697308255573553,-0.29719364643096924,-0.03265857696533203,-0.004502773284912109,-0.0074241905714657365
1786957850.179199,1.7069997845644964,-0.8701132686928567,-0.3043835163116455,-0.03265857696533203,-0.004502773284912109,-0.0074241905714657365
1786957850.236757,1.7088817115057675,-0.8707098833453575,-0.309617280960083,-0.03265857696533203,-0.004502773284912109,-0.0074241905714657365
1786957850.278454,1.7100379857251697,-0.8710827685750028,-0.31430017948150635,-0.03265857696533203,-0.004502773284912109,-0.0074241905714657365
1786957850.3279896,1.7111437381272407,-0.8714473045698705,-0.3226039409637451,-0.03265857696533203,-0.004502773284912109,-0.0074241905714657365
1786957850.3800802,1.7125821457356798,-0.8719343924376682,-0.33041584491729736,-0.03265857696533203,-0.004502773284912109,-0.0074241905714657365
1786957850.434215,1.7134670215504013,-0.8722410166672625,-0.33672070503234863,-0.03265857696533203,-0.004502773284912109,-0.0074241905714657365
1786957850.478275,1.7143968961266152,-0.8725722760618105,-0.34772694110870367,-0.03265857696533203,-0.004502773284912109,-0.0074241905714657365
1786957850.5300884,1.7155851047627249,-0.8730078645688565,-0.3550320863723755,-0.03265857696533203,-0.004502773284912109,-0.0074241905714657365
1786957850.588525,1.7163669325726094,-0.87330179018016,-0.3641687631607055,-0.03265857696533203,-0.004502773284912109,-0.0074241905714657365
1786957850.630616,1.7171224038880109,-0.8735937988718522,-0.37350416183471674,-0.03265857696533203,-0.004502773284912109,-0.0074241905714657365
1786957850.6853895,1.718322919574879,-0.8740681857511395,-0.3791370391845703,-0.03265857696533203,-0.004502773284912109,-0.0074241905714657365
1786957850.728777,1.7191912727743655,-0.8744188798437544,-0.38852393627166737,-0.03265857696533203,-0.004502773284912109,-0.0074241905714657365
1786957850.7789378,1.7203845559819864,-0.8749111765145403,-0.39404368400573725,-0.03265857696533203,-0.004502773284912109,-0.0074241905714657365
1786957850.8374298,1.7213185838770744,-0.8753018186037358,-0.39820778369903564,-0.03265857696533203,-0.004502773284912109,-0.0074241905714657365
1786957850.8777385,1.7222739892101544,-0.8757069125416729,-0.4038425683975219,-0.03265857696533203,-0.004502773284912109,-0.0074241905714657365
1786957850.9281745,1.7237852611730802,-0.8763570835735136,-0.40871548652648926,-0.03265857696533203,-0.004502773284912109,-0.0074241905714657365
1786957850.9779959,1.7248993419229692,-0.876841683973501,-0.41186749935150146,-0.03265857696533203,-0.004502773284912109,-0.0074241905714657365
1786957851.027932,1.7259418583074473,-0.8773004181530827,-0.41718959808349615,-0.03265857696533203,-0.004502773284912109,-0.0074241905714657365
1786957851.0780137,1.7272827450822588,-0.877898000630139,-0.4212918281555177,-0.03265857696533203,-0.004502773284912109,-0.0074241905714657365
1786957851.1279905,1.7281364283202656,-0.8782830312195721,-0.42611646652221685,-0.03265857696533203,-0.004502773284912109,-0.0074241905714657365
1786957851.1821227,1.7289189208015496,-0.8786411858964666,-0.4323776960372924,-0.03265857696533203,-0.004502773284912109,-0.0074241905714657365
1786957851.2287035,1.7300665609601602,-0.8791745705388602,-0.4377535581588745,-0.03265857696533203,-0.004502773284912109,-0.0074241905714657365
1786957851.278431,1.7308448245967847,-0.8795418238135297,-0.4440587759017943,-0.03265857696533203,-0.004502773284912109,-0.0074241905714657365
1786957851.3409863,1.7316196176779715,-0.8799163434220851,-0.4564683437347412,-0.03265857696533203,-0.004502773284912109,-0.0074241905714657365
1786957851.3821483,1.7327307659617908,-0.8804672555277697,-0.4641025066375732,-0.03265857696533203,-0.004502773284912109,-0.0074241905714657365
1786957851.4301543,1.7334989186830811,-0.8808552125519638,-0.47125947475433344,-0.03265857696533203,-0.004502773284912109,-0.0074241905714657365
1786957851.4872732,1.7342857623454602,-0.8812622135778448,-0.4834572076797485,-0.03265857696533203,-0.004502773284912109,-0.0074241905714657365
1786957851.5304,1.7353369298009012,-0.881819170053136,-0.4910188913345337,-0.03265857696533203,-0.004502773284912109,-0.0074241905714657365
1786957851.5799546,1.7361164493967127,-0.8822400286800401,-0.49908483028411876,-0.03265857696533203,-0.004502773284912109,-0.0074241905714657365
1786957851.6284285,1.7367811145115934,-0.8826071635936668,-0.5102229118347168,-0.03265857696533203,-0.004502773284912109,-0.0074241905714657365
1786957851.6780553,1.7379051318802212,-0.883241880680785,-0.5178743600845337,-0.03265857696533203,-0.004502773284912109,-0.0074241905714657365
1786957851.749628,1.7385847911889356,-0.883633938667968,-0.5285649299621582,-0.03265857696533203,-0.004502773284912109,-0.0074241905714657365
1786957851.7792988,1.7397409347485933,-0.8843142798402516,-0.5352131128311157,-0.03265857696533203,-0.004502773284912109,-0.0074241905714657365
1786957851.8286781,1.740631942615956,-0.8848462623863267,-0.5412924289703369,-0.03265857696533203,-0.004502773284912109,-0.0074241905714657365
1786957851.8792434,1.7415629058002502,-0.885410030051538,-0.5477243661880493,-0.03265857696533203,-0.004502773284912109,-0.0074241905714657365
1786957851.9287088,1.7424900284834932,-0.8859800914175905,-0.554841160774231,-0.03265857696533203,-0.004502773284912109,-0.0074241905714657365
1786957851.9782946,1.7440798108330733,-0.886970387627609,-0.559353232383728,-0.03265857696533203,-0.004502773284912109,-0.0074241905714657365
1786957852.0377123,1.7450856710298148,-0.8876055244627535,-0.5670756101608276,-0.03265857696533203,-0.004502773284912109,-0.0074241905714657365
1786957852.07851,1.746620759352699,-0.8885876314513572,-0.5712276697158815,-0.03265857696533203,-0.004502773284912109,-0.0074241905714657365
1786957852.1349332,1.7475987927855436,-0.8892193160803276,-0.575708270072937,-0.03265857696533203,-0.004502773284912109,-0.0074241905714657365
1786957852.1783738,1.7486576638473024,-0.8899124027884436,-0.5834295749664306,-0.03265857696533203,-0.004502773284912109,-0.0074241905714657365
1786957852.2281687,1.7502601457706,-0.890976515301933,-0.5889346599578859,-0.03265857696533203,-0.004502773284912109,-0.0074241905714657365
1786957852.2813666,1.7513110127673113,-0.8916816788755946,-0.5931003093719482,-0.03265857696533203,-0.004502773284912109,-0.0074241905714657365
1786957852.3372436,1.7524415582328614,-0.8924497586187794,-0.600416660308838,-0.03265857696533203,-0.004502773284912109,-0.0074241905714657365
1786957852.3794198,1.7540466551608573,-0.8935551834813343,-0.6057822704315187,-0.03265857696533203,-0.004502773284912109,-0.0074241905714657365
1786957852.4322362,1.7551267251771432,-0.8943073234699834,-0.6108033657073975,-0.03265857696533203,-0.004502773284912109,-0.0074241905714657365
1786957852.4779246,1.7561605420875384,-0.8950372547723523,-0.6187525987625123,-0.03265857696533203,-0.004502773284912109,-0.0074241905714657365
1786957852.5540302,1.7577449353498094,-0.8961721548849116,-0.6244107484817506,-0.03265857696533203,-0.004502773284912109,-0.0074241905714657365
1786957852.5787907,1.758790231107289,-0.8969295435599336,-0.6296402215957642,-0.03265857696533203,-0.004502773284912109,-0.0074241905714657365
1786957852.6285126,1.7597897790384895,-0.897663749655017,-0.6374235153198242,-0.03265857696533203,-0.004502773284912109,-0.0074241905714657365
1786957852.6850853,1.7613118378597923,-0.8987981593882648,-0.6435654163360596,-0.03265857696533203,-0.004502773284912109,-0.0074241905714657365
1786957852.728611,1.7623020176357,-0.8995449516406402,-0.648800253868103,-0.03265857696533203,-0.004502773284912109,-0.0074241905714657365
1786957852.777628,1.7633879702862427,-0.9003748831934483,-0.6563085317611694,-0.03265857696533203,-0.004502773284912109,-0.0074241905714657365
1786957852.8289516,1.764848515450404,-0.9015065764345545,-0.6621154546737671,-0.03265857696533203,-0.004502773284912109,-0.0074241905714657365
1786957852.892748,1.7658846529103343,-0.9023181705244387,-0.6668192148208619,-0.03265857696533203,-0.004502773284912109,-0.0074241905714657365
1786957852.936961,1.7668962031326236,-0.903120072621607,-0.673784613609314,-0.03265857696533203,-0.004502773284912109,-0.0074241905714657365
1786957852.9783258,1.7683965283174505,-0.9043239447475547,-0.6786297559738158,-0.03265857696533203,-0.004502773284912109,-0.0074241905714657365
1786957853.0276546,1.769438715924697,-0.905168561247834,-0.6835029125213623,-0.03265857696533203,-0.004502773284912109,-0.0074241905714657365
1786957853.0776787,1.77049522093767,-0.9060356694874035,-0.6910083293914795,-0.03265857696533203,-0.004502773284912109,-0.0074241905714657365
1786957853.1290321,1.7720140840936598,-0.9072968803219739,-0.6949595212936401,-0.03265857696533203,-0.004502773284912109,-0.0074241905714657365
1786957853.1818542,1.7729637365790163,-0.908094573755494,-0.7023420333862306,-0.03265857696533203,-0.004502773284912109,-0.0074241905714657365
1786957853.2277992,1.7753701776592505,-0.9101485574206594,-0.7113535404205322,-0.03265857696533203,-0.004502773284912109,-0.0074241905714657365
1786957853.299812,1.7753701776592505,-0.9101485574206594,-0.7113535404205322,-0.03265857696533203,-0.004502773284912109,-0.0074241905714657365
1786957853.330681,1.7763634227122007,-0.9110121140588686,-0.7199791669845581,-0.03265857696533203,-0.004502773284912109,-0.0074241905714657365
1786957853.3778977,1.7777681889609938,-0.912250954762456,-0.7254519462585448,-0.03265857696533203,-0.004502773284912109,-0.0074241905714657365
1786957853.4393628,1.778732010171385,-0.9131096336896785,-0.7300896644592285,-0.03265857696533203,-0.004502773284912109,-0.0074241905714657365
1786957853.478737,1.7797081431068982,-0.9139924871853455,-0.7404356002807618,-0.03265857696533203,-0.004502773284912109,-0.0074241905714657365
1786957853.5273986,1.7820840527996276,-0.9161949826106235,-0.7563841342926025,-0.03265857696533203,-0.004502773284912109,-0.0074241905714657365
1786957853.578644,1.7820840527996276,-0.9161949826106235,-0.7563841342926025,-0.03265857696533203,-0.004502773284912109,-0.0074241905714657365
1786957853.6285393,1.7829989300292812,-0.9170693834140642,-0.7691766023635864,-0.03265857696533203,-0.004502773284912109,-0.0074241905714657365
1786957853.6779664,1.78436065878893,-0.9183919730267323,-0.7724604606628418,-0.03265857696533203,-0.004502773284912109,-0.0074241905714657365
1786957853.728297,1.7853016704295637,-0.91931217023103,-0.7759702205657959,-0.03265857696533203,-0.004502773284912109,-0.0074241905714657365
1786957853.777712,1.7862210038468043,-0.9202183197184775,-0.7803820371627808,-0.03265857696533203,-0.004502773284912109,-0.0074241905714657365
1786957853.8281043,1.7876218046542458,-0.9216094901443177,-0.7835156917572021,-0.03265857696533203,-0.004502773284912109,-0.0074241905714657365
1786957853.878183,1.7885168554644832,-0.9225041750930509,-0.7868717908859253,-0.03265857696533203,-0.004502773284912109,-0.0074241905714657365
1786957853.9291427,1.789408193584366,-0.9234025589010308,-0.7917979955673218,-0.03265857696533203,-0.004502773284912109,-0.0074241905714657365
1786957853.977968,1.790792388571669,-0.9248102528638603,-0.7958316802978517,-0.03265857696533203,-0.004502773284912109,-0.0074241905714657365
1786957854.0499985,1.7916760296667724,-0.9257162084507633,-0.7999013662338257,-0.03265857696533203,-0.004502773284912109,-0.0074241905714657365
1786957854.0776544,1.7925551963215482,-0.9266265068103832,-0.8056858777999879,-0.03265857696533203,-0.004502773284912109,-0.0074241905714657365
1786957854.1294246,1.793919212342268,-0.9280537623414923,-0.8104150295257568,-0.03265857696533203,-0.004502773284912109,-0.0074241905714657365
1786957854.1788332,1.7948236799600885,-0.9290099025670445,-0.815910816192627,-0.03265857696533203,-0.004502773284912109,-0.0074241905714657365
1786957854.231949,1.795701483278864,-0.9299563391255117,-0.8300958871841433,-0.03265857696533203,-0.004502773284912109,-0.0074241905714657365
1786957854.2798984,1.7969830572345147,-0.9313908606318193,-0.8532047271728515,-0.03265857696533203,-0.004502773284912109,-0.0074241905714657365
1786957854.3295572,1.7977363521171734,-0.9322786228105582,-0.8811051845550538,-0.03265857696533203,-0.004502773284912109,-0.0074241905714657365
1786957854.3782742,1.798568751614203,-0.9333305938741273,-0.9216899275779724,-0.03265857696533203,-0.004502773284912109,-0.0074241905714657365
1786957854.4276583,1.79969732137299,-0.9348569879248051,-0.9465766549110411,-0.03265857696533203,-0.004502773284912109,-0.0074241905714657365
1786957854.4841232,1.8004387962658404,-0.9359136315775703,-0.97124844789505,-0.03265857696533203,-0.004502773284912109,-0.0074241905714657365
1786957854.530996,1.801049830247882,-0.9368447055741362,-1.0088064670562742,-0.03265857696533203,-0.004502773284912109,-0.0074241905714657365
1786957854.5889246,1.802043425625704,-0.9384622088117105,-1.0310834646224978,-0.03265857696533203,-0.004502773284912109,-0.0074241905714657365
1786957854.6280048,1.8027247674877847,-0.9396470517584944,-1.0667681097984314,-0.03265857696533203,-0.004502773284912109,-0.0074241905714657365
1786957854.678313,1.8037668279555867,-0.9415869086709702,-1.0889233350753784,-0.03265857696533203,-0.004502773284912109,-0.0074241905714657365
1786957854.7291698,1.8044475856227784,-0.9429444211156758,-1.1230165362358093,-0.03265857696533203,-0.004502773284912109,-0.0074241905714657365
1786957854.783543,1.8054535588993186,-0.9451004897383948,-1.1454681158065796,-0.03265857696533203,-0.004502773284912109,-0.0074241905714657365
1786957854.832498,1.8061871002074164,-0.946768706584441,-1.1675870418548584,-0.03265857696533203,-0.004502773284912109,-0.0074241905714657365
1786957854.8783443,1.8068540787955039,-0.9484101177758888,-1.2020778656005857,-0.03265857696533203,-0.004502773284912109,-0.0074241905714657365
1786957854.9280822,1.8078647357442896,-0.9511127481580455,-1.2238097786903381,-0.03265857696533203,-0.004502773284912109,-0.0074241905714657365
1786957854.9777238,1.8085149992243315,-0.9529768177550253,-1.2464994192123413,-0.03265857696533203,-0.004502773284912109,-0.0074241905714657365
1786957855.0308902,1.8090832689699852,-0.9547615205310603,-1.2785707116127012,-0.03265857696533203,-0.004502773284912109,-0.0074241905714657365
1786957855.0842993,1.8099647122239633,-0.9578000916969204,-1.2983506917953491,-0.03265857696533203,-0.004502773284912109,-0.0074241905714657365
1786957855.1282601,1.8105622439375013,-0.9600245061978155,-1.3183836936950681,-0.03265857696533203,-0.004502773284912109,-0.0074241905714657365
1786957855.178778,1.8111470710118025,-0.9624350239680186,-1.3471773266792295,-0.03265857696533203,-0.004502773284912109,-0.0074241905714657365
1786957855.2305896,1.8119325131560333,-0.9660459473557619,-1.3660513162612915,-0.03265857696533203,-0.004502773284912109,-0.0074241905714657365
1786957855.2781658,1.8124239820122445,-0.9685288421994797,-1.3847097158432007,-0.03265857696533203,-0.004502773284912109,-0.0074241905714657365
1786957855.3489513,1.8128678925444242,-0.971072081618419,-1.411274015903473,-0.03265857696533203,-0.004502773284912109,-0.0074241905714657365
1786957855.3780582,1.8134349694394205,-0.9748004953784953,-1.4284402132034302,-0.03265857696533203,-0.004502773284912109,-0.0074241905714657365
1786957855.4322667,1.8137599936505244,-0.9773106084643508,-1.4556136429309845,-0.03265857696533203,-0.004502773284912109,-0.0074241905714657365
1786957855.4779558,1.8142210364501947,-0.981588653687704,-1.4712686836719513,-0.03265857696533203,-0.004502773284912109,-0.0074241905714657365
1786957855.5277667,1.8144684310817183,-0.9843109898283304,-1.4890701174736025,-0.03265857696533203,-0.004502773284912109,-0.0074241905714657365
1786957855.5866961,1.8146765743375923,-0.9873411318284548,-1.5153561532497406,-0.03265857696533203,-0.004502773284912109,-0.0074241905714657365
1786957855.6278896,1.8148953776361678,-0.9918157769354079,-1.52851739525795,-0.03265857696533203,-0.004502773284912109,-0.0074241905714657365
1786957855.678152,1.8149986201564294,-0.9947500007886624,-1.5427330136299133,-0.03265857696533203,-0.004502773284912109,-0.0074241905714657365
1786957855.7464244,1.8150483890685232,-0.9977109328515569,-1.5652457475662231,-0.03265857696533203,-0.004502773284912109,-0.0074241905714657365
1786957855.7790112,1.8150378841953467,-1.0021656012652884,-1.5810632407665255,-0.03265857696533203,-0.004502773284912109,-0.0074241905714657365
1786957855.835344,1.8149842049960305,-1.0051770945705594,-1.596175193786621,-0.03265857696533203,-0.004502773284912109,-0.0074241905714657365
1786957855.8794587,1.8148754888488905,-1.00813644862593,-1.6188573241233828,-0.03265857696533203,-0.004502773284912109,-0.0074241905714657365
1786957855.928004,1.8146226406341752,-1.0126853503759192,-1.6337899565696716,-0.03265857696533203,-0.004502773284912109,-0.0074241905714657365
1786957856.0004094,1.8143953124829981,-1.0159171328039882,-1.6482541859149933,-0.03265857696533203,-0.004502773284912109,-0.0074241905714657365
1786957856.0280402,1.8140970007379595,-1.019270210361262,-1.6708043366670609,-0.03265857696533203,-0.004502773284912109,-0.0074241905714657365
1786957856.082997,1.8135553159729119,-1.0243032821252709,-1.6852131187915802,-0.03265857696533203,-0.004502773284912109,-0.0074241905714657365
1786957856.135904,1.8131280663742733,-1.0277954285025654,-1.6998611837625504,-0.03265857696533203,-0.004502773284912109,-0.0074241905714657365
1786957856.1790845,1.812651365819377,-1.0311789553187372,-1.7216662913560867,-0.03265857696533203,-0.004502773284912109,-0.0074241905714657365
1786957856.2280533,1.8118373781406565,-1.0363034001944929,-1.7349823266267776,-0.03265857696533203,-0.004502773284912109,-0.0074241905714657365
1786957856.2845643,1.8112574244020836,-1.0396707657517061,-1.7477193623781204,-0.03265857696533203,-0.004502773284912109,-0.0074241905714657365
1786957856.3288827,1.8106194806621723,-1.0430533883848512,-1.7666832655668259,-0.03265857696533203,-0.004502773284912109,-0.0074241905714657365
1786957856.3975387,1.8095966790733926,-1.0480369617659546,-1.779756799340248,-0.03265857696533203,-0.004502773284912109,-0.0074241905714657365
1786957856.4297981,1.8088631453273598,-1.051400150184255,-1.7913231402635574,-0.03265857696533203,-0.004502773284912109,-0.0074241905714657365
1786957856.4789305,1.8081062238190102,-1.0546542893421305,-1.8073473125696182,-0.03265857696533203,-0.004502773284912109,-0.0074241905714657365
1786957856.5356138,1.8068978490762695,-1.0595440186332703,-1.8187874034047127,-0.03265857696533203,-0.004502773284912109,-0.0074241905714657365
1786957856.5785408,1.8060599767711014,-1.062778260712777,-1.8297855406999588,-0.03265857696533203,-0.004502773284912109,-0.0074241905714657365
1786957856.6282122,1.8051712297510516,-1.0660251434850179,-1.8461646288633347,-0.03265857696533203,-0.004502773284912109,-0.0074241905714657365
1786957856.6806767,1.8037816225190195,-1.0708401495447315,-1.8573577664792538,-0.03265857696533203,-0.004502773284912109,-0.0074241905714657365
1786957856.735287,1.8028276097174978,-1.0740156377735146,-1.8679378777742384,-0.03265857696533203,-0.004502773284912109,-0.0074241905714657365
1786957856.784611,1.80179827446602,-1.0772738529405739,-1.8856498431414366,-0.03265857696533203,-0.004502773284912109,-0.0074241905714657365
1786957856.8283782,1.8001236821081164,-1.0823184104694608,-1.8969712732359767,-0.03265857696533203,-0.004502773284912109,-0.0074241905714657365
1786957856.8787568,1.7989277689942853,-1.08578814465562,-1.9084585360833444,-0.03265857696533203,-0.004502773284912109,-0.0074241905714657365
1786957856.9341784,1.7976645388468724,-1.0892878077116999,-1.925940314307809,-0.03265857696533203,-0.004502773284912109,-0.0074241905714657365
1786957856.9777403,1.7956481507416628,-1.094640847969854,-1.9361394084990027,-0.03265857696533203,-0.004502773284912109,-0.0074241905714657365
1786957857.0456672,1.7942725313475447,-1.0981523030320313,-1.9522049166262152,-0.03265857696533203,-0.004502773284912109,-0.0074241905714657365
1786957857.0795882,1.7921352557865622,-1.1034036215724485,-1.9624366275966167,-0.03265857696533203,-0.004502773284912109,-0.0074241905714657365
1786957857.1377878,1.7906846136076762,-1.1068573174593628,-1.9744562655687332,-0.03265857696533203,-0.004502773284912109,-0.0074241905714657365
1786957857.1797824,1.7891585528437914,-1.1103613383529354,-1.9886260554194453,-0.03265857696533203,-0.004502773284912109,-0.0074241905714657365
1786957857.2276876,1.7876017672911757,-1.1137963149342722,-2.0040164813399315,-0.03265857696533203,-0.004502773284912109,-0.0074241905714657365
1786957857.300145,1.7851732412435986,-1.1189754193194419,-2.0145091637969017,-0.03265857696533203,-0.004502773284912109,-0.0074241905714657365
1786957857.330238,1.7834405047413728,-1.1225515252870444,-2.029476538300514,-0.03265857696533203,-0.004502773284912109,-0.0074241905714657365
1786957857.3862605,1.7807906345849194,-1.12784837063656,-2.0398485213518143,-0.03265857696533203,-0.004502773284912109,-0.0074241905714657365
1786957857.4320297,1.7790007798801235,-1.131339441556297,-2.049248084425926,-0.03265857696533203,-0.004502773284912109,-0.0074241905714657365
1786957857.4779847,1.777213596051682,-1.1347463623048317,-2.058571368455887,-0.03265857696533203,-0.004502773284912109,-0.0074241905714657365
1786957857.529478,1.7753869105875266,-1.1381322676842662,-2.072508618235588,-0.03265857696533203,-0.004502773284912109,-0.0074241905714657365
1786957857.5784576,1.7726002110049275,-1.1431567449909115,-2.0818579643964767,-0.03265857696533203,-0.004502773284912109,-0.0074241905714657365
1786957857.6279957,1.7707192615044927,-1.146454656901558,-2.096393346786499,-0.03265857696533203,-0.004502773284912109,-0.0074241905714657365
1786957857.6853926,1.767848630316647,-1.1513438050707046,-2.107024297118187,-0.03265857696533203,-0.004502773284912109,-0.0074241905714657365
1786957857.7301748,1.7660452966505096,-1.1543351528413146,-2.119593098759651,-0.03265857696533203,-0.004502773284912109,-0.0074241905714657365
1786957857.7862186,1.7642278229617905,-1.1572584895452152,-2.1344624757766724,-0.03265857696533203,-0.004502773284912109,-0.0074241905714657365
1786957857.8275838,1.7625403339163372,-1.1598445154936412,-2.1634496450424194,-0.03265857696533203,-0.004502773284912109,-0.0074241905714657365
1786957857.8918278,1.760455715767487,-1.1628650503257394,-2.1863104104995728,-0.03265857696533203,-0.004502773284912109,-0.0074241905714657365
1786957857.92784,1.759374180657335,-1.1643317855102997,-2.226027399301529,-0.03265857696533203,-0.004502773284912109,-0.0074241905714657365
1786957857.979897,1.7582905619532583,-1.1657013890855044,-2.2542588114738464,-0.03265857696533203,-0.004502773284912109,-0.0074241905714657365
1786957858.0279646,1.7575810874115898,-1.166526558214747,-2.31581512093544,-0.03265857696533203,-0.004502773284912109,-0.0074241905714657365
1786957858.0783923,1.7575810874115898,-1.166526558214747,-2.31581512093544,-0.03265857696533203,-0.004502773284912109,-0.0074241905714657365
1786957858.1282158,1.7574398001541212,-1.166671604017524,-2.3703224062919617,-0.03265857696533203,-0.004502773284912109,-0.0074241905714657365
1786957858.1781235,1.7573291261244708,-1.16677559425529,-2.4043185114860535,-0.03265857696533203,-0.004502773284912109,-0.0074241905714657365
1786957858.228905,1.7573291261244708,-1.16677559425529,-2.4603800177574158,-0.03265857696533203,-0.004502773284912109,-0.0074241905714657365
1786957858.2829435,1.7573490595497976,-1.1667599965183102,-2.4948582649230957,-0.03265857696533203,-0.004502773284912109,-0.0074241905714657365
1786957858.3373291,1.7573286072878733,-1.1667749074480709,-2.528398275375366,-0.03265857696533203,-0.004502773284912109,-0.0074241905714657365
1786957858.3842356,1.7573496878619759,-1.1667608988707103,-2.5817495584487915,-0.03265857696533203,-0.004502773284912109,-0.0074241905714657365
1786957858.428027,1.7573280186698756,-1.1667739785097684,-2.6153032779693604,-0.03265857696533203,-0.004502773284912109,-0.0074241905714657365
1786957858.4782147,1.757350109806982,-1.1667616248663581,-2.6481045484542847,-0.03265857696533203,-0.004502773284912109,-0.0074241905714657365
1786957858.5277545,1.757350109806982,-1.1667616248663581,-2.6951565742492676,-0.03265857696533203,-0.004502773284912109,-0.0074241905714657365
1786957858.5781448,1.757442156408179,-1.1667194642601642,-2.7289965748786926,-0.03265857696533203,-0.004502773284912109,-0.0074241905714657365
1786957858.6312776,1.7574655493792521,-1.166709799905632,-2.7706398367881775,-0.03265857696533203,-0.004502773284912109,-0.0074241905714657365
1786957858.6787271,1.7573233280785758,-1.166763052248525,-2.7959985733032227,-0.03265857696533203,-0.004502773284912109,-0.0074241905714657365
1786957858.7278912,1.7568685837434086,-1.166919498163699,-2.824492931365967,-0.03265857696533203,-0.004502773284912109,-0.0074241905714657365
1786957858.7784207,1.7563358517454857,-1.1670815535460897,-2.868087112903595,-0.03265857696533203,-0.004502773284912109,-0.0074241905714657365
1786957858.8287497,1.755333189607725,-1.167349077538532,-2.893618881702423,-0.03265857696533203,-0.004502773284912109,-0.0074241905714657365
1786957858.8777132,1.754397822873962,-1.1675730418489356,-2.9195353984832764,-0.03265857696533203,-0.004502773284912109,-0.0074241905714657365
1786957858.928582,1.7532075241869147,-1.1678163574887015,-2.9603744745254517,-0.03265857696533203,-0.004502773284912109,-0.0074241905714657365
1786957858.9834728,1.7508116970900929,-1.168221408574244,-2.9878478050231934,-0.03265857696533203,-0.004502773284912109,-0.0074241905714657365
1786957859.0279403,1.7489571038828622,-1.1684832836175503,-3.0147852897644043,-0.03265857696533203,-0.004502773284912109,-0.0074241905714657365
1786957859.0781124,1.746868240656972,-1.1687067926977515,-3.0552104711532593,-0.03265857696533203,-0.004502773284912109,-0.0074241905714657365
1786957859.131067,1.743713030195757,-1.1689402533698556,-3.0802597999572754,-0.03265857696533203,-0.004502773284912109,-0.0074241905714657365
1786957859.1780982,1.7415388110088714,-1.1690445445524837,-3.1070646047592163,-0.03265857696533203,-0.004502773284912109,-0.0074241905714657365
1786957859.2301106,1.7390839324361886,-1.169080136771749,3.136059705411093,-0.03265857696533203,-0.004502773284912109,-0.0074241905714657365
1786957859.286276,1.7350601407089667,-1.1690102189119809,3.1123768726931975,-0.03265857696533203,-0.004502773284912109,-0.0074241905714657365
1786957859.3285918,1.732304260749295,-1.1688819196238722,3.077766124402182,-0.03265857696533203,-0.004502773284912109,-0.0074241905714657365
1786957859.3777952,1.7274583427952401,-1.1685168242642305,3.05502170721163,-0.03265857696533203,-0.004502773284912109,-0.0074241905714657365
1786957859.4333012,1.723931666546549,-1.1681719776571347,3.033218685780661,-0.03265857696533203,-0.004502773284912109,-0.0074241905714657365
1786957859.4782546,1.720114478314795,-1.1676921766287898,2.99988836446871,-0.03265857696533203,-0.004502773284912109,-0.0074241905714657365
1786957859.527856,1.7141346534138415,-1.1667783010337973,2.9799907843219207,-0.03265857696533203,-0.004502773284912109,-0.0074241905714657365
1786957859.5929897,1.7098204996689468,-1.1660289559862833,2.9592370430575774,-0.03265857696533203,-0.004502773284912109,-0.0074241905714657365
1786957859.628094,1.705427332630721,-1.1651512276166314,2.929553333912985,-0.03265857696533203,-0.004502773284912109,-0.0074241905714657365
1786957859.6781058,1.6986364808874856,-1.1636241257238633,2.9112384955035613,-0.03265857696533203,-0.004502773284912109,-0.0074241905714657365
1786957859.7563674,1.6941606423493987,-1.1625345728509442,2.8943757454501555,-0.03265857696533203,-0.004502773284912109,-0.0074241905714657365
1786957859.7784312,1.689634764068584,-1.161333732966289,2.870106164609091,-0.03265857696533203,-0.004502773284912109,-0.0074241905714657365
1786957859.8280184,1.6829945885451383,-1.159422281893902,2.8525117079364226,-0.03265857696533203,-0.004502773284912109,-0.0074241905714657365
1786957859.8792596,1.678518346619479,-1.1580479279131894,2.8348805348025725,-0.03265857696533203,-0.004502773284912109,-0.0074241905714657365
1786957859.9281926,1.6740271692226232,-1.1565540920522743,2.8060957829104827,-0.03265857696533203,-0.004502773284912109,-0.0074241905714657365
1786957859.9783983,1.6675259520172774,-1.1542132052474046,2.785856191311972,-0.03265857696533203,-0.004502773284912109,-0.0074241905714657365
1786957860.0341172,1.6630659403909485,-1.1524833871421685,2.7573509852038787,-0.03265857696533203,-0.004502773284912109,-0.0074241905714657365
1786957860.080907,1.6565454421733554,-1.149772216078861,2.737743083630697,-0.03265857696533203,-0.004502773284912109,-0.0074241905714657365
1786957860.1307974,1.6522114311415677,-1.147869962582156,2.718250695859091,-0.03265857696533203,-0.004502773284912109,-0.0074241905714657365
1786957860.1785,1.6480298935009972,-1.1459373480208943,2.6990649143802092,-0.03265857696533203,-0.004502773284912109,-0.0074241905714657365
1786957860.2306733,1.6438270425505541,-1.143872975348703,2.67098063627352,-0.03265857696533203,-0.004502773284912109,-0.0074241905714657365
1786957860.2925377,1.6376548583115622,-1.140655546358121,2.651153866444723,-0.03265857696533203,-0.004502773284912109,-0.0074241905714657365
1786957860.3283398,1.6336012714070718,-1.1384144485138106,2.621946756039755,-0.03265857696533203,-0.004502773284912109,-0.0074241905714657365
1786957860.3912256,1.6276361627496296,-1.1349268913617045,2.603111926709311,-0.03265857696533203,-0.004502773284912109,-0.0074241905714657365
1786957860.4282413,1.6236826047581379,-1.1325137055943129,2.5840347448932097,-0.03265857696533203,-0.004502773284912109,-0.0074241905714657365
1786957860.4784756,1.6195947840903302,-1.1298857905220723,2.5564650932895105,-0.03265857696533203,-0.004502773284912109,-0.0074241905714657365
1786957860.5404632,1.613849758596785,-1.1260011176485125,2.5376001040088103,-0.03265857696533203,-0.004502773284912109,-0.0074241905714657365
1786957860.5777972,1.609979345795801,-1.1232767599738742,2.5189169088946746,-0.03265857696533203,-0.004502773284912109,-0.0074241905714657365
1786957860.6394043,1.6062132892942778,-1.1204942414979853,2.491625849400656,-0.03265857696533203,-0.004502773284912109,-0.0074241905714657365
1786957860.6887364,1.6007269342784445,-1.1162520828615958,2.4751655499087737,-0.03265857696533203,-0.004502773284912109,-0.0074241905714657365
1786957860.7279913,1.5970526659277375,-1.1133087825419705,2.4572488705264495,-0.03265857696533203,-0.004502773284912109,-0.0074241905714657365
1786957860.7780766,1.593368940927945,-1.1102173518699303,2.4295397440539763,-0.03265857696533203,-0.004502773284912109,-0.0074241905714657365
1786957860.8302028,1.5876285275525304,-1.1051700011004668,2.411163393651144,-0.03265857696533203,-0.004502773284912109,-0.0074241905714657365
1786957860.886016,1.5839274759215765,-1.1017910207158819,2.392143074666159,-0.03265857696533203,-0.004502773284912109,-0.0074241905714657365
1786957860.9290235,1.5801778170966287,-1.098204578199647,2.36473530927767,-0.03265857696533203,-0.004502773284912109,-0.0074241905714657365
1786957860.9776096,1.5745994107267594,-1.0926150387493543,2.345659915600912,-0.03265857696533203,-0.004502773284912109,-0.0074241905714657365
1786957861.0279808,1.5670780053117814,-1.0846444453676973,2.3103825489627288,-0.03265857696533203,-0.004502773284912109,-0.0074241905714657365
1786957861.0824616,1.5670780053117814,-1.0846444453676973,2.3103825489627288,-0.03265857696533203,-0.004502773284912109,-0.0074241905714657365
1786957861.127632,1.5577287475463046,-1.073891082459747,2.273165885602133,-0.03265857696533203,-0.004502773284912109,-0.0074241905714657365
1786957861.178023,1.5577287475463046,-1.073891082459747,2.273165885602133,-0.03265857696533203,-0.004502773284912109,-0.0074241905714657365
1786957861.232301,1.5539268490463347,-1.0692838985810433,2.248277846966879,-0.03265857696533203,-0.004502773284912109,-0.0074241905714657365
1786957861.294587,1.548303398461978,-1.0621787866863548,2.232345286999838,-0.03265857696533203,-0.004502773284912109,-0.0074241905714657365
1786957861.32968,1.5445143999319653,-1.0572379460387864,2.2176730076419275,-0.03265857696533203,-0.004502773284912109,-0.0074241905714657365
1786957861.3778722,1.5407222882900222,-1.05214086127317,2.2031895557986663,-0.03265857696533203,-0.004502773284912109,-0.0074241905714657365
1786957861.4300814,1.5370610209977833,-1.0470421868126936,2.183920804654257,-0.03265857696533203,-0.004502773284912109,-0.0074241905714657365
1786957861.4803877,1.5315496202140166,-1.0390981401925068,2.170746986066,-0.03265857696533203,-0.004502773284912109,-0.0074241905714657365
1786957861.5310328,1.5281717888847361,-1.0340493193267533,2.150124732648031,-0.03265857696533203,-0.004502773284912109,-0.0074241905714657365
1786957861.578031,1.5228680850191545,-1.0258141893214037,2.1358074585544036,-0.03265857696533203,-0.004502773284912109,-0.0074241905714657365
1786957861.6279984,1.5193060203521385,-1.0201308807481309,2.1255115906344817,-0.03265857696533203,-0.004502773284912109,-0.0074241905714657365
1786957861.6777995,1.5157660501222985,-1.0142853183875866,2.1051093975650237,-0.03265857696533203,-0.004502773284912109,-0.0074241905714657365
1786957861.729999,1.510661926466733,-1.0055418146977564,2.093271438275473,-0.03265857696533203,-0.004502773284912109,-0.0074241905714657365
1786957861.7799428,1.5073220234357414,-0.9996668695922427,2.082191650067465,-0.03265857696533203,-0.004502773284912109,-0.0074241905714657365
1786957861.8282614,1.504011439676841,-0.9936594903798777,2.066754523907797,-0.03265857696533203,-0.004502773284912109,-0.0074241905714657365
1786957861.878472,1.4990195078134327,-0.9843600671111479,2.0601431767093104,-0.03265857696533203,-0.004502773284912109,-0.0074241905714657365
1786957861.941593,1.4957089264081656,-0.9780652356722047,2.049786273633139,-0.03265857696533203,-0.004502773284912109,-0.0074241905714657365
1786957861.9788215,1.4923980272560597,-0.9715994744017054,2.0383145252810877,-0.03265857696533203,-0.004502773284912109,-0.0074241905714657365
1786957862.0300355,1.4892118348629908,-0.9651559583273243,2.021722499524252,-0.03265857696533203,-0.004502773284912109,-0.0074241905714657365
1786957862.0793695,1.4845201245436515,-0.9553075025843585,2.009034578000204,-0.03265857696533203,-0.004502773284912109,-0.0074241905714657365
1786957862.1340585,1.4814935549685584,-0.9487038673271972,1.9920584599124358,-0.03265857696533203,-0.004502773284912109,-0.0074241905714657365
1786957862.180923,1.477022518284679,-0.9386423961396758,1.985861961041586,-0.03265857696533203,-0.004502773284912109,-0.0074241905714657365
1786957862.2323022,1.4740814512284321,-0.9318896644639126,1.9772545734988616,-0.03265857696533203,-0.004502773284912109,-0.0074241905714657365
1786957862.2863367,1.4711098157655982,-0.9249020927361731,1.9685441891299649,-0.03265857696533203,-0.004502773284912109,-0.0074241905714657365
1786957862.3308187,1.4681176547570698,-0.9176487075525029,1.9555525223361419,-0.03265857696533203,-0.004502773284912109,-0.0074241905714657365
1786957862.3807235,1.463753514061035,-0.9067455183764321,1.9475058952914641,-0.03265857696533203,-0.004502773284912109,-0.0074241905714657365
1786957862.4280565,1.4609178818438338,-0.8994838385205699,1.938653890286581,-0.03265857696533203,-0.004502773284912109,-0.0074241905714657365
1786957862.480031,1.458178486889123,-0.8922394044497991,1.9259764591800137,-0.03265857696533203,-0.004502773284912109,-0.0074241905714657365
1786957862.546313,1.4542480204231836,-0.8814953420269951,1.9170247952090664,-0.03265857696533203,-0.004502773284912109,-0.0074241905714657365
1786957862.5781524,1.4516282782462548,-0.8741798948528623,1.9123324791537686,-0.03265857696533203,-0.004502773284912109,-0.0074241905714657365
1786957862.6282756,1.4490504879804413,-0.8667959209243743,1.9010166565524502,-0.03265857696533203,-0.004502773284912109,-0.0074241905714657365
1786957862.6783094,1.4453017900470062,-0.8557462706387183,1.894725028668539,-0.03265857696533203,-0.004502773284912109,-0.0074241905714657365
1786957862.7291486,1.442850834606724,-0.848319232799791,1.8843707481967373,-0.03265857696533203,-0.004502773284912109,-0.0074241905714657365
1786957862.7782393,1.4404821407741377,-0.840892113982394,1.8746768871890471,-0.03265857696533203,-0.004502773284912109,-0.0074241905714657365
1786957862.8312693,1.4370727052068486,-0.8299185085499436,1.8693935314761563,-0.03265857696533203,-0.004502773284912109,-0.0074241905714657365
1786957862.8916988,1.434866716655845,-0.8226528089630409,1.8617424408542078,-0.03265857696533203,-0.004502773284912109,-0.0074241905714657365
1786957862.9331603,1.4326987270417675,-0.8152964852749062,1.8530451695071621,-0.03265857696533203,-0.004502773284912109,-0.0074241905714657365
1786957862.982548,1.429421220108829,-0.8039135384545287,1.8492438236819668,-0.03265857696533203,-0.004502773284912109,-0.0074241905714657365
1786957863.0279775,1.427231405472503,-0.7961683550904483,1.8434302250491543,-0.03265857696533203,-0.004502773284912109,-0.0074241905714657365
1786957863.0780249,1.4250953362656618,-0.7884606938421908,1.8388640324222012,-0.03265857696533203,-0.004502773284912109,-0.0074241905714657365
1786957863.129934,1.4219037731776014,-0.7767645018734545,1.83550209203829,-0.03265857696533203,-0.004502773284912109,-0.0074241905714657365
1786957863.1800835,1.4197868952415875,-0.7688941781031283,1.8315929810153408,-0.03265857696533203,-0.004502773284912109,-0.0074241905714657365
1786957863.2367404,1.417713548560194,-0.7609599423469167,1.8212012688266201,-0.03265857696533203,-0.004502773284912109,-0.0074241905714657365
1786957863.2871048,1.4147291151264865,-0.7491047626315899,1.8136243263827727,-0.03265857696533203,-0.004502773284912109,-0.0074241905714657365
1786957863.3377707,1.4128232298223184,-0.7412588186769224,1.804564181958334,-0.03265857696533203,-0.004502773284912109,-0.0074241905714657365
1786957863.3801992,1.4109705194547235,-0.733322154847608,1.7956888119326995,-0.03265857696533203,-0.004502773284912109,-0.0074241905714657365
1786957863.4319236,1.4082905099370975,-0.7215242123667271,1.7926408688174649,-0.03265857696533203,-0.004502773284912109,-0.0074241905714657365
1786957863.4960065,1.4064889646206657,-0.7134720003683598,1.7891680637942715,-0.03265857696533203,-0.004502773284912109,-0.0074241905714657365
1786957863.5363638,1.4047302290245713,-0.7053844256615601,1.780679885541098,-0.03265857696533203,-0.004502773284912109,-0.0074241905714657365
1786957863.5792155,1.4021979090270233,-0.693295184693603,1.7738797108279631,-0.03265857696533203,-0.004502773284912109,-0.0074241905714657365
1786957863.6288836,1.4005761168053077,-0.6853597963331366,1.7709097305880945,-0.03265857696533203,-0.004502773284912109,-0.0074241905714657365
1786957863.702499,1.398978511464147,-0.6773936868694871,1.766532127057211,-0.03265857696533203,-0.004502773284912109,-0.0074241905714657365
1786957863.7280326,1.396613640059904,-0.6653221573016036,1.7619702259646817,-0.03265857696533203,-0.004502773284912109,-0.0074241905714657365
1786957863.7849467,1.3950955647945207,-0.6574435914176826,1.7603251377688809,-0.03265857696533203,-0.004502773284912109,-0.0074241905714657365
1786957863.8288631,1.3935453604180583,-0.649287704272242,1.7569300572024746,-0.03265857696533203,-0.004502773284912109,-0.0074241905714657365
1786957863.8777916,1.3913624778005074,-0.6375936725913958,1.7537476460086272,-0.03265857696533203,-0.004502773284912109,-0.0074241905714657365
1786957863.931898,1.3899067729259298,-0.6296261433783982,1.7492679993258875,-0.03265857696533203,-0.004502773284912109,-0.0074241905714657365
1786957863.990458,1.3885771537910847,-0.6221245496765324,1.7431706825839444,-0.03265857696533203,-0.004502773284912109,-0.0074241905714657365
1786957864.0284474,1.3866148000529555,-0.6106481977112771,1.7371284405337735,-0.03265857696533203,-0.004502773284912109,-0.0074241905714657365
1786957864.0782824,1.3852969634638255,-0.6026567081651291,1.7313324848758147,-0.03265857696533203,-0.004502773284912109,-0.0074241905714657365
1786957864.1286347,1.3835200571562305,-0.5915857657251505,1.728549186383383,-0.03265857696533203,-0.004502773284912109,-0.0074241905714657365
1786957864.1987395,1.3822618069170884,-0.5835590572373175,1.7240285317050381,-0.03265857696533203,-0.004502773284912109,-0.0074241905714657365
1786957864.2279408,1.3810971469689302,-0.5758508556568307,1.7174827496158047,-0.03265857696533203,-0.004502773284912109,-0.0074241905714657365
1786957864.2950132,1.379313795330861,-0.5636542399945554,1.7144860664950772,-0.03265857696533203,-0.004502773284912109,-0.0074241905714657365
1786957864.3442495,1.3782482384427728,-0.5560850469048736,1.7068194786654873,-0.03265857696533203,-0.004502773284912109,-0.0074241905714657365
1786957864.402414,1.3766195810751636,-0.5439434203989988,1.7014579216586514,-0.03265857696533203,-0.004502773284912109,-0.0074241905714657365
1786957864.4281425,1.3755544511535267,-0.5358377511736816,1.7014486233340664,-0.03265857696533203,-0.004502773284912109,-0.0074241905714657365
1786957864.4832122,1.3745782814315126,-0.5282565119488273,1.696257297192709,-0.03265857696533203,-0.004502773284912109,-0.0074241905714657365
1786957864.5291948,1.3730712842317738,-0.5162522269956651,1.6951052586184903,-0.03265857696533203,-0.004502773284912109,-0.0074241905714657365
1786957864.5898478,1.3721148152884157,-0.5085154336314438,1.692491237317221,-0.03265857696533203,-0.004502773284912109,-0.0074241905714657365
1786957864.6334898,1.3711289804688467,-0.5004252359729023,1.6916167179690762,-0.03265857696533203,-0.004502773284912109,-0.0074241905714657365
1786957864.677851,1.3696568484099734,-0.48821264942998976,1.6899027268039153,-0.03265857696533203,-0.004502773284912109,-0.0074241905714657365
1786957864.7290742,1.3687368583148949,-0.4804459453763986,1.6874973217593594,-0.03265857696533203,-0.004502773284912109,-0.0074241905714657365
1786957864.7792084,1.3673233040220882,-0.46830288178996327,1.6858689228640957,-0.03265857696533203,-0.004502773284912109,-0.0074241905714657365
1786957864.8276165,1.366396342433947,-0.46025668140369685,1.6851221958743496,-0.03265857696533203,-0.004502773284912109,-0.0074241905714657365
1786957864.8785665,1.3655001142253225,-0.45238529409462347,1.683211986218588,-0.03265857696533203,-0.004502773284912109,-0.0074241905714657365
1786957864.961053,1.3641111486644317,-0.4399846706944647,1.6814662853824063,-0.03265857696533203,-0.004502773284912109,-0.0074241905714657365
1786957864.9780154,1.3632968966328078,-0.43253708681304376,1.677923385296957,-0.03265857696533203,-0.004502773284912109,-0.0074241905714657365
1786957865.0362113,1.3624396722826948,-0.42443225277036795,1.6744198242770596,-0.03265857696533203,-0.004502773284912109,-0.0074241905714657365
1786957865.0780354,1.3612103538536908,-0.4125235805382138,1.67290181318392,-0.03265857696533203,-0.004502773284912109,-0.0074241905714657365
1786957865.1281407,1.3604093767930698,-0.40454017345558196,1.6686820427524014,-0.03265857696533203,-0.004502773284912109,-0.0074241905714657365
1786957865.1780903,1.3592867509455204,-0.3929260777594957,1.6656331459628506,-0.03265857696533203,-0.004502773284912109,-0.0074241905714657365
1786957865.2292507,1.3585671681570994,-0.38518908757973486,1.6614369789706631,-0.03265857696533203,-0.004502773284912109,-0.0074241905714657365
1786957865.2780516,1.3578467634681934,-0.376969312602401,1.6549946705447598,-0.03265857696533203,-0.004502773284912109,-0.0074241905714657365
1786957865.3286226,1.356826551026364,-0.3647360972895424,1.653006736432211,-0.03265857696533203,-0.004502773284912109,-0.0074241905714657365
1786957865.3862772,1.3562222341559076,-0.35706541666694813,1.6458265225039883,-0.03265857696533203,-0.004502773284912109,-0.0074241905714657365
1786957865.4280062,1.3556404511139901,-0.3489615428213673,1.6391016880618496,-0.03265857696533203,-0.004502773284912109,-0.0074241905714657365
1786957865.4780698,1.354815087446613,-0.3367897436505429,1.637902681027548,-0.03265857696533203,-0.004502773284912109,-0.0074241905714657365
1786957865.5293245,1.3543139518045582,-0.32918772693260023,1.6353423039065762,-0.03265857696533203,-0.004502773284912109,-0.0074241905714657365
1786957865.5783994,1.3537934427283447,-0.3209275159282363,1.6321119705783291,-0.03265857696533203,-0.004502773284912109,-0.0074241905714657365
1786957865.6364357,1.3530430632368005,-0.30849728683625705,1.6300689617740078,-0.03265857696533203,-0.004502773284912109,-0.0074241905714657365
1786957865.678528,1.3525936708797246,-0.3007652653519984,1.62763494649996,-0.03265857696533203,-0.004502773284912109,-0.0074241905714657365
1786957865.7280838,1.3521488250723155,-0.292678071113607,1.6238593498813076,-0.03265857696533203,-0.004502773284912109,-0.0074241905714657365
1786957865.7785726,1.3515223470251951,-0.280494416263982,1.6204819122897551,-0.03265857696533203,-0.004502773284912109,-0.0074241905714657365
1786957865.8419814,1.3511170076728036,-0.2723798033451572,1.6209313313113616,-0.03265857696533203,-0.004502773284912109,-0.0074241905714657365
1786957865.8779109,1.3504896656699787,-0.2599934436017146,1.6218704620944426,-0.03265857696533203,-0.004502773284912109,-0.0074241905714657365
1786957865.9372025,1.3500623004127834,-0.2516518575495408,1.6220988670932217,-0.03265857696533203,-0.004502773284912109,-0.0074241905714657365
1786957865.9776423,1.3496434022879435,-0.24341121388810227,1.6210727135287688,-0.03265857696533203,-0.004502773284912109,-0.0074241905714657365
1786957866.0534842,1.3492395590414783,-0.23532186848355166,1.620282832776205,-0.03265857696533203,-0.004502773284912109,-0.0074241905714657365
1786957866.0780728,1.3486379069634602,-0.22328901392101713,1.6212281624423426,-0.03265857696533203,-0.004502773284912109,-0.0074241905714657365
1786957866.1279666,1.3482371987682045,-0.2151995126147497,1.6193522850619717,-0.03265857696533203,-0.004502773284912109,-0.0074241905714657365
1786957866.178599,1.347850215964154,-0.2072107030736684,1.6190459171878262,-0.03265857696533203,-0.004502773284912109,-0.0074241905714657365
1786957866.2501593,1.3472511716176185,-0.19505100987826793,1.6209966580020352,-0.03265857696533203,-0.004502773284912109,-0.0074241905714657365
1786957866.2788334,1.3468393283437838,-0.18673398466967508,1.6195513645755213,-0.03265857696533203,-0.004502773284912109,-0.0074241905714657365
1786957866.3281465,1.3464508141478986,-0.1785678698003005,1.6171223560916348,-0.03265857696533203,-0.004502773284912109,-0.0074241905714657365
1786957866.3779838,1.3459061013595153,-0.16643095773535055,1.6141714493380948,-0.03265857696533203,-0.004502773284912109,-0.0074241905714657365
1786957866.452185,1.345554426076277,-0.1582885076777264,1.6137482563601897,-0.03265857696533203,-0.004502773284912109,-0.0074241905714657365
1786957866.4781642,1.3452320217217077,-0.15039815760146685,1.6095201412784026,-0.03265857696533203,-0.004502773284912109,-0.0074241905714657365
1786957866.5356188,1.3447720337641378,-0.1381057675187454,1.6068787018405362,-0.03265857696533203,-0.004502773284912109,-0.0074241905714657365
1786957866.5780482,1.344477566456772,-0.1299610479133426,1.606991235409872,-0.03265857696533203,-0.004502773284912109,-0.0074241905714657365
1786957866.6293314,1.3441880768769385,-0.12171484397595608,1.604784194623129,-0.03265857696533203,-0.004502773284912109,-0.0074241905714657365
1786957866.6782978,1.3437809235943348,-0.10944591506909215,1.6031555573092862,-0.03265857696533203,-0.004502773284912109,-0.0074241905714657365
1786957866.7276375,1.3435289239568307,-0.10132509374390286,1.6004797855960293,-0.03265857696533203,-0.004502773284912109,-0.0074241905714657365
1786957866.7780304,1.343290402880588,-0.0932545086951833,1.600204412137167,-0.03265857696533203,-0.004502773284912109,-0.0074241905714657365
1786957866.8484218,1.3429207813825788,-0.08111100316990977,1.6022450367556973,-0.03265857696533203,-0.004502773284912109,-0.0074241905714657365
1786957866.8784084,1.3426682127984213,-0.07291423108532095,1.6009544769870205,-0.03265857696533203,-0.004502773284912109,-0.0074241905714657365
1786957866.9279754,1.3424134241810666,-0.06471752770793392,1.602786723767416,-0.03265857696533203,-0.004502773284912109,-0.0074241905714657365
1786957866.9776576,1.3419946314884261,-0.05234768935948974,1.6064919869052334,-0.03265857696533203,-0.004502773284912109,-0.0074241905714657365
1786957867.0287209,1.3416855418858014,-0.044026211917345154,1.6093537251101895,-0.03265857696533203,-0.004502773284912109,-0.0074241905714657365
1786957867.0793953,1.3413692800245987,-0.03598362950123946,1.610845271741049,-0.03265857696533203,-0.004502773284912109,-0.0074241905714657365
1786957867.1330266,1.3408869391873157,-0.024122721086254587,1.612035457287924,-0.03265857696533203,-0.004502773284912109,-0.0074241905714657365
1786957867.1802866,1.3405424038680969,-0.016081300260398567,1.6151949802981778,-0.03265857696533203,-0.004502773284912109,-0.0074241905714657365
1786957867.2280316,1.3401617555433782,-0.007914814958071897,1.6195523182498381,-0.03265857696533203,-0.004502773284912109,-0.0074241905714657365
1786957867.27809,1.3395661616680532,0.0043464108474044975,1.6191148201571868,-0.03265857696533203,-0.004502773284912109,-0.0074241905714657365
1786957867.3362248,1.3391671332747264,0.012512018704848518,1.6201340595828457,-0.03265857696533203,-0.004502773284912109,-0.0074241905714657365
1786957867.3782685,1.3387593471866799,0.02072787796731444,1.6206452290164397,-0.03265857696533203,-0.004502773284912109,-0.0074241905714657365
1786957867.4289246,1.3381580884192277,0.032811436453592545,1.6203822533236905,-0.03265857696533203,-0.004502773284912109,-0.0074241905714657365
1786957867.4800353,1.337765542137381,0.04079997455457915,1.619408790265219,-0.03265857696533203,-0.004502773284912109,-0.0074241905714657365
1786957867.5363467,1.3373774485805217,0.0489407700830803,1.6174570957766936,-0.03265857696533203,-0.004502773284912109,-0.0074241905714657365
1786957867.577971,1.3367975668534118,0.06127876542000106,1.6180657784091397,-0.03265857696533203,-0.004502773284912109,-0.0074241905714657365
1786957867.6275678,1.3364062729622617,0.0695967827494685,1.617541019116537,-0.03265857696533203,-0.004502773284912109,-0.0074241905714657365
1786957867.6837442,1.336024031731772,0.07781387010180793,1.6170203129397793,-0.03265857696533203,-0.004502773284912109,-0.0074241905714657365
1786957867.731633,1.3354569307463933,0.09005110898570677,1.617190543805258,-0.03265857696533203,-0.004502773284912109,-0.0074241905714657365
1786957867.7800388,1.335076238613239,0.09821759224595873,1.6175674835788174,-0.03265857696533203,-0.004502773284912109,-0.0074241905714657365
1786957867.8342555,1.3347064189915463,0.10615653878552431,1.6171237866031094,-0.03265857696533203,-0.004502773284912109,-0.0074241905714657365
1786957867.8823972,1.3341477434455022,0.11831815357837282,1.6162795464145108,-0.03265857696533203,-0.004502773284912109,-0.0074241905714657365
1786957867.945149,1.333770535272681,0.12661148479883652,1.6162170807467862,-0.03265857696533203,-0.004502773284912109,-0.0074241905714657365
1786957867.97787,1.3333850867803871,0.13503112511999643,1.616871062909262,-0.03265857696533203,-0.004502773284912109,-0.0074241905714657365
1786957868.0349896,1.3328155319583288,0.14739493907001683,1.6167890469180508,-0.03265857696533203,-0.004502773284912109,-0.0074241905714657365
1786957868.0968559,1.3324479099193722,0.1554353375378276,1.616183702145712,-0.03265857696533203,-0.004502773284912109,-0.0074241905714657365
1786957868.137194,1.3320812483164939,0.16357712651290665,1.6154171864139006,-0.03265857696533203,-0.004502773284912109,-0.0074241905714657365
1786957868.1788156,1.3315482291958185,0.1756892226209958,1.6141330639468594,-0.03265857696533203,-0.004502773284912109,-0.0074241905714657365
1786957868.2317317,1.3308489446911995,0.19189829534231323,1.6136056820498867,-0.03265857696533203,-0.004502773284912109,-0.0074241905714657365
1786957868.2864995,1.3308489446911995,0.19189829534231323,1.6136056820498867,-0.03265857696533203,-0.004502773284912109,-0.0074241905714657365
1786957868.327742,1.3304913581472873,0.2001924957619784,1.6141592899905608,-0.03265857696533203,-0.004502773284912109,-0.0074241905714657365
1786957868.3781931,1.3299728360628362,0.21240655585069831,1.6122881809817717,-0.03265857696533203,-0.004502773284912109,-0.0074241905714657365
1786957868.4284751,1.3296494474920069,0.22037286085012564,1.6104490200625823,-0.03265857696533203,-0.004502773284912109,-0.0074241905714657365
1786957868.4788258,1.3291916367336138,0.23243737512340107,1.6070010105716153,-0.03265857696533203,-0.004502773284912109,-0.0074241905714657365
1786957868.5351605,1.3289029370826893,0.24050632101762914,1.6061193386660977,-0.03265857696533203,-0.004502773284912109,-0.0074241905714657365
1786957868.5807414,1.3286235244810711,0.2486515709857888,1.6040539185153408,-0.03265857696533203,-0.004502773284912109,-0.0074241905714657365
1786957868.628213,1.3283664331134026,0.2569494943866543,1.5994841496097012,-0.03265857696533203,-0.004502773284912109,-0.0074241905714657365
1786957868.6777027,1.3280213261197513,0.2693975691704651,1.597541753445761,-0.03265857696533203,-0.004502773284912109,-0.0074241905714657365
1786957868.7365515,1.3278163212932543,0.27769694274677037,1.593443338071005,-0.03265857696533203,-0.004502773284912109,-0.0074241905714657365
1786957868.779362,1.3275418364321616,0.2893619402046555,1.595201913510458,-0.03265857696533203,-0.004502773284912109,-0.0074241905714657365
1786957868.82801,1.327364431637443,0.29733283244144143,1.590896550809042,-0.03265857696533203,-0.004502773284912109,-0.0074241905714657365
1786957868.8783455,1.3272314127002502,0.3051273888985219,1.5848240295993252,-0.03265857696533203,-0.004502773284912109,-0.0074241905714657365
1786957868.934217,1.3270707124733436,0.31740201988092986,1.5829512516604822,-0.03265857696533203,-0.004502773284912109,-0.0074241905714657365
1786957868.9810698,1.3269754942915202,0.32562744184044645,1.5817925373660489,-0.03265857696533203,-0.004502773284912109,-0.0074241905714657365
1786957869.028321,1.3269024042867803,0.33400496019423553,1.5772487560855313,-0.03265857696533203,-0.004502773284912109,-0.0074241905714657365
1786957869.078025,1.326842783141702,0.34635643124307697,1.5739979187594815,-0.03265857696533203,-0.004502773284912109,-0.0074241905714657365
1786957869.1340437,1.326814360695403,0.3545570443702125,1.5745264927493496,-0.03265857696533203,-0.004502773284912109,-0.0074241905714657365
1786957869.1806786,1.32679710887826,0.36258051340009345,1.5713664929019378,-0.03265857696533203,-0.004502773284912109,-0.0074241905714657365
1786957869.2286103,1.3268137682957306,0.3747802528523161,1.5674950520144866,-0.03265857696533203,-0.004502773284912109,-0.0074241905714657365
1786957869.2785962,1.3268420978567157,0.3830314879737865,1.5672308842288418,-0.03265857696533203,-0.004502773284912109,-0.0074241905714657365
1786957869.3318524,1.3268738778838454,0.39120677789953795,1.5665871540652676,-0.03265857696533203,-0.004502773284912109,-0.0074241905714657365
1786957869.3786,1.3269235527578394,0.4033558057989645,1.5668279568301602,-0.03265857696533203,-0.004502773284912109,-0.0074241905714657365
1786957869.429016,1.3269640421786528,0.4115816792189156,1.5649203697787686,-0.03265857696533203,-0.004502773284912109,-0.0074241905714657365
1786957869.484192,1.3270230553772489,0.41975681792003966,1.562235299740927,-0.03265857696533203,-0.004502773284912109,-0.0074241905714657365
1786957869.5282085,1.3271257904333045,0.43162708525570836,1.562048141156332,-0.03265857696533203,-0.004502773284912109,-0.0074241905714657365
1786957869.5789642,1.3272053473449623,0.43975142606039885,1.5599603096591397,-0.03265857696533203,-0.004502773284912109,-0.0074241905714657365
1786957869.6290116,1.3273180108784222,0.4479006883198901,1.55398410955538,-0.03265857696533203,-0.004502773284912109,-0.0074241905714657365
1786957869.6882782,1.327525103561442,0.4603518239018785,1.5543467442141934,-0.03265857696533203,-0.004502773284912109,-0.0074241905714657365
1786957869.7475257,1.3276723230296936,0.46850053514194046,1.5511166493045254,-0.03265857696533203,-0.004502773284912109,-0.0074241905714657365
1786957869.7778242,1.327837838469609,0.47664889528892035,1.5498561302768155,-0.03265857696533203,-0.004502773284912109,-0.0074241905714657365
1786957869.8278198,1.3280208115953773,0.4848475161687782,1.5471088329898284,-0.03265857696533203,-0.004502773284912109,-0.0074241905714657365
1786957869.8811069,1.3283073234338163,0.4969426312473203,1.5471162239657803,-0.03265857696533203,-0.004502773284912109,-0.0074241905714657365
1786957869.9295826,1.3285186406862184,0.5049886550170802,1.5419613758670254,-0.03265857696533203,-0.004502773284912109,-0.0074241905714657365
1786957869.9775612,1.3289031518406937,0.5174355749506417,1.5378667751895352,-0.03265857696533203,-0.004502773284912109,-0.0074241905714657365
1786957870.0457554,1.3291860444778787,0.5257579841546166,1.5357686916934414,-0.03265857696533203,-0.004502773284912109,-0.0074241905714657365
1786957870.077775,1.3294855382752755,0.534003830809698,1.5332147518741057,-0.03265857696533203,-0.004502773284912109,-0.0074241905714657365
1786957870.1276922,1.3298076278486486,0.5421981655479866,1.5298056046115323,-0.03265857696533203,-0.004502773284912109,-0.0074241905714657365
1786957870.1777644,1.3303158038735967,0.5541846634798202,1.5270463863955899,-0.03265857696533203,-0.004502773284912109,-0.0074241905714657365
1786957870.2280617,1.3306862705696991,0.5624782985794038,1.5252680222140713,-0.03265857696533203,-0.004502773284912109,-0.0074241905714657365
1786957870.277938,1.3312339061058573,0.5747670958430268,1.5272559563266201,-0.03265857696533203,-0.004502773284912109,-0.0074241905714657365
1786957870.332839,1.331594814836515,0.5828838062420176,1.5254654327975676,-0.03265857696533203,-0.004502773284912109,-0.0074241905714657365
1786957870.3776624,1.331948875926351,0.5907474629373808,1.526138011609213,-0.03265857696533203,-0.004502773284912109,-0.0074241905714657365
1786957870.429913,1.3324749758779622,0.6025051677779996,1.5260240475284024,-0.03265857696533203,-0.004502773284912109,-0.0074241905714657365
1786957870.507724,1.3328291188719699,0.6104448290711818,1.5264191071139737,-0.03265857696533203,-0.004502773284912109,-0.0074241905714657365
1786957870.5320559,1.3331924470144236,0.6184854227150368,1.5248615185367032,-0.03265857696533203,-0.004502773284912109,-0.0074241905714657365
1786957870.5779843,1.3337426597204243,0.6305460761516765,1.5255534092532559,-0.03265857696533203,-0.004502773284912109,-0.0074241905714657365
1786957870.6283207,1.3341173086120666,0.6388141868030305,1.525476161633627,-0.03265857696533203,-0.004502773284912109,-0.0074241905714657365
1786957870.6842618,1.3344863580288757,0.6468545198814949,1.5243813435183928,-0.03265857696533203,-0.004502773284912109,-0.0074241905714657365
1786957870.7320032,1.335079591466538,0.6592172203217099,1.521313373242514,-0.03265857696533203,-0.004502773284912109,-0.0074241905714657365
1786957870.7778792,1.335491106347503,0.6675089200413516,1.5211011807071135,-0.03265857696533203,-0.004502773284912109,-0.0074241905714657365
1786957870.8360956,1.335894618272644,0.6754969117602113,1.5195476452456875,-0.03265857696533203,-0.004502773284912109,-0.0074241905714657365
1786957870.8851564,1.3365250979518095,0.6876803601888158,1.5186395088778897,-0.03265857696533203,-0.004502773284912109,-0.0074241905714657365
1786957870.9299214,1.3369614115433615,0.695818713762824,1.5158316532718108,-0.03265857696533203,-0.004502773284912109,-0.0074241905714657365
1786957870.9790125,1.3374161580385913,0.7041335035273131,1.5164873043643399,-0.03265857696533203,-0.004502773284912109,-0.0074241905714657365
1786957871.0292337,1.3380833208920135,0.7164163914855219,1.516579095517294,-0.03265857696533203,-0.004502773284912109,-0.0074241905714657365
1786957871.0778623,1.3385058714720917,0.7240992289236718,1.515125695859091,-0.03265857696533203,-0.004502773284912109,-0.0074241905714657365
1786957871.13102,1.338974422770282,0.7324132521906311,1.5138725678073333,-0.03265857696533203,-0.004502773284912109,-0.0074241905714657365
1786957871.17819,1.3396598146441672,0.7444923306230261,1.5143575111972256,-0.03265857696533203,-0.004502773284912109,-0.0074241905714657365
1786957871.2280643,1.34011082078039,0.7524524304324964,1.5140394608127041,-0.03265857696533203,-0.004502773284912109,-0.0074241905714657365
1786957871.2785215,1.3405757816210946,0.7605891975953418,1.5133909622775479,-0.03265857696533203,-0.004502773284912109,-0.0074241905714657365
1786957871.332211,1.3412915669497558,0.7729707611898868,1.5127090851413174,-0.03265857696533203,-0.004502773284912109,-0.0074241905714657365
1786957871.3779633,1.3417695395437859,0.7813349526102343,1.514717523251669,-0.03265857696533203,-0.004502773284912109,-0.0074241905714657365
1786957871.4326947,1.342218953704197,0.7894725932608262,1.516534034405844,-0.03265857696533203,-0.004502773284912109,-0.0074241905714657365
1786957871.4782841,1.3428676484247541,0.801655085427778,1.5186628738986416,-0.03265857696533203,-0.004502773284912109,-0.0074241905714657365
1786957871.53523,1.3432862814217434,0.8098197116748301,1.520471517239706,-0.03265857696533203,-0.004502773284912109,-0.0074241905714657365
1786957871.579502,1.3436462299656284,0.8172270022986636,1.5240098873721524,-0.03265857696533203,-0.004502773284912109,-0.0074241905714657365
1786957871.6355958,1.3441917720445176,0.8294398853670912,1.5283033291446133,-0.03265857696533203,-0.004502773284912109,-0.0074241905714657365
1786957871.6847527,1.344530084251459,0.837684230607584,1.5312640110598965,-0.03265857696533203,-0.004502773284912109,-0.0074241905714657365
1786957871.731117,1.344843256652473,0.8460562123899406,1.535549108182089,-0.03265857696533203,-0.004502773284912109,-0.0074241905714657365
1786957871.7800074,1.3452764035337827,0.8582229447579427,1.5348717609988614,-0.03265857696533203,-0.004502773284912109,-0.0074241905714657365
1786957871.828939,1.3455381919058287,0.8658369622231105,1.537983123456137,-0.03265857696533203,-0.004502773284912109,-0.0074241905714657365
1786957871.8779476,1.345796758960731,0.8740082239627895,1.5403437058078213,-0.03265857696533203,-0.004502773284912109,-0.0074241905714657365
1786957871.9335747,1.3461758998608162,0.8862274048347141,1.5392121712314053,-0.03265857696533203,-0.004502773284912109,-0.0074241905714657365
1786957871.9902992,1.346422127160489,0.8943230808755854,1.5415698925601407,-0.03265857696533203,-0.004502773284912109,-0.0074241905714657365
1786957872.03778,1.346654964893935,0.9026976819112614,1.5444313923465176,-0.03265857696533203,-0.004502773284912109,-0.0074241905714657365
1786957872.0809734,1.3469705490732282,0.9150705835398947,1.5461601654635833,-0.03265857696533203,-0.004502773284912109,-0.0074241905714657365
1786957872.1281328,1.3471711919926062,0.9231675175806753,1.5458824078189295,-0.03265857696533203,-0.004502773284912109,-0.0074241905714657365
1786957872.1818552,1.3473773805740759,0.931289631165317,1.5449489990817473,-0.03265857696533203,-0.004502773284912109,-0.0074241905714657365
1786957872.23099,1.3476612245945878,0.9432835382899448,1.5493211189853113,-0.03265857696533203,-0.004502773284912109,-0.0074241905714657365
1786957872.2811506,1.3478403615529106,0.9515075605944152,1.548714105282919,-0.03265857696533203,-0.004502773284912109,-0.0074241905714657365
1786957872.3285463,1.3480063751246136,0.959174901506711,1.5495812336551116,-0.03265857696533203,-0.004502773284912109,-0.0074241905714657365
1786957872.3778832,1.348250893906763,0.9716000427576501,1.552657786999838,-0.03265857696533203,-0.004502773284912109,-0.0074241905714657365
1786957872.4284847,1.348387401214474,0.9799514536973544,1.5562469402896328,-0.03265857696533203,-0.004502773284912109,-0.0074241905714657365
1786957872.4884787,1.348497418999105,0.9882020039626926,1.5586780945407315,-0.03265857696533203,-0.004502773284912109,-0.0074241905714657365
1786957872.5295353,1.3486413344864125,1.0003249685278106,1.5591730515109465,-0.03265857696533203,-0.004502773284912109,-0.0074241905714657365
1786957872.5776553,1.3487233275704316,1.008297413111865,1.5618512074099942,-0.03265857696533203,-0.004502773284912109,-0.0074241905714657365
1786957872.6329613,1.3487812621421713,1.0165991160891679,1.5657843987094326,-0.03265857696533203,-0.004502773284912109,-0.0074241905714657365
1786957872.6836524,1.3488361204594355,1.0288493654578237,1.5668520371066494,-0.03265857696533203,-0.004502773284912109,-0.0074241905714657365
1786957872.7330248,1.3488587225262374,1.0369487535574529,1.5691594521151946,-0.03265857696533203,-0.004502773284912109,-0.0074241905714657365
1786957872.7783346,1.348861284865841,1.045250658289042,1.571815911923544,-0.03265857696533203,-0.004502773284912109,-0.0074241905714657365
1786957872.8302743,1.34883988365389,1.0573997688936203,1.5732998291598723,-0.03265857696533203,-0.004502773284912109,-0.0074241905714657365
1786957872.8789856,1.3488215246128143,1.065347303206618,1.5729128758059903,-0.03265857696533203,-0.004502773284912109,-0.0074241905714657365
1786957872.9303622,1.3487997716411888,1.0733707612956769,1.5741021076785489,-0.03265857696533203,-0.004502773284912109,-0.0074241905714657365
1786957872.9804502,1.3487670946281274,1.0855704683598288,1.5728475491153164,-0.03265857696533203,-0.004502773284912109,-0.0074241905714657365
1786957873.0364714,1.3487380135037281,1.0938723225518856,1.5757510105716153,-0.03265857696533203,-0.004502773284912109,-0.0074241905714657365
1786957873.0808942,1.348698995125624,1.102123514051298,1.5752992073642178,-0.03265857696533203,-0.004502773284912109,-0.0074241905714657365
1786957873.128013,1.3486382317819328,1.1143990465502684,1.5761932770358487,-0.03265857696533203,-0.004502773284912109,-0.0074241905714657365
1786957873.1780016,1.3486084465853103,1.122118748430517,1.5731160084353848,-0.03265857696533203,-0.004502773284912109,-0.0074241905714657365
1786957873.2285426,1.3485898942508419,1.130243457571393,1.573043529187338,-0.03265857696533203,-0.004502773284912109,-0.0074241905714657365
1786957873.2788575,1.348568292317898,1.1423419463676536,1.5721201340304776,-0.03265857696533203,-0.004502773284912109,-0.0074241905714657365
1786957873.332644,1.3485489947055085,1.1505425860438345,1.5741788784610196,-0.03265857696533203,-0.004502773284912109,-0.0074241905714657365
1786957873.384448,1.3485118065805257,1.158945651627888,1.5762648026095794,-0.03265857696533203,-0.004502773284912109,-0.0074241905714657365
1786957873.4285517,1.3484432118732521,1.1714236314647064,1.5763222614871428,-0.03265857696533203,-0.004502773284912109,-0.0074241905714657365
1786957873.480718,1.3483796606581304,1.1794468673544027,1.581111852322714,-0.03265857696533203,-0.004502773284912109,-0.0074241905714657365
1786957873.5516746,1.348285435770814,1.1876723007523986,1.5833904186831875,-0.03265857696533203,-0.004502773284912109,-0.0074241905714657365
1786957873.5786414,1.3481215474470694,1.199769698754204,1.585295383130209,-0.03265857696533203,-0.004502773284912109,-0.0074241905714657365
1786957873.6363778,1.347988386196988,1.2079945939508454,1.5886744896518155,-0.03265857696533203,-0.004502773284912109,-0.0074241905714657365
1786957873.6818075,1.3478419201804923,1.2155610717182508,1.5916277805911465,-0.03265857696533203,-0.004502773284912109,-0.0074241905714657365
1786957873.7387567,1.347556968951691,1.227782811848041,1.5965866486178801,-0.03265857696533203,-0.004502773284912109,-0.0074241905714657365
1786957873.7783794,1.3473468956186903,1.2356516316498045,1.598387185727255,-0.03265857696533203,-0.004502773284912109,-0.0074241905714657365
1786957873.8293118,1.3471291095865483,1.2436215227880725,1.5978440682040616,-0.03265857696533203,-0.004502773284912109,-0.0074241905714657365
1786957873.8880444,1.346783987540997,1.25571510739192,1.6008083263980313,-0.03265857696533203,-0.004502773284912109,-0.0074241905714657365
1786957873.9290633,1.346529884536004,1.2638105400613144,1.6035406033145354,-0.03265857696533203,-0.004502773284912109,-0.0074241905714657365
1786957873.977806,1.3461611402033902,1.275396968156774,1.6016816536532803,-0.03265857696533203,-0.004502773284912109,-0.0074241905714657365
1786957874.027893,1.345910334682378,1.2836444392955189,1.6007122437106533,-0.03265857696533203,-0.004502773284912109,-0.0074241905714657365
1786957874.0780783,1.3456569462199959,1.2919171540749712,1.602120105420248,-0.03265857696533203,-0.004502773284912109,-0.0074241905714657365
1786957874.132892,1.3452642542054678,1.3043131719300816,1.6028091351138518,-0.03265857696533203,-0.004502773284912109,-0.0074241905714657365
1786957874.187086,1.3450096711060155,1.3125352045473686,1.6006907860385342,-0.03265857696533203,-0.004502773284912109,-0.0074241905714657365
1786957874.2281618,1.3447856711503905,1.3204542819678298,1.5974590221988125,-0.03265857696533203,-0.004502773284912109,-0.0074241905714657365
1786957874.2786143,1.3444523951677578,1.3325988393337258,1.599004689847128,-0.03265857696533203,-0.004502773284912109,-0.0074241905714657365
1786957874.3279254,1.3442255613043057,1.3408216842983747,1.5977456013308926,-0.03265857696533203,-0.004502773284912109,-0.0074241905714657365
1786957874.3829167,1.3440079178699362,1.348968818750513,1.5972625652896328,-0.03265857696533203,-0.004502773284912109,-0.0074241905714657365
1786957874.4286485,1.343790383667234,1.357293192725367,1.596582595502035,-0.03265857696533203,-0.004502773284912109,-0.0074241905714657365
1786957874.4779613,1.3434752081651933,1.3696407858574002,1.596049491559164,-0.03265857696533203,-0.004502773284912109,-0.0074241905714657365
1786957874.5341437,1.3432667093692066,1.3779653910405092,1.5956248680697842,-0.03265857696533203,-0.004502773284912109,-0.0074241905714657365
1786957874.59659,1.3429702285501663,1.3900855841346207,1.5948814789401455,-0.03265857696533203,-0.004502773284912109,-0.0074241905714657365
1786957874.6279044,1.342608366988247,1.4064575896997946,1.5904640595065518,-0.03265857696533203,-0.004502773284912109,-0.0074241905714657365
1786957874.6779072,1.342608366988247,1.4064575896997946,1.5904640595065518,-0.03265857696533203,-0.004502773284912109,-0.0074241905714657365
1786957874.7286687,1.3421737176632935,1.4268786836172185,1.5932919422732754,-0.03265857696533203,-0.004502773284912109,-0.0074241905714657365
1786957874.7794173,1.3421737176632935,1.4268786836172185,1.5932919422732754,-0.03265857696533203,-0.004502773284912109,-0.0074241905714657365
1786957874.8294137,1.3419919247587448,1.4350013798538634,1.5930549542056485,-0.03265857696533203,-0.004502773284912109,-0.0074241905714657365
1786957874.8843114,1.3417175553107434,1.4472486791657617,1.593335096036093,-0.03265857696533203,-0.004502773284912109,-0.0074241905714657365
1786957874.9286616,1.3415371086957861,1.455320771481362,1.5929588715182705,-0.03265857696533203,-0.004502773284912109,-0.0074241905714657365
1786957874.9960256,1.3413628004998024,1.4632157816489675,1.5927831570254727,-0.03265857696533203,-0.004502773284912109,-0.0074241905714657365
1786957875.0303128,1.3411887990018987,1.4714399142107022,1.5911180416690274,-0.03265857696533203,-0.004502773284912109,-0.0074241905714657365
1786957875.0787826,1.3409366318424158,1.4839408501920102,1.5908128658877774,-0.03265857696533203,-0.004502773284912109,-0.0074241905714657365
1786957875.1296537,1.3407794655329845,1.4919627983126251,1.5899588505374356,-0.03265857696533203,-0.004502773284912109,-0.0074241905714657365
1786957875.1778696,1.3406283755926485,1.5003139581577494,1.5878140369998381,-0.03265857696533203,-0.004502773284912109,-0.0074241905714657365
1786957875.2280009,1.3404393929000717,1.5120819099684981,1.5858940521823328,-0.03265857696533203,-0.004502773284912109,-0.0074241905714657365
1786957875.3028502,1.3403385268007961,1.5197503846017857,1.5820037762271328,-0.03265857696533203,-0.004502773284912109,-0.0074241905714657365
1786957875.3288112,1.3402107138088983,1.5318735296291168,1.5806738773929045,-0.03265857696533203,-0.004502773284912109,-0.0074241905714657365
1786957875.379038,1.3401405941387239,1.5395170352870262,1.5792657772647305,-0.03265857696533203,-0.004502773284912109,-0.0074241905714657365
1786957875.4286199,1.3400789140945233,1.5478946454169507,1.5770515839206143,-0.03265857696533203,-0.004502773284912109,-0.0074241905714657365
1786957875.4788616,1.3400098350456402,1.560347311506806,1.57563561597933,-0.03265857696533203,-0.004502773284912109,-0.0074241905714657365
1786957875.527909,1.339985995891323,1.5683454528702117,1.5719181934939785,-0.03265857696533203,-0.004502773284912109,-0.0074241905714657365
1786957875.581901,1.3399865353262392,1.5765714259204509,1.5695433060275479,-0.03265857696533203,-0.004502773284912109,-0.0074241905714657365
1786957875.6284914,1.3400217578742986,1.5886445719359963,1.5662145058261316,-0.03265857696533203,-0.004502773284912109,-0.0074241905714657365
1786957875.6792626,1.3400594133572443,1.5968704588169875,1.5662228504764004,-0.03265857696533203,-0.004502773284912109,-0.0074241905714657365
1786957875.728576,1.3401128586002737,1.6051215694816068,1.5624153057681482,-0.03265857696533203,-0.004502773284912109,-0.0074241905714657365
1786957875.7852333,1.3402284875688089,1.6175232667696449,1.5605306069003506,-0.03265857696533203,-0.004502773284912109,-0.0074241905714657365
1786957875.8370893,1.3403173098401762,1.6257993845877494,1.5595981518374844,-0.03265857696533203,-0.004502773284912109,-0.0074241905714657365
1786957875.8856177,1.3404160619724361,1.633746326561052,1.5571429173098965,-0.03265857696533203,-0.004502773284912109,-0.0074241905714657365
1786957875.9288888,1.340590257514545,1.6457676405543888,1.5554706493960784,-0.03265857696533203,-0.004502773284912109,-0.0074241905714657365
1786957875.9784062,1.3407209019958577,1.6538153784666347,1.5536574761020108,-0.03265857696533203,-0.004502773284912109,-0.0074241905714657365
1786957876.034543,1.3408672435403304,1.6618881611024297,1.551683608685629,-0.03265857696533203,-0.004502773284912109,-0.0074241905714657365
1786957876.0843382,1.3410995505726713,1.674085699939467,1.5518228451358242,-0.03265857696533203,-0.004502773284912109,-0.0074241905714657365
1786957876.1369722,1.3412735900509751,1.6823351480333573,1.5475818554507657,-0.03265857696533203,-0.004502773284912109,-0.0074241905714657365
1786957876.1802175,1.3414764678516544,1.690609255606566,1.544981424008505,-0.03265857696533203,-0.004502773284912109,-0.0074241905714657365
1786957876.2277474,1.3418007172596607,1.7028553358508984,1.5436679760562344,-0.03265857696533203,-0.004502773284912109,-0.0074241905714657365
1786957876.2778451,1.3420263760557083,1.7107743661753225,1.540948573743002,-0.03265857696533203,-0.004502773284912109,-0.0074241905714657365
1786957876.3347988,1.3422799706715152,1.7188698147862813,1.5380134026156826,-0.03265857696533203,-0.004502773284912109,-0.0074241905714657365
1786957876.3779607,1.3427044655302491,1.7311381559305485,1.5344051758395596,-0.03265857696533203,-0.004502773284912109,-0.0074241905714657365
1786957876.428133,1.3429950655100436,1.739004413460633,1.533335868512289,-0.03265857696533203,-0.004502773284912109,-0.0074241905714657365
1786957876.4792867,1.3433108496651043,1.7472496523268652,1.5316962639438076,-0.03265857696533203,-0.004502773284912109,-0.0074241905714657365
1786957876.5335135,1.343829894673966,1.7596156897020643,1.5259987751590176,-0.03265857696533203,-0.004502773284912109,-0.0074241905714657365
1786957876.5778008,1.344201799555967,1.7678332513643218,1.5251409451114102,-0.03265857696533203,-0.004502773284912109,-0.0074241905714657365
1786957876.6335108,1.3445815127028875,1.775771730855806,1.5208606163607998,-0.03265857696533203,-0.004502773284912109,-0.0074241905714657365
1786957876.679158,1.3451982629316064,1.7879305388521005,1.519369784985678,-0.03265857696533203,-0.004502773284912109,-0.0074241905714657365
1786957876.729102,1.3456383056885342,1.796144733595734,1.5151831547366543,-0.03265857696533203,-0.004502773284912109,-0.0074241905714657365
1786957876.778749,1.3461024078806147,1.8044083057464655,1.5142025391208096,-0.03265857696533203,-0.004502773284912109,-0.0074241905714657365
1786957876.827683,1.346801324441714,1.816841534623191,1.5150811115847989,-0.03265857696533203,-0.004502773284912109,-0.0074241905714657365
1786957876.8777025,1.347272286675151,1.8250033095474891,1.5112325588809412,-0.03265857696533203,-0.004502773284912109,-0.0074241905714657365
1786957876.92774,1.3477659306357057,1.833163744032272,1.5095226208316253,-0.03265857696533203,-0.004502773284912109,-0.0074241905714657365
1786957876.9776866,1.3485058473081573,1.8452649631788054,1.5099341312991545,-0.03265857696533203,-0.004502773284912109,-0.0074241905714657365
1786957877.0291882,1.3489907635721163,1.8532230692178446,1.5099417606936854,-0.03265857696533203,-0.004502773284912109,-0.0074241905714657365
1786957877.0784,1.349491519355083,1.8614337863948083,1.5098256508456631,-0.03265857696533203,-0.004502773284912109,-0.0074241905714657365
1786957877.136457,1.3499909392045697,1.8696699422583003,1.5106403271304532,-0.03265857696533203,-0.004502773284912109,-0.0074241905714657365
1786957877.1778576,1.3507244142678916,1.8819236928942769,1.5113806168185635,-0.03265857696533203,-0.004502773284912109,-0.0074241905714657365
1786957877.2293727,1.351200686638469,1.8899583875439645,1.5117966572390957,-0.03265857696533203,-0.004502773284912109,-0.0074241905714657365
1786957877.2848325,1.3518868658595704,1.90155571072454,1.5115997234927578,-0.03265857696533203,-0.004502773284912109,-0.0074241905714657365
1786957877.3361306,1.352374188476555,1.9097418807791735,1.5110732952701018,-0.03265857696533203,-0.004502773284912109,-0.0074241905714657365
1786957877.3792124,1.3528608746688802,1.9177505941245778,1.5091294685946866,-0.03265857696533203,-0.004502773284912109,-0.0074241905714657365
1786957877.4279904,1.3536040398215514,1.9296994603339144,1.5082322994815274,-0.03265857696533203,-0.004502773284912109,-0.0074241905714657365
1786957877.490856,1.3541215910438544,1.9380105772224478,1.5089766422854825,-0.03265857696533203,-0.004502773284912109,-0.0074241905714657365
1786957877.5534556,1.3546337392859957,1.9461698712800424,1.507243100796835,-0.03265857696533203,-0.004502773284912109,-0.0074241905714657365
1786957877.5785334,1.3554293328861748,1.9584704731962745,1.5051710049258633,-0.03265857696533203,-0.004502773284912109,-0.0074241905714657365
1786957877.6278374,1.3559340522992345,1.9660468862188307,1.5033838192569182,-0.03265857696533203,-0.004502773284912109,-0.0074241905714657365
1786957877.6827805,1.356751294874203,1.9782192333553517,1.5041314999209805,-0.03265857696533203,-0.004502773284912109,-0.0074241905714657365
1786957877.7464342,1.3572758350550331,1.9860226256452345,1.50322407880892,-0.03265857696533203,-0.004502773284912109,-0.0074241905714657365
1786957877.7778544,1.3578235590125685,1.9941542409160204,1.5038570801364346,-0.03265857696533203,-0.004502773284912109,-0.0074241905714657365
1786957877.835957,1.358620163484192,2.0060996634472064,1.5045587460147305,-0.03265857696533203,-0.004502773284912109,-0.0074241905714657365
1786957877.8921463,1.3591326850644967,2.013954584039267,1.5067216793643399,-0.03265857696533203,-0.004502773284912109,-0.0074241905714657365
1786957877.929868,1.3596382378869913,2.021936767319422,1.5083696285830899,-0.03265857696533203,-0.004502773284912109,-0.0074241905714657365
1786957877.9780786,1.3603906663922023,2.0341640102782317,1.5103039185153408,-0.03265857696533203,-0.004502773284912109,-0.0074241905714657365
1786957878.0518715,1.360875829043934,2.0422742420883786,1.5117890278445645,-0.03265857696533203,-0.004502773284912109,-0.0074241905714657365
1786957878.0782661,1.3613398539076342,2.0504364143645617,1.51622456709017,-0.03265857696533203,-0.004502773284912109,-0.0074241905714657365
1786957878.1299026,1.3619948237549506,2.0627199585341405,1.5188271442996426,-0.03265857696533203,-0.004502773284912109,-0.0074241905714657365
1786957878.1777854,1.3623975191619095,2.0708853863704175,1.524211112652914,-0.03265857696533203,-0.004502773284912109,-0.0074241905714657365
1786957878.2380347,1.362771878102818,2.079229519297944,1.5277118126498623,-0.03265857696533203,-0.004502773284912109,-0.0074241905714657365
1786957878.279135,1.3632824407359094,2.091291916287691,1.5292777458774014,-0.03265857696533203,-0.004502773284912109,-0.0074241905714657365
1786957878.3277898,1.3636029871964983,2.0992330049206975,1.5316275993930264,-0.03265857696533203,-0.004502773284912109,-0.0074241905714657365
1786957878.3782163,1.3639187903771264,2.107351595387278,1.5322067181216643,-0.03265857696533203,-0.004502773284912109,-0.0074241905714657365
1786957878.4286578,1.3643889862152239,2.1196435992410327,1.5329188744174405,-0.03265857696533203,-0.004502773284912109,-0.0074241905714657365
1786957878.478604,1.3647047363461755,2.1279141685920417,1.5323557297336028,-0.03265857696533203,-0.004502773284912109,-0.0074241905714657365
1786957878.5348532,1.3650159595167985,2.136134252110615,1.5335504452334805,-0.03265857696533203,-0.004502773284912109,-0.0074241905714657365
1786957878.5792432,1.3654707070761367,2.1483761810307853,1.5337829033481045,-0.03265857696533203,-0.004502773284912109,-0.0074241905714657365
1786957878.6287758,1.3657702942853462,2.156647351627449,1.5354000965701504,-0.03265857696533203,-0.004502773284912109,-0.0074241905714657365
1786957878.6809287,1.3660423742279566,2.1645142715064547,1.537049476300375,-0.03265857696533203,-0.004502773284912109,-0.0074241905714657365
1786957878.7350464,1.366456486629019,2.1767576423637194,1.5369221607791348,-0.03265857696533203,-0.004502773284912109,-0.0074241905714657365
1786957878.7776947,1.36672965276342,2.1849790785629044,1.5382427612887783,-0.03265857696533203,-0.004502773284912109,-0.0074241905714657365
1786957878.8281267,1.366993964325305,2.1932767751189504,1.5396642128573819,-0.03265857696533203,-0.004502773284912109,-0.0074241905714657365
1786957878.8780324,1.3673792867811443,2.2055970552814825,1.5393978993045254,-0.03265857696533203,-0.004502773284912109,-0.0074241905714657365
1786957878.9435234,1.3676214352743172,2.213718176319874,1.5425781647311614,-0.03265857696533203,-0.004502773284912109,-0.0074241905714657365
1786957879.0144103,1.3676214352743172,2.213718176319874,1.5425781647311614,-0.03265857696533203,-0.004502773284912109,-0.0074241905714657365
1786957879.0521674,1.3680563407463475,2.2299871287872595,1.546263400708334,-0.03265857696533203,-0.004502773284912109,-0.0074241905714657365
1786957879.0785954,1.3683411247179376,2.2422088728155254,1.5487348476993008,-0.03265857696533203,-0.004502773284912109,-0.0074241905714657365
1786957879.1282837,1.3685059076473847,2.2504838267200014,1.553036157284872,-0.03265857696533203,-0.004502773284912109,-0.0074241905714657365
1786957879.1784945,1.368709135056268,2.2627325130842406,1.5553759972201748,-0.03265857696533203,-0.004502773284912109,-0.0074241905714657365
1786957879.2281988,1.3688293156967835,2.270982921571549,1.5570854584323333,-0.03265857696533203,-0.004502773284912109,-0.0074241905714657365
1786957879.2778196,1.3689231005899973,2.2789046112628446,1.5608302990542813,-0.03265857696533203,-0.004502773284912109,-0.0074241905714657365
1786957879.3326411,1.3689871925111043,2.2869784658291636,1.564886275921957,-0.03265857696533203,-0.004502773284912109,-0.0074241905714657365
1786957879.3777828,1.36906515875032,2.2990261002613512,1.563763562832968,-0.03265857696533203,-0.004502773284912109,-0.0074241905714657365
1786957879.4371407,1.3691263821688464,2.3070493542515775,1.5625678936587735,-0.03265857696533203,-0.004502773284912109,-0.0074241905714657365
1786957879.4785085,1.3692298757656658,2.3194764703134814,1.5623690525638028,-0.03265857696533203,-0.004502773284912109,-0.0074241905714657365
1786957879.539618,1.3692900229739249,2.3279300255871096,1.5649938027011319,-0.03265857696533203,-0.004502773284912109,-0.0074241905714657365
1786957879.5781837,1.3693465432645808,2.336105181903473,1.5627717415439053,-0.03265857696533203,-0.004502773284912109,-0.0074241905714657365
1786957879.6330907,1.36941390086506,2.3443055676535494,1.5623933712588713,-0.03265857696533203,-0.004502773284912109,-0.0074241905714657365
1786957879.6863525,1.3694794780941881,2.3563785869514544,1.5683359543429776,-0.03265857696533203,-0.004502773284912109,-0.0074241905714657365
1786957879.7340174,1.369501064090865,2.3645032885987582,1.5679430405246182,-0.03265857696533203,-0.004502773284912109,-0.0074241905714657365
1786957879.7852867,1.3695387771924876,2.372627931393055,1.5643660465823575,-0.03265857696533203,-0.004502773284912109,-0.0074241905714657365
1786957879.8302393,1.3696182995305919,2.3849033567019786,1.5642704407321377,-0.03265857696533203,-0.004502773284912109,-0.0074241905714657365
1786957879.8870466,1.3696666504914499,2.3932557432539445,1.565744582806723,-0.03265857696533203,-0.004502773284912109,-0.0074241905714657365
1786957879.9318469,1.369710074569419,2.4016334679012643,1.5654816071139737,-0.03265857696533203,-0.004502773284912109,-0.0074241905714657365
1786957879.9785597,1.3697790733533395,2.413883645785566,1.5648462216006682,-0.03265857696533203,-0.004502773284912109,-0.0074241905714657365
1786957880.0341892,1.3698182830944132,2.42145143943331,1.5663842598544524,-0.03265857696533203,-0.004502773284912109,-0.0074241905714657365
1786957880.0841677,1.369877592933483,2.433828222958485,1.5656244198428555,-0.03265857696533203,-0.004502773284912109,-0.0074241905714657365
1786957880.1334078,1.3699172515007116,2.4421553443338837,1.5664431492434905,-0.03265857696533203,-0.004502773284912109,-0.0074241905714657365
1786957880.2068408,1.3699470679402277,2.4502547090880964,1.5677868763553067,-0.03265857696533203,-0.004502773284912109,-0.0074241905714657365
1786957880.2279532,1.3699683762927515,2.458100992926816,1.568374339734213,-0.03265857696533203,-0.004502773284912109,-0.0074241905714657365
1786957880.281636,1.3699852943107218,2.470275421312414,1.5704390446292325,-0.03265857696533203,-0.004502773284912109,-0.0074241905714657365
1786957880.327546,1.3699761044181564,2.4784254571400415,1.5734087864505217,-0.03265857696533203,-0.004502773284912109,-0.0074241905714657365
1786957880.3843796,1.3699399269095993,2.490372046325785,1.5742403904544278,-0.03265857696533203,-0.004502773284912109,-0.0074241905714657365
1786957880.442525,1.369909065610287,2.497990500413841,1.5754539410220547,-0.03265857696533203,-0.004502773284912109,-0.0074241905714657365
1786957880.4835482,1.3698714791217967,2.506418875164277,1.575057689343588,-0.03265857696533203,-0.004502773284912109,-0.0074241905714657365
1786957880.5324686,1.3698186585501277,2.5187450662493394,1.5751053730594085,-0.03265857696533203,-0.004502773284912109,-0.0074241905714657365
1786957880.5916834,1.369790119427202,2.526768503070124,1.5736011902438567,-0.03265857696533203,-0.004502773284912109,-0.0074241905714657365
1786957880.6398566,1.36977863245012,2.5346148074341546,1.5709194580661223,-0.03265857696533203,-0.004502773284912109,-0.0074241905714657365
1786957880.6781363,1.3697827847827138,2.5467892468665685,1.5699910561191006,-0.03265857696533203,-0.004502773284912109,-0.0074241905714657365
1786957880.7366228,1.3697939413793612,2.5544836874325956,1.5687016884433194,-0.03265857696533203,-0.004502773284912109,-0.0074241905714657365
1786957880.7857404,1.369822694752813,2.562633677720274,1.5658349434482022,-0.03265857696533203,-0.004502773284912109,-0.0074241905714657365
1786957880.8475115,1.3698930550682635,2.5749091589631106,1.5642942825900479,-0.03265857696533203,-0.004502773284912109,-0.0074241905714657365
1786957880.8776867,1.3699482937516496,2.5827299659751115,1.563172523175375,-0.03265857696533203,-0.004502773284912109,-0.0074241905714657365
1786957880.9279988,1.3700281061719661,2.5905758728125146,1.558075849209921,-0.03265857696533203,-0.004502773284912109,-0.0074241905714657365
1786957880.9929554,1.3702025777815365,2.6022427947411506,1.5536102692233487,-0.03265857696533203,-0.004502773284912109,-0.0074241905714657365
1786957881.0280287,1.3703408045019172,2.60963222243686,1.5505747238742278,-0.03265857696533203,-0.004502773284912109,-0.0074241905714657365
1786957881.0866785,1.3705761289857368,2.621019600024761,1.5496930519687102,-0.03265857696533203,-0.004502773284912109,-0.0074241905714657365
1786957881.1276176,1.3707384847102804,2.628003462552284,1.545413438473837,-0.03265857696533203,-0.004502773284912109,-0.0074241905714657365
1786957881.178029,1.370940177618571,2.635416750440321,1.5417787472354336,-0.03265857696533203,-0.004502773284912109,-0.0074241905714657365
1786957881.2279882,1.3712484630958803,2.6462706576287154,1.5430228153811858,-0.03265857696533203,-0.004502773284912109,-0.0074241905714657365
1786957881.288734,1.3714540941181779,2.6532027364755493,1.5392598549472256,-0.03265857696533203,-0.004502773284912109,-0.0074241905714657365
1786957881.3280532,1.371676067637639,2.6601343112614626,1.538307611142294,-0.03265857696533203,-0.004502773284912109,-0.0074241905714657365
1786957881.3806946,1.3719953531922215,2.6700003139034227,1.5385832230197354,-0.03265857696533203,-0.004502773284912109,-0.0074241905714657365
1786957881.428598,1.372213893730316,2.6764255126999537,1.535009566937582,-0.03265857696533203,-0.004502773284912109,-0.0074241905714657365
1786957881.4784505,1.372442495031276,2.6828756880531217,1.5357305447207852,-0.03265857696533203,-0.004502773284912109,-0.0074241905714657365
1786957881.5299346,1.3726774310265484,2.689274980575102,1.532469455395834,-0.03265857696533203,-0.004502773284912109,-0.0074241905714657365
1786957881.5785966,1.373035627743926,2.6986330817541333,1.532607261334555,-0.03265857696533203,-0.004502773284912109,-0.0074241905714657365
1786957881.649499,1.373273571969912,2.7046523239059197,1.5299653450595303,-0.03265857696533203,-0.004502773284912109,-0.0074241905714657365
1786957881.6794004,1.373667287624076,2.7138823310671687,1.5263668934451506,-0.03265857696533203,-0.004502773284912109,-0.0074241905714657365
1786957881.727609,1.3739340139397536,2.7196470002576136,1.5227534214602871,-0.03265857696533203,-0.004502773284912109,-0.0074241905714657365
1786957881.778051,1.3742195555927395,2.725436109693695,1.5202712456332608,-0.03265857696533203,-0.004502773284912109,-0.0074241905714657365
1786957881.8301663,1.3745007410106411,2.7309720134751436,1.5198225418673916,-0.03265857696533203,-0.004502773284912109,-0.0074241905714657365
1786957881.8791208,1.3749373520828512,2.7393131206978385,1.5171765724765225,-0.03265857696533203,-0.004502773284912109,-0.0074241905714657365
1786957881.945404,1.375229391579905,2.7447217289357546,1.5165302197085782,-0.03265857696533203,-0.004502773284912109,-0.0074241905714657365
1786957881.9780207,1.3756660247631904,2.7526319321338164,1.5147768894778653,-0.03265857696533203,-0.004502773284912109,-0.0074241905714657365
1786957882.0300155,1.3759622343531488,2.7578628642610927,1.5136835018741055,-0.03265857696533203,-0.004502773284912109,-0.0074241905714657365
1786957882.0905128,1.3762609447832588,2.7630683020507183,1.5132662693606778,-0.03265857696533203,-0.004502773284912109,-0.0074241905714657365
1786957882.1288593,1.3765563720861724,2.76812181137346,1.5115396420108245,-0.03265857696533203,-0.004502773284912109,-0.0074241905714657365
1786957882.1781094,1.376997711980609,2.7756007639163887,1.5121678749667569,-0.03265857696533203,-0.004502773284912109,-0.0074241905714657365
1786957882.2280624,1.3772852776236917,2.780401188842897,1.5097593704806727,-0.03265857696533203,-0.004502773284912109,-0.0074241905714657365
1786957882.2831314,1.377571180196138,2.7850495710968546,1.5089764038669033,-0.03265857696533203,-0.004502773284912109,-0.0074241905714657365
1786957882.3286846,1.3780109381134629,2.792046826059738,1.5070869366275235,-0.03265857696533203,-0.004502773284912109,-0.0074241905714657365
1786957882.3866286,1.378281236734057,2.7964932987836355,1.513076249753134,-0.03265857696533203,-0.004502773284912109,-0.0074241905714657365
1786957882.4279337,1.3784127572247258,2.8000850090589986,1.5553135315524502,-0.03265857696533203,-0.004502773284912109,-0.0074241905714657365
1786957882.4807568,1.3783965073942706,2.803021003708518,1.5973483959781094,-0.03265857696533203,-0.004502773284912109,-0.0074241905714657365
1786957882.5285664,1.3783286378379096,2.8040818837829917,1.6720196644412442,-0.03265857696533203,-0.004502773284912109,-0.0074241905714657365
1786957882.5778277,1.3782412909734696,2.804810678037367,1.7081374565707608,-0.03265857696533203,-0.004502773284912109,-0.0074241905714657365
1786957882.6328826,1.3781322103319487,2.805510932273674,1.742517177258627,-0.03265857696533203,-0.004502773284912109,-0.0074241905714657365
1786957882.6787088,1.3780532434872454,2.8058822894836126,1.8181216160403653,-0.03265857696533203,-0.004502773284912109,-0.0074241905714657365
1786957882.7289388,1.37798473870647,2.8061259494504247,1.8716189304934903,-0.03265857696533203,-0.004502773284912109,-0.0074241905714657365
1786957882.7820125,1.377951923476927,2.806221726557379,1.9301454464541836,-0.03265857696533203,-0.004502773284912109,-0.0074241905714657365
1786957882.8292816,1.3780307121114097,2.8060351984761085,2.0107724110232756,-0.03265857696533203,-0.004502773284912109,-0.0074241905714657365
1786957882.882008,1.3781225282191807,2.8058547263830302,2.0720745960818694,-0.03265857696533203,-0.004502773284912109,-0.0074241905714657365
1786957882.9280229,1.378261910281216,2.8056137098422576,2.11815327802767,-0.03265857696533203,-0.004502773284912109,-0.0074241905714657365
1786957882.9778812,1.3783878645306156,2.8054239030314343,2.1951810757266443,-0.03265857696533203,-0.004502773284912109,-0.0074241905714657365
1786957883.0282288,1.3784490346656297,2.805343228945825,2.243916455899374,-0.03265857696533203,-0.004502773284912109,-0.0074241905714657365
1786957883.0841646,1.3784164931345122,2.8053820048678535,2.294080917035238,-0.03265857696533203,-0.004502773284912109,-0.0074241905714657365
1786957883.1283069,1.378451228469084,2.8053451812353765,2.3599588314639495,-0.03265857696533203,-0.004502773284912109,-0.0074241905714657365
1786957883.1792626,1.378377777366273,2.80541485927354,2.4051404635058806,-0.03265857696533203,-0.004502773284912109,-0.0074241905714657365
1786957883.2284663,1.3784160016044111,2.8053816714595814,2.4480678478824065,-0.03265857696533203,-0.004502773284912109,-0.0074241905714657365
1786957883.283352,1.3784160016044111,2.8053816714595814,2.514201823865072,-0.03265857696533203,-0.004502773284912109,-0.0074241905714657365
1786957883.3281922,1.378374379423725,2.8054104832184925,2.5580109993564055,-0.03265857696533203,-0.004502773284912109,-0.0074241905714657365
1786957883.382874,1.378331532476562,2.805437439896616,2.6020342747317713,-0.03265857696533203,-0.004502773284912109,-0.0074241905714657365
1786957883.4282079,1.378331532476562,2.805437439896616,2.6616473833667205,-0.03265857696533203,-0.004502773284912109,-0.0074241905714657365
1786957883.4783206,1.3783542211864908,2.8054262214615235,2.7031422297107146,-0.03265857696533203,-0.004502773284912109,-0.0074241905714657365
1786957883.5280557,1.3784466795344386,2.805384971644537,2.7407563368426726,-0.03265857696533203,-0.004502773284912109,-0.0074241905714657365
1786957883.5817542,1.3784702556752753,2.805375763146973,2.797700707112448,-0.03265857696533203,-0.004502773284912109,-0.0074241905714657365
1786957883.6286101,1.3784942403782408,2.80536767829275,2.8352403084384368,-0.03265857696533203,-0.004502773284912109,-0.0074241905714657365
1786957883.6780791,1.378518502842187,2.805360469708462,2.8703411261187957,-0.03265857696533203,-0.004502773284912109,-0.0074241905714657365
1786957883.7402759,1.378518502842187,2.805360469708462,2.918616954480307,-0.03265857696533203,-0.004502773284912109,-0.0074241905714657365
1786957883.7792156,1.3785680531902724,2.80535011179452,2.952426735554831,-0.03265857696533203,-0.004502773284912109,-0.0074241905714657365
1786957883.8385448,1.3785680531902729,2.80535011179452,2.984857622777121,-0.03265857696533203,-0.004502773284912109,-0.0074241905714657365
1786957883.8889577,1.3785429656390895,2.8053534652434604,3.0325633923160003,-0.03265857696533203,-0.004502773284912109,-0.0074241905714657365
1786957883.95154,1.3784169554003967,2.805365178093179,3.0652514139758513,-0.03265857696533203,-0.004502773284912109,-0.0074241905714657365
1786957884.0138025,1.3780885478996168,2.8053855527365887,3.094011251126425,-0.03265857696533203,-0.004502773284912109,-0.0074241905714657365
1786957884.0297775,1.3775571991097788,2.8053992153063403,3.137759391461508,-0.03265857696533203,-0.004502773284912109,-0.0074241905714657365
1786957884.0780516,1.3768232053522753,2.8053943466429887,-3.124493360519409,-0.03265857696533203,-0.004502773284912109,-0.0074241905714657365
1786957884.149567,1.3753302840981978,2.8053593881298555,-3.111868143081665,-0.03265857696533203,-0.004502773284912109,-0.0074241905714657365
1786957884.1776655,1.3741666254895277,2.8053210018209978,-3.1053658723831177,-0.03265857696533203,-0.004502773284912109,-0.0074241905714657365
1786957884.2287135,1.3726492051979389,2.805260119166278,-3.097617506980896,-0.03265857696533203,-0.004502773284912109,-0.0074241905714657365
1786957884.2776396,1.3699942085619234,2.805142017855546,-3.09666109085083,-0.03265857696533203,-0.004502773284912109,-0.0074241905714657365
1786957884.3277087,1.3679713547974133,2.8050520175776437,-3.0975993871688843,-0.03265857696533203,-0.004502773284912109,-0.0074241905714657365
1786957884.3877552,1.3645577801047464,2.8049003437421414,-3.096779227256775,-0.03265857696533203,-0.004502773284912109,-0.0074241905714657365
1786957884.429601,1.3623326184918514,2.8048018498151097,-3.0979363918304443,-0.03265857696533203,-0.004502773284912109,-0.0074241905714657365
1786957884.4785132,1.3599556814279676,2.804698002170351,-3.097925066947937,-0.03265857696533203,-0.004502773284912109,-0.0074241905714657365
1786957884.5282567,1.357654541252936,2.8045989167762064,-3.099194884300232,-0.03265857696533203,-0.004502773284912109,-0.0074241905714657365
1786957884.5786705,1.3540634677358279,2.804451027167581,-3.101671814918518,-0.03265857696533203,-0.004502773284912109,-0.0074241905714657365
1786957884.6295614,1.3516101902453195,2.804355501426257,-3.1036767959594727,-0.03265857696533203,-0.004502773284912109,-0.0074241905714657365
1786957884.6802704,1.3491566578615968,2.8042667633019134,-3.107205033302307,-0.03265857696533203,-0.004502773284912109,-0.0074241905714657365
1786957884.731907,1.3453621565437464,2.804140455177087,-3.1094305515289307,-0.03265857696533203,-0.004502773284912109,-0.0074241905714657365
1786957884.7834437,1.3429587747620253,2.8040666352622696,-3.1123440265655518,-0.03265857696533203,-0.004502773284912109,-0.0074241905714657365
1786957884.8322775,1.3404287029229394,2.8039956075870243,-3.114709258079529,-0.03265857696533203,-0.004502773284912109,-0.0074241905714657365
1786957884.8921883,1.3365827837171202,2.8038954053627183,-3.116379499435425,-0.03265857696533203,-0.004502773284912109,-0.0074241905714657365
1786957884.9418545,1.3339511160868525,2.803837192870769,-3.1225730180740356,-0.03265857696533203,-0.004502773284912109,-0.0074241905714657365
1786957884.9792566,1.3301804571271896,2.803768081503529,-3.123958945274353,-0.03265857696533203,-0.004502773284912109,-0.0074241905714657365
1786957885.0294437,1.3275737514021355,2.803728865580126,-3.1291401386260986,-0.03265857696533203,-0.004502773284912109,-0.0074241905714657365
1786957885.0817893,1.325093475794753,2.803699684443674,-3.130515694618225,-0.03265857696533203,-0.004502773284912109,-0.0074241905714657365
1786957885.1278994,1.3213476114050142,2.8036700536465715,-3.1368494033813477,-0.03265857696533203,-0.004502773284912109,-0.0074241905714657365
1786957885.1948502,1.3187912440938656,2.8036622170814387,-3.140204906463623,-0.03265857696533203,-0.004502773284912109,-0.0074241905714657365
1786957885.2291846,1.3163614184448846,2.8036611329598546,3.14109725156893,-0.03265857696533203,-0.004502773284912109,-0.0074241905714657365
1786957885.2822375,1.312590138569592,2.8036708011230873,3.1369608084308074,-0.03265857696533203,-0.004502773284912109,-0.0074241905714657365
1786957885.3277178,1.3100338042137212,2.8036859636511213,3.134361926709311,-0.03265857696533203,-0.004502773284912109,-0.0074241905714657365
1786957885.3805435,1.3074775335661772,2.803709535196836,3.1303817669497893,-0.03265857696533203,-0.004502773284912109,-0.0074241905714657365
1786957885.4280312,1.3034787971510386,2.8037625962542956,3.126266185437338,-0.03265857696533203,-0.004502773284912109,-0.0074241905714657365
1786957885.4847293,1.3008468546307763,2.8038066618923323,3.1234369913684294,-0.03265857696533203,-0.004502773284912109,-0.0074241905714657365
1786957885.5278475,1.2982150753005477,2.8038595841692975,3.11953586736788,-0.03265857696533203,-0.004502773284912109,-0.0074241905714657365
1786957885.5779183,1.2943941173505598,2.803945048911061,3.1189221779452727,-0.03265857696533203,-0.004502773284912109,-0.0074241905714657365
1786957885.6281922,1.2918132970090983,2.804012053893909,3.112349454556601,-0.03265857696533203,-0.004502773284912109,-0.0074241905714657365
1786957885.6786423,1.289258086306913,2.804089342371057,3.1103594938861296,-0.03265857696533203,-0.004502773284912109,-0.0074241905714657365
1786957885.7301033,1.2854130896189102,2.8042202449787013,3.104762260113852,-0.03265857696533203,-0.004502773284912109,-0.0074241905714657365
1786957885.7785332,1.2828585417359122,2.804316993904961,3.102712814007895,-0.03265857696533203,-0.004502773284912109,-0.0074241905714657365
1786957885.8290606,1.2803294639502785,2.804417363202065,3.1011418739901946,-0.03265857696533203,-0.004502773284912109,-0.0074241905714657365
1786957885.8779564,1.276561575129646,2.8045775481155872,3.0970682541476653,-0.03265857696533203,-0.004502773284912109,-0.0074241905714657365
1786957885.9282484,1.2742353339596133,2.804681958286564,3.096409980450766,-0.03265857696533203,-0.004502773284912109,-0.0074241905714657365
1786957885.9784355,1.2718586468842676,2.8047913780510885,3.094762746487753,-0.03265857696533203,-0.004502773284912109,-0.0074241905714657365
1786957886.067542,1.2684454873994588,2.8049521246406353,3.0942998568164275,-0.03265857696533203,-0.004502773284912109,-0.0074241905714657365
1786957886.0940359,1.266245889338801,2.805055581061343,3.094886247311728,-0.03265857696533203,-0.004502773284912109,-0.0074241905714657365
1786957886.1324072,1.2640463035340075,2.805159297727254,3.094063226376669,-0.03265857696533203,-0.004502773284912109,-0.0074241905714657365
1786957886.1855223,1.2608101193922578,2.8053116392888366,3.0950426498996184,-0.03265857696533203,-0.004502773284912109,-0.0074241905714657365
1786957886.2278385,1.2587369127954051,2.8054086764100243,3.0946002642260955,-0.03265857696533203,-0.004502773284912109,-0.0074241905714657365
1786957886.2793863,1.2566384590182076,2.8055076593902566,3.094315950070517,-0.03265857696533203,-0.004502773284912109,-0.0074241905714657365
1786957886.3289585,1.25347808405184,2.8056556019870085,3.095314208661215,-0.03265857696533203,-0.004502773284912109,-0.0074241905714657365
1786957886.3782673,1.2514807031968926,2.805748590258764,3.094828073178427,-0.03265857696533203,-0.004502773284912109,-0.0074241905714657365
1786957886.4304874,1.2493822130893102,2.8058468000026204,3.0948250929461882,-0.03265857696533203,-0.004502773284912109,-0.0074241905714657365
1786957886.4778838,1.246196568816186,2.805996218364856,3.094621602688925,-0.03265857696533203,-0.004502773284912109,-0.0074241905714657365
1786957886.5281804,1.2439971378226446,2.8061031677177555,3.0913884083377288,-0.03265857696533203,-0.004502773284912109,-0.0074241905714657365
1786957886.5923686,1.2405087206463725,2.80627957463498,3.090744320546286,-0.03265857696533203,-0.004502773284912109,-0.0074241905714657365
1786957886.627625,1.2379558180689971,2.8064128550600054,3.088120881711142,-0.03265857696533203,-0.004502773284912109,-0.0074241905714657365
1786957886.678034,1.2354285441492816,2.8065514009957524,3.085533444081442,-0.03265857696533203,-0.004502773284912109,-0.0074241905714657365
1786957886.7317498,1.2317645319107349,2.806761823937031,3.0829185883151458,-0.03265857696533203,-0.004502773284912109,-0.0074241905714657365
1786957886.7781527,1.2292127477169845,2.806915031866935,3.0803316275226043,-0.03265857696533203,-0.004502773284912109,-0.0074241905714657365
1786957886.8346436,1.2267369752441442,2.8070672464852358,3.0800449291812346,-0.03265857696533203,-0.004502773284912109,-0.0074241905714657365
1786957886.890274,1.2233266563650735,2.8072799017881223,3.078588787709372,-0.03265857696533203,-0.004502773284912109,-0.0074241905714657365
1786957886.9286046,1.2211289768737001,2.8074182481384002,3.078860227261679,-0.03265857696533203,-0.004502773284912109,-0.0074241905714657365
1786957886.988643,1.2189818350073904,2.8075536721207177,3.0783484617816375,-0.03265857696533203,-0.004502773284912109,-0.0074241905714657365
1786957887.03042,1.2168600075131975,2.8076883544182585,3.0780575911151336,-0.03265857696533203,-0.004502773284912109,-0.0074241905714657365
1786957887.0829766,1.2136771951721848,2.8078892546018315,3.0790542999850676,-0.03265857696533203,-0.004502773284912109,-0.0074241905714657365
1786957887.13503,1.2115553210685357,2.8080232005784307,3.078045789395468,-0.03265857696533203,-0.004502773284912109,-0.0074241905714657365
1786957887.1814368,1.2083472710473282,2.8082260550752123,3.0788417498217986,-0.03265857696533203,-0.004502773284912109,-0.0074241905714657365
1786957887.2316463,1.2061748360176823,2.8083625532999803,3.0788447300540374,-0.03265857696533203,-0.004502773284912109,-0.0074241905714657365
1786957887.2806954,1.2040277125589494,2.8084982688186413,3.0780924002276824,-0.03265857696533203,-0.004502773284912109,-0.0074241905714657365
1786957887.337393,1.2018300738819352,2.8086372620009468,3.0787679592715667,-0.03265857696533203,-0.004502773284912109,-0.0074241905714657365
1786957887.3854475,1.1985715203597167,2.808843579282053,3.0779549519168303,-0.03265857696533203,-0.004502773284912109,-0.0074241905714657365
1786957887.4292881,1.196373925134796,2.8089832577945097,3.078281704579489,-0.03265857696533203,-0.004502773284912109,-0.0074241905714657365
1786957887.4792633,1.1931406973962473,2.809189010416299,3.07780117193331,-0.03265857696533203,-0.004502773284912109,-0.0074241905714657365
1786957887.5518167,1.1909684273748915,2.8093281099407967,3.077490393315451,-0.03265857696533203,-0.004502773284912109,-0.0074241905714657365
1786957887.5778005,1.1886193838026864,2.809479141285264,3.077282015477316,-0.03265857696533203,-0.004502773284912109,-0.0074241905714657365
1786957887.629646,1.1862450856289883,2.809631857759027,3.077438894902365,-0.03265857696533203,-0.004502773284912109,-0.0074241905714657365
1786957887.6779902,1.182658336474762,2.809861881336676,3.077658836041586,-0.03265857696533203,-0.004502773284912109,-0.0074241905714657365
1786957887.7281399,1.1802335664042214,2.810018546472478,3.0764852205859587,-0.03265857696533203,-0.004502773284912109,-0.0074241905714657365
1786957887.7835402,1.1763691303513468,2.8102688691125866,3.0773288647281096,-0.03265857696533203,-0.004502773284912109,-0.0074241905714657365
1786957887.8281114,1.17381815089853,2.810434938593732,3.0758393446551726,-0.03265857696533203,-0.004502773284912109,-0.0074241905714657365
1786957887.878558,1.1712423475486244,2.810609180968721,3.0722600857364104,-0.03265857696533203,-0.004502773284912109,-0.0074241905714657365
1786957887.9299655,1.1672783666244628,2.810888044574358,3.0704578796969817,-0.03265857696533203,-0.004502773284912109,-0.0074241905714657365
1786957887.9851978,1.1646781148678036,2.8110755103783607,3.068785969411032,-0.03265857696533203,-0.004502773284912109,-0.0074241905714657365
1786957888.0294726,1.1620782137093917,2.811267777359838,3.0667647759066985,-0.03265857696533203,-0.004502773284912109,-0.0074241905714657365
1786957888.0967882,1.1585702186589135,2.8115353577511435,3.0641607681857512,-0.03265857696533203,-0.004502773284912109,-0.0074241905714657365
1786957888.1279953,1.1559712860841753,2.811740301884121,3.061636153851645,-0.03265857696533203,-0.004502773284912109,-0.0074241905714657365
1786957888.1783035,1.1522626704607608,2.8120395711093824,3.0605067650424407,-0.03265857696533203,-0.004502773284912109,-0.0074241905714657365
1786957888.2498946,1.1497150004566714,2.8122504094159715,3.0575402418719695,-0.03265857696533203,-0.004502773284912109,-0.0074241905714657365
1786957888.2790096,1.1473945119432842,2.8124444004575144,3.0588344971286223,-0.03265857696533203,-0.004502773284912109,-0.0074241905714657365
1786957888.3573396,1.144039809216333,2.8127238438616415,3.0581365267383025,-0.03265857696533203,-0.004502773284912109,-0.0074241905714657365
1786957888.3778625,1.1418202410441236,2.8129097534796785,3.057920161877768,-0.03265857696533203,-0.004502773284912109,-0.0074241905714657365
1786957888.4312973,1.1395502224526184,2.813099820393959,3.058196369801657,-0.03265857696533203,-0.004502773284912109,-0.0074241905714657365
1786957888.486103,1.1363217534037835,2.8133701597203835,3.057906572018759,-0.03265857696533203,-0.004502773284912109,-0.0074241905714657365
1786957888.5280118,1.1342283149528924,2.8135457197891327,3.05794614950289,-0.03265857696533203,-0.004502773284912109,-0.0074241905714657365
1786957888.6029346,1.1311259904550501,2.813805886565191,3.0579069296466277,-0.03265857696533203,-0.004502773284912109,-0.0074241905714657365
1786957888.634229,1.1289569024451147,2.813987993480358,3.0577601830111907,-0.03265857696533203,-0.004502773284912109,-0.0074241905714657365
1786957888.6862903,1.1268382527349876,2.814165798548234,3.0579699913608,-0.03265857696533203,-0.004502773284912109,-0.0074241905714657365
1786957888.7424622,1.1247195832620824,2.814343367973986,3.0579826275454924,-0.03265857696533203,-0.004502773284912109,-0.0074241905714657365
1786957888.792908,1.1215668106027707,2.8146077190637806,3.057899657879965,-0.03265857696533203,-0.004502773284912109,-0.0074241905714657365
1786957888.8329442,1.119498564775233,2.8147808115043853,3.0582938830005095,-0.03265857696533203,-0.004502773284912109,-0.0074241905714657365
1786957888.8789365,1.116421443563431,2.815038638059143,3.057705465947287,-0.03265857696533203,-0.004502773284912109,-0.0074241905714657365
1786957888.9284058,1.1142523728434945,2.8152209507995405,3.0577718655215667,-0.03265857696533203,-0.004502773284912109,-0.0074241905714657365
1786957888.9783864,1.1121841764467588,2.8153946328672705,3.0578514973269866,-0.03265857696533203,-0.004502773284912109,-0.0074241905714657365
1786957889.0306633,1.1099646918160673,2.815581537204532,3.0573088566409514,-0.03265857696533203,-0.004502773284912109,-0.0074241905714657365
1786957889.0779583,1.1065600545376182,2.8158712648990836,3.056089584027426,-0.03265857696533203,-0.004502773284912109,-0.0074241905714657365
1786957889.128299,1.1040888689751054,2.8160854156472186,3.054209415112631,-0.03265857696533203,-0.004502773284912109,-0.0074241905714657365
1786957889.1852956,1.1002561616268076,2.816419315940337,3.0551773945437835,-0.03265857696533203,-0.004502773284912109,-0.0074241905714657365
1786957889.2422764,1.0977096169657463,2.816643337212725,3.0525183121310637,-0.03265857696533203,-0.004502773284912109,-0.0074241905714657365
1786957889.285727,1.0951631958952446,2.816868758979569,3.0540774504290984,-0.03265857696533203,-0.004502773284912109,-0.0074241905714657365
1786957889.3279104,1.0927176237001397,2.8170852589823854,3.0525135437594817,-0.03265857696533203,-0.004502773284912109,-0.0074241905714657365
1786957889.3778954,1.0891124235582237,2.8174058710048153,3.0532775560962127,-0.03265857696533203,-0.004502773284912109,-0.0074241905714657365
1786957889.428597,1.086666851079224,2.8176223678007477,3.0533160606967376,-0.03265857696533203,-0.004502773284912109,-0.0074241905714657365
1786957889.496225,1.0831875589038238,2.8179301010526916,3.0534341971026824,-0.03265857696533203,-0.004502773284912109,-0.0074241905714657365
1786957889.528013,1.080817528165057,2.8181388315877993,3.0540627876864836,-0.03265857696533203,-0.004502773284912109,-0.0074241905714657365
1786957889.5877748,1.0784726623198806,2.818344793572773,3.053901616727011,-0.03265857696533203,-0.004502773284912109,-0.0074241905714657365
1786957889.6280386,1.0760266318513922,2.8185560530338982,3.0569747130023406,-0.03265857696533203,-0.004502773284912109,-0.0074241905714657365
1786957889.6781664,1.0722939854391966,2.818871851659565,3.0574036280261443,-0.03265857696533203,-0.004502773284912109,-0.0074241905714657365
1786957889.7367575,1.0699231550054646,2.8190712938654214,3.05793017545809,-0.03265857696533203,-0.004502773284912109,-0.0074241905714657365
1786957889.7777567,1.0660635884632441,2.8193879538361832,3.0615308920489714,-0.03265857696533203,-0.004502773284912109,-0.0074241905714657365
1786957889.8351011,1.0634145172822038,2.8196009724612576,3.061174575482504,-0.03265857696533203,-0.004502773284912109,-0.0074241905714657365
1786957889.8777764,1.0608156640094477,2.8198069197660836,3.063850347195761,-0.03265857696533203,-0.004502773284912109,-0.0074241905714657365
1786957889.928545,1.0582923994939961,2.820005526479583,3.0622383991824553,-0.03265857696533203,-0.004502773284912109,-0.0074241905714657365
1786957889.983195,1.054507976150441,2.8203093914995,3.0607034603701995,-0.03265857696533203,-0.004502773284912109,-0.0074241905714657365
1786957890.0328867,1.0520608948709993,2.8205081094516173,3.060425225888388,-0.03265857696533203,-0.004502773284912109,-0.0074241905714657365
1786957890.078165,1.048327427756188,2.820814052768382,3.05923313299288,-0.03265857696533203,-0.004502773284912109,-0.0074241905714657365
1786957890.129293,1.0457292761780734,2.8210286710407138,3.059117976819174,-0.03265857696533203,-0.004502773284912109,-0.0074241905714657365
1786957890.1782956,1.0432574737158633,2.82123557975274,3.057041470204489,-0.03265857696533203,-0.004502773284912109,-0.0074241905714657365
1786957890.2468622,1.0406849784948882,2.8214532759646636,3.057297054921286,-0.03265857696533203,-0.004502773284912109,-0.0074241905714657365
1786957890.2780373,1.0368007793363738,2.821779156306298,3.0584823528872893,-0.03265857696533203,-0.004502773284912109,-0.0074241905714657365
1786957890.3281658,1.0342283685332345,2.8219978477842242,3.0550823847400115,-0.03265857696533203,-0.004502773284912109,-0.0074241905714657365
1786957890.3958867,1.030319917115687,2.822337205335461,3.0548841396914885,-0.03265857696533203,-0.004502773284912109,-0.0074241905714657365
1786957890.428462,1.0276977267403042,2.822567815061336,3.05286163488497,-0.03265857696533203,-0.004502773284912109,-0.0074241905714657365
1786957890.482129,1.025126202016814,2.822796690352938,3.0527840296374724,-0.03265857696533203,-0.004502773284912109,-0.0074241905714657365
1786957890.5281103,1.022529762342217,2.8230311122841996,3.0503177086459563,-0.03265857696533203,-0.004502773284912109,-0.0074241905714657365
1786957890.5780606,1.01872379603277,2.8233798877549776,3.0500997940646575,-0.03265857696533203,-0.004502773284912109,-0.0074241905714657365
1786957890.6292145,1.0162033363695462,2.823611386194818,3.049904052411215,-0.03265857696533203,-0.004502773284912109,-0.0074241905714657365
1786957890.6777267,1.013708215600546,2.8238420271532383,3.04893154302706,-0.03265857696533203,-0.004502773284912109,-0.0074241905714657365
1786957890.736526,1.0100535086199742,2.8241772589903245,3.0513135830508635,-0.03265857696533203,-0.004502773284912109,-0.0074241905714657365
1786957890.7791827,1.0074570327732402,2.8244112799359833,3.0520970265017913,-0.03265857696533203,-0.004502773284912109,-0.0074241905714657365
1786957890.8452015,1.0048603503077054,2.82464299700239,3.0530881325351165,-0.03265857696533203,-0.004502773284912109,-0.0074241905714657365
1786957890.8783364,1.0010030709994173,2.8249863973063505,3.0525122324572966,-0.03265857696533203,-0.004502773284912109,-0.0074241905714657365
1786957890.9322302,0.9985069723981075,2.825206203302939,3.055006567631857,-0.03265857696533203,-0.004502773284912109,-0.0074241905714657365
1786957890.9785743,0.9946490920094117,2.825542783660987,3.0541296640979216,-0.03265857696533203,-0.004502773284912109,-0.0074241905714657365
1786957891.0280044,0.992051816872875,2.8257677603060167,3.056246463452475,-0.03265857696533203,-0.004502773284912109,-0.0074241905714657365
1786957891.1044064,0.9895552236156153,2.8259818747880234,3.055832211171286,-0.03265857696533203,-0.004502773284912109,-0.0074241905714657365
1786957891.1323931,0.9832505940275583,2.826521384340837,3.056942168866293,-0.03265857696533203,-0.004502773284912109,-0.0074241905714657365
1786957891.1904533,0.9832505940275583,2.826521384340837,3.056942168866293,-0.03265857696533203,-0.004502773284912109,-0.0074241905714657365
1786957891.2285054,0.9807288124460888,2.8267380086629883,3.054861251507895,-0.03265857696533203,-0.004502773284912109,-0.0074241905714657365
1786957891.277979,0.9769716689527969,2.8270643798350936,3.055025402699606,-0.03265857696533203,-0.004502773284912109,-0.0074241905714657365
1786957891.3340278,0.9744248225697153,2.827284944433899,3.0553849379168914,-0.03265857696533203,-0.004502773284912109,-0.0074241905714657365
1786957891.3777733,0.9718529582824137,2.827509971966283,3.0532531181918547,-0.03265857696533203,-0.004502773284912109,-0.0074241905714657365
1786957891.437337,0.9692308609836289,2.8277416376006,3.0536872784243987,-0.03265857696533203,-0.004502773284912109,-0.0074241905714657365
1786957891.4925296,0.9652730035305517,2.828096988214483,3.0504110495196746,-0.03265857696533203,-0.004502773284912109,-0.0074241905714657365
1786957891.5422065,0.9626261998331005,2.828336540388357,3.052253667508261,-0.03265857696533203,-0.004502773284912109,-0.0074241905714657365
1786957891.5825496,0.9587694401346819,2.8286857281022906,3.0503457228290007,-0.03265857696533203,-0.004502773284912109,-0.0074241905714657365
1786957891.6273794,0.9536017000223197,2.8291515313289635,3.050995771084921,-0.03265857696533203,-0.004502773284912109,-0.0074241905714657365
1786957891.6780736,0.9536017000223197,2.8291515313289635,3.050995771084921,-0.03265857696533203,-0.004502773284912109,-0.0074241905714657365
1786957891.7307947,0.951080839666716,2.8293786249421053,3.0525030533420012,-0.03265857696533203,-0.004502773284912109,-0.0074241905714657365
1786957891.7803078,0.9472740784565716,2.8297186145987148,3.0525308291064666,-0.03265857696533203,-0.004502773284912109,-0.0074241905714657365
1786957891.835495,0.9447532640389059,2.82994621757162,3.0505638758288787,-0.03265857696533203,-0.004502773284912109,-0.0074241905714657365
1786957891.879522,0.9422577547895191,2.830172616533244,3.051671687756674,-0.03265857696533203,-0.004502773284912109,-0.0074241905714657365
1786957891.9338195,0.9384512861627607,2.8305158664001953,3.0516492764102385,-0.03265857696533203,-0.004502773284912109,-0.0074241905714657365
1786957891.9904578,0.9358548374777319,2.830750188511171,3.0515293518649504,-0.03265857696533203,-0.004502773284912109,-0.0074241905714657365
1786957892.0310512,0.9332329564714953,2.830984289343194,3.0535535256015227,-0.03265857696533203,-0.004502773284912109,-0.0074241905714657365
1786957892.0818014,0.9294007899810304,2.83132434082871,3.0526232163058684,-0.03265857696533203,-0.004502773284912109,-0.0074241905714657365
1786957892.1277223,0.9268035704933253,2.8315499589981092,3.0572589079486296,-0.03265857696533203,-0.004502773284912109,-0.0074241905714657365
1786957892.1845324,0.9242058920986361,2.8317702306109993,3.056739989911215,-0.03265857696533203,-0.004502773284912109,-0.0074241905714657365
1786957892.2327871,0.9203469093588977,2.832093927452673,3.0590743462191985,-0.03265857696533203,-0.004502773284912109,-0.0074241905714657365
1786957892.2915735,0.9177488185710654,2.8323092803812773,3.058711234723227,-0.03265857696533203,-0.004502773284912109,-0.0074241905714657365
1786957892.3279345,0.91527680303162,2.8325136276348455,3.0595206657992766,-0.03265857696533203,-0.004502773284912109,-0.0074241905714657365
1786957892.3821168,0.9115937601278628,2.8328150941224846,3.0603236595736907,-0.03265857696533203,-0.004502773284912109,-0.0074241905714657365
1786957892.4363582,0.9091216334844482,2.8330180928570146,3.0589992443667815,-0.03265857696533203,-0.004502773284912109,-0.0074241905714657365
1786957892.4841013,0.9065990883608419,2.8332256369269233,3.0600045363055632,-0.03265857696533203,-0.004502773284912109,-0.0074241905714657365
1786957892.5279224,0.9002676009504219,2.8337477840053578,3.057653371487753,-0.03265857696533203,-0.004502773284912109,-0.0074241905714657365
1786957892.5780256,0.9002676009504219,2.8337477840053578,3.057653371487753,-0.03265857696533203,-0.004502773284912109,-0.0074241905714657365
1786957892.6305428,0.8976698302110799,2.8339669638664224,3.057186071072714,-0.03265857696533203,-0.004502773284912109,-0.0074241905714657365
1786957892.6779814,0.8937861187699948,2.8342986060568154,3.0556263367282317,-0.03265857696533203,-0.004502773284912109,-0.0074241905714657365
1786957892.7281964,0.8911131823577586,2.834529991235918,3.0548576752292083,-0.03265857696533203,-0.004502773284912109,-0.0074241905714657365
1786957892.7780864,0.8885919325653192,2.8347527196034674,3.0521041790591643,-0.03265857696533203,-0.004502773284912109,-0.0074241905714657365
1786957892.8312218,0.8846843368223463,2.8351017920034236,3.052890602742331,-0.03265857696533203,-0.004502773284912109,-0.0074241905714657365
1786957892.8780053,0.8821381927811984,2.8353303215704155,3.0512641111957,-0.03265857696533203,-0.004502773284912109,-0.0074241905714657365
1786957892.9292676,0.879642539019179,2.8355551219345516,3.052252594624655,-0.03265857696533203,-0.004502773284912109,-0.0074241905714657365
1786957892.97991,0.8758612134615085,2.8358953733423036,3.051451985036032,-0.03265857696533203,-0.004502773284912109,-0.0074241905714657365
1786957893.0283716,0.8734920842509271,2.83611409902108,3.0476087967502044,-0.03265857696533203,-0.004502773284912109,-0.0074241905714657365
1786957893.087267,0.8696874843975237,2.83647747738195,3.0451336542712615,-0.03265857696533203,-0.004502773284912109,-0.0074241905714657365
1786957893.1285558,0.8671686217160031,2.836725749879876,3.0415557066546843,-0.03265857696533203,-0.004502773284912109,-0.0074241905714657365
1786957893.1871378,0.86462522957712,2.8369831050219068,3.039944473897116,-0.03265857696533203,-0.004502773284912109,-0.0074241905714657365
1786957893.2287958,0.8620317443291943,2.837248221778209,3.0395003000842498,-0.03265857696533203,-0.004502773284912109,-0.0074241905714657365
1786957893.2783737,0.8581291927558528,2.837649777812055,3.038615171109335,-0.03265857696533203,-0.004502773284912109,-0.0074241905714657365
1786957893.328707,0.8554352849784566,2.837928064393938,3.0386959950076506,-0.03265857696533203,-0.004502773284912109,-0.0074241905714657365
1786957893.381125,0.8527920563590093,2.838204284455093,3.0362431446658538,-0.03265857696533203,-0.004502773284912109,-0.0074241905714657365
1786957893.4288707,0.8489656600405037,2.838604067192547,3.0387371222125457,-0.03265857696533203,-0.004502773284912109,-0.0074241905714657365
1786957893.4784994,0.8464734068376275,2.8388638688021515,3.03671116033663,-0.03265857696533203,-0.004502773284912109,-0.0074241905714657365
1786957893.5362628,0.8439560147489468,2.8391266339319423,3.0384675900088713,-0.03265857696533203,-0.004502773284912109,-0.0074241905714657365
1786957893.5785363,0.8401293310721696,2.8395236566785544,3.037955228482382,-0.03265857696533203,-0.004502773284912109,-0.0074241905714657365
1786957893.6347723,0.8376371519595189,2.8397841680488773,3.03692347208132,-0.03265857696533203,-0.004502773284912109,-0.0074241905714657365
1786957893.6778822,0.8351955775637894,2.840041869587107,3.0359459559070037,-0.03265857696533203,-0.004502773284912109,-0.0074241905714657365
1786957893.728058,0.8314205408055952,2.8404459629771206,3.033964339886801,-0.03265857696533203,-0.004502773284912109,-0.0074241905714657365
1786957893.7790074,0.8288538270397244,2.840723638591309,3.0336925427066253,-0.03265857696533203,-0.004502773284912109,-0.0074241905714657365
1786957893.8291636,0.8262372684402648,2.8410111873802375,3.0305796305285857,-0.03265857696533203,-0.004502773284912109,-0.0074241905714657365
1786957893.8802307,0.8223889634811364,2.841443710642567,3.0287587086306975,-0.03265857696533203,-0.004502773284912109,-0.0074241905714657365
1786957893.9280586,0.8197738914199584,2.8417444785352464,3.02540642419924,-0.03265857696533203,-0.004502773284912109,-0.0074241905714657365
1786957893.9935424,0.8173106371057973,2.8420360206609594,3.022162024174826,-0.03265857696533203,-0.004502773284912109,-0.0074241905714657365
1786957894.0282655,0.8134418317352639,2.842510937606329,3.0167345444308684,-0.03265857696533203,-0.004502773284912109,-0.0074241905714657365
1786957894.079817,0.8110312193930774,2.8428158998916433,3.0147712866412566,-0.03265857696533203,-0.004502773284912109,-0.0074241905714657365
1786957894.1282434,0.8087716287164994,2.8431046208850033,3.0142397324191497,-0.03265857696533203,-0.004502773284912109,-0.0074241905714657365
1786957894.1785245,0.8054828196078743,2.8435260477038344,3.0140553156482146,-0.03265857696533203,-0.004502773284912109,-0.0074241905714657365
1786957894.2394884,0.8033740030742633,2.843796573236735,3.0139574448214934,-0.03265857696533203,-0.004502773284912109,-0.0074241905714657365
1786957894.2784054,0.8012652573835859,2.8440676504368705,3.0135321060763762,-0.03265857696533203,-0.004502773284912109,-0.0074241905714657365
1786957894.3305008,0.7980520157501569,2.8444813821807484,3.0135455767260955,-0.03265857696533203,-0.004502773284912109,-0.0074241905714657365
1786957894.3791573,0.7958932201395373,2.8447601423553905,3.0128056446658538,-0.03265857696533203,-0.004502773284912109,-0.0074241905714657365
1786957894.4277866,0.7937345651361447,2.8450399892773413,3.0125387350665496,-0.03265857696533203,-0.004502773284912109,-0.0074241905714657365
1786957894.4831429,0.7904966628049139,2.8454603776347662,3.012423936520712,-0.03265857696533203,-0.004502773284912109,-0.0074241905714657365
1786957894.5277853,0.7884385360408503,2.845728176102214,3.0119801203357146,-0.03265857696533203,-0.004502773284912109,-0.0074241905714657365
1786957894.5781252,0.7863804593057353,2.845996358779694,3.012050573025839,-0.03265857696533203,-0.004502773284912109,-0.0074241905714657365
1786957894.6283152,0.7831427474640761,2.8464182117256653,3.0120074192630217,-0.03265857696533203,-0.004502773284912109,-0.0074241905714657365
1786957894.6857765,0.7810093694231371,2.846696161331684,3.0120651165591643,-0.03265857696533203,-0.004502773284912109,-0.0074241905714657365
1786957894.763624,0.7788508583538118,2.846977116287144,3.0122526327716277,-0.03265857696533203,-0.004502773284912109,-0.0074241905714657365
1786957894.7780042,0.7756633491155177,2.84739247124525,3.0117787758456633,-0.03265857696533203,-0.004502773284912109,-0.0074241905714657365
1786957894.8387907,0.773555150265139,2.8476677689816117,3.0117073694812224,-0.03265857696533203,-0.004502773284912109,-0.0074241905714657365
1786957894.881223,0.7714972180115585,2.8479370581120924,3.0112480560885833,-0.03265857696533203,-0.004502773284912109,-0.0074241905714657365
1786957894.9283412,0.7683100357812248,2.848354914924984,3.0112134853946135,-0.03265857696533203,-0.004502773284912109,-0.0074241905714657365
1786957894.9814553,0.7661267014631946,2.848641247101223,3.0111712853061126,-0.03265857696533203,-0.004502773284912109,-0.0074241905714657365
1786957895.0299764,0.7639935819400895,2.8489211737866142,3.0110476652728484,-0.03265857696533203,-0.004502773284912109,-0.0074241905714657365
1786957895.0779307,0.760756258686045,2.8493459984874785,3.0111745039569304,-0.03265857696533203,-0.004502773284912109,-0.0074241905714657365
1786957895.1294785,0.7585729195896356,2.849632294225355,3.01124364534487,-0.03265857696533203,-0.004502773284912109,-0.0074241905714657365
1786957895.1778252,0.7564147078347133,2.8499155392505795,3.0109520594226287,-0.03265857696533203,-0.004502773284912109,-0.0074241905714657365
1786957895.229548,0.7531021402688778,2.850350565629543,3.011075679455893,-0.03265857696533203,-0.004502773284912109,-0.0074241905714657365
1786957895.303261,0.7509439739562116,2.8506341566912323,3.010799352322714,-0.03265857696533203,-0.004502773284912109,-0.0074241905714657365
1786957895.3279831,0.748785886343929,2.8509183460314778,3.010521237050192,-0.03265857696533203,-0.004502773284912109,-0.0074241905714657365
1786957895.3859737,0.7455738851830482,2.8513416004386545,3.010628167782919,-0.03265857696533203,-0.004502773284912109,-0.0074241905714657365
1786957895.441258,0.7434911022151368,2.8516160471438408,3.010528270398275,-0.03265857696533203,-0.004502773284912109,-0.0074241905714657365
1786957895.490574,0.7413832011151127,2.8518936154938004,3.010803643857138,-0.03265857696533203,-0.004502773284912109,-0.0074241905714657365
1786957895.5306299,0.7382463966702956,2.8523063076489894,3.0107552448855803,-0.03265857696533203,-0.004502773284912109,-0.0074241905714657365
1786957895.6051815,0.7361384894162862,2.8525838292605417,3.010621015225546,-0.03265857696533203,-0.004502773284912109,-0.0074241905714657365
1786957895.6283681,0.7339051078471189,2.852877842326719,3.010780040417807,-0.03265857696533203,-0.004502773284912109,-0.0074241905714657365
1786957895.6782422,0.7306930928378246,2.8533009916275156,3.010434810315268,-0.03265857696533203,-0.004502773284912109,-0.0074241905714657365
1786957895.7303867,0.7284848352587363,2.853591927568167,3.010761205350058,-0.03265857696533203,-0.004502773284912109,-0.0074241905714657365
1786957895.7870014,0.7263518301215167,2.8538727245297624,3.010641757641928,-0.03265857696533203,-0.004502773284912109,-0.0074241905714657365
1786957895.8281808,0.7231398086054129,2.8542958244361474,3.010603849087851,-0.03265857696533203,-0.004502773284912109,-0.0074241905714657365
1786957895.8781066,0.7209315274149777,2.8545865811061195,3.010754529629843,-0.03265857696533203,-0.004502773284912109,-0.0074241905714657365
1786957895.93532,0.7188738271652064,2.854857637333153,3.0104834477054045,-0.03265857696533203,-0.004502773284912109,-0.0074241905714657365
1786957895.9831853,0.715712028548934,2.855274392407508,3.0105938355075286,-0.03265857696533203,-0.004502773284912109,-0.0074241905714657365
1786957896.0304823,0.7136543250034476,2.855545423614229,3.010668460522787,-0.03265857696533203,-0.004502773284912109,-0.0074241905714657365
1786957896.0823433,0.7115966142536841,2.8558164001195387,3.010647002850668,-0.03265857696533203,-0.004502773284912109,-0.0074241905714657365
1786957896.1282537,0.7094635526562019,2.8560967678608944,3.011158410702841,-0.03265857696533203,-0.004502773284912109,-0.0074241905714657365
1786957896.1778326,0.7063517035184684,2.8565050995934014,3.0110810438739226,-0.03265857696533203,-0.004502773284912109,-0.0074241905714657365
1786957896.228193,0.7042185972622785,2.8567851273578246,3.0110431353198455,-0.03265857696533203,-0.004502773284912109,-0.0074241905714657365
1786957896.3063362,0.7010314709749133,2.857203410651565,3.01115078130831,-0.03265857696533203,-0.004502773284912109,-0.0074241905714657365
1786957896.3302846,0.6988983980155538,2.8574836919372326,3.010735694562094,-0.03265857696533203,-0.004502773284912109,-0.0074241905714657365
1786957896.3780258,0.6967151524809496,2.8577707002908865,3.0110296646701262,-0.03265857696533203,-0.004502773284912109,-0.0074241905714657365
1786957896.43399,0.6946071901354608,2.858047803135302,3.010743920003073,-0.03265857696533203,-0.004502773284912109,-0.0074241905714657365
1786957896.477866,0.6913700576498895,2.85847407904185,3.0105816761599944,-0.03265857696533203,-0.004502773284912109,-0.0074241905714657365
1786957896.5399384,0.6892119346010634,2.858757999153014,3.0109884182559417,-0.03265857696533203,-0.004502773284912109,-0.0074241905714657365
1786957896.578094,0.6860500085023777,2.859173785911236,3.0107013622867034,-0.03265857696533203,-0.004502773284912109,-0.0074241905714657365
1786957896.6290872,0.6839420153664227,2.8594506544272327,3.011294547711508,-0.03265857696533203,-0.004502773284912109,-0.0074241905714657365
1786957896.6779802,0.6818339699876553,2.859727124891191,3.0110790173160003,-0.03265857696533203,-0.004502773284912109,-0.0074241905714657365
1786957896.7287,0.6798765854310866,2.859984503510285,3.010624233876364,-0.03265857696533203,-0.004502773284912109,-0.0074241905714657365
1786957896.7776408,0.6767146955024944,2.860400565238072,3.0108916203128264,-0.03265857696533203,-0.004502773284912109,-0.0074241905714657365
1786957896.8369057,0.674606766866486,2.860677924394906,3.010638777409689,-0.03265857696533203,-0.004502773284912109,-0.0074241905714657365
1786957896.878702,0.6714198343394223,2.861097681411973,3.010630313550131,-0.03265857696533203,-0.004502773284912109,-0.0074241905714657365
1786957896.9352233,0.6692617308417262,2.8613817500949157,3.010802094136374,-0.03265857696533203,-0.004502773284912109,-0.0074241905714657365
1786957896.977974,0.6671036332706343,2.861665863799344,3.0105885902987883,-0.03265857696533203,-0.004502773284912109,-0.0074241905714657365
1786957897.028657,0.6640170470896363,2.8620721762266093,3.0108255783664153,-0.03265857696533203,-0.004502773284912109,-0.0074241905714657365
1786957897.088687,0.6619091181229919,2.862349532870596,3.0107072035418914,-0.03265857696533203,-0.004502773284912109,-0.0074241905714657365
1786957897.1304417,0.6597259009453859,2.8626367568508693,3.010860625897543,-0.03265857696533203,-0.004502773284912109,-0.0074241905714657365
1786957897.1861038,0.6564886679595774,2.863062268863902,3.0109369198428557,-0.03265857696533203,-0.004502773284912109,-0.0074241905714657365
1786957897.2280636,0.6543807713929894,2.863339871639375,3.010362331067221,-0.03265857696533203,-0.004502773284912109,-0.0074241905714657365
1786957897.2817078,0.6522728982801895,2.863617652446342,3.0107680002795623,-0.03265857696533203,-0.004502773284912109,-0.0074241905714657365
1786957897.3439662,0.6491361188330679,2.8640305345603783,3.0106697718249724,-0.03265857696533203,-0.004502773284912109,-0.0074241905714657365
1786957897.3813703,0.6470533102244409,2.8643047866072973,3.010673586522238,-0.03265857696533203,-0.004502773284912109,-0.0074241905714657365
1786957897.4316158,0.6449202960002544,2.864585514533347,3.010794107113974,-0.03265857696533203,-0.004502773284912109,-0.0074241905714657365
1786957897.4824743,0.6417583763950536,2.8650013506694743,3.010864440594809,-0.03265857696533203,-0.004502773284912109,-0.0074241905714657365
1786957897.535037,0.6397006301943148,2.865272057835,3.0107128063785,-0.03265857696533203,-0.004502773284912109,-0.0074241905714657365
1786957897.5857592,0.637567618463383,2.8655528047045347,3.0107371250735686,-0.03265857696533203,-0.004502773284912109,-0.0074241905714657365
1786957897.6323686,0.6343305917747027,2.865979883262199,3.0100925604449675,-0.03265857696533203,-0.004502773284912109,-0.0074241905714657365
1786957897.6932971,0.6321977095554091,2.8662616123655336,3.010436360036032,-0.03265857696533203,-0.004502773284912109,-0.0074241905714657365
1786957897.7322557,0.6300397176689833,2.8665465276889495,3.0102114121066497,-0.03265857696533203,-0.004502773284912109,-0.0074241905714657365
1786957897.777953,0.6268278609732376,2.8669708769751403,3.0102562347995208,-0.03265857696533203,-0.004502773284912109,-0.0074241905714657365
1786957897.8282614,0.6247200254973296,2.867248943231431,3.010603253041403,-0.03265857696533203,-0.004502773284912109,-0.0074241905714657365
1786957897.889162,0.6225619741520729,2.8675334078419414,3.0104622284518645,-0.03265857696533203,-0.004502773284912109,-0.0074241905714657365
1786957897.9282153,0.619450374257477,2.867943634554543,3.010559264813559,-0.03265857696533203,-0.004502773284912109,-0.0074241905714657365
1786957897.9912114,0.6173676152787823,2.8682182632531097,3.0104224125491545,-0.03265857696533203,-0.004502773284912109,-0.0074241905714657365
1786957898.028189,0.6153099814604057,2.8684898233120197,3.0103258530246184,-0.03265857696533203,-0.004502773284912109,-0.0074241905714657365
1786957898.0777125,0.6122234838213214,2.868896807789859,3.010652844105856,-0.03265857696533203,-0.004502773284912109,-0.0074241905714657365
1786957898.1280322,0.6101658376549705,2.8691682742707094,3.010186378155844,-0.03265857696533203,-0.004502773284912109,-0.0074241905714657365
1786957898.1981711,0.6080580512876242,2.869446712533187,3.01032013097872,-0.03265857696533203,-0.004502773284912109,-0.0074241905714657365
1786957898.2285428,0.6048712222125889,2.8698672542456802,3.010456506405966,-0.03265857696533203,-0.004502773284912109,-0.0074241905714657365
1786957898.2783027,0.6027634104120463,2.870145499910292,3.0102327505694793,-0.03265857696533203,-0.004502773284912109,-0.0074241905714657365
1786957898.328144,0.6005803168360468,2.8704336618402344,3.0104758183108733,-0.03265857696533203,-0.004502773284912109,-0.0074241905714657365
1786957898.3781319,0.5973683867875178,2.870857455556622,3.0103377739535735,-0.03265857696533203,-0.004502773284912109,-0.0074241905714657365
1786957898.429326,0.5952355317817952,2.871139390608736,3.0099980274783538,-0.03265857696533203,-0.004502773284912109,-0.0074241905714657365
1786957898.482261,0.5921491727139871,2.8715474246095662,3.0103005806552336,-0.03265857696533203,-0.004502773284912109,-0.0074241905714657365
1786957898.5403175,0.5901669281227179,2.8718098812322266,3.0096085707293914,-0.03265857696533203,-0.004502773284912109,-0.0074241905714657365
1786957898.5976777,0.5881094272935256,2.8720824470664663,3.0101620594607756,-0.03265857696533203,-0.004502773284912109,-0.0074241905714657365
1786957898.6295943,0.5849477662669892,2.8725002446671577,3.0102557579623626,-0.03265857696533203,-0.004502773284912109,-0.0074241905714657365
1786957898.6812043,0.5829905656856575,2.872759018584501,3.0100217501269744,-0.03265857696533203,-0.004502773284912109,-0.0074241905714657365
1786957898.7337468,0.5809329350884876,2.8730306030496537,3.010702792798178,-0.03265857696533203,-0.004502773284912109,-0.0074241905714657365
1786957898.7813635,0.5777460192018735,2.8734504863871186,3.010487023984091,-0.03265857696533203,-0.004502773284912109,-0.0074241905714657365
1786957898.8394291,0.5756131192708533,2.8737320813680762,3.0101676622973845,-0.03265857696533203,-0.004502773284912109,-0.0074241905714657365
1786957898.8789785,0.5734551303734269,2.8740170193297123,3.010459129010336,-0.03265857696533203,-0.004502773284912109,-0.0074241905714657365
1786957898.9278202,0.5701930846150549,2.874447970297421,3.0100261608706878,-0.03265857696533203,-0.004502773284912109,-0.0074241905714657365
1786957898.9782166,0.5680351024607322,2.8747329593235635,3.0105533043490813,-0.03265857696533203,-0.004502773284912109,-0.0074241905714657365
1786957899.0365777,0.5658520019635198,2.875021068814048,3.01020330587496,-0.03265857696533203,-0.004502773284912109,-0.0074241905714657365
1786957899.0776384,0.5626401456724667,2.8754454211633043,3.0102624336825774,-0.03265857696533203,-0.004502773284912109,-0.0074241905714657365
1786957899.127871,0.5604570178633624,2.8757333236269127,3.0106838385211394,-0.03265857696533203,-0.004502773284912109,-0.0074241905714657365
1786957899.1790273,0.5583742399341578,2.876007808568263,3.010435883198874,-0.03265857696533203,-0.004502773284912109,-0.0074241905714657365
1786957899.2281287,0.5552375592368431,2.876421440219703,3.010523978863852,-0.03265857696533203,-0.004502773284912109,-0.0074241905714657365
1786957899.27833,0.553154800847443,2.876696073387385,3.0104534069644378,-0.03265857696533203,-0.004502773284912109,-0.0074241905714657365
1786957899.3328516,0.5510469954159899,2.8769743672959076,3.01019007364382,-0.03265857696533203,-0.004502773284912109,-0.0074241905714657365
1786957899.3778942,0.5479103435472458,2.877388217503447,3.0106304327594207,-0.03265857696533203,-0.004502773284912109,-0.0074241905714657365
1786957899.427963,0.5458024726862707,2.8776660153973124,3.0104836861239836,-0.03265857696533203,-0.004502773284912109,-0.0074241905714657365
1786957899.4885817,0.5436695303988753,2.8779472893699567,3.0104720036136077,-0.03265857696533203,-0.004502773284912109,-0.0074241905714657365
1786957899.5279527,0.5414864141919223,2.8782352797975324,3.010393683110373,-0.03265857696533203,-0.004502773284912109,-0.0074241905714657365
1786957899.5870044,0.5382243155692437,2.878665830424288,3.010337058697836,-0.03265857696533203,-0.004502773284912109,-0.0074241905714657365
1786957899.634572,0.5360663003394349,2.87895056888553,3.010474626217978,-0.03265857696533203,-0.004502773284912109,-0.0074241905714657365
1786957899.7080965,0.5329045468023803,2.8793676658200487,3.01038641134371,-0.03265857696533203,-0.004502773284912109,-0.0074241905714657365
1786957899.7293534,0.5307214628803993,2.8796559008786837,3.010255161915915,-0.03265857696533203,-0.004502773284912109,-0.0074241905714657365
1786957899.7787173,0.5285132804967134,2.879947406997904,3.010424439107077,-0.03265857696533203,-0.004502773284912109,-0.0074241905714657365
1786957899.831414,0.5264054657939565,2.88022563067631,3.01028567949404,-0.03265857696533203,-0.004502773284912109,-0.0074241905714657365
1786957899.8777614,0.52326885303703,2.88063977721205,3.010345880185263,-0.03265857696533203,-0.004502773284912109,-0.0074241905714657365
1786957899.9280455,0.52326885303703,2.88063977721205,3.010345880185263,-0.03265857696533203,-0.004502773284912109,-0.0074241905714657365
1786957899.978022,0.518049610922064,2.881329533994699,3.0100280682193206,-0.03265857696533203,-0.004502773284912109,-0.0074241905714657365
1786957900.0294712,0.5159920180782726,2.881601404341188,3.010418597851889,-0.03265857696533203,-0.004502773284912109,-0.0074241905714657365
1786957900.07787,0.5138842184363512,2.881879742096263,3.0101832787143157,-0.03265857696533203,-0.004502773284912109,-0.0074241905714657365
1786957900.129669,0.511776431222608,2.882158173951413,3.0103293100940154,-0.03265857696533203,-0.004502773284912109,-0.0074241905714657365
1786957900.1840942,0.5085895638094782,2.8825784250389406,3.0106297175036834,-0.03265857696533203,-0.004502773284912109,-0.0074241905714657365
1786957900.2303798,0.506481728051813,2.8828564891594057,3.010231796895163,-0.03265857696533203,-0.004502773284912109,-0.0074241905714657365
1786957900.2876656,0.5043236871016644,2.8831410326198452,3.01076060930361,-0.03265857696533203,-0.004502773284912109,-0.0074241905714657365
1786957900.3279588,0.5011116407254501,2.883563943754418,3.0106025377856658,-0.03265857696533203,-0.004502773284912109,-0.0074241905714657365
1786957900.3792472,0.49895362410398486,2.8838486716681824,3.0102189222918914,-0.03265857696533203,-0.004502773284912109,-0.0074241905714657365
1786957900.4282348,0.4967704928972885,2.8841365483671084,3.0107509533511565,-0.03265857696533203,-0.004502773284912109,-0.0074241905714657365
1786957900.478488,0.49365889087546055,2.8845467589441793,3.0102809111224578,-0.03265857696533203,-0.004502773284912109,-0.0074241905714657365
1786957900.531958,0.4916263284462332,2.884814842774013,3.010629240666525,-0.03265857696533203,-0.004502773284912109,-0.0074241905714657365
1786957900.5820794,0.48851468392177816,2.8852247308236225,3.010609928761618,-0.03265857696533203,-0.004502773284912109,-0.0074241905714657365
1786957900.629245,0.4864319222095397,2.885499338790443,3.0103916565524504,-0.03265857696533203,-0.004502773284912109,-0.0074241905714657365
1786957900.7059858,0.48439935327744055,2.8857673733120817,3.0105670134173796,-0.03265857696533203,-0.004502773284912109,-0.0074241905714657365
1786957900.7304146,0.4822915072288188,2.8860453594119027,3.0103685299502776,-0.03265857696533203,-0.004502773284912109,-0.0074241905714657365
1786957900.782137,0.4791047300902456,2.8864662945072577,3.010161224995749,-0.03265857696533203,-0.004502773284912109,-0.0074241905714657365
1786957900.828185,0.4770470857038123,2.886737774479082,3.010664884244101,-0.03265857696533203,-0.004502773284912109,-0.0074241905714657365
1786957900.9046102,0.4770470857038123,2.886737774479082,3.010664884244101,-0.03265857696533203,-0.004502773284912109,-0.0074241905714657365
1786957900.9734466,0.4770470857038123,2.886737774479082,3.010664884244101,-0.03265857696533203,-0.004502773284912109,-0.0074241905714657365
1786957901.0054913,0.4770470857038123,2.886737774479082,3.010664884244101,-0.03265857696533203,-0.004502773284912109,-0.0074241905714657365
1786957901.0444674,0.4770470857038123,2.886737774479082,3.010664884244101,-0.03265857696533203,-0.004502773284912109,-0.0074241905714657365
1786957901.0781074,0.4770470857038123,2.886737774479082,3.010664884244101,-0.03265857696533203,-0.004502773284912109,-0.0074241905714657365
1786957901.129087,0.4770470857038123,2.886737774479082,3.010664884244101,-0.03265857696533203,-0.004502773284912109,-0.0074241905714657365
1786957901.1995287,0.4770470857038123,2.886737774479082,3.010664884244101,-0.03265857696533203,-0.004502773284912109,-0.0074241905714657365
1786957901.2279232,0.4770470857038123,2.886737774479082,3.010664884244101,-0.03265857696533203,-0.004502773284912109,-0.0074241905714657365
1786957901.2778578,0.4770470857038123,2.886737774479082,3.010664884244101,-0.03265857696533203,-0.004502773284912109,-0.0074241905714657365
1786957901.328144,0.4770470857038123,2.886737774479082,3.010664884244101,-0.03265857696533203,-0.004502773284912109,-0.0074241905714657365
1786957901.3786845,0.4770470857038123,2.886737774479082,3.010664884244101,-0.03265857696533203,-0.004502773284912109,-0.0074241905714657365
1786957901.4293103,0.4770470857038123,2.886737774479082,3.010664884244101,-0.03265857696533203,-0.004502773284912109,-0.0074241905714657365
1786957901.4791563,0.4770470857038123,2.886737774479082,3.010664884244101,-0.03265857696533203,-0.004502773284912109,-0.0074241905714657365
1786957901.528542,0.4770470857038123,2.886737774479082,3.010664884244101,-0.03265857696533203,-0.004502773284912109,-0.0074241905714657365
1786957901.5911226,0.4770470857038123,2.886737774479082,3.010664884244101,-0.03265857696533203,-0.004502773284912109,-0.0074241905714657365
1786957901.63039,0.4770470857038123,2.886737774479082,3.010664884244101,-0.03265857696533203,-0.004502773284912109,-0.0074241905714657365
1786957901.678394,0.4770470857038123,2.886737774479082,3.010664884244101,-0.03265857696533203,-0.004502773284912109,-0.0074241905714657365
