time,x_odom,y_odom,yaw_odom
1787211503.4731774,0.0,0.0,0.0092887282371521
1787211503.523034,0.0,0.0,0.00917208194732666
1787211503.5750885,0.0,0.0,0.00898545980453491
1787211503.6226358,0.0,0.0,0.009155839681625364
1787211503.6758294,0.0,0.0,0.009235888719558718
1787211503.7313771,0.0,0.0,0.00934654474258423
1787211503.7733467,0.0,0.0,0.009428441524505615
1787211503.8228636,0.0,0.0,0.009624570608139038
1787211503.8740692,0.0,0.0,0.009613037109375
1787211503.956018,0.0,0.0,0.009565293788909912
1787211504.0033143,0.0,0.0,0.009444177150726317
1787211504.048287,0.0,0.0,0.009229987859725954
1787211504.1135614,0.0,0.0,0.009180337190628052
1787211504.1486468,0.0,0.0,0.00927013158798218
1787211504.192444,0.0,0.0,0.009303987026214601
1787211504.2265422,0.0,0.0,0.009487241506576538
1787211504.2745516,0.0,0.0,0.009548366069793701
1787211504.3274717,0.0,0.0,0.009633898735046385
1787211504.3738148,0.0,0.0,0.009587496519088747
1787211504.4227543,0.0,0.0,0.009375095367431639
1787211504.4737155,0.0,0.0,0.009242981672286987
1787211504.5446126,0.0,0.0,0.00902476906776428
1787211504.5732791,0.0,0.0,0.00900036096572876
1787211504.6348288,0.0,0.0,0.008988291025161743
1787211504.6754184,0.0,0.0,0.009138196706771852
1787211504.7226837,0.0,0.0,0.009138196706771852
1787211504.7757704,0.0,0.0,0.009138196706771852
1787211504.8246543,0.0,0.0,0.009380638599395754
1787211504.872564,0.0,0.0,0.009512156248092651
1787211504.922645,0.0,0.0,0.009448587894439697
1787211504.9735987,0.0,0.0,0.009460449218750002
1787211505.0243988,0.0,0.0,0.009291261434555055
1787211505.0726585,0.0,0.0,0.009292185306549072
1787211505.1306098,0.0,0.0,0.009470105171203613
1787211505.1726174,0.0,0.0,0.00951191782951355
1787211505.2244878,0.0,0.0,0.00968363881111145
1787211505.2729568,0.0,0.0,0.009698003530502318
1787211505.3239183,0.0,0.0,0.009654372930526733
1787211505.3736842,0.0,0.0,0.009614646434783936
1787211505.4231296,0.0,0.0,0.009517222642898558
1787211505.4725025,0.0,0.0,0.009510129690170288
1787211505.5228245,0.0,0.0,0.009659618139266968
1787211505.5740075,0.0,0.0,0.009704709053039549
1787211505.6234226,0.0,0.0,0.009978950023651121
1787211505.673295,0.0,0.0,0.009986877441406252
1787211505.724306,0.0,0.0,0.00999617576599121
1787211505.772519,0.0,0.0,0.009924799203872682
1787211505.8228452,0.0,0.0,0.009758561849594116
1787211505.8734014,0.0,0.0,0.009730070829391481
1787211505.9256632,0.0,0.0,0.009798347949981688
1787211505.9725697,0.0,0.0,0.009868144989013672
1787211506.022611,0.0,0.0,0.0100078284740448
1787211506.072965,0.0,0.0,0.010198473930358887
1787211506.1249628,0.0,0.0,0.010249793529510498
1787211506.1724515,0.0,0.0,0.01020568609237671
1787211506.2226737,0.0,0.0,0.010049909353256227
1787211506.2726045,0.0,0.0,0.010077327489852907
1787211506.32386,0.0,0.0,0.009937644004821777
1787211506.373822,0.0,0.0,0.009981036186218262
1787211506.4228868,0.0,0.0,0.010078072547912598
1787211506.476576,0.0,0.0,0.010183990001678469
1787211506.5227664,0.0,0.0,0.010243028402328491
1787211506.5735621,0.0,0.0,0.010327696800231934
1787211506.6226008,0.0,0.0,0.010310977697372437
1787211506.672613,0.0,0.0,0.010139405727386476
1787211506.722608,0.0,0.0,0.010051608085632324
1787211506.7725773,0.0,0.0,0.009916007518768312
1787211506.8230379,0.0,0.0,0.00974223017692566
1787211506.873094,0.0,0.0,0.009545326232910156
1787211506.9230874,0.0,0.0,0.009718328714370726
1787211506.977547,0.0,0.0,0.009938955307006836
1787211507.0285265,0.0,0.0,0.010032266378402712
1787211507.0734525,0.0,0.0,0.010369151830673216
1787211507.1280031,0.0,0.0,0.010488957166671755
1787211507.1760616,0.0,0.0,0.010470300912857056
1787211507.231163,0.0,0.0,0.01040041446685791
1787211507.276504,0.0,0.0,0.010208785533905028
1787211507.336359,0.0,0.0,0.0102308988571167
1787211507.4120317,0.0,0.0,0.010233312845230103
1787211507.4363313,0.0,0.0,0.010360628366470339
1787211507.488663,0.0,0.0,0.01048508286476135
1787211507.530543,0.0,0.0,0.010770022869110107
1787211507.6084583,0.0,0.0,0.010787755250930788
1787211507.6392393,0.0,0.0,0.010749012231826782
1787211507.715412,0.0,0.0,0.010638624429702759
1787211507.7225316,0.0,0.0,0.010488837957382204
1787211507.8016694,0.0,0.0,0.01025742292404175
1787211507.8224814,0.0,0.0,0.01031962037086487
1787211507.907125,0.0,0.0,0.010462909936904907
1787211507.9249966,0.0,0.0,0.01072344183921814
1787211508.0123906,0.0,0.0,0.010774493217468262
1787211508.0256422,0.0,0.0,0.010745465755462648
1787211508.075483,0.0,0.0,0.010635823011398315
1787211508.1511686,0.0,0.0,0.010632425546646118
1787211508.1773837,0.0,0.0,0.010517627000808718
1787211508.2492747,0.0,0.0,0.010620534420013428
1787211508.2746096,0.0,0.0,0.010607093572616575
1787211508.3225052,0.0,0.0,0.01073479652404785
1787211508.3734193,0.0,0.0,0.010842382907867432
1787211508.4233387,0.0,0.0,0.010828524827957153
1787211508.5104702,0.0,0.0,0.010925769805908205
1787211508.5326688,0.0,0.0,0.010994821786880495
1787211508.5857031,0.0,0.0,0.01107117533683777
1787211508.6268475,0.0,0.0,0.011003881692886354
1787211508.7015457,0.0,0.0,0.01092785596847534
1787211508.7247808,0.0,0.0,0.010794878005981445
1787211508.7742617,0.0,0.0,0.01076728105545044
1787211508.8911073,0.0,0.0,0.01076728105545044
1787211508.9265568,0.0,0.0,0.01076728105545044
1787211508.9729536,0.0,0.0,0.011220723390579224
1787211509.0233634,0.0,0.0,0.011220723390579224
1787211509.0978606,0.0,0.0,0.011220723390579224
1787211509.1658797,0.0,0.0,0.011224299669265747
1787211509.1756897,0.0,0.0,0.01118353009223938
1787211509.2339041,0.0,0.0,0.01118353009223938
1787211509.276531,0.0,0.0,0.010987937450408937
1787211509.3722568,0.0,0.0,0.01109907031059265
1787211509.4243796,0.0,0.0,0.011264413595199581
1787211509.4867926,0.0,0.0,0.011309266090393066
1787211509.523017,0.0,0.0,0.011182308197021484
1787211509.590239,0.0,0.0,0.011203289031982422
1787211509.6261072,0.0,0.0,0.011134356260299683
1787211509.6818295,0.0,0.0,0.011108487844467163
1787211509.7226837,0.0,0.0,0.011139988899230959
1787211509.8004313,0.0,0.0,0.011196613311767578
1787211509.825886,0.0,0.0,0.011357545852661135
1787211509.8976624,0.0,0.0,0.011335939168930054
1787211509.9230878,0.0,0.0,0.011335939168930054
1787211510.004985,0.0,0.0,0.011347025632858276
1787211510.0304534,0.0,0.0,0.01123601198196411
1787211510.0928915,0.0,0.0,0.011229157447814943
1787211510.1322033,0.0,0.0,0.011229157447814943
1787211510.2060757,0.0,0.0,0.01124754548072815
1787211510.2270796,0.0,0.0,0.011337339878082277
1787211510.2980087,0.0,0.0,0.01146554946899414
1787211510.3420146,0.0,0.0,0.011586159467697145
1787211510.3956764,0.0,0.0,0.011547267436981203
1787211510.4574695,0.0,0.0,0.011440902948379515
1787211510.494771,0.0,0.0,0.011290580034255981
1787211510.531114,0.0,0.0,0.011192232370376589
1787211510.5742507,0.0,0.0,0.011210054159164429
1787211510.6424167,0.0,0.0,0.011129498481750488
1787211510.69145,0.0,0.0,0.01120227575302124
1787211510.7285886,0.0,0.0,0.011271148920059202
1787211510.8036132,0.0,0.0,0.011314839124679564
1787211510.8594456,0.0,0.0,0.011450558900833128
1787211510.8734145,0.0,0.0,0.01160651445388794
1787211510.9492776,0.0,0.0,0.011639535427093504
1787211510.9763613,0.0,0.0,0.01158207654953003
1787211511.0242422,0.0,0.0,0.011511504650115967
1787211511.1019113,0.0,0.0,0.01130610704421997
1787211511.130558,0.0,0.0,0.011181533336639403
1787211511.1984015,0.0,0.0,0.011287361383438109
1787211511.2241144,0.0,0.0,0.011381536722183228
1787211511.2753675,0.0,0.0,0.011522263288497925
1787211511.3259,0.0,0.0,0.011859476566314696
1787211511.3745651,0.0,0.0,0.011900693178176882
1787211511.4228587,0.0,0.0,0.011881172657012941
1787211511.5119388,0.0,0.0,0.011817663908004759
1787211511.5319262,0.0,0.0,0.011746197938919069
1787211511.6167667,0.0,0.0,0.011659324169158936
1787211511.625535,0.0,0.0,0.01176220178604126
1787211511.7066069,0.0,0.0,0.01190495491027832
1787211511.7352922,0.0,0.0,0.012150168418884277
1787211511.8141222,0.0,0.0,0.012497931718826296
1787211511.8317502,0.0,0.0,0.012540251016616821
1787211511.9165046,0.0,0.0,0.012494504451751709
1787211511.9235435,0.0,0.0,0.012201964855194094
1787211512.0071619,0.0,0.0,0.012152165174484253
1787211512.0483508,0.0,0.0,0.012164682149887083
1787211512.1136663,0.0,0.0,0.012299388647079468
1787211512.1239917,0.0,0.0,0.012531906366348265
1787211512.2036805,0.0,0.0,0.012555658817291263
1787211512.2255628,0.0,0.0,0.012808203697204588
1787211512.2734337,0.0,0.0,0.012875288724899294
1787211512.3228893,0.0,0.0,0.012775301933288574
1787211512.3728154,0.0,0.0,0.012505859136581421
1787211512.425682,0.0,0.0,0.012376070022583006
1787211512.4743993,0.0,0.0,0.012372702360153198
1787211512.5232837,0.0,0.0,0.012649118900299072
1787211512.5776103,0.0,0.0,0.012656509876251222
1787211512.6237187,0.0,0.0,0.012823998928070072
1787211512.6744854,0.0,0.0,0.012861520051956178
1787211512.7236722,0.0,0.0,0.013059794902801514
1787211512.7734797,0.0,0.0,0.013026684522628786
1787211512.8229835,0.0,0.0,0.012944191694259644
1787211512.8744574,0.0,0.0,0.012954503297805786
1787211512.9263852,0.0,0.0,0.012867599725723267
1787211512.9756544,0.0,0.0,0.012880742549896242
1787211513.0249248,0.0,0.0,0.012959390878677372
1787211513.077406,0.0,0.0,0.013074904680252079
1787211513.1247678,0.0,0.0,0.013124555349349974
1787211513.1804793,0.0,0.0,0.013133764266967773
1787211513.2252204,0.0,0.0,0.013112068176269535
1787211513.2745342,0.0,0.0,0.013139694929122925
1787211513.3239255,0.0,0.0,0.01299583911895752
1787211513.37387,0.0,0.0,0.012928485870361326
1787211513.4244857,0.0,0.0,0.01290524005889893
1787211513.4762063,0.0,0.0,0.012980908155441284
1787211513.5270338,0.0,0.0,0.013184905052185059
1787211513.5726557,0.0,0.0,0.01329156756401062
1787211513.6266172,0.0,0.0,0.013553023338317873
1787211513.6726213,0.0,0.0,0.0135175883769989
1787211513.727266,0.0,0.0,0.013490319252014158
1787211513.7760746,0.0,0.0,0.013446241617202759
1787211513.8280509,0.0,0.0,0.013331353664398193
1787211513.876444,0.0,0.0,0.013376533985137938
1787211513.9235592,0.0,0.0,0.013587653636932373
1787211513.976412,0.0,0.0,0.013618707656860352
1787211514.0237947,0.0,0.0,0.013805925846099854
1787211514.0776405,0.0,0.0,0.013874441385269167
1787211514.122713,0.0,0.0,0.013875156641006471
1787211514.2132244,0.0,0.0,0.013799488544464108
1787211514.224409,0.0,0.0,0.013633668422698973
1787211514.28,0.0,0.0,0.013655513525009154
1787211514.363286,0.0,0.0,0.013572543859481815
1787211514.3733933,0.0,0.0,0.013690054416656494
1787211514.4307122,0.0,0.0,0.013774544000625614
1787211514.4815688,0.0,0.0,0.013825058937072756
1787211514.5553923,0.0,0.0,0.013907730579376224
1787211514.6185193,0.0,0.0,0.014196962118148804
1787211514.626553,0.0,0.0,0.014523118734359741
1787211514.7088218,0.0,0.0,0.014614611864089964
1787211514.7268772,0.0,0.0,0.014586210250854494
1787211514.8164098,0.0,0.0,0.014380335807800296
1787211514.8277924,0.0,0.0,0.01429843902587891
1787211514.9052465,0.0,0.0,0.014077275991439818
1787211514.960564,0.0,0.0,0.014223724603652954
1787211515.0104816,0.0,0.0,0.014477014541625977
1787211515.0275123,0.0,0.0,0.01466822624206543
1787211515.1142187,0.0,0.0,0.014977723360061646
1787211515.1661263,0.0,0.0,0.015121489763259886
1787211515.2074327,0.0,0.0,0.015040874481201172
1787211515.225259,0.0,0.0,0.014849066734313965
1787211515.3078876,0.0,0.0,0.014598220586776732
1787211515.326605,0.0,0.0,0.014634758234024048
1787211515.4137769,0.0,0.0,0.014876395463943487
1787211515.4294276,0.0,0.0,0.014847725629806513
1787211515.5086317,0.0,0.0,0.015037357807159427
1787211515.540825,0.0,0.0,0.01516920328140259
1787211515.5735993,0.0,0.0,0.01510247588157654
1787211515.6600394,0.0,0.0,0.015038937330245973
1787211515.6790352,0.0,0.0,0.014782398939132689
1787211515.72678,0.0,0.0,0.014640003442764282
1787211515.8088999,0.0,0.0,0.014660477638244627
1787211515.8263824,0.0,0.0,0.014773666858673096
1787211515.9103005,0.0,0.0,0.014900296926498413
1787211515.9287014,0.0,0.0,0.014997035264968872
1787211516.014764,0.0,0.0,0.014979153871536253
1787211516.024669,0.0,0.0,0.014922440052032469
1787211516.107362,0.0,0.0,0.014661788940429688
1787211516.1276658,0.0,0.0,0.014321625232696533
1787211516.1731727,0.0,0.0,0.014116823673248291
1787211516.2474217,0.0,0.0,0.01426497101783753
1787211516.3153067,0.0,0.0,0.014339745044708252
1787211516.3231206,0.0,0.0,0.014778733253479006
1787211516.4064658,0.0,0.0,0.014816850423812868
1787211516.4531903,0.0,0.0,0.014796674251556396
1787211516.5091972,0.0,0.0,0.014670342206954958
1787211516.5229325,0.0,0.0,0.014496624469757082
1787211516.6143506,0.0,0.0,0.01442188024520874
1787211516.6247973,0.0,0.0,0.014339596033096315
1787211516.6755707,0.0,0.0,0.014411926269531253
1787211516.7574458,0.0,0.0,0.014571577310562134
1787211516.7783926,0.0,0.0,0.014782458543777464
1787211516.8247018,0.0,0.0,0.01485559344291687
1787211516.8726518,0.0,0.0,0.014891058206558228
1787211516.9237523,0.0,0.0,0.014710158109664915
1787211516.9857183,0.0,0.0,0.014624446630477905
1787211517.0617774,0.0,0.0,0.014420181512832642
1787211517.077483,0.0,0.0,0.01448330283164978
1787211517.1575296,0.0,0.0,0.014452368021011353
1787211517.1737342,0.0,0.0,0.014557152986526491
1787211517.2226985,0.0,0.0,0.014581203460693363
1787211517.2772944,0.0,0.0,0.014584124088287354
1787211517.3306382,0.0,0.0,0.014729231595993044
1787211517.374932,0.0,0.0,0.014692574739456177
1787211517.4255579,0.0,0.0,0.014579057693481445
1787211517.4824955,0.0,0.0,0.014462471008300783
1787211517.5224435,0.0,0.0,0.014319539070129393
1787211517.584728,0.0,0.0,0.014289170503616331
1787211517.66322,0.0,0.0,0.014389961957931519
1787211517.6897447,0.0,0.0,0.014420300722122196
1787211517.7543576,0.0,0.0,0.014526426792144777
1787211517.7937598,0.0,0.0,0.014733493328094482
1787211517.8262653,0.0,0.0,0.014781832695007328
1787211517.8737822,0.0,0.0,0.014742791652679443
1787211517.9229221,0.0,0.0,0.014684766530990602
1787211517.9726598,0.0,0.0,0.01458942890167236
1787211518.023617,0.0,0.0,0.014361143112182617
1787211518.0727968,0.0,0.0,0.014374494552612308
1787211518.124886,0.0,0.0,0.014413625001907349
1787211518.1728168,0.0,0.0,0.014448732137680054
1787211518.2254832,0.0,0.0,0.014554709196090698
1787211518.273521,0.0,0.0,0.014562278985977173
1787211518.3373325,0.0,0.0,0.014600485563278197
1787211518.3737607,0.0,0.0,0.014658361673355103
1787211518.4287708,0.0,0.0,0.014636904001235962
1787211518.5118504,0.0,0.0,0.014571726322174072
1787211518.562818,0.0,0.0,0.014477849006652832
1787211518.5826845,0.0,0.0,0.014508426189422606
1787211518.6625934,0.0,0.0,0.014395028352737428
1787211518.676399,0.0,0.0,0.014433950185775762
1787211518.753724,0.0,0.0,0.014530777931213379
1787211518.813552,0.0,0.0,0.014653921127319334
1787211518.8262863,0.0,0.0,0.014718860387802122
1787211518.9069493,0.0,0.0,0.014701962471008299
1787211518.9626913,0.0,0.0,0.014692038297653198
1787211518.974813,0.0,0.0,0.014674305915832523
1787211519.055399,0.0,0.0,0.014676779508590695
1787211519.076462,0.0,0.0,0.01462218165397644
1787211519.1242692,0.0,0.0,0.014486342668533329
1787211519.2051926,0.0,0.0,0.014389336109161379
1787211519.233811,0.0,0.0,0.014426976442337034
1787211519.2744267,0.0,0.0,0.014572650194168093
1787211519.3557768,0.0,0.0,0.014643490314483643
1787211519.4177294,0.0,0.0,0.014804929494857788
1787211519.4276216,0.0,0.0,0.014902681112289429
1787211519.5258894,0.0,0.0,0.014865309000015262
1787211519.6075742,0.0,0.0,0.014637291431427004
1787211519.644753,0.0,0.0,0.01460206508636475
1787211519.7157829,0.0,0.0,0.014453470706939696
1787211519.7295725,0.0,0.0,0.014473199844360355
1787211519.816372,0.0,0.0,0.014578282833099365
1787211519.8345299,0.0,0.0,0.014675229787826538
1787211519.8734362,0.0,0.0,0.014768093824386597
1787211519.922688,0.0,0.0,0.014930009841918945
1787211519.9759345,0.0,0.0,0.014932274818420414
1787211520.0247726,0.0,0.0,0.014931559562683107
1787211520.0736732,0.0,0.0,0.014830648899078373
1787211520.122759,0.0,0.0,0.014696598052978517
1787211520.173055,0.0,0.0,0.014651268720626835
1787211520.2229617,0.0,0.0,0.01454398036003113
1787211520.282254,0.0,0.0,0.014364004135131836
1787211520.3250365,0.0,0.0,0.01433059573173523
1787211520.3756344,0.0,0.0,0.014476269483566284
1787211520.4264812,0.0,0.0,0.014590024948120115
1787211520.474202,0.0,0.0,0.014615565538406374
1787211520.5302198,0.0,0.0,0.014615565538406374
1787211520.5734863,0.0,0.0,0.014957129955291752
1787211520.653611,0.0,0.0,0.015064418315887453
1787211520.6794138,0.0,0.0,0.014909327030181888
1787211520.7615113,0.0,0.0,0.014779388904571537
1787211520.7789638,0.0,0.0,0.014692872762680055
1787211520.857613,0.0,0.0,0.014491587877273561
1787211520.8777897,0.0,0.0,0.014448761940002441
1787211520.9561543,0.0,0.0,0.014566272497177124
1787211520.9744785,0.0,0.0,0.014744907617568971
1787211521.054829,0.0,0.0,0.014928638935089111
1787211521.118612,0.0,0.0,0.015159726142883297
1787211521.159778,0.0,0.0,0.015193611383438109
1787211521.2086782,0.0,0.0,0.015191316604614261
1787211521.2550552,0.0,0.0,0.015063703060150148
1787211521.3126023,0.0,0.0,0.015047192573547362
1787211521.3430147,0.0,0.0,0.01491406559944153
1787211521.3726153,0.0,0.0,0.015035271644592287
1787211521.4599223,0.0,0.0,0.015225887298583984
1787211521.5115926,0.0,0.0,0.015344858169555666
1787211521.5569336,0.0,0.0,0.015495717525482178
1787211521.6091464,0.0,0.0,0.015487402677536014
1787211521.6535974,0.0,0.0,0.015470743179321289
1787211521.7168198,0.0,0.0,0.015492528676986694
1787211521.762874,0.0,0.0,0.015428751707077026
1787211521.845525,0.0,0.0,0.015413463115692139
1787211521.874408,0.0,0.0,0.015311300754547121
1787211521.9224863,0.0,0.0,0.015314429998397829
1787211521.975458,0.0,0.0,0.015479177236557007
1787211522.0306516,0.0,0.0,0.01559838652610779
1787211522.0783772,0.0,0.0,0.015607982873916628
1787211522.1228473,0.0,0.0,0.01572316884994507
1787211522.2150426,0.0,0.0,0.015684545040130612
1787211522.2542822,0.0,0.0,0.015608489513397217
1787211522.3105588,0.0,0.0,0.015568763017654419
1787211522.3546562,0.0,0.0,0.015373289585113527
1787211522.3847911,0.0,0.0,0.015329986810684202
1787211522.4598787,0.0,0.0,0.015283435583114624
1787211522.5051415,0.0,0.0,0.015426725149154663
1787211522.5415785,0.0,0.0,0.015579223632812502
1787211522.572487,0.0,0.0,0.015700548887252808
1787211522.623743,0.0,0.0,0.01582622528076172
1787211522.6758313,0.0,0.0,0.015810698270797733
1787211522.7253482,0.0,0.0,0.01583653688430786
1787211522.775425,0.0,0.0,0.015781283378601078
1787211522.827952,0.0,0.0,0.015702396631240848
1787211522.8965747,0.0,0.0,0.015685409307479862
1787211522.9233642,0.0,0.0,0.015571087598800663
1787211522.9734678,0.0,0.0,0.015688121318817142
1787211523.0258114,0.0,0.0,0.015706866979598996
1787211523.0736215,0.0,0.0,0.015804737806320187
1787211523.1530533,0.0,0.0,0.015876054763793945
1787211523.1765559,0.0,0.0,0.016013920307159424
1787211523.2227364,0.0,0.0,0.015994787216186523
1787211523.272801,0.0,0.0,0.01590561866760254
1787211523.3357744,0.0,0.0,0.01572293043136597
1787211523.3727105,0.0,0.0,0.015572190284729006
1787211523.422516,0.0,0.0,0.015566110610961914
1787211523.4732327,0.0,0.0,0.015611141920089722
1787211523.5254817,0.0,0.0,0.015744924545288086
1787211523.5729728,0.0,0.0,0.015829622745513916
1787211523.6226206,0.0,0.0,0.015944927930831913
1787211523.6726105,0.0,0.0,0.01595214009284973
1787211523.7231417,0.0,0.0,0.015941709280014038
1787211523.7755027,0.0,0.0,0.015845477581024173
1787211523.8226104,0.0,0.0,0.015768051147460938
1787211523.8734066,0.0,0.0,0.015573263168334961
1787211523.9232779,0.0,0.0,0.01562264561653137
1787211523.9736497,0.0,0.0,0.015626490116119385
1787211524.022745,0.0,0.0,0.01582440733909607
1787211524.0728068,0.0,0.0,0.015940815210342407
1787211524.1244686,0.0,0.0,0.016049176454544064
1787211524.1728773,0.0,0.0,0.016136437654495243
1787211524.222522,0.0,0.0,0.016090750694274906
1787211524.2732723,0.0,0.0,0.016208827495574948
1787211524.3224323,0.0,0.0,0.016214281320571903
1787211524.3744912,0.0,0.0,0.01618543267250061
1787211524.4238272,0.0,0.0,0.016117870807647705
1787211524.4727035,0.0,0.0,0.016096442937850956
1787211524.5234342,0.0,0.0,0.016084432601928714
1787211524.5731454,0.0,0.0,0.01601433753967285
1787211524.6228561,0.0,0.0,0.015915572643280033
1787211524.6726758,0.0,0.0,0.015892446041107178
1787211524.722936,0.0,0.0,0.01598381996154785
1787211524.7726257,0.0,0.0,0.016025692224502563
1787211524.8245585,0.0,0.0,0.016082018613815308
1787211524.872521,0.0,0.0,0.01612699031829834
1787211524.923088,0.0,0.0,0.01624405384063721
1787211524.9818242,0.0,0.0,0.01623848080635071
1787211525.0227568,0.0,0.0,0.016174525022506714
1787211525.0726805,0.0,0.0,0.016138970851898193
1787211525.1225138,0.0,0.0,0.016104310750961307
1787211525.1788685,0.0,0.0,0.016083061695098877
1787211525.2663674,0.0,0.0,0.016038477420806888
1787211525.2775764,0.0,0.0,0.016059130430221558
1787211525.3224733,0.0,0.0,0.016138732433319092
1787211525.3799691,0.0,0.0,0.016166359186172485
1787211525.4285786,0.0,0.0,0.016257762908935547
1787211525.4901888,0.0,0.0,0.01628521084785461
1787211525.5264442,0.0,0.0,0.016186326742172245
1787211525.582268,0.0,0.0,0.01611974835395813
1787211525.6570983,0.0,0.0,0.015993893146514893
1787211525.6734843,0.0,0.0,0.01598191261291504
1787211525.7255266,0.0,0.0,0.015949994325637817
1787211525.7745326,0.0,0.0,0.016038388013839725
1787211525.8638551,0.0,0.0,0.01612734794616699
1787211525.8946683,0.0,0.0,0.016163885593414307
1787211525.95385,0.0,0.0,0.016256839036941525
1787211525.997656,0.0,0.0,0.01638036966323853
1787211526.0228982,0.0,0.0,0.016347944736480713
1787211526.0859346,0.0,0.0,0.016270458698272705
1787211526.1621964,0.0,0.0,0.016198337078094486
1787211526.1734538,0.0,0.0,0.016054421663284305
1787211526.2551422,0.0,0.0,0.01595032215118408
1787211526.2754445,0.0,0.0,0.015958577394485477
1787211526.3541093,0.0,0.0,0.016060203313827515
1787211526.3754284,0.0,0.0,0.016145557165145874
1787211526.4232736,0.0,0.0,0.01626574993133545
1787211526.4994507,0.0,0.0,0.016386449337005615
1787211526.5253673,0.0,0.0,0.016413122415542603
1787211526.6067271,0.0,0.0,0.01645231246948242
1787211526.6540837,0.0,0.0,0.01642841100692749
1787211526.7075825,0.0,0.0,0.016385912895202637
1787211526.7583716,0.0,0.0,0.01619848608970642
1787211526.8087313,0.0,0.0,0.016126185655593872
1787211526.826355,0.0,0.0,0.01615580916404724
1787211526.8734703,0.0,0.0,0.016274303197860718
1787211526.9252882,0.0,0.0,0.016285747289657593
1787211527.0168066,0.0,0.0,0.016323506832122806
1787211527.0239944,0.0,0.0,0.016324281692504883
1787211527.1058745,0.0,0.0,0.016439765691757202
1787211527.161389,0.0,0.0,0.016413778066635132
1787211527.1744525,0.0,0.0,0.016326218843460083
1787211527.234785,0.0,0.0,0.016289740800857547
1787211527.2731433,0.0,0.0,0.016185522079467773
1787211527.340134,0.0,0.0,0.016211628913879395
1787211527.418572,0.0,0.0,0.016269445419311527
1787211527.4225368,0.0,0.0,0.01629039645195007
1787211527.4755504,0.0,0.0,0.016453832387924194
1787211527.5242343,0.0,0.0,0.016470760107040402
1787211527.5740302,0.0,0.0,0.016492754220962528
1787211527.6294746,0.0,0.0,0.016480445861816403
1787211527.676472,0.0,0.0,0.016376256942749027
1787211527.7247312,0.0,0.0,0.016282945871353146
1787211527.7735808,0.0,0.0,0.01617088913917542
1787211527.825487,0.0,0.0,0.01622599363327026
1787211527.8729115,0.0,0.0,0.016414612531661984
1787211527.923172,0.0,0.0,0.016426444053649902
1787211527.9802933,0.0,0.0,0.01649177074432373
1787211528.0227764,0.0,0.0,0.01654621958732605
1787211528.0740483,0.0,0.0,0.016571253538131717
1787211528.123442,0.0,0.0,0.01660102605819702
1787211528.1726751,0.0,0.0,0.01647171378135681
1787211528.2264483,0.0,0.0,0.01638564467430115
1787211528.2853944,0.0,0.0,0.016329884529113766
1787211528.3250556,0.0,0.0,0.01629123091697693
1787211528.4094377,0.0,0.0,0.01626867055892944
1787211528.453634,0.0,0.0,0.01640155911445618
1787211528.5091395,0.0,0.0,0.01656314730644226
1787211528.55566,0.0,0.0,0.016685962677001953
1787211528.6138446,0.0,0.0,0.016701787710189823
1787211528.630927,0.0,0.0,0.016678363084793094
1787211528.6828377,0.0,0.0,0.01664254069328308
1787211528.7711864,0.0,0.0,0.016605794429779053
1787211528.7723215,0.0,0.0,0.016605794429779053
1787211528.84981,0.0,0.0,0.01648926734924316
1787211528.8724895,0.0,0.0,0.01648926734924316
1787211528.9228647,0.0,0.0,0.01650109887123108
1787211528.972594,0.0,0.0,0.016607552766799927
1787211529.0225642,0.0,0.0,0.016736388206481937
1787211529.0730848,0.0,0.0,0.016740620136260993
1787211529.1233923,0.0,0.0,0.016901582479476932
1787211529.2101805,0.0,0.0,0.016869693994522095
1787211529.2235315,0.0,0.0,0.01684111356735229
1787211529.3165553,0.0,0.0,0.016793161630630497
1787211529.322689,0.0,0.0,0.016747474670410163
1787211529.3726695,0.0,0.0,0.016663551330566406
1787211529.4265237,0.0,0.0,0.01670980453491211
1787211529.4796753,0.0,0.0,0.016801357269287106
1787211529.562169,0.0,0.0,0.016969531774520874
1787211529.5767326,0.0,0.0,0.017110675573349
1787211529.6238573,0.0,0.0,0.01710224151611328
1787211529.6725187,0.0,0.0,0.017100661993026733
1787211529.7649481,0.0,0.0,0.016925960779190063
1787211529.7830327,0.0,0.0,0.01688548922538757
1787211529.8262722,0.0,0.0,0.016854345798492435
1787211529.8884852,0.0,0.0,0.016922801733016968
1787211529.9564116,0.0,0.0,0.01711621880531311
1787211529.984687,0.0,0.0,0.01711922883987427
1787211530.0547917,0.0,0.0,0.017325133085250854
1787211530.0825944,0.0,0.0,0.017355173826217655
1787211530.1654027,0.0,0.0,0.017442166805267337
1787211530.1799512,0.0,0.0,0.017657309770584106
1787211530.2593527,0.0,0.0,0.017798691987991333
1787211530.2749817,0.0,0.0,0.017771095037460327
1787211530.322701,0.0,0.0,0.017678409814834598
1787211530.4179835,0.0,0.0,0.01764637231826782
1787211530.4267476,0.0,0.0,0.017472654581069946
1787211530.4736505,0.0,0.0,0.017518877983093258
1787211530.561739,0.0,0.0,0.0176275372505188
1787211530.5999665,0.0,0.0,0.01769489049911499
1787211530.6226716,0.0,0.0,0.01775437593460083
1787211530.6913402,0.0,0.0,0.017729461193084717
1787211530.7276425,0.0,0.0,0.017591267824172974
1787211530.7744753,0.0,0.0,0.017496854066848755
1787211530.8224833,0.0,0.0,0.017459273338317875
1787211530.8776789,0.0,0.0,0.01743137836456299
1787211530.925744,0.0,0.0,0.017497956752777103
1787211530.9793992,0.0,0.0,0.017570942640304565
1787211531.0226486,0.0,0.0,0.017607897520065308
1787211531.072659,0.0,0.0,0.017772912979125977
1787211531.1223874,0.0,0.0,0.017753571271896362
1787211531.176376,0.0,0.0,0.0176943838596344
1787211531.222632,0.0,0.0,0.0176142156124115
1787211531.276496,0.0,0.0,0.017583012580871582
1787211531.3239746,0.0,0.0,0.017723649740219113
1787211531.3725488,0.0,0.0,0.017860352993011475
1787211531.422463,0.0,0.0,0.01788762211799622
1787211531.4772952,0.0,0.0,0.018025487661361698
1787211531.5225828,0.0,0.0,0.01802530884742737
1787211531.5770187,0.0,0.0,0.017960041761398315
1787211531.6263936,0.0,0.0,0.01791581511497498
1787211531.673642,0.0,0.0,0.017788082361221313
1787211531.7260468,0.0,0.0,0.017779529094696045
1787211531.7727835,0.0,0.0,0.01783618330955505
1787211531.8224945,0.0,0.0,0.017900973558425903
1787211531.8725631,0.0,0.0,0.01800045371055603
1787211531.92284,0.0,0.0,0.018025159835815433
1787211531.9726481,0.0,0.0,0.01800939440727234
1787211532.0318315,0.0,0.0,0.01795536279678345
1787211532.0730064,0.0,0.0,0.01782512664794922
1787211532.1242404,0.0,0.0,0.017776697874069214
1787211532.1727004,0.0,0.0,0.017782866954803467
1787211532.2248366,0.0,0.0,0.01778689026832581
1787211532.2723355,0.0,0.0,0.017840266227722168
1787211532.330261,0.0,0.0,0.017964839935302734
1787211532.3746524,0.0,0.0,0.018006801605224613
1787211532.4224725,0.0,0.0,0.01808735728263855
1787211532.472484,0.0,0.0,0.01810002326965332
1787211532.5228498,0.0,0.0,0.018031269311904907
1787211532.5725486,0.0,0.0,0.017978310585021973
1787211532.6228173,0.0,0.0,0.017758429050445557
1787211532.6828315,0.0,0.0,0.01770210266113281
1787211532.7237287,0.0,0.0,0.01770210266113281
1787211532.7724454,0.0,0.0,0.01787427067756653
1787211532.822599,0.0,0.0,0.01790231466293335
1787211532.8734558,0.0,0.0,0.018017709255218506
1787211532.9297214,0.0,0.0,0.018070995807647705
1787211532.9797058,0.0,0.0,0.018172353506088257
1787211533.0553985,0.0,0.0,0.018274903297424316
1787211533.1210136,0.0,0.0,0.018290847539901737
1787211533.1298554,0.0,0.0,0.018211632966995243
1787211533.17294,0.0,0.0,0.018100768327713013
1787211533.2246673,0.0,0.0,0.01803502440452576
1787211533.3131404,0.0,0.0,0.01800626516342163
1787211533.3290138,0.0,0.0,0.018102377653121948
1787211533.3754025,0.0,0.0,0.01816394925117493
1787211533.4298627,0.0,0.0,0.01828894019126892
1787211533.4727988,0.0,0.0,0.018316954374313354
1787211533.5557435,0.0,0.0,0.01825293898582459
1787211533.5796945,0.0,0.0,0.018192708492279053
1787211533.6263967,0.0,0.0,0.01807194948196411
1787211533.6757946,0.0,0.0,0.01802721619606018
1787211533.7607288,0.0,0.0,0.017966061830520633
1787211533.7736673,0.0,0.0,0.018014490604400635
1787211533.8573787,0.0,0.0,0.01813653111457825
1787211533.877551,0.0,0.0,0.018197178840637207
1787211533.9229047,0.0,0.0,0.018229126930236816
1787211533.9764318,0.0,0.0,0.018239855766296387
1787211534.0223563,0.0,0.0,0.01835361123085022
1787211534.0828722,0.0,0.0,0.018334627151489258
1787211534.1224582,0.0,0.0,0.018316060304641724
1787211534.1726983,0.0,0.0,0.018217027187347412
1787211534.2231991,0.0,0.0,0.017920494079589847
1787211534.2734234,0.0,0.0,0.01793128252029419
1787211534.3245263,0.0,0.0,0.018104642629623413
1787211534.3817968,0.0,0.0,0.01812607049942017
1787211534.4234166,0.0,0.0,0.01828694343566895
1787211534.4834142,0.0,0.0,0.018350094556808475
1787211534.5275826,0.0,0.0,0.018350094556808475
1787211534.5733578,0.0,0.0,0.018402308225631714
1787211534.628787,0.0,0.0,0.018271058797836304
1787211534.6724906,0.0,0.0,0.018274545669555664
1787211534.7294633,0.0,0.0,0.018260300159454346
1787211534.7748957,0.0,0.0,0.018305331468582153
1787211534.822688,0.0,0.0,0.0183982253074646
1787211534.8804915,0.0,0.0,0.018435239791870117
1787211534.922752,0.0,0.0,0.018438220024108883
1787211534.9735217,0.0,0.0,0.018505454063415527
1787211535.0254393,0.0,0.0,0.01847895979881287
1787211535.079411,0.0,0.0,0.018411815166473392
1787211535.1253476,0.0,0.0,0.0183352530002594
1787211535.1762993,0.0,0.0,0.018292129039764404
1787211535.2231395,0.0,0.0,0.01827225089073181
1787211535.2725608,0.0,0.0,0.018367379903793335
1787211535.3224158,0.0,0.0,0.018408656120300293
1787211535.3758628,0.0,0.0,0.018539756536483765
1787211535.427887,0.0,0.0,0.01855847239494324
1787211535.4725754,0.0,0.0,0.018541067838668827
1787211535.5274284,0.0,0.0,0.01855364441871643
1787211535.5753884,0.0,0.0,0.01845163106918335
1787211535.622497,0.0,0.0,0.01838037371635437
1787211535.6734493,0.0,0.0,0.018336951732635505
1787211535.724471,0.0,0.0,0.018542557954788208
1787211535.7728343,0.0,0.0,0.018635869026184086
1787211535.82344,0.0,0.0,0.018654882907867428
1787211535.8734198,0.0,0.0,0.018975526094436646
1787211535.926893,0.0,0.0,0.018972009420394894
1787211535.9744546,0.0,0.0,0.018962740898132324
1787211536.0223908,0.0,0.0,0.018907606601715088
1787211536.0745587,0.0,0.0,0.018844246864318848
1787211536.1342165,0.0,0.0,0.01877290010452271
1787211536.173234,0.0,0.0,0.018758744001388553
1787211536.2285044,0.0,0.0,0.018768846988677982
1787211536.2728467,0.0,0.0,0.018671303987503052
1787211536.322392,0.0,0.0,0.01888525485992432
1787211536.3749416,0.0,0.0,0.018911749124526978
1787211536.4237814,0.0,0.0,0.018933624029159546
1787211536.475506,0.0,0.0,0.019038081169128418
1787211536.530568,0.0,0.0,0.019171208143234253
1787211536.5724726,0.0,0.0,0.019204139709472656
1787211536.625749,0.0,0.0,0.019162684679031372
1787211536.672731,0.0,0.0,0.01912978291511536
1787211536.7227259,0.0,0.0,0.019058525562286373
1787211536.7735205,0.0,0.0,0.019012808799743652
1787211536.8243504,0.0,0.0,0.019075870513916016
1787211536.8734362,0.0,0.0,0.019186019897460938
1787211536.9230597,0.0,0.0,0.019294738769531253
1787211536.9778216,0.0,0.0,0.019347637891769413
1787211537.0258725,0.0,0.0,0.019444316625595096
1787211537.0728846,0.0,0.0,0.0194399356842041
1787211537.1235924,0.0,0.0,0.019393146038055423
1787211537.173415,0.0,0.0,0.019369900226593018
1787211537.2273934,0.0,0.0,0.01923027634620667
1787211537.277833,0.0,0.0,0.019242823123931885
1787211537.32446,0.0,0.0,0.019404619932174686
1787211537.374414,0.0,0.0,0.01941013336181641
1787211537.4280696,0.0,0.0,0.019429624080657962
1787211537.4768891,0.0,0.0,0.019455313682556152
1787211537.5256388,0.0,0.0,0.019395649433135986
1787211537.5731885,0.0,0.0,0.019342154264450073
1787211537.62888,0.0,0.0,0.01932945847511291
1787211537.6758485,0.0,0.0,0.019239157438278198
1787211537.7283194,0.0,0.0,0.019234299659729007
1787211537.7725291,0.0,0.0,0.019266217947006226
1787211537.8266501,0.0,0.0,0.01943644881248474
1787211537.8808239,0.0,0.0,0.019530683755874634
1787211537.9233072,0.0,0.0,0.019571572542190552
1787211537.97948,0.0,0.0,0.01963859796524048
1787211538.0247989,0.0,0.0,0.01956823468208313
1787211538.079494,0.0,0.0,0.019510656595230106
1787211538.1227536,0.0,0.0,0.019383996725082397
1787211538.1734555,0.0,0.0,0.019375175237655643
1787211538.2225366,0.0,0.0,0.01941266655921936
1787211538.2759967,0.0,0.0,0.019555926322937015
1787211538.3234599,0.0,0.0,0.019597351551055908
1787211538.3725688,0.0,0.0,0.0196501612663269
1787211538.4224782,0.0,0.0,0.0196501612663269
1787211538.4735582,0.0,0.0,0.01965242624282837
1787211538.5265088,0.0,0.0,0.01963540911674499
1787211538.5778742,0.0,0.0,0.019552975893020633
1787211538.6234357,0.0,0.0,0.019510030746459957
1787211538.6727614,0.0,0.0,0.019513338804244995
1787211538.7227614,0.0,0.0,0.019513338804244995
1787211538.7734833,0.0,0.0,0.019688457250595093
1787211538.8225412,0.0,0.0,0.019714862108230587
1787211538.873434,0.0,0.0,0.01981884241104126
1787211538.928493,0.0,0.0,0.01983198523521423
1787211538.973056,0.0,0.0,0.019766867160797123
1787211539.0230327,0.0,0.0,0.01963615417480469
1787211539.077621,0.0,0.0,0.019630402326583866
1787211539.1224627,0.0,0.0,0.01960211992263794
1787211539.1727147,0.0,0.0,0.019702136516571045
1787211539.222423,0.0,0.0,0.019743770360946655
1787211539.272771,0.0,0.0,0.019773036241531372
1787211539.3379602,0.0,0.0,0.019807755947113037
1787211539.3751273,0.0,0.0,0.019783318042755127
1787211539.4262307,0.0,0.0,0.019718706607818607
1787211539.4726107,0.0,0.0,0.01964795589447021
1787211539.5224786,0.0,0.0,0.019583523273468018
1787211539.578503,0.0,0.0,0.019584685564041138
1787211539.622536,0.0,0.0,0.019659966230392453
1787211539.673355,0.0,0.0,0.01978263258934021
1787211539.7278678,0.0,0.0,0.01986333727836609
1787211539.775308,0.0,0.0,0.01989960670471191
1787211539.8224826,0.0,0.0,0.019957363605499264
1787211539.872925,0.0,0.0,0.019841611385345462
1787211539.9232156,0.0,0.0,0.01979079842567444
1787211539.9752607,0.0,0.0,0.019669294357299808
1787211540.0245118,0.0,0.0,0.019640624523162842
1787211540.0745504,0.0,0.0,0.01964908838272095
1787211540.125592,0.0,0.0,0.01976493000984192
1787211540.1782932,0.0,0.0,0.019886612892150882
1787211540.2224898,0.0,0.0,0.0199129581451416
1787211540.2758553,0.0,0.0,0.020001649856567383
1787211540.324484,0.0,0.0,0.020142197608947754
1787211540.3784451,0.0,0.0,0.02010256052017212
1787211540.428684,0.0,0.0,0.020084738731384277
1787211540.4774864,0.0,0.0,0.019994735717773434
1787211540.528683,0.0,0.0,0.019882351160049442
1787211540.5742848,0.0,0.0,0.01969152688980103
1787211540.6224678,0.0,0.0,0.019615352153778076
1787211540.6735086,0.0,0.0,0.019615352153778076
1787211540.7242315,0.0,0.0,0.019757151603698727
1787211540.7724419,0.0,0.0,0.019869416952133182
1787211540.8234057,0.0,0.0,0.019992291927337646
1787211540.880288,0.0,0.0,0.01999524235725403
1787211540.9225812,0.0,0.0,0.01997289061546326
1787211540.9727542,0.0,0.0,0.019903182983398438
1787211541.0226424,0.0,0.0,0.019858092069625858
1787211541.07692,0.0,0.0,0.019787430763244625
1787211541.1225746,0.0,0.0,0.01962241530418396
1787211541.1729593,0.0,0.0,0.019687294960021973
1787211541.2235332,0.0,0.0,0.019862622022628784
1787211541.2736027,0.0,0.0,0.01989689469337463
1787211541.3225687,0.0,0.0,0.020036697387695312
1787211541.3734496,0.0,0.0,0.020043939352035522
1787211541.4224353,0.0,0.0,0.02016094326972961
1787211541.4724877,0.0,0.0,0.020242333412170414
1787211541.5222816,0.0,0.0,0.02028331160545349
1787211541.5746484,0.0,0.0,0.02023378014564514
1787211541.62265,0.0,0.0,0.020179837942123413
1787211541.6741023,0.0,0.0,0.020092695951461795
1787211541.722459,0.0,0.0,0.01985040307044983
1787211541.7764173,0.0,0.0,0.019897758960723877
1787211541.827286,0.0,0.0,0.019801229238510135
1787211541.8801062,0.0,0.0,0.019959628582000736
1787211541.9227982,0.0,0.0,0.019959628582000736
1787211541.976358,0.0,0.0,0.020366698503494266
1787211542.023357,0.0,0.0,0.020492136478424072
1787211542.0766444,0.0,0.0,0.02051779627799988
1787211542.1240785,0.0,0.0,0.020546287298202518
1787211542.1744738,0.0,0.0,0.020480245351791382
1787211542.2235308,0.0,0.0,0.020390897989273075
1787211542.2755966,0.0,0.0,0.02040955424308777
1787211542.3230379,0.0,0.0,0.02026656270027161
1787211542.3740466,0.0,0.0,0.02020055055618286
1787211542.435088,0.0,0.0,0.020165205001831058
1787211542.4724948,0.0,0.0,0.020317226648330692
1787211542.5224483,0.0,0.0,0.020423054695129395
1787211542.572538,0.0,0.0,0.020483523607254032
1787211542.6248007,0.0,0.0,0.020521610975265506
1787211542.6765168,0.0,0.0,0.02047058939933777
1787211542.7269082,0.0,0.0,0.020348489284515384
1787211542.7726429,0.0,0.0,0.020319253206253052
1787211542.8225548,0.0,0.0,0.020328521728515625
1787211542.8780334,0.0,0.0,0.020300060510635376
1787211542.9227145,0.0,0.0,0.02030351758003235
1787211542.9740617,0.0,0.0,0.02028933167457581
1787211543.0247288,0.0,0.0,0.020386010408401493
1787211543.0724678,0.0,0.0,0.020511209964752204
1787211543.1226218,0.0,0.0,0.02062693238258362
1787211543.1727202,0.0,0.0,0.020690470933914188
1787211543.2253606,0.0,0.0,0.020678520202636722
1787211543.2737267,0.0,0.0,0.0206354558467865
1787211543.325154,0.0,0.0,0.020561426877975467
1787211543.376873,0.0,0.0,0.020498961210250858
1787211543.431073,0.0,0.0,0.020478129386901855
1787211543.4938068,0.0,0.0,0.020483136177062985
1787211543.5248568,0.0,0.0,0.020508885383605957
1787211543.5726774,0.0,0.0,0.020666956901550293
1787211543.6233017,0.0,0.0,0.020733535289764408
1787211543.6734924,0.0,0.0,0.0208316445350647
1787211543.7301943,0.0,0.0,0.02091947197914124
1787211543.7729504,0.0,0.0,0.02094852924346924
1787211543.8233674,0.0,0.0,0.020936280488967892
1787211543.8770022,0.0,0.0,0.020885139703750614
1787211543.92303,0.0,0.0,0.02082526683807373
1787211543.9735007,0.0,0.0,0.02076926827430725
1787211544.0300925,0.0,0.0,0.020685285329818726
1787211544.0738618,0.0,0.0,0.02067229151725769
1787211544.1244905,0.0,0.0,0.020797282457351688
1787211544.178314,0.0,0.0,0.02084058523178101
1787211544.2234445,0.0,0.0,0.020895242691040046
1787211544.2739089,0.0,0.0,0.020895242691040046
1787211544.3224914,0.0,0.0,0.021050125360488895
1787211544.3744707,0.0,0.0,0.02098894119262695
1787211544.4229863,0.0,0.0,0.02095264196395874
1787211544.4729207,0.0,0.0,0.02085810899734497
1787211544.5225482,0.0,0.0,0.02083989977836609
1787211544.5761971,0.0,0.0,0.02075764536857605
1787211544.6238363,0.0,0.0,0.02076813578605652
1787211544.6746192,0.0,0.0,0.020791977643966675
1787211544.7249122,0.0,0.0,0.020875126123428345
1787211544.7746837,0.0,0.0,0.02097591757774353
1787211544.8233788,0.0,0.0,0.021064609289169308
1787211544.87259,0.0,0.0,0.021096765995025635
1787211544.9225152,0.0,0.0,0.021134942770004276
1787211544.976257,0.0,0.0,0.021127939224243164
1787211545.024361,0.0,0.0,0.020982980728149414
1787211545.0726569,0.0,0.0,0.020892113447189335
1787211545.1229064,0.0,0.0,0.020738691091537472
1787211545.1744823,0.0,0.0,0.020732343196868896
1787211545.2237744,0.0,0.0,0.020799875259399418
1787211545.2747102,0.0,0.0,0.02082696557044983
1787211545.322936,0.0,0.0,0.020995169878005985
1787211545.380768,0.0,0.0,0.021038204431533813
1787211545.423946,0.0,0.0,0.021129041910171512
1787211545.4745889,0.0,0.0,0.021088153123855594
1787211545.5226288,0.0,0.0,0.021027415990829468
1787211545.5738013,0.0,0.0,0.02097132802009583
1787211545.626541,0.0,0.0,0.020649939775466915
1787211545.673397,0.0,0.0,0.020649522542953495
1787211545.723475,0.0,0.0,0.020691514015197757
1787211545.7757177,0.0,0.0,0.020721435546875
1787211545.8234248,0.0,0.0,0.020827561616897586
1787211545.8735938,0.0,0.0,0.02099776268005371
1787211545.9271882,0.0,0.0,0.021050840616226196
1787211545.9726558,0.0,0.0,0.02103272080421448
1787211546.0313752,0.0,0.0,0.02103272080421448
1787211546.073898,0.0,0.0,0.02097088098526001
1787211546.1225429,0.0,0.0,0.020944952964782715
1787211546.1726234,0.0,0.0,0.020913273096084595
1787211546.2246478,0.0,0.0,0.020857691764831546
1787211546.274807,0.0,0.0,0.02081310749053955
1787211546.3246222,0.0,0.0,0.02092635631561279
1787211546.3781006,0.0,0.0,0.021015852689743042
1787211546.4276385,0.0,0.0,0.021022319793701172
1787211546.4725165,0.0,0.0,0.02114418148994446
1787211546.5231855,0.0,0.0,0.021170824766159058
1787211546.574621,0.0,0.0,0.021151036024093628
1787211546.622536,0.0,0.0,0.021026462316513065
1787211546.6754184,0.0,0.0,0.0209214985370636
1787211546.7249002,0.0,0.0,0.020809054374694824
1787211546.7800124,0.0,0.0,0.020716875791549683
1787211546.8235624,0.0,0.0,0.02070045471191406
1787211546.875266,0.0,0.0,0.02078986167907715
1787211546.9328413,0.0,0.0,0.020921826362609867
1787211546.974689,0.0,0.0,0.021112322807312008
1787211547.0227432,0.0,0.0,0.0211789608001709
1787211547.076419,0.0,0.0,0.021154075860977173
1787211547.1224923,0.0,0.0,0.021158069372177127
1787211547.2112558,0.0,0.0,0.02109694480895996
1787211547.224684,0.0,0.0,0.021016806364059448
1787211547.2755587,0.0,0.0,0.020854473114013672
1787211547.323905,0.0,0.0,0.02092638611793518
1787211547.3734238,0.0,0.0,0.020959168672561646
1787211547.435236,0.0,0.0,0.021006077527999878
1787211547.4764285,0.0,0.0,0.02117162942886353
1787211547.5365133,0.0,0.0,0.0211639404296875
1787211547.615311,0.0,0.0,0.021224409341812137
1787211547.632837,0.0,0.0,0.021272003650665287
1787211547.672953,0.0,0.0,0.021293669939041138
1787211547.729784,0.0,0.0,0.021368086338043213
1787211547.7753942,0.0,0.0,0.0213066041469574
1787211547.846598,0.0,0.0,0.021238744258880615
1787211547.9135702,0.0,0.0,0.021054297685623172
1787211547.922902,0.0,0.0,0.021079838275909424
1787211548.0193863,0.0,0.0,0.021035999059677124
1787211548.0299842,0.0,0.0,0.021160364151000977
1787211548.1150627,0.0,0.0,0.021251440048217777
1787211548.1238701,0.0,0.0,0.02132874727249146
1787211548.211394,0.0,0.0,0.021373897790908813
1787211548.2553875,0.0,0.0,0.021401375532150272
1787211548.2806485,0.0,0.0,0.021428585052490238
1787211548.3331552,0.0,0.0,0.021331250667572025
1787211548.4166532,0.0,0.0,0.021268278360366818
1787211548.4637895,0.0,0.0,0.021264612674713135
1787211548.4755812,0.0,0.0,0.021182745695114136
1787211548.5548751,0.0,0.0,0.021288692951202393
1787211548.5747943,0.0,0.0,0.02130910754203796
1787211548.628662,0.0,0.0,0.02146926522254944
1787211548.7137861,0.0,0.0,0.021500974893569946
1787211548.7254856,0.0,0.0,0.021547287702560425
1787211548.7760534,0.0,0.0,0.02143952250480652
1787211548.8547325,0.0,0.0,0.021381020545959476
1787211548.9200716,0.0,0.0,0.021317750215530402
1787211548.9291313,0.0,0.0,0.02112990617752075
1787211549.01951,0.0,0.0,0.02115282416343689
1787211549.0337079,0.0,0.0,0.021247565746307373
1787211549.078406,0.0,0.0,0.02134886384010315
1787211549.1299136,0.0,0.0,0.02134886384010315
1787211549.17955,0.0,0.0,0.021394819021224976
1787211549.2619033,0.0,0.0,0.021449953317642212
1787211549.28208,0.0,0.0,0.02145281434059143
1787211549.3246834,0.0,0.0,0.02145281434059143
1787211549.382096,0.0,0.0,0.02130141854286194
1787211549.4302886,0.0,0.0,0.021124750375747684
1787211549.4730742,0.0,0.0,0.021124750375747684
1787211549.5249605,0.0,0.0,0.02127128839492798
1787211549.584608,0.0,0.0,0.02131062746047974
1787211549.6290634,0.0,0.0,0.02131062746047974
1787211549.6799998,0.0,0.0,0.021485686302185062
1787211549.725989,0.0,0.0,0.021571487188339233
1787211549.7729657,0.0,0.0,0.021542787551879883
1787211549.830295,0.0,0.0,0.021477609872817993
1787211549.8794782,0.0,0.0,0.021400511264801022
1787211549.9237142,0.0,0.0,0.02123507857322693
1787211549.9727943,0.0,0.0,0.02122321724891662
1787211550.0224774,0.0,0.0,0.021200060844421387
1787211550.0739093,0.0,0.0,0.021200060844421387
1787211550.1234684,0.0,0.0,0.021392822265625
1787211550.1730773,0.0,0.0,0.021439313888549805
1787211550.2232423,0.0,0.0,0.021491587162017822
1787211550.2724135,0.0,0.0,0.021463781595230103
1787211550.324407,0.0,0.0,0.02139818668365479
1787211550.372592,0.0,0.0,0.021309792995452884
1787211550.4231076,0.0,0.0,0.021181017160415646
1787211550.472618,0.0,0.0,0.021089136600494385
1787211550.5225158,0.0,0.0,0.021162539720535282
1787211550.5814943,0.0,0.0,0.021285235881805423
1787211550.6228383,0.0,0.0,0.021364182233810425
1787211550.6724718,0.0,0.0,0.02141267061233521
1787211550.7397594,0.0,0.0,0.021438717842102054
1787211550.7781217,0.0,0.0,0.021420717239379886
1787211550.8238857,0.0,0.0,0.021390497684478763
1787211550.8745806,0.0,0.0,0.02132350206375122
1787211550.9244688,0.0,0.0,0.02119472622871399
1787211550.9755573,0.0,0.0,0.021194428205490112
1787211551.0234356,0.0,0.0,0.021254062652587884
1787211551.0733278,0.0,0.0,0.021414875984191895
1787211551.1225526,0.0,0.0,0.021453917026519782
1787211551.1805024,0.0,0.0,0.02157863974571228
1787211551.2265093,0.0,0.0,0.02157863974571228
1787211551.279563,0.0,0.0,0.02149581909179687
1787211551.3277512,0.0,0.0,0.021439284086227417
1787211551.3755784,0.0,0.0,0.02140679955482483
1787211551.4255943,0.0,0.0,0.021377414464950565
1787211551.4765944,0.0,0.0,0.02138856053352356
1787211551.5298116,0.0,0.0,0.02138856053352356
1787211551.5993426,0.0,0.0,0.02162176370620728
1787211551.6300218,0.0,0.0,0.02164554595947266
1787211551.7156034,0.0,0.0,0.02167031168937683
1787211551.7261825,0.0,0.0,0.021654874086380005
1787211551.7789378,0.0,0.0,0.021573185920715332
1787211551.8225198,0.0,0.0,0.02155810594558716
1787211551.9159918,0.0,0.0,0.021384268999099735
1787211551.9257946,0.0,0.0,0.02134546637535095
1787211551.9727383,0.0,0.0,0.021522134542465213
1787211552.0225246,0.0,0.0,0.02160069346427917
1787211552.0807106,0.0,0.0,0.021633923053741455
1787211552.1316657,0.0,0.0,0.021675616502761837
1787211552.1778305,0.0,0.0,0.021727234125137333
1787211552.2316015,0.0,0.0,0.021679997444152836
1787211552.2730608,0.0,0.0,0.021591365337371826
1787211552.3225727,0.0,0.0,0.021440148353576664
1787211552.373476,0.0,0.0,0.021388769149780277
1787211552.4223752,0.0,0.0,0.02135679125785828
1787211552.473613,0.0,0.0,0.021481722593307495
1787211552.522963,0.0,0.0,0.021549522876739502
1787211552.5726023,0.0,0.0,0.021549046039581302
1787211552.6233923,0.0,0.0,0.02173486351966858
1787211552.672593,0.0,0.0,0.021701157093048096
1787211552.7315404,0.0,0.0,0.021692335605621338
1787211552.7766924,0.0,0.0,0.02166396379470825
1787211552.8249538,0.0,0.0,0.021604716777801514
1787211552.8747604,0.0,0.0,0.021559894084930416
1787211552.9239814,0.0,0.0,0.021485626697540287
1787211552.9747684,0.0,0.0,0.02149465680122376
1787211553.0224109,0.0,0.0,0.021595537662506104
1787211553.0726452,0.0,0.0,0.021678715944290165
1787211553.1264005,0.0,0.0,0.021678715944290165
1787211553.185641,0.0,0.0,0.021719783544540405
1787211553.2351842,0.0,0.0,0.0217570960521698
1787211553.2796416,0.0,0.0,0.021770358085632328
1787211553.327238,0.0,0.0,0.021600276231765747
1787211553.3811252,0.0,0.0,0.02157631516456604
1787211553.424888,0.0,0.0,0.021496206521987915
1787211553.4782188,0.0,0.0,0.021458685398101807
1787211553.5264697,0.0,0.0,0.02156129479408264
1787211553.5861707,0.0,0.0,0.02157294750213623
1787211553.622623,0.0,0.0,0.021853804588317875
1787211553.6838608,0.0,0.0,0.02195021510124207
1787211553.7226915,0.0,0.0,0.021942913532257084
1787211553.77382,0.0,0.0,0.02196884155273438
1787211553.8228633,0.0,0.0,0.02187386155128479
1787211553.8772457,0.0,0.0,0.02179741859436035
1787211553.9224727,0.0,0.0,0.02160179615020752
1787211553.9734445,0.0,0.0,0.021590739488601685
1787211554.031906,0.0,0.0,0.021542549133300785
1787211554.0924625,0.0,0.0,0.021613210439682007
1787211554.124499,0.0,0.0,0.021716684103012085
1787211554.1724365,0.0,0.0,0.021793544292449955
1787211554.223678,0.0,0.0,0.021883726119995117
1787211554.2734396,0.0,0.0,0.02191072702407837
1787211554.3224497,0.0,0.0,0.02203512191772461
1787211554.3733702,0.0,0.0,0.021994531154632565
1787211554.4407082,0.0,0.0,0.021932363510131836
1787211554.4745336,0.0,0.0,0.021922767162322998
1787211554.5276678,0.0,0.0,0.021873891353607178
1787211554.572802,0.0,0.0,0.021873891353607178
1787211554.6264923,0.0,0.0,0.02207419276237488
1787211554.6726167,0.0,0.0,0.022143393754959106
1787211554.7242472,0.0,0.0,0.022143393754959106
1787211554.7735448,0.0,0.0,0.022155553102493286
1787211554.8227851,0.0,0.0,0.022076964378356934
1787211554.8734007,0.0,0.0,0.022025614976882935
1787211554.9476166,0.0,0.0,0.021936446428298947
1787211554.9827704,0.0,0.0,0.02191460132598877
1787211555.0233061,0.0,0.0,0.02191460132598877
1787211555.0810692,0.0,0.0,0.02173852920532227
1787211555.12534,0.0,0.0,0.021744281053543094
1787211555.1761827,0.0,0.0,0.0218958854675293
1787211555.2567594,0.0,0.0,0.021936744451522827
1787211555.2804725,0.0,0.0,0.021999657154083255
1787211555.324556,0.0,0.0,0.022131741046905514
1787211555.4162295,0.0,0.0,0.02224716544151306
1787211555.4247196,0.0,0.0,0.0222642719745636
1787211555.4822414,0.0,0.0,0.02230644226074219
1787211555.5294642,0.0,0.0,0.022243857383728027
1787211555.611077,0.0,0.0,0.0221962034702301
1787211555.6229172,0.0,0.0,0.022150456905364994
1787211555.7190115,0.0,0.0,0.021934330463409427
1787211555.7368727,0.0,0.0,0.02191749215126038
1787211555.7795546,0.0,0.0,0.022029131650924683
1787211555.8336148,0.0,0.0,0.02212852239608765
1787211555.8757138,0.0,0.0,0.022173970937728882
1787211555.9283106,0.0,0.0,0.02225545048713684
1787211556.0238972,0.0,0.0,0.022234588861465458
1787211556.111706,0.0,0.0,0.02206245064735413
1787211556.1255543,0.0,0.0,0.022095143795013428
1787211556.2158647,0.0,0.0,0.022037804126739505
1787211556.223778,0.0,0.0,0.022166669368743896
1787211556.319291,0.0,0.0,0.022231966257095337
1787211556.3244975,0.0,0.0,0.022314876317977905
1787211556.3809817,0.0,0.0,0.02233976125717163
1787211556.4468749,0.0,0.0,0.022398084402084347
1787211556.4773111,0.0,0.0,0.022445559501647953
1787211556.5256755,0.0,0.0,0.022418826818466187
1787211556.61959,0.0,0.0,0.022399783134460456
1787211556.6264853,0.0,0.0,0.022371768951416016
1787211556.7132027,0.0,0.0,0.02233418822288513
1787211556.7236407,0.0,0.0,0.0223827064037323
1787211556.772929,0.0,0.0,0.022538751363754272
1787211556.8369567,0.0,0.0,0.022594571113586426
1787211556.8817139,0.0,0.0,0.022595047950744632
1787211556.9224234,0.0,0.0,0.02278700470924377
1787211556.9736578,0.0,0.0,0.022754788398742672
1787211557.0245135,0.0,0.0,0.022754788398742672
1787211557.0850215,0.0,0.0,0.022612690925598145
1787211557.1289482,0.0,0.0,0.022551208734512326
1787211557.222368,0.0,0.0,0.02253410220146179
1787211557.277399,0.0,0.0,0.02264419198036194
1787211557.3287058,0.0,0.0,0.02284592390060425
1787211557.3807392,0.0,0.0,0.02284592390060425
1787211557.4227479,0.0,0.0,0.023001611232757572
1787211557.4724324,0.0,0.0,0.023024171590805054
1787211557.5230472,0.0,0.0,0.023024171590805054
1787211557.580802,0.0,0.0,0.022784113883972168
1787211557.6224432,0.0,0.0,0.02256038784980774
1787211557.6787155,0.0,0.0,0.022632151842117313
1787211557.7273626,0.0,0.0,0.022757828235626224
1787211557.7755663,0.0,0.0,0.022893905639648438
1787211557.8225567,0.0,0.0,0.022893905639648438
1787211557.8730721,0.0,0.0,0.02311813831329346
1787211557.9227192,0.0,0.0,0.02308052778244019
1787211557.9883938,0.0,0.0,0.023035556077957153
1787211558.0222878,0.0,0.0,0.02292212843894959
1787211558.0807946,0.0,0.0,0.022918432950973514
1787211558.1294193,0.0,0.0,0.022958308458328247
1787211558.172558,0.0,0.0,0.022976636886596676
1787211558.2238078,0.0,0.0,0.023090392351150516
1787211558.2725105,0.0,0.0,0.023159027099609375
1787211558.3229678,0.0,0.0,0.02318084239959717
1787211558.3775134,0.0,0.0,0.023126959800720215
1787211558.4688954,0.0,0.0,0.023028939962387085
1787211558.5136464,0.0,0.0,0.02298325300216675
1787211558.5303862,0.0,0.0,0.022944360971450806
1787211558.5791752,0.0,0.0,0.022944360971450806
1787211558.623517,0.0,0.0,0.02306073904037476
1787211558.6806521,0.0,0.0,0.023266077041625977
1787211558.7293668,0.0,0.0,0.023305475711822513
1787211558.8070302,0.0,0.0,0.023262202739715576
1787211558.8322327,0.0,0.0,0.02323266863822937
1787211558.8743663,0.0,0.0,0.023206353187561035
1787211558.9237967,0.0,0.0,0.023145228624343872
1787211559.009874,0.0,0.0,0.023073464632034302
1787211559.022351,0.0,0.0,0.023035913705825802
1787211559.1156025,0.0,0.0,0.022983938455581665
1787211559.1250277,0.0,0.0,0.022907048463821415
1787211559.2125635,0.0,0.0,0.022886186838150024
1787211559.2257936,0.0,0.0,0.022769033908843994
1787211559.283121,0.0,0.0,0.022938936948776245
1787211559.3268096,0.0,0.0,0.022950828075408936
1787211559.3759103,0.0,0.0,0.02302408218383789
1787211559.428542,0.0,0.0,0.02309444546699524
1787211559.5185285,0.0,0.0,0.023185402154922485
1787211559.5249045,0.0,0.0,0.023203253746032715
1787211559.6184063,0.0,0.0,0.023209124803543094
1787211559.6306527,0.0,0.0,0.02319440245628357
1787211559.7117472,0.0,0.0,0.02316805720329285
1787211559.7270515,0.0,0.0,0.023198127746582035
1787211559.8110523,0.0,0.0,0.023150205612182617
1787211559.8246496,0.0,0.0,0.0231570303440094
1787211559.9187672,0.0,0.0,0.023080646991729736
1787211559.9345183,0.0,0.0,0.022949367761611942
1787211559.974232,0.0,0.0,0.02270171046257019
1787211560.034324,0.0,0.0,0.022755265235900875
1787211560.1205518,0.0,0.0,0.022645503282546997
1787211560.1348124,0.0,0.0,0.022738397121429443
1787211560.175279,0.0,0.0,0.02282083034515381
1787211560.2308388,0.0,0.0,0.02282083034515381
1787211560.3153791,0.0,0.0,0.0230676531791687
1787211560.3234158,0.0,0.0,0.02305519580841064
1787211560.37298,0.0,0.0,0.02307632565498352
1787211560.424019,0.0,0.0,0.02304819226264954
1787211560.4762807,0.0,0.0,0.022980958223342892
1787211560.5223765,0.0,0.0,0.022971630096435547
1787211560.573034,0.0,0.0,0.022935360670089725
1787211560.622668,0.0,0.0,0.022872269153594967
1787211560.6813896,0.0,0.0,0.0229451060295105
1787211560.7229068,0.0,0.0,0.0229451060295105
1787211560.7769344,0.0,0.0,0.023082315921783447
1787211560.84652,0.0,0.0,0.02304479479789734
1787211560.916136,0.0,0.0,0.022929191589355472
1787211560.9412181,0.0,0.0,0.02287715673446655
1787211561.021943,0.0,0.0,0.02279928326606751
1787211561.022649,0.0,0.0,0.022714972496032715
1787211561.1144218,0.0,0.0,0.022864907979965213
1787211561.157688,0.0,0.0,0.02295055985450745
1787211561.1746945,0.0,0.0,0.022985875606536862
1787211561.2267025,0.0,0.0,0.02299991250038147
1787211561.3138402,0.0,0.0,0.02296829223632813
1787211561.3279197,0.0,0.0,0.02284660935401917
1787211561.4103198,0.0,0.0,0.022782355546951294
1787211561.4227645,0.0,0.0,0.022693037986755375
1787211561.4746563,0.0,0.0,0.022725909948349
1787211561.5223727,0.0,0.0,0.022867590188980106
1787211561.5812478,0.0,0.0,0.022901326417922974
1787211561.6243703,0.0,0.0,0.022901326417922974
1787211561.6736526,0.0,0.0,0.022970408201217655
1787211561.7236829,0.0,0.0,0.022970408201217655
1787211561.7728226,0.0,0.0,0.02280417084693909
1787211561.8252509,0.0,0.0,0.02280417084693909
1787211561.8725312,0.0,0.0,0.02286249399185181
1787211561.9227145,0.0,0.0,0.02286249399185181
1787211561.979883,0.0,0.0,0.02303019165992737
1787211562.0232892,0.0,0.0,0.02315214276313782
1787211562.073217,0.0,0.0,0.023134231567382812
1787211562.1283624,0.0,0.0,0.02305316925048828
1787211562.172656,0.0,0.0,0.022996425628662106
1787211562.224626,0.0,0.0,0.022959291934967044
1787211562.2810092,0.0,0.0,0.02296033501625061
1787211562.3227232,0.0,0.0,0.023034244775772095
1787211562.3735588,0.0,0.0,0.02307197451591492
1787211562.4262607,0.0,0.0,0.023193418979644782
1787211562.4762523,0.0,0.0,0.023266911506652832
1787211562.5234292,0.0,0.0,0.02339428663253784
1787211562.5737665,0.0,0.0,0.02346408367156983
1787211562.62303,0.0,0.0,0.02346408367156983
1787211562.6733227,0.0,0.0,0.023493111133575443
1787211562.7253606,0.0,0.0,0.023464918136596683
1787211562.7747111,0.0,0.0,0.02341777086257935
1787211562.8236725,0.0,0.0,0.023224949836730957
1787211562.8728683,0.0,0.0,0.023219019174575802
1787211562.9270077,0.0,0.0,0.02337715029716492
1787211562.9736075,0.0,0.0,0.02355000376701355
1787211563.0225122,0.0,0.0,0.023656994104385376
1787211563.079493,0.0,0.0,0.02370503544807434
1787211563.1244314,0.0,0.0,0.02367129921913147
1787211563.177069,0.0,0.0,0.02367129921913147
1787211563.2224119,0.0,0.0,0.023543983697891232
1787211563.2754965,0.0,0.0,0.023438066244125366
1787211563.3297472,0.0,0.0,0.023539304733276364
1787211563.372538,0.0,0.0,0.023615539073944092
1787211563.4228873,0.0,0.0,0.023752212524414062
1787211563.4782774,0.0,0.0,0.023821860551834106
1787211563.5249481,0.0,0.0,0.023804724216461185
1787211563.572418,0.0,0.0,0.02372762560844422
1787211563.6233902,0.0,0.0,0.02369150519371033
1787211563.6728208,0.0,0.0,0.023610204458236694
1787211563.7233996,0.0,0.0,0.023610204458236694
1787211563.7725465,0.0,0.0,0.023784011602401733
1787211563.8236828,0.0,0.0,0.023784011602401733
1787211563.882335,0.0,0.0,0.023887872695922848
1787211563.9264755,0.0,0.0,0.02391287684440612
1787211563.983531,0.0,0.0,0.02405425906181336
1787211564.0234942,0.0,0.0,0.02405425906181336
1787211564.0742133,0.0,0.0,0.023912787437438965
1787211564.1225705,0.0,0.0,0.02387344837188721
1787211564.177005,0.0,0.0,0.02377796173095703
1787211564.2225976,0.0,0.0,0.02374857664108277
1787211564.2734964,0.0,0.0,0.0238100290298462
1787211564.326905,0.0,0.0,0.023881644010543823
1787211564.3769307,0.0,0.0,0.0239626169204712
1787211564.4235802,0.0,0.0,0.024051100015640262
1787211564.473779,0.0,0.0,0.024081259965896606
1787211564.5224378,0.0,0.0,0.024078458547592163
1787211564.5774136,0.0,0.0,0.023966014385223385
1787211564.6257877,0.0,0.0,0.02393695712089539
1787211564.6753886,0.0,0.0,0.023961246013641364
1787211564.7266827,0.0,0.0,0.023961246013641364
1787211564.7731583,0.0,0.0,0.02414542436599732
1787211564.8243666,0.0,0.0,0.024166256189346317
1787211564.8818443,0.0,0.0,0.024174183607101447
1787211564.922694,0.0,0.0,0.024154871702194224
1787211564.9724658,0.0,0.0,0.024097830057144165
1787211565.0242286,0.0,0.0,0.024097830057144165
1787211565.073389,0.0,0.0,0.024064570665359494
1787211565.1227353,0.0,0.0,0.02410006523132325
1787211565.1727145,0.0,0.0,0.0242389440536499
1787211565.2244086,0.0,0.0,0.02430856227874756
1787211565.2727375,0.0,0.0,0.024324119091033936
1787211565.32826,0.0,0.0,0.024324119091033936
1787211565.3724127,0.0,0.0,0.02417203783988953
1787211565.422931,0.0,0.0,0.024083912372589115
1787211565.4777408,0.0,0.0,0.024083912372589115
1787211565.5224805,0.0,0.0,0.023940891027450558
1787211565.5773807,0.0,0.0,0.024070322513580322
1787211565.631886,0.0,0.0,0.024070322513580322
1787211565.6734195,0.0,0.0,0.02420809864997864
1787211565.7275167,0.0,0.0,0.02420809864997864
1787211565.7793157,0.0,0.0,0.02420809864997864
1787211565.8226757,0.0,0.0,0.02420809864997864
1787211565.87641,0.0,0.0,0.02420809864997864
1787211565.9227302,0.0,0.0,0.02420809864997864
1787211565.972821,0.0,0.0,0.02420809864997864
1787211566.0230956,0.0,0.0,0.02420809864997864
1787211566.0753365,0.0,0.0,0.02420809864997864
1787211566.1228144,0.0,0.0,0.02420809864997864
1787211566.1726735,0.0,0.0,0.02420809864997864
1787211566.2250402,0.0,0.0,0.02420809864997864
1787211566.2732418,0.0,0.0,0.02420809864997864
1787211566.3245375,0.0,0.0,0.02420809864997864
1787211566.3733985,0.0,0.0,0.02420809864997864
1787211566.424431,0.0,0.0,0.02420809864997864
1787211566.4778552,0.0,0.0,0.02420809864997864
1787211566.5225933,0.0,0.0,0.02420809864997864
1787211566.579522,0.0,0.0,0.02420809864997864
1787211566.6232638,0.0,0.0,0.02420809864997864
1787211566.6725473,0.0,0.0,0.02420809864997864
1787211566.726387,0.0,0.0,0.02420809864997864
1787211566.774784,0.0,0.0,0.02420809864997864
1787211566.8225596,0.0,0.0,0.02420809864997864
1787211566.8741777,0.0,0.0,0.02420809864997864
1787211566.922609,0.0,0.0,0.02420809864997864
1787211566.9766438,0.0,0.0,0.02420809864997864
1787211567.025757,0.0,0.0,0.02420809864997864
1787211567.0774348,0.0,0.0,0.02420809864997864
1787211567.1226716,0.0,0.0,0.02420809864997864
1787211567.1725576,0.0,0.0,0.02420809864997864
1787211567.2224946,0.0,0.0,0.02407202124595642
1787211567.2734876,0.0,0.0,0.02465265989303589
1787211567.3229194,0.0,0.0,0.02465265989303589
1787211567.3727436,0.0,0.0,0.024791866540908813
1787211567.4308887,0.0,0.0,0.024791866540908813
1787211567.474295,0.0,0.0,0.02460271120071412
1787211567.5243149,0.0,0.0,0.024491459131240845
1787211567.5752776,0.0,0.0,0.02436029911041259
1787211567.6238728,0.0,0.0,0.024384409189224243
1787211567.6732292,0.0,0.0,0.024410843849182132
1787211567.725607,0.0,0.0,0.02441495656967163
1787211567.772563,0.0,0.0,0.024450838565826416
1787211567.8228421,0.0,0.0,0.024450838565826416
1787211567.873263,0.0,0.0,0.024618685245513913
1787211567.924101,0.0,0.0,0.024663507938385013
1787211567.972796,0.0,0.0,0.024671882390975952
1787211568.0224512,0.0,0.0,0.0245915949344635
1787211568.072835,0.0,0.0,0.02454113960266113
1787211568.1234677,0.0,0.0,0.02454113960266113
1787211568.173356,0.0,0.0,0.024428129196166992
1787211568.2256074,0.0,0.0,0.024244159460067752
1787211568.2753308,0.0,0.0,0.024244159460067752
1787211568.3239465,0.0,0.0,0.02463880181312561
1787211568.3749757,0.0,0.0,0.024638563394546505
1787211568.4257905,0.0,0.0,0.02480679750442505
1787211568.4783351,0.0,0.0,0.024807602167129513
1787211568.5337195,0.0,0.0,0.024720907211303714
1787211568.5745013,0.0,0.0,0.024720907211303714
1787211568.6683958,0.0,0.0,0.024652093648910522
1787211568.6792524,0.0,0.0,0.024647086858749383
1787211568.7226005,0.0,0.0,0.02482298016548157
1787211568.778648,0.0,0.0,0.02480840682983399
1787211568.8304822,0.0,0.0,0.024937897920608524
1787211568.8748488,0.0,0.0,0.025022000074386597
1787211568.9619727,0.0,0.0,0.0250193178653717
1787211568.9756546,0.0,0.0,0.024976819753646858
1787211569.0257187,0.0,0.0,0.024808913469314575
1787211569.0735579,0.0,0.0,0.02459967136383057
1787211569.1263804,0.0,0.0,0.02459967136383057
1787211569.172662,0.0,0.0,0.024637579917907715
1787211569.2247043,0.0,0.0,0.024781823158264164
1787211569.2726467,0.0,0.0,0.024997502565383918
1787211569.3253021,0.0,0.0,0.02503052353858948
1787211569.3759315,0.0,0.0,0.024984776973724365
1787211569.4237986,0.0,0.0,0.024984776973724365
1787211569.4797564,0.0,0.0,0.024884074926376343
1787211569.5243332,0.0,0.0,0.024839192628860474
1787211569.580357,0.0,0.0,0.024839192628860474
1787211569.6273375,0.0,0.0,0.024971127510070808
1787211569.6729455,0.0,0.0,0.02514910697937012
1787211569.7286222,0.0,0.0,0.02514910697937012
1787211569.7724879,0.0,0.0,0.0251372754573822
1787211569.8298383,0.0,0.0,0.025019615888595578
1787211569.8730285,0.0,0.0,0.02491903305053711
1787211569.933214,0.0,0.0,0.02491903305053711
1787211569.9745407,0.0,0.0,0.025002896785736077
1787211570.0228841,0.0,0.0,0.025134414434432987
1787211570.0774915,0.0,0.0,0.0253564715385437
1787211570.130751,0.0,0.0,0.0253843367099762
1787211570.1738765,0.0,0.0,0.025321066379547123
1787211570.2277987,0.0,0.0,0.025321066379547123
1787211570.2746928,0.0,0.0,0.0251801609992981
1787211570.333213,0.0,0.0,0.025156527757644646
1787211570.3753018,0.0,0.0,0.02522674202919007
1787211570.4303572,0.0,0.0,0.0253514051437378
1787211570.4763508,0.0,0.0,0.025344491004943844
1787211570.522724,0.0,0.0,0.02534845471382141
1787211570.5743506,0.0,0.0,0.0253194272518158
1787211570.623736,0.0,0.0,0.025173336267471317
1787211570.6725698,0.0,0.0,0.025008291006088253
1787211570.7231293,0.0,0.0,0.02517214417457581
1787211570.7727344,0.0,0.0,0.025287598371505737
1787211570.8242548,0.0,0.0,0.025414705276489258
1787211570.8746202,0.0,0.0,0.025535643100738525
1787211570.9255004,0.0,0.0,0.025645941495895386
1787211570.9726093,0.0,0.0,0.025700300931930545
1787211571.0233223,0.0,0.0,0.02560216188430786
1787211571.073463,0.0,0.0,0.02543187141418457
1787211571.131595,0.0,0.0,0.025409877300262455
1787211571.1727746,0.0,0.0,0.025409877300262455
1787211571.2234843,0.0,0.0,0.02551966905593872
1787211571.2745943,0.0,0.0,0.0256289541721344
1787211571.3225443,0.0,0.0,0.025781035423278816
1787211571.3740482,0.0,0.0,0.025746822357177734
1787211571.4329906,0.0,0.0,0.025746822357177734
1787211571.4766436,0.0,0.0,0.025608241558074955
1787211571.5266438,0.0,0.0,0.0254976749420166
1787211571.5755572,0.0,0.0,0.02544689178466797
1787211571.6388037,0.0,0.0,0.025463014841079715
1787211571.6768146,0.0,0.0,0.025417566299438484
1787211571.7243779,0.0,0.0,0.02555650472640991
1787211571.7798028,0.0,0.0,0.02563726902008057
1787211571.8355973,0.0,0.0,0.0259508490562439
1787211571.8774161,0.0,0.0,0.025936871767044067
1787211571.9467075,0.0,0.0,0.02587994933128357
1787211571.9741526,0.0,0.0,0.02581912279129028
1787211572.0226285,0.0,0.0,0.02581912279129028
1787211572.0767417,0.0,0.0,0.02562013268470764
1787211572.1681688,0.0,0.0,0.025876849889755256
1787211572.1763897,0.0,0.0,0.025984406471252434
1787211572.2585359,0.0,0.0,0.026195228099822998
1787211572.2872539,0.0,0.0,0.026247113943099976
1787211572.3285682,0.0,0.0,0.026116609573364258
1787211572.383928,0.0,0.0,0.026128381490707397
1787211572.465478,0.0,0.0,0.0260513722896576
1787211572.4723878,0.0,0.0,0.025877147912979126
1787211572.523647,0.0,0.0,0.025953084230422967
1787211572.5880435,0.0,0.0,0.02607834339141846
1787211572.6242788,0.0,0.0,0.026419699192047116
1787211572.6844077,0.0,0.0,0.026425123214721676
1787211572.774331,0.0,0.0,0.026393085718154907
1787211572.8285491,0.0,0.0,0.02625516057014466
1787211572.8876052,0.0,0.0,0.02610719203948974
1787211572.9261098,0.0,0.0,0.025935769081115726
1787211572.9737668,0.0,0.0,0.025991290807723996
1787211573.0307548,0.0,0.0,0.02629876136779785
1787211573.073382,0.0,0.0,0.02645617723464967
1787211573.1256533,0.0,0.0,0.02645617723464967
1787211573.175321,0.0,0.0,0.026609182357788086
1787211573.2255137,0.0,0.0,0.026460796594619758
1787211573.2815144,0.0,0.0,0.02647799253463745
1787211573.337249,0.0,0.0,0.026292175054550174
1787211573.3776405,0.0,0.0,0.026291161775588986
1787211573.433409,0.0,0.0,0.02639836072921753
1787211573.4785178,0.0,0.0,0.02651914954185486
1787211573.5248094,0.0,0.0,0.026736527681350705
1787211573.5773578,0.0,0.0,0.026925593614578247
1787211573.623612,0.0,0.0,0.026925593614578247
1787211573.6724608,0.0,0.0,0.02701622247695923
1787211573.735353,0.0,0.0,0.026989758014678955
1787211573.7800305,0.0,0.0,0.026931405067443848
1787211573.822666,0.0,0.0,0.02684935927391053
1787211573.8798313,0.0,0.0,0.026655614376068115
1787211573.932148,0.0,0.0,0.026621103286743164
1787211573.9734704,0.0,0.0,0.026712268590927124
1787211574.0256588,0.0,0.0,0.026694387197494507
1787211574.0725064,0.0,0.0,0.026909351348876953
1787211574.1272032,0.0,0.0,0.026909351348876953
1787211574.2003245,0.0,0.0,0.026909351348876953
1787211574.2259326,0.0,0.0,0.026909351348876953
1787211574.2819734,0.0,0.0,0.026909351348876953
1787211574.3276432,0.0,0.0,0.026855170726776133
1787211574.3744109,0.0,0.0,0.026855170726776133
1787211574.4324217,0.0,0.0,0.026761114597320557
1787211574.4773898,0.0,0.0,0.026730149984359745
1787211574.5306964,0.0,0.0,0.026841789484024055
1787211574.5726173,0.0,0.0,0.026989817619323734
1787211574.6244004,0.0,0.0,0.026989817619323734
1787211574.672947,0.0,0.0,0.026966780424118045
1787211574.7235804,0.0,0.0,0.026966780424118045
1787211574.7725735,0.0,0.0,0.026728302240371704
1787211574.8232644,0.0,0.0,0.026728302240371704
1787211574.8724015,0.0,0.0,0.026785761117935174
1787211574.9224167,0.0,0.0,0.02688822150230408
1787211574.98775,0.0,0.0,0.02691930532455444
1787211575.0267544,0.0,0.0,0.02698683738708496
1787211575.0758574,0.0,0.0,0.026950865983963016
1787211575.1227388,0.0,0.0,0.026953428983688354
1787211575.1752691,0.0,0.0,0.02690306305885315
1787211575.2277513,0.0,0.0,0.026886582374572757
1787211575.2724838,0.0,0.0,0.026847571134567268
1787211575.3285322,0.0,0.0,0.02696257829666138
1787211575.3726208,0.0,0.0,0.027000457048416148
1787211575.4223483,0.0,0.0,0.02708566188812256
1787211575.474709,0.0,0.0,0.0270797312259674
1787211575.5245292,0.0,0.0,0.027050882577896118
1787211575.5818698,0.0,0.0,0.027003198862075802
1787211575.6253653,0.0,0.0,0.027003198862075802
1787211575.6742916,0.0,0.0,0.026954591274261478
1787211575.7265446,0.0,0.0,0.027087807655334473
1787211575.7735276,0.0,0.0,0.027324736118316654
1787211575.8226523,0.0,0.0,0.027398377656936646
1787211575.872632,0.0,0.0,0.027412444353103638
1787211575.9253702,0.0,0.0,0.027327924966812134
1787211575.9723577,0.0,0.0,0.027278363704681403
1787211576.0244772,0.0,0.0,0.027203381061553962
1787211576.0743613,0.0,0.0,0.027203381061553962
1787211576.1228619,0.0,0.0,0.02738818526268006
1787211576.1790926,0.0,0.0,0.02740311622619629
1787211576.224373,0.0,0.0,0.027528107166290287
1787211576.2754405,0.0,0.0,0.027601420879364014
1787211576.322597,0.0,0.0,0.027544498443603516
1787211576.3727038,0.0,0.0,0.02736711502075196
1787211576.427577,0.0,0.0,0.02727493643760682
1787211576.47948,0.0,0.0,0.027245163917541507
1787211576.5304525,0.0,0.0,0.027245163917541507
1787211576.5734472,0.0,0.0,0.02736300230026245
1787211576.629676,0.0,0.0,0.02736300230026245
1787211576.672549,0.0,0.0,0.027454137802124023
1787211576.723357,0.0,0.0,0.02753928303718567
1787211576.7859526,0.0,0.0,0.027567714452743534
1787211576.8238494,0.0,0.0,0.027567714452743534
1787211576.8733552,0.0,0.0,0.027386456727981564
1787211576.9226952,0.0,0.0,0.027304440736770633
1787211576.973952,0.0,0.0,0.027262002229690552
1787211577.0226836,0.0,0.0,0.027355194091796875
1787211577.0783696,0.0,0.0,0.027473688125610348
1787211577.1266634,0.0,0.0,0.027473688125610348
1787211577.1736557,0.0,0.0,0.027637451887130737
1787211577.2226434,0.0,0.0,0.027617424726486206
1787211577.2764294,0.0,0.0,0.02759164571762085
1787211577.3265579,0.0,0.0,0.02759164571762085
1787211577.383465,0.0,0.0,0.02736067771911621
1787211577.4275851,0.0,0.0,0.02736067771911621
1787211577.4830673,0.0,0.0,0.027488321065902703
1787211577.5275466,0.0,0.0,0.027538388967514035
1787211577.572786,0.0,0.0,0.027538388967514035
1787211577.6226587,0.0,0.0,0.027551293373107917
1787211577.672901,0.0,0.0,0.027492731809616085
1787211577.722667,0.0,0.0,0.027492731809616085
1787211577.7734108,0.0,0.0,0.027436137199401855
1787211577.830464,0.0,0.0,0.02739760279655457
1787211577.873477,0.0,0.0,0.02739760279655457
1787211577.92306,0.0,0.0,0.027559995651245117
1787211577.9744499,0.0,0.0,0.02761703729629517
1787211578.0227418,0.0,0.0,0.02761703729629517
1787211578.074116,0.0,0.0,0.027703434228897088
1787211578.1244879,0.0,0.0,0.027677237987518314
1787211578.1784477,0.0,0.0,0.027559310197830207
1787211578.2237153,0.0,0.0,0.02749648690223694
1787211578.273208,0.0,0.0,0.02755865454673767
1787211578.3271222,0.0,0.0,0.02755865454673767
1787211578.37277,0.0,0.0,0.027687937021255497
1787211578.4226632,0.0,0.0,0.027716726064682014
1787211578.480399,0.0,0.0,0.02769923210144043
1787211578.5267625,0.0,0.0,0.02769923210144043
1787211578.5745065,0.0,0.0,0.027539074420928962
1787211578.6226099,0.0,0.0,0.027539074420928962
1787211578.672813,0.0,0.0,0.02742019295692444
1787211578.722789,0.0,0.0,0.02739986777305603
1787211578.7724998,0.0,0.0,0.027526766061782837
1787211578.8236446,0.0,0.0,0.027526766061782837
1787211578.8723686,0.0,0.0,0.027638792991638184
1787211578.9253066,0.0,0.0,0.027638792991638184
1787211578.9747245,0.0,0.0,0.027610480785369873
1787211579.0225742,0.0,0.0,0.027549803256988532
1787211579.078374,0.0,0.0,0.027430742979049683
1787211579.122887,0.0,0.0,0.027430742979049683
1787211579.172708,0.0,0.0,0.027428865432739258
1787211579.2290504,0.0,0.0,0.027575701475143433
1787211579.2762258,0.0,0.0,0.027599483728408813
1787211579.3250954,0.0,0.0,0.027704507112503055
1787211579.3808813,0.0,0.0,0.02768436074256897
1787211579.4226723,0.0,0.0,0.02768436074256897
1787211579.472856,0.0,0.0,0.02764183282852173
1787211579.5270247,0.0,0.0,0.027561724185943604
1787211579.5783226,0.0,0.0,0.027064055204391483
1787211579.6275384,0.0,0.0,0.027064055204391483
1787211579.6738029,0.0,0.0,0.0273086130619049
1787211579.7252865,0.0,0.0,0.0273086130619049
1787211579.7739115,0.0,0.0,0.02771654725074768
1787211579.8226848,0.0,0.0,0.02771654725074768
1787211579.874243,0.0,0.0,0.028114706277847297
1787211579.923254,0.0,0.0,0.028114706277847297
1787211579.974293,0.0,0.0,0.02799275517463684
1787211580.0228806,0.0,0.0,0.02799275517463684
1787211580.0768187,0.0,0.0,0.027675986289978027
1787211580.1227736,0.0,0.0,0.027675986289978027
1787211580.1728675,0.0,0.0,0.027929127216339115
1787211580.2234135,0.0,0.0,0.027929127216339115
1787211580.274306,0.0,0.0,0.028209805488586433
1787211580.3256087,0.0,0.0,0.028209805488586433
1787211580.3778183,0.0,0.0,0.028110861778259277
1787211580.4289083,0.0,0.0,0.028110861778259277
1787211580.4743843,0.0,0.0,0.02794954180717468
1787211580.5258827,0.0,0.0,0.02791008353233338
1787211580.5792308,0.0,0.0,0.027909100055694587
1787211580.6245205,0.0,0.0,0.02802380919456482
1787211580.6794722,0.0,0.0,0.02802380919456482
1787211580.727704,0.0,0.0,0.0279826819896698
1787211580.778771,0.0,0.0,0.028141051530838013
1787211580.8239417,0.0,0.0,0.028141051530838013
1787211580.8814743,0.0,0.0,0.028187602758407593
1787211580.9339073,0.0,0.0,0.028057157993316654
1787211580.9742248,0.0,0.0,0.02798402309417725
1787211581.0273747,0.0,0.0,0.02798402309417725
1787211581.0725868,0.0,0.0,0.027903825044631958
1787211581.1277978,0.0,0.0,0.028029680252075195
1787211581.1759465,0.0,0.0,0.028244525194168094
1787211581.2227445,0.0,0.0,0.028244525194168094
1787211581.2754266,0.0,0.0,0.02840897440910339
1787211581.327644,0.0,0.0,0.02840897440910339
1787211581.3723931,0.0,0.0,0.02829989790916443
1787211581.4373248,0.0,0.0,0.02815607190132141
1787211581.4725657,0.0,0.0,0.028155207633972168
1787211581.528407,0.0,0.0,0.028155207633972168
1787211581.5735953,0.0,0.0,0.028262287378311154
1787211581.6272547,0.0,0.0,0.028262287378311154
1787211581.678905,0.0,0.0,0.0284731388092041
1787211581.7285094,0.0,0.0,0.028454124927520745
1787211581.7725198,0.0,0.0,0.02837073802947998
1787211581.8237214,0.0,0.0,0.02837073802947998
1787211581.8811364,0.0,0.0,0.02829998731613159
1787211581.9356887,0.0,0.0,0.02829998731613159
1787211581.9754095,0.0,0.0,0.028264760971069332
1787211582.022596,0.0,0.0,0.028386622667312622
1787211582.072585,0.0,0.0,0.02853244543075562
1787211582.123757,0.0,0.0,0.02853244543075562
1787211582.2069392,0.0,0.0,0.02873796224594117
1787211582.2696168,0.0,0.0,0.0286848247051239
1787211582.2729528,0.0,0.0,0.0286848247051239
1787211582.3254566,0.0,0.0,0.02847141027450562
1787211582.3723168,0.0,0.0,0.028367161750793457
1787211582.4246812,0.0,0.0,0.028367161750793457
1787211582.473384,0.0,0.0,0.028542608022689816
1787211582.5399675,0.0,0.0,0.028542608022689816
1787211582.5738833,0.0,0.0,0.02858191728591919
1787211582.6257844,0.0,0.0,0.02858191728591919
1787211582.6748593,0.0,0.0,0.028554826974868774
1787211582.725183,0.0,0.0,0.028554826974868774
1787211582.7728946,0.0,0.0,0.028410464525222782
1787211582.8276184,0.0,0.0,0.028395682573318475
1787211582.877791,0.0,0.0,0.028395682573318475
1787211582.9308999,0.0,0.0,0.028397083282470703
1787211582.973484,0.0,0.0,0.028397083282470703
1787211583.067029,0.0,0.0,0.028576910495758057
1787211583.077936,0.0,0.0,0.02879214286804199
1787211583.1231546,0.0,0.0,0.028991788625717167
1787211583.176141,0.0,0.0,0.028991788625717167
1787211583.235738,0.0,0.0,0.02895939350128174
1787211583.3216066,0.0,0.0,0.02882137894630432
1787211583.3223612,0.0,0.0,0.02863749861717224
1787211583.3846824,0.0,0.0,0.028498768806457516
1787211583.427944,0.0,0.0,0.028498768806457516
1787211583.47665,0.0,0.0,0.028723478317260746
1787211583.5239003,0.0,0.0,0.028921365737915046
1787211583.623094,0.0,0.0,0.02896609902381897
1787211583.678283,0.0,0.0,0.028781294822692875
1787211583.7231739,0.0,0.0,0.028730362653732296
1787211583.7750397,0.0,0.0,0.028730362653732296
1787211583.8247092,0.0,0.0,0.028362661600112922
1787211583.926686,0.0,0.0,0.0284983217716217
1787211583.9772701,0.0,0.0,0.02872610092163086
1787211584.0815425,0.0,0.0,0.029024124145507812
1787211584.122459,0.0,0.0,0.02893278002738952
1787211584.1756368,0.0,0.0,0.028876870870590217
1787211584.2229319,0.0,0.0,0.028876870870590217
1787211584.2724178,0.0,0.0,0.028676092624664303
1787211584.322561,0.0,0.0,0.028771847486495965
1787211584.3734238,0.0,0.0,0.028771847486495965
1787211584.4280574,0.0,0.0,0.028893470764160156
1787211584.4725492,0.0,0.0,0.02893447875976562
1787211584.5257177,0.0,0.0,0.02893447875976562
1787211584.5783613,0.0,0.0,0.0292874276638031
1787211584.6236048,0.0,0.0,0.02923789620399475
1787211584.6723795,0.0,0.0,0.029035091400146484
1787211584.7242172,0.0,0.0,0.029035091400146484
1787211584.7724876,0.0,0.0,0.02891179919242859
1787211584.8227196,0.0,0.0,0.02891179919242859
1787211584.8747525,0.0,0.0,0.02908679842948914
1787211584.9314146,0.0,0.0,0.029106289148330695
1787211584.9790254,0.0,0.0,0.02907985448837281
1787211585.0281725,0.0,0.0,0.028983533382415768
1787211585.0741177,0.0,0.0,0.028983533382415768
1787211585.1266701,0.0,0.0,0.028927564620971687
1787211585.1855283,0.0,0.0,0.028811246156692505
1787211585.2265003,0.0,0.0,0.02885377407073974
1787211585.2765102,0.0,0.0,0.028905361890792847
1787211585.337073,0.0,0.0,0.02901098132133484
1787211585.375831,0.0,0.0,0.029286503791809082
1787211585.4362118,0.0,0.0,0.029286503791809082
1787211585.483136,0.0,0.0,0.029173254966735847
1787211585.5630324,0.0,0.0,0.02894887328147889
1787211585.574553,0.0,0.0,0.02888333797454834
1787211585.6304226,0.0,0.0,0.02888333797454834
1787211585.685533,0.0,0.0,0.02905440330505371
1787211585.722959,0.0,0.0,0.02905440330505371
1787211585.7813218,0.0,0.0,0.02914777398109436
1787211585.8239346,0.0,0.0,0.02914777398109436
1787211585.8796158,0.0,0.0,0.02917999029159546
1787211585.9300404,0.0,0.0,0.02917999029159546
1787211585.9774623,0.0,0.0,0.029049515724182132
1787211586.0259018,0.0,0.0,0.029049515724182132
1787211586.0806713,0.0,0.0,0.029081553220748905
1787211586.1609037,0.0,0.0,0.029195159673690796
1787211586.1894264,0.0,0.0,0.029244661331176768
1787211586.2310069,0.0,0.0,0.029280036687850945
1787211586.306888,0.0,0.0,0.029256731271743774
1787211586.3262813,0.0,0.0,0.029240548610687256
1787211586.3781445,0.0,0.0,0.029203474521636963
1787211586.4267406,0.0,0.0,0.02907097339630127
1787211586.4768863,0.0,0.0,0.02899414300918579
1787211586.5264409,0.0,0.0,0.02899414300918579
1787211586.6119068,0.0,0.0,0.02873864769935608
1787211586.626858,0.0,0.0,0.02873864769935608
1787211586.720773,0.0,0.0,0.029159903526306152
1787211586.7249181,0.0,0.0,0.02930566668510437
1787211586.7765777,0.0,0.0,0.029427617788314816
1787211586.8279767,0.0,0.0,0.029414266347885135
1787211586.876578,0.0,0.0,0.029414266347885135
1787211586.9233658,0.0,0.0,0.0291522741317749
1787211587.0128143,0.0,0.0,0.02899405360221863
1787211587.0241635,0.0,0.0,0.029011726379394528
1787211587.1260514,0.0,0.0,0.029154419898986816
1787211587.2351177,0.0,0.0,0.029415011405944828
1787211587.2745726,0.0,0.0,0.02935370802879334
1787211587.336054,0.0,0.0,0.029275953769683845
1787211587.3857808,0.0,0.0,0.02913182973861694
1787211587.444872,0.0,0.0,0.029161423444747925
1787211587.5205953,0.0,0.0,0.02927541732788086
1787211587.5316956,0.0,0.0,0.029268950223922733
1787211587.5764494,0.0,0.0,0.029268950223922733
1787211587.6309566,0.0,0.0,0.029553472995758064
1787211587.7040706,0.0,0.0,0.02969259023666382
1787211587.7267506,0.0,0.0,0.029572665691375732
1787211587.7754376,0.0,0.0,0.029502838850021373
1787211587.8226488,0.0,0.0,0.02947387099266053
1787211587.8843956,0.0,0.0,0.029391795396804813
1787211587.9256356,0.0,0.0,0.029421359300613403
1787211587.9729936,0.0,0.0,0.029565513134002682
1787211588.0459409,0.0,0.0,0.029675215482711792
1787211588.0776105,0.0,0.0,0.029726922512054443
1787211588.1271462,0.0,0.0,0.029726922512054443
1787211588.1778457,0.0,0.0,0.029577612876892093
1787211588.253818,0.0,0.0,0.029569625854492188
1787211588.291087,0.0,0.0,0.029459446668624878
1787211588.3403192,0.0,0.0,0.029436498880386356
1787211588.377812,0.0,0.0,0.029534608125686646
1787211588.4231138,0.0,0.0,0.029594600200653076
1787211588.4777443,0.0,0.0,0.029655605554580692
1787211588.5282803,0.0,0.0,0.029699444770812985
1787211588.5738328,0.0,0.0,0.029699444770812985
1787211588.625476,0.0,0.0,0.02966049313545227
1787211588.6736042,0.0,0.0,0.02952924370765686
1787211588.7383375,0.0,0.0,0.02946212887763977
1787211588.7735472,0.0,0.0,0.02946212887763977
1787211588.830503,0.0,0.0,0.029611706733703617
1787211588.8771257,0.0,0.0,0.0296456515789032
1787211588.930675,0.0,0.0,0.02962604165077209
1787211588.9814742,0.0,0.0,0.029598653316497803
1787211589.0229251,0.0,0.0,0.029598653316497803
1787211589.0762446,0.0,0.0,0.029590874910354614
1787211589.130593,0.0,0.0,0.029590874910354614
1787211589.173385,0.0,0.0,0.029480487108230594
1787211589.2243605,0.0,0.0,0.029480487108230594
1787211589.2932913,0.0,0.0,0.02971985936164856
1787211589.3309636,0.0,0.0,0.029868096113204956
1787211589.3726473,0.0,0.0,0.029936105012893677
1787211589.42319,0.0,0.0,0.029936105012893677
1787211589.475678,0.0,0.0,0.029941290616989136
1787211589.531499,0.0,0.0,0.029941290616989136
1787211589.5781152,0.0,0.0,0.02976730465888977
1787211589.6408923,0.0,0.0,0.02961629629135132
1787211589.676777,0.0,0.0,0.02970370650291443
1787211589.7238572,0.0,0.0,0.02970370650291443
1787211589.7726316,0.0,0.0,0.029869914054870605
1787211589.8481503,0.0,0.0,0.029869914054870605
1787211589.8764586,0.0,0.0,0.029781371355056763
1787211589.9237368,0.0,0.0,0.029781371355056763
1787211589.981266,0.0,0.0,0.029631823301315315
1787211590.0544548,0.0,0.0,0.029631823301315315
1787211590.0726614,0.0,0.0,0.02954524755477905
1787211590.12471,0.0,0.0,0.02954524755477905
1787211590.1804225,0.0,0.0,0.029295384883880615
1787211590.2227955,0.0,0.0,0.02945786714553833
1787211590.2824917,0.0,0.0,0.02945786714553833
1787211590.3300805,0.0,0.0,0.029711902141571052
1787211590.4127767,0.0,0.0,0.02974516153335571
1787211590.4234886,0.0,0.0,0.02974516153335571
1787211590.490975,0.0,0.0,0.02967706322669983
1787211590.5757267,0.0,0.0,0.02957618236541748
1787211590.6229064,0.0,0.0,0.029375463724136353
1787211590.6985593,0.0,0.0,0.029507964849472042
1787211590.7230158,0.0,0.0,0.02971011400222779
1787211590.7994623,0.0,0.0,0.02993434667587281
1787211590.8284094,0.0,0.0,0.02991890907287598
1787211590.8932292,0.0,0.0,0.02984297275543213
1787211590.9322667,0.0,0.0,0.029761224985122684
1787211590.9729197,0.0,0.0,0.029633164405822754
1787211591.0235415,0.0,0.0,0.029633164405822754
1787211591.082317,0.0,0.0,0.029864639043807983
1787211591.124562,0.0,0.0,0.029864639043807983
1787211591.1862595,0.0,0.0,0.029945343732833852
1787211591.2312088,0.0,0.0,0.030224800109863278
1787211591.276643,0.0,0.0,0.030264228582382202
1787211591.3275528,0.0,0.0,0.030264228582382202
1787211591.3734453,0.0,0.0,0.030120760202407837
1787211591.4250016,0.0,0.0,0.030120760202407837
1787211591.476406,0.0,0.0,0.030235111713409427
1787211591.526273,0.0,0.0,0.030235111713409427
1787211591.5731168,0.0,0.0,0.030597209930419925
1787211591.6306827,0.0,0.0,0.030597209930419925
1787211591.6729112,0.0,0.0,0.030697137117385864
1787211591.7230122,0.0,0.0,0.03065505623817444
1787211591.7725477,0.0,0.0,0.03065505623817444
1787211591.8244963,0.0,0.0,0.030583053827285767
1787211591.8743963,0.0,0.0,0.030561983585357663
1787211591.9349253,0.0,0.0,0.030518442392349243
1787211591.9763362,0.0,0.0,0.03045973181724548
1787211592.0246432,0.0,0.0,0.030570536851882935
1787211592.0726368,0.0,0.0,0.03070405125617981
1787211592.1293972,0.0,0.0,0.0307895839214325
1787211592.1833987,0.0,0.0,0.030797988176345825
1787211592.2246318,0.0,0.0,0.030725479125976566
1787211592.2730267,0.0,0.0,0.030725479125976566
1787211592.326487,0.0,0.0,0.030600279569625854
1787211592.3853142,0.0,0.0,0.03054019808769226
1787211592.4278214,0.0,0.0,0.03054019808769226
1787211592.4729688,0.0,0.0,0.030710816383361823
1787211592.523169,0.0,0.0,0.030789315700531002
1787211592.5967617,0.0,0.0,0.030837327241897586
1787211592.6393034,0.0,0.0,0.030837327241897586
1787211592.6724024,0.0,0.0,0.030767887830734253
1787211592.7263186,0.0,0.0,0.030767887830734253
1787211592.7735002,0.0,0.0,0.03059932589530945
1787211592.8255591,0.0,0.0,0.030580580234527588
1787211592.8759835,0.0,0.0,0.030580580234527588
1787211592.9246383,0.0,0.0,0.030796051025390625
1787211592.979976,0.0,0.0,0.030796051025390625
1787211593.0269904,0.0,0.0,0.030823230743408203
1787211593.07647,0.0,0.0,0.030985862016677856
1787211593.130455,0.0,0.0,0.030985862016677856
1787211593.1726964,0.0,0.0,0.030869573354721066
1787211593.236619,0.0,0.0,0.030869573354721066
1787211593.286885,0.0,0.0,0.030751556158065796
1787211593.3284993,0.0,0.0,0.030751556158065796
1787211593.3735068,0.0,0.0,0.030966073274612427
1787211593.4270165,0.0,0.0,0.030966073274612427
1787211593.4733498,0.0,0.0,0.03108072280883789
1787211593.5223262,0.0,0.0,0.03136491775512695
1787211593.5747778,0.0,0.0,0.03143742680549622
1787211593.623367,0.0,0.0,0.03143742680549622
1787211593.6835763,0.0,0.0,0.03143689036369323
1787211593.725251,0.0,0.0,0.03132089972496032
1787211593.77482,0.0,0.0,0.03132089972496032
1787211593.8250065,0.0,0.0,0.03117170929908753
1787211593.8785677,0.0,0.0,0.030998915433883667
1787211593.9323816,0.0,0.0,0.030998915433883667
1787211593.973668,0.0,0.0,0.031399667263031006
1787211594.0654948,0.0,0.0,0.03150466084480285
1787211594.0774915,0.0,0.0,0.03158146142959595
1787211594.1242535,0.0,0.0,0.03158146142959595
1787211594.1834767,0.0,0.0,0.031633615493774414
1787211594.2234342,0.0,0.0,0.031633615493774414
1787211594.2828062,0.0,0.0,0.031416863203048706
1787211594.3266897,0.0,0.0,0.031416863203048706
1787211594.3737319,0.0,0.0,0.03137633204460145
1787211594.422666,0.0,0.0,0.03152444958686828
1787211594.4729347,0.0,0.0,0.031680762767791755
1787211594.5243592,0.0,0.0,0.031680762767791755
1787211594.5749848,0.0,0.0,0.03169739246368409
1787211594.6228352,0.0,0.0,0.03169739246368409
1787211594.6739943,0.0,0.0,0.03156208992004395
1787211594.7234447,0.0,0.0,0.03132238984107971
1787211594.7739618,0.0,0.0,0.031362026929855354
1787211594.8684561,0.0,0.0,0.03137794137001037
1787211594.8826647,0.0,0.0,0.03153449296951294
1787211594.9243362,0.0,0.0,0.03164801001548767
1787211594.9738042,0.0,0.0,0.03164801001548767
1787211595.0617676,0.0,0.0,0.031754106283187866
1787211595.0744367,0.0,0.0,0.031727850437164314
1787211595.128672,0.0,0.0,0.03170862793922424
1787211595.184173,0.0,0.0,0.03159716725349426
1787211595.2268138,0.0,0.0,0.03159716725349426
1787211595.2921078,0.0,0.0,0.03168633580207824
1787211595.3234622,0.0,0.0,0.03168633580207824
1787211595.3723965,0.0,0.0,0.03187763690948487
1787211595.442678,0.0,0.0,0.03187763690948487
1787211595.5016632,0.0,0.0,0.03191375732421876
1787211595.5224934,0.0,0.0,0.03207617998123168
1787211595.5925262,0.0,0.0,0.03213846683502197
1787211595.6289892,0.0,0.0,0.03218436241149902
1787211595.6987445,0.0,0.0,0.03207874298095703
1787211595.7410734,0.0,0.0,0.03207874298095703
1787211595.7776623,0.0,0.0,0.03203961253166199
1787211595.8247504,0.0,0.0,0.031824707984924316
1787211595.8981311,0.0,0.0,0.031925320625305176
1787211595.9246273,0.0,0.0,0.032012492418289185
1787211595.9785185,0.0,0.0,0.032012492418289185
1787211596.0244532,0.0,0.0,0.03217613697052002
1787211596.0724483,0.0,0.0,0.03237879276275634
1787211596.1224756,0.0,0.0,0.03237879276275634
1787211596.1764643,0.0,0.0,0.03231516480445862
1787211596.2358131,0.0,0.0,0.03226056694984435
1787211596.2903094,0.0,0.0,0.03226056694984435
1787211596.3266857,0.0,0.0,0.03212186694145202
1787211596.406484,0.0,0.0,0.03203785419464111
1787211596.4227421,0.0,0.0,0.03203785419464111
1787211596.5148551,0.0,0.0,0.03229478001594543
1787211596.5244737,0.0,0.0,0.03229478001594543
1787211596.5786493,0.0,0.0,0.03240552544593811
1787211596.6238165,0.0,0.0,0.03257092833518982
1787211596.6993883,0.0,0.0,0.032656788825988776
1787211596.7230327,0.0,0.0,0.03265836834907532
1787211596.7775342,0.0,0.0,0.032614558935165405
1787211596.8357198,0.0,0.0,0.03255462646484374
1787211596.8734837,0.0,0.0,0.03253656625747681
1787211596.9270086,0.0,0.0,0.03253656625747681
1787211596.974991,0.0,0.0,0.03245174884796144
1787211597.0343485,0.0,0.0,0.03240078687667847
1787211597.1270113,0.0,0.0,0.032405674457550056
1787211597.1874366,0.0,0.0,0.0326734483242035
1787211597.2267845,0.0,0.0,0.0326734483242035
1787211597.2733233,0.0,0.0,0.03273463249206543
1787211597.3306656,0.0,0.0,0.03273460268974304
1787211597.4192557,0.0,0.0,0.03272986412048339
1787211597.4317605,0.0,0.0,0.03265807032585145
1787211597.4861114,0.0,0.0,0.03265807032585145
1787211597.522722,0.0,0.0,0.032612234354019165
1787211597.5734067,0.0,0.0,0.032572537660598755
1787211597.62244,0.0,0.0,0.03249654173851013
1787211597.6777887,0.0,0.0,0.03249654173851013
1787211597.7333739,0.0,0.0,0.03258708119392396
1787211597.7728336,0.0,0.0,0.0326591432094574
1787211597.8247552,0.0,0.0,0.0326591432094574
1787211597.8725102,0.0,0.0,0.03262773156166077
1787211597.926463,0.0,0.0,0.03262773156166077
1787211597.9734805,0.0,0.0,0.0325009822845459
1787211598.0226061,0.0,0.0,0.0325009822845459
1787211598.0745249,0.0,0.0,0.032370418310165405
1787211598.1227262,0.0,0.0,0.03250300884246826
1787211598.1744072,0.0,0.0,0.032612502574920654
1787211598.2472568,0.0,0.0,0.03267097473144532
1787211598.2794826,0.0,0.0,0.03267097473144532
1787211598.325286,0.0,0.0,0.032720655202865594
1787211598.3727021,0.0,0.0,0.032639384269714355
1787211598.4248095,0.0,0.0,0.032639384269714355
1787211598.4726717,0.0,0.0,0.0324462354183197
1787211598.5254548,0.0,0.0,0.0324462354183197
1787211598.578654,0.0,0.0,0.032574832439422614
1787211598.6465828,0.0,0.0,0.032574832439422614
1787211598.707981,0.0,0.0,0.03260424733161926
1787211598.727556,0.0,0.0,0.03260424733161926
1787211598.7814927,0.0,0.0,0.032632499933242805
1787211598.8332863,0.0,0.0,0.03257060050964356
1787211598.8935902,0.0,0.0,0.03254297375679016
1787211598.9320157,0.0,0.0,0.03254297375679016
1787211598.9753506,0.0,0.0,0.03249078989028931
1787211599.028426,0.0,0.0,0.03253135085105897
1787211599.082774,0.0,0.0,0.03269633650779725
1787211599.1325593,0.0,0.0,0.03269818425178527
1787211599.1777647,0.0,0.0,0.03268164396286011
1787211599.2256737,0.0,0.0,0.03268164396286011
1787211599.27718,0.0,0.0,0.03255888819694519
1787211599.3802762,0.0,0.0,0.032510727643966675
1787211599.4277496,0.0,0.0,0.03231900930404664
1787211599.472688,0.0,0.0,0.032367169857025146
1787211599.530672,0.0,0.0,0.032367169857025146
1787211599.5758858,0.0,0.0,0.03253272175788879
1787211599.647752,0.0,0.0,0.03253272175788879
1787211599.677508,0.0,0.0,0.032770633697509766
1787211599.7287347,0.0,0.0,0.032770633697509766
1787211599.7730625,0.0,0.0,0.0328291654586792
1787211599.827303,0.0,0.0,0.0328291654586792
1787211599.8766332,0.0,0.0,0.032731920480728156
1787211599.9264889,0.0,0.0,0.03266793489456177
1787211599.9746423,0.0,0.0,0.03268015384674072
1787211600.0225847,0.0,0.0,0.03273162245750428
1787211600.0899103,0.0,0.0,0.03283655643463135
1787211600.122824,0.0,0.0,0.03291669487953187
1787211600.1740093,0.0,0.0,0.03305685520172119
1787211600.2251766,0.0,0.0,0.03305685520172119
1787211600.279781,0.0,0.0,0.03286930918693543
1787211600.327681,0.0,0.0,0.03286930918693543
1787211600.415567,0.0,0.0,0.032871872186660774
1787211600.4271898,0.0,0.0,0.032871872186660774
1787211600.4732015,0.0,0.0,0.032965242862701416
1787211600.5238676,0.0,0.0,0.032965242862701416
1787211600.5782864,0.0,0.0,0.033111214637756355
1787211600.624967,0.0,0.0,0.033111214637756355
1787211600.677378,0.0,0.0,0.032929539680480964
1787211600.7366688,0.0,0.0,0.032929539680480964
1787211600.7862372,0.0,0.0,0.0327419638633728
1787211600.8268924,0.0,0.0,0.032824814319610596
1787211600.8774889,0.0,0.0,0.032949984073638916
1787211600.9316542,0.0,0.0,0.032965332269668586
1787211600.975667,0.0,0.0,0.03300401568412781
1787211601.0251083,0.0,0.0,0.03300401568412781
1787211601.0755453,0.0,0.0,0.032980918884277344
1787211601.1281788,0.0,0.0,0.032980918884277344
1787211601.1773524,0.0,0.0,0.032792747020721436
1787211601.229001,0.0,0.0,0.032792747020721436
1787211601.2728894,0.0,0.0,0.03285485506057739
1787211601.3405542,0.0,0.0,0.03285485506057739
1787211601.3971736,0.0,0.0,0.033005207777023315
1787211601.4533896,0.0,0.0,0.033100694417953484
1787211601.501792,0.0,0.0,0.033100694417953484
1787211601.527332,0.0,0.0,0.033100694417953484
1787211601.5745492,0.0,0.0,0.03327447175979614
1787211601.623227,0.0,0.0,0.03327447175979614
1787211601.696633,0.0,0.0,0.03332057595252991
1787211601.7248788,0.0,0.0,0.03332057595252991
1787211601.7782962,0.0,0.0,0.03312164545059205
1787211601.8288143,0.0,0.0,0.03305205702781678
1787211601.8851929,0.0,0.0,0.0327555537223816
1787211601.9229965,0.0,0.0,0.032609403133392334
1787211601.9754834,0.0,0.0,0.03279969096183777
1787211602.0265105,0.0,0.0,0.03301626443862916
1787211602.075502,0.0,0.0,0.0331859290599823
1787211602.1288784,0.0,0.0,0.03330859541893006
1787211602.174573,0.0,0.0,0.0332106351852417
1787211602.2379274,0.0,0.0,0.033106207847595215
1787211602.2814388,0.0,0.0,0.032854974269866936
1787211602.3345516,0.0,0.0,0.032823383808135986
1787211602.384727,0.0,0.0,0.03303429484367371
1787211602.4226353,0.0,0.0,0.03323715925216675
1787211602.5076873,0.0,0.0,0.03354775905609131
1787211602.5262866,0.0,0.0,0.03354775905609131
1787211602.5734723,0.0,0.0,0.03340265154838562
1787211602.6436493,0.0,0.0,0.03334501385688782
1787211602.6733482,0.0,0.0,0.0332324504852295
1787211602.7265222,0.0,0.0,0.0332324504852295
1787211602.780509,0.0,0.0,0.03331604599952698
1787211602.8352017,0.0,0.0,0.03331604599952698
1787211602.8967445,0.0,0.0,0.033676326274871826
1787211602.922491,0.0,0.0,0.03376290202140808
1787211602.9745421,0.0,0.0,0.03376290202140808
1787211603.0237262,0.0,0.0,0.03393596410751344
1787211603.074669,0.0,0.0,0.033682048320770264
1787211603.1260378,0.0,0.0,0.033682048320770264
1787211603.1992865,0.0,0.0,0.033708035945892334
1787211603.224563,0.0,0.0,0.03372430801391602
1787211603.2776582,0.0,0.0,0.0340108573436737
1787211603.3243682,0.0,0.0,0.03402435779571534
1787211603.4246287,0.0,0.0,0.034011781215667725
1787211603.487255,0.0,0.0,0.03398087620735169
1787211603.5284967,0.0,0.0,0.03398087620735169
1787211603.57249,0.0,0.0,0.03391405940055847
1787211603.627564,0.0,0.0,0.03391405940055847
1787211603.6727457,0.0,0.0,0.033846527338027954
1787211603.7428963,0.0,0.0,0.033846527338027954
1787211603.7780228,0.0,0.0,0.034149736166000366
1787211603.8251038,0.0,0.0,0.034149736166000366
1787211603.899034,0.0,0.0,0.034268230199813836
1787211603.9225957,0.0,0.0,0.034284889698028564
1787211603.9756608,0.0,0.0,0.03426751494407653
1787211604.0242531,0.0,0.0,0.03426751494407653
1787211604.0764992,0.0,0.0,0.034293562173843384
1787211604.132666,0.0,0.0,0.034220337867736816
1787211604.1726964,0.0,0.0,0.03413623571395875
1787211604.2372947,0.0,0.0,0.03391614556312562
1787211604.2728493,0.0,0.0,0.03391614556312562
1787211604.3297174,0.0,0.0,0.03408542275428773
1787211604.3783863,0.0,0.0,0.03408333659172058
1787211604.4227023,0.0,0.0,0.034162163734436035
1787211604.4934769,0.0,0.0,0.034354567527771
1787211604.5234544,0.0,0.0,0.034354567527771
1787211604.5989149,0.0,0.0,0.0341607928276062
1787211604.6248035,0.0,0.0,0.0341607928276062
1787211604.6756551,0.0,0.0,0.03403714299201966
1787211604.726775,0.0,0.0,0.03403714299201966
1787211604.7742932,0.0,0.0,0.03400745987892151
1787211604.8226292,0.0,0.0,0.03400745987892151
1787211604.9299965,0.0,0.0,0.03425952792167664
1787211604.979558,0.0,0.0,0.03433892130851746
1787211605.0308495,0.0,0.0,0.03430846333503723
1787211605.0772023,0.0,0.0,0.03430846333503723
1787211605.1224346,0.0,0.0,0.03417190909385682
1787211605.1853182,0.0,0.0,0.034061998128890984
1787211605.2247264,0.0,0.0,0.034061998128890984
1787211605.2737434,0.0,0.0,0.03406482934951783
1787211605.3550005,0.0,0.0,0.034050852060318
1787211605.3810942,0.0,0.0,0.033968120813369744
1787211605.4326115,0.0,0.0,0.03407168388366699
1787211605.4945416,0.0,0.0,0.034050673246383674
1787211605.5238147,0.0,0.0,0.03419199585914612
1787211605.5806642,0.0,0.0,0.0342731773853302
1787211605.6321907,0.0,0.0,0.0342731773853302
1787211605.6731822,0.0,0.0,0.0343811810016632
1787211605.7254221,0.0,0.0,0.0343811810016632
1787211605.7785304,0.0,0.0,0.03417116403579712
1787211605.8343747,0.0,0.0,0.03417116403579712
1787211605.8754468,0.0,0.0,0.03403577208518982
1787211605.9245913,0.0,0.0,0.03403577208518982
1787211605.9803793,0.0,0.0,0.03409296274185181
1787211606.0240488,0.0,0.0,0.03409296274185181
1787211606.0763016,0.0,0.0,0.03423950076103211
1787211606.1236498,0.0,0.0,0.034355521202087395
1787211606.1737704,0.0,0.0,0.034355521202087395
1787211606.2250285,0.0,0.0,0.0343175232410431
1787211606.2816534,0.0,0.0,0.03418689966201782
1787211606.382322,0.0,0.0,0.03411886096000672
1787211606.431817,0.0,0.0,0.03403854370117187
1787211606.5019462,0.0,0.0,0.034164607524871826
1787211606.5541484,0.0,0.0,0.034164607524871826
1787211606.5806038,0.0,0.0,0.034284383058547974
1787211606.6302807,0.0,0.0,0.03433886170387268
1787211606.6751509,0.0,0.0,0.03433886170387268
1787211606.7298863,0.0,0.0,0.03420141339302063
1787211606.7945712,0.0,0.0,0.03414776921272278
1787211606.8230863,0.0,0.0,0.03414776921272278
1787211606.887724,0.0,0.0,0.03421464562416076
1787211606.9233196,0.0,0.0,0.03423309326171874
1787211606.9745843,0.0,0.0,0.03423309326171874
1787211607.0227504,0.0,0.0,0.034378468990325935
1787211607.104181,0.0,0.0,0.03435212373733521
1787211607.123858,0.0,0.0,0.03435212373733521
1787211607.2003891,0.0,0.0,0.03415229916572571
1787211607.228027,0.0,0.0,0.034149050712585456
1787211607.282889,0.0,0.0,0.034105926752090454
1787211607.3365386,0.0,0.0,0.03391948342323303
1787211607.3748894,0.0,0.0,0.03407496213912964
1787211607.4321926,0.0,0.0,0.03413546085357665
1787211607.5136423,0.0,0.0,0.03420960903167725
1787211607.5245624,0.0,0.0,0.03422197699546814
1787211607.5743263,0.0,0.0,0.03422197699546814
1787211607.6254835,0.0,0.0,0.03430023789405823
1787211607.6905584,0.0,0.0,0.03425014019012451
1787211607.725952,0.0,0.0,0.034163832664489746
1787211607.7755098,0.0,0.0,0.03412547707557679
1787211607.8264618,0.0,0.0,0.03412547707557679
1787211607.8741496,0.0,0.0,0.03399157524108887
1787211607.9307833,0.0,0.0,0.034016937017440796
1787211608.0113466,0.0,0.0,0.03399467468261719
1787211608.0331016,0.0,0.0,0.03406527638435364
1787211608.0957015,0.0,0.0,0.03414124250411988
1787211608.1238508,0.0,0.0,0.03428500890731813
1787211608.1830928,0.0,0.0,0.03433087468147278
1787211608.231451,0.0,0.0,0.03438648581504821
1787211608.2767446,0.0,0.0,0.03435635566711426
1787211608.334534,0.0,0.0,0.03434059023857117
1787211608.3919773,0.0,0.0,0.034322440624237054
1787211608.426638,0.0,0.0,0.034322440624237054
1787211608.4728625,0.0,0.0,0.03422227501869202
1787211608.524632,0.0,0.0,0.034321129322052
1787211608.5763009,0.0,0.0,0.03446811437606812
1787211608.625186,0.0,0.0,0.03453692793846131
1787211608.714598,0.0,0.0,0.03455871343612671
1787211608.7269678,0.0,0.0,0.03474223613739013
1787211608.7771335,0.0,0.0,0.03480622172355652
1787211608.8311958,0.0,0.0,0.03480622172355652
1787211608.8767462,0.0,0.0,0.034747213125228875
1787211608.9415462,0.0,0.0,0.03472897410392762
1787211608.9730246,0.0,0.0,0.03469404578208924
1787211609.0231283,0.0,0.0,0.03469404578208924
1787211609.0844932,0.0,0.0,0.034533023834228516
1787211609.1253467,0.0,0.0,0.034526318311691284
1787211609.176947,0.0,0.0,0.034627825021743774
1787211609.2361825,0.0,0.0,0.03486722707748413
1787211609.2731533,0.0,0.0,0.03500291705131531
1787211609.3425257,0.0,0.0,0.03510004281997681
1787211609.380682,0.0,0.0,0.03515967726707459
1787211609.4243784,0.0,0.0,0.03541013598442078
1787211609.5154293,0.0,0.0,0.03543144464492798
1787211609.5279148,0.0,0.0,0.035297751426696784
1787211609.6359146,0.0,0.0,0.035246580839157104
1787211609.7091436,0.0,0.0,0.0348762571811676
1787211609.755432,0.0,0.0,0.0346832275390625
1787211609.800888,0.0,0.0,0.034797072410583496
1787211609.8238058,0.0,0.0,0.034797072410583496
1787211609.9074252,0.0,0.0,0.03507092595100403
1787211609.9234457,0.0,0.0,0.03512117266654968
1787211609.9734108,0.0,0.0,0.03512117266654968
1787211610.0237944,0.0,0.0,0.03521069884300232
1787211610.0735135,0.0,0.0,0.03514733910560608
1787211610.1300735,0.0,0.0,0.03514733910560608
1787211610.207826,0.0,0.0,0.03500014543533325
1787211610.2331035,0.0,0.0,0.034968346357345574
1787211610.275864,0.0,0.0,0.03513273596763611
1787211610.3503835,0.0,0.0,0.03526729345321656
1787211610.3755178,0.0,0.0,0.03526729345321656
1787211610.4291527,0.0,0.0,0.03542333841323853
1787211610.5042539,0.0,0.0,0.035348623991012566
1787211610.5392828,0.0,0.0,0.035331219434738166
1787211610.5731626,0.0,0.0,0.035223573446273804
1787211610.6265972,0.0,0.0,0.035223573446273804
1787211610.6746166,0.0,0.0,0.03529399633407593
1787211610.762791,0.0,0.0,0.03542032837867737
1787211610.777625,0.0,0.0,0.03547337651252746
1787211610.8435333,0.0,0.0,0.03548502922058105
1787211610.9100864,0.0,0.0,0.035545527935028076
1787211610.950424,0.0,0.0,0.03552314639091492
1787211611.0326061,0.0,0.0,0.035481095314025886
1787211611.0798066,0.0,0.0,0.03535756468772888
1787211611.1302018,0.0,0.0,0.03538361191749573
1787211611.1796608,0.0,0.0,0.03549244999885559
1787211611.247777,0.0,0.0,0.03550887107849121
1787211611.3117025,0.0,0.0,0.03552484512329102
1787211611.360093,0.0,0.0,0.03556117415428162
1787211611.4314873,0.0,0.0,0.03553655743598938
1787211611.5491536,0.0,0.0,0.03529554605484009
1787211611.5990057,0.0,0.0,0.035098910331726074
1787211611.6319196,0.0,0.0,0.035098910331726074
1787211611.6815102,0.0,0.0,0.035129249095916755
1787211611.7739766,0.0,0.0,0.035244673490524306
1787211611.8628583,0.0,0.0,0.03533273935317993
1787211611.8725607,0.0,0.0,0.03542712330818176
1787211611.925468,0.0,0.0,0.03542712330818176
1787211612.0081153,0.0,0.0,0.035413920879364014
1787211612.058793,0.0,0.0,0.035347163677215576
1787211612.1075392,0.0,0.0,0.03520908951759339
1787211612.1308856,0.0,0.0,0.03518745303153992
1787211612.1886172,0.0,0.0,0.035199135541915894
1787211612.2244308,0.0,0.0,0.03535664081573486
1787211612.2881517,0.0,0.0,0.035461604595184326
1787211612.371449,0.0,0.0,0.03551921248435975
1787211612.3753834,0.0,0.0,0.03561773896217347
1787211612.425959,0.0,0.0,0.035666108131408684
1787211612.4865162,0.0,0.0,0.03563779592514038
1787211612.560542,0.0,0.0,0.03553974628448486
1787211612.5907931,0.0,0.0,0.035445958375930786
1787211612.6228428,0.0,0.0,0.03531232476234437
1787211612.684323,0.0,0.0,0.035261064767837524
1787211612.725409,0.0,0.0,0.03543549776077271
1787211612.7754428,0.0,0.0,0.03555229306221009
1787211612.8313808,0.0,0.0,0.03572171926498413
1787211612.8814607,0.0,0.0,0.035785406827926636
1787211612.9286773,0.0,0.0,0.03596508502960206
1787211612.9785202,0.0,0.0,0.03597697615623475
1787211613.0254636,0.0,0.0,0.035904467105865485
1787211613.0765483,0.0,0.0,0.03577360510826111
1787211613.1445415,0.0,0.0,0.035738080739974976
1787211613.18489,0.0,0.0,0.03568020462989807
1787211613.2301893,0.0,0.0,0.035587847232818604
1787211613.274626,0.0,0.0,0.035577088594436646
1787211613.325671,0.0,0.0,0.03576374053955078
1787211613.3763134,0.0,0.0,0.03576374053955078
1787211613.4227936,0.0,0.0,0.03624171018600464
1787211613.5174143,0.0,0.0,0.036245942115783684
1787211613.5404758,0.0,0.0,0.0362328588962555
1787211613.5792778,0.0,0.0,0.036183565855026245
1787211613.6299446,0.0,0.0,0.03609496355056762
1787211613.6729429,0.0,0.0,0.03604176640510559
1787211613.7486353,0.0,0.0,0.03580757975578309
1787211613.7749798,0.0,0.0,0.035811930894851685
1787211613.83931,0.0,0.0,0.03593707084655762
1787211613.8769147,0.0,0.0,0.03593707084655762
1787211613.9288332,0.0,0.0,0.036013513803482056
1787211613.9745684,0.0,0.0,0.03612551093101502
1787211614.023768,0.0,0.0,0.036147326231002815
1787211614.0820796,0.0,0.0,0.036097675561904914
1787211614.1458898,0.0,0.0,0.03604099154472352
1787211614.1814332,0.0,0.0,0.03600719571113587
1787211614.2344103,0.0,0.0,0.03597638010978699
1787211614.2766366,0.0,0.0,0.03608044981956482
1787211614.3331213,0.0,0.0,0.03617072105407715
1787211614.3739333,0.0,0.0,0.036225974559783936
1787211614.4235878,0.0,0.0,0.03631809353828431
1787211614.5126984,0.0,0.0,0.03634712100028992
1787211614.5679047,0.0,0.0,0.03631550073623657
1787211614.5764084,0.0,0.0,0.03628191351890565
1787211614.630049,0.0,0.0,0.03624394536018372
1787211614.7152827,0.0,0.0,0.03626081347465516
1787211614.7278607,0.0,0.0,0.036237239837646484
1787211614.7765594,0.0,0.0,0.03630423545837402
1787211614.8248563,0.0,0.0,0.036322414875030525
1787211614.8794122,0.0,0.0,0.03639066219329835
1787211614.933179,0.0,0.0,0.036335378885269165
1787211615.015389,0.0,0.0,0.03629830479621887
1787211615.026399,0.0,0.0,0.03618606925010681
1787211615.0776742,0.0,0.0,0.036111980676650994
1787211615.1258972,0.0,0.0,0.03611224889755249
1787211615.1755962,0.0,0.0,0.0361778438091278
1787211615.2249682,0.0,0.0,0.036323100328445435
1787211615.3105652,0.0,0.0,0.03650182485580444
1787211615.3412085,0.0,0.0,0.03660982847213745
1787211615.4085186,0.0,0.0,0.036678463220596313
1787211615.4484243,0.0,0.0,0.036687225103378296
1787211615.4889429,0.0,0.0,0.036594599485397346
1787211615.5484145,0.0,0.0,0.03652602434158325
1787211615.5754628,0.0,0.0,0.036347657442092896
1787211615.6549754,0.0,0.0,0.0363403558731079
1787211615.6746938,0.0,0.0,0.036387085914611816
1787211615.7302132,0.0,0.0,0.0364227294921875
1787211615.7785027,0.0,0.0,0.0364227294921875
1787211615.8245845,0.0,0.0,0.03665480017662048
1787211615.873114,0.0,0.0,0.03678262233734131
1787211615.9255445,0.0,0.0,0.036803245544433594
1787211615.9728518,0.0,0.0,0.036803245544433594
1787211616.0272384,0.0,0.0,0.036504507064819336
1787211616.0926945,0.0,0.0,0.036504507064819336
1787211616.1355183,0.0,0.0,0.03630277514457703
1787211616.1726947,0.0,0.0,0.036236584186553955
1787211616.2287476,0.0,0.0,0.0364229679107666
1787211616.2746954,0.0,0.0,0.03654003143310547
1787211616.3227215,0.0,0.0,0.03654882311820984
1787211616.385459,0.0,0.0,0.03660660982131959
1787211616.4231653,0.0,0.0,0.03660660982131959
1787211616.4736373,0.0,0.0,0.03654426336288452
1787211616.526141,0.0,0.0,0.03639546036720276
1787211616.5786192,0.0,0.0,0.03632959723472596
1787211616.635928,0.0,0.0,0.03623199462890625
1787211616.696499,0.0,0.0,0.03621143102645875
1787211616.7246,0.0,0.0,0.03639328479766846
1787211616.774488,0.0,0.0,0.03640779852867127
1787211616.8427875,0.0,0.0,0.03643873333930969
1787211616.8745055,0.0,0.0,0.03645181655883789
1787211616.936271,0.0,0.0,0.03657826781272888
1787211616.979965,0.0,0.0,0.03654709458351136
1787211617.0606925,0.0,0.0,0.036502003669738776
1787211617.0937774,0.0,0.0,0.03645941615104675
1787211617.1231873,0.0,0.0,0.03623464703559875
1787211617.1767886,0.0,0.0,0.03623464703559875
1787211617.2328167,0.0,0.0,0.03619563579559326
1787211617.2855065,0.0,0.0,0.036328107118606574
1787211617.33251,0.0,0.0,0.03650742769241334
1787211617.411106,0.0,0.0,0.03661388158798218
1787211617.471736,0.0,0.0,0.03659921884536744
1787211617.4731333,0.0,0.0,0.03663751482963562
1787211617.5348969,0.0,0.0,0.03648406267166138
1787211617.5855346,0.0,0.0,0.03649580478668212
1787211617.6280038,0.0,0.0,0.036424875259399414
1787211617.707407,0.0,0.0,0.036334604024887085
1787211617.7248628,0.0,0.0,0.036334604024887085
1787211617.802854,0.0,0.0,0.036320596933364875
1787211617.8262084,0.0,0.0,0.03651916980743408
1787211617.9004183,0.0,0.0,0.036564350128173835
1787211617.9237125,0.0,0.0,0.036564350128173835
1787211618.0065126,0.0,0.0,0.0367065966129303
1787211618.0249517,0.0,0.0,0.03667798638343811
1787211618.0732338,0.0,0.0,0.036644816398620605
1787211618.1243808,0.0,0.0,0.036644816398620605
1787211618.1734443,0.0,0.0,0.03659695386886597
1787211618.2264853,0.0,0.0,0.036520510911941535
1787211618.3160548,0.0,0.0,0.036443501710891724
1787211618.328366,0.0,0.0,0.03622767329216004
1787211618.4022949,0.0,0.0,0.03631648421287536
1787211618.4312146,0.0,0.0,0.03644457459449768
1787211618.47311,0.0,0.0,0.03656190633773804
1787211618.555455,0.0,0.0,0.036709427833557136
1787211618.6280618,0.0,0.0,0.03677493333816529
1787211618.7270055,0.0,0.0,0.036804288625717156
1787211618.7779512,0.0,0.0,0.03676366806030274
1787211618.8299026,0.0,0.0,0.03676366806030274
1787211618.8770301,0.0,0.0,0.03680777549743652
1787211618.9238682,0.0,0.0,0.036819666624069214
1787211618.9778328,0.0,0.0,0.036932438611984246
1787211619.0226126,0.0,0.0,0.03696042299270629
1787211619.1024976,0.0,0.0,0.03693854808807374
1787211619.1391826,0.0,0.0,0.03693854808807374
1787211619.1854935,0.0,0.0,0.03681334853172303
1787211619.2559557,0.0,0.0,0.03678250312805176
1787211619.281363,0.0,0.0,0.0367155373096466
1787211619.3289814,0.0,0.0,0.03670558333396912
1787211619.3894157,0.0,0.0,0.03674712777137757
1787211619.4586804,0.0,0.0,0.03689578175544739
1787211619.4876912,0.0,0.0,0.03703787922859192
1787211619.5238404,0.0,0.0,0.03703787922859192
1787211619.576943,0.0,0.0,0.03722518682479859
1787211619.6408272,0.0,0.0,0.03722518682479859
1787211619.7226844,0.0,0.0,0.0371512770652771
1787211619.8185747,0.0,0.0,0.036946237087249756
1787211619.8690002,0.0,0.0,0.037054598331451416
1787211619.90599,0.0,0.0,0.03716495633125305
1787211619.954227,0.0,0.0,0.03726541996002197
1787211620.0367422,0.0,0.0,0.0374230444431305
1787211620.0769138,0.0,0.0,0.03748336434364319
1787211620.1247292,0.0,0.0,0.03748336434364319
1787211620.1776888,0.0,0.0,0.037243664264678955
1787211620.2275238,0.0,0.0,0.03722751140594483
1787211620.274351,0.0,0.0,0.03719794750213624
1787211620.362819,0.0,0.0,0.037332624197006226
1787211620.3895297,0.0,0.0,0.03740295767784119
1787211620.4405346,0.0,0.0,0.037411928176879876
1787211620.477623,0.0,0.0,0.03745424747467041
1787211620.5263493,0.0,0.0,0.0373956561088562
1787211620.6009295,0.0,0.0,0.03721240162849426
1787211620.6367824,0.0,0.0,0.03725335001945496
1787211620.6728463,0.0,0.0,0.03713595867156982
1787211620.7641978,0.0,0.0,0.03714275360107422
1787211620.7769446,0.0,0.0,0.03727319836616517
1787211620.843807,0.0,0.0,0.037398695945739746
1787211620.9130614,0.0,0.0,0.037494212388992317
1787211620.9274266,0.0,0.0,0.03747856616973877
1787211621.0084484,0.0,0.0,0.03747597336769105
1787211621.0300608,0.0,0.0,0.037401676177978516
1787211621.076149,0.0,0.0,0.03740295767784119
1787211621.1304142,0.0,0.0,0.03731134533882141
1787211621.1839838,0.0,0.0,0.03727459907531738
1787211621.2270353,0.0,0.0,0.03727459907531738
1787211621.27867,0.0,0.0,0.03744634985923767
1787211621.329356,0.0,0.0,0.03762239217758179
1787211621.3920734,0.0,0.0,0.03769797086715698
1787211621.4309692,0.0,0.0,0.037673354148864746
1787211621.490759,0.0,0.0,0.037673354148864746
1787211621.5233428,0.0,0.0,0.03760942816734314
1787211621.5735939,0.0,0.0,0.03751873970031738
1787211621.630893,0.0,0.0,0.03751873970031738
1787211621.6886382,0.0,0.0,0.037401676177978516
1787211621.7284217,0.0,0.0,0.037401676177978516
1787211621.785481,0.0,0.0,0.037578731775283813
1787211621.8244715,0.0,0.0,0.037578731775283813
1787211621.872576,0.0,0.0,0.037705093622207635
1787211621.9875317,0.0,0.0,0.03767076134681702
1787211622.0259006,0.0,0.0,0.037459045648574836
1787211622.0728345,0.0,0.0,0.03743132948875428
1787211622.1287653,0.0,0.0,0.03743132948875428
1787211622.175353,0.0,0.0,0.037459731101989746
1787211622.2492993,0.0,0.0,0.037606269121170044
1787211622.3039963,0.0,0.0,0.03760394454002381
1787211622.3255332,0.0,0.0,0.03763926029205322
1787211622.3916874,0.0,0.0,0.037587970495224
1787211622.4253428,0.0,0.0,0.03753015398979187
1787211622.4747424,0.0,0.0,0.0375039279460907
1787211622.5432317,0.0,0.0,0.03746029734611511
1787211622.6167495,0.0,0.0,0.03755569458007812
1787211622.6768377,0.0,0.0,0.037624478340148926
1787211622.7235997,0.0,0.0,0.03768688440322876
1787211622.7818687,0.0,0.0,0.037731170654296875
1787211622.8231826,0.0,0.0,0.03769871592521668
1787211622.9107206,0.0,0.0,0.037624746561050415
1787211622.9320707,0.0,0.0,0.03747442364692689
1787211623.0088606,0.0,0.0,0.03740602731704712
1787211623.0547373,0.0,0.0,0.03738349676132202
1787211623.0912929,0.0,0.0,0.03738349676132202
1787211623.1279573,0.0,0.0,0.03748959302902222
1787211623.1747997,0.0,0.0,0.037592560052871704
1787211623.2528975,0.0,0.0,0.037633031606674194
1787211623.284951,0.0,0.0,0.03760752081871033
1787211623.364558,0.0,0.0,0.03760752081871033
1787211623.3857124,0.0,0.0,0.03746557235717774
1787211623.4613917,0.0,0.0,0.03746557235717774
1787211623.483287,0.0,0.0,0.037209361791610725
1787211623.5430288,0.0,0.0,0.037209361791610725
1787211623.650665,0.0,0.0,0.03739184141159057
1787211623.675906,0.0,0.0,0.03739184141159057
1787211623.7255816,0.0,0.0,0.03753006458282471
1787211623.7825713,0.0,0.0,0.037553459405899055
1787211623.8460472,0.0,0.0,0.037553459405899055
1787211623.8810847,0.0,0.0,0.03751066327095031
1787211623.925208,0.0,0.0,0.037438899278640754
1787211623.9729838,0.0,0.0,0.03745618462562561
1787211624.0483744,0.0,0.0,0.037462860345840454
1787211624.1361997,0.0,0.0,0.03747960925102234
1787211624.175217,0.0,0.0,0.03762781620025634
1787211624.2280097,0.0,0.0,0.03762781620025634
1787211624.3159518,0.0,0.0,0.037834614515304565
1787211624.3328326,0.0,0.0,0.037834614515304565
1787211624.5191433,0.0,0.0,0.037834614515304565
1787211624.5368936,0.0,0.0,0.037873655557632446
1787211624.607123,0.0,0.0,0.037873655557632446
1787211624.6314473,0.0,0.0,0.03783553838729859
1787211624.6817458,0.0,0.0,0.03772851824760437
1787211624.728601,0.0,0.0,0.037677764892578125
1787211624.81567,0.0,0.0,0.037677764892578125
1787211624.837005,0.0,0.0,0.037677764892578125
1787211625.1225743,0.0,0.0,0.037677764892578125
1787211625.174418,0.0,0.0,0.037677764892578125
1787211625.3927462,0.0,0.0,0.037677764892578125
1787211625.426046,0.0,0.0,0.037677764892578125
1787211625.4956532,0.0,0.0,0.038185298442840576
1787211625.537444,0.0,0.0,0.038371831178665154
1787211625.5730999,0.0,0.0,0.038379222154617317
1787211625.6226988,0.0,0.0,0.03831472992897034
1787211625.693419,0.0,0.0,0.0382794737815857
1787211625.791464,0.0,0.0,0.038230568170547485
1787211625.8687387,0.0,0.0,0.038327306509017944
1787211625.929722,0.0,0.0,0.03832429647445679
1787211626.0122027,0.0,0.0,0.038598865270614624
1787211626.0658555,0.0,0.0,0.03869310021400452
1787211626.1149833,0.0,0.0,0.038696378469467156
1787211626.1612942,0.0,0.0,0.03860375285148621
1787211626.2169206,0.0,0.0,0.0385303795337677
1787211626.2602487,0.0,0.0,0.038466542959213264
1787211626.2746894,0.0,0.0,0.03845718502998353
1787211626.3337479,0.0,0.0,0.03841069340705872
1787211626.37408,0.0,0.0,0.03841069340705872
1787211626.4237492,0.0,0.0,0.03860041499137879
1787211626.5047789,0.0,0.0,0.03876882791519166
1787211626.533584,0.0,0.0,0.03878143429756165
1787211626.5895107,0.0,0.0,0.038845986127853394
1787211626.6581616,0.0,0.0,0.03884610533714295
1787211626.6735592,0.0,0.0,0.03887608647346497
1787211626.7266958,0.0,0.0,0.03877618908882141
1787211626.7780578,0.0,0.0,0.03875914216041565
1787211626.8376243,0.0,0.0,0.03869837522506714
1787211626.8903723,0.0,0.0,0.038730382919311516
1787211626.9247134,0.0,0.0,0.038713276386260986
1787211627.013724,0.0,0.0,0.038901060819625854
1787211627.023585,0.0,0.0,0.038968175649642944
1787211627.0814369,0.0,0.0,0.038968175649642944
1787211627.1243184,0.0,0.0,0.03915482759475708
1787211627.175878,0.0,0.0,0.03913196921348572
1787211627.2268114,0.0,0.0,0.039071947336196906
1787211627.2776825,0.0,0.0,0.03883996605873108
1787211627.3272533,0.0,0.0,0.03889545798301697
1787211627.3745768,0.0,0.0,0.038700670003891
1787211627.425009,0.0,0.0,0.03861111402511597
1787211627.4738483,0.0,0.0,0.03865194320678711
1787211627.5467854,0.0,0.0,0.03874492645263671
1787211627.6023405,0.0,0.0,0.038896381855010986
1787211627.641121,0.0,0.0,0.03889706730842592
1787211627.6738172,0.0,0.0,0.03889706730842592
1787211627.7243276,0.0,0.0,0.039093911647796624
1787211627.7864165,0.0,0.0,0.039093911647796624
1787211627.827517,0.0,0.0,0.039129674434661865
1787211627.8915641,0.0,0.0,0.039030939340591424
1787211627.9255178,0.0,0.0,0.039030939340591424
1787211627.9791217,0.0,0.0,0.038914591073989875
1787211628.0245175,0.0,0.0,0.038846373558044434
1787211628.0855472,0.0,0.0,0.03886362910270691
1787211628.127592,0.0,0.0,0.038964509963989265
1787211628.1773806,0.0,0.0,0.039023607969284065
1787211628.2233386,0.0,0.0,0.039023607969284065
1787211628.2829437,0.0,0.0,0.03912431001663208
1787211628.3596792,0.0,0.0,0.03919130563735962
1787211628.3736482,0.0,0.0,0.03919130563735962
1787211628.4247885,0.0,0.0,0.03922751545906067
1787211628.4724598,0.0,0.0,0.03916075825691223
1787211628.5285134,0.0,0.0,0.03910917043685913
1787211628.5891,0.0,0.0,0.038945287466049194
1787211628.6286638,0.0,0.0,0.03893563151359558
1787211628.7055054,0.0,0.0,0.03896641731262207
1787211628.7603097,0.0,0.0,0.03906759619712829
1787211628.8169334,0.0,0.0,0.039140790700912476
1787211628.8237822,0.0,0.0,0.0391598641872406
1787211628.8798308,0.0,0.0,0.03918713331222534
1787211628.9236405,0.0,0.0,0.03918713331222534
1787211628.978045,0.0,0.0,0.039117485284805305
1787211629.0487874,0.0,0.0,0.039019614458084106
1787211629.1112595,0.0,0.0,0.0389879047870636
1787211629.1430678,0.0,0.0,0.03898948431015015
1787211629.1902626,0.0,0.0,0.03904685378074646
1787211629.2332163,0.0,0.0,0.03913798928260803
1787211629.2785485,0.0,0.0,0.039200246334075935
1787211629.3333912,0.0,0.0,0.039339840412139886
1787211629.3765244,0.0,0.0,0.03934407234191895
1787211629.4368403,0.0,0.0,0.03928455710411072
1787211629.4732184,0.0,0.0,0.0392463505268097
1787211629.5392265,0.0,0.0,0.039213627576827996
1787211629.582992,0.0,0.0,0.039173901081085205
1787211629.6270273,0.0,0.0,0.0391363799571991
1787211629.680953,0.0,0.0,0.039058655500411994
1787211629.7650023,0.0,0.0,0.039135515689849854
1787211629.7910702,0.0,0.0,0.03920876979827881
1787211629.8228836,0.0,0.0,0.03929072618484497
1787211629.8736544,0.0,0.0,0.03929072618484497
1787211629.92648,0.0,0.0,0.03932571411132813
1787211629.9726171,0.0,0.0,0.03930643200874328
1787211630.0254023,0.0,0.0,0.03923594951629639
1787211630.0866237,0.0,0.0,0.03917822241783142
1787211630.1294334,0.0,0.0,0.03905555605888366
1787211630.183188,0.0,0.0,0.039033591747283936
1787211630.2279804,0.0,0.0,0.039110630750656135
1787211630.278954,0.0,0.0,0.03916868567466735
1787211630.3428254,0.0,0.0,0.03925067186355591
1787211630.3772507,0.0,0.0,0.03948262333869935
1787211630.4274733,0.0,0.0,0.03948262333869935
1787211630.48946,0.0,0.0,0.039568930864334106
1787211630.5568225,0.0,0.0,0.03958335518836975
1787211630.5871716,0.0,0.0,0.03951781988143921
1787211630.6567903,0.0,0.0,0.039434462785720825
1787211630.709179,0.0,0.0,0.03943085670471192
1787211630.7652698,0.0,0.0,0.03938454389572143
1787211630.804187,0.0,0.0,0.03927654027938842
1787211630.825873,0.0,0.0,0.03925669193267823
1787211630.9022515,0.0,0.0,0.0393880307674408
1787211630.9283495,0.0,0.0,0.03950905799865723
1787211631.0063615,0.0,0.0,0.039722740650177
1787211631.028149,0.0,0.0,0.03972926735877991
1787211631.072593,0.0,0.0,0.03991010785102844
1787211631.1318996,0.0,0.0,0.039923489093780525
1787211631.1794226,0.0,0.0,0.039869159460067756
1787211631.228532,0.0,0.0,0.03978794813156128
1787211631.2783875,0.0,0.0,0.039784789085388184
1787211631.348022,0.0,0.0,0.03975614905357361
1787211631.3794718,0.0,0.0,0.03962546586990357
1787211631.4357538,0.0,0.0,0.039600521326065063
1787211631.5115407,0.0,0.0,0.03971269726753235
1787211631.5259976,0.0,0.0,0.039809942245483405
1787211631.5783646,0.0,0.0,0.03998818993568421
1787211631.6464837,0.0,0.0,0.04000654816627502
1787211631.675222,0.0,0.0,0.03995007276535034
1787211631.750001,0.0,0.0,0.039903998374938965
1787211631.7754977,0.0,0.0,0.03974363207817078
1787211631.8259866,0.0,0.0,0.039670675992965705
1787211631.8759217,0.0,0.0,0.03971678018569947
1787211631.9254153,0.0,0.0,0.03983968496322631
1787211631.9748504,0.0,0.0,0.03994399309158325
1787211632.0247803,0.0,0.0,0.04001468420028686
1787211632.0747468,0.0,0.0,0.04022115468978882
1787211632.122884,0.0,0.0,0.040276497602462775
1787211632.1760476,0.0,0.0,0.040427505970001214
1787211632.2274709,0.0,0.0,0.04035282135009766
1787211632.2788057,0.0,0.0,0.040065556764602654
1787211632.3538036,0.0,0.0,0.03996729850769043
1787211632.419273,0.0,0.0,0.039971113204956055
1787211632.4233177,0.0,0.0,0.04001757502555848
1787211632.4817832,0.0,0.0,0.04011577367782593
1787211632.5235057,0.0,0.0,0.040276676416397095
1787211632.5986123,0.0,0.0,0.0403156578540802
1787211632.6233332,0.0,0.0,0.04037323594093323
1787211632.6735735,0.0,0.0,0.04034268856048584
1787211632.7237015,0.0,0.0,0.04026222229003906
1787211632.781645,0.0,0.0,0.04026222229003906
1787211632.8261287,0.0,0.0,0.040036827325820916
1787211632.8827472,0.0,0.0,0.039987355470657356
1787211632.9328213,0.0,0.0,0.03995126485824584
1787211633.0122895,0.0,0.0,0.0401635468006134
1787211633.0269506,0.0,0.0,0.04025226831436157
1787211633.0922763,0.0,0.0,0.040255278348922736
1787211633.1409464,0.0,0.0,0.04050725698471069
1787211633.2010128,0.0,0.0,0.0405367910861969
1787211633.2249467,0.0,0.0,0.04050683975219726
1787211633.2744925,0.0,0.0,0.040333181619644165
1787211633.3245766,0.0,0.0,0.04023706912994385
1787211633.3734522,0.0,0.0,0.04017016291618348
1787211633.428807,0.0,0.0,0.039961129426956184
1787211633.491154,0.0,0.0,0.03992012143135071
1787211633.531085,0.0,0.0,0.040039777755737305
1787211633.6073365,0.0,0.0,0.04015919566154479
1787211633.6240153,0.0,0.0,0.04031139612197875
1787211633.718342,0.0,0.0,0.0403626561164856
1787211633.7329636,0.0,0.0,0.040356576442718506
1787211633.7787037,0.0,0.0,0.04036107659339905
1787211633.8578324,0.0,0.0,0.04026898741722107
1787211633.8765547,0.0,0.0,0.040176153182983405
1787211633.9225554,0.0,0.0,0.04004576802253723
1787211634.0123112,0.0,0.0,0.04007139801979064
1787211634.038724,0.0,0.0,0.04021260142326354
1787211634.0797446,0.0,0.0,0.04024916887283325
1787211634.125282,0.0,0.0,0.04029583930969238
1787211634.1727736,0.0,0.0,0.04034706950187684
1787211634.229169,0.0,0.0,0.040359824895858765
1787211634.2740784,0.0,0.0,0.04036962985992432
1787211634.3225064,0.0,0.0,0.040264785289764404
1787211634.3883538,0.0,0.0,0.040168166160583496
1787211634.4234107,0.0,0.0,0.03995230793952942
1787211634.4735515,0.0,0.0,0.03999730944633484
1787211634.5275471,0.0,0.0,0.040056973695755005
1787211634.5749052,0.0,0.0,0.040074169635772705
1787211634.629879,0.0,0.0,0.040278136730194085
1787211634.6727283,0.0,0.0,0.04040682315826416
1787211634.7262828,0.0,0.0,0.04046460986137391
1787211634.774789,0.0,0.0,0.04048067331314087
1787211634.8389974,0.0,0.0,0.04042905569076539
1787211634.9068701,0.0,0.0,0.040365099906921394
1787211634.9252384,0.0,0.0,0.04026523232460022
1787211634.984967,0.0,0.0,0.04026001691818237
1787211635.0332139,0.0,0.0,0.040264129638671875
1787211635.0757675,0.0,0.0,0.04033330082893371
1787211635.1234074,0.0,0.0,0.04042506217956543
1787211635.1731822,0.0,0.0,0.04048234224319458
1787211635.229934,0.0,0.0,0.04056638479232789
1787211635.273193,0.0,0.0,0.040651500225067146
1787211635.330716,0.0,0.0,0.04062893986701966
1787211635.375555,0.0,0.0,0.040590614080429084
1787211635.4307628,0.0,0.0,0.04051178693771363
1787211635.4727516,0.0,0.0,0.04052039980888366
1787211635.5243406,0.0,0.0,0.04042315483093262
1787211635.6157017,0.0,0.0,0.04045772552490234
1787211635.6255398,0.0,0.0,0.04045772552490234
1787211635.6762238,0.0,0.0,0.040689975023269646
1787211635.761138,0.0,0.0,0.04074096679687499
1787211635.7884004,0.0,0.0,0.04073315858840942
1787211635.829643,0.0,0.0,0.04073324799537659
1787211635.904145,0.0,0.0,0.04069828987121581
1787211635.9265108,0.0,0.0,0.04068693518638611
1787211635.9817793,0.0,0.0,0.04063034057617187
1787211636.0236704,0.0,0.0,0.04052463173866272
1787211636.0746508,0.0,0.0,0.040358394384384155
1787211636.1555958,0.0,0.0,0.04041221737861634
1787211636.2011683,0.0,0.0,0.04045665264129639
1787211636.2375486,0.0,0.0,0.04042786359786987
1787211636.272819,0.0,0.0,0.040549606084823615
1787211636.3331106,0.0,0.0,0.04063352942466736
1787211636.3772173,0.0,0.0,0.04074612259864807
1787211636.4576855,0.0,0.0,0.04082998633384705
1787211636.5158412,0.0,0.0,0.04091590642929078
1787211636.5315485,0.0,0.0,0.04087209701538086
1787211636.6055672,0.0,0.0,0.04087209701538086
1787211636.626741,0.0,0.0,0.04082900285720825
1787211636.6806264,0.0,0.0,0.04067352414131165
1787211636.7280881,0.0,0.0,0.040644764900207526
1787211636.788707,0.0,0.0,0.04060128331184387
1787211636.8600056,0.0,0.0,0.040674954652786255
1787211636.8758085,0.0,0.0,0.04077160358428955
1787211636.9283092,0.0,0.0,0.04083493351936341
1787211636.9846067,0.0,0.0,0.04087752103805542
1787211637.0589662,0.0,0.0,0.041012942790985114
1787211637.0745049,0.0,0.0,0.041025519371032715
1787211637.130409,0.0,0.0,0.04100298881530761
1787211637.173712,0.0,0.0,0.04097869992256165
1787211637.234471,0.0,0.0,0.0409550666809082
1787211637.2753744,0.0,0.0,0.04087764024734497
1787211637.3507628,0.0,0.0,0.040864467620849616
1787211637.4100246,0.0,0.0,0.04094234108924866
1787211637.424257,0.0,0.0,0.041051119565963745
1787211637.5161777,0.0,0.0,0.04107916355133057
1787211637.5273478,0.0,0.0,0.0413174033164978
1787211637.6095412,0.0,0.0,0.041334003210067756
1787211637.625516,0.0,0.0,0.041361719369888306
1787211637.6834288,0.0,0.0,0.041317880153656006
1787211637.7357001,0.0,0.0,0.04126670956611633
1787211637.8188145,0.0,0.0,0.041228890419006355
1787211637.866657,0.0,0.0,0.04138803482055664
1787211637.8924928,0.0,0.0,0.04140463471412659
1787211637.923393,0.0,0.0,0.04152032732963562
1787211637.9724329,0.0,0.0,0.041551053524017334
1787211638.02954,0.0,0.0,0.04153957962989807
1787211638.0753236,0.0,0.0,0.04153957962989807
1787211638.1245348,0.0,0.0,0.041546374559402466
1787211638.214243,0.0,0.0,0.04136288166046142
1787211638.2259722,0.0,0.0,0.041132956743240356
1787211638.281746,0.0,0.0,0.041132956743240356
1787211638.350997,0.0,0.0,0.04119601845741273
1787211638.3817465,0.0,0.0,0.04130050539970397
1787211638.4236207,0.0,0.0,0.041451603174209595
1787211638.5078623,0.0,0.0,0.04152911901474
1787211638.5272446,0.0,0.0,0.0415562391281128
1787211638.5865333,0.0,0.0,0.0416104793548584
1787211638.6511447,0.0,0.0,0.04162347316741944
1787211638.6889694,0.0,0.0,0.041581511497497566
1787211638.782266,0.0,0.0,0.04147416353225707
1787211638.8254747,0.0,0.0,0.04144030809402465
1787211638.9092906,0.0,0.0,0.04142370820045472
1787211638.9249668,0.0,0.0,0.04141658544540405
1787211638.9784493,0.0,0.0,0.041538089513778687
1787211639.0231023,0.0,0.0,0.04158481955528259
1787211639.0733843,0.0,0.0,0.04170316457748413
1787211639.1257257,0.0,0.0,0.04168996214866639
1787211639.1851926,0.0,0.0,0.041606783866882324
1787211639.2535224,0.0,0.0,0.04156440496444702
1787211639.32363,0.0,0.0,0.04158031940460206
1787211639.4262924,0.0,0.0,0.04165729880332947
1787211639.5033119,0.0,0.0,0.04182058572769164
1787211639.523571,0.0,0.0,0.041835099458694465
1787211639.610417,0.0,0.0,0.04179969429969787
1787211639.6414666,0.0,0.0,0.041714489459991455
1787211639.674502,0.0,0.0,0.041662633419036865
1787211639.7232752,0.0,0.0,0.04161378741264344
1787211639.8110905,0.0,0.0,0.04152733087539673
1787211639.8509352,0.0,0.0,0.04152584075927735
1787211639.9015617,0.0,0.0,0.04166144132614136
1787211639.954217,0.0,0.0,0.04169487953186035
1787211640.008596,0.0,0.0,0.04177069664001466
1787211640.0524445,0.0,0.0,0.04180058836936952
1787211640.1095545,0.0,0.0,0.041837573051452644
1787211640.123472,0.0,0.0,0.04181742668151856
1787211640.2041483,0.0,0.0,0.041730791330337524
1787211640.2519722,0.0,0.0,0.04167354106903076
1787211640.3096719,0.0,0.0,0.04157713055610657
1787211640.327066,0.0,0.0,0.0415620505809784
1787211640.4217398,0.0,0.0,0.041621118783950806
1787211640.42232,0.0,0.0,0.041746348142623894
1787211640.5120323,0.0,0.0,0.04198452830314636
1787211640.5525713,0.0,0.0,0.04200032353401185
1787211640.578735,0.0,0.0,0.04201829433441162
1787211640.6373758,0.0,0.0,0.04191723465919495
1787211640.683781,0.0,0.0,0.041833937168121345
1787211640.7282827,0.0,0.0,0.041833937168121345
1787211640.7767177,0.0,0.0,0.04179576039314269
1787211640.8226414,0.0,0.0,0.04182767868041992
1787211640.874035,0.0,0.0,0.04190471768379212
1787211640.930139,0.0,0.0,0.04199212789535522
1787211640.973064,0.0,0.0,0.042074233293533325
1787211641.0721087,0.0,0.0,0.04209086298942566
1787211641.0729785,0.0,0.0,0.042179882526397705
1787211641.1410217,0.0,0.0,0.042196005582809455
1787211641.191413,0.0,0.0,0.04214954376220703
1787211641.2439432,0.0,0.0,0.04208162426948548
1787211641.272693,0.0,0.0,0.042001426219940186
1787211641.354922,0.0,0.0,0.04192084074020386
1787211641.3893971,0.0,0.0,0.04203936457633972
1787211641.4275658,0.0,0.0,0.042161524295806885
1787211641.4947417,0.0,0.0,0.04227057099342346
1787211641.5496624,0.0,0.0,0.042332321405410774
1787211641.6094978,0.0,0.0,0.04233896732330323
1787211641.6548212,0.0,0.0,0.04239293932914734
1787211641.6866167,0.0,0.0,0.04231169819831848
1787211641.755333,0.0,0.0,0.042305022478103645
1787211641.793743,0.0,0.0,0.04224836826324463
1787211641.8227851,0.0,0.0,0.04217976331710816
1787211641.8945785,0.0,0.0,0.042155534029006965
1787211641.925994,0.0,0.0,0.04218575358390808
1787211641.9874988,0.0,0.0,0.04225149750709534
1787211642.055914,0.0,0.0,0.04244607686996461
1787211642.1170871,0.0,0.0,0.042476028203964226
1787211642.1290317,0.0,0.0,0.04245060682296754
1787211642.1905024,0.0,0.0,0.04247462749481201
1787211642.2275128,0.0,0.0,0.04238352179527283
1787211642.2760947,0.0,0.0,0.04238352179527283
1787211642.3227315,0.0,0.0,0.04214891791343689
1787211642.4034472,0.0,0.0,0.042102813720703125
1787211642.4455938,0.0,0.0,0.042001008987426765
1787211642.4913971,0.0,0.0,0.04197561740875244
1787211642.522643,0.0,0.0,0.041996896266937256
1787211642.5741043,0.0,0.0,0.04200685024261474
1787211642.6238878,0.0,0.0,0.042123585939407356
1787211642.6758146,0.0,0.0,0.042164504528045654
1787211642.727838,0.0,0.0,0.042260140180587775
1787211642.7746613,0.0,0.0,0.0422215759754181
1787211642.8405788,0.0,0.0,0.042141377925872796
1787211642.886673,0.0,0.0,0.04214102029800416
1787211642.9242685,0.0,0.0,0.042003154754638665
1787211642.9737425,0.0,0.0,0.042051464319229126
1787211643.029493,0.0,0.0,0.042051464319229126
1787211643.0945756,0.0,0.0,0.04226702451705933
1787211643.1436422,0.0,0.0,0.042305171489715576
1787211643.2062898,0.0,0.0,0.04236602783203125
1787211643.2365706,0.0,0.0,0.04233476519584656
1787211643.2766802,0.0,0.0,0.04230275750160217
1787211643.3243876,0.0,0.0,0.04222127795219421
1787211643.3997717,0.0,0.0,0.04223337769508362
1787211643.4287145,0.0,0.0,0.042191892862319946
1787211643.4845364,0.0,0.0,0.04213118553161621
1787211643.523156,0.0,0.0,0.042333453893661506
1787211643.5823789,0.0,0.0,0.04241815209388733
1787211643.6239676,0.0,0.0,0.042560875415802
1787211643.707003,0.0,0.0,0.04262077808380127
1787211643.7491615,0.0,0.0,0.04263746738433837
1787211643.8108525,0.0,0.0,0.042582541704177856
1787211643.8286183,0.0,0.0,0.04241219162940979
1787211643.873578,0.0,0.0,0.04241845011711121
1787211643.930245,0.0,0.0,0.04236146807670593
1787211643.9733222,0.0,0.0,0.042441457509994514
1787211644.0240867,0.0,0.0,0.042448997497558594
1787211644.0742245,0.0,0.0,0.042515069246292114
1787211644.123786,0.0,0.0,0.0426369607448578
1787211644.1937547,0.0,0.0,0.042631566524505615
1787211644.2233458,0.0,0.0,0.042631566524505615
1787211644.2728252,0.0,0.0,0.042513251304626465
1787211644.3444576,0.0,0.0,0.04253029823303222
1787211644.3894866,0.0,0.0,0.04253029823303222
1787211644.4257262,0.0,0.0,0.04240414500236511
1787211644.474349,0.0,0.0,0.04246410727500915
1787211644.522733,0.0,0.0,0.042587310075759895
1787211644.5819926,0.0,0.0,0.04272449016571044
1787211644.6428893,0.0,0.0,0.04274338483810425
1787211644.6763144,0.0,0.0,0.042751967906951904
1787211644.7246213,0.0,0.0,0.042723208665847785
1787211644.7795057,0.0,0.0,0.04266172647476196
1787211644.8258142,0.0,0.0,0.0426417887210846
1787211644.8798685,0.0,0.0,0.04263681173324585
1787211644.931322,0.0,0.0,0.04270350933074951
1787211644.9735634,0.0,0.0,0.042778879404068
1787211645.0268698,0.0,0.0,0.042787790298461914
1787211645.0726795,0.0,0.0,0.04284745454788208
1787211645.1244893,0.0,0.0,0.04284745454788208
1787211645.1744347,0.0,0.0,0.04300057888031006
1787211645.2303846,0.0,0.0,0.04297199845314027
1787211645.275974,0.0,0.0,0.04297199845314027
1787211645.3325257,0.0,0.0,0.04280090332031251
1787211645.3748865,0.0,0.0,0.042698591947555535
1787211645.4273245,0.0,0.0,0.042698591947555535
1787211645.4797115,0.0,0.0,0.04268333315849305
1787211645.5298495,0.0,0.0,0.04281201958656312
1787211645.5765295,0.0,0.0,0.042882025241851814
1787211645.6478474,0.0,0.0,0.042889297008514404
1787211645.684747,0.0,0.0,0.04290533065795899
1787211645.7299166,0.0,0.0,0.0428902804851532
1787211645.789528,0.0,0.0,0.04287382960319519
1787211645.8251438,0.0,0.0,0.042806655168533325
1787211645.8757555,0.0,0.0,0.04278284311294556
1787211645.9304883,0.0,0.0,0.0426960289478302
1787211645.9770517,0.0,0.0,0.04265224933624268
1787211646.036595,0.0,0.0,0.042519867420196526
1787211646.088852,0.0,0.0,0.042430132627487176
1787211646.1487906,0.0,0.0,0.04224649071693421
1787211646.1902936,0.0,0.0,0.04227510094642639
1787211646.2396293,0.0,0.0,0.042194753885269165
1787211646.283403,0.0,0.0,0.04220628738403321
1787211646.3254933,0.0,0.0,0.042303860187530525
1787211646.4182396,0.0,0.0,0.042320996522903456
1787211646.443571,0.0,0.0,0.042308539152145386
1787211646.5083368,0.0,0.0,0.042225390672683716
1787211646.5588927,0.0,0.0,0.042099177837371826
1787211646.6240768,0.0,0.0,0.04227018356323242
1787211646.67615,0.0,0.0,0.04245197772979736
1787211646.7524095,0.0,0.0,0.04263246059417724
1787211646.778237,0.0,0.0,0.04266953468322754
1787211646.8272486,0.0,0.0,0.04266953468322754
1787211646.8918698,0.0,0.0,0.042777806520462036
1787211646.959907,0.0,0.0,0.04276442527770996
1787211646.9806204,0.0,0.0,0.042741358280181885
1787211647.0226312,0.0,0.0,0.042735874652862556
1787211647.0834587,0.0,0.0,0.04270002245903015
1787211647.1320815,0.0,0.0,0.042543500661849976
1787211647.177575,0.0,0.0,0.04256519675254822
1787211647.2532873,0.0,0.0,0.042483925819396966
1787211647.27281,0.0,0.0,0.042470186948776245
1787211647.3247592,0.0,0.0,0.04245230555534362
1787211647.3749092,0.0,0.0,0.042537182569503784
1787211647.4275765,0.0,0.0,0.04268431663513184
1787211647.487954,0.0,0.0,0.04279175400733947
1787211647.522702,0.0,0.0,0.0429232120513916
1787211647.581425,0.0,0.0,0.04294982552528382
1787211647.633493,0.0,0.0,0.04294982552528382
1787211647.7041166,0.0,0.0,0.04287216067314148
1787211647.7467582,0.0,0.0,0.042833298444747925
1787211647.8179781,0.0,0.0,0.04284235835075379
1787211647.8241673,0.0,0.0,0.04295113682746887
1787211647.8738616,0.0,0.0,0.043019205331802375
1787211647.932046,0.0,0.0,0.04301854968070984
1787211648.016841,0.0,0.0,0.04317227005958558
1787211648.0235682,0.0,0.0,0.04313501715660096
1787211648.0800087,0.0,0.0,0.043069928884506226
1787211648.1519206,0.0,0.0,0.042902350425720215
1787211648.1729639,0.0,0.0,0.04283049702644348
1787211648.2303467,0.0,0.0,0.04283049702644348
1787211648.3175564,0.0,0.0,0.042972058057785034
1787211648.3307226,0.0,0.0,0.043019860982894904
1787211648.3757973,0.0,0.0,0.04314589500427247
1787211648.455876,0.0,0.0,0.04316499829292298
1787211648.4890685,0.0,0.0,0.04305461049079895
1787211648.5586793,0.0,0.0,0.04300230741500855
1787211648.5826383,0.0,0.0,0.04296115040779114
1787211648.652784,0.0,0.0,0.04296115040779114
1787211648.681648,0.0,0.0,0.04297301173210145
1787211648.7274902,0.0,0.0,0.04306545853614808
1787211648.7727294,0.0,0.0,0.04313176870346069
1787211648.8236153,0.0,0.0,0.04313176870346069
1787211648.8857934,0.0,0.0,0.043229132890701294
1787211648.934522,0.0,0.0,0.04320511221885681
1787211649.0152988,0.0,0.0,0.043118685483932495
1787211649.0259855,0.0,0.0,0.04307398200035095
1787211649.0773468,0.0,0.0,0.042954713106155396
1787211649.1295779,0.0,0.0,0.043016552925109856
1787211649.1772873,0.0,0.0,0.043043434619903564
1787211649.222758,0.0,0.0,0.04320886731147766
1787211649.3196898,0.0,0.0,0.04330077767372132
1787211649.3371387,0.0,0.0,0.04345926642417908
1787211649.3798814,0.0,0.0,0.04359221458435059
1787211649.4228408,0.0,0.0,0.0435795783996582
1787211649.474133,0.0,0.0,0.043680250644683845
1787211649.5233743,0.0,0.0,0.04371729493141175
1787211649.5729866,0.0,0.0,0.04369783401489258
1787211649.651816,0.0,0.0,0.04361909627914429
1787211649.673058,0.0,0.0,0.043572664260864265
1787211649.7344837,0.0,0.0,0.04338917136192322
1787211649.7730854,0.0,0.0,0.04329395294189453
1787211649.822766,0.0,0.0,0.04301619529724122
1787211649.9106655,0.0,0.0,0.04294371604919434
1787211649.9242594,0.0,0.0,0.04291155934333801
1787211650.004832,0.0,0.0,0.04281291365623475
1787211650.0494432,0.0,0.0,0.04289552569389343
1787211650.080705,0.0,0.0,0.04295006394386292
1787211650.1253583,0.0,0.0,0.04306939244270325
1787211650.1961687,0.0,0.0,0.04316243529319764
1787211650.2284327,0.0,0.0,0.04316243529319764
1787211650.3062375,0.0,0.0,0.04331076145172119
1787211650.324957,0.0,0.0,0.04336827993392944
1787211650.3848236,0.0,0.0,0.04346764087677002
1787211650.4257405,0.0,0.0,0.043607622385025024
1787211650.4764757,0.0,0.0,0.04362043738365173
1787211650.5257258,0.0,0.0,0.04361799359321594
1787211650.6080546,0.0,0.0,0.04359722137451171
1787211650.6262224,0.0,0.0,0.043479174375534065
1787211650.6728666,0.0,0.0,0.043485283851623535
1787211650.722642,0.0,0.0,0.043485283851623535
1787211650.7951992,0.0,0.0,0.04338523745536805
1787211650.8360207,0.0,0.0,0.043338656425476074
1787211650.8809555,0.0,0.0,0.043335020542144775
1787211650.924539,0.0,0.0,0.04321667551994324
1787211651.0146654,0.0,0.0,0.043336421251297
1787211651.054542,0.0,0.0,0.0434909462928772
1787211651.1058598,0.0,0.0,0.04348659515380859
1787211651.1229901,0.0,0.0,0.04353734850883484
1787211651.201467,0.0,0.0,0.04355853796005248
1787211651.2272897,0.0,0.0,0.04354721307754517
1787211651.2843482,0.0,0.0,0.0434931218624115
1787211651.3240623,0.0,0.0,0.04328423738479615
1787211651.4020402,0.0,0.0,0.04324746131896973
1787211651.4511414,0.0,0.0,0.04319345951080323
1787211651.4895673,0.0,0.0,0.043228745460510254
1787211651.529827,0.0,0.0,0.0433165729045868
1787211651.585012,0.0,0.0,0.043378978967666626
1787211651.632769,0.0,0.0,0.04343238472938538
1787211651.6816597,0.0,0.0,0.043463498353958144
1787211651.7271204,0.0,0.0,0.04338878393173217
1787211651.7859912,0.0,0.0,0.04334577918052673
1787211651.8440948,0.0,0.0,0.04318958520889283
1787211651.9156537,0.0,0.0,0.04311171174049378
1787211651.936829,0.0,0.0,0.0432063639163971
1787211651.996848,0.0,0.0,0.04324758052825928
1787211652.0298796,0.0,0.0,0.04328468441963196
1787211652.0743382,0.0,0.0,0.043321400880813606
1787211652.1260355,0.0,0.0,0.04333221912384034
1787211652.20931,0.0,0.0,0.04328951239585877
1787211652.2238848,0.0,0.0,0.04326540231704712
1787211652.311746,0.0,0.0,0.043247073888778687
1787211652.3445387,0.0,0.0,0.04322502017021179
1787211652.4103062,0.0,0.0,0.04332157969474793
1787211652.4226992,0.0,0.0,0.043357521295547485
1787211652.4802692,0.0,0.0,0.04345729947090149
1787211652.5338888,0.0,0.0,0.043497294187545776
1787211652.6082258,0.0,0.0,0.04350045323371887
1787211652.6250489,0.0,0.0,0.043523937463760376
1787211652.7033165,0.0,0.0,0.04343944787979125
1787211652.740883,0.0,0.0,0.04338458180427552
1787211652.797007,0.0,0.0,0.043269753456115716
1787211652.8309758,0.0,0.0,0.04331204295158387
1787211652.8741686,0.0,0.0,0.04338541626930237
1787211652.9686072,0.0,0.0,0.04339253902435303
1787211652.998894,0.0,0.0,0.04353147745132447
1787211653.0261245,0.0,0.0,0.04353147745132447
1787211653.0724576,0.0,0.0,0.043546199798583984
1787211653.1272004,0.0,0.0,0.043546199798583984
1787211653.1756732,0.0,0.0,0.04346004128456116
1787211653.2468414,0.0,0.0,0.04341346025466919
1787211653.2953267,0.0,0.0,0.04341346025466919
1787211653.3318257,0.0,0.0,0.04350009560585022
1787211653.3737354,0.0,0.0,0.04350009560585022
1787211653.4492939,0.0,0.0,0.04376032948493958
1787211653.525821,0.0,0.0,0.043772488832473755
1787211653.6291425,0.0,0.0,0.04355797171592713
1787211653.6742256,0.0,0.0,0.04344847798347473
1787211653.731683,0.0,0.0,0.04338312149047852
1787211653.7968192,0.0,0.0,0.04360005259513856
1787211653.826122,0.0,0.0,0.04360005259513856
1787211653.8829806,0.0,0.0,0.043833374977111816
1787211653.9227922,0.0,0.0,0.04380214214324951
1787211653.9783344,0.0,0.0,0.043775051832199104
1787211654.0388384,0.0,0.0,0.04363134503364563
1787211654.074653,0.0,0.0,0.043576985597610474
1787211654.1312044,0.0,0.0,0.04365602135658264
1787211654.1756537,0.0,0.0,0.04368928074836731
1787211654.2495537,0.0,0.0,0.043898314237594604
1787211654.2745512,0.0,0.0,0.043930053710937514
1787211654.3344657,0.0,0.0,0.04391929507255554
1787211654.3767138,0.0,0.0,0.04394307732582092
1787211654.4242797,0.0,0.0,0.04398560523986816
1787211654.4779818,0.0,0.0,0.04403766989707946
1787211654.5329669,0.0,0.0,0.04402771592140198
1787211654.5914412,0.0,0.0,0.04402536153793335
1787211654.6533537,0.0,0.0,0.043959885835647576
1787211654.7183232,0.0,0.0,0.0439925491809845
1787211654.7228584,0.0,0.0,0.04391956329345703
1787211654.7744389,0.0,0.0,0.0439012348651886
1787211654.822699,0.0,0.0,0.043891638517379754
1787211654.8726811,0.0,0.0,0.04401811957359313
1787211654.935168,0.0,0.0,0.0440826416015625
1787211654.9918487,0.0,0.0,0.044098436832427985
1787211655.060826,0.0,0.0,0.04420727491378784
1787211655.1180305,0.0,0.0,0.044225424528121955
1787211655.1611087,0.0,0.0,0.04411563277244568
1787211655.2075603,0.0,0.0,0.0440632700920105
1787211655.2529333,0.0,0.0,0.04391235113143921
1787211655.3141692,0.0,0.0,0.0439363718032837
1787211655.360452,0.0,0.0,0.044068872928619385
1787211655.4098582,0.0,0.0,0.044166266918182366
1787211655.4564784,0.0,0.0,0.04419615864753723
1787211655.5069718,0.0,0.0,0.04424437880516053
1787211655.5586581,0.0,0.0,0.044244229793548584
1787211655.6115594,0.0,0.0,0.044174998998641975
1787211655.6544886,0.0,0.0,0.04409962892532348
1787211655.7030134,0.0,0.0,0.044085681438446045
1787211655.7613218,0.0,0.0,0.04416689276695251
1787211656.1730688,0.0,0.0,0.04427140951156616
1787211656.2466562,0.0,0.0,0.044194817543029785
1787211656.2895575,0.0,0.0,0.0442185401916504
1787211656.3430183,0.0,0.0,0.04432573914527894
1787211656.3756595,0.0,0.0,0.04446524381637573
1787211656.431727,0.0,0.0,0.04446524381637573
1787211656.4739063,0.0,0.0,0.04446524381637573
1787211656.7043934,0.0,0.0,0.04446524381637573
1787211656.7234595,0.0,0.0,0.04446524381637573
1787211656.7807257,0.0,0.0,0.04446524381637573
1787211656.9419565,0.0,0.0,0.04446524381637573
1787211657.0685866,0.0,0.0,0.04462897777557373
1787211657.0827906,0.0,0.0,0.04428574442863465
1787211657.1533592,0.0,0.0,0.04437199234962465
1787211657.1883225,0.0,0.0,0.04452016949653625
1787211657.2224276,0.0,0.0,0.04452016949653625
1787211657.2730725,0.0,0.0,0.04452016949653625
1787211657.3226783,0.0,0.0,0.04452016949653625
1787211657.3726811,0.0,0.0,0.04452016949653625
1787211657.4242685,0.0,0.0,0.04452016949653625
1787211657.4729877,0.0,0.0,0.04452016949653625
1787211657.532612,0.0,0.0,0.044459432363510125
1787211657.5917542,0.0,0.0,0.044377744197845466
1787211657.6394603,0.0,0.0,0.04445767402648926
1787211657.687655,0.0,0.0,0.04453468322753906
1787211657.727726,0.0,0.0,0.04455697536468506
1787211657.7737262,0.0,0.0,0.04455697536468506
1787211657.8230362,0.0,0.0,0.04467245936393738
1787211657.8825266,0.0,0.0,0.044628679752349854
1787211657.9226213,0.0,0.0,0.044521331787109375
1787211657.972596,0.0,0.0,0.04436981678009034
1787211658.05892,0.0,0.0,0.044287294149398804
1787211658.105996,0.0,0.0,0.04433208703994751
1787211658.1416688,0.0,0.0,0.04445600509643555
1787211658.2194297,0.0,0.0,0.044511854648590095
1787211658.2578866,0.0,0.0,0.0445827841758728
1787211658.3050337,0.0,0.0,0.04458451271057129
1787211658.3674784,0.0,0.0,0.04452669620513916
1787211658.4075983,0.0,0.0,0.04447990655899048
1787211658.4499893,0.0,0.0,0.044423818588256836
1787211658.4953556,0.0,0.0,0.044338434934616096
1787211658.554716,0.0,0.0,0.044338434934616096
1787211658.6055934,0.0,0.0,0.04440677165985108
1787211658.6645517,0.0,0.0,0.044454365968704224
1787211658.7191052,0.0,0.0,0.04455420374870301
1787211658.7416413,0.0,0.0,0.04455420374870301
1787211658.7848606,0.0,0.0,0.044686973094940186
1787211658.82548,0.0,0.0,0.044606596231460564
1787211658.8764548,0.0,0.0,0.044554561376571655
1787211658.9305196,0.0,0.0,0.0444607436656952
1787211658.990608,0.0,0.0,0.044536322355270386
1787211659.0247042,0.0,0.0,0.04472696781158448
1787211659.079543,0.0,0.0,0.044717252254486084
1787211659.1807816,0.0,0.0,0.044823676347732544
1787211659.2779453,0.0,0.0,0.04498627781867981
1787211659.3278842,0.0,0.0,0.04498791694641113
1787211659.3806,0.0,0.0,0.0447661578655243
1787211659.46351,0.0,0.0,0.044576823711395264
1787211659.4969177,0.0,0.0,0.044576823711395264
1787211659.550539,0.0,0.0,0.044606536626815796
1787211659.6031992,0.0,0.0,0.04470673203468323
1787211659.6314502,0.0,0.0,0.044816672801971436
1787211659.6974607,0.0,0.0,0.044836312532424934
1787211659.7540016,0.0,0.0,0.04493993520736694
1787211659.7738411,0.0,0.0,0.04510161280632019
1787211659.8549407,0.0,0.0,0.045209348201751716
1787211659.9031599,0.0,0.0,0.04526308178901672
1787211659.9630296,0.0,0.0,0.045247465372085564
1787211659.987584,0.0,0.0,0.04517814517021179
1787211660.0512009,0.0,0.0,0.04501312971115112
1787211660.1132102,0.0,0.0,0.04496416449546815
1787211660.1691322,0.0,0.0,0.044736921787261956
1787211660.1844,0.0,0.0,0.044800370931625366
1787211660.2623973,0.0,0.0,0.04483279585838318
1787211660.2824278,0.0,0.0,0.045157372951507575
1787211660.32729,0.0,0.0,0.045135945081710815
1787211660.409666,0.0,0.0,0.04513400793075562
1787211660.468338,0.0,0.0,0.045121341943740845
1787211660.512929,0.0,0.0,0.045054823160171516
1787211660.5615606,0.0,0.0,0.0450497567653656
1787211660.575756,0.0,0.0,0.04500514268875123
1787211660.6559107,0.0,0.0,0.04495391249656677
1787211660.7172935,0.0,0.0,0.04486027359962464
1787211660.7278128,0.0,0.0,0.044876217842102065
1787211660.7819953,0.0,0.0,0.04492443799972534
1787211660.8516715,0.0,0.0,0.045129090547561646
1787211660.9133058,0.0,0.0,0.045295536518096924
1787211660.9235713,0.0,0.0,0.045348405838012695
1787211660.975698,0.0,0.0,0.04541245102882386
1787211661.025458,0.0,0.0,0.04540136456489563
1787211661.0768065,0.0,0.0,0.045383065938949585
1787211661.1264012,0.0,0.0,0.04527905583381652
1787211661.1814582,0.0,0.0,0.04510793089866638
1787211661.233328,0.0,0.0,0.04508751630783081
1787211661.2917025,0.0,0.0,0.04520270228385925
1787211661.351993,0.0,0.0,0.04521393775939943
1787211661.3759649,0.0,0.0,0.04526594281196595
1787211661.443663,0.0,0.0,0.04527842998504639
1787211661.472618,0.0,0.0,0.04529151320457458
1787211661.5696049,0.0,0.0,0.0452398955821991
1787211661.572621,0.0,0.0,0.04512336850166321
1787211661.6649263,0.0,0.0,0.04507499933242797
1787211661.71327,0.0,0.0,0.04503193497657776
1787211661.7315922,0.0,0.0,0.045149028301239014
1787211661.808343,0.0,0.0,0.04524648189544677
1787211661.8345006,0.0,0.0,0.045316338539123535
1787211661.880272,0.0,0.0,0.04541197419166564
1787211661.9483554,0.0,0.0,0.0453856885433197
1787211661.975106,0.0,0.0,0.045364141464233405
1787211662.024001,0.0,0.0,0.045292824506759644
1787211662.0895953,0.0,0.0,0.04524287581443786
1787211662.1249404,0.0,0.0,0.04533478617668151
1787211662.1731484,0.0,0.0,0.045482784509658813
1787211662.2540803,0.0,0.0,0.04565575718879699
1787211662.2763553,0.0,0.0,0.04569143056869507
1787211662.3264394,0.0,0.0,0.04569143056869507
1787211662.3774152,0.0,0.0,0.045818060636520386
1787211662.4327815,0.0,0.0,0.04573377966880798
1787211662.4831903,0.0,0.0,0.04570427536964416
1787211662.542778,0.0,0.0,0.04570427536964416
1787211662.5734453,0.0,0.0,0.04564276337623597
1787211662.6232367,0.0,0.0,0.0459543764591217
1787211662.6734266,0.0,0.0,0.04596623778343201
1787211662.7514737,0.0,0.0,0.04606476426124573
1787211662.7746978,0.0,0.0,0.04606801271438597
1787211662.8441913,0.0,0.0,0.046001911163330085
1787211662.8804045,0.0,0.0,0.04598307609558106
1787211662.954902,0.0,0.0,0.04589268565177917
1787211662.9950407,0.0,0.0,0.04586732387542725
1787211663.0252879,0.0,0.0,0.0460008680820465
1787211663.0817811,0.0,0.0,0.046001553535461426
1787211663.1354542,0.0,0.0,0.04621464014053345
1787211663.1775253,0.0,0.0,0.046325206756591804
1787211663.2255921,0.0,0.0,0.04655763506889344
1787211663.273481,0.0,0.0,0.04656827449798584
1787211663.3277144,0.0,0.0,0.046439200639724725
1787211663.3790271,0.0,0.0,0.046317756175994866
1787211663.4319701,0.0,0.0,0.046235471963882446
1787211663.4832635,0.0,0.0,0.046212345361709595
1787211663.522623,0.0,0.0,0.04621320962905885
1787211663.58315,0.0,0.0,0.04623305797576904
1787211663.623689,0.0,0.0,0.04635307192802429
1787211663.6786854,0.0,0.0,0.04654094576835632
1787211663.7228894,0.0,0.0,0.04679030179977417
1787211663.7882876,0.0,0.0,0.046992152929306044
1787211663.8324175,0.0,0.0,0.047145396471023567
1787211663.875188,0.0,0.0,0.047116488218307495
1787211663.9325633,0.0,0.0,0.04702940583229065
1787211663.973354,0.0,0.0,0.0468304455280304
1787211664.0244482,0.0,0.0,0.0467844009399414
1787211664.0954084,0.0,0.0,0.0468878448009491
1787211664.13333,0.0,0.0,0.04694765806198121
1787211664.1946902,0.0,0.0,0.04696425795555116
1787211664.235651,0.0,0.0,0.04699373245239258
1787211664.273303,0.0,0.0,0.04693603515625
1787211664.3533046,0.0,0.0,0.04684677720069885
1787211664.3913815,0.0,0.0,0.046850889921188354
1787211664.4245312,0.0,0.0,0.04675751924514771
1787211664.4902627,0.0,0.0,0.046732306480407715
1787211664.5536337,0.0,0.0,0.04677745699882508
1787211664.5774632,0.0,0.0,0.04690346121788026
1787211664.6259062,0.0,0.0,0.04701209068298339
1787211664.6930344,0.0,0.0,0.04704684019088745
1787211664.7574527,0.0,0.0,0.04702681303024292
1787211664.774981,0.0,0.0,0.046935588121414185
1787211664.8306985,0.0,0.0,0.04688575863838195
1787211664.8758733,0.0,0.0,0.04683372378349304
1787211664.9338791,0.0,0.0,0.04700735211372376
1787211665.012316,0.0,0.0,0.04712876677513124
1787211665.032413,0.0,0.0,0.04717892408370972
1787211665.1150863,0.0,0.0,0.047322869300842285
1787211665.124535,0.0,0.0,0.04730314016342164
1787211665.1749747,0.0,0.0,0.0472726821899414
1787211665.2266405,0.0,0.0,0.04717233777046204
1787211665.2949145,0.0,0.0,0.04706278443336486
1787211665.3314905,0.0,0.0,0.0470706820487976
1787211665.40773,0.0,0.0,0.047210305929183946
1787211665.452831,0.0,0.0,0.04723206162452697
1787211665.5272248,0.0,0.0,0.04740065336227418
1787211665.589371,0.0,0.0,0.04749104380607605
1787211665.6306298,0.0,0.0,0.04742124676704409
1787211665.6898425,0.0,0.0,0.04730078577995301
1787211665.7268496,0.0,0.0,0.04730585217475891
1787211665.780795,0.0,0.0,0.04726117849349977
1787211665.8245292,0.0,0.0,0.04726117849349977
1787211665.8852503,0.0,0.0,0.047399073839187636
1787211665.9389102,0.0,0.0,0.04756209254264831
1787211666.0065548,0.0,0.0,0.04767298698425295
1787211666.0435796,0.0,0.0,0.047803968191146864
1787211666.073306,0.0,0.0,0.04793083667755126
1787211666.13322,0.0,0.0,0.04793083667755126
1787211666.1878824,0.0,0.0,0.047946393489837646
1787211666.2573438,0.0,0.0,0.047808736562728896
1787211666.306759,0.0,0.0,0.04762333631515504
1787211666.337092,0.0,0.0,0.0476476550102234
1787211666.412953,0.0,0.0,0.047743976116180434
1787211666.4398046,0.0,0.0,0.04807555675506593
1787211666.475165,0.0,0.0,0.0481223165988922
1787211666.5264676,0.0,0.0,0.0483207106590271
1787211666.593169,0.0,0.0,0.04839950799942016
1787211666.6520479,0.0,0.0,0.04830077290534973
1787211666.713563,0.0,0.0,0.04821890592575073
1787211666.7304578,0.0,0.0,0.04814907908439636
1787211666.7867694,0.0,0.0,0.04803496599197389
1787211666.8296115,0.0,0.0,0.04819723963737488
1787211666.8796985,0.0,0.0,0.04819723963737488
1787211666.9268122,0.0,0.0,0.04843875765800476
1787211666.9744096,0.0,0.0,0.048471301794052124
1787211667.0274093,0.0,0.0,0.04838523268699645
1787211667.0851924,0.0,0.0,0.048341244459152236
1787211667.125861,0.0,0.0,0.048141449689865126
1787211667.209902,0.0,0.0,0.047906458377838135
1787211667.235947,0.0,0.0,0.04806408286094666
1787211667.2900586,0.0,0.0,0.048085182905197144
1787211667.3275142,0.0,0.0,0.048085182905197144
1787211667.3816707,0.0,0.0,0.04838058352470398
1787211667.4235027,0.0,0.0,0.04834914207458497
1787211667.486481,0.0,0.0,0.04830634593963624
1787211667.5508177,0.0,0.0,0.04821202158927919
1787211667.6010282,0.0,0.0,0.04823571443557739
1787211667.6513493,0.0,0.0,0.048060059547424316
1787211667.688736,0.0,0.0,0.048116654157638564
1787211667.760075,0.0,0.0,0.04826325178146363
1787211667.774725,0.0,0.0,0.0483456254005432
1787211667.8528306,0.0,0.0,0.04846063256263733
1787211667.8998234,0.0,0.0,0.04854139685630798
1787211667.9373906,0.0,0.0,0.048454493284225464
1787211668.0042667,0.0,0.0,0.04835739731788635
1787211668.0232465,0.0,0.0,0.04831737279891968
1787211668.1112869,0.0,0.0,0.04832851886749266
1787211668.14956,0.0,0.0,0.04838687181472779
1787211668.2128284,0.0,0.0,0.04846262931823731
1787211668.2251623,0.0,0.0,0.048515558242797865
1787211668.2735937,0.0,0.0,0.04846990108489989
1787211668.324548,0.0,0.0,0.048487156629562385
1787211668.3829632,0.0,0.0,0.04839366674423219
1787211668.4229891,0.0,0.0,0.04832351207733152
1787211668.5152967,0.0,0.0,0.04823887348175049
1787211668.5248528,0.0,0.0,0.04837805032730103
1787211668.6021085,0.0,0.0,0.04847648739814759
1787211668.6324694,0.0,0.0,0.0485093891620636
1787211668.6792443,0.0,0.0,0.0485093891620636
1787211668.7591639,0.0,0.0,0.04874202609062195
1787211668.826381,0.0,0.0,0.04867756366729736
1787211668.8737469,0.0,0.0,0.04857996106147767
1787211668.9556265,0.0,0.0,0.048545688390731825
1787211668.973514,0.0,0.0,0.04864129424095154
1787211669.0253701,0.0,0.0,0.048712581396102905
1787211669.091077,0.0,0.0,0.04880407452583313
1787211669.1229086,0.0,0.0,0.048811107873916626
1787211669.19043,0.0,0.0,0.04871588945388794
1787211669.237243,0.0,0.0,0.04869273304939271
1787211669.285494,0.0,0.0,0.04858323931694032
1787211669.3301988,0.0,0.0,0.04855486750602722
1787211669.4100854,0.0,0.0,0.048336595296859734
1787211669.427376,0.0,0.0,0.04826691746711731
1787211669.5039995,0.0,0.0,0.048404306173324585
1787211669.5266678,0.0,0.0,0.04851323366165161
1787211669.5773213,0.0,0.0,0.04876169562339783
1787211669.6511507,0.0,0.0,0.04883694648742676
1787211669.7134316,0.0,0.0,0.04905945062637329
1787211669.7379277,0.0,0.0,0.04904362559318544
1787211669.777255,0.0,0.0,0.048952788114547716
1787211669.8409472,0.0,0.0,0.04886895418167115
1787211669.89606,0.0,0.0,0.048803627490997314
1787211669.9368029,0.0,0.0,0.048816025257110596
1787211669.9822195,0.0,0.0,0.04899567365646363
1787211670.0234783,0.0,0.0,0.049263060092926025
1787211670.1273894,0.0,0.0,0.049298495054244995
1787211670.208425,0.0,0.0,0.04916074872016907
1787211670.2258368,0.0,0.0,0.049083203077316284
1787211670.3134806,0.0,0.0,0.048916518688201904
1787211670.3266306,0.0,0.0,0.04898974299430846
1787211670.3807006,0.0,0.0,0.04913040995597837
1787211670.4371598,0.0,0.0,0.04930976033210755
1787211670.4802613,0.0,0.0,0.04944303631782533
1787211670.529549,0.0,0.0,0.04953676462173462
1787211670.5784898,0.0,0.0,0.049451947212219245
1787211670.6239762,0.0,0.0,0.04927265644073486
1787211670.6855085,0.0,0.0,0.04901817440986635
1787211670.7331128,0.0,0.0,0.049010425806045546
1787211670.775704,0.0,0.0,0.04892325401306152
1787211670.8489196,0.0,0.0,0.04903486371040345
1787211670.8793025,0.0,0.0,0.04905724525451661
1787211670.9788215,0.0,0.0,0.049261182546615594
1787211671.0316048,0.0,0.0,0.04922422766685485
1787211671.0787413,0.0,0.0,0.04913100600242615
1787211671.1254005,0.0,0.0,0.049033224582672126
1787211671.179918,0.0,0.0,0.048880696296691895
1787211671.267041,0.0,0.0,0.048793405294418335
1787211671.2833295,0.0,0.0,0.048876732587814324
1787211671.3287191,0.0,0.0,0.049075305461883545
1787211671.3726864,0.0,0.0,0.0493564009666443
1787211671.4254732,0.0,0.0,0.049555599689483636
1787211671.4910522,0.0,0.0,0.04957070946693421
1787211671.5288627,0.0,0.0,0.04948782920837402
1787211671.6047955,0.0,0.0,0.04945278167724609
1787211671.6504962,0.0,0.0,0.04941761493682862
1787211671.6899476,0.0,0.0,0.04946482181549073
1787211671.752564,0.0,0.0,0.04966086149215698
1787211671.7878582,0.0,0.0,0.04968073964118957
1787211671.8804584,0.0,0.0,0.04971960186958313
1787211671.923362,0.0,0.0,0.04969784617424011
1787211672.0059187,0.0,0.0,0.049621641635894775
1787211672.0283134,0.0,0.0,0.049548208713531494
1787211672.0729685,0.0,0.0,0.04953205585479736
1787211672.1237862,0.0,0.0,0.04951721429824831
1787211672.1808517,0.0,0.0,0.04961419105529785
1787211672.236637,0.0,0.0,0.04965126514434816
1787211672.287272,0.0,0.0,0.04970774054527283
1787211672.3263803,0.0,0.0,0.04980364441871643
1787211672.3965654,0.0,0.0,0.049838781356811516
1787211672.451977,0.0,0.0,0.049809813499450684
1787211672.4896438,0.0,0.0,0.04979214072227478
1787211672.5616095,0.0,0.0,0.04973098635673524
1787211672.6278799,0.0,0.0,0.049805462360382094
1787211672.702726,0.0,0.0,0.05014309287071229
1787211672.7600188,0.0,0.0,0.05013945698738098
1787211672.7836046,0.0,0.0,0.05013945698738098
1787211672.8679585,0.0,0.0,0.05028057098388672
1787211672.9089727,0.0,0.0,0.05043190717697145
1787211672.9426003,0.0,0.0,0.050379574298858656
1787211673.0116577,0.0,0.0,0.05029883980751038
1787211673.0386941,0.0,0.0,0.05022609233856201
1787211673.075929,0.0,0.0,0.050210386514663696
1787211673.1296108,0.0,0.0,0.05020484328269958
1787211673.1808252,0.0,0.0,0.05018806457519531
1787211673.2323976,0.0,0.0,0.05034103989601135
1787211673.3040996,0.0,0.0,0.050450414419174194
1787211673.3245058,0.0,0.0,0.050527691841125495
1787211673.4068813,0.0,0.0,0.05068674683570863
1787211673.4495227,0.0,0.0,0.050725847482681274
1787211673.4744356,0.0,0.0,0.05071550607681275
1787211673.5274472,0.0,0.0,0.05063515901565552
1787211673.605598,0.0,0.0,0.050599545240402215
1787211673.6392522,0.0,0.0,0.05060988664627075
1787211673.6778073,0.0,0.0,0.05070492625236511
1787211673.723624,0.0,0.0,0.05072307586669923
1787211673.7791789,0.0,0.0,0.05079138278961182
1787211673.838669,0.0,0.0,0.0509670376777649
1787211673.8746896,0.0,0.0,0.050975322723388686
1787211673.9623787,0.0,0.0,0.050922185182571425
1787211674.0117817,0.0,0.0,0.05082431435585023
1787211674.0319188,0.0,0.0,0.05085223913192749
1787211674.1155672,0.0,0.0,0.050798237323761
1787211674.1586854,0.0,0.0,0.05070665478706361
1787211674.1815498,0.0,0.0,0.05073192715644838
1787211674.2239246,0.0,0.0,0.05087661743164063
1787211674.2723844,0.0,0.0,0.05093267560005189
1787211674.3246484,0.0,0.0,0.0509452223777771
1787211674.3774948,0.0,0.0,0.050922185182571425
1787211674.4517827,0.0,0.0,0.050862520933151245
1787211674.5087786,0.0,0.0,0.05082380771636963
1787211674.5446603,0.0,0.0,0.05079543590545654
1787211674.578918,0.0,0.0,0.05081796646118165
1787211674.6788123,0.0,0.0,0.05092862248420715
1787211674.7618587,0.0,0.0,0.051032781600952155
1787211674.806342,0.0,0.0,0.051057964563369765
1787211674.8536963,0.0,0.0,0.05103778839111326
1787211674.8868935,0.0,0.0,0.05104959011077882
1787211674.923085,0.0,0.0,0.050988584756851196
1787211674.9734821,0.0,0.0,0.05094015598297119
1787211675.0315702,0.0,0.0,0.05089926719665527
1787211675.0959632,0.0,0.0,0.050864249467849725
1787211675.1274045,0.0,0.0,0.05072018504142762
1787211675.1745217,0.0,0.0,0.05071747303009033
1787211675.2227657,0.0,0.0,0.050687521696090705
1787211675.2852807,0.0,0.0,0.05086138844490051
1787211675.3265643,0.0,0.0,0.05101180076599122
1787211675.4088259,0.0,0.0,0.05102771520614625
1787211675.4298334,0.0,0.0,0.05122956633567811
1787211675.4867935,0.0,0.0,0.051277518272399895
1787211675.5284421,0.0,0.0,0.05142369866371155
1787211675.6055954,0.0,0.0,0.05149051547050477
1787211675.6539333,0.0,0.0,0.051411658525466926
1787211675.6840587,0.0,0.0,0.051300048828125
1787211675.7603767,0.0,0.0,0.05125534534454345
1787211675.7878268,0.0,0.0,0.051257312297821045
1787211675.848659,0.0,0.0,0.051362395286560066
1787211675.8977,0.0,0.0,0.051392555236816406
1787211675.95359,0.0,0.0,0.051430195569992065
1787211675.9743392,0.0,0.0,0.05146232247352601
1787211676.0400717,0.0,0.0,0.05139836668968199
1787211676.089338,0.0,0.0,0.05133256316184998
1787211676.1293764,0.0,0.0,0.05122146010398865
1787211676.1947894,0.0,0.0,0.05114671587944031
1787211676.251658,0.0,0.0,0.051164984703063965
1787211676.275288,0.0,0.0,0.05127769708633423
1787211676.3351448,0.0,0.0,0.05138254165649414
1787211676.3753922,0.0,0.0,0.05155065655708314
1787211676.438445,0.0,0.0,0.05153098702430724
1787211676.4791408,0.0,0.0,0.05149170756340027
1787211676.551392,0.0,0.0,0.051459610462188714
1787211676.6053483,0.0,0.0,0.05143052339553833
1787211676.6531081,0.0,0.0,0.05138787627220154
1787211676.7034614,0.0,0.0,0.05149334669113159
1787211676.7286322,0.0,0.0,0.05156946182250978
1787211676.7787488,0.0,0.0,0.05165469646453858
1787211676.8520257,0.0,0.0,0.05167245864868164
1787211676.9063718,0.0,0.0,0.0516686737537384
1787211676.9533284,0.0,0.0,0.05169939994812014
1787211676.9729116,0.0,0.0,0.05174216628074647
1787211677.0246816,0.0,0.0,0.05168208479881286
1787211677.0805619,0.0,0.0,0.051569551229476915
1787211677.1280386,0.0,0.0,0.051542043685913086
1787211677.1736352,0.0,0.0,0.051441341638565063
1787211677.2226417,0.0,0.0,0.051470816135406494
1787211677.2764254,0.0,0.0,0.0515977442264557
1787211677.3246324,0.0,0.0,0.05164000391960144
1787211677.37273,0.0,0.0,0.05175608396530152
1787211677.4260015,0.0,0.0,0.05175921320915221
1787211677.5108032,0.0,0.0,0.05164656043052674
1787211677.5290601,0.0,0.0,0.05150848627090454
1787211677.6053154,0.0,0.0,0.051198691129684455
1787211677.623827,0.0,0.0,0.05126592516899109
1787211677.676458,0.0,0.0,0.051441341638565063
1787211677.728514,0.0,0.0,0.05154314637184143
1787211677.7765782,0.0,0.0,0.05161100625991823
1787211677.8231587,0.0,0.0,0.05170547962188722
1787211677.8809612,0.0,0.0,0.051642447710037225
1787211677.9314792,0.0,0.0,0.0515965223312378
1787211677.978731,0.0,0.0,0.0513884723186493
1787211678.023675,0.0,0.0,0.051334768533706665
1787211678.0799162,0.0,0.0,0.05137720704078675
1787211678.1336272,0.0,0.0,0.05150660872459411
1787211678.178321,0.0,0.0,0.0517047941684723
1787211678.2265873,0.0,0.0,0.0517992675304413
1787211678.281535,0.0,0.0,0.051773697137832655
1787211678.3480365,0.0,0.0,0.05175280570983885
1787211678.4118524,0.0,0.0,0.05170276761054994
1787211678.4235606,0.0,0.0,0.05130144953727722
1787211678.4752219,0.0,0.0,0.05129465460777283
1787211678.5588238,0.0,0.0,0.05144745111465453
1787211678.572748,0.0,0.0,0.051548898220062256
1787211678.6250803,0.0,0.0,0.05166801810264587
1787211678.6816428,0.0,0.0,0.051664113998413086
1787211678.7263346,0.0,0.0,0.051679998636245734
1787211678.7858775,0.0,0.0,0.05171382427215576
1787211678.8262458,0.0,0.0,0.05176475644111634
1787211678.873622,0.0,0.0,0.051677703857421875
1787211678.9274635,0.0,0.0,0.05165559053421019
1787211678.9925098,0.0,0.0,0.051587462425231934
1787211679.039511,0.0,0.0,0.051587462425231934
1787211679.0726168,0.0,0.0,0.0516001582145691
1787211679.1224694,0.0,0.0,0.051685184240341187
1787211679.1744733,0.0,0.0,0.051685184240341187
1787211679.2251718,0.0,0.0,0.05183824896812439
1787211679.2758706,0.0,0.0,0.051872849464416504
1787211679.3541596,0.0,0.0,0.05174893140792848
1787211679.3739257,0.0,0.0,0.05172753334045409
1787211679.4226208,0.0,0.0,0.05155721306800842
1787211679.506655,0.0,0.0,0.05161052942276003
1787211679.5274165,0.0,0.0,0.051735162734985365
1787211679.5890088,0.0,0.0,0.05177256464958191
1787211679.6283886,0.0,0.0,0.05177256464958191
1787211679.7039244,0.0,0.0,0.05202433466911316
1787211679.7421043,0.0,0.0,0.052052527666091926
1787211679.7754478,0.0,0.0,0.051938086748123176
1787211679.861726,0.0,0.0,0.05178529024124147
1787211679.8735871,0.0,0.0,0.051786512136459344
1787211679.9256604,0.0,0.0,0.05199620127677919
1787211679.9808593,0.0,0.0,0.05200207233428955
1787211680.026905,0.0,0.0,0.052158325910568244
1787211680.0726626,0.0,0.0,0.05231049656867981
1787211680.122685,0.0,0.0,0.05231180787086488
1787211680.1885529,0.0,0.0,0.05228170752525329
1787211680.2259653,0.0,0.0,0.052102655172348016
1787211680.2821493,0.0,0.0,0.052103787660598755
1787211680.3325994,0.0,0.0,0.05215552449226381
1787211680.3736658,0.0,0.0,0.05212417244911194
1787211680.4528909,0.0,0.0,0.05204561352729798
1787211680.5142486,0.0,0.0,0.052154839038848884
1787211680.5525517,0.0,0.0,0.05225393176078798
1787211680.6059191,0.0,0.0,0.05248314142227173
1787211680.6231933,0.0,0.0,0.05251127481460573
1787211680.7056723,0.0,0.0,0.05247223377227783
1787211680.746054,0.0,0.0,0.052397847175598145
1787211680.7783828,0.0,0.0,0.05231833457946777
1787211680.8265634,0.0,0.0,0.052218288183212294
1787211680.8750744,0.0,0.0,0.052341789007186904
1787211680.9222715,0.0,0.0,0.05245426297187805
1787211680.976876,0.0,0.0,0.05261281132698059
1787211681.0225465,0.0,0.0,0.05264714360237122
1787211681.0781279,0.0,0.0,0.052734583616256714
1787211681.1289818,0.0,0.0,0.05272537469863892
1787211681.177409,0.0,0.0,0.05266344547271729
1787211681.2273588,0.0,0.0,0.052598834037780776
1787211681.2813792,0.0,0.0,0.05239763855934143
1787211681.3270104,0.0,0.0,0.05245208740234375
1787211681.4112096,0.0,0.0,0.05256733298301697
1787211681.435568,0.0,0.0,0.05273646116256714
1787211681.50564,0.0,0.0,0.05298545956611632
1787211681.553808,0.0,0.0,0.05297181010246277
1787211681.6078653,0.0,0.0,0.05287110805511475
1787211681.6318502,0.0,0.0,0.05278825759887694
1787211681.7133446,0.0,0.0,0.05259355902671814
1787211681.733231,0.0,0.0,0.05259653925895692
1787211681.784031,0.0,0.0,0.05270770192146303
1787211681.8329716,0.0,0.0,0.05270254611968994
1787211681.911864,0.0,0.0,0.052907586097717285
1787211681.9393473,0.0,0.0,0.052909433841705315
1787211682.0047193,0.0,0.0,0.05298972129821778
1787211682.048233,0.0,0.0,0.052921175956726095
1787211682.0815551,0.0,0.0,0.052921175956726095
1787211682.124955,0.0,0.0,0.0526680052280426
1787211682.2133844,0.0,0.0,0.05252158641815187
1787211682.2388742,0.0,0.0,0.05254295468330384
1787211682.3121314,0.0,0.0,0.052669107913970954
1787211682.329344,0.0,0.0,0.05272528529167175
1787211682.3738372,0.0,0.0,0.05276107788085936
1787211682.426515,0.0,0.0,0.05281510949134828
1787211682.47562,0.0,0.0,0.05277588963508607
1787211682.5234807,0.0,0.0,0.05277466773986818
1787211682.6037252,0.0,0.0,0.052722156047821045
1787211682.6348317,0.0,0.0,0.05274352431297302
1787211682.6804583,0.0,0.0,0.052672356367111206
1787211682.7584894,0.0,0.0,0.052894800901412964
1787211682.8119757,0.0,0.0,0.05300644040107728
1787211682.837831,0.0,0.0,0.053139984607696526
1787211682.883549,0.0,0.0,0.05329149961471559
1787211682.9629364,0.0,0.0,0.05330577492713928
1787211682.9752755,0.0,0.0,0.05328869819641115
1787211683.0318754,0.0,0.0,0.053116559982299805
1787211683.0733883,0.0,0.0,0.05303847789764404
1787211683.1256633,0.0,0.0,0.05306476354598999
1787211683.17368,0.0,0.0,0.053181916475296014
1787211683.2246664,0.0,0.0,0.053181916475296014
1787211683.3088412,0.0,0.0,0.05327305197715758
1787211683.349046,0.0,0.0,0.053492069244384786
1787211683.4358516,0.0,0.0,0.05347397923469542
1787211683.505905,0.0,0.0,0.05339178442955016
1787211683.5561173,0.0,0.0,0.05323484539985659
1787211683.6285222,0.0,0.0,0.053229391574859626
1787211683.7133374,0.0,0.0,0.0534190833568573
1787211683.727905,0.0,0.0,0.053487092256546014
1787211683.806058,0.0,0.0,0.05351525545120239
1787211683.8582857,0.0,0.0,0.05348590016365052
1787211683.9027245,0.0,0.0,0.05340823531150817
1787211683.9366982,0.0,0.0,0.053371876478195204
1787211683.977811,0.0,0.0,0.0532795488834381
1787211684.0227249,0.0,0.0,0.05335384607315065
1787211684.076094,0.0,0.0,0.05331814289093018
1787211684.1363122,0.0,0.0,0.053490102291107185
1787211684.1774862,0.0,0.0,0.053490102291107185
1787211684.2376602,0.0,0.0,0.053520500659942634
1787211684.2793956,0.0,0.0,0.05355614423751832
1787211684.3250773,0.0,0.0,0.05344632267951965
1787211684.404265,0.0,0.0,0.053460568189620986
1787211684.422538,0.0,0.0,0.05337592959403994
1787211684.4804766,0.0,0.0,0.0533319115638733
1787211684.5506823,0.0,0.0,0.05335065722465515
1787211684.611266,0.0,0.0,0.0533786714076996
1787211684.62327,0.0,0.0,0.05350050330162048
1787211684.7120748,0.0,0.0,0.05357241630554199
1787211684.7359483,0.0,0.0,0.05365440249443054
1787211684.7838225,0.0,0.0,0.05377706885337829
1787211684.8239317,0.0,0.0,0.05377277731895447
1787211684.9150133,0.0,0.0,0.053755879402160645
1787211684.923909,0.0,0.0,0.05366522073745727
1787211684.9727018,0.0,0.0,0.05368277430534362
1787211685.0244665,0.0,0.0,0.05347135663032532
1787211685.0818217,0.0,0.0,0.05360630154609679
1787211685.1244135,0.0,0.0,0.0536310374736786
1787211685.228401,0.0,0.0,0.05394753813743592
1787211685.3128603,0.0,0.0,0.05396220088005067
1787211685.326634,0.0,0.0,0.05383989214897157
1787211685.3728604,0.0,0.0,0.05368936061859132
1787211685.426717,0.0,0.0,0.05358794331550598
1787211685.4743345,0.0,0.0,0.053494274616241455
1787211685.5316944,0.0,0.0,0.05359092354774475
1787211685.5768673,0.0,0.0,0.05381879210472106
1787211685.6473858,0.0,0.0,0.05397006869316101
1787211685.6742783,0.0,0.0,0.05413055419921874
1787211685.723775,0.0,0.0,0.05412262678146363
1787211685.8141751,0.0,0.0,0.05403223633766174
1787211685.8502436,0.0,0.0,0.05387145280838012
1787211685.8797636,0.0,0.0,0.05363300442695619
1787211685.9507844,0.0,0.0,0.05382221937179565
1787211685.9758549,0.0,0.0,0.05393993854522705
1787211686.0250518,0.0,0.0,0.0541209876537323
1787211686.0726035,0.0,0.0,0.05444452166557312
1787211686.1377578,0.0,0.0,0.05446007847785951
1787211686.1731966,0.0,0.0,0.054469585418701186
1787211686.2225237,0.0,0.0,0.054301798343658454
1787211686.2893772,0.0,0.0,0.054143249988555915
1787211686.3284671,0.0,0.0,0.05407249927520752
1787211686.373941,0.0,0.0,0.054167509078979506
1787211686.429165,0.0,0.0,0.054167509078979506
1787211686.4848423,0.0,0.0,0.054167509078979506
1787211686.5228865,0.0,0.0,0.054167509078979506
1787211686.5845382,0.0,0.0,0.054167509078979506
1787211686.6321452,0.0,0.0,0.054167509078979506
1787211686.677506,0.0,0.0,0.054167509078979506
1787211686.7254312,0.0,0.0,0.054167509078979506
1787211686.7738988,0.0,0.0,0.054167509078979506
1787211686.8239818,0.0,0.0,0.054167509078979506
1787211686.8727841,0.0,0.0,0.054167509078979506
1787211686.9227538,0.0,0.0,0.054167509078979506
1787211686.973087,0.0,0.0,0.054167509078979506
1787211687.031104,0.0,0.0,0.054167509078979506
1787211687.072705,0.0,0.0,0.054167509078979506
1787211687.1228142,0.0,0.0,0.054167509078979506
1787211687.180643,0.0,0.0,0.054167509078979506
1787211687.223745,0.0,0.0,0.054167509078979506
1787211687.2728164,0.0,0.0,0.054167509078979506
1787211687.3286915,0.0,0.0,0.054167509078979506
1787211687.3773015,0.0,0.0,0.054167509078979506
1787211687.4244678,0.0,0.0,0.054167509078979506
1787211687.472964,0.0,0.0,0.054167509078979506
1787211687.5226533,0.0,0.0,0.054167509078979506
1787211687.5746882,0.0,0.0,0.054167509078979506
1787211687.6314158,0.0,0.0,0.054167509078979506
1787211687.6737335,0.0,0.0,0.054167509078979506
1787211687.7247446,0.0,0.0,0.054167509078979506
1787211687.7729278,0.0,0.0,0.054167509078979506
1787211687.8244493,0.0,0.0,0.054167509078979506
1787211687.8812368,0.0,0.0,0.054167509078979506
1787211687.9228153,0.0,0.0,0.054167509078979506
1787211687.9730084,0.0,0.0,0.054167509078979506
1787211688.023668,0.0,0.0,0.054167509078979506
1787211688.0735092,0.0,0.0,0.054167509078979506
1787211688.1314552,0.0,0.0,0.054167509078979506
1787211688.177259,0.0,0.0,0.054167509078979506
1787211688.2237344,0.0,0.0,0.054167509078979506
1787211688.2728302,0.0,0.0,0.054167509078979506
1787211688.3264494,0.0,0.0,0.054167509078979506
1787211688.3737292,0.0,0.0,0.054167509078979506
1787211688.4313002,0.0,0.0,0.054167509078979506
1787211688.472498,0.0,0.0,0.054167509078979506
1787211688.526633,0.0,0.0,0.054167509078979506
1787211688.5783398,0.0,0.0,0.054167509078979506
1787211688.622787,0.0,0.0,0.054167509078979506
1787211688.6741898,0.0,0.0,0.054167509078979506
1787211688.7237022,0.0,0.0,0.054167509078979506
1787211688.772796,0.0,0.0,0.054167509078979506
1787211688.9312718,0.0,0.0,0.054167509078979506
1787211689.4968684,0.0,0.0,0.054167509078979506
1787211689.5813951,0.0,0.0,0.054167509078979506
1787211689.6266994,0.0,0.0,0.054167509078979506
1787211690.2173493,0.0,0.0,0.054167509078979506
1787211690.2228496,0.0,0.0,0.054167509078979506
1787211690.2777572,0.0,0.0,0.054167509078979506
1787211690.3255954,0.0,0.0,0.054167509078979506
1787211690.3753562,0.0,0.0,0.054167509078979506
1787211690.4234455,0.0,0.0,0.054167509078979506
1787211690.4727254,0.0,0.0,0.054167509078979506
1787211690.5350456,0.0,0.0,0.054167509078979506
1787211690.5729547,0.0,0.0,0.054167509078979506
1787211690.6263404,0.0,0.0,0.054167509078979506
1787211690.673499,0.0,0.0,0.054167509078979506
1787211690.7235568,0.0,0.0,0.054167509078979506
1787211690.7734563,0.0,0.0,0.054167509078979506
1787211690.8226638,0.0,0.0,0.054167509078979506
1787211690.8765552,0.0,0.0,0.054167509078979506
1787211690.9226277,0.0,0.0,0.054167509078979506
1787211690.9808066,0.0,0.0,0.054167509078979506
1787211691.0255523,0.0,0.0,0.054167509078979506
1787211691.0758138,0.0,0.0,0.054167509078979506
1787211691.130063,0.0,0.0,0.054167509078979506
1787211691.173383,0.0,0.0,0.054167509078979506
1787211691.2275107,0.0,0.0,0.054167509078979506
1787211691.273562,0.0,0.0,0.054167509078979506
1787211691.3227754,0.0,0.0,0.054167509078979506
1787211691.373387,0.0,0.0,0.054167509078979506
1787211691.4271674,0.0,0.0,0.054167509078979506
1787211691.4731233,0.0,0.0,0.054167509078979506
1787211691.5232973,0.0,0.0,0.054167509078979506
1787211691.5727475,0.0,0.0,0.054167509078979506
1787211691.6248696,0.0,0.0,0.054167509078979506
1787211691.6754725,0.0,0.0,0.054167509078979506
1787211691.7227278,0.0,0.0,0.054167509078979506
1787211691.7745097,0.0,0.0,0.054167509078979506
1787211691.8294253,0.0,0.0,0.054167509078979506
1787211691.8749683,0.0,0.0,0.054167509078979506
1787211691.9261916,0.0,0.0,0.054167509078979506
1787211691.9726634,0.0,0.0,0.054167509078979506
1787211692.0234568,0.0,0.0,0.054167509078979506
1787211692.074561,0.0,0.0,0.054167509078979506
1787211692.124523,0.0,0.0,0.054167509078979506
1787211692.1733732,0.0,0.0,0.054167509078979506
1787211692.2235475,0.0,0.0,0.054167509078979506
1787211692.2733142,0.0,0.0,0.054167509078979506
1787211692.3266387,0.0,0.0,0.054167509078979506
1787211692.3735414,0.0,0.0,0.054167509078979506
1787211692.4236112,0.0,0.0,0.054167509078979506
