time,x_odom,y_odom,yaw_odom
1787581183.091718,7.152882690179049e-12,-6.366035625326295e-10,0.012094736099243164
1787581183.1324787,7.152882690179049e-12,-6.366035625326295e-10,0.012094736099243164
1787581183.1792881,7.152882690179049e-12,-6.366035625326295e-10,0.012126207351684569
1787581183.2320318,7.152882690179049e-12,-6.366035625326295e-10,0.012061715126037601
1787581183.2856271,7.152882690179049e-12,-6.366035625326295e-10,0.012061715126037601
1787581183.344227,7.152882690179049e-12,-6.366035625326295e-10,0.011927604675292967
1787581183.3795574,7.152882690179049e-12,-6.366035625326295e-10,0.011927604675292967
1787581183.4668803,7.152882690179049e-12,-6.366035625326295e-10,0.011990427970886232
1787581183.5127873,7.152882690179049e-12,-6.366035625326295e-10,0.012080550193786621
1787581183.5710187,7.152882690179049e-12,-6.366035625326295e-10,0.012311458587646486
1787581183.6114597,7.152882690179049e-12,-6.366035625326295e-10,0.012431502342224121
1787581183.6652136,7.152882690179049e-12,-6.366035625326295e-10,0.01231682300567627
1787581183.7158628,7.152882690179049e-12,-6.366035625326295e-10,0.012282848358154297
1787581183.7626755,7.152882690179049e-12,-6.366035625326295e-10,0.012110948562622072
1787581183.8117723,7.152882690179049e-12,-6.366035625326295e-10,0.01216280460357666
1787581183.8732753,7.152882690179049e-12,-6.366035625326295e-10,0.012221693992614746
1787581183.9127696,7.152882690179049e-12,-6.366035625326295e-10,0.012338280677795414
1787581184.0134122,7.152882690179049e-12,-6.366035625326295e-10,0.012352705001831055
1787581184.084849,7.152882690179049e-12,-6.366035625326295e-10,0.01197600364685059
1787581184.2126427,7.152882690179049e-12,-6.366035625326295e-10,0.012083172798156738
1787581184.2630801,7.152882690179049e-12,-6.366035625326295e-10,0.012071251869201662
1787581184.3182375,7.152882690179049e-12,-6.366035625326295e-10,0.012017846107482908
1787581184.3695695,7.152882690179049e-12,-6.366035625326295e-10,0.011871576309204102
1787581184.4139895,7.152882690179049e-12,-6.366035625326295e-10,0.011729955673217773
1787581184.4826522,7.152882690179049e-12,-6.366035625326295e-10,0.011760711669921875
1787581184.5651362,7.152882690179049e-12,-6.366035625326295e-10,0.012048959732055666
1787581184.6101573,7.152882690179049e-12,-6.366035625326295e-10,0.012256383895874023
1787581184.6705353,7.152882690179049e-12,-6.366035625326295e-10,0.012314915657043459
1787581184.713033,7.152882690179049e-12,-6.366035625326295e-10,0.01221716403961182
1787581184.7773383,7.152882690179049e-12,-6.366035625326295e-10,0.012140870094299318
1787581184.7785687,7.152882690179049e-12,-6.366035625326295e-10,0.012267589569091797
1787581184.8672035,7.152882690179049e-12,-6.366035625326295e-10,0.012324929237365724
1787581184.913369,7.152882690179049e-12,-6.366035625326295e-10,0.012385368347167972
1787581184.96713,7.152882690179049e-12,-6.366035625326295e-10,0.012584686279296875
1787581185.0131423,7.152882690179049e-12,-6.366035625326295e-10,0.012472987174987795
1787581185.0768342,7.152882690179049e-12,-6.366035625326295e-10,0.012412071228027344
1787581185.1126432,7.152882690179049e-12,-6.366035625326295e-10,0.012324571609497074
1787581185.167715,7.152882690179049e-12,-6.366035625326295e-10,0.012317419052124027
1787581185.2156873,7.152882690179049e-12,-6.366035625326295e-10,0.012442588806152347
1787581185.2704098,7.152882690179049e-12,-6.366035625326295e-10,0.012633442878723143
1787581185.31242,7.152882690179049e-12,-6.366035625326295e-10,0.012843370437622072
1787581185.3726048,7.152882690179049e-12,-6.366035625326295e-10,0.012874841690063478
1787581185.4120643,7.152882690179049e-12,-6.366035625326295e-10,0.012782573699951172
1787581185.4770617,7.152882690179049e-12,-6.366035625326295e-10,0.012817502021789553
1787581185.4816744,7.152882690179049e-12,-6.366035625326295e-10,0.012755274772644045
1787581185.5667415,7.152882690179049e-12,-6.366035625326295e-10,0.012743473052978516
1787581185.6144905,7.152882690179049e-12,-6.366035625326295e-10,0.012762308120727543
1787581185.675799,7.152882690179049e-12,-6.366035625326295e-10,0.012837290763854982
1787581185.6799839,7.152882690179049e-12,-6.366035625326295e-10,0.012943863868713379
1787581185.7603588,7.152882690179049e-12,-6.366035625326295e-10,0.012903332710266113
1787581185.8191593,7.152882690179049e-12,-6.366035625326295e-10,0.012825369834899904
1787581185.839252,7.152882690179049e-12,-6.366035625326295e-10,0.01276826858520508
1787581185.8818135,7.152882690179049e-12,-6.366035625326295e-10,0.012783050537109375
1787581185.9284542,7.152882690179049e-12,-6.366035625326295e-10,0.012902379035949704
1787581185.9821794,7.152882690179049e-12,-6.366035625326295e-10,0.012902379035949704
1787581186.0312965,7.152882690179049e-12,-6.366035625326295e-10,0.01299166679382324
1787581186.0785718,7.152882690179049e-12,-6.366035625326295e-10,0.013011336326599121
1787581186.1298778,7.152882690179049e-12,-6.366035625326295e-10,0.012988328933715824
1787581186.1878083,7.152882690179049e-12,-6.366035625326295e-10,0.012907385826110843
1787581186.229593,7.152882690179049e-12,-6.366035625326295e-10,0.012918114662170412
1787581186.2783473,7.152882690179049e-12,-6.366035625326295e-10,0.01300811767578125
1787581186.328849,7.152882690179049e-12,-6.366035625326295e-10,0.013072967529296873
1787581186.3835015,7.152882690179049e-12,-6.366035625326295e-10,0.013072967529296873
1787581186.436768,7.152882690179049e-12,-6.366035625326295e-10,0.013287544250488283
1787581186.5280824,7.152882690179049e-12,-6.366035625326295e-10,0.01343333721160889
1787581186.5294116,7.152882690179049e-12,-6.366035625326295e-10,0.013484954833984378
1787581186.6719532,7.152882690179049e-12,-6.366035625326295e-10,0.013374567031860352
1787581186.7531397,7.152882690179049e-12,-6.366035625326295e-10,0.013312458992004391
1787581186.8242764,7.152882690179049e-12,-6.366035625326295e-10,0.013479232788085934
1787581186.8623507,7.152882690179049e-12,-6.366035625326295e-10,0.013541460037231445
1787581186.912351,7.152882690179049e-12,-6.366035625326295e-10,0.013564348220825192
1787581186.96898,7.152882690179049e-12,-6.366035625326295e-10,0.013652205467224121
1787581187.014646,7.152882690179049e-12,-6.366035625326295e-10,0.01361656188964844
1787581187.0621092,7.152882690179049e-12,-6.366035625326295e-10,0.013597488403320312
1787581187.1166651,7.152882690179049e-12,-6.366035625326295e-10,0.013556480407714844
1787581187.1615522,7.152882690179049e-12,-6.366035625326295e-10,0.01362121105194092
1787581187.2124822,7.152882690179049e-12,-6.366035625326295e-10,0.013677120208740238
1787581187.267447,7.152882690179049e-12,-6.366035625326295e-10,0.013754963874816895
1787581187.311909,7.152882690179049e-12,-6.366035625326295e-10,0.013761878013610842
1787581187.3602066,7.152882690179049e-12,-6.366035625326295e-10,0.013784170150756838
1787581187.4194536,7.152882690179049e-12,-6.366035625326295e-10,0.013751745223999025
1787581187.4728563,7.152882690179049e-12,-6.366035625326295e-10,0.01366865634918213
1787581187.4881246,7.152882690179049e-12,-6.366035625326295e-10,0.013650655746459963
1787581187.569144,7.152882690179049e-12,-6.366035625326295e-10,0.013650655746459963
1787581187.5856338,7.152882690179049e-12,-6.366035625326295e-10,0.013619184494018555
1787581187.666805,7.152882690179049e-12,-6.366035625326295e-10,0.013792753219604492
1787581187.7151332,7.152882690179049e-12,-6.366035625326295e-10,0.013850808143615723
1787581187.771914,7.152882690179049e-12,-6.366035625326295e-10,0.013833999633789062
1787581187.81627,7.152882690179049e-12,-6.366035625326295e-10,0.013843178749084474
1787581187.8698022,7.152882690179049e-12,-6.366035625326295e-10,0.013740658760070804
1787581187.91269,7.152882690179049e-12,-6.366035625326295e-10,0.013579726219177248
1787581187.9689112,7.152882690179049e-12,-6.366035625326295e-10,0.013561248779296873
1787581188.0155885,7.152882690179049e-12,-6.366035625326295e-10,0.01365816593170166
1787581188.1102884,7.152882690179049e-12,-6.366035625326295e-10,0.013672351837158207
1787581188.210885,7.152882690179049e-12,-6.366035625326295e-10,0.013768672943115236
1787581188.270255,7.152882690179049e-12,-6.366035625326295e-10,0.013731956481933597
1787581188.3136528,7.152882690179049e-12,-6.366035625326295e-10,0.013724923133850096
1787581188.3701944,7.152882690179049e-12,-6.366035625326295e-10,0.013823390007019043
1787581188.42087,7.152882690179049e-12,-6.366035625326295e-10,0.013823390007019043
1787581188.4781609,7.152882690179049e-12,-6.366035625326295e-10,0.014006376266479494
1787581188.5744152,7.152882690179049e-12,-6.366035625326295e-10,0.01417076587677002
1787581188.6132376,7.152882690179049e-12,-6.366035625326295e-10,0.014158010482788084
1787581188.6684706,7.152882690179049e-12,-6.366035625326295e-10,0.014119029045104982
1787581188.7170956,7.152882690179049e-12,-6.366035625326295e-10,0.014082551002502443
1787581188.7672617,7.152882690179049e-12,-6.366035625326295e-10,0.014044165611267095
1787581188.806548,7.152882690179049e-12,-6.366035625326295e-10,0.013937830924987796
1787581188.8753247,7.152882690179049e-12,-6.366035625326295e-10,0.0137408971786499
1787581188.9111185,7.152882690179049e-12,-6.366035625326295e-10,0.013852596282958984
1787581188.9755082,7.152882690179049e-12,-6.366035625326295e-10,0.013951659202575689
1787581189.017608,7.152882690179049e-12,-6.366035625326295e-10,0.014128088951110843
1787581189.064256,7.152882690179049e-12,-6.366035625326295e-10,0.0141913890838623
1787581189.1132426,7.152882690179049e-12,-6.366035625326295e-10,0.014223456382751465
1787581189.169936,7.152882690179049e-12,-6.366035625326295e-10,0.01413285732269287
1787581189.2118676,7.152882690179049e-12,-6.366035625326295e-10,0.013999104499816895
1787581189.2734182,7.152882690179049e-12,-6.366035625326295e-10,0.014046549797058107
1787581189.3199198,7.152882690179049e-12,-6.366035625326295e-10,0.014196515083312988
1787581189.3632624,7.152882690179049e-12,-6.366035625326295e-10,0.014258384704589845
1787581189.4659512,7.152882690179049e-12,-6.366035625326295e-10,0.014419913291931156
1787581189.512738,7.152882690179049e-12,-6.366035625326295e-10,0.014468550682067871
1787581189.5734801,7.152882690179049e-12,-6.366035625326295e-10,0.014322876930236816
1787581189.6170847,7.152882690179049e-12,-6.366035625326295e-10,0.014375329017639162
1787581189.6634,7.152882690179049e-12,-6.366035625326295e-10,0.014454483985900877
1787581189.7088196,7.152882690179049e-12,-6.366035625326295e-10,0.01452147960662842
1787581189.7696815,7.152882690179049e-12,-6.366035625326295e-10,0.014598250389099121
1787581189.8073604,7.152882690179049e-12,-6.366035625326295e-10,0.014827251434326172
1787581189.8749824,7.152882690179049e-12,-6.366035625326295e-10,0.014764547348022463
1787581189.9157252,7.152882690179049e-12,-6.366035625326295e-10,0.014570474624633789
1787581189.9661014,7.152882690179049e-12,-6.366035625326295e-10,0.014511227607727054
1787581190.0086923,7.152882690179049e-12,-6.366035625326295e-10,0.014494180679321286
1787581190.0627367,7.152882690179049e-12,-6.366035625326295e-10,0.014603614807128906
1787581190.1080325,7.152882690179049e-12,-6.366035625326295e-10,0.014690995216369625
1787581190.171493,7.152882690179049e-12,-6.366035625326295e-10,0.014908671379089359
1787581190.2632568,7.152882690179049e-12,-6.366035625326295e-10,0.0150531530380249
1787581190.3665853,7.152882690179049e-12,-6.366035625326295e-10,0.014927029609680178
1787581190.4093962,7.152882690179049e-12,-6.366035625326295e-10,0.015012621879577637
1787581190.4759452,7.152882690179049e-12,-6.366035625326295e-10,0.015079617500305176
1787581190.523464,7.152882690179049e-12,-6.366035625326295e-10,0.015221595764160156
1787581190.5610218,7.152882690179049e-12,-6.366035625326295e-10,0.015228390693664553
1787581190.6177201,7.152882690179049e-12,-6.366035625326295e-10,0.015271902084350584
1787581190.665144,7.152882690179049e-12,-6.366035625326295e-10,0.01520073413848877
1787581190.6874557,7.152882690179049e-12,-6.366035625326295e-10,0.015168547630310059
1787581190.7295754,7.152882690179049e-12,-6.366035625326295e-10,0.015168547630310059
1787581190.7931354,7.152882690179049e-12,-6.366035625326295e-10,0.015164852142333986
1787581190.8622665,7.152882690179049e-12,-6.366035625326295e-10,0.015280485153198244
1787581190.9183714,7.152882690179049e-12,-6.366035625326295e-10,0.015446662902832033
1787581190.9645896,7.152882690179049e-12,-6.366035625326295e-10,0.015534758567810059
1787581191.0234437,7.152882690179049e-12,-6.366035625326295e-10,0.01555466651916504
1787581191.0718138,7.152882690179049e-12,-6.366035625326295e-10,0.015502333641052244
1787581191.1602705,7.152882690179049e-12,-6.366035625326295e-10,0.015449166297912598
1787581191.215785,7.152882690179049e-12,-6.366035625326295e-10,0.015498042106628421
1787581191.2616036,7.152882690179049e-12,-6.366035625326295e-10,0.015602946281433104
1787581191.3143308,7.152882690179049e-12,-6.366035625326295e-10,0.01568007469177246
1787581191.3827434,7.152882690179049e-12,-6.366035625326295e-10,0.015703320503234863
1787581191.4784634,7.152882690179049e-12,-6.366035625326295e-10,0.015742182731628418
1787581191.5635436,7.152882690179049e-12,-6.366035625326295e-10,0.015686869621276855
1787581191.608389,7.152882690179049e-12,-6.366035625326295e-10,0.01567554473876953
1787581191.6660132,7.152882690179049e-12,-6.366035625326295e-10,0.01572835445404053
1787581191.711318,7.152882690179049e-12,-6.366035625326295e-10,0.015840888023376465
1787581191.7730887,7.152882690179049e-12,-6.366035625326295e-10,0.015915632247924805
1787581191.8217692,7.152882690179049e-12,-6.366035625326295e-10,0.01593315601348877
1787581191.863001,7.152882690179049e-12,-6.366035625326295e-10,0.01596963405609131
1787581191.9357662,7.152882690179049e-12,-6.366035625326295e-10,0.015914916992187503
1787581192.016689,7.152882690179049e-12,-6.366035625326295e-10,0.01587200164794922
1787581192.053366,7.152882690179049e-12,-6.366035625326295e-10,0.01582038402557373
1787581192.0806794,7.152882690179049e-12,-6.366035625326295e-10,0.01582038402557373
1787581192.160338,7.152882690179049e-12,-6.366035625326295e-10,0.015949606895446777
1787581192.2184465,7.152882690179049e-12,-6.366035625326295e-10,0.016024947166442875
1787581192.2602181,7.152882690179049e-12,-6.366035625326295e-10,0.015964508056640625
1787581192.308753,7.152882690179049e-12,-6.366035625326295e-10,0.01589179039001465
1787581192.3694472,7.152882690179049e-12,-6.366035625326295e-10,0.015828132629394535
1787581192.3924606,7.152882690179049e-12,-6.366035625326295e-10,0.015846848487854007
1787581192.4354262,7.152882690179049e-12,-6.366035625326295e-10,0.015846848487854007
1787581192.4809902,7.152882690179049e-12,-6.366035625326295e-10,0.016019582748413086
1787581192.5674329,7.152882690179049e-12,-6.366035625326295e-10,0.016041040420532227
1787581192.6123378,7.152882690179049e-12,-6.366035625326295e-10,0.016057491302490234
1787581192.6335251,7.152882690179049e-12,-6.366035625326295e-10,0.016092538833618164
1787581192.6906514,7.152882690179049e-12,-6.366035625326295e-10,0.01606273651123047
1787581192.736199,7.152882690179049e-12,-6.366035625326295e-10,0.016009211540222168
1787581192.7853968,7.152882690179049e-12,-6.366035625326295e-10,0.016009211540222168
1787581192.8296287,7.152882690179049e-12,-6.366035625326295e-10,0.01599442958831787
1787581192.91284,7.152882690179049e-12,-6.366035625326295e-10,0.016049504280090332
1787581192.9682693,7.152882690179049e-12,-6.366035625326295e-10,0.016106486320495605
1787581193.0115263,7.152882690179049e-12,-6.366035625326295e-10,0.016268491744995117
1787581193.0708055,7.152882690179049e-12,-6.366035625326295e-10,0.016419887542724613
1787581193.112532,7.152882690179049e-12,-6.366035625326295e-10,0.016372323036193848
1787581193.173225,7.152882690179049e-12,-6.366035625326295e-10,0.016384720802307132
1787581193.2145915,7.152882690179049e-12,-6.366035625326295e-10,0.016432762145996097
1787581193.261857,7.152882690179049e-12,-6.366035625326295e-10,0.01636922359466553
1787581193.3171651,7.152882690179049e-12,-6.366035625326295e-10,0.01631617546081543
1787581193.362609,7.152882690179049e-12,-6.366035625326295e-10,0.01630699634552002
1787581193.4089606,7.152882690179049e-12,-6.366035625326295e-10,0.016392111778259277
1787581193.4672627,7.152882690179049e-12,-6.366035625326295e-10,0.01645207405090332
1787581193.5110707,7.152882690179049e-12,-6.366035625326295e-10,0.016503334045410156
1787581193.5607574,7.152882690179049e-12,-6.366035625326295e-10,0.016592741012573242
1787581193.6374557,7.152882690179049e-12,-6.366035625326295e-10,0.016779541969299316
1787581193.7122414,7.152882690179049e-12,-6.366035625326295e-10,0.016766548156738285
1787581193.8091912,7.152882690179049e-12,-6.366035625326295e-10,0.016745209693908695
1787581193.8607728,7.152882690179049e-12,-6.366035625326295e-10,0.01680099964141846
1787581193.9194334,7.152882690179049e-12,-6.366035625326295e-10,0.016832113265991214
1787581193.965025,7.152882690179049e-12,-6.366035625326295e-10,0.016899347305297848
1787581194.0118146,7.152882690179049e-12,-6.366035625326295e-10,0.016901612281799316
1787581194.0686495,7.152882690179049e-12,-6.366035625326295e-10,0.016837239265441895
1787581194.1112714,7.152882690179049e-12,-6.366035625326295e-10,0.016815423965454105
1787581194.1721313,7.152882690179049e-12,-6.366035625326295e-10,0.016779541969299316
1787581194.2160125,7.152882690179049e-12,-6.366035625326295e-10,0.016748070716857914
1787581194.2747827,7.152882690179049e-12,-6.366035625326295e-10,0.016838550567626953
1787581194.3096054,7.152882690179049e-12,-6.366035625326295e-10,0.016901373863220215
1787581194.3726172,7.152882690179049e-12,-6.366035625326295e-10,0.017024755477905273
1787581194.4094193,7.152882690179049e-12,-6.366035625326295e-10,0.017055153846740726
1787581194.4684823,7.152882690179049e-12,-6.366035625326295e-10,0.017168283462524414
1787581194.5507193,7.152882690179049e-12,-6.366035625326295e-10,0.017113089561462402
1787581194.6198103,7.152882690179049e-12,-6.366035625326295e-10,0.017093181610107425
1787581194.6618917,7.152882690179049e-12,-6.366035625326295e-10,0.017166256904602047
1787581194.7106245,7.152882690179049e-12,-6.366035625326295e-10,0.017185091972351074
1787581194.7674153,7.152882690179049e-12,-6.366035625326295e-10,0.01726686954498291
1787581194.852975,7.152882690179049e-12,-6.366035625326295e-10,0.01729977130889893
1787581194.9181101,7.152882690179049e-12,-6.366035625326295e-10,0.017188549041748047
1787581194.9596384,7.152882690179049e-12,-6.366035625326295e-10,0.01715850830078125
1787581195.0136032,7.152882690179049e-12,-6.366035625326295e-10,0.01713764667510986
1787581195.0748744,7.152882690179049e-12,-6.366035625326295e-10,0.017183542251586918
1787581195.1080084,7.152882690179049e-12,-6.366035625326295e-10,0.017330646514892578
1787581195.1627007,7.152882690179049e-12,-6.366035625326295e-10,0.017366886138916012
1787581195.2207794,7.152882690179049e-12,-6.366035625326295e-10,0.017437458038330078
1787581195.259633,7.152882690179049e-12,-6.366035625326295e-10,0.017465233802795414
1787581195.3133023,7.152882690179049e-12,-6.366035625326295e-10,0.017459273338317875
1787581195.3769307,7.152882690179049e-12,-6.366035625326295e-10,0.017412543296813965
1787581195.3781438,7.152882690179049e-12,-6.366035625326295e-10,0.01738846302032471
1787581195.4685786,7.152882690179049e-12,-6.366035625326295e-10,0.017392992973327633
1787581195.5145237,7.152882690179049e-12,-6.366035625326295e-10,0.017483353614807132
1787581195.5606978,7.152882690179049e-12,-6.366035625326295e-10,0.017540216445922848
1787581195.610108,7.152882690179049e-12,-6.366035625326295e-10,0.017500519752502438
1787581195.666136,7.152882690179049e-12,-6.366035625326295e-10,0.01768946647644043
1787581195.7113628,7.152882690179049e-12,-6.366035625326295e-10,0.017743468284606937
1787581195.7724512,7.152882690179049e-12,-6.366035625326295e-10,0.017753481864929196
1787581195.7835584,7.152882690179049e-12,-6.366035625326295e-10,0.017656326293945312
1787581195.8648233,7.152882690179049e-12,-6.366035625326295e-10,0.017635464668273926
1787581195.9239957,7.152882690179049e-12,-6.366035625326295e-10,0.017637968063354492
1787581195.9689438,7.152882690179049e-12,-6.366035625326295e-10,0.017750859260559082
1787581196.0069244,7.152882690179049e-12,-6.366035625326295e-10,0.0178680419921875
1787581196.0726762,7.152882690179049e-12,-6.366035625326295e-10,0.01791775226593018
1787581196.115916,7.152882690179049e-12,-6.366035625326295e-10,0.01795005798339844
1787581196.1629705,7.152882690179049e-12,-6.366035625326295e-10,0.017883777618408203
1787581196.2175972,7.152882690179049e-12,-6.366035625326295e-10,0.01783311367034912
1787581196.2679913,7.152882690179049e-12,-6.366035625326295e-10,0.017739892005920407
1787581196.3101835,7.152882690179049e-12,-6.366035625326295e-10,0.017686009407043457
1787581196.3750358,7.152882690179049e-12,-6.366035625326295e-10,0.01777195930480957
1787581196.4116874,7.152882690179049e-12,-6.366035625326295e-10,0.01790058612823486
1787581196.466858,7.152882690179049e-12,-6.366035625326295e-10,0.01798665523529053
1787581196.5159185,7.152882690179049e-12,-6.366035625326295e-10,0.017955541610717773
1787581196.5604722,7.152882690179049e-12,-6.366035625326295e-10,0.01792621612548828
1787581196.6090767,7.152882690179049e-12,-6.366035625326295e-10,0.01789867877960205
1787581196.669006,7.152882690179049e-12,-6.366035625326295e-10,0.017834186553955078
1787581196.7125204,7.152882690179049e-12,-6.366035625326295e-10,0.017931103706359867
1787581196.762314,7.152882690179049e-12,-6.366035625326295e-10,0.017964720726013184
1787581196.815925,7.152882690179049e-12,-6.366035625326295e-10,0.01800704002380371
1787581196.8590353,7.152882690179049e-12,-6.366035625326295e-10,0.018021941184997566
1787581196.9123387,7.152882690179049e-12,-6.366035625326295e-10,0.01798665523529053
1787581196.9685502,7.152882690179049e-12,-6.366035625326295e-10,0.017879962921142578
1787581197.0712528,7.152882690179049e-12,-6.366035625326295e-10,0.01785600185394287
1787581197.1200194,7.152882690179049e-12,-6.366035625326295e-10,0.017859220504760742
1787581197.1693108,7.152882690179049e-12,-6.366035625326295e-10,0.017953276634216312
1787581197.2067232,7.152882690179049e-12,-6.366035625326295e-10,0.01801431179046631
1787581197.2685852,7.152882690179049e-12,-6.366035625326295e-10,0.018106579780578613
1787581197.3058832,7.152882690179049e-12,-6.366035625326295e-10,0.018107891082763672
1787581197.3719263,7.152882690179049e-12,-6.366035625326295e-10,0.018056392669677734
1787581197.4141932,7.152882690179049e-12,-6.366035625326295e-10,0.018016695976257324
1787581197.4621575,7.152882690179049e-12,-6.366035625326295e-10,0.017987012863159176
1787581197.5211358,7.152882690179049e-12,-6.366035625326295e-10,0.018071532249450684
1787581197.5635004,7.152882690179049e-12,-6.366035625326295e-10,0.01820969581604004
1787581197.6105337,7.152882690179049e-12,-6.366035625326295e-10,0.018268465995788574
1787581197.6711674,7.152882690179049e-12,-6.366035625326295e-10,0.018335223197937008
1787581197.7070792,7.152882690179049e-12,-6.366035625326295e-10,0.01829349994659424
1787581197.7620516,7.152882690179049e-12,-6.366035625326295e-10,0.01829540729522705
1787581197.8185792,7.152882690179049e-12,-6.366035625326295e-10,0.01826345920562744
1787581197.8625731,7.152882690179049e-12,-6.366035625326295e-10,0.018236279487609863
1787581197.9687052,7.152882690179049e-12,-6.366035625326295e-10,0.01823103427886963
1787581198.0056434,7.152882690179049e-12,-6.366035625326295e-10,0.0183408260345459
1787581198.0615296,7.152882690179049e-12,-6.366035625326295e-10,0.01833724975585938
1787581198.1137226,7.152882690179049e-12,-6.366035625326295e-10,0.018445253372192386
1787581198.2006779,7.152882690179049e-12,-6.366035625326295e-10,0.01832878589630127
1787581198.268536,7.152882690179049e-12,-6.366035625326295e-10,0.01827514171600342
1787581198.3045237,7.152882690179049e-12,-6.366035625326295e-10,0.018427133560180664
1787581198.3628392,7.152882690179049e-12,-6.366035625326295e-10,0.018485665321350098
1787581198.4177861,7.152882690179049e-12,-6.366035625326295e-10,0.01867985725402832
1787581198.4612503,7.152882690179049e-12,-6.366035625326295e-10,0.01866114139556885
1787581198.5056918,7.152882690179049e-12,-6.366035625326295e-10,0.018588542938232422
1787581198.567848,7.152882690179049e-12,-6.366035625326295e-10,0.018519163131713867
1787581198.6050901,7.152882690179049e-12,-6.366035625326295e-10,0.01845073699951172
1787581198.6611626,7.152882690179049e-12,-6.366035625326295e-10,0.018413305282592773
1787581198.7127018,7.152882690179049e-12,-6.366035625326295e-10,0.01841926574707031
1787581198.761365,7.152882690179049e-12,-6.366035625326295e-10,0.018510222434997562
1787581198.8197076,7.152882690179049e-12,-6.366035625326295e-10,0.01865959167480469
1787581198.8688967,7.152882690179049e-12,-6.366035625326295e-10,0.018607378005981445
1787581198.9199202,7.152882690179049e-12,-6.366035625326295e-10,0.018520236015319828
1787581198.9597101,7.152882690179049e-12,-6.366035625326295e-10,0.018486499786376957
1787581199.0211253,7.152882690179049e-12,-6.366035625326295e-10,0.018518447875976562
1787581199.058899,7.152882690179049e-12,-6.366035625326295e-10,0.018637895584106445
1787581199.1150646,7.152882690179049e-12,-6.366035625326295e-10,0.018793582916259766
1787581199.1693106,7.152882690179049e-12,-6.366035625326295e-10,0.018869757652282715
1787581199.261158,7.152882690179049e-12,-6.366035625326295e-10,0.01878952980041504
1787581199.3179672,7.152882690179049e-12,-6.366035625326295e-10,0.018716931343078617
1787581199.362232,7.152882690179049e-12,-6.366035625326295e-10,0.01879167556762695
1787581199.4082112,7.152882690179049e-12,-6.366035625326295e-10,0.018845915794372562
1787581199.4687817,7.152882690179049e-12,-6.366035625326295e-10,0.018873214721679688
1787581199.5099795,7.152882690179049e-12,-6.366035625326295e-10,0.018846511840820312
1787581199.5616715,7.152882690179049e-12,-6.366035625326295e-10,0.018851280212402344
1787581199.608717,7.152882690179049e-12,-6.366035625326295e-10,0.018651008605957035
1787581199.6640656,7.152882690179049e-12,-6.366035625326295e-10,0.01859128475189209
1787581199.707474,7.152882690179049e-12,-6.366035625326295e-10,0.018525838851928714
1787581199.7695763,7.152882690179049e-12,-6.366035625326295e-10,0.018597960472106934
1787581199.8133621,7.152882690179049e-12,-6.366035625326295e-10,0.01870143413543701
1787581199.86471,7.152882690179049e-12,-6.366035625326295e-10,0.01871275901794434
1787581199.9190419,7.152882690179049e-12,-6.366035625326295e-10,0.018677353858947754
1787581199.9622252,7.152882690179049e-12,-6.366035625326295e-10,0.01859128475189209
1787581200.009832,7.152882690179049e-12,-6.366035625326295e-10,0.018509745597839355
1787581200.0705888,7.152882690179049e-12,-6.366035625326295e-10,0.018524885177612305
1787581200.1084654,7.152882690179049e-12,-6.366035625326295e-10,0.01862800121307373
1787581200.1779275,7.152882690179049e-12,-6.366035625326295e-10,0.018638730049133304
1787581200.1793919,7.152882690179049e-12,-6.366035625326295e-10,0.018705606460571286
1787581200.2626107,7.152882690179049e-12,-6.366035625326295e-10,0.018778443336486816
1787581200.310271,7.152882690179049e-12,-6.366035625326295e-10,0.018731355667114258
1787581200.3644881,7.152882690179049e-12,-6.366035625326295e-10,0.018682479858398434
1787581200.407663,7.152882690179049e-12,-6.366035625326295e-10,0.018529891967773438
1787581200.4604626,7.152882690179049e-12,-6.366035625326295e-10,0.018545150756835938
1787581200.515579,7.152882690179049e-12,-6.366035625326295e-10,0.01846563816070557
1787581200.5605416,7.152882690179049e-12,-6.366035625326295e-10,0.018631815910339355
1787581200.606302,7.152882690179049e-12,-6.366035625326295e-10,0.018672704696655277
1787581200.6657667,7.152882690179049e-12,-6.366035625326295e-10,0.018727779388427734
1787581200.708552,7.152882690179049e-12,-6.366035625326295e-10,0.01882648468017578
1787581200.770427,7.152882690179049e-12,-6.366035625326295e-10,0.018772482872009277
1787581200.8129728,7.152882690179049e-12,-6.366035625326295e-10,0.01868832111358643
1787581200.8595178,7.152882690179049e-12,-6.366035625326295e-10,0.01867461204528809
1787581200.9104955,7.152882690179049e-12,-6.366035625326295e-10,0.018705487251281742
1787581200.9671845,7.152882690179049e-12,-6.366035625326295e-10,0.01879429817199707
1787581201.0094,7.152882690179049e-12,-6.366035625326295e-10,0.01890361309051514
1787581201.06932,7.152882690179049e-12,-6.366035625326295e-10,0.01894104480743408
1787581201.1128328,7.152882690179049e-12,-6.366035625326295e-10,0.018928050994873043
1787581201.1524334,7.152882690179049e-12,-6.366035625326295e-10,0.01887822151184082
1787581201.1794586,7.152882690179049e-12,-6.366035625326295e-10,0.01887822151184082
1787581201.228869,7.152882690179049e-12,-6.366035625326295e-10,0.018798112869262695
1787581201.2803593,7.152882690179049e-12,-6.366035625326295e-10,0.018812060356140137
1787581201.3286626,7.152882690179049e-12,-6.366035625326295e-10,0.01885855197906494
1787581201.3799448,7.152882690179049e-12,-6.366035625326295e-10,0.019028067588806152
1787581201.4294376,7.152882690179049e-12,-6.366035625326295e-10,0.01927304267883301
1787581201.4794443,7.152882690179049e-12,-6.366035625326295e-10,0.019308328628540036
1787581201.528878,7.152882690179049e-12,-6.366035625326295e-10,0.019268035888671875
1787581201.5806928,7.152882690179049e-12,-6.366035625326295e-10,0.019208908081054688
1787581201.6303682,7.152882690179049e-12,-6.366035625326295e-10,0.01919984817504883
1787581201.6787603,7.152882690179049e-12,-6.366035625326295e-10,0.01926100254058838
1787581201.7289627,7.152882690179049e-12,-6.366035625326295e-10,0.01933109760284424
1787581201.7803056,7.152882690179049e-12,-6.366035625326295e-10,0.019387125968933105
1787581201.8286219,7.152882690179049e-12,-6.366035625326295e-10,0.019543886184692383
1787581201.8803444,7.152882690179049e-12,-6.366035625326295e-10,0.019493818283081055
1787581201.9302068,7.152882690179049e-12,-6.366035625326295e-10,0.019469380378723145
1787581201.9809816,7.152882690179049e-12,-6.366035625326295e-10,0.019517421722412113
1787581202.0292356,7.152882690179049e-12,-6.366035625326295e-10,0.01961493492126465
1787581202.0789046,7.152882690179049e-12,-6.366035625326295e-10,0.019663810729980472
1787581202.130693,7.152882690179049e-12,-6.366035625326295e-10,0.019755840301513672
1787581202.1797879,7.152882690179049e-12,-6.366035625326295e-10,0.019673705101013184
1787581202.2296221,7.152882690179049e-12,-6.366035625326295e-10,0.019658327102661133
1787581202.2835352,7.152882690179049e-12,-6.366035625326295e-10,0.01962804794311523
1787581202.3304117,7.152882690179049e-12,-6.366035625326295e-10,0.01968848705291748
1787581202.3845077,7.152882690179049e-12,-6.366035625326295e-10,0.01976191997528076
1787581202.4315603,7.152882690179049e-12,-6.366035625326295e-10,0.019854545593261722
1787581202.48449,7.152882690179049e-12,-6.366035625326295e-10,0.019840598106384277
1787581202.5333676,7.152882690179049e-12,-6.366035625326295e-10,0.019779443740844727
1787581202.5796275,7.152882690179049e-12,-6.366035625326295e-10,0.01973640918731689
1787581202.6315086,7.152882690179049e-12,-6.366035625326295e-10,0.01950061321258545
1787581202.6797743,7.152882690179049e-12,-6.366035625326295e-10,0.019583702087402344
1787581202.7373228,7.152882690179049e-12,-6.366035625326295e-10,0.019641160964965824
1787581202.7837188,7.152882690179049e-12,-6.366035625326295e-10,0.01977479457855225
1787581202.829367,7.152882690179049e-12,-6.366035625326295e-10,0.019805669784545902
1787581202.8817532,7.152882690179049e-12,-6.366035625326295e-10,0.019805431365966797
1787581202.9287589,7.152882690179049e-12,-6.366035625326295e-10,0.019768595695495605
1787581202.9797766,7.152882690179049e-12,-6.366035625326295e-10,0.019758582115173336
1787581203.0306032,7.152882690179049e-12,-6.366035625326295e-10,0.01977324485778809
1787581203.0907905,7.152882690179049e-12,-6.366035625326295e-10,0.01984643936157227
1787581203.1297255,7.152882690179049e-12,-6.366035625326295e-10,0.019959211349487305
1787581203.1852956,7.152882690179049e-12,-6.366035625326295e-10,0.01997530460357666
1787581203.2312458,7.152882690179049e-12,-6.366035625326295e-10,0.019988536834716804
1787581203.2796586,7.152882690179049e-12,-6.366035625326295e-10,0.019946694374084473
1787581203.3290017,7.152882690179049e-12,-6.366035625326295e-10,0.019856095314025875
1787581203.3838606,7.152882690179049e-12,-6.366035625326295e-10,0.019897222518920902
1787581203.430743,7.152882690179049e-12,-6.366035625326295e-10,0.019934654235839847
1787581203.480943,7.152882690179049e-12,-6.366035625326295e-10,0.019949197769165036
1787581203.5377243,7.152882690179049e-12,-6.366035625326295e-10,0.01996934413909912
1787581203.5897353,7.152882690179049e-12,-6.366035625326295e-10,0.019906997680664062
1787581203.629835,7.152882690179049e-12,-6.366035625326295e-10,0.019852995872497562
1787581203.6986756,7.152882690179049e-12,-6.366035625326295e-10,0.019816160202026364
1787581203.7298846,7.152882690179049e-12,-6.366035625326295e-10,0.019887804985046387
1787581203.7831976,7.152882690179049e-12,-6.366035625326295e-10,0.019888997077941898
1787581203.828932,7.152882690179049e-12,-6.366035625326295e-10,0.01996827125549316
1787581203.8815522,7.152882690179049e-12,-6.366035625326295e-10,0.02008199691772461
1787581203.9296963,7.152882690179049e-12,-6.366035625326295e-10,0.02012300491333008
1787581203.979792,7.152882690179049e-12,-6.366035625326295e-10,0.02017199993133545
1787581204.0294116,7.152882690179049e-12,-6.366035625326295e-10,0.020137190818786625
1787581204.0818605,7.152882690179049e-12,-6.366035625326295e-10,0.020083308219909668
1787581204.1287816,7.152882690179049e-12,-6.366035625326295e-10,0.0201188325881958
1787581204.1837964,7.152882690179049e-12,-6.366035625326295e-10,0.0201188325881958
1787581204.230752,7.152882690179049e-12,-6.366035625326295e-10,0.020232439041137695
1787581204.2880685,7.152882690179049e-12,-6.366035625326295e-10,0.02030229568481445
1787581204.3293793,7.152882690179049e-12,-6.366035625326295e-10,0.020453214645385746
1787581204.379966,7.152882690179049e-12,-6.366035625326295e-10,0.02045607566833496
1787581204.4304671,7.152882690179049e-12,-6.366035625326295e-10,0.020370721817016605
1787581204.4938,7.152882690179049e-12,-6.366035625326295e-10,0.020300507545471188
1787581204.532041,7.152882690179049e-12,-6.366035625326295e-10,0.020269751548767093
1787581204.5795972,7.152882690179049e-12,-6.366035625326295e-10,0.020435333251953125
1787581204.6298306,7.152882690179049e-12,-6.366035625326295e-10,0.020450353622436527
1787581204.7017207,7.152882690179049e-12,-6.366035625326295e-10,0.020487189292907715
1787581204.7289271,7.152882690179049e-12,-6.366035625326295e-10,0.020422816276550293
1787581204.7861352,7.152882690179049e-12,-6.366035625326295e-10,0.02031862735748291
1787581204.8301454,7.152882690179049e-12,-6.366035625326295e-10,0.020053982734680176
1787581204.8846877,7.152882690179049e-12,-6.366035625326295e-10,0.02013576030731201
1787581204.932828,7.152882690179049e-12,-6.366035625326295e-10,0.0201733112335205
1787581204.9794242,7.152882690179049e-12,-6.366035625326295e-10,0.020345807075500495
1787581205.0288868,7.152882690179049e-12,-6.366035625326295e-10,0.02039802074432373
1787581205.0957954,7.152882690179049e-12,-6.366035625326295e-10,0.02033364772796631
1787581205.129632,7.152882690179049e-12,-6.366035625326295e-10,0.02023911476135254
1787581205.1807375,7.152882690179049e-12,-6.366035625326295e-10,0.020210146903991703
1787581205.2301228,7.152882690179049e-12,-6.366035625326295e-10,0.02032482624053955
1787581205.2825992,7.152882690179049e-12,-6.366035625326295e-10,0.020327568054199222
1787581205.3314514,7.152882690179049e-12,-6.366035625326295e-10,0.02038097381591797
1787581205.3809052,7.152882690179049e-12,-6.366035625326295e-10,0.020478129386901855
1787581205.4302158,7.152882690179049e-12,-6.366035625326295e-10,0.020444393157958984
1787581205.4799724,7.152882690179049e-12,-6.366035625326295e-10,0.020444393157958984
1787581205.5303776,7.152882690179049e-12,-6.366035625326295e-10,0.020338058471679684
1787581205.578656,7.152882690179049e-12,-6.366035625326295e-10,0.020375728607177734
1787581205.6287868,7.152882690179049e-12,-6.366035625326295e-10,0.020451188087463382
1787581205.6792612,7.152882690179049e-12,-6.366035625326295e-10,0.02074205875396729
1787581205.7291605,7.152882690179049e-12,-6.366035625326295e-10,0.020791530609130863
1787581205.7794552,7.152882690179049e-12,-6.366035625326295e-10,0.020741939544677738
1787581205.8325946,7.152882690179049e-12,-6.366035625326295e-10,0.02068197727203369
1787581205.882705,7.152882690179049e-12,-6.366035625326295e-10,0.020711183547973636
1787581205.932453,7.152882690179049e-12,-6.366035625326295e-10,0.020718574523925778
1787581205.9856246,7.152882690179049e-12,-6.366035625326295e-10,0.020692110061645508
1787581206.0314872,7.152882690179049e-12,-6.366035625326295e-10,0.02052843570709229
1787581206.0808947,7.152882690179049e-12,-6.366035625326295e-10,0.02060186862945557
1787581206.1335537,7.152882690179049e-12,-6.366035625326295e-10,0.020644307136535648
1787581206.1792254,7.152882690179049e-12,-6.366035625326295e-10,0.020737051963806156
1787581206.2296517,7.152882690179049e-12,-6.366035625326295e-10,0.02073037624359131
1787581206.2808332,7.152882690179049e-12,-6.366035625326295e-10,0.02085208892822266
1787581206.334349,7.152882690179049e-12,-6.366035625326295e-10,0.020934104919433594
1787581206.3807838,7.152882690179049e-12,-6.366035625326295e-10,0.021143317222595215
1787581206.4316318,7.152882690179049e-12,-6.366035625326295e-10,0.02109026908874511
1787581206.479716,7.152882690179049e-12,-6.366035625326295e-10,0.020994305610656742
1787581206.5346265,7.152882690179049e-12,-6.366035625326295e-10,0.020935297012329105
1787581206.578602,7.152882690179049e-12,-6.366035625326295e-10,0.020961046218872067
1787581206.638606,7.152882690179049e-12,-6.366035625326295e-10,0.021059870719909668
1787581206.6795406,7.152882690179049e-12,-6.366035625326295e-10,0.021144390106201175
1787581206.7305446,7.152882690179049e-12,-6.366035625326295e-10,0.02121317386627197
1787581206.7807047,7.152882690179049e-12,-6.366035625326295e-10,0.02131247520446777
1787581206.847448,7.152882690179049e-12,-6.366035625326295e-10,0.021298885345458984
1787581206.87963,7.152882690179049e-12,-6.366035625326295e-10,0.021313309669494625
1787581206.9296849,7.152882690179049e-12,-6.366035625326295e-10,0.021282553672790527
1787581206.9786258,7.152882690179049e-12,-6.366035625326295e-10,0.021265149116516113
1787581207.039874,7.152882690179049e-12,-6.366035625326295e-10,0.021377682685852054
1787581207.0875504,7.152882690179049e-12,-6.366035625326295e-10,0.021448135375976562
1787581207.1291006,7.152882690179049e-12,-6.366035625326295e-10,0.021421432495117184
1787581207.1836684,7.152882690179049e-12,-6.366035625326295e-10,0.02174675464630127
1787581207.2476995,7.152882690179049e-12,-6.366035625326295e-10,0.021944403648376465
1787581207.2799103,7.152882690179049e-12,-6.366035625326295e-10,0.022026777267456058
1787581207.3342187,7.152882690179049e-12,-6.366035625326295e-10,0.022003889083862305
1787581207.3788621,7.152882690179049e-12,-6.366035625326295e-10,0.021961092948913574
1787581207.4301283,7.152882690179049e-12,-6.366035625326295e-10,0.021968722343444824
1787581207.4789228,7.152882690179049e-12,-6.366035625326295e-10,0.022012352943420414
1787581207.5358343,7.152882690179049e-12,-6.366035625326295e-10,0.022059559822082516
1787581207.5794568,7.152882690179049e-12,-6.366035625326295e-10,0.022059559822082516
1787581207.629199,7.152882690179049e-12,-6.366035625326295e-10,0.022294521331787106
1787581207.688521,7.152882690179049e-12,-6.366035625326295e-10,0.022205948829650875
1787581207.7304916,7.152882690179049e-12,-6.366035625326295e-10,0.02208268642425537
1787581207.779134,7.152882690179049e-12,-6.366035625326295e-10,0.021890282630920407
1787581207.8300185,7.152882690179049e-12,-6.366035625326295e-10,0.021903634071350098
1787581207.8831263,7.152882690179049e-12,-6.366035625326295e-10,0.022025704383850098
1787581207.9603188,7.152882690179049e-12,-6.366035625326295e-10,0.022101402282714847
1787581208.042079,7.152882690179049e-12,-6.366035625326295e-10,0.022252917289733887
1787581208.124672,7.152882690179049e-12,-6.366035625326295e-10,0.02231991291046143
1787581208.1844141,7.152882690179049e-12,-6.366035625326295e-10,0.022301077842712402
1787581208.2702656,7.152882690179049e-12,-6.366035625326295e-10,0.02234816551208496
1787581208.321473,7.152882690179049e-12,-6.366035625326295e-10,0.022263646125793457
1787581208.3609192,7.152882690179049e-12,-6.366035625326295e-10,0.022286653518676758
1787581208.4064481,7.152882690179049e-12,-6.366035625326295e-10,0.0223996639251709
1787581208.46342,7.152882690179049e-12,-6.366035625326295e-10,0.02259469032287598
1787581208.5056818,7.152882690179049e-12,-6.366035625326295e-10,0.022473454475402832
1787581208.5663736,7.152882690179049e-12,-6.366035625326295e-10,0.022416472434997562
1787581208.6274214,7.152882690179049e-12,-6.366035625326295e-10,0.02234113216400147
1787581208.6597552,7.152882690179049e-12,-6.366035625326295e-10,0.02229917049407959
1787581208.7137537,7.152882690179049e-12,-6.366035625326295e-10,0.022172212600708004
1787581208.7589812,7.152882690179049e-12,-6.366035625326295e-10,0.02225911617279053
1787581208.805025,7.152882690179049e-12,-6.366035625326295e-10,0.022325873374938965
1787581208.8642123,7.152882690179049e-12,-6.366035625326295e-10,0.02243316173553467
1787581208.9063535,7.152882690179049e-12,-6.366035625326295e-10,0.022516727447509766
1787581208.9670231,7.152882690179049e-12,-6.366035625326295e-10,0.022479653358459473
1787581209.0096917,7.152882690179049e-12,-6.366035625326295e-10,0.022415518760681152
1787581209.0578988,7.152882690179049e-12,-6.366035625326295e-10,0.02238273620605469
1787581209.1056113,7.152882690179049e-12,-6.366035625326295e-10,0.022373080253601078
1787581209.1600819,7.152882690179049e-12,-6.366035625326295e-10,0.022438287734985348
1787581209.2073307,7.152882690179049e-12,-6.366035625326295e-10,0.022449016571044925
1787581209.2644687,7.152882690179049e-12,-6.366035625326295e-10,0.022532224655151364
1787581209.3051808,7.152882690179049e-12,-6.366035625326295e-10,0.02258896827697754
1787581209.3707354,7.152882690179049e-12,-6.366035625326295e-10,0.022748231887817386
1787581209.41637,7.152882690179049e-12,-6.366035625326295e-10,0.02267289161682129
1787581209.5046608,7.152882690179049e-12,-6.366035625326295e-10,0.022609949111938477
1787581209.5639198,7.152882690179049e-12,-6.366035625326295e-10,0.022547245025634762
1787581209.6051247,7.152882690179049e-12,-6.366035625326295e-10,0.02255809307098389
1787581209.663883,7.152882690179049e-12,-6.366035625326295e-10,0.02261996269226074
1787581209.7128172,7.152882690179049e-12,-6.366035625326295e-10,0.022690415382385257
1787581209.7632003,7.152882690179049e-12,-6.366035625326295e-10,0.02268552780151367
1787581209.8047163,7.152882690179049e-12,-6.366035625326295e-10,0.02268493175506592
1787581209.8637516,7.152882690179049e-12,-6.366035625326295e-10,0.022650957107543945
1787581209.903733,7.152882690179049e-12,-6.366035625326295e-10,0.022602081298828125
1787581210.0066912,7.152882690179049e-12,-6.366035625326295e-10,0.022482156753540043
1787581210.0544958,7.152882690179049e-12,-6.366035625326295e-10,0.02251267433166504
1787581210.111169,7.152882690179049e-12,-6.366035625326295e-10,0.022525668144226078
1787581210.1807096,7.152882690179049e-12,-6.366035625326295e-10,0.02263736724853516
1787581210.268589,7.152882690179049e-12,-6.366035625326295e-10,0.02258741855621338
1787581210.3070748,7.152882690179049e-12,-6.366035625326295e-10,0.022482991218566895
1787581210.3541589,7.152882690179049e-12,-6.366035625326295e-10,0.022458791732788082
1787581210.4166594,7.152882690179049e-12,-6.366035625326295e-10,0.022447705268859863
1787581210.457262,7.152882690179049e-12,-6.366035625326295e-10,0.022453904151916504
1787581210.5037508,7.152882690179049e-12,-6.366035625326295e-10,0.022487759590148922
1787581210.5791035,7.152882690179049e-12,-6.366035625326295e-10,0.022594332695007328
1787581210.6554804,7.152882690179049e-12,-6.366035625326295e-10,0.022602558135986325
1787581210.7124343,7.152882690179049e-12,-6.366035625326295e-10,0.022559642791748047
1787581210.7564342,7.152882690179049e-12,-6.366035625326295e-10,0.02239227294921875
1787581210.805393,7.152882690179049e-12,-6.366035625326295e-10,0.02247452735900879
1787581210.8623314,7.152882690179049e-12,-6.366035625326295e-10,0.022591233253479007
1787581210.9452345,7.152882690179049e-12,-6.366035625326295e-10,0.022636413574218753
1787581211.0107872,7.152882690179049e-12,-6.366035625326295e-10,0.022655487060546875
1787581211.053997,7.152882690179049e-12,-6.366035625326295e-10,0.022657990455627445
1787581211.1042125,7.152882690179049e-12,-6.366035625326295e-10,0.022577762603759766
1787581211.158785,7.152882690179049e-12,-6.366035625326295e-10,0.02253270149230957
1787581211.202145,7.152882690179049e-12,-6.366035625326295e-10,0.022478103637695312
1787581211.281494,7.152882690179049e-12,-6.366035625326295e-10,0.02245819568634033
1787581211.356582,7.152882690179049e-12,-6.366035625326295e-10,0.02270150184631348
1787581211.4035773,7.152882690179049e-12,-6.366035625326295e-10,0.022738575935363766
1787581211.4637434,2.5304169980243253e-05,5.739830663551416e-07,0.02267062664031982
1787581211.5542195,-2.906745897039882e-11,9.606297103621516e-10,0.02261233329772949
1787581211.6083012,-2.906745897039882e-11,9.606297103621516e-10,0.02241194248199463
1787581211.6554062,-2.906745897039882e-11,9.606297103621516e-10,0.02244031429290771
1787581211.7088294,-2.906745897039882e-11,9.606297103621516e-10,0.0224761962890625
1787581211.75826,-2.906745897039882e-11,9.606297103621516e-10,0.022454380989074704
1787581211.8098412,-2.906745897039882e-11,9.606297103621516e-10,0.022474765777587887
1787581211.8672075,-2.906745897039882e-11,9.606297103621516e-10,0.022459268569946293
1787581211.9121978,-2.906745897039882e-11,9.606297103621516e-10,0.022422432899475098
1787581211.956786,-2.906745897039882e-11,9.606297103621516e-10,0.0224078893661499
1787581212.016157,-2.906745897039882e-11,9.606297103621516e-10,0.022494316101074215
1787581212.0591474,-2.906745897039882e-11,9.606297103621516e-10,0.022529482841491703
1787581212.1651592,-2.906745897039882e-11,9.606297103621516e-10,0.022546291351318356
1787581212.2070029,-2.906745897039882e-11,9.606297103621516e-10,0.022656679153442383
1787581212.2559984,-2.906745897039882e-11,9.606297103621516e-10,0.022605776786804196
1787581212.3271098,-2.906745897039882e-11,9.606297103621516e-10,0.02258074283599854
1787581212.3565264,-2.906745897039882e-11,9.606297103621516e-10,0.02253878116607666
1787581212.462501,-2.906745897039882e-11,9.606297103621516e-10,0.022537112236022953
1787581212.5028791,-2.906745897039882e-11,9.606297103621516e-10,0.02269244194030762
1787581212.567203,-2.906745897039882e-11,9.606297103621516e-10,0.022795200347900394
1787581212.6102667,-2.906745897039882e-11,9.606297103621516e-10,0.022953629493713382
1787581212.6583045,-2.906745897039882e-11,9.606297103621516e-10,0.022890210151672363
1787581212.703662,-2.906745897039882e-11,9.606297103621516e-10,0.022849321365356445
1787581212.761221,-2.906745897039882e-11,9.606297103621516e-10,0.022806882858276367
1787581212.8043365,-2.906745897039882e-11,9.606297103621516e-10,0.02275228500366211
1787581212.8766422,-2.906745897039882e-11,9.606297103621516e-10,0.022743582725524902
1787581212.9085782,-2.906745897039882e-11,9.606297103621516e-10,0.0228654146194458
1787581212.9559505,-2.906745897039882e-11,9.606297103621516e-10,0.022892117500305176
1787581213.0035098,-2.906745897039882e-11,9.606297103621516e-10,0.022893428802490238
1787581213.0588524,-2.906745897039882e-11,9.606297103621516e-10,0.022901058197021488
1787581213.1090581,-2.906745897039882e-11,9.606297103621516e-10,0.022868990898132324
1787581213.1662736,-2.906745897039882e-11,9.606297103621516e-10,0.022799730300903317
1787581213.206,-2.906745897039882e-11,9.606297103621516e-10,0.02275931835174561
1787581213.2584643,-2.906745897039882e-11,9.606297103621516e-10,0.022760629653930664
1787581213.3105206,-2.906745897039882e-11,9.606297103621516e-10,0.022834420204162598
1787581213.3574817,-2.906745897039882e-11,9.606297103621516e-10,0.02293574810028076
1787581213.4013662,-2.906745897039882e-11,9.606297103621516e-10,0.023037433624267578
1787581213.4631433,-2.906745897039882e-11,9.606297103621516e-10,0.023047685623168945
1787581213.5019062,-2.906745897039882e-11,9.606297103621516e-10,0.023121714591979984
1787581213.5584822,-2.906745897039882e-11,9.606297103621516e-10,0.023093223571777347
1787581213.6099515,-2.906745897039882e-11,9.606297103621516e-10,0.0230865478515625
1787581213.6552255,-2.906745897039882e-11,9.606297103621516e-10,0.023058891296386715
1787581213.7014403,-2.906745897039882e-11,9.606297103621516e-10,0.023126721382141113
1787581213.7612324,-2.906745897039882e-11,9.606297103621516e-10,0.023181796073913574
1787581213.8027112,-2.906745897039882e-11,9.606297103621516e-10,0.023226857185363766
1787581213.8643658,-2.906745897039882e-11,9.606297103621516e-10,0.023249626159667972
1787581213.9072688,-2.906745897039882e-11,9.606297103621516e-10,0.023273468017578125
1787581213.9704947,-2.906745897039882e-11,9.606297103621516e-10,0.023260474205017086
1787581214.0152254,-2.906745897039882e-11,9.606297103621516e-10,0.02322518825531006
1787581214.0609941,-2.906745897039882e-11,9.606297103621516e-10,0.023115634918212894
1787581214.1659398,-2.906745897039882e-11,9.606297103621516e-10,0.023156642913818363
1787581214.2049975,-2.906745897039882e-11,9.606297103621516e-10,0.023223161697387692
1787581214.2565255,-2.906745897039882e-11,9.606297103621516e-10,0.023234009742736813
1787581214.3070416,-2.906745897039882e-11,9.606297103621516e-10,0.02346360683441162
1787581214.3931632,-2.906745897039882e-11,9.606297103621516e-10,0.0235823392868042
1787581214.4645972,-2.906745897039882e-11,9.606297103621516e-10,0.02350890636444092
1787581214.5016105,-2.906745897039882e-11,9.606297103621516e-10,0.02344143390655518
1787581214.5938606,-2.906745897039882e-11,9.606297103621516e-10,0.023468017578125003
1787581214.6662436,-2.906745897039882e-11,9.606297103621516e-10,0.023206353187561035
1787581214.704692,-2.906745897039882e-11,9.606297103621516e-10,0.02325284481048584
1787581214.7558591,-2.906745897039882e-11,9.606297103621516e-10,0.023323774337768555
1787581214.8084548,-2.906745897039882e-11,9.606297103621516e-10,0.023370981216430664
1787581214.8596594,-2.906745897039882e-11,9.606297103621516e-10,0.023402452468872067
1787581214.9103982,-2.906745897039882e-11,9.606297103621516e-10,0.023487448692321784
1787581214.9673185,-2.906745897039882e-11,9.606297103621516e-10,0.023491978645324707
1787581215.0641541,-2.906745897039882e-11,9.606297103621516e-10,0.023595929145812995
1787581215.1052015,-2.906745897039882e-11,9.606297103621516e-10,0.02359652519226075
1787581215.1610968,-2.906745897039882e-11,9.606297103621516e-10,0.023604512214660645
1787581215.210871,-2.906745897039882e-11,9.606297103621516e-10,0.023473501205444336
1787581215.2597249,-2.906745897039882e-11,9.606297103621516e-10,0.02345097064971923
1787581215.3099272,-2.906745897039882e-11,9.606297103621516e-10,0.023508191108703613
1787581215.3650358,-2.906745897039882e-11,9.606297103621516e-10,0.0235821008682251
1787581215.4041681,-2.906745897039882e-11,9.606297103621516e-10,0.02373194694519043
1787581215.4568033,-2.906745897039882e-11,9.606297103621516e-10,0.023747444152832035
1787581215.5110512,-2.906745897039882e-11,9.606297103621516e-10,0.02389562129974366
1787581215.5554595,-2.906745897039882e-11,9.606297103621516e-10,0.023832559585571296
1787581215.603254,-2.906745897039882e-11,9.606297103621516e-10,0.023762345314025886
1787581215.6622233,2.5303517287342377e-05,6.021145443211883e-07,0.023744106292724606
1787581215.703312,-6.43536841755932e-11,2.447724715226125e-09,0.023644804954528812
1787581215.7560153,-6.43536841755932e-11,2.447724715226125e-09,0.02367150783538819
1787581215.8094451,-6.43536841755932e-11,2.447724715226125e-09,0.023780107498168945
1787581215.9053936,-6.43536841755932e-11,2.447724715226125e-09,0.023849606513977047
1787581215.9616423,-6.43536841755932e-11,2.447724715226125e-09,0.02394366264343261
1787581216.0095835,-6.43536841755932e-11,2.447724715226125e-09,0.023802638053894046
1787581216.0635805,-6.43536841755932e-11,2.447724715226125e-09,0.023774266242980957
1787581216.1104832,-6.43536841755932e-11,2.447724715226125e-09,0.02375614643096924
1787581216.1715183,-6.43536841755932e-11,2.447724715226125e-09,0.023869633674621582
1787581216.2004805,-6.43536841755932e-11,2.447724715226125e-09,0.023924589157104496
1787581216.260612,-6.43536841755932e-11,2.447724715226125e-09,0.023940086364746094
1787581216.3027978,-6.43536841755932e-11,2.447724715226125e-09,0.023953914642333988
1787581216.4042234,-6.43536841755932e-11,2.447724715226125e-09,0.02391636371612549
1787581216.4566293,-6.43536841755932e-11,2.447724715226125e-09,0.023852705955505375
1787581216.5122108,-6.43536841755932e-11,2.447724715226125e-09,0.023835062980651855
1787581216.5561032,-6.43536841755932e-11,2.447724715226125e-09,0.023850083351135257
1787581216.6041973,-6.43536841755932e-11,2.447724715226125e-09,0.02393484115600586
1787581216.6627052,-6.43536841755932e-11,2.447724715226125e-09,0.023953557014465336
1787581216.7064426,-6.43536841755932e-11,2.447724715226125e-09,0.02402162551879883
1787581216.7558894,-6.43536841755932e-11,2.447724715226125e-09,0.023989200592041012
1787581216.8105416,-6.43536841755932e-11,2.447724715226125e-09,0.02392494678497314
1787581216.8548305,-6.43536841755932e-11,2.447724715226125e-09,0.023853898048400882
1787581216.9021678,-6.43536841755932e-11,2.447724715226125e-09,0.023785114288330078
1787581216.9613504,-6.43536841755932e-11,2.447724715226125e-09,0.023546218872070316
1787581217.0023904,-6.43536841755932e-11,2.447724715226125e-09,0.023586034774780277
1787581217.0631373,-6.43536841755932e-11,2.447724715226125e-09,0.023706674575805664
1787581217.1071992,-6.43536841755932e-11,2.447724715226125e-09,0.023887276649475098
1787581217.2113893,-6.43536841755932e-11,2.447724715226125e-09,0.024006366729736328
1787581217.2572439,-6.43536841755932e-11,2.447724715226125e-09,0.023925304412841797
1787581217.3376384,-6.43536841755932e-11,2.447724715226125e-09,0.02389419078826905
1787581217.4052753,-6.43536841755932e-11,2.447724715226125e-09,0.023685574531555176
1787581217.4582193,-6.43536841755932e-11,2.447724715226125e-09,0.023769378662109375
1787581217.5145166,-6.43536841755932e-11,2.447724715226125e-09,0.023970961570739753
1787581217.5526917,-6.43536841755932e-11,2.447724715226125e-09,0.024183273315429684
1787581217.6035273,-6.43536841755932e-11,2.447724715226125e-09,0.024211764335632317
1787581217.660322,-6.43536841755932e-11,2.447724715226125e-09,0.02425873279571533
1787581217.747292,-6.43536841755932e-11,2.447724715226125e-09,0.024215340614318848
1787581217.8445854,-6.43536841755932e-11,2.447724715226125e-09,0.02416539192199707
1787581217.9037433,-6.43536841755932e-11,2.447724715226125e-09,0.024246811866760254
1787581217.9591005,-6.43536841755932e-11,2.447724715226125e-09,0.02440309524536134
1787581218.001647,-6.43536841755932e-11,2.447724715226125e-09,0.02440667152404786
1787581218.0541804,-6.43536841755932e-11,2.447724715226125e-09,0.02459561824798584
1787581218.1090846,-6.43536841755932e-11,2.447724715226125e-09,0.02446329593658447
1787581218.1573226,-6.43536841755932e-11,2.447724715226125e-09,0.02445828914642334
1787581218.2023475,-6.43536841755932e-11,2.447724715226125e-09,0.024418473243713372
1787581218.2619019,-6.43536841755932e-11,2.447724715226125e-09,0.024391531944274902
1787581218.3035436,-6.43536841755932e-11,2.447724715226125e-09,0.024392247200012207
1787581218.364528,-6.43536841755932e-11,2.447724715226125e-09,0.02442824840545655
1787581218.4053214,-6.43536841755932e-11,2.447724715226125e-09,0.024548411369323734
1787581218.4545417,-6.43536841755932e-11,2.447724715226125e-09,0.024693846702575677
1787581218.5533614,-6.43536841755932e-11,2.447724715226125e-09,0.024701118469238278
1787581218.6025214,-6.43536841755932e-11,2.447724715226125e-09,0.02472937107086182
1787581218.6534655,-6.43536841755932e-11,2.447724715226125e-09,0.024692177772521976
1787581218.703225,-6.43536841755932e-11,2.447724715226125e-09,0.024648785591125485
1787581218.7620537,-6.43536841755932e-11,2.447724715226125e-09,0.024723291397094727
1787581218.8034155,-6.43536841755932e-11,2.447724715226125e-09,0.02472889423370362
1787581218.8605204,-6.43536841755932e-11,2.447724715226125e-09,0.024756789207458503
1787581218.9538262,-6.43536841755932e-11,2.447724715226125e-09,0.024780511856079105
1787581219.0019252,-6.43536841755932e-11,2.447724715226125e-09,0.02489101886749268
1787581219.0598617,-6.43536841755932e-11,2.447724715226125e-09,0.024864792823791507
1787581219.1018782,-6.43536841755932e-11,2.447724715226125e-09,0.024838209152221673
1787581219.154028,-6.43536841755932e-11,2.447724715226125e-09,0.024747371673583984
1787581219.208143,-6.43536841755932e-11,2.447724715226125e-09,0.02471470832824707
1787581219.2536457,-6.43536841755932e-11,2.447724715226125e-09,0.024750590324401852
1787581219.3033402,-6.43536841755932e-11,2.447724715226125e-09,0.02484619617462158
1787581219.360065,-6.43536841755932e-11,2.447724715226125e-09,0.024864673614501957
1787581219.463482,-6.43536841755932e-11,2.447724715226125e-09,0.024851560592651367
1787581219.5076299,-6.43536841755932e-11,2.447724715226125e-09,0.02479839324951172
1787581219.554934,-6.43536841755932e-11,2.447724715226125e-09,0.024752378463745117
1787581219.6019814,-6.43536841755932e-11,2.447724715226125e-09,0.024733781814575195
1787581219.6595464,-6.43536841755932e-11,2.447724715226125e-09,0.024679183959960944
1787581219.7008355,-6.43536841755932e-11,2.447724715226125e-09,0.024693369865417484
1787581219.7627053,-6.43536841755932e-11,2.447724715226125e-09,0.024767398834228512
1787581219.8060215,-6.43536841755932e-11,2.447724715226125e-09,0.024894475936889652
1787581219.8551867,-6.43536841755932e-11,2.447724715226125e-09,0.024960160255432136
1787581219.9575822,-6.43536841755932e-11,2.447724715226125e-09,0.02491772174835205
1787581220.002396,-6.43536841755932e-11,2.447724715226125e-09,0.02479016780853272
1787581220.0608294,-6.43536841755932e-11,2.447724715226125e-09,0.02471029758453369
1787581220.1063068,-6.43536841755932e-11,2.447724715226125e-09,0.024672746658325195
1787581220.1832423,-6.43536841755932e-11,2.447724715226125e-09,0.024725079536437992
1787581220.2715151,-6.43536841755932e-11,2.447724715226125e-09,0.024841904640197757
1787581220.311903,-6.43536841755932e-11,2.447724715226125e-09,0.024846553802490234
1787581220.3555222,-6.43536841755932e-11,2.447724715226125e-09,0.02502906322479248
1787581220.4006631,-6.43536841755932e-11,2.447724715226125e-09,0.02522253990173339
1787581220.4607453,-6.43536841755932e-11,2.447724715226125e-09,0.02519464492797852
1787581220.5011678,-6.43536841755932e-11,2.447724715226125e-09,0.025219321250915524
1787581220.562163,-6.43536841755932e-11,2.447724715226125e-09,0.025205254554748542
1787581220.6017103,-6.43536841755932e-11,2.447724715226125e-09,0.025187373161315918
1787581220.6289222,-6.43536841755932e-11,2.447724715226125e-09,0.025102615356445316
1787581220.6968212,-6.43536841755932e-11,2.447724715226125e-09,0.02503836154937744
1787581220.7543983,-6.43536841755932e-11,2.447724715226125e-09,0.0249788761138916
1787581220.8111887,-6.43536841755932e-11,2.447724715226125e-09,0.02501094341278076
1787581220.8309965,-6.43536841755932e-11,2.447724715226125e-09,0.02505075931549072
1787581220.8822477,-6.43536841755932e-11,2.447724715226125e-09,0.02512884140014649
1787581220.9289124,-6.43536841755932e-11,2.447724715226125e-09,0.025178074836730957
1787581220.9837325,-6.43536841755932e-11,2.447724715226125e-09,0.025272250175476078
1787581221.029364,-6.43536841755932e-11,2.447724715226125e-09,0.025293231010437005
1787581221.0789385,-6.43536841755932e-11,2.447724715226125e-09,0.02531111240386963
1787581221.1287344,-6.43536841755932e-11,2.447724715226125e-09,0.025277376174926754
1787581221.1805105,-6.43536841755932e-11,2.447724715226125e-09,0.025286793708801273
1787581221.2287917,-6.43536841755932e-11,2.447724715226125e-09,0.02519845962524414
1787581221.2798467,-6.43536841755932e-11,2.447724715226125e-09,0.0250626802444458
1787581221.3287835,-6.43536841755932e-11,2.447724715226125e-09,0.025098085403442383
1787581221.378816,-6.43536841755932e-11,2.447724715226125e-09,0.02518939971923828
1787581221.4301827,-6.43536841755932e-11,2.447724715226125e-09,0.025246858596801765
1787581221.4786296,-6.43536841755932e-11,2.447724715226125e-09,0.025218248367309574
1787581221.5314198,-6.43536841755932e-11,2.447724715226125e-09,0.025194287300109863
1787581221.5789583,-6.43536841755932e-11,2.447724715226125e-09,0.025166511535644535
1787581221.628654,-6.43536841755932e-11,2.447724715226125e-09,0.025046348571777344
1787581221.679715,-6.43536841755932e-11,2.447724715226125e-09,0.025064587593078624
1787581221.728755,-6.43536841755932e-11,2.447724715226125e-09,0.025096416473388672
1787581221.778545,-6.43536841755932e-11,2.447724715226125e-09,0.025177717208862308
1787581221.8299487,-6.43536841755932e-11,2.447724715226125e-09,0.025192618370056156
1787581221.8815837,-6.43536841755932e-11,2.447724715226125e-09,0.0251924991607666
1787581221.9298089,-6.43536841755932e-11,2.447724715226125e-09,0.025153756141662598
1787581221.9788284,-6.43536841755932e-11,2.447724715226125e-09,0.025173902511596687
1787581222.0317717,-6.43536841755932e-11,2.447724715226125e-09,0.02525556087493897
1787581222.081452,-6.43536841755932e-11,2.447724715226125e-09,0.02536797523498535
1787581222.1296604,-6.43536841755932e-11,2.447724715226125e-09,0.025380492210388187
1787581222.1787708,-6.43536841755932e-11,2.447724715226125e-09,0.025487422943115238
1787581222.2300444,-6.43536841755932e-11,2.447724715226125e-09,0.025439858436584473
1787581222.278461,-6.43536841755932e-11,2.447724715226125e-09,0.02537965774536133
1787581222.3397467,-6.43536841755932e-11,2.447724715226125e-09,0.025374293327331543
1787581222.3795395,-6.43536841755932e-11,2.447724715226125e-09,0.025466203689575202
1787581222.429704,-6.43536841755932e-11,2.447724715226125e-09,0.02546107769012451
1787581222.4795709,-6.43536841755932e-11,2.447724715226125e-09,0.025607109069824215
1787581222.5288932,-6.43536841755932e-11,2.447724715226125e-09,0.025621533393859867
1787581222.5788114,-6.43536841755932e-11,2.447724715226125e-09,0.02573704719543457
1787581222.6287844,-6.43536841755932e-11,2.447724715226125e-09,0.025687098503112793
1787581222.678584,-6.43536841755932e-11,2.447724715226125e-09,0.02564549446105957
1787581222.7288077,-6.43536841755932e-11,2.447724715226125e-09,0.025608420372009277
1787581222.7813299,-6.43536841755932e-11,2.447724715226125e-09,0.025661706924438477
1787581222.8285663,-6.43536841755932e-11,2.447724715226125e-09,0.025745272636413578
1787581222.8825595,-6.43536841755932e-11,2.447724715226125e-09,0.025818586349487305
1787581222.9298842,-6.43536841755932e-11,2.447724715226125e-09,0.02589237689971924
1787581222.9794052,-6.43536841755932e-11,2.447724715226125e-09,0.02582550048828125
1787581223.0307455,-6.43536841755932e-11,2.447724715226125e-09,0.02577149868011475
1787581223.0789242,-6.43536841755932e-11,2.447724715226125e-09,0.02570390701293945
1787581223.1294076,-6.43536841755932e-11,2.447724715226125e-09,0.025709867477416992
1787581223.184745,-6.43536841755932e-11,2.447724715226125e-09,0.025792837142944336
1787581223.231761,-6.43536841755932e-11,2.447724715226125e-09,0.025846600532531735
1787581223.282472,-6.43536841755932e-11,2.447724715226125e-09,0.025828480720520023
1787581223.3623433,-6.43536841755932e-11,2.447724715226125e-09,0.025811314582824707
1787581223.4023507,-6.43536841755932e-11,2.447724715226125e-09,0.0257641077041626
1787581223.467315,-6.43536841755932e-11,2.447724715226125e-09,0.025749444961547862
1787581223.5094802,-6.43536841755932e-11,2.447724715226125e-09,0.02575206756591797
1787581223.5558164,-6.43536841755932e-11,2.447724715226125e-09,0.025819778442382816
1787581223.6005769,-6.43536841755932e-11,2.447724715226125e-09,0.025841474533081055
1787581223.66223,-6.43536841755932e-11,2.447724715226125e-09,0.02587687969207764
1787581223.7034738,-6.43536841755932e-11,2.447724715226125e-09,0.02585959434509277
1787581223.7534945,-6.43536841755932e-11,2.447724715226125e-09,0.025813221931457523
1787581223.8100471,-6.43536841755932e-11,2.447724715226125e-09,0.025797367095947273
1787581223.8567944,-6.43536841755932e-11,2.447724715226125e-09,0.02591884136199952
1787581223.9011688,-6.43536841755932e-11,2.447724715226125e-09,0.025949239730834968
1787581223.9634876,-6.43536841755932e-11,2.447724715226125e-09,0.0260608196258545
1787581224.0055063,-6.43536841755932e-11,2.447724715226125e-09,0.0261002779006958
1787581224.052467,-6.43536841755932e-11,2.447724715226125e-09,0.026027798652648926
1787581224.1140375,-6.43536841755932e-11,2.447724715226125e-09,0.025954484939575195
1787581224.206832,-6.43536841755932e-11,2.447724715226125e-09,0.025910139083862305
1787581224.2598479,-6.43536841755932e-11,2.447724715226125e-09,0.02595841884613037
1787581224.3022087,-6.43536841755932e-11,2.447724715226125e-09,0.02597355842590332
1787581224.3696005,-6.43536841755932e-11,2.447724715226125e-09,0.026036858558654796
1787581224.404595,-6.43536841755932e-11,2.447724715226125e-09,0.026082515716552734
1787581224.46201,-6.43536841755932e-11,2.447724715226125e-09,0.026178598403930668
1787581224.5070677,-6.43536841755932e-11,2.447724715226125e-09,0.026244759559631344
1787581224.550575,-6.43536841755932e-11,2.447724715226125e-09,0.02623522281646728
1787581224.6091833,-6.43536841755932e-11,2.447724715226125e-09,0.02624690532684326
1787581224.6537046,-6.43536841755932e-11,2.447724715226125e-09,0.026350021362304688
1787581224.7009375,-6.43536841755932e-11,2.447724715226125e-09,0.026311397552490234
1787581224.7581236,-6.43536841755932e-11,2.447724715226125e-09,0.026281476020812995
1787581224.8015397,-6.43536841755932e-11,2.447724715226125e-09,0.02619731426239013
1787581224.8630023,-6.43536841755932e-11,2.447724715226125e-09,0.026228308677673333
1787581224.9029264,-6.43536841755932e-11,2.447724715226125e-09,0.026190400123596188
1787581224.9529204,-6.43536841755932e-11,2.447724715226125e-09,0.0262908935546875
1787581225.0078967,-6.43536841755932e-11,2.447724715226125e-09,0.02634716033935547
1787581225.0537364,-6.43536841755932e-11,2.447724715226125e-09,0.026444196701049808
1787581225.0993497,-6.43536841755932e-11,2.447724715226125e-09,0.0264660120010376
1787581225.1570573,-6.43536841755932e-11,2.447724715226125e-09,0.02649974822998047
1787581225.1995282,-6.43536841755932e-11,2.447724715226125e-09,0.026466965675353997
1787581225.267952,-6.43536841755932e-11,2.447724715226125e-09,0.026418447494506832
1787581225.3044906,-6.43536841755932e-11,2.447724715226125e-09,0.02638852596282959
1787581225.3505173,-6.43536841755932e-11,2.447724715226125e-09,0.0263967514038086
1787581225.410962,-6.43536841755932e-11,2.447724715226125e-09,0.026504755020141612
1787581225.459528,-6.43536841755932e-11,2.447724715226125e-09,0.026527881622314453
1787581225.5018375,-6.43536841755932e-11,2.447724715226125e-09,0.026583194732666012
1787581225.561759,-6.43536841755932e-11,2.447724715226125e-09,0.02655971050262452
1787581225.6051373,-6.43536841755932e-11,2.447724715226125e-09,0.02651262283325196
1787581225.651305,-6.43536841755932e-11,2.447724715226125e-09,0.026483774185180664
1787581225.7010937,-6.43536841755932e-11,2.447724715226125e-09,0.026445150375366218
1787581225.7548604,-6.43536841755932e-11,2.447724715226125e-09,0.02644264698028565
1787581225.7991848,-6.43536841755932e-11,2.447724715226125e-09,0.02646994590759277
1787581225.8514893,-6.43536841755932e-11,2.447724715226125e-09,0.026645183563232422
1787581225.9088287,-6.43536841755932e-11,2.447724715226125e-09,0.026639580726623528
1787581225.9510534,-6.43536841755932e-11,2.447724715226125e-09,0.026584386825561527
1787581226.0001426,-6.43536841755932e-11,2.447724715226125e-09,0.026575088500976562
1787581226.0579536,-6.43536841755932e-11,2.447724715226125e-09,0.026636242866516113
1787581226.1006489,-6.43536841755932e-11,2.447724715226125e-09,0.026672244071960456
1787581226.1513512,-6.43536841755932e-11,2.447724715226125e-09,0.026722550392150886
1787581226.2074666,-6.43536841755932e-11,2.447724715226125e-09,0.02673971652984619
1787581226.2638423,-6.43536841755932e-11,2.447724715226125e-09,0.026654958724975586
1787581226.3498778,-6.43536841755932e-11,2.447724715226125e-09,0.026633977890014645
1787581226.399241,-6.43536841755932e-11,2.447724715226125e-09,0.026648640632629398
1787581226.4734812,-6.43536841755932e-11,2.447724715226125e-09,0.026745319366455078
1787581226.5084646,-6.43536841755932e-11,2.447724715226125e-09,0.02677214145660401
1787581226.5664647,-6.43536841755932e-11,2.447724715226125e-09,0.026923179626464844
1787581226.658557,-6.43536841755932e-11,2.447724715226125e-09,0.026887416839599606
1787581226.699471,-6.43536841755932e-11,2.447724715226125e-09,0.02674579620361328
1787581226.757573,-6.43536841755932e-11,2.447724715226125e-09,0.02679467201232911
1787581226.8070052,-6.43536841755932e-11,2.447724715226125e-09,0.02687525749206543
1787581226.8543384,-6.43536841755932e-11,2.447724715226125e-09,0.026976943016052253
1787581226.9646192,-6.43536841755932e-11,2.447724715226125e-09,0.02700304985046387
1787581227.0007062,-6.43536841755932e-11,2.447724715226125e-09,0.026908516883850105
1787581227.0513148,-6.43536841755932e-11,2.447724715226125e-09,0.02683711051940918
1787581227.1091924,-6.43536841755932e-11,2.447724715226125e-09,0.02682137489318848
1787581227.1530735,-6.43536841755932e-11,2.447724715226125e-09,0.02694666385650635
1787581227.2014477,-6.43536841755932e-11,2.447724715226125e-09,0.026977658271789554
1787581227.2602658,-6.43536841755932e-11,2.447724715226125e-09,0.026996612548828115
1787581227.3007567,-6.43536841755932e-11,2.447724715226125e-09,0.027033448219299316
1787581227.3520315,-6.43536841755932e-11,2.447724715226125e-09,0.026912212371826175
1787581227.4094543,-6.43536841755932e-11,2.447724715226125e-09,0.026849746704101562
1787581227.4550672,-6.43536841755932e-11,2.447724715226125e-09,0.02690279483795166
1787581227.5001109,-6.43536841755932e-11,2.447724715226125e-09,0.026967406272888187
1787581227.5706522,-6.43536841755932e-11,2.447724715226125e-09,0.027025699615478516
1787581227.6022878,-6.43536841755932e-11,2.447724715226125e-09,0.027205944061279297
1787581227.6513433,-6.43536841755932e-11,2.447724715226125e-09,0.027142047882080075
1787581227.7562783,-6.43536841755932e-11,2.447724715226125e-09,0.02711677551269532
1787581227.7980843,-6.43536841755932e-11,2.447724715226125e-09,0.027013659477233887
1787581227.869873,-6.43536841755932e-11,2.447724715226125e-09,0.027134418487548828
1787581227.9025192,-6.43536841755932e-11,2.447724715226125e-09,0.02725708484649659
1787581227.9509816,-6.43536841755932e-11,2.447724715226125e-09,0.027299761772155765
1787581227.9990067,-6.43536841755932e-11,2.447724715226125e-09,0.0272669792175293
1787581228.0559804,-6.43536841755932e-11,2.447724715226125e-09,0.027247190475463878
1787581228.1120944,-6.43536841755932e-11,2.447724715226125e-09,0.02723157405853271
1787581228.1608298,-6.43536841755932e-11,2.447724715226125e-09,0.02729332447052002
1787581228.2049901,-6.43536841755932e-11,2.447724715226125e-09,0.027435302734375
1787581228.2526968,-6.43536841755932e-11,2.447724715226125e-09,0.02752053737640381
1787581228.30045,-6.43536841755932e-11,2.447724715226125e-09,0.02752554416656494
1787581228.3573158,-6.43536841755932e-11,2.447724715226125e-09,0.0274510383605957
1787581228.398522,-6.43536841755932e-11,2.447724715226125e-09,0.02738511562347413
1787581228.4604032,-6.43536841755932e-11,2.447724715226125e-09,0.027356863021850586
1787581228.500256,-6.43536841755932e-11,2.447724715226125e-09,0.0274275541305542
1787581228.5512152,-6.43536841755932e-11,2.447724715226125e-09,0.02751755714416504
1787581228.6033509,-6.43536841755932e-11,2.447724715226125e-09,0.027593135833740234
1787581228.651205,-6.43536841755932e-11,2.447724715226125e-09,0.02763140201568604
1787581228.707659,-6.43536841755932e-11,2.447724715226125e-09,0.027635216712951664
1787581228.7523055,-6.43536841755932e-11,2.447724715226125e-09,0.02768993377685547
1787581228.8052566,-6.43536841755932e-11,2.447724715226125e-09,0.027802348136901852
1787581228.876881,-6.43536841755932e-11,2.447724715226125e-09,0.0279080867767334
1787581228.8967931,-6.43536841755932e-11,2.447724715226125e-09,0.027925729751586914
1787581228.9607263,-6.43536841755932e-11,2.447724715226125e-09,0.027886271476745602
1787581229.0099173,-6.43536841755932e-11,2.447724715226125e-09,0.02780711650848389
1787581229.049402,-6.43536841755932e-11,2.447724715226125e-09,0.027778267860412605
1787581229.0970573,-6.43536841755932e-11,2.447724715226125e-09,0.02786064147949219
1787581229.1574204,-6.43536841755932e-11,2.447724715226125e-09,0.02795302867889405
1787581229.1959383,-6.43536841755932e-11,2.447724715226125e-09,0.028139591217041023
1787581229.2500756,-6.43536841755932e-11,2.447724715226125e-09,0.02807426452636719
1787581229.3064473,-6.43536841755932e-11,2.447724715226125e-09,0.028037071228027347
1787581229.3503613,-6.43536841755932e-11,2.447724715226125e-09,0.027920722961425785
1787581229.4438086,-6.43536841755932e-11,2.447724715226125e-09,0.027807354927062992
1787581229.497968,-6.43536841755932e-11,2.447724715226125e-09,0.027912378311157227
1787581229.559939,-6.43536841755932e-11,2.447724715226125e-09,0.02794337272644043
1787581229.603539,-6.43536841755932e-11,2.447724715226125e-09,0.027915120124816898
1787581229.6513364,-6.43536841755932e-11,2.447724715226125e-09,0.027893185615539558
1787581229.705034,-6.43536841755932e-11,2.447724715226125e-09,0.027840852737426754
1787581229.7535136,-6.43536841755932e-11,2.447724715226125e-09,0.027832150459289558
1787581229.7992258,-6.43536841755932e-11,2.447724715226125e-09,0.027776598930358883
1787581229.888736,-6.43536841755932e-11,2.447724715226125e-09,0.02786469459533692
1787581229.9602609,-6.43536841755932e-11,2.447724715226125e-09,0.02806103229522705
1787581229.9998598,-6.43536841755932e-11,2.447724715226125e-09,0.028081297874450687
1787581230.0884411,-6.43536841755932e-11,2.447724715226125e-09,0.02808189392089843
1787581230.1539156,-6.43536841755932e-11,2.447724715226125e-09,0.028329968452453613
1787581230.1978269,-6.43536841755932e-11,2.447724715226125e-09,0.028331160545349118
1787581230.259302,-6.43536841755932e-11,2.447724715226125e-09,0.028241157531738288
1787581230.308463,-6.43536841755932e-11,2.447724715226125e-09,0.02797532081604004
1787581230.3501844,-6.43536841755932e-11,2.447724715226125e-09,0.028018832206726074
1787581230.4089901,-6.43536841755932e-11,2.447724715226125e-09,0.02802693843841553
1787581230.4980164,-6.43536841755932e-11,2.447724715226125e-09,0.028101563453674316
1787581230.5601428,-6.43536841755932e-11,2.447724715226125e-09,0.028151154518127445
1787581230.609117,-6.43536841755932e-11,2.447724715226125e-09,0.028050422668457028
1787581230.6510026,-6.43536841755932e-11,2.447724715226125e-09,0.027949213981628414
1787581230.7561257,-6.43536841755932e-11,2.447724715226125e-09,0.027894020080566406
1787581230.7995787,-6.43536841755932e-11,2.447724715226125e-09,0.02817451953887939
1787581230.898815,-6.43536841755932e-11,2.447724715226125e-09,0.028206110000610348
1787581230.9519498,-6.43536841755932e-11,2.447724715226125e-09,0.028368592262268066
1787581231.007196,-6.43536841755932e-11,2.447724715226125e-09,0.028324723243713372
1787581231.058074,-6.43536841755932e-11,2.447724715226125e-09,0.02830266952514649
1787581231.0970411,-6.43536841755932e-11,2.447724715226125e-09,0.028329849243164062
1787581231.1672692,-6.43536841755932e-11,2.447724715226125e-09,0.028329849243164062
1787581231.1913717,-6.43536841755932e-11,2.447724715226125e-09,0.028369665145874023
1787581231.2508278,-6.43536841755932e-11,2.447724715226125e-09,0.02842402458190918
1787581231.3061707,-6.43536841755932e-11,2.447724715226125e-09,0.02854716777801514
1787581231.3553722,-6.43536841755932e-11,2.447724715226125e-09,0.028480052947998047
1787581231.401802,-6.43536841755932e-11,2.447724715226125e-09,0.028450369834899902
1787581231.460573,-6.43536841755932e-11,2.447724715226125e-09,0.028430581092834466
1787581231.5003726,-6.43536841755932e-11,2.447724715226125e-09,0.028476357460021976
1787581231.5494313,-6.43536841755932e-11,2.447724715226125e-09,0.028554320335388184
1787581231.6067479,-6.43536841755932e-11,2.447724715226125e-09,0.028583288192749023
1787581231.6527257,-6.43536841755932e-11,2.447724715226125e-09,0.028591632843017578
1787581231.6982164,-6.43536841755932e-11,2.447724715226125e-09,0.028491854667663574
1787581231.7630622,-6.43536841755932e-11,2.447724715226125e-09,0.02840375900268555
1787581231.8004634,-6.43536841755932e-11,2.447724715226125e-09,0.02842605113983154
1787581231.8576798,-6.43536841755932e-11,2.447724715226125e-09,0.02850925922393799
1787581231.9146976,-6.43536841755932e-11,2.447724715226125e-09,0.0285872220993042
1787581231.9997025,-6.43536841755932e-11,2.447724715226125e-09,0.028675794601440433
1787581232.0594618,-6.43536841755932e-11,2.447724715226125e-09,0.02857840061187744
1787581232.1017828,-6.43536841755932e-11,2.447724715226125e-09,0.028542280197143555
1787581232.1509793,-6.43536841755932e-11,2.447724715226125e-09,0.028553605079650875
1787581232.2113235,-6.43536841755932e-11,2.447724715226125e-09,0.02863836288452149
1787581232.2606425,-6.43536841755932e-11,2.447724715226125e-09,0.028731107711791992
1787581232.3141103,-6.43536841755932e-11,2.447724715226125e-09,0.028745293617248535
1787581232.3587399,-6.43536841755932e-11,2.447724715226125e-09,0.028764009475708008
1787581232.4018846,-6.43536841755932e-11,2.447724715226125e-09,0.028693675994873054
1787581232.4559233,-6.43536841755932e-11,2.447724715226125e-09,0.028671383857727054
1787581232.4967625,-6.43536841755932e-11,2.447724715226125e-09,0.02867686748504639
1787581232.555757,-6.43536841755932e-11,2.447724715226125e-09,0.028751492500305176
1787581232.5980752,-6.43536841755932e-11,2.447724715226125e-09,0.02892267704010009
1787581232.6600482,-6.43536841755932e-11,2.447724715226125e-09,0.02915763854980469
1787581232.700779,-6.43536841755932e-11,2.447724715226125e-09,0.029155611991882328
1787581232.7489471,-6.43536841755932e-11,2.447724715226125e-09,0.029122591018676758
1787581232.8017123,-6.43536841755932e-11,2.447724715226125e-09,0.029102087020874027
1787581232.855924,-6.43536841755932e-11,2.447724715226125e-09,0.02906835079193116
1787581232.9008842,-6.43536841755932e-11,2.447724715226125e-09,0.029069900512695312
1787581233.0041807,-6.43536841755932e-11,2.447724715226125e-09,0.029096007347106934
1787581233.0465825,-6.43536841755932e-11,2.447724715226125e-09,0.029254674911499023
1787581233.0997639,-6.43536841755932e-11,2.447724715226125e-09,0.029192686080932617
1787581233.1548839,-6.43536841755932e-11,2.447724715226125e-09,0.029152154922485355
1787581233.1983607,-6.43536841755932e-11,2.447724715226125e-09,0.029127836227416985
1787581233.2592897,-6.43536841755932e-11,2.447724715226125e-09,0.02917802333831787
1787581233.3046257,-6.43536841755932e-11,2.447724715226125e-09,0.029231190681457513
1787581233.3480132,-6.43536841755932e-11,2.447724715226125e-09,0.029296398162841804
1787581233.3974545,-6.43536841755932e-11,2.447724715226125e-09,0.029229521751403805
1787581233.4532423,-6.43536841755932e-11,2.447724715226125e-09,0.029203772544860847
1787581233.4966278,-6.43536841755932e-11,2.447724715226125e-09,0.029140353202819824
1787581233.5550458,-6.43536841755932e-11,2.447724715226125e-09,0.02915275096893311
1787581233.6037397,-6.43536841755932e-11,2.447724715226125e-09,0.02912461757659912
1787581233.6479175,-6.43536841755932e-11,2.447724715226125e-09,0.02922058105468751
1787581233.7469766,-6.43536841755932e-11,2.447724715226125e-09,0.02924406528472901
1787581233.7970285,-6.43536841755932e-11,2.447724715226125e-09,0.029289603233337395
1787581233.8568435,-6.43536841755932e-11,2.447724715226125e-09,0.02922058105468751
1787581233.9488325,-6.43536841755932e-11,2.447724715226125e-09,0.02907609939575196
1787581233.9955573,-6.43536841755932e-11,2.447724715226125e-09,0.029101014137268066
1787581234.0510783,-6.43536841755932e-11,2.447724715226125e-09,0.029198765754699714
1787581234.0994644,-6.43536841755932e-11,2.447724715226125e-09,0.029255151748657223
1787581234.1560059,-6.43536841755932e-11,2.447724715226125e-09,0.029427528381347653
1787581234.2021315,-6.43536841755932e-11,2.447724715226125e-09,0.0294109582901001
1787581234.2474504,-6.43536841755932e-11,2.447724715226125e-09,0.029339194297790524
1787581234.2964213,-6.43536841755932e-11,2.447724715226125e-09,0.02930891513824463
1787581234.3512774,-6.43536841755932e-11,2.447724715226125e-09,0.029305100440979007
1787581234.4464366,-6.43536841755932e-11,2.447724715226125e-09,0.02933478355407715
1787581234.5474157,-6.43536841755932e-11,2.447724715226125e-09,0.029479861259460453
1787581234.596673,-6.43536841755932e-11,2.447724715226125e-09,0.02949059009552002
1787581234.6524365,-6.43536841755932e-11,2.447724715226125e-09,0.02945411205291748
1787581234.6956286,-6.43536841755932e-11,2.447724715226125e-09,0.029381990432739258
1787581234.7482605,-6.43536841755932e-11,2.447724715226125e-09,0.029530763626098643
1787581234.846876,-6.43536841755932e-11,2.447724715226125e-09,0.029595255851745612
1787581234.8999362,-6.43536841755932e-11,2.447724715226125e-09,0.029824733734130863
1787581234.9532766,-6.43536841755932e-11,2.447724715226125e-09,0.02976202964782715
1787581235.0368464,-6.43536841755932e-11,2.447724715226125e-09,0.029720425605773933
1787581235.1040542,-6.43536841755932e-11,2.447724715226125e-09,0.02983546257019043
1787581235.1550906,-6.43536841755932e-11,2.447724715226125e-09,0.02996897697448731
1787581235.1970732,-6.43536841755932e-11,2.447724715226125e-09,0.030083417892456048
1787581235.2573347,-6.43536841755932e-11,2.447724715226125e-09,0.030025362968444828
1787581235.2970228,-6.43536841755932e-11,2.447724715226125e-09,0.029932856559753418
1787581235.348657,-6.43536841755932e-11,2.447724715226125e-09,0.02985966205596924
1787581235.4047892,-6.43536841755932e-11,2.447724715226125e-09,0.029882669448852546
1787581235.46409,-6.43536841755932e-11,2.447724715226125e-09,0.029970645904541023
1787581235.5629811,-6.43536841755932e-11,2.447724715226125e-09,0.030041217803955078
1787581235.5982568,-6.43536841755932e-11,2.447724715226125e-09,0.030178785324096676
1787581235.6526887,-6.43536841755932e-11,2.447724715226125e-09,0.030108690261840817
1787581235.7061877,-6.43536841755932e-11,2.447724715226125e-09,0.030075430870056156
1787581235.7522588,-6.43536841755932e-11,2.447724715226125e-09,0.030097007751464847
1787581235.7986171,-6.43536841755932e-11,2.447724715226125e-09,0.030161023139953613
1787581235.8672495,-6.43536841755932e-11,2.447724715226125e-09,0.03022706508636475
1787581235.9009147,-6.43536841755932e-11,2.447724715226125e-09,0.030290722846984863
1787581235.953137,-6.43536841755932e-11,2.447724715226125e-09,0.030254721641540527
1787581235.9960992,-6.43536841755932e-11,2.447724715226125e-09,0.030224084854125984
1787581236.063106,-6.43536841755932e-11,2.447724715226125e-09,0.030171275138854987
1787581236.0977554,-6.43536841755932e-11,2.447724715226125e-09,0.03016066551208496
1787581236.1586313,-6.43536841755932e-11,2.447724715226125e-09,0.030202388763427734
1787581236.201678,-6.43536841755932e-11,2.447724715226125e-09,0.030241489410400387
1787581236.2494633,-6.43536841755932e-11,2.447724715226125e-09,0.03032922744750977
1787581236.3071358,-6.43536841755932e-11,2.447724715226125e-09,0.03027927875518799
1787581236.3550436,-6.43536841755932e-11,2.447724715226125e-09,0.030257582664489746
1787581236.3993027,-6.43536841755932e-11,2.447724715226125e-09,0.03022122383117676
1787581236.4594038,-6.43536841755932e-11,2.447724715226125e-09,0.030209898948669437
1787581236.5478976,-6.43536841755932e-11,2.447724715226125e-09,0.030299186706542976
1787581236.5928357,-6.43536841755932e-11,2.447724715226125e-09,0.03043460845947266
1787581236.6526945,-6.43536841755932e-11,2.447724715226125e-09,0.030516505241394053
1787581236.6938007,-6.43536841755932e-11,2.447724715226125e-09,0.030481457710266113
1787581236.7585046,-6.43536841755932e-11,2.447724715226125e-09,0.030445933341979987
1787581236.8022897,-6.43536841755932e-11,2.447724715226125e-09,0.0304030179977417
1787581236.8486595,-6.43536841755932e-11,2.447724715226125e-09,0.030395030975341797
1787581236.8957283,-6.43536841755932e-11,2.447724715226125e-09,0.03043556213378907
1787581236.9749637,-6.43536841755932e-11,2.447724715226125e-09,0.030473470687866214
1787581237.005283,-6.43536841755932e-11,2.447724715226125e-09,0.030820131301879886
1787581237.0827157,-6.43536841755932e-11,2.447724715226125e-09,0.030844211578369137
1787581237.181431,-6.43536841755932e-11,2.447724715226125e-09,0.030740976333618164
1787581237.252956,-6.43536841755932e-11,2.447724715226125e-09,0.030644893646240234
1787581237.293355,-6.43536841755932e-11,2.447724715226125e-09,0.03084218502044678
1787581237.3482845,-6.43536841755932e-11,2.447724715226125e-09,0.030876636505126957
1787581237.3995283,-6.43536841755932e-11,2.447724715226125e-09,0.030955553054809577
1787581237.4503949,-6.43536841755932e-11,2.447724715226125e-09,0.03091347217559815
1787581237.4950984,-6.43536841755932e-11,2.447724715226125e-09,0.030842065811157234
1787581237.5532236,-6.43536841755932e-11,2.447724715226125e-09,0.030776143074035645
1787581237.594107,-6.43536841755932e-11,2.447724715226125e-09,0.030820727348327637
1787581237.6581705,-6.43536841755932e-11,2.447724715226125e-09,0.03092432022094727
1787581237.6992164,-6.43536841755932e-11,2.447724715226125e-09,0.03100872039794922
1787581237.749742,-6.43536841755932e-11,2.447724715226125e-09,0.031034588813781735
1787581237.8538322,-6.43536841755932e-11,2.447724715226125e-09,0.031181335449218753
1787581237.885618,-6.43536841755932e-11,2.447724715226125e-09,0.031132459640502926
1787581237.9472954,-6.43536841755932e-11,2.447724715226125e-09,0.031031250953674316
1787581238.0003016,-6.43536841755932e-11,2.447724715226125e-09,0.031114459037780758
1787581238.0458398,-6.43536841755932e-11,2.447724715226125e-09,0.031115889549255375
1787581238.0956213,-6.43536841755932e-11,2.447724715226125e-09,0.031303167343139655
1787581238.155221,-6.43536841755932e-11,2.447724715226125e-09,0.031324863433837884
1787581238.2485473,-6.43536841755932e-11,2.447724715226125e-09,0.031250953674316406
1787581238.3007112,-6.43536841755932e-11,2.447724715226125e-09,0.031265616416931145
1787581238.3481739,-6.43536841755932e-11,2.447724715226125e-09,0.031310200691223145
1787581238.3954825,-6.43536841755932e-11,2.447724715226125e-09,0.03149139881134033
1787581238.454048,-6.43536841755932e-11,2.447724715226125e-09,0.031546354293823235
1787581238.5471208,-6.43536841755932e-11,2.447724715226125e-09,0.031708598136901855
1787581238.6018422,-6.43536841755932e-11,2.447724715226125e-09,0.03165578842163086
1787581238.6494775,-6.43536841755932e-11,2.447724715226125e-09,0.031663417816162116
1787581238.6962745,-6.43536841755932e-11,2.447724715226125e-09,0.03177452087402343
1787581238.7685153,-6.43536841755932e-11,2.447724715226125e-09,0.031900644302368164
1787581238.7972016,-6.43536841755932e-11,2.447724715226125e-09,0.03189849853515625
1787581238.8508658,-6.43536841755932e-11,2.447724715226125e-09,0.03184068202972412
1787581238.9024258,-6.43536841755932e-11,2.447724715226125e-09,0.0317997932434082
1787581238.9510536,-6.43536841755932e-11,2.447724715226125e-09,0.03175842761993408
1787581238.9960513,-6.43536841755932e-11,2.447724715226125e-09,0.031726956367492676
1787581239.0559523,-6.43536841755932e-11,2.447724715226125e-09,0.03179931640624999
1787581239.1189878,-6.43536841755932e-11,2.447724715226125e-09,0.03204095363616944
1787581239.1934123,-6.43536841755932e-11,2.447724715226125e-09,0.03211009502410889
1787581239.253077,-6.43536841755932e-11,2.447724715226125e-09,0.032033443450927734
1787581239.3016095,-6.43536841755932e-11,2.447724715226125e-09,0.03192269802093505
1787581239.3663723,-6.43536841755932e-11,2.447724715226125e-09,0.03193509578704835
1787581239.4129376,-6.43536841755932e-11,2.447724715226125e-09,0.03206229209899902
1787581239.4803019,-6.43536841755932e-11,2.447724715226125e-09,0.032127618789672845
1787581239.6084304,-6.43536841755932e-11,2.447724715226125e-09,0.03212785720825195
1787581239.6996024,-6.43536841755932e-11,2.447724715226125e-09,0.032243967056274414
1787581239.8147268,-6.43536841755932e-11,2.447724715226125e-09,0.032169818878173835
1787581239.8677924,-6.43536841755932e-11,2.447724715226125e-09,0.03226876258850097
1787581239.8954835,-6.43536841755932e-11,2.447724715226125e-09,0.032402753829956055
1787581239.9573781,-6.43536841755932e-11,2.447724715226125e-09,0.03262615203857422
1787581239.9992635,-6.43536841755932e-11,2.447724715226125e-09,0.03288280963897705
1787581240.0478916,-6.43536841755932e-11,2.447724715226125e-09,0.032930970191955566
1787581240.1036487,-6.43536841755932e-11,2.447724715226125e-09,0.032874584197998054
1787581240.149811,-6.43536841755932e-11,2.447724715226125e-09,0.032793402671813965
1787581240.2315462,-6.43536841755932e-11,2.447724715226125e-09,0.032888650894165046
1787581240.3177285,-6.43536841755932e-11,2.447724715226125e-09,0.032952547073364265
1787581240.3466406,-6.43536841755932e-11,2.447724715226125e-09,0.03314995765686035
1787581240.3951502,-6.43536841755932e-11,2.447724715226125e-09,0.033084273338317864
1787581240.4514637,-6.43536841755932e-11,2.447724715226125e-09,0.03303658962249756
1787581240.4955628,-6.43536841755932e-11,2.447724715226125e-09,0.032947778701782234
1787581240.5553963,-6.43536841755932e-11,2.447724715226125e-09,0.03304445743560791
1787581240.5982342,-6.43536841755932e-11,2.447724715226125e-09,0.03321421146392823
1787581240.6439924,-6.43536841755932e-11,2.447724715226125e-09,0.03343391418457032
1787581240.6953635,-6.43536841755932e-11,2.447724715226125e-09,0.03336215019226074
1787581240.7516243,-6.43536841755932e-11,2.447724715226125e-09,0.033393263816833496
1787581240.7943711,-6.43536841755932e-11,2.447724715226125e-09,0.03334343433380127
1787581240.856241,-6.43536841755932e-11,2.447724715226125e-09,0.03312373161315919
1787581240.8991997,-6.43536841755932e-11,2.447724715226125e-09,0.0332643985748291
1787581240.9456,-6.43536841755932e-11,2.447724715226125e-09,0.03338420391082764
1787581240.9961853,-6.43536841755932e-11,2.447724715226125e-09,0.03344428539276123
1787581241.050998,-6.43536841755932e-11,2.447724715226125e-09,0.03341710567474365
1787581241.0944138,-6.43536841755932e-11,2.447724715226125e-09,0.03344261646270752
1787581241.146488,-6.43536841755932e-11,2.447724715226125e-09,0.033388495445251465
1787581241.2340298,-6.43536841755932e-11,2.447724715226125e-09,0.03325629234313965
1787581241.2998497,-6.43536841755932e-11,2.447724715226125e-09,0.03322780132293702
1787581241.3528569,-6.43536841755932e-11,2.447724715226125e-09,0.03342485427856445
1787581241.4031737,-6.43536841755932e-11,2.447724715226125e-09,0.0335170030593872
1787581241.4515297,-6.43536841755932e-11,2.447724715226125e-09,0.03354048728942871
1787581241.50439,-6.43536841755932e-11,2.447724715226125e-09,0.03349900245666504
1787581241.5474246,-6.43536841755932e-11,2.447724715226125e-09,0.03346812725067139
1787581241.6161342,-6.43536841755932e-11,2.447724715226125e-09,0.033550381660461426
1787581241.6529486,-6.43536841755932e-11,2.447724715226125e-09,0.033619046211242676
1787581241.695482,-6.43536841755932e-11,2.447724715226125e-09,0.03369641304016113
1787581241.7435598,-6.43536841755932e-11,2.447724715226125e-09,0.03373241424560547
1787581241.8100226,-6.43536841755932e-11,2.447724715226125e-09,0.033673644065856934
1787581241.845844,-6.43536841755932e-11,2.447724715226125e-09,0.03359353542327881
1787581241.8942034,-6.43536841755932e-11,2.447724715226125e-09,0.03356730937957764
1787581241.9538293,-6.43536841755932e-11,2.447724715226125e-09,0.03358626365661621
1787581242.0452542,-6.43536841755932e-11,2.447724715226125e-09,0.03360879421234131
1787581242.102912,-6.43536841755932e-11,2.447724715226125e-09,0.03378796577453614
1787581242.1472404,-6.43536841755932e-11,2.447724715226125e-09,0.03370893001556396
1787581242.1949282,-6.43536841755932e-11,2.447724715226125e-09,0.03368675708770752
1787581242.2541406,-6.43536841755932e-11,2.447724715226125e-09,0.03371024131774902
1787581242.2974093,-6.43536841755932e-11,2.447724715226125e-09,0.033744573593139655
1787581242.3472981,-6.43536841755932e-11,2.447724715226125e-09,0.03387141227722169
1787581242.3933852,-6.43536841755932e-11,2.447724715226125e-09,0.03392720222473145
1787581242.4489985,-6.43536841755932e-11,2.447724715226125e-09,0.03394114971160889
1787581242.4937003,-6.43536841755932e-11,2.447724715226125e-09,0.03385984897613526
1787581242.5554621,-6.43536841755932e-11,2.447724715226125e-09,0.03372192382812501
1787581242.5976138,-6.43536841755932e-11,2.447724715226125e-09,0.03368663787841796
1787581242.6470833,-6.43536841755932e-11,2.447724715226125e-09,0.03366541862487793
1787581242.7471867,-6.43536841755932e-11,2.447724715226125e-09,0.03374326229095459
1787581242.7954323,-6.43536841755932e-11,2.447724715226125e-09,0.033820629119873054
1787581242.86568,-6.43536841755932e-11,2.447724715226125e-09,0.033991694450378425
1787581242.8956625,-6.43536841755932e-11,2.447724715226125e-09,0.034119725227355964
1787581242.9642625,-6.43536841755932e-11,2.447724715226125e-09,0.03413677215576172
1787581242.9994087,-6.43536841755932e-11,2.447724715226125e-09,0.0341649055480957
1787581243.0466473,-6.43536841755932e-11,2.447724715226125e-09,0.034151673316955566
1787581243.0927215,-6.43536841755932e-11,2.447724715226125e-09,0.03419804573059083
1787581243.154789,-6.43536841755932e-11,2.447724715226125e-09,0.0342625379562378
1787581243.1934645,-6.43536841755932e-11,2.447724715226125e-09,0.03429126739501953
1787581243.2466426,-6.43536841755932e-11,2.447724715226125e-09,0.03431200981140136
1787581243.300099,-6.43536841755932e-11,2.447724715226125e-09,0.03431320190429688
1787581243.3482769,-6.43536841755932e-11,2.447724715226125e-09,0.03426122665405274
1787581243.393873,-6.43536841755932e-11,2.447724715226125e-09,0.03424155712127686
1787581243.4592168,-6.43536841755932e-11,2.447724715226125e-09,0.03433465957641601
1787581243.4951718,-6.43536841755932e-11,2.447724715226125e-09,0.034375667572021484
1787581243.5515752,-6.43536841755932e-11,2.447724715226125e-09,0.03445315361022949
1787581243.6012764,-6.43536841755932e-11,2.447724715226125e-09,0.03469967842102051
1787581243.652955,-6.43536841755932e-11,2.447724715226125e-09,0.034635543823242194
1787581243.6990125,-6.43536841755932e-11,2.447724715226125e-09,0.03461790084838867
1787581243.7587192,-6.43536841755932e-11,2.447724715226125e-09,0.03460073471069336
1787581243.8451927,-6.43536841755932e-11,2.447724715226125e-09,0.03463447093963623
1787581243.9005704,-6.43536841755932e-11,2.447724715226125e-09,0.03468608856201171
1787581243.9717782,-6.43536841755932e-11,2.447724715226125e-09,0.034720182418823235
1787581244.0340757,-6.43536841755932e-11,2.447724715226125e-09,0.034768223762512214
1787581244.0921829,-6.43536841755932e-11,2.447724715226125e-09,0.03460836410522461
1787581244.1471872,-6.43536841755932e-11,2.447724715226125e-09,0.0345684289932251
1787581244.201734,-6.43536841755932e-11,2.447724715226125e-09,0.03464579582214356
1787581244.2835844,-6.43536841755932e-11,2.447724715226125e-09,0.03474175930023194
1787581244.383388,-6.43536841755932e-11,2.447724715226125e-09,0.03484463691711426
1787581244.453726,-6.43536841755932e-11,2.447724715226125e-09,0.034729361534118645
1787581244.5475686,-6.43536841755932e-11,2.447724715226125e-09,0.034700393676757806
1787581244.5909858,-6.43536841755932e-11,2.447724715226125e-09,0.03481376171112061
1787581244.656911,-6.43536841755932e-11,2.447724715226125e-09,0.03484427928924561
1787581244.6908302,-6.43536841755932e-11,2.447724715226125e-09,0.03488469123840332
1787581244.7875545,-6.43536841755932e-11,2.447724715226125e-09,0.0349646806716919
1787581244.8470387,-6.43536841755932e-11,2.447724715226125e-09,0.03500056266784669
1787581244.892259,-6.43536841755932e-11,2.447724715226125e-09,0.03487992286682129
1787581244.95183,-6.43536841755932e-11,2.447724715226125e-09,0.034914612770080566
1787581244.9941397,-6.43536841755932e-11,2.447724715226125e-09,0.03493356704711914
1787581245.0490043,-6.43536841755932e-11,2.447724715226125e-09,0.03494012355804444
1787581245.0979815,-6.43536841755932e-11,2.447724715226125e-09,0.035151124000549316
1787581245.1486707,-6.43536841755932e-11,2.447724715226125e-09,0.03516578674316406
1787581245.2077389,-6.43536841755932e-11,2.447724715226125e-09,0.035143733024597175
1787581245.2485495,-6.43536841755932e-11,2.447724715226125e-09,0.035116195678710944
1787581245.2962704,-6.43536841755932e-11,2.447724715226125e-09,0.03508543968200684
1787581245.355382,-6.43536841755932e-11,2.447724715226125e-09,0.03505361080169678
1787581245.3942015,-6.43536841755932e-11,2.447724715226125e-09,0.035015344619750984
1787581245.45184,-6.43536841755932e-11,2.447724715226125e-09,0.0350714921951294
1787581245.499971,-6.43536841755932e-11,2.447724715226125e-09,0.035192251205444336
1787581245.5461593,-6.43536841755932e-11,2.447724715226125e-09,0.03523576259613037
1787581245.6000264,-6.43536841755932e-11,2.447724715226125e-09,0.03536498546600342
1787581245.6513422,-6.43536841755932e-11,2.447724715226125e-09,0.03538668155670166
1787581245.6997738,-6.43536841755932e-11,2.447724715226125e-09,0.03544259071350098
1787581245.7558935,-6.43536841755932e-11,2.447724715226125e-09,0.035431623458862305
1787581245.8042908,-6.43536841755932e-11,2.447724715226125e-09,0.035384297370910645
1787581245.8456042,-6.43536841755932e-11,2.447724715226125e-09,0.03537094593048096
1787581245.947202,-6.43536841755932e-11,2.447724715226125e-09,0.0353914499282837
1787581245.9936726,-6.43536841755932e-11,2.447724715226125e-09,0.03543281555175781
1787581246.0504553,-6.43536841755932e-11,2.447724715226125e-09,0.03553104400634766
1787581246.0931785,-6.43536841755932e-11,2.447724715226125e-09,0.03551983833312989
1787581246.1553862,-6.43536841755932e-11,2.447724715226125e-09,0.035539984703063965
1787581246.200298,-6.43536841755932e-11,2.447724715226125e-09,0.035602688789367676
1787581246.2460396,-6.43536841755932e-11,2.447724715226125e-09,0.03559553623199463
1787581246.2927861,-6.43536841755932e-11,2.447724715226125e-09,0.03550696372985841
1787581246.3495865,-6.43536841755932e-11,2.447724715226125e-09,0.0354832410812378
1787581246.3919165,-6.43536841755932e-11,2.447724715226125e-09,0.03542721271514892
1787581246.4566898,-6.43536841755932e-11,2.447724715226125e-09,0.03550732135772706
1787581246.4959998,-6.43536841755932e-11,2.447724715226125e-09,0.03565609455108643
1787581246.5445511,-6.43536841755932e-11,2.447724715226125e-09,0.03563618659973145
1787581246.5947866,-6.43536841755932e-11,2.447724715226125e-09,0.03578674793243408
1787581246.700508,-6.43536841755932e-11,2.447724715226125e-09,0.03580796718597412
1787581246.7971714,-6.43536841755932e-11,2.447724715226125e-09,0.0356665849685669
1787581246.892919,-6.43536841755932e-11,2.447724715226125e-09,0.03581357002258301
1787581246.9514704,-6.43536841755932e-11,2.447724715226125e-09,0.03597259521484376
1787581246.9918587,-6.43536841755932e-11,2.447724715226125e-09,0.03590655326843262
1787581247.042005,-6.43536841755932e-11,2.447724715226125e-09,0.03587758541107178
1787581247.1188705,-6.43536841755932e-11,2.447724715226125e-09,0.03585994243621827
1787581247.1447158,-6.43536841755932e-11,2.447724715226125e-09,0.0358874797821045
1787581247.1937444,-6.43536841755932e-11,2.447724715226125e-09,0.03582668304443359
1787581247.249296,-6.43536841755932e-11,2.447724715226125e-09,0.035946130752563484
1787581247.2934048,-6.43536841755932e-11,2.447724715226125e-09,0.03601276874542236
1787581247.3543155,-6.43536841755932e-11,2.447724715226125e-09,0.03601419925689698
1787581247.3951764,-6.43536841755932e-11,2.447724715226125e-09,0.03588211536407471
1787581247.4550269,-6.43536841755932e-11,2.447724715226125e-09,0.035821795463562005
1787581247.4914675,-6.43536841755932e-11,2.447724715226125e-09,0.03578674793243408
1787581247.5484564,-6.43536841755932e-11,2.447724715226125e-09,0.03583443164825441
1787581247.6090295,-6.43536841755932e-11,2.447724715226125e-09,0.035869359970092766
1787581247.6549013,-6.43536841755932e-11,2.447724715226125e-09,0.035933613777160645
1787581247.694634,-6.43536841755932e-11,2.447724715226125e-09,0.03600490093231201
1787581247.7486246,-6.43536841755932e-11,2.447724715226125e-09,0.03605854511260986
1787581247.802501,-6.43536841755932e-11,2.447724715226125e-09,0.03600931167602539
1787581247.8924294,-6.43536841755932e-11,2.447724715226125e-09,0.035973310470581055
1787581247.9542356,-6.43536841755932e-11,2.447724715226125e-09,0.03595876693725587
1787581248.0224302,-6.43536841755932e-11,2.447724715226125e-09,0.03603398799896241
1787581248.0410838,-6.43536841755932e-11,2.447724715226125e-09,0.036182641983032234
1787581248.119076,-6.43536841755932e-11,2.447724715226125e-09,0.03620553016662598
1787581248.1469355,-6.43536841755932e-11,2.447724715226125e-09,0.036301612854003906
1787581248.1932383,-6.43536841755932e-11,2.447724715226125e-09,0.03624486923217774
1787581248.2599394,-6.43536841755932e-11,2.447724715226125e-09,0.03621089458465576
1787581248.29784,-6.43536841755932e-11,2.447724715226125e-09,0.036173939704895026
1787581248.3440523,-6.43536841755932e-11,2.447724715226125e-09,0.036244988441467285
1787581248.397323,-6.43536841755932e-11,2.447724715226125e-09,0.03628849983215333
1787581248.4410954,-6.43536841755932e-11,2.447724715226125e-09,0.03643059730529785
1787581248.4927423,-6.43536841755932e-11,2.447724715226125e-09,0.036453008651733405
1787581248.5912607,-6.43536841755932e-11,2.447724715226125e-09,0.03642964363098145
1787581248.651091,-6.43536841755932e-11,2.447724715226125e-09,0.03634083271026611
1787581248.6969488,-6.43536841755932e-11,2.447724715226125e-09,0.03629732131958008
1787581248.742299,-6.43536841755932e-11,2.447724715226125e-09,0.036384344100952155
1787581248.7923193,-6.43536841755932e-11,2.447724715226125e-09,0.03643500804901124
1787581248.8481684,-6.43536841755932e-11,2.447724715226125e-09,0.036492228507995605
1787581248.89269,-6.43536841755932e-11,2.447724715226125e-09,0.0365133285522461
1787581248.9964845,-6.43536841755932e-11,2.447724715226125e-09,0.03665816783905029
1787581249.040656,-6.43536841755932e-11,2.447724715226125e-09,0.03655612468719483
1787581249.0917463,-6.43536841755932e-11,2.447724715226125e-09,0.03662121295928955
1787581249.1562479,-6.43536841755932e-11,2.447724715226125e-09,0.036655902862548835
1787581249.1945028,-6.43536841755932e-11,2.447724715226125e-09,0.036684036254882826
1787581249.2590709,-6.43536841755932e-11,2.447724715226125e-09,0.036775827407836914
1787581249.296183,-6.43536841755932e-11,2.447724715226125e-09,0.03698110580444337
1787581249.39081,-6.43536841755932e-11,2.447724715226125e-09,0.03716301918029786
1787581249.4557197,-6.43536841755932e-11,2.447724715226125e-09,0.03711521625518799
1787581249.4901767,-6.43536841755932e-11,2.447724715226125e-09,0.037142395973205566
1787581249.5424893,-6.43536841755932e-11,2.447724715226125e-09,0.03722429275512696
1787581249.5969162,-6.43536841755932e-11,2.447724715226125e-09,0.03731858730316162
1787581249.693987,-6.43536841755932e-11,2.447724715226125e-09,0.03730618953704835
1787581249.7483912,-6.43536841755932e-11,2.447724715226125e-09,0.037228465080261224
1787581249.7961643,-6.43536841755932e-11,2.447724715226125e-09,0.037203907966613776
1787581249.8423443,-6.43536841755932e-11,2.447724715226125e-09,0.03727543354034424
1787581249.8993995,-6.43536841755932e-11,2.447724715226125e-09,0.03735244274139405
1787581249.9479496,-6.43536841755932e-11,2.447724715226125e-09,0.03748714923858643
1787581250.0001714,-6.43536841755932e-11,2.447724715226125e-09,0.03752601146697999
1787581250.0487134,-6.43536841755932e-11,2.447724715226125e-09,0.03745365142822266
1787581250.1418195,-6.43536841755932e-11,2.447724715226125e-09,0.037444829940795905
1787581250.203962,-6.43536841755932e-11,2.447724715226125e-09,0.037389039993286126
1787581250.245431,-6.43536841755932e-11,2.447724715226125e-09,0.037525534629821784
1787581250.2905774,-6.43536841755932e-11,2.447724715226125e-09,0.037553906440734856
1787581250.3522174,-6.43536841755932e-11,2.447724715226125e-09,0.03759503364562988
1787581250.3937361,-6.43536841755932e-11,2.447724715226125e-09,0.03759312629699707
1787581250.4531171,-6.43536841755932e-11,2.447724715226125e-09,0.037476062774658196
1787581250.4990797,-6.43536841755932e-11,2.447724715226125e-09,0.03744316101074219
1787581250.5445576,-6.43536841755932e-11,2.447724715226125e-09,0.03746628761291504
1787581250.5916317,-6.43536841755932e-11,2.447724715226125e-09,0.03755784034729003
1787581250.6926916,-6.43536841755932e-11,2.447724715226125e-09,0.03764927387237549
1787581250.7424386,-6.43536841755932e-11,2.447724715226125e-09,0.037652969360351556
1787581250.799357,-6.43536841755932e-11,2.447724715226125e-09,0.03782451152801514
1787581250.8456435,-6.43536841755932e-11,2.447724715226125e-09,0.037783741950988776
1787581250.9519477,-6.43536841755932e-11,2.447724715226125e-09,0.037773966789245605
1787581250.9906073,-6.43536841755932e-11,2.447724715226125e-09,0.0378783941268921
1787581251.0554216,-6.43536841755932e-11,2.447724715226125e-09,0.037970900535583496
1787581251.0959163,-6.43536841755932e-11,2.447724715226125e-09,0.03809165954589843
1787581251.143678,-6.43536841755932e-11,2.447724715226125e-09,0.038270473480224616
1787581251.188644,-6.43536841755932e-11,2.447724715226125e-09,0.038403034210205085
1787581252.9943101,-6.43536841755932e-11,2.447724715226125e-09,0.038335561752319336
1787581253.0331295,-6.43536841755932e-11,2.447724715226125e-09,0.038335561752319336
1787581253.081682,-6.43536841755932e-11,2.447724715226125e-09,0.038335561752319336
1787581253.1288862,-6.43536841755932e-11,2.447724715226125e-09,0.038335561752319336
1787581253.2565458,-6.43536841755932e-11,2.447724715226125e-09,0.038335561752319336
1787581253.279001,-6.43536841755932e-11,2.447724715226125e-09,0.038335561752319336
1787581253.3288198,-6.43536841755932e-11,2.447724715226125e-09,0.03901004791259766
1787581253.3912745,-6.43536841755932e-11,2.447724715226125e-09,0.03896033763885498
1787581253.450278,-6.43536841755932e-11,2.447724715226125e-09,0.03891932964324952
1787581253.496537,-6.43536841755932e-11,2.447724715226125e-09,0.038857221603393555
1787581253.5438004,-6.43536841755932e-11,2.447724715226125e-09,0.03887224197387696
1787581253.5989628,-6.43536841755932e-11,2.447724715226125e-09,0.03890562057495118
1787581253.6526966,-6.43536841755932e-11,2.447724715226125e-09,0.03892087936401367
1787581253.701827,-6.43536841755932e-11,2.447724715226125e-09,0.03883194923400879
1787581253.752114,-6.43536841755932e-11,2.447724715226125e-09,0.038836121559143066
1787581253.7904418,-6.43536841755932e-11,2.447724715226125e-09,0.03876411914825439
1787581253.846005,-6.43536841755932e-11,2.447724715226125e-09,0.038802504539489746
1787581253.8933403,-6.43536841755932e-11,2.447724715226125e-09,0.038861989974975586
1787581253.9946053,-6.43536841755932e-11,2.447724715226125e-09,0.038892865180969245
1787581254.090234,-6.43536841755932e-11,2.447724715226125e-09,0.038879275321960456
1787581254.1460073,-6.43536841755932e-11,2.447724715226125e-09,0.03883886337280273
1787581254.1912816,-6.43536841755932e-11,2.447724715226125e-09,0.03884077072143555
1787581254.2519364,-6.43536841755932e-11,2.447724715226125e-09,0.03892242908477783
1787581254.3001506,-6.43536841755932e-11,2.447724715226125e-09,0.038950324058532715
1787581254.3433132,-6.43536841755932e-11,2.447724715226125e-09,0.03897583484649658
1787581254.4041078,-6.43536841755932e-11,2.447724715226125e-09,0.038969278335571296
1787581254.4429166,-6.43536841755932e-11,2.447724715226125e-09,0.03893804550170899
1787581254.4984078,-6.43536841755932e-11,2.447724715226125e-09,0.0388864278793335
1787581254.5504282,-6.43536841755932e-11,2.447724715226125e-09,0.038828253746032715
1787581254.592793,-6.43536841755932e-11,2.447724715226125e-09,0.03890562057495118
1787581254.6416504,-6.43536841755932e-11,2.447724715226125e-09,0.038918852806091316
1787581254.698688,-6.43536841755932e-11,2.447724715226125e-09,0.03902745246887206
1787581254.789362,-6.43536841755932e-11,2.447724715226125e-09,0.03912937641143799
1787581254.8527799,-6.43536841755932e-11,2.447724715226125e-09,0.0392683744430542
1787581254.893088,-6.43536841755932e-11,2.447724715226125e-09,0.03918206691741943
1787581255.0012157,-6.43536841755932e-11,2.447724715226125e-09,0.039192914962768555
1787581255.043967,-6.43536841755932e-11,2.447724715226125e-09,0.03937876224517822
1787581255.090956,-6.43536841755932e-11,2.447724715226125e-09,0.03949046134948731
1787581255.1506698,-6.43536841755932e-11,2.447724715226125e-09,0.039574623107910156
1787581255.1949377,-6.43536841755932e-11,2.447724715226125e-09,0.03948056697845459
1787581255.241179,-6.43536841755932e-11,2.447724715226125e-09,0.03946971893310547
1787581255.3131607,-6.43536841755932e-11,2.447724715226125e-09,0.03936505317687989
1787581255.3466733,-6.43536841755932e-11,2.447724715226125e-09,0.03952145576477051
1787581255.3889997,-6.43536841755932e-11,2.447724715226125e-09,0.0396256446838379
1787581255.45069,-6.43536841755932e-11,2.447724715226125e-09,0.03975534439086915
1787581255.4933875,-6.43536841755932e-11,2.447724715226125e-09,0.039737820625305176
1787581255.5516474,-6.43536841755932e-11,2.447724715226125e-09,0.03974413871765137
1787581255.589436,-6.43536841755932e-11,2.447724715226125e-09,0.03964555263519287
1787581255.6465816,-6.43536841755932e-11,2.447724715226125e-09,0.03938603401184082
1787581255.7067134,-6.43536841755932e-11,2.447724715226125e-09,0.03948390483856201
1787581255.7409523,-6.43536841755932e-11,2.447724715226125e-09,0.03956544399261475
1787581255.7954051,-6.43536841755932e-11,2.447724715226125e-09,0.03954577445983887
1787581255.8406553,-6.43536841755932e-11,2.447724715226125e-09,0.0395277738571167
1787581255.889848,-6.43536841755932e-11,2.447724715226125e-09,0.03943204879760742
1787581255.94809,-6.43536841755932e-11,2.447724715226125e-09,0.03921818733215332
1787581255.9883335,-6.43536841755932e-11,2.447724715226125e-09,0.039342522621154785
1787581256.0421977,-6.43536841755932e-11,2.447724715226125e-09,0.03945481777191163
1787581256.1165967,-6.43536841755932e-11,2.447724715226125e-09,0.0397266149520874
1787581256.1438482,-6.43536841755932e-11,2.447724715226125e-09,0.03976404666900635
1787581256.1894472,-6.43536841755932e-11,2.447724715226125e-09,0.039736628532409675
1787581256.2471373,-6.43536841755932e-11,2.447724715226125e-09,0.03969049453735352
1787581256.319738,-6.43536841755932e-11,2.447724715226125e-09,0.03942930698394776
1787581256.3415086,-6.43536841755932e-11,2.447724715226125e-09,0.0395212173461914
1787581256.3959477,-6.43536841755932e-11,2.447724715226125e-09,0.039722561836242676
1787581256.45538,-6.43536841755932e-11,2.447724715226125e-09,0.039840221405029304
1787581256.487174,-6.43536841755932e-11,2.447724715226125e-09,0.03985309600830079
1787581256.5549097,-6.43536841755932e-11,2.447724715226125e-09,0.03994965553283692
1787581256.5904145,-6.43536841755932e-11,2.447724715226125e-09,0.03983175754547119
1787581256.6402884,-6.43536841755932e-11,2.447724715226125e-09,0.039772629737854004
1787581256.6974182,-6.43536841755932e-11,2.447724715226125e-09,0.0398334264755249
1787581256.740175,-6.43536841755932e-11,2.447724715226125e-09,0.0399928092956543
1787581256.7893395,-6.43536841755932e-11,2.447724715226125e-09,0.04003953933715821
1787581256.8465557,-6.43536841755932e-11,2.447724715226125e-09,0.040222644805908196
1787581256.8915286,-6.43536841755932e-11,2.447724715226125e-09,0.040179729461669915
1787581256.9383817,-6.43536841755932e-11,2.447724715226125e-09,0.04013371467590331
1787581256.9959853,-6.43536841755932e-11,2.447724715226125e-09,0.040110349655151374
1787581257.039797,-6.43536841755932e-11,2.447724715226125e-09,0.040102720260620124
1787581257.0885742,-6.43536841755932e-11,2.447724715226125e-09,0.04011833667755126
1787581257.1450279,-6.43536841755932e-11,2.447724715226125e-09,0.040199160575866706
1787581257.1891315,-6.43536841755932e-11,2.447724715226125e-09,0.040339112281799316
1787581257.2392366,-6.43536841755932e-11,2.447724715226125e-09,0.04043924808502197
1787581257.2947745,-6.43536841755932e-11,2.447724715226125e-09,0.040374398231506355
1787581257.3516846,-6.43536841755932e-11,2.447724715226125e-09,0.040304183959960944
1787581257.3878243,-6.43536841755932e-11,2.447724715226125e-09,0.04027903079986573
1787581257.4496007,-6.43536841755932e-11,2.447724715226125e-09,0.04032385349273682
1787581257.4880657,-6.43536841755932e-11,2.447724715226125e-09,0.04045760631561279
1787581257.540448,-6.43536841755932e-11,2.447724715226125e-09,0.040509581565856934
1787581257.5919237,-6.43536841755932e-11,2.447724715226125e-09,0.04053497314453126
1787581257.6883738,-6.43536841755932e-11,2.447724715226125e-09,0.04049408435821534
1787581257.74998,-6.43536841755932e-11,2.447724715226125e-09,0.04047882556915283
1787581257.789794,-6.43536841755932e-11,2.447724715226125e-09,0.04044806957244873
1787581257.8494716,-6.43536841755932e-11,2.447724715226125e-09,0.0404425859451294
1787581257.8914232,2.528991619955815e-05,1.0260334686846227e-06,0.040461182594299316
1787581257.9498572,-4.842689262969527e-11,2.054293358910363e-09,0.04047369956970214
1787581257.9978678,-4.842689262969527e-11,2.054293358910363e-09,0.040497541427612305
1787581258.0531194,-4.842689262969527e-11,2.054293358910363e-09,0.0407027006149292
1787581258.0902188,-4.842689262969527e-11,2.054293358910363e-09,0.04068458080291748
1787581258.161001,-4.842689262969527e-11,2.054293358910363e-09,0.04062747955322266
1787581258.1933904,-4.842689262969527e-11,2.054293358910363e-09,0.040585994720458984
1787581258.2404234,-4.842689262969527e-11,2.054293358910363e-09,0.04058146476745606
1787581258.296837,-4.842689262969527e-11,2.054293358910363e-09,0.040587902069091804
1787581258.3458788,-4.842689262969527e-11,2.054293358910363e-09,0.04069852828979492
1787581258.3958566,-4.842689262969527e-11,2.054293358910363e-09,0.04076254367828369
1787581258.4587703,-4.842689262969527e-11,2.054293358910363e-09,0.04078030586242676
1787581258.4891038,-4.842689262969527e-11,2.054293358910363e-09,0.04071342945098877
1787581258.5410886,-4.842689262969527e-11,2.054293358910363e-09,0.040656566619873054
1787581258.6011033,-4.842689262969527e-11,2.054293358910363e-09,0.040627241134643555
1787581258.6488044,-4.842689262969527e-11,2.054293358910363e-09,0.04055607318878174
1787581258.6977756,-4.842689262969527e-11,2.054293358910363e-09,0.04048788547515869
1787581258.7634988,-4.842689262969527e-11,2.054293358910363e-09,0.04049241542816163
1787581258.7875433,-4.842689262969527e-11,2.054293358910363e-09,0.04060304164886475
1787581258.8397539,-4.842689262969527e-11,2.054293358910363e-09,0.04061484336853028
1787581258.8938067,-4.842689262969527e-11,2.054293358910363e-09,0.04065072536468505
1787581258.9438658,-4.842689262969527e-11,2.054293358910363e-09,0.040623784065246596
1787581258.9889293,-4.842689262969527e-11,2.054293358910363e-09,0.0406041145324707
1787581259.0439508,-4.842689262969527e-11,2.054293358910363e-09,0.04058253765106201
1787581259.0898921,-4.842689262969527e-11,2.054293358910363e-09,0.04068136215209961
1787581259.1507244,-4.842689262969527e-11,2.054293358910363e-09,0.04071629047393798
1787581259.2411559,-4.842689262969527e-11,2.054293358910363e-09,0.040739655494689934
1787581259.2876105,-4.842689262969527e-11,2.054293358910363e-09,0.040780067443847656
1787581259.3447645,-4.842689262969527e-11,2.054293358910363e-09,0.04072654247283937
1787581259.387171,-4.842689262969527e-11,2.054293358910363e-09,0.04066884517669677
1787581259.4507139,-4.842689262969527e-11,2.054293358910363e-09,0.040703654289245605
1787581259.491088,-4.842689262969527e-11,2.054293358910363e-09,0.040771365165710456
1787581259.55518,-4.842689262969527e-11,2.054293358910363e-09,0.04087245464324951
1787581259.598494,-4.842689262969527e-11,2.054293358910363e-09,0.040946006774902344
1787581259.6431072,-4.842689262969527e-11,2.054293358910363e-09,0.04105174541473389
1787581259.7491794,-4.842689262969527e-11,2.054293358910363e-09,0.04099428653717041
1787581259.7879858,-4.842689262969527e-11,2.054293358910363e-09,0.04088020324707031
1787581259.8407943,-4.842689262969527e-11,2.054293358910363e-09,0.04086720943450928
1787581259.8960881,-4.842689262969527e-11,2.054293358910363e-09,0.0409688949584961
1787581259.9421282,-4.842689262969527e-11,2.054293358910363e-09,0.04110455513000488
1787581259.984493,-4.842689262969527e-11,2.054293358910363e-09,0.041164278984069824
1787581260.0475905,-4.842689262969527e-11,2.054293358910363e-09,0.041186094284057624
1787581260.08529,-4.842689262969527e-11,2.054293358910363e-09,0.041110157966613776
1787581260.1417742,-4.842689262969527e-11,2.054293358910363e-09,0.04104232788085938
1787581260.1968963,-4.842689262969527e-11,2.054293358910363e-09,0.040995359420776374
1787581260.248308,-4.842689262969527e-11,2.054293358910363e-09,0.040941715240478516
1787581260.28579,-4.842689262969527e-11,2.054293358910363e-09,0.04105710983276368
1787581260.3464627,-4.842689262969527e-11,2.054293358910363e-09,0.04114091396331787
1787581260.3858685,-4.842689262969527e-11,2.054293358910363e-09,0.041175365447998054
1787581260.4501138,-4.842689262969527e-11,2.054293358910363e-09,0.04120516777038574
1787581260.5411654,-4.842689262969527e-11,2.054293358910363e-09,0.04145205020904541
1787581260.5944235,-4.842689262969527e-11,2.054293358910363e-09,0.0417177677154541
1787581260.6483624,-4.842689262969527e-11,2.054293358910363e-09,0.04163789749145508
1787581260.6898048,-4.842689262969527e-11,2.054293358910363e-09,0.041614890098571784
1787581260.752672,-4.842689262969527e-11,2.054293358910363e-09,0.04162263870239258
1787581260.789116,-4.842689262969527e-11,2.054293358910363e-09,0.041623950004577644
1787581260.8429348,-4.842689262969527e-11,2.054293358910363e-09,0.041723966598510735
1787581260.895166,-4.842689262969527e-11,2.054293358910363e-09,0.04197216033935547
1787581260.9785943,-4.842689262969527e-11,2.054293358910363e-09,0.04199707508087158
1787581261.0518143,-4.842689262969527e-11,2.054293358910363e-09,0.041852593421936035
1787581261.089275,-4.842689262969527e-11,2.054293358910363e-09,0.0418466329574585
1787581261.1782804,-4.842689262969527e-11,2.054293358910363e-09,0.04179728031158447
1787581261.2406526,-4.842689262969527e-11,2.054293358910363e-09,0.04199695587158204
1787581261.2877827,-4.842689262969527e-11,2.054293358910363e-09,0.04209208488464355
1787581261.3488867,-4.842689262969527e-11,2.054293358910363e-09,0.04211556911468506
1787581261.389275,-4.842689262969527e-11,2.054293358910363e-09,0.04216396808624268
1787581261.4520264,-4.842689262969527e-11,2.054293358910363e-09,0.04211795330047608
1787581261.499121,-4.842689262969527e-11,2.054293358910363e-09,0.042011380195617676
1787581261.587236,-4.842689262969527e-11,2.054293358910363e-09,0.04206883907318115
1787581261.688364,-4.842689262969527e-11,2.054293358910363e-09,0.04217720031738282
1787581261.7502828,-4.842689262969527e-11,2.054293358910363e-09,0.04236090183258056
1787581261.79963,-4.842689262969527e-11,2.054293358910363e-09,0.04229962825775147
1787581261.8429544,-4.842689262969527e-11,2.054293358910363e-09,0.042278885841369636
1787581261.8986707,-4.842689262969527e-11,2.054293358910363e-09,0.04229474067687988
1787581261.988278,-4.842689262969527e-11,2.054293358910363e-09,0.04230773448944092
1787581262.0306191,-4.842689262969527e-11,2.054293358910363e-09,0.04241049289703369
1787581262.0954523,-4.842689262969527e-11,2.054293358910363e-09,0.042710065841674805
1787581262.1944194,-4.842689262969527e-11,2.054293358910363e-09,0.04265475273132324
1787581262.2417207,-4.842689262969527e-11,2.054293358910363e-09,0.04260444641113282
1787581262.2884607,-4.842689262969527e-11,2.054293358910363e-09,0.04253232479095459
1787581262.3477821,-4.842689262969527e-11,2.054293358910363e-09,0.042585372924804694
1787581262.3908885,-4.842689262969527e-11,2.054293358910363e-09,0.04271233081817627
1787581262.4476233,-4.842689262969527e-11,2.054293358910363e-09,0.04273736476898194
1787581262.497317,-4.842689262969527e-11,2.054293358910363e-09,0.04278564453125001
1787581262.543071,-4.842689262969527e-11,2.054293358910363e-09,0.04275774955749512
1787581262.5942776,-4.842689262969527e-11,2.054293358910363e-09,0.04264867305755615
1787581262.6903546,-4.842689262969527e-11,2.054293358910363e-09,0.042623758316040046
1787581262.738598,-4.842689262969527e-11,2.054293358910363e-09,0.04273688793182374
1787581262.8001916,-4.842689262969527e-11,2.054293358910363e-09,0.042795181274414056
1787581262.8402865,-4.842689262969527e-11,2.054293358910363e-09,0.043001651763916016
1787581262.887276,-4.842689262969527e-11,2.054293358910363e-09,0.04306399822235108
1787581262.9645736,-4.842689262969527e-11,2.054293358910363e-09,0.04308688640594483
1787581262.989715,-4.842689262969527e-11,2.054293358910363e-09,0.042995691299438484
1787581263.0405,-4.842689262969527e-11,2.054293358910363e-09,0.04297435283660889
1787581263.0932913,-4.842689262969527e-11,2.054293358910363e-09,0.042910933494567864
1787581263.1383684,-4.842689262969527e-11,2.054293358910363e-09,0.042971253395080566
1787581263.1883435,-4.842689262969527e-11,2.054293358910363e-09,0.04306125640869141
1787581263.24441,-4.842689262969527e-11,2.054293358910363e-09,0.043169498443603516
1787581263.2871652,-4.842689262969527e-11,2.054293358910363e-09,0.04316258430480957
1787581263.3500154,-4.842689262969527e-11,2.054293358910363e-09,0.04311215877532959
1787581263.391048,-4.842689262969527e-11,2.054293358910363e-09,0.04301583766937255
1787581263.4400682,-4.842689262969527e-11,2.054293358910363e-09,0.043051719665527344
1787581263.504257,-4.842689262969527e-11,2.054293358910363e-09,0.04303467273712158
1787581263.5433826,-4.842689262969527e-11,2.054293358910363e-09,0.04312491416931152
1787581263.588397,-4.842689262969527e-11,2.054293358910363e-09,0.04318499565124512
1787581263.6490731,-4.842689262969527e-11,2.054293358910363e-09,0.04320180416107178
1787581263.7005653,-4.842689262969527e-11,2.054293358910363e-09,0.04319214820861817
1787581263.7577689,-4.842689262969527e-11,2.054293358910363e-09,0.04315853118896485
1787581263.8035827,-4.842689262969527e-11,2.054293358910363e-09,0.04308915138244629
1787581263.8857784,-4.842689262969527e-11,2.054293358910363e-09,0.04303836822509766
1787581263.94825,-4.842689262969527e-11,2.054293358910363e-09,0.04310929775238037
1787581263.9874182,-4.842689262969527e-11,2.054293358910363e-09,0.04323291778564454
1787581264.0376496,-4.842689262969527e-11,2.054293358910363e-09,0.043358564376831055
1787581264.093291,-4.842689262969527e-11,2.054293358910363e-09,0.04338848590850831
1787581264.13598,-4.842689262969527e-11,2.054293358910363e-09,0.04346489906311036
1787581264.1883662,-4.842689262969527e-11,2.054293358910363e-09,0.04342091083526611
1787581264.2518814,-4.842689262969527e-11,2.054293358910363e-09,0.04335451126098632
1787581264.289071,-4.842689262969527e-11,2.054293358910363e-09,0.043276190757751465
1787581264.3497481,-4.842689262969527e-11,2.054293358910363e-09,0.0433427095413208
1787581264.3916726,-4.842689262969527e-11,2.054293358910363e-09,0.043410658836364746
1787581264.439176,-4.842689262969527e-11,2.054293358910363e-09,0.04344069957733155
1787581264.4858682,-4.842689262969527e-11,2.054293358910363e-09,0.04349470138549805
1787581264.54362,-4.842689262969527e-11,2.054293358910363e-09,0.04363572597503662
1787581264.5891821,-4.842689262969527e-11,2.054293358910363e-09,0.043637633323669434
1787581264.6497278,-4.842689262969527e-11,2.054293358910363e-09,0.043593406677246094
1787581264.6893315,-4.842689262969527e-11,2.054293358910363e-09,0.04354846477508545
1787581264.7959976,-4.842689262969527e-11,2.054293358910363e-09,0.04365432262420654
1787581264.8282053,-4.842689262969527e-11,2.054293358910363e-09,0.0437624454498291
1787581264.8855164,-4.842689262969527e-11,2.054293358910363e-09,0.04373788833618164
1787581264.9493856,-4.842689262969527e-11,2.054293358910363e-09,0.04369199275970459
1787581264.9874482,-4.842689262969527e-11,2.054293358910363e-09,0.04368281364440918
1787581265.0381355,-4.842689262969527e-11,2.054293358910363e-09,0.04366481304168701
1787581265.1270218,-4.842689262969527e-11,2.054293358910363e-09,0.043603777885437005
1787581265.1386397,-4.842689262969527e-11,2.054293358910363e-09,0.04370677471160889
1787581265.2275946,-4.842689262969527e-11,2.054293358910363e-09,0.0437542200088501
1787581265.2281306,-4.842689262969527e-11,2.054293358910363e-09,0.04377901554107666
1787581265.28712,-4.842689262969527e-11,2.054293358910363e-09,0.04388809204101563
1787581265.3929424,-4.842689262969527e-11,2.054293358910363e-09,0.04400050640106202
1787581265.4469059,-4.842689262969527e-11,2.054293358910363e-09,0.043925166130065925
1787581265.4875548,-4.842689262969527e-11,2.054293358910363e-09,0.04391252994537353
1787581265.5415337,-4.842689262969527e-11,2.054293358910363e-09,0.04394352436065674
1787581265.58617,-4.842689262969527e-11,2.054293358910363e-09,0.04400360584259033
1787581265.6460593,-4.842689262969527e-11,2.054293358910363e-09,0.0440828800201416
1787581265.6928504,-4.842689262969527e-11,2.054293358910363e-09,0.04414892196655274
1787581265.7374263,-4.842689262969527e-11,2.054293358910363e-09,0.04412245750427246
1787581265.785371,-4.842689262969527e-11,2.054293358910363e-09,0.04406058788299562
1787581265.8403213,-4.842689262969527e-11,2.054293358910363e-09,0.044013619422912605
1787581265.8857033,-4.842689262969527e-11,2.054293358910363e-09,0.0439685583114624
1787581265.9896119,-4.842689262969527e-11,2.054293358910363e-09,0.043996572494506836
1787581266.0376046,-4.842689262969527e-11,2.054293358910363e-09,0.04418647289276123
1787581266.0955195,-4.842689262969527e-11,2.054293358910363e-09,0.04434072971343994
1787581266.1379511,-4.842689262969527e-11,2.054293358910363e-09,0.044408082962036126
1787581266.188503,-4.842689262969527e-11,2.054293358910363e-09,0.044422745704650886
1787581266.2447386,-4.842689262969527e-11,2.054293358910363e-09,0.04444444179534912
1787581266.285752,-4.842689262969527e-11,2.054293358910363e-09,0.04437434673309327
1787581266.3372045,-4.842689262969527e-11,2.054293358910363e-09,0.044347286224365234
1787581266.3936796,-4.842689262969527e-11,2.054293358910363e-09,0.04437017440795899
1787581266.4391742,-4.842689262969527e-11,2.054293358910363e-09,0.04445219039916993
1787581266.4868357,-4.842689262969527e-11,2.054293358910363e-09,0.04447638988494874
1787581266.5480196,-4.842689262969527e-11,2.054293358910363e-09,0.04447829723358154
1787581266.5887256,-4.842689262969527e-11,2.054293358910363e-09,0.044443368911743164
1787581266.639712,-4.842689262969527e-11,2.054293358910363e-09,0.04437267780303955
1787581266.6946237,-4.842689262969527e-11,2.054293358910363e-09,0.044353961944580085
1787581266.7397127,-4.842689262969527e-11,2.054293358910363e-09,0.04432058334350586
1787581266.7873235,-4.842689262969527e-11,2.054293358910363e-09,0.044383049011230455
1787581266.847589,-4.842689262969527e-11,2.054293358910363e-09,0.044436216354370124
1787581266.8955266,-4.842689262969527e-11,2.054293358910363e-09,0.044549942016601556
1787581266.9388235,-4.842689262969527e-11,2.054293358910363e-09,0.04458963871002197
1787581266.9981894,-4.842689262969527e-11,2.054293358910363e-09,0.044550299644470215
1787581267.040886,-4.842689262969527e-11,2.054293358910363e-09,0.044451594352722175
1787581267.0869691,-4.842689262969527e-11,2.054293358910363e-09,0.044474363327026374
1787581267.148764,-4.842689262969527e-11,2.054293358910363e-09,0.04456460475921632
1787581267.1889665,-4.842689262969527e-11,2.054293358910363e-09,0.04462480545043945
1787581267.2400298,-4.842689262969527e-11,2.054293358910363e-09,0.044704556465148926
1787581267.2851768,-4.842689262969527e-11,2.054293358910363e-09,0.04478609561920167
1787581267.3420236,-4.842689262969527e-11,2.054293358910363e-09,0.04474985599517822
1787581267.3850803,-4.842689262969527e-11,2.054293358910363e-09,0.04470920562744141
1787581267.4464104,-4.842689262969527e-11,2.054293358910363e-09,0.0447535514831543
1787581267.4895864,-4.842689262969527e-11,2.054293358910363e-09,0.04477977752685547
1787581267.539912,-4.842689262969527e-11,2.054293358910363e-09,0.0448669195175171
1787581267.5855546,-4.842689262969527e-11,2.054293358910363e-09,0.045000076293945306
1787581267.6527615,-4.842689262969527e-11,2.054293358910363e-09,0.04498338699340821
1787581267.6855304,-4.842689262969527e-11,2.054293358910363e-09,0.04500067234039307
1787581267.7469635,-4.842689262969527e-11,2.054293358910363e-09,0.044980049133300774
1787581267.7899625,-4.842689262969527e-11,2.054293358910363e-09,0.04502308368682861
1787581267.8432848,-4.842689262969527e-11,2.054293358910363e-09,0.04508435726165772
1787581267.8842218,-4.842689262969527e-11,2.054293358910363e-09,0.04513418674468994
1787581267.9631844,-4.842689262969527e-11,2.054293358910363e-09,0.04512488842010499
1787581267.9845214,-4.842689262969527e-11,2.054293358910363e-09,0.045061707496643066
1787581268.0355983,-4.842689262969527e-11,2.054293358910363e-09,0.04503309726715087
1787581268.0920386,-4.842689262969527e-11,2.054293358910363e-09,0.04502844810485839
1787581268.1380053,-4.842689262969527e-11,2.054293358910363e-09,0.045083045959472656
1787581268.1899369,-4.842689262969527e-11,2.054293358910363e-09,0.04510784149169922
1787581268.2423491,-4.842689262969527e-11,2.054293358910363e-09,0.045130014419555664
1787581268.2824829,-4.842689262969527e-11,2.054293358910363e-09,0.045210003852844245
1787581268.3640249,-4.842689262969527e-11,2.054293358910363e-09,0.045176506042480476
1787581268.400582,-4.842689262969527e-11,2.054293358910363e-09,0.04511368274688721
1787581268.4406958,-4.842689262969527e-11,2.054293358910363e-09,0.04508435726165772
1787581268.4954095,-4.842689262969527e-11,2.054293358910363e-09,0.04505693912506103
1787581268.54252,-4.842689262969527e-11,2.054293358910363e-09,0.04516303539276124
1787581268.583815,-4.842689262969527e-11,2.054293358910363e-09,0.04525721073150635
1787581268.6629605,-4.842689262969527e-11,2.054293358910363e-09,0.045288920402526855
1787581268.6882977,-4.842689262969527e-11,2.054293358910363e-09,0.045594096183776855
1787581268.738677,-4.842689262969527e-11,2.054293358910363e-09,0.045614242553710944
1787581268.7920704,-4.842689262969527e-11,2.054293358910363e-09,0.045633554458618164
1787581268.8420637,-4.842689262969527e-11,2.054293358910363e-09,0.045585036277770996
1787581268.8832269,-4.842689262969527e-11,2.054293358910363e-09,0.04555547237396241
1787581268.9459298,-4.842689262969527e-11,2.054293358910363e-09,0.04564189910888672
1787581268.9828687,-4.842689262969527e-11,2.054293358910363e-09,0.045724034309387214
1787581269.0759966,-4.842689262969527e-11,2.054293358910363e-09,0.04574108123779297
1787581269.0892844,-4.842689262969527e-11,2.054293358910363e-09,0.045793771743774414
1787581269.1756606,-4.842689262969527e-11,2.054293358910363e-09,0.045768141746520996
1787581269.1836145,-4.842689262969527e-11,2.054293358910363e-09,0.04571366310119629
1787581269.249756,-4.842689262969527e-11,2.054293358910363e-09,0.04569292068481445
1787581269.2834437,-4.842689262969527e-11,2.054293358910363e-09,0.04559111595153808
1787581269.35351,-4.842689262969527e-11,2.054293358910363e-09,0.0456172227859497
1787581269.3845768,-4.842689262969527e-11,2.054293358910363e-09,0.045686483383178704
1787581269.438252,-4.842689262969527e-11,2.054293358910363e-09,0.04571020603179932
1787581269.4919155,-4.842689262969527e-11,2.054293358910363e-09,0.04570579528808593
1787581269.5369387,-4.842689262969527e-11,2.054293358910363e-09,0.04581558704376221
1787581269.5821407,-4.842689262969527e-11,2.054293358910363e-09,0.04594361782073974
1787581269.643141,-4.842689262969527e-11,2.054293358910363e-09,0.0459277629852295
1787581269.683154,-4.842689262969527e-11,2.054293358910363e-09,0.0459514856338501
1787581269.7475183,-4.842689262969527e-11,2.054293358910363e-09,0.0458979606628418
1787581269.7934194,-4.842689262969527e-11,2.054293358910363e-09,0.0459134578704834
1787581269.838415,-4.842689262969527e-11,2.054293358910363e-09,0.04597902297973633
1787581269.8999498,-4.842689262969527e-11,2.054293358910363e-09,0.04602980613708496
1787581269.9875524,-4.842689262969527e-11,2.054293358910363e-09,0.04608905315399169
1787581270.0430408,-4.842689262969527e-11,2.054293358910363e-09,0.04634869098663331
1787581270.0845125,-4.842689262969527e-11,2.054293358910363e-09,0.04651188850402833
1787581270.1472108,-4.842689262969527e-11,2.054293358910363e-09,0.04649460315704346
1787581270.1960258,-4.842689262969527e-11,2.054293358910363e-09,0.046426534652709954
1787581270.2849956,-4.842689262969527e-11,2.054293358910363e-09,0.046381354331970215
1787581270.3413305,-4.842689262969527e-11,2.054293358910363e-09,0.04648005962371826
1787581270.3959858,-4.842689262969527e-11,2.054293358910363e-09,0.046560883522033684
1787581270.4462824,-4.842689262969527e-11,2.054293358910363e-09,0.04658806324005127
1787581270.4952626,-4.842689262969527e-11,2.054293358910363e-09,0.04661917686462402
1787581270.5372608,-4.842689262969527e-11,2.054293358910363e-09,0.04652702808380127
1787581270.6411803,-4.842689262969527e-11,2.054293358910363e-09,0.04642903804779053
1787581270.694755,-4.842689262969527e-11,2.054293358910363e-09,0.046560764312744134
1787581270.7473722,-4.842689262969527e-11,2.054293358910363e-09,0.04658758640289307
1787581270.7896614,-4.842689262969527e-11,2.054293358910363e-09,0.046721816062927246
1787581270.8860314,-4.842689262969527e-11,2.054293358910363e-09,0.04671835899353028
1787581270.9848313,-4.842689262969527e-11,2.054293358910363e-09,0.04664325714111328
1787581271.0449476,-4.842689262969527e-11,2.054293358910363e-09,0.04676234722137452
1787581271.0963614,-4.842689262969527e-11,2.054293358910363e-09,0.046833038330078125
1787581271.1457808,-4.842689262969527e-11,2.054293358910363e-09,0.046845078468322754
1787581271.1839163,-4.842689262969527e-11,2.054293358910363e-09,0.04681110382080078
1787581271.2424781,-4.842689262969527e-11,2.054293358910363e-09,0.04676318168640136
1787581271.3021245,-4.842689262969527e-11,2.054293358910363e-09,0.04669690132141114
1787581271.3371854,-4.842689262969527e-11,2.054293358910363e-09,0.0467604398727417
1787581271.3940902,-4.842689262969527e-11,2.054293358910363e-09,0.04680144786834716
1787581271.454455,-4.842689262969527e-11,2.054293358910363e-09,0.046867609024047845
1787581271.4847982,-4.842689262969527e-11,2.054293358910363e-09,0.0469282865524292
1787581271.5453253,-4.842689262969527e-11,2.054293358910363e-09,0.04697656631469726
1787581271.5860415,-4.842689262969527e-11,2.054293358910363e-09,0.04686415195465088
1787581271.6926527,-4.842689262969527e-11,2.054293358910363e-09,0.046849131584167494
1787581271.7377768,-4.842689262969527e-11,2.054293358910363e-09,0.04698061943054199
1787581271.7852905,-4.842689262969527e-11,2.054293358910363e-09,0.04703569412231446
1787581271.8452008,-4.842689262969527e-11,2.054293358910363e-09,0.04712104797363281
1787581271.9114795,-4.842689262969527e-11,2.054293358910363e-09,0.047060966491699226
1787581271.9371223,-4.842689262969527e-11,2.054293358910363e-09,0.04704105854034425
1787581272.001482,-4.842689262969527e-11,2.054293358910363e-09,0.047027230262756355
1787581272.0388749,-4.842689262969527e-11,2.054293358910363e-09,0.04704606533050537
1787581272.1019287,-4.842689262969527e-11,2.054293358910363e-09,0.04711997509002686
1787581272.1476703,-4.842689262969527e-11,2.054293358910363e-09,0.04719126224517822
1787581272.1911764,-4.842689262969527e-11,2.054293358910363e-09,0.047208189964294434
1787581272.2397096,-4.842689262969527e-11,2.054293358910363e-09,0.04719400405883789
1787581272.2921133,-4.842689262969527e-11,2.054293358910363e-09,0.04716694355010986
1787581272.3379912,-4.842689262969527e-11,2.054293358910363e-09,0.047155022621154785
1787581272.3860302,-4.842689262969527e-11,2.054293358910363e-09,0.04714846611022949
1787581272.4551535,-4.842689262969527e-11,2.054293358910363e-09,0.04724276065826417
1787581272.4859586,-4.842689262969527e-11,2.054293358910363e-09,0.047329783439636244
1787581272.5335474,-4.842689262969527e-11,2.054293358910363e-09,0.04744744300842285
1787581272.6226752,-4.842689262969527e-11,2.054293358910363e-09,0.047374606132507324
1787581272.6833556,-4.842689262969527e-11,2.054293358910363e-09,0.047364711761474616
1787581272.7477357,-4.842689262969527e-11,2.054293358910363e-09,0.04729318618774414
1787581272.8147287,-4.842689262969527e-11,2.054293358910363e-09,0.047457575798034675
1787581272.834801,-4.842689262969527e-11,2.054293358910363e-09,0.04752027988433838
1787581272.893255,-4.842689262969527e-11,2.054293358910363e-09,0.047678709030151374
1787581272.9394395,-4.842689262969527e-11,2.054293358910363e-09,0.047646164894104004
1787581272.9845874,-4.842689262969527e-11,2.054293358910363e-09,0.04762709140777588
1787581273.0468755,-4.842689262969527e-11,2.054293358910363e-09,0.047567844390869155
1787581273.0886106,-4.842689262969527e-11,2.054293358910363e-09,0.04753458499908447
1787581273.143364,-4.842689262969527e-11,2.054293358910363e-09,0.04759180545806885
1787581273.1825726,-4.842689262969527e-11,2.054293358910363e-09,0.047614097595214844
1787581273.244537,-4.842689262969527e-11,2.054293358910363e-09,0.04767036437988281
1787581273.2853014,-4.842689262969527e-11,2.054293358910363e-09,0.0477205514907837
1787581275.0336647,-4.842689262969527e-11,2.054293358910363e-09,0.04768705368041993
1787581275.0856197,-4.842689262969527e-11,2.054293358910363e-09,0.04768705368041993
1787581275.1309874,-4.842689262969527e-11,2.054293358910363e-09,0.04768705368041993
1787581275.1792758,-4.842689262969527e-11,2.054293358910363e-09,0.04768705368041993
1787581275.2325885,-4.842689262969527e-11,2.054293358910363e-09,0.04768705368041993
1787581275.2800589,-4.842689262969527e-11,2.054293358910363e-09,0.04768705368041993
1787581275.3291616,-4.842689262969527e-11,2.054293358910363e-09,0.04768705368041993
1787581275.3890564,-1.2741203169694968e-11,1.3098827936092544e-09,0.048320651054382324
1787581275.4367943,-1.2741203169694968e-11,1.3098827936092544e-09,0.04829037189483643
1787581275.4834836,-1.2741203169694968e-11,1.3098827936092544e-09,0.04827284812927247
1787581275.5493765,-1.2741203169694968e-11,1.3098827936092544e-09,0.04827785491943361
1787581275.583984,-1.2741203169694968e-11,1.3098827936092544e-09,0.04837906360626221
1787581275.650971,-1.2741203169694968e-11,1.3098827936092544e-09,0.04840195178985596
1787581275.6894586,-1.2741203169694968e-11,1.3098827936092544e-09,0.0484013557434082
1787581275.7353065,-1.2741203169694968e-11,1.3098827936092544e-09,0.04843640327453614
1787581275.7830486,-1.2741203169694968e-11,1.3098827936092544e-09,0.04836606979370118
1787581275.8470528,-1.2741203169694968e-11,1.3098827936092544e-09,0.04828345775604248
1787581275.8865263,-1.2741203169694968e-11,1.3098827936092544e-09,0.04831147193908692
1787581275.9468145,-1.2741203169694968e-11,1.3098827936092544e-09,0.04836356639862062
1787581275.9921224,-1.2741203169694968e-11,1.3098827936092544e-09,0.04839992523193359
1787581276.0371826,-1.2741203169694968e-11,1.3098827936092544e-09,0.04850590229034423
1787581276.084594,-1.2741203169694968e-11,1.3098827936092544e-09,0.04876816272735596
1787581276.142098,-1.2741203169694968e-11,1.3098827936092544e-09,0.04889535903930665
1787581276.243495,-1.2741203169694968e-11,1.3098827936092544e-09,0.04879844188690186
1787581276.2956214,-1.2741203169694968e-11,1.3098827936092544e-09,0.04857456684112549
1787581276.3401294,-1.2741203169694968e-11,1.3098827936092544e-09,0.04859268665313722
1787581276.397121,-1.2741203169694968e-11,1.3098827936092544e-09,0.04870462417602539
1787581276.4388244,-1.2741203169694968e-11,1.3098827936092544e-09,0.048768281936645515
1787581276.4819381,-1.2741203169694968e-11,1.3098827936092544e-09,0.04876399040222168
1787581276.5424457,-1.2741203169694968e-11,1.3098827936092544e-09,0.04872691631317139
1787581276.5822253,-1.2741203169694968e-11,1.3098827936092544e-09,0.04863953590393067
1787581276.6461875,-1.2741203169694968e-11,1.3098827936092544e-09,0.048607468605041525
1787581276.6873035,-1.2741203169694968e-11,1.3098827936092544e-09,0.04855167865753174
1787581276.7363803,-1.2741203169694968e-11,1.3098827936092544e-09,0.04853940010070801
1787581276.7800238,-1.2741203169694968e-11,1.3098827936092544e-09,0.04861617088317872
1787581276.84075,-1.2741203169694968e-11,1.3098827936092544e-09,0.04867696762084961
1787581276.8808522,-1.2741203169694968e-11,1.3098827936092544e-09,0.048813462257385254
1787581276.9462233,-1.2741203169694968e-11,1.3098827936092544e-09,0.048916220664978034
1787581276.9887993,-1.2741203169694968e-11,1.3098827936092544e-09,0.048970580101013184
1787581277.0359685,-1.2741203169694968e-11,1.3098827936092544e-09,0.048914551734924316
1787581277.0825093,-1.2741203169694968e-11,1.3098827936092544e-09,0.048892498016357415
1787581277.141787,-1.2741203169694968e-11,1.3098827936092544e-09,0.048926949501037605
1787581277.1822844,-1.2741203169694968e-11,1.3098827936092544e-09,0.04902708530426025
1787581277.2434368,-1.2741203169694968e-11,1.3098827936092544e-09,0.049043178558349616
1787581277.2870815,-1.2741203169694968e-11,1.3098827936092544e-09,0.049028873443603516
1787581277.374263,-1.2741203169694968e-11,1.3098827936092544e-09,0.048935651779174805
1787581277.4306867,-1.2741203169694968e-11,1.3098827936092544e-09,0.04890024662017822
1787581277.4802778,-1.2741203169694968e-11,1.3098827936092544e-09,0.048967123031616204
1787581277.5489805,-1.2741203169694968e-11,1.3098827936092544e-09,0.049027323722839355
1787581277.6368172,-1.2741203169694968e-11,1.3098827936092544e-09,0.0491924285888672
1787581277.6899586,-1.2741203169694968e-11,1.3098827936092544e-09,0.04928004741668701
1787581277.7392037,-1.2741203169694968e-11,1.3098827936092544e-09,0.04908549785614015
1787581277.7840219,-1.2741203169694968e-11,1.3098827936092544e-09,0.04897582530975342
1787581277.8455646,-1.2741203169694968e-11,1.3098827936092544e-09,0.04894340038299561
1787581277.8842523,-1.2741203169694968e-11,1.3098827936092544e-09,0.04895424842834473
1787581277.9841027,-1.2741203169694968e-11,1.3098827936092544e-09,0.04905092716217041
1787581278.0823123,-1.2741203169694968e-11,1.3098827936092544e-09,0.04913532733917236
1787581278.139498,-1.2741203169694968e-11,1.3098827936092544e-09,0.04919540882110596
1787581278.183925,-1.2741203169694968e-11,1.3098827936092544e-09,0.04930865764617919
1787581278.2833807,-1.2741203169694968e-11,1.3098827936092544e-09,0.04928624629974365
1787581278.3350482,-1.2741203169694968e-11,1.3098827936092544e-09,0.04928588867187501
1787581278.383132,-1.2741203169694968e-11,1.3098827936092544e-09,0.049375414848327644
1787581278.4396706,-1.2741203169694968e-11,1.3098827936092544e-09,0.049407958984375014
1787581278.4831254,-1.2741203169694968e-11,1.3098827936092544e-09,0.049494266510009766
1787581278.5452065,-1.2741203169694968e-11,1.3098827936092544e-09,0.0494515895843506
1787581278.5942676,-1.2741203169694968e-11,1.3098827936092544e-09,0.04937958717346191
1787581278.6350858,-1.2741203169694968e-11,1.3098827936092544e-09,0.0493546724319458
1787581278.6942756,-1.2741203169694968e-11,1.3098827936092544e-09,0.049328804016113274
1787581278.7383559,-1.2741203169694968e-11,1.3098827936092544e-09,0.049301147460937514
1787581278.7845078,-1.2741203169694968e-11,1.3098827936092544e-09,0.04932844638824463
1787581278.8435326,-1.2741203169694968e-11,1.3098827936092544e-09,0.04940319061279296
1787581278.8846052,-1.2741203169694968e-11,1.3098827936092544e-09,0.04966354370117186
1787581278.9374003,-1.2741203169694968e-11,1.3098827936092544e-09,0.04971003532409669
1787581278.9978888,-1.2741203169694968e-11,1.3098827936092544e-09,0.04963243007659912
1787581279.0431771,-1.2741203169694968e-11,1.3098827936092544e-09,0.04958379268646241
1787581279.0856235,-1.2741203169694968e-11,1.3098827936092544e-09,0.04954969882965088
1787581279.1442554,-1.2741203169694968e-11,1.3098827936092544e-09,0.04953062534332275
1787581279.1835132,-1.2741203169694968e-11,1.3098827936092544e-09,0.04966425895690918
1787581279.2398782,-1.2741203169694968e-11,1.3098827936092544e-09,0.049689292907714844
1787581279.2912421,-1.2741203169694968e-11,1.3098827936092544e-09,0.049697041511535645
1787581279.3360734,-1.2741203169694968e-11,1.3098827936092544e-09,0.04966580867767334
1787581279.3898342,-1.2741203169694968e-11,1.3098827936092544e-09,0.04959750175476074
1787581279.4429605,-1.2741203169694968e-11,1.3098827936092544e-09,0.04957246780395509
1787581279.4893315,-1.2741203169694968e-11,1.3098827936092544e-09,0.04948139190673828
1787581279.5362413,-1.2741203169694968e-11,1.3098827936092544e-09,0.04953372478485109
1787581279.5938706,-1.2741203169694968e-11,1.3098827936092544e-09,0.049592256546020515
1787581279.636318,-1.2741203169694968e-11,1.3098827936092544e-09,0.049616932868957526
1787581279.7008398,-1.2741203169694968e-11,1.3098827936092544e-09,0.04961740970611574
1787581279.7846434,-1.2741203169694968e-11,1.3098827936092544e-09,0.049576997756957994
1787581279.8361905,-1.2741203169694968e-11,1.3098827936092544e-09,0.0494379997253418
1787581279.889671,-1.2741203169694968e-11,1.3098827936092544e-09,0.049529790878295905
1787581279.9363008,-1.2741203169694968e-11,1.3098827936092544e-09,0.04957473278045654
1787581279.9847977,-1.2741203169694968e-11,1.3098827936092544e-09,0.04974853992462159
1787581280.0405242,-1.2741203169694968e-11,1.3098827936092544e-09,0.049975395202636726
1787581280.0845876,-1.2741203169694968e-11,1.3098827936092544e-09,0.04987275600433349
1787581280.1877809,-1.2741203169694968e-11,1.3098827936092544e-09,0.04976940155029297
1787581280.2373908,-1.2741203169694968e-11,1.3098827936092544e-09,0.04969251155853271
1787581280.3107958,-1.2741203169694968e-11,1.3098827936092544e-09,0.049607992172241225
1787581280.384992,-1.2741203169694968e-11,1.3098827936092544e-09,0.04975998401641845
1787581280.4441514,-1.2741203169694968e-11,1.3098827936092544e-09,0.04993939399719238
1787581280.4854207,-1.2741203169694968e-11,1.3098827936092544e-09,0.049991607666015625
1787581280.536141,-1.2741203169694968e-11,1.3098827936092544e-09,0.049954056739807136
1787581280.591642,-1.2741203169694968e-11,1.3098827936092544e-09,0.049939870834350586
1787581280.637962,-1.2741203169694968e-11,1.3098827936092544e-09,0.049906730651855476
1787581280.6830378,-1.2741203169694968e-11,1.3098827936092544e-09,0.04991304874420166
1787581280.7441025,-1.2741203169694968e-11,1.3098827936092544e-09,0.050005435943603516
1787581280.8154573,-1.2741203169694968e-11,1.3098827936092544e-09,0.05007660388946533
1787581280.8326795,-1.2741203169694968e-11,1.3098827936092544e-09,0.05009078979492189
1787581280.9097204,-1.2741203169694968e-11,1.3098827936092544e-09,0.05010139942169191
1787581280.932243,-1.2741203169694968e-11,1.3098827936092544e-09,0.05017566680908204
1787581280.982933,-1.2741203169694968e-11,1.3098827936092544e-09,0.050134539604187005
1787581281.039113,-1.2741203169694968e-11,1.3098827936092544e-09,0.05009758472442626
1787581281.083158,-1.2741203169694968e-11,1.3098827936092544e-09,0.05006301403045655
1787581281.1437676,-1.2741203169694968e-11,1.3098827936092544e-09,0.050091028213500984
1787581281.1868455,-1.2741203169694968e-11,1.3098827936092544e-09,0.05014216899871827
1787581281.233234,-1.2741203169694968e-11,1.3098827936092544e-09,0.05022752285003662
1787581281.2826695,-1.2741203169694968e-11,1.3098827936092544e-09,0.05028271675109863
1787581281.3392634,-1.2741203169694968e-11,1.3098827936092544e-09,0.05044472217559815
1787581281.3821652,-1.2741203169694968e-11,1.3098827936092544e-09,0.05031263828277588
1787581281.4430027,-1.2741203169694968e-11,1.3098827936092544e-09,0.05031418800354003
1787581281.4872615,-1.2741203169694968e-11,1.3098827936092544e-09,0.05016040802001954
1787581281.5390508,-1.2741203169694968e-11,1.3098827936092544e-09,0.050193071365356445
1787581281.5824893,-1.2741203169694968e-11,1.3098827936092544e-09,0.050253987312316895
1787581281.6415217,-1.2741203169694968e-11,1.3098827936092544e-09,0.050282239913940444
1787581281.7230797,-1.2741203169694968e-11,1.3098827936092544e-09,0.05029153823852539
1787581281.7439072,-1.2741203169694968e-11,1.3098827936092544e-09,0.05023181438446045
1787581281.7866256,-1.2741203169694968e-11,1.3098827936092544e-09,0.050101995468139655
1787581281.832139,-1.2741203169694968e-11,1.3098827936092544e-09,0.04997503757476806
1787581281.9229035,-1.2741203169694968e-11,1.3098827936092544e-09,0.050011634826660156
1787581281.9363382,-1.2741203169694968e-11,1.3098827936092544e-09,0.050104141235351556
1787581281.9825792,-1.2741203169694968e-11,1.3098827936092544e-09,0.050210356712341316
1787581282.0400863,-1.2741203169694968e-11,1.3098827936092544e-09,0.05029654502868654
1787581282.085985,-1.2741203169694968e-11,1.3098827936092544e-09,0.050253033638000495
1787581282.1346087,-1.2741203169694968e-11,1.3098827936092544e-09,0.05020320415496826
1787581282.192676,-1.2741203169694968e-11,1.3098827936092544e-09,0.05017220973968506
1787581282.236347,-1.2741203169694968e-11,1.3098827936092544e-09,0.05015265941619873
1787581282.2851858,-1.2741203169694968e-11,1.3098827936092544e-09,0.050175547599792494
1787581282.337708,-1.2741203169694968e-11,1.3098827936092544e-09,0.05019986629486084
1787581282.3831375,-1.2741203169694968e-11,1.3098827936092544e-09,0.05024123191833496
1787581282.4448805,-1.2741203169694968e-11,1.3098827936092544e-09,0.05028688907623291
1787581282.4850829,-1.2741203169694968e-11,1.3098827936092544e-09,0.05030882358551025
1787581282.534765,-1.2741203169694968e-11,1.3098827936092544e-09,0.05027663707733155
1787581282.5945418,-1.2741203169694968e-11,1.3098827936092544e-09,0.05025827884674074
1787581282.6427128,-1.2741203169694968e-11,1.3098827936092544e-09,0.05017995834350586
1787581282.6824853,-1.2741203169694968e-11,1.3098827936092544e-09,0.050113320350646966
1787581282.7429883,-1.2741203169694968e-11,1.3098827936092544e-09,0.050094246864318855
1787581282.7841847,-1.2741203169694968e-11,1.3098827936092544e-09,0.050206780433654785
1787581282.8435788,-1.2741203169694968e-11,1.3098827936092544e-09,0.05026066303253173
1787581282.8913498,-1.2741203169694968e-11,1.3098827936092544e-09,0.05028188228607178
1787581282.934274,-1.2741203169694968e-11,1.3098827936092544e-09,0.05033564567565919
1787581282.9820392,-1.2741203169694968e-11,1.3098827936092544e-09,0.05044782161712647
1787581283.0461557,-1.2741203169694968e-11,1.3098827936092544e-09,0.050373077392578125
1787581283.08691,-1.2741203169694968e-11,1.3098827936092544e-09,0.05035603046417236
1787581283.1379018,-1.2741203169694968e-11,1.3098827936092544e-09,0.05036604404449463
1787581283.1928568,-1.2741203169694968e-11,1.3098827936092544e-09,0.050368905067443834
1787581283.2461238,-1.2741203169694968e-11,1.3098827936092544e-09,0.05049097537994385
1787581283.3162136,-1.2741203169694968e-11,1.3098827936092544e-09,0.05052006244659425
1787581283.3532033,-1.2741203169694968e-11,1.3098827936092544e-09,0.0505908727645874
1787581283.3833113,-1.2741203169694968e-11,1.3098827936092544e-09,0.050582051277160645
1787581283.4446194,-1.2741203169694968e-11,1.3098827936092544e-09,0.050516605377197266
1787581283.4871042,-1.2741203169694968e-11,1.3098827936092544e-09,0.05048096179962159
1787581283.5349982,-1.2741203169694968e-11,1.3098827936092544e-09,0.050469279289245605
1787581283.5928788,-1.2741203169694968e-11,1.3098827936092544e-09,0.05035889148712158
1787581283.6371741,-1.2741203169694968e-11,1.3098827936092544e-09,0.050458312034606954
1787581283.6829212,-1.2741203169694968e-11,1.3098827936092544e-09,0.05048286914825441
1787581283.7519817,-1.2741203169694968e-11,1.3098827936092544e-09,0.05050814151763916
1787581283.7838368,-1.2741203169694968e-11,1.3098827936092544e-09,0.05050301551818848
1787581283.8485687,-1.2741203169694968e-11,1.3098827936092544e-09,0.05057239532470703
1787581283.8940537,-1.2741203169694968e-11,1.3098827936092544e-09,0.05054461956024171
1787581283.9343872,-1.2741203169694968e-11,1.3098827936092544e-09,0.05039381980895995
1787581283.9823217,-1.2741203169694968e-11,1.3098827936092544e-09,0.050380587577819824
1787581284.0491016,-1.2741203169694968e-11,1.3098827936092544e-09,0.05038142204284668
1787581284.083317,-1.2741203169694968e-11,1.3098827936092544e-09,0.050375699996948256
1787581284.1438575,-1.2741203169694968e-11,1.3098827936092544e-09,0.05044484138488769
1787581284.1887608,-1.2741203169694968e-11,1.3098827936092544e-09,0.05061423778533936
1787581284.2342086,-1.2741203169694968e-11,1.3098827936092544e-09,0.05068325996398928
1787581284.2818787,-1.2741203169694968e-11,1.3098827936092544e-09,0.05063855648040773
1787581284.3518324,-1.2741203169694968e-11,1.3098827936092544e-09,0.050600767135620124
1787581284.3950677,-1.2741203169694968e-11,1.3098827936092544e-09,0.05055558681488037
1787581284.4451678,-1.2741203169694968e-11,1.3098827936092544e-09,0.05052220821380615
1787581284.5352504,-1.2741203169694968e-11,1.3098827936092544e-09,0.05062496662139893
1787581284.5936892,-1.2741203169694968e-11,1.3098827936092544e-09,0.05074584484100341
1787581284.6369922,-1.2741203169694968e-11,1.3098827936092544e-09,0.050820112228393555
1787581284.6835413,-1.2741203169694968e-11,1.3098827936092544e-09,0.05084633827209472
1787581284.7435231,-1.2741203169694968e-11,1.3098827936092544e-09,0.05083346366882324
1787581284.78599,-1.2741203169694968e-11,1.3098827936092544e-09,0.05086278915405274
1787581284.8406696,-1.2741203169694968e-11,1.3098827936092544e-09,0.05083656311035156
1787581284.8881004,-1.2741203169694968e-11,1.3098827936092544e-09,0.050922513008117676
1787581284.9332023,-1.2741203169694968e-11,1.3098827936092544e-09,0.05101656913757325
1787581284.9794152,-1.2741203169694968e-11,1.3098827936092544e-09,0.05097997188568116
1787581285.0380735,-1.2741203169694968e-11,1.3098827936092544e-09,0.051026225090026876
1787581285.0794156,-1.2741203169694968e-11,1.3098827936092544e-09,0.051177382469177246
1787581285.1436307,-1.2741203169694968e-11,1.3098827936092544e-09,0.05113589763641358
1787581285.1852484,-1.2741203169694968e-11,1.3098827936092544e-09,0.05104327201843262
1787581285.234933,-1.2741203169694968e-11,1.3098827936092544e-09,0.05100297927856446
1787581285.2783713,-1.2741203169694968e-11,1.3098827936092544e-09,0.05104243755340577
1787581285.3387144,-1.2741203169694968e-11,1.3098827936092544e-09,0.05104243755340577
1787581285.378379,-1.2741203169694968e-11,1.3098827936092544e-09,0.051084041595459
1787581285.4420688,-1.2741203169694968e-11,1.3098827936092544e-09,0.051084041595459
1787581285.4784498,-1.2741203169694968e-11,1.3098827936092544e-09,0.051271080970764174
1787581285.5428598,-1.2741203169694968e-11,1.3098827936092544e-09,0.051271080970764174
1787581285.585053,-1.2741203169694968e-11,1.3098827936092544e-09,0.0514742136001587
1787581285.6350172,-1.2741203169694968e-11,1.3098827936092544e-09,0.05148506164550781
1787581285.682099,-1.2741203169694968e-11,1.3098827936092544e-09,0.05159378051757813
1787581285.73784,-1.2741203169694968e-11,1.3098827936092544e-09,0.05156373977661135
1787581285.7821407,-1.2741203169694968e-11,1.3098827936092544e-09,0.05150556564331056
1787581285.831637,-1.2741203169694968e-11,1.3098827936092544e-09,0.05137193202972412
1787581285.8786368,-1.2741203169694968e-11,1.3098827936092544e-09,0.05147314071655275
1787581285.928789,-1.2741203169694968e-11,1.3098827936092544e-09,0.051508545875549316
1787581285.9855077,-1.2741203169694968e-11,1.3098827936092544e-09,0.05163836479187012
1787581286.049278,-1.2741203169694968e-11,1.3098827936092544e-09,0.051658272743225105
1787581286.0903316,-1.2741203169694968e-11,1.3098827936092544e-09,0.051737666130065925
1787581286.1338425,-1.2741203169694968e-11,1.3098827936092544e-09,0.05175840854644776
1787581286.1815178,-1.2741203169694968e-11,1.3098827936092544e-09,0.051732420921325684
1787581286.2799,-1.2741203169694968e-11,1.3098827936092544e-09,0.05172061920166015
1787581286.351831,-1.2741203169694968e-11,1.3098827936092544e-09,0.05172765254974364
1787581286.3845532,-1.2741203169694968e-11,1.3098827936092544e-09,0.05168938636779786
1787581286.440682,-1.2741203169694968e-11,1.3098827936092544e-09,0.051666140556335456
1787581286.4882274,-1.2741203169694968e-11,1.3098827936092544e-09,0.05169069766998291
1787581286.535659,-1.2741203169694968e-11,1.3098827936092544e-09,0.051795959472656236
1787581286.5811841,-1.2741203169694968e-11,1.3098827936092544e-09,0.051964044570922865
1787581286.644711,-1.2741203169694968e-11,1.3098827936092544e-09,0.051963448524475105
1787581286.6853404,-1.2741203169694968e-11,1.3098827936092544e-09,0.05187857151031494
1787581286.7379973,-1.2741203169694968e-11,1.3098827936092544e-09,0.051868557929992676
1787581286.7900836,-1.2741203169694968e-11,1.3098827936092544e-09,0.05183100700378418
1787581286.8404777,-1.2741203169694968e-11,1.3098827936092544e-09,0.051802515983581536
1787581286.8841307,-1.2741203169694968e-11,1.3098827936092544e-09,0.05180978775024414
1787581286.944229,-1.2741203169694968e-11,1.3098827936092544e-09,0.0518399477005005
1787581286.9865766,-1.2741203169694968e-11,1.3098827936092544e-09,0.05188798904418946
1787581287.0373738,-1.2741203169694968e-11,1.3098827936092544e-09,0.05189979076385499
1787581287.0830226,-1.2741203169694968e-11,1.3098827936092544e-09,0.05186200141906738
1787581287.1374593,-1.2741203169694968e-11,1.3098827936092544e-09,0.05183255672454835
1787581287.1838896,-1.2741203169694968e-11,1.3098827936092544e-09,0.05185174942016603
1787581287.2432442,-1.2741203169694968e-11,1.3098827936092544e-09,0.05191659927368165
1787581287.2860954,-1.2741203169694968e-11,1.3098827936092544e-09,0.052036404609680176
1787581287.3353145,-1.2741203169694968e-11,1.3098827936092544e-09,0.05205059051513672
1787581287.3889062,-1.2741203169694968e-11,1.3098827936092544e-09,0.052095651626586914
1787581287.4420784,-1.2741203169694968e-11,1.3098827936092544e-09,0.05205643177032472
1787581287.4817667,-1.2741203169694968e-11,1.3098827936092544e-09,0.0520249605178833
1787581287.543543,-1.2741203169694968e-11,1.3098827936092544e-09,0.05207204818725587
1787581287.588689,-1.2741203169694968e-11,1.3098827936092544e-09,0.052124738693237305
1787581287.6348102,-1.2741203169694968e-11,1.3098827936092544e-09,0.05212986469268798
1787581287.6834123,-1.2741203169694968e-11,1.3098827936092544e-09,0.052210569381713874
1787581287.7396452,-1.2741203169694968e-11,1.3098827936092544e-09,0.05224180221557618
1787581287.7983994,-1.2741203169694968e-11,1.3098827936092544e-09,0.0521913766860962
1787581287.8331597,-1.2741203169694968e-11,1.3098827936092544e-09,0.05217766761779785
1787581287.8986526,-1.2741203169694968e-11,1.3098827936092544e-09,0.0522686243057251
1787581287.9366443,-1.2741203169694968e-11,1.3098827936092544e-09,0.05225884914398195
1787581287.9831781,-1.2741203169694968e-11,1.3098827936092544e-09,0.05232560634613038
1787581288.080682,-1.2741203169694968e-11,1.3098827936092544e-09,0.05242741107940674
1787581288.1344457,-1.2741203169694968e-11,1.3098827936092544e-09,0.05234372615814209
1787581288.1947854,-1.2741203169694968e-11,1.3098827936092544e-09,0.052325487136840834
1787581288.2342026,-1.2741203169694968e-11,1.3098827936092544e-09,0.05236387252807616
1787581288.282346,-1.2741203169694968e-11,1.3098827936092544e-09,0.052417635917663574
1787581288.3435144,-1.2741203169694968e-11,1.3098827936092544e-09,0.052498340606689446
1787581288.3881538,-1.2741203169694968e-11,1.3098827936092544e-09,0.0525282621383667
1787581288.4499319,-1.2741203169694968e-11,1.3098827936092544e-09,0.052512526512146
1787581288.487035,-1.2741203169694968e-11,1.3098827936092544e-09,0.05240738391876221
1787581288.5339713,-1.2741203169694968e-11,1.3098827936092544e-09,0.05240905284881591
1787581288.5809097,-1.2741203169694968e-11,1.3098827936092544e-09,0.05237042903900147
1787581288.6828375,-1.2741203169694968e-11,1.3098827936092544e-09,0.05224597454071045
1787581288.7440023,-1.2741203169694968e-11,1.3098827936092544e-09,0.05235910415649414
1787581288.7894588,-1.2741203169694968e-11,1.3098827936092544e-09,0.05238616466522217
1787581288.8379562,-1.2741203169694968e-11,1.3098827936092544e-09,0.0523521900177002
1787581288.924193,-1.2741203169694968e-11,1.3098827936092544e-09,0.05228769779205322
1787581288.948272,-1.2741203169694968e-11,1.3098827936092544e-09,0.05226242542266844
1787581289.0134664,-1.2741203169694968e-11,1.3098827936092544e-09,0.05211985111236572
1787581289.0439487,-1.2741203169694968e-11,1.3098827936092544e-09,0.052227139472961426
1787581289.087358,-1.2741203169694968e-11,1.3098827936092544e-09,0.052358865737915046
1787581289.131324,-1.2741203169694968e-11,1.3098827936092544e-09,0.05235874652862549
1787581289.1874356,-1.2741203169694968e-11,1.3098827936092544e-09,0.05237400531768799
1787581289.236453,-1.2741203169694968e-11,1.3098827936092544e-09,0.05241632461547851
1787581289.311324,-1.2741203169694968e-11,1.3098827936092544e-09,0.05232644081115722
1787581289.3860922,-1.2741203169694968e-11,1.3098827936092544e-09,0.052295804023742676
1787581289.4430306,-1.2741203169694968e-11,1.3098827936092544e-09,0.052298307418823256
1787581289.4802132,-1.2741203169694968e-11,1.3098827936092544e-09,0.052317261695861816
1787581289.5814116,-1.2741203169694968e-11,1.3098827936092544e-09,0.05242919921875
1787581289.6400392,-1.2741203169694968e-11,1.3098827936092544e-09,0.05235052108764649
1787581289.6853557,-1.2741203169694968e-11,1.3098827936092544e-09,0.05230534076690674
1787581289.7330313,-1.2741203169694968e-11,1.3098827936092544e-09,0.052230715751647935
1787581289.8255713,-1.2741203169694968e-11,1.3098827936092544e-09,0.05219590663909913
1787581289.8812618,-1.2741203169694968e-11,1.3098827936092544e-09,0.052257776260375984
1787581289.9412668,-1.2741203169694968e-11,1.3098827936092544e-09,0.0523521900177002
1787581289.9813392,-1.2741203169694968e-11,1.3098827936092544e-09,0.05230975151062012
1787581290.0363455,-1.2741203169694968e-11,1.3098827936092544e-09,0.05225193500518799
1787581290.087841,-1.2741203169694968e-11,1.3098827936092544e-09,0.052249789237976074
1787581290.133415,-1.2741203169694968e-11,1.3098827936092544e-09,0.05206644535064697
1787581290.1860418,-1.2741203169694968e-11,1.3098827936092544e-09,0.052105426788330085
1787581290.2444909,-1.2741203169694968e-11,1.3098827936092544e-09,0.05211687088012695
1787581290.3315604,-1.2741203169694968e-11,1.3098827936092544e-09,0.05218911170959471
1787581290.3867593,-1.2741203169694968e-11,1.3098827936092544e-09,0.05263888835906982
1787581290.4319823,-1.2741203169694968e-11,1.3098827936092544e-09,0.05258631706237794
1787581290.5318332,-1.2741203169694968e-11,1.3098827936092544e-09,0.05253183841705322
1787581290.5797553,-1.2741203169694968e-11,1.3098827936092544e-09,0.0524519681930542
1787581290.643501,-1.2741203169694968e-11,1.3098827936092544e-09,0.052451133728027344
1787581290.6867921,-1.2741203169694968e-11,1.3098827936092544e-09,0.05256927013397217
1787581290.7541552,-1.2741203169694968e-11,1.3098827936092544e-09,0.0527552366256714
1787581290.782516,-1.2741203169694968e-11,1.3098827936092544e-09,0.052759170532226556
1787581290.8351142,-1.2741203169694968e-11,1.3098827936092544e-09,0.05269908905029298
1787581290.8810751,-1.2741203169694968e-11,1.3098827936092544e-09,0.05266940593719483
1787581290.9405344,-1.2741203169694968e-11,1.3098827936092544e-09,0.05254697799682618
1787581290.9837017,-1.2741203169694968e-11,1.3098827936092544e-09,0.05246567726135254
1787581291.0504546,-1.2741203169694968e-11,1.3098827936092544e-09,0.05250096321105957
1787581291.093726,-1.2741203169694968e-11,1.3098827936092544e-09,0.052604317665100084
1787581291.138753,-1.2741203169694968e-11,1.3098827936092544e-09,0.05274558067321778
1787581291.1839952,-1.2741203169694968e-11,1.3098827936092544e-09,0.052865743637084954
1787581291.2644055,-1.2741203169694968e-11,1.3098827936092544e-09,0.05295109748840332
1787581291.280255,-1.2741203169694968e-11,1.3098827936092544e-09,0.0530574321746826
1787581291.3348634,-1.2741203169694968e-11,1.3098827936092544e-09,0.052967548370361335
1787581291.3914921,-1.2741203169694968e-11,1.3098827936092544e-09,0.05295276641845703
1787581291.4346647,-1.2741203169694968e-11,1.3098827936092544e-09,0.05304372310638428
1787581291.4815874,-1.2741203169694968e-11,1.3098827936092544e-09,0.05305147171020508
1787581291.5423162,-1.2741203169694968e-11,1.3098827936092544e-09,0.05314016342163086
1787581291.5834165,-1.2741203169694968e-11,1.3098827936092544e-09,0.05333340167999268
1787581291.6340928,-1.2741203169694968e-11,1.3098827936092544e-09,0.05334925651550293
1787581291.696942,-1.2741203169694968e-11,1.3098827936092544e-09,0.05332553386688232
1787581291.735973,-1.2741203169694968e-11,1.3098827936092544e-09,0.0532904863357544
1787581291.7855482,-1.2741203169694968e-11,1.3098827936092544e-09,0.05330765247344971
1787581291.8839746,-1.2741203169694968e-11,1.3098827936092544e-09,0.053367972373962416
1787581291.9350352,-1.2741203169694968e-11,1.3098827936092544e-09,0.053518891334533705
1787581291.9909089,-1.2741203169694968e-11,1.3098827936092544e-09,0.05362188816070558
1787581292.032101,-1.2741203169694968e-11,1.3098827936092544e-09,0.05356609821319581
1787581292.0861597,-1.2741203169694968e-11,1.3098827936092544e-09,0.05356287956237794
1787581292.1409774,-1.2741203169694968e-11,1.3098827936092544e-09,0.05352044105529784
1787581292.1814363,-1.2741203169694968e-11,1.3098827936092544e-09,0.05359470844268798
1787581292.2485292,-1.2741203169694968e-11,1.3098827936092544e-09,0.05369770526885988
1787581292.2929428,-1.2741203169694968e-11,1.3098827936092544e-09,0.05378985404968262
1787581292.337756,-1.2741203169694968e-11,1.3098827936092544e-09,0.053807377815246596
1787581292.383047,-1.2741203169694968e-11,1.3098827936092544e-09,0.053783893585205085
1787581292.4610522,-1.2741203169694968e-11,1.3098827936092544e-09,0.05368387699127197
1787581292.4846966,-1.2741203169694968e-11,1.3098827936092544e-09,0.05363750457763673
1787581292.5434732,-1.2741203169694968e-11,1.3098827936092544e-09,0.05354642868041992
1787581292.5855267,-1.2741203169694968e-11,1.3098827936092544e-09,0.05351555347442627
1787581292.634134,-1.2741203169694968e-11,1.3098827936092544e-09,0.053613901138305664
1787581292.737824,-1.2741203169694968e-11,1.3098827936092544e-09,0.053638577461242676
1787581292.7812037,-1.2741203169694968e-11,1.3098827936092544e-09,0.05374133586883546
1787581292.8440065,-1.2741203169694968e-11,1.3098827936092544e-09,0.05369997024536133
1787581292.8863735,-1.2741203169694968e-11,1.3098827936092544e-09,0.05366766452789307
1787581292.9335947,-1.2741203169694968e-11,1.3098827936092544e-09,0.05366039276123048
1787581292.9789877,-1.2741203169694968e-11,1.3098827936092544e-09,0.05370211601257325
1787581293.0395894,-1.2741203169694968e-11,1.3098827936092544e-09,0.05373799800872803
1787581293.0790627,-1.2741203169694968e-11,1.3098827936092544e-09,0.053875207901000984
1787581293.144106,-1.2741203169694968e-11,1.3098827936092544e-09,0.053876519203186035
1787581293.1884816,-1.2741203169694968e-11,1.3098827936092544e-09,0.05386769771575928
1787581293.232501,-1.2741203169694968e-11,1.3098827936092544e-09,0.05383753776550294
1787581293.3393564,-1.2741203169694968e-11,1.3098827936092544e-09,0.05383765697479248
1787581293.3783553,-1.2741203169694968e-11,1.3098827936092544e-09,0.05403506755828857
1787581293.4345424,-1.2741203169694968e-11,1.3098827936092544e-09,0.05403506755828857
1787581293.4855845,-1.2741203169694968e-11,1.3098827936092544e-09,0.05407893657684326
1787581293.5334878,-1.2741203169694968e-11,1.3098827936092544e-09,0.05401849746704103
1787581293.58027,-1.2741203169694968e-11,1.3098827936092544e-09,0.05401325225830079
1787581293.640761,-1.2741203169694968e-11,1.3098827936092544e-09,0.054008364677429206
1787581293.6799233,-1.2741203169694968e-11,1.3098827936092544e-09,0.054075002670288086
1787581293.7359626,-1.2741203169694968e-11,1.3098827936092544e-09,0.05410933494567872
1787581293.7858396,-1.2741203169694968e-11,1.3098827936092544e-09,0.05427086353302002
1787581293.8706625,-1.2741203169694968e-11,1.3098827936092544e-09,0.05421590805053711
1787581293.9430559,-1.2741203169694968e-11,1.3098827936092544e-09,0.05418550968170166
1787581293.982327,-1.2741203169694968e-11,1.3098827936092544e-09,0.05414736270904541
1787581294.0345705,-1.2741203169694968e-11,1.3098827936092544e-09,0.05418431758880615
1787581294.0912473,-1.2741203169694968e-11,1.3098827936092544e-09,0.05424475669860839
1787581294.135877,-1.2741203169694968e-11,1.3098827936092544e-09,0.05431759357452393
1787581294.1804826,-1.2741203169694968e-11,1.3098827936092544e-09,0.054467082023620605
1787581294.241063,-1.2741203169694968e-11,1.3098827936092544e-09,0.05443966388702394
1787581294.2820225,-1.2741203169694968e-11,1.3098827936092544e-09,0.05438339710235596
1787581294.3388314,-1.2741203169694968e-11,1.3098827936092544e-09,0.05436599254608155
1787581294.3911083,-1.2741203169694968e-11,1.3098827936092544e-09,0.05437028408050537
1787581294.4403896,-1.2741203169694968e-11,1.3098827936092544e-09,0.05444836616516113
1787581294.4826841,-1.2741203169694968e-11,1.3098827936092544e-09,0.054627180099487305
1787581294.5460217,-1.2741203169694968e-11,1.3098827936092544e-09,0.05464577674865724
1787581294.5817256,-1.2741203169694968e-11,1.3098827936092544e-09,0.05467605590820312
1787581294.6338253,-1.2741203169694968e-11,1.3098827936092544e-09,0.05464160442352295
1787581294.690644,-1.2741203169694968e-11,1.3098827936092544e-09,0.05452537536621094
1787581294.73574,-1.2741203169694968e-11,1.3098827936092544e-09,0.054546236991882324
1787581294.7822692,-1.2741203169694968e-11,1.3098827936092544e-09,0.054650425910949714
1787581294.8436732,-1.2741203169694968e-11,1.3098827936092544e-09,0.054768562316894524
1787581294.9347074,-1.2741203169694968e-11,1.3098827936092544e-09,0.054913520812988295
1787581294.990149,-1.2741203169694968e-11,1.3098827936092544e-09,0.054834246635437026
1787581295.0344613,-1.2741203169694968e-11,1.3098827936092544e-09,0.05483663082122804
1787581295.082689,-1.2741203169694968e-11,1.3098827936092544e-09,0.05486977100372315
1787581295.1443927,-1.2741203169694968e-11,1.3098827936092544e-09,0.0549468994140625
1787581295.183876,-1.2741203169694968e-11,1.3098827936092544e-09,0.05517840385437013
1787581295.2324948,-1.2741203169694968e-11,1.3098827936092544e-09,0.05515432357788085
1787581295.2795405,-1.2741203169694968e-11,1.3098827936092544e-09,0.05509066581726075
1787581295.3369205,-1.2741203169694968e-11,1.3098827936092544e-09,0.05504465103149414
1787581295.380139,-1.2741203169694968e-11,1.3098827936092544e-09,0.054855465888977044
1787581295.4433014,-1.2741203169694968e-11,1.3098827936092544e-09,0.054811358451843276
1787581295.4825954,-1.2741203169694968e-11,1.3098827936092544e-09,0.054791927337646484
1787581295.5438933,-1.2741203169694968e-11,1.3098827936092544e-09,0.05487763881683351
1787581295.581977,-1.2741203169694968e-11,1.3098827936092544e-09,0.054901599884033224
1787581295.6323922,-1.2741203169694968e-11,1.3098827936092544e-09,0.054907083511352525
1787581295.687808,-1.2741203169694968e-11,1.3098827936092544e-09,0.05503594875335695
1787581295.734075,-1.2741203169694968e-11,1.3098827936092544e-09,0.05520784854888916
1787581295.7844176,-1.2741203169694968e-11,1.3098827936092544e-09,0.055296063423156745
1787581295.8392806,-1.2741203169694968e-11,1.3098827936092544e-09,0.055237531661987305
1787581295.8989656,-1.2741203169694968e-11,1.3098827936092544e-09,0.055133223533630364
1787581295.9405322,-1.2741203169694968e-11,1.3098827936092544e-09,0.05511367321014406
1787581295.9827886,-1.2741203169694968e-11,1.3098827936092544e-09,0.05506527423858641
1787581296.0833607,-1.2741203169694968e-11,1.3098827936092544e-09,0.05500888824462892
1787581296.13132,-1.2741203169694968e-11,1.3098827936092544e-09,0.05508804321289063
1787581296.1873996,-1.2741203169694968e-11,1.3098827936092544e-09,0.05516517162322999
1787581296.23498,-1.2741203169694968e-11,1.3098827936092544e-09,0.05514669418334961
1787581296.2849178,-1.2741203169694968e-11,1.3098827936092544e-09,0.055217266082763665
1787581296.3923953,-1.2741203169694968e-11,1.3098827936092544e-09,0.055230855941772454
1787581296.4898129,-1.2741203169694968e-11,1.3098827936092544e-09,0.055266737937927246
1787581296.5349286,-1.2741203169694968e-11,1.3098827936092544e-09,0.055216073989868164
1787581296.580712,-1.2741203169694968e-11,1.3098827936092544e-09,0.05527353286743164
1787581296.6441407,-1.2741203169694968e-11,1.3098827936092544e-09,0.055298805236816406
1787581296.6860964,-1.2741203169694968e-11,1.3098827936092544e-09,0.05548691749572755
1787581296.7313242,-1.2741203169694968e-11,1.3098827936092544e-09,0.05560708045959473
1787581296.7955978,-1.2741203169694968e-11,1.3098827936092544e-09,0.0555567741394043
1787581296.8365836,-1.2741203169694968e-11,1.3098827936092544e-09,0.05548870563507081
1787581296.8786292,-1.2741203169694968e-11,1.3098827936092544e-09,0.05545437335968018
1787581296.942914,-1.2741203169694968e-11,1.3098827936092544e-09,0.05553543567657471
1787581296.9854734,-1.2741203169694968e-11,1.3098827936092544e-09,0.05562949180603028
1787581297.0293148,-1.2741203169694968e-11,1.3098827936092544e-09,0.05573523044586181
1787581297.0814462,-1.2741203169694968e-11,1.3098827936092544e-09,0.055790424346923835
1787581297.138019,-1.2741203169694968e-11,1.3098827936092544e-09,0.05570447444915773
1787581297.1817322,-1.2741203169694968e-11,1.3098827936092544e-09,0.055703520774841316
1787581297.243659,-1.2741203169694968e-11,1.3098827936092544e-09,0.05567026138305664
1787581297.2845876,-1.2741203169694968e-11,1.3098827936092544e-09,0.05571842193603517
1787581297.3305047,-1.2741203169694968e-11,1.3098827936092544e-09,0.05583024024963379
1787581297.3822236,-1.2741203169694968e-11,1.3098827936092544e-09,0.05589854717254638
1787581297.4390404,-1.2741203169694968e-11,1.3098827936092544e-09,0.055994391441345215
1787581297.4797096,-1.2741203169694968e-11,1.3098827936092544e-09,0.055977225303649916
1787581297.5309868,-1.2741203169694968e-11,1.3098827936092544e-09,0.055917620658874505
1787581297.5881255,-1.2741203169694968e-11,1.3098827936092544e-09,0.05576419830322266
1787581297.6312566,-1.2741203169694968e-11,1.3098827936092544e-09,0.05578494071960451
1787581297.6809826,-1.2741203169694968e-11,1.3098827936092544e-09,0.05588364601135254
1787581297.7382727,-1.2741203169694968e-11,1.3098827936092544e-09,0.05607759952545166
1787581297.7812645,-1.2741203169694968e-11,1.3098827936092544e-09,0.056131124496459975
1787581297.829781,-1.2741203169694968e-11,1.3098827936092544e-09,0.0563347339630127
1787581297.8879044,-1.2741203169694968e-11,1.3098827936092544e-09,0.0563511848449707
1787581297.932674,-1.2741203169694968e-11,1.3098827936092544e-09,0.056307435035705566
1787581297.9830759,-1.2741203169694968e-11,1.3098827936092544e-09,0.05629217624664306
1787581298.0393753,-1.2741203169694968e-11,1.3098827936092544e-09,0.05633747577667236
1787581298.081809,-1.2741203169694968e-11,1.3098827936092544e-09,0.05634653568267824
1787581298.1382844,-1.2741203169694968e-11,1.3098827936092544e-09,0.0564042329788208
1787581298.18394,-1.2741203169694968e-11,1.3098827936092544e-09,0.05647289752960205
1787581298.2458293,-1.2741203169694968e-11,1.3098827936092544e-09,0.05663275718688965
1787581298.288749,-1.2741203169694968e-11,1.3098827936092544e-09,0.05657339096069337
1787581298.3348224,-1.2741203169694968e-11,1.3098827936092544e-09,0.056496381759643555
1787581298.3799071,-1.2741203169694968e-11,1.3098827936092544e-09,0.05652475357055664
1787581298.446655,-1.2741203169694968e-11,1.3098827936092544e-09,0.05637013912200928
1787581298.4802232,-1.2741203169694968e-11,1.3098827936092544e-09,0.05633962154388429
1787581298.5396338,-1.2741203169694968e-11,1.3098827936092544e-09,0.056379079818725586
1787581298.5801482,-1.2741203169694968e-11,1.3098827936092544e-09,0.05641555786132813
1787581298.644014,-1.2741203169694968e-11,1.3098827936092544e-09,0.05650293827056885
1787581298.6842706,-1.2741203169694968e-11,1.3098827936092544e-09,0.05659949779510498
1787581298.7795877,-1.2741203169694968e-11,1.3098827936092544e-09,0.0566622018814087
1787581298.8442733,-1.2741203169694968e-11,1.3098827936092544e-09,0.05672073364257814
1787581298.8810854,-1.2741203169694968e-11,1.3098827936092544e-09,0.05667459964752197
1787581298.9862251,-1.2741203169694968e-11,1.3098827936092544e-09,0.05659878253936768
1787581299.0346463,-1.2741203169694968e-11,1.3098827936092544e-09,0.05653178691864015
1787581299.0785887,-1.2741203169694968e-11,1.3098827936092544e-09,0.05660378932952881
1787581299.1391432,-1.2741203169694968e-11,1.3098827936092544e-09,0.05667412281036376
1787581299.1830769,-1.2741203169694968e-11,1.3098827936092544e-09,0.05680286884307862
1787581299.2427921,-1.2741203169694968e-11,1.3098827936092544e-09,0.056737780570983894
1787581299.2795756,-1.2741203169694968e-11,1.3098827936092544e-09,0.056740880012512214
1787581299.3343,-1.2741203169694968e-11,1.3098827936092544e-09,0.056660532951354974
1787581299.4333708,-1.2741203169694968e-11,1.3098827936092544e-09,0.056578397750854506
1787581299.4833677,-1.2741203169694968e-11,1.3098827936092544e-09,0.056496858596801765
1787581299.541265,-1.2741203169694968e-11,1.3098827936092544e-09,0.05646848678588867
1787581299.581709,-1.2741203169694968e-11,1.3098827936092544e-09,0.05654871463775636
1787581299.6429996,-1.2741203169694968e-11,1.3098827936092544e-09,0.056664824485778816
1787581299.6866665,-1.2741203169694968e-11,1.3098827936092544e-09,0.05676496028900147
1787581299.7362158,-1.2741203169694968e-11,1.3098827936092544e-09,0.05697226524353026
1787581299.7799213,-1.2741203169694968e-11,1.3098827936092544e-09,0.056883454322814934
1787581299.8397572,-1.2741203169694968e-11,1.3098827936092544e-09,0.05661606788635254
1787581299.885699,-1.2741203169694968e-11,1.3098827936092544e-09,0.05664932727813721
1787581299.9401143,-1.2741203169694968e-11,1.3098827936092544e-09,0.05656147003173828
1787581299.9827888,-1.2741203169694968e-11,1.3098827936092544e-09,0.056703567504882826
1787581300.0325239,-1.2741203169694968e-11,1.3098827936092544e-09,0.05680835247039794
1787581300.0893714,-1.2741203169694968e-11,1.3098827936092544e-09,0.05684006214141846
1787581300.1358283,-1.2741203169694968e-11,1.3098827936092544e-09,0.05692052841186525
1787581300.1793828,-1.2741203169694968e-11,1.3098827936092544e-09,0.056883335113525405
1787581300.2424126,-1.2741203169694968e-11,1.3098827936092544e-09,0.05681717395782471
1787581300.2900496,-1.2741203169694968e-11,1.3098827936092544e-09,0.05680036544799806
1787581300.335563,-1.2741203169694968e-11,1.3098827936092544e-09,0.05682718753814699
1787581300.3917365,-1.2741203169694968e-11,1.3098827936092544e-09,0.05695736408233643
1787581300.4402971,-1.2741203169694968e-11,1.3098827936092544e-09,0.05698633193969727
1787581300.4817784,-1.2741203169694968e-11,1.3098827936092544e-09,0.05709683895111084
1787581300.5568852,-1.2741203169694968e-11,1.3098827936092544e-09,0.057100772857666016
1787581300.5879707,-1.2741203169694968e-11,1.3098827936092544e-09,0.05721545219421388
1787581300.6614556,-1.2741203169694968e-11,1.3098827936092544e-09,0.05715978145599366
1787581300.7571416,-1.2741203169694968e-11,1.3098827936092544e-09,0.05723786354064942
1787581300.8429463,-1.2741203169694968e-11,1.3098827936092544e-09,0.057317376136779785
1787581300.892778,-1.2741203169694968e-11,1.3098827936092544e-09,0.05737078189849855
1787581300.9320915,-1.2741203169694968e-11,1.3098827936092544e-09,0.05726909637451173
1787581300.994016,-1.2741203169694968e-11,1.3098827936092544e-09,0.05720233917236328
1787581301.032189,-1.2741203169694968e-11,1.3098827936092544e-09,0.05717551708221435
1787581301.0815656,-1.2741203169694968e-11,1.3098827936092544e-09,0.05718541145324708
1787581301.142178,-1.2741203169694968e-11,1.3098827936092544e-09,0.05723106861114502
1787581301.1824234,-1.2741203169694968e-11,1.3098827936092544e-09,0.0573899745941162
1787581301.2304618,-1.2741203169694968e-11,1.3098827936092544e-09,0.05745422840118408
1787581301.3352206,-1.2741203169694968e-11,1.3098827936092544e-09,0.05748939514160156
1787581301.443153,-1.2741203169694968e-11,1.3098827936092544e-09,0.05742073059082032
1787581301.4805121,-1.2741203169694968e-11,1.3098827936092544e-09,0.057510972023010275
1787581301.5323749,-1.2741203169694968e-11,1.3098827936092544e-09,0.05759179592132568
1787581301.6377785,-1.2741203169694968e-11,1.3098827936092544e-09,0.05780231952667236
1787581301.681049,-1.2741203169694968e-11,1.3098827936092544e-09,0.057729721069335944
1787581301.7435648,-1.2741203169694968e-11,1.3098827936092544e-09,0.0576409101486206
1787581301.7895186,-1.2741203169694968e-11,1.3098827936092544e-09,0.057497382164001465
1787581301.8320708,-1.2741203169694968e-11,1.3098827936092544e-09,0.05753064155578614
1787581301.8783426,-1.2741203169694968e-11,1.3098827936092544e-09,0.057622075080871575
1787581301.9377701,-1.2741203169694968e-11,1.3098827936092544e-09,0.0576728582382202
1787581301.978529,-1.2741203169694968e-11,1.3098827936092544e-09,0.05778694152832031
1787581302.0311685,-1.2741203169694968e-11,1.3098827936092544e-09,0.05777978897094726
1787581302.0905528,-1.2741203169694968e-11,1.3098827936092544e-09,0.05771458148956299
1787581302.13135,-1.2741203169694968e-11,1.3098827936092544e-09,0.057667613029479974
1787581302.1795857,-1.2741203169694968e-11,1.3098827936092544e-09,0.05769360065460205
1787581302.2386193,-1.2741203169694968e-11,1.3098827936092544e-09,0.05775582790374756
1787581302.2788656,-1.2741203169694968e-11,1.3098827936092544e-09,0.05791211128234863
1787581302.3321772,-1.2741203169694968e-11,1.3098827936092544e-09,0.058056116104125984
1787581302.3868706,-1.2741203169694968e-11,1.3098827936092544e-09,0.05821776390075684
1787581302.4324696,-1.2741203169694968e-11,1.3098827936092544e-09,0.05817484855651856
1787581302.539364,-1.2741203169694968e-11,1.3098827936092544e-09,0.05816698074340822
1787581302.579294,-1.2741203169694968e-11,1.3098827936092544e-09,0.05824053287506104
1787581302.6352482,-1.2741203169694968e-11,1.3098827936092544e-09,0.058281064033508294
1787581302.6859844,-1.2741203169694968e-11,1.3098827936092544e-09,0.058384180068969734
1787581302.739435,-1.2741203169694968e-11,1.3098827936092544e-09,0.05841708183288574
1787581302.7794418,-1.2741203169694968e-11,1.3098827936092544e-09,0.05833041667938233
1787581302.8397787,-1.2741203169694968e-11,1.3098827936092544e-09,0.058254718780517585
1787581302.880701,-1.2741203169694968e-11,1.3098827936092544e-09,0.058164954185485854
1787581302.938845,-1.2741203169694968e-11,1.3098827936092544e-09,0.058163762092590346
1787581302.9875052,-1.2741203169694968e-11,1.3098827936092544e-09,0.058295249938964865
1787581303.034842,-1.2741203169694968e-11,1.3098827936092544e-09,0.05833113193511963
1787581303.0808182,-1.2741203169694968e-11,1.3098827936092544e-09,0.05833745002746581
1787581303.1475604,-1.2741203169694968e-11,1.3098827936092544e-09,0.058313846588134766
1787581303.1829495,-1.2741203169694968e-11,1.3098827936092544e-09,0.05823111534118652
1787581303.231652,-1.2741203169694968e-11,1.3098827936092544e-09,0.05820298194885254
1787581303.2875056,-1.2741203169694968e-11,1.3098827936092544e-09,0.0582740306854248
1787581303.3350022,-1.2741203169694968e-11,1.3098827936092544e-09,0.05838167667388916
1787581303.380025,-1.2741203169694968e-11,1.3098827936092544e-09,0.058410048484802246
1787581303.4413667,-1.2741203169694968e-11,1.3098827936092544e-09,0.058501839637756334
1787581303.4834914,-1.2741203169694968e-11,1.3098827936092544e-09,0.058541059494018555
1787581303.5321221,-1.2741203169694968e-11,1.3098827936092544e-09,0.05844974517822265
1787581303.5881405,-1.2741203169694968e-11,1.3098827936092544e-09,0.05840146541595458
1787581303.6357713,-1.2741203169694968e-11,1.3098827936092544e-09,0.05841743946075438
1787581303.6817818,-1.2741203169694968e-11,1.3098827936092544e-09,0.05851268768310547
1787581303.7426746,-1.2741203169694968e-11,1.3098827936092544e-09,0.05857944488525392
1787581303.7816265,-1.2741203169694968e-11,1.3098827936092544e-09,0.058686614036560066
1787581303.833605,-1.2741203169694968e-11,1.3098827936092544e-09,0.05873262882232666
1787581303.8876274,-1.2741203169694968e-11,1.3098827936092544e-09,0.058681488037109375
1787581303.9288974,-1.2741203169694968e-11,1.3098827936092544e-09,0.05865168571472168
1787581303.9784117,-1.2741203169694968e-11,1.3098827936092544e-09,0.058623194694519036
1787581304.0351357,-1.2741203169694968e-11,1.3098827936092544e-09,0.05862057209014892
1787581304.0791645,-1.2741203169694968e-11,1.3098827936092544e-09,0.05870628356933594
1787581304.1289456,-1.2741203169694968e-11,1.3098827936092544e-09,0.05879175662994385
1787581304.187526,-1.2741203169694968e-11,1.3098827936092544e-09,0.058817028999328606
1787581304.2331197,-1.2741203169694968e-11,1.3098827936092544e-09,0.05892491340637208
1787581304.2792423,-1.2741203169694968e-11,1.3098827936092544e-09,0.058847427368164056
1787581304.38075,-1.2741203169694968e-11,1.3098827936092544e-09,0.05882334709167481
1787581304.434295,-1.2741203169694968e-11,1.3098827936092544e-09,0.058703064918518066
1787581304.4844012,-1.2741203169694968e-11,1.3098827936092544e-09,0.058651447296142564
1787581304.528956,-1.2741203169694968e-11,1.3098827936092544e-09,0.058756470680236816
1787581304.5797448,-1.2741203169694968e-11,1.3098827936092544e-09,0.05881369113922119
1787581304.635534,-1.2741203169694968e-11,1.3098827936092544e-09,0.058941960334777846
1787581304.684407,-1.2741203169694968e-11,1.3098827936092544e-09,0.05887901782989503
1787581304.7384977,-1.2741203169694968e-11,1.3098827936092544e-09,0.05890715122222899
1787581304.785848,-1.2741203169694968e-11,1.3098827936092544e-09,0.058789610862731934
1787581304.8307471,-1.2741203169694968e-11,1.3098827936092544e-09,0.05885922908782959
1787581304.8870826,-1.2741203169694968e-11,1.3098827936092544e-09,0.058941483497619636
1787581304.9306254,-1.2741203169694968e-11,1.3098827936092544e-09,0.05898869037628174
1787581304.9808276,-1.2741203169694968e-11,1.3098827936092544e-09,0.05899083614349365
1787581305.0359328,-1.2741203169694968e-11,1.3098827936092544e-09,0.059067249298095696
1787581305.0794165,-1.2741203169694968e-11,1.3098827936092544e-09,0.05911910533905028
1787581305.1864932,-1.2741203169694968e-11,1.3098827936092544e-09,0.059299707412719734
1787581305.2349029,-1.2741203169694968e-11,1.3098827936092544e-09,0.058966636657714844
1787581305.2786343,-1.2741203169694968e-11,1.3098827936092544e-09,0.05894339084625245
1787581305.34077,-1.2741203169694968e-11,1.3098827936092544e-09,0.05894339084625245
1787581305.382026,-1.2741203169694968e-11,1.3098827936092544e-09,0.059086561203002944
1787581305.4871104,-1.2741203169694968e-11,1.3098827936092544e-09,0.059195756912231445
1787581305.531207,-1.2741203169694968e-11,1.3098827936092544e-09,0.059351205825805664
1787581305.578812,-1.2741203169694968e-11,1.3098827936092544e-09,0.0593360662460327
1787581305.6407738,-1.2741203169694968e-11,1.3098827936092544e-09,0.05910539627075197
1787581305.6819177,-1.2741203169694968e-11,1.3098827936092544e-09,0.059020400047302246
1787581305.7906618,-1.2741203169694968e-11,1.3098827936092544e-09,0.059101223945617676
1787581305.840026,-1.2741203169694968e-11,1.3098827936092544e-09,0.05915439128875733
1787581305.8814113,-1.2741203169694968e-11,1.3098827936092544e-09,0.05914723873138428
1787581305.9403782,-1.2741203169694968e-11,1.3098827936092544e-09,0.05915534496307373
1787581306.0311892,2.526649477804319e-05,1.4961148662277393e-06,0.059065580368041985
1787581306.0868454,-5.051039810003333e-11,1.9484277819911392e-09,0.05906915664672852
1787581306.1777492,-5.051039810003333e-11,1.9484277819911392e-09,0.05925250053405762
1787581306.1783423,-5.051039810003333e-11,1.9484277819911392e-09,0.059317231178283684
1787581306.2382329,-5.051039810003333e-11,1.9484277819911392e-09,0.059317231178283684
1787581306.3317676,-5.051039810003333e-11,1.9484277819911392e-09,0.059315204620361314
1787581306.386002,-5.051039810003333e-11,1.9484277819911392e-09,0.05928897857666017
1787581306.436499,-5.051039810003333e-11,1.9484277819911392e-09,0.059257149696350084
1787581306.4803228,-5.051039810003333e-11,1.9484277819911392e-09,0.05926954746246339
1787581306.5407383,-5.051039810003333e-11,1.9484277819911392e-09,0.0592625141143799
1787581306.5801144,-5.051039810003333e-11,1.9484277819911392e-09,0.05939984321594239
1787581306.6304018,-5.051039810003333e-11,1.9484277819911392e-09,0.059464454650878906
1787581306.687957,-5.051039810003333e-11,1.9484277819911392e-09,0.05941784381866455
1787581306.7333038,-5.051039810003333e-11,1.9484277819911392e-09,0.05929517745971679
1787581306.7785115,-5.051039810003333e-11,1.9484277819911392e-09,0.05927979946136476
1787581306.8400898,-5.051039810003333e-11,1.9484277819911392e-09,0.05928504467010498
1787581306.8799608,-5.051039810003333e-11,1.9484277819911392e-09,0.059420585632324226
1787581306.9364479,-5.051039810003333e-11,1.9484277819911392e-09,0.05944859981536865
1787581306.9897177,-5.051039810003333e-11,1.9484277819911392e-09,0.05947434902191162
1787581307.0364375,-5.051039810003333e-11,1.9484277819911392e-09,0.059361577033996575
1787581307.0793326,-5.051039810003333e-11,1.9484277819911392e-09,0.05937302112579345
1787581307.1416717,-5.051039810003333e-11,1.9484277819911392e-09,0.05932843685150147
1787581307.181221,-5.051039810003333e-11,1.9484277819911392e-09,0.059302926063537605
1787581307.2338452,-5.051039810003333e-11,1.9484277819911392e-09,0.05941879749298096
1787581307.3361533,-5.051039810003333e-11,1.9484277819911392e-09,0.05949890613555908
1787581307.4482434,-5.051039810003333e-11,1.9484277819911392e-09,0.0594395399093628
1787581307.484179,-5.051039810003333e-11,1.9484277819911392e-09,0.059365034103393555
1787581307.5316026,-5.051039810003333e-11,1.9484277819911392e-09,0.05935001373291016
1787581307.6374571,-5.051039810003333e-11,1.9484277819911392e-09,0.05947077274322509
1787581307.741229,-5.051039810003333e-11,1.9484277819911392e-09,0.05960237979888916
1787581307.7843714,-5.051039810003333e-11,1.9484277819911392e-09,0.05956244468688965
1787581307.8328433,-5.051039810003333e-11,1.9484277819911392e-09,0.059507012367248535
1787581307.9380178,-5.051039810003333e-11,1.9484277819911392e-09,0.0596137046813965
1787581308.0322118,-5.051039810003333e-11,1.9484277819911392e-09,0.05965149402618408
1787581308.085507,-5.051039810003333e-11,1.9484277819911392e-09,0.05968546867370607
1787581308.1316166,-5.051039810003333e-11,1.9484277819911392e-09,0.05960130691528321
1787581308.2381217,-5.051039810003333e-11,1.9484277819911392e-09,0.05949974060058594
1787581308.2798777,-5.051039810003333e-11,1.9484277819911392e-09,0.059600234031677246
1787581308.331937,-5.051039810003333e-11,1.9484277819911392e-09,0.05962753295898438
1787581308.3946657,-5.051039810003333e-11,1.9484277819911392e-09,0.05977940559387207
1787581308.4314332,-5.051039810003333e-11,1.9484277819911392e-09,0.059991240501403816
1787581308.5397887,-5.051039810003333e-11,1.9484277819911392e-09,0.05987381935119629
1787581308.5803933,-5.051039810003333e-11,1.9484277819911392e-09,0.05984234809875488
1787581308.6306922,-5.051039810003333e-11,1.9484277819911392e-09,0.05987775325775147
1787581308.6820655,-5.051039810003333e-11,1.9484277819911392e-09,0.05994427204132079
1787581308.730352,-5.051039810003333e-11,1.9484277819911392e-09,0.06000673770904541
1787581308.7802482,-5.051039810003333e-11,1.9484277819911392e-09,0.060143232345581055
1787581308.8385901,-5.051039810003333e-11,1.9484277819911392e-09,0.06013917922973633
1787581308.8805897,2.52649308336343e-05,1.5223305653800385e-06,0.06007075309753418
1787581308.9315698,-1.2913633939850948e-10,3.255559903027835e-09,0.06003570556640625
1787581308.9837782,-1.2913633939850948e-10,3.255559903027835e-09,0.05989789962768554
1787581309.0306325,-1.2913633939850948e-10,3.255559903027835e-09,0.05989658832550049
1787581309.0839758,-1.2913633939850948e-10,3.255559903027835e-09,0.059941649436950704
1787581309.139077,-1.2913633939850948e-10,3.255559903027835e-09,0.05996274948120118
1787581309.1891992,-1.2913633939850948e-10,3.255559903027835e-09,0.05992424488067627
1787581309.2329876,-1.2913633939850948e-10,3.255559903027835e-09,0.05992126464843751
1787581309.288452,-1.2913633939850948e-10,3.255559903027835e-09,0.05979883670806885
1787581309.3762267,-1.2913633939850948e-10,3.255559903027835e-09,0.059745669364929185
1787581309.4403803,-1.2913633939850948e-10,3.255559903027835e-09,0.059820771217346205
1787581309.480425,-1.2913633939850948e-10,3.255559903027835e-09,0.05995357036590577
1787581309.5296528,-1.2913633939850948e-10,3.255559903027835e-09,0.05994808673858642
1787581309.5883906,-1.2913633939850948e-10,3.255559903027835e-09,0.059918403625488295
1787581309.64146,-1.2913633939850948e-10,3.255559903027835e-09,0.05980455875396729
1787581309.6792228,-1.2913633939850948e-10,3.255559903027835e-09,0.05978989601135255
1787581309.7402961,-1.2913633939850948e-10,3.255559903027835e-09,0.05984032154083252
1787581309.7816312,-1.2913633939850948e-10,3.255559903027835e-09,0.059978365898132324
1787581309.8319902,-1.2913633939850948e-10,3.255559903027835e-09,0.0600041151046753
1787581309.8885949,-1.2913633939850948e-10,3.255559903027835e-09,0.06000852584838867
1787581309.9337375,-1.2913633939850948e-10,3.255559903027835e-09,0.05994081497192384
1787581309.9790218,-1.2913633939850948e-10,3.255559903027835e-09,0.0599132776260376
1787581310.0360477,-1.2913633939850948e-10,3.255559903027835e-09,0.05989551544189453
1787581310.082346,-1.2913633939850948e-10,3.255559903027835e-09,0.05999076366424562
1787581310.1309605,-1.2913633939850948e-10,3.255559903027835e-09,0.059973239898681634
1787581310.17861,-1.2913633939850948e-10,3.255559903027835e-09,0.060080170631408684
1787581310.2342875,-1.2913633939850948e-10,3.255559903027835e-09,0.060056090354919454
1787581310.3403132,-1.2913633939850948e-10,3.255559903027835e-09,0.05993247032165528
1787581310.3837602,-1.2913633939850948e-10,3.255559903027835e-09,0.059955716133117676
1787581310.4356084,-1.2913633939850948e-10,3.255559903027835e-09,0.05997347831726074
1787581310.4883726,-1.2913633939850948e-10,3.255559903027835e-09,0.060104012489318855
1787581310.5322778,-1.2913633939850948e-10,3.255559903027835e-09,0.060180902481079095
1787581310.578222,-1.2913633939850948e-10,3.255559903027835e-09,0.06018531322479248
1787581310.6778147,-1.2913633939850948e-10,3.255559903027835e-09,0.060204386711120605
1787581310.6783962,-1.2913633939850948e-10,3.255559903027835e-09,0.06021952629089356
1787581310.7295465,-1.2913633939850948e-10,3.255559903027835e-09,0.060145258903503425
1787581310.7871675,-1.2913633939850948e-10,3.255559903027835e-09,0.060078501701354974
1787581310.837506,-1.2913633939850948e-10,3.255559903027835e-09,0.05983889102935791
1787581310.8791935,-1.2913633939850948e-10,3.255559903027835e-09,0.05981314182281494
1787581310.9295413,-1.2913633939850948e-10,3.255559903027835e-09,0.059893012046813965
1787581310.980078,-1.2913633939850948e-10,3.255559903027835e-09,0.06010830402374267
1787581311.0336962,-1.2913633939850948e-10,3.255559903027835e-09,0.06026363372802734
1787581311.082683,-1.2913633939850948e-10,3.255559903027835e-09,0.060240626335144036
1787581311.129602,-1.2913633939850948e-10,3.255559903027835e-09,0.060199260711669936
1787581311.178903,-1.2913633939850948e-10,3.255559903027835e-09,0.0601024627685547
1787581311.2286525,-1.2913633939850948e-10,3.255559903027835e-09,0.060004234313964844
1787581311.2784524,-1.2913633939850948e-10,3.255559903027835e-09,0.060021162033081055
1787581311.33189,-1.2913633939850948e-10,3.255559903027835e-09,0.060124278068542494
1787581311.3788319,-1.2913633939850948e-10,3.255559903027835e-09,0.060407996177673354
1787581311.4286966,-1.2913633939850948e-10,3.255559903027835e-09,0.060407996177673354
1787581311.4792585,-1.2913633939850948e-10,3.255559903027835e-09,0.060346722602844245
1787581311.530023,-1.2913633939850948e-10,3.255559903027835e-09,0.06025779247283936
1787581311.5785933,-1.2913633939850948e-10,3.255559903027835e-09,0.06016099452972413
1787581311.630024,-1.2913633939850948e-10,3.255559903027835e-09,0.06019258499145509
1787581311.6792607,-1.2913633939850948e-10,3.255559903027835e-09,0.060211658477783196
1787581311.7338157,-1.2913633939850948e-10,3.255559903027835e-09,0.06040704250335695
1787581311.779258,-1.2913633939850948e-10,3.255559903027835e-09,0.06060469150543213
1787581311.8331401,-1.2913633939850948e-10,3.255559903027835e-09,0.06060469150543213
1787581311.8814993,-1.2913633939850948e-10,3.255559903027835e-09,0.060555219650268555
1787581311.928695,-1.2913633939850948e-10,3.255559903027835e-09,0.06057214736938477
1787581311.9782548,-1.2913633939850948e-10,3.255559903027835e-09,0.06068944931030273
1787581312.0284903,-1.2913633939850948e-10,3.255559903027835e-09,0.06068944931030273
1787581312.0797129,-1.2913633939850948e-10,3.255559903027835e-09,0.06107223033905029
1787581312.1299644,-1.2913633939850948e-10,3.255559903027835e-09,0.06107223033905029
1787581312.181906,-1.2913633939850948e-10,3.255559903027835e-09,0.06100547313690186
1787581312.2355247,-1.2913633939850948e-10,3.255559903027835e-09,0.060947775840759284
1787581312.278726,-1.2913633939850948e-10,3.255559903027835e-09,0.06093120574951171
1787581312.330903,-1.2913633939850948e-10,3.255559903027835e-09,0.06090486049652099
1787581312.3807654,-1.2913633939850948e-10,3.255559903027835e-09,0.06103813648223877
1787581312.4307585,-1.2913633939850948e-10,3.255559903027835e-09,0.061282038688659675
1787581312.4788752,-1.2913633939850948e-10,3.255559903027835e-09,0.061330437660217285
1787581312.5319357,-1.2913633939850948e-10,3.255559903027835e-09,0.061268687248229994
1787581312.5796392,-1.2913633939850948e-10,3.255559903027835e-09,0.06126201152801514
1787581312.6291778,-1.2913633939850948e-10,3.255559903027835e-09,0.06113827228546143
1787581312.6809878,-1.2913633939850948e-10,3.255559903027835e-09,0.06112396717071532
1787581312.7455268,-1.2913633939850948e-10,3.255559903027835e-09,0.06113719940185546
1787581312.783404,-1.2913633939850948e-10,3.255559903027835e-09,0.06123149394989014
1787581312.8402946,-1.2913633939850948e-10,3.255559903027835e-09,0.06126153469085693
1787581312.879574,-1.2913633939850948e-10,3.255559903027835e-09,0.06128287315368652
1787581312.9428113,-1.2913633939850948e-10,3.255559903027835e-09,0.06131720542907714
1787581312.979094,-1.2913633939850948e-10,3.255559903027835e-09,0.06115746498107911
1787581313.036932,-1.2913633939850948e-10,3.255559903027835e-09,0.06115746498107911
1787581313.0833511,-1.2913633939850948e-10,3.255559903027835e-09,0.06119847297668458
1787581313.1397896,-1.2913633939850948e-10,3.255559903027835e-09,0.061293125152587905
1787581313.182625,-1.2913633939850948e-10,3.255559903027835e-09,0.06130850315093995
1787581313.2345457,-1.2913633939850948e-10,3.255559903027835e-09,0.061605691909790046
1787581313.282992,-1.2913633939850948e-10,3.255559903027835e-09,0.061665534973144545
1787581313.3377788,-1.2913633939850948e-10,3.255559903027835e-09,0.061612010002136224
1787581313.3877244,-1.2913633939850948e-10,3.255559903027835e-09,0.06152713298797606
1787581313.4344437,-1.2913633939850948e-10,3.255559903027835e-09,0.06155598163604736
1787581313.4802158,-1.2913633939850948e-10,3.255559903027835e-09,0.06158888339996338
1787581313.533614,-1.2913633939850948e-10,3.255559903027835e-09,0.06165671348571777
1787581313.6324918,-1.2913633939850948e-10,3.255559903027835e-09,0.06174635887145997
1787581313.685734,-1.2913633939850948e-10,3.255559903027835e-09,0.06167531013488771
1787581313.7315993,-1.2913633939850948e-10,3.255559903027835e-09,0.061609745025634766
1787581313.7793202,-1.2913633939850948e-10,3.255559903027835e-09,0.06161522865295411
1787581313.8387911,-1.2913633939850948e-10,3.255559903027835e-09,0.06169438362121582
1787581313.8797915,-1.2913633939850948e-10,3.255559903027835e-09,0.061812162399292
1787581313.9324322,-1.2913633939850948e-10,3.255559903027835e-09,0.061822175979614265
1787581313.986696,-1.2913633939850948e-10,3.255559903027835e-09,0.061946988105773926
1787581314.0294456,-1.2913633939850948e-10,3.255559903027835e-09,0.061868548393249526
1787581314.0792348,-1.2913633939850948e-10,3.255559903027835e-09,0.061796545982360854
1787581314.1387138,-1.2913633939850948e-10,3.255559903027835e-09,0.061796545982360854
1787581314.179931,-1.2913633939850948e-10,3.255559903027835e-09,0.06191730499267578
1787581314.2332165,-1.2913633939850948e-10,3.255559903027835e-09,0.06194114685058595
1787581314.285572,-1.2913633939850948e-10,3.255559903027835e-09,0.06199264526367187
1787581314.3306055,-1.2913633939850948e-10,3.255559903027835e-09,0.0620889663696289
1787581314.3792303,-1.2913633939850948e-10,3.255559903027835e-09,0.06227183341979982
1787581314.4333663,-1.2913633939850948e-10,3.255559903027835e-09,0.06227183341979982
1787581314.5581856,-1.2913633939850948e-10,3.255559903027835e-09,0.06217992305755615
1787581314.587177,-1.2913633939850948e-10,3.255559903027835e-09,0.0622304677963257
1787581314.6335003,-1.2913633939850948e-10,3.255559903027835e-09,0.06229889392852783
1787581314.7358024,-1.2913633939850948e-10,3.255559903027835e-09,0.06246078014373781
1787581314.8279405,-1.2913633939850948e-10,3.255559903027835e-09,0.06238234043121338
1787581314.8284657,-1.2913633939850948e-10,3.255559903027835e-09,0.06230866909027099
1787581314.8835225,-1.2913633939850948e-10,3.255559903027835e-09,0.06230866909027099
1787581314.9295485,-1.2913633939850948e-10,3.255559903027835e-09,0.06231689453125
1787581315.0364127,-1.2913633939850948e-10,3.255559903027835e-09,0.06257331371307373
1787581315.1304073,-1.2913633939850948e-10,3.255559903027835e-09,0.06268775463104247
1787581315.183744,-1.2913633939850948e-10,3.255559903027835e-09,0.06257176399230958
1787581315.2328174,-1.2913633939850948e-10,3.255559903027835e-09,0.06249439716339112
1787581315.3374789,-1.2913633939850948e-10,3.255559903027835e-09,0.062348723411560066
1787581315.4325476,-1.2913633939850948e-10,3.255559903027835e-09,0.062479496002197266
1787581315.4832869,-1.2913633939850948e-10,3.255559903027835e-09,0.06244051456451417
1787581315.532378,-1.2913633939850948e-10,3.255559903027835e-09,0.06240189075469971
1787581315.6466823,-1.2913633939850948e-10,3.255559903027835e-09,0.06219077110290527
1787581315.680683,-1.2913633939850948e-10,3.255559903027835e-09,0.062284231185913086
1787581315.7351558,-1.2913633939850948e-10,3.255559903027835e-09,0.06237804889678955
1787581315.788584,-1.2913633939850948e-10,3.255559903027835e-09,0.06272625923156738
1787581315.8353963,-1.2913633939850948e-10,3.255559903027835e-09,0.06272494792938232
1787581315.9457808,-1.2913633939850948e-10,3.255559903027835e-09,0.06255853176116943
1787581316.0312965,-1.2913633939850948e-10,3.255559903027835e-09,0.06259667873382568
1787581316.1324031,-1.2913633939850948e-10,3.255559903027835e-09,0.06277513504028322
1787581316.2353559,-1.2913633939850948e-10,3.255559903027835e-09,0.06294596195220947
1787581316.2803369,-1.2913633939850948e-10,3.255559903027835e-09,0.06286001205444336
1787581316.3303993,-1.2913633939850948e-10,3.255559903027835e-09,0.0628817081451416
1787581316.379477,-1.2913633939850948e-10,3.255559903027835e-09,0.06297147274017333
1787581316.4464893,-1.2913633939850948e-10,3.255559903027835e-09,0.06303977966308594
1787581316.4911187,-1.2913633939850948e-10,3.255559903027835e-09,0.06334447860717773
1787581316.540188,-1.2913633939850948e-10,3.255559903027835e-09,0.06328654289245604
1787581316.5900946,-1.2913633939850948e-10,3.255559903027835e-09,0.06322717666625977
1787581316.67576,-1.2913633939850948e-10,3.255559903027835e-09,0.0632065534591675
1787581316.7758164,-1.2913633939850948e-10,3.255559903027835e-09,0.06326508522033693
1787581316.830166,-1.2913633939850948e-10,3.255559903027835e-09,0.06356275081634521
1787581316.880234,-1.2913633939850948e-10,3.255559903027835e-09,0.06372356414794922
1787581316.9314706,-1.2913633939850948e-10,3.255559903027835e-09,0.06366944313049315
1787581316.9809153,-1.2913633939850948e-10,3.255559903027835e-09,0.06362700462341309
1787581317.0365903,-1.2913633939850948e-10,3.255559903027835e-09,0.06363630294799805
1787581317.0807977,-1.2913633939850948e-10,3.255559903027835e-09,0.06377911567687988
1787581317.1316426,-1.2913633939850948e-10,3.255559903027835e-09,0.06382286548614503
1787581317.1837876,-1.2913633939850948e-10,3.255559903027835e-09,0.06390559673309325
1787581317.231231,-1.2913633939850948e-10,3.255559903027835e-09,0.06394779682159425
1787581317.2843301,-1.2913633939850948e-10,3.255559903027835e-09,0.06384706497192384
1787581317.3386574,-1.2913633939850948e-10,3.255559903027835e-09,0.06380867958068848
1787581317.383359,-1.2913633939850948e-10,3.255559903027835e-09,0.06382393836975098
1787581317.4285216,-1.2913633939850948e-10,3.255559903027835e-09,0.06387126445770261
1787581317.4870641,-1.2913633939850948e-10,3.255559903027835e-09,0.06395828723907471
1787581317.5331695,-1.2913633939850948e-10,3.255559903027835e-09,0.06412863731384279
1787581317.5786283,-1.2913633939850948e-10,3.255559903027835e-09,0.06408202648162842
1787581317.640146,-1.2913633939850948e-10,3.255559903027835e-09,0.06408202648162842
1787581317.6851182,-1.2913633939850948e-10,3.255559903027835e-09,0.06395196914672853
1787581317.7300055,-1.2913633939850948e-10,3.255559903027835e-09,0.06397318840026855
1787581317.788081,-1.2913633939850948e-10,3.255559903027835e-09,0.0640934705734253
1787581317.8761036,-1.2913633939850948e-10,3.255559903027835e-09,0.06407749652862549
1787581317.935698,-1.2913633939850948e-10,3.255559903027835e-09,0.0642749071121216
1787581317.9792988,-1.2913633939850948e-10,3.255559903027835e-09,0.06438887119293212
1787581318.0289636,-1.2913633939850948e-10,3.255559903027835e-09,0.06457841396331788
1787581318.0831172,-1.2913633939850948e-10,3.255559903027835e-09,0.06446707248687743
1787581318.1312,-1.2913633939850948e-10,3.255559903027835e-09,0.0643610954284668
1787581318.2360468,-1.2913633939850948e-10,3.255559903027835e-09,0.06437838077545166
1787581318.3267193,-1.2913633939850948e-10,3.255559903027835e-09,0.06466031074523926
1787581318.3858185,-1.2913633939850948e-10,3.255559903027835e-09,0.06470096111297607
1787581318.4780831,-1.2913633939850948e-10,3.255559903027835e-09,0.06453013420104982
1787581318.5383718,-1.2913633939850948e-10,3.255559903027835e-09,0.06447529792785645
1787581318.6282969,-1.2913633939850948e-10,3.255559903027835e-09,0.06464207172393799
1787581318.6842945,-1.2913633939850948e-10,3.255559903027835e-09,0.06467926502227783
1787581318.7314005,-1.2913633939850948e-10,3.255559903027835e-09,0.06461930274963379
1787581318.837824,-1.2913633939850948e-10,3.255559903027835e-09,0.06445050239562988
1787581318.8782492,-1.2913633939850948e-10,3.255559903027835e-09,0.06458377838134766
1787581318.98758,-1.2913633939850948e-10,3.255559903027835e-09,0.06472468376159668
1787581319.0290418,-1.2913633939850948e-10,3.255559903027835e-09,0.06477963924407959
1787581319.1358647,-1.2913633939850948e-10,3.255559903027835e-09,0.06461024284362793
1787581319.178306,-1.2913633939850948e-10,3.255559903027835e-09,0.06443011760711671
1787581319.285841,-1.2913633939850948e-10,3.255559903027835e-09,0.06430685520172118
1787581319.3286395,-1.2913633939850948e-10,3.255559903027835e-09,0.06435561180114746
1787581319.4423313,-1.2913633939850948e-10,3.255559903027835e-09,0.06463539600372313
1787581319.53175,-1.2913633939850948e-10,3.255559903027835e-09,0.06463265419006349
1787581319.5840454,-1.2913633939850948e-10,3.255559903027835e-09,0.06461429595947267
1787581319.6318052,-1.2913633939850948e-10,3.255559903027835e-09,0.0645698308944702
1787581319.737466,-1.2913633939850948e-10,3.255559903027835e-09,0.06453347206115721
1787581319.8332603,-1.2913633939850948e-10,3.255559903027835e-09,0.06472051143646242
1787581319.8849776,-1.2913633939850948e-10,3.255559903027835e-09,0.06475877761840819
1787581319.9287384,-1.2913633939850948e-10,3.255559903027835e-09,0.06470572948455812
1787581320.0287135,-1.2913633939850948e-10,3.255559903027835e-09,0.06454980373382567
1787581320.127374,-3.007351727401294e-10,5.9173000057340845e-09,0.06438553333282471
1787581320.1819415,-3.007351727401294e-10,5.9173000057340845e-09,0.06449770927429198
1787581320.2290232,-3.007351727401294e-10,5.9173000057340845e-09,0.06469142436981201
1787581320.3515203,-3.007351727401294e-10,5.9173000057340845e-09,0.06454646587371826
1787581320.378627,-3.007351727401294e-10,5.9173000057340845e-09,0.06453287601470949
1787581320.4320238,-3.007351727401294e-10,5.9173000057340845e-09,0.06453287601470949
1787581320.5318632,-3.007351727401294e-10,5.9173000057340845e-09,0.064597487449646
1787581320.5785093,-3.007351727401294e-10,5.9173000057340845e-09,0.06460630893707275
1787581320.637445,-3.007351727401294e-10,5.9173000057340845e-09,0.06453061103820802
1787581320.6783614,-3.007351727401294e-10,5.9173000057340845e-09,0.06450748443603516
1787581320.8311672,-3.007351727401294e-10,5.9173000057340845e-09,0.06445717811584471
1787581320.9384563,-3.007351727401294e-10,5.9173000057340845e-09,0.06464695930480957
1787581320.9790587,-3.007351727401294e-10,5.9173000057340845e-09,0.06463730335235596
1787581321.0305948,-3.007351727401294e-10,5.9173000057340845e-09,0.06459975242614746
1787581321.08706,-3.007351727401294e-10,5.9173000057340845e-09,0.06447875499725342
1787581321.1322665,-3.007351727401294e-10,5.9173000057340845e-09,0.06446254253387451
1787581321.2388723,-3.007351727401294e-10,5.9173000057340845e-09,0.06459295749664307
1787581321.2788017,-3.007351727401294e-10,5.9173000057340845e-09,0.06462204456329348
1787581321.3284698,-3.007351727401294e-10,5.9173000057340845e-09,0.06468069553375243
1787581323.4785535,-3.007351727401294e-10,5.9173000057340845e-09,0.06468558311462402
                                                                                                                                                                                                                                                                                                                                                                                                                                                                                                                                                                                                                                                                                                                                                                                                                                                                                                                                                                                               