time,x_odom,y_odom,yaw_odom
1787206639.748458,0.0,0.0,0.0072453022003173845
1787206639.786543,0.0,0.0,0.0072453022003173845
1787206639.8306055,0.0,0.0,0.00734055042266846
1787206639.8810847,0.0,0.0,0.007616758346557617
1787206639.931954,0.0,0.0,0.007616758346557617
1787206639.981767,0.0,0.0,0.007616758346557617
1787206640.0282583,0.0,0.0,0.0074907541275024405
1787206640.089944,0.0,0.0,0.007283926010131835
1787206640.1351385,0.0,0.0,0.007283926010131835
1787206640.1808677,0.0,0.0,0.007426738739013674
1787206640.2343245,0.0,0.0,0.00755000114440918
1787206640.2861273,0.0,0.0,0.00755000114440918
1787206640.351457,0.0,0.0,0.007743000984191896
1787206640.41076,0.0,0.0,0.007840394973754881
1787206640.4481132,0.0,0.0,0.007815003395080568
1787206640.5019531,0.0,0.0,0.007881402969360352
1787206640.5558233,0.0,0.0,0.007834911346435545
1787206640.6048975,0.0,0.0,0.007714509963989259
1787206640.633445,0.0,0.0,0.007616877555847168
1787206640.6801267,0.0,0.0,0.007569551467895508
1787206640.7352057,0.0,0.0,0.007605433464050294
1787206640.801111,0.0,0.0,0.0077292919158935556
1787206640.8455296,0.0,0.0,0.007780551910400391
1787206640.8824575,0.0,0.0,0.007859587669372559
1787206640.9463894,0.0,0.0,0.007954955101013184
1787206641.013772,0.0,0.0,0.00793707370758057
1787206641.0378664,0.0,0.0,0.007846236228942873
1787206641.1027384,0.0,0.0,0.007767081260681152
1787206641.1468465,0.0,0.0,0.007662177085876463
1787206641.200627,0.0,0.0,0.007720828056335448
1787206641.2475498,0.0,0.0,0.007816672325134277
1787206641.3115513,0.0,0.0,0.007838606834411621
1787206641.3348641,0.0,0.0,0.007998824119567873
1787206641.4027402,0.0,0.0,0.007982492446899414
1787206641.43097,0.0,0.0,0.007938385009765627
1787206641.4807382,0.0,0.0,0.007856488227844238
1787206641.5366263,0.0,0.0,0.007848381996154785
1787206641.6111643,0.0,0.0,0.0078582763671875
1787206641.6517227,0.0,0.0,0.00795900821685791
1787206641.683027,0.0,0.0,0.00803196430206299
1787206641.7482471,0.0,0.0,0.008073568344116213
1787206641.8049088,0.0,0.0,0.008079648017883303
1787206641.846543,0.0,0.0,0.008050799369812012
1787206641.9093537,0.0,0.0,0.008000850677490234
1787206641.9302213,0.0,0.0,0.007939457893371584
1787206641.9998171,0.0,0.0,0.007912516593933104
1787206642.0622926,0.0,0.0,0.007963538169860842
1787206642.081322,0.0,0.0,0.007930755615234377
1787206642.1511405,0.0,0.0,0.007895708084106445
1787206642.1800182,0.0,0.0,0.007930994033813475
1787206642.247654,0.0,0.0,0.008117556571960447
1787206642.3013468,0.0,0.0,0.008210182189941408
1787206642.3581016,0.0,0.0,0.00835597515106201
1787206642.3802788,0.0,0.0,0.008258819580078127
1787206642.451585,0.0,0.0,0.00810849666595459
1787206642.4814603,0.0,0.0,0.0079880952835083
1787206642.5498052,0.0,0.0,0.007723212242126464
1787206642.6110518,0.0,0.0,0.007880687713623045
1787206642.6576293,0.0,0.0,0.008034229278564451
1787206642.6993315,0.0,0.0,0.008151888847351074
1787206642.7498717,0.0,0.0,0.008218646049499512
1787206642.8133507,0.0,0.0,0.008237361907958984
1787206642.8510091,0.0,0.0,0.008101701736450195
1787206642.900526,0.0,0.0,0.007992982864379885
1787206642.935572,0.0,0.0,0.007771134376525879
1787206642.9813557,0.0,0.0,0.007783532142639161
1787206643.0488842,0.0,0.0,0.00791656970977783
1787206643.079193,0.0,0.0,0.008073329925537111
1787206643.1533778,0.0,0.0,0.008323073387145996
1787206643.1848042,0.0,0.0,0.008352041244506838
1787206643.2461581,0.0,0.0,0.008405089378356935
1787206643.305222,0.0,0.0,0.008349061012268065
1787206643.3508856,0.0,0.0,0.008131384849548342
1787206643.4167266,0.0,0.0,0.008017539978027345
1787206643.4363348,0.0,0.0,0.008046507835388184
1787206643.4798791,0.0,0.0,0.008196234703063963
1787206643.5502295,0.0,0.0,0.008320927619934084
1787206643.5990226,0.0,0.0,0.00844419002532959
1787206643.6519501,0.0,0.0,0.008432745933532713
1787206643.7084503,0.0,0.0,0.008391022682189943
1787206643.754097,0.0,0.0,0.008236765861511229
1787206643.7975612,0.0,0.0,0.008202075958251951
1787206643.847967,0.0,0.0,0.008001804351806642
1787206643.9034164,0.0,0.0,0.007881999015808107
1787206643.9524982,0.0,0.0,0.008094429969787596
1787206643.9988189,0.0,0.0,0.008347153663635252
1787206644.0544162,0.0,0.0,0.008492588996887209
1787206644.099068,0.0,0.0,0.008462429046630861
1787206644.1495802,0.0,0.0,0.00841224193572998
1787206644.2067938,0.0,0.0,0.008301019668579102
1787206644.2568517,0.0,0.0,0.008260846138000488
1787206644.3012614,0.0,0.0,0.008237838745117188
1787206644.358713,0.0,0.0,0.008338570594787598
1787206644.4077086,0.0,0.0,0.008512616157531737
1787206644.4317157,0.0,0.0,0.008605241775512695
1787206644.5152273,0.0,0.0,0.0086442232131958
1787206644.5394037,0.0,0.0,0.008525490760803223
1787206644.6040077,0.0,0.0,0.008450150489807129
1787206644.6403267,0.0,0.0,0.008423805236816406
1787206644.7050261,0.0,0.0,0.008241295814514162
1787206644.738819,0.0,0.0,0.00829160213470459
1787206644.8120375,0.0,0.0,0.008369088172912598
1787206644.8401802,0.0,0.0,0.00851130485534668
1787206644.910987,0.0,0.0,0.008551478385925293
1787206644.9619164,0.0,0.0,0.008534550666809082
1787206645.005286,0.0,0.0,0.008507132530212404
1787206645.0530496,0.0,0.0,0.008443355560302736
1787206645.113674,0.0,0.0,0.008341431617736816
1787206645.1546774,0.0,0.0,0.008230447769165037
1787206645.2151184,0.0,0.0,0.008310675621032715
1787206645.2671368,0.0,0.0,0.008429646492004395
1787206645.3134844,0.0,0.0,0.008490562438964844
1787206645.36291,0.0,0.0,0.00850069522857666
1787206645.3802648,0.0,0.0,0.008529663085937503
1787206645.4481785,0.0,0.0,0.008475661277770996
1787206645.5026743,0.0,0.0,0.008399128913879396
1787206645.5568426,0.0,0.0,0.008352994918823242
1787206645.6065452,0.0,0.0,0.008182883262634277
1787206645.6549995,0.0,0.0,0.00813436508178711
1787206645.7156475,0.0,0.0,0.008116364479064941
1787206645.7335129,0.0,0.0,0.008203387260437012
1787206645.7943888,0.0,0.0,0.008221030235290527
1787206645.8287892,0.0,0.0,0.008338570594787598
1787206645.8806827,0.0,0.0,0.00838947296142578
1787206645.9504428,0.0,0.0,0.008396029472351074
1787206646.0120451,0.0,0.0,0.008406877517700194
1787206646.0592096,0.0,0.0,0.00833737850189209
1787206646.110398,0.0,0.0,0.008295059204101562
1787206646.156397,0.0,0.0,0.008243203163146973
1787206646.2037027,0.0,0.0,0.008213400840759279
1787206646.257533,0.0,0.0,0.008325815200805664
1787206646.400497,0.0,0.0,0.008348345756530763
1787206646.526137,0.0,0.0,0.008518457412719727
1787206646.7102406,0.0,0.0,0.008376717567443848
1787206646.756315,0.0,0.0,0.00831878185272217
1787206646.784726,0.0,0.0,0.008488059043884279
1787206646.975261,0.0,0.0,0.008488059043884279
1787206646.9854882,0.0,0.0,0.00848245620727539
1787206647.1279652,0.0,0.0,0.00848245620727539
1787206647.1289387,0.0,0.0,0.008390545845031738
1787206647.181702,0.0,0.0,0.008299231529235842
1787206647.3443556,0.0,0.0,0.008299231529235842
1787206647.5350583,0.0,0.0,0.008740782737731934
1787206647.71266,0.0,0.0,0.008620262145996094
1787206647.8356085,0.0,0.0,0.008485317230224613
1787206647.961119,0.0,0.0,0.008746623992919922
1787206648.0011585,0.0,0.0,0.008722186088562015
1787206648.1716485,0.0,0.0,0.00873863697052002
1787206648.189026,0.0,0.0,0.008613109588623047
1787206648.2847285,0.0,0.0,0.008613109588623047
1787206648.3308837,0.0,0.0,0.008878946304321289
1787206648.3782063,0.0,0.0,0.009072184562683104
1787206648.434309,0.0,0.0,0.009081482887268066
1787206648.51144,0.0,0.0,0.008975863456726074
1787206648.529176,0.0,0.0,0.008917808532714845
1787206648.6013858,0.0,0.0,0.008872151374816896
1787206648.6539378,0.0,0.0,0.008864998817443848
1787206648.7143607,0.0,0.0,0.008824586868286131
1787206648.729339,0.0,0.0,0.00894200801849365
1787206648.8090472,0.0,0.0,0.0090256929397583
1787206648.860523,0.0,0.0,0.009093403816223145
1787206648.9027736,0.0,0.0,0.00918424129486084
1787206648.9482746,0.0,0.0,0.009186148643493652
1787206649.0100896,0.0,0.0,0.009076476097106934
1787206649.0489948,0.0,0.0,0.009058713912963869
1787206649.1252801,0.0,0.0,0.009013772010803224
1787206649.1569612,0.0,0.0,0.008985400199890137
1787206649.2034144,0.0,0.0,0.009085655212402345
1787206649.2590222,0.0,0.0,0.009190917015075687
1787206649.314947,0.0,0.0,0.009226679801940918
1787206649.3474228,0.0,0.0,0.009168505668640137
1787206649.4069147,0.0,0.0,0.009130239486694338
1787206649.455021,0.0,0.0,0.00910961627960205
1787206649.50883,0.0,0.0,0.008916616439819336
1787206649.5516129,0.0,0.0,0.0088268518447876
1787206649.6130204,0.0,0.0,0.008872747421264648
1787206649.6520622,0.0,0.0,0.009003043174743654
1787206649.7043123,0.0,0.0,0.009027719497680664
1787206649.754884,0.0,0.0,0.00906682014465332
1787206649.8052208,0.0,0.0,0.009114503860473633
1787206649.8513997,0.0,0.0,0.009168744087219237
1787206649.9089608,0.0,0.0,0.009086966514587404
1787206649.9500651,0.0,0.0,0.008961915969848633
1787206650.0035136,0.0,0.0,0.00892770290374756
1787206650.045336,0.0,0.0,0.00883948802947998
1787206650.1029384,0.0,0.0,0.00889909267425537
1787206650.151179,0.0,0.0,0.008949398994445803
1787206650.2081382,0.0,0.0,0.00906836986541748
1787206650.2496414,0.0,0.0,0.009287238121032715
1787206650.3128238,0.0,0.0,0.009366154670715332
1787206650.3567553,0.0,0.0,0.009350776672363283
1787206650.3998833,0.0,0.0,0.009360194206237791
1787206650.455124,0.0,0.0,0.00926661491394043
1787206650.5083606,0.0,0.0,0.009198546409606934
1787206650.5534754,0.0,0.0,0.00910818576812744
1787206650.6103876,0.0,0.0,0.009124517440795898
1787206650.631797,0.0,0.0,0.009303450584411623
1787206650.7036192,0.0,0.0,0.009342670440673828
1787206650.7607124,0.0,0.0,0.009379029273986816
1787206650.7850614,0.0,0.0,0.00944972038269043
1787206650.8510244,0.0,0.0,0.009447693824768066
1787206650.8875837,0.0,0.0,0.009425282478332521
1787206650.9507682,0.0,0.0,0.009380698204040527
1787206650.9986367,0.0,0.0,0.00937831401824951
1787206651.0668826,0.0,0.0,0.0093308687210083
1787206651.100393,0.0,0.0,0.009227752685546873
1787206651.1555882,0.0,0.0,0.009351134300231935
1787206651.2107613,0.0,0.0,0.009455561637878418
1787206651.252582,0.0,0.0,0.009563088417053223
1787206651.3018322,0.0,0.0,0.009550929069519045
1787206651.3561144,0.0,0.0,0.00958240032196045
1787206651.4019196,0.0,0.0,0.009638071060180664
1787206651.4501328,0.0,0.0,0.009505748748779297
1787206651.5045404,0.0,0.0,0.009457826614379885
1787206651.5521529,0.0,0.0,0.009368538856506346
1787206651.61112,0.0,0.0,0.00933098793029785
1787206651.6548417,0.0,0.0,0.00928330421447754
1787206651.705706,0.0,0.0,0.009291291236877441
1787206651.764188,0.0,0.0,0.009328842163085936
1787206651.803396,0.0,0.0,0.009465098381042482
1787206651.8555622,0.0,0.0,0.00955080986022949
1787206651.9146369,0.0,0.0,0.009541511535644531
1787206651.9563737,0.0,0.0,0.009482502937316896
1787206652.001178,0.0,0.0,0.009397149085998535
1787206652.0501046,0.0,0.0,0.009360194206237791
1787206652.1080565,0.0,0.0,0.009363532066345215
1787206652.150755,0.0,0.0,0.009424328804016115
1787206652.209978,0.0,0.0,0.009527921676635744
1787206652.2559729,0.0,0.0,0.0095897912979126
1787206652.2996106,0.0,0.0,0.009685158729553224
1787206652.3560154,0.0,0.0,0.009698748588562013
1787206652.4109614,0.0,0.0,0.009579300880432129
1787206652.4296858,0.0,0.0,0.009531736373901369
1787206652.4935732,0.0,0.0,0.00939047336578369
1787206652.5314255,0.0,0.0,0.009442448616027832
1787206652.6044548,0.0,0.0,0.009599089622497557
1787206652.6297543,0.0,0.0,0.009654879570007324
1787206652.7094662,0.0,0.0,0.009712815284729006
1787206652.7309403,0.0,0.0,0.009825348854064941
1787206652.8011897,0.0,0.0,0.009837150573730467
1787206652.8431,0.0,0.0,0.009746193885803223
1787206652.882106,0.0,0.0,0.009629249572753908
1787206652.9288843,0.0,0.0,0.009616374969482422
1787206653.0096939,0.0,0.0,0.009667277336120605
1787206653.037684,0.0,0.0,0.009852766990661621
1787206653.102763,0.0,0.0,0.009867310523986816
1787206653.1339364,0.0,0.0,0.009883761405944824
1787206653.2035007,0.0,0.0,0.009885907173156738
1787206653.2471664,0.0,0.0,0.009861588478088379
1787206653.3121524,0.0,0.0,0.009781718254089357
1787206653.3476577,0.0,0.0,0.00972414016723633
1787206653.4057167,0.0,0.0,0.0096968412399292
1787206653.4572282,0.0,0.0,0.009805917739868166
1787206653.5074644,0.0,0.0,0.009916901588439943
1787206653.549117,0.0,0.0,0.009967684745788576
1787206653.609022,0.0,0.0,0.010050415992736816
1787206653.6492882,0.0,0.0,0.010084867477416992
1787206653.703669,0.0,0.0,0.010046362876892092
1787206653.7638612,0.0,0.0,0.009971499443054201
1787206653.7852802,0.0,0.0,0.00991213321685791
1787206653.8506632,0.0,0.0,0.009937167167663576
1787206653.914716,0.0,0.0,0.010053157806396484
1787206653.9615395,0.0,0.0,0.010154247283935545
1787206654.0036318,0.0,0.0,0.01017165184020996
1787206654.0563033,0.0,0.0,0.010140180587768555
1787206654.1079705,0.0,0.0,0.010128140449523926
1787206654.1582496,0.0,0.0,0.010013103485107422
1787206654.2124255,0.0,0.0,0.00990569591522217
1787206654.253705,0.0,0.0,0.009850382804870607
1787206654.5150218,0.0,0.0,0.009894251823425293
1787206654.6545992,0.0,0.0,0.010260939598083496
1787206654.8097768,0.0,0.0,0.010172009468078615
1787206654.9241326,0.0,0.0,0.0103226900100708
1787206654.968358,0.0,0.0,0.010465264320373535
1787206654.9813547,0.0,0.0,0.010490536689758303
1787206655.2261257,0.0,0.0,0.01038491725921631
1787206655.2311797,0.0,0.0,0.010376572608947754
1787206655.4398263,0.0,0.0,0.010376572608947754
1787206655.4859776,0.0,0.0,0.010452866554260254
1787206655.6825635,0.0,0.0,0.010452866554260254
1787206655.856902,0.0,0.0,0.010233163833618166
1787206656.0658715,0.0,0.0,0.010422825813293457
1787206656.1330097,0.0,0.0,0.010321974754333496
1787206656.3013756,0.0,0.0,0.010228991508483888
1787206656.3394816,0.0,0.0,0.010371565818786621
1787206656.4120452,0.0,0.0,0.01037299633026123
1787206656.4429305,0.0,0.0,0.010392308235168457
1787206656.5092278,0.0,0.0,0.01031041145324707
1787206656.5309622,0.0,0.0,0.010227441787719728
1787206656.6183593,0.0,0.0,0.01001441478729248
1787206656.6347363,0.0,0.0,0.009962677955627443
1787206656.7070522,0.0,0.0,0.009990692138671877
1787206656.7634308,0.0,0.0,0.010058164596557619
1787206656.8068526,0.0,0.0,0.010214924812316895
1787206656.8301067,0.0,0.0,0.010300278663635256
1787206656.9117768,0.0,0.0,0.010395884513854979
1787206656.9362829,0.0,0.0,0.01042163372039795
1787206657.0043948,0.0,0.0,0.010327577590942383
1787206657.0642104,0.0,0.0,0.010338068008422852
1787206657.10908,0.0,0.0,0.010283470153808595
1787206657.1555834,0.0,0.0,0.010236024856567385
1787206657.2194934,0.0,0.0,0.010324597358703615
1787206657.2523522,0.0,0.0,0.010483026504516602
1787206657.3137288,0.0,0.0,0.010524392127990724
1787206657.35834,0.0,0.0,0.01074254512786865
1787206657.402467,0.0,0.0,0.010904908180236818
1787206657.4610708,0.0,0.0,0.01094675064086914
1787206657.5175397,0.0,0.0,0.010951757431030275
1787206657.5304542,0.0,0.0,0.010969042778015137
1787206657.6085882,0.0,0.0,0.010775446891784671
1787206657.654822,0.0,0.0,0.010766029357910156
1787206657.7041168,0.0,0.0,0.010652422904968262
1787206657.7476315,0.0,0.0,0.010790228843688965
1787206657.7978642,0.0,0.0,0.010925889015197754
1787206657.8362002,0.0,0.0,0.011120080947875977
1787206657.9054508,0.0,0.0,0.011279106140136719
1787206657.9561067,0.0,0.0,0.011346101760864258
1787206658.004045,0.0,0.0,0.011310577392578125
1787206658.0504494,0.0,0.0,0.011231780052185059
1787206658.1150093,0.0,0.0,0.011160135269165039
1787206658.1607995,0.0,0.0,0.010886311531066895
1787206658.2134774,0.0,0.0,0.011047601699829102
1787206658.2581003,0.0,0.0,0.011137604713439941
1787206658.4553328,0.0,0.0,0.0112912654876709
1787206658.660292,0.0,0.0,0.011276721954345703
1787206658.7828724,0.0,0.0,0.011383056640625002
1787206659.0214486,0.0,0.0,0.011935591697692875
1787206659.0296268,0.0,0.0,0.01182866096496582
1787206659.224648,0.0,0.0,0.01182866096496582
1787206659.2324116,0.0,0.0,0.012244701385498049
1787206659.3598053,0.0,0.0,0.012244701385498049
1787206659.3873167,0.0,0.0,0.01247859001159668
1787206659.5847218,0.0,0.0,0.01247859001159668
1787206659.7593393,0.0,0.0,0.012176871299743656
1787206659.958797,0.0,0.0,0.012348055839538574
1787206659.991504,0.0,0.0,0.012437820434570314
1787206660.248445,0.0,0.0,0.012375712394714355
1787206660.2812939,0.0,0.0,0.012599587440490726
1787206660.3601677,0.0,0.0,0.01274096965789795
1787206660.404642,0.0,0.0,0.0127105712890625
1787206660.4570706,0.0,0.0,0.0126338005065918
1787206660.5135498,0.0,0.0,0.01257896423339844
1787206660.5337083,0.0,0.0,0.012400388717651369
1787206660.6066804,0.0,0.0,0.012353301048278814
1787206660.659061,0.0,0.0,0.01239311695098877
1787206660.7091427,0.0,0.0,0.012555718421936032
1787206660.753718,0.0,0.0,0.012564539909362791
1787206660.8080904,0.0,0.0,0.012642145156860352
1787206660.8540044,0.0,0.0,0.012669205665588379
1787206660.9185648,0.0,0.0,0.012670874595642086
1787206660.9601936,0.0,0.0,0.01257753372192383
1787206661.0073903,0.0,0.0,0.012515902519226074
1787206661.0604048,0.0,0.0,0.012455582618713382
1787206661.1081426,0.0,0.0,0.012402057647705078
1787206661.1545303,0.0,0.0,0.012472748756408691
1787206661.2162,0.0,0.0,0.012364983558654782
1787206661.2560031,0.0,0.0,0.012396097183227537
1787206661.2805076,0.0,0.0,0.012468099594116213
1787206661.3583317,0.0,0.0,0.012619614601135254
1787206661.4057336,0.0,0.0,0.012682318687438965
1787206661.4500349,0.0,0.0,0.012777924537658693
1787206661.5142221,0.0,0.0,0.01276886463165283
1787206661.5464518,0.0,0.0,0.012746810913085936
1787206661.6053808,0.0,0.0,0.012711644172668459
1787206661.6291738,0.0,0.0,0.01267731189727783
1787206661.6843657,0.0,0.0,0.012585759162902829
1787206661.7491443,0.0,0.0,0.012631058692932129
1787206661.812508,0.0,0.0,0.012738704681396481
1787206661.8497512,0.0,0.0,0.012807726860046388
1787206661.9114144,0.0,0.0,0.012900710105896
1787206661.9589338,0.0,0.0,0.012997865676879883
1787206662.011102,0.0,0.0,0.012950062751770023
1787206662.0288591,0.0,0.0,0.012906432151794432
1787206662.1135411,0.0,0.0,0.012848496437072754
1787206662.1567202,0.0,0.0,0.012827515602111813
1787206662.2056017,0.0,0.0,0.01291036605834961
1787206662.259612,0.0,0.0,0.013009428977966309
1787206662.397891,0.0,0.0,0.013067603111267093
1787206662.5003138,0.0,0.0,0.01308143138885498
1787206662.5894115,0.0,0.0,0.012951493263244629
1787206662.6327484,0.0,0.0,0.012876033782958986
1787206662.6821423,0.0,0.0,0.012976765632629398
1787206662.915519,0.0,0.0,0.012976765632629398
1787206662.936662,0.0,0.0,0.013211369514465337
1787206663.1180751,0.0,0.0,0.013211369514465337
1787206663.1299903,0.0,0.0,0.013089656829833986
1787206663.3560998,0.0,0.0,0.013244509696960453
1787206663.380272,0.0,0.0,0.013650059700012207
1787206663.5832064,0.0,0.0,0.013650059700012207
1787206663.7571516,0.0,0.0,0.013309955596923825
1787206663.7827902,0.0,0.0,0.0130617618560791
1787206663.844657,0.0,0.0,0.013106942176818848
1787206664.0519981,0.0,0.0,0.013274431228637695
1787206664.0836387,0.0,0.0,0.013464927673339845
1787206664.2905467,0.0,0.0,0.013464927673339845
1787206664.3404655,0.0,0.0,0.013388276100158691
1787206664.4040167,0.0,0.0,0.013421058654785156
1787206664.4617064,0.0,0.0,0.013525724411010742
1787206664.5091271,0.0,0.0,0.013580203056335451
1787206664.5553718,0.0,0.0,0.013621807098388672
1787206664.6145847,0.0,0.0,0.013617396354675296
1787206664.655268,0.0,0.0,0.013602614402770996
1787206664.7053986,0.0,0.0,0.013531088829040527
1787206664.7626798,0.0,0.0,0.01352059841156006
1787206664.8093135,0.0,0.0,0.013462185859680176
1787206664.8551912,0.0,0.0,0.013512730598449709
1787206664.9148574,0.0,0.0,0.013618707656860352
1787206664.9596007,0.0,0.0,0.01370835304260254
1787206665.0064247,0.0,0.0,0.013739228248596195
1787206665.0515654,0.0,0.0,0.013743758201599125
1787206665.0831149,0.0,0.0,0.013640046119689941
1787206665.146235,0.0,0.0,0.013622879981994632
1787206665.2164018,0.0,0.0,0.013545632362365723
1787206665.2346742,0.0,0.0,0.013537764549255371
1787206665.312069,0.0,0.0,0.013576388359069824
1787206665.3642435,0.0,0.0,0.013727545738220217
1787206665.4146378,0.0,0.0,0.013804793357849121
1787206665.4497697,0.0,0.0,0.013825178146362303
1787206665.5166285,0.0,0.0,0.013785481452941893
1787206665.5304258,0.0,0.0,0.01369118690490723
1787206665.6063147,0.0,0.0,0.013609290122985838
1787206665.6501615,0.0,0.0,0.013592720031738281
1787206665.7130227,0.0,0.0,0.013628363609313965
1787206665.7502713,0.0,0.0,0.013752579689025879
1787206665.8180892,0.0,0.0,0.013773322105407717
1787206665.8544364,0.0,0.0,0.013884902000427246
1787206665.9073718,0.0,0.0,0.013906598091125488
1787206665.9711707,0.0,0.0,0.013887763023376468
1787206666.0119321,0.0,0.0,0.01384758949279785
1787206666.0605974,0.0,0.0,0.013790488243103027
1787206666.1160402,0.0,0.0,0.013710737228393555
1787206666.1542246,0.0,0.0,0.013564229011535646
1787206666.2078147,0.0,0.0,0.013605713844299316
1787206666.26065,0.0,0.0,0.013635396957397461
1787206666.3879056,0.0,0.0,0.01378738880157471
1787206666.5965176,0.0,0.0,0.013838887214660643
1787206666.633823,0.0,0.0,0.013731837272644046
1787206666.8028247,0.0,0.0,0.013731837272644046
1787206666.8289468,0.0,0.0,0.013594031333923338
1787206666.9116175,0.0,0.0,0.013594031333923338
1787206666.9294684,0.0,0.0,0.0139312744140625
1787206667.0093112,0.0,0.0,0.01394903659820557
1787206667.2110097,0.0,0.0,0.01394903659820557
1787206667.415797,0.0,0.0,0.013763785362243652
1787206667.5115657,0.0,0.0,0.014025211334228516
1787206667.5359406,0.0,0.0,0.014235138893127443
1787206667.7230737,0.0,0.0,0.014235138893127443
1787206667.737375,0.0,0.0,0.014084577560424803
1787206667.9283826,0.0,0.0,0.014084577560424803
1787206668.0397851,0.0,0.0,0.014287352561950682
1787206668.2530632,0.0,0.0,0.014431118965148926
1787206668.3075953,0.0,0.0,0.014253735542297362
1787206668.3577178,0.0,0.0,0.014283657073974613
1787206668.4147315,0.0,0.0,0.01432955265045166
1787206668.4603727,0.0,0.0,0.014526605606079103
1787206668.5066922,0.0,0.0,0.014561295509338382
1787206668.5657182,0.0,0.0,0.0145496129989624
1787206668.6054614,0.0,0.0,0.014729261398315431
1787206668.6553102,0.0,0.0,0.014749884605407715
1787206668.7143059,0.0,0.0,0.01467287540435791
1787206668.7564142,0.0,0.0,0.014609694480895993
1787206668.8045428,0.0,0.0,0.014397382736206055
1787206668.829643,0.0,0.0,0.01438415050506592
1787206668.908554,0.0,0.0,0.01454412937164307
1787206668.934685,0.0,0.0,0.014573454856872562
1787206669.0142574,0.0,0.0,0.01467406749725342
1787206669.0314524,0.0,0.0,0.014666318893432619
1787206669.106856,0.0,0.0,0.014767765998840334
1787206669.1373794,0.0,0.0,0.014758944511413578
1787206669.206864,0.0,0.0,0.014665603637695316
1787206669.2396853,0.0,0.0,0.014614224433898924
1787206669.3128011,0.0,0.0,0.01455676555633545
1787206669.334619,0.0,0.0,0.014546632766723636
1787206669.4168713,0.0,0.0,0.014327049255371094
1787206669.4382463,0.0,0.0,0.014479517936706543
1787206669.5075734,0.0,0.0,0.014605283737182617
1787206669.5460413,0.0,0.0,0.01466822624206543
1787206669.6110213,0.0,0.0,0.01473617553710938
1787206669.6511533,0.0,0.0,0.014811873435974121
1787206669.715174,0.0,0.0,0.014782190322875978
1787206669.7559142,0.0,0.0,0.014725804328918457
1787206669.8073168,0.0,0.0,0.014697909355163574
1787206669.859908,0.0,0.0,0.01463878154754639
1787206669.9116998,0.0,0.0,0.01458454132080078
1787206669.9515429,0.0,0.0,0.014629244804382322
1787206670.0137227,0.0,0.0,0.014743924140930176
1787206670.0449193,0.0,0.0,0.014873743057250975
1787206670.1042867,0.0,0.0,0.014899849891662596
1787206670.159668,0.0,0.0,0.014914870262145996
1787206670.2061439,0.0,0.0,0.014937400817871092
1787206670.2598274,0.0,0.0,0.014897584915161135
1787206670.4909265,0.0,0.0,0.014839172363281248
1787206670.5284832,0.0,0.0,0.014901518821716309
1787206670.6399877,0.0,0.0,0.014901518821716309
1787206670.6893008,0.0,0.0,0.01503455638885498
1787206670.7968786,0.0,0.0,0.01503455638885498
1787206671.029594,0.0,0.0,0.014934897422790529
1787206671.2809484,0.0,0.0,0.01464629173278809
1787206671.3330214,0.0,0.0,0.014870524406433104
1787206671.5118132,0.0,0.0,0.014870524406433104
1787206671.5294576,0.0,0.0,0.014918684959411621
1787206671.719205,0.0,0.0,0.014918684959411621
1787206671.7323446,0.0,0.0,0.015080928802490238
1787206671.9275756,0.0,0.0,0.015080928802490238
1787206671.9282727,0.0,0.0,0.015033841133117678
1787206672.1339538,0.0,0.0,0.01480090618133545
1787206672.2905552,0.0,0.0,0.014913201332092289
1787206672.362661,0.0,0.0,0.014940381050109863
1787206672.4051075,0.0,0.0,0.01488125324249268
1787206672.4651623,0.0,0.0,0.014804840087890627
1787206672.5082796,0.0,0.0,0.014729142189025884
1787206672.5367453,0.0,0.0,0.014721870422363281
1787206672.617289,0.0,0.0,0.014788031578063965
1787206672.6573515,0.0,0.0,0.014872431755065921
1787206672.7063327,0.0,0.0,0.014923453330993654
1787206672.7684336,0.0,0.0,0.014949202537536625
1787206672.8046155,0.0,0.0,0.014944076538085941
1787206672.8287868,0.0,0.0,0.014946460723876953
1787206672.913647,0.0,0.0,0.014882445335388185
1787206672.9315982,0.0,0.0,0.014783143997192383
1787206673.0192986,0.0,0.0,0.014568090438842773
1787206673.0621493,0.0,0.0,0.014521956443786623
1787206673.116515,0.0,0.0,0.014575362205505375
1787206673.1285276,0.0,0.0,0.014713048934936529
1787206673.213474,0.0,0.0,0.014849185943603516
1787206673.2543502,0.0,0.0,0.015058875083923342
1787206673.3208804,0.0,0.0,0.015097856521606445
1787206673.360089,0.0,0.0,0.015076994895935059
1787206673.4125204,0.0,0.0,0.01500654220581055
1787206673.46927,0.0,0.0,0.014977216720581056
1787206673.511303,0.0,0.0,0.014917969703674316
1787206673.5547557,0.0,0.0,0.014927029609680178
1787206673.6184537,0.0,0.0,0.014876365661621092
1787206673.6581295,0.0,0.0,0.014879345893859863
1787206673.7098966,0.0,0.0,0.014960885047912598
1787206673.7653103,0.0,0.0,0.015114426612854006
1787206673.784647,0.0,0.0,0.01531648635864258
1787206673.851532,0.0,0.0,0.01534140110015869
1787206673.9159944,0.0,0.0,0.015373826026916506
1787206673.9608657,0.0,0.0,0.015312314033508303
1787206674.0073795,0.0,0.0,0.01527988910675049
1787206674.0307064,0.0,0.0,0.015205621719360352
1787206674.1089005,0.0,0.0,0.015140771865844728
1787206674.157239,0.0,0.0,0.015084385871887207
1787206674.2163758,0.0,0.0,0.015238642692565918
1787206674.2297404,0.0,0.0,0.015426278114318848
1787206674.489039,0.0,0.0,0.015451312065124512
1787206674.5284474,0.0,0.0,0.015332221984863281
1787206674.7091007,0.0,0.0,0.015332221984863281
1787206674.8942685,0.0,0.0,0.01530253887176514
1787206675.0057251,0.0,0.0,0.015671253204345703
1787206675.0307438,0.0,0.0,0.015514135360717773
1787206675.2204978,0.0,0.0,0.015514135360717773
1787206675.2290027,0.0,0.0,0.015565514564514164
1787206675.2806969,0.0,0.0,0.015563130378723146
1787206675.5055895,0.0,0.0,0.015563130378723146
1787206675.5343697,0.0,0.0,0.015647292137146
1787206675.7177057,0.0,0.0,0.01556050777435303
1787206675.9319909,0.0,0.0,0.015328288078308109
1787206676.056898,0.0,0.0,0.01558661460876465
1787206676.0838852,0.0,0.0,0.0153045654296875
1787206676.1352487,0.0,0.0,0.0153045654296875
1787206676.1816926,0.0,0.0,0.0153045654296875
1787206676.2293062,0.0,0.0,0.0153045654296875
1787206676.2787325,0.0,0.0,0.0153045654296875
1787206676.3296824,0.0,0.0,0.01575624942779541
1787206676.378528,0.0,0.0,0.015726089477539066
1787206676.43013,0.0,0.0,0.015558958053588867
1787206676.4829402,0.0,0.0,0.015535593032836918
1787206676.529059,0.0,0.0,0.015494227409362795
1787206676.5828207,0.0,0.0,0.015363812446594238
1787206676.6294272,0.0,0.0,0.01553583145141602
1787206676.6787338,0.0,0.0,0.015639781951904297
1787206676.73085,0.0,0.0,0.015666604042053226
1787206676.7795055,0.0,0.0,0.015691637992858883
1787206676.8372204,0.0,0.0,0.015691637992858883
1787206676.8840063,0.0,0.0,0.015600681304931642
1787206676.929865,0.0,0.0,0.015568614006042482
1787206676.9829082,0.0,0.0,0.015358090400695804
1787206677.0347142,0.0,0.0,0.015410542488098143
1787206677.0824528,0.0,0.0,0.015490412712097168
1787206677.128904,0.0,0.0,0.015522122383117681
1787206677.1815772,0.0,0.0,0.015567779541015625
1787206677.2337267,0.0,0.0,0.015655040740966793
1787206677.2787354,0.0,0.0,0.015582203865051271
1787206677.333,0.0,0.0,0.015571475028991703
1787206677.3793077,0.0,0.0,0.015423417091369625
1787206677.4293087,0.0,0.0,0.015420794486999512
1787206677.4790115,0.0,0.0,0.015517830848693846
1787206677.532121,0.0,0.0,0.015666961669921875
1787206677.580409,0.0,0.0,0.015706539154052738
1787206677.6295202,0.0,0.0,0.015711307525634766
1787206677.6801717,0.0,0.0,0.015680789947509766
1787206677.7304888,0.0,0.0,0.015735864639282227
1787206677.7812057,0.0,0.0,0.015836000442504883
1787206677.8287334,0.0,0.0,0.015761017799377445
1787206677.8790777,0.0,0.0,0.01568913459777832
1787206677.929691,0.0,0.0,0.015779733657836914
1787206677.9803407,0.0,0.0,0.015798449516296387
1787206678.0331593,0.0,0.0,0.015998840332031253
1787206678.0806353,0.0,0.0,0.016089320182800293
1787206678.132799,0.0,0.0,0.016153454780578613
1787206678.1815915,0.0,0.0,0.01631271839141846
1787206678.2291768,0.0,0.0,0.01643812656402588
1787206678.279325,0.0,0.0,0.016409039497375492
1787206678.3289797,0.0,0.0,0.016409039497375492
1787206678.3792562,0.0,0.0,0.016409039497375492
1787206678.4287753,0.0,0.0,0.016409039497375492
1787206678.478317,0.0,0.0,0.01637578010559082
1787206678.530095,0.0,0.0,0.01640784740447998
1787206678.5813131,0.0,0.0,0.01640784740447998
1787206678.6327274,0.0,0.0,0.01640784740447998
1787206678.6808856,0.0,0.0,0.01640784740447998
1787206678.733041,0.0,0.0,0.01659941673278809
1787206678.7797492,0.0,0.0,0.01659941673278809
1787206678.828608,0.0,0.0,0.016449332237243652
1787206678.8788896,0.0,0.0,0.016449332237243652
1787206678.9300659,0.0,0.0,0.016449332237243652
1787206678.9793696,0.0,0.0,0.016449332237243652
1787206679.0286903,0.0,0.0,0.0165179967880249
1787206679.0795429,0.0,0.0,0.0165179967880249
1787206679.1287668,0.0,0.0,0.0165179967880249
1787206679.1807096,0.0,0.0,0.0165179967880249
1787206679.2385228,0.0,0.0,0.01684558391571045
1787206679.2787137,0.0,0.0,0.01684558391571045
1787206679.3326924,0.0,0.0,0.01684558391571045
1787206679.3792996,0.0,0.0,0.01684558391571045
1787206679.4285872,0.0,0.0,0.01684558391571045
1787206679.4789906,0.0,0.0,0.01684558391571045
1787206679.5301325,0.0,0.0,0.01664948463439941
1787206679.580206,0.0,0.0,0.01664948463439941
1787206679.6389492,0.0,0.0,0.01668846607208252
1787206679.6816225,0.0,0.0,0.01668846607208252
1787206679.7291944,0.0,0.0,0.01668846607208252
1787206679.7802353,0.0,0.0,0.01668846607208252
1787206679.8296146,0.0,0.0,0.016777157783508304
1787206679.8795261,0.0,0.0,0.016777157783508304
1787206679.9290652,0.0,0.0,0.016777157783508304
1787206679.9791727,0.0,0.0,0.016777157783508304
1787206680.0289688,0.0,0.0,0.016777157783508304
1787206680.0823987,0.0,0.0,0.016854882240295407
1787206680.1324556,0.0,0.0,0.016854882240295407
1787206680.1821783,0.0,0.0,0.016854882240295407
1787206680.2284944,0.0,0.0,0.01689279079437256
1787206680.283405,0.0,0.0,0.01689279079437256
1787206680.3303478,0.0,0.0,0.01679050922393799
1787206680.3803911,0.0,0.0,0.016759872436523438
1787206680.4619994,0.0,0.0,0.01675796508789062
1787206680.505322,0.0,0.0,0.016898751258850098
1787206680.5714767,0.0,0.0,0.016990065574646
1787206680.617168,0.0,0.0,0.01714575290679932
1787206680.6600037,0.0,0.0,0.017186284065246582
1787206680.714447,0.0,0.0,0.017323851585388184
1787206680.7578003,0.0,0.0,0.017395257949829105
1787206680.8096561,0.0,0.0,0.017345309257507328
1787206680.8655345,0.0,0.0,0.017286658287048343
1787206680.9083352,0.0,0.0,0.017126917839050293
1787206680.957186,0.0,0.0,0.017076730728149414
1787206681.0172899,0.0,0.0,0.017173171043395996
1787206681.0606847,0.0,0.0,0.017297625541687015
1787206681.1054919,0.0,0.0,0.01731193065643311
1787206681.1287265,0.0,0.0,0.01732611656188965
1787206681.2094781,0.0,0.0,0.017305493354797363
1787206681.2598684,0.0,0.0,0.017258048057556152
1787206681.3169017,0.0,0.0,0.017124056816101074
1787206681.338408,0.0,0.0,0.017090559005737308
1787206681.411483,0.0,0.0,0.01706552505493164
1787206681.4311628,0.0,0.0,0.017169594764709473
1787206681.5170584,0.0,0.0,0.0172654390335083
1787206681.5607111,0.0,0.0,0.01734018325805664
1787206681.5824952,0.0,0.0,0.01735866069793701
1787206681.6957319,0.0,0.0,0.01735866069793701
1787206681.7488585,0.0,0.0,0.017253518104553223
1787206681.862971,0.0,0.0,0.017253518104553223
1787206681.8931646,0.0,0.0,0.01720607280731201
1787206681.947993,0.0,0.0,0.01735365390777588
1787206681.979146,0.0,0.0,0.017497539520263672
1787206682.0324547,0.0,0.0,0.017497539520263672
1787206682.0830424,0.0,0.0,0.017450809478759766
1787206682.1425693,0.0,0.0,0.017450571060180664
1787206682.2280962,0.0,0.0,0.01736843585968018
1787206682.2997656,0.0,0.0,0.017354249954223636
1787206682.3584871,0.0,0.0,0.017480254173278812
1787206682.4259334,0.0,0.0,0.017526984214782715
1787206682.4350247,0.0,0.0,0.01755070686340332
1787206682.484992,0.0,0.0,0.01755070686340332
1787206682.5638316,0.0,0.0,0.017550110816955566
1787206682.6314456,0.0,0.0,0.01746082305908203
1787206682.7248218,0.0,0.0,0.017380118370056152
1787206682.728524,0.0,0.0,0.017380118370056152
1787206682.7813377,0.0,0.0,0.017542123794555664
1787206682.8317847,0.0,0.0,0.017542123794555664
1787206682.8873549,0.0,0.0,0.01770317554473877
1787206682.9756398,0.0,0.0,0.017712473869323734
1787206682.979795,0.0,0.0,0.017712473869323734
1787206683.0565164,0.0,0.0,0.017830252647399902
1787206683.1165662,0.0,0.0,0.017811179161071777
1787206683.1685693,0.0,0.0,0.01780056953430176
1787206683.2203581,0.0,0.0,0.017779946327209473
1787206683.2585745,0.0,0.0,0.01768958568572998
1787206683.3097851,0.0,0.0,0.0176389217376709
1787206683.3655493,0.0,0.0,0.017566442489624023
1787206683.4225426,0.0,0.0,0.017538428306579586
1787206683.4792185,0.0,0.0,0.017693281173706058
1787206683.5286021,0.0,0.0,0.017706990242004398
1787206683.5937114,0.0,0.0,0.017962813377380375
1787206683.655987,0.0,0.0,0.017970561981201172
1787206683.6845372,0.0,0.0,0.01792168617248536
1787206683.7574718,0.0,0.0,0.017831563949584964
1787206683.7960083,0.0,0.0,0.017795920372009277
1787206683.8718576,0.0,0.0,0.017744779586791992
1787206683.8806744,0.0,0.0,0.01781785488128662
1787206683.964049,0.0,0.0,0.017918705940246582
1787206683.998644,0.0,0.0,0.017983913421630863
1787206684.065146,0.0,0.0,0.018095135688781742
1787206684.0799582,0.0,0.0,0.018059611320495605
1787206684.1729136,0.0,0.0,0.018041014671325684
1787206684.204165,0.0,0.0,0.01798689365386963
1787206684.2605069,0.0,0.0,0.01790893077850342
1787206684.516961,0.0,0.0,0.017817974090576175
1787206684.6789536,0.0,0.0,0.01803159713745117
1787206684.6824527,0.0,0.0,0.01803159713745117
1787206684.730336,0.0,0.0,0.018048048019409183
1787206684.7807267,0.0,0.0,0.018048048019409183
1787206684.828504,0.0,0.0,0.018048048019409183
1787206684.879887,0.0,0.0,0.017934083938598636
1787206684.9322207,0.0,0.0,0.017934083938598636
1787206684.9800758,0.0,0.0,0.017937302589416504
1787206685.03152,0.0,0.0,0.017937302589416504
1787206685.0805929,0.0,0.0,0.017937302589416504
1787206685.1302195,0.0,0.0,0.017937302589416504
1787206685.1796472,0.0,0.0,0.018231749534606937
1787206685.2285936,0.0,0.0,0.018231749534606937
1787206685.2790701,0.0,0.0,0.018231749534606937
1787206685.3292341,0.0,0.0,0.018231749534606937
1787206685.3882785,0.0,0.0,0.018135786056518555
1787206685.4294565,0.0,0.0,0.018135786056518555
1787206685.4843526,0.0,0.0,0.018135786056518555
1787206685.5284173,0.0,0.0,0.018135786056518555
1787206685.579979,0.0,0.0,0.01833093166351318
1787206685.6307433,0.0,0.0,0.01833093166351318
1787206685.6803071,0.0,0.0,0.01833093166351318
1787206685.7290726,0.0,0.0,0.01833093166351318
1787206686.0561879,0.0,0.0,0.018316984176635742
1787206686.1677263,0.0,0.0,0.018393874168396
1787206686.1824985,0.0,0.0,0.018586158752441406
1787206686.294194,0.0,0.0,0.018586158752441406
1787206686.3489141,0.0,0.0,0.01847708225250244
1787206686.4134812,0.0,0.0,0.01842963695526123
1787206686.4585485,0.0,0.0,0.01838052272796631
1787206686.5178802,0.0,0.0,0.018430233001708988
1787206686.5545516,0.0,0.0,0.0186614990234375
1787206686.58108,0.0,0.0,0.018702149391174316
1787206686.640184,0.0,0.0,0.018691301345825192
1787206686.7267368,0.0,0.0,0.0186837911605835
1787206686.732677,0.0,0.0,0.018627047538757324
1787206686.7867794,0.0,0.0,0.018604755401611328
1787206686.8586543,0.0,0.0,0.018504261970520023
1787206686.9162784,0.0,0.0,0.018495440483093265
1787206686.9298296,0.0,0.0,0.018473863601684574
1787206687.007269,0.0,0.0,0.01852035522460938
1787206687.060122,0.0,0.0,0.018615126609802246
1787206687.1084242,0.0,0.0,0.018773078918457035
1787206687.1558874,0.0,0.0,0.01888644695281982
1787206687.2241867,0.0,0.0,0.018907189369201664
1787206687.2563872,0.0,0.0,0.018882989883422848
1787206687.3091688,0.0,0.0,0.01884710788726807
1787206687.362188,0.0,0.0,0.01879298686981201
1787206687.3891008,0.0,0.0,0.01875627040863037
1787206687.4552333,0.0,0.0,0.018715500831604007
1787206687.4885077,0.0,0.0,0.018835425376892093
1787206687.5605972,0.0,0.0,0.018981814384460453
1787206687.6075897,0.0,0.0,0.018976330757141117
1787206687.6670933,0.0,0.0,0.019008159637451172
1787206687.686233,0.0,0.0,0.019021272659301758
1787206687.7589514,0.0,0.0,0.018983364105224613
1787206687.7868505,0.0,0.0,0.018919229507446293
1787206687.8368948,0.0,0.0,0.018846511840820312
1787206687.8984978,0.0,0.0,0.01883471012115479
1787206687.9673865,0.0,0.0,0.01895081996917725
1787206687.9968514,0.0,0.0,0.019069552421569824
1787206688.0557778,0.0,0.0,0.019118547439575195
1787206688.0878577,0.0,0.0,0.019298672676086426
1787206688.1548762,0.0,0.0,0.019373536109924323
1787206688.2078793,0.0,0.0,0.019346237182617188
1787206688.2640452,0.0,0.0,0.019318580627441406
1787206688.45811,0.0,0.0,0.019229531288146973
1787206688.597068,0.0,0.0,0.019116997718811035
1787206688.6354492,0.0,0.0,0.01934587955474854
1787206688.8189995,0.0,0.0,0.01934587955474854
1787206688.8372922,0.0,0.0,0.019240617752075192
1787206689.0219798,0.0,0.0,0.019240617752075192
1787206689.0285828,0.0,0.0,0.019145965576171868
1787206689.1260796,0.0,0.0,0.019145965576171868
1787206689.130165,0.0,0.0,0.019333839416503906
1787206689.1807547,0.0,0.0,0.019317269325256348
1787206689.333163,0.0,0.0,0.019317269325256348
1787206689.5347161,0.0,0.0,0.01919853687286377
1787206689.6803963,0.0,0.0,0.019073843955993652
1787206689.7306516,0.0,0.0,0.019546866416931152
1787206689.944386,0.0,0.0,0.019546866416931152
1787206689.9807005,0.0,0.0,0.01940178871154785
1787206690.1479013,0.0,0.0,0.01940178871154785
1787206690.262995,0.0,0.0,0.01957166194915772
1787206690.2889886,0.0,0.0,0.019777536392211914
1787206690.3431883,0.0,0.0,0.019730091094970703
1787206690.385517,0.0,0.0,0.019688606262207035
1787206690.4559453,0.0,0.0,0.019581913948059082
1787206690.5167906,0.0,0.0,0.01954758167266846
1787206690.5605788,0.0,0.0,0.019589304924011227
1787206690.6108556,0.0,0.0,0.019748687744140625
1787206690.6650057,0.0,0.0,0.01980686187744141
1787206690.71026,0.0,0.0,0.019874334335327152
1787206690.7563076,0.0,0.0,0.01988089084625244
1787206690.8152294,0.0,0.0,0.01990437507629395
1787206690.8547285,0.0,0.0,0.019862413406372067
1787206690.9021037,0.0,0.0,0.019733190536499027
1787206690.9583323,0.0,0.0,0.019640326499938972
1787206691.012572,0.0,0.0,0.0195537805557251
1787206691.064458,0.0,0.0,0.019492030143737796
1787206691.0796065,0.0,0.0,0.019272923469543457
1787206691.1528084,0.0,0.0,0.019269466400146488
1787206691.2171628,0.0,0.0,0.019308924674987793
1787206691.2558439,0.0,0.0,0.019484877586364746
1787206691.3100708,0.0,0.0,0.01958119869232178
1787206691.3637695,0.0,0.0,0.019673705101013184
1787206691.410125,0.0,0.0,0.01970398426055908
1787206691.4655366,0.0,0.0,0.019791483879089362
1787206691.4823964,0.0,0.0,0.01980054378509522
1787206691.5569808,0.0,0.0,0.01965951919555664
1787206691.5823784,0.0,0.0,0.01961612701416016
1787206691.6617618,0.0,0.0,0.019448041915893558
1787206691.6805007,0.0,0.0,0.019459128379821777
1787206691.7566953,0.0,0.0,0.019620299339294434
1787206691.813059,0.0,0.0,0.019693017005920414
1787206691.857134,0.0,0.0,0.01984429359436035
1787206691.919942,0.0,0.0,0.019809126853942875
1787206691.956931,0.0,0.0,0.020059823989868164
1787206692.0093665,0.0,0.0,0.020067930221557617
1787206692.0645697,0.0,0.0,0.020086169242858887
1787206692.1093981,0.0,0.0,0.020101428031921387
1787206692.1569853,0.0,0.0,0.02014577388763428
1787206692.1880164,0.0,0.0,0.02006971836090088
1787206692.228647,0.0,0.0,0.0199892520904541
1787206692.2838993,0.0,0.0,0.01996874809265136
1787206692.3319116,0.0,0.0,0.01996874809265136
1787206692.3803668,0.0,0.0,0.01996874809265136
1787206692.4295967,0.0,0.0,0.019907832145690914
1787206692.4829552,0.0,0.0,0.019907832145690914
1787206692.5288448,0.0,0.0,0.019907832145690914
1787206692.5814123,0.0,0.0,0.019907832145690914
1787206692.6296165,0.0,0.0,0.02018654346466064
1787206692.682482,0.0,0.0,0.02018654346466064
1787206692.7289133,0.0,0.0,0.020105957984924313
1787206692.7811897,0.0,0.0,0.020105957984924313
1787206692.828414,0.0,0.0,0.020035386085510257
1787206692.8789287,0.0,0.0,0.020035386085510257
1787206692.9283664,0.0,0.0,0.020035386085510257
1787206693.0169594,0.0,0.0,0.020035386085510257
1787206693.03659,0.0,0.0,0.020012259483337406
1787206693.1595564,0.0,0.0,0.020012259483337406
1787206693.3129973,0.0,0.0,0.020361185073852536
1787206693.328171,0.0,0.0,0.020235419273376465
1787206693.4181688,0.0,0.0,0.02018380165100098
1787206693.5721698,0.0,0.0,0.020244121551513672
1787206693.5964735,0.0,0.0,0.020495057106018066
1787206693.766062,0.0,0.0,0.020495057106018066
1787206693.7893753,0.0,0.0,0.02039515972137451
1787206693.8400612,0.0,0.0,0.02039515972137451
1787206693.9377248,0.0,0.0,0.020378589630126953
1787206694.1502209,0.0,0.0,0.02024853229522705
1787206694.192612,0.0,0.0,0.0205458402633667
1787206694.2974403,0.0,0.0,0.0205458402633667
1787206694.330022,0.0,0.0,0.02061569690704346
1787206694.4111924,0.0,0.0,0.02050352096557617
1787206694.4667518,0.0,0.0,0.020491719245910648
1787206694.5115266,0.0,0.0,0.020363926887512207
1787206694.5565648,0.0,0.0,0.020339369773864746
1787206694.6190186,0.0,0.0,0.020306468009948734
1787206694.6509738,0.0,0.0,0.020386457443237308
1787206694.6833746,0.0,0.0,0.02047169208526611
1787206694.767773,0.0,0.0,0.020493626594543457
1787206694.8111784,0.0,0.0,0.020533323287963867
1787206694.8524163,0.0,0.0,0.02051067352294922
1787206694.9159665,0.0,0.0,0.020484566688537598
1787206694.9534988,0.0,0.0,0.020383119583129883
1787206695.0184088,0.0,0.0,0.020319938659667965
1787206695.0533628,0.0,0.0,0.020283818244934082
1787206695.1087584,0.0,0.0,0.020165085792541507
1787206695.1546323,0.0,0.0,0.02024710178375244
1787206695.214961,0.0,0.0,0.020319819450378414
1787206695.2455485,0.0,0.0,0.02049481868743897
1787206695.3185127,0.0,0.0,0.02056431770324707
1787206695.3307426,0.0,0.0,0.020692825317382816
1787206695.4117749,0.0,0.0,0.020630121231079105
1787206695.4612865,0.0,0.0,0.020566821098327637
1787206695.5112555,0.0,0.0,0.020548701286315918
1787206695.5550745,0.0,0.0,0.0205308198928833
1787206695.615611,0.0,0.0,0.02050185203552246
1787206695.6579397,0.0,0.0,0.020539641380310055
1787206695.710946,0.0,0.0,0.020607233047485355
1787206695.767674,0.0,0.0,0.020704030990600586
1787206695.8091898,0.0,0.0,0.020902037620544437
1787206695.8576891,0.0,0.0,0.02096855640411377
1787206695.905491,0.0,0.0,0.020980238914489746
1787206695.9605927,0.0,0.0,0.020895004272460938
1787206695.9917989,0.0,0.0,0.020917296409606937
1787206696.0586257,0.0,0.0,0.020939469337463382
1787206696.0844767,0.0,0.0,0.020903468132019043
1787206696.1306632,0.0,0.0,0.020801663398742676
1787206696.2104986,0.0,0.0,0.020860671997070312
1787206696.2635489,0.0,0.0,0.0208052396774292
1787206696.283748,0.0,0.0,0.020759224891662598
1787206696.4121525,0.0,0.0,0.020759224891662598
1787206696.4294114,0.0,0.0,0.0205453634262085
1787206696.5449939,0.0,0.0,0.0205453634262085
1787206696.5794473,0.0,0.0,0.020503640174865723
1787206696.7654185,0.0,0.0,0.020620703697204586
1787206696.9082608,0.0,0.0,0.02065646648406982
1787206697.0494308,0.0,0.0,0.020732879638671875
1787206697.1731305,0.0,0.0,0.02095615863800049
1787206697.1858191,0.0,0.0,0.02095615863800049
1787206697.3172379,0.0,0.0,0.02095615863800049
1787206697.3402083,0.0,0.0,0.020655512809753418
1787206697.3834906,0.0,0.0,0.020655512809753418
1787206697.524676,0.0,0.0,0.020655512809753418
1787206697.534107,0.0,0.0,0.02087938785552979
1787206697.7202768,0.0,0.0,0.02087938785552979
1787206697.740552,0.0,0.0,0.02072250843048096
1787206697.778524,0.0,0.0,0.02072250843048096
1787206697.869066,0.0,0.0,0.02072250843048096
1787206697.9137003,0.0,0.0,0.02062022686004639
1787206698.1367404,0.0,0.0,0.020760178565979007
1787206698.2573133,0.0,0.0,0.020816564559936523
1787206698.2785678,0.0,0.0,0.020743727684020993
1787206698.3368342,0.0,0.0,0.020725011825561523
1787206698.422393,0.0,0.0,0.020622134208679196
1787206698.4312005,0.0,0.0,0.020736455917358395
1787206698.516514,0.0,0.0,0.020733356475830078
1787206698.5306604,0.0,0.0,0.020773887634277344
1787206698.6155257,0.0,0.0,0.02082991600036621
1787206698.66073,0.0,0.0,0.02086794376373291
1787206698.727787,0.0,0.0,0.020958542823791504
1787206698.7288556,0.0,0.0,0.021004796028137207
1787206698.78296,0.0,0.0,0.02098262310028076
1787206698.8419333,0.0,0.0,0.0208899974822998
1787206698.91786,0.0,0.0,0.020805001258850098
1787206698.9319663,0.0,0.0,0.02074289321899414
1787206699.0226278,0.0,0.0,0.020789742469787598
1787206699.0330708,0.0,0.0,0.020873188972473148
1787206699.1228995,0.0,0.0,0.021006345748901367
1787206699.1707284,0.0,0.0,0.021102547645568848
1787206699.2195497,0.0,0.0,0.02111351490020752
1787206699.262761,0.0,0.0,0.021063566207885746
1787206699.3273365,0.0,0.0,0.02087366580963135
1787206699.3680825,0.0,0.0,0.02078831195831299
1787206699.4149349,0.0,0.0,0.02089357376098633
1787206699.4733925,0.0,0.0,0.020985841751098633
1787206699.5213788,0.0,0.0,0.021074175834655758
1787206699.55819,0.0,0.0,0.021120071411132812
1787206699.5868483,0.0,0.0,0.021135449409484863
1787206699.6285324,0.0,0.0,0.021135449409484863
1787206699.7171233,0.0,0.0,0.021022439002990723
1787206699.7647948,0.0,0.0,0.021004319190979007
1787206699.7869327,0.0,0.0,0.02099716663360596
1787206699.8323855,0.0,0.0,0.02099716663360596
1787206699.88336,0.0,0.0,0.021204471588134766
1787206699.931029,0.0,0.0,0.021204471588134766
1787206700.019491,0.0,0.0,0.021295547485351566
1787206700.0299048,0.0,0.0,0.021260499954223633
1787206700.092556,0.0,0.0,0.021211862564086914
1787206700.1312869,0.0,0.0,0.02110671997070313
1787206700.1865857,0.0,0.0,0.021121859550476074
1787206700.2354662,0.0,0.0,0.021231770515441895
1787206700.2863624,0.0,0.0,0.021296143531799316
1787206700.3644607,0.0,0.0,0.02132463455200195
1787206700.4206872,0.0,0.0,0.021338105201721195
1787206700.470135,0.0,0.0,0.02134215831756592
1787206700.5249557,0.0,0.0,0.021349787712097164
1787206700.5704768,0.0,0.0,0.021283268928527832
1787206700.6177769,0.0,0.0,0.02125656604766846
1787206700.6608665,0.0,0.0,0.021154999732971195
1787206700.724344,0.0,0.0,0.02116692066192627
1787206700.7663734,0.0,0.0,0.021247506141662594
1787206700.7993526,0.0,0.0,0.02126848697662353
1787206700.8669176,0.0,0.0,0.021357059478759766
1787206700.891455,0.0,0.0,0.02143228054046631
1787206700.9701164,0.0,0.0,0.021375536918640137
1787206700.992342,0.0,0.0,0.021324276924133304
1787206701.0357075,0.0,0.0,0.021251440048217777
1787206701.095008,0.0,0.0,0.021233558654785156
1787206701.1284482,0.0,0.0,0.021233558654785156
1787206701.19652,0.0,0.0,0.02132928371429443
1787206701.2298582,0.0,0.0,0.02146017551422119
1787206701.2803133,0.0,0.0,0.0215531587600708
1787206701.3346865,0.0,0.0,0.021580219268798828
1787206701.3939326,0.0,0.0,0.02160656452178955
1787206701.4296412,0.0,0.0,0.021611809730529785
1787206701.4995623,0.0,0.0,0.021643042564392086
1787206701.565553,0.0,0.0,0.021558642387390137
1787206701.6144052,0.0,0.0,0.02153193950653076
1787206701.6739407,0.0,0.0,0.021486282348632812
1787206701.7167993,0.0,0.0,0.021439790725708008
1787206701.7666264,0.0,0.0,0.021410584449768066
1787206701.8287263,0.0,0.0,0.021409749984741207
1787206701.9342084,0.0,0.0,0.021516442298889164
1787206702.0165284,0.0,0.0,0.021906256675720215
1787206702.0644917,0.0,0.0,0.021921157836914062
1787206702.1107883,0.0,0.0,0.02189826965332031
1787206702.1371064,0.0,0.0,0.021824002265930176
1787206702.183263,0.0,0.0,0.021801829338073727
1787206702.2399757,0.0,0.0,0.021769762039184574
1787206702.3987305,0.0,0.0,0.02180492877960205
1787206702.428341,0.0,0.0,0.02202296257019043
1787206702.5726821,0.0,0.0,0.02202296257019043
1787206702.5858147,0.0,0.0,0.02187669277191162
1787206702.7447417,0.0,0.0,0.02187669277191162
1787206702.7849212,0.0,0.0,0.022024035453796383
1787206702.8525696,0.0,0.0,0.022024035453796383
1787206702.9164357,0.0,0.0,0.022058248519897464
1787206702.9676535,0.0,0.0,0.02207493782043457
1787206703.0675879,0.0,0.0,0.021980166435241703
1787206703.1718662,0.0,0.0,0.021872639656066895
1787206703.2606943,0.0,0.0,0.021808266639709476
1787206703.2801838,0.0,0.0,0.022006869316101078
1787206703.4612632,0.0,0.0,0.022006869316101078
1787206703.4859934,0.0,0.0,0.02214837074279785
1787206703.573576,0.0,0.0,0.02214837074279785
1787206703.582288,0.0,0.0,0.02199733257293701
1787206703.7684839,0.0,0.0,0.02199733257293701
1787206703.7843378,0.0,0.0,0.022164940834045414
1787206703.8288262,0.0,0.0,0.02228236198425293
1787206703.8921611,0.0,0.0,0.02228236198425293
1787206704.0759628,0.0,0.0,0.02228236198425293
1787206704.2169936,0.0,0.0,0.022053360939025882
1787206704.324187,0.0,0.0,0.02230656147003174
1787206704.3655176,0.0,0.0,0.02248382568359375
1787206704.4125888,0.0,0.0,0.022394299507141113
1787206704.4408104,0.0,0.0,0.022353529930114743
1787206704.5224311,0.0,0.0,0.022334218025207523
1787206704.5603397,0.0,0.0,0.0223158597946167
1787206704.6149955,0.0,0.0,0.022426247596740723
1787206704.6727147,0.0,0.0,0.022551774978637695
1787206704.6842055,0.0,0.0,0.02261114120483398
1787206704.7283528,0.0,0.0,0.022706866264343265
1787206704.7955494,0.0,0.0,0.022744536399841312
1787206704.8316047,0.0,0.0,0.022651314735412598
1787206704.88063,0.0,0.0,0.022608280181884766
1787206704.969494,0.0,0.0,0.022495269775390625
1787206704.979022,0.0,0.0,0.02257883548736572
1787206705.066153,0.0,0.0,0.022724747657775875
1787206705.093359,0.0,0.0,0.02271711826324463
1787206705.1320615,0.0,0.0,0.02271711826324463
1787206705.1905386,0.0,0.0,0.02285599708557129
1787206705.275673,0.0,0.0,0.022746682167053226
1787206705.320615,0.0,0.0,0.02271354198455811
1787206705.3635218,0.0,0.0,0.02267146110534668
1787206705.430726,0.0,0.0,0.022806882858276367
1787206705.5182266,0.0,0.0,0.0230858325958252
1787206705.5729716,0.0,0.0,0.02319204807281494
1787206705.6333442,0.0,0.0,0.0232316255569458
1787206705.7295725,0.0,0.0,0.02308809757232666
1787206705.8049152,0.0,0.0,0.023079514503479004
1787206705.829859,0.0,0.0,0.023079514503479004
1787206705.8859055,0.0,0.0,0.02325618267059326
1787206705.9352078,0.0,0.0,0.02339029312133789
1787206705.980762,0.0,0.0,0.023417592048645016
1787206706.0357625,0.0,0.0,0.023417592048645016
1787206706.0848596,0.0,0.0,0.023281335830688477
1787206706.167718,0.0,0.0,0.023233056068420407
1787206706.1872807,0.0,0.0,0.02316832542419434
1787206706.2667198,0.0,0.0,0.023275971412658688
1787206706.310737,0.0,0.0,0.023389101028442383
1787206706.328847,0.0,0.0,0.023389101028442383
1787206706.407679,0.0,0.0,0.02341032028198242
1787206706.428506,0.0,0.0,0.023442029953002937
1787206706.4801981,0.0,0.0,0.023447275161743164
1787206706.5326116,0.0,0.0,0.023459196090698246
1787206706.5790164,0.0,0.0,0.023459196090698246
1787206706.6710505,0.0,0.0,0.023435235023498535
1787206706.7245336,0.0,0.0,0.023408412933349616
1787206706.7664037,0.0,0.0,0.023303985595703125
1787206706.8305826,0.0,0.0,0.02327406406402588
1787206706.9139185,0.0,0.0,0.02326357364654541
1787206706.9624357,0.0,0.0,0.023318409919738773
1787206707.0254521,0.0,0.0,0.02335214614868164
1787206707.0384789,0.0,0.0,0.02343451976776123
1787206707.1201618,0.0,0.0,0.023453354835510257
1787206707.1377683,0.0,0.0,0.023475646972656247
1787206707.220031,0.0,0.0,0.02340412139892578
1787206707.2313464,0.0,0.0,0.023409724235534668
1787206707.3217683,0.0,0.0,0.02333521842956543
1787206707.3314369,0.0,0.0,0.02336251735687256
1787206707.3842666,0.0,0.0,0.02339434623718262
1787206707.433055,0.0,0.0,0.02345407009124756
1787206707.5180755,0.0,0.0,0.023657083511352543
1787206707.5295825,0.0,0.0,0.023740410804748535
1787206707.6281493,0.0,0.0,0.023695945739746097
1787206707.7181802,0.0,0.0,0.023576617240905755
1787206707.729269,0.0,0.0,0.02354645729064942
1787206707.780466,0.0,0.0,0.02354645729064942
1787206707.8325605,0.0,0.0,0.023609519004821777
1787206707.8844993,0.0,0.0,0.023677468299865723
1787206707.959829,0.0,0.0,0.023677468299865723
1787206708.0242162,0.0,0.0,0.023693680763244636
1787206708.0755453,0.0,0.0,0.023613452911376953
1787206708.1260123,0.0,0.0,0.023468136787414554
1787206708.1712482,0.0,0.0,0.023439288139343265
1787206708.2311733,0.0,0.0,0.02343714237213135
1787206708.390303,0.0,0.0,0.02357673645019532
1787206708.5814285,0.0,0.0,0.02388453483581543
1787206708.7535408,0.0,0.0,0.02361881732940674
1787206708.7952468,0.0,0.0,0.023918271064758308
1787206708.8460312,0.0,0.0,0.023918271064758308
1787206709.0173914,0.0,0.0,0.02390658855438232
1787206709.0373373,0.0,0.0,0.02384674549102784
1787206709.0844033,0.0,0.0,0.023912906646728516
1787206709.2985313,0.0,0.0,0.023912906646728516
1787206709.5033736,0.0,0.0,0.02400195598602295
1787206709.6215456,0.0,0.0,0.0238335132598877
1787206709.6386013,0.0,0.0,0.024096965789794922
1787206709.6818318,0.0,0.0,0.024096965789794922
1787206709.8116357,0.0,0.0,0.024096965789794922
1787206709.8415291,0.0,0.0,0.023895740509033203
1787206710.0666382,0.0,0.0,0.023895740509033203
1787206710.078943,0.0,0.0,0.02422749996185303
1787206710.131661,0.0,0.0,0.02422749996185303
1787206710.2984898,0.0,0.0,0.02422749996185303
1787206710.3671677,0.0,0.0,0.02422785758972168
1787206710.4264855,0.0,0.0,0.02429795265197754
1787206710.4731424,0.0,0.0,0.02430212497711182
1787206710.5193744,0.0,0.0,0.02444517612457276
1787206710.5620923,0.0,0.0,0.024480700492858887
1787206710.6205723,0.0,0.0,0.02455723285675049
1787206710.6705549,0.0,0.0,0.024547934532165534
1787206710.707414,0.0,0.0,0.02451181411743164
1787206710.7291603,0.0,0.0,0.024438738822937015
1787206710.7781472,0.0,0.0,0.02442026138305664
1787206710.8344023,0.0,0.0,0.024386763572692864
1787206710.909402,0.0,0.0,0.024511456489562985
1787206710.931664,0.0,0.0,0.024511456489562985
1787206711.013948,0.0,0.0,0.024607062339782715
1787206711.0747905,0.0,0.0,0.02457904815673828
1787206711.0805612,0.0,0.0,0.02450847625732422
1787206711.168518,0.0,0.0,0.02446949481964111
1787206711.219896,0.0,0.0,0.024457573890686035
1787206711.2290568,0.0,0.0,0.024457573890686035
1787206711.2794912,0.0,0.0,0.02454602718353272
1787206711.331085,0.0,0.0,0.024610161781311035
1787206711.4076986,0.0,0.0,0.02470028400421143
1787206711.4628654,0.0,0.0,0.024827241897583008
1787206711.5182834,0.0,0.0,0.024798989295959473
1787206711.5816908,0.0,0.0,0.024761795997619632
1787206711.674779,0.0,0.0,0.02472770214080811
1787206711.7163093,0.0,0.0,0.024784445762634284
1787206711.7618015,0.0,0.0,0.024857759475708004
1787206711.8451371,0.0,0.0,0.02506113052368164
1787206711.9186249,0.0,0.0,0.025247216224670407
1787206711.976149,0.0,0.0,0.025245308876037598
1787206712.0100439,0.0,0.0,0.025129199028015137
1787206712.038039,0.0,0.0,0.025064587593078624
1787206712.087541,0.0,0.0,0.02491915225982666
1787206712.1292555,0.0,0.0,0.02503812313079834
1787206712.17862,0.0,0.0,0.025202870368957523
1787206712.2292721,0.0,0.0,0.02527022361755372
1787206712.3334222,0.0,0.0,0.025309324264526367
1787206712.4230719,0.0,0.0,0.025279045104980462
1787206712.4685936,0.0,0.0,0.025180578231811523
1787206712.524195,0.0,0.0,0.02513563632965088
1787206712.5337174,0.0,0.0,0.025108695030212402
1787206712.6437824,0.0,0.0,0.025227069854736328
1787206712.6841528,0.0,0.0,0.025452494621276862
1787206712.7296042,0.0,0.0,0.025550007820129395
1787206712.7797217,0.0,0.0,0.025532007217407227
1787206712.868809,0.0,0.0,0.025470733642578132
1787206712.9295137,0.0,0.0,0.025379538536071784
1787206713.019291,0.0,0.0,0.02531206607818604
1787206713.0719104,0.0,0.0,0.025411605834960938
1787206713.1397138,0.0,0.0,0.025550007820129395
1787206713.2277808,0.0,0.0,0.02561140060424804
1787206713.228396,0.0,0.0,0.02554285526275635
1787206713.2851865,0.0,0.0,0.02548360824584961
1787206713.328533,0.0,0.0,0.025467872619628903
1787206713.392424,0.0,0.0,0.025467872619628903
1787206713.4288778,0.0,0.0,0.025428652763366706
1787206713.4852536,0.0,0.0,0.02567696571350098
1787206713.5288885,0.0,0.0,0.02567696571350098
1787206713.5847037,0.0,0.0,0.02604043483734131
1787206713.632964,0.0,0.0,0.026014208793640144
1787206713.680523,0.0,0.0,0.02600514888763428
1787206713.7638545,0.0,0.0,0.025971770286560062
1787206713.7812793,0.0,0.0,0.02590811252593994
1787206713.858381,0.0,0.0,0.02586758136749268
1787206713.9152966,0.0,0.0,0.025954961776733395
1787206713.9756718,0.0,0.0,0.026101708412170417
1787206713.9842548,0.0,0.0,0.026188969612121582
1787206714.0823863,0.0,0.0,0.026215791702270508
1787206714.185484,0.0,0.0,0.02621614933013916
1787206714.269902,0.0,0.0,0.025990605354309082
1787206714.4184287,0.0,0.0,0.026113152503967292
1787206714.4686122,0.0,0.0,0.02631127834320068
1787206714.5130758,0.0,0.0,0.026415944099426266
1787206714.728822,0.0,0.0,0.026415944099426266
1787206714.8150098,0.0,0.0,0.02638089656829834
1787206714.8326557,0.0,0.0,0.026657819747924808
1787206715.012462,0.0,0.0,0.026657819747924808
1787206715.0285165,0.0,0.0,0.026567935943603512
1787206715.1362174,0.0,0.0,0.026407718658447273
1787206715.2990146,0.0,0.0,0.02659857273101807
1787206715.4177117,0.0,0.0,0.026754021644592285
1787206715.563561,0.0,0.0,0.02675807476043701
1787206715.5798397,0.0,0.0,0.02662026882171631
1787206715.771373,0.0,0.0,0.02662026882171631
1787206715.7877328,0.0,0.0,0.027032136917114258
1787206715.9676144,0.0,0.0,0.027032136917114258
1787206715.9810238,0.0,0.0,0.026981830596923828
1787206716.125614,0.0,0.0,0.026981830596923828
1787206716.136341,0.0,0.0,0.02702128887176514
1787206716.3024356,0.0,0.0,0.02702128887176514
1787206716.3741663,0.0,0.0,0.027188181877136234
1787206716.4455447,0.0,0.0,0.02704644203186036
1787206716.5538669,0.0,0.0,0.02702903747558594
1787206716.629111,0.0,0.0,0.027221918106079105
1787206716.7228472,0.0,0.0,0.027234911918640137
1787206716.728542,0.0,0.0,0.02714037895202637
1787206716.8370302,0.0,0.0,0.02708280086517334
1787206716.883688,0.0,0.0,0.027037739753723145
1787206716.9295442,0.0,0.0,0.027155995368957523
1787206716.9873457,0.0,0.0,0.027238726615905765
1787206717.0320458,0.0,0.0,0.027238726615905765
1787206717.1133702,0.0,0.0,0.027249574661254883
1787206717.1338837,0.0,0.0,0.027206778526306156
1787206717.2396286,0.0,0.0,0.027129292488098148
1787206717.3294084,0.0,0.0,0.02709507942199707
1787206717.4158368,0.0,0.0,0.027297139167785645
1787206717.4705434,0.0,0.0,0.02739083766937256
1787206717.5174928,0.0,0.0,0.027408480644226078
1787206717.5709143,0.0,0.0,0.02735793590545654
1787206717.6277628,0.0,0.0,0.027280807495117188
1787206717.6286144,0.0,0.0,0.027262330055236816
1787206717.7161846,0.0,0.0,0.02715170383453369
1787206717.7732038,0.0,0.0,0.02729082107543945
1787206717.8127716,0.0,0.0,0.027417540550231934
1787206717.8599248,0.0,0.0,0.027415871620178226
1787206717.8836274,0.0,0.0,0.027415871620178226
1787206717.9328182,0.0,0.0,0.027390718460083004
1787206718.0133426,0.0,0.0,0.02735745906829834
1787206718.034087,0.0,0.0,0.027338385581970215
1787206718.079296,0.0,0.0,0.027305364608764652
1787206718.166999,0.0,0.0,0.027438759803771976
1787206718.1870239,0.0,0.0,0.02745330333709717
1787206718.2417605,0.0,0.0,0.02745330333709717
1787206718.2821515,0.0,0.0,0.02749025821685791
1787206718.4614391,0.0,0.0,0.02752876281738281
1787206718.4933972,0.0,0.0,0.02754294872283936
1787206718.7443504,0.0,0.0,0.02754294872283936
1787206718.9244885,0.0,0.0,0.0276021957397461
1787206718.972648,0.0,0.0,0.027512550354003906
1787206718.9956305,0.0,0.0,0.027512550354003906
1787206719.24133,0.0,0.0,0.02752530574798584
1787206719.2815747,0.0,0.0,0.027790904045104977
1787206719.3555527,0.0,0.0,0.027790904045104977
1787206719.3834913,0.0,0.0,0.027779221534729004
1787206719.4854684,0.0,0.0,0.027779221534729004
1787206719.5434203,0.0,0.0,0.027613639831542972
1787206719.6213725,0.0,0.0,0.027613639831542972
1787206719.6336446,0.0,0.0,0.027528166770935062
1787206719.8477972,0.0,0.0,0.027528166770935062
1787206719.8888419,0.0,0.0,0.027597069740295414
1787206720.0929592,0.0,0.0,0.027474641799926758
1787206720.163814,0.0,0.0,0.02759587764739991
1787206720.1838102,0.0,0.0,0.02770304679870605
1787206720.300545,0.0,0.0,0.02770304679870605
1787206720.3628619,0.0,0.0,0.027467489242553718
1787206720.4097557,0.0,0.0,0.02746403217315674
1787206720.4676323,0.0,0.0,0.02752482891082763
1787206720.5115454,0.0,0.0,0.027627348899841305
1787206720.5619955,0.0,0.0,0.02768576145172119
1787206720.6175196,0.0,0.0,0.02769136428833008
1787206720.629236,0.0,0.0,0.02769136428833008
1787206720.7143013,0.0,0.0,0.027598261833190918
1787206720.7329118,0.0,0.0,0.02754712104797363
1787206720.7923152,0.0,0.0,0.02738821506500244
1787206720.85804,0.0,0.0,0.02738821506500244
1787206720.8828003,0.0,0.0,0.02738821506500244
1787206720.9367518,0.0,0.0,0.027492642402648922
1787206721.0283759,0.0,0.0,0.027649521827697754
1787206721.0810983,0.0,0.0,0.027663826942443855
1787206721.1648753,0.0,0.0,0.027562260627746575
1787206721.2346983,0.0,0.0,0.027457118034362793
1787206721.3162937,0.0,0.0,0.027435898780822754
1787206721.3589873,0.0,0.0,0.02756750583648682
1787206721.3878887,0.0,0.0,0.027727603912353516
1787206721.436357,0.0,0.0,0.027733802795410156
1787206721.5232413,0.0,0.0,0.027719140052795414
1787206721.5299175,0.0,0.0,0.02764737606048584
1787206721.586825,0.0,0.0,0.02764737606048584
1787206721.6396105,0.0,0.0,0.0275803804397583
1787206721.717555,0.0,0.0,0.027612686157226566
1787206721.7618062,0.0,0.0,0.02770268917083741
1787206721.7865613,0.0,0.0,0.027753233909606934
1787206721.835314,0.0,0.0,0.027753233909606934
1787206721.9153707,0.0,0.0,0.027745842933654785
1787206721.9763203,0.0,0.0,0.027714252471923825
1787206721.9832332,0.0,0.0,0.027636051177978512
1787206722.030189,0.0,0.0,0.027631521224975582
1787206722.1382654,0.0,0.0,0.027575731277465824
1787206722.1894898,0.0,0.0,0.02766287326812744
1787206722.2874274,0.0,0.0,0.02776420116424561
1787206722.4080164,0.0,0.0,0.02778959274291993
1787206722.6037283,0.0,0.0,0.027685046195983894
1787206722.6350303,0.0,0.0,0.027645230293273926
1787206722.8160746,0.0,0.0,0.02778220176696778
1787206722.8346715,0.0,0.0,0.02781498432159424
1787206722.9785123,0.0,0.0,0.02781498432159424
1787206723.0291305,0.0,0.0,0.0276871919631958
1787206723.1223345,0.0,0.0,0.0276871919631958
1787206723.140203,0.0,0.0,0.027639150619506836
1787206723.2529538,0.0,0.0,0.027616500854492188
1787206723.280768,0.0,0.0,0.027957201004028327
1787206723.3699622,0.0,0.0,0.027957201004028327
1787206723.534317,0.0,0.0,0.028133511543273926
1787206723.6790252,0.0,0.0,0.027951478958129883
1787206723.8097332,0.0,0.0,0.02799403667449951
1787206723.8293965,0.0,0.0,0.02820897102355957
1787206723.889245,0.0,0.0,0.028244614601135257
1787206723.940139,0.0,0.0,0.028244614601135257
1787206724.0331788,0.0,0.0,0.028339266777038574
1787206724.0824761,0.0,0.0,0.028234004974365234
1787206724.130046,0.0,0.0,0.02815854549407959
1787206724.2491338,0.0,0.0,0.02815854549407959
1787206724.3295135,0.0,0.0,0.02825939655303956
1787206724.3887768,0.0,0.0,0.02847468852996827
1787206724.4311755,0.0,0.0,0.028471827507019046
1787206724.499905,0.0,0.0,0.02843737602233887
1787206724.5387094,0.0,0.0,0.02841198444366455
1787206724.591952,0.0,0.0,0.028365135192871104
1787206724.6335661,0.0,0.0,0.028365135192871104
1787206724.689422,0.0,0.0,0.028500318527221683
1787206724.7300625,0.0,0.0,0.028563380241394043
1787206724.8228793,0.0,0.0,0.028582453727722168
1787206724.8667054,0.0,0.0,0.028587579727172855
1787206724.9687479,0.0,0.0,0.028547286987304684
1787206725.0221462,0.0,0.0,0.028483271598815914
1787206725.0282001,0.0,0.0,0.02845442295074463
1787206725.078893,0.0,0.0,0.028537154197692878
1787206725.128386,0.0,0.0,0.02865874767303467
1787206725.1817942,0.0,0.0,0.02865874767303467
1787206725.2349555,0.0,0.0,0.02867710590362549
1787206725.2850273,0.0,0.0,0.028670430183410645
1787206725.3389864,0.0,0.0,0.028670430183410645
1787206725.3842523,0.0,0.0,0.028585076332092292
1787206725.4300127,0.0,0.0,0.028585076332092292
1787206725.4816763,0.0,0.0,0.02874791622161866
1787206725.5284936,0.0,0.0,0.02874791622161866
1787206725.5796456,0.0,0.0,0.028780817985534668
1787206725.6290357,0.0,0.0,0.028851628303527836
1787206725.682151,0.0,0.0,0.028867483139038086
1787206725.730375,0.0,0.0,0.028867483139038086
1787206725.7785964,0.0,0.0,0.028766512870788578
1787206725.8294914,0.0,0.0,0.028706073760986328
1787206725.8798654,0.0,0.0,0.028664231300354004
1787206725.9320436,0.0,0.0,0.028664231300354004
1787206725.9797297,0.0,0.0,0.028764009475708008
1787206726.0300488,0.0,0.0,0.028764009475708008
1787206726.0801802,0.0,0.0,0.02879929542541504
1787206726.1290963,0.0,0.0,0.028806209564208984
1787206726.1809938,0.0,0.0,0.028713464736938473
1787206726.2325373,0.0,0.0,0.028643250465393066
1787206726.2785542,0.0,0.0,0.02855515480041504
1787206726.3350382,0.0,0.0,0.02855515480041504
1787206726.3796933,0.0,0.0,0.028593659400939945
1787206726.4299333,0.0,0.0,0.028593659400939945
1787206726.480566,0.0,0.0,0.02871882915496826
1787206726.5310059,0.0,0.0,0.02879953384399415
1787206726.580041,0.0,0.0,0.02879953384399415
1787206726.6285074,0.0,0.0,0.028869867324829105
1787206726.67895,0.0,0.0,0.028683304786682132
1787206726.7438486,0.0,0.0,0.028683304786682132
1787206726.7793512,0.0,0.0,0.028652667999267578
1787206726.8292267,0.0,0.0,0.028734564781188972
1787206726.881089,0.0,0.0,0.028754115104675296
1787206726.929131,0.0,0.0,0.028909802436828617
1787206726.9809356,0.0,0.0,0.028954386711120602
1787206727.0313542,0.0,0.0,0.028954386711120602
1787206727.084683,0.0,0.0,0.028920292854309082
1787206727.1315851,0.0,0.0,0.028866291046142578
1787206727.1834855,0.0,0.0,0.02870261669158936
1787206727.2306333,0.0,0.0,0.02870261669158936
1787206727.2795765,0.0,0.0,0.028676152229309082
1787206727.3324523,0.0,0.0,0.02867662906646729
1787206727.379247,0.0,0.0,0.028808236122131344
1787206727.4338055,0.0,0.0,0.02887856960296631
1787206727.4790714,0.0,0.0,0.02887856960296631
1787206727.5303879,0.0,0.0,0.028826117515563965
1787206727.5807185,0.0,0.0,0.02876806259155274
1787206727.631946,0.0,0.0,0.02862966060638427
1787206727.67932,0.0,0.0,0.028625607490539554
1787206727.7314425,0.0,0.0,0.02868044376373291
1787206727.7786992,0.0,0.0,0.028783917427062995
1787206727.8293805,0.0,0.0,0.028783917427062995
1787206727.879182,0.0,0.0,0.02892959117889405
1787206727.932773,0.0,0.0,0.02892959117889405
1787206727.98056,0.0,0.0,0.02888953685760498
1787206728.028525,0.0,0.0,0.028809785842895508
1787206728.0835567,0.0,0.0,0.02879726886749268
1787206728.128562,0.0,0.0,0.02885687351226807
1787206728.1785011,0.0,0.0,0.028944969177246094
1787206728.2316206,0.0,0.0,0.029123425483703617
1787206728.2801988,0.0,0.0,0.02923035621643067
1787206728.3287556,0.0,0.0,0.02925729751586914
1787206728.381992,0.0,0.0,0.029199719429016113
1787206728.4302137,0.0,0.0,0.029199719429016113
1787206728.4809835,0.0,0.0,0.02911174297332764
1787206728.5313675,0.0,0.0,0.02916669845581054
1787206728.5784583,0.0,0.0,0.029225945472717285
1787206728.6293218,0.0,0.0,0.02925264835357666
1787206728.6819818,0.0,0.0,0.0293656587600708
1787206728.729657,0.0,0.0,0.0293656587600708
1787206728.782338,0.0,0.0,0.029664993286132816
1787206728.8287008,0.0,0.0,0.02995395660400391
1787206728.8788483,0.0,0.0,0.029997944831848145
1787206728.928506,0.0,0.0,0.029984951019287113
1787206728.9797895,0.0,0.0,0.02995598316192627
1787206729.0284934,0.0,0.0,0.02988159656524659
1787206729.0799284,0.0,0.0,0.029873251914978038
1787206729.1285815,0.0,0.0,0.02981090545654297
1787206729.1813524,0.0,0.0,0.029921293258667
1787206729.2286086,0.0,0.0,0.029981136322021484
1787206729.2783675,0.0,0.0,0.030190348625183112
1787206729.3313627,0.0,0.0,0.030190348625183112
1787206729.3833163,0.0,0.0,0.03023827075958252
1787206729.4288049,0.0,0.0,0.03045117855072022
1787206729.4812765,0.0,0.0,0.030411124229431163
1787206729.5310755,0.0,0.0,0.030358076095581055
1787206729.5864956,0.0,0.0,0.030275702476501458
1787206729.681392,0.0,0.0,0.03005099296569824
1787206729.7679648,0.0,0.0,0.030261158943176276
1787206729.812437,0.0,0.0,0.030492424964904785
1787206729.860983,0.0,0.0,0.030488610267639167
1787206729.9214337,0.0,0.0,0.03041243553161621
1787206729.959808,0.0,0.0,0.030275464057922363
1787206730.1337762,0.0,0.0,0.029985189437866218
1787206730.1804082,0.0,0.0,0.030188322067260746
1787206730.2362323,0.0,0.0,0.030257582664489746
1787206730.3230062,0.0,0.0,0.030273199081420902
1787206730.3311954,0.0,0.0,0.030207753181457523
1787206730.3869526,0.0,0.0,0.030020594596862796
1787206730.4372122,0.0,0.0,0.029978752136230465
1787206730.5274453,0.0,0.0,0.02999222278594971
1787206730.5284214,0.0,0.0,0.02999222278594971
1787206730.6156137,0.0,0.0,0.030208587646484375
1787206730.6499653,0.0,0.0,0.030223488807678226
1787206730.6794498,0.0,0.0,0.030226707458496094
1787206730.7294152,0.0,0.0,0.03017866611480713
1787206730.8116279,0.0,0.0,0.030096530914306644
1787206730.8629134,0.0,0.0,0.03007745742797852
1787206730.9305263,0.0,0.0,0.029915571212768555
1787206731.024336,0.0,0.0,0.030109047889709476
1787206731.0657306,0.0,0.0,0.030211448669433597
1787206731.1338189,0.0,0.0,0.03026354312896729
1787206731.2225723,0.0,0.0,0.03032147884368896
1787206731.2462356,0.0,0.0,0.030243992805480957
1787206731.3157172,0.0,0.0,0.030083537101745605
1787206731.3643687,0.0,0.0,0.030069708824157722
1787206731.4281259,0.0,0.0,0.030067086219787605
1787206731.5245316,0.0,0.0,0.03021323680877686
1787206731.571269,0.0,0.0,0.030299544334411625
1787206731.5784092,0.0,0.0,0.030305981636047367
1787206731.630736,0.0,0.0,0.030274152755737305
1787206731.69576,0.0,0.0,0.030226826667785648
1787206731.7702074,0.0,0.0,0.03017747402191162
1787206731.7863631,0.0,0.0,0.030146241188049316
1787206731.8308678,0.0,0.0,0.030153870582580566
1787206731.8783922,0.0,0.0,0.030153870582580566
1787206731.9297993,0.0,0.0,0.03035247325897217
1787206731.983948,0.0,0.0,0.030391812324523922
1787206732.0312986,0.0,0.0,0.030391812324523922
1787206732.1362746,0.0,0.0,0.030357956886291507
1787206732.1935914,0.0,0.0,0.030287504196166992
1787206732.2368858,0.0,0.0,0.030248999595642086
1787206732.2991183,0.0,0.0,0.030213117599487305
1787206732.3452816,0.0,0.0,0.03026604652404785
1787206732.3828347,0.0,0.0,0.03045117855072022
1787206732.4718015,0.0,0.0,0.03059625625610352
1787206732.4781919,0.0,0.0,0.03056824207305909
1787206732.530842,0.0,0.0,0.03063833713531494
1787206732.6043448,0.0,0.0,0.030704498291015632
1787206732.6283674,0.0,0.0,0.030722379684448246
1787206732.700719,0.0,0.0,0.030675530433654785
1787206732.7291708,0.0,0.0,0.030675530433654785
1787206732.7786307,0.0,0.0,0.03056585788726806
1787206732.8297691,0.0,0.0,0.030533790588378906
1787206732.8821216,0.0,0.0,0.030533790588378906
1787206732.929322,0.0,0.0,0.030734896659851074
1787206733.010009,0.0,0.0,0.030780196189880375
1787206733.0284762,0.0,0.0,0.030780196189880375
1787206733.0815113,0.0,0.0,0.03096425533294678
1787206733.173871,0.0,0.0,0.03101062774658203
1787206733.1824937,0.0,0.0,0.03101503849029541
1787206733.2650793,0.0,0.0,0.030989170074462887
1787206733.3242016,0.0,0.0,0.030943632125854492
1787206733.3672526,0.0,0.0,0.030878424644470215
1787206733.4152853,0.0,0.0,0.03079688549041748
1787206733.468683,0.0,0.0,0.03085029125213623
1787206733.5159407,0.0,0.0,0.031062245368957523
1787206733.5658507,0.0,0.0,0.031067728996276862
1787206733.6193504,0.0,0.0,0.031146287918090817
1787206733.6650631,0.0,0.0,0.03119504451751709
1787206733.7185397,0.0,0.0,0.03126704692840576
1787206733.730241,0.0,0.0,0.03126704692840576
1787206733.7824047,0.0,0.0,0.031161785125732422
1787206733.8362973,0.0,0.0,0.031105041503906257
1787206733.9279954,0.0,0.0,0.031070709228515625
1787206733.9287245,0.0,0.0,0.031021952629089366
1787206733.9785635,0.0,0.0,0.03100311756134033
1787206734.0335314,0.0,0.0,0.03117465972900391
1787206734.0811932,0.0,0.0,0.031270146369934075
1787206734.138112,0.0,0.0,0.03129875659942627
1787206734.1784577,0.0,0.0,0.03142511844635009
1787206734.2404423,0.0,0.0,0.03145134449005127
1787206734.2800164,0.0,0.0,0.03145980834960938
1787206734.3287125,0.0,0.0,0.03145980834960938
1787206734.4246337,0.0,0.0,0.03136277198791504
1787206734.4302137,0.0,0.0,0.03130567073822022
1787206734.479813,0.0,0.0,0.031189084053039558
1787206734.563638,0.0,0.0,0.031167268753051754
1787206734.6180499,0.0,0.0,0.031218886375427253
1787206734.666824,0.0,0.0,0.03138124942779542
1787206734.7321954,0.0,0.0,0.03147304058074952
1787206734.8181179,0.0,0.0,0.03156459331512452
1787206734.8645403,0.0,0.0,0.03158771991729736
1787206734.9238975,0.0,0.0,0.03155410289764404
1787206734.9623992,0.0,0.0,0.031463623046875
1787206734.9900587,0.0,0.0,0.03135251998901367
1787206735.0311944,0.0,0.0,0.031299948692321784
1787206735.116997,0.0,0.0,0.031424164772033684
1787206735.1589131,0.0,0.0,0.03148853778839112
1787206735.223013,0.0,0.0,0.031643033027648926
1787206735.2616568,0.0,0.0,0.03168809413909912
1787206735.3176086,0.0,0.0,0.03168749809265135
1787206735.369241,0.0,0.0,0.03165793418884277
1787206735.3844292,0.0,0.0,0.03158628940582275
1787206735.4325242,0.0,0.0,0.031569600105285645
1787206735.5241683,0.0,0.0,0.0315002202987671
1787206735.5296307,0.0,0.0,0.031627893447875984
1787206735.6167662,0.0,0.0,0.031648159027099616
1787206735.6724136,0.0,0.0,0.03167951107025146
1787206735.7202594,0.0,0.0,0.03171956539154053
1787206735.7647154,0.0,0.0,0.03169071674346925
1787206735.823487,0.0,0.0,0.031656861305236816
1787206735.875758,0.0,0.0,0.03150701522827149
1787206735.9171793,0.0,0.0,0.03144824504852295
1787206735.9794142,0.0,0.0,0.03147280216217042
1787206736.066578,0.0,0.0,0.03158128261566163
1787206736.1269383,0.0,0.0,0.03160452842712402
1787206736.171796,0.0,0.0,0.03160476684570312
1787206736.1919985,0.0,0.0,0.03152501583099366
1787206736.2746453,0.0,0.0,0.03145313262939453
1787206736.2792451,0.0,0.0,0.03141045570373536
1787206736.4344265,0.0,0.0,0.03141045570373536
1787206736.5381165,0.0,0.0,0.0314486026763916
1787206736.6639934,0.0,0.0,0.03165483474731445
1787206736.6910198,0.0,0.0,0.031601905822753906
1787206736.7290492,0.0,0.0,0.031601905822753906
1787206736.8654773,0.0,0.0,0.03153038024902343
1787206737.0492122,0.0,0.0,0.03166174888610839
1787206737.1258974,0.0,0.0,0.031766414642333984
1787206737.2640722,0.0,0.0,0.0316985845565796
1787206737.3077857,0.0,0.0,0.031749606132507324
1787206737.335007,0.0,0.0,0.03179919719696045
1787206737.4709384,0.0,0.0,0.03179919719696045
1787206737.4802775,0.0,0.0,0.0319209098815918
1787206737.6008523,0.0,0.0,0.0319209098815918
1787206737.6320913,0.0,0.0,0.03186392784118652
1787206737.8775098,0.0,0.0,0.03179478645324707
1787206737.8781667,0.0,0.0,0.03176712989807128
1787206738.0734315,0.0,0.0,0.03187537193298339
1787206738.176497,0.0,0.0,0.031896352767944336
1787206738.1781864,0.0,0.0,0.03172016143798829
1787206738.3092375,0.0,0.0,0.03172016143798829
1787206738.3720868,0.0,0.0,0.032002806663513184
1787206738.3865201,0.0,0.0,0.03203880786895752
1787206738.4301066,0.0,0.0,0.03203880786895752
1787206738.4784806,0.0,0.0,0.032021403312683105
1787206738.5294251,0.0,0.0,0.03198254108428955
1787206738.5808759,0.0,0.0,0.03198254108428955
1787206738.6314588,0.0,0.0,0.031787753105163574
1787206738.6783733,0.0,0.0,0.0317004919052124
1787206738.7292078,0.0,0.0,0.0317004919052124
1787206738.7785425,0.0,0.0,0.031757712364196784
1787206738.8285632,0.0,0.0,0.03187966346740722
1787206738.8785322,0.0,0.0,0.03204977512359619
1787206738.9284415,0.0,0.0,0.03212821483612061
1787206738.986832,0.0,0.0,0.032241582870483405
1787206739.029455,0.0,0.0,0.03225219249725342
1787206739.1262302,0.0,0.0,0.03222918510437012
1787206739.133709,0.0,0.0,0.03215420246124268
1787206739.1787531,0.0,0.0,0.032104372978210456
1787206739.2286959,0.0,0.0,0.032086014747619636
1787206739.278555,0.0,0.0,0.032309532165527344
1787206739.332727,0.0,0.0,0.03239035606384277
1787206739.378431,0.0,0.0,0.03243470191955567
1787206739.431953,0.0,0.0,0.03243470191955567
1787206739.4791358,0.0,0.0,0.03237700462341309
1787206739.5286162,0.0,0.0,0.03231656551361084
1787206739.5790873,0.0,0.0,0.032233834266662605
1787206739.6292398,0.0,0.0,0.03215038776397705
1787206739.6793094,0.0,0.0,0.0322558879852295
1787206739.7283914,0.0,0.0,0.0322558879852295
1787206739.7815583,0.0,0.0,0.03241574764251708
1787206739.8307467,0.0,0.0,0.03248071670532228
1787206739.8807461,0.0,0.0,0.03247642517089844
1787206739.9288287,0.0,0.0,0.03242695331573487
1787206739.9877348,0.0,0.0,0.032393097877502455
1787206740.030134,0.0,0.0,0.032242417335510254
1787206740.0794942,0.0,0.0,0.032256484031677246
1787206740.1293037,0.0,0.0,0.032346487045288086
1787206740.178451,0.0,0.0,0.032509922981262214
1787206740.2295654,0.0,0.0,0.03265726566314698
1787206740.2844794,0.0,0.0,0.03270232677459717
1787206740.3293405,0.0,0.0,0.03270232677459717
1787206740.3786845,0.0,0.0,0.03270232677459717
1787206740.4299521,0.0,0.0,0.03270232677459717
1787206740.4843237,0.0,0.0,0.03250443935394288
1787206740.5299063,0.0,0.0,0.03250443935394288
1787206740.578637,0.0,0.0,0.03250443935394288
1787206740.6289434,0.0,0.0,0.03250443935394288
1787206740.6852164,0.0,0.0,0.03278648853302002
1787206740.7298403,0.0,0.0,0.03278648853302002
1787206740.779566,0.0,0.0,0.03278648853302002
1787206740.8290498,0.0,0.0,0.03278648853302002
1787206740.878548,0.0,0.0,0.03271496295928955
1787206740.931728,0.0,0.0,0.03271496295928955
1787206740.980376,0.0,0.0,0.03271496295928955
1787206741.0285816,0.0,0.0,0.03283071517944336
1787206741.0797875,0.0,0.0,0.03283071517944336
1787206741.1294796,0.0,0.0,0.03283071517944336
1787206741.178649,0.0,0.0,0.03283071517944336
1787206741.2324302,0.0,0.0,0.033082246780395515
1787206741.279051,0.0,0.0,0.033082246780395515
1787206741.329389,0.0,0.0,0.033082246780395515
1787206741.380369,0.0,0.0,0.033082246780395515
1787206741.4337802,0.0,0.0,0.03314673900604249
1787206741.479151,0.0,0.0,0.03314673900604249
1787206741.536452,0.0,0.0,0.03319108486175538
1787206741.5801,0.0,0.0,0.03319108486175538
1787206741.6292973,0.0,0.0,0.03319108486175538
1787206741.6790798,0.0,0.0,0.033255577087402344
1787206741.7303946,0.0,0.0,0.033255577087402344
1787206741.7798066,0.0,0.0,0.033255577087402344
1787206741.8293586,0.0,0.0,0.033255577087402344
1787206741.8795547,0.0,0.0,0.03319835662841796
1787206741.928685,0.0,0.0,0.03337073326110839
1787206741.9796338,0.0,0.0,0.03337073326110839
1787206742.0286326,0.0,0.0,0.03337991237640381
1787206742.080499,0.0,0.0,0.03337991237640381
1787206742.1289263,0.0,0.0,0.03337991237640381
1787206742.1855876,0.0,0.0,0.03317058086395264
1787206742.2287323,0.0,0.0,0.03317058086395264
1787206742.2789497,0.0,0.0,0.03317058086395264
1787206742.330376,0.0,0.0,0.03337919712066651
1787206742.386284,0.0,0.0,0.03342044353485108
1787206742.4286044,0.0,0.0,0.03342044353485108
1787206742.494046,0.0,0.0,0.033439159393310554
1787206742.5747573,0.0,0.0,0.03348219394683838
1787206742.5839481,0.0,0.0,0.033463716506958
1787206742.6288466,0.0,0.0,0.033463716506958
1787206742.683674,0.0,0.0,0.03337419033050538
1787206742.7676587,0.0,0.0,0.0333092212677002
1787206742.8298771,0.0,0.0,0.033270239830017076
1787206742.8813424,0.0,0.0,0.03323161602020264
1787206742.977532,0.0,0.0,0.03309619426727295
1787206742.9782221,0.0,0.0,0.03320026397705078
1787206743.028627,0.0,0.0,0.033214449882507324
1787206743.1249075,0.0,0.0,0.03334510326385499
1787206743.1517587,0.0,0.0,0.03335678577423095
1787206743.1801722,0.0,0.0,0.03347671031951904
1787206743.240711,0.0,0.0,0.03347671031951904
1787206743.3163536,0.0,0.0,0.03373765945434571
1787206743.3554444,0.0,0.0,0.03368115425109864
1787206743.4244123,0.0,0.0,0.03359031677246094
1787206743.4299169,0.0,0.0,0.03353512287139893
1787206743.5289032,0.0,0.0,0.033489465713500984
1787206743.5876985,0.0,0.0,0.03353464603424073
1787206743.6657255,0.0,0.0,0.03363454341888428
1787206743.7197433,0.0,0.0,0.03373467922210693
1787206743.7347922,0.0,0.0,0.03373456001281739
1787206743.8291814,0.0,0.0,0.03375101089477539
1787206743.9300518,0.0,0.0,0.03366124629974366
1787206744.0189803,0.0,0.0,0.03352129459381104
1787206744.0669866,0.0,0.0,0.03348720073699951
1787206744.1252775,0.0,0.0,0.0335015058517456
1787206744.217611,0.0,0.0,0.033658623695373535
1787206744.2691104,0.0,0.0,0.03376424312591553
1787206744.3410513,0.0,0.0,0.03379356861114502
1787206744.3961167,0.0,0.0,0.03376424312591553
1787206744.5282574,0.0,0.0,0.03376424312591553
1787206744.6277912,0.0,0.0,0.033520340919494636
1787206744.6285276,0.0,0.0,0.03355133533477784
1787206744.705467,0.0,0.0,0.03374147415161133
1787206744.8331366,0.0,0.0,0.033800482749938965
1787206745.035276,0.0,0.0,0.03393912315368652
1787206745.0949764,0.0,0.0,0.0336611270904541
1787206745.2893412,0.0,0.0,0.033487558364868164
1787206745.36808,0.0,0.0,0.03362619876861572
1787206745.4169676,0.0,0.0,0.03346514701843262
1787206745.433367,0.0,0.0,0.03346514701843262
1787206745.5717404,0.0,0.0,0.03341567516326904
1787206745.5867767,0.0,0.0,0.033645510673522956
1787206745.682038,0.0,0.0,0.033645510673522956
1787206745.7309,0.0,0.0,0.03382110595703126
1787206745.8234162,0.0,0.0,0.03382647037506103
1787206745.8288162,0.0,0.0,0.033616304397583
1787206745.9933093,0.0,0.0,0.033616304397583
1787206746.1628113,0.0,0.0,0.03356981277465821
1787206746.2163897,0.0,0.0,0.033339142799377434
1787206746.3092976,0.0,0.0,0.033887267112731934
1787206746.3653593,0.0,0.0,0.03408432006835937
1787206746.4208567,0.0,0.0,0.0340484380722046
1787206746.4651797,0.0,0.0,0.034014344215393066
1787206746.5253532,0.0,0.0,0.033998727798461914
1787206746.5383248,0.0,0.0,0.03394150733947754
1787206746.578505,0.0,0.0,0.03391683101654052
1787206746.6783001,0.0,0.0,0.033899664878845215
1787206746.735696,0.0,0.0,0.033972740173339844
1787206746.8186324,0.0,0.0,0.03411710262298584
1787206746.8316138,0.0,0.0,0.03411710262298584
1787206746.8818905,0.0,0.0,0.03425717353820801
1787206746.9294171,0.0,0.0,0.034264564514160156
1787206746.986776,0.0,0.0,0.034123778343200684
1787206747.0362298,0.0,0.0,0.03409004211425782
1787206747.1208448,0.0,0.0,0.03405928611755372
1787206747.130676,0.0,0.0,0.03408348560333252
1787206747.226936,0.0,0.0,0.03411102294921876
1787206747.23594,0.0,0.0,0.03422975540161133
1787206747.3163707,0.0,0.0,0.03435075283050537
1787206747.3327715,0.0,0.0,0.03435981273651124
1787206747.4253657,0.0,0.0,0.03435373306274414
1787206747.4657853,0.0,0.0,0.03424990177154542
1787206747.5186563,0.0,0.0,0.0342099666595459
1787206747.5739396,0.0,0.0,0.03419506549835205
1787206747.6193419,0.0,0.0,0.03432023525238037
1787206747.6673682,0.0,0.0,0.03433048725128174
1787206747.735473,0.0,0.0,0.03441858291625977
1787206747.809485,0.0,0.0,0.03453779220581055
1787206747.8479714,0.0,0.0,0.03448653221130371
1787206747.8812196,0.0,0.0,0.03448653221130371
1787206747.9562676,0.0,0.0,0.03427755832672119
1787206748.0272958,0.0,0.0,0.03437662124633789
1787206748.0319183,0.0,0.0,0.0344390869140625
1787206748.0878808,0.0,0.0,0.03449058532714844
1787206748.139208,0.0,0.0,0.03457081317901611
1787206748.180176,0.0,0.0,0.03457081317901611
1787206748.233977,0.0,0.0,0.034517168998718255
1787206748.418791,0.0,0.0,0.0344458818435669
1787206748.43044,0.0,0.0,0.03453898429870607
1787206748.6196804,0.0,0.0,0.03453898429870607
1787206748.747238,0.0,0.0,0.03479588031768799
1787206748.8709326,0.0,0.0,0.03458130359649659
1787206748.8873165,0.0,0.0,0.0345233678817749
1787206749.053227,0.0,0.0,0.03470301628112793
1787206749.1361558,0.0,0.0,0.03488326072692871
1787206749.337579,0.0,0.0,0.03481662273406982
1787206749.4430869,0.0,0.0,0.03471839427947998
1787206749.481308,0.0,0.0,0.03493010997772218
1787206749.6592464,0.0,0.0,0.03493010997772218
1787206749.775352,0.0,0.0,0.03477942943572999
1787206749.8695083,0.0,0.0,0.03459978103637697
1787206749.9341822,0.0,0.0,0.03485441207885742
1787206749.987835,0.0,0.0,0.03485441207885742
1787206750.166979,0.0,0.0,0.034970879554748535
1787206750.1830451,0.0,0.0,0.034848570823669434
1787206750.311305,0.0,0.0,0.034848570823669434
1787206750.3332648,0.0,0.0,0.03503358364105224
1787206750.3786345,0.0,0.0,0.03526961803436279
1787206750.4696343,0.0,0.0,0.03535592555999756
1787206750.4817908,0.0,0.0,0.03531956672668458
1787206750.5291388,0.0,0.0,0.03531956672668458
1787206750.6011913,0.0,0.0,0.03524184226989746
1787206750.6325195,0.0,0.0,0.03519260883331299
1787206750.7195432,0.0,0.0,0.03514587879180908
1787206750.7657447,0.0,0.0,0.035266995429992676
1787206750.8218489,0.0,0.0,0.03540027141571045
1787206750.8666258,0.0,0.0,0.035439372062683105
1787206750.9292295,0.0,0.0,0.03543806076049804
1787206751.0199523,0.0,0.0,0.03542637825012207
1787206751.0676134,-2.5294845314162596e-05,-8.95346129281301e-07,0.035336852073669434
1787206751.106356,4.964553370316463e-11,-1.403661018820058e-09,0.0353153944015503
1787206751.1294553,4.964553370316463e-11,-1.403661018820058e-09,0.03525865077972412
1787206751.181213,4.964553370316463e-11,-1.403661018820058e-09,0.03529047966003418
1787206751.2321393,4.964553370316463e-11,-1.403661018820058e-09,0.03529047966003418
1787206751.278544,4.964553370316463e-11,-1.403661018820058e-09,0.03547346591949462
1787206751.3288426,4.964553370316463e-11,-1.403661018820058e-09,0.03553581237792969
1787206751.378268,4.964553370316463e-11,-1.403661018820058e-09,0.03553581237792969
1787206751.4292119,4.964553370316463e-11,-1.403661018820058e-09,0.03567910194396974
1787206751.4880176,4.964553370316463e-11,-1.403661018820058e-09,0.0356433391571045
1787206751.5289738,4.964553370316463e-11,-1.403661018820058e-09,0.03554117679595947
1787206751.5800467,4.964553370316463e-11,-1.403661018820058e-09,0.03555035591125488
1787206751.6345196,4.964553370316463e-11,-1.403661018820058e-09,0.03549039363861085
1787206751.6814332,4.964553370316463e-11,-1.403661018820058e-09,0.035539984703063965
1787206751.7327595,4.964553370316463e-11,-1.403661018820058e-09,0.03563296794891358
1787206751.778329,4.964553370316463e-11,-1.403661018820058e-09,0.0357593297958374
1787206751.8308592,4.964553370316463e-11,-1.403661018820058e-09,0.0357593297958374
1787206751.879113,4.964553370316463e-11,-1.403661018820058e-09,0.036003470420837395
1787206751.9296355,4.964553370316463e-11,-1.403661018820058e-09,0.036003470420837395
1787206751.9873292,4.964553370316463e-11,-1.403661018820058e-09,0.03585600852966309
1787206752.0293584,4.964553370316463e-11,-1.403661018820058e-09,0.03585600852966309
1787206752.0842793,4.964553370316463e-11,-1.403661018820058e-09,0.03580582141876221
1787206752.1285286,4.964553370316463e-11,-1.403661018820058e-09,0.035819172859191895
1787206752.179885,4.964553370316463e-11,-1.403661018820058e-09,0.035819172859191895
1787206752.2290115,4.964553370316463e-11,-1.403661018820058e-09,0.035858154296875
1787206752.2823894,4.964553370316463e-11,-1.403661018820058e-09,0.03609299659729005
1787206752.3294106,4.964553370316463e-11,-1.403661018820058e-09,0.03609299659729005
1787206752.3816242,4.964553370316463e-11,-1.403661018820058e-09,0.03609299659729005
1787206752.4318566,4.964553370316463e-11,-1.403661018820058e-09,0.036157846450805664
1787206752.4793031,4.964553370316463e-11,-1.403661018820058e-09,0.036157846450805664
1787206752.5295217,4.964553370316463e-11,-1.403661018820058e-09,0.036157846450805664
1787206752.5797567,4.964553370316463e-11,-1.403661018820058e-09,0.036007523536682136
1787206752.6342876,4.964553370316463e-11,-1.403661018820058e-09,0.036007523536682136
1787206752.6785378,4.964553370316463e-11,-1.403661018820058e-09,0.036007523536682136
1787206752.7294219,4.964553370316463e-11,-1.403661018820058e-09,0.036007523536682136
1787206752.7845716,4.964553370316463e-11,-1.403661018820058e-09,0.036219239234924316
1787206752.9280577,4.964553370316463e-11,-1.403661018820058e-09,0.036219239234924316
1787206752.9892085,4.964553370316463e-11,-1.403661018820058e-09,0.03621423244476319
1787206753.230045,4.964553370316463e-11,-1.403661018820058e-09,0.03621423244476319
1787206753.33112,4.964553370316463e-11,-1.403661018820058e-09,0.03623080253601074
1787206753.3880146,4.964553370316463e-11,-1.403661018820058e-09,0.03639864921569824
1787206753.4395313,4.964553370316463e-11,-1.403661018820058e-09,0.03639864921569824
1787206753.5547047,4.964553370316463e-11,-1.403661018820058e-09,0.03631579875946044
1787206753.7170293,4.964553370316463e-11,-1.403661018820058e-09,0.03612327575683594
1787206753.8011959,4.964553370316463e-11,-1.403661018820058e-09,0.036415219306945794
1787206753.8433259,4.964553370316463e-11,-1.403661018820058e-09,0.0365217924118042
1787206753.8812075,4.964553370316463e-11,-1.403661018820058e-09,0.03646552562713624
1787206754.1789,4.964553370316463e-11,-1.403661018820058e-09,0.03646552562713624
1787206754.279139,4.964553370316463e-11,-1.403661018820058e-09,0.03646552562713624
1787206754.3384953,4.964553370316463e-11,-1.403661018820058e-09,0.036550164222717285
1787206754.3910494,4.964553370316463e-11,-1.403661018820058e-09,0.03649735450744629
1787206754.4300325,4.964553370316463e-11,-1.403661018820058e-09,0.03649735450744629
1787206754.4883556,4.964553370316463e-11,-1.403661018820058e-09,0.03637433052062988
1787206754.5298383,4.964553370316463e-11,-1.403661018820058e-09,0.03637433052062988
1787206754.6195123,4.964553370316463e-11,-1.403661018820058e-09,0.03637719154357911
1787206754.6664617,4.964553370316463e-11,-1.403661018820058e-09,0.03647613525390626
1787206754.7239432,4.964553370316463e-11,-1.403661018820058e-09,0.03648018836975098
1787206754.7670138,4.964553370316463e-11,-1.403661018820058e-09,0.03659594058990478
1787206754.8306086,4.964553370316463e-11,-1.403661018820058e-09,0.03661942481994629
1787206754.919007,4.964553370316463e-11,-1.403661018820058e-09,0.036557555198669434
1787206754.9368405,4.964553370316463e-11,-1.403661018820058e-09,0.036502003669738776
1787206754.983002,4.964553370316463e-11,-1.403661018820058e-09,0.03646361827850342
1787206755.067918,4.964553370316463e-11,-1.403661018820058e-09,0.03642117977142334
1787206755.0849135,4.964553370316463e-11,-1.403661018820058e-09,0.03641974925994874
1787206755.1339571,4.964553370316463e-11,-1.403661018820058e-09,0.03641974925994874
1787206755.1943064,4.964553370316463e-11,-1.403661018820058e-09,0.03657567501068116
1787206755.2817934,4.964553370316463e-11,-1.403661018820058e-09,0.03661835193634033
1787206755.3332398,4.964553370316463e-11,-1.403661018820058e-09,0.03670287132263184
1787206755.4022055,4.964553370316463e-11,-1.403661018820058e-09,0.036667585372924805
1787206755.4300616,4.964553370316463e-11,-1.403661018820058e-09,0.036667585372924805
1787206755.482429,4.964553370316463e-11,-1.403661018820058e-09,0.03659069538116456
1787206755.5774763,4.964553370316463e-11,-1.403661018820058e-09,0.036543011665344245
1787206755.5783985,4.964553370316463e-11,-1.403661018820058e-09,0.036543011665344245
1787206755.6697638,4.964553370316463e-11,-1.403661018820058e-09,0.03671145439147949
1787206755.6945422,4.964553370316463e-11,-1.403661018820058e-09,0.03678631782531738
1787206755.7281976,4.964553370316463e-11,-1.403661018820058e-09,0.03696489334106445
1787206755.833126,4.964553370316463e-11,-1.403661018820058e-09,0.037001371383666985
1787206755.9206219,4.964553370316463e-11,-1.403661018820058e-09,0.0368877649307251
1787206755.9713795,4.964553370316463e-11,-1.403661018820058e-09,0.03680884838104248
1787206756.0252786,4.964553370316463e-11,-1.403661018820058e-09,0.036744832992553704
1787206756.0440354,4.964553370316463e-11,-1.403661018820058e-09,0.03677046298980713
1787206756.1269739,4.964553370316463e-11,-1.403661018820058e-09,0.03690040111541748
1787206756.170026,4.964553370316463e-11,-1.403661018820058e-09,0.037033200263977044
1787206756.217737,4.964553370316463e-11,-1.403661018820058e-09,0.03712880611419678
1787206756.231364,4.964553370316463e-11,-1.403661018820058e-09,0.037097334861755364
1787206756.2786524,4.964553370316463e-11,-1.403661018820058e-09,0.037046551704406745
1787206756.3678274,4.964553370316463e-11,-1.403661018820058e-09,0.036982655525207526
1787206756.3806183,4.964553370316463e-11,-1.403661018820058e-09,0.03695893287658691
1787206756.432022,4.964553370316463e-11,-1.403661018820058e-09,0.0369042158126831
1787206756.5176642,4.964553370316463e-11,-1.403661018820058e-09,0.037030577659606934
1787206756.5284212,4.964553370316463e-11,-1.403661018820058e-09,0.03714728355407715
1787206756.5852668,4.964553370316463e-11,-1.403661018820058e-09,0.03735351562500001
1787206756.6689062,4.964553370316463e-11,-1.403661018820058e-09,0.03738522529602051
1787206756.6836555,4.964553370316463e-11,-1.403661018820058e-09,0.03736615180969238
1787206756.7332892,4.964553370316463e-11,-1.403661018820058e-09,0.037329435348510735
1787206756.815509,4.964553370316463e-11,-1.403661018820058e-09,0.037262916564941406
1787206756.8555226,4.964553370316463e-11,-1.403661018820058e-09,0.03720581531524658
1787206756.8838434,4.964553370316463e-11,-1.403661018820058e-09,0.03707504272460938
1787206756.930814,4.964553370316463e-11,-1.403661018820058e-09,0.03718388080596924
1787206756.982668,4.964553370316463e-11,-1.403661018820058e-09,0.03723645210266114
1787206757.068786,4.964553370316463e-11,-1.403661018820058e-09,0.03736865520477295
1787206757.1267674,4.964553370316463e-11,-1.403661018820058e-09,0.03747248649597169
1787206757.1735604,4.964553370316463e-11,-1.403661018820058e-09,0.037501335144042976
1787206757.2182586,4.964553370316463e-11,-1.403661018820058e-09,0.03746998310089111
1787206757.2698603,4.964553370316463e-11,-1.403661018820058e-09,0.03742015361785889
1787206757.3227751,4.964553370316463e-11,-1.403661018820058e-09,0.03736269474029541
1787206757.3778539,4.964553370316463e-11,-1.403661018820058e-09,0.03727090358734132
1787206757.379479,4.964553370316463e-11,-1.403661018820058e-09,0.03721106052398682
1787206757.4729507,4.964553370316463e-11,-1.403661018820058e-09,0.037371039390563965
1787206757.5237155,4.964553370316463e-11,-1.403661018820058e-09,0.03756582736968994
1787206757.5399022,4.964553370316463e-11,-1.403661018820058e-09,0.03756248950958251
1787206757.6253123,4.964553370316463e-11,-1.403661018820058e-09,0.03760290145874024
1787206757.6294734,4.964553370316463e-11,-1.403661018820058e-09,0.03759431838989258
1787206757.7273273,4.964553370316463e-11,-1.403661018820058e-09,0.03754615783691406
1787206757.7284222,4.964553370316463e-11,-1.403661018820058e-09,0.037506699562072754
1787206757.8216054,4.964553370316463e-11,-1.403661018820058e-09,0.03747391700744629
1787206757.8293478,4.964553370316463e-11,-1.403661018820058e-09,0.037531256675720215
1787206757.8875277,4.964553370316463e-11,-1.403661018820058e-09,0.037531256675720215
1787206757.9308565,4.964553370316463e-11,-1.403661018820058e-09,0.03772842884063721
1787206757.9821913,4.964553370316463e-11,-1.403661018820058e-09,0.03780615329742432
1787206758.0300615,4.964553370316463e-11,-1.403661018820058e-09,0.03780615329742432
1787206758.1231818,4.964553370316463e-11,-1.403661018820058e-09,0.03785490989685059
1787206758.150709,4.964553370316463e-11,-1.403661018820058e-09,0.037825703620910645
1787206758.1786633,4.964553370316463e-11,-1.403661018820058e-09,0.037825703620910645
1787206758.232745,4.964553370316463e-11,-1.403661018820058e-09,0.03772366046905517
1787206758.3277814,4.964553370316463e-11,-1.403661018820058e-09,0.03767645359039307
1787206758.3284173,4.964553370316463e-11,-1.403661018820058e-09,0.03775346279144287
1787206758.4202788,4.964553370316463e-11,-1.403661018820058e-09,0.037829518318176276
1787206758.48822,4.964553370316463e-11,-1.403661018820058e-09,0.03784465789794921
1787206758.5681858,4.964553370316463e-11,-1.403661018820058e-09,0.03782832622528077
1787206758.6299558,4.964553370316463e-11,-1.403661018820058e-09,0.037796854972839355
1787206758.7324595,4.964553370316463e-11,-1.403661018820058e-09,0.03770315647125244
1787206758.7844465,4.964553370316463e-11,-1.403661018820058e-09,0.03786075115203857
1787206758.8991988,4.964553370316463e-11,-1.403661018820058e-09,0.03788971900939942
1787206758.9308772,4.964553370316463e-11,-1.403661018820058e-09,0.0379256010055542
1787206759.0238242,4.964553370316463e-11,-1.403661018820058e-09,0.03791606426239014
1787206759.075812,4.964553370316463e-11,-1.403661018820058e-09,0.03785836696624755
1787206759.08524,4.964553370316463e-11,-1.403661018820058e-09,0.03778457641601563
1787206759.1656246,4.964553370316463e-11,-1.403661018820058e-09,0.03775179386138916
1787206759.1872225,4.964553370316463e-11,-1.403661018820058e-09,0.037800073623657234
1787206759.2288363,4.964553370316463e-11,-1.403661018820058e-09,0.037800073623657234
1787206759.283368,4.964553370316463e-11,-1.403661018820058e-09,0.03801405429840089
1787206759.3342657,4.964553370316463e-11,-1.403661018820058e-09,0.03801405429840089
1787206759.4207256,4.964553370316463e-11,-1.403661018820058e-09,0.0380549430847168
1787206759.4811335,4.964553370316463e-11,-1.403661018820058e-09,0.03817033767700197
1787206759.5771198,4.964553370316463e-11,-1.403661018820058e-09,0.03813111782073973
1787206759.6296139,4.964553370316463e-11,-1.403661018820058e-09,0.03808724880218506
1787206759.7200193,4.964553370316463e-11,-1.403661018820058e-09,0.038039565086364746
1787206759.7663994,4.964553370316463e-11,-1.403661018820058e-09,0.03814339637756347
1787206759.824695,4.964553370316463e-11,-1.403661018820058e-09,0.038192152976989746
1787206759.8679643,4.964553370316463e-11,-1.403661018820058e-09,0.038347721099853516
1787206759.9029896,4.964553370316463e-11,-1.403661018820058e-09,0.038365483283996575
1787206759.928839,4.964553370316463e-11,-1.403661018820058e-09,0.038365483283996575
1787206759.982756,4.964553370316463e-11,-1.403661018820058e-09,0.03823816776275635
1787206760.0306711,4.964553370316463e-11,-1.403661018820058e-09,0.038137197494506836
1787206760.0811968,4.964553370316463e-11,-1.403661018820058e-09,0.038134455680847175
1787206760.1699522,4.964553370316463e-11,-1.403661018820058e-09,0.038351655006408684
1787206760.1841023,4.964553370316463e-11,-1.403661018820058e-09,0.03835690021514893
1787206760.2322023,4.964553370316463e-11,-1.403661018820058e-09,0.03835690021514893
1787206760.2819746,4.964553370316463e-11,-1.403661018820058e-09,0.0385822057723999
1787206760.3688293,4.964553370316463e-11,-1.403661018820058e-09,0.038553237915039056
1787206760.3792975,4.964553370316463e-11,-1.403661018820058e-09,0.03852474689483642
1787206760.4296913,4.964553370316463e-11,-1.403661018820058e-09,0.03846406936645508
1787206760.489423,4.964553370316463e-11,-1.403661018820058e-09,0.03844141960144043
1787206760.5330033,4.964553370316463e-11,-1.403661018820058e-09,0.03844141960144043
1787206760.5884519,4.964553370316463e-11,-1.403661018820058e-09,0.038571238517761224
1787206760.665891,4.964553370316463e-11,-1.403661018820058e-09,0.03870534896850586
1787206760.6818926,4.964553370316463e-11,-1.403661018820058e-09,0.03877627849578858
1787206760.7681289,4.964553370316463e-11,-1.403661018820058e-09,0.038747191429138184
1787206760.820117,4.964553370316463e-11,-1.403661018820058e-09,0.03870666027069091
1787206760.8754377,4.964553370316463e-11,-1.403661018820058e-09,0.038666367530822754
1787206760.9229107,4.964553370316463e-11,-1.403661018820058e-09,0.038719892501831055
1787206760.9670963,4.964553370316463e-11,-1.403661018820058e-09,0.03883707523345947
1787206761.0278106,4.964553370316463e-11,-1.403661018820058e-09,0.038898468017578125
1787206761.0283844,4.964553370316463e-11,-1.403661018820058e-09,0.038926124572753906
1787206761.1252575,4.964553370316463e-11,-1.403661018820058e-09,0.03898477554321289
1787206761.1769226,4.964553370316463e-11,-1.403661018820058e-09,0.03895866870880126
1787206761.2147853,4.964553370316463e-11,-1.403661018820058e-09,0.03892230987548829
1787206761.2332227,4.964553370316463e-11,-1.403661018820058e-09,0.03887939453124999
1787206761.3178856,4.964553370316463e-11,-1.403661018820058e-09,0.038858652114868164
1787206761.331337,4.964553370316463e-11,-1.403661018820058e-09,0.038858652114868164
1787206761.41674,4.964553370316463e-11,-1.403661018820058e-09,0.03898060321807862
1787206761.4750974,4.964553370316463e-11,-1.403661018820058e-09,0.03909480571746826
1787206761.5208561,4.964553370316463e-11,-1.403661018820058e-09,0.039128899574279785
1787206761.569054,4.964553370316463e-11,-1.403661018820058e-09,0.039083480834960944
1787206761.578653,4.964553370316463e-11,-1.403661018820058e-09,0.039043545722961426
1787206761.6328177,4.964553370316463e-11,-1.403661018820058e-09,0.039043545722961426
1787206761.718132,4.964553370316463e-11,-1.403661018820058e-09,0.039102077484130866
1787206761.7310464,4.964553370316463e-11,-1.403661018820058e-09,0.039148807525634766
1787206761.7850637,4.964553370316463e-11,-1.403661018820058e-09,0.039148807525634766
1787206761.8731937,4.964553370316463e-11,-1.403661018820058e-09,0.0392603874206543
1787206761.9195979,4.964553370316463e-11,-1.403661018820058e-09,0.039245367050170905
1787206761.9286582,4.964553370316463e-11,-1.403661018820058e-09,0.03920626640319825
1787206762.0441926,4.964553370316463e-11,-1.403661018820058e-09,0.03912568092346191
1787206762.079245,4.964553370316463e-11,-1.403661018820058e-09,0.03908860683441162
1787206762.192384,4.964553370316463e-11,-1.403661018820058e-09,0.03897678852081298
1787206762.2286625,4.964553370316463e-11,-1.403661018820058e-09,0.039325833320617676
1787206762.2944005,4.964553370316463e-11,-1.403661018820058e-09,0.039325833320617676
1787206762.3770504,4.964553370316463e-11,-1.403661018820058e-09,0.03930187225341797
1787206762.4183137,4.964553370316463e-11,-1.403661018820058e-09,0.0391296148300171
1787206762.4292445,4.964553370316463e-11,-1.403661018820058e-09,0.0391296148300171
1787206762.4785566,4.964553370316463e-11,-1.403661018820058e-09,0.0391296148300171
1787206762.5297267,4.964553370316463e-11,-1.403661018820058e-09,0.03904545307159424
1787206762.5789294,4.964553370316463e-11,-1.403661018820058e-09,0.03934335708618164
1787206762.6515338,4.964553370316463e-11,-1.403661018820058e-09,0.03934335708618164
1787206762.6924913,4.964553370316463e-11,-1.403661018820058e-09,0.03942596912384034
1787206762.7305188,4.964553370316463e-11,-1.403661018820058e-09,0.03959667682647706
1787206762.779287,4.964553370316463e-11,-1.403661018820058e-09,0.03953206539154053
1787206762.8397324,4.964553370316463e-11,-1.403661018820058e-09,0.03949058055877685
1787206762.8806689,4.964553370316463e-11,-1.403661018820058e-09,0.039448022842407234
1787206762.9405017,4.964553370316463e-11,-1.403661018820058e-09,0.039488911628723145
1787206763.0235972,4.964553370316463e-11,-1.403661018820058e-09,0.039585232734680176
1787206763.0343597,4.964553370316463e-11,-1.403661018820058e-09,0.03971731662750245
1787206763.0900004,4.964553370316463e-11,-1.403661018820058e-09,0.0397402048110962
1787206763.1286733,4.964553370316463e-11,-1.403661018820058e-09,0.03970098495483399
1787206763.1803246,4.964553370316463e-11,-1.403661018820058e-09,0.039625167846679694
1787206763.2685487,4.964553370316463e-11,-1.403661018820058e-09,0.03960025310516358
1787206763.3351223,4.964553370316463e-11,-1.403661018820058e-09,0.03955090045928955
1787206763.419722,4.964553370316463e-11,-1.403661018820058e-09,0.03969275951385498
1787206763.4733293,4.964553370316463e-11,-1.403661018820058e-09,0.03986251354217529
1787206763.5209875,4.964553370316463e-11,-1.403661018820058e-09,0.0398944616317749
1787206763.5675175,4.964553370316463e-11,-1.403661018820058e-09,0.0398557186126709
1787206763.6259234,4.964553370316463e-11,-1.403661018820058e-09,0.03995490074157715
1787206763.665546,4.964553370316463e-11,-1.403661018820058e-09,0.03985321521759034
1787206763.680533,4.964553370316463e-11,-1.403661018820058e-09,0.0397101640701294
1787206763.7300286,4.964553370316463e-11,-1.403661018820058e-09,0.0397101640701294
1787206763.7800932,4.964553370316463e-11,-1.403661018820058e-09,0.039821743965148926
1787206763.8732643,4.964553370316463e-11,-1.403661018820058e-09,0.03994584083557128
1787206763.8783522,4.964553370316463e-11,-1.403661018820058e-09,0.03999423980712891
1787206763.928938,4.964553370316463e-11,-1.403661018820058e-09,0.039983391761779785
1787206764.0300708,4.964553370316463e-11,-1.403661018820058e-09,0.0399554967880249
1787206764.0784016,4.964553370316463e-11,-1.403661018820058e-09,0.03980863094329834
1787206764.131629,4.964553370316463e-11,-1.403661018820058e-09,0.0397195816040039
1787206764.1817255,4.964553370316463e-11,-1.403661018820058e-09,0.03985953330993653
1787206764.2331028,4.964553370316463e-11,-1.403661018820058e-09,0.03985953330993653
1787206764.325164,4.964553370316463e-11,-1.403661018820058e-09,0.040064930915832526
1787206764.3316996,4.964553370316463e-11,-1.403661018820058e-09,0.04003119468688965
1787206764.382092,4.964553370316463e-11,-1.403661018820058e-09,0.039957404136657715
1787206764.46556,4.964553370316463e-11,-1.403661018820058e-09,0.03993213176727294
1787206764.527504,4.964553370316463e-11,-1.403661018820058e-09,0.039912223815917976
1787206764.5280876,4.964553370316463e-11,-1.403661018820058e-09,0.03979754447937012
1787206764.61765,4.964553370316463e-11,-1.403661018820058e-09,0.03981876373291016
1787206764.6747103,4.964553370316463e-11,-1.403661018820058e-09,0.039969801902770996
1787206764.7213798,4.964553370316463e-11,-1.403661018820058e-09,0.04002571105957031
1787206764.771399,4.964553370316463e-11,-1.403661018820058e-09,0.04006373882293702
1787206764.8290863,4.964553370316463e-11,-1.403661018820058e-09,0.04000139236450195
1787206764.920882,4.964553370316463e-11,-1.403661018820058e-09,0.03984153270721436
1787206764.9343002,4.964553370316463e-11,-1.403661018820058e-09,0.03984260559082032
1787206764.9855096,4.964553370316463e-11,-1.403661018820058e-09,0.03994178771972656
1787206765.0294023,4.964553370316463e-11,-1.403661018820058e-09,0.03994178771972656
1787206765.0947158,4.964553370316463e-11,-1.403661018820058e-09,0.04012942314147949
1787206765.1312635,4.964553370316463e-11,-1.403661018820058e-09,0.04012942314147949
1787206765.1893306,4.964553370316463e-11,-1.403661018820058e-09,0.04016005992889404
1787206765.2809825,4.964553370316463e-11,-1.403661018820058e-09,0.040156364440917976
1787206765.3691077,4.964553370316463e-11,-1.403661018820058e-09,0.039888620376586914
1787206765.3793297,4.964553370316463e-11,-1.403661018820058e-09,0.03983736038208008
1787206765.4305594,4.964553370316463e-11,-1.403661018820058e-09,0.03983736038208008
1787206765.4851794,4.964553370316463e-11,-1.403661018820058e-09,0.03994798660278321
1787206765.5752718,4.964553370316463e-11,-1.403661018820058e-09,0.04005742073059082
1787206765.5786715,4.964553370316463e-11,-1.403661018820058e-09,0.04015827178955078
1787206765.6329703,4.964553370316463e-11,-1.403661018820058e-09,0.04016733169555664
1787206765.727064,4.964553370316463e-11,-1.403661018820058e-09,0.04013693332672119
1787206765.76947,4.964553370316463e-11,-1.403661018820058e-09,0.040006160736083984
1787206765.8258517,4.964553370316463e-11,-1.403661018820058e-09,0.03994667530059816
1787206765.8717763,4.964553370316463e-11,-1.403661018820058e-09,0.039749503135681145
1787206765.9199886,4.964553370316463e-11,-1.403661018820058e-09,0.039873600006103516
1787206765.9663603,4.964553370316463e-11,-1.403661018820058e-09,0.03993022441864014
1787206766.0271032,4.964553370316463e-11,-1.403661018820058e-09,0.04000818729400635
1787206766.067985,4.964553370316463e-11,-1.403661018820058e-09,0.04036641120910645
1787206766.1192112,4.964553370316463e-11,-1.403661018820058e-09,0.04050207138061523
1787206766.1316109,4.964553370316463e-11,-1.403661018820058e-09,0.04047131538391113
1787206766.1853242,4.964553370316463e-11,-1.403661018820058e-09,0.040395140647888184
1787206766.2364535,4.964553370316463e-11,-1.403661018820058e-09,0.04031121730804445
1787206766.314919,4.964553370316463e-11,-1.403661018820058e-09,0.040236592292785645
1787206766.33398,4.964553370316463e-11,-1.403661018820058e-09,0.040236592292785645
1787206766.4290738,4.964553370316463e-11,-1.403661018820058e-09,0.04010117053985596
1787206766.4797933,4.964553370316463e-11,-1.403661018820058e-09,0.04047775268554688
1787206766.5344915,4.964553370316463e-11,-1.403661018820058e-09,0.04050254821777344
1787206766.579389,4.964553370316463e-11,-1.403661018820058e-09,0.04050254821777344
1787206766.6342945,4.964553370316463e-11,-1.403661018820058e-09,0.04058694839477539
1787206766.7318282,4.964553370316463e-11,-1.403661018820058e-09,0.04077494144439697
1787206766.8426816,4.964553370316463e-11,-1.403661018820058e-09,0.040532112121582024
1787206766.8804796,4.964553370316463e-11,-1.403661018820058e-09,0.04022800922393799
1787206766.9288857,4.964553370316463e-11,-1.403661018820058e-09,0.04022800922393799
1787206766.980749,4.964553370316463e-11,-1.403661018820058e-09,0.04017961025238037
1787206767.0315144,4.964553370316463e-11,-1.403661018820058e-09,0.040258884429931634
1787206767.1349087,4.964553370316463e-11,-1.403661018820058e-09,0.04038822650909423
1787206767.225641,4.964553370316463e-11,-1.403661018820058e-09,0.04052305221557617
1787206767.2852528,4.964553370316463e-11,-1.403661018820058e-09,0.04059720039367676
1787206767.374288,4.964553370316463e-11,-1.403661018820058e-09,0.04045140743255615
1787206767.3959706,4.964553370316463e-11,-1.403661018820058e-09,0.040313005447387695
1787206767.4325519,4.964553370316463e-11,-1.403661018820058e-09,0.040313005447387695
1787206767.5234168,4.964553370316463e-11,-1.403661018820058e-09,0.040258049964904785
1787206767.5319307,4.964553370316463e-11,-1.403661018820058e-09,0.040376901626586914
1787206767.5818977,4.964553370316463e-11,-1.403661018820058e-09,0.04047620296478272
1787206767.6447542,4.964553370316463e-11,-1.403661018820058e-09,0.04049611091613769
1787206767.7324238,4.964553370316463e-11,-1.403661018820058e-09,0.0405040979385376
1787206767.7851343,4.964553370316463e-11,-1.403661018820058e-09,0.04036009311676025
1787206767.8332462,4.964553370316463e-11,-1.403661018820058e-09,0.04036009311676025
1787206767.8845024,4.964553370316463e-11,-1.403661018820058e-09,0.04034650325775147
1787206767.9314435,4.964553370316463e-11,-1.403661018820058e-09,0.040342211723327644
1787206767.9806774,4.964553370316463e-11,-1.403661018820058e-09,0.040342211723327644
1787206768.0328722,4.964553370316463e-11,-1.403661018820058e-09,0.04053294658660889
1787206768.088065,4.964553370316463e-11,-1.403661018820058e-09,0.04059267044067382
1787206768.130692,4.964553370316463e-11,-1.403661018820058e-09,0.04059267044067382
1787206768.1811857,4.964553370316463e-11,-1.403661018820058e-09,0.04061019420623779
1787206768.275513,4.964553370316463e-11,-1.403661018820058e-09,0.04057145118713379
1787206768.3213527,4.964553370316463e-11,-1.403661018820058e-09,0.04050552845001221
1787206768.3686483,4.964553370316463e-11,-1.403661018820058e-09,0.0404902696609497
1787206768.4277747,4.964553370316463e-11,-1.403661018820058e-09,0.04044306278228759
1787206768.4284413,4.964553370316463e-11,-1.403661018820058e-09,0.04036104679107666
1787206768.5257454,4.964553370316463e-11,-1.403661018820058e-09,0.04048168659210206
1787206768.5743709,4.964553370316463e-11,-1.403661018820058e-09,0.04059779644012451
1787206768.6204164,4.964553370316463e-11,-1.403661018820058e-09,0.04062914848327637
1787206768.6663556,4.964553370316463e-11,-1.403661018820058e-09,0.04063248634338378
1787206768.689491,4.964553370316463e-11,-1.403661018820058e-09,0.04065406322479248
1787206768.7311802,4.964553370316463e-11,-1.403661018820058e-09,0.0406041145324707
1787206768.8166325,4.964553370316463e-11,-1.403661018820058e-09,0.0405350923538208
1787206768.8533688,4.964553370316463e-11,-1.403661018820058e-09,0.04052054882049561
1787206768.878471,4.964553370316463e-11,-1.403661018820058e-09,0.04046833515167236
1787206768.9666898,4.964553370316463e-11,-1.403661018820058e-09,0.040600061416625984
1787206768.982234,4.964553370316463e-11,-1.403661018820058e-09,0.040652990341186516
1787206769.0284135,4.964553370316463e-11,-1.403661018820058e-09,0.040652990341186516
1787206769.0792744,4.964553370316463e-11,-1.403661018820058e-09,0.04071688652038575
1787206769.1320739,4.964553370316463e-11,-1.403661018820058e-09,0.04071688652038575
1787206769.185046,4.964553370316463e-11,-1.403661018820058e-09,0.04071152210235596
1787206769.2324193,4.964553370316463e-11,-1.403661018820058e-09,0.04068148136138916
1787206769.3267515,4.964553370316463e-11,-1.403661018820058e-09,0.04061925411224365
1787206769.3314412,4.964553370316463e-11,-1.403661018820058e-09,0.04055428504943848
1787206769.3814018,4.964553370316463e-11,-1.403661018820058e-09,0.04053044319152832
1787206769.4310272,4.964553370316463e-11,-1.403661018820058e-09,0.04053044319152832
1787206769.4795494,4.964553370316463e-11,-1.403661018820058e-09,0.040727853775024414
1787206769.5870914,4.964553370316463e-11,-1.403661018820058e-09,0.04083645343780517
1787206769.6683812,4.964553370316463e-11,-1.403661018820058e-09,0.040831685066223145
1787206769.7286031,4.964553370316463e-11,-1.403661018820058e-09,0.04075920581817627
1787206769.8309,4.964553370316463e-11,-1.403661018820058e-09,0.040666818618774414
1787206769.9214997,4.964553370316463e-11,-1.403661018820058e-09,0.04052913188934327
1787206769.9760299,4.964553370316463e-11,-1.403661018820058e-09,0.04061412811279296
1787206769.9804444,4.964553370316463e-11,-1.403661018820058e-09,0.0407489538192749
1787206770.0686088,4.964553370316463e-11,-1.403661018820058e-09,0.04100918769836426
1787206770.0857751,4.964553370316463e-11,-1.403661018820058e-09,0.04104650020599366
1787206770.1307309,4.964553370316463e-11,-1.403661018820058e-09,0.04104650020599366
1787206770.189139,4.964553370316463e-11,-1.403661018820058e-09,0.04103958606719971
1787206770.2770793,4.964553370316463e-11,-1.403661018820058e-09,0.04093241691589356
1787206770.2818244,4.964553370316463e-11,-1.403661018820058e-09,0.04092562198638916
1787206770.329906,4.964553370316463e-11,-1.403661018820058e-09,0.040785908699035645
1787206770.394398,4.964553370316463e-11,-1.403661018820058e-09,0.040802836418151855
1787206770.4294763,4.964553370316463e-11,-1.403661018820058e-09,0.040802836418151855
1787206770.4844694,4.964553370316463e-11,-1.403661018820058e-09,0.04102492332458496
1787206770.5741775,4.964553370316463e-11,-1.403661018820058e-09,0.04105007648468017
1787206770.584116,4.964553370316463e-11,-1.403661018820058e-09,0.04110312461853027
1787206770.6729064,4.964553370316463e-11,-1.403661018820058e-09,0.04106473922729492
1787206770.6861348,4.964553370316463e-11,-1.403661018820058e-09,0.04109060764312745
1787206770.7288225,4.964553370316463e-11,-1.403661018820058e-09,0.041000127792358405
1787206770.8321517,4.964553370316463e-11,-1.403661018820058e-09,0.04092121124267578
1787206770.9228954,4.964553370316463e-11,-1.403661018820058e-09,0.040827155113220215
1787206770.9776366,4.964553370316463e-11,-1.403661018820058e-09,0.04075562953948975
1787206770.9782922,4.964553370316463e-11,-1.403661018820058e-09,0.04073059558868408
1787206771.0702305,4.964553370316463e-11,-1.403661018820058e-09,0.04073059558868408
1787206771.128754,4.964553370316463e-11,-1.403661018820058e-09,0.04097414016723634
1787206771.2262855,4.964553370316463e-11,-1.403661018820058e-09,0.04101657867431641
1787206771.251249,4.964553370316463e-11,-1.403661018820058e-09,0.04097545146942139
1787206771.2784367,4.964553370316463e-11,-1.403661018820058e-09,0.04089462757110596
1787206771.3389766,4.964553370316463e-11,-1.403661018820058e-09,0.040836215019226074
1787206771.4127653,4.964553370316463e-11,-1.403661018820058e-09,0.0407942533493042
1787206771.433559,4.964553370316463e-11,-1.403661018820058e-09,0.04067409038543701
1787206771.4787436,4.964553370316463e-11,-1.403661018820058e-09,0.04067409038543701
1787206771.5335393,4.964553370316463e-11,-1.403661018820058e-09,0.040717244148254395
1787206771.580489,4.964553370316463e-11,-1.403661018820058e-09,0.04094779491424561
1787206771.6358497,4.964553370316463e-11,-1.403661018820058e-09,0.04100525379180908
1787206771.7227929,4.964553370316463e-11,-1.403661018820058e-09,0.04098999500274658
1787206771.7342129,4.964553370316463e-11,-1.403661018820058e-09,0.04088032245635986
1787206771.8123412,4.964553370316463e-11,-1.403661018820058e-09,0.04082036018371582
1787206771.830578,4.964553370316463e-11,-1.403661018820058e-09,0.04082036018371582
1787206771.8817382,4.964553370316463e-11,-1.403661018820058e-09,0.04063546657562256
1787206771.933979,4.964553370316463e-11,-1.403661018820058e-09,0.04071390628814697
1787206771.9829872,4.964553370316463e-11,-1.403661018820058e-09,0.04071390628814697
1787206772.0682287,4.964553370316463e-11,-1.403661018820058e-09,0.04095184803009033
1787206772.127971,4.964553370316463e-11,-1.403661018820058e-09,0.04107403755187988
1787206772.128514,4.964553370316463e-11,-1.403661018820058e-09,0.04111778736114502
1787206772.221743,4.964553370316463e-11,-1.403661018820058e-09,0.04109513759613037
1787206772.2774217,4.964553370316463e-11,-1.403661018820058e-09,0.04105699062347413
1787206772.2781112,4.964553370316463e-11,-1.403661018820058e-09,0.04103434085845947
1787206772.3745408,4.964553370316463e-11,-1.403661018820058e-09,0.041009306907653816
1787206772.427685,4.964553370316463e-11,-1.403661018820058e-09,0.04093730449676514
1787206772.4283907,4.964553370316463e-11,-1.403661018820058e-09,0.04110229015350341
1787206772.4816964,4.964553370316463e-11,-1.403661018820058e-09,0.04115188121795654
1787206772.5318422,4.964553370316463e-11,-1.403661018820058e-09,0.041356563568115234
1787206772.5786805,4.964553370316463e-11,-1.403661018820058e-09,0.041334867477417
1787206772.6445897,4.964553370316463e-11,-1.403661018820058e-09,0.04134953022003174
1787206772.729135,4.964553370316463e-11,-1.403661018820058e-09,0.04125785827636719
1787206772.8292968,4.964553370316463e-11,-1.403661018820058e-09,0.04111909866333008
1787206772.8795443,4.964553370316463e-11,-1.403661018820058e-09,0.04120004177093506
1787206772.9311972,4.964553370316463e-11,-1.403661018820058e-09,0.041346788406372084
1787206772.9854739,4.964553370316463e-11,-1.403661018820058e-09,0.041503548622131355
1787206773.0281532,4.964553370316463e-11,-1.403661018820058e-09,0.0416489839553833
1787206773.1328745,4.964553370316463e-11,-1.403661018820058e-09,0.04167163372039795
1787206773.1809397,4.964553370316463e-11,-1.403661018820058e-09,0.04144024848937988
1787206773.2711112,4.964553370316463e-11,-1.403661018820058e-09,0.04141807556152344
1787206773.324698,4.964553370316463e-11,-1.403661018820058e-09,0.041439652442932136
1787206773.371247,4.964553370316463e-11,-1.403661018820058e-09,0.041542887687683105
1787206773.4308655,4.964553370316463e-11,-1.403661018820058e-09,0.041609883308410645
1787206773.5217216,4.964553370316463e-11,-1.403661018820058e-09,0.04171454906463623
1787206773.5751936,4.964553370316463e-11,-1.403661018820058e-09,0.04173874855041504
1787206773.617634,4.964553370316463e-11,-1.403661018820058e-09,0.04172217845916749
1787206773.6621945,4.964553370316463e-11,-1.403661018820058e-09,0.0416184663772583
1787206773.6852353,4.964553370316463e-11,-1.403661018820058e-09,0.04156410694122315
1787206773.7280507,4.964553370316463e-11,-1.403661018820058e-09,0.04145812988281249
1787206773.7798076,4.964553370316463e-11,-1.403661018820058e-09,0.041354060173034675
1787206773.842542,4.964553370316463e-11,-1.403661018820058e-09,0.041354060173034675
1787206773.8782454,4.964553370316463e-11,-1.403661018820058e-09,0.04147076606750488
1787206773.9365396,4.964553370316463e-11,-1.403661018820058e-09,0.04164063930511474
1787206774.0273638,4.964553370316463e-11,-1.403661018820058e-09,0.04168140888214112
1787206774.028076,4.964553370316463e-11,-1.403661018820058e-09,0.041651129722595215
1787206774.0786555,4.964553370316463e-11,-1.403661018820058e-09,0.041545987129211426
1787206774.1602025,4.964553370316463e-11,-1.403661018820058e-09,0.041545987129211426
1787206774.1797256,4.964553370316463e-11,-1.403661018820058e-09,0.041478514671325684
1787206774.2858438,4.964553370316463e-11,-1.403661018820058e-09,0.04149603843688965
1787206774.3382397,4.964553370316463e-11,-1.403661018820058e-09,0.041478633880615234
1787206774.4544942,4.964553370316463e-11,-1.403661018820058e-09,0.04167997837066651
1787206774.5341544,4.964553370316463e-11,-1.403661018820058e-09,0.041764020919799805
1787206774.6216698,4.964553370316463e-11,-1.403661018820058e-09,0.04170191287994385
1787206774.6778057,4.964553370316463e-11,-1.403661018820058e-09,0.041628360748291016
1787206774.6783683,4.964553370316463e-11,-1.403661018820058e-09,0.041608810424804694
1787206774.7692952,4.964553370316463e-11,-1.403661018820058e-09,0.04158294200897217
1787206774.8296003,4.964553370316463e-11,-1.403661018820058e-09,0.041541337966918945
1787206774.8913753,4.964553370316463e-11,-1.403661018820058e-09,0.041550517082214355
1787206774.9320786,4.964553370316463e-11,-1.403661018820058e-09,0.041550517082214355
1787206774.9894483,4.964553370316463e-11,-1.403661018820058e-09,0.04170584678649902
1787206775.033795,4.964553370316463e-11,-1.403661018820058e-09,0.041827321052551256
1787206775.08485,4.964553370316463e-11,-1.403661018820058e-09,0.04186248779296875
1787206775.1782732,4.964553370316463e-11,-1.403661018820058e-09,0.04191386699676514
1787206775.2284567,4.964553370316463e-11,-1.403661018820058e-09,0.04205048084259034
1787206775.328358,4.964553370316463e-11,-1.403661018820058e-09,0.04202497005462646
1787206775.384328,4.964553370316463e-11,-1.403661018820058e-09,0.04197609424591065
1787206775.42977,4.964553370316463e-11,-1.403661018820058e-09,0.04197609424591065
1787206775.4979696,4.964553370316463e-11,-1.403661018820058e-09,0.04196536540985107
1787206775.5289676,4.964553370316463e-11,-1.403661018820058e-09,0.041922450065612786
1787206775.5814939,4.964553370316463e-11,-1.403661018820058e-09,0.04190051555633545
1787206775.728178,4.964553370316463e-11,-1.403661018820058e-09,0.041724324226379395
1787206775.8300645,4.964553370316463e-11,-1.403661018820058e-09,0.0416170358657837
1787206775.879325,4.964553370316463e-11,-1.403661018820058e-09,0.041881442070007324
1787206775.9757035,4.964553370316463e-11,-1.403661018820058e-09,0.04211390018463135
1787206776.0224285,4.964553370316463e-11,-1.403661018820058e-09,0.04213833808898926
1787206776.0303931,4.964553370316463e-11,-1.403661018820058e-09,0.04213833808898926
1787206776.1133654,4.964553370316463e-11,-1.403661018820058e-09,0.04213154315948486
1787206776.1307003,4.964553370316463e-11,-1.403661018820058e-09,0.04213154315948486
1787206776.2002761,4.964553370316463e-11,-1.403661018820058e-09,0.041990876197814955
1787206776.2305024,4.964553370316463e-11,-1.403661018820058e-09,0.041990876197814955
1787206776.278608,4.964553370316463e-11,-1.403661018820058e-09,0.04195690155029297
1787206776.3686316,4.964553370316463e-11,-1.403661018820058e-09,0.042022705078125
1787206776.4043295,4.964553370316463e-11,-1.403661018820058e-09,0.042076945304870605
1787206776.431659,4.964553370316463e-11,-1.403661018820058e-09,0.042076945304870605
1787206776.4814692,4.964553370316463e-11,-1.403661018820058e-09,0.04213416576385499
1787206776.534598,4.964553370316463e-11,-1.403661018820058e-09,0.04213416576385499
1787206776.5811596,4.964553370316463e-11,-1.403661018820058e-09,0.04210066795349121
1787206776.6794887,4.964553370316463e-11,-1.403661018820058e-09,0.04203164577484131
1787206776.7285538,4.964553370316463e-11,-1.403661018820058e-09,0.04188799858093262
1787206776.8206182,4.964553370316463e-11,-1.403661018820058e-09,0.041789174079895026
1787206776.8302448,4.964553370316463e-11,-1.403661018820058e-09,0.041789174079895026
1787206776.924396,4.964553370316463e-11,-1.403661018820058e-09,0.04200184345245361
1787206776.9794421,4.964553370316463e-11,-1.403661018820058e-09,0.04207170009613038
1787206777.0703762,4.964553370316463e-11,-1.403661018820058e-09,0.042066335678100586
1787206777.126608,4.964553370316463e-11,-1.403661018820058e-09,0.04204678535461426
1787206777.1705124,4.964553370316463e-11,-1.403661018820058e-09,0.0419762134552002
1787206777.2194834,4.964553370316463e-11,-1.403661018820058e-09,0.04197561740875244
1787206777.2753243,4.964553370316463e-11,-1.403661018820058e-09,0.04195749759674072
1787206777.3220353,4.964553370316463e-11,-1.403661018820058e-09,0.042009949684143066
1787206777.334666,4.964553370316463e-11,-1.403661018820058e-09,0.04208195209503174
1787206777.3799038,4.964553370316463e-11,-1.403661018820058e-09,0.04208195209503174
1787206777.4287834,4.964553370316463e-11,-1.403661018820058e-09,0.04214799404144287
1787206777.4801037,4.964553370316463e-11,-1.403661018820058e-09,0.0422513484954834
1787206777.5321226,4.964553370316463e-11,-1.403661018820058e-09,0.04224681854248047
1787206777.578956,4.964553370316463e-11,-1.403661018820058e-09,0.04219257831573487
1787206777.6287107,4.964553370316463e-11,-1.403661018820058e-09,0.04217064380645752
1787206777.727872,4.964553370316463e-11,-1.403661018820058e-09,0.042139649391174316
1787206777.7285504,4.964553370316463e-11,-1.403661018820058e-09,0.04230856895446778
1787206777.7832432,4.964553370316463e-11,-1.403661018820058e-09,0.04252445697784424
1787206777.8381414,4.964553370316463e-11,-1.403661018820058e-09,0.04252445697784424
1787206777.882436,4.964553370316463e-11,-1.403661018820058e-09,0.04259204864501954
1787206777.939276,4.964553370316463e-11,-1.403661018820058e-09,0.04259324073791504
1787206778.0230305,4.964553370316463e-11,-1.403661018820058e-09,0.04249811172485351
1787206778.0385454,4.964553370316463e-11,-1.403661018820058e-09,0.04243028163909913
1787206778.1302574,4.964553370316463e-11,-1.403661018820058e-09,0.04238677024841308
1787206778.2245948,4.964553370316463e-11,-1.403661018820058e-09,0.04259598255157471
1787206778.2828138,4.964553370316463e-11,-1.403661018820058e-09,0.04264187812805176
1787206778.3697677,4.964553370316463e-11,-1.403661018820058e-09,0.042675495147705085
1787206778.4295356,4.964553370316463e-11,-1.403661018820058e-09,0.04265439510345459
1787206778.5229778,4.964553370316463e-11,-1.403661018820058e-09,0.04248940944671631
1787206778.5285647,4.964553370316463e-11,-1.403661018820058e-09,0.0424882173538208
1787206778.582166,4.964553370316463e-11,-1.403661018820058e-09,0.0424882173538208
1787206778.6610308,4.964553370316463e-11,-1.403661018820058e-09,0.04257631301879882
1787206778.6881807,4.964553370316463e-11,-1.403661018820058e-09,0.04257631301879882
1787206778.7343392,4.964553370316463e-11,-1.403661018820058e-09,0.042658805847167976
1787206778.7811887,4.964553370316463e-11,-1.403661018820058e-09,0.04270863533020019
1787206778.8806095,4.964553370316463e-11,-1.403661018820058e-09,0.04267394542694092
1787206778.9335005,4.964553370316463e-11,-1.403661018820058e-09,0.04257833957672119
1787206779.028051,4.964553370316463e-11,-1.403661018820058e-09,0.042522311210632324
1787206779.13373,4.964553370316463e-11,-1.403661018820058e-09,0.042479634284973145
1787206779.2312288,4.964553370316463e-11,-1.403661018820058e-09,0.04254150390624999
1787206779.2841349,4.964553370316463e-11,-1.403661018820058e-09,0.042825102806091316
1787206779.3770964,4.964553370316463e-11,-1.403661018820058e-09,0.042890071868896484
1787206779.4218934,4.964553370316463e-11,-1.403661018820058e-09,0.04290914535522461
1787206779.4761975,4.964553370316463e-11,-1.403661018820058e-09,0.042943477630615234
1787206779.5243435,4.964553370316463e-11,-1.403661018820058e-09,0.04295766353607178
1787206779.5672138,4.964553370316463e-11,-1.403661018820058e-09,0.04295647144317627
1787206779.6282437,4.964553370316463e-11,-1.403661018820058e-09,0.04297840595245362
1787206779.7212067,4.964553370316463e-11,-1.403661018820058e-09,0.04288089275360108
1787206779.7379014,4.964553370316463e-11,-1.403661018820058e-09,0.04280364513397217
1787206779.7792084,4.964553370316463e-11,-1.403661018820058e-09,0.04280364513397217
1787206779.8668852,4.964553370316463e-11,-1.403661018820058e-09,0.04275357723236085
1787206779.878907,4.964553370316463e-11,-1.403661018820058e-09,0.04281044006347656
1787206779.9307497,4.964553370316463e-11,-1.403661018820058e-09,0.04281044006347656
1787206779.981044,4.964553370316463e-11,-1.403661018820058e-09,0.04287040233612061
1787206780.0358577,4.964553370316463e-11,-1.403661018820058e-09,0.042884588241577155
1787206780.0852442,4.964553370316463e-11,-1.403661018820058e-09,0.04285717010498047
1787206780.166813,4.964553370316463e-11,-1.403661018820058e-09,0.042790055274963386
1787206780.229227,4.964553370316463e-11,-1.403661018820058e-09,0.04278004169464111
1787206780.2839057,4.964553370316463e-11,-1.403661018820058e-09,0.04274809360504151
1787206780.3317533,4.964553370316463e-11,-1.403661018820058e-09,0.04274809360504151
1787206780.390306,4.964553370316463e-11,-1.403661018820058e-09,0.04291820526123047
1787206780.4319038,4.964553370316463e-11,-1.403661018820058e-09,0.0430455207824707
1787206780.5344222,4.964553370316463e-11,-1.403661018820058e-09,0.04306995868682862
1787206780.6384363,4.964553370316463e-11,-1.403661018820058e-09,0.04300856590270997
1787206780.6785877,4.964553370316463e-11,-1.403661018820058e-09,0.04293549060821533
1787206780.7740133,4.964553370316463e-11,-1.403661018820058e-09,0.04289209842681885
1787206780.8239405,4.964553370316463e-11,-1.403661018820058e-09,0.042902588844299316
1787206780.8658822,4.964553370316463e-11,-1.403661018820058e-09,0.04302763938903809
1787206780.92711,4.964553370316463e-11,-1.403661018820058e-09,0.043077349662780755
1787206780.93441,4.964553370316463e-11,-1.403661018820058e-09,0.043077349662780755
1787206780.9884112,4.964553370316463e-11,-1.403661018820058e-09,0.04309952259063721
1787206781.0801656,4.964553370316463e-11,-1.403661018820058e-09,0.043028950691223145
1787206781.134655,4.964553370316463e-11,-1.403661018820058e-09,0.042769193649292
1787206781.1832898,4.964553370316463e-11,-1.403661018820058e-09,0.042778730392456055
1787206781.234166,4.964553370316463e-11,-1.403661018820058e-09,0.042778730392456055
1787206781.2871087,4.964553370316463e-11,-1.403661018820058e-09,0.04276216030120849
1787206781.3360431,4.964553370316463e-11,-1.403661018820058e-09,0.04276216030120849
1787206781.3792372,4.964553370316463e-11,-1.403661018820058e-09,0.042961716651916504
1787206781.469611,4.964553370316463e-11,-1.403661018820058e-09,0.04312586784362794
1787206781.5063918,4.964553370316463e-11,-1.403661018820058e-09,0.04314529895782471
1787206781.5306985,4.964553370316463e-11,-1.403661018820058e-09,0.04314529895782471
1787206781.5821543,4.964553370316463e-11,-1.403661018820058e-09,0.04310703277587891
1787206781.631023,4.964553370316463e-11,-1.403661018820058e-09,0.04310703277587891
1787206781.6796496,4.964553370316463e-11,-1.403661018820058e-09,0.043010830879211426
1787206781.7803116,4.964553370316463e-11,-1.403661018820058e-09,0.04295551776885986
1787206781.830463,4.964553370316463e-11,-1.403661018820058e-09,0.043041110038757324
1787206781.937567,4.964553370316463e-11,-1.403661018820058e-09,0.04326331615447999
1787206782.0263407,4.964553370316463e-11,-1.403661018820058e-09,0.04329812526702881
1787206782.0802867,4.964553370316463e-11,-1.403661018820058e-09,0.04318630695343018
1787206782.1759567,4.964553370316463e-11,-1.403661018820058e-09,0.04314613342285157
1787206782.1823184,4.964553370316463e-11,-1.403661018820058e-09,0.04311323165893555
1787206782.2332413,4.964553370316463e-11,-1.403661018820058e-09,0.04311323165893555
1787206782.331705,4.964553370316463e-11,-1.403661018820058e-09,0.04326760768890381
1787206782.3803635,4.964553370316463e-11,-1.403661018820058e-09,0.04336535930633545
1787206782.4310315,4.964553370316463e-11,-1.403661018820058e-09,0.043412089347839355
1787206782.4846637,4.964553370316463e-11,-1.403661018820058e-09,0.043547868728637695
1787206782.5345953,4.964553370316463e-11,-1.403661018820058e-09,0.043547868728637695
1787206782.5801578,4.964553370316463e-11,-1.403661018820058e-09,0.04354417324066163
1787206782.6321883,4.964553370316463e-11,-1.403661018820058e-09,0.043490529060363776
1787206782.6833024,4.964553370316463e-11,-1.403661018820058e-09,0.04327845573425293
1787206782.731703,4.964553370316463e-11,-1.403661018820058e-09,0.043336153030395515
1787206782.7836225,4.964553370316463e-11,-1.403661018820058e-09,0.043336153030395515
1787206782.829293,4.964553370316463e-11,-1.403661018820058e-09,0.043379664421081536
1787206782.8995547,4.964553370316463e-11,-1.403661018820058e-09,0.043379664421081536
1787206782.9396558,4.964553370316463e-11,-1.403661018820058e-09,0.04346239566802979
1787206782.9795225,4.964553370316463e-11,-1.403661018820058e-09,0.0434575080871582
1787206783.0319545,4.964553370316463e-11,-1.403661018820058e-09,0.04353821277618408
1787206783.0802636,4.964553370316463e-11,-1.403661018820058e-09,0.04351651668548584
1787206783.1340752,4.964553370316463e-11,-1.403661018820058e-09,0.04352426528930664
1787206783.1782026,4.964553370316463e-11,-1.403661018820058e-09,0.04352164268493652
1787206783.2777195,4.964553370316463e-11,-1.403661018820058e-09,0.043506741523742676
1787206783.2783217,4.964553370316463e-11,-1.403661018820058e-09,0.04344487190246581
1787206783.3708267,4.964553370316463e-11,-1.403661018820058e-09,0.04339349269866944
1787206783.428759,4.964553370316463e-11,-1.403661018820058e-09,0.04334819316864013
1787206783.4807515,4.964553370316463e-11,-1.403661018820058e-09,0.04348337650299073
1787206783.5404353,4.964553370316463e-11,-1.403661018820058e-09,0.04354703426361083
1787206783.5788891,4.964553370316463e-11,-1.403661018820058e-09,0.04354703426361083
1787206783.6336782,4.964553370316463e-11,-1.403661018820058e-09,0.043659806251525886
1787206783.731149,4.964553370316463e-11,-1.403661018820058e-09,0.04362356662750244
1787206783.8198814,4.964553370316463e-11,-1.403661018820058e-09,0.04342043399810791
1787206783.829751,4.964553370316463e-11,-1.403661018820058e-09,0.043444752693176276
1787206783.881207,4.964553370316463e-11,-1.403661018820058e-09,0.043444752693176276
1787206783.9321644,4.964553370316463e-11,-1.403661018820058e-09,0.04365777969360351
1787206784.032325,4.964553370316463e-11,-1.403661018820058e-09,0.04375636577606201
1787206784.1226842,4.964553370316463e-11,-1.403661018820058e-09,0.0437237024307251
1787206784.1354575,4.964553370316463e-11,-1.403661018820058e-09,0.043697595596313484
1787206784.1827781,4.964553370316463e-11,-1.403661018820058e-09,0.043697595596313484
1787206784.2298112,4.964553370316463e-11,-1.403661018820058e-09,0.04354500770568848
1787206784.2800856,4.964553370316463e-11,-1.403661018820058e-09,0.04351532459259033
1787206784.3309407,4.964553370316463e-11,-1.403661018820058e-09,0.04363560676574707
1787206784.4331605,4.964553370316463e-11,-1.403661018820058e-09,0.04387748241424561
1787206784.524415,4.964553370316463e-11,-1.403661018820058e-09,0.04393374919891357
1787206784.577656,4.964553370316463e-11,-1.403661018820058e-09,0.04401600360870362
1787206784.5782619,4.964553370316463e-11,-1.403661018820058e-09,0.044036507606506355
1787206784.6592107,4.964553370316463e-11,-1.403661018820058e-09,0.044013261795043945
1787206784.6847959,4.964553370316463e-11,-1.403661018820058e-09,0.04398977756500244
1787206784.728364,4.964553370316463e-11,-1.403661018820058e-09,0.04400515556335449
1787206784.8297129,4.964553370316463e-11,-1.403661018820058e-09,0.04396355152130126
1787206784.9306233,4.964553370316463e-11,-1.403661018820058e-09,0.04393303394317627
1787206784.9836059,4.964553370316463e-11,-1.403661018820058e-09,0.04382288455963134
1787206785.0354385,4.964553370316463e-11,-1.403661018820058e-09,0.04381120204925537
1787206785.1227796,4.964553370316463e-11,-1.403661018820058e-09,0.043804407119750984
1787206785.1336927,4.964553370316463e-11,-1.403661018820058e-09,0.04382038116455078
1787206785.186199,4.964553370316463e-11,-1.403661018820058e-09,0.04382038116455078
1787206785.2359211,4.964553370316463e-11,-1.403661018820058e-09,0.04368054866790771
1787206785.2815776,4.964553370316463e-11,-1.403661018820058e-09,0.04372704029083251
1787206785.3308578,4.964553370316463e-11,-1.403661018820058e-09,0.04372704029083251
1787206785.385257,4.964553370316463e-11,-1.403661018820058e-09,0.04381442070007324
1787206785.4338167,4.964553370316463e-11,-1.403661018820058e-09,0.04381442070007324
1787206785.531785,4.964553370316463e-11,-1.403661018820058e-09,0.04400861263275146
1787206785.620342,4.964553370316463e-11,-1.403661018820058e-09,0.04409921169281006
1787206785.674959,4.964553370316463e-11,-1.403661018820058e-09,0.04415524005889893
1787206785.7230332,4.964553370316463e-11,-1.403661018820058e-09,0.04423916339874268
1787206785.7697523,4.964553370316463e-11,-1.403661018820058e-09,0.04425501823425293
1787206785.8280106,4.964553370316463e-11,-1.403661018820058e-09,0.04424679279327393
1787206785.8286827,4.964553370316463e-11,-1.403661018820058e-09,0.04419302940368652
1787206785.8830638,4.964553370316463e-11,-1.403661018820058e-09,0.044176459312438965
1787206785.931321,4.964553370316463e-11,-1.403661018820058e-09,0.04401898384094238
1787206785.9801197,4.964553370316463e-11,-1.403661018820058e-09,0.04411411285400391
1787206786.0312665,4.964553370316463e-11,-1.403661018820058e-09,0.044247150421142585
1787206786.083105,4.964553370316463e-11,-1.403661018820058e-09,0.04426312446594238
1787206786.1295078,4.964553370316463e-11,-1.403661018820058e-09,0.04426312446594238
1787206786.1848216,4.964553370316463e-11,-1.403661018820058e-09,0.044378399848937995
1787206786.2302144,4.964553370316463e-11,-1.403661018820058e-09,0.044378399848937995
1787206786.280512,4.964553370316463e-11,-1.403661018820058e-09,0.0442136526107788
1787206786.3288815,4.964553370316463e-11,-1.403661018820058e-09,0.04414713382720947
1787206786.3827846,4.964553370316463e-11,-1.403661018820058e-09,0.04417896270751953
1787206786.4329548,4.964553370316463e-11,-1.403661018820058e-09,0.04417896270751953
1787206786.4808748,4.964553370316463e-11,-1.403661018820058e-09,0.04430735111236572
1787206786.5336633,4.964553370316463e-11,-1.403661018820058e-09,0.04431021213531494
1787206786.5789073,4.964553370316463e-11,-1.403661018820058e-09,0.04431021213531494
1787206786.674106,4.964553370316463e-11,-1.403661018820058e-09,0.04424118995666504
1787206786.7397592,4.964553370316463e-11,-1.403661018820058e-09,0.0442354679107666
1787206786.7793777,4.964553370316463e-11,-1.403661018820058e-09,0.04424786567687988
1787206786.8681538,4.964553370316463e-11,-1.403661018820058e-09,0.04436802864074707
1787206786.9041674,4.964553370316463e-11,-1.403661018820058e-09,0.04440653324127197
1787206786.9389608,4.964553370316463e-11,-1.403661018820058e-09,0.04440641403198243
1787206786.981191,4.964553370316463e-11,-1.403661018820058e-09,0.04443085193634033
1787206787.0453737,4.964553370316463e-11,-1.403661018820058e-09,0.04442703723907471
1787206787.0815077,4.964553370316463e-11,-1.403661018820058e-09,0.044308066368103034
1787206787.1797965,4.964553370316463e-11,-1.403661018820058e-09,0.044275879859924316
1787206787.2361112,4.964553370316463e-11,-1.403661018820058e-09,0.044477701187133796
1787206787.278659,4.964553370316463e-11,-1.403661018820058e-09,0.04453444480895996
1787206787.3348532,4.964553370316463e-11,-1.403661018820058e-09,0.04453444480895996
1787206787.3786392,4.964553370316463e-11,-1.403661018820058e-09,0.04448819160461426
1787206787.4788027,4.964553370316463e-11,-1.403661018820058e-09,0.04440510272979736
1787206787.5689807,4.964553370316463e-11,-1.403661018820058e-09,0.04431927204132081
1787206787.5800147,4.964553370316463e-11,-1.403661018820058e-09,0.044227004051208496
1787206787.632696,4.964553370316463e-11,-1.403661018820058e-09,0.044227004051208496
1787206787.6839447,4.964553370316463e-11,-1.403661018820058e-09,0.04448568820953369
1787206787.7328026,4.964553370316463e-11,-1.403661018820058e-09,0.044492959976196296
1787206787.7793114,4.964553370316463e-11,-1.403661018820058e-09,0.044620633125305176
1787206787.8308396,4.964553370316463e-11,-1.403661018820058e-09,0.04462432861328124
1787206787.927943,4.964553370316463e-11,-1.403661018820058e-09,0.04457890987396241
1787206787.9285092,4.964553370316463e-11,-1.403661018820058e-09,0.04450786113739014
1787206788.0213401,4.964553370316463e-11,-1.403661018820058e-09,0.044487595558166504
1787206788.0790322,4.964553370316463e-11,-1.403661018820058e-09,0.04459977149963379
1787206788.1756036,4.964553370316463e-11,-1.403661018820058e-09,0.04479920864105223
1787206788.2402744,4.964553370316463e-11,-1.403661018820058e-09,0.04480326175689698
1787206788.3070788,4.964553370316463e-11,-1.403661018820058e-09,0.04469287395477295
1787206788.3299274,4.964553370316463e-11,-1.403661018820058e-09,0.04461026191711426
1787206788.3803356,4.964553370316463e-11,-1.403661018820058e-09,0.04461026191711426
1787206788.4344842,4.964553370316463e-11,-1.403661018820058e-09,0.044575095176696784
1787206788.4854286,4.964553370316463e-11,-1.403661018820058e-09,0.04464948177337646
1787206788.5297396,4.964553370316463e-11,-1.403661018820058e-09,0.04464948177337646
1787206788.6283584,4.964553370316463e-11,-1.403661018820058e-09,0.04477715492248535
1787206788.6853378,4.964553370316463e-11,-1.403661018820058e-09,0.04485964775085449
1787206788.7399611,4.964553370316463e-11,-1.403661018820058e-09,0.04486453533172608
1787206788.779096,4.964553370316463e-11,-1.403661018820058e-09,0.04486453533172608
1787206788.8309574,4.964553370316463e-11,-1.403661018820058e-09,0.04483616352081299
1787206788.8807437,4.964553370316463e-11,-1.403661018820058e-09,0.04474055767059326
1787206788.9348817,4.964553370316463e-11,-1.403661018820058e-09,0.04463136196136474
1787206789.031584,4.964553370316463e-11,-1.403661018820058e-09,0.044467926025390625
1787206789.128254,4.964553370316463e-11,-1.403661018820058e-09,0.0443568229675293
1787206789.1789737,4.964553370316463e-11,-1.403661018820058e-09,0.04450225830078124
1787206789.279723,4.964553370316463e-11,-1.403661018820058e-09,0.04470336437225342
1787206789.3713026,4.964553370316463e-11,-1.403661018820058e-09,0.044813156127929694
1787206789.4419582,4.964553370316463e-11,-1.403661018820058e-09,0.044839859008789056
1787206789.5325043,4.964553370316463e-11,-1.403661018820058e-09,0.04490268230438233
1787206789.5789135,4.964553370316463e-11,-1.403661018820058e-09,0.04482698440551758
1787206789.630364,4.964553370316463e-11,-1.403661018820058e-09,0.044687986373901374
1787206789.6783507,4.964553370316463e-11,-1.403661018820058e-09,0.044482231140136726
1787206789.7288,4.964553370316463e-11,-1.403661018820058e-09,0.044482231140136726
1787206789.779813,4.964553370316463e-11,-1.403661018820058e-09,0.0444396734237671
1787206789.828385,4.964553370316463e-11,-1.403661018820058e-09,0.044643998146057136
1787206789.8786597,4.964553370316463e-11,-1.403661018820058e-09,0.044643998146057136
1787206789.9284518,4.964553370316463e-11,-1.403661018820058e-09,0.04482698440551758
1787206789.9834757,4.964553370316463e-11,-1.403661018820058e-09,0.044812560081481934
1787206790.031312,4.964553370316463e-11,-1.403661018820058e-09,0.044812560081481934
1787206790.0792966,4.964553370316463e-11,-1.403661018820058e-09,0.044573187828063965
1787206790.131324,4.964553370316463e-11,-1.403661018820058e-09,0.0446082353591919
1787206790.1799538,4.964553370316463e-11,-1.403661018820058e-09,0.0446082353591919
1787206790.2313933,4.964553370316463e-11,-1.403661018820058e-09,0.04464578628540039
1787206790.2811086,4.964553370316463e-11,-1.403661018820058e-09,0.044756174087524414
1787206790.3291194,4.964553370316463e-11,-1.403661018820058e-09,0.044756174087524414
1787206790.3812053,4.964553370316463e-11,-1.403661018820058e-09,0.04481732845306397
1787206790.431489,4.964553370316463e-11,-1.403661018820058e-09,0.04476308822631836
1787206790.4787102,4.964553370316463e-11,-1.403661018820058e-09,0.04476308822631836
1787206790.5317743,4.964553370316463e-11,-1.403661018820058e-09,0.04448699951171876
1787206790.5787935,4.964553370316463e-11,-1.403661018820058e-09,0.04454171657562256
1787206790.6293097,4.964553370316463e-11,-1.403661018820058e-09,0.04454171657562256
1787206790.6787589,4.964553370316463e-11,-1.403661018820058e-09,0.04473459720611572
1787206790.7324586,4.964553370316463e-11,-1.403661018820058e-09,0.04473459720611572
1787206790.7791064,4.964553370316463e-11,-1.403661018820058e-09,0.04475331306457519
1787206790.8298888,4.964553370316463e-11,-1.403661018820058e-09,0.044789671897888184
1787206790.8800342,4.964553370316463e-11,-1.403661018820058e-09,0.04490685462951661
1787206790.9287565,4.964553370316463e-11,-1.403661018820058e-09,0.04490685462951661
1787206790.983427,4.964553370316463e-11,-1.403661018820058e-09,0.04476332664489746
1787206791.0317023,4.964553370316463e-11,-1.403661018820058e-09,0.04470837116241455
1787206791.078632,4.964553370316463e-11,-1.403661018820058e-09,0.0446314811706543
1787206791.1285274,4.964553370316463e-11,-1.403661018820058e-09,0.0446314811706543
1787206791.1789658,4.964553370316463e-11,-1.403661018820058e-09,0.044740080833435045
1787206791.2348032,4.964553370316463e-11,-1.403661018820058e-09,0.04486751556396485
1787206791.278367,4.964553370316463e-11,-1.403661018820058e-09,0.04482924938201904
1787206791.328971,4.964553370316463e-11,-1.403661018820058e-09,0.04482924938201904
1787206791.3788657,4.964553370316463e-11,-1.403661018820058e-09,0.0447012186050415
1787206791.4288492,4.964553370316463e-11,-1.403661018820058e-09,0.04462420940399169
1787206791.4782343,4.964553370316463e-11,-1.403661018820058e-09,0.04466378688812256
1787206791.529528,4.964553370316463e-11,-1.403661018820058e-09,0.04466378688812256
1787206791.5818276,4.964553370316463e-11,-1.403661018820058e-09,0.04487168788909912
1787206791.6285317,4.964553370316463e-11,-1.403661018820058e-09,0.044947981834411614
1787206791.6802838,4.964553370316463e-11,-1.403661018820058e-09,0.044947981834411614
1787206791.7296476,4.964553370316463e-11,-1.403661018820058e-09,0.0448307991027832
1787206791.7817974,4.964553370316463e-11,-1.403661018820058e-09,0.0448307991027832
1787206791.830887,4.964553370316463e-11,-1.403661018820058e-09,0.04482614994049072
1787206791.881822,4.964553370316463e-11,-1.403661018820058e-09,0.04474878311157227
1787206791.9287608,4.964553370316463e-11,-1.403661018820058e-09,0.04490840435028076
1787206791.9796927,4.964553370316463e-11,-1.403661018820058e-09,0.04490840435028076
1787206792.0281515,4.964553370316463e-11,-1.403661018820058e-09,0.04508674144744873
1787206792.0792274,4.964553370316463e-11,-1.403661018820058e-09,0.04508674144744873
1787206792.1319716,4.964553370316463e-11,-1.403661018820058e-09,0.04506182670593262
1787206792.1789114,4.964553370316463e-11,-1.403661018820058e-09,0.04493916034698487
1787206792.2283351,4.964553370316463e-11,-1.403661018820058e-09,0.04497861862182618
1787206792.2806075,4.964553370316463e-11,-1.403661018820058e-09,0.04489243030548097
1787206792.329376,4.964553370316463e-11,-1.403661018820058e-09,0.045008540153503425
1787206792.383347,4.964553370316463e-11,-1.403661018820058e-09,0.045275568962097175
1787206792.4285655,4.964553370316463e-11,-1.403661018820058e-09,0.045275568962097175
1787206792.4791875,4.964553370316463e-11,-1.403661018820058e-09,0.04530370235443115
1787206792.5282793,4.964553370316463e-11,-1.403661018820058e-09,0.04524099826812745
1787206792.5829232,4.964553370316463e-11,-1.403661018820058e-09,0.04510271549224853
1787206792.6285799,4.964553370316463e-11,-1.403661018820058e-09,0.04510211944580079
1787206792.6797855,4.964553370316463e-11,-1.403661018820058e-09,0.04507172107696533
1787206792.7313921,4.964553370316463e-11,-1.403661018820058e-09,0.04507172107696533
1787206792.7784142,4.964553370316463e-11,-1.403661018820058e-09,0.045205116271972656
1787206792.8313289,4.964553370316463e-11,-1.403661018820058e-09,0.045205116271972656
1787206792.8790758,4.964553370316463e-11,-1.403661018820058e-09,0.04519569873809815
1787206792.9367774,4.964553370316463e-11,-1.403661018820058e-09,0.04519569873809815
1787206792.9801357,4.964553370316463e-11,-1.403661018820058e-09,0.04495644569396973
1787206793.0324676,4.964553370316463e-11,-1.403661018820058e-09,0.04495644569396973
1787206793.0794897,4.964553370316463e-11,-1.403661018820058e-09,0.04488408565521241
1787206793.1297545,4.964553370316463e-11,-1.403661018820058e-09,0.04499411582946778
1787206793.185004,4.964553370316463e-11,-1.403661018820058e-09,0.04512298107147216
1787206793.2306266,4.964553370316463e-11,-1.403661018820058e-09,0.04520118236541749
1787206793.2863634,4.964553370316463e-11,-1.403661018820058e-09,0.04532516002655029
1787206793.3342695,4.964553370316463e-11,-1.403661018820058e-09,0.04532516002655029
1787206793.3819609,4.964553370316463e-11,-1.403661018820058e-09,0.04544198513031005
1787206793.4287176,4.964553370316463e-11,-1.403661018820058e-09,0.04535996913909912
1787206793.4791043,4.964553370316463e-11,-1.403661018820058e-09,0.04535996913909912
1787206793.530035,4.964553370316463e-11,-1.403661018820058e-09,0.04506564140319824
1787206793.581455,4.964553370316463e-11,-1.403661018820058e-09,0.0451037883758545
1787206793.6290967,4.964553370316463e-11,-1.403661018820058e-09,0.0451037883758545
1787206793.6786304,4.964553370316463e-11,-1.403661018820058e-09,0.04525482654571534
1787206793.728925,4.964553370316463e-11,-1.403661018820058e-09,0.04568767547607422
1787206793.7793846,4.964553370316463e-11,-1.403661018820058e-09,0.04568767547607422
1787206793.8356287,4.964553370316463e-11,-1.403661018820058e-09,0.04554545879364013
1787206793.8819816,4.964553370316463e-11,-1.403661018820058e-09,0.0454481840133667
1787206793.9285166,4.964553370316463e-11,-1.403661018820058e-09,0.0454481840133667
1787206793.9818027,4.964553370316463e-11,-1.403661018820058e-09,0.045516252517700195
1787206794.0285628,4.964553370316463e-11,-1.403661018820058e-09,0.045516252517700195
1787206794.0825052,4.964553370316463e-11,-1.403661018820058e-09,0.045655250549316406
1787206794.1290767,4.964553370316463e-11,-1.403661018820058e-09,0.0458599328994751
1787206794.178333,4.964553370316463e-11,-1.403661018820058e-09,0.045994043350219734
1787206794.2310562,4.964553370316463e-11,-1.403661018820058e-09,0.045994043350219734
1787206794.279023,4.964553370316463e-11,-1.403661018820058e-09,0.04598283767700195
1787206794.329321,4.964553370316463e-11,-1.403661018820058e-09,0.04609179496765138
1787206794.3790212,4.964553370316463e-11,-1.403661018820058e-09,0.04613065719604492
1787206794.4297974,4.964553370316463e-11,-1.403661018820058e-09,0.04601144790649414
1787206794.4785757,4.964553370316463e-11,-1.403661018820058e-09,0.04592180252075195
1787206794.5288234,4.964553370316463e-11,-1.403661018820058e-09,0.04592180252075195
1787206794.578417,4.964553370316463e-11,-1.403661018820058e-09,0.04599320888519287
1787206794.629254,4.964553370316463e-11,-1.403661018820058e-09,0.04599320888519287
1787206794.678478,4.964553370316463e-11,-1.403661018820058e-09,0.046025872230529785
1787206794.73277,4.964553370316463e-11,-1.403661018820058e-09,0.046233296394348145
1787206794.778855,4.964553370316463e-11,-1.403661018820058e-09,0.046233296394348145
1787206794.828774,4.964553370316463e-11,-1.403661018820058e-09,0.04622626304626465
1787206794.8811321,4.964553370316463e-11,-1.403661018820058e-09,0.0461965799331665
1787206794.9293447,4.964553370316463e-11,-1.403661018820058e-09,0.04610550403594971
1787206794.980299,4.964553370316463e-11,-1.403661018820058e-09,0.04599893093109131
1787206795.03044,4.964553370316463e-11,-1.403661018820058e-09,0.046230792999267585
1787206795.0785513,4.964553370316463e-11,-1.403661018820058e-09,0.046230792999267585
1787206795.1292884,4.964553370316463e-11,-1.403661018820058e-09,0.04637753963470458
1787206795.1784809,4.964553370316463e-11,-1.403661018820058e-09,0.04637753963470458
1787206795.2293603,4.964553370316463e-11,-1.403661018820058e-09,0.046462059020996094
1787206795.2789319,4.964553370316463e-11,-1.403661018820058e-09,0.046483993530273444
1787206795.3299592,4.964553370316463e-11,-1.403661018820058e-09,0.046483993530273444
1787206795.3812518,4.964553370316463e-11,-1.403661018820058e-09,0.046332836151123054
1787206795.4288201,4.964553370316463e-11,-1.403661018820058e-09,0.04633390903472899
1787206795.482131,4.964553370316463e-11,-1.403661018820058e-09,0.04633390903472899
1787206795.5366135,4.964553370316463e-11,-1.403661018820058e-09,0.04629385471343995
1787206795.584394,4.964553370316463e-11,-1.403661018820058e-09,0.04622244834899902
1787206795.630707,4.964553370316463e-11,-1.403661018820058e-09,0.04622244834899902
1787206795.6782346,4.964553370316463e-11,-1.403661018820058e-09,0.04644310474395752
1787206795.7320552,4.964553370316463e-11,-1.403661018820058e-09,0.04644310474395752
1787206795.780269,4.964553370316463e-11,-1.403661018820058e-09,0.046659111976623535
1787206795.8288581,4.964553370316463e-11,-1.403661018820058e-09,0.046668887138366706
1787206795.8837821,4.964553370316463e-11,-1.403661018820058e-09,0.046661138534545905
1787206795.928416,4.964553370316463e-11,-1.403661018820058e-09,0.046661138534545905
1787206795.978593,4.964553370316463e-11,-1.403661018820058e-09,0.04657924175262451
1787206796.032279,4.964553370316463e-11,-1.403661018820058e-09,0.04651379585266114
1787206796.0851686,4.964553370316463e-11,-1.403661018820058e-09,0.04647505283355713
1787206796.1289806,4.964553370316463e-11,-1.403661018820058e-09,0.04660153388977051
1787206796.1800244,4.964553370316463e-11,-1.403661018820058e-09,0.046700119972229004
1787206796.2291524,4.964553370316463e-11,-1.403661018820058e-09,0.046724677085876465
1787206796.2803707,4.964553370316463e-11,-1.403661018820058e-09,0.046773314476013184
1787206796.32832,4.964553370316463e-11,-1.403661018820058e-09,0.046695709228515625
1787206796.37874,4.964553370316463e-11,-1.403661018820058e-09,0.046695709228515625
1787206796.4301267,4.964553370316463e-11,-1.403661018820058e-09,0.04661834239959717
1787206796.4796393,4.964553370316463e-11,-1.403661018820058e-09,0.04666948318481445
1787206796.5301383,4.964553370316463e-11,-1.403661018820058e-09,0.04666948318481445
1787206796.5805938,4.964553370316463e-11,-1.403661018820058e-09,0.04686415195465088
1787206796.6287122,4.964553370316463e-11,-1.403661018820058e-09,0.04690265655517578
1787206796.6815257,4.964553370316463e-11,-1.403661018820058e-09,0.04701197147369384
1787206796.730085,4.964553370316463e-11,-1.403661018820058e-09,0.04704821109771727
1787206796.7790613,4.964553370316463e-11,-1.403661018820058e-09,0.0469595193862915
1787206796.8297544,4.964553370316463e-11,-1.403661018820058e-09,0.0468977689743042
1787206796.879209,4.964553370316463e-11,-1.403661018820058e-09,0.04683995246887207
1787206796.9310446,4.964553370316463e-11,-1.403661018820058e-09,0.04683995246887207
1787206796.9829943,4.964553370316463e-11,-1.403661018820058e-09,0.04693591594696045
1787206797.0290723,4.964553370316463e-11,-1.403661018820058e-09,0.04709017276763916
1787206797.0801702,4.964553370316463e-11,-1.403661018820058e-09,0.04718339443206787
1787206797.1314754,4.964553370316463e-11,-1.403661018820058e-09,0.047236442565917976
1787206797.1806927,4.964553370316463e-11,-1.403661018820058e-09,0.04720616340637208
1787206797.228888,4.964553370316463e-11,-1.403661018820058e-09,0.04715359210968018
1787206797.2793858,4.964553370316463e-11,-1.403661018820058e-09,0.047006249427795424
1787206797.3292453,4.964553370316463e-11,-1.403661018820058e-09,0.04715013504028322
1787206797.3800168,4.964553370316463e-11,-1.403661018820058e-09,0.0472179651260376
1787206797.429792,4.964553370316463e-11,-1.403661018820058e-09,0.0472179651260376
1787206797.479483,4.964553370316463e-11,-1.403661018820058e-09,0.04738008975982666
1787206797.5285144,4.964553370316463e-11,-1.403661018820058e-09,0.04738008975982666
1787206797.5798073,4.964553370316463e-11,-1.403661018820058e-09,0.04739987850189208
1787206797.6300402,4.964553370316463e-11,-1.403661018820058e-09,0.0473564863204956
1787206797.6784933,4.964553370316463e-11,-1.403661018820058e-09,0.0473015308380127
1787206797.729164,4.964553370316463e-11,-1.403661018820058e-09,0.0472179651260376
1787206797.778461,4.964553370316463e-11,-1.403661018820058e-09,0.04717755317687988
1787206797.8283944,4.964553370316463e-11,-1.403661018820058e-09,0.047211408615112305
1787206797.8794756,4.964553370316463e-11,-1.403661018820058e-09,0.04730618000030517
1787206797.9285865,4.964553370316463e-11,-1.403661018820058e-09,0.047384142875671394
1787206797.9785962,4.964553370316463e-11,-1.403661018820058e-09,0.04742074012756349
1787206798.029305,4.964553370316463e-11,-1.403661018820058e-09,0.04742074012756349
1787206798.0838308,4.964553370316463e-11,-1.403661018820058e-09,0.04732179641723633
1787206798.128588,4.964553370316463e-11,-1.403661018820058e-09,0.047292828559875495
1787206798.178981,4.964553370316463e-11,-1.403661018820058e-09,0.047292828559875495
1787206798.2286997,4.964553370316463e-11,-1.403661018820058e-09,0.04728806018829346
1787206798.2843285,4.964553370316463e-11,-1.403661018820058e-09,0.04741668701171876
1787206798.3362896,4.964553370316463e-11,-1.403661018820058e-09,0.047431349754333496
1787206798.3785996,4.964553370316463e-11,-1.403661018820058e-09,0.047431349754333496
1787206798.4299998,4.964553370316463e-11,-1.403661018820058e-09,0.04751420021057128
1787206798.4789338,4.964553370316463e-11,-1.403661018820058e-09,0.0475696325302124
1787206798.528503,4.964553370316463e-11,-1.403661018820058e-09,0.04761874675750734
1787206798.5784647,4.964553370316463e-11,-1.403661018820058e-09,0.04761874675750734
1787206798.6293995,4.964553370316463e-11,-1.403661018820058e-09,0.04753994941711426
1787206798.67911,4.964553370316463e-11,-1.403661018820058e-09,0.047616839408874505
1787206798.7320414,4.964553370316463e-11,-1.403661018820058e-09,0.047616839408874505
1787206798.778997,4.964553370316463e-11,-1.403661018820058e-09,0.0474470853805542
1787206798.82862,4.964553370316463e-11,-1.403661018820058e-09,0.047440409660339355
1787206798.8805182,4.964553370316463e-11,-1.403661018820058e-09,0.047440409660339355
1787206798.9303322,4.964553370316463e-11,-1.403661018820058e-09,0.04749119281768798
1787206798.9806256,4.964553370316463e-11,-1.403661018820058e-09,0.04761695861816406
1787206799.0287416,4.964553370316463e-11,-1.403661018820058e-09,0.04783022403717041
1787206799.0800896,4.964553370316463e-11,-1.403661018820058e-09,0.04811358451843261
1787206799.1300561,4.964553370316463e-11,-1.403661018820058e-09,0.04807078838348389
1787206799.179395,4.964553370316463e-11,-1.403661018820058e-09,0.04807078838348389
1787206799.2313335,4.964553370316463e-11,-1.403661018820058e-09,0.0479203462600708
1787206799.2805557,4.964553370316463e-11,-1.403661018820058e-09,0.04782021045684816
1787206799.3284605,4.964553370316463e-11,-1.403661018820058e-09,0.04782021045684816
1787206799.379482,4.964553370316463e-11,-1.403661018820058e-09,0.047945857048034675
1787206799.4335897,4.964553370316463e-11,-1.403661018820058e-09,0.04808199405670166
1787206799.4791982,4.964553370316463e-11,-1.403661018820058e-09,0.04821622371673584
1787206799.530828,4.964553370316463e-11,-1.403661018820058e-09,0.04825949668884277
1787206799.5790932,4.964553370316463e-11,-1.403661018820058e-09,0.048238396644592285
1787206799.6291275,4.964553370316463e-11,-1.403661018820058e-09,0.04819905757904053
1787206799.6814773,4.964553370316463e-11,-1.403661018820058e-09,0.04800033569335937
1787206799.729048,4.964553370316463e-11,-1.403661018820058e-09,0.04800033569335937
1787206799.7809284,4.964553370316463e-11,-1.403661018820058e-09,0.04806292057037355
1787206799.8287416,4.964553370316463e-11,-1.403661018820058e-09,0.0481877326965332
1787206799.8831327,4.964553370316463e-11,-1.403661018820058e-09,0.04831957817077636
1787206799.9289262,4.964553370316463e-11,-1.403661018820058e-09,0.04834926128387451
1787206799.979977,4.964553370316463e-11,-1.403661018820058e-09,0.048325419425964355
1787206800.0301883,4.964553370316463e-11,-1.403661018820058e-09,0.04821670055389404
1787206800.0837026,4.964553370316463e-11,-1.403661018820058e-09,0.048140764236450195
1787206800.129182,4.964553370316463e-11,-1.403661018820058e-09,0.048140764236450195
1787206800.179594,4.964553370316463e-11,-1.403661018820058e-09,0.04807746410369873
1787206800.2294285,4.964553370316463e-11,-1.403661018820058e-09,0.048154234886169434
1787206800.2821667,4.964553370316463e-11,-1.403661018820058e-09,0.04834485054016114
1787206800.333128,4.964553370316463e-11,-1.403661018820058e-09,0.0483146905899048
1787206800.3794668,4.964553370316463e-11,-1.403661018820058e-09,0.0483146905899048
1787206800.428469,4.964553370316463e-11,-1.403661018820058e-09,0.04825270175933838
1787206800.4819305,4.964553370316463e-11,-1.403661018820058e-09,0.04820573329925537
1787206800.52917,4.964553370316463e-11,-1.403661018820058e-09,0.048254847526550286
1787206800.5795748,4.964553370316463e-11,-1.403661018820058e-09,0.04804742336273193
1787206800.630191,4.964553370316463e-11,-1.403661018820058e-09,0.04793405532836914
1787206800.6789517,4.964553370316463e-11,-1.403661018820058e-09,0.04793405532836914
1787206800.7301908,4.964553370316463e-11,-1.403661018820058e-09,0.0482853651046753
1787206800.7829998,4.964553370316463e-11,-1.403661018820058e-09,0.0482853651046753
1787206800.836382,4.964553370316463e-11,-1.403661018820058e-09,0.048493266105651855
1787206800.8799126,4.964553370316463e-11,-1.403661018820058e-09,0.04849278926849365
1787206800.9297712,4.964553370316463e-11,-1.403661018820058e-09,0.04848814010620118
1787206800.9801414,4.964553370316463e-11,-1.403661018820058e-09,0.04838860034942627
1787206801.0317073,4.964553370316463e-11,-1.403661018820058e-09,0.04825687408447267
1787206801.079333,4.964553370316463e-11,-1.403661018820058e-09,0.04815042018890381
1787206801.1352053,4.964553370316463e-11,-1.403661018820058e-09,0.048305392265319845
1787206801.1787915,4.964553370316463e-11,-1.403661018820058e-09,0.048602461814880364
1787206801.2310617,4.964553370316463e-11,-1.403661018820058e-09,0.048694729804992676
1787206801.2807899,4.964553370316463e-11,-1.403661018820058e-09,0.0487210750579834
1787206801.330327,4.964553370316463e-11,-1.403661018820058e-09,0.04867148399353027
1787206801.3783913,4.964553370316463e-11,-1.403661018820058e-09,0.0485161542892456
1787206801.429589,4.964553370316463e-11,-1.403661018820058e-09,0.04844832420349122
1787206801.4786022,4.964553370316463e-11,-1.403661018820058e-09,0.04822206497192383
1787206801.5338478,4.964553370316463e-11,-1.403661018820058e-09,0.04836618900299072
1787206801.58023,4.964553370316463e-11,-1.403661018820058e-09,0.04869198799133302
1787206801.6296985,4.964553370316463e-11,-1.403661018820058e-09,0.04869198799133302
1787206801.6786046,4.964553370316463e-11,-1.403661018820058e-09,0.048845410346984856
1787206801.7337258,4.964553370316463e-11,-1.403661018820058e-09,0.04885375499725342
1787206801.7786129,4.964553370316463e-11,-1.403661018820058e-09,0.048680901527404806
1787206801.8293822,4.964553370316463e-11,-1.403661018820058e-09,0.04860663414001465
1787206801.8790357,4.964553370316463e-11,-1.403661018820058e-09,0.04849183559417725
1787206801.9313533,4.964553370316463e-11,-1.403661018820058e-09,0.04847824573516844
1787206801.9827988,4.964553370316463e-11,-1.403661018820058e-09,0.04866325855255126
1787206802.0292265,4.964553370316463e-11,-1.403661018820058e-09,0.04887652397155762
1787206802.083821,4.964553370316463e-11,-1.403661018820058e-09,0.049005985260009766
1787206802.1292276,4.964553370316463e-11,-1.403661018820058e-09,0.04898929595947265
1787206802.1791832,4.964553370316463e-11,-1.403661018820058e-09,0.04885351657867433
1787206802.228706,4.964553370316463e-11,-1.403661018820058e-09,0.0487610101699829
1787206802.2803092,4.964553370316463e-11,-1.403661018820058e-09,0.04852211475372315
1787206802.3305988,4.964553370316463e-11,-1.403661018820058e-09,0.04852211475372315
1787206802.379354,4.964553370316463e-11,-1.403661018820058e-09,0.04855096340179445
1787206802.4365208,4.964553370316463e-11,-1.403661018820058e-09,0.04871797561645508
1787206802.4791503,4.964553370316463e-11,-1.403661018820058e-09,0.048828959465026855
1787206802.5308936,4.964553370316463e-11,-1.403661018820058e-09,0.049082159996032715
1787206802.5804448,4.964553370316463e-11,-1.403661018820058e-09,0.04913997650146486
1787206802.631304,4.964553370316463e-11,-1.403661018820058e-09,0.04911231994628906
1787206802.6795928,4.964553370316463e-11,-1.403661018820058e-09,0.049043178558349616
1787206802.7284377,4.964553370316463e-11,-1.403661018820058e-09,0.04899132251739503
1787206802.779323,4.964553370316463e-11,-1.403661018820058e-09,0.04899942874908449
1787206802.833659,4.964553370316463e-11,-1.403661018820058e-09,0.04899942874908449
1787206802.8786678,4.964553370316463e-11,-1.403661018820058e-09,0.04914939403533935
1787206802.9291787,4.964553370316463e-11,-1.403661018820058e-09,0.04919421672821045
1787206802.9784057,4.964553370316463e-11,-1.403661018820058e-09,0.0492020845413208
1787206803.028797,4.964553370316463e-11,-1.403661018820058e-09,0.04918038845062256
1787206803.0792437,4.964553370316463e-11,-1.403661018820058e-09,0.04908883571624755
1787206803.129021,4.964553370316463e-11,-1.403661018820058e-09,0.04908883571624755
1787206803.181227,4.964553370316463e-11,-1.403661018820058e-09,0.049042463302612305
1787206803.231506,4.964553370316463e-11,-1.403661018820058e-09,0.049042463302612305
1787206803.280502,4.964553370316463e-11,-1.403661018820058e-09,0.04913592338562012
1787206803.3315654,4.964553370316463e-11,-1.403661018820058e-09,0.04924499988555908
1787206803.380074,4.964553370316463e-11,-1.403661018820058e-09,0.04924499988555908
1787206803.428664,4.964553370316463e-11,-1.403661018820058e-09,0.049262046813964865
1787206803.4784174,4.964553370316463e-11,-1.403661018820058e-09,0.049229979515075684
1787206803.5295107,4.964553370316463e-11,-1.403661018820058e-09,0.04909896850585938
1787206803.5843167,4.964553370316463e-11,-1.403661018820058e-09,0.04909896850585938
1787206803.6323087,4.964553370316463e-11,-1.403661018820058e-09,0.04904282093048096
1787206803.6819077,4.964553370316463e-11,-1.403661018820058e-09,0.04922509193420411
1787206803.7284467,4.964553370316463e-11,-1.403661018820058e-09,0.04922509193420411
1787206803.7790768,4.964553370316463e-11,-1.403661018820058e-09,0.049461960792541504
1787206803.8311512,4.964553370316463e-11,-1.403661018820058e-09,0.04954063892364502
1787206803.8785682,4.964553370316463e-11,-1.403661018820058e-09,0.049499273300170885
1787206803.9288218,4.964553370316463e-11,-1.403661018820058e-09,0.049430131912231445
1787206803.9793198,4.964553370316463e-11,-1.403661018820058e-09,0.049413084983825684
1787206804.028628,4.964553370316463e-11,-1.403661018820058e-09,0.04935586452484131
1787206804.0814562,4.964553370316463e-11,-1.403661018820058e-09,0.049483418464660645
1787206804.1282845,4.964553370316463e-11,-1.403661018820058e-09,0.049533963203430176
1787206804.181261,4.964553370316463e-11,-1.403661018820058e-09,0.04966878890991211
1787206804.2301104,4.964553370316463e-11,-1.403661018820058e-09,0.04966878890991211
1787206804.2790718,4.964553370316463e-11,-1.403661018820058e-09,0.04959738254547119
1787206804.3285596,4.964553370316463e-11,-1.403661018820058e-09,0.04959738254547119
1787206804.3810098,4.964553370316463e-11,-1.403661018820058e-09,0.049474358558654785
1787206804.4322526,4.964553370316463e-11,-1.403661018820058e-09,0.04948389530181885
1787206804.4835558,4.964553370316463e-11,-1.403661018820058e-09,0.04948389530181885
1787206804.5288548,4.964553370316463e-11,-1.403661018820058e-09,0.0496577024459839
1787206804.5799255,4.964553370316463e-11,-1.403661018820058e-09,0.0496577024459839
1787206804.63015,4.964553370316463e-11,-1.403661018820058e-09,0.049794673919677734
1787206804.6818411,4.964553370316463e-11,-1.403661018820058e-09,0.050014972686767585
1787206804.7280617,4.964553370316463e-11,-1.403661018820058e-09,0.04997515678405762
1787206804.781489,4.964553370316463e-11,-1.403661018820058e-09,0.04997515678405762
1787206804.8285022,4.964553370316463e-11,-1.403661018820058e-09,0.049814462661743164
1787206804.880303,4.964553370316463e-11,-1.403661018820058e-09,0.04963517189025879
1787206804.9300547,4.964553370316463e-11,-1.403661018820058e-09,0.04963517189025879
1787206804.9784284,4.964553370316463e-11,-1.403661018820058e-09,0.049819707870483405
1787206805.0361917,4.964553370316463e-11,-1.403661018820058e-09,0.049873352050781264
1787206805.0820792,4.964553370316463e-11,-1.403661018820058e-09,0.050114035606384284
1787206805.1343844,4.964553370316463e-11,-1.403661018820058e-09,0.050113677978515646
1787206805.1928792,4.964553370316463e-11,-1.403661018820058e-09,0.05003011226654052
1787206805.2508461,4.964553370316463e-11,-1.403661018820058e-09,0.04994213581085205
1787206805.2946625,4.964553370316463e-11,-1.403661018820058e-09,0.04965889453887939
1787206805.3342745,4.964553370316463e-11,-1.403661018820058e-09,0.04981589317321777
1787206805.3976474,4.964553370316463e-11,-1.403661018820058e-09,0.04993331432342529
1787206805.4330587,4.964553370316463e-11,-1.403661018820058e-09,0.04996097087860108
1787206805.4964383,4.964553370316463e-11,-1.403661018820058e-09,0.05005300045013426
1787206805.5416427,4.964553370316463e-11,-1.403661018820058e-09,0.04997074604034423
1787206805.5872047,4.964553370316463e-11,-1.403661018820058e-09,0.04974997043609619
1787206805.630871,4.964553370316463e-11,-1.403661018820058e-09,0.04971444606781005
1787206805.6951425,4.964553370316463e-11,-1.403661018820058e-09,0.04974651336669922
1787206805.7290962,4.964553370316463e-11,-1.403661018820058e-09,0.04987597465515136
1787206805.7819917,4.964553370316463e-11,-1.403661018820058e-09,0.05013525485992432
1787206805.842327,4.964553370316463e-11,-1.403661018820058e-09,0.05016887187957763
1787206805.8801866,4.964553370316463e-11,-1.403661018820058e-09,0.05032801628112793
1787206805.937109,4.964553370316463e-11,-1.403661018820058e-09,0.0503389835357666
1787206805.9921584,4.964553370316463e-11,-1.403661018820058e-09,0.050264120101928725
1787206806.0294285,4.964553370316463e-11,-1.403661018820058e-09,0.05018198490142823
1787206806.085349,4.964553370316463e-11,-1.403661018820058e-09,0.050063967704772956
1787206806.1333423,4.964553370316463e-11,-1.403661018820058e-09,0.05005228519439697
1787206806.178422,4.964553370316463e-11,-1.403661018820058e-09,0.05033576488494874
1787206806.241066,4.964553370316463e-11,-1.403661018820058e-09,0.05033576488494874
1787206806.296685,4.964553370316463e-11,-1.403661018820058e-09,0.05038821697235107
1787206806.3288143,4.964553370316463e-11,-1.403661018820058e-09,0.05037963390350343
1787206806.3785985,4.964553370316463e-11,-1.403661018820058e-09,0.050332903861999526
1787206806.4357142,4.964553370316463e-11,-1.403661018820058e-09,0.050332903861999526
1787206806.4809978,4.964553370316463e-11,-1.403661018820058e-09,0.050285458564758294
1787206806.5310738,4.964553370316463e-11,-1.403661018820058e-09,0.050285458564758294
1787206806.5862052,4.964553370316463e-11,-1.403661018820058e-09,0.050458312034606954
1787206806.6757617,4.964553370316463e-11,-1.403661018820058e-09,0.05068528652191161
1787206806.680014,4.964553370316463e-11,-1.403661018820058e-09,0.050749540328979506
1787206806.7428133,4.964553370316463e-11,-1.403661018820058e-09,0.050749540328979506
1787206806.780703,4.964553370316463e-11,-1.403661018820058e-09,0.050699353218078606
1787206806.8280485,4.964553370316463e-11,-1.403661018820058e-09,0.0505732297897339
1787206806.8866742,4.964553370316463e-11,-1.403661018820058e-09,0.0505732297897339
1787206806.9421253,4.964553370316463e-11,-1.403661018820058e-09,0.05051147937774658
1787206806.9784787,4.964553370316463e-11,-1.403661018820058e-09,0.05062675476074218
1787206807.0395422,4.964553370316463e-11,-1.403661018820058e-09,0.05066227912902833
1787206807.0883396,4.964553370316463e-11,-1.403661018820058e-09,0.05075109004974365
1787206807.130013,4.964553370316463e-11,-1.403661018820058e-09,0.05075109004974365
1787206807.1783428,4.964553370316463e-11,-1.403661018820058e-09,0.050669789314270026
1787206807.2288368,4.964553370316463e-11,-1.403661018820058e-09,0.050669789314270026
1787206807.2834003,4.964553370316463e-11,-1.403661018820058e-09,0.05065560340881349
1787206807.3396745,4.964553370316463e-11,-1.403661018820058e-09,0.05065560340881349
1787206807.3782682,4.964553370316463e-11,-1.403661018820058e-09,0.050753951072692864
1787206807.4294784,4.964553370316463e-11,-1.403661018820058e-09,0.050753951072692864
1787206807.4812977,4.964553370316463e-11,-1.403661018820058e-09,0.0507880449295044
1787206807.5327141,4.964553370316463e-11,-1.403661018820058e-09,0.0507880449295044
1787206807.5796094,4.964553370316463e-11,-1.403661018820058e-09,0.05068004131317138
1787206807.6364648,4.964553370316463e-11,-1.403661018820058e-09,0.05068004131317138
1787206807.6786118,4.964553370316463e-11,-1.403661018820058e-09,0.05062079429626466
1787206807.7343888,4.964553370316463e-11,-1.403661018820058e-09,0.05069899559020995
1787206807.7884247,4.964553370316463e-11,-1.403661018820058e-09,0.05071949958801271
1787206807.9048486,4.964553370316463e-11,-1.403661018820058e-09,0.05072844028472902
1787206807.9393027,4.964553370316463e-11,-1.403661018820058e-09,0.05082857608795166
1787206807.9862707,4.964553370316463e-11,-1.403661018820058e-09,0.050970196723937995
1787206808.0719588,4.964553370316463e-11,-1.403661018820058e-09,0.05094707012176515
1787206808.0878646,4.964553370316463e-11,-1.403661018820058e-09,0.05084896087646483
1787206808.1391451,4.964553370316463e-11,-1.403661018820058e-09,0.05075716972351075
1787206808.2367957,4.964553370316463e-11,-1.403661018820058e-09,0.050611615180969224
1787206808.2782617,4.964553370316463e-11,-1.403661018820058e-09,0.05085408687591553
1787206808.3301382,4.964553370316463e-11,-1.403661018820058e-09,0.05097031593322755
1787206808.3848507,4.964553370316463e-11,-1.403661018820058e-09,0.05097031593322755
1787206808.4371932,4.964553370316463e-11,-1.403661018820058e-09,0.05102121829986572
1787206808.4958644,4.964553370316463e-11,-1.403661018820058e-09,0.050973892211914076
1787206808.532974,4.964553370316463e-11,-1.403661018820058e-09,0.050890445709228516
1787206808.5834415,4.964553370316463e-11,-1.403661018820058e-09,0.050888895988464355
1787206808.634212,4.964553370316463e-11,-1.403661018820058e-09,0.05105757713317872
1787206808.6799233,4.964553370316463e-11,-1.403661018820058e-09,0.051288843154907234
1787206808.7412739,4.964553370316463e-11,-1.403661018820058e-09,0.051288843154907234
1787206808.7844648,4.964553370316463e-11,-1.403661018820058e-09,0.0513148307800293
1787206808.833861,4.964553370316463e-11,-1.403661018820058e-09,0.0513148307800293
1787206808.8850722,4.964553370316463e-11,-1.403661018820058e-09,0.051301002502441406
1787206808.9290245,4.964553370316463e-11,-1.403661018820058e-09,0.0510023832321167
1787206808.980292,4.964553370316463e-11,-1.403661018820058e-09,0.0510023832321167
1787206809.031396,4.964553370316463e-11,-1.403661018820058e-09,0.05122876167297363
1787206809.0783782,4.964553370316463e-11,-1.403661018820058e-09,0.051520586013793945
1787206809.131371,4.964553370316463e-11,-1.403661018820058e-09,0.051520586013793945
1787206809.1817138,4.964553370316463e-11,-1.403661018820058e-09,0.05160355567932129
1787206809.229256,4.964553370316463e-11,-1.403661018820058e-09,0.051501750946044915
1787206809.2825444,4.964553370316463e-11,-1.403661018820058e-09,0.051373958587646484
1787206809.3286319,4.964553370316463e-11,-1.403661018820058e-09,0.05128169059753418
1787206809.38068,4.964553370316463e-11,-1.403661018820058e-09,0.05150139331817628
1787206809.4287176,4.964553370316463e-11,-1.403661018820058e-09,0.05150139331817628
1787206809.4789217,4.964553370316463e-11,-1.403661018820058e-09,0.051694154739379876
1787206809.532091,4.964553370316463e-11,-1.403661018820058e-09,0.05185496807098389
1787206809.5836587,4.964553370316463e-11,-1.403661018820058e-09,0.05180108547210695
1787206809.6307912,4.964553370316463e-11,-1.403661018820058e-09,0.051770806312561035
1787206809.684014,4.964553370316463e-11,-1.403661018820058e-09,0.05155110359191896
1787206809.732434,4.964553370316463e-11,-1.403661018820058e-09,0.05155110359191896
1787206809.7816744,4.964553370316463e-11,-1.403661018820058e-09,0.05158066749572754
1787206809.8330884,4.964553370316463e-11,-1.403661018820058e-09,0.05167269706726074
1787206809.8801138,4.964553370316463e-11,-1.403661018820058e-09,0.051701068878173835
1787206809.9357922,4.964553370316463e-11,-1.403661018820058e-09,0.05176389217376709
1787206809.9870079,4.964553370316463e-11,-1.403661018820058e-09,0.05201363563537597
1787206810.028624,4.964553370316463e-11,-1.403661018820058e-09,0.05201363563537597
1787206810.080964,4.964553370316463e-11,-1.403661018820058e-09,0.05196976661682129
1787206810.1321824,4.964553370316463e-11,-1.403661018820058e-09,0.05189085006713866
1787206810.1839724,4.964553370316463e-11,-1.403661018820058e-09,0.051681280136108405
1787206810.239175,4.964553370316463e-11,-1.403661018820058e-09,0.051681280136108405
1787206810.2827458,4.964553370316463e-11,-1.403661018820058e-09,0.05194234848022461
1787206810.3408716,4.964553370316463e-11,-1.403661018820058e-09,0.05194234848022461
1787206810.3829875,4.964553370316463e-11,-1.403661018820058e-09,0.05202972888946534
1787206810.4380143,4.964553370316463e-11,-1.403661018820058e-09,0.0521763563156128
1787206810.4909742,4.964553370316463e-11,-1.403661018820058e-09,0.052136421203613295
1787206810.5611174,4.964553370316463e-11,-1.403661018820058e-09,0.05209171772003174
1787206810.6652193,4.964553370316463e-11,-1.403661018820058e-09,0.0520017147064209
1787206810.686325,4.964553370316463e-11,-1.403661018820058e-09,0.0520249605178833
1787206810.7396,4.964553370316463e-11,-1.403661018820058e-09,0.05224478244781494
1787206810.786188,4.964553370316463e-11,-1.403661018820058e-09,0.05225980281829835
1787206810.8538907,4.964553370316463e-11,-1.403661018820058e-09,0.05235612392425537
1787206810.8870144,4.964553370316463e-11,-1.403661018820058e-09,0.052366733551025384
1787206810.9317296,4.964553370316463e-11,-1.403661018820058e-09,0.0523148775100708
1787206810.9876416,4.964553370316463e-11,-1.403661018820058e-09,0.05225563049316406
1787206811.0307415,4.964553370316463e-11,-1.403661018820058e-09,0.05224883556365967
1787206811.0797448,4.964553370316463e-11,-1.403661018820058e-09,0.05229508876800537
1787206811.1464713,4.964553370316463e-11,-1.403661018820058e-09,0.05241835117340088
1787206811.179692,4.964553370316463e-11,-1.403661018820058e-09,0.05245387554168701
1787206811.2296097,4.964553370316463e-11,-1.403661018820058e-09,0.05248737335205077
1787206811.287852,4.964553370316463e-11,-1.403661018820058e-09,0.05245959758758546
1787206811.3303478,4.964553370316463e-11,-1.403661018820058e-09,0.05236423015594482
1787206811.3791986,4.964553370316463e-11,-1.403661018820058e-09,0.05226504802703859
1787206811.4414482,4.964553370316463e-11,-1.403661018820058e-09,0.05226504802703859
1787206811.4793715,4.964553370316463e-11,-1.403661018820058e-09,0.05238568782806395
1787206811.5303056,4.964553370316463e-11,-1.403661018820058e-09,0.052484869956970215
1787206811.58019,4.964553370316463e-11,-1.403661018820058e-09,0.05257761478424071
1787206811.6328475,4.964553370316463e-11,-1.403661018820058e-09,0.05257761478424071
1787206811.6793516,4.964553370316463e-11,-1.403661018820058e-09,0.052556276321411126
1787206811.734912,4.964553370316463e-11,-1.403661018820058e-09,0.052514791488647475
1787206811.8074293,4.964553370316463e-11,-1.403661018820058e-09,0.052439093589782715
1787206811.8314874,4.964553370316463e-11,-1.403661018820058e-09,0.052439093589782715
1787206811.8824973,4.964553370316463e-11,-1.403661018820058e-09,0.05235910415649414
1787206811.9765575,4.964553370316463e-11,-1.403661018820058e-09,0.05262100696563722
1787206812.034871,4.964553370316463e-11,-1.403661018820058e-09,0.05271053314208984
1787206812.1278915,4.964553370316463e-11,-1.403661018820058e-09,0.0528010129928589
1787206812.128793,4.964553370316463e-11,-1.403661018820058e-09,0.052774190902709975
1787206812.1863372,4.964553370316463e-11,-1.403661018820058e-09,0.052774190902709975
1787206812.2286844,4.964553370316463e-11,-1.403661018820058e-09,0.05264389514923096
1787206812.2983603,4.964553370316463e-11,-1.403661018820058e-09,0.05268692970275879
1787206812.334791,4.964553370316463e-11,-1.403661018820058e-09,0.05268692970275879
1787206812.38285,4.964553370316463e-11,-1.403661018820058e-09,0.053023934364318855
1787206812.4388857,4.964553370316463e-11,-1.403661018820058e-09,0.0530472993850708
1787206812.486153,4.964553370316463e-11,-1.403661018820058e-09,0.0530472993850708
1787206812.5354042,4.964553370316463e-11,-1.403661018820058e-09,0.05316746234893799
1787206812.5844631,4.964553370316463e-11,-1.403661018820058e-09,0.053153872489929206
1787206812.6330702,4.964553370316463e-11,-1.403661018820058e-09,0.05306136608123779
1787206812.6786501,4.964553370316463e-11,-1.403661018820058e-09,0.05291020870208741
1787206812.7285993,4.964553370316463e-11,-1.403661018820058e-09,0.052887320518493666
1787206812.7866347,4.964553370316463e-11,-1.403661018820058e-09,0.05295610427856445
1787206812.8296983,4.964553370316463e-11,-1.403661018820058e-09,0.053101420402526855
1787206812.883354,4.964553370316463e-11,-1.403661018820058e-09,0.05333042144775392
1787206812.9310546,4.964553370316463e-11,-1.403661018820058e-09,0.05333042144775392
1787206812.978249,4.964553370316463e-11,-1.403661018820058e-09,0.05328357219696044
1787206813.0347836,4.964553370316463e-11,-1.403661018820058e-09,0.053151130676269524
1787206813.0824535,4.964553370316463e-11,-1.403661018820058e-09,0.052993178367614746
1787206813.1283302,4.964553370316463e-11,-1.403661018820058e-09,0.052993178367614746
1787206813.2323492,4.964553370316463e-11,-1.403661018820058e-09,0.05342590808868409
1787206813.2800562,4.964553370316463e-11,-1.403661018820058e-09,0.05368924140930176
1787206813.3749025,4.964553370316463e-11,-1.403661018820058e-09,0.05374372005462647
1787206813.4293225,4.964553370316463e-11,-1.403661018820058e-09,0.05368745326995851
1787206813.520106,4.964553370316463e-11,-1.403661018820058e-09,0.053492069244384786
1787206813.5357144,4.964553370316463e-11,-1.403661018820058e-09,0.053492069244384786
1787206813.5840828,4.964553370316463e-11,-1.403661018820058e-09,0.053217887878417955
1787206813.6284323,4.964553370316463e-11,-1.403661018820058e-09,0.0531848669052124
1787206813.6792831,4.964553370316463e-11,-1.403661018820058e-09,0.05338370800018311
1787206813.7314432,4.964553370316463e-11,-1.403661018820058e-09,0.05338370800018311
1787206813.7797031,4.964553370316463e-11,-1.403661018820058e-09,0.053417086601257324
1787206813.8329077,4.964553370316463e-11,-1.403661018820058e-09,0.05342745780944824
1787206813.8810222,4.964553370316463e-11,-1.403661018820058e-09,0.05333340167999268
1787206813.928604,4.964553370316463e-11,-1.403661018820058e-09,0.05333125591278077
1787206813.9970524,4.964553370316463e-11,-1.403661018820058e-09,0.05333125591278077
1787206814.0324464,4.964553370316463e-11,-1.403661018820058e-09,0.053324580192565925
1787206814.0783114,4.964553370316463e-11,-1.403661018820058e-09,0.05339384078979492
1787206814.1457844,4.964553370316463e-11,-1.403661018820058e-09,0.05346155166625977
1787206814.1806116,4.964553370316463e-11,-1.403661018820058e-09,0.05349552631378172
1787206814.2763891,4.964553370316463e-11,-1.403661018820058e-09,0.05350816249847412
1787206814.2974358,4.964553370316463e-11,-1.403661018820058e-09,0.05344796180725097
1787206814.3375735,4.964553370316463e-11,-1.403661018820058e-09,0.0533503293991089
1787206814.3788874,4.964553370316463e-11,-1.403661018820058e-09,0.05331671237945556
1787206814.436782,4.964553370316463e-11,-1.403661018820058e-09,0.05337119102478027
1787206814.5077035,4.964553370316463e-11,-1.403661018820058e-09,0.05352365970611572
1787206814.5376263,4.964553370316463e-11,-1.403661018820058e-09,0.053610920906066895
1787206814.5888076,4.964553370316463e-11,-1.403661018820058e-09,0.05367159843444824
1787206814.6415145,4.964553370316463e-11,-1.403661018820058e-09,0.053694248199462884
1787206814.6970496,4.964553370316463e-11,-1.403661018820058e-09,0.05362355709075929
1787206814.7356522,4.964553370316463e-11,-1.403661018820058e-09,0.05357360839843751
1787206814.7821217,4.964553370316463e-11,-1.403661018820058e-09,0.053551197052001946
1787206814.8302794,4.964553370316463e-11,-1.403661018820058e-09,0.05354273319244384
1787206814.8844557,4.964553370316463e-11,-1.403661018820058e-09,0.05367743968963624
1787206814.958546,4.964553370316463e-11,-1.403661018820058e-09,0.05367743968963624
1787206814.9806075,4.964553370316463e-11,-1.403661018820058e-09,0.053812384605407715
1787206815.0381541,4.964553370316463e-11,-1.403661018820058e-09,0.053812384605407715
1787206815.0798113,4.964553370316463e-11,-1.403661018820058e-09,0.053812384605407715
1787206815.1537302,4.964553370316463e-11,-1.403661018820058e-09,0.0537724494934082
1787206815.1792269,4.964553370316463e-11,-1.403661018820058e-09,0.05364668369293213
1787206815.242507,4.964553370316463e-11,-1.403661018820058e-09,0.0534946918487549
1787206815.2833946,4.964553370316463e-11,-1.403661018820058e-09,0.05341351032257081
1787206815.364512,4.964553370316463e-11,-1.403661018820058e-09,0.053457975387573235
1787206815.3834772,4.964553370316463e-11,-1.403661018820058e-09,0.05353236198425293
1787206815.4286604,4.964553370316463e-11,-1.403661018820058e-09,0.05382227897644044
1787206815.4844732,4.964553370316463e-11,-1.403661018820058e-09,0.05382227897644044
1787206815.5415685,4.964553370316463e-11,-1.403661018820058e-09,0.05396115779876709
1787206815.6457183,4.964553370316463e-11,-1.403661018820058e-09,0.05396652221679689
1787206815.7268775,4.964553370316463e-11,-1.403661018820058e-09,0.05376827716827392
1787206815.8312836,4.964553370316463e-11,-1.403661018820058e-09,0.05376505851745606
1787206815.940407,4.964553370316463e-11,-1.403661018820058e-09,0.05407309532165527
1787206815.9794786,4.964553370316463e-11,-1.403661018820058e-09,0.05405521392822267
1787206816.0330136,4.964553370316463e-11,-1.403661018820058e-09,0.054000496864318855
1787206816.0800707,4.964553370316463e-11,-1.403661018820058e-09,0.053916215896606445
1787206816.1338654,4.964553370316463e-11,-1.403661018820058e-09,0.05387353897094728
1787206816.235995,4.964553370316463e-11,-1.403661018820058e-09,0.053980946540832506
1787206816.2829185,4.964553370316463e-11,-1.403661018820058e-09,0.0542072057723999
1787206816.3339443,4.964553370316463e-11,-1.403661018820058e-09,0.05432975292205811
1787206816.396016,4.964553370316463e-11,-1.403661018820058e-09,0.05428373813629149
1787206816.4344835,4.964553370316463e-11,-1.403661018820058e-09,0.05428373813629149
1787206816.4794266,4.964553370316463e-11,-1.403661018820058e-09,0.054029822349548354
1787206816.5363114,4.964553370316463e-11,-1.403661018820058e-09,0.054029822349548354
1787206816.5825207,4.964553370316463e-11,-1.403661018820058e-09,0.05379581451416015
1787206816.6323225,4.964553370316463e-11,-1.403661018820058e-09,0.05397212505340576
1787206816.6795294,4.964553370316463e-11,-1.403661018820058e-09,0.05412018299102783
1787206816.7506795,4.964553370316463e-11,-1.403661018820058e-09,0.054246068000793464
1787206816.7812366,4.964553370316463e-11,-1.403661018820058e-09,0.05435919761657715
1787206816.8925874,4.964553370316463e-11,-1.403661018820058e-09,0.05430436134338379
1787206816.9379559,4.964553370316463e-11,-1.403661018820058e-09,0.05413973331451417
1787206816.9793859,4.964553370316463e-11,-1.403661018820058e-09,0.054124116897583
1787206817.0482802,4.964553370316463e-11,-1.403661018820058e-09,0.05417227745056152
1787206817.0913022,4.964553370316463e-11,-1.403661018820058e-09,0.05423414707183838
1787206817.146553,4.964553370316463e-11,-1.403661018820058e-09,0.054320335388183594
1787206817.1857991,4.964553370316463e-11,-1.403661018820058e-09,0.05447161197662353
1787206817.2326722,4.964553370316463e-11,-1.403661018820058e-09,0.054520010948181145
1787206817.2918215,4.964553370316463e-11,-1.403661018820058e-09,0.05450928211212158
1787206817.3299263,4.964553370316463e-11,-1.403661018820058e-09,0.05456364154815673
1787206817.3817763,4.964553370316463e-11,-1.403661018820058e-09,0.05453753471374513
1787206817.4342794,4.964553370316463e-11,-1.403661018820058e-09,0.054518699645996094
1787206817.4805043,4.964553370316463e-11,-1.403661018820058e-09,0.05437147617340089
1787206817.53086,4.964553370316463e-11,-1.403661018820058e-09,0.05434215068817139
1787206817.5816534,4.964553370316463e-11,-1.403661018820058e-09,0.05444037914276123
1787206817.6322,4.964553370316463e-11,-1.403661018820058e-09,0.054775238037109375
1787206817.6828206,4.964553370316463e-11,-1.403661018820058e-09,0.05487644672393799
1787206817.7319267,4.964553370316463e-11,-1.403661018820058e-09,0.0552128553390503
1787206817.7840695,4.964553370316463e-11,-1.403661018820058e-09,0.055445313453674316
1787206817.839655,4.964553370316463e-11,-1.403661018820058e-09,0.05549728870391848
1787206817.888041,4.964553370316463e-11,-1.403661018820058e-09,0.055444955825805664
1787206817.928335,4.964553370316463e-11,-1.403661018820058e-09,0.05525934696197511
1787206817.9787152,4.964553370316463e-11,-1.403661018820058e-09,0.05525100231170654
1787206818.0335002,4.964553370316463e-11,-1.403661018820058e-09,0.05525100231170654
1787206818.0804446,4.964553370316463e-11,-1.403661018820058e-09,0.055472493171691895
1787206818.1556025,4.964553370316463e-11,-1.403661018820058e-09,0.055724859237670905
1787206818.1931467,4.964553370316463e-11,-1.403661018820058e-09,0.055811405181884766
1787206818.259131,4.964553370316463e-11,-1.403661018820058e-09,0.05587470531463624
1787206818.3753765,4.964553370316463e-11,-1.403661018820058e-09,0.05588161945343019
1787206818.382654,4.964553370316463e-11,-1.403661018820058e-09,0.055825352668762214
1787206818.6646655,4.964553370316463e-11,-1.403661018820058e-09,0.05575585365295411
1787206818.6832755,4.964553370316463e-11,-1.403661018820058e-09,0.055604815483093255
1787206818.798235,4.964553370316463e-11,-1.403661018820058e-09,0.055604815483093255
1787206818.883863,4.964553370316463e-11,-1.403661018820058e-09,0.05571961402893067
1787206819.0785422,4.964553370316463e-11,-1.403661018820058e-09,0.05603635311126709
1787206819.2834332,4.964553370316463e-11,-1.403661018820058e-09,0.055963277816772475
1787206819.335751,4.964553370316463e-11,-1.403661018820058e-09,0.055889964103698724
1787206819.379583,4.964553370316463e-11,-1.403661018820058e-09,0.0560840368270874
1787206819.4291613,4.964553370316463e-11,-1.403661018820058e-09,0.05604326725006104
1787206819.6051106,4.964553370316463e-11,-1.403661018820058e-09,0.05604326725006104
1787206819.63232,4.964553370316463e-11,-1.403661018820058e-09,0.05599761009216309
1787206819.8934386,4.964553370316463e-11,-1.403661018820058e-09,0.05599761009216309
1787206819.9291651,4.964553370316463e-11,-1.403661018820058e-09,0.056133031845092766
1787206820.2016873,4.964553370316463e-11,-1.403661018820058e-09,0.056133031845092766
1787206820.2755039,4.964553370316463e-11,-1.403661018820058e-09,0.056367635726928725
1787206820.3290877,4.964553370316463e-11,-1.403661018820058e-09,0.056352496147155776
1787206820.3845341,4.964553370316463e-11,-1.403661018820058e-09,0.05621159076690674
1787206820.430075,4.964553370316463e-11,-1.403661018820058e-09,0.05637860298156739
1787206820.479195,4.964553370316463e-11,-1.403661018820058e-09,0.05637860298156739
1787206820.5290654,4.964553370316463e-11,-1.403661018820058e-09,0.05641365051269532
1787206820.5802078,4.964553370316463e-11,-1.403661018820058e-09,0.05643570423126222
1787206820.6393282,4.964553370316463e-11,-1.403661018820058e-09,0.05643570423126222
1787206820.6913335,4.964553370316463e-11,-1.403661018820058e-09,0.056333065032958984
1787206820.7286193,4.964553370316463e-11,-1.403661018820058e-09,0.05622518062591554
1787206820.782079,4.964553370316463e-11,-1.403661018820058e-09,0.056163787841796875
1787206820.8350394,4.964553370316463e-11,-1.403661018820058e-09,0.056163787841796875
1787206820.881152,4.964553370316463e-11,-1.403661018820058e-09,0.05630970001220704
1787206820.9412866,4.964553370316463e-11,-1.403661018820058e-09,0.056368231773376465
1787206820.9874542,4.964553370316463e-11,-1.403661018820058e-09,0.056536316871643066
1787206821.0360112,4.964553370316463e-11,-1.403661018820058e-09,0.05659604072570801
1787206821.1400561,4.964553370316463e-11,-1.403661018820058e-09,0.05649244785308837
1787206821.1953964,4.964553370316463e-11,-1.403661018820058e-09,0.056333065032958984
1787206821.2642627,4.964553370316463e-11,-1.403661018820058e-09,0.05630803108215333
1787206821.3015015,4.964553370316463e-11,-1.403661018820058e-09,0.056259751319885254
1787206821.3357174,4.964553370316463e-11,-1.403661018820058e-09,0.05631482601165772
1787206821.3881388,4.964553370316463e-11,-1.403661018820058e-09,0.0563960075378418
1787206821.4331777,4.964553370316463e-11,-1.403661018820058e-09,0.056423068046569824
1787206821.4812393,4.964553370316463e-11,-1.403661018820058e-09,0.056545495986938484
1787206821.5403457,4.964553370316463e-11,-1.403661018820058e-09,0.05667161941528322
1787206821.5845683,4.964553370316463e-11,-1.403661018820058e-09,0.056746363639831536
1787206821.639786,4.964553370316463e-11,-1.403661018820058e-09,0.056740403175354004
1787206821.6839862,4.964553370316463e-11,-1.403661018820058e-09,0.05663025379180907
1787206821.729203,4.964553370316463e-11,-1.403661018820058e-09,0.05650091171264649
1787206821.7782161,4.964553370316463e-11,-1.403661018820058e-09,0.056458592414855964
1787206821.8457177,4.964553370316463e-11,-1.403661018820058e-09,0.056458592414855964
1787206821.878602,4.964553370316463e-11,-1.403661018820058e-09,0.056597113609313965
1787206821.9300957,4.964553370316463e-11,-1.403661018820058e-09,0.056597113609313965
1787206821.9857209,4.964553370316463e-11,-1.403661018820058e-09,0.05667531490325928
1787206822.03513,4.964553370316463e-11,-1.403661018820058e-09,0.05668258666992188
1787206822.086665,4.964553370316463e-11,-1.403661018820058e-09,0.056576013565063484
1787206822.1294854,4.964553370316463e-11,-1.403661018820058e-09,0.05654633045196534
1787206822.186546,4.964553370316463e-11,-1.403661018820058e-09,0.05650532245635986
1787206822.2319913,4.964553370316463e-11,-1.403661018820058e-09,0.05655527114868165
1787206822.2898302,4.964553370316463e-11,-1.403661018820058e-09,0.056648612022399916
1787206822.3474154,4.964553370316463e-11,-1.403661018820058e-09,0.056684374809265144
1787206822.378604,4.964553370316463e-11,-1.403661018820058e-09,0.05671131610870361
1787206822.433179,4.964553370316463e-11,-1.403661018820058e-09,0.05671131610870361
1787206822.4803278,4.964553370316463e-11,-1.403661018820058e-09,0.056615948677062995
1787206822.559846,4.964553370316463e-11,-1.403661018820058e-09,0.0564965009689331
1787206822.5823665,4.964553370316463e-11,-1.403661018820058e-09,0.05662047863006592
1787206822.6297207,4.964553370316463e-11,-1.403661018820058e-09,0.05662047863006592
1787206822.6794317,4.964553370316463e-11,-1.403661018820058e-09,0.056849837303161614
1787206822.7393942,4.964553370316463e-11,-1.403661018820058e-09,0.056849837303161614
1787206822.786571,4.964553370316463e-11,-1.403661018820058e-09,0.056898236274719245
1787206822.8312612,4.964553370316463e-11,-1.403661018820058e-09,0.056857824325561516
1787206822.878573,4.964553370316463e-11,-1.403661018820058e-09,0.056755900382995605
1787206822.9282837,4.964553370316463e-11,-1.403661018820058e-09,0.056671380996704095
1787206822.9803565,4.964553370316463e-11,-1.403661018820058e-09,0.05660593509674072
1787206823.0367494,4.964553370316463e-11,-1.403661018820058e-09,0.05673813819885255
1787206823.084371,4.964553370316463e-11,-1.403661018820058e-09,0.056756854057312026
1787206823.1303444,4.964553370316463e-11,-1.403661018820058e-09,0.05685913562774657
1787206823.1795933,4.964553370316463e-11,-1.403661018820058e-09,0.057066082954406745
1787206823.2327178,4.964553370316463e-11,-1.403661018820058e-09,0.057066082954406745
1787206823.299809,4.964553370316463e-11,-1.403661018820058e-09,0.056949973106384284
1787206823.3389513,4.964553370316463e-11,-1.403661018820058e-09,0.056922316551208496
1787206823.3783062,4.964553370316463e-11,-1.403661018820058e-09,0.05687296390533448
1787206823.4342434,4.964553370316463e-11,-1.403661018820058e-09,0.056612372398376465
1787206823.4865308,4.964553370316463e-11,-1.403661018820058e-09,0.056662440299987786
1787206823.5353727,4.964553370316463e-11,-1.403661018820058e-09,0.056473135948181166
1787206823.5827417,4.964553370316463e-11,-1.403661018820058e-09,0.056629538536071784
1787206823.6386244,4.964553370316463e-11,-1.403661018820058e-09,0.05678927898406984
1787206823.6797442,4.964553370316463e-11,-1.403661018820058e-09,0.057108402252197266
1787206823.729842,4.964553370316463e-11,-1.403661018820058e-09,0.057343125343322754
1787206823.7799199,4.964553370316463e-11,-1.403661018820058e-09,0.057227015495300286
1787206823.8373044,4.964553370316463e-11,-1.403661018820058e-09,0.057082533836364746
1787206823.882394,4.964553370316463e-11,-1.403661018820058e-09,0.05700159072875977
1787206823.93766,4.964553370316463e-11,-1.403661018820058e-09,0.056900143623352044
1787206823.9946716,4.964553370316463e-11,-1.403661018820058e-09,0.05693340301513672
1787206824.030675,4.964553370316463e-11,-1.403661018820058e-09,0.05707061290740967
1787206824.0789185,4.964553370316463e-11,-1.403661018820058e-09,0.05733466148376465
1787206824.136514,4.964553370316463e-11,-1.403661018820058e-09,0.05740320682525635
1787206824.184241,4.964553370316463e-11,-1.403661018820058e-09,0.0572110414505005
1787206824.2373312,4.964553370316463e-11,-1.403661018820058e-09,0.0572110414505005
1787206824.2792659,4.964553370316463e-11,-1.403661018820058e-09,0.05707192420959474
1787206824.331302,4.964553370316463e-11,-1.403661018820058e-09,0.05688238143920899
1787206824.440864,4.964553370316463e-11,-1.403661018820058e-09,0.057165265083313
1787206824.5284948,4.964553370316463e-11,-1.403661018820058e-09,0.05735659599304199
1787206824.5796483,4.964553370316463e-11,-1.403661018820058e-09,0.057385921478271484
1787206824.6287308,4.964553370316463e-11,-1.403661018820058e-09,0.057253003120422356
1787206824.6828105,4.964553370316463e-11,-1.403661018820058e-09,0.0571643114089966
1787206824.7353275,4.964553370316463e-11,-1.403661018820058e-09,0.05684244632720948
1787206824.7801774,4.964553370316463e-11,-1.403661018820058e-09,0.05692577362060547
1787206824.835317,4.964553370316463e-11,-1.403661018820058e-09,0.056949019432067864
1787206824.8826365,4.964553370316463e-11,-1.403661018820058e-09,0.057196021080017104
1787206824.9409833,4.964553370316463e-11,-1.403661018820058e-09,0.05727446079254151
1787206824.9782221,4.964553370316463e-11,-1.403661018820058e-09,0.057234525680542
1787206825.0395873,4.964553370316463e-11,-1.403661018820058e-09,0.05720114707946777
1787206825.087441,4.964553370316463e-11,-1.403661018820058e-09,0.05709683895111084
1787206825.141109,4.964553370316463e-11,-1.403661018820058e-09,0.05696022510528565
1787206825.1795094,4.964553370316463e-11,-1.403661018820058e-09,0.056782126426696784
1787206825.2300053,4.964553370316463e-11,-1.403661018820058e-09,0.05685079097747802
1787206825.2963884,4.964553370316463e-11,-1.403661018820058e-09,0.05707967281341554
1787206825.3354726,4.964553370316463e-11,-1.403661018820058e-09,0.05707967281341554
1787206825.3782141,4.964553370316463e-11,-1.403661018820058e-09,0.05712497234344482
1787206825.4284718,4.964553370316463e-11,-1.403661018820058e-09,0.0570136308670044
1787206825.4834797,4.964553370316463e-11,-1.403661018820058e-09,0.0570136308670044
1787206825.5288508,4.964553370316463e-11,-1.403661018820058e-09,0.05698192119598389
1787206825.5785503,4.964553370316463e-11,-1.403661018820058e-09,0.05694663524627686
1787206825.635549,4.964553370316463e-11,-1.403661018820058e-09,0.05694663524627686
1787206825.678301,4.964553370316463e-11,-1.403661018820058e-09,0.057082176208496094
1787206825.7299938,4.964553370316463e-11,-1.403661018820058e-09,0.05714452266693116
1787206825.7858007,4.964553370316463e-11,-1.403661018820058e-09,0.05729448795318604
1787206825.832187,4.964553370316463e-11,-1.403661018820058e-09,0.057296037673950195
1787206825.8785682,4.964553370316463e-11,-1.403661018820058e-09,0.05713772773742676
1787206825.9382012,4.964553370316463e-11,-1.403661018820058e-09,0.05713772773742676
1787206826.0302844,4.964553370316463e-11,-1.403661018820058e-09,0.0570526123046875
1787206826.0834246,4.964553370316463e-11,-1.403661018820058e-09,0.05720782279968263
1787206826.1383805,4.964553370316463e-11,-1.403661018820058e-09,0.05730998516082764
1787206826.1787176,4.964553370316463e-11,-1.403661018820058e-09,0.057483792304992676
1787206826.2374284,4.964553370316463e-11,-1.403661018820058e-09,0.057498693466186516
1787206826.282382,4.964553370316463e-11,-1.403661018820058e-09,0.05740356445312499
1787206826.3441997,4.964553370316463e-11,-1.403661018820058e-09,0.05740356445312499
1787206826.3797634,4.964553370316463e-11,-1.403661018820058e-09,0.057281374931335456
1787206826.432659,4.964553370316463e-11,-1.403661018820058e-09,0.057259202003479004
1787206826.4812949,4.964553370316463e-11,-1.403661018820058e-09,0.057251572608947754
1787206826.5419,4.964553370316463e-11,-1.403661018820058e-09,0.057344079017639174
1787206826.5871985,4.964553370316463e-11,-1.403661018820058e-09,0.05748677253723146
1787206826.6356452,4.964553370316463e-11,-1.403661018820058e-09,0.057483792304992676
1787206826.6952698,4.964553370316463e-11,-1.403661018820058e-09,0.05755043029785156
1787206826.7309837,4.964553370316463e-11,-1.403661018820058e-09,0.057526469230651855
1787206826.7870731,4.964553370316463e-11,-1.403661018820058e-09,0.05744123458862307
1787206826.8520544,4.964553370316463e-11,-1.403661018820058e-09,0.0574491024017334
1787206826.8880978,4.964553370316463e-11,-1.403661018820058e-09,0.05733633041381836
1787206826.9363623,4.964553370316463e-11,-1.403661018820058e-09,0.05719161033630371
1787206826.983086,4.964553370316463e-11,-1.403661018820058e-09,0.05712878704071045
1787206827.0326498,4.964553370316463e-11,-1.403661018820058e-09,0.057158708572387695
1787206827.086233,4.964553370316463e-11,-1.403661018820058e-09,0.057113170623779304
1787206827.1291666,4.964553370316463e-11,-1.403661018820058e-09,0.05724763870239258
1787206827.2110765,4.964553370316463e-11,-1.403661018820058e-09,0.05724763870239258
1787206827.23474,4.964553370316463e-11,-1.403661018820058e-09,0.05740034580230714
1787206827.2837708,4.964553370316463e-11,-1.403661018820058e-09,0.05754339694976806
1787206827.3317335,4.964553370316463e-11,-1.403661018820058e-09,0.05754339694976806
1787206827.3817017,4.964553370316463e-11,-1.403661018820058e-09,0.05745911598205567
1787206827.4312942,4.964553370316463e-11,-1.403661018820058e-09,0.05734479427337646
1787206827.48426,4.964553370316463e-11,-1.403661018820058e-09,0.05733788013458252
1787206827.5615396,4.964553370316463e-11,-1.403661018820058e-09,0.05729091167449952
1787206827.5805917,4.964553370316463e-11,-1.403661018820058e-09,0.05742847919464112
1787206827.6442766,4.964553370316463e-11,-1.403661018820058e-09,0.05742847919464112
1787206827.7112381,4.964553370316463e-11,-1.403661018820058e-09,0.05749154090881348
1787206827.7341325,4.964553370316463e-11,-1.403661018820058e-09,0.05747175216674806
1787206827.7786252,4.964553370316463e-11,-1.403661018820058e-09,0.0573652982711792
1787206827.865503,4.964553370316463e-11,-1.403661018820058e-09,0.0573652982711792
1787206827.884669,4.964553370316463e-11,-1.403661018820058e-09,0.057327151298522956
1787206827.943546,4.964553370316463e-11,-1.403661018820058e-09,0.05727875232696534
1787206827.9819021,4.964553370316463e-11,-1.403661018820058e-09,0.05742383003234865
1787206828.0487025,4.964553370316463e-11,-1.403661018820058e-09,0.05756139755249024
1787206828.1087186,4.964553370316463e-11,-1.403661018820058e-09,0.05761122703552247
1787206828.1283193,4.964553370316463e-11,-1.403661018820058e-09,0.057637929916381836
1787206828.17831,4.964553370316463e-11,-1.403661018820058e-09,0.057552814483642564
1787206828.228223,4.964553370316463e-11,-1.403661018820058e-09,0.05742180347442627
1787206828.2831173,4.964553370316463e-11,-1.403661018820058e-09,0.05742180347442627
1787206828.32903,4.964553370316463e-11,-1.403661018820058e-09,0.057348847389221184
1787206828.3782682,4.964553370316463e-11,-1.403661018820058e-09,0.057348847389221184
1787206828.437615,4.964553370316463e-11,-1.403661018820058e-09,0.057468056678771966
1787206828.4791324,4.964553370316463e-11,-1.403661018820058e-09,0.05763697624206542
1787206828.528149,4.964553370316463e-11,-1.403661018820058e-09,0.057629942893981934
1787206828.5817575,4.964553370316463e-11,-1.403661018820058e-09,0.057629942893981934
1787206828.635118,4.964553370316463e-11,-1.403661018820058e-09,0.05752158164978027
1787206828.6783297,4.964553370316463e-11,-1.403661018820058e-09,0.05749654769897461
1787206828.7372386,4.964553370316463e-11,-1.403661018820058e-09,0.05739009380340576
1787206828.7782347,4.964553370316463e-11,-1.403661018820058e-09,0.05734610557556152
1787206828.8289738,4.964553370316463e-11,-1.403661018820058e-09,0.05734610557556152
1787206828.8825324,4.964553370316463e-11,-1.403661018820058e-09,0.0573962926864624
1787206828.934672,4.964553370316463e-11,-1.403661018820058e-09,0.057450056076049805
1787206828.9791727,4.964553370316463e-11,-1.403661018820058e-09,0.057427763938903816
1787206829.0344727,4.964553370316463e-11,-1.403661018820058e-09,0.057427763938903816
1787206829.0793378,4.964553370316463e-11,-1.403661018820058e-09,0.05736088752746581
1787206829.1319594,4.964553370316463e-11,-1.403661018820058e-09,0.057216525077819824
1787206829.1794572,4.964553370316463e-11,-1.403661018820058e-09,0.05717551708221435
1787206829.2285573,4.964553370316463e-11,-1.403661018820058e-09,0.05716073513031006
1787206829.2792308,4.964553370316463e-11,-1.403661018820058e-09,0.05729591846466065
1787206829.329109,4.964553370316463e-11,-1.403661018820058e-09,0.05737459659576417
1787206829.378293,4.964553370316463e-11,-1.403661018820058e-09,0.05739009380340576
1787206829.4312286,4.964553370316463e-11,-1.403661018820058e-09,0.0574190616607666
1787206829.4783578,4.964553370316463e-11,-1.403661018820058e-09,0.057345747947692864
1787206829.5342097,4.964553370316463e-11,-1.403661018820058e-09,0.05724418163299561
1787206829.578325,4.964553370316463e-11,-1.403661018820058e-09,0.05718636512756348
1787206829.6291838,4.964553370316463e-11,-1.403661018820058e-09,0.057076334953308105
1787206829.6782682,4.964553370316463e-11,-1.403661018820058e-09,0.057009577751159675
1787206829.7291608,4.964553370316463e-11,-1.403661018820058e-09,0.057009577751159675
1787206829.7785776,4.964553370316463e-11,-1.403661018820058e-09,0.057128071784973145
1787206829.828426,4.964553370316463e-11,-1.403661018820058e-09,0.057128071784973145
1787206829.878422,4.964553370316463e-11,-1.403661018820058e-09,0.057248830795288086
1787206829.9528818,4.964553370316463e-11,-1.403661018820058e-09,0.057243704795837416
1787206829.9788325,4.964553370316463e-11,-1.403661018820058e-09,0.057243704795837416
1787206830.0292392,4.964553370316463e-11,-1.403661018820058e-09,0.05721747875213623
1787206830.078713,4.964553370316463e-11,-1.403661018820058e-09,0.05721747875213623
1787206830.1339064,4.964553370316463e-11,-1.403661018820058e-09,0.05724930763244629
1787206830.180154,4.964553370316463e-11,-1.403661018820058e-09,0.05711519718170166
1787206830.2292209,4.964553370316463e-11,-1.403661018820058e-09,0.056970953941345215
1787206830.2797182,4.964553370316463e-11,-1.403661018820058e-09,0.057120680809020996
1787206830.3295171,4.964553370316463e-11,-1.403661018820058e-09,0.05724751949310304
1787206830.3783796,4.964553370316463e-11,-1.403661018820058e-09,0.05744671821594238
1787206830.4310684,4.964553370316463e-11,-1.403661018820058e-09,0.05744671821594238
1787206830.478543,4.964553370316463e-11,-1.403661018820058e-09,0.05764591693878175
1787206830.5301852,4.964553370316463e-11,-1.403661018820058e-09,0.05764591693878175
1787206830.5840333,4.964553370316463e-11,-1.403661018820058e-09,0.05756819248199462
1787206830.628491,4.964553370316463e-11,-1.403661018820058e-09,0.05723011493682861
1787206830.6790574,4.964553370316463e-11,-1.403661018820058e-09,0.05723011493682861
1787206830.7335303,4.964553370316463e-11,-1.403661018820058e-09,0.056978464126586914
1787206830.7787766,4.964553370316463e-11,-1.403661018820058e-09,0.05703985691070557
1787206830.82851,4.964553370316463e-11,-1.403661018820058e-09,0.05706787109374999
1787206830.880751,4.964553370316463e-11,-1.403661018820058e-09,0.057261109352111816
1787206830.9292045,4.964553370316463e-11,-1.403661018820058e-09,0.057381391525268555
1787206830.978296,4.964553370316463e-11,-1.403661018820058e-09,0.05768263339996338
1787206831.0305948,4.964553370316463e-11,-1.403661018820058e-09,0.05769968032836914
1787206831.079306,4.964553370316463e-11,-1.403661018820058e-09,0.05754458904266359
1787206831.1387656,4.964553370316463e-11,-1.403661018820058e-09,0.05754458904266359
1787206831.1791842,4.964553370316463e-11,-1.403661018820058e-09,0.05745673179626464
1787206831.2287545,4.964553370316463e-11,-1.403661018820058e-09,0.05745673179626464
1787206831.2783363,4.964553370316463e-11,-1.403661018820058e-09,0.0574171543121338
1787206831.3294225,4.964553370316463e-11,-1.403661018820058e-09,0.057532429695129395
1787206831.3784494,4.964553370316463e-11,-1.403661018820058e-09,0.05781745910644531
1787206831.4307053,4.964553370316463e-11,-1.403661018820058e-09,0.05781745910644531
1787206831.4794488,4.964553370316463e-11,-1.403661018820058e-09,0.05775296688079834
1787206831.5285308,4.964553370316463e-11,-1.403661018820058e-09,0.05775296688079834
1787206831.5893416,4.964553370316463e-11,-1.403661018820058e-09,0.05763840675354004
1787206831.6303043,4.964553370316463e-11,-1.403661018820058e-09,0.05760359764099121
1787206831.6783452,4.964553370316463e-11,-1.403661018820058e-09,0.05771255493164062
1787206831.7301173,4.964553370316463e-11,-1.403661018820058e-09,0.05771255493164062
1787206831.7783945,4.964553370316463e-11,-1.403661018820058e-09,0.057869791984558105
1787206831.833522,4.964553370316463e-11,-1.403661018820058e-09,0.057869791984558105
1787206831.8797808,4.964553370316463e-11,-1.403661018820058e-09,0.057868599891662605
1787206831.9286935,4.964553370316463e-11,-1.403661018820058e-09,0.0578296184539795
1787206831.9780934,4.964553370316463e-11,-1.403661018820058e-09,0.057635307312011726
1787206832.0283651,4.964553370316463e-11,-1.403661018820058e-09,0.057635307312011726
1787206832.0790637,4.964553370316463e-11,-1.403661018820058e-09,0.05765581130981446
1787206832.1304574,4.964553370316463e-11,-1.403661018820058e-09,0.05782115459442139
1787206832.178682,4.964553370316463e-11,-1.403661018820058e-09,0.05790662765502929
1787206832.2288506,4.964553370316463e-11,-1.403661018820058e-09,0.05790662765502929
1787206832.2781956,4.964553370316463e-11,-1.403661018820058e-09,0.05782246589660644
1787206832.3290548,4.964553370316463e-11,-1.403661018820058e-09,0.05782246589660644
1787206832.3790145,4.964553370316463e-11,-1.403661018820058e-09,0.05779600143432617
1787206832.428476,4.964553370316463e-11,-1.403661018820058e-09,0.05788350105285644
1787206832.4785705,4.964553370316463e-11,-1.403661018820058e-09,0.05798280239105226
1787206832.5285664,4.964553370316463e-11,-1.403661018820058e-09,0.05798280239105226
1787206832.5784564,4.964553370316463e-11,-1.403661018820058e-09,0.05812203884124757
1787206832.6287506,4.964553370316463e-11,-1.403661018820058e-09,0.05812203884124757
1787206832.679497,4.964553370316463e-11,-1.403661018820058e-09,0.05801498889923096
1787206832.7285855,4.964553370316463e-11,-1.403661018820058e-09,0.057827711105346694
1787206832.7798734,4.964553370316463e-11,-1.403661018820058e-09,0.057801246643066406
1787206832.8288941,4.964553370316463e-11,-1.403661018820058e-09,0.057801246643066406
1787206832.878244,4.964553370316463e-11,-1.403661018820058e-09,0.0579308271408081
1787206832.9284465,4.964553370316463e-11,-1.403661018820058e-09,0.0579308271408081
1787206832.9804237,4.964553370316463e-11,-1.403661018820058e-09,0.05801630020141603
1787206833.0285268,4.964553370316463e-11,-1.403661018820058e-09,0.05789649486541748
1787206833.1014817,4.964553370316463e-11,-1.403661018820058e-09,0.05779707431793213
1787206833.1358454,4.964553370316463e-11,-1.403661018820058e-09,0.05779707431793213
1787206833.1787157,4.964553370316463e-11,-1.403661018820058e-09,0.05776667594909667
1787206833.2305877,4.964553370316463e-11,-1.403661018820058e-09,0.05776667594909667
1787206833.2785983,4.964553370316463e-11,-1.403661018820058e-09,0.05784475803375244
1787206833.3321114,4.964553370316463e-11,-1.403661018820058e-09,0.0579679012298584
1787206833.3820276,4.964553370316463e-11,-1.403661018820058e-09,0.05803072452545167
1787206833.429708,4.964553370316463e-11,-1.403661018820058e-09,0.05811643600463867
1787206833.4784372,4.964553370316463e-11,-1.403661018820058e-09,0.05811274051666261
1787206833.5342581,4.964553370316463e-11,-1.403661018820058e-09,0.05811274051666261
1787206833.578614,4.964553370316463e-11,-1.403661018820058e-09,0.05794596672058107
1787206833.6295073,4.964553370316463e-11,-1.403661018820058e-09,0.05794596672058107
1787206833.6791677,4.964553370316463e-11,-1.403661018820058e-09,0.0578843355178833
1787206833.728737,4.964553370316463e-11,-1.403661018820058e-09,0.05795025825500488
1787206833.778917,4.964553370316463e-11,-1.403661018820058e-09,0.058163285255432136
1787206833.8312232,4.964553370316463e-11,-1.403661018820058e-09,0.058163285255432136
1787206833.8835344,4.964553370316463e-11,-1.403661018820058e-09,0.058273077011108405
1787206833.9288685,4.964553370316463e-11,-1.403661018820058e-09,0.05823576450347902
1787206833.9812038,4.964553370316463e-11,-1.403661018820058e-09,0.05823576450347902
1787206834.0282516,4.964553370316463e-11,-1.403661018820058e-09,0.05813109874725342
1787206834.0820577,4.964553370316463e-11,-1.403661018820058e-09,0.05813109874725342
1787206834.1297555,4.964553370316463e-11,-1.403661018820058e-09,0.057987332344055176
1787206834.1798582,4.964553370316463e-11,-1.403661018820058e-09,0.05797147750854492
1787206834.2287424,4.964553370316463e-11,-1.403661018820058e-09,0.057919859886169434
1787206834.2786984,4.964553370316463e-11,-1.403661018820058e-09,0.058052182197570815
1787206834.3284361,4.964553370316463e-11,-1.403661018820058e-09,0.058167815208435066
1787206834.3800733,4.964553370316463e-11,-1.403661018820058e-09,0.05844938755035402
1787206834.4283268,4.964553370316463e-11,-1.403661018820058e-09,0.05844938755035402
1787206834.4793882,4.964553370316463e-11,-1.403661018820058e-09,0.05833017826080322
1787206834.5300717,4.964553370316463e-11,-1.403661018820058e-09,0.05833017826080322
1787206834.5786366,4.964553370316463e-11,-1.403661018820058e-09,0.05824375152587892
1787206834.6294615,4.964553370316463e-11,-1.403661018820058e-09,0.058145642280578606
1787206834.6795614,4.964553370316463e-11,-1.403661018820058e-09,0.058232784271240234
1787206834.7311187,4.964553370316463e-11,-1.403661018820058e-09,0.05827200412750245
1787206834.7816532,4.964553370316463e-11,-1.403661018820058e-09,0.0584038496017456
1787206834.8284075,4.964553370316463e-11,-1.403661018820058e-09,0.05859541893005371
1787206834.8784301,4.964553370316463e-11,-1.403661018820058e-09,0.05877649784088134
1787206834.9289517,4.964553370316463e-11,-1.403661018820058e-09,0.05877649784088134
1787206834.9783905,4.964553370316463e-11,-1.403661018820058e-09,0.05874752998352051
1787206835.0294619,4.964553370316463e-11,-1.403661018820058e-09,0.05869650840759279
1787206835.0786653,4.964553370316463e-11,-1.403661018820058e-09,0.0585935115814209
1787206835.1283827,4.964553370316463e-11,-1.403661018820058e-09,0.0585935115814209
1787206835.1784651,4.964553370316463e-11,-1.403661018820058e-09,0.05873680114746095
1787206835.229192,4.964553370316463e-11,-1.403661018820058e-09,0.05873680114746095
1787206835.2803524,4.964553370316463e-11,-1.403661018820058e-09,0.05879509449005128
1787206835.3362203,4.964553370316463e-11,-1.403661018820058e-09,0.058835983276367174
1787206835.3784628,4.964553370316463e-11,-1.403661018820058e-09,0.05890905857086182
1787206835.428686,4.964553370316463e-11,-1.403661018820058e-09,0.058857083320617676
1787206835.4784367,4.964553370316463e-11,-1.403661018820058e-09,0.0587066411972046
1787206835.5284054,4.964553370316463e-11,-1.403661018820058e-09,0.0587066411972046
1787206835.5840094,4.964553370316463e-11,-1.403661018820058e-09,0.05868577957153321
1787206835.633649,4.964553370316463e-11,-1.403661018820058e-09,0.058689475059509284
1787206835.678498,4.964553370316463e-11,-1.403661018820058e-09,0.058836698532104506
1787206835.7407198,4.964553370316463e-11,-1.403661018820058e-09,0.05888295173645021
1787206835.778356,4.964553370316463e-11,-1.403661018820058e-09,0.05898082256317137
1787206835.8357892,4.964553370316463e-11,-1.403661018820058e-09,0.05901575088500975
1787206835.8784173,4.964553370316463e-11,-1.403661018820058e-09,0.0589449405670166
1787206835.9287267,4.964553370316463e-11,-1.403661018820058e-09,0.05888628959655762
1787206835.9814105,4.964553370316463e-11,-1.403661018820058e-09,0.05884134769439699
1787206836.0290647,4.964553370316463e-11,-1.403661018820058e-09,0.058745980262756355
1787206836.081221,4.964553370316463e-11,-1.403661018820058e-09,0.058745980262756355
1787206836.1289976,4.964553370316463e-11,-1.403661018820058e-09,0.058863162994384766
1787206836.1787055,4.964553370316463e-11,-1.403661018820058e-09,0.05898368358612061
1787206836.2294126,4.964553370316463e-11,-1.403661018820058e-09,0.05902075767517089
1787206836.2783506,4.964553370316463e-11,-1.403661018820058e-09,0.05902278423309326
1787206836.3295593,4.964553370316463e-11,-1.403661018820058e-09,0.05896353721618652
1787206836.378192,4.964553370316463e-11,-1.403661018820058e-09,0.058827757835388184
1787206836.4285877,4.964553370316463e-11,-1.403661018820058e-09,0.058827757835388184
1787206836.4782686,4.964553370316463e-11,-1.403661018820058e-09,0.0587918758392334
1787206836.5290625,4.964553370316463e-11,-1.403661018820058e-09,0.0587918758392334
1787206836.5788069,4.964553370316463e-11,-1.403661018820058e-09,0.05892908573150635
1787206836.6285563,4.964553370316463e-11,-1.403661018820058e-09,0.059044480323791504
1787206836.6784382,4.964553370316463e-11,-1.403661018820058e-09,0.059152960777282715
1787206836.7283692,4.964553370316463e-11,-1.403661018820058e-09,0.059152960777282715
1787206836.7795007,4.964553370316463e-11,-1.403661018820058e-09,0.05919229984283447
1787206836.8353565,4.964553370316463e-11,-1.403661018820058e-09,0.05924880504608154
1787206836.8828852,4.964553370316463e-11,-1.403661018820058e-09,0.05923402309417724
1787206836.928559,4.964553370316463e-11,-1.403661018820058e-09,0.0591965913772583
1787206836.9791303,4.964553370316463e-11,-1.403661018820058e-09,0.059096455574035645
1787206837.0342636,4.964553370316463e-11,-1.403661018820058e-09,0.05910909175872803
1787206837.0796204,4.964553370316463e-11,-1.403661018820058e-09,0.05904650688171385
1787206837.1424267,4.964553370316463e-11,-1.403661018820058e-09,0.05919301509857179
1787206837.1801715,4.964553370316463e-11,-1.403661018820058e-09,0.05935132503509522
1787206837.2405043,4.964553370316463e-11,-1.403661018820058e-09,0.05935132503509522
1787206837.2855306,4.964553370316463e-11,-1.403661018820058e-09,0.059453606605529785
1787206837.331946,4.964553370316463e-11,-1.403661018820058e-09,0.05941641330718994
1787206837.3786597,4.964553370316463e-11,-1.403661018820058e-09,0.05930066108703613
1787206837.4368844,4.964553370316463e-11,-1.403661018820058e-09,0.05930066108703613
1787206837.478361,4.964553370316463e-11,-1.403661018820058e-09,0.059350967407226556
1787206837.5284677,4.964553370316463e-11,-1.403661018820058e-09,0.059476494789123535
1787206837.583642,4.964553370316463e-11,-1.403661018820058e-09,0.05963623523712158
1787206837.639689,4.964553370316463e-11,-1.403661018820058e-09,0.059699416160583496
1787206837.6817439,4.964553370316463e-11,-1.403661018820058e-09,0.059701323509216316
1787206837.7398531,4.964553370316463e-11,-1.403661018820058e-09,0.059674024581909194
1787206837.7786877,4.964553370316463e-11,-1.403661018820058e-09,0.05958473682403565
1787206837.836599,4.964553370316463e-11,-1.403661018820058e-09,0.059483885765075684
1787206837.8875442,4.964553370316463e-11,-1.403661018820058e-09,0.059425592422485345
1787206837.946448,4.964553370316463e-11,-1.403661018820058e-09,0.059563398361206055
1787206837.9794412,4.964553370316463e-11,-1.403661018820058e-09,0.05967509746551514
1787206838.0355961,4.964553370316463e-11,-1.403661018820058e-09,0.0598384141921997
1787206838.134552,4.964553370316463e-11,-1.403661018820058e-09,0.05998432636260986
1787206838.1796448,4.964553370316463e-11,-1.403661018820058e-09,0.05991566181182861
1787206838.2313905,4.964553370316463e-11,-1.403661018820058e-09,0.05987632274627686
1787206838.2913806,4.964553370316463e-11,-1.403661018820058e-09,0.05983257293701172
1787206838.3466234,4.964553370316463e-11,-1.403661018820058e-09,0.0599569082260132
1787206838.3783777,4.964553370316463e-11,-1.403661018820058e-09,0.060086846351623535
1787206838.437922,4.964553370316463e-11,-1.403661018820058e-09,0.060098052024841295
1787206838.48238,4.964553370316463e-11,-1.403661018820058e-09,0.06012618541717529
1787206838.5330143,4.964553370316463e-11,-1.403661018820058e-09,0.06018555164337159
1787206838.578229,4.964553370316463e-11,-1.403661018820058e-09,0.06016814708709717
1787206838.6302395,4.964553370316463e-11,-1.403661018820058e-09,0.06011056900024414
1787206838.6820724,4.964553370316463e-11,-1.403661018820058e-09,0.060039520263671875
1787206838.7286942,4.964553370316463e-11,-1.403661018820058e-09,0.059896945953369134
1787206838.7796404,4.964553370316463e-11,-1.403661018820058e-09,0.059918165206909194
1787206838.8283975,4.964553370316463e-11,-1.403661018820058e-09,0.060137629508972154
1787206838.8848717,4.964553370316463e-11,-1.403661018820058e-09,0.060137629508972154
1787206838.9311297,4.964553370316463e-11,-1.403661018820058e-09,0.06018865108489991
1787206838.9784648,4.964553370316463e-11,-1.403661018820058e-09,0.06021523475646973
1787206839.0431955,4.964553370316463e-11,-1.403661018820058e-09,0.060182213783264174
1787206839.0823858,4.964553370316463e-11,-1.403661018820058e-09,0.06006371974945069
1787206839.1373832,4.964553370316463e-11,-1.403661018820058e-09,0.06000244617462158
