x,y
4.189355271751513676e+00,7.350435388204058784e-02
4.185161434183467755e+00,3.013977700522698644e-01
4.178412215313960232e+00,4.152967427140478729e-01
4.179474236760921002e+00,5.304362519470104953e-01
4.168460307517188213e+00,6.445635317747780979e-01
4.159245751417183889e+00,7.593814590828438238e-01
4.153711454924562396e+00,8.756170491871505535e-01
4.149272181151415495e+00,1.113174042672393949e+00
4.143372709964548761e+00,1.233203651334257689e+00
4.138747135319143844e+00,1.355284979839852078e+00
4.136173696959281720e+00,1.480039634849412478e+00
4.146626796392072656e+00,1.612168177085285370e+00
4.139087825072019555e+00,1.740129305161384643e+00
4.134917304288567408e+00,1.872159256565099961e+00
4.140986096787028892e+00,2.012225404633099402e+00
4.133581034365777285e+00,2.149369252083700221e+00
5.582805283673441643e+00,3.098469497295532005e+00
5.578337742187358117e+00,3.297354762290334307e+00
5.594219171504594357e+00,3.515275146350490321e+00
5.604794102336351003e+00,3.738108088721508793e+00
5.610576805441549908e+00,3.966366916776192131e+00
5.602409700668832926e+00,4.193448671644274484e+00
5.510706223624013411e+00,4.363365143615668629e+00
4.275898455048745994e+00,3.578892418615861715e+00
4.278958734380789330e+00,3.783841315114641723e+00
4.299543546169469543e+00,4.015421928236501792e+00
4.245816676798282785e+00,4.186932981964912592e+00
4.027970084553892605e+00,4.194005585401925806e+00
3.808239745436426293e+00,4.187231603415361825e+00
3.197828113800644800e+00,3.713986637629157705e+00
2.961193896327509290e+00,3.634374329369110868e+00
2.976709545197868234e+00,3.863201786315101138e+00
2.234331012426757912e+00,3.662221288071625391e+00
2.090226892772596656e+00,3.645237562263554665e+00
1.953464501733966907e+00,3.631990253306265792e+00
1.734154603259774108e+00,3.692011503959873320e+00
1.620787803886053036e+00,3.709359771893297353e+00
1.582462051670017855e+00,3.907744964119226339e+00
1.453829394720491885e+00,4.238601278871385603e+00
1.194996347945091797e+00,4.217989850357481529e+00
1.076254591593545973e+00,4.234363810070049361e+00
7.978501357796439208e-01,3.539183446887129492e+00
7.147332904452610158e-01,3.627253186990760714e+00
6.135822234537282593e-01,3.631529521164538643e+00
5.104923010431499097e-01,3.617154630606820298e+00
4.803743479367509894e-01,4.231822323729361734e+00
3.646153783020659178e-01,4.236337873901097062e+00
2.489661700800876731e-01,4.237692775942710988e+00
1.838885587124903728e-02,4.241960267695586317e+00
-9.692042062312598849e-02,4.242893147939799547e+00
-3.271023144014335582e-01,4.229369827534998016e+00
-4.427296404101879190e-01,4.226877175138939791e+00
-6.773746858152214223e-01,4.232133952768013962e+00
-7.956259183291967130e-01,4.230839527616869766e+00
-9.931071787307962362e-01,4.054135238089158655e+00
-1.067751520923966080e+00,3.897382066078101559e+00
-1.138701631588588059e+00,3.753057716407504518e+00
-1.186495192768477480e+00,3.559456983489352577e+00
-8.054919409212499826e-01,2.214027682757623072e+00
-7.937282891691606057e-01,2.009954365189537739e+00
-8.763021813430701412e-01,2.053870433419410002e+00
-1.627387492350462539e+00,3.544236286050435059e+00
-1.575518992182017630e+00,3.199077357431273860e+00
-1.652910528349666341e+00,2.941388006581741266e+00
-1.709629931335172159e+00,2.857632782030382401e+00
-1.651973679195357647e+00,2.598311770242207164e+00
-1.695676422815339146e+00,2.513504719351689953e+00
-1.799983332581816864e+00,2.517754017284945078e+00
-2.082196602715871148e+00,2.601284593766832742e+00
-2.081058449900471174e+00,2.459772161762737941e+00
-2.075153252096850753e+00,2.321795769312348767e+00
-2.074322364924678475e+00,2.197651308494321665e+00
-2.076089168990203238e+00,2.083106998046267311e+00
-1.453418568973300795e+00,1.381158927750170573e+00
-1.446551447675114233e+00,1.301693085630101443e+00
-1.468444085243748143e+00,1.250884927324510176e+00
-1.536147042037242283e+00,1.238136307514503986e+00
-2.114830366992322741e+00,1.522737110666185556e+00
-2.109932973793966493e+00,1.433800722966957819e+00
-9.574293859463043344e-01,6.132682267555940037e-01
-9.780176380092495680e-01,5.539471268204924082e-01
-9.838757555828407941e-01,5.224791267859466570e-01
-1.010804785949768636e+00,4.682623438159683182e-01
-1.032891239011724416e+00,4.119219358237175554e-01
-1.045213858586030664e+00,3.523309585259885024e-01
-1.053445052408122917e+00,3.235081632762654702e-01
-1.059758278724117320e+00,2.633940375451103710e-01
-1.060715751305295829e+00,2.031802072656885838e-01
-1.061897043489403281e+00,1.736393484998513259e-01
-1.053854201545718627e+00,1.139789699885827845e-01
-1.053496804164139711e+00,5.629720593402591511e-02
-2.084999076616020908e+00,-2.002345872010477708e-03
-2.088173275165385423e+00,-5.876490773092484660e-02
-8.846534263542521481e-01,-1.218085452404131380e-01
-8.691782021080556309e-01,-1.438409379974673052e-01
-1.221143762203593441e+00,-3.415141485957794432e-01
-1.190372308255301492e+00,-4.038101942439895620e-01
-1.173333621652580039e+00,-4.339231612113984560e-01
-1.141606053929470566e+00,-4.942382939069894787e-01
-1.121409942480388278e+00,-5.221194205217916107e-01
-1.095177803413325490e+00,-5.465907961945744020e-01
-1.079922246668588715e+00,-5.761456928666206512e-01
-1.074404216106773502e+00,-6.505318261209028785e-01
-1.831284618252401852e+00,-1.249594184142155617e+00
-1.831503414198624391e+00,-1.324082754821838792e+00
-1.831383421118742971e+00,-1.401310342488822247e+00
-1.712674338276159780e+00,-1.547129906318884807e+00
-1.643956888473632860e+00,-1.568244246580605239e+00
-1.527466379568962029e+00,-1.538528620553954340e+00
-1.420708709836049577e+00,-1.510980543856668357e+00
-1.258771942928373688e+00,-1.413839509260621741e+00
-1.191537657431108510e+00,-1.413873708384401517e+00
-1.113576956720195632e+00,-1.477310523834852951e+00
-1.071866333776864799e+00,-1.505392533099730645e+00
-9.259247250787234762e-01,-1.462540308306370163e+00
-8.735626714149949956e-01,-1.466539209282792688e+00
-7.943356318003953476e-01,-1.419915404872026388e+00
-7.378178712260845540e-01,-1.407318614870449069e+00
-6.644365231568704067e-01,-1.454415679473212153e+00
-6.653029798318996768e-01,-1.567667280715776990e+00
-6.714411253599420482e-01,-1.709893500936899180e+00
-6.747266507335462071e-01,-1.865743748484447684e+00
-5.355105601169625196e-01,-1.969494580011534879e+00
-4.784955673890133321e-01,-1.969713355594625348e+00
-4.222856986022258674e-01,-1.970253822165960012e+00
-2.954261395195021400e-01,-1.587749462658389676e+00
-2.339077269396856451e-01,-1.479625353432522994e+00
-1.932312297294345449e-01,-1.482459658840098005e+00
-2.020681304174506976e-01,-1.965640910978111444e+00
-1.483602088731173774e-01,-1.967414129381365395e+00
-9.470529233845606520e-02,-1.967722270214051772e+00
-4.122694980605504100e-02,-1.970568719411456282e+00
1.231113780699682678e-02,-1.967961524575195575e+00
6.577738686482981212e-02,-1.966900470727893646e+00
1.192556293893956565e-01,-1.965385187688897917e+00
1.731383885484431007e-01,-1.967396275533515926e+00
2.269886923971520254e-01,-1.965939199599964438e+00
2.820205206468432979e-01,-1.970925052414152390e+00
3.364786559967386514e-01,-1.968448867158985260e+00
3.914001898441727412e-01,-1.966426012528619705e+00
4.431322270957503973e-01,-1.948239678650097284e+00
4.537095503499469218e-01,-1.770799644312024856e+00
4.555517901807491499e-01,-1.596268268363548737e+00
4.569920283109834003e-01,-1.450723717877079322e+00
4.717237874440294854e-01,-1.073967210439472408e+00
5.020106677187621269e-01,-1.063466614389327214e+00
7.748698542833292180e-01,-1.532209407009767377e+00
7.767589425315707397e-01,-1.437567840951860854e+00
8.364612972759498666e-01,-1.365112919019404902e+00
1.162712485057552092e+00,-1.684727966472090888e+00
1.164386574630658533e+00,-1.592775260240970825e+00
1.163178270668378644e+00,-1.503601453433147661e+00
1.788120520154212967e+00,-1.958501635242323013e+00
1.886482748714388258e+00,-1.956708051610782428e+00
1.998161505418343253e+00,-1.962893826324207946e+00
2.110061081293365781e+00,-1.963050170014982276e+00
2.230154310618721603e+00,-1.964483385494765644e+00
2.334615748831144977e+00,-1.740492138321679594e+00
2.332801812090069316e+00,-1.642450671416215036e+00
2.327419630578581256e+00,-1.545818001427792465e+00
2.324479384588106878e+00,-1.454427753725942463e+00
2.368309770246326718e+00,-1.393776257708209787e+00
2.699403864261065156e+00,-1.491400480647698812e+00
2.110147949952895896e+00,-1.092085727569933384e+00
3.895468651440489261e+00,-1.883681003624387840e+00
3.888681581783631991e+00,-1.751679005642688525e+00
3.888711010922689670e+00,-1.626085141567919390e+00
3.888551543455206261e+00,-1.503239524366279722e+00
3.876139586101538193e+00,-1.378599492593794995e+00
5.586630595637915420e+00,-1.008904387432398631e+00
5.586278413167680590e+00,-8.528157547577633890e-01
5.604410468061121087e+00,-7.003460594240573656e-01
5.598478909693732852e+00,-5.455812255758312190e-01
5.585299401240249928e+00,-3.914477296561688635e-01
4.189160519597058041e+00,-1.793928362269767429e-01
4.191488337400234521e+00,-6.548877107553474630e-02
4.188830836189529450e+00,9.897833052705959367e-02
4.179243400052013335e+00,3.267841524444835000e-01
4.175769405777570498e+00,4.410781070443311469e-01
4.162268754859284492e+00,7.869023857276777889e-01
4.160896915100608773e+00,1.023797147890758374e+00
4.151757162219618991e+00,1.142169217328488973e+00
4.141348041188065210e+00,1.385614074421398056e+00
4.139819019604439987e+00,1.640459743397898906e+00
4.139849036827233597e+00,1.907095917156672371e+00
4.141131324636766031e+00,2.046018586374974468e+00
5.588281708817058657e+00,3.150132091522156674e+00
5.578555053263662522e+00,3.347799308960503151e+00
5.601779889665857937e+00,3.572505974349576618e+00
5.596945603398848057e+00,3.787448044453312956e+00
5.604809855878392533e+00,4.019292648720688810e+00
5.610491858472460791e+00,4.259145382806418745e+00
5.446557615778237604e+00,4.373241040490129627e+00
4.277242166533991252e+00,3.630055248715060578e+00
4.275198824683437593e+00,3.833176276034626628e+00
4.294968479392783145e+00,4.066997724497892541e+00
4.199017368371564807e+00,4.198583061983343079e+00
3.969795706934717394e+00,4.191449451120342395e+00
3.640001399441011642e+00,4.058903242506931797e+00
3.160021252795753632e+00,3.722627276796160345e+00
2.964293557811174651e+00,3.691032622178367806e+00
2.969229424026470276e+00,3.910469959400323603e+00
2.193479875256168832e+00,3.654215499262210898e+00
2.058889569095991412e+00,3.651552706642216428e+00
1.613534408682721466e+00,3.768064183667744871e+00
1.582666453741837342e+00,3.992767552644434392e+00
1.166480096515197129e+00,4.238412387711383289e+00
1.041676434767836223e+00,4.231674924282732064e+00
7.869812230315360591e-01,3.618407139101320613e+00
4.838296261547275767e-01,3.628888280484760642e+00
4.476085334133245164e-01,4.233402358568416624e+00
2.159622448184405630e-01,4.236499188163266538e+00
-1.300958027932962724e-01,4.239004335837336157e+00
-1.095805494883323128e+00,3.876079656887716940e+00
-1.162375588203767851e+00,3.721704395475817773e+00
-1.424843147972264079e+00,4.160796090718679174e+00
-1.550487260554628932e+00,3.552374536998357701e+00
-1.619998129534484521e+00,3.014247787510664800e+00
-1.665094279781917708e+00,2.905729171042275016e+00
-1.741955049964188484e+00,2.856800384602252052e+00
-1.682564787275694584e+00,2.597691480779116713e+00
-1.740710269523999321e+00,2.533654108847284814e+00
-2.088623418918201136e+00,2.563961936300103162e+00
-2.084520516635208764e+00,2.421321725188378071e+00
-2.081502802600960322e+00,2.167342120424256446e+00
-1.455413905746942405e+00,1.435167607049926186e+00
-1.456638702472752289e+00,1.360240005514522510e+00
-1.483974598775901654e+00,1.241790732760223559e+00
-2.077756253663272545e+00,1.554655642892414757e+00
-2.117623115059439343e+00,1.411629481718871704e+00
-9.720740327790351465e-01,5.742063949789942834e-01
-1.026206978110379087e+00,4.308924874731680510e-01
-1.046854538860537476e+00,1.745511479016481279e-02
-2.086513542534372156e+00,-7.877486988419896141e-02
-8.643176062525296244e-01,-7.986877629272656764e-02
-8.765983648067808831e-01,-1.538677174029495776e-01
-1.251696212308454736e+00,-2.906570028454623644e-01
-1.074037601046473389e+00,-5.870427150658281690e-01
-1.083595355748122602e+00,-6.311394043178492064e-01
-1.858902917439865687e+00,-1.222744644070777653e+00
-1.824243629539331391e+00,-1.347575084932563394e+00
-1.825519422972548211e+00,-1.426873283139976634e+00
-1.717822020589988785e+00,-1.584504949721399880e+00
-1.626091581190390878e+00,-1.583895833813698584e+00
-1.482024599811359478e+00,-1.524296135735392133e+00
-1.432563231794822922e+00,-1.555952299361522240e+00
-1.171474637117424500e+00,-1.420185891818219748e+00
-1.078266426173202897e+00,-1.462474124001248432e+00
-9.070755445986429244e-01,-1.467255592342452841e+00
-7.189581592142950672e-01,-1.408069603776029410e+00
-6.563296128573253840e-01,-1.478903469517225400e+00
-6.588702599533861060e-01,-1.600703196830308483e+00
-6.641220564459893172e-01,-1.747026805592136078e+00
-6.654923874277262064e-01,-1.905109798205528726e+00
-4.551065827539473863e-01,-1.968064489190506805e+00
1.956996956173377711e-01,-1.966285164814070674e+00
4.579619869728460135e-01,-1.910888763008847357e+00
4.646695100734261064e-01,-1.559234136750496047e+00
4.664073189373400541e-01,-1.422488343257177990e+00
7.059545378474285648e-01,-1.970349418586317958e+00
7.669071194546231984e-01,-1.969987240873638301e+00
7.845500030622336585e-01,-1.411632480738410411e+00
1.129121422714773004e+00,-1.794292129975178396e+00
1.131517921171506735e+00,-1.426782414262444787e+00
1.723959282913934521e+00,-1.946269202438390078e+00
2.031367905073695468e+00,-1.947341710062814313e+00
2.150225218417982642e+00,-1.951857494301044937e+00
2.342202734846290380e+00,-1.701502619095857316e+00
2.342257958083130642e+00,-1.606059494189174597e+00
2.340567467319739858e+00,-1.512981339636469524e+00
2.370769302886492902e+00,-1.355659824785799605e+00
2.695826283427896097e+00,-1.445683810066879404e+00
2.126364624954014015e+00,-1.066871214960895875e+00
3.904359398733010966e+00,-1.827757501983696242e+00
3.901286981563208300e+00,-1.698524590912895205e+00
3.898747995129260513e+00,-1.572698308183392069e+00
3.896034949439802997e+00,-1.449676221624968786e+00
3.887654012331585474e+00,-1.327331379772515918e+00
5.411358654583121819e+00,-1.524494633877899297e+00
5.577010270810581538e+00,-1.248272056903483973e+00
5.597123628279128127e+00,-1.093808403935571327e+00
5.576476868295758393e+00,-9.330699309942447339e-01
5.571072135155651139e+00,-7.770329662055867059e-01
5.593128016324533824e+00,-6.255401809250605849e-01
5.576187493720257571e+00,-4.704797462231037897e-01
4.186197484714311301e+00,-2.387430940754271258e-01
4.195140991719402024e+00,-1.249050775135281954e-01
4.192995836620077021e+00,5.794046415239209082e-03
4.189446712668857487e+00,2.344207428851132757e-01
4.173529314907671761e+00,3.478487699531249699e-01
4.178091572857503877e+00,5.788560164080488457e-01
4.170627907208210416e+00,6.941529210430295027e-01
4.152961653968826106e+00,9.262480855653759670e-01
4.163024546546200355e+00,1.048369005371136087e+00
4.158924999489513219e+00,1.292040275106659752e+00
4.152650302473145594e+00,1.542852557234555722e+00
4.154117106183341512e+00,1.806713328019748932e+00
4.149529825670816408e+00,1.940866288400044493e+00
4.150515774933393409e+00,2.081025964248956583e+00
5.621455315053643709e+00,3.012992117758795718e+00
5.608441765319212458e+00,3.205773167415864489e+00
5.601004095501981084e+00,3.407329207062895104e+00
5.616920111509665858e+00,3.630365729126175722e+00
5.628880992338114453e+00,3.859575280095131511e+00
5.615447994459567660e+00,4.079733421641473790e+00
5.391791637908592172e+00,4.385325584004302613e+00
4.302664145619901959e+00,3.698831571014718822e+00
4.309076611102549137e+00,3.913553511685019970e+00
4.000279859406401961e+00,4.279476943876015405e+00
3.787393218354836666e+00,4.279822372998507873e+00
3.169824760264692287e+00,3.784993812625107701e+00
2.877972613026515081e+00,3.633249361431756252e+00
2.885761475614039728e+00,3.854426861244741875e+00
2.548148216450234482e+00,3.604211027495106023e+00
2.484480683929414901e+00,3.725565912218376408e+00
2.060802658205209692e+00,3.715789846780595429e+00
1.912206061799097911e+00,3.680946913382115770e+00
1.789779711353300717e+00,3.687612989658365148e+00
1.601282296574434216e+00,3.815617809920922809e+00
1.194210296466295507e+00,4.026643806573294349e+00
8.541837581457607520e-01,3.586689216299044247e+00
6.546303158145457823e-01,3.612160065461266889e+00
5.518520975802305717e-01,3.601971100945657422e+00
4.811054966950921719e-01,3.835947495107869365e+00
4.139612513224100177e-01,4.231800921374641256e+00
2.977716482568109613e-01,4.231536022270466546e+00
-4.889526515201116086e-02,4.244718302840007063e+00
-3.951665374987674562e-01,4.223554009306499601e+00
-6.283939485278363657e-01,4.220475319938270964e+00
-7.464949110263795484e-01,4.220490446197552536e+00
-8.112760675489544271e-01,3.471463193633761879e+00
-8.232033818097799216e-01,2.819273936770680500e+00
-1.003585185843332672e+00,3.118492113753180472e+00
-7.865895093046177955e-01,2.233540057354505670e+00
-7.734722919693579612e-01,2.018906745680363102e+00
-8.473621843999894487e-01,2.043262329428658486e+00
-1.473677731121513235e+00,3.296603635914089558e+00
-1.682439413957908192e+00,3.504021607629831614e+00
-1.673975857284317081e+00,3.255875622915323397e+00
-1.914666415789791687e+00,3.486909244532885754e+00
-1.685772071206710354e+00,2.881044436812790988e+00
-1.783743734775025347e+00,2.866292714783742035e+00
-2.094742144205773204e+00,2.822637279629853779e+00
-2.081339135835718057e+00,2.650457837474824885e+00
-2.082532387050002320e+00,2.508118598929172993e+00
-2.084902178787248594e+00,2.249371349236636064e+00
-2.080402386199516229e+00,1.613881792721626685e+00
-8.624918977970188472e-01,-6.582355018047425510e-02
-1.226938089315937619e+00,-3.355693608652147164e-01
-1.177572349870647850e+00,-4.281733226993680863e-01
-1.853893112378961705e+00,-1.327207646984751799e+00
-1.686547102333312509e+00,-1.510382245624880104e+00
-1.465199683465320923e+00,-1.463636304938245036e+00
-1.320195363295293189e+00,-1.392711475544507582e+00
-1.235223630411955931e+00,-1.537207378865611540e+00
-1.105323172356586170e+00,-1.540479380215512117e+00
-1.037700451231108545e+00,-1.532768255526540058e+00
-6.498691849285170852e-01,-1.641004240967591343e+00
-6.511711220757415708e-01,-1.784930250641894700e+00
-3.623205294397209286e-01,-1.084053873621627639e+00
-3.720516055438561898e-01,-1.974248912315658577e+00
-1.578137870921715036e-01,-1.504747080481086297e+00
4.791905573102475668e-01,-1.877823257317138284e+00
4.773907028632140004e-01,-1.678428746995811460e+00
4.774046986604476572e-01,-1.519780858950237290e+00
4.772990255265103787e-01,-1.386124620618841785e+00
7.912673658037245872e-01,-1.946303461879614227e+00
7.978278182663757212e-01,-1.477332655126593508e+00
1.143023187187338197e+00,-1.655790523460571206e+00
1.142861222155927114e+00,-1.562678507160705887e+00
1.144598771473340104e+00,-1.398264187603696085e+00
1.811426802798124625e+00,-1.981907551492752440e+00
1.911301534413068604e+00,-1.980007795660785774e+00
2.023805578433196750e+00,-1.985305041722483788e+00
2.139439735900265038e+00,-1.987258909558381914e+00
2.258139472881012466e+00,-1.985662320026380989e+00
2.313289015493889877e+00,-1.720576141997724129e+00
2.315949570975884164e+00,-1.626430779517420877e+00
2.316063107618456574e+00,-1.533993565750807031e+00
2.391572853798816567e+00,-1.316540668041194628e+00
2.677799731194532296e+00,-1.289252438726628425e+00
3.928301540040555206e+00,-1.761099217614819690e+00
4.283120348371511454e+00,-1.383430651502570941e+00
5.434128871733811650e+00,-1.433402265770109096e+00
4.189046798937751781e+00,1.826105395659956554e-01
4.179032425050505317e+00,6.417825664773180172e-01
4.159478176310209108e+00,8.726120408733953893e-01
4.104409328549174951e+00,1.854736999735653757e+00
4.110022796663399980e+00,1.993625593891439340e+00
4.102200526197862018e+00,2.129564346346063175e+00
5.549814722998770655e+00,3.075525893087589058e+00
5.530413523975623136e+00,3.264489089075780281e+00
5.520883668936418687e+00,3.464743611607373097e+00
5.546104050960273035e+00,3.694578014751641160e+00
5.547296358306198272e+00,3.917328559497061491e+00
5.537995676217756014e+00,4.141027445294882092e+00
5.531536834165931893e+00,4.375750046113729752e+00
5.334521286546433316e+00,4.461083747184987125e+00
4.219774167551139321e+00,3.728522589083241634e+00
4.220607859707949494e+00,3.938808047569153814e+00
4.226580856806775088e+00,4.165163141375791689e+00
4.096476609423462811e+00,4.262725943013815133e+00
3.870651619610625094e+00,4.253498763625516155e+00
3.253576338294289272e+00,3.776854733387604135e+00
3.006847206057239763e+00,3.688780430317143644e+00
2.905396145933563545e+00,3.769204063927136694e+00
2.907766742915009583e+00,3.992337868838586434e+00
2.127669387503145604e+00,3.710237040944536435e+00
1.975749808393265194e+00,3.673384459374247513e+00
1.852621461863649621e+00,3.681103992650807566e+00
1.645691764396097767e+00,3.767240775600864566e+00
1.219066362401439285e+00,3.898866995634056476e+00
8.246896884437817654e-01,3.663325561567896571e+00
6.091232001308796162e-01,3.613017528890861030e+00
-2.145663526041148850e-01,4.235567553223170023e+00
-1.523436838730816367e+00,3.560785167924664041e+00
-1.719512991610637753e+00,3.051916918888605057e+00
-1.798545322630386023e+00,2.821499443825780773e+00
-1.840960454220121001e+00,2.568340263360133768e+00
-2.138144747329969064e+00,2.664072782517135973e+00
-2.134777502274286309e+00,2.516469032721074139e+00
-2.129022672122142801e+00,2.375553582459954072e+00
-1.483715134896483878e+00,1.405862649152830324e+00
-1.481957040641325163e+00,1.329589939182784120e+00
-1.508414398598597383e+00,1.211954745577645376e+00
-1.758683870095425261e+00,-1.432049456327886050e+00
-1.064159555656528644e+00,-1.595692532560065935e+00
7.786071880118066169e-01,-1.887743273904297858e+00
7.819109937502775054e-01,-1.528641211060506100e+00
2.332874122299223085e+00,-1.442867190149381695e+00
3.898342362035937647e+00,-1.605546946348804793e+00
4.386822598520101479e+00,-1.400726549184568626e+00
5.396188734946940180e+00,-1.404705953465808843e+00
5.573666603557868804e+00,-1.290103130784248098e+00
5.566515344257295439e+00,-1.129861435863922514e+00
5.572532767489340344e+00,-9.740690277021287757e-01
5.591030155406112812e+00,-8.212588893901895393e-01
5.586589621029047770e+00,-5.122506740177198425e-01
4.498728592810510740e+00,-2.893646108987601440e-01
4.196146808367351433e+00,-1.554490204873283377e-01
4.184752109982428081e+00,4.870495751537692874e-01
4.172883997407168977e+00,6.014115446117810349e-01
4.160043979716678386e+00,1.193992769353058314e+00
4.152059049498728172e+00,1.440982492827975303e+00
4.161719623903579190e+00,1.703848820139759246e+00
4.103925683455290851e+00,2.086770451815916694e+00
4.100852153689280577e+00,2.227980924848851796e+00
5.525237318110607809e+00,3.199996975108219122e+00
5.516799891909657916e+00,3.399311599103831405e+00
5.539194586874297777e+00,3.625151303234653621e+00
5.530286631013820120e+00,3.838717526856285644e+00
5.521838997900015755e+00,4.060370859045627334e+00
5.540066578452202073e+00,4.311387505913359952e+00
5.424298804501901827e+00,4.464035059633871150e+00
4.209504898644498283e+00,3.661326211228897343e+00
4.217077829126571586e+00,3.874891799867210551e+00
4.217487782463667401e+00,4.092911467279900961e+00
3.937861455808393085e+00,4.262400266324229747e+00
3.720101681081659173e+00,4.253780074959993662e+00
2.895335071118749326e+00,3.699761959471339345e+00
2.902178016371828040e+00,3.924477588367623060e+00
2.013579323674481003e+00,3.682432306443104153e+00
1.751179123699928564e+00,3.664026716961208852e+00
1.636386742935983074e+00,3.678439176032259450e+00
1.620519529033034090e+00,3.927838876878527508e+00
1.479637645195503115e+00,4.226482945869922681e+00
7.378815205061306504e-01,3.632819861604772882e+00
6.345809765891324838e-01,3.628934176078288054e+00
4.026433109045129966e-02,4.246809368821693020e+00
-3.068034065036504554e-01,4.233898426052576269e+00
-4.228407148652764680e-01,4.230922911253109930e+00
-6.571736629993720769e-01,4.229246357966965242e+00
-1.060433540142638353e+00,3.546869625571619444e+00
-1.172383212987139878e+00,3.564129972105347210e+00
-1.672599675002939934e+00,2.495280771002457154e+00
-2.076712321271614758e+00,2.759960512066552241e+00
-2.074699744918745647e+00,2.332917687941856943e+00
-8.766196691249374950e-01,-4.921372131243800796e-02
-8.549401525302956495e-01,-1.909274854430131341e-01
-1.724624036573938701e+00,-1.404224971135408673e+00
-1.751632641163582083e+00,-1.507482844783278431e+00
-1.621087066228918294e+00,-1.473959834158054871e+00
-1.420364322893055808e+00,-1.440518703558676616e+00
-1.229878327220534029e+00,-1.470472185504958951e+00
-7.052085245152625026e-01,-1.360038496241072536e+00
-3.900278740265745170e-01,-1.095649205272141602e+00
4.814756271117701658e-01,-1.824541040388707014e+00
4.803938391906068528e-01,-1.638008164422106727e+00
4.846502340018956634e-01,-1.370850130407884615e+00
8.042977861059312783e-01,-1.370410876094832586e+00
1.144769838220387914e+00,-1.834051711971317777e+00
1.146848255308682063e+00,-1.730466671507608689e+00
1.740068371961864813e+00,-1.977401908219598381e+00
1.838960075376923076e+00,-1.978288811407926673e+00
1.942663298386038795e+00,-1.978784534451125010e+00
2.052762084660314734e+00,-1.979917101031871018e+00
2.311496229948908798e+00,-1.787475510346474783e+00
2.315775358789955884e+00,-1.596919914851793409e+00
2.315701950261701114e+00,-1.505379977227620403e+00
2.315801866404717302e+00,-1.417140144100625498e+00
2.101807503440411118e+00,-1.133556008310908192e+00
3.814316816319711645e+00,-1.796007745626180929e+00
4.282611410389502105e+00,-1.342155988021986657e+00
5.436767969545421408e+00,-1.383349371452741394e+00
5.597490853258501708e+00,-3.264103584348921894e-01
5.523270718073490571e+00,3.342665822279435872e+00
5.508178331169860442e+00,3.542508973623430979e+00
5.534141010310387188e+00,3.776675904355210722e+00
5.530263536116912348e+00,3.999600954049772561e+00
5.511118405118997643e+00,4.219603642116971365e+00
5.282477939832965319e+00,4.522559337245728450e+00
4.203355269274649864e+00,3.802371780062542506e+00
4.208604901288895306e+00,4.021403624915222963e+00
4.004059125106590677e+00,4.267718064308873238e+00
3.177741530711900353e+00,3.780963000297777654e+00
1.912231362591960693e+00,3.668533912861364321e+00
1.789038940053257143e+00,3.673518143433215588e+00
-7.469848553788401846e-01,4.230559046086066921e+00
-8.248438345892618040e-01,2.826087189915486242e+00
-1.006741397611025546e+00,3.129031879920565196e+00
-1.662647752080351093e+00,3.461387285997282959e+00
-1.678302432906213726e+00,3.262646384085635898e+00
-1.751732182202410115e+00,-1.413660133843694933e+00
-1.281088220660768773e+00,-1.518875195445495097e+00
-1.024269465745097030e+00,-1.524939684307043297e+00
-6.834756135700249535e-01,-1.499588285744576144e+00
-6.867124471488796900e-01,-1.622673664060259924e+00
2.131416345790587918e+00,-1.081279249523925623e+00
4.112038797250392008e+00,-1.422088748180508899e+00
5.405603987125052967e+00,-1.544775683513106568e+00
4.485366381411370895e+00,2.324692020088855671e+00
5.491108736598746987e+00,4.101834013751125774e+00
4.203732049611773824e+00,3.920222275849714055e+00
4.210131749851250937e+00,4.146211630217417010e+00
4.133092153396286328e+00,4.298245723582495792e+00
3.888617269470409976e+00,4.270928725905523748e+00
3.685348503626653560e+00,4.276006475377736926e+00
3.090393699233008107e+00,3.789665637335618786e+00
2.880669499075039663e+00,3.953910640094764783e+00
1.721375845497357560e+00,3.665974209249554860e+00
1.410147371526014215e+00,4.116149184482629231e+00
1.170901281714755937e+00,4.140627867687059371e+00
-4.475358363461230948e-01,4.218326295144056992e+00
-6.813126687838579887e-01,4.217320930294888193e+00
-7.983252797917401722e-01,4.209976320940590711e+00
-7.787306891470098247e-01,2.127988428814528543e+00
-8.075997241846942787e-01,2.033501073332120157e+00
-1.597403278423488171e+00,3.226190047030673913e+00
-1.475485291567776525e+00,2.786458865492060344e+00
-2.074947637361659325e+00,2.070109503993957212e+00
-1.498026206356343870e+00,-1.528240121046569922e+00
2.378400176714619008e+00,-1.366477847443428040e+00
2.118888382881212618e+00,-1.068382202679230009e+00
4.271285244912606416e+00,-1.338169195609675954e+00
2.899622526796379329e+00,-8.224261660311557032e-01
5.566827315009631683e+00,-1.097591532964193206e+00
4.990449766066938686e+00,-2.922547596637750655e-01
5.626448639401577800e+00,4.086709169121573559e+00
5.417084682574390797e+00,4.164743116373379905e+00
2.068000994700709416e+00,3.726662952740078527e+00
-1.539299735826722637e+00,3.448004153985427589e+00
-1.691478240794519916e+00,3.527413365557227731e+00
-2.080143626521964162e+00,2.373465390101002992e+00
-1.021971723672889132e+00,4.175999916743345919e-01
4.744886039585005655e-01,-1.869733018574745831e+00
1.705449803458325864e+00,-1.977058977565973485e+00
2.639762264346984466e+00,-1.276040232057796819e+00
5.573259984377019194e+00,-8.453064865619338564e-01
4.183623793822524917e+00,1.681049262189117932e-01
4.118599949374925906e+00,1.706136033238638605e+00
4.113826843684723400e+00,1.971869909853059655e+00
5.368990818018349209e+00,2.941568354879309677e+00
5.531459529409270992e+00,4.091131533850152380e+00
5.542919982668867540e+00,4.336990172682270384e+00
4.222089390555832544e+00,3.689499820709372102e+00
4.226309657211716697e+00,3.900295760246449195e+00
4.138984212225161663e+00,4.257775977814316271e+00
3.543922926379005300e+00,4.065102806388094514e+00
3.107793518456908544e+00,3.766338753297380659e+00
1.231668140899014885e+00,3.842423392384939351e+00
1.228407798518839522e+00,4.222962986311746825e+00
1.104325594827575863e+00,4.219894437566524381e+00
7.400865538136767174e-01,3.619103216605947360e+00
5.107371726594557293e-01,4.223229251926995609e+00
3.949085711059521775e-01,4.223578136823447515e+00
-1.140131644609554185e+00,3.870571504277284802e+00
-1.205188802875908571e+00,3.716472738714394541e+00
-7.454904375978047559e-01,2.102761246669994755e+00
-1.648772019066990779e+00,3.195741956484215773e+00
-1.699135894882883191e+00,2.566519383303207391e+00
-1.739387072237600806e+00,2.478571650198065246e+00
-1.875741280707308833e+00,2.524404808562069391e+00
-2.109033659268099825e+00,2.041127574844482151e+00
-1.564301641678976340e+00,1.215451033564083794e+00
-2.085568865240808201e+00,1.363989399097287558e+00
-1.730438311056959222e+00,-1.525723377424905935e+00
-1.439046602335081415e+00,-1.493526136634997892e+00
-1.134284879550696568e+00,-1.466531160830888192e+00
-6.796445553217769220e-01,-1.438528446523563264e+00
-6.838557918430474558e-01,-1.555294888946506360e+00
-6.901302503027704205e-01,-1.692720880485893087e+00
-6.954073954270376667e-01,-1.847453486209031270e+00
-5.079691566436351780e-01,-1.976777124107451433e+00
-4.508391266115121532e-01,-1.975201278047953979e+00
4.798266368134107007e-01,-1.602714963923945524e+00
4.796495302425508589e-01,-1.457083520187429038e+00
1.150646194615455364e+00,-1.372477433684402337e+00
2.191614649043539753e+00,-1.991066533383809789e+00
3.927272476529371836e+00,-1.844845188150777915e+00
5.545952721403399899e+00,-6.333481780472487443e-01
5.555163558836383686e+00,-3.307316999183265716e-01
5.535255953789843808e+00,3.168567955773666789e+00
5.540512191549090915e+00,4.028054558229084314e+00
5.501112546180402241e+00,4.232640042175900952e+00
5.494968132975373898e+00,4.470836943960840415e+00
4.216906655901342837e+00,4.044545298737730832e+00
4.047810422088769400e+00,4.099311377199104989e+00
3.769369476100254079e+00,4.257046918096384580e+00
3.162181637319085414e+00,3.773133322189589300e+00
2.414634374505562509e+00,3.837537788466923949e+00
2.197894817583440741e+00,3.713284802721597888e+00
1.620573345340044824e+00,3.848729554979621881e+00
1.511965283219160128e+00,4.218213091712919471e+00
1.224804229203842576e+00,4.107267808336181325e+00
8.801501849399736566e-01,3.668905126304398134e+00
7.854864942069821332e-01,3.716908973512288661e+00
5.099434362636958706e-01,4.002646828586397199e+00
7.646430317442748370e-02,4.249312108448160430e+00
-2.692163568462542789e-01,4.230442342244249865e+00
-6.185488817472607481e-01,4.233046234141546904e+00
-9.343290106461547007e-01,4.051665510928324387e+00
-8.447224213942398086e-01,3.256215706009251587e+00
-1.234660787856310726e+00,2.787833210797284078e+00
-1.414737137674308975e+00,2.776323929157012760e+00
-1.729661958354477891e+00,3.177765546521534645e+00
-1.706535713332536508e+00,2.456382826284127407e+00
-1.814152232446091251e+00,2.465476313036271350e+00
-2.140354370558039676e+00,2.749025111172670677e+00
-2.131655170162020774e+00,2.589471560393306504e+00
-2.130364110314557191e+00,2.449094771163339068e+00
-2.121721829113258018e+00,2.186893951785689794e+00
-1.475611406755368726e+00,1.291546320368908818e+00
-2.086843123044328063e+00,2.557997232218872652e-02
-1.624414924120152870e+00,-1.594193272199948330e+00
-6.681878601804498441e-01,-1.414079543320953203e+00
-6.793243737986424113e-01,-1.805424989839819583e+00
-3.159711080932764427e-01,-1.105740546397471658e+00
4.514966241030503591e-01,-1.661756521300306710e+00
4.538215418419457303e-01,-1.507156908118072236e+00
4.666777001673649838e-01,-1.100107722790008458e+00
1.744074068613628459e+00,-1.959166676891466619e+00
1.843939448565073747e+00,-1.961313527333001794e+00
1.948697788203681114e+00,-1.962990836558420327e+00
2.295912559631565486e+00,-1.963472913015986032e+00
5.575501233534271073e+00,-7.669208005493037827e-01
5.593483289124069557e+00,-3.087901083387539769e-01
5.537925197651269116e+00,3.289052363804632506e+00
5.514876400606851803e+00,3.481755347229752218e+00
5.533365755417285925e+00,3.930042623371490684e+00
5.326102669109126886e+00,4.478874087613235133e+00
3.233278898170583560e+00,3.774494091309410049e+00
2.893606127068965694e+00,3.775724096813992681e+00
2.105737805003980778e+00,3.696266501163120832e+00
1.971405572553387664e+00,3.690449343461940312e+00
1.715769795229231898e+00,3.680740973824658369e+00
1.638847754269868506e+00,3.781113283428636951e+00
8.903037698064022454e-01,3.550064785333494122e+00
7.008160294341694296e-01,3.618764133189107390e+00
5.075674928593856272e-01,3.685210389275375142e+00
-5.531038122277482927e-01,4.064539615976451969e+00
-1.075723912902448065e+00,3.867171284184678370e+00
-1.683105222574353244e+00,3.163075331184157957e+00
-2.150590332338771837e+00,2.815636734926523221e+00
-2.132578752941117095e+00,2.364310483484726610e+00
-2.129904145980331176e+00,2.235900890283987863e+00
-2.128252442522418519e+00,2.115784062167196389e+00
5.564420060724596162e+00,-1.263195802469137874e+00
5.568775505279068838e+00,-4.866631862507757589e-01
4.171028713960918566e+00,3.766499400373223283e-01
5.519896852018916000e+00,3.203226887532032663e+00
5.528833399805818338e+00,3.624544550970615120e+00
3.950229300714926950e+00,4.279563445083413242e+00
1.204262978430056030e+00,3.764047565261702033e+00
1.174886115779282036e+00,4.048987461876844662e+00
-1.020286243473008669e+00,3.800426383468018532e+00
-2.144097365316173676e+00,2.555727366121193445e+00
-2.133794909669810558e+00,2.278991718150563006e+00
-2.127566475129870849e+00,2.151775342788052381e+00
-1.696472932488975571e+00,-1.448910034470977770e+00
-1.602767981553545829e+00,-1.527393424018631318e+00
-1.128240628587035443e+00,-1.496311746857351466e+00
-8.087533022122089799e-01,-1.446225035437908923e+00
4.699991083968665384e-01,-1.820302376281281109e+00
2.218357016906603363e+00,-1.941544692088257085e+00
2.912185794696117380e+00,-8.475038726747402551e-01
5.565417126644625512e+00,-9.797619214991337699e-01
5.629721772501955712e+00,3.610481910455880961e+00
4.033408862686827412e+00,4.286794953581426704e+00
2.888234710202587152e+00,3.622538952443765670e+00
2.493716410195125466e+00,3.714573249010018507e+00
1.597265621569051941e+00,4.082670348322768206e+00
1.200674561015357300e+00,4.008021569359109471e+00
8.560832363425265878e-01,3.552300376862776332e+00
4.851001896036150618e-01,3.789073430365871964e+00
-6.182692853464478722e-01,4.217927497200115283e+00
-1.035268003961832939e+00,3.976443514697804105e+00
-1.107760018037662553e+00,3.823771499885415093e+00
-1.575302742635689590e+00,3.542534565477893249e+00
-1.841959343261582172e+00,3.369389449874625519e+00
-2.049787822582703978e+00,2.936312594383777341e+00
-2.092277230832526147e+00,2.829441197139131337e+00
-2.805685177306911915e-01,-1.495916142501799051e+00
3.574424516939950225e-01,-1.392867089491873989e+00
4.843662318767134045e-01,-1.534363119479532633e+00
2.602422223077547780e+00,-1.424951773325962900e+00
3.990349034181695398e+00,-1.277973008152170298e+00
5.591359135514136547e+00,-1.138040979364385530e+00
5.605969140252593519e+00,3.073037705904488881e+00
5.584030218151041502e+00,3.262007934305946488e+00
5.612512135844875516e+00,3.702956032466152791e+00
5.608091542268011764e+00,4.155684023198277899e+00
4.297120729045706966e+00,3.562790356584818241e+00
4.291688837854302108e+00,3.760298044683449525e+00
4.284944234044904654e+00,4.188474463054430608e+00
3.835401564473898794e+00,4.181383574479531795e+00
2.869990794182372351e+00,3.694162523786401309e+00
2.374332861181321253e+00,3.634119606982774364e+00
1.865216472263403480e+00,3.674725449714661973e+00
-1.605931145057658993e+00,3.503469996331479486e+00
-1.447063774212633103e+00,2.942422105825990286e+00
-1.667355555184497851e+00,2.472296549992349490e+00
-1.637525275032027938e+00,-1.494523316123089529e+00
-9.353183392289166065e-01,-1.409980017405767061e+00
-4.088221976670531888e-01,-1.975133707692636520e+00
5.572717290871072038e+00,-3.217817773662767222e-01
4.173346170471467609e+00,4.354292053453099887e-01
5.567123312329246509e+00,3.337697027691304275e+00
5.457406940569769382e+00,4.380492632624767069e+00
3.696107893999430072e+00,4.122760919665040547e+00
-3.676475031738053456e-01,4.223026778381796298e+00
-4.898920418788892950e-01,4.275022192135763177e+00
-1.434108615396905595e+00,4.157611643660234613e+00
-1.787203289740208367e+00,-1.414123594159684361e+00
-2.459095614809675978e-01,-1.472609084139965940e+00
4.817659771362624577e-01,-1.940077903631957090e+00
4.799196772258678134e-01,-1.729653686205215202e+00
5.267370712314799475e-01,-1.059262449689674312e+00
2.107638044770920871e+00,-1.983203997389943796e+00
2.316513116533013505e+00,-1.746301244902870309e+00
2.719642523392455935e+00,-1.424234556982411304e+00
3.927775211925165877e+00,-1.791387744011513128e+00
3.904714714334795111e+00,-1.289087603581273722e+00
5.592570754502990127e+00,-1.191081677619009405e+00
5.614104948923971605e+00,-1.036584700262011438e+00
5.616999682487929135e+00,3.853914371154159024e+00
5.621362337402046272e+00,4.325613683619994987e+00
2.978705544774184144e+00,3.558959471573091005e+00
2.873817682662056061e+00,3.840882767684918431e+00
4.748610062085166228e-01,3.795409405389752688e+00
4.775277327512154613e-01,-1.868959138269848941e+00
2.636735400971568666e+00,-1.268504261835700753e+00
5.548344194319080103e+00,3.449052877505221826e+00
5.588541437785568888e+00,3.909041712460129769e+00
5.601590451208797283e+00,4.388580989941975652e+00
4.259824113848028837e+00,3.726861542094427104e+00
4.264519241591378851e+00,3.939989151202017759e+00
4.098472710852528067e+00,4.220451327777284156e+00
3.877008650241913212e+00,4.215131767609165081e+00
2.948355183832704007e+00,3.576370924171318855e+00
2.946306346096122297e+00,3.777956990127063985e+00
2.616192297611841244e+00,3.548917906893062746e+00
2.556212285882820900e+00,3.671846225590774893e+00
2.134453728343108203e+00,3.669350278934587095e+00
1.677432222843973753e+00,3.771817003327235795e+00
1.272671903268560278e+00,3.972096100439530986e+00
9.252949815291932056e-01,3.536971106998060055e+00
4.563467185942061133e-01,3.772498836844552450e+00
-1.791876589008617904e+00,3.257714221509221630e+00
-1.985713536380496302e+00,2.833468217300302960e+00
-2.103562661702951697e+00,2.680051060435634902e+00
-2.089543207739998465e+00,1.626564866113495267e+00
-1.528520841227536398e+00,-1.496310366109824486e+00
5.584170807265896208e+00,-1.284498562983355852e+00
4.172331708247997817e+00,5.150379664198773133e-01
4.124161937910295173e+00,9.713172784010163374e-01
5.227322613870410528e+00,4.335063779995448563e+00
4.277030624198385311e+00,3.957390536292359151e+00
4.120932209312018202e+00,4.025796902908544084e+00
2.559685685867203908e+00,3.684047488482107280e+00
1.677419446800378244e+00,3.782764631677823175e+00
1.283228446141013279e+00,4.021214688649553892e+00
4.581053391416921028e-01,3.829698360547610925e+00
-1.058880302149208585e+00,3.970221073323023209e+00
-1.129542711373287434e+00,3.816350819932616822e+00
-2.630216554635700366e-01,-1.542739356081458846e+00
4.396242810822816871e+00,-1.370793297544871558e+00
5.400537066022033095e+00,-1.367567711097197325e+00
4.122287384530600285e+00,1.725892976719338501e+00
5.558972723179420150e+00,3.073390538380760706e+00
2.925346851622210309e+00,3.574563828712395530e+00
1.256272806920108120e+00,3.977313143230636339e+00
5.443074727700134563e-01,3.776980993173256085e+00
1.469103990427911288e-01,4.246459600081604613e+00
-3.127958825703098245e-01,4.221427038328290138e+00
-2.070429912831241115e+00,2.920568361913255195e+00
-2.132641038108586073e+00,1.379652879764465156e+00
5.433493842759726355e+00,-1.500971199548611912e+00
5.573902473974946759e+00,-1.061077160519029894e+00
5.583860366576175238e+00,-9.067265856654356249e-01
5.590023890999240130e+00,-5.987648262652689457e-01
4.118910529868441195e+00,1.581240556623561666e+00
3.036398860831773572e+00,3.702057149989617990e+00
1.227223491155347013e+00,3.887911113008685859e+00
1.037667348153173963e+00,4.041927074093254468e+00
8.321441577237154164e-01,3.651377877229303515e+00
-1.665329401152287225e+00,3.169081503690233337e+00
-1.690826905302099448e+00,3.015286657342387322e+00
-2.141684566890591057e+00,2.833706347556072203e+00
4.121537712595221059e+00,1.813817522362353829e+00
5.553294202481289688e+00,3.006684112823537980e+00
5.534857987728665663e+00,3.398583633963093042e+00
4.242049459711520143e+00,3.675701919249196870e+00
4.257934080398672272e+00,4.115832933049923703e+00
3.601164778897551155e+00,4.100055975084202942e+00
2.928483632514982116e+00,3.941076285367135057e+00
-7.445683042399748874e-01,4.149731906532645453e+00
-1.105762750521942506e+00,3.754555256141375530e+00
-7.595109876269654503e-01,2.141291080330683716e+00
-1.482094442295827319e+00,2.686265188067728182e+00
-1.847194063093179128e+00,2.479584289375967643e+00
4.698323544009921360e-01,-1.373885571208086631e+00
4.270776742139894999e+00,-1.395534031324652036e+00
5.413645996391845294e+00,-1.448189900944234054e+00
5.406438394811027059e+00,2.908220118966416301e+00
5.578552055608777316e+00,3.616027927936173558e+00
4.248134308542747206e+00,3.659481198768121946e+00
4.161076909065986484e+00,4.222158550306492231e+00
3.626736899970422368e+00,4.104182163070074552e+00
1.127950163956104035e+00,4.216746567294717529e+00
5.323871699700761795e-01,4.223578201595420190e+00
-8.416025102424041782e-01,4.131145370198829880e+00
-1.052072009972721434e+00,4.029934161142694649e+00
-1.125303205785742389e+00,3.875949825099458845e+00
-1.195536948486743301e+00,3.735341353673941711e+00
-8.311475466968705206e-01,2.014257781635055089e+00
-1.603777781272000214e+00,-1.498639873362641595e+00
-1.210294449563860786e+00,-1.486632601809900089e+00
-6.756724967442734320e-01,-1.671608658800972647e+00
4.266178428934551015e+00,-1.428538834888518405e+00
5.550249067690234739e+00,-8.953332858934237581e-01
4.124347674318873835e+00,1.673666405213470876e+00
4.112329257634175228e+00,2.217280210472886814e+00
5.432230487599212232e+00,4.440171757072785219e+00
4.234621685689528903e+00,3.864617196151142409e+00
1.635254863682132243e+00,3.921727083471624464e+00
-1.032102598570536989e+00,3.507292351547504072e+00
-1.138689419614225429e+00,3.513066486115111520e+00
-1.835078644006189696e+00,2.462423214317655873e+00
-9.660567671128863498e-01,6.275653238377838505e-01
4.120214661681439239e+00,1.518127266996076363e+00
4.110412337393734461e+00,1.908804622674979523e+00
4.112393524742915751e+00,2.047694880848577537e+00
5.539657428866022748e+00,3.558265473854941074e+00
4.230522030886422868e+00,3.615509527074497242e+00
1.231895244880676810e+00,4.105146569224886299e+00
7.983086076553491672e-01,3.748945465843318559e+00
-9.414195362000031819e-01,4.093131787826644441e+00
-1.338511892387563629e+00,2.813865960541981792e+00
-1.573561743582549077e+00,3.088213096367393273e+00
-1.639217132857887504e+00,2.655863066525686378e+00
-1.066319880343455706e+00,-1.471207314815522249e+00
4.685122567326846510e-01,-1.680928674545026480e+00
1.530909933877072637e+00,-1.288532276806422683e+00
1.557616932609287907e+00,-1.240125260401316432e+00
4.192348036048643145e+00,-1.381164069870955746e+00
5.532547619488042301e+00,3.504328065779636958e+00
5.570457170746432318e+00,3.744455853395388001e+00
5.555423534764037719e+00,4.432461703494254834e+00
5.008542327045677034e+00,4.224122221461947824e+00
4.238505020816606184e+00,3.776692319024711697e+00
4.243442693595435244e+00,3.993385146063586522e+00
4.033103574839845606e+00,4.231996457156684599e+00
3.815335098715769924e+00,4.228030891993004303e+00
3.203346331391859092e+00,3.750093068799709606e+00
2.926663589614530547e+00,3.829757440701316629e+00
2.589021665240658798e+00,3.586069537016456366e+00
1.243695275973254244e+00,4.036755880982265232e+00
8.998621408676283906e-01,3.607460575255132529e+00
5.268291858072166045e-01,3.860215857096526371e+00
-7.702260315656034306e-01,3.476704443239835296e+00
-9.678545972409015041e-01,3.132905824054099675e+00
-7.602403859878404946e-01,2.242645490813455211e+00
-7.491964895521249224e-01,2.026974535063901239e+00
-1.516675963304294550e+00,3.258301841525558906e+00
-1.737802637407766637e+00,3.482485582581819283e+00
-1.727866419064236103e+00,3.238937913351971343e+00
-1.971098642880286356e+00,3.464529806058949557e+00
-1.826554319695399276e+00,2.839203224694846206e+00
4.171291476490008421e+00,5.313678573444923225e-01
5.168634629249963197e+00,4.327389469805670963e+00
-1.037821186493351977e+00,3.118861319719923308e+00
-1.922651728730879972e+00,3.426434108434727399e+00
-1.084156777849431430e+00,-1.607583606476980842e+00
-6.889909402644137648e-01,-1.744897585448720312e+00
-7.059672822495868250e-01,-1.940576035188884996e+00
8.164392720089661548e-01,-1.870590116058177044e+00
3.928453141062317577e+00,-1.655422889867473435e+00
-5.740941435505632073e-01,4.223157682729852702e+00
-1.065860150228326919e+00,3.831510314671998430e+00
-1.076879765442720238e+00,3.499035755825349980e+00
-1.633864781484774653e+00,3.518114072781992174e+00
-1.866725360547467405e+00,3.286903764144095685e+00
-2.073771741842095562e+00,2.871451772058932317e+00
1.667420336637325473e+00,-1.985789011562008488e+00
4.120646577898934737e+00,1.455050117096651441e+00
2.985824979550030012e+00,3.632307073582912160e+00
2.928048448743185261e+00,3.984916454940206521e+00
1.631980285020586896e+00,3.979352025084641475e+00
9.565155276381055449e-01,3.694175698246310091e+00
5.345165434704884921e-01,3.668261352665789676e+00
-4.128938136652218205e-01,4.123379114322649031e+00
-1.722708868999733411e+00,3.099417737952058438e+00
-1.259782028733436920e+00,-2.728925002087583263e-01
-6.911808409164568179e-01,-1.879967565536587504e+00
3.883132216943248061e+00,-1.776002237007310525e+00
3.874270956397085630e+00,-1.523349723377690479e+00
5.420687925775075300e+00,-1.319614834602490516e+00
5.218822705968189979e+00,-2.539951895033443208e-01
4.178692611902750542e+00,9.530593725307274777e-01
4.124208361624281949e+00,1.553240171122590940e+00
4.194883122134281273e+00,2.270650899752184149e+00
1.636719236235284924e+00,3.926533828042924057e+00
1.217508746040465661e+00,4.137589077853645492e+00
-1.474197858695019070e+00,2.683763218301440823e+00
5.557174016842279407e+00,-1.203499654986023071e+00
5.526526054730458881e+00,4.199403616862337429e+00
5.247211157837701201e+00,4.456032859282070824e+00
4.073528767577076160e+00,4.073755805030184085e+00
-1.292763978745157250e+00,2.779026226347286244e+00
-1.676455194035836316e+00,3.362223505228701281e+00
-1.980835024762404251e+00,3.485451527288712992e+00
-1.201505663032156779e+00,-1.430317514925165456e+00
5.369531113742643136e+00,-1.597041702421751586e+00
2.714362246139322643e+00,3.743476249400928602e+00
1.220646395238449422e+00,3.943400151398519515e+00
-1.718920827011799268e+00,3.218774893531193726e+00
-1.419938360003702105e+00,-1.547182790087922033e+00
3.662347345440587709e+00,4.219215556398904887e+00
-1.821941499023652877e+00,2.549997192035081461e+00
-1.579427772251717599e+00,1.202344801297106303e+00
4.211168673397430062e+00,4.266858588900286797e+00
2.441721688232471710e+00,-1.370399529607792877e+00
-1.006065764798648621e+00,3.987025928684014175e+00
-1.021198752140596744e+00,3.282833684799623342e+00
-1.921789398941816440e+00,3.362566568591248473e+00
-2.104627578426452761e+00,2.898493920118483391e+00
-2.180618343265675607e-01,-1.474967843747898799e+00
3.308690915104990360e+00,3.845502975050707484e+00
3.062475827713353471e+00,3.762105971375114599e+00
1.189789555784489083e+00,4.228812020272108008e+00
1.048879903107191813e+00,4.159801774409112696e+00
-7.933318486466587327e-01,3.606781711196055618e+00
-1.643181706642875106e+00,3.086901823233528130e+00
-2.074708702058620791e+00,2.427103913385443512e+00
-2.739571613444367060e-01,-1.583476044487863277e+00
4.278040775616813285e+00,-1.309596449540340490e+00
2.343142256287225056e+00,3.544529043028701309e+00
-8.890232587464655944e-01,3.339696754216811669e+00
-1.480908588763546030e+00,3.284588004356594482e+00
-1.404049954672822231e+00,2.709861273552001570e+00
3.798624959380572097e+00,-1.828962824703297185e+00
4.716325360116830345e-01,4.223752611766284026e+00
-5.650704377716639915e-01,4.229415679245274617e+00
3.927174110178383248e+00,-1.313537877308926793e+00
3.279523248826914816e+00,3.787456890656065944e+00
-2.127870285512448056e+00,2.679972328289888406e+00
4.289612462415512084e+00,-2.150594558998152606e-01
5.523075614752765539e+00,3.589457268706865545e+00
5.485974666165607694e+00,4.481867880796318815e+00
5.228115895896958687e-01,4.163302178941281184e+00
-1.463440911098070174e+00,2.860368890352738891e+00
2.325672867230272889e+00,-1.777238001728213224e+00
2.670175432743420618e+00,-1.516972217835835801e+00
3.773445920236218054e+00,-1.880362329663434418e+00
5.439687339293218571e+00,-1.359503286974657055e+00
4.174893121188018696e+00,3.181740811148526249e-01
5.519899932391230557e+00,3.726432992344426154e+00
2.712740950496815184e+00,3.777940959411729693e+00
4.976134903794361408e-01,3.741050176679726835e+00
-2.074908022533532570e+00,2.273508567722282603e+00
-1.057362799158056532e+00,-1.627717662714328384e+00
1.444418503697425527e+00,4.159334474426445993e+00
-8.767296779583770849e-01,-1.942911932224360982e-01
-1.572171056220704966e+00,-1.585738720042588090e+00
-6.707674154333727046e-01,-1.372900219675643685e+00
-5.340157154071231149e-01,-1.976116357678213697e+00
5.628395576036461456e+00,3.649442400665478203e+00
5.637526760111530422e+00,4.348872332649504457e+00
3.774537264091198274e+00,4.279170820119691854e+00
2.332027035724336894e+00,3.962733212333958921e+00
4.817278066648804091e-01,3.902378999327550613e+00
-8.321518068226847475e-01,2.827071388513933581e+00
2.674323952094252110e+00,-1.363816669635434131e+00
4.016764202174665677e+00,4.192283889059204682e+00
2.979380704206001873e+00,3.880071740123848922e+00
1.808082190219664653e+00,3.615052067582575912e+00
-1.463701059779857427e+00,2.733821638232874829e+00
-2.069436343186916272e+00,1.379348475621758219e+00
3.874585497436743520e+00,-1.391860990932895170e+00
5.430593168524175063e+00,-1.304179134333013357e+00
-1.549280726084931947e+00,3.493910927501529873e+00
-1.348617430138635775e+00,-1.412600359513249026e+00
-1.201532078019138083e+00,-1.569983948306621802e+00
4.129137990148637805e+00,-1.352494947694930394e+00
5.522572223810621850e+00,3.664949706851386324e+00
5.522835826594949538e+00,3.886073814401205695e+00
5.381955587641428451e+00,4.486967197382819350e+00
4.124072929320483638e+00,4.280579873943834102e+00
3.653286928139457324e+00,4.231049615582570311e+00
-7.858557674017223604e-01,4.142106614394825748e+00
5.566434477099350353e+00,-6.032327854466534856e-01
5.494176868379200052e+00,-2.937704778304889297e-01
5.604850781098742019e+00,4.056872056492691669e+00
-1.026028511979674818e+00,3.246735341807277297e+00
-1.849663371962586789e+00,3.415289443895757948e+00
-2.132412417804428362e+00,2.207165234241264429e+00
2.408824335418402907e+00,3.676083547233932158e+00
-9.110783467458996032e-01,3.380375248982883996e+00
-1.543019367386173180e+00,3.395878599110562668e+00
-1.418742976719450821e+00,2.909525281790633411e+00
-1.423347721244068609e+00,2.728004716762094883e+00
-1.371226918778714277e+00,-1.453182990344048076e+00
1.124802045993653854e+00,-1.836991154016817562e+00
5.571623555844614550e+00,-3.863112324209723725e-01
5.603971109770576220e+00,2.967118112191163615e+00
5.631243472289669150e+00,3.818836433067785752e+00
5.630596049817053306e+00,4.283924664723871345e+00
5.410540415079989174e+00,4.354202557424327935e+00
4.311023200198987659e+00,4.092213619100987465e+00
3.313246074447361522e+00,3.704497058735983561e+00
2.858727094351310782e+00,3.998112570447469150e+00
-5.886559924171539393e-01,4.116120523389080965e+00
5.524196244900312358e+00,4.317103096972259024e+00
3.928830800889240304e+00,-1.717915425921769046e+00
5.295240781486650228e+00,4.527638930688434371e+00
4.027466651360967376e+00,-1.286661465474737254e+00
3.430875784581014720e+00,3.963288600473990453e+00
-1.386070729270640678e+00,4.179140577202464790e+00
-2.128529391614557564e+00,2.026593950734217220e+00
5.363065864576697095e+00,-3.579797803834939840e-01
-9.971084638650867804e-01,3.734166557517873297e+00
-1.018333333081806291e+00,3.435241754679166259e+00
2.656120766788930609e+00,-1.451809607128118573e+00
4.109729590133032850e+00,-1.308469872384448340e+00
-1.752608171562478168e+00,3.125100523103313321e+00
-1.888270514351985785e+00,2.646400396800424826e+00
-1.775046138955628017e+00,-1.430947601414207959e+00
-2.897057185970140503e-01,-1.537951799272229136e+00
4.194196897544535396e+00,4.283542473306144238e+00
2.505376230420173211e+00,3.787316996892419851e+00
-8.257826611991234689e-01,2.807055353812107246e+00
3.854409767875846882e+00,4.293765856400479919e+00
-1.970352718864226027e+00,2.852682822921488004e+00
5.595027966059277880e+00,3.462955550162726048e+00
3.230196205925468966e+00,3.709770212359257968e+00
-8.839061756168148376e-01,3.244761684647928579e+00
2.695739238017889949e+00,-1.532707199564352196e+00
3.877947834029409346e+00,-1.932979858800762063e+00
2.886288720631902560e+00,-8.886716398689075147e-01
5.630899868838414868e+00,4.020637987600363950e+00
5.511297810829335120e+00,4.407589796353575728e+00
5.629606555147683267e+00,3.909584042828020412e+00
4.134047930608135246e+00,4.012327330963240790e+00
3.856480716952679799e+00,4.174212091207111897e+00
2.874143398464297672e+00,3.671902751147657185e+00
2.510166829830232427e+00,3.594233859751348348e+00
4.903941913424170185e-01,4.091717622197652560e+00
-9.820567328416857089e-01,4.104139727922977876e+00
-2.074819189050082446e+00,1.593292516666018344e+00
5.520877678773251418e+00,4.170428373683546575e+00
2.802901543001791840e+00,3.892936087293026315e+00
2.727170212187082221e+00,-1.435711218636618325e+00
4.406991819744626504e+00,2.416422850366533925e+00
1.461419256494816077e+00,4.221177908057746286e+00
-1.612917201970063941e+00,3.278751973383267515e+00
-2.074708380237238359e+00,2.319510535503013671e+00
1.525144951438155427e+00,4.228351564738611401e+00
1.207957798490915335e+00,3.657696274256910129e+00
-1.844851561191904743e+00,2.824960048847121374e+00
2.677917274780893031e+00,-1.334475047375024204e+00
3.409180064297113066e+00,3.939745142283822332e+00
-2.115794364416569540e+00,2.024005460030856351e+00
4.388078188179749262e+00,-1.322369259840646905e+00
4.371901637189449907e+00,-2.111961184127290891e-01
4.114578572474362872e+00,1.414723558170163153e+00
1.661559974047799315e+00,3.672625852507659161e+00
1.231803798265358463e+00,3.764595625779702193e+00
5.362061625497243078e-01,4.229143194027206398e+00
-1.069765946141465029e+00,3.702555552539876782e+00
-9.817279357324261158e-01,6.103657243876491334e-01
2.296358896768814883e+00,-1.975241006337276506e+00
5.524576811709279056e+00,3.992105577798802596e+00
5.274828391534400751e+00,4.511503778334853720e+00
-1.027609919354938395e+00,3.213704159357342771e+00
5.552038847163746738e+00,-6.756573814476791728e-01
5.519296078460228294e+00,3.870200803803375944e+00
5.196771584058484272e+00,4.456629481103257184e+00
-1.619560147609518941e+00,3.386658851450355723e+00
-1.932177515893270581e+00,3.532034544628037676e+00
-2.074546031860281303e+00,2.650680860322858656e+00
-2.074741404857165961e+00,2.126542634575771196e+00
-9.562409531845909028e-01,-1.491823998220183523e+00
3.022280157995146155e+00,3.730338439185375776e+00
1.025164627393241545e+00,4.110077140598216161e+00
-1.623987430341526483e+00,3.029130922776968049e+00
4.242431861386159575e+00,-1.969333483655274775e-01
4.394221309998367353e+00,3.617966578901456565e+00
2.976832833267976319e+00,3.806138231223828328e+00
2.585744918415995741e+00,3.706114513581276082e+00
2.443570114344839173e+00,3.714280827645394023e+00
8.498479911803016318e-01,3.675016059902318055e+00
7.600157320441612852e-01,3.749753590113666490e+00
-1.878126308775066589e-01,-1.525481955845494841e+00
2.662960628651159567e+00,-1.525582409784076887e+00
5.450710840353848674e+00,2.854673168784192416e+00
3.973374451913506356e+00,4.171500733097484925e+00
3.557447460807042106e+00,3.944858617179663796e+00
2.112837993169954132e+00,3.727886719801331239e+00
1.046485260275744622e+00,4.223276955156382684e+00
-1.625667596289471994e+00,3.022553291765739392e+00
5.541465358188373713e+00,4.244120880849727051e+00
4.229277519863686940e+00,4.035954661626174556e+00
2.530954098905692895e+00,3.764248317661617715e+00
1.629182426752365132e+00,3.829883836872918668e+00
5.421548184209792343e-01,4.110399432117842977e+00
-8.287416006424138670e-01,4.215305859898314189e+00
-1.036757890965606999e+00,4.088600815167053426e+00
-8.753923726152317286e-01,2.804555588287063639e+00
-8.252570352172202695e-01,2.214208545263547379e+00
-1.292113355331299562e+00,2.758361681485150374e+00
-1.482687274807636735e+00,2.764490556590407877e+00
4.345540080371701919e+00,3.643696274370804566e+00
2.249509325615210997e+00,3.684589003422257036e+00
1.574382156953233247e+00,4.200656790486961611e+00
4.512996265022223841e-01,3.910041636099528262e+00
-8.670771939950009388e-01,3.588738020144836227e+00
-1.667168841984378869e+00,3.419205080006866737e+00
-1.945096761874751001e+00,3.495225124389219395e+00
1.687250548598047795e+00,3.863656604008441242e+00
1.272370054539206485e+00,3.709873042843259583e+00
-1.268058635061890538e+00,2.773901056854056524e+00
-8.919163449209224215e-01,-1.475351185185489467e+00
5.574637408010312711e+00,-4.528421722722860698e-01
2.473028397939704526e+00,3.662197829856702835e+00
-4.814998516248665816e-01,4.221629970676599619e+00
5.527434375813236045e+00,-7.567761627227646004e-01
4.493673954007782356e+00,3.827832551850566478e+00
2.361726270190649846e+00,3.720738997139963367e+00
5.125642047149220337e-01,3.929713411718193328e+00
-7.784337084679164853e-01,3.895994154041088731e+00
-9.111983809761634578e-01,3.991309619796043151e+00
-8.487362439216462606e-01,3.300622791963656155e+00
-1.339519210052861453e+00,2.827778108506223020e+00
-1.867053686308126181e+00,3.272894556235963481e+00
2.743000827404486586e+00,3.746117556069201715e+00
5.372528608615723122e-01,3.730512147095550013e+00
-5.356857099308253156e-01,4.141499478920775523e+00
-1.490356294439417084e+00,4.134593459313754771e+00
-1.778050008343310617e+00,3.186493174285039309e+00
3.352937622367141657e+00,3.862775178116932384e+00
-1.025043699903693373e+00,3.791895214654028567e+00
-1.575631950399984493e+00,3.455747213113963046e+00
-1.427174735466239408e+00,2.916535826447778312e+00
3.608047775164105797e+00,-9.016390500863900037e-01
4.237617423468815758e+00,4.250507586956547179e+00
2.551767561171111254e+00,3.569755605763750506e+00
2.370434259354760265e+00,3.729440065999791720e+00
8.146797424130961529e-01,3.777146311617092689e+00
-7.702158847928761709e-01,3.884369737415058310e+00
-8.964043667668847304e-01,3.953647489792339709e+00
-1.719235046955566615e+00,2.643019709569855991e+00
1.124954002470074599e+00,-1.579321595128853506e+00
5.318726082463146376e+00,4.473661852754429624e+00
-1.047395914290852437e+00,-6.785763317934619954e-01
1.235737992445248068e+00,4.242701272131866652e+00
5.518304766562259545e+00,-6.015935457901274708e-01
-1.935820940555771807e+00,3.392555470550984609e+00
3.925456919760389685e+00,-1.621048660188457946e+00
4.183399850473616510e+00,-1.340751933823153941e+00
3.357934644105386113e+00,3.887549990785569953e+00
-1.797186800946424690e+00,-1.544998059326003981e+00
5.473109759658486340e+00,4.483379531611517699e+00
-2.074355880960945697e+00,2.484998329196720146e+00
-2.071111517092263821e+00,2.104924361215032569e+00
5.626667187904656586e+00,4.252696217218669084e+00
3.365049380250185074e+00,3.739973953105766746e+00
1.005572532783283402e+00,4.077845314565371915e+00
-1.648059608353670935e+00,3.055925852676283139e+00
5.519348541365979521e+00,3.819389266268709449e+00
2.870781341798082753e+00,-8.947978964542239178e-01
5.523163973709682928e+00,3.937480001937017970e+00
2.736301430296144144e+00,3.791784768744570933e+00
-2.025340892261081827e+00,2.801578750464007950e+00
1.270692949199555555e+00,4.338753250154798735e+00
-1.062089363488916804e+00,3.619385428831552787e+00
-1.620231537024975577e+00,3.146326608723539309e+00
-1.725482240033707093e+00,2.945862757405038668e+00
-2.107452360723859885e-01,-1.855067468997463775e+00
3.925934138776296933e+00,-1.569403219586916531e+00
3.925819191866134705e+00,-1.446996802246128810e+00
-1.710025754619287186e+00,3.440461612581829254e+00
-1.726533767908164929e+00,3.098433439445335669e+00
4.482266917126422001e+00,-1.352925989383866101e+00
2.464996856620783827e+00,3.733693403833306945e+00
-8.819939250525606900e-01,3.299138005719580047e+00
2.769331159852170821e+00,3.860415180617762676e+00
-1.455618926392906909e+00,4.229527529796214935e+00
-2.074837713084892066e+00,1.633991949149587120e+00
1.413608124896954532e+00,4.055704360455550272e+00
5.406775091768835750e+00,-1.234868053044450242e+00
4.406544433826123708e+00,2.360586358497704929e+00
5.578585329619214050e+00,4.284453376537080693e+00
3.744349218925014711e+00,4.221764973074311200e+00
1.237433840561797282e+00,4.138980443415761101e+00
-1.141023414149326953e+00,3.591084632758502426e+00
-1.230012898435634661e+00,3.535126251719847623e+00
2.428402023815824151e+00,-1.379750872092135650e+00
-1.726266124308208472e+00,2.990520831161906923e+00
-1.172971333505106850e+00,-4.173287058782276793e-01
-1.710186399546193226e+00,2.929321816590616745e+00
-1.683450402568744397e-01,-1.548878238426926179e+00
5.116173793966584782e+00,2.732172764320792702e+00
3.719845135457594321e+00,4.180666272944534967e+00
1.484326576892772032e+00,4.107001905320414537e+00
-1.269185623039859045e+00,3.677127791300881743e+00
5.139690254267008207e+00,2.745453482973318593e+00
1.449286101343593591e+00,3.978231727048334054e+00
1.274887393774816413e+00,3.817759556180809977e+00
-8.382699739730723465e-01,4.239927808766392303e+00
-1.278254448190650594e+00,3.722655308536420460e+00
8.563691736088578921e-01,3.524451962295004570e+00
-9.619622707818471508e-01,3.370408655443887458e+00
-1.814410628744432374e+00,3.119742768355543650e+00
1.593661208786324668e+00,-1.196784455616915155e+00
5.378672661450457859e+00,-1.604882676466094171e+00
4.957607110055144872e+00,4.225438094306912085e+00
2.246646375880984259e+00,3.764576290808514081e+00
-1.561775747376765278e+00,3.294567036442858754e+00
-1.917242896721275791e+00,3.533352464717168573e+00
-2.153189886956005772e+00,2.932374036875887047e+00
-9.920900853560519206e-01,-1.534172836180746735e+00
4.053789046272521901e+00,-1.341526802043195632e+00
-9.887761205904035400e-01,3.212264512956364726e+00
5.358563244671628034e+00,4.239774946541296607e+00
-1.088207537803353775e+00,3.967467605494827243e+00
3.595361780562125631e+00,-9.470465421605211986e-01
-1.879554828361105434e+00,2.610816497879816733e+00
4.274655296991483944e+00,-1.320605104489861459e+00
5.222286034887615003e+00,-2.839520377583760746e-01
-1.509447124110158134e+00,3.326556679721336618e+00
-1.391537467653350957e+00,2.857150224291546525e+00
-1.446682728860956502e+00,2.775609823696121303e+00
-1.169354153508837202e+00,-1.555482797218520563e+00
3.936232328761395394e+00,-1.339790634691516935e+00
-1.732189875269960266e+00,2.471404791069314211e+00
1.620497770497210555e+00,4.073504827140683737e+00
-1.657734894172889772e-01,-1.860629785991168461e+00
3.412968610077150355e+00,3.803123290328167094e+00
2.984014504633944576e+00,3.929378286868024706e+00
3.917939887112412034e+00,-1.264688438256457825e+00
5.364841399058080107e+00,4.389917317483972958e+00
2.636017518222899536e+00,3.544211062702523840e+00
5.080158394561423485e+00,-3.470659148698254648e-01
4.161640478999128590e+00,4.170900986599012761e+00
1.574367563461958719e+00,3.990672451967230305e+00
3.410245053471562482e+00,3.879104722433280195e+00
2.934447962951238331e+00,3.727539525540839449e+00
-5.101559161272665177e-01,4.237400877581418257e+00
-1.429458673564878879e+00,4.081944564241020146e+00
-1.890524610589224164e+00,2.564471387887288678e+00
-8.120595935252149511e-01,4.082009907366582979e+00
5.551984158480922638e+00,2.902704834410346102e+00
3.452684070472359146e+00,4.034237508484601165e+00
3.067832314401401916e+00,3.788671278061897407e+00
-2.072391575255408291e+00,2.421190305083916972e+00
5.429083739165147193e+00,-1.527955556261579639e+00
4.412202837131788513e+00,3.801505084789821964e+00
2.309235553382118500e+00,3.686452290126080111e+00
-8.000990265930540968e-01,3.867097332536788556e+00
-9.371182229543278952e-01,3.979139623181138230e+00
-1.817156990770217861e+00,2.582809426434078848e+00
5.632526279554047832e+00,3.679798712482591938e+00
3.444293794248768137e+00,3.826060896469253514e+00
4.368043652571837576e+00,3.745492351707768730e+00
5.515033384167420394e+00,2.867588514287904289e+00
5.642696345444790929e+00,3.545260859061749148e+00
5.643348263127684561e+00,3.763204676170571528e+00
3.899160889377057071e+00,4.170039183983721642e+00
2.583590503727147603e+00,3.651409276577832763e+00
-1.652003210190255089e+00,2.838228494261207935e+00
4.179072749878786297e+00,9.825544619414441350e-01
4.219845235676282336e+00,2.176378848117509257e+00
-8.293835528214141828e-01,-1.414807787682570206e+00
2.574076709186995160e+00,-1.300609624912513196e+00
1.185833058619191638e+00,3.789815317121707494e+00
-1.108553780367011132e+00,3.623199302119767484e+00
-1.574353639488856871e+00,3.172868559560514612e+00
2.813177544825466114e+00,3.931105359614193162e+00
3.896283808809598015e-01,-1.564203828583516698e+00
-1.125742448666874784e+00,-5.270227616388708514e-01
5.519349686720580905e+00,3.304583077181130424e+00
1.627794370178998751e+00,4.070594567581588663e+00
-2.150377800445368859e+00,1.372398258702639096e+00
4.012096515602575408e+00,-1.327462267333032520e+00
2.376922058120897852e+00,3.616880739993504790e+00
-2.071296994243124079e+00,2.767774919514866205e+00
5.578083009389283475e+00,-1.336669959481965764e+00
5.584387216837990664e+00,-2.504418243608787509e-01
-5.829783899625914367e-01,4.159343071005184633e+00
-1.896384040183840769e+00,-1.490460069753781092e+00
-6.742146586939425923e-01,-1.951834967973677282e+00
5.147333754330224664e+00,2.711840238644416701e+00
3.581768967483875965e+00,3.996951507051227814e+00
1.681900112503996514e+00,3.947643884699498784e+00
1.275430760077039594e+00,3.838658902112174864e+00
4.729170620328776442e-01,3.631334903761878508e+00
5.626726402857436860e+00,3.936450251168170045e+00
5.629899356505108088e+00,4.171604247353538852e+00
-1.819901505168525446e+00,3.357487111901688248e+00
-1.248623258888775789e+00,-1.373199074088590432e+00
2.638437564359343401e+00,-1.385296816680511522e+00
-7.646802531928299507e-01,3.618075169898230747e+00
4.228745466550873466e+00,4.287446092635340378e+00
5.129402986677823462e-01,4.044604131856857521e+00
9.214929475860766939e-01,3.693791997238533575e+00
-5.635683311066493895e-01,4.087329974748985073e+00
-1.289849032962142594e+00,2.827711769022109856e+00
3.872788854359378696e+00,-1.676277018682152731e+00
3.339703206057763385e+00,3.710316386967592361e+00
3.097264013888807899e+00,3.635537375841503049e+00
-1.853197759886028528e+00,2.692957395379086627e+00
4.064400490372825026e+00,4.171285588987372783e+00
9.871709381859657961e-01,3.967018559572423886e+00
2.332830283052695464e+00,-1.897353841924041884e+00
5.615017614463871709e+00,2.924574573815674761e+00
-1.657285190037562028e+00,2.558067729205176999e+00
3.737249765980896310e+00,4.138228033730099398e+00
1.187004637851122535e+00,3.860647729837575426e+00
-1.707886651530464039e+00,2.804940617775650846e+00
-8.415166423831846876e-01,3.569137058234782334e+00
5.197997435692653490e+00,2.694781629195809991e+00
3.886780432044359301e+00,4.276654867724173137e+00
3.551457570951683795e+00,4.128688221105090150e+00
-1.381507349889575798e+00,4.075198944113016530e+00
5.345782614129626964e+00,4.372121496224199433e+00
4.324341773251727084e+00,4.170866962387756338e+00
4.319132661737210555e+00,2.236870056796194550e+00
2.379141603095793034e+00,-1.377202438337152834e+00
4.443103068961732127e+00,-1.408458002301821388e+00
4.289741118269967401e+00,-2.663154348711380681e-01
5.548664772587095229e+00,4.477635661554830726e+00
-1.868103987513565878e+00,3.458749576791014579e+00
-1.761907168211372055e+00,2.876249581751945339e+00
5.637929701570286944e+00,4.190987383507346564e+00
-1.217523463717757215e+00,3.633436519953222810e+00
5.426900219551474613e+00,4.151944811170438676e+00
3.619819086697506183e+00,4.183292328315268982e+00
4.346248556446049349e+00,3.706354873581272358e+00
-8.920290203682417207e-01,3.892086029733955233e+00
2.642155551091057930e+00,3.673505150221128002e+00
-1.135498237693094659e+00,3.635811470368984555e+00
5.293659582375167538e+00,2.904240633927020365e+00
3.498997421151589293e+00,4.028636603093981527e+00
-1.352456592672087954e+00,4.092305080742920431e+00
-8.588839956189471270e-01,3.751948732494617911e+00
-9.512444410097891101e-01,3.316268159590585185e+00
-1.077764589746080581e+00,3.109518276930833824e+00
3.380033283828857704e-01,-1.452182786716160523e+00
3.961974955972269008e+00,-1.268208624926850270e+00
-1.076989654590848611e+00,3.571133375417916866e+00
4.450213639447622604e+00,2.305589623065317451e+00
5.565147113382340471e+00,-2.553031536096779797e-01
2.402632616025903278e+00,3.482630790005466270e+00
-9.985349085709385175e-01,3.628098301851300445e+00
3.049683899852816182e+00,3.620799114377696526e+00
1.170515487164096369e+00,3.921014885927029070e+00
4.665141465388819020e-01,3.678536163840492534e+00
3.060635045532130505e+00,3.629878601324449949e+00
4.094052223936106572e+00,-1.331074697098591164e+00
4.479181818447100838e+00,3.694126298349972526e+00
2.402322338198127571e+00,3.658821570050737382e+00
7.678701974374095851e-01,3.808359287086005018e+00
4.677839729420922854e-01,3.976580922465173806e+00
-1.492444842052906839e+00,2.844213746695039458e+00
5.184471536665465230e+00,4.256585666534443924e+00
4.083696044175312956e+00,4.174808809000112753e+00
2.278771432922420903e+00,3.664208839243101590e+00
2.293176498123155049e+00,3.921758883177402399e+00
-9.307204750527742210e-01,3.906662760066325735e+00
1.422265821870376978e+00,4.231374437041020009e+00
4.443711735008925245e+00,-1.426372447075322514e+00
-1.784171230602815239e+00,3.316547817443085577e+00
4.163080441932449638e+00,-1.439718032346303911e+00
-9.963708685429233380e-01,3.718836449603792005e+00
5.520413743042133170e+00,3.267607194210884192e+00
-1.095921905351581405e+00,-1.412762918608563512e+00
1.373026855461436213e+00,3.986157814708545022e+00
-1.533557891830398479e+00,2.831360188025082270e+00
-1.754279093110541421e+00,2.576469411969469991e+00
5.271139914306538721e+00,4.535768972500949126e+00
-9.768153608621775730e-01,-1.453214658483733768e+00
3.428814057987478403e+00,3.980923550372732933e+00
-2.025784618755178901e+00,-1.669377607677091868e+00
-1.991600506466533416e+00,-1.734476436664350585e+00
-2.019209093885976802e+00,2.911295873097148768e+00
4.124511523631317900e+00,1.334402521745733372e+00
1.021631299274859739e+00,3.997517366147618656e+00
-1.895367218817891164e+00,3.317774107974654552e+00
4.185140177261186700e+00,2.151984294942821396e+00
2.595505725751523496e+00,-1.261881726050252617e+00
2.439716654753556035e+00,3.562710406614513214e+00
-1.073131195015494255e+00,3.147064491645360285e+00
-1.740297181212439925e+00,3.040127468015548562e+00
5.478940241672720646e+00,-3.637261845069578170e-01
4.125697208731650356e+00,2.177348685096428316e+00
-7.972513054199049654e-01,2.106156424267580096e+00
-9.261804525533849919e-01,3.953973939713387953e+00
3.015625005899591038e+00,3.586725636291080210e+00
1.280553025319826288e+00,3.906469716892333022e+00
2.271346678552605969e+00,-1.227887736119563700e+00
-1.439632318712286363e+00,4.202231399801129363e+00
1.574777774820758980e+00,3.852655313768687861e+00
5.625985147091602023e+00,-1.041757443537540295e+00
3.602086953436899108e+00,4.162916948858997657e+00
1.211347034314623095e+00,3.511419998566117417e+00
-1.344351103821414206e+00,4.036534877378540997e+00
4.345791093505292579e+00,2.257544357297805782e+00
-2.131504645864051639e+00,-9.823137970355884374e-02
-1.286037546896359629e+00,-1.427682309175074327e+00
-1.536436439587965275e+00,3.372442823878404106e+00
2.643068922482105787e+00,3.719836516227940759e+00
1.574975943077515206e+00,4.031542450584700177e+00
2.611624160187956178e+00,-1.321851721059986717e+00
2.873858309172823589e+00,3.919638045389605363e+00
2.471079666951614850e+00,3.785627030754308286e+00
9.905633922210905773e-01,4.053013097368379114e+00
-1.820616784787181031e+00,2.627806328936382219e+00
-1.623652106658740601e+00,1.273991133830181477e+00
5.307438350244582104e+00,4.369310196232636834e+00
1.571289197018569173e+00,4.098437541807852469e+00
4.170411537610482000e+00,1.811643556591152338e-01
4.441146348935923527e+00,3.699740246276120637e+00
1.173308691958181438e+00,4.084534489335064578e+00
4.655468996033575446e-01,3.964700629531828557e+00
-1.850528247210112331e+00,2.605603334058764098e+00
4.171788935897134287e+00,-2.670976678166422924e-01
1.279057435818320654e+00,4.109462013327891405e+00
4.651947010686764972e-01,4.158203841663487665e+00
-8.316830961113880205e-01,3.805762674910674548e+00
-9.536193889249469091e-01,3.854837844742799113e+00
7.952603079480661252e-01,-1.581333595755062049e+00
5.639247094503338609e+00,-1.075422646907414848e+00
2.633931295476111600e+00,3.523865189633504702e+00
3.799503916009085991e+00,-1.880303618949942690e+00
-8.223487975478900314e-01,3.803803230619423381e+00
4.176683279398069715e+00,6.886533670361446591e-01
2.792121790465913911e+00,3.767954378531578552e+00
1.686226590416675997e+00,4.061079871959959675e+00
1.609607859812210773e+00,4.197300239057250693e+00
9.631869490756008734e-01,3.638399959436175557e+00
3.911060033177455320e-01,-1.474712619474935149e+00
4.144637815709403483e+00,4.041511720242497496e+00
1.622816442871258591e+00,4.227008812659032166e+00
-8.137891682395365089e-01,3.959062900064727053e+00
-1.475911224611876627e+00,4.175526511373988114e+00
4.761337762257592532e-01,-1.075737562064888353e+00
2.872120093012396680e+00,3.940192650138660824e+00
3.998092958581785372e-01,-9.351785353767361197e-01
2.870597766520871286e+00,4.027700963356169339e+00
1.188589975447706726e+00,3.543519694712603751e+00
2.181196515589340912e+00,3.735503373863590326e+00
7.991071912846113845e-01,-1.639739799675585363e+00
4.174211178301940883e+00,-1.064691934422859476e-01
-5.826044426509250362e-01,-1.972380452446301558e+00
3.869401323051894437e+00,-1.905131949697827842e+00
2.654356587530491307e+00,3.737223410856734152e+00
9.713372634344502599e-01,3.977015746671892948e+00
-1.855762654545153323e+00,-1.170866683498586802e+00
5.400792410900513651e+00,3.012100584423300198e+00
1.193044368937905553e+00,3.721079405796976936e+00
-1.749350307835098317e-01,-1.723310813208352110e+00
5.170878170357065429e+00,4.466244195712969045e+00
-2.110958421585030109e+00,1.317119760338005374e+00
-5.759134993827625948e-01,-1.976924623304709527e+00
-1.449233874035593894e+00,2.670069345660844640e+00
-1.703130879913319351e-01,-1.615353784969790318e+00
5.258850085226630888e+00,2.748278740501445050e+00
2.345103508619176491e+00,3.787808203829598597e+00
-1.442295312203230040e+00,4.042378592456847386e+00
-1.309106213712118327e+00,2.940214828342404108e+00
4.119742796480972302e+00,-1.965009869954138733e+00
8.122629479962637511e-01,-1.682186507573629308e+00
1.156687508814728371e+00,-1.890307695109874730e+00
1.673165110350407714e+00,-1.971686078153262356e+00
5.237709717347922123e+00,-2.657687935219299469e-01
-8.293980677901802157e-01,3.955583144215893299e+00
5.629232352692588925e+00,-9.348682502561450613e-01
3.379584370431490736e+00,3.771762471484968238e+00
2.130428904253272471e+00,3.731123647626530815e+00
-4.623798565743881261e-01,4.118547865856283074e+00
-1.063277541800701886e+00,3.441788569725486191e+00
4.216641547039705062e-01,-1.608439350304973647e+00
7.735522203802817076e-01,3.717560360387067497e+00
-1.449556663817857638e+00,4.021886342331018049e+00
-1.485192318606926687e+00,-1.471790741874307473e+00
5.511619520020696328e+00,3.044033444922263243e+00
1.226338062240548421e+00,3.598216111920579774e+00
8.960023836713999490e-01,3.519849153319591029e+00
-1.238397991530763242e+00,3.673645408933645662e+00
-1.524170823237492645e+00,4.095712006229513591e+00
-1.484022759193818430e+00,-1.750384142871244109e+00
-7.580158484169903232e-01,4.118457128068742534e+00
-2.099620440724048187e+00,1.262391857825139629e+00
1.008952923609060859e+00,4.228820220497753191e+00
-1.226605310222310674e+00,-1.475074835450683741e+00
-1.842057919979603053e-01,-1.597256914917682957e+00
5.508333295553669906e+00,-1.181815627500472310e+00
2.578282565331400544e+00,3.745449628455910673e+00
-1.892738588928725596e+00,2.999572141519872392e+00
-2.101321554953643478e+00,2.946213478969134325e+00
-2.362000192856752723e-01,-1.959125823508153008e+00
3.854777089987000860e+00,-1.825414533132973416e+00
4.504008256165850099e+00,-2.135810121683450746e-01
1.573880721128141591e+00,3.940981449401593562e+00
-8.235655511186259492e-01,3.756267293050231881e+00
-9.806093629800025635e-01,3.916138751891452330e+00
-1.465700027491939839e+00,3.925386930002781050e+00
-1.825761585063446768e+00,-1.124096457551297279e+00
1.311772998733736539e+00,3.616767559018980283e+00
-2.686014418083191857e-01,4.222147820367261772e+00
-4.847202843376768322e-01,4.106297797815991579e+00
5.033049770144229385e+00,-1.499680209264320219e+00
3.698732425484083208e+00,4.130559616478793217e+00
1.176288095805053224e+00,3.621417972171488753e+00
-1.726395417280761180e+00,3.528787796486937189e+00
-1.853820140330368904e+00,2.944160714393494249e+00
5.643255355821239938e+00,-1.000317974616254713e+00
-8.716806707331586912e-01,3.326695469158893470e+00
7.761107112105793959e-01,-1.824068336840073412e+00
2.612812443686738373e+00,-1.483705305471032521e+00
1.643567284011059337e+00,4.199346925893893356e+00
-1.465317272400768145e+00,3.884185839273911256e+00
-1.411043401170160916e+00,2.674171474718030517e+00
-6.410768592194105997e-01,-1.979039799147121359e+00
6.461911816849438273e-01,-1.958169072951844170e+00
8.030559477321157491e-01,-1.745567980394377550e+00
2.313734317040853306e+00,-1.839915755515022289e+00
4.252865181186834320e+00,3.573266890580356847e+00
2.743079362268075805e+00,3.703234130775382216e+00
-8.271397337877157696e-01,4.090059181349035455e+00
-1.495631786031126120e+00,3.901685632180234453e+00
1.175599049921306927e+00,-1.352139680874294925e+00
1.117856988947070862e+00,-1.953140613336455944e+00
2.125595449399041659e+00,-1.131063783122828070e+00
5.653294503675111216e+00,-1.126214184467122736e+00
1.624330866861747102e+00,-1.950643418680954699e+00
3.285763355056292134e+00,3.762418165728256270e+00
2.541114390819473101e+00,3.810316783372016847e+00
-8.550770592746583798e-01,3.853996509965555095e+00
-1.175084857165579422e+00,3.775933189208552587e+00
-1.509124904853292204e+00,3.995485334008099798e+00
-1.794151481236117451e+00,3.126517122726492737e+00
4.119306303630555277e+00,1.243569898481496017e+00
1.240890777773051790e+00,3.516207275668886911e+00
-8.513545538626469122e-01,3.991852376491844545e+00
-1.480846494389550516e+00,4.040191627421855003e+00
-3.758692068706471767e-01,-1.074468205419377487e+00
1.139073453143088832e+00,-1.927663009087573709e+00
-8.166454395862243754e-01,4.010832547297459527e+00
-1.626082536187269056e+00,-1.472654014173716108e+00
3.928332239498847911e-01,-1.212964563731113277e+00
4.177045105557874116e+00,8.721479971639977125e-01
2.510125153258426334e+00,3.857678427929024600e+00
-1.423843151529150086e+00,3.955448672107337860e+00
-1.368608469285049090e+00,2.713520178887563361e+00
-1.757925513160869091e+00,2.815915205733808602e+00
-1.275057458942866928e+00,-1.632543034952152805e+00
4.119928003247912862e+00,1.276775493861921351e+00
3.569008869816943541e+00,4.114469099825844189e+00
-7.575811845890590979e-01,3.957100186444332035e+00
-1.493988269612329667e+00,3.702075995047262147e+00
-2.005301735659860807e+00,3.468112188314563582e+00
-1.923639966236386334e+00,2.973393395277228901e+00
-2.127506999184715308e+00,2.905698648134117157e+00
-2.100821129169769819e+00,1.956057355152352795e+00
-2.093088058486153979e+00,1.207506054143738128e+00
2.326980467495347593e+00,-1.852266661690736838e+00
-1.820964838608930547e+00,-1.150928769892579417e+00
1.617315761452566614e+00,-1.977429341236493610e+00
3.662987493749808809e+00,4.135091892684382486e+00
1.279611702985850030e+00,3.963686688734449071e+00
-5.016640052082889101e-01,4.071761861822237094e+00
-1.461953251535129894e+00,3.749300485708573660e+00
5.260207335870939360e+00,4.394942786019039538e+00
-1.784630264311136472e+00,2.884433160129331597e+00
-1.859063466669958586e+00,-1.063042464671224874e+00
-1.821954981729061007e+00,-1.267326291950261696e+00
1.177380813344331534e+00,-1.918464666536164209e+00
1.175943805663230979e+00,-1.787860300349310538e+00
1.175241013573600668e+00,-1.672027416246000486e+00
5.053652394420217853e+00,4.277212882772523095e+00
5.553886601065554096e-01,3.695625881321203288e+00
-8.469734373475763523e-01,3.902808909089971134e+00
-2.025795956158884970e+00,3.118971225616998577e+00
-2.236033497997854114e-01,4.215127723814643623e+00
5.444369897130061808e+00,-1.586714519476923879e+00
2.569763847090257514e+00,3.840347083086358193e+00
1.130551773924220127e+00,2.810006414532110863e+00
1.268469518787779915e+00,3.633472501805414812e+00
-6.685599256343118801e-01,4.124008826498098301e+00
-1.102899699790361066e+00,2.908908593974829593e+00
4.268613126623078458e+00,-1.266058789912545723e+00
4.119725721637411908e+00,9.783331750538442062e-01
5.396269349282635019e+00,2.946149905420815784e+00
-1.153280554488407939e+00,3.417140686070688993e+00
2.726340074249972822e+00,3.659799309828295932e+00
-7.742456924926142126e-01,4.073618934926195756e+00
-9.812773072998686175e-01,3.968817600684138913e+00
-1.435992999214748211e+00,3.874690724265343889e+00
8.531731028356313029e-01,3.729064929382433835e+00
-4.529451435645207025e-01,4.144158867354541087e+00
-8.016051886091903889e-01,3.713503520871740182e+00
4.070127230786326322e+00,1.006961861546656456e+00
1.681684041112160743e+00,4.013787425200138870e+00
1.275698999803303479e+00,3.817443533321775995e+00
8.392423867438598695e-01,3.787543380803115589e+00
-1.456806785170580820e+00,3.807571794299862145e+00
-1.291150295795828962e+00,-1.580927534682017521e+00
1.571579571801590580e+00,-1.962282781564782752e+00
2.322736042946396573e+00,-1.895753937210787887e+00
-1.658777595937922511e-01,4.219733389672961188e+00
-5.032570020052961057e-01,4.131730345905617163e+00
-1.484320847959207601e+00,3.803858714134630947e+00
5.702901787920504617e-01,-1.961511374827145326e+00
9.330929245803352146e-01,3.747265314665141567e+00
1.175695191710341092e+00,-1.752708877096212925e+00
5.336065089716875320e+00,4.527828736087426975e+00
9.180948953594740836e-01,3.751449622726834132e+00
-1.935451056702024220e+00,2.583675012902990620e+00
1.625685879938915335e+00,4.231053797503657954e+00
-2.126088811217268670e+00,1.945516014285873618e+00
-1.823378271794466876e+00,-1.284190994149751575e+00
-2.929733043007878290e-01,-1.130257240275744701e+00
-1.991519418048245393e-01,-1.769491988889373202e+00
1.069257341391168348e+00,-1.964221787909318895e+00
2.487346486025816095e+00,3.657703002886046217e+00
2.498382244698893917e+00,3.918777782553760858e+00
-1.434704390536148733e+00,3.682755699437759045e+00
-2.053682538544235214e+00,3.213929132557865387e+00
-2.133744029734857328e+00,2.022801131681497111e+00
-3.551285229427036394e-01,-1.071688193659270372e+00
7.084112798020810731e-01,-1.507816767492033083e+00
3.767646263756866176e+00,-1.870195628993926551e+00
2.072086617877276105e+00,3.020735453595861486e+00
-1.163062795971976371e-01,4.224373060590266959e+00
3.927945031847775326e+00,-1.492609931650983990e+00
7.993848996754560066e-01,3.514923206960727686e+00
3.723431913064120469e+00,-1.919708142952470942e+00
3.870278842409757836e+00,-1.525370178593692616e+00
2.576840321078603058e+00,3.829185521224715671e+00
1.690016245096683356e+00,4.202093351378613839e+00
1.282385903226809232e+00,4.030384936257109807e+00
9.698728835303203066e-01,4.240958739711279790e+00
-2.176207324383125363e-01,-1.778608723501764244e+00
2.808764349925096493e+00,3.789976982134390937e+00
9.240797874628647879e-01,4.064885187138819411e+00
-1.478156425281295760e+00,3.935548287187934591e+00
-1.463233622294951353e+00,3.643264415770865572e+00
1.123721759107265683e+00,-1.804253574975031693e+00
-1.944058616257126504e+00,2.722102382448401858e+00
4.156868209249950930e+00,-1.377179230357935102e+00
1.648891793501903846e+00,4.084623842824580464e+00
3.464730287396972086e-02,4.222278896794485092e+00
-7.638544879541364629e-01,3.694822850672048187e+00
-1.500300980113378646e+00,3.743550598204200774e+00
-2.014751402327264351e+00,2.774674072794960811e+00
6.786271783448996064e-01,-1.304780340034631392e+00
5.429459054477031366e+00,-1.265055388880313547e+00
-7.611697818307741059e-01,3.781305121000255287e+00
-1.130300469049239309e+00,2.876762028503334179e+00
-2.093851387124431529e+00,1.123549045503096977e+00
-7.012620588065550109e-01,4.092606580290692797e+00
-1.488734949537803720e+00,3.864864967977462484e+00
-2.089106075275545038e+00,1.146722293334142773e+00
6.832543066386782549e-01,-1.377208388259833827e+00
5.402078636786805887e+00,-1.656658732643324861e+00
4.173359935669317622e+00,2.370603967759274677e-01
2.553205822735212127e+00,3.910935556848184724e+00
1.022773658189018997e+00,4.135937408311531449e+00
-1.479925679693217866e+00,3.615771612693453818e+00
4.579689057292370968e-01,-1.283840086679326697e+00
-2.071432397525870606e+00,1.942561833739734789e+00
-1.262102561974042469e+00,-1.605443469484543195e+00
-1.579996338943059353e-01,-1.625662333108934376e+00
8.251526735280257929e-01,-1.379175666048806592e+00
1.492235984687219297e+00,-1.972583140933025003e+00
1.563760235227907636e+00,-1.975368838764945956e+00
3.589469628654231137e+00,4.227145703287410683e+00
-1.414203007885464380e+00,3.874136467207880408e+00
-1.053871123249222386e+00,2.917649059941576972e+00
-2.860337701064284976e-01,-1.963691868678660191e+00
5.316907646476588312e+00,-2.652069388918913972e-01
2.579150942886478504e+00,3.499505631503819991e+00
9.296945668536895635e-01,3.805864923611700146e+00
-6.490361817834333635e-02,4.224191685366393223e+00
-5.048738388705359403e-01,3.619301147745446201e+00
-2.035408084800673034e+00,1.507863651920399395e+00
1.556284276387593923e+00,-1.224951087696094287e+00
-1.899556572559681911e+00,2.676687456976730939e+00
8.254148526682540954e-01,-1.746035957467858335e+00
5.213555494229775711e+00,4.387964420027747003e+00
-2.072262775386237710e+00,1.528979145362009184e+00
-1.849502340802272826e+00,-1.019314171778955114e+00
7.262011674599244682e-01,-1.409162429864909027e+00
-1.219378301771107287e+00,-3.219763725231760687e-01
6.056301148410998536e-01,-1.961542824683336628e+00
-4.873773423097066959e-01,3.456446957229224459e+00
-1.448555899349194043e+00,3.604271952815223834e+00
1.018525486012902936e+00,-1.953825183550950806e+00
2.730641760753759417e+00,-1.527996243000264931e+00
9.309086868761070610e-01,4.083225805379257167e+00
-1.060692450882461779e+00,-1.293585181777897830e+00
-1.998941099720740633e+00,2.716262012726235575e+00
-1.074820732979566040e+00,-1.408052820313004494e+00
7.316516504879335692e-01,-1.367715896280828236e+00
2.583607552307212618e+00,3.795565718418651979e+00
1.355253382919672678e+00,4.177412787594206200e+00
-1.985632268810607837e+00,2.795789826818122936e+00
-9.764868817889832409e-01,6.360681844953589570e-01
2.335921100369593884e+00,-1.956712156281256609e+00
3.657167726691405552e+00,-1.916066436998995703e+00
5.077056835265713275e+00,4.256011912165945432e+00
2.503345960091690969e+00,4.022618315359316021e+00
2.370010979869076273e+00,4.025063880709556230e+00
8.170537457386801705e-01,3.872957236267474457e+00
-4.596152912270459190e-01,3.824750716898488445e+00
-1.408633419702505885e+00,3.562015640231869007e+00
-1.373340649460518259e+00,2.736273478515327540e+00
-2.074885953575608788e+00,2.538789263343552260e+00
2.397182084748313180e+00,3.926286446162578159e+00
4.465850256817193165e-01,4.276116559963589303e+00
-8.144367467161830465e-01,4.065257426464393475e+00
-9.799390073602223250e-01,3.848177077638332833e+00
7.645941681835520809e-01,-1.578825588917461387e+00
1.468262128299643088e+00,-1.959073014683677449e+00
3.722136389454361538e+00,-1.849762205186916031e+00
3.626066997558151872e+00,-8.911340344511911038e-01
8.838553988968722575e-01,3.942646202640637920e+00
-7.755472581857364434e-01,3.627969069277987124e+00
-8.683453079911015449e-01,2.089905673365939798e+00
-1.478681404727192561e+00,2.672693732445396098e+00
-2.108911328457731660e+00,1.911697188691577898e+00
4.174108430059189523e+00,9.054995154607470287e-02
3.496929773538550279e+00,4.139205395860561687e+00
-1.424581213732671214e+00,3.626118593245374555e+00
-1.695628227843502200e+00,2.723773840791240630e+00
-2.117913144312197460e+00,1.860923617371743610e+00
-8.711046099105368423e-01,-1.475065484799518822e+00
2.887526409036889508e+00,4.030149735509839459e+00
-9.409490065924349667e-01,-1.302764550561238965e-01
-2.719100412236337139e-01,-1.975219628597115307e+00
2.728589535473569860e+00,-1.335085724006856767e+00
1.341830029984207640e+00,4.241832675854465329e+00
8.416178103248452835e-01,3.854220112551190347e+00
4.047802875383855747e-01,4.276933575456399517e+00
2.575800886749130214e+00,3.890042720234614393e+00
-1.823438513355397195e+00,-1.123287272339656528e+00
9.733671553982807811e-01,-1.955132921772551269e+00
5.588550105166670612e+00,-1.403620543247491526e+00
-4.706594320751065208e-01,3.877839121553807722e+00
5.267957539370981657e+00,4.645001265440738436e+00
-1.041188527509665729e+00,3.738012531408319461e+00
-1.420240117505380706e+00,3.741559075121879463e+00
-1.417064159046226735e+00,3.620818821848323488e+00
9.142727529861949254e-01,3.858107306157085414e+00
-1.480420118639649951e+00,3.667250608187840211e+00
-2.100132094306177422e+00,3.166881733811850896e+00
5.297353359922241545e+00,4.585972436651656992e+00
9.799746989746422887e-01,4.218240472039697764e+00
5.569433438244939971e+00,-1.328622986411902129e+00
-4.447806112718356575e-01,4.023372820163533703e+00
-1.407621652987288030e+00,3.678451870229081599e+00
-2.033591482447574261e+00,2.702927670746625655e+00
7.393541656519047045e-01,-1.201312994503421772e+00
5.512625455294327459e+00,3.703009581929774363e+00
5.203980016155752786e+00,4.574637484701411516e+00
2.014628307663279383e+00,3.264837798418450454e+00
-6.642606463775678760e-01,4.067351458534043118e+00
-2.071503592334151822e+00,1.473615439402756522e+00
-2.155911735325297673e+00,1.059710886220187165e+00
-1.530537490551618918e+00,3.576060649584251738e+00
-2.105271576146321877e+00,1.069956316476882385e+00
5.425637154248632577e+00,-1.628431861945527803e+00
9.181918660243383323e-01,4.023759257051509941e+00
-4.242092787166964474e-01,4.040803165064426494e+00
-9.259437699847714587e-01,3.255020731308520876e+00
-1.233865712033262341e+00,3.007516094291146302e+00
1.403852193320954234e+00,-1.963495655939954121e+00
-4.084252918177075919e-01,4.166903470753648975e+00
-4.379844660689309332e-01,3.472236352282274119e+00
-1.860485413000274146e+00,-9.627375745893484993e-01
3.476601006471416344e+00,4.096106795550255697e+00
3.640253629602053120e+00,-1.925363144434026230e+00
5.296558317565594365e+00,4.643448968978818314e+00
-4.239520100774797351e-01,3.820662498950652797e+00
-1.403102531977392875e+00,3.377798785674412940e+00
-9.414242471616846020e-01,-1.046253602244927583e-01
1.177960564917194031e+00,-1.619543093448343463e+00
1.176977255213557338e+00,-1.478419337657124188e+00
1.391527886138338665e+00,4.224634282594774248e+00
-4.285041002062502935e-01,4.033090831220682126e+00
1.178209147704253112e+00,-1.840038049397687780e+00
1.176419811399652016e+00,-1.388823177603032200e+00
5.376996586521531007e+00,4.532128386155348743e+00
-4.673461749546098387e-01,3.479933231041748343e+00
-1.208496688641596428e+00,3.609799940722506317e+00
-1.391232914675733401e+00,3.482084585527534415e+00
-1.428150035426871689e+00,3.333082271805749119e+00
1.175949362524854713e+00,-1.721130858792144336e+00
1.175714671599690675e+00,-1.562104197298024300e+00
3.609222246721870864e+00,-1.906326271842917919e+00
-1.032369386017746971e+00,3.673349497736752678e+00
2.872150812562285438e+00,-8.035784358478300637e-01
-4.441948398608063231e-01,3.534489118548701736e+00
-7.729826289587279353e-01,3.830558779012158244e+00
-1.938453725786918991e+00,2.548122747404931498e+00
3.633437731153382977e+00,-1.865160431655436213e+00
-7.729506410324091803e-01,3.638619068901201459e+00
-1.090699548132870955e+00,2.930257926554567849e+00
4.218161009434600928e+00,3.611350497118109182e+00
8.675463138766230653e-01,4.678555665996612767e+00
-7.654923630728633910e-01,3.740218131482394792e+00
-1.576761642257111351e+00,-1.749113649801758763e+00
9.100674403339363838e-01,4.578975139793809213e+00
-1.481128515830512526e+00,3.524627787709769144e+00
-1.616458205688665828e+00,2.803597190898002189e+00
5.422837147351760478e+00,-1.694614502877618722e+00
9.675543961582209196e-01,4.156638784564546718e+00
8.536063565060099112e-01,4.137065454506977602e+00
3.873862376813248964e+00,-1.661583725246447374e+00
5.272169136539768708e+00,4.621653212342106798e+00
9.116029729948977867e-01,4.458243448060187575e+00
3.110042770603293594e+00,3.698741864279130098e+00
1.290627264716534883e+00,4.154017887535306208e+00
8.378993470654365616e-01,4.346847934387023216e+00
-4.788921761275473088e-01,3.520419804355358284e+00
5.577440073127730713e+00,-1.435375478078781741e+00
-1.580440150338179306e+00,3.578693366082566829e+00
-1.470341289306340782e+00,1.221472911259693594e+00
2.726305366201000058e-01,-1.977952162955358473e+00
9.228520533661592751e-01,-1.951489818402992960e+00
1.370310755821927851e+00,-1.961404089417091878e+00
2.860662430722733518e+00,4.101475021408540478e+00
2.095777711670284038e+00,3.014333053710272381e+00
7.923495579310453341e-01,4.134697836315076813e+00
-1.289086777088929603e+00,-1.561811675482195350e+00
8.685836706491558701e-01,4.532214551337195196e+00
-8.104119281742760972e-01,3.572762891702926602e+00
-1.479085294411871976e+00,3.433415239095871652e+00
-2.074694299068924330e+00,1.868958468073820267e+00
1.305863227549091121e+00,4.236764035722258903e+00
8.467028235894360488e-01,4.581743840171541571e+00
-4.763019246473191304e-01,3.532399407649187140e+00
-1.440278077598031281e+00,3.549896963788945037e+00
-1.726181999424645230e+00,2.689035472068827648e+00
-2.065105006264997822e+00,1.065067952581097099e+00
-1.500893530845532675e+00,-1.635519312553870730e+00
1.175560594079583687e+00,-1.441454725003834314e+00
8.203796200085260448e-01,3.421954161429608732e+00
-1.303115355497054706e+00,3.328986050228387672e+00
1.703474706818657092e+00,4.090108866354532857e+00
9.106105775420332282e-01,4.251018101898647927e+00
7.976767065333931761e-01,4.948147825752104545e+00
-1.139595661650969038e+00,2.990104644338218431e+00
3.869538582919811009e+00,-1.330767859775007000e+00
-4.921025090413658765e-01,3.760571171409787805e+00
-8.269460341924449454e-01,3.715348827963638190e+00
5.565565012265044409e+00,-1.438321284996563199e+00
2.527259616584556223e+00,4.001307948294432038e+00
7.885530693848061823e-01,4.209901283128243854e+00
-6.891548093087035420e-01,3.983611063052721946e+00
-2.074711722118749435e+00,1.196398741874169502e+00
5.327651515939310078e-01,-1.805238546181525461e+00
5.368343379597519061e+00,4.599205592317703761e+00
7.520867857432015358e-01,4.019509667741197667e+00
-1.595548688848334118e+00,2.868045148599466909e+00
-8.609043648115866088e-01,-1.202244107682667984e+00
5.571523783790540030e+00,-5.396950855143944903e-01
1.314695121406309397e+00,4.221543946784690249e+00
-2.072331354394138625e+00,2.606250715551752695e+00
3.608068716217206262e+00,-1.853916428166634489e+00
8.259038991507396954e-01,4.247377187392505249e+00
-1.069912482561474532e+00,2.938012317414139929e+00
2.725657570630648507e+00,-1.407431590863277737e+00
-1.995118247010326584e+00,2.642562954491485705e+00
7.876833163622849465e-01,3.985994582441249268e+00
-2.074264078610039252e+00,1.886621173578713728e+00
-2.072909084537812419e+00,1.083774320804314240e+00
3.563688305607553453e+00,-1.908424177985091896e+00
7.872722681017255697e-01,4.059577385327974852e+00
8.539408352039308259e-01,-1.949048196572352287e+00
3.513455715655254163e+00,4.007893140251237440e+00
1.102127834727930855e+00,-1.491910559002888492e+00
3.451583866758070052e+00,3.918221438025952352e+00
4.659247006169420779e-01,4.031506645682036982e+00
-2.117291195107127599e+00,1.811212139459100090e+00
-2.094838415841782542e+00,1.007109156534987671e+00
-9.744791215063990375e-01,-1.245100268011371192e+00
-9.580818544408173931e-01,-1.546026073609634954e+00
4.281812586774601748e+00,-1.443482572674354980e+00
5.416155937131475362e+00,-1.774686318380467975e+00
1.677440562645715172e+00,3.924540807381643681e+00
9.282569142399015316e-01,4.349453682679516930e+00
-1.872498884197820734e+00,2.919796780692105465e+00
5.366435054200445087e+00,-1.501949515547528424e+00
2.597372893788763903e+00,3.974918231624968712e+00
2.037743578739235062e+00,3.128944051848275620e+00
7.660066501560168772e-01,4.103554107051498256e+00
-4.361181818830526247e-01,3.609638197891042122e+00
-1.233300865103867716e+00,3.745753224314478658e+00
1.295036128414732479e+00,-1.955944870663720359e+00
-1.369064318405336600e+00,3.411922120247180779e+00
8.219436127191209751e-01,4.515020291145991571e+00
5.405410038443289267e+00,-1.788680459996510930e+00
-1.264829279475294221e+00,-2.173285526831507664e-01
9.372204297201565115e-01,3.520537274272631745e+00
-1.348449033748038151e+00,3.752188363759795031e+00
-1.885245857542571901e+00,-1.562382556325824678e+00
3.570422533942153809e+00,-1.869933831042974059e+00
4.145200707880678515e+00,4.099338162975016076e+00
2.563924359524621721e+00,3.951042796029290649e+00
2.008253036823933968e+00,3.068229827420511313e+00
9.688400571843635012e-01,4.206198222270683296e+00
-5.086249380312526380e-01,3.984851821364680635e+00
-6.892885057816651173e-01,3.817335671001525821e+00
-1.219667440437620654e+00,3.010075170771741693e+00
-2.074083776478697239e+00,1.125242945364726133e+00
5.288500992644953325e-01,-1.685837917033229161e+00
5.349275582548109753e+00,-1.708784240325168957e+00
8.974257813813705242e-01,4.387538601978285158e+00
-4.153280278861098962e-01,3.843533693538610407e+00
8.162561976164540711e-01,4.226534480295975449e+00
2.589451795789955657e+00,4.062583313512766026e+00
2.088328350341294826e+00,3.047870754499180102e+00
2.046704696548310221e+00,3.202516899401427697e+00
8.384246627017974962e-01,-1.474165936885097006e+00
2.511252228579186507e+00,4.201093573152292038e+00
2.015739419203658400e+00,3.106433119561199163e+00
8.398387794388899596e-01,4.098193911708395198e+00
3.510188998305936003e+00,-1.883753462005554713e+00
2.927004770033689418e+00,-8.138798881047359934e-01
5.381555093249433597e+00,4.591137998260285791e+00
2.988531978239638232e+00,4.015069977115152788e+00
7.542765172318502964e-01,4.044224647305950882e+00
8.758613020707809449e-01,-1.676755911336472726e+00
5.495612170748980674e+00,-1.246927900549727353e+00
3.574235634860190469e+00,4.276293031865875172e+00
2.513981538338879052e+00,4.140736874808126800e+00
1.998214043109362681e+00,3.281926237244710887e+00
-1.380189565558347375e+00,3.449377752782101680e+00
-1.851019269010104829e+00,-9.132703861802148326e-01
8.210708086201985445e-01,4.290655780174003731e+00
-4.819367328982144816e-01,3.822442324468863450e+00
8.369350308746350553e-01,-1.499330565153165207e+00
3.925174418874560534e+00,-1.411215958621300670e+00
5.430131020524575192e+00,-1.698561808627526037e+00
8.157762273421206300e-01,4.095790349475810110e+00
2.945501537266171699e+00,4.122558961309731096e+00
2.460405400968726397e+00,4.242043729943346442e+00
1.968115202185651613e+00,3.074290354596468156e+00
9.007287602626647960e-01,4.125177413560719764e+00
-1.199457022464530453e+00,3.038089046839170138e+00
8.433855703634376422e-01,-1.923483034647580636e+00
2.512374911536720212e+00,4.092529392247567621e+00
1.969270873652260168e+00,3.126295712956836503e+00
-1.072193995353415863e+00,-5.703082794178176984e-01
-1.147259979376366479e+00,-1.371966045024453518e+00
-3.243641364692260165e-01,-1.073991420798244834e+00
-1.728621292699827894e-01,-1.474515815893084447e+00
5.408708958639920628e-01,-1.903263159596401577e+00
5.079815934416051171e+00,4.357478722952849104e+00
3.478201808540089424e+00,3.930257225888860173e+00
-2.070562086842202110e+00,1.984636711939341325e+00
-2.012808943483295199e+00,1.832090849477055139e+00
-1.960068415247251838e+00,1.380971463091196672e+00
-2.089311994261974004e+00,9.530896796673118399e-01
2.515917190126488734e+00,3.969067773376405928e+00
-1.717658815470182176e+00,-1.792841613028779868e+00
1.263674303939860577e+00,-1.951006096256465483e+00
9.007580792189761043e-01,4.123434502368533039e+00
-1.360771544963598645e+00,3.448968903027270994e+00
-1.941273484222865386e+00,3.061662194584673813e+00
5.342957937549623892e-01,-1.834989245234550426e+00
2.707962416375561787e+00,3.641544363208057966e+00
2.606720541286870585e+00,3.984723643310358110e+00
2.558835232678768890e+00,4.198011777774353526e+00
-4.709655161371724130e-01,3.960952812833897330e+00
-4.678886073084920216e-01,3.650061577193622675e+00
-1.281312061241482558e+00,3.734223370662305364e+00
-2.069666199135055784e+00,1.357573658135192485e+00
-2.072550114599911453e+00,1.258382539748575724e+00
8.412530012413537150e-01,-1.615994046612785562e+00
2.416384360054988800e+00,4.236643100053377076e+00
1.964392179648423831e+00,3.118000316884216971e+00
-1.341177381636474042e+00,3.352764622606301259e+00
5.564944470048474479e+00,-1.390256844858790419e+00
1.658329352994303285e+00,4.141408353604488113e+00
-4.225169487316229322e-01,3.482255962269933836e+00
5.222535083167747061e+00,4.664520786154733756e+00
2.554480034628901386e+00,4.116256320469124930e+00
-3.712985617978925568e-01,4.127599832120997014e+00
-4.178570173411719768e-01,3.913870833838814622e+00
2.728148620719077933e+00,-1.503491253797601068e+00
-1.258449998007184600e+00,3.610527551175613414e+00
-1.472903411131247786e+00,3.506268638499797419e+00
-1.177743864075802005e+00,2.926856840195022347e+00
-1.783668329953083997e+00,3.513579748612118525e+00
3.502426404246667957e+00,-1.864017280596041548e+00
5.426132144608775576e+00,-1.746992492751633375e+00
1.625794247939705173e+00,-1.203973511529228491e+00
2.598955070676763679e+00,4.102984260671389549e+00
2.039642310240111556e+00,3.087666959075344941e+00
-4.757366919842362929e-01,3.896609805468764787e+00
5.261688209921753234e-01,-1.451573145422466515e+00
5.259479937868747346e-01,-1.575441741946568719e+00
8.729959357144352339e-01,-1.679197060969353839e+00
2.048735945756546606e+00,3.041931832814126047e+00
9.953297281920185924e-01,4.303248387903978234e+00
-4.757695849266843080e-01,3.968822362409069715e+00
-1.341144485411392528e+00,3.823962902825207788e+00
-1.423846334027496718e+00,1.329357937712421833e+00
-1.674646700812245870e+00,-1.386830763329032212e+00
-1.811837716244685703e+00,-1.762699424188600483e+00
5.283758020167316216e-01,-1.566396659144738912e+00
8.980741781196018847e-01,3.466234992926012559e+00
8.434867588193519783e-01,-1.648105869012903346e+00
1.221603318263861038e+00,-1.951111021786064326e+00
5.219733987023101207e+00,4.676069283603708548e+00
2.534541822425830482e+00,4.040587859134945781e+00
-1.083452499833822191e+00,3.695055413700201186e+00
-1.835780501118199570e+00,3.501220775067916513e+00
8.660869254739707035e-01,-1.558972457736371053e+00
-4.342782343821993685e-01,3.833429686559932659e+00
-1.251189261693252286e+00,3.244439266529750565e+00
2.694246939764469939e+00,-1.596141835775340523e+00
2.725368676687388358e+00,-1.309321588604118070e+00
8.434673609670441108e-01,3.887484579929889161e+00
-1.909805014049328786e+00,3.042560764682892493e+00
-1.936980833339090324e+00,2.750423632225628801e+00
3.444684244882886937e+00,-1.898596077031536655e+00
5.391752620664219897e+00,-1.208374364691736425e+00
2.515449304205786163e+00,4.052500167077830007e+00
-1.493647916002844855e-01,-1.975169316740533976e+00
5.322858802623074981e-01,-1.745709134442145594e+00
8.241297474705197024e-01,3.936101471696862308e+00
-1.953576259479415933e+00,1.730008792954681907e+00
-8.651420538170511154e-01,-1.881348996312353847e-02
3.873561597949052526e+00,-1.430133162852725626e+00
-4.911489813188463227e-01,3.675438504422364083e+00
-5.812241893243126345e-01,3.609870172703520286e+00
-1.778754417110133268e+00,3.537938813124912762e+00
2.922545345060732380e+00,3.553138841764532430e+00
2.558291625615874310e+00,4.161013646883873207e+00
2.451413810920634706e+00,4.220643385224072119e+00
-5.125356457874072902e-01,3.830690237066407988e+00
-1.663653025480776648e+00,3.279585967605678221e+00
5.241945154030687171e+00,4.703788754853410303e+00
-1.013443069368130889e+00,3.586996824763470926e+00
-2.045795186941523625e+00,3.170136983137679110e+00
3.574420998644036729e+00,4.271462176026803448e+00
-1.630246283113389039e+00,3.578265787248605889e+00
-1.791418207742347724e+00,3.578624258326998930e+00
5.305366313604185091e-01,-1.491411373848514410e+00
8.786521124659244508e-01,-1.523409340354395125e+00
1.054066022298211669e+00,2.729470057850564402e+00
4.155312618671501701e-01,4.149627795520400397e+00
-2.351672029172906520e-01,3.604583062123331239e+00
-1.693601309776452180e+00,3.397551793520474206e+00
3.630337395088443220e+00,-9.297318127428446655e-01
3.373132283693484279e+00,3.794403626933345208e+00
-1.973103320797159999e+00,-2.102683881511254960e+00
2.587651340324296889e+00,4.137883552149848043e+00
-1.876396646104103949e+00,-9.166581247666577559e-01
-1.577016164459444925e+00,-1.640667710682996550e+00
3.421917286091685995e+00,-1.903426940874612949e+00
1.283486481618649977e+00,3.446260457127189092e+00
-1.201195217780415048e+00,-2.410354059390981685e-01
-2.015816911656578725e+00,-2.138423117114070404e+00
8.828714712422621735e-01,-1.582929021861090080e+00
5.580739609546989666e-01,-1.075586837168971188e+00
1.050446054568340282e+00,2.657311563699372936e+00
2.727506711601525247e+00,-1.578217774584633748e+00
-2.071646553978833794e+00,1.024916597670840090e+00
8.394524088584778276e-01,-1.781399445741283838e+00
5.351795733749776574e+00,4.630512172375538249e+00
2.610147743763776340e+00,4.215849267763750241e+00
-2.000285413679252500e+00,3.081716364231499750e+00
-2.074342364542595796e+00,1.309394116620677506e+00
-1.999623990688890185e+00,-2.111006795411659809e+00
8.577134858595416578e-01,-1.826855771382349669e+00
5.514661240301705902e+00,-1.326524545908155606e+00
2.512965989649498688e+00,4.227466191987753419e+00
2.385334759945044514e+00,4.217156991864089655e+00
-4.200502411029714001e-01,3.745712570523710205e+00
-1.289601954327202815e+00,3.635918570547909123e+00
-2.117300648296760901e+00,3.096730270316939038e+00
-1.901296267396116235e+00,1.391898057887098306e+00
-1.974748481035393688e+00,-2.137810621200613603e+00
5.393437178764770579e+00,-1.828270777422494886e+00
4.876986428513454541e+00,-1.152039601767045118e+00
2.070910024234983382e+00,3.553201705080934580e+00
-9.749650144574715238e-01,3.511127720718618672e+00
2.176129560112574524e+00,-1.043792766664275007e+00
5.505170173328926886e+00,-1.409621996298270119e+00
-1.191657381998874277e+00,-1.364009779297947755e+00
-1.957760907291618002e+00,-2.021632096261952061e+00
8.832465718360043017e-01,-1.644373883441924589e+00
2.709095628943897438e+00,-1.640639237012291529e+00
1.679330828871457459e+00,4.225641741124496420e+00
-1.349324438120247160e+00,3.487542845966130844e+00
-1.295184585273384092e+00,3.225553483176800018e+00
-1.793775392526824719e+00,2.767660440998944260e+00
2.974211965215263653e+00,4.044983929184942539e+00
9.416182645539948881e-01,3.472629158693181672e+00
-5.441155380797206842e-01,4.338151301036623053e+00
-8.320245157255392598e-01,4.053111006611005429e+00
-1.326411384470338017e+00,3.272709735012210519e+00
-4.629072853034357227e-01,3.698217956646175697e+00
-3.307712845304682237e-01,-1.976460966324874668e+00
8.794827736509557292e-01,-1.408939737593265962e+00
8.780265273076588439e-01,-1.572286377706995530e+00
8.762705535616341912e-01,-1.775620370112284352e+00
3.443243493015904377e+00,-1.866727997007384454e+00
-4.667656482570761156e-01,3.744157699307556708e+00
2.615453566822842024e+00,4.228099145665865422e+00
8.787217425049793640e-01,3.814241806386295952e+00
-1.954032876970956067e+00,1.454140725460560502e+00
-1.360141938247645399e+00,2.928912213869425241e+00
-1.949382283956478723e+00,-2.038457499372094528e+00
-2.193587464757729144e-01,-1.977691364887026237e+00
5.470134403535704237e+00,3.251265035275392012e+00
-1.935049466694316989e+00,3.022955900228841308e+00
9.340753354171505984e-01,3.828124443749760797e+00
-4.176861979790069679e-01,3.546489254611022268e+00
-9.109797092001612473e-01,3.744901315457334512e+00
-1.247068410048487452e+00,2.722175170429714353e+00
2.728425855353747487e+00,-1.659974390136565336e+00
5.511018989496442089e+00,-6.732593888045567132e-01
1.125671036936571223e+00,2.607608869018161357e+00
-1.977057595577939031e+00,-1.993870773939317997e+00
-6.847957681448635370e-03,-1.975211446549690830e+00
8.816156110962438675e-01,-1.456360040726264016e+00
2.539465625790823911e+00,4.235648222474713620e+00
-9.569931894063117284e-01,3.774059370792486767e+00
-1.738147607011728990e+00,3.575423838650499064e+00
-7.617773926673008233e-01,2.301008746052044085e+00
5.518865281843774895e+00,-6.778874273595001387e-01
4.957425183993384721e+00,4.287661308956371542e+00
3.578852065615673261e+00,4.276300941073177597e+00
2.352480599830986119e+00,4.209681075939354145e+00
-5.263900203711753267e-01,3.615006636316506761e+00
-1.278692036056728210e+00,-2.220598145461989137e-01
5.347810777850485753e-01,-1.658194573079983636e+00
8.837758247847649073e-01,-1.894084859033780210e+00
2.714289421792883239e+00,-1.692870330732859419e+00
2.803734521456638262e+00,4.143337201854765617e+00
-1.573120201233148885e+00,3.264016440783415796e+00
-1.621760835346879981e+00,2.663131419359612728e+00
-1.624683223271060628e+00,2.522041321309369089e+00
-2.919136812776346179e-01,-1.977132872158205323e+00
8.782589073689475168e-01,-1.774712012375859738e+00
-1.471573156909883773e+00,3.444931160433421180e+00
-7.737642211958897231e-01,2.191645977469837803e+00
3.352351684088838546e+00,-1.893122770691683776e+00
-1.334977777288419931e+00,3.839559178534588391e+00
-1.589566185481724014e+00,1.478650218076451361e+00
5.297436866413891554e-01,-1.416364496571731468e+00
8.793933216953624399e-01,-1.358520914942453528e+00
-1.498182924113633296e+00,1.436978241247377275e+00
5.206791805277904750e+00,4.611537805119688471e+00
-1.246037116072545858e+00,3.077455555328247438e+00
-1.538038081632937315e+00,1.516546870073635978e+00
5.524093799375609848e+00,-5.633316058533542892e-01
2.346004178040835164e+00,4.230744267481774123e+00
-2.094546977981561753e+00,3.073846942547132866e+00
2.730510775454742856e+00,-1.681227921803917225e+00
2.310844466894314664e+00,4.159468688474023068e+00
-1.931355561448159008e+00,-8.987529167561629784e-01
8.788319613130882724e-01,-1.829232052848796197e+00
2.982470294578380532e+00,4.028897331566701823e+00
1.035900061652190285e+00,3.022066842263461783e+00
-1.412706841515350975e+00,3.004164891029204476e+00
-2.015536120078458282e+00,1.468035904967385452e+00
2.890023199198910042e+00,4.120381228525337391e+00
-1.243168904369988503e+00,2.831181054266111108e+00
5.504840032213565770e+00,-1.316037091117225666e+00
5.137023337178586502e+00,4.693899965407684505e+00
1.994939100054441194e+00,3.188630225368825677e+00
-9.642311800256513354e-01,3.804087678443860199e+00
-1.428105796525044324e+00,3.405827001252992758e+00
-1.123530174307006524e+00,2.874464351804462137e+00
-2.134858582403726501e+00,3.060537007889978067e+00
-5.052965675568845683e-01,-1.732722298958790041e+00
5.037762264860845107e+00,4.618300623325722221e+00
-9.988374308193828099e-01,3.398111697762886685e+00
-1.728422043414550302e+00,3.346475442498937802e+00
-2.016668215313276225e+00,2.622824740693471490e+00
-1.919713001856030221e+00,-9.438685386392166032e-01
2.730874177748797926e+00,-1.726215319386051661e+00
5.391348119175837894e+00,4.636583931650299917e+00
-2.002436471679708507e+00,2.985458858822076511e+00
-1.306939987496028799e+00,3.276019150765578036e+00
-2.065017471323105092e+00,9.670521056374887792e-01
4.979093529863168222e+00,4.417138476775527955e+00
-1.176876246006578475e+00,3.317239200280276634e+00
-2.004133199911389163e+00,2.966010294143692771e+00
3.645779179830973327e+00,-8.557567427998015175e-01
5.155036154968497542e+00,4.637153621798346670e+00
3.323944979885040674e-01,4.215970789180158107e+00
3.379515461838394241e+00,-1.873397245215486562e+00
-2.135086388040574157e+00,3.013774299627510089e+00
-1.121402969338672895e+00,-4.655523559374415976e-01
-1.855873144045200762e+00,-8.738447748609764476e-01
-1.202092294880734213e+00,3.086280819354797256e+00
2.722541416605256615e+00,-1.738578906475296559e+00
3.573307639180331563e+00,4.206759501241793764e+00
2.979884624184808484e+00,4.082954217270401642e+00
2.882640955346082556e+00,4.168869782762479659e+00
-1.136295613260574378e+00,2.672357745431106935e+00
-8.181880576675393257e-01,-1.944972037194670766e-01
-1.784044717345510289e+00,-1.516421008729157416e+00
-2.064081702793067130e+00,1.784859975435477475e+00
-1.422286159973582764e+00,3.350645770226393871e+00
-1.263419979383051395e+00,2.884638329529111367e+00
-2.113656174341723926e+00,1.752450720118665650e+00
2.020793626054596892e+00,3.598194314666561588e+00
1.124153157353401822e+00,2.731474535331679832e+00
3.316052157908080833e+00,-1.871702162129695868e+00
-7.221517566571464819e-01,2.077822488702170123e+00
3.304443400935920927e+00,-1.899156692814971237e+00
-1.222422295614987942e+00,2.835589418771269798e+00
5.113454594560827182e+00,4.654632264879624337e+00
3.512360713947441315e+00,4.223782709923176171e+00
2.802853425052219016e+00,4.077896410604909150e+00
-1.879956083397635869e-01,4.276362211742667618e+00
-8.435647889771138441e-01,3.672710653567152761e+00
-1.856142285440388617e+00,3.525717655869724521e+00
-2.003957797206505020e+00,1.702937240986758471e+00
-1.544269592932707491e+00,-7.376724940794827656e-01
-2.333024398338006122e-01,4.278177056450661375e+00
-1.792117475659016801e+00,2.721825432071976802e+00
-9.220753229880704893e-01,-7.394758389803676724e-03
4.281912837458652810e+00,3.516330508439974079e+00
-1.344250173039398755e+00,3.540850140233835930e+00
-6.058968863206775080e-01,-1.325141997745352684e+00
5.214680026811809199e+00,-1.769360616874177561e+00
1.049479523621622779e+00,2.948523266711264856e+00
-1.311626684611836069e+00,2.918822325389079708e+00
-2.098065512931303722e+00,9.093265058027392156e-01
-2.017277688364649713e+00,-9.116462244941385684e-01
3.501618372878430030e+00,4.258321859458169989e+00
2.018298319819626485e+00,3.570580186665655020e+00
-1.512594740767362778e+00,3.107792617160519022e+00
5.029000381835399658e+00,4.435850537499777424e+00
2.792093517443750450e+00,4.256243717380495006e+00
-1.630475125889692567e+00,3.331645568788438982e+00
-1.823935870997680286e+00,-1.190011258406816985e+00
2.051220920933853886e+00,3.514933554895728562e+00
3.549643813875591469e-01,4.276613578569276264e+00
-9.349005650333463979e-01,-2.427841343538756497e-03
5.110893824425229326e+00,4.683856097241231531e+00
-5.618660071214525153e-01,-1.281079380932524714e+00
3.259202443353103718e+00,-1.885067042393246961e+00
4.209983848705720177e+00,3.522070593206549916e+00
5.433186296900112566e+00,-1.778092180676615675e+00
5.466897824850160070e+00,-1.191974597840194328e+00
4.215153904650321692e+00,3.574032341675538405e+00
-1.281389999275281300e+00,3.523321945788940646e+00
-9.391759512413968558e-01,3.386631534509616070e+00
-9.498959247391960403e-01,-4.038943002170816698e-02
-6.703037315372522009e-01,3.869937547776972853e+00
-9.284676336213135706e-01,3.030152494413179465e+00
-2.129171080519110415e+00,1.856777684945879026e+00
-2.106722293423072045e+00,1.719607526527853203e+00
2.661594688637877848e+00,3.460311966893944380e+00
2.879512298754590471e+00,4.176791390246771485e+00
2.774845824094541946e+00,4.249292793534931612e+00
-5.547934250539658940e-01,3.691822851858972854e+00
-1.837972214733199827e+00,2.641229309829782768e+00
-2.130106363005086489e+00,1.726659255526666215e+00
-1.540708868645744856e+00,3.175795359259673933e+00
2.726250858224115170e+00,-1.827916639898152562e+00
9.043946194127147065e-01,3.900718923537502381e+00
3.629720365727560072e-01,4.169213627600152350e+00
-2.031441318980917288e+00,-9.162035278762775681e-01
-5.387221525373599995e-01,-1.107370940394237113e+00
-5.681488864846255815e-01,-1.713646089607983702e+00
-6.861246951179438280e-01,3.835187418821724314e+00
-1.992660677754208187e+00,1.392973379956776503e+00
-1.183594436515203352e+00,-2.224936827072401258e-01
-3.577905420629932109e-01,-1.923622618983739319e+00
4.996211783694819886e+00,4.555163540696142377e+00
-1.386579950690073337e+00,-1.580838735931014760e+00
-2.045081027414772379e-01,-1.662535704169455952e+00
3.216940544581651018e+00,-1.894224162936776867e+00
2.832117389389386730e+00,4.245535867332688618e+00
3.077910558305263500e-01,4.282337214277911919e+00
4.570863618858767019e-02,4.278104930907858261e+00
-8.921050025067311928e-02,4.276036576380904286e+00
-2.063469186215604267e+00,-9.333615659492076055e-01
4.254324870806233783e+00,-1.483806774530041173e+00
-3.591425861589638835e-01,4.085361431672009047e+00
-7.645831663445963322e-01,3.568686399758396188e+00
-1.404633028006506468e+00,3.790315031175597760e+00
-1.281623546960688032e+00,-1.370652189875319227e+00
2.726170648140551656e+00,-1.802878235007856933e+00
4.283224398235642383e+00,-1.273590417164923716e+00
5.164918505344435751e+00,4.621003158519713772e+00
2.696819180758241785e+00,-1.885243347162201655e+00
2.701273715515877250e+00,-1.776786253071372945e+00
3.368466086211047816e+00,-1.868426009236176633e+00
3.115161459841235825e-01,4.197299775326929883e+00
-4.847826176124623299e-01,3.640145272102406793e+00
-1.766677461555185458e+00,3.440551278621958087e+00
-1.725417486205784501e+00,-1.581404158151048289e+00
2.711283044832517586e+00,-1.871650200969752875e+00
4.326691736358338147e+00,4.081994014624564571e+00
9.266459116276895003e-01,3.928942385467109943e+00
-4.529154329611362328e-02,4.276384441842883355e+00
-7.242039938842039781e-01,3.937413967014362193e+00
-1.799365711907301879e+00,3.401579321903038355e+00
5.263399547892626540e-01,-1.372893238715274355e+00
3.221553589671010798e+00,-1.873326201847044681e+00
2.072329598715000998e+00,3.586056702695792353e+00
-1.332219728538287074e+00,2.879383288508782002e+00
3.229073375519824651e+00,-1.874920408066989008e+00
-1.478099068176626618e+00,3.037157122310513380e+00
4.274973000834285664e+00,3.517495137554640827e+00
3.400071970624518158e+00,3.871412081967951391e+00
2.898625951687966662e+00,4.229463761769484798e+00
2.293078446072469578e+00,4.248443416108004911e+00
-1.639074877981537393e+00,-1.628077764903418823e+00
2.727221768821090464e+00,-1.894345989276817965e+00
-1.428703932961606693e+00,3.035694068769910103e+00
-6.112215754288992109e-01,-1.145424586393565036e+00
-7.558122885181937090e-01,-1.359581365843565148e+00
4.356349011105233870e+00,3.590431715836120308e+00
-1.931548809815624601e+00,1.706849026312619033e+00
5.100184058650237162e+00,4.618052968784889245e+00
-2.039878499734145478e+00,1.755955506071038119e+00
-1.173823592536358484e+00,-3.652358724025099868e-01
-5.346300488152235797e-01,3.534720824347914903e+00
-8.124610269412764207e-01,3.518173896313420368e+00
-1.559070043657488691e+00,3.063380918363222349e+00
-2.100766579193504846e+00,3.010331540777717141e+00
1.732713551928821483e+00,3.849974581936790763e+00
5.304009436984556736e+00,4.414298759123878924e+00
2.925949221563287850e+00,4.244294958154824826e+00
2.391196214636892581e-01,4.284224823785671710e+00
1.038340177713903412e-01,4.282915016296195532e+00
-1.749550700953801385e-01,4.278526207935520631e+00
-3.258992711786208307e-01,4.289378456146222263e+00
-4.140229741980603340e-01,3.666763936050847050e+00
-1.492517931994546521e+00,2.905367704395644957e+00
1.719316234298837731e-01,4.294007197212094340e+00
-2.217125722308453284e+00,-1.925225945661409366e+00
2.672971832491978894e+00,-1.905908795235004449e+00
3.150036518507384198e+00,-1.903916494822735617e+00
5.049055914377799326e+00,4.628094824257491524e+00
4.222377939725637574e+00,-1.437587923692459135e+00
2.322419435971493140e+00,4.120008030944600108e+00
9.471942517373610482e-01,3.593222294966167851e+00
-1.478136352842129853e-02,4.279704413691141518e+00
-2.074830824553066666e+00,-8.583537526154743080e-01
-5.086489085901111373e-01,-1.613103254316422541e+00
3.609812436188199136e+00,-8.743403418236435076e-01
1.732523965723468784e+00,3.739718516889118050e+00
-1.831619440094080398e+00,3.581546279103467345e+00
2.115365985179010977e+00,-1.019590170290565201e+00
4.110131210828076753e+00,1.115297474889141105e+00
2.821946653589473275e+00,4.210672129505439010e+00
1.095595297313616046e+00,3.999402495180333972e+00
2.149473269951812870e+00,-1.254650830876364642e+00
2.276448469260528462e+00,4.203799463839913209e+00
4.327229923453861815e+00,4.142850841153694397e+00
-1.436781642027026518e+00,1.497198049273058551e+00
2.981661810526583967e+00,4.228433004424950070e+00
2.359062284210333260e+00,4.081496009268970937e+00
-1.934574049730593215e+00,-9.310741115237337606e-01
2.272845051431949592e+00,4.230352225132921973e+00
-1.486583089396392721e+00,2.991667786903303483e+00
-3.152677072811962411e-01,4.276555309010491968e+00
-4.225889342577797692e-01,3.698651832846560961e+00
-1.278492134532676516e+00,3.797954709519046013e+00
-2.013470308278895171e+00,-8.660541059043934675e-01
-6.177750669532500183e-01,3.756879354731419429e+00
-1.961204647464952711e+00,-8.720620935121521367e-01
-7.750791563111545379e-01,-1.355721619930732480e+00
-1.614417417164890400e+00,1.556990481851556085e+00
-1.273734456830399653e+00,-1.637436948393887204e-01
3.156629584034138958e+00,-1.874374229813657644e+00
1.737967632613454327e+00,3.785758568130184187e+00
-1.793057954291470635e+00,3.473441164718678031e+00
-1.117799418601186145e+00,-1.466915363150036178e-01
-2.005680473838779676e+00,-9.427237395989258584e-01
2.687627011944265565e+00,4.073337167556394078e+00
-2.126554057809123321e+00,1.882672671655815311e+00
5.631876293184287618e+00,4.056998550356077260e+00
4.960905894682259287e+00,4.670779026921811017e+00
2.713512331377157416e+00,3.999795199941797996e+00
1.158767685065970277e+00,3.986783452051613885e+00
2.026321738080949508e-01,4.287139496101778136e+00
4.176230576249482240e+00,2.053234273295573953e+00
9.589217373070292316e-01,3.898676075216025882e+00
-1.612548195580904453e+00,3.122005706669698899e+00
-4.677981571345208867e-01,-1.916165906674566433e+00
4.906165302988701349e+00,4.394402254661623708e+00
-1.424876068254334660e+00,1.420090797029955887e+00
-2.092860282777562198e+00,8.520507863318116382e-01
-1.940409036479421312e+00,-1.735807714040784377e+00
3.464473663720358143e+00,4.254051850407463142e+00
-1.951796064829278254e+00,2.935391564179797630e+00
-9.735625636570897079e-01,5.096549564729359050e-01
3.120362227738991745e+00,-1.884803598226026944e+00
3.430014886554228148e+00,4.172700277002611813e+00
5.009298242783602362e+00,4.672201744213952068e+00
9.533670412058454779e-01,4.057882198543592445e+00
-9.568964457889170827e-01,3.588140078337618277e+00
4.980646462009683972e+00,4.684529687357583683e+00
-1.984601732986515099e+00,2.562054957089969776e+00
-2.445702731323358137e-01,-1.918759420713930908e+00
-1.956094518567814911e+00,2.673359474073220721e+00
-1.275628985818181071e+00,-1.617183723032774023e-01
2.624028813861128739e+00,-1.904655062268465704e+00
1.951855748826057280e+00,3.616031435418840978e+00
-6.007335969732383596e-01,3.664219089348208946e+00
5.400626873798977101e+00,-1.878368366504693521e+00
-1.419643219530767109e+00,3.892671292488240731e+00
-9.122700412900575095e-01,2.962785414798769779e+00
4.325229930991621785e+00,4.018601320906352470e+00
-4.204693619991504150e-01,3.974342710792767353e+00
-1.901530553845395932e+00,1.361824806263560506e+00
9.223865298004720881e-01,4.193283208697820896e+00
-1.302275919291856265e+00,3.578068673235990094e+00
1.235045603568768469e+00,-1.919473750418589253e+00
4.281012781807267409e+00,-1.478632158745841974e+00
2.716246792325560211e+00,4.250547172782834338e+00
-1.424244846735972292e+00,1.469920796792001383e+00
-7.734675980673180185e-01,2.870282625974576174e+00
-4.183424170033758216e-01,3.992410198352321693e+00
-1.343214199011961263e+00,3.881266091589339773e+00
-2.072057832545444622e+00,9.203442282788351081e-01
5.177086626203293296e-01,-1.019572505510522697e+00
5.841721987830703622e-01,-1.094392295720876040e+00
1.662875557679144300e+00,-1.225657069161954382e+00
2.574696806945522720e+00,-1.904318183243705942e+00
4.868527460749179525e+00,4.408477575713004804e+00
2.345194945568460199e+00,3.978197239006128427e+00
-2.991325725044795547e-01,3.953325050863159440e+00
3.053177256269243856e+00,-1.899964562101890353e+00
5.015779930714042045e+00,4.612304228979982490e+00
2.260329273703533204e+00,4.208192279544087810e+00
-1.690502572702940576e+00,3.581635238465992188e+00
-1.567641043401186263e+00,1.306451828929376946e+00
-1.275645272908474848e+00,-2.349145924991069001e-01
4.178020580154848673e+00,7.769331715481389011e-01
-8.077098378403655410e-01,-1.428491750197694032e-01
3.656765120843321171e+00,-8.115209711716756535e-01
2.319519016535040112e+00,3.847885587735087043e+00
-1.161463734028595152e+00,3.364024641546135008e+00
-8.857174011831578930e-01,2.908976356645788908e+00
2.628332467379411064e+00,4.131566321170924816e+00
1.594634686821029490e+00,4.144205605513383794e+00
-1.988155700268148252e+00,1.353841729995968191e+00
-7.223818482382990958e-01,2.293351294323936695e+00
-5.706695397693586358e-01,-1.651478825084595536e+00
-1.852895566671358019e+00,1.587594842445297028e+00
5.275927550184402293e+00,-1.898045243943023097e+00
-9.132433615838912999e-01,3.649403962247234290e+00
4.179091663355785080e+00,1.157949025940137711e+00
4.331184945586061374e+00,4.063347622449401619e+00
-6.403236960127696165e-01,3.764691498880064824e+00
-1.246067026393951060e+00,3.281344888343469712e+00
-8.965105014749852330e-01,2.345341522822920854e+00
-5.963003931035220084e-01,-1.660297424810094347e+00
-5.212430448225169322e-01,-1.924448832816800792e+00
1.836709334023767903e+00,3.729918277478741828e+00
1.121339213451105543e+00,4.050429151346222056e+00
-1.395687538078842493e+00,3.279875931517946430e+00
-1.822256144282828672e+00,-1.069662703308417173e+00
2.387012061056967394e+00,-1.433061407194770931e+00
2.710959922008220779e+00,4.186780562593586552e+00
1.082989062922905310e+00,4.133482131078264565e+00
-1.818442221418095972e+00,-9.839912681900915281e-01
-2.697893486405527064e-01,-1.137043179257907211e+00
3.851614804561397154e+00,-1.021100642296603800e+00
2.304872393016859089e+00,3.727357390403557513e+00
1.994374443189588009e+00,3.727620731607986126e+00
-1.414991857733054914e+00,1.481900625494013024e+00
-2.653241657249107988e-01,-1.120866526138933672e+00
3.003160843193064089e+00,-1.897491979486918723e+00
3.106570039540332395e+00,-1.056317261640714156e+00
2.238630759676379700e+00,3.866183275755896709e+00
-1.621710317001301860e+00,2.890198398729174833e+00
-6.506897907598485631e-01,3.787080114037098433e+00
-1.968857312776860269e+00,-8.145114363829425441e-01
4.256904301079007524e+00,-1.525671761611498756e+00
3.942756115245477311e+00,-1.098565440816571037e+00
2.228793554437875635e+00,3.792985245258317040e+00
-2.077479860268359069e+00,-8.863775288501136718e-01
-8.173447752610911721e-01,-1.266022712144151852e+00
2.513360718378378156e+00,-1.903949934342050065e+00
1.250667919828476249e+00,3.563023927338356156e+00
-1.750296240209784138e+00,3.384273525962068430e+00
2.400175933711064413e+00,-1.487070296359877863e+00
5.339020511930632651e+00,-1.888812376498539836e+00
4.939479818791829402e+00,4.617464433939500346e+00
8.196403479323230989e-01,3.474195129213787148e+00
-8.277305649807837895e-01,2.245363870414164076e+00
-1.422032954390108905e+00,1.259363915848782600e+00
4.297753177978533401e+00,4.228675089191884950e+00
2.980285040561371890e+00,4.173530295490357034e+00
3.094339993455394566e+00,-1.874549339654309144e+00
-1.092390793608883470e+00,2.986727227472412149e+00
-1.409129295967919138e+00,1.312092267044562055e+00
-1.853225970599171379e+00,-8.211572185616435871e-01
3.351019055295355376e+00,4.012487758626106960e+00
-2.086327752836860228e+00,-8.120110743449878710e-01
4.176898848289088306e+00,1.991598333571816593e+00
4.889672897292808962e+00,4.640184585978566645e+00
-1.123349476333578512e+00,3.271538487968560283e+00
4.175090218280286258e+00,7.274197971235132343e-01
4.176281554074132707e+00,1.709972444209590270e+00
4.175562017541665227e+00,1.808595440616704186e+00
2.291857945846142552e+00,3.982818682159936952e+00
6.777301129020465442e-01,3.677361463982075307e+00
-6.618702684672208569e-01,-1.307919722477407509e+00
-1.176184979238512618e-01,-1.662543410121472887e+00
4.178569433008911815e+00,1.648093611194470620e+00
4.180239466681419103e+00,1.745851803347269859e+00
4.179399995058169281e+00,1.846342196601394647e+00
-1.562859746355424573e+00,2.969487545776737125e+00
-2.074331696990057594e+00,-8.198407230298272452e-01
-5.651807330791731587e-01,-1.916129204436098243e+00
-4.012433020326797717e-01,-1.913621400319263754e+00
-1.030534795888036204e+00,3.309172492326545534e+00
2.478581744463123293e+00,-1.628741245225481027e+00
5.037793754862263995e+00,4.684087175077970677e+00
4.859098418623917226e+00,4.670435947680108058e+00
1.302611683437127077e+00,-1.924148267284722991e+00
1.366880400397354034e+00,-1.922633830810800415e+00
1.427888958086191540e+00,-1.924496286804597611e+00
-1.369419235429169657e+00,3.018991540103630022e+00
-1.949599139150635096e+00,1.338960998605556174e+00
-1.169655581649261755e+00,-6.539883829980500662e-01
4.175871420784236676e+00,9.223298395672261396e-01
4.177103837311788581e+00,1.201839269596621129e+00
4.178065025645010699e+00,1.278381550081161278e+00
-1.424896765983228342e+00,1.537116456968149247e+00
-1.239198532189438318e-01,-1.603153910483601896e+00
4.181634175232120221e+00,1.960786091494930661e+00
2.941347459677364995e+00,3.517239281378787830e+00
-4.022382657747520796e-01,3.580930142072419553e+00
-8.305664669413275192e-01,3.510047821958821146e+00
2.404595375125709200e+00,-1.535838643570580198e+00
2.960421765757123680e+00,-1.890617565893290664e+00
4.329974689910045527e+00,3.941879717018483387e+00
3.345517669850811338e+00,4.027770975750577520e+00
2.670427416654484354e+00,4.220021238074290082e+00
3.323756257729665542e+00,3.971967188384953662e+00
1.789478862765388589e+00,3.726747848462930612e+00
-1.451673279406185735e+00,1.170740893034487806e+00
-1.023300455953345622e+00,3.603155757843348739e-01
-7.961628950446519859e-01,2.287217738260292510e+00
1.417980279458618709e+00,-1.921199176803643383e+00
1.478387245552306606e+00,-1.923679748711130344e+00
1.596836722650805118e+00,-1.924852769545749132e+00
4.177240174177395460e+00,2.094179494991458945e+00
-1.210827961314696388e+00,3.254124317513702902e+00
1.550257082183810642e+00,-1.923778468439201195e+00
-6.564921392527605093e-01,3.630730040702089045e+00
-1.529690030783294574e+00,3.016676643360870713e+00
2.391653568733984159e+00,-1.910550524014100970e+00
4.687266142843925287e+00,4.386781649832886210e+00
-1.210809327496772614e+00,2.878024925673778878e+00
-2.076838336003307806e+00,-8.675070857093978294e-01
2.450103981800239694e+00,-1.479070627463044296e+00
1.331574330123927119e+00,3.876881461362803982e+00
-9.768281410114392216e-01,2.134566930517767247e+00
-1.011429478296419937e+00,1.650439028928635532e-01
4.178564183644203567e+00,1.074021997070344181e+00
4.177632811106075650e+00,1.371579731306360905e+00
4.177171660655525365e+00,1.539765594412860761e+00
2.957804614469651483e+00,4.195471343576720358e+00
1.334257613191890179e+00,4.087645063379685695e+00
1.087788610995583660e+00,4.098117089737847607e+00
-1.573714480259776671e+00,2.751379803834798743e+00
2.670412020163412947e+00,4.257136129791758705e+00
2.474705789403182976e+00,-1.902054755724045698e+00
-7.687913629147411498e-01,2.358403063214444373e+00
2.380396486396850975e+00,-1.965450581120938622e+00
2.477058065409501353e+00,-1.852712954899551567e+00
-8.245728941714447480e-01,-1.143721714949984397e-01
2.226342882761859432e+00,-1.064108826316400247e+00
2.924345852450382477e+00,-1.894990287059117762e+00
5.773121604631001880e-01,3.688637692442222171e+00
-8.984340609507497355e-01,2.075724764842262537e+00
-1.924035634455439681e+00,-8.638962005521478860e-01
-1.185989605465600505e-01,-1.552740367651638698e+00
2.344362983403523781e+00,3.854616859551211139e+00
-1.628739271832626567e+00,8.242967023228122692e-01
4.332409351488003324e+00,3.828219070924756107e+00
-1.145453915653920962e+00,3.054763597679083009e+00
1.646217425966288728e+00,-1.924301582704970315e+00
4.901359490453785384e+00,4.676469165668218686e+00
-9.532026289497332883e-01,3.205261392019337574e+00
4.178966752669837526e+00,1.911160758550710437e+00
2.286995698842777092e+00,3.782731249352974334e+00
1.296677158644577998e+00,3.482609766688860020e+00
2.433200349137369489e+00,-1.471134555331918836e+00
2.723806397887698960e+00,4.276338689502222401e+00
-8.424378405223711397e-01,3.452770667081527467e+00
4.327773184303836729e+00,3.893294883744312429e+00
4.337334386110399009e+00,4.208569135779165471e+00
-6.026021097842577667e-01,-1.922951417322559253e+00
-9.309787428838993684e-01,3.701192045081047599e+00
-8.490846251446670934e-01,2.431668589215005838e+00
-1.584833696712008688e+00,3.329383942525434570e+00
-7.815889035837928489e-01,2.361877317828313672e+00
2.838448819715335691e+00,4.275848909623952032e+00
4.175821984442304569e+00,1.262641617083171131e+00
4.177292464957194973e+00,1.420488161876721334e+00
4.178251266661012764e+00,1.505309547020169614e+00
4.179444932186711981e+00,1.594724541797357453e+00
9.786042535369765538e-01,3.778642933070430310e+00
-1.316371218884572425e+00,2.701288206381715629e+00
3.058458832600142507e+00,-1.874859078215434405e+00
1.335034389271232191e+00,4.139305077724525717e+00
4.727623924498429275e+00,4.508546745516340160e+00
1.148422822729458392e+00,2.704915453663166325e+00
-1.306507067298523950e+00,3.411752113106965023e+00
-6.966313140862960829e-01,2.134081937749170432e+00
-1.675989410062242335e+00,7.653689089263119305e-01
4.922686674428815579e+00,4.613546568690789051e+00
3.310896162084135064e+00,3.886196838944549814e+00
-1.054855163815375807e+00,2.991559960258805440e+00
1.682583780349332425e+00,-1.924994717206477857e+00
4.950145123742403896e+00,4.677623591101993661e+00
1.138599408842921878e+00,3.722867982768296002e+00
1.303476281844055285e+00,2.368429015322075504e+00
1.754098563708639480e+00,-1.924999109854770740e+00
-1.900715017391582329e+00,3.100334841366383376e+00
9.655642594386570909e-01,-1.534438079439230052e+00
4.178213130329043956e+00,1.099431843361796224e+00
1.290650909816199121e+00,3.563938706062514061e+00
2.651122876445138221e+00,4.297285402202944304e+00
2.467212754822027065e+00,-1.850787347589119891e+00
2.867630349377679799e+00,-1.891145364614534863e+00
-1.680847081080450334e+00,3.299181410560557914e+00
-1.852837556474324021e+00,1.393542425270358542e+00
2.429326502979209934e+00,-1.724645965094301125e+00
4.275373173287297490e+00,-1.539341782161119276e+00
-1.652397081093824216e+00,-7.382773298184979183e-01
1.785072150178411698e+00,-1.923897441815514586e+00
-1.711449696929582931e+00,-1.353600180423485622e+00
1.225046381241187365e+00,-1.516332121272769395e+00
1.226051982389744222e+00,-1.596851748696877182e+00
2.425214499210795349e+00,-1.308569183651463685e+00
3.422579437537847546e+00,4.250483649276793230e+00
2.499519455520581079e+00,-1.727328798578640523e+00
-9.275263018237538404e-01,6.793174779238648764e-01
2.437859456504888112e+00,-1.622014154588829360e+00
2.932398050625621089e+00,-8.301785608321072818e-01
2.977946317037334367e+00,4.201344449925040969e+00
1.547180018700996751e+00,4.275519161083316533e+00
1.420006532910743413e+00,4.282709154810665275e+00
-1.620068291428562901e+00,-1.422409242338514845e+00
2.439543742927500869e+00,-1.749318315496741327e+00
1.249213929608182783e+00,2.416569006741899006e+00
-1.322774714111857985e+00,3.436166008709343966e+00
-1.003143660738816223e+00,2.259035081420382785e+00
-1.754772101562609432e+00,-7.579221869605865525e-01
2.472363451440175997e+00,-1.807200061251146739e+00
1.300598144786602850e+00,4.284088537192963564e+00
-1.189750833935868446e+00,6.766918227895476479e-01
9.892052847468568721e-01,3.754407460921757256e+00
4.689448572980088770e+00,4.341984828105794669e+00
2.480369687072354168e+00,-1.798747947788765345e+00
5.356182231415479222e+00,-1.951880687211998477e+00
2.409405897733228663e+00,-2.163656744794875575e+00
4.803784284196606080e+00,4.638573762600640471e+00
-7.050880184834880104e-01,3.767401214001518284e+00
4.849486619800861931e+00,4.624691854392923851e+00
1.305456360273368865e+00,3.629747003599509192e+00
9.790547675738481281e-01,3.856957032683780540e+00
1.167217497414769545e+00,2.728435093965617231e+00
-5.780257267351833761e-01,3.552623579803679377e+00
2.409089299022530550e+00,-1.643657457222619689e+00
5.354492117692245756e+00,-1.872747581323641386e+00
4.178541428502532185e+00,1.449840163439133134e+00
-1.169271648330560076e+00,3.112172043362543494e+00
8.515355101574377805e-01,-1.315847365273877800e+00
4.766597877280173812e+00,4.647148073345609198e+00
9.006786487930242835e-01,3.273240541473003251e+00
1.183208839283323321e+00,-1.316553457206817157e+00
1.227606235812005231e+00,-1.841140889982682216e+00
2.418764211623368521e+00,-2.204161017102827191e+00
2.909117951058356244e+00,4.276440773015524499e+00
1.940905963797607381e+00,-1.922600818374431642e+00
1.997087398069787412e+00,-1.924907542162240581e+00
-8.568861526293871655e-01,2.314794137399588170e+00
-1.023115819470378884e+00,1.248456164747534375e-01
-1.792220909901638848e+00,-8.041754451571786477e-01
2.802020986565636917e+00,-1.887604818430837605e+00
5.268656555031956401e+00,-1.926997620331141858e+00
3.968533885106526604e-01,3.939033061147995785e+00
-6.249552235450592796e-01,-1.489690579542288340e+00
1.908527139721387211e+00,3.727976260880316417e+00
-1.153621604051307870e+00,-1.460568149564035467e-01
6.430255792038845897e-01,-1.435106636597512697e+00
4.268392285727671265e+00,-1.577622858972280939e+00
4.795568060958968815e+00,4.624070552218650043e+00
-1.335252095562764474e-01,5.021516904384996316e+00
5.256498470855961003e+00,-1.898888443885536903e+00
-1.023836887328775092e+00,1.958085625328031265e-01
-1.118373710409845678e+00,-4.193143797751054391e-01
2.449611070595746565e+00,-1.631499665630775198e+00
3.679476029535178050e+00,-8.092621731238163196e-01
1.325184165867581143e+00,4.068931167793664372e+00
9.858903297129018028e-01,3.663578232246258004e+00
-1.072656907794544701e+00,-5.047294707307806716e-01
-5.089730413020361333e-01,-1.804296676551001344e+00
2.464350596301742247e+00,-1.570439490094182489e+00
1.338687154144053260e+00,4.275155064620113521e+00
9.781932309346317300e-01,3.580227880313896716e+00
-1.343754164200094969e+00,3.683033809033161798e+00
5.323026601829085713e+00,-1.944708900180912581e+00
3.804058822110885529e+00,8.524335760093968428e-01
3.773698308487514641e+00,8.781217364731765951e-01
1.464458931069275494e+00,4.276511038153014255e+00
-9.186293466200607938e-01,6.705676802038910145e-01
2.347781975030595270e+00,3.886820740016676101e+00
-1.438917832258743701e+00,2.988363251621239058e+00
-9.637826468072128172e-01,2.197929323030205051e+00
1.838840523670832727e+00,-1.921331626032688700e+00
1.228478364543770684e+00,-1.541582836971544967e+00
1.227679877513201845e+00,-1.802668601534086257e+00
5.172223194823846626e+00,-1.938665935026779863e+00
2.165012556701308100e+00,3.781264208211874145e+00
6.732272441568025734e-01,3.678809815184303389e+00
-1.144221237917311118e+00,4.437582001814009691e-02
1.882189522494878808e+00,-1.922197753487107974e+00
2.113472491049620317e+00,-1.924983252671311318e+00
2.419639886893503622e+00,-1.721243438973398820e+00
-1.021304875199838147e+00,6.634890142356407450e-02
4.991755432762605693e-01,-1.318597611513076195e+00
5.201177128369332436e+00,-1.940505358566589234e+00
9.844233747679527191e-01,3.708490251152875228e+00
-1.169524682096778623e+00,-3.225107024054906235e-01
4.722192083436677734e+00,-5.941404328839789972e-01
4.721632096742017559e+00,-5.369738105635980530e-01
2.424800841338503155e+00,-1.619732793955492411e+00
4.727693610280818248e+00,-5.447214227673881082e-01
4.603472145176652042e+00,4.271507825096673372e+00
-1.281803596545749269e+00,3.061796636341425071e+00
-1.116833584439646643e+00,6.924089416910993444e-01
-1.202712205327848505e+00,-1.646714911405631199e-01
5.170821186262577918e+00,-1.883144202656532817e+00
2.995756656663160822e+00,3.523095465479846755e+00
-1.023515057937761430e+00,3.242184214782925511e-01
-2.073937434265773039e+00,3.325308963382491712e+00
2.985953297741445578e+00,-7.974708065884075214e-01
1.096799221622991594e+00,2.782233861812699605e+00
-1.479761766248342436e+00,3.405887545872261502e+00
-1.023425681700204315e+00,2.483648423402401439e-01
5.210483414595602270e+00,-1.913287553301920241e+00
1.486097469373277136e+00,4.276137490230618177e+00
-9.950829427195868604e-01,2.971830679225721195e+00
-2.072747192885075584e+00,-7.687147349571831212e-01
1.225345556875567343e+00,-1.366864042847934613e+00
1.601084554340417743e+00,-1.173408985887906208e+00
1.228389836278461988e+00,-1.766959442891131271e+00
5.057187079505201410e+00,-1.932660048104597461e+00
2.241958408275967152e+00,4.149453371594457707e+00
-1.946306408109668595e+00,3.340599702532847992e+00
-9.888292686518558305e-01,-1.861223501579986062e-01
-9.945005638711972296e-01,3.051443904837439991e+00
2.048058772262641103e+00,-1.924030623933254303e+00
2.417390150408394334e+00,-1.751085734245682035e+00
2.784263578488439972e+00,-1.864674504289715484e+00
4.276786972785818541e+00,-1.581735208527641712e+00
5.523512118142605232e+00,-1.098661701374200828e+00
3.031779022442456117e+00,4.201820529015153127e+00
2.797680295582856580e+00,4.279278499599941554e+00
3.788267259800028430e+00,8.782657761067891311e-01
1.515595543904513010e+00,3.759825375630742261e+00
1.334303719255247156e+00,3.616325819586009960e+00
-1.126988728514027649e+00,1.025147376581969361e-01
-1.841551986105166794e+00,3.165056257963963393e+00
-1.142291834159143704e+00,-6.893243332456374661e-01
-1.235569159509624093e-01,-1.503161569279472420e+00
4.372474807163627908e+00,4.451530769453272640e+00
3.403644815884742769e+00,4.126761499628427643e+00
1.226678883542582366e+00,-1.378585382475240317e+00
-2.083478804576225141e+00,3.354718488715700442e+00
2.433865081368122407e+00,-1.929358015002137883e+00
4.360732702155004858e+00,4.380434599867871981e+00
3.414309278148700777e+00,4.122179330714982548e+00
1.342313689864232717e+00,3.951667395516209602e+00
9.261469250822256249e-01,3.056385146359692939e+00
2.245580176578293230e+00,-1.086720019365024159e+00
2.505091479931069287e+00,-1.714836067945980869e+00
5.115744077735431716e+00,-1.878400878013047892e+00
-1.951241224076956104e+00,3.306026839050654420e+00
-1.093676774916818140e+00,-2.142849804607352970e-01
-9.230804399040413166e-01,6.887267711610061127e-01
4.679575243363375492e+00,4.523696696331701794e+00
1.694842620102634534e-01,4.560646283581541560e+00
-7.231183372541889476e-01,3.612320196203832268e+00
-9.546948487324362631e-01,2.906841395126397387e+00
-4.877171889210778488e-01,-1.552279810546547401e+00
1.176126166333542056e+00,2.746062283519067115e+00
-1.631326475337675497e-01,-1.420744051747463654e+00
1.228417796392236916e+00,-1.473176495414854070e+00
5.172384358684510630e+00,-1.873319403212596157e+00
5.314827570941512924e+00,-1.874869464667076047e+00
-2.003603344485875848e+00,3.278825060258046875e+00
2.748986188961860311e+00,4.277017084799153324e+00
-1.926865412007390699e+00,3.175544659066199760e+00
2.939908115587168691e+00,4.276913723398232392e+00
1.301339616264036270e+00,3.679627520345699843e+00
-1.104074713314944223e+00,3.386977652976656650e+00
-1.986327659456148975e+00,1.628677590709394440e+00
5.517145556171860754e+00,-1.135854856358481824e+00
-8.828527726538863973e-01,3.596312641618846673e+00
-2.405205508112229218e-01,-1.726809788662093670e+00
-1.513028601364354575e+00,2.942070821898306487e+00
-5.944171260113400024e-01,-1.853393443168366073e+00
1.401129524679662453e+00,3.953310297371962712e+00
-2.888638069204465531e-01,4.114772259388516318e+00
-1.703783351871236196e+00,3.637153348965504573e+00
2.129871731508064858e+00,-1.923366189600651310e+00
2.362840354443177304e+00,-2.104623056397256331e+00
1.310311721324174838e+00,2.488724985803542733e+00
-2.066836871332655257e+00,3.305325393625748731e+00
-1.995724928064138481e+00,8.840872646931741130e-01
-1.991605422378848189e+00,-1.520002694123276488e+00
9.886143144426440266e-01,3.885554196519864334e+00
-1.931615539542124615e+00,1.650383023168667584e+00
-2.077534975375249005e+00,-7.692012425442645851e-01
5.112054564742178897e+00,-1.873359476493921649e+00
3.400961549105818271e+00,4.045302062997414794e+00
1.066597783792253118e+00,2.826934274587866724e+00
4.727496686431456929e+00,-5.982558586045249038e-01
2.375014191401087160e+00,-2.086767684964772496e+00
4.753209116159641034e+00,4.580896646257368587e+00
-1.728117867884574110e+00,1.612311528526376492e+00
-6.198661277193564523e-01,-1.546916595902692926e+00
-1.858805246927457411e+00,3.190936264354116148e+00
-1.907451074918340872e+00,1.669515107449358160e+00
-1.971391787921707106e+00,-1.453733638062923328e+00
-1.338229988663952597e+00,-1.520125912074012264e+00
-1.984517958833628803e+00,3.360826102780274827e+00
1.479822446216449761e+00,3.563285711119044130e+00
-6.243696585936526766e-01,-1.470862671222673779e+00
5.427119737735642602e+00,-1.831268103821742876e+00
2.728555318622417847e+00,4.207739083463890140e+00
5.107420183337231023e+00,-1.926343735146151648e+00
1.132849177171073807e+00,2.845696872117242204e+00
-3.075198663234761653e-01,3.975902933583585153e+00
-6.910283639449388282e-01,-1.310938738404304527e+00
-1.756392442957941391e-01,-1.412379362597581345e+00
-2.699349021838179929e-01,-1.660091672036832167e+00
2.420241545640160474e-01,4.325669801098896983e+00
-6.926197725331362243e-01,3.709246749761400341e+00
-1.052013186268590861e+00,-1.608556256530709050e-01
5.273508208744880577e+00,-1.874213564772572393e+00
-2.102967604558030779e+00,3.314689102492511807e+00
-1.492535631436660459e+00,-1.377406983989399647e+00
4.408054473364370729e+00,4.485701682204783936e+00
9.133436210918490783e-01,3.110388239774684482e+00
2.968884039907233596e+00,4.142757691144958621e+00
-2.000386890946041163e+00,-7.430208130888971141e-01
-1.601999589003921365e+00,-1.315718659234240917e+00
4.657287010992384069e+00,4.448540268511615992e+00
-1.806584151983331665e+00,-7.283133864536930346e-01
2.777968020135366256e+00,-1.619616173926734737e+00
-1.378243469212380390e+00,2.956774360106887656e+00
-8.438520355271839080e-01,2.534782683065511799e-02
5.516206319742925857e+00,-8.153264287142818478e-01
3.034709001122754657e+00,3.840050263329374935e+00
-3.493982250640352838e-01,4.069675453911497875e+00
6.147443830793308805e-01,-1.502343545858877860e+00
-2.071708873539225948e+00,1.706916237247963153e+00
1.597003960303839287e+00,4.276553626979621825e+00
-1.365850557139297372e+00,-1.565298195187995844e+00
1.450099289666173963e+00,3.717255238327330069e+00
-1.651386891652378175e+00,1.385540932588723351e+00
-1.635305044717816791e+00,7.365171064135476175e-01
-2.044895670399178300e-01,-1.311481257454806260e+00
2.424824682402192622e+00,-1.873449531403177160e+00
3.394788973014109423e+00,3.980512057851793628e+00
1.025272831743009094e+00,2.894274028798840437e+00
5.448320663326966518e-01,-9.958657303306258646e-01
-2.002152107532086944e+00,3.265210195687705763e+00
-1.781751894819154636e+00,8.423433944194990142e-01
-1.848748497142085334e-01,-1.348343483252754771e+00
1.454899253881723364e+00,3.637214132327113880e+00
-1.959272554537913713e+00,-1.509450403163846266e+00
1.328736352417689393e+00,3.662474273495941013e+00
-4.337358495891483479e-01,-1.296118319649846251e+00
3.031015193930645779e+00,4.150784607716629715e+00
-7.146159805371561369e-01,2.218967401604563960e+00
-1.417997514269827342e+00,2.364774660049349997e+00
-2.310062048861976081e-01,-1.258170977947724811e+00
5.835630622137633061e-01,-1.471951224509849165e+00
-1.325178186913578138e+00,3.579265268782664933e+00
-8.499319368002113961e-01,2.360422104648220554e+00
-1.228249297511825766e+00,-1.233676385542116005e+00
4.009682472905375938e-01,4.027118713970278208e+00
-6.221562267287237269e-01,-1.424962646146098022e+00
-1.147014383810683658e+00,-2.344874712498817571e-01
5.073494257175768851e+00,-1.915946841819823998e+00
1.251597746723144278e+00,2.478505045120256600e+00
-1.732217826197104849e+00,-7.809707139274576493e-01
3.031847615491030989e+00,3.549661031363946062e+00
-1.601555035126009052e+00,2.940932528233674681e+00
-2.202372401485015452e-01,-1.274802616248131182e+00
1.074083015341381619e+00,2.799973182641961156e+00
-1.055297621500292493e+00,6.338265096779583940e-01
4.724564985352873947e+00,4.651141915636327617e+00
-1.534639091568571700e+00,3.629869466741881823e+00
4.330744592469315535e+00,3.815652875879134598e+00
4.478100506671585990e+00,4.558380080446640115e+00
3.353430426660659158e+00,4.187142716449157476e+00
-1.659223984185147494e+00,1.624660014536260855e+00
-1.909305828486104417e+00,1.439881301709420303e+00
-1.073717668329256192e+00,7.158444901455484066e-01
1.232564401058507952e+00,2.566090403701189793e+00
-1.763156170504562859e+00,3.637391895723455448e+00
-3.754170453180178946e-01,4.285572203210462838e+00
-9.381344882419546671e-01,2.963919560535336117e+00
1.059507920056291130e+00,3.906133809911439325e+00
-3.608237298704497498e-01,-1.340805455227349841e+00
1.105737125913072161e+00,3.811734903659038665e+00
-2.703488732910099834e-01,-1.313935532312507926e+00
-1.144088494920817656e+00,6.486404580535666264e-01
-1.106505730715142022e+00,4.028097791193480104e-02
-1.909839162699356940e+00,-8.233104613152333329e-01
1.629389593948623594e+00,-1.172646174830675125e+00
-2.058425000946524364e+00,3.268363290536132393e+00
-1.976777596795470160e+00,8.565327348829967491e-01
4.648021606119611349e+00,4.310536557638658728e+00
-1.434599892372724561e+00,1.528957757638554016e+00
-5.414747538821123030e-01,-1.378581392991624632e+00
-6.051234845557158515e-01,-1.620418291592621518e+00
4.740245716204381843e+00,-4.865205724851465741e-01
-1.825005870580251433e+00,1.638745632979449862e+00
1.329855364157513486e+00,3.562882334906404047e+00
-1.292268015258739133e+00,-1.310652682526864732e+00
-1.582375648602881490e+00,-6.624359244561469628e-01
-1.317628800733014138e+00,-1.252039977830206263e+00
1.099775303815844651e+00,2.846356902797772648e+00
-1.251084217109463381e+00,3.466814955365117967e+00
-7.199450452112561294e-01,2.239938130989478360e+00
-1.144285510667329309e+00,7.350338824123315851e-01
-1.889091478184031558e+00,-1.457568348037859174e+00
-1.244511704964914145e+00,3.402820564116099344e+00
-1.907818082942874582e+00,1.595802215805176338e+00
-9.365415518716049270e-01,-1.166247918151448904e+00
-1.072539726802645532e+00,-2.181486588431210960e-01
1.417357387874994323e+00,3.777788511190092180e+00
-1.067695373256782432e+00,-4.731321158815596783e-01
6.255909540523840739e-01,-1.495176480927826068e+00
3.371134627871588130e+00,4.254410215884127489e+00
-1.994598296511655988e+00,1.614455591556790415e+00
-1.385990451107708132e+00,-1.311056685104943664e+00
1.867431120998304994e+00,3.590866478903802506e+00
-1.967828642155604157e+00,3.270585547257958581e+00
-1.467519490532890991e+00,-1.373782991701912870e+00
1.220302360992133295e+00,2.551847823398309067e+00
-1.304606828875902735e+00,-1.220583931202735561e+00
1.330550868241798579e+00,3.714668856004792019e+00
-1.425364429116596554e+00,-1.264130094792826897e+00
-2.912617043383880500e-02,4.325629243130205914e+00
-3.299930013397784911e-01,4.012842508417643117e+00
1.342050371978184220e+00,3.821667233168191125e+00
-1.402079945011722728e+00,-1.254546545970506966e+00
1.545203458948974262e+00,3.638969542129188994e+00
1.090680637229096028e+00,3.873856267813874155e+00
-2.054621990314400293e+00,3.378073562392636564e+00
9.723163155570271332e-01,-1.497345450183410920e+00
-1.005616881568241805e+00,-1.193757889302272668e+00
-6.220859160199405657e-01,-1.794670815152159093e+00
5.334696084012233719e-01,3.910608962296989510e+00
2.418573105866237860e+00,-1.777979970213790395e+00
-9.645773419448770980e-01,2.419261434531871480e+00
4.416813757042781674e+00,4.577983078800455630e+00
-6.188480348249614238e-01,3.706034124351669679e+00
1.470486770774062535e+00,3.832229753090261148e+00
-1.929292029202840375e+00,-7.240183784637148623e-01
4.581433254533060939e+00,4.315317489447447308e+00
-1.867823920970363538e+00,-7.307712819780542990e-01
7.712970843922093422e-01,3.331942837635992305e+00
-7.235551404938176390e-01,3.661426591145969578e+00
-1.832035779445388535e+00,1.342843955425062186e+00
4.608403243373735414e+00,4.380996557111532574e+00
-1.343037455110139611e+00,3.629798695882394455e+00
-1.753824920340463223e+00,-7.229162934513200245e-01
-1.929263720316429342e+00,1.621835743361505600e+00
-7.177946685583544983e-01,3.884434468610256985e+00
-1.101658847710859312e+00,3.653120221455577354e+00
-2.010088657459589534e+00,3.407340629571657953e+00
-2.072097130394974229e+00,8.641828218658075267e-01
2.382228456403962191e+00,-2.006505241780090820e+00
-8.498611931903536920e-01,2.172567464178830843e+00
4.332149800455631805e+00,3.522320215607038119e+00
3.345752735388871635e+00,4.115534202178444900e+00
8.542698631036897972e-01,3.277345638554857388e+00
-7.227335930323857127e-01,2.346376388854682915e+00
2.409532364402001470e+00,-2.049928434191242044e+00
3.470360852092664761e+00,4.222918366014632774e+00
1.049002501928055997e+00,3.961519588608682696e+00
1.004459655776119398e+00,-1.486575262405525288e+00
4.325834829456207231e+00,4.230517140771956619e+00
-2.411711663844005038e-01,3.988363248624094748e+00
-1.675510324470937729e+00,-7.052294383123085542e-01
-5.937387087476935221e-01,3.791104099661354976e+00
-1.249757186674484100e+00,2.940489078579288762e+00
5.430353430354013966e+00,4.554284956462669953e+00
-8.882876155164649568e-01,2.382229093757909144e+00
1.887056125782280880e+00,3.619449124258910633e+00
-1.722948443402868346e+00,1.285883524581783899e+00
-1.785777730766684446e+00,7.750645101356984368e-01
1.104272764077994351e+00,3.962164922970682124e+00
4.332890965887376211e+00,3.574111528174690466e+00
-1.808350121747511086e+00,-7.154523882808240254e-01
2.720882684493103110e+00,4.125598565795539407e+00
4.324934798762056332e+00,4.410759452058986341e+00
-1.719665354207900787e+00,1.557404752961153216e+00
-8.964038156334264151e-01,-1.131978188148966336e+00
-7.925769481374711489e-02,4.325402131588398369e+00
-1.143614048822755525e+00,-2.170374900548459052e-01
-1.906796562821460927e+00,3.178168489217104042e+00
-1.927390300416203406e+00,8.688521831373828830e-01
6.892155065412808312e-02,4.329379088381524632e+00
2.371631303156808368e+00,-2.156543019925952542e+00
-1.620286454430109213e+00,2.620740205386916877e+00
3.446448419998821677e+00,4.120374246995107903e+00
8.619636869189923889e-01,3.225160239604999202e+00
-3.350506155202728209e-01,-1.321669411848524822e+00
1.031627376539607566e+00,4.000854345575731053e+00
4.742810169327947634e+00,4.570071349697702345e+00
-2.848621956206018879e-01,-1.424800161813083887e+00
-2.864745809873530114e-01,4.329194647391691575e+00
2.051300186960332006e-01,4.326163564723719546e+00
-1.314563478713375311e-01,4.328199827676768585e+00
-2.762778990370584609e-04,4.326213782863814750e+00
-1.761346891950066329e-01,4.332042643932917159e+00
-9.301773251277145604e-01,-1.952266501840259072e-01
-2.021480888103800222e+00,1.738417693692470678e+00
-1.125164947878482202e+00,-1.265615899824202417e+00
-2.387531146595880394e-01,4.328177521005051709e+00
-3.269095950314628851e-01,4.326454958351445335e+00
-1.503247593086512790e+00,-1.293829022374084037e+00
-5.576296273957477290e-01,3.650799758151366259e+00
1.161619035676208167e+00,-1.323430600038658644e+00
4.641144816221861369e+00,4.371914693120617201e+00
-3.412359863082499167e-01,-1.260829988744313290e+00
1.480869074660490892e+00,3.829395761522463637e+00
1.524384471619303794e+00,3.588563912785865728e+00
2.346294656040092796e+00,-2.188007645871306028e+00
1.564264775663356755e+00,3.586296768051088879e+00
-1.875710534568910237e+00,3.253485478335750969e+00
-1.717700266690262989e+00,7.954483767426836494e-01
-1.974901300405604854e+00,-1.415494850017069206e+00
-1.810322370189458407e+00,1.328427404393391464e+00
-1.912278082172457427e+00,-1.423986905259341684e+00
1.248698034851159822e+00,4.324854068029542198e+00
-1.102934486803769598e+00,3.362664994229291882e+00
-1.688526430553444424e+00,1.645943052827779196e+00
-1.896717342213093627e+00,-7.693411934631680937e-01
-1.591195275534410758e+00,-1.353839585033655091e+00
-1.213553605141676872e+00,-1.203743073538483671e-01
2.729210110546941959e+00,4.125739384090973516e+00
4.379617865465323945e+00,4.462811325190266132e+00
1.316675699898262053e-01,4.326668150304821658e+00
9.775468337548705033e-01,-1.458012068033418096e+00
1.626252030385522573e+00,4.282412096642427279e+00
-1.206092196243582659e+00,-1.284694973582146682e+00
-1.681186715597360326e-01,-1.341752984917400360e+00
1.139790335500020291e+00,3.777407581367139500e+00
-1.804755997487517138e+00,8.791995885093578655e-01
-1.300302445558122688e+00,2.449960273994127746e+00
-1.053504785191762050e+00,-1.225935638238779379e+00
-1.754998554947710954e+00,1.662569392073794949e+00
-1.782423408949865173e+00,1.320486970356456347e+00
1.121445350394034479e+00,2.722264383088631501e+00
1.118482566008682788e-01,4.328696547904385739e+00
-2.487963534451465009e-01,4.143881426061102324e+00
-8.980314600370142841e-01,3.032494784738764881e+00
4.657852342849240657e+00,4.501226529743532545e+00
-1.361956800381493249e+00,2.478872400659906994e+00
-1.522534008394001770e+00,2.525907139175640026e+00
-8.700624120013502605e-01,2.416469873408814806e+00
-6.239008870870743628e-01,-1.752673809692908424e+00
5.193343099407609742e+00,-1.870172441993327439e+00
1.201882002452209663e+00,2.614610613041387754e+00
-1.726522228049878205e+00,2.655935419896075622e+00
3.984064116419443025e+00,-1.273388570835778166e+00
-9.622436979957980085e-01,3.674164080491717943e+00
-1.169456603882958134e+00,-1.216001301207358665e-01
3.016969553973386731e+00,-1.873328831337665479e+00
3.037733542229829276e+00,3.518214017427798268e+00
-1.744096923201321481e-01,-1.324204408319739956e+00
-1.917560853430935186e+00,2.745793027675565767e+00
-1.705243337162128725e+00,-7.842542059646679942e-01
3.367227974013621061e+00,4.126891158678598792e+00
-1.607454454766806151e+00,3.641777808415767925e+00
2.930515778418988582e+00,-1.874840255587915783e+00
-2.108910141342130729e+00,3.265694837557082675e+00
2.489041206906151160e+00,-1.570023565496808216e+00
5.628550884802479892e+00,-3.006461132067708153e-01
-9.665535057505283412e-01,2.427242788625484593e+00
-6.131114656044354128e-01,3.855428710549421378e+00
-1.006179339291287889e+00,2.429100073071743360e+00
2.848238480679067042e+00,-1.874079606818009447e+00
2.897041074511196523e+00,-1.874022676450733282e+00
1.024030828384537628e+00,2.998245833112596515e+00
-5.722174179608217059e-01,-1.615808540834822171e+00
2.365309578239262578e+00,-1.324415278887105085e+00
2.784087755760794369e+00,-1.521755816418265850e+00
2.480145701016464255e+00,-1.609098290191815828e+00
2.199137466974801391e+00,-1.024983443310167885e+00
2.972637416067805738e+00,-7.716455739627046118e-01
5.428529350464639691e+00,4.591257046247528173e+00
1.492421857029782917e+00,3.663845462364989647e+00
2.562837528545800492e+00,-1.873532651959799011e+00
2.612560227653887068e+00,-1.870314439341589363e+00
2.661400151529954350e+00,-1.872697508730941429e+00
-1.808929541720650125e+00,1.703660449785181275e+00
6.570051268183694226e-01,3.736246048835193623e+00
2.779962805851618146e+00,-1.533737729829993679e+00
4.717512160391845732e+00,-5.159413087203020831e-01
-2.274813056554809698e+00,-1.528061278025238723e+00
1.321807316418112555e+00,3.735485748823607288e+00
-3.732013681451507026e-01,3.933032255843517788e+00
-9.268723699512242398e-01,3.152581269345011705e-02
2.168512188745754354e+00,-1.015602344399054946e+00
2.500162862286156695e+00,4.277040361315807004e+00
-3.022739708168127315e-01,-1.023544122229493869e+00
-2.019354205571135541e+00,-7.823194764459970862e-01
2.458329329628132776e+00,4.275990866977259053e+00
1.086347751136590878e+00,2.940567840002664024e+00
2.783136259083585973e+00,-1.686822213377566548e+00
4.871844924287193734e+00,4.676182596343824827e+00
3.647562102608057799e+00,4.277129960599828529e+00
-1.086965262874576066e+00,8.296773706709736906e-02
4.379931663102915707e+00,4.550645248071107041e+00
-2.341162126984719372e-01,-1.216825483617388626e+00
3.860745471808821438e+00,-1.818936112193818122e+00
-6.436034792303013674e-01,3.961103907668011015e+00
-2.229579480376431277e-01,-1.218130605989033333e+00
3.497681840892145289e+00,4.278346204533160169e+00
-6.563894482929981677e-01,3.896112986826006708e+00
-7.373804608431258067e-01,3.976769062760300510e+00
2.988736853907651980e+00,4.300979917724613522e+00
1.336968547412302311e+00,3.728465930735699541e+00
-9.247239943534162343e-01,3.473627202925311241e-02
-2.091306535934066346e+00,3.402800072391327202e+00
9.430513776816022986e-01,-1.445667271074578819e+00
1.353643282984962726e+00,4.325181072782838143e+00
-3.734556647162396992e-01,3.914986672304577198e+00
-1.818108230624662092e+00,1.631814118752091369e+00
-5.127587100106776319e-01,-1.299099617835225207e+00
2.447453113139967940e-01,4.384286856801982601e+00
-7.319479298271769352e-01,2.410301334561545605e+00
2.525826105153099022e+00,4.282757305745797716e+00
7.083174313631004360e-01,3.764515820815282687e+00
-1.033991602406309163e+00,4.911220951777338639e-01
-2.087704474624606732e+00,-6.846671087273054068e-01
-2.273956517149877676e-01,-1.343154294597129095e+00
3.756534235838782987e+00,-1.819622339988104187e+00
3.913189085780571563e+00,-1.222390346674202988e+00
1.465267448155738172e-01,4.375706619460578040e+00
-2.665380585982557449e-02,4.385765887523943363e+00
-6.842546869688610478e-01,-1.257439129330571115e+00
8.178856827024223453e-01,-1.278936939839863562e+00
3.624567118639461683e+00,-8.237960362895663247e-01
2.423446034481382405e+00,4.283164156007139844e+00
1.419957530802246959e+00,4.328444850633998087e+00
1.029600046590374296e+00,4.290967542752113673e+00
-9.504416499305250454e-01,9.217498949680595632e-02
-1.265796541172106604e+00,-1.129781050975429829e-01
3.748555291994621896e+00,9.371733686442015321e-01
2.369898451604164347e+00,4.275259723832381731e+00
1.030815336739807409e+00,3.817418583258916254e+00
-1.776339960574348176e+00,3.631134114979214011e+00
-9.491818643959741841e-01,2.479906191586103592e+00
-2.994751850357038059e-01,-1.198278107799117587e+00
-5.442733329316919999e-01,-1.495456210067863667e+00
5.362975904158172824e+00,-1.817071649691451407e+00
-3.636922590692317492e-01,3.773930815464359156e+00
1.025429292546965465e+00,3.831412110312752528e+00
-1.528384995021530912e+00,2.556793530030132544e+00
-1.882633447033184915e+00,-1.092853808409407046e+00
-1.881862503679570864e+00,-1.226373849397818905e+00
8.198966599949211176e-01,-1.266902578075100205e+00
3.653865713390079151e+00,-1.821578723664318389e+00
3.713653931444298451e+00,-1.822431158292292519e+00
-9.025189419579748851e-01,3.524258227940842758e+00
-1.909826312965587469e+00,-6.815276843753241831e-01
1.346482131263948334e+00,-1.872144496846351869e+00
2.395044121590455433e+00,-1.267122024665535251e+00
4.386621439490850705e+00,4.124490163439628709e+00
3.425761367315899975e+00,4.286334159125859244e+00
-8.060848312525781267e-01,2.977450745824719469e+00
-1.784348955115453439e+00,1.730633500083007315e+00
-9.487208652735228398e-01,7.270923693662767473e-01
-5.600841377283445333e-01,-1.557139136555240055e+00
4.385149540323262762e+00,3.862025724127112092e+00
1.253169850704751287e+00,2.629364202086117874e+00
-1.720642611267454214e+00,3.718764368291123112e+00
-1.396616348590876910e+00,3.071726896074066460e+00
-1.627915265504895181e+00,2.710990224561850237e+00
4.375708377918519965e+00,3.959250980743381998e+00
-1.753174218377356652e+00,2.746591769143785555e+00
1.408546867946091075e+00,-1.873021653616090187e+00
2.921562899308082883e+00,-7.726743624710115110e-01
2.605285202119892229e+00,4.291822002512272860e+00
-1.911218297754696316e+00,2.781800116402506795e+00
-1.029045384625215220e+00,5.543414397421924100e-01
-9.436137350362381326e-01,1.272903276084942359e-01
2.705328982840609520e+00,-1.261394713314298643e+00
-1.176127111685989490e+00,3.830780190203298297e+00
3.482856875344920500e+00,-1.822157428284994607e+00
3.536904058955447461e+00,-1.819367983971060143e+00
3.591303641700835492e+00,-1.814907009506377955e+00
-1.988574772174396266e+00,-6.207498016464962909e-01
-1.883033321335709331e+00,-1.001215350047273578e+00
-1.884739894289612749e+00,-1.134851750772208012e+00
2.380422107263404197e+00,3.875205686562896101e+00
-3.883053114736325639e-01,4.340847161543887722e+00
-2.097191923289067006e+00,-6.654023251216629742e-01
-1.884721589000676545e+00,-1.033763896824210216e+00
-1.622961858128300960e+00,-1.235145764181790673e+00
-4.372798603773864201e-01,4.295299872206461700e+00
-8.842852298299956892e-01,3.690809323287818966e+00
5.148255096044509038e+00,-1.821561250522228947e+00
5.291564722584013225e+00,-1.824049265761697125e+00
5.174608633990665396e+00,4.725049328147340688e+00
5.018281302353795326e+00,4.735354492667350534e+00
1.927958685293714058e+00,3.749903785236532006e+00
3.432142091584106325e+00,-1.824356933087946775e+00
3.652099770648665977e+00,-7.740629459318532080e-01
4.818902004696913544e+00,4.722539876170454676e+00
5.115419036885642257e+00,4.739297160094696260e+00
4.956075882417478873e+00,4.739306961004364993e+00
4.173851003372659463e+00,6.041390849524200246e-02
4.685813204130056420e+00,4.696712301538828349e+00
1.541151487256631869e+00,4.328890474379732289e+00
-1.161255106381842594e+00,1.876012014786683779e-01
-1.880470469209968076e+00,-1.180965793846674661e+00
-3.261239845216006294e-01,-1.000073682979688128e+00
-7.248685342521721253e-01,-1.221022481158933637e+00
4.785577263101901124e+00,4.730887886570840806e+00
4.629486912507828400e+00,4.720723467268627793e+00
4.158989582011841435e+00,3.801456622626639081e+00
-1.937193567246544568e+00,2.792967380029272473e+00
3.381394793296573553e+00,4.288150700064237597e+00
-9.822906244713434099e-01,6.750107733493759810e-01
-1.032333021364887582e+00,5.767244233959573085e-01
5.463197259641106029e+00,-1.097093991954587233e+00
1.702576939500755060e-02,4.379964002185418259e+00
-1.548477514342874173e-01,4.380253844419090825e+00
-1.356182906381385500e+00,3.932648547538920347e+00
-7.715360652287230891e-01,3.008371869671162990e+00
-1.279919213004180101e+00,3.077733562661848499e+00
4.174297168605168196e+00,-3.164043214646389268e-03
3.319813401782659934e+00,-1.823999796988249766e+00
1.300922995808001081e+00,-1.874916674113168424e+00
4.828304177518845997e+00,4.740255545688492056e+00
-1.076098180090623302e+00,3.221912708856185525e-01
4.174519919838519222e+00,-1.270672951007026374e-01
4.174221351821148396e+00,1.381466968006020424e-01
-1.267983905259145505e+00,3.031021632397493004e+00
1.460718117827447537e+00,-1.874084361024523249e+00
-1.899322927107922609e-01,4.382183215881510385e+00
1.678125596456109037e+00,-1.871857226308024202e+00
4.173639272779658960e+00,-5.671339767858593617e-02
3.038504158122402377e+00,4.030932465219425609e+00
3.068659909049188173e+00,4.081116456478540933e+00
1.483430712325288559e+00,4.334048822291612701e+00
-2.047263848067288006e+00,3.436528278872080566e+00
-1.631366931604882442e+00,9.057921170019958002e-01
-1.190763842890066204e+00,-5.113475940725520363e-01
-3.461654690427651282e-01,-9.548241431114529165e-01
4.651570143615599839e-01,-1.242223503616030067e+00
1.147396995711423173e+00,-1.273081533145479893e+00
1.586321050706634983e+00,-1.117616603027216771e+00
2.912405429950502445e+00,4.325493259505436505e+00
-2.547128448311997140e-01,4.383134183788421900e+00
-1.780015864622733091e+00,1.427265862181284817e+00
-1.278051794658177087e+00,-5.589364314145807144e-01
3.404050389831532186e+00,-1.823818761848628123e+00
5.073013019561591896e+00,4.727427084261782930e+00
4.751045919421702735e+00,4.704085118080204353e+00
1.427560011992295763e+00,4.333895104324114733e+00
-8.958368171122321755e-02,4.382340936045864943e+00
-1.864324420988891173e+00,1.430187757146479832e+00
-1.221095346593232822e+00,7.499332544571664094e-01
1.836477221764417411e+00,-1.873778854029642726e+00
5.369701377191084646e+00,-1.525397516717318158e+00
3.039759109175939500e+00,3.890582519689716801e+00
1.177571939303332371e-01,4.392236390730769102e+00
-3.676440006130539118e-01,3.863302661462837406e+00
-6.957853451849125292e-01,4.037412506191113692e+00
-7.166203333690583932e-01,2.435255263767306388e+00
-1.618573708201554773e+00,8.710241646408836136e-01
-1.615537397899911021e-01,-1.197244751177100497e+00
-7.262604396760550252e-01,-1.748189485080290817e+00
1.753924244262155874e+00,-1.865233903202040189e+00
1.817181393503487730e+00,-1.866734264616397576e+00
1.877899069654709541e+00,-1.869678885500849708e+00
1.938474941951344066e+00,-1.869750304586944800e+00
3.870877747449397166e+00,-1.614860160395529931e+00
3.867077326575599994e+00,-1.303684285124917963e+00
3.865680794826741984e+00,-1.237481025650519539e+00
1.142628264539115035e+00,2.882620445761222339e+00
4.293376214869712548e+00,4.279918230664655709e+00
3.369252941294532899e+00,4.288670010680104561e+00
2.034188717779987776e-01,4.388042287536365826e+00
2.869113480520413262e-02,4.402446616877020880e+00
-1.885355913854087628e+00,1.691829978646616661e+00
1.658343010167162346e+00,-1.866464170999443395e+00
2.320088818376830009e+00,-1.287613702093005852e+00
3.873393287317633771e+00,-1.747217558416714889e+00
4.171951266279577908e+00,-1.823062079417836490e-01
-1.825907844961204507e+00,3.630190921751267119e+00
-2.123260472689820322e+00,3.445715528311810605e+00
-1.281934904570475542e+00,-1.056487996251093547e-01
-2.067829753601452492e+00,-6.413968609826560252e-01
-7.279408713971329270e-01,-1.633383109122579668e+00
2.348461084674257293e+00,-1.254721498853667017e+00
-3.142358231804913693e-01,4.379652124297947147e+00
-1.077054228022578108e+00,2.613422096553055796e-01
4.336339423043495067e+00,4.365471676001831725e+00
1.191489893586998861e+00,2.821549513963587330e+00
-7.332179691552571654e-01,-1.697592160378316173e+00
5.363483872931649188e+00,-1.632000076740821370e+00
5.363878997249619474e+00,-1.448260107793508000e+00
5.365764375684162424e+00,-1.361182771604612984e+00
-1.002220906367210063e+00,3.514291633799525805e+00
-1.631736646336185981e+00,-1.201130254194670677e+00
5.368437850315034510e+00,-1.424478641282316049e+00
-7.301439029815157689e-01,-1.805085217601003933e+00
1.569286300834130898e+00,-1.119219633914223966e+00
-1.076038954956680893e+00,2.009941493558174974e-01
4.753607155451695654e-01,-1.269380030288959516e+00
-1.075752522437083858e+00,3.612207518987081145e-01
8.274989554364413635e-01,-1.266288755163815338e+00
-1.913836077188603380e+00,9.297231064124141797e-01
2.004636304669926705e+00,-1.871866734694715539e+00
2.061211320341016950e+00,-1.874351019289022702e+00
1.314168351221991049e+00,2.559101484017843209e+00
-1.084820716755864556e+00,7.606791706420475974e-01
-1.954038805396263623e+00,-7.523189245857467844e-01
-1.769458115066690151e+00,-1.243916985952969512e+00
-8.852042149918819547e-01,7.632951479558132413e-02
5.349885249669364740e+00,-1.760921256132421897e+00
-1.563839506015996417e+00,3.679021329445683275e+00
-1.806235364700181645e+00,3.675071703143344415e+00
-1.096879334515095117e+00,-6.437082435160006166e-02
-2.022470238806352238e+00,-7.161962678924147507e-01
-1.098975087481847357e+00,3.975494583632321888e+00
2.265410857275330425e+00,3.899611955761602466e+00
-8.884745761159402733e-01,3.804494236939548468e+00
-9.781530271346894345e-01,7.335544494646958347e-01
-7.303957744643874150e-01,-1.622751469472980990e+00
2.121234259744638972e+00,3.782348833660296616e+00
-1.884979814502024897e+00,1.742772950555796729e+00
-1.875439031468956852e+00,-1.297709087094384817e+00
2.829394865764484290e+00,4.325756330391430815e+00
4.222997493003322944e+00,-1.536359117198061064e+00
2.780612609942216373e+00,4.332844371910419490e+00
2.302210510562924473e+00,4.284981413582919174e+00
5.446001829719429921e+00,-1.136108715163884453e+00
-1.625126413430830308e+00,3.695178915719613766e+00
-1.444248968462345406e+00,1.606379691482685335e+00
-1.078424748957834023e+00,4.359249673635282041e-01
9.253996016825771775e-01,3.216985298916262170e+00
-1.511217148762932450e+00,3.158840020305894392e+00
-9.753537162259657833e-01,-2.224106575939137354e-02
-1.292352216054928338e+00,2.990671412320480727e+00
-9.780455924827191616e-01,2.595661741162741620e+00
-1.013239987986502832e+00,2.318995876991440497e+00
-8.058494155139874771e-01,2.468543060836714265e+00
-1.576569281090523855e+00,1.351265285022856144e+00
-1.531686073418509597e+00,3.752154838129159842e+00
-1.770856344960741513e+00,3.747520189725082940e+00
-1.902753447031027445e+00,3.401723881999541454e+00
-1.078602702092204435e+00,1.645995939487430726e-01
-3.257271822667218153e-01,-1.208535175506760373e+00
-1.080019771609932899e+00,3.762083591923975345e-01
-1.555312255247520259e+00,-1.430268148651934190e+00
-2.125977598600762963e+00,3.419584046674864819e+00
-2.013445047355566953e+00,1.548896086386331028e+00
-2.099372983994112651e+00,-1.407962750273555663e+00
1.094098679161696008e+00,2.876523670355808804e+00
-1.740233887646815525e+00,3.700677937066279899e+00
1.294429827436132996e+00,4.340789224740670527e+00
-1.458786347398633332e+00,3.111113641266849417e+00
-1.209220384062526854e+00,3.497209380205975826e+00
-1.003805236979391946e+00,3.546790591544572990e+00
-1.274765598295528601e+00,-7.194760387657261891e-02
-1.703548794740935790e+00,9.254320791055977713e-01
-1.172469398294602616e+00,-7.245639714325954883e-02
-8.890856037657024480e-01,3.459330094511237519e+00
-1.286608897144374986e+00,-6.342871964837548671e-02
-2.417788754424337050e-01,4.086618765837216394e+00
3.114813080806633216e+00,3.829682805253037614e+00
7.607076210549297279e-01,-1.264088678987749237e+00
5.061584274192526323e+00,-1.866415154390703046e+00
1.597769589470067420e+00,4.326051196057562720e+00
-1.965637166704494287e+00,1.525252455750276681e+00
1.480560255978123241e+00,-1.872318056850356127e+00
-1.892911079838820676e+00,1.505814533421741430e+00
-1.734295827401778567e+00,-5.737866617093189125e-01
5.017856827524723506e+00,-1.887834284005022401e+00
3.177087657656821662e+00,3.830600558638992403e+00
-2.978366883238998675e-01,-1.333750767028264006e+00
-1.120039366942747083e+00,-3.720246294294207168e-01
-2.040643222016543579e+00,-7.150621875017745266e-01
5.216313455482182171e-01,-9.635352105080314811e-01
2.273155198043413705e+00,4.291904766642541169e+00
7.091364800715225236e-01,3.535449601993803093e+00
-9.752208651727434230e-01,-7.416988113419130391e-02
-7.932853303135605216e-01,2.966389472951939332e+00
-7.301880345339526457e-01,-1.236356977558403569e+00
5.780426059987533449e-01,-1.381355236244487861e+00
1.517690037603585784e+00,3.700790840239990498e+00
-1.705449070490000274e+00,3.738767492305891338e+00
-1.455596587939843367e+00,1.627881893340970887e+00
-1.188570445870344106e+00,1.529666185674992684e-01
-1.841111107016907944e+00,1.774301299539590593e+00
-1.241899832343444476e+00,3.362678021748863433e+00
4.699311785425482668e+00,4.465214044124562243e+00
4.670262586983418451e+00,-5.697070117402425193e-01
-1.301005190093296182e+00,3.538341896486517868e+00
-1.775522785668875780e+00,3.734811158110859619e+00
-8.172943798494194390e-01,2.492345221878611294e+00
-8.832523936658951413e-01,2.252640385098201747e+00
-3.332004715798140282e-01,4.377241805452403156e+00
-1.223743088358305808e+00,3.420560322116337204e+00
-1.896925720737264509e+00,1.573354802221938131e+00
-9.692573422837056363e-01,3.545369786286556302e+00
-1.573170691728706938e+00,-1.260770767652385382e+00
-1.263530145586677200e+00,3.833963125554969320e+00
-1.832037640301289017e+00,2.771778084020923405e+00
-8.242423795759572513e-01,3.398941753479711281e+00
4.220919699827330618e+00,-1.596372159944364988e+00
1.123255154637833542e+00,-1.751020541249366236e+00
2.278326196412021165e+00,3.935859344387508063e+00
-8.954046403913644703e-01,3.012706047054301894e+00
-1.291897135481529624e+00,-5.010625442742656643e-01
2.266280206900213923e+00,3.990160359594548733e+00
-7.373356510977431277e-01,-1.543629766478135545e+00
5.000490834801828655e+00,-1.865502334696091946e+00
3.136241947908916305e+00,3.828338770224277710e+00
2.218439092291885295e+00,3.775582160047159519e+00
-1.738616710314631497e+00,-5.806495305985208688e-01
-5.500424723314174535e-01,-1.872758331310118818e+00
4.953976079531432930e+00,-1.880809891913942211e+00
5.370509875019045865e+00,-1.309495173415077929e+00
-8.500751809508106938e-01,2.967860404084401438e+00
-1.040928712547026347e+00,7.726020924594612094e-01
-2.126125673463779897e+00,-6.653022566679133165e-01
4.952306587088582290e+00,-1.856310059360866127e+00
-9.820808022787894664e-01,-7.716940230801103140e-02
1.124607351302498115e+00,-1.689442265615617389e+00
1.866542857731702920e+00,3.776760920703657654e+00
1.542350727839960189e+00,-1.870338498986401143e+00
4.906576150516814394e+00,-1.885886782697193675e+00
5.511185836688987649e+00,-8.894103064242453449e-01
-3.889408043266735504e-01,-1.003481031656906275e+00
-1.743222995365119043e+00,3.281461763003524101e+00
-1.978804887496411258e+00,1.494935098635459925e+00
-3.852663808964091885e-01,-9.451931316235393510e-01
-2.125038868645467538e+00,-7.168444177722088639e-01
1.029410415547835855e+00,3.058737549000954736e+00
4.711380655894743086e+00,4.320469389158628104e+00
-1.265257982571625472e+00,3.820452720870746166e+00
4.913915850458698387e+00,-1.873637147892488031e+00
-9.595395597114237951e-01,7.801909198460565964e-01
1.383864373936977810e+00,4.142040912263120767e+00
1.301620731754002280e+00,2.581007064949829566e+00
-1.696339017271989213e+00,-1.265602667015187865e+00
-2.009927029108987906e+00,3.542043565660911053e+00
-2.131055622341553324e+00,-7.319881638090972586e-01
-5.253129757657624133e-01,-1.812013052565345284e+00
5.273235236068480880e-01,-9.749591653882943021e-01
-1.438694955068278603e+00,3.173425533146617461e+00
4.219514852749564504e+00,-1.480203377330304271e+00
-1.783331759976785946e+00,-6.638969295346766053e-01
-5.474493479204158852e-01,3.735705344005934680e+00
-1.132622926605711289e+00,3.214755937312725464e+00
-1.952211510291082863e+00,9.059941931206316745e-01
4.865183248928001802e+00,-1.878641803543795508e+00
2.017591485585885192e+00,3.784470877379102038e+00
-3.821809308252288595e-01,-1.189178320959877411e+00
2.137941854000987796e+00,-9.736279814705559588e-01
-1.186779348998589168e+00,-1.263493902917322220e+00
3.623051291988588218e+00,-7.740099308498357145e-01
-1.076373221676054648e+00,5.073242997065620097e-01
-4.765572071760835193e-01,-1.850510330995877473e+00
-5.596820219631504223e-01,3.883211474955254872e+00
-2.318721688306788486e-01,-9.134705665276694475e-01
-7.338781381806276372e-01,-1.831695591821559388e+00
4.700416386465368745e+00,-4.573199996614399354e-01
-1.576302530636171984e+00,3.690951403307235257e+00
-2.019480604358094400e+00,-1.360776406977274755e+00
1.355020640238822960e+00,3.866961516453646830e+00
-1.130068224396665322e-01,-8.219719399616136624e-01
1.122794968864253784e+00,-1.383375924269857560e+00
4.867039875749043176e+00,-1.842019696743750545e+00
-1.974046159793104938e+00,1.800570705997987186e+00
-7.951547389020592327e-01,-1.275928017691768224e+00
-1.987297805912911386e+00,3.219840184036312447e+00
-1.105779304156030207e+00,8.287651185783494467e-01
-4.479193713817433142e-01,-1.847456552398079488e+00
1.582735379375114881e+00,-1.865708888308314162e+00
2.088839338579568938e+00,-1.862232798731855876e+00
-1.246229343519799748e+00,-1.210235788484251840e+00
1.124163046552786316e+00,-1.257518635682157493e+00
1.121421465550921370e+00,-1.347275338870515649e+00
1.114560968391578699e+00,-1.446095389576279144e+00
1.118009834298856253e+00,-1.539916706058918505e+00
5.520676838151105770e+00,-9.886624836459596555e-01
-1.312560872294288750e+00,3.891196192089506845e+00
-9.761843123312230475e-02,-8.522432379184896600e-01
4.800927300138400966e+00,-1.905991031249655299e+00
-2.095229532181121623e+00,3.490578695296925549e+00
-3.713192446638915456e-01,3.815469564130048230e+00
-1.292719469209377525e+00,3.933788225780559866e+00
-1.105761102101657123e+00,-8.942243674657279762e-02
2.318789187539094243e+00,-1.258084419965690426e+00
4.217418828242553985e+00,-1.304263661241837013e+00
4.674161436644160617e+00,4.424460493681542594e+00
-8.301360301154097066e-01,-1.241343395068157385e+00
2.874770566710134201e+00,-7.375100998410633046e-01
3.573973449905213595e+00,-8.197683970793064878e-01
-7.678047586697580584e-01,-1.193259279682028939e+00
-7.351408495187214953e-01,-1.295024485053574592e+00
2.282300947850503192e+00,-2.132726535901900533e+00
1.558592211415221973e+00,-1.133681215546329835e+00
5.522977319797904627e+00,-7.636949098326000218e-01
9.979706416825404602e-01,3.108259325981366672e+00
-1.728052180474894950e+00,8.295864513046866673e-01
-4.711790836288036743e-01,-1.812799748274288358e+00
5.398383061136389216e+00,-1.097785911977058548e+00
4.673077761844983691e+00,-5.138968176514138175e-01
-7.395841642971667795e-01,2.449423564880477411e+00
-1.172309075577600446e+00,1.655408875124065315e-01
-1.250267708663661992e+00,3.914017141295917046e+00
1.122160447541126871e+00,-1.295330554990789418e+00
2.110283408625817536e+00,-9.725477795161798777e-01
-1.677754838777604895e+00,-1.180016745979924897e+00
-3.270695676894170845e-01,-1.134980687025531010e+00
5.521761594523475480e+00,-8.536144748432343832e-01
-1.217998221905223222e+00,3.446417571718199291e+00
-1.246036920753525568e+00,7.664153922528651464e-01
-6.065118279004400037e-01,-1.294280569564940864e+00
1.038509164166822485e+00,-1.326233992199696399e+00
-2.029893402640719380e+00,3.586577550320659835e+00
-9.139598080062869556e-01,2.279418464845662129e+00
5.518658141406413975e+00,-1.066833048682566343e+00
-9.043528632949335844e-01,3.528172796566198866e+00
-1.672772873338395527e+00,3.734918200056330129e+00
-1.339390691596430649e+00,3.307178024053140319e+00
4.323513455691753826e+00,3.471041882572780679e+00
2.032363276590278822e+00,3.777367289555967567e+00
-9.691415826132798728e-01,3.435950742776363143e+00
5.324634028051411505e+00,-1.766914187336099396e+00
5.320622902418747913e+00,-1.650515060530412192e+00
4.340402787248118344e+00,3.458964969691932012e+00
3.027168010595858494e+00,4.311099809108022818e+00
-1.854493617676820083e+00,3.060950918049587965e+00
4.396886141289290784e+00,4.234463052972579966e+00
-1.104107565306935435e+00,3.126839802649730160e+00
-4.711434380755257223e-01,-1.267713658405040800e+00
-4.198222884600362192e-01,-1.836428290863618695e+00
2.671618940568846412e+00,-1.795842592878245547e+00
5.628076171371196423e+00,4.382520988038786314e+00
2.274597170685074055e+00,3.953167355655366144e+00
3.141434006672079171e-01,4.119091751206700458e+00
4.698427334890259210e+00,4.214090104960193095e+00
1.798001489257156083e+00,3.775107023249912430e+00
9.500608714073826011e-01,3.149791130759166613e+00
-1.044673951071708906e+00,-9.837314505018152078e-02
5.398802697916594617e+00,-1.145634249375474978e+00
1.971489507110190553e+00,3.776548940048455538e+00
-4.850965745232040938e-01,-1.234890161344752046e+00
6.146465840726200724e-01,3.741313201504036456e+00
-3.998452132866798792e-01,-1.813966006247014651e+00
1.070209073732488747e+00,-1.300040166904759209e+00
3.073222507129723446e+00,4.019063341055475469e+00
-1.817456348159001145e+00,1.401435705938184118e+00
3.094764582610372461e+00,4.267582378580008218e+00
-3.842087518628303222e-01,4.385589837177630734e+00
-1.356426127784093882e+00,3.043252687540245027e+00
6.434881178174522987e-02,-7.632700671557246519e-01
-1.274030855102564086e+00,-5.829695049580816413e-01
-8.523592880218284762e-01,-1.275367738609711310e+00
4.761618341854414460e+00,-1.895475579720810266e+00
3.572853508552138457e+00,-8.287531107751946458e-01
4.786524857551210488e+00,-1.868330800598357655e+00
-1.181216025341598197e+00,1.974978065392952453e-01
-1.926338652999125323e+00,-1.062249106971815849e+00
-6.290612580094112616e-01,-9.767473811752124258e-01
1.369084224298596553e+00,2.531993574688476301e+00
3.382018211368553295e+00,4.214094037358984579e+00
-1.076574093715234604e+00,3.312255028161489090e+00
-1.624305524833410175e+00,-1.189757017176577669e+00
-1.516923128535129006e+00,2.452402945368850062e+00
-2.035913388599544849e+00,-1.375725528355661975e+00
4.764447516604215949e+00,-1.873192855911208765e+00
2.556814822013309563e+00,3.511364711446828490e+00
-1.927211446694864438e+00,-1.109711559116680402e+00
-1.925495331955826561e+00,-1.014320659819204939e+00
1.024696957357469573e+00,2.938511855100598869e+00
-2.754136681006831289e-01,-1.264391036792952283e+00
-2.051251126421709703e+00,3.563511369877516710e+00
-1.309104860913807844e+00,-5.952830536578239684e-01
-2.087145074881426865e+00,3.198878761622009126e+00
-1.477093668387556846e+00,1.625579785239599673e+00
-2.112308840758991835e+00,8.206860625893588335e-01
2.578143266449048454e+00,-1.824981951208947351e+00
1.551947562297775862e+00,4.174457406578095053e+00
-2.067131123138834070e+00,3.505572000796694621e+00
-1.254221652216809701e+00,-5.189054300994401236e-01
-2.817707533964579625e-01,-1.277022862719450647e+00
2.132484694843833850e+00,-1.873323534894982600e+00
-1.960780257726371989e+00,3.128871344131477716e+00
-7.786955477573913598e-01,2.396367270392703919e+00
-1.236152301973142187e+00,-1.303810529972289967e+00
-3.686314972703046422e-01,-1.862678274980921422e+00
-7.932201535461556041e-01,-1.212185528892891773e+00
4.190529744747103713e+00,-1.655857070672441811e+00
-1.077608752182573237e+00,5.471696800626582036e-01
2.751821485175823145e+00,3.489924550191206176e+00
-1.474539114703838472e+00,3.274635961436536125e+00
4.944017585119580005e-01,-9.197558571744391953e-01
-1.957334144447097302e+00,3.110993130644651661e+00
-3.586448211907575789e-01,-1.786136154052226033e+00
-3.887763163261164223e-01,-9.131532072313488513e-01
4.229939759597010962e+00,-1.663281983507497230e+00
-1.827375835220647282e+00,3.692231451020609789e+00
-1.076597481638523757e+00,3.032007406889483114e+00
2.703099609156214278e+00,3.717910684311097835e+00
1.030776115141506688e+00,-1.900444955815179249e+00
-6.012177026649387912e-01,3.917529454094272001e+00
-1.379461729783284962e+00,3.172440463959882884e+00
-2.126201809309687274e+00,3.099114649009024891e+00
-1.925069241490702243e+00,-1.160768310237253687e+00
-8.581163134623004396e-01,3.403177167495584854e+00
-2.022685214270122600e+00,3.168126210347207206e+00
5.323621798749311296e+00,-1.496428108591914885e+00
4.662834629393977970e+00,-5.773429875652604792e-01
-2.702259454428754815e-01,-1.829359723153875628e+00
4.223800925308899501e+00,-1.684359352389870335e+00
-9.156355345240143606e-01,1.309715695715845674e-01
-2.957073493127406749e-01,-1.872625444938323724e+00
4.091295700950960956e-01,-1.239593080238271749e+00
-1.884031194553001942e+00,8.325009678103238997e-01
3.274912765316943197e+00,-1.824418551243214726e+00
-3.332750176186571878e-01,-1.431663111717013770e+00
4.183831755423520704e+00,-1.735353787310406570e+00
-1.477028112037838792e+00,-1.359354328011600721e+00
3.364328727860016244e+00,-1.824467388031365100e+00
-1.475404593960343291e+00,1.502919090587526707e+00
-1.606316669515931217e+00,-6.933130796446406174e-01
4.218555384875751990e+00,-1.274626378442808683e+00
-1.609118319799978547e+00,-7.286548677603981172e-01
-1.325094329865792897e+00,-1.295144371431574681e+00
4.232907322465297106e+00,-1.714453550147532868e+00
-1.055319497275324814e+00,3.326034639412172034e+00
5.321806422827322081e+00,-1.722322395212901647e+00
5.324245777137440072e+00,-1.597180258612736381e+00
5.291516205694451358e+00,-1.447531221305010884e+00
-1.906198013936105884e+00,3.658247389377319969e+00
4.697523228597233924e+00,-1.895961081428532147e+00
1.114752064980168766e+00,-1.645251279176341619e+00
-2.122698492682077553e+00,7.693666014632385419e-01
-1.326969792360433775e+00,-1.246520557814411401e+00
-4.145557809413022987e-01,-1.403606061766748514e+00
-4.639101876253173273e-01,4.349013142098279161e+00
-9.876213109969254056e-01,3.260846407944854697e+00
-1.256107745245926832e+00,-5.273331957609971310e-01
-1.375063087492654379e+00,-1.364705182605578937e+00
1.211429782477125849e+00,2.843990404815632367e+00
-1.882441901158981246e+00,3.681366912404502312e+00
1.522429664964194407e+00,-1.095195354587674252e+00
-2.125545860414716604e+00,1.780124923322905062e+00
-2.044908534287821045e+00,3.072032031028140153e+00
-9.949937542997226991e-01,7.814652912934997309e-01
3.058021618657479124e+00,4.264402393972041239e+00
-1.076444600640259264e+00,2.547209823713230570e+00
4.710290906710394410e+00,-1.863622465233426340e+00
-1.204968119174695040e+00,-5.968656587941604252e-01
7.623033624325405988e-01,-1.294887502895671894e+00
-9.228401242117572068e-01,2.473339279281240977e+00
-1.625162693874056874e+00,3.662358406950428247e+00
4.669110437255849178e+00,-1.885304772579549981e+00
5.481624126418195964e+00,-1.437830346065241960e+00
4.201596955568160041e+00,-1.775606140035411951e+00
-5.497866756885234629e-01,-1.336105668619642639e+00
4.217034800437859943e-01,-1.482839578628360799e+00
7.713131911143702446e-01,-1.502297408610074880e+00
-1.062533908565310714e+00,7.798304452949240684e-01
-1.395264637725590173e+00,-1.203979361787061775e+00
3.821087957778396937e+00,-1.709958116905130998e+00
3.821309636295314949e+00,-1.520189518459845734e+00
2.149167895704837683e+00,3.162171105033796170e+00
2.087612826827339063e+00,3.135594948555556982e+00
3.823212466212187799e+00,-1.580232218141115474e+00
-2.612393884780805919e-02,-1.691231707724992983e+00
3.821856204603189866e+00,-1.653272105763954336e+00
3.824568094252820405e+00,-1.473966895374948738e+00
-1.309864565726209129e+00,3.856491751115407318e+00
-1.424392542828947228e+00,-1.402595470572856939e+00
-1.575728813535172801e+00,3.759755593468594004e+00
-8.284668509225174837e-01,2.483538460137620252e+00
4.132392843333816401e+00,2.227663785688858145e+00
3.079272861102290371e+00,4.277526678182354658e+00
-1.001063260649112774e+00,3.357885188764787809e+00
-1.879492205021897622e+00,3.749788719718826879e+00
-1.775442338838141954e+00,1.508165945615606462e+00
-1.873928351224416033e+00,3.727759927912256188e+00
-2.072524854445477072e+00,3.013609217967153420e+00
-1.117879517626175545e+00,5.415801888211002613e-03
-1.925657418482975558e+00,3.699602693976035805e+00
-1.068581914110647180e+00,-2.913944887542341267e-02
-1.758230560461905068e+00,-1.285862395043552819e+00
4.642303714346843080e+00,-1.823352589789616118e+00
-6.569692732754983666e-01,-1.188874862311751102e+00
-2.009185269604829571e+00,3.733564164917021699e+00
-1.022614288604932753e+00,2.533866879080393986e+00
4.230098160319867517e+00,-1.749066514047203258e+00
4.173114657803639993e+00,-1.812797986756855995e+00
-1.644054917349556000e+00,2.778060405743185246e+00
2.173680127769215265e+00,-1.763731355692928826e+00
3.820418879882589991e+00,-1.728721055996561340e+00
3.822870521691381196e+00,-1.527591994959356381e+00
-1.078380359378282805e+00,5.778984274597016579e-01
-4.041762303714615534e-01,-1.458501881117819199e+00
4.225516570343973655e+00,-1.776780959590510189e+00
2.279396895592406658e+00,4.035778907238036339e+00
-2.108859920135289112e+00,7.077200320144062529e-01
2.752894289646017789e+00,3.425369567124313619e+00
-1.447656110189209588e+00,-1.408394719806889350e+00
-4.421982095492467124e-01,-1.223619789680234105e+00
4.014603678673764442e+00,-1.495996430893326901e+00
4.671988513447539404e+00,-1.833165846698962875e+00
-1.480987321192710926e+00,1.604019503651954892e+00
-3.199121042676638105e-01,-1.817307651978781191e+00
-1.139759679828897809e+00,2.379540970015109336e-01
2.152926555169636380e+00,-1.790726199570780608e+00
-4.098001114583627036e-01,-1.260250569429375522e+00
-1.949485006579243507e+00,2.921416194141204237e+00
3.810916078699470244e+00,-1.201847834174792018e+00
-1.952065750825830559e+00,3.750400459828476141e+00
-1.182642043798187714e+00,3.196333234444037608e+00
2.854265269994231247e+00,-1.823649120464265971e+00
5.097271700808708061e+00,-1.345927583979635633e+00
-1.367592871411154931e+00,-1.193576622172124457e+00
-1.360744970830857881e+00,-1.338585877286257331e+00
-9.090635964175732830e-01,2.197327012457706452e+00
4.167188394710254151e+00,-1.749474626574143210e+00
-1.217284456392233150e+00,3.150080495355235488e+00
3.855777411392406595e+00,-1.188567337117210077e+00
-9.372065744888380401e-01,2.233809567947775854e+00
-2.081233673455602950e+00,3.767919019273615167e+00
-2.125703618242524406e+00,7.879890279139294407e-01
-1.204213324153555753e+00,-7.477184156358207545e-02
4.882184339670816442e+00,-9.289952713840154974e-01
-2.031130288311707499e+00,3.707574329583999351e+00
-1.667956587283712988e+00,2.763127136736868827e+00
-4.851321736837852505e-01,-1.328939531961485399e+00
4.959533383669777251e+00,-9.029659230519044844e-01
-1.892810245855429230e+00,-1.327276491704547867e+00
4.077527445592761701e+00,-1.658721606439011564e+00
4.951576606183349050e+00,-9.560614997768464018e-01
4.193768307078529212e-01,-1.376696952173103616e+00
2.145189107360535807e+00,3.178212139634344346e+00
4.816230901543470111e+00,-9.580998088077938846e-01
5.007856406029546292e+00,-1.038579002246967420e+00
6.032465255865360199e-01,3.793985199967307320e+00
-2.639081451312637050e-01,-1.786536578615284032e+00
4.176157813511749417e-01,-1.283212678256874906e+00
4.837891456633564680e+00,-9.639425728171673313e-01
7.734924678720456193e-01,-1.439359518800059856e+00
4.169748349198052040e+00,-1.831166677200292359e+00
4.606504443719959596e+00,-1.889565958297760861e+00
4.620329221977391043e+00,-1.870306553042371034e+00
-1.938573172357529018e+00,-1.351632585944064324e+00
7.201615881130827290e-01,3.781722524846242273e+00
-1.263771444280971323e+00,3.153927682440911262e+00
-1.953487996033078211e+00,7.029739394212459747e-01
-1.133495828632446578e+00,-1.616850434899563815e-02
4.175846720388729061e+00,-1.831406199194202555e+00
-2.016124948529252059e+00,-1.256877711915644236e+00
-1.869784253173310873e+00,7.275879448416674444e-01
-1.548905574797502460e+00,-1.394797154622505975e+00
-1.373193913812762013e+00,-1.610146892075970282e+00
5.227008292558687153e+00,-1.299926179209918597e+00
1.903753492013811943e+00,3.777857802699007284e+00
2.078616950915396444e+00,3.120472529838297149e+00
4.165014805521883190e+00,-1.711036636722129689e+00
4.560947782763949299e+00,-1.894695363183020120e+00
5.647031185433112555e+00,3.515581974611122984e+00
-1.526352599092585027e+00,3.788010901260320473e+00
-7.882143625607591630e-01,-1.774816551976991619e+00
-2.067043951226767540e+00,3.768442315799434894e+00
-2.111077270137593942e+00,6.260425727854650457e-01
-1.871278951758061027e+00,-1.492895501360618216e+00
3.668507527687272507e+00,-1.357811519328325778e+00
-7.316174083804516393e-01,-1.457955836814687878e+00
-3.118854616641759669e-01,-1.727636332137956199e+00
-1.757230253794031416e+00,-8.382403179260071724e-01
3.756399948507412656e+00,9.762371063556620765e-01
4.174019607509577234e+00,-1.601144834844056897e+00
-1.060559754350865802e+00,3.055351066467954624e+00
-1.511692893730869791e+00,2.580334130794606828e+00
-1.176956694910855639e+00,-2.220380194090720849e-02
-1.687339867090975609e+00,2.767465077998501055e+00
-1.974427364162806064e+00,-1.179370550628031422e+00
1.277471726840877508e+00,-1.782461249650540980e+00
4.847819367225941534e+00,-1.011310054338407705e+00
-2.080060756930113719e+00,3.781055781153773054e+00
-1.483581771495123824e+00,1.525626964482060144e+00
-2.133117190207410196e+00,7.547206125138768984e-01
-6.734797220582291466e-01,-1.248516456749357406e+00
-3.304723601445695991e-01,-1.388103283958738832e+00
5.249875443140336273e+00,-1.533028252379239564e+00
3.622568842189678673e+00,-1.219766389967048337e+00
-2.130873943441954133e+00,8.582318910218751373e-01
-2.126277352839844426e+00,7.219681477429855665e-01
-2.132409157972673608e+00,8.875714344369605158e-01
-1.076845014581426341e+00,6.329161588157461438e-01
-5.663724974289094938e-01,-8.722049609769928491e-01
4.838163232458096097e+00,-1.030755521627056970e+00
4.180848139691685894e+00,-1.891252397559306297e+00
4.748371702822655749e+00,-1.015590407012716190e+00
-2.104234553753156156e+00,6.196197913957105508e-01
5.316731334368309803e+00,-1.545942166944736851e+00
-1.847222941948766906e+00,-1.532235479555507540e+00
2.865137465557174856e-01,-1.428010942497383029e+00
-1.720076591272605704e-01,-1.804736628800577725e+00
2.316024319029835965e+00,-1.357764817658705825e+00
-1.737330914640853763e+00,-1.186984588368517946e+00
-1.014664520862663455e+00,-1.079052110888964799e+00
-7.887702219506325108e-01,-1.688892985241032596e+00
4.049265104370967094e-01,-1.345730766737683881e+00
4.174797664212663406e+00,-1.670651122959715851e+00
1.321173636477689817e+00,4.380524124421954824e+00
-1.524616451838006537e+00,-1.240506523178938503e+00
-1.928682568304214140e+00,-1.225942865990740982e+00
-1.451041843599545356e+00,-1.284576162269905231e+00
-1.199407770226552206e+00,-5.673489280419405922e-01
4.495094946540731939e+00,-1.751903523831505938e+00
5.274401226923347785e+00,-1.667017156675832057e+00
-7.672562823785455954e-01,3.032041271715905317e+00
2.182673668829143931e+00,-1.767333396668502976e+00
3.810041694428502712e+00,-1.253528839418137197e+00
2.751258810883576711e+00,3.597581568393858120e+00
2.692055922128440582e+00,3.553916417203688116e+00
-2.128957609481709756e+00,1.009321189118133066e+00
2.626668620454119196e+00,3.587448059835677050e+00
-6.213787370708319102e-01,-1.232394707839038928e+00
-1.156851265238385551e-01,-1.831052676818516023e+00
-4.310255122795432214e-01,-1.385631161494000896e+00
4.174039796462893470e+00,-1.551970925183192573e+00
3.805917555479588987e+00,-1.284541857540201892e+00
-2.126912378905697398e+00,9.624464112075299393e-01
-1.208516295370429816e-01,-1.823661277229512878e+00
-2.112477120063080971e+00,5.729463014576764435e-01
2.531782397599409151e+00,-1.819613487137633934e+00
3.224591619826589817e+00,-1.824376322424200891e+00
-1.705066898987656288e+00,-8.515229246150433084e-01
-7.256058631399300296e-01,-1.481662661343137177e+00
4.823624752606509247e+00,-1.019250861088639049e+00
-2.126222633834533138e+00,1.082536588408154810e+00
3.080775308833893167e+00,-1.824677959206526756e+00
1.136316814299682676e-01,4.198133744412789525e+00
-2.138897377958207446e+00,6.740031888030556528e-01
4.161693919986330314e+00,-1.875297982772041960e+00
2.643144935372863102e+00,4.051324229422794687e+00
-2.057833064533691303e+00,3.795244330695775492e+00
-2.023965014110526095e+00,-1.284001506553900551e+00
-7.777090242227648886e-01,-1.796728815656396527e+00
4.113814098727383239e+00,-1.720243407010380476e+00
-5.744602143125003835e-01,-1.149292894255569575e+00
3.089434374239329983e+00,4.199162750736839200e+00
-1.720366658071329269e+00,6.031907982157814763e-01
2.177745186222810769e+00,-1.651331332718119160e+00
-6.579827696410900373e-01,-1.155797840032697144e+00
-2.088417884119214474e+00,3.681321219480224727e+00
-3.891328163316201127e-01,-1.172350928930528502e+00
-2.791198890302939439e-01,-1.704756248444261546e+00
6.512381085252330060e-01,-1.318268892103364065e+00
1.070902164198600737e+00,-1.811624529929416472e+00
2.181330656936805390e+00,-1.866415471279393223e+00
-1.585634771906869744e+00,3.785946299043952301e+00
-2.126045116729342155e+00,5.865359157521915501e-01
7.016697827287199374e-02,-1.580129660484977494e+00
1.411076211905251343e+00,-1.824276827741927454e+00
-2.000051039693496513e+00,-1.221526785573999518e+00
-1.665534981014622051e+00,-7.851315809162922044e-01
-2.171670789642551558e+00,-1.388455203733930166e+00
-9.480922734153027776e-01,-1.284958337599941380e+00
3.163683707595634775e+00,-1.824498669313601606e+00
4.664555296432384424e-01,-9.221512303923684595e-01
-1.342121003443091265e+00,2.538158509772516780e+00
1.072897338457736938e+00,-1.524943691522654188e+00
4.419458066083530312e+00,-1.663770448477337682e+00
5.135884244768842422e+00,4.563234268362698742e+00
2.123664842838229205e+00,3.176851386318948478e+00
-1.090393113137178904e+00,8.053257866694988332e-01
-2.045115462999126610e+00,-1.349422587866201839e+00
-4.737237876743800591e-01,-1.331766321818750543e+00
-1.864123048664190208e-02,-1.767415753790208655e+00
-2.202821158131129664e+00,-1.323518342269663028e+00
4.117585680966921124e+00,-1.868769036516169768e+00
4.168794642048535337e+00,-1.494629078370989239e+00
2.658555273716411094e+00,4.087740092622672350e+00
-2.444295048565665596e-01,-1.719604088986235624e+00
4.445184993988917199e+00,-1.645895051150745747e+00
4.568532693942372269e+00,-1.871845243680975379e+00
-1.938951144405898219e-03,-1.643626565654082494e+00
-3.130863917953057296e-01,4.429630798563514382e+00
-2.158452608773051562e+00,-1.288476867917782487e+00
-2.049330614568552811e+00,3.668061517320712728e+00
-2.125022380393243537e+00,1.246540948148243011e+00
-2.119322772552482359e+00,-1.263208175235011721e+00
-1.432637115146275786e+00,-1.195579669781556165e+00
-5.961672618038220683e-01,-1.083785270055484196e+00
-5.476647358656703268e-01,-1.762775803307727429e+00
2.669039573807215238e+00,3.788578838174556651e+00
-7.552326365550010578e-02,4.427471270138221726e+00
-4.065234421339192217e-01,-1.353902012393994880e+00
1.342564319652954641e+00,-1.721698136714377991e+00
2.684373436584779338e+00,4.076934063310637235e+00
-1.932805113207842762e+00,6.274152040852922774e-01
-2.205568175628947802e+00,-1.336630165510586110e+00
4.516184463333916099e+00,-1.883494637869112420e+00
4.124877328683590250e+00,-1.417892558364166611e-01
-7.333308499539814562e-02,-1.828659024113552745e+00
-2.009779077366226296e+00,3.686404772042810585e+00
-1.898494016958323094e+00,2.907792363873723751e+00
-1.603001646973325478e+00,-7.919760358592637939e-01
2.662274664366310439e+00,3.832357930084512088e+00
3.810621221011511572e+00,-1.338504930407855342e+00
-1.975697001588819113e+00,-1.141368654460319210e+00
1.336232272116452791e+00,-1.753542002883891282e+00
-1.546480270185619510e-01,4.425813364959255480e+00
-1.705489034171075780e+00,2.300530142414041190e+00
-2.129646822159191544e+00,1.131784659304160057e+00
-2.139899587636420186e+00,5.718659417439673209e-01
-1.327221856471618722e+00,-1.174179610721118650e+00
-9.826451934970039659e-01,-1.259663757863802136e+00
-1.125781596182945155e+00,3.941254573931021188e-01
6.749833326565255476e-01,3.776640687888331627e+00
-2.168192773717987354e+00,-1.332709487720255881e+00
1.072640362756168919e+00,-1.612603990158942402e+00
-1.223580628120628067e+00,-1.212962390111308020e+00
-6.505432642865081050e-01,-8.221644911682044476e-01
1.981882662507788107e+00,-1.803740339064271447e+00
1.074697677929299600e+00,-1.666704583142217144e+00
1.787826574653327727e+00,-1.779074394169182893e+00
2.733580791846419444e+00,3.302683834875091318e+00
-2.462750441698591253e-01,4.430254954952866697e+00
-2.128159162234652513e+00,1.197065957294435545e+00
-2.146933722270538247e+00,-1.437250517986129461e+00
-1.863463479628517661e-01,4.426990958491488826e+00
-1.962425819021590190e+00,5.880818419329307822e-01
-2.241903939683185687e+00,-1.832905529912829623e+00
-7.831858544743894868e-01,-1.141223650355572827e+00
2.738292030011675759e+00,3.258866937233428906e+00
1.062458644818870646e+00,-1.753129344716300553e+00
-7.617046062742249823e-01,2.475422151579229180e+00
1.074412544960154481e+00,-1.567774843454813549e+00
5.570766139462801192e+00,2.927224557719461551e+00
-1.073425879251552750e+00,-1.326763213975577393e+00
4.119585322465901811e+00,-4.123488694035315483e-02
4.120470531674421899e+00,5.201132418990273010e-02
4.121673233360695576e+00,1.385751439892481951e-01
-1.978990403411249321e+00,-1.052687954863689601e+00
-9.515588517831456983e-01,-1.219860898875627431e+00
-8.862132411555241340e-01,-1.249994291223036846e+00
-6.000700518694634944e-01,-1.194227188992902589e+00
-1.127107489273726060e+00,3.137317381543329731e-01
-1.546674001137287924e+00,-1.365958415726562736e+00
4.124275593949609409e+00,-1.804762988510389965e+00
-1.908037138571552216e+00,3.138488923081561133e+00
-2.126367759894007836e+00,1.292997109209690354e+00
-1.128324503774264187e+00,3.431252598002692000e-01
-1.237041952445038895e+00,2.742017904206717205e-02
5.597624411698310709e+00,2.851105852751393499e+00
-1.543936880799771760e+00,-1.292690080052617985e+00
4.063489169531175449e+00,-1.670543797686965926e+00
2.687489890298765172e+00,3.596788650365973172e+00
-2.132547893043045040e+00,5.003582776483446182e-01
-7.218637647633183718e-01,-8.476805762677583900e-01
1.068569232589893447e+00,-1.472776268634763852e+00
4.063203128851281321e+00,-1.724781954872403933e+00
1.291406229066407896e+00,-1.742712492436472305e+00
2.725761038874927156e+00,3.418281307305901962e+00
-1.719372664269902096e+00,3.796060778732555541e+00
-2.112174395929429238e+00,3.653013845159972739e+00
1.072129664086362899e+00,-1.411089825338723180e+00
-1.736788261191898997e+00,3.778031681201099001e+00
-5.475333609097332577e-01,-1.000460049139554553e+00
-5.094601544880283939e-03,-1.466751611625794371e+00
1.059896218891828834e+00,-1.695370732616225951e+00
-1.086338712255625616e+00,-1.129731774905273545e+00
-4.819078365742197612e-01,-9.821874111142114838e-01
5.592330763706123697e+00,2.776248802902431922e+00
-1.648065043942913199e+00,3.782240242133194208e+00
-1.000749624242017966e+00,-1.303604810622132737e+00
4.123381940764575759e+00,-7.920795611364184197e-02
5.572189449312472398e+00,2.786110961839133981e+00
1.900664224508061828e+00,-1.761228570093556378e+00
-1.011116104217280043e+00,8.307718803409178676e-01
-1.217668635043887893e+00,3.410944758253697806e-02
5.573525001411567814e+00,2.759649914482230404e+00
-2.119552094539823628e+00,4.629736420030221566e-01
2.706957632765827348e-01,-1.366151804066653597e+00
-4.471242739053216120e-01,-1.773301534297148319e+00
4.123819778768847755e+00,-4.229576857168737547e-03
4.124439769823411872e+00,9.480131995701168712e-02
4.124600849752405374e+00,2.740502353976881356e-01
-6.938549976470254066e-01,-8.040921049167659707e-01
-4.666112689042218875e-01,-9.287492534559820268e-01
-2.124303332281131329e+00,5.111567006093495902e-01
-2.064895642062271275e+00,-1.209942486619758562e+00
3.805215610898322609e+00,-1.396627658647270120e+00
4.124318350817087975e+00,2.909564983780630332e-01
1.966551496944123567e+00,-1.811341463106129535e+00
-7.469229673266002401e-01,-8.183660171652411552e-01
-6.924579103107944000e-01,-1.088861479925215869e+00
1.031901228346945310e-01,-1.497708082104122651e+00
-1.358841157223741103e+00,-1.825359797178105481e-02
5.571244970761538795e+00,2.849905721703503758e+00
-1.077926452006689129e+00,-1.073249413460321877e+00
-7.475584326118953626e-01,-1.147845172659245572e+00
-2.055305136170562985e+00,-1.240611873181511449e+00
2.737744842340462448e+00,3.353823951065596276e+00
-1.649941110642514364e+00,6.063555298291858353e-01
-2.190283267631229602e+00,-1.382708054095421746e+00
2.179398954421214452e+00,-1.878122567071997873e+00
4.514715535875737373e+00,-1.868992668066279839e+00
-1.044744259089237737e+00,3.416988889697722520e+00
-7.773234255819541083e-01,-1.479010300003362088e+00
-1.728857225717234769e+00,-1.112588751345822580e+00
-8.869556191690346481e-01,-1.196095468933593864e+00
4.166825106405196877e+00,-1.299396242761388987e+00
2.802654549208035029e+00,-1.820779184960294783e+00
5.558560480076794263e+00,2.722458495047511917e+00
-9.901307482559191797e-01,-1.328890701956935372e+00
-2.124843633505231200e+00,-1.357400825470997496e+00
-1.252175063424896262e+00,6.784853939889030627e-01
5.571730574659566670e+00,2.671463713986268473e+00
3.931237409847486930e+00,-1.219488316747510126e+00
-2.063478655733818279e+00,-1.285488133304536706e+00
4.082691892279993517e+00,-1.578643803840481308e+00
-1.130255000391619191e+00,3.928585598861784156e+00
-1.977975294190391864e+00,3.577932378223995791e+00
-4.453014248301609967e-01,-9.034407258012648878e-01
3.724305479410183750e+00,9.501740315547388960e-01
-1.804165022663051676e+00,3.775259762641623773e+00
4.054770914572893403e+00,-1.409142955417526322e+00
2.691058872654077394e+00,3.829006855127561337e+00
3.176316629364808186e-01,-1.347798623002403939e+00
1.019367446101102637e-01,-1.564290622634613159e+00
1.863531148195858966e+00,-1.823039031230742735e+00
2.192930837909146113e+00,-1.780105130531554947e+00
-1.137080078520839699e+00,4.538968552696269754e-01
-1.352876894546048980e+00,-2.755358832921350754e-02
-1.335006485477973293e+00,3.147365637681262207e+00
-1.809073276765159832e+00,2.227290419765470819e+00
9.771138086186503813e-02,-1.728626309424678098e+00
4.124525717342375053e+00,7.700829731000879974e-01
1.023501588392824457e+00,-1.336489388459637162e+00
3.561198991017841209e+00,-7.716248816608892724e-01
5.577946266389538721e+00,2.568986971121621998e+00
5.577984856845819017e+00,2.726374077039847243e+00
-1.582224922658821864e+00,2.224328965484150267e+00
-8.524797346625678784e-01,-8.706683124481160441e-01
4.458884764486827024e+00,-1.818184226343123377e+00
5.560571532777183634e+00,2.623780978012303144e+00
-2.121129615826252923e+00,4.081879440013365112e-01
-1.117748345875774429e+00,-1.363573277062404498e+00
-1.797000486156718591e+00,2.303411845505638045e+00
-1.628890692562061648e+00,-1.341327245176549887e+00
-1.148081043605278406e+00,-1.160145257412801278e+00
4.060890304736690659e+00,-1.732335099128277101e+00
2.670503380274098504e+00,3.885622733348884861e+00
7.123168152869525649e-01,-1.337375394133941686e+00
4.121725017806639357e+00,2.214291654908162599e-01
4.123791288426062351e+00,4.059314045840012319e-01
5.567101166333565665e+00,2.572527059143995487e+00
-1.649750241053978606e+00,-1.277817052938473807e+00
-1.251976555035172467e-02,-1.842408946401478342e+00
4.440629237578136213e+00,-1.857178968933745011e+00
4.123095670994624484e+00,3.678848126559897125e-01
4.124801331508062496e+00,6.840066701558902285e-01
4.124211738707001196e+00,8.177864830495980009e-01
-8.833634137255232943e-01,-1.286163881127430297e+00
-1.828867504629520191e+00,2.254385807978215528e+00
-1.127649811760792709e+00,5.158617296541156971e-01
-5.477052177973771308e-01,-1.201550830328646624e+00
-1.983793871326093861e+00,-1.121644369156032051e+00
-1.767057573549274618e+00,-1.353411584986086380e+00
4.468879179388048684e+00,-1.881994169808249184e+00
2.775261046368911355e+00,3.182966456305480030e+00
-2.129402755996774754e+00,4.082886309787903123e-01
-1.619519324786441228e+00,-1.119430612248888623e+00
2.679494056076876962e+00,3.876392836561735056e+00
-2.130131172061275890e+00,1.711380865812721863e+00
-2.128488855291194248e+00,4.370428158645549566e-01
5.575463889521710570e+00,2.505500384451300633e+00
4.124921401645197605e+00,6.746359084340085577e-01
-1.133434491831872837e+00,5.376541396035698916e-01
-1.668567719754221468e+00,-9.059492508922888376e-01
-1.964669225971242827e+00,-1.286329298947967548e+00
5.571996872034986836e+00,2.511929747019229886e+00
1.289352279767381759e-01,3.376848495779793957e+00
-2.122937732759390794e+00,-1.433952116833773882e+00
9.974948573260622453e-01,-1.389517958254682828e+00
3.039130305559487599e+00,-1.823842085193250639e+00
1.916961586136984419e+00,-1.792006288195593378e+00
2.151485863551754640e+00,-1.710004936251156682e+00
-5.100386569966897099e-01,-9.245151132482338774e-01
2.662593215944812020e+00,3.929115323374446689e+00
9.702969849171443339e-01,-1.347885420114099286e+00
3.015599398174350299e+00,-1.823974131243720098e+00
-1.955153967796113612e+00,2.190718592530759512e+00
6.243908596938663180e-01,-1.322560413993135064e+00
2.199371335674666028e+00,-1.713880446668916147e+00
4.124483328240978075e+00,5.686267162938072328e-01
-2.060052296672167493e+00,4.807199062965656911e-01
1.384551425743842934e-01,-1.676949407526898028e+00
1.052552082202660388e+00,3.769840501846367431e+00
-2.129684872273775120e+00,1.657243632578897286e+00
-4.286389071658058825e-01,-1.453355657232571208e+00
-4.630961653535825562e-02,-1.818890109426292589e+00
-2.021855380832990878e+00,3.633841871091363362e+00
-3.889398204533978110e-01,-1.766952332402531134e+00
1.335375641591581175e+00,-1.824884405368842888e+00
4.124930287451505251e+00,1.056068304191460472e+00
5.564192126381161785e+00,2.412218060372357975e+00
1.771084553621715685e-02,-1.799132658761219528e+00
4.073192366010849774e+00,-1.869788938875674322e+00
5.558548231326522426e+00,2.465640699173030637e+00
-1.991798155127338710e+00,-1.024380953774878922e+00
-2.003732407306466179e+00,-1.421495066447259426e+00
-1.020419916571355223e+00,-1.418073938604681672e+00
4.123946453565887182e+00,8.821477013567591285e-01
4.124989700163578021e+00,1.174585787380565183e+00
-7.192776754355145741e-02,-1.523164919584702570e+00
-6.945837607120308732e-02,3.450326052070258331e+00
-5.275859982954633765e-02,-1.596407135976592784e+00
1.127600862768480816e-01,-1.589158575479655777e+00
-1.875905071294610149e+00,2.220606158235193472e+00
-1.034480367732304007e+00,8.285193147568217231e-01
-1.947910273044980212e+00,3.653089173287792590e+00
-2.127792768067655604e+00,1.604027041837086553e+00
-1.419544278190306930e+00,-1.021058785882654085e+00
-1.296924785343692488e+00,-8.207372343934893344e-01
-4.956290244296748249e-01,-1.383831921455825675e+00
4.414920643118565025e+00,-1.799713515648844187e+00
1.955159345335889753e+00,3.830662374367283629e+00
-1.473833806211800823e+00,-9.621170140468637832e-01
-5.345377928938948031e-01,-1.256228298413144540e+00
4.406426532746973379e+00,-1.738544488865955806e+00
2.700805361961721385e+00,4.325826284922047904e+00
2.678458866810482064e+00,3.967162230089816166e+00
3.000797892898909858e-01,3.279765982997064899e+00
-7.190918543452493594e-01,-1.174236192362323017e+00
-7.355756133578150724e-02,-1.629692450508458457e+00
2.737197601007494541e+00,3.569090859785996273e+00
4.124869283984189394e+00,8.731518216074418692e-01
4.123682266966863352e+00,1.220749055742068157e+00
-1.453632219616867172e+00,-1.076190248367825841e+00
4.020704085461789035e+00,-1.775609459212970087e+00
-2.227897723387312734e+00,-1.353298748073448188e+00
-1.420724827664943124e+00,-1.163975277538164210e+00
4.044681769795744231e+00,-1.797700923077336199e+00
4.350941698848803441e+00,-1.669053788616521317e+00
1.073039226584104000e+00,-1.274012748834816744e+00
-1.330843635328269325e+00,-6.063498402994600411e-01
2.781639795054294595e+00,3.111242584201787231e+00
3.210705287775170724e-01,3.260754021172831418e+00
-1.789839089841471775e-02,-1.616250945823027863e+00
4.124557815381724168e+00,5.985730610869413049e-01
-1.954275006781243551e+00,5.203487051391477713e-01
-1.503868855030431551e+00,1.676512033289019321e+00
-1.269835522826296970e+00,3.493300878456737202e+00
-1.291683994699703408e+00,6.826182100938065211e-01
-5.896826892274731335e-01,-1.034063761492240996e+00
1.311108896529544765e-02,-1.533778446535576823e+00
7.587687854424896017e-02,-1.660242602789028243e+00
4.008761540485696884e-01,-1.632690412396913260e+00
-1.487656345562701876e+00,3.195613542147256680e+00
-1.191830785981539353e+00,-8.324806751721531839e-01
-9.002030026326521828e-01,-6.419269630933253090e-01
1.019760902648421119e+00,-1.324778871279729486e+00
-1.529796807907588541e+00,-1.100685720753602936e+00
-8.332398220537866607e-01,-5.617029933696611188e-01
4.384957958089342966e+00,-1.681111101053548662e+00
-2.184004761646352488e+00,5.113582881096230270e-01
-1.128124869759679516e+00,5.969909839680951347e-01
-7.507300171099853259e-01,-5.538084669247669289e-01
1.858041166587012238e+00,-1.762220249307981046e+00
-8.885443249428375267e-01,-1.367114483887172938e+00
-3.969699379465829736e-01,4.436282076845650124e+00
-1.538739828750408378e-01,-1.758768386721913934e+00
3.516225499845404556e-01,-1.303335532119028084e+00
4.123695678953161803e+00,5.178720067114661596e-01
2.017883201009496474e+00,-1.766393344336625759e+00
2.239796643352002015e+00,-1.740484952533795759e+00
-1.178606680889641378e+00,3.879019568533429219e+00
-7.775158290416497309e-01,-1.531343563508215766e+00
3.420429783255412026e-01,-1.373337712532366250e+00
5.523330893822517851e+00,2.466467073800266974e+00
2.223981742764815195e+00,4.286756470084318593e+00
1.981770141142207287e+00,3.418491074548297703e+00
-2.179815047870004907e+00,4.715494962463016027e-01
-8.589032276616412886e-01,-5.246346627330606971e-01
3.519971243483421830e-01,-1.565808481562010801e+00
7.151385505191725223e-01,-1.438506089581878200e+00
2.227956366134594468e+00,4.072967722133190804e+00
5.523796848663010017e+00,2.523500783383632484e+00
5.520876773880321053e+00,2.672267122005564488e+00
-8.053665621937620145e-01,3.046900938355549204e+00
1.074952043365749788e+00,-1.827924426275576941e+00
5.520396972039238292e+00,2.727990140902670113e+00
1.966049055660281208e+00,3.406340122456433139e+00
3.771865511661278703e+00,-1.359997723372683875e+00
2.980629547556923775e+00,4.907334993938430756e+00
-1.674462445319150117e+00,-9.386203830841712836e-01
2.520109566881771901e+00,3.516913691571731171e+00
-1.164785124082796219e+00,-5.908230332769894844e-01
5.523810473088632378e+00,3.153989967980217912e+00
-1.475980688612921199e+00,-9.580273429788230821e-01
5.524303635955566172e+00,2.693757500528661364e+00
-5.971961788359925194e-02,-1.881201216837193435e+00
2.239142603306818913e+00,4.091258451096352111e+00
-2.801892770257166099e-01,-1.875773836691972729e+00
2.233059042059450938e+00,3.018321613139787196e+00
-1.367989959054169979e-01,-1.879614893033546341e+00
-1.592612137320694732e+00,2.472011700096014231e+00
-2.146735431504217306e+00,1.555037424265194757e+00
5.518858505435603412e+00,2.818177991602194510e+00
2.188753294483027467e+00,4.274700220052725541e+00
2.215604613687383484e+00,4.007536492472421941e+00
2.208981631666405487e+00,3.868954750595849479e+00
-2.181622828081667631e+00,1.433320642260885069e+00
-2.189461599554435534e+00,1.291659796635697299e+00
-2.175625005890914121e+00,1.152383906027273808e+00
-2.175556414315827691e+00,1.009494223266020452e+00
-2.190871053754552822e+00,8.611938696539875870e-01
-2.202791914783244653e+00,7.110068903289092912e-01
-2.215048897211925105e+00,5.578289979387600628e-01
-1.186039161603557712e+00,4.964418316181653523e-01
-1.186245735841819471e+00,3.673995537218459617e-01
-1.348346284566274367e+00,-1.238007124445656970e-01
-2.065384717710567752e+00,-1.037983927463973721e+00
3.661999382034597517e-01,-1.591413567880210156e+00
2.988124356497454670e+00,4.420655242052541567e+00
-2.180596530840360536e+00,5.962495230827122850e-01
-2.135875129623837410e+00,3.402546951132014996e-01
-3.595263128233825434e-01,3.515544123588208336e+00
-2.119759079538362290e+00,-1.294361897936928241e+00
5.524853202781468298e+00,2.576174614114593808e+00
2.516648063786700806e+00,3.550073220199599699e+00
2.217268721845221613e+00,4.050406008705893512e+00
2.213135122208579997e+00,3.899342407754400774e+00
1.961033398218990920e+00,3.293649609302357284e+00
7.146291521136838298e-01,-1.567898670277589890e+00
9.404442428567652001e-01,-1.400013012740252361e+00
3.504879245103640351e-01,-1.519797936279935424e+00
5.520463970534365217e+00,2.555206824331134108e+00
2.165600008224750628e+00,4.261941578551688536e+00
-2.182276904786029093e+00,7.388417704822414223e-01
5.524873289767623596e+00,2.935307651576688492e+00
2.211824518019527286e+00,4.129676400393567093e+00
-2.175676001050503405e+00,1.115732799073674286e+00
-1.087919936083250327e-01,-1.880752562144232254e+00
2.207809645750661520e+00,3.941962313930498674e+00
-8.297557287227834699e-01,-1.538281723887147123e+00
2.910464693813431314e+00,3.512649728257496662e+00
-2.175764517545264010e+00,1.614749859103129737e+00
-2.029592020121078644e+00,-1.139425865149173767e+00
-8.481124403336730566e-01,-1.344749574183578655e+00
4.049161160850617946e+00,-1.890495663169483809e+00
4.413996088345349733e+00,-1.900162548878412849e+00
5.519148279774872989e+00,3.108611244239475546e+00
-5.355518397050955670e-01,3.929560902609047002e+00
4.077871725622959076e+00,-1.878877208286211076e+00
5.515789228068442185e+00,2.887139325199590267e+00
2.219979257942497064e+00,4.093294942069599429e+00
-2.175560788445852545e+00,6.586596020987047773e-01
3.609925649660743474e-01,-1.271826987124680119e+00
6.998108244122605015e-01,-1.594011129388662518e+00
1.020141497529939434e+00,-1.732294265294819446e+00
5.465364308524480741e+00,4.229458977940830700e+00
2.245671649399858083e+00,2.922961784838491450e+00
5.507859015267185576e+00,3.024165155565577301e+00
2.689448957919899907e+00,3.523967434459211123e+00
-1.349655618973747639e+00,-9.543895472906727129e-01
-7.845569842228443669e-01,-1.590931358166268517e+00
3.762936776826383500e+00,-1.307821026381551732e+00
2.782311089867632869e+00,3.825033543670082636e+00
-1.854042683473481556e+00,5.214413742971009125e-01
3.180965565711368903e-01,-1.259432376574870727e+00
7.151001759046069495e-01,-1.717322419116220189e+00
1.004201491846893335e+00,-1.670934602006900693e+00
-1.855813641008494663e+00,3.118217831051995237e+00
-2.187410375341573676e+00,7.985559523936764936e-01
-1.278473300653269362e+00,-3.024747278631836345e-01
6.981275036729384098e-01,-1.627846799025799651e+00
1.017920675220005844e+00,-1.775664467403205826e+00
-2.179936593597975758e+00,4.238192611528819320e-01
3.762759898717507490e+00,-1.381150976876477809e+00
5.521442912843603779e+00,2.421229501513327609e+00
-5.293804372366324174e-01,3.994892124734982453e+00
-5.294365266060170327e-01,3.874762456274385869e+00
-8.363237222494985801e-01,-1.580146020544940910e+00
1.024445824121080317e+00,-1.610652435221204826e+00
2.248966907618187516e+00,-1.698693256373463800e+00
3.515811807477872808e+00,-7.993962942865637800e-01
3.684759840791990815e+00,9.119780323350603624e-01
5.798492729716122618e-01,3.030509216850335363e+00
-8.744998532791457002e-01,-9.091385937321621036e-01
3.452918836067517816e-01,-1.630503747557871197e+00
2.267464486261765444e+00,-1.796924970600089377e+00
-2.189924899773354028e+00,-1.444747656544230985e+00
-1.230388546663452320e+00,-4.647781132088573131e-01
1.010085472305585430e+00,-1.851771182174321684e+00
3.667582044171505018e+00,9.221588349603040413e-01
2.786664903241804048e+00,3.649026635340852920e+00
-2.139153576750591146e+00,3.276234234379452825e+00
-2.017875490918373149e+00,1.970207752482930008e+00
-2.194458128361506777e+00,1.409153980238881498e+00
-1.227255549544557400e+00,-3.817318707905990038e-01
1.194422684737705964e-02,-1.700073801089465597e+00
7.356602606235806974e-01,-1.728985773565547390e+00
2.255242510717172522e+00,-1.843585049473453363e+00
4.023984576455257312e+00,-1.914465520240494989e+00
-2.183976400653977024e+00,1.363348768355840068e+00
-2.187813597839491031e+00,1.221189244946866204e+00
-1.775976345283411639e+00,4.778192274934134343e-01
7.223863128581773374e-01,-1.848519562637095159e+00
3.750814688526792562e+00,-1.541626189139144731e+00
4.444994628284253402e+00,-1.925766618999268154e+00
4.576037451879144236e+00,-1.934218153469092982e+00
4.072839494348905021e+00,-1.946211010659930629e-01
-2.148135043296576896e+00,1.505060449663592204e+00
-2.194178024312070541e+00,1.074745527367916287e+00
-2.196743187162144118e+00,9.296846474045985520e-01
3.732126789717308046e+00,-1.499793668632880994e+00
4.568421002153159272e+00,-1.944959721843678491e+00
4.065203179044410753e+00,-5.002968937275831252e-02
4.065287949995336270e+00,8.122487548540169300e-02
4.070815898673417976e+00,1.921720918501836906e-01
4.074886161404279505e+00,4.927015118341384614e-01
5.523312199396289479e+00,2.368189705053162175e+00
-1.116849218237386143e+00,2.385772300336311602e+00
4.113403754742670060e+00,-1.547343053355436204e+00
4.494626708770947943e+00,-1.940542883427449183e+00
4.764868082968606089e+00,-1.964360346701463200e+00
4.899843757248209641e+00,-1.963831654697250961e+00
4.072889894570072222e+00,-1.470735855517091295e-01
2.917870244013808900e+00,3.422411115046019692e+00
-1.965279470792863581e+00,-1.575230013611257363e+00
4.364152013184051881e+00,-1.948796368003064661e+00
4.063890711482104123e+00,7.668612612765635106e-04
4.064038893879688530e+00,1.270069857150684101e-01
4.065788871104277113e+00,2.398493041513352075e-01
4.066563766231616306e+00,4.432343575534281044e-01
4.069133701484524579e+00,5.309071375694582873e-01
4.072862571620873950e+00,6.112292536989656355e-01
4.072490319715461382e+00,6.913317779705536736e-01
4.072686192130123395e+00,7.658228690299715424e-01
4.073184199420639473e+00,8.356325717302679479e-01
2.665862533533151169e+00,3.387049953107375444e+00
7.375270382542700176e-01,-1.685273101246595129e+00
4.626826601480249934e+00,-1.945143039857834655e+00
5.462920523461776590e+00,4.322042165369021305e+00
-9.502595243119813517e-01,2.344770144753085983e+00
-9.482294507782302873e-01,2.136141531866373455e+00
-2.175627863694447939e+00,9.051718384507632109e-01
-1.179495852461365679e+00,2.768798025854231071e-01
-1.325190465602120504e+00,-2.155980054976533999e-01
-2.002802622079427941e+00,-1.525129232960044323e+00
-1.015875063760200980e+00,-9.609985022942644228e-01
-2.149215865998348463e-01,-1.880177019088100199e+00
4.051614603965165706e-01,-1.681373832212010200e+00
1.113207879771640041e+00,-1.889198639814460901e+00
4.700991638672615380e+00,-1.948497585943729238e+00
4.834738295900594451e+00,-1.948995800421709834e+00
5.529324951950520095e+00,2.358758418042387284e+00
-4.758630397733245587e-01,-9.308558839876814872e-01
3.172938753982235127e-01,-1.496408024341880694e+00
6.610988792050362939e-01,-1.621089297689702668e+00
9.992491195052124464e-01,-1.258850092627135542e+00
4.777168574501676090e+00,-1.943188697434614642e+00
2.697217008811178651e+00,3.321147740321845454e+00
1.019538544629780219e+00,-1.554399299932092138e+00
4.100081937470916316e+00,4.690705516654092300e-01
4.240450754200224992e+00,3.455944257850316781e+00
-2.135203933225077400e+00,3.141733198372389069e+00
-1.553375679140596155e+00,1.543000720642726975e+00
-1.527836402517299241e+00,1.423822112829667974e+00
-4.255434946724525602e-01,-9.857916259188836960e-01
6.327864211572786779e-01,-1.368999916860558219e+00
-1.527763760589190056e+00,1.436777036459609747e+00
2.101121337345001727e+00,-1.722103407447455936e+00
-1.929355221908046758e+00,4.193542694447078834e-01
4.940330608698689119e+00,-1.926617897600241935e+00
-1.180644883379272425e+00,4.209483256296329134e-01
4.071768079759295667e+00,6.673528390745468997e-01
4.073241597988573659e+00,8.139145126879436809e-01
4.072533226168231657e+00,8.824335194071801780e-01
4.074768697617797919e+00,9.443922871327155022e-01
-2.031574640137466581e+00,-1.121364023035476443e+00
-1.234541273836602393e+00,-1.109352778863654354e+00
3.159588459046798192e-01,-1.376162376045200642e+00
3.051569334200707750e-01,-1.597387023702520281e+00
4.079244324756512441e+00,-1.953942552514282838e-01
2.676011126778809590e+00,3.436335658342989596e+00
7.207488035183335917e-01,3.032154581102164848e+00
-8.358106514910828011e-01,3.027328141888798729e+00
-1.788156211985461042e-01,-1.701997996185887985e+00
4.375206807044116353e+00,-1.944316431833920333e+00
4.058759566198968827e+00,-1.132046088367739678e-01
4.223872179404995819e+00,3.474202580506079663e+00
-1.132433475642847576e+00,7.881287530301457345e-01
7.303770047610473881e-01,-1.660177768911198726e+00
2.116338333048396247e+00,-1.816746450008521752e+00
-2.119660835435028368e+00,3.616734993323668768e+00
3.722112364178444377e+00,-1.469675113719902892e+00
-2.179967291822149988e+00,3.481396972081325369e-01
4.062478381486080536e+00,7.066776606718327969e-02
4.069186545363194796e+00,2.916138155558989364e-01
-1.179143735500278289e+00,4.631515596807662671e-01
-1.402379274512348672e+00,-4.611427120518429845e-02
3.720684480174221598e+00,-1.480194634176823953e+00
-2.126659462643806453e+00,3.618986863590203384e+00
1.020487165773212856e+00,-1.715367414290960291e+00
4.073680188637034405e+00,-1.598237263771530969e+00
2.743423176076838388e+00,4.083905462677459575e+00
3.724815601737044624e+00,-1.525972667708231700e+00
4.780135310468390131e+00,-1.975616924805043695e+00
4.919513583000645340e+00,-1.979614858646159270e+00
3.741966846120667434e+00,-1.468353596952392426e+00
2.655145077382313090e+00,4.024671321362244925e+00
2.998446468338080706e-01,3.195298254697406470e+00
-1.248851667956302425e+00,4.751867072522397706e-03
-1.151128340907674019e+00,-1.195382562942739035e+00
2.821029184675354795e+00,3.709953475603691153e+00
2.174025503263925962e+00,3.048733321100471905e+00
3.719682230736660600e+00,-1.369671608859045264e+00
5.001382240815582136e+00,-1.932431139489360739e+00
7.237981068746557334e-01,-1.895520935030726495e+00
7.527065286178693526e-01,-1.844203757969094859e+00
2.778742078997365805e+00,4.026986342508459771e+00
7.351144573658019432e-01,-1.792657063326801303e+00
4.976534916328590796e+00,-1.980458208868526970e+00
-1.779713548696002068e+00,-1.680644379353260831e+00
2.846169364799516988e+00,3.604459493626819722e+00
7.146120965950033543e-01,-1.769231064248014462e+00
-6.533100526234973948e-01,3.712799064723651288e+00
3.240614762967268803e-01,-1.298777279389244477e+00
8.792811174455072987e-02,3.309072578722900282e+00
7.224668266982763321e-01,-1.823488290180026006e+00
3.519544996809773618e+00,-8.277655456693917557e-01
4.066099259694912149e+00,3.319933906142202851e-01
3.245706378610311305e-01,-1.529269267793883724e+00
6.718164661577068486e-01,-1.632943723855892149e+00
-2.272121954578145253e+00,-1.601165382398943571e+00
2.492196485777067316e-01,-1.415645608100226660e+00
-1.586403871436148361e+00,2.539924042922394154e+00
-1.190798490473931714e+00,2.676016996780388180e-01
-7.953575407563868715e-01,-1.657434261182583413e+00
3.707217001006433144e+00,-1.709078497787867690e+00
4.938093561763345463e+00,-1.975803079007627971e+00
5.361845858842407608e+00,4.318944198890674713e+00
2.762191918406245339e+00,3.964009524550933250e+00
5.032608312131273465e+00,-1.977636029221896852e+00
3.701818083269636794e-01,-1.682527172512699565e+00
4.015084485895336286e+00,-1.927979261060619898e+00
4.080761707968450835e+00,-1.770374562351318737e+00
-6.756726034998230546e-01,-9.897474423398162635e-01
4.068135185545558308e+00,4.022839555739046169e-01
4.073627399144128525e+00,1.053484222991007524e+00
-2.132126360479321914e+00,3.721102596611583380e+00
2.650110558443586672e+00,3.309868790773350611e+00
4.017213855440543213e+00,-1.851035895074271131e+00
4.122476225358379764e+00,-1.505960457391592566e+00
-7.280178741517064900e-01,-1.023232122400667965e+00
-1.735465681739251309e+00,-9.286786601663168383e-01
2.790515611630404180e+00,3.621435270374648407e+00
-1.740185787466643763e+00,-1.659866103736294285e+00
4.855096348208574497e+00,-1.977920800063438733e+00
4.074364682740905685e+00,1.085962559154727725e+00
4.264077811797186257e+00,3.420138911890478361e+00
-1.939213504386567255e+00,-1.561494993735778269e+00
3.718868345103388151e+00,-1.754463779091722575e+00
5.111335497955376894e+00,-1.990446701917673256e+00
-1.000939081565330291e+00,2.376381448262681495e+00
9.701070816048629197e-01,-2.012812647638488883e+00
5.375797624202379055e+00,4.321738769778050937e+00
2.168517707115698911e+00,-1.308875785399875813e+00
-1.258654805481412176e+00,6.457336544637610753e-01
-2.165759810842678768e+00,3.221721570180511307e-01
4.660846199724714367e+00,-1.080197241689535570e+00
2.790151988340021649e+00,3.979672553116476053e+00
2.927413915193488592e-02,-1.736818947883355335e+00
3.996272705503040257e+00,-1.713466813294402868e+00
4.757391848125182676e+00,-1.977000703055291631e+00
-1.534804137532328472e+00,1.575711326572994064e+00
4.031387923294359688e+00,-1.932196046171469117e+00
5.528219533331150792e+00,2.305249585328120965e+00
-1.662973399625010895e+00,1.574895948984974980e+00
9.743751885719149630e-01,-1.754668835011716777e+00
3.210354307193643564e-01,-1.630181888939041368e+00
5.038972727377542427e+00,-1.819183869359807026e+00
-8.989541577679092121e-01,-5.568875427458159777e-01
-1.864311277942766409e+00,2.983358413454006985e+00
3.722603185201820430e+00,-1.306457923656694220e+00
6.208959494360926090e-01,-1.361353980400895392e+00
3.467405788045881287e+00,-8.487665359140441623e-01
-1.289571095520581689e+00,-6.273734690464873864e-01
-2.180495772544857491e+00,1.241700019130279831e+00
-1.919638557554848912e+00,-1.606699071194453321e+00
2.272760850755326079e+00,-1.881689174778338636e+00
4.637950399698206994e+00,-1.975993484596860306e+00
5.523900110719075940e+00,2.319651728617937003e+00
4.275492441010820599e+00,3.420055558521446937e+00
-2.207667760550056091e+00,-1.482852655306166501e+00
4.784045588433018636e+00,-1.310731000249126144e+00
-1.571270293451188405e+00,2.424254299593957107e+00
-9.973708913680203736e-01,-6.529639332720660327e-01
3.712163445939242301e+00,-1.665436379736475736e+00
2.121089014706834419e+00,-1.733304378145059665e+00
2.866184843497747714e+00,3.735913993140872691e+00
-1.636029565082522730e+00,-1.153692641326150348e+00
-2.130771319796086694e+00,3.372316013233291443e+00
4.691963824598323285e+00,-1.985852187909323163e+00
4.769573716688784160e+00,-1.221940922210758895e+00
2.841694271770481617e+00,3.796773206274591139e+00
-9.712124233720489386e-01,-1.327372215923884102e+00
-1.226895660672151500e-01,-1.698272661720093168e+00
-1.480964198305451340e+00,-1.182864431555692875e+00
4.724110594694984400e+00,-1.170269817131716739e+00
-2.127822303539892879e+00,-1.232286382497458810e+00
-1.080984259364310862e+00,-1.291539118340672143e+00
7.709933369662680391e-01,-1.876334599458131969e+00
3.746519676540040145e+00,-1.684544306883618781e+00
5.197914585441328228e+00,-1.812382946677321360e+00
4.041842976729701498e+00,-2.363341050210197025e-01
-2.114275895641613889e+00,-1.212062992296189634e+00
4.104055109997070794e+00,-1.464669042737992921e+00
4.073249230242540264e+00,1.163512548923365308e+00
4.073965959863184771e+00,1.220811774403649075e+00
4.072807072551269059e+00,1.277472474429438787e+00
2.563270596778820298e+00,3.474706158812449708e+00
4.451535418170529113e-01,-9.798482930432550475e-01
4.718150998193492818e+00,-1.317739503517852739e+00
4.570439713353772859e+00,-1.975003419857067399e+00
5.094487468699496979e+00,-1.638332738609181494e+00
5.261106126855535692e+00,-1.808643701891892608e+00
-1.367354621555213257e+00,-6.751333419363629851e-01
3.725017753993668634e+00,-1.759195981324977343e+00
-1.819079803209457058e+00,5.260094499479190944e-01
4.624479824528758165e+00,-1.981506387022487825e+00
-1.801484152933638061e+00,-9.193624019163926242e-01
5.153193721558427143e+00,-1.981046159141198970e+00
4.133292625766200601e-01,-1.025446840468680065e+00
4.073264757988199314e+00,-1.557920921942568260e+00
-1.937072855013833639e+00,2.403702970055958232e+00
-2.251707714257762838e+00,-1.476440422354381887e+00
-1.983480950198394765e+00,-1.460567793866207165e+00
3.731022628062163893e+00,-1.621135750341650805e+00
-1.327290681620667101e+00,-2.266813846883115602e-01
-2.278454181348565921e+00,-1.373901641705059795e+00
1.316303189895844383e-01,-1.635688406959289853e+00
3.704818152212727700e+00,-1.593665923790521521e+00
-2.272121514528483210e+00,-1.387265035914403644e+00
-1.691068052740015037e+00,-1.306607586115349662e+00
-8.735950780716703612e-01,-1.628830174030273970e+00
-5.955124666342452855e-01,-1.706998447798286023e+00
6.742726372090812603e-01,-1.714351372022018705e+00
5.194725031659784165e+00,-1.988653234134506231e+00
-1.608193739880777073e+00,5.104547979083176035e-01
-2.166078163454547845e+00,-1.506347306785032369e+00
2.152900287623616293e+00,-1.431880300848767718e+00
5.069967674049488338e+00,-1.631539518350463513e+00
1.507027088258321434e-01,3.043019496246590627e+00
-2.104002916747804264e+00,3.204004979680923348e-01
5.266038320336940970e+00,-1.694887789350620455e+00
-1.768642922682127860e+00,-1.025025701046298643e+00
3.524108075115648830e+00,-1.361422080199668372e+00
1.023329658248371743e+00,-1.877713588141207701e+00
-1.581758348434124883e+00,-1.067720009036327689e+00
-1.938753658540702585e+00,3.597563051802962875e+00
-1.327352464993130976e+00,-8.260667571952424737e-01
6.734318256040148221e-01,-1.571126416706804196e+00
-8.781604528562412249e-01,-1.639659813192336113e+00
3.146136476084968603e-01,-1.831087489174820337e+00
4.072976062427201782e+00,1.272103291107428369e+00
4.074672025701939759e+00,1.331016495668908117e+00
-2.119041665272696218e+00,3.693964399921525477e-01
-9.642737375265060251e-01,-8.914081670564515392e-01
3.781948357365800817e-01,-1.787004931716297040e+00
6.488827011102340503e-01,-1.730081048773022268e+00
9.569417410379763567e-01,-1.856482680077132130e+00
3.757400178046657491e+00,-1.649612339302453545e+00
5.237333686810432987e+00,-1.764917029743260812e+00
-2.176257735064065280e+00,3.211697654373129041e-01
-8.460178195594512118e-01,-1.696058799715089549e+00
5.080097958344042652e+00,-1.595325256145069925e+00
-1.551190619894600609e+00,-1.031324996001221184e+00
3.583704721596003395e+00,-1.362552084853160039e+00
5.113742364723086631e+00,-1.699379300510368562e+00
-8.811230893842654233e-01,-1.566701417584801082e+00
1.416965005021530999e-01,-1.566091842137427026e+00
4.371810318923566641e+00,-1.737399004105263600e+00
4.412406710985841141e-01,-9.730702430150630633e-01
1.304284539759428263e-01,3.018379640156690247e+00
5.906561087137562893e-02,-1.821789311910895215e+00
3.539386747544630563e-01,-1.748954337297449868e+00
-1.532109363692583326e+00,-9.233895742924356220e-01
3.666071448057625304e+00,-1.690381633090398683e+00
5.224282447900137072e+00,-1.679122652997310894e+00
4.072690562084057220e+00,1.377336020112330583e+00
4.520216761775140313e+00,-1.976734128710905036e+00
-1.951781846640686879e+00,-1.656331090258454264e+00
-2.073741230250308654e+00,3.844600235884827466e-01
3.115959561412973144e-02,-1.865761086761382082e+00
-2.031865295189282161e+00,-1.581918601320277951e+00
-8.803940079297594146e-01,-1.580103976582345027e+00
3.327295879815621582e-01,-9.917288256468266283e-01
5.522984798403270723e+00,2.259208216027221106e+00
-1.860348160462207190e+00,-1.587710485772496405e+00
5.269534236316355980e+00,-1.588695997409729888e+00
3.980864600254627739e+00,-1.668134731928998526e+00
5.205456185396928781e+00,-1.606591224894614367e+00
5.081053791981112511e+00,-1.468455172378654972e+00
-2.286020733843814767e+00,-1.402004050545840208e+00
3.607085495732835323e+00,-1.566593194347440043e+00
9.521593047257170817e-02,-1.697506686817237487e+00
5.218388100841808708e+00,-1.574178012206944643e+00
-1.281972714728782492e+00,-3.250995747328917496e-01
8.495312148765377103e-02,-1.858271419358159537e+00
3.828020319530156534e-01,-1.761608577802602493e+00
6.679210248845011133e-01,-1.851857311608626322e+00
-1.397325782945326278e+00,-6.585743844699423200e-01
5.235384483840450187e+00,-1.513965360560595830e+00
2.206046301200198734e+00,-1.292008291190398950e+00
-4.315227479518299880e-01,-1.163411402502610770e+00
3.399000150947366627e-01,-1.834111605829094049e+00
3.037179528888498403e-01,-1.678599487619854891e+00
9.046401670907489034e-01,3.035521494993585367e+00
3.049337405618921526e-01,-1.760813756865808433e+00
1.242870705856801816e+00,2.744253989453595999e+00
3.627827272855828067e-01,-9.659436906621503560e-01
-2.179495235721238711e+00,2.648415436824023139e-01
3.277565432750169094e-01,-1.796282515595964746e+00
5.237087290063531242e-01,-2.293966891633715921e+00
4.175313313035926566e-01,-1.843229701596808212e+00
2.581334059499901024e+00,-1.758590506345328208e+00
-2.233818644323746661e+00,-1.452854048769060213e+00
2.122586974786280667e+00,-1.577612376474605060e+00
2.225542294821427625e+00,-1.669454765445886224e+00
3.993816381437997443e+00,-1.586965474979947999e+00
2.566083794093789727e+00,-1.759045483423731238e+00
5.060681981310377608e+00,-1.573706898832518686e+00
-2.171378116333306352e+00,2.620644517972943177e-01
5.015399369383704453e+00,-1.487607833459395401e+00
-5.375720961616974325e-01,-1.052344067531227445e+00
-8.770340240542766619e-01,-1.688900060126040881e+00
-1.720504649593625590e+00,-9.583021823363000458e-01
-8.687286766816089134e-01,-1.750204462713155884e+00
5.263689541869743138e+00,-1.449587504899612966e+00
2.949511567029403203e+00,3.474350282921798261e+00
2.191896306387940196e+00,-1.330023803217481593e+00
1.976593778527921064e+00,3.133474240132551270e+00
3.977512905563362899e+00,-1.456784729552089264e+00
4.073829975344779086e+00,1.517620302900394513e+00
-8.866709361452684846e-01,-1.728098782524511989e+00
2.307744159758127189e-01,-1.640780919932326665e+00
2.203980104649578831e+00,-1.539763087425402688e+00
2.157811082057885521e+00,-1.531779950875093999e+00
-1.550014801652933372e+00,1.632553649829803444e+00
2.148395986841853844e+00,-1.650024324704892020e+00
-1.977356429615387601e+00,-1.614609505551514168e+00
9.721808702013837733e-01,4.299894311655370061e+00
-1.449445436796237274e-02,-1.879834715891070207e+00
4.131705380249224291e-01,-9.845967848224437269e-01
3.724942740882378089e+00,-1.395751201889060766e+00
2.208227395511507929e+00,-1.524746125263471530e+00
-1.119874069934189365e+00,-9.792459439494307638e-01
2.565093957942016889e+00,-1.675815405247879752e+00
4.989200233418305430e+00,-1.531354548991982867e+00
-8.142701729896921758e-01,-1.828804434168741722e+00
2.233173673083095778e+00,-1.300464773099782256e+00
5.313621556504001475e+00,-1.404131152806590954e+00
-1.199386060281129929e+00,-1.063570204690315713e+00
-1.982831471236888410e+00,2.566852762415172684e-01
1.386670021106315431e-01,-1.786803798423135081e+00
2.172690731239995454e+00,-1.624799445839419487e+00
1.400191821775291778e-01,-1.857997907599706622e+00
2.241994912650488558e+00,-1.410138117616982711e+00
-2.160301381178252988e+00,2.138713993402854285e-01
4.074318940934777977e+00,1.542995400182461063e+00
7.817527689028263005e-01,3.238779408694588469e+00
2.314951949695590816e+00,-9.198961566200578588e-01
2.527968716144395778e+00,-1.419756123291266547e+00
-2.070923557041443708e+00,-1.434612800095096841e+00
1.013894021096770404e+00,2.919702000379230888e+00
-1.269421295926941307e+00,-7.578599387182678448e-01
8.729707222245410847e-01,3.138466908942777245e+00
4.541903446356871044e+00,-1.787374751625828484e+00
-1.318293287754100263e+00,-7.060612479225052418e-01
-2.196764842947840357e+00,-1.668888378297090469e+00
2.024872927360168440e-01,-1.619187692649204369e+00
2.071436342452144252e-01,-1.656507365079424421e+00
9.258194702130075893e-01,-1.877089793271398577e+00
-1.613473697995057243e+00,1.402039955200305998e+00
1.754715815202867457e-01,-1.862321581243429947e+00
2.207348751424709210e+00,-1.619695411541836272e+00
2.251694603043162157e+00,-1.338042557047251613e+00
-8.293698272219685030e-01,2.994515695092506480e+00
2.178531786654666735e+00,-1.463388833934662348e+00
-1.137295880001673476e+00,-1.123503212274277629e+00
1.173935788588045481e+00,2.647688006245958903e+00
1.999044004483740755e+00,-1.017513042686981617e+00
2.171735909943964593e+00,-1.499528539138147210e+00
4.023744372085349852e+00,-1.560295485230237311e+00
-2.016993720908260457e+00,3.071594509641546900e+00
5.319076064690817063e+00,-1.360960253452469626e+00
9.292195728748370298e-01,3.076041162677864982e+00
8.794499207336590185e-01,3.203731187634789812e+00
-1.872745065294563194e+00,-1.638415053097777019e+00
1.152004430533122292e-01,3.041331717856505357e+00
1.166396792256241266e-01,-1.809922813026305199e+00
-8.485542931777101394e-01,-1.818059534824945533e+00
2.599920864779033280e+00,-1.637978198556913512e+00
-2.152484170469265212e+00,1.453232931676835538e-01
5.266771016343163581e+00,-1.411472129284796928e+00
1.681380380381712891e+00,4.280729305535857065e+00
4.315671689721800597e-02,-1.875630960917967105e+00
1.995737279227389749e-01,-1.765227336678155456e+00
-1.205891335218083116e+00,-7.008307604031700500e-01
-1.923015982378256661e+00,-1.625322578971442500e+00
1.089062843714337481e+00,4.307849174130186753e+00
2.559026443633627856e+00,-1.634408153821531151e+00
9.700455043048612502e-01,3.017834674927402983e+00
-2.184876646441556769e+00,2.163394299432852552e-01
3.943418206380848723e-01,-1.879024991125671118e+00
5.222435944836013810e+00,-1.447722437437366061e+00
-8.286195746257705164e-01,-1.853984427443890581e+00
-1.814606760003548480e+00,-1.601126740533048931e+00
1.084314615622316680e+00,3.743133927813428130e+00
1.449448398153245776e-01,-1.620088393617700184e+00
3.333111627216050366e+00,-1.927975154883024622e+00
5.131219878867412376e+00,-2.025236485445735202e+00
1.324564975719381366e+00,3.256453493480767847e+00
-1.581968531710157500e+00,1.588534889556808993e+00
3.126808555718647575e-01,-1.809141443999839449e+00
-2.177555460705463020e+00,1.696346103539241312e-01
4.071429271827113894e+00,1.465283821316334167e+00
-1.928743729761813519e+00,1.323818420539564666e+00
2.525979245963695163e+00,-1.571645609989328563e+00
1.849645098561447654e-01,-1.795409025247646895e+00
1.127676574475050542e+00,4.306416991681196293e+00
-1.515152210332874727e+00,-8.892186129244796788e-01
-8.930189052988302123e-01,-1.791450799623979684e+00
2.542994169490859768e+00,-1.610594342798195022e+00
2.296835314881779944e-01,-1.683395751069085566e+00
5.223387593493667325e+00,-1.496152909066724046e+00
9.652129996652081267e-02,2.998429162094302214e+00
2.614435192643192796e+00,-1.696778021862325847e+00
1.970265524145335068e+00,-1.038113932764011427e+00
-1.786333337966744539e+00,3.067802756108209294e+00
5.030866134758542607e+00,-2.027464152229351502e+00
9.216183232787182877e-01,4.297823207656986888e+00
5.530262826070976523e+00,2.259466392818701763e+00
1.041652217680216097e+00,3.698755085785029983e+00
3.710387176947551602e-01,-1.875981325949236389e+00
1.189520304778476811e+00,4.304132828179015213e+00
9.281226078648592281e-01,3.384145960194970382e+00
4.955142018809116422e+00,-2.026156594218970763e+00
5.217003084670286839e+00,-1.660695709997575431e+00
1.040244673906022044e+00,3.544843765592147200e+00
-1.674236830963404365e+00,-1.729279609450280475e+00
2.165997399308627003e+00,-1.359863936403830298e+00
1.043923771894228025e+00,3.501148305142131711e+00
-1.704982986368798636e+00,-1.119780965005846340e+00
2.591047881847692747e+00,-1.568435616064935534e+00
-1.590967096139860315e+00,1.635118932069655973e+00
2.240798269198883474e+00,-1.481603399655530229e+00
4.074393060895888929e+00,1.582762910533618284e+00
-2.168261639945982200e+00,1.143017568405955142e-01
-1.135880480254316094e+00,-1.053547794680020466e+00
-4.997012283370656505e-01,-1.671180040685916079e+00
2.158233515017696114e+00,-1.379632247857846661e+00
2.608358717084612977e+00,-1.575884744546432348e+00
4.073080692569479133e+00,1.683333987759012551e+00
2.235974881273695480e+00,-1.461450581715439068e+00
2.770588240503470967e-01,4.348892990705275352e+00
2.303381108229106689e-01,-2.148922085184506781e+00
-2.189351848373194187e+00,1.247525996291023453e-01
1.001292719867889591e+00,3.208908238183223460e+00
1.029179747221109498e-01,-1.879739681116086913e+00
9.900132553540238467e-01,3.298087694674795678e+00
-1.482538440982075434e+00,-8.296583361628724340e-01
-1.297073719279639548e+00,3.127592722415675208e+00
1.025041205449560566e+00,3.195940144972364116e+00
1.020008083764228690e+00,3.335116760771133393e+00
-2.158731973157038020e+00,7.024848306901176898e-02
1.291144586257860771e-01,-1.738574685378947215e+00
5.246454926642551087e+00,-1.981887409103300079e+00
-1.192172271599928113e+00,-1.095017731959509355e+00
1.036027391401288522e+00,3.345277945697580080e+00
3.551361467496312319e-01,4.343608648332635269e+00
9.923792162418205720e-01,3.244796254129891366e+00
9.985055269599578676e-01,3.171189996660972010e+00
-2.187375311860899174e+00,6.554549961333733243e-02
6.130910954081199016e-01,-1.890922228709452035e+00
9.384412492254148308e-01,3.313914982699976086e+00
-1.550333902680418374e+00,2.911821724465710304e+00
9.405475921978001530e-01,3.335962291830632420e+00
1.614391606845957838e+00,-1.824102555628264177e+00
4.096432579032809329e+00,-2.292814318926454931e-01
1.092867909975079099e+00,3.111939058119248536e+00
-2.070778621001574393e+00,3.538044700570959211e-01
2.536771611433279006e+00,-1.332216296926040933e+00
4.335679582722246295e+00,-1.482119181240068695e+00
-5.333047660218834807e-01,-9.342879185560049038e-01
-4.166919959727883871e-01,-1.648272350969169242e+00
2.551719069234806181e+00,-1.500465961835435902e+00
6.352908115416296964e-01,-1.885012371514246610e+00
-1.665155171650065657e+00,-1.685904061703650036e+00
2.303647329216932382e-01,-1.872179219759267266e+00
3.835349689607961965e-01,4.338776434996847620e+00
4.553524845757888073e+00,-6.307281961637021261e-01
-1.130514842027257716e+00,6.905283490931801715e-01
4.074813177057637681e+00,1.648654357673180471e+00
8.747875091933152714e-01,4.007902639123029687e+00
-2.154530841270282160e+00,3.335890817994791036e-03
-2.050352716728121916e+00,3.022959034467691541e-01
4.571471008379237588e+00,-1.718535289794430820e+00
8.502150739789841039e-01,3.951348710532730735e+00
4.130776106952769311e+00,-3.099339507487517409e-01
2.603076713056123204e+00,-1.472349551617914809e+00
2.871108540739133019e+00,-1.746426851974098859e+00
2.582048451453713866e+00,-1.332261680729623698e+00
8.583670623152264145e-01,4.652946146066623712e+00
-4.311927131173809435e-01,-1.646320791364066505e+00
8.766986834358653224e-01,4.669549800766546355e+00
-1.703379162788160706e+00,1.600373602857950939e+00
-1.516038173456127236e+00,-1.598800214770264461e+00
-2.151441885176855084e+00,-4.794829791253052420e-02
-2.098445342155665916e+00,2.522105935885814443e-01
1.165294746694285788e+00,3.189402347101585988e+00
2.029786713449163837e+00,-1.031932385741397340e+00
4.074547053098262595e+00,2.221853591373092129e+00
1.191206973249612666e+00,3.252682197811116893e+00
2.625353632703277817e+00,-1.649600359268613481e+00
5.103057231055270648e+00,-1.807521820473025009e+00
4.268707463344290076e-01,4.327037600679910945e+00
-1.928661252070689613e+00,-1.677494243267914964e+00
4.573955993924420760e+00,-5.817936001540671143e-01
1.141659009430654681e+00,3.132140120352242540e+00
5.361570232456525531e+00,-1.158751814220397414e+00
1.915966720684809665e-01,-1.876932634138404055e+00
1.013298568767216690e+00,2.837249535838534786e+00
1.508657455939600434e-01,-1.876925802225659634e+00
2.239806043064934471e+00,-1.602064145027013442e+00
5.162632939158307011e+00,-1.570890328230931665e+00
1.412902202280022390e+00,3.705632512784625909e+00
2.924312750539268091e+00,3.463919362076908648e+00
-2.177395593599155799e+00,-4.659402892346342639e-03
1.022813825317950620e+00,2.819759888524246083e+00
9.932804403109720681e-01,2.730555862221093921e+00
4.592152210081307473e+00,-5.581192991555981031e-01
5.447066140489319253e+00,4.007060568213066887e+00
2.961954224937914937e-01,-1.882251364868805510e+00
4.208569690983580358e+00,-3.361567906661941940e-01
-2.131435829345058153e+00,1.471374262193630544e+00
-2.188611772720405746e+00,-4.109129272879608052e-02
2.385524110965706046e-01,-1.877670479954036242e+00
1.744209439451540611e+00,2.767966516368562058e+00
-3.942758228921412478e-01,-1.693913443429538646e+00
2.250163321850386922e+00,-1.540049935033060091e+00
2.625147573163419068e+00,-1.598722429994114957e+00
8.189511193507356124e-01,3.910481966157200784e+00
2.514151230157088968e+00,3.472196733497718846e+00
2.555883958093327024e+00,-1.459662413559206673e+00
4.832546862199325055e-01,4.328574678189196057e+00
1.338043584052702517e+00,3.386578482243471910e+00
3.133357797457716920e+00,-1.925840306817255154e+00
4.086684557517293648e+00,-1.269806568203160957e+00
5.366398752169179609e+00,-2.003352713973550525e+00
1.722599991060823177e+00,2.782101248153761475e+00
-2.182273422456510126e+00,-7.541285586280710440e-02
3.465891778801467815e+00,-8.869908222730564784e-01
2.844931777825474128e+00,-1.714717811214905074e+00
3.557932801893021413e+00,-9.184893035530687921e-01
4.680919815409001927e+00,-1.795898799501164378e+00
1.743324321470940852e+00,2.843539576637530431e+00
4.919842339604650894e-01,4.323635141764750500e+00
-5.002571677614278123e-01,-1.093499021865608212e+00
-2.175109583432424110e+00,-1.592568930778575087e-01
4.389033968840640121e+00,-4.711657234672852468e-01
3.992376424565995841e+00,7.253468701904006721e-01
5.909409459590310165e-01,-1.873678000427369428e+00
4.588324713297528668e+00,-6.540851703233212522e-01
-2.979736849544831756e-01,-1.643339516108425880e+00
4.117117451121541372e+00,-2.944080098425598813e-01
3.029856198807228118e+00,-1.926155525622071929e+00
4.790943708735521334e+00,-1.816764330273554995e+00
5.924169204181845005e-02,2.990280128392654557e+00
4.606773128317488641e+00,-5.118123927848439170e-01
-2.182946390939703996e+00,-1.834475749125294985e-01
-2.162028571063947080e+00,-1.683000509768208808e-01
-1.151751528425688731e+00,-1.591201429565544778e+00
4.591332283004966541e+00,-6.022113757207954166e-01
1.387330505037383421e+00,2.625858619955794282e+00
-2.158764924755105064e+00,-1.940474360289057287e-01
5.271259660357060506e-01,4.327754361063595567e+00
2.216588079230771946e+00,-1.398349434322642137e+00
3.987585326584646594e+00,-1.216121443899314647e+00
1.571962137581458974e+00,2.765422406936179911e+00
3.480289521014654053e+00,-9.025100218998272084e-01
1.621691321420478227e+00,2.791058466102132929e+00
1.630197602090085240e+00,-1.803816037984214748e+00
2.904023883196825917e+00,-1.789341989544984024e+00
5.374151498393392457e-01,4.288470788760884389e+00
3.584363031820266610e+00,-1.931798982403304388e+00
-3.395896669040769922e-01,-1.736611398248331328e+00
-2.173313951745005301e+00,-2.381826330093026467e-01
2.924144345425188529e+00,-1.736531550577309124e+00
3.774736118797917150e+00,-1.273659407740522331e+00
5.309673443021589279e+00,3.887711672534249985e+00
9.677873962805331187e-01,-1.810208941256744586e+00
5.438304758630720492e+00,3.898396933795316599e+00
5.332156973880374240e-01,4.022118326492163831e+00
-7.746918937653078929e-01,-1.877468330235850802e+00
-1.202726882072121750e+00,-1.581676845437972156e+00
4.070624440228053587e+00,-1.467661618551569402e+00
5.393136599526453523e+00,-9.881353348455317320e-01
5.402541214995264518e+00,2.295472002918383936e+00
5.277178343516909287e+00,3.826854037459345825e+00
1.140293692258016023e+00,2.981791226386350413e+00
-1.795169374450753530e+00,-1.631272831985537186e+00
3.989154791135356426e+00,-1.395180250272574307e+00
1.467277303989872550e+00,2.689514421326268501e+00
1.126118026706224962e+00,2.967431417667190097e+00
-1.438330059444063558e+00,-1.578488875783502055e+00
3.484206042432659522e+00,-1.926130459155921182e+00
4.562190755651496232e+00,-5.668796041550987486e-01
2.938389728922123467e+00,-1.707438150664298826e+00
4.763328718114686389e+00,-1.754394487148975612e+00
1.108640826257759615e+00,4.329070494286619386e+00
5.193017792158824086e+00,-2.028502724439940508e+00
9.664589195394539534e-01,2.747152252878393153e+00
1.745341228872773431e+00,-1.757414092727134003e+00
-1.526621661012913744e+00,1.374017184522241086e+00
4.430388197599250510e+00,-4.910360025012627805e-01
5.476790708600080215e+00,-1.486019295632782677e+00
4.372509864096187471e+00,-4.227694118941844881e-01
-2.024262289364965550e+00,3.131185093648911622e-01
5.438279458760123752e+00,2.361051304111909666e+00
5.470487203511254393e+00,-1.041943333686804030e+00
2.426518243706996092e+00,3.964633220968591942e+00
2.456791906029220929e+00,4.013809128893542244e+00
5.366677942667505974e-01,4.065984873432301860e+00
5.377165159685715956e+00,3.816015039793497543e+00
-4.314276094111429982e-01,-1.705068491949080167e+00
4.200938409032556997e+00,-2.890392568663726625e-01
5.351992101290047543e+00,-1.103457906083413542e+00
5.084684207207912365e+00,3.795763132134544193e+00
-4.228672597051255089e-01,-1.280690314711104838e+00
2.998586843433524773e+00,-1.759446786354230907e+00
2.888767404240806691e+00,-1.678360171446635851e+00
5.345960095044040017e+00,2.333912875577000445e+00
5.271377426912017938e+00,3.875849166296825299e+00
3.632978565744310995e+00,-1.058670985165136580e+00
-2.185001671893009423e+00,-2.369170953513075606e-01
1.691425667548496214e+00,2.861877098579200585e+00
4.458576182178877190e+00,-4.736999998276314461e-01
5.422342184572461754e+00,3.895377494613368352e+00
2.969741473601156478e+00,-1.796227980055461915e+00
4.485219231272172813e+00,-5.221433737558813792e-01
5.356725552656854461e+00,-1.036827081895262070e+00
-4.824954548516069419e-01,-1.210314549433712861e+00
1.430898347626761602e+00,2.664742466425481737e+00
3.711640380079925361e+00,-1.120999940496579805e+00
1.637950063010225943e+00,2.782734262245610157e+00
-2.071314120466057229e+00,2.617412689806632997e-01
5.187580994797561296e+00,-9.985895100088864051e-01
4.064115019688762764e+00,-1.223606818329775470e+00
3.212648118042430223e+00,-1.925341556234559048e+00
5.168462129363151192e+00,-1.768661840484759606e+00
4.381917053228359116e+00,3.480107028964214422e+00
5.281836254253779117e+00,-9.404290437081435083e-01
2.436393129000125501e+00,4.042918009246794675e+00
2.626137947720778243e+00,-1.700619287390318535e+00
8.363483355436063249e-02,2.974707943435930257e+00
1.674069044901691949e+00,-1.756963635244596977e+00
4.254888516674819599e+00,-3.196278895442776768e-01
1.693829146254011153e+00,-1.823126018324452646e+00
3.568605693088972242e+00,-1.939408726701568719e+00
4.872040351226625710e+00,-1.821140249391603794e+00
1.174522852582425614e+00,3.539053921491085219e+00
4.345879245824070480e+00,-1.431505041504661291e+00
4.549720675921864910e+00,-4.851706774955137913e-01
5.311905848290287224e+00,3.796474872853683458e+00
4.264936732549073461e+00,-2.693023787540955727e-01
5.334914178905796334e+00,2.269737135758354452e+00
3.936470724263088972e+00,8.158185636862860246e-01
4.131627147380172005e+00,-1.248137631172890893e+00
-2.117264996666617272e+00,2.245196979172012774e-01
2.412188048316843858e+00,4.016214401509158982e+00
6.566874593888004652e-01,-1.803109878413957423e+00
-1.905055239791758837e+00,3.601035155548876432e+00
5.311762445770860097e+00,3.937391076925404576e+00
-3.717763618447099683e-01,-1.674986794357592901e+00
1.722582059603395166e+00,-1.757044213001992317e+00
4.327646263123988923e+00,-1.379152255348136569e+00
5.469851500850086978e+00,2.255800967312401095e+00
4.074373341338570320e+00,1.734736804067836591e+00
1.742837881191133587e+00,-1.815643559076530300e+00
4.024105981117268804e+00,7.783234810711028295e-01
4.434826449076163080e+00,-3.749695824022543089e-01
5.362935536079049825e+00,3.868701021750727165e+00
3.726258950171819073e+00,-9.187735111437993485e-01
4.757912981334482261e+00,-6.338229979241629675e-01
4.394494788849069522e+00,-1.457845846830973402e+00
4.047716259871577904e+00,-1.264782053396759531e+00
5.114978322072546213e+00,3.833866667947248619e+00
4.364553361778193086e+00,-4.549089485150570322e-01
-1.129442797377282925e+00,-1.634129389357956930e+00
4.773937255399290258e+00,-1.807909807526798085e+00
-4.750976943490742288e-01,-1.689911097211801438e+00
3.260006196019668234e+00,-1.925595251794836260e+00
4.780676135520454118e+00,-6.561019424805374367e-01
5.306669620216492689e+00,2.290450011729189050e+00
2.124560640831193670e+00,-1.391868043315633630e+00
1.674937038939342759e+00,2.841523618712340049e+00
4.395253706491557999e+00,-3.376494427026062173e-01
2.965605102551611250e+00,-1.728763139819803785e+00
6.131550539640125974e-01,-1.780822513447813060e+00
5.360268498770264678e+00,-9.671074137183801600e-01
5.403635123013463826e+00,2.354860786344485479e+00
5.133146094233806522e+00,3.839572934072321253e+00
3.969285124717198521e+00,8.388455067718763036e-01
-2.073942076325857808e+00,4.652353009401137829e-01
5.201107825769302195e+00,-9.328469025071013387e-01
4.506545224415185125e+00,-4.677439187431733369e-01
3.984540164431079390e+00,-1.164185490930132127e+00
5.044294644828247520e+00,3.780992189365838474e+00
3.970488608097882288e+00,7.635028963359331566e-01
6.695606178725260760e-02,2.972422952552106423e+00
2.472189235188141154e+00,4.084890030285566631e+00
5.451546962682187747e+00,2.296837965153439853e+00
-3.669837224804644027e-01,-1.703554925274193499e+00
-4.803398579331539242e-01,4.325021992448212060e+00
5.428469860201939667e+00,-1.001120649619519520e+00
1.345577611183128575e+00,2.608842530567129003e+00
1.604181630228391775e+00,2.766884291690908881e+00
4.299878992869836658e+00,-3.418204605267052276e-01
4.374601013011402806e+00,-1.527710209398233099e+00
4.686814268546086737e+00,-1.757200515366206472e+00
5.332213247475880991e+00,3.893179327507056087e+00
4.048115998153632766e+00,-1.524637365193505678e+00
4.535891790956117831e+00,-4.299613779572661887e-01
5.315285589826256540e+00,-1.092360378772245566e+00
1.174528049147030906e+00,3.589303815884548499e+00
4.084315986090381934e+00,-1.197371887845499083e+00
4.791227478732994705e+00,-1.769480699547764546e+00
1.941996926562265635e+00,3.176478348311176703e+00
1.490927560380336470e+00,2.706344419923113254e+00
5.293603138295323696e+00,-9.148765781637033800e-01
5.357931091584628547e+00,2.287580916981998058e+00
1.172126354234656720e+00,3.645917688075451579e+00
-9.199145529051208081e-01,-1.386646764954385658e+00
4.750202009899613387e+00,-1.709719093490685404e+00
5.297394650775903990e+00,-1.030255454862356368e+00
5.234133511231452651e+00,-1.018430631148360854e+00
5.434406823292012412e+00,3.967073102237454130e+00
4.591903239693150063e+00,-4.708493759421956693e-01
1.288718316896313887e+00,3.136333221679274530e+00
4.387028275262850663e+00,-4.219714724030352304e-01
4.719248088446068579e+00,-1.678196870854214984e+00
1.174017027713566197e+00,3.869245235773509428e+00
-1.177708126189783933e+00,1.093809296753971427e-01
5.191254765314633701e+00,3.825054458967475313e+00
4.646510695311826922e+00,-4.705259988552399353e-01
1.174148912146006918e+00,3.772413507433076685e+00
5.170962883339305982e+00,3.810903892704853746e+00
2.967741352000123900e+00,-1.673670222954667386e+00
2.874514066744369156e+00,3.572044079373285719e+00
3.964866730170459874e+00,-1.132027476264089172e+00
-1.965914869181871527e+00,1.518784072125884066e+00
5.227175121986402218e+00,3.873687530853873184e+00
4.489012393090945352e+00,-3.972130375777156441e-01
5.399073674577845594e+00,-9.545993890157127293e-01
4.832478207773681866e+00,-1.739424951140957409e+00
3.988469592615204284e+00,-1.098742991456279183e+00
4.636395459139376563e+00,-1.769057498249671179e+00
3.710136875906759446e+00,-9.113800836521848137e-01
4.343340351349654682e+00,-3.352362568846010138e-01
1.351167470997485243e+00,2.627707461448427928e+00
4.950655680548968540e+00,-1.822616275326207846e+00
1.169561032258277233e+00,3.962744875528056987e+00
2.998982185866497119e+00,-1.705494948379331577e+00
5.203601337164884377e+00,3.812258843253496732e+00
4.517807606303173351e+00,-3.734397276127150445e-01
