time,x,y,yaw,cov_prop,K_gain,innovation,v_ekf,omega_ekf
1787133554.949049,1.5711279532149316,-1.722055632546371,0.9763318936662513,"[ 3.42768626e-06  2.59293380e-08  0.00000000e+00  0.00000000e+00
  0.00000000e+00 -5.48035009e-08  2.59293380e-08  3.40129086e-06
  0.00000000e+00  0.00000000e+00  0.00000000e+00  2.70517660e-07
  0.00000000e+00  0.00000000e+00  0.00000000e+00  0.00000000e+00
  0.00000000e+00  0.00000000e+00  0.00000000e+00  0.00000000e+00
  0.00000000e+00  0.00000000e+00  0.00000000e+00  0.00000000e+00
  0.00000000e+00  0.00000000e+00  0.00000000e+00  0.00000000e+00
  0.00000000e+00  0.00000000e+00 -5.48035009e-08  2.70517660e-07
  0.00000000e+00  0.00000000e+00  0.00000000e+00  1.58426662e-06]","[[-0.00690625  0.00173014]
 [-0.00513783 -0.00295852]]",[],0.0,0.0
1787133554.99814,1.5711279532149316,-1.722055632546371,0.9763318936662513,"[ 3.42768626e-06  2.59293380e-08  0.00000000e+00  0.00000000e+00
  0.00000000e+00 -5.48035009e-08  2.59293380e-08  3.40129086e-06
  0.00000000e+00  0.00000000e+00  0.00000000e+00  2.70517660e-07
  0.00000000e+00  0.00000000e+00  0.00000000e+00  0.00000000e+00
  0.00000000e+00  0.00000000e+00  0.00000000e+00  0.00000000e+00
  0.00000000e+00  0.00000000e+00  0.00000000e+00  0.00000000e+00
  0.00000000e+00  0.00000000e+00  0.00000000e+00  0.00000000e+00
  0.00000000e+00  0.00000000e+00 -5.48035009e-08  2.70517660e-07
  0.00000000e+00  0.00000000e+00  0.00000000e+00  1.58426662e-06]","[[-0.00690625  0.00173014]
 [-0.00513783 -0.00295852]]",[],0.0,0.0
1787133555.0523984,1.5711279532149316,-1.722055632546371,0.9763318936662513,"[ 3.42768626e-06  2.59293380e-08  0.00000000e+00  0.00000000e+00
  0.00000000e+00 -5.48035009e-08  2.59293380e-08  3.40129086e-06
  0.00000000e+00  0.00000000e+00  0.00000000e+00  2.70517660e-07
  0.00000000e+00  0.00000000e+00  0.00000000e+00  0.00000000e+00
  0.00000000e+00  0.00000000e+00  0.00000000e+00  0.00000000e+00
  0.00000000e+00  0.00000000e+00  0.00000000e+00  0.00000000e+00
  0.00000000e+00  0.00000000e+00  0.00000000e+00  0.00000000e+00
  0.00000000e+00  0.00000000e+00 -5.48035009e-08  2.70517660e-07
  0.00000000e+00  0.00000000e+00  0.00000000e+00  1.58426662e-06]","[[-0.00690625  0.00173014]
 [-0.00513783 -0.00295852]]",[],0.0,0.0
1787133555.1056187,1.5711279532149316,-1.722055632546371,0.9763318936662513,"[ 3.42768626e-06  2.59293380e-08  0.00000000e+00  0.00000000e+00
  0.00000000e+00 -5.48035009e-08  2.59293380e-08  3.40129086e-06
  0.00000000e+00  0.00000000e+00  0.00000000e+00  2.70517660e-07
  0.00000000e+00  0.00000000e+00  0.00000000e+00  0.00000000e+00
  0.00000000e+00  0.00000000e+00  0.00000000e+00  0.00000000e+00
  0.00000000e+00  0.00000000e+00  0.00000000e+00  0.00000000e+00
  0.00000000e+00  0.00000000e+00  0.00000000e+00  0.00000000e+00
  0.00000000e+00  0.00000000e+00 -5.48035009e-08  2.70517660e-07
  0.00000000e+00  0.00000000e+00  0.00000000e+00  1.58426662e-06]","[[-0.00690625  0.00173014]
 [-0.00513783 -0.00295852]]",[],0.0,0.0
1787133555.1573238,1.5711279532149316,-1.722055632546371,0.9763318936662513,"[ 3.42768626e-06  2.59293380e-08  0.00000000e+00  0.00000000e+00
  0.00000000e+00 -5.48035009e-08  2.59293380e-08  3.40129086e-06
  0.00000000e+00  0.00000000e+00  0.00000000e+00  2.70517660e-07
  0.00000000e+00  0.00000000e+00  0.00000000e+00  0.00000000e+00
  0.00000000e+00  0.00000000e+00  0.00000000e+00  0.00000000e+00
  0.00000000e+00  0.00000000e+00  0.00000000e+00  0.00000000e+00
  0.00000000e+00  0.00000000e+00  0.00000000e+00  0.00000000e+00
  0.00000000e+00  0.00000000e+00 -5.48035009e-08  2.70517660e-07
  0.00000000e+00  0.00000000e+00  0.00000000e+00  1.58426662e-06]","[[-0.00690625  0.00173014]
 [-0.00513783 -0.00295852]]",[],0.0,0.0
1787133555.270184,1.5711279532149316,-1.722055632546371,0.9763318936662513,"[ 3.42768626e-06  2.59293380e-08  0.00000000e+00  0.00000000e+00
  0.00000000e+00 -5.48035009e-08  2.59293380e-08  3.40129086e-06
  0.00000000e+00  0.00000000e+00  0.00000000e+00  2.70517660e-07
  0.00000000e+00  0.00000000e+00  0.00000000e+00  0.00000000e+00
  0.00000000e+00  0.00000000e+00  0.00000000e+00  0.00000000e+00
  0.00000000e+00  0.00000000e+00  0.00000000e+00  0.00000000e+00
  0.00000000e+00  0.00000000e+00  0.00000000e+00  0.00000000e+00
  0.00000000e+00  0.00000000e+00 -5.48035009e-08  2.70517660e-07
  0.00000000e+00  0.00000000e+00  0.00000000e+00  1.58426662e-06]","[[-0.00690625  0.00173014]
 [-0.00513783 -0.00295852]]",[],0.0,0.0
1787133555.3030448,1.5711279532149316,-1.722055632546371,0.9763318936662513,"[ 3.42768626e-06  2.59293380e-08  0.00000000e+00  0.00000000e+00
  0.00000000e+00 -5.48035009e-08  2.59293380e-08  3.40129086e-06
  0.00000000e+00  0.00000000e+00  0.00000000e+00  2.70517660e-07
  0.00000000e+00  0.00000000e+00  0.00000000e+00  0.00000000e+00
  0.00000000e+00  0.00000000e+00  0.00000000e+00  0.00000000e+00
  0.00000000e+00  0.00000000e+00  0.00000000e+00  0.00000000e+00
  0.00000000e+00  0.00000000e+00  0.00000000e+00  0.00000000e+00
  0.00000000e+00  0.00000000e+00 -5.48035009e-08  2.70517660e-07
  0.00000000e+00  0.00000000e+00  0.00000000e+00  1.58426662e-06]","[[-0.00690625  0.00173014]
 [-0.00513783 -0.00295852]]",[],0.0,0.0
1787133555.3569913,1.5711279532149316,-1.722055632546371,0.9763318936662513,"[ 3.42768626e-06  2.59293380e-08  0.00000000e+00  0.00000000e+00
  0.00000000e+00 -5.48035009e-08  2.59293380e-08  3.40129086e-06
  0.00000000e+00  0.00000000e+00  0.00000000e+00  2.70517660e-07
  0.00000000e+00  0.00000000e+00  0.00000000e+00  0.00000000e+00
  0.00000000e+00  0.00000000e+00  0.00000000e+00  0.00000000e+00
  0.00000000e+00  0.00000000e+00  0.00000000e+00  0.00000000e+00
  0.00000000e+00  0.00000000e+00  0.00000000e+00  0.00000000e+00
  0.00000000e+00  0.00000000e+00 -5.48035009e-08  2.70517660e-07
  0.00000000e+00  0.00000000e+00  0.00000000e+00  1.58426662e-06]","[[-0.00690625  0.00173014]
 [-0.00513783 -0.00295852]]",[],0.0,0.0
1787133555.4068222,1.5711279532149316,-1.722055632546371,0.9763318936662513,"[ 3.42768626e-06  2.59293380e-08  0.00000000e+00  0.00000000e+00
  0.00000000e+00 -5.48035009e-08  2.59293380e-08  3.40129086e-06
  0.00000000e+00  0.00000000e+00  0.00000000e+00  2.70517660e-07
  0.00000000e+00  0.00000000e+00  0.00000000e+00  0.00000000e+00
  0.00000000e+00  0.00000000e+00  0.00000000e+00  0.00000000e+00
  0.00000000e+00  0.00000000e+00  0.00000000e+00  0.00000000e+00
  0.00000000e+00  0.00000000e+00  0.00000000e+00  0.00000000e+00
  0.00000000e+00  0.00000000e+00 -5.48035009e-08  2.70517660e-07
  0.00000000e+00  0.00000000e+00  0.00000000e+00  1.58426662e-06]","[[-0.00690625  0.00173014]
 [-0.00513783 -0.00295852]]",[],0.0,0.0
1787133555.4486895,1.5711279532149316,-1.722055632546371,0.9763318936662513,"[ 3.42768626e-06  2.59293380e-08  0.00000000e+00  0.00000000e+00
  0.00000000e+00 -5.48035009e-08  2.59293380e-08  3.40129086e-06
  0.00000000e+00  0.00000000e+00  0.00000000e+00  2.70517660e-07
  0.00000000e+00  0.00000000e+00  0.00000000e+00  0.00000000e+00
  0.00000000e+00  0.00000000e+00  0.00000000e+00  0.00000000e+00
  0.00000000e+00  0.00000000e+00  0.00000000e+00  0.00000000e+00
  0.00000000e+00  0.00000000e+00  0.00000000e+00  0.00000000e+00
  0.00000000e+00  0.00000000e+00 -5.48035009e-08  2.70517660e-07
  0.00000000e+00  0.00000000e+00  0.00000000e+00  1.58426662e-06]","[[-0.00690625  0.00173014]
 [-0.00513783 -0.00295852]]",[],0.0,0.0
1787133555.4970207,1.5711279532149316,-1.722055632546371,0.9763318936662513,"[ 3.42768626e-06  2.59293380e-08  0.00000000e+00  0.00000000e+00
  0.00000000e+00 -5.48035009e-08  2.59293380e-08  3.40129086e-06
  0.00000000e+00  0.00000000e+00  0.00000000e+00  2.70517660e-07
  0.00000000e+00  0.00000000e+00  0.00000000e+00  0.00000000e+00
  0.00000000e+00  0.00000000e+00  0.00000000e+00  0.00000000e+00
  0.00000000e+00  0.00000000e+00  0.00000000e+00  0.00000000e+00
  0.00000000e+00  0.00000000e+00  0.00000000e+00  0.00000000e+00
  0.00000000e+00  0.00000000e+00 -5.48035009e-08  2.70517660e-07
  0.00000000e+00  0.00000000e+00  0.00000000e+00  1.58426662e-06]","[[-0.00690625  0.00173014]
 [-0.00513783 -0.00295852]]",[],0.0,0.0
1787133555.5581129,1.5711279532149316,-1.722055632546371,0.9763318936662513,"[ 3.42768626e-06  2.59293380e-08  0.00000000e+00  0.00000000e+00
  0.00000000e+00 -5.48035009e-08  2.59293380e-08  3.40129086e-06
  0.00000000e+00  0.00000000e+00  0.00000000e+00  2.70517660e-07
  0.00000000e+00  0.00000000e+00  0.00000000e+00  0.00000000e+00
  0.00000000e+00  0.00000000e+00  0.00000000e+00  0.00000000e+00
  0.00000000e+00  0.00000000e+00  0.00000000e+00  0.00000000e+00
  0.00000000e+00  0.00000000e+00  0.00000000e+00  0.00000000e+00
  0.00000000e+00  0.00000000e+00 -5.48035009e-08  2.70517660e-07
  0.00000000e+00  0.00000000e+00  0.00000000e+00  1.58426662e-06]","[[-0.00690625  0.00173014]
 [-0.00513783 -0.00295852]]",[],0.0,0.0
1787133555.6000395,1.5711279532149316,-1.722055632546371,0.9763318936662513,"[ 3.42768626e-06  2.59293380e-08  0.00000000e+00  0.00000000e+00
  0.00000000e+00 -5.48035009e-08  2.59293380e-08  3.40129086e-06
  0.00000000e+00  0.00000000e+00  0.00000000e+00  2.70517660e-07
  0.00000000e+00  0.00000000e+00  0.00000000e+00  0.00000000e+00
  0.00000000e+00  0.00000000e+00  0.00000000e+00  0.00000000e+00
  0.00000000e+00  0.00000000e+00  0.00000000e+00  0.00000000e+00
  0.00000000e+00  0.00000000e+00  0.00000000e+00  0.00000000e+00
  0.00000000e+00  0.00000000e+00 -5.48035009e-08  2.70517660e-07
  0.00000000e+00  0.00000000e+00  0.00000000e+00  1.58426662e-06]","[[-0.00690625  0.00173014]
 [-0.00513783 -0.00295852]]",[],0.0,0.0
1787133555.6501358,1.5711279532149316,-1.722055632546371,0.9763318936662513,"[ 3.42768626e-06  2.59293380e-08  0.00000000e+00  0.00000000e+00
  0.00000000e+00 -5.48035009e-08  2.59293380e-08  3.40129086e-06
  0.00000000e+00  0.00000000e+00  0.00000000e+00  2.70517660e-07
  0.00000000e+00  0.00000000e+00  0.00000000e+00  0.00000000e+00
  0.00000000e+00  0.00000000e+00  0.00000000e+00  0.00000000e+00
  0.00000000e+00  0.00000000e+00  0.00000000e+00  0.00000000e+00
  0.00000000e+00  0.00000000e+00  0.00000000e+00  0.00000000e+00
  0.00000000e+00  0.00000000e+00 -5.48035009e-08  2.70517660e-07
  0.00000000e+00  0.00000000e+00  0.00000000e+00  1.58426662e-06]","[[-0.00690625  0.00173014]
 [-0.00513783 -0.00295852]]",[],0.0,0.0
1787133555.6961825,1.5711279532149316,-1.722055632546371,0.9763318936662513,"[ 3.42768626e-06  2.59293380e-08  0.00000000e+00  0.00000000e+00
  0.00000000e+00 -5.48035009e-08  2.59293380e-08  3.40129086e-06
  0.00000000e+00  0.00000000e+00  0.00000000e+00  2.70517660e-07
  0.00000000e+00  0.00000000e+00  0.00000000e+00  0.00000000e+00
  0.00000000e+00  0.00000000e+00  0.00000000e+00  0.00000000e+00
  0.00000000e+00  0.00000000e+00  0.00000000e+00  0.00000000e+00
  0.00000000e+00  0.00000000e+00  0.00000000e+00  0.00000000e+00
  0.00000000e+00  0.00000000e+00 -5.48035009e-08  2.70517660e-07
  0.00000000e+00  0.00000000e+00  0.00000000e+00  1.58426662e-06]","[[-0.00690625  0.00173014]
 [-0.00513783 -0.00295852]]",[],0.0,0.0
1787133555.7489824,1.5311904766230806,-1.7345844282006098,1.0121256123375861,"[ 1.77233491e-06  7.02988733e-08  0.00000000e+00  0.00000000e+00
  0.00000000e+00 -1.02317664e-07  7.02988733e-08  1.80376853e-06
  0.00000000e+00  0.00000000e+00  0.00000000e+00  1.49785602e-07
  0.00000000e+00  0.00000000e+00  0.00000000e+00  0.00000000e+00
  0.00000000e+00  0.00000000e+00  0.00000000e+00  0.00000000e+00
  0.00000000e+00  0.00000000e+00  0.00000000e+00  0.00000000e+00
  0.00000000e+00  0.00000000e+00  0.00000000e+00  0.00000000e+00
  0.00000000e+00  0.00000000e+00 -1.02317664e-07  1.49785602e-07
  0.00000000e+00  0.00000000e+00  0.00000000e+00  1.55794100e-06]","[[-0.0026796   0.00146233]
 [-0.00379871 -0.00126848]]",[],0.0,0.0
1787133555.8628953,1.5311904766230806,-1.7345844282006098,1.0121256123375861,"[ 1.77233491e-06  7.02988733e-08  0.00000000e+00  0.00000000e+00
  0.00000000e+00 -1.02317664e-07  7.02988733e-08  1.80376853e-06
  0.00000000e+00  0.00000000e+00  0.00000000e+00  1.49785602e-07
  0.00000000e+00  0.00000000e+00  0.00000000e+00  0.00000000e+00
  0.00000000e+00  0.00000000e+00  0.00000000e+00  0.00000000e+00
  0.00000000e+00  0.00000000e+00  0.00000000e+00  0.00000000e+00
  0.00000000e+00  0.00000000e+00  0.00000000e+00  0.00000000e+00
  0.00000000e+00  0.00000000e+00 -1.02317664e-07  1.49785602e-07
  0.00000000e+00  0.00000000e+00  0.00000000e+00  1.55794100e-06]","[[-0.0026796   0.00146233]
 [-0.00379871 -0.00126848]]",[],0.0,0.0
1787133555.9032588,1.5311904766230806,-1.7345844282006098,1.0121256123375861,"[ 1.77233491e-06  7.02988733e-08  0.00000000e+00  0.00000000e+00
  0.00000000e+00 -1.02317664e-07  7.02988733e-08  1.80376853e-06
  0.00000000e+00  0.00000000e+00  0.00000000e+00  1.49785602e-07
  0.00000000e+00  0.00000000e+00  0.00000000e+00  0.00000000e+00
  0.00000000e+00  0.00000000e+00  0.00000000e+00  0.00000000e+00
  0.00000000e+00  0.00000000e+00  0.00000000e+00  0.00000000e+00
  0.00000000e+00  0.00000000e+00  0.00000000e+00  0.00000000e+00
  0.00000000e+00  0.00000000e+00 -1.02317664e-07  1.49785602e-07
  0.00000000e+00  0.00000000e+00  0.00000000e+00  1.55794100e-06]","[[-0.0026796   0.00146233]
 [-0.00379871 -0.00126848]]",[],0.0,0.0
1787133555.961321,1.5311904766230806,-1.7345844282006098,1.0121256123375861,"[ 1.77233491e-06  7.02988733e-08  0.00000000e+00  0.00000000e+00
  0.00000000e+00 -1.02317664e-07  7.02988733e-08  1.80376853e-06
  0.00000000e+00  0.00000000e+00  0.00000000e+00  1.49785602e-07
  0.00000000e+00  0.00000000e+00  0.00000000e+00  0.00000000e+00
  0.00000000e+00  0.00000000e+00  0.00000000e+00  0.00000000e+00
  0.00000000e+00  0.00000000e+00  0.00000000e+00  0.00000000e+00
  0.00000000e+00  0.00000000e+00  0.00000000e+00  0.00000000e+00
  0.00000000e+00  0.00000000e+00 -1.02317664e-07  1.49785602e-07
  0.00000000e+00  0.00000000e+00  0.00000000e+00  1.55794100e-06]","[[-0.0026796   0.00146233]
 [-0.00379871 -0.00126848]]",[],0.0,0.0
1787133556.0528905,1.5311904766230806,-1.7345844282006098,1.0121256123375861,"[ 1.77233491e-06  7.02988733e-08  0.00000000e+00  0.00000000e+00
  0.00000000e+00 -1.02317664e-07  7.02988733e-08  1.80376853e-06
  0.00000000e+00  0.00000000e+00  0.00000000e+00  1.49785602e-07
  0.00000000e+00  0.00000000e+00  0.00000000e+00  0.00000000e+00
  0.00000000e+00  0.00000000e+00  0.00000000e+00  0.00000000e+00
  0.00000000e+00  0.00000000e+00  0.00000000e+00  0.00000000e+00
  0.00000000e+00  0.00000000e+00  0.00000000e+00  0.00000000e+00
  0.00000000e+00  0.00000000e+00 -1.02317664e-07  1.49785602e-07
  0.00000000e+00  0.00000000e+00  0.00000000e+00  1.55794100e-06]","[[-0.0026796   0.00146233]
 [-0.00379871 -0.00126848]]",[],0.0,0.0
1787133556.0999484,1.5311904766230806,-1.7345844282006098,1.0121256123375861,"[ 1.77233491e-06  7.02988733e-08  0.00000000e+00  0.00000000e+00
  0.00000000e+00 -1.02317664e-07  7.02988733e-08  1.80376853e-06
  0.00000000e+00  0.00000000e+00  0.00000000e+00  1.49785602e-07
  0.00000000e+00  0.00000000e+00  0.00000000e+00  0.00000000e+00
  0.00000000e+00  0.00000000e+00  0.00000000e+00  0.00000000e+00
  0.00000000e+00  0.00000000e+00  0.00000000e+00  0.00000000e+00
  0.00000000e+00  0.00000000e+00  0.00000000e+00  0.00000000e+00
  0.00000000e+00  0.00000000e+00 -1.02317664e-07  1.49785602e-07
  0.00000000e+00  0.00000000e+00  0.00000000e+00  1.55794100e-06]","[[-0.0026796   0.00146233]
 [-0.00379871 -0.00126848]]",[],0.0,0.0
1787133556.147594,1.5311904766230806,-1.7345844282006098,1.0121256123375861,"[ 1.77233491e-06  7.02988733e-08  0.00000000e+00  0.00000000e+00
  0.00000000e+00 -1.02317664e-07  7.02988733e-08  1.80376853e-06
  0.00000000e+00  0.00000000e+00  0.00000000e+00  1.49785602e-07
  0.00000000e+00  0.00000000e+00  0.00000000e+00  0.00000000e+00
  0.00000000e+00  0.00000000e+00  0.00000000e+00  0.00000000e+00
  0.00000000e+00  0.00000000e+00  0.00000000e+00  0.00000000e+00
  0.00000000e+00  0.00000000e+00  0.00000000e+00  0.00000000e+00
  0.00000000e+00  0.00000000e+00 -1.02317664e-07  1.49785602e-07
  0.00000000e+00  0.00000000e+00  0.00000000e+00  1.55794100e-06]","[[-0.0026796   0.00146233]
 [-0.00379871 -0.00126848]]",[],0.0,0.0
1787133556.4796774,1.5311904766230806,-1.7345844282006098,1.0121256123375861,"[ 1.77233491e-06  7.02988733e-08  0.00000000e+00  0.00000000e+00
  0.00000000e+00 -1.02317664e-07  7.02988733e-08  1.80376853e-06
  0.00000000e+00  0.00000000e+00  0.00000000e+00  1.49785602e-07
  0.00000000e+00  0.00000000e+00  0.00000000e+00  0.00000000e+00
  0.00000000e+00  0.00000000e+00  0.00000000e+00  0.00000000e+00
  0.00000000e+00  0.00000000e+00  0.00000000e+00  0.00000000e+00
  0.00000000e+00  0.00000000e+00  0.00000000e+00  0.00000000e+00
  0.00000000e+00  0.00000000e+00 -1.02317664e-07  1.49785602e-07
  0.00000000e+00  0.00000000e+00  0.00000000e+00  1.55794100e-06]","[[-0.0026796   0.00146233]
 [-0.00379871 -0.00126848]]",[],0.0,0.0
1787133556.7624025,1.5115816282196668,-1.7390263821043614,1.0435426680738775,"[ 1.20209001e-06  8.56838388e-08  0.00000000e+00  0.00000000e+00
  0.00000000e+00 -6.64776252e-08  8.56838388e-08  1.27328547e-06
  0.00000000e+00  0.00000000e+00  0.00000000e+00  1.06166771e-07
  0.00000000e+00  0.00000000e+00  0.00000000e+00  0.00000000e+00
  0.00000000e+00  0.00000000e+00  0.00000000e+00  0.00000000e+00
  0.00000000e+00  0.00000000e+00  0.00000000e+00  0.00000000e+00
  0.00000000e+00  0.00000000e+00  0.00000000e+00  0.00000000e+00
  0.00000000e+00  0.00000000e+00 -6.64776252e-08  1.06166771e-07
  0.00000000e+00  0.00000000e+00  0.00000000e+00  1.52530363e-06]","[[-0.00183212  0.00097364]
 [-0.00277609 -0.00084511]]",[],0.0,0.0
1787133557.193481,1.5115816282196668,-1.7390263821043614,1.0435426680738775,"[ 1.20209001e-06  8.56838388e-08  0.00000000e+00  0.00000000e+00
  0.00000000e+00 -6.64776252e-08  8.56838388e-08  1.27328547e-06
  0.00000000e+00  0.00000000e+00  0.00000000e+00  1.06166771e-07
  0.00000000e+00  0.00000000e+00  0.00000000e+00  0.00000000e+00
  0.00000000e+00  0.00000000e+00  0.00000000e+00  0.00000000e+00
  0.00000000e+00  0.00000000e+00  0.00000000e+00  0.00000000e+00
  0.00000000e+00  0.00000000e+00  0.00000000e+00  0.00000000e+00
  0.00000000e+00  0.00000000e+00 -6.64776252e-08  1.06166771e-07
  0.00000000e+00  0.00000000e+00  0.00000000e+00  1.52530363e-06]","[[-0.00183212  0.00097364]
 [-0.00277609 -0.00084511]]",[],0.0,0.0
1787133557.2072172,1.4950395622390906,-1.745958278572309,1.071086817913283,"[ 9.18439037e-07  9.75451255e-08  0.00000000e+00  0.00000000e+00
  0.00000000e+00 -3.94044128e-08  9.75451255e-08  1.00706389e-06
  0.00000000e+00  0.00000000e+00  0.00000000e+00  8.88405899e-08
  0.00000000e+00  0.00000000e+00  0.00000000e+00  0.00000000e+00
  0.00000000e+00  0.00000000e+00  0.00000000e+00  0.00000000e+00
  0.00000000e+00  0.00000000e+00  0.00000000e+00  0.00000000e+00
  0.00000000e+00  0.00000000e+00  0.00000000e+00  0.00000000e+00
  0.00000000e+00  0.00000000e+00 -3.94044128e-08  8.88405899e-08
  0.00000000e+00  0.00000000e+00  0.00000000e+00  1.48663032e-06]","[[-0.0014494   0.00069393]
 [-0.00224797 -0.00065589]]",[],0.0,0.0
1787133557.4706771,1.4950395622390906,-1.745958278572309,1.071086817913283,"[ 9.18439037e-07  9.75451255e-08  0.00000000e+00  0.00000000e+00
  0.00000000e+00 -3.94044128e-08  9.75451255e-08  1.00706389e-06
  0.00000000e+00  0.00000000e+00  0.00000000e+00  8.88405899e-08
  0.00000000e+00  0.00000000e+00  0.00000000e+00  0.00000000e+00
  0.00000000e+00  0.00000000e+00  0.00000000e+00  0.00000000e+00
  0.00000000e+00  0.00000000e+00  0.00000000e+00  0.00000000e+00
  0.00000000e+00  0.00000000e+00  0.00000000e+00  0.00000000e+00
  0.00000000e+00  0.00000000e+00 -3.94044128e-08  8.88405899e-08
  0.00000000e+00  0.00000000e+00  0.00000000e+00  1.48663032e-06]","[[-0.0014494   0.00069393]
 [-0.00224797 -0.00065589]]",[],0.0,0.0
1787133557.9076133,1.4950395622390906,-1.745958278572309,1.071086817913283,"[ 9.18439037e-07  9.75451255e-08  0.00000000e+00  0.00000000e+00
  0.00000000e+00 -3.94044128e-08  9.75451255e-08  1.00706389e-06
  0.00000000e+00  0.00000000e+00  0.00000000e+00  8.88405899e-08
  0.00000000e+00  0.00000000e+00  0.00000000e+00  0.00000000e+00
  0.00000000e+00  0.00000000e+00  0.00000000e+00  0.00000000e+00
  0.00000000e+00  0.00000000e+00  0.00000000e+00  0.00000000e+00
  0.00000000e+00  0.00000000e+00  0.00000000e+00  0.00000000e+00
  0.00000000e+00  0.00000000e+00 -3.94044128e-08  8.88405899e-08
  0.00000000e+00  0.00000000e+00  0.00000000e+00  1.48663032e-06]","[[-0.0014494   0.00069393]
 [-0.00224797 -0.00065589]]",[],0.0,0.0
1787133557.9784493,1.4835375972011855,-1.7528267820915768,1.0858185777709082,"[ 7.56401387e-07  1.13501306e-07  0.00000000e+00  0.00000000e+00
  0.00000000e+00 -3.15392271e-08  1.13501306e-07  8.63453385e-07
  0.00000000e+00  0.00000000e+00  0.00000000e+00  6.55874097e-08
  0.00000000e+00  0.00000000e+00  0.00000000e+00  0.00000000e+00
  0.00000000e+00  0.00000000e+00  0.00000000e+00  0.00000000e+00
  0.00000000e+00  0.00000000e+00  0.00000000e+00  0.00000000e+00
  0.00000000e+00  0.00000000e+00  0.00000000e+00  0.00000000e+00
  0.00000000e+00  0.00000000e+00 -3.15392271e-08  6.55874097e-08
  0.00000000e+00  0.00000000e+00  0.00000000e+00  1.50187821e-06]","[[-0.00118386  0.00056525]
 [-0.00201539 -0.00046858]]",[],0.0,0.0
1787133558.0023835,1.4835375972011855,-1.7528267820915768,1.0858185777709082,"[ 7.56401387e-07  1.13501306e-07  0.00000000e+00  0.00000000e+00
  0.00000000e+00 -3.15392271e-08  1.13501306e-07  8.63453385e-07
  0.00000000e+00  0.00000000e+00  0.00000000e+00  6.55874097e-08
  0.00000000e+00  0.00000000e+00  0.00000000e+00  0.00000000e+00
  0.00000000e+00  0.00000000e+00  0.00000000e+00  0.00000000e+00
  0.00000000e+00  0.00000000e+00  0.00000000e+00  0.00000000e+00
  0.00000000e+00  0.00000000e+00  0.00000000e+00  0.00000000e+00
  0.00000000e+00  0.00000000e+00 -3.15392271e-08  6.55874097e-08
  0.00000000e+00  0.00000000e+00  0.00000000e+00  1.50187821e-06]","[[-0.00118386  0.00056525]
 [-0.00201539 -0.00046858]]",[],0.0,0.0
1787133558.576188,1.4835375972011855,-1.7528267820915768,1.0858185777709082,"[ 7.56401387e-07  1.13501306e-07  0.00000000e+00  0.00000000e+00
  0.00000000e+00 -3.15392271e-08  1.13501306e-07  8.63453385e-07
  0.00000000e+00  0.00000000e+00  0.00000000e+00  6.55874097e-08
  0.00000000e+00  0.00000000e+00  0.00000000e+00  0.00000000e+00
  0.00000000e+00  0.00000000e+00  0.00000000e+00  0.00000000e+00
  0.00000000e+00  0.00000000e+00  0.00000000e+00  0.00000000e+00
  0.00000000e+00  0.00000000e+00  0.00000000e+00  0.00000000e+00
  0.00000000e+00  0.00000000e+00 -3.15392271e-08  6.55874097e-08
  0.00000000e+00  0.00000000e+00  0.00000000e+00  1.50187821e-06]","[[-0.00118386  0.00056525]
 [-0.00201539 -0.00046858]]",[],0.0,0.0
1787133558.5978105,1.4740635214083155,-1.7574494828445961,1.0937109656628914,"[ 6.44870979e-07  1.22122322e-07  0.00000000e+00  0.00000000e+00
  0.00000000e+00 -2.23635043e-08  1.22122322e-07  7.73763262e-07
  0.00000000e+00  0.00000000e+00  0.00000000e+00  5.93497745e-08
  0.00000000e+00  0.00000000e+00  0.00000000e+00  0.00000000e+00
  0.00000000e+00  0.00000000e+00  0.00000000e+00  0.00000000e+00
  0.00000000e+00  0.00000000e+00  0.00000000e+00  0.00000000e+00
  0.00000000e+00  0.00000000e+00  0.00000000e+00  0.00000000e+00
  0.00000000e+00  0.00000000e+00 -2.23635043e-08  5.93497745e-08
  0.00000000e+00  0.00000000e+00  0.00000000e+00  1.48769295e-06]","[[-0.00106628  0.00045583]
 [-0.00183027 -0.00040845]]",[],0.0,0.0
1787133558.6623213,1.4740635214083155,-1.7574494828445961,1.0937109656628914,"[ 6.44870979e-07  1.22122322e-07  0.00000000e+00  0.00000000e+00
  0.00000000e+00 -2.23635043e-08  1.22122322e-07  7.73763262e-07
  0.00000000e+00  0.00000000e+00  0.00000000e+00  5.93497745e-08
  0.00000000e+00  0.00000000e+00  0.00000000e+00  0.00000000e+00
  0.00000000e+00  0.00000000e+00  0.00000000e+00  0.00000000e+00
  0.00000000e+00  0.00000000e+00  0.00000000e+00  0.00000000e+00
  0.00000000e+00  0.00000000e+00  0.00000000e+00  0.00000000e+00
  0.00000000e+00  0.00000000e+00 -2.23635043e-08  5.93497745e-08
  0.00000000e+00  0.00000000e+00  0.00000000e+00  1.48769295e-06]","[[-0.00106628  0.00045583]
 [-0.00183027 -0.00040845]]",[],0.0,0.0
1787133558.703135,1.4740635214083155,-1.7574494828445961,1.0937109656628914,"[ 6.44870979e-07  1.22122322e-07  0.00000000e+00  0.00000000e+00
  0.00000000e+00 -2.23635043e-08  1.22122322e-07  7.73763262e-07
  0.00000000e+00  0.00000000e+00  0.00000000e+00  5.93497745e-08
  0.00000000e+00  0.00000000e+00  0.00000000e+00  0.00000000e+00
  0.00000000e+00  0.00000000e+00  0.00000000e+00  0.00000000e+00
  0.00000000e+00  0.00000000e+00  0.00000000e+00  0.00000000e+00
  0.00000000e+00  0.00000000e+00  0.00000000e+00  0.00000000e+00
  0.00000000e+00  0.00000000e+00 -2.23635043e-08  5.93497745e-08
  0.00000000e+00  0.00000000e+00  0.00000000e+00  1.48769295e-06]","[[-0.00106628  0.00045583]
 [-0.00183027 -0.00040845]]",[],0.0,0.0
1787133558.7621913,1.4740635214083155,-1.7574494828445961,1.0937109656628914,"[ 6.44870979e-07  1.22122322e-07  0.00000000e+00  0.00000000e+00
  0.00000000e+00 -2.23635043e-08  1.22122322e-07  7.73763262e-07
  0.00000000e+00  0.00000000e+00  0.00000000e+00  5.93497745e-08
  0.00000000e+00  0.00000000e+00  0.00000000e+00  0.00000000e+00
  0.00000000e+00  0.00000000e+00  0.00000000e+00  0.00000000e+00
  0.00000000e+00  0.00000000e+00  0.00000000e+00  0.00000000e+00
  0.00000000e+00  0.00000000e+00  0.00000000e+00  0.00000000e+00
  0.00000000e+00  0.00000000e+00 -2.23635043e-08  5.93497745e-08
  0.00000000e+00  0.00000000e+00  0.00000000e+00  1.48769295e-06]","[[-0.00106628  0.00045583]
 [-0.00183027 -0.00040845]]",[],0.0,0.0
1787133559.3546345,1.4740635214083155,-1.7574494828445961,1.0937109656628914,"[ 6.44870979e-07  1.22122322e-07  0.00000000e+00  0.00000000e+00
  0.00000000e+00 -2.23635043e-08  1.22122322e-07  7.73763262e-07
  0.00000000e+00  0.00000000e+00  0.00000000e+00  5.93497745e-08
  0.00000000e+00  0.00000000e+00  0.00000000e+00  0.00000000e+00
  0.00000000e+00  0.00000000e+00  0.00000000e+00  0.00000000e+00
  0.00000000e+00  0.00000000e+00  0.00000000e+00  0.00000000e+00
  0.00000000e+00  0.00000000e+00  0.00000000e+00  0.00000000e+00
  0.00000000e+00  0.00000000e+00 -2.23635043e-08  5.93497745e-08
  0.00000000e+00  0.00000000e+00  0.00000000e+00  1.48769295e-06]","[[-0.00106628  0.00045583]
 [-0.00183027 -0.00040845]]",[],0.0,0.0
1787133559.4034004,1.4629826518710827,-1.7617733564672977,1.1068236672406329,"[ 5.69309080e-07  1.41584923e-07  0.00000000e+00  0.00000000e+00
  0.00000000e+00 -1.57734630e-08  1.41584923e-07  7.35032314e-07
  0.00000000e+00  0.00000000e+00  0.00000000e+00  5.84617820e-08
  0.00000000e+00  0.00000000e+00  0.00000000e+00  0.00000000e+00
  0.00000000e+00  0.00000000e+00  0.00000000e+00  0.00000000e+00
  0.00000000e+00  0.00000000e+00  0.00000000e+00  0.00000000e+00
  0.00000000e+00  0.00000000e+00  0.00000000e+00  0.00000000e+00
  0.00000000e+00  0.00000000e+00 -1.57734630e-08  5.84617820e-08
  0.00000000e+00  0.00000000e+00  0.00000000e+00  1.46646304e-06]","[[-0.00101606  0.00037543]
 [-0.0017696  -0.0003782 ]]",[],0.0,0.0
1787133559.4559228,1.4629826518710827,-1.7617733564672977,1.1068236672406329,"[ 5.69309080e-07  1.41584923e-07  0.00000000e+00  0.00000000e+00
  0.00000000e+00 -1.57734630e-08  1.41584923e-07  7.35032314e-07
  0.00000000e+00  0.00000000e+00  0.00000000e+00  5.84617820e-08
  0.00000000e+00  0.00000000e+00  0.00000000e+00  0.00000000e+00
  0.00000000e+00  0.00000000e+00  0.00000000e+00  0.00000000e+00
  0.00000000e+00  0.00000000e+00  0.00000000e+00  0.00000000e+00
  0.00000000e+00  0.00000000e+00  0.00000000e+00  0.00000000e+00
  0.00000000e+00  0.00000000e+00 -1.57734630e-08  5.84617820e-08
  0.00000000e+00  0.00000000e+00  0.00000000e+00  1.46646304e-06]","[[-0.00101606  0.00037543]
 [-0.0017696  -0.0003782 ]]",[],0.0,0.0
1787133559.525127,1.4629826518710827,-1.7617733564672977,1.1068236672406329,"[ 5.69309080e-07  1.41584923e-07  0.00000000e+00  0.00000000e+00
  0.00000000e+00 -1.57734630e-08  1.41584923e-07  7.35032314e-07
  0.00000000e+00  0.00000000e+00  0.00000000e+00  5.84617820e-08
  0.00000000e+00  0.00000000e+00  0.00000000e+00  0.00000000e+00
  0.00000000e+00  0.00000000e+00  0.00000000e+00  0.00000000e+00
  0.00000000e+00  0.00000000e+00  0.00000000e+00  0.00000000e+00
  0.00000000e+00  0.00000000e+00  0.00000000e+00  0.00000000e+00
  0.00000000e+00  0.00000000e+00 -1.57734630e-08  5.84617820e-08
  0.00000000e+00  0.00000000e+00  0.00000000e+00  1.46646304e-06]","[[-0.00101606  0.00037543]
 [-0.0017696  -0.0003782 ]]",[],0.0,0.0
1787133559.5487452,1.4629826518710827,-1.7617733564672977,1.1068236672406329,"[ 5.69309080e-07  1.41584923e-07  0.00000000e+00  0.00000000e+00
  0.00000000e+00 -1.57734630e-08  1.41584923e-07  7.35032314e-07
  0.00000000e+00  0.00000000e+00  0.00000000e+00  5.84617820e-08
  0.00000000e+00  0.00000000e+00  0.00000000e+00  0.00000000e+00
  0.00000000e+00  0.00000000e+00  0.00000000e+00  0.00000000e+00
  0.00000000e+00  0.00000000e+00  0.00000000e+00  0.00000000e+00
  0.00000000e+00  0.00000000e+00  0.00000000e+00  0.00000000e+00
  0.00000000e+00  0.00000000e+00 -1.57734630e-08  5.84617820e-08
  0.00000000e+00  0.00000000e+00  0.00000000e+00  1.46646304e-06]","[[-0.00101606  0.00037543]
 [-0.0017696  -0.0003782 ]]",[],0.0,0.0
1787133559.5964036,1.4629826518710827,-1.7617733564672977,1.1068236672406329,"[ 5.69309080e-07  1.41584923e-07  0.00000000e+00  0.00000000e+00
  0.00000000e+00 -1.57734630e-08  1.41584923e-07  7.35032314e-07
  0.00000000e+00  0.00000000e+00  0.00000000e+00  5.84617820e-08
  0.00000000e+00  0.00000000e+00  0.00000000e+00  0.00000000e+00
  0.00000000e+00  0.00000000e+00  0.00000000e+00  0.00000000e+00
  0.00000000e+00  0.00000000e+00  0.00000000e+00  0.00000000e+00
  0.00000000e+00  0.00000000e+00  0.00000000e+00  0.00000000e+00
  0.00000000e+00  0.00000000e+00 -1.57734630e-08  5.84617820e-08
  0.00000000e+00  0.00000000e+00  0.00000000e+00  1.46646304e-06]","[[-0.00101606  0.00037543]
 [-0.0017696  -0.0003782 ]]",[],0.0,0.0
1787133559.6514187,1.4629826518710827,-1.7617733564672977,1.1068236672406329,"[ 5.69309080e-07  1.41584923e-07  0.00000000e+00  0.00000000e+00
  0.00000000e+00 -1.57734630e-08  1.41584923e-07  7.35032314e-07
  0.00000000e+00  0.00000000e+00  0.00000000e+00  5.84617820e-08
  0.00000000e+00  0.00000000e+00  0.00000000e+00  0.00000000e+00
  0.00000000e+00  0.00000000e+00  0.00000000e+00  0.00000000e+00
  0.00000000e+00  0.00000000e+00  0.00000000e+00  0.00000000e+00
  0.00000000e+00  0.00000000e+00  0.00000000e+00  0.00000000e+00
  0.00000000e+00  0.00000000e+00 -1.57734630e-08  5.84617820e-08
  0.00000000e+00  0.00000000e+00  0.00000000e+00  1.46646304e-06]","[[-0.00101606  0.00037543]
 [-0.0017696  -0.0003782 ]]",[],0.0,0.0
1787133559.73221,1.4629826518710827,-1.7617733564672977,1.1068236672406329,"[ 5.69309080e-07  1.41584923e-07  0.00000000e+00  0.00000000e+00
  0.00000000e+00 -1.57734630e-08  1.41584923e-07  7.35032314e-07
  0.00000000e+00  0.00000000e+00  0.00000000e+00  5.84617820e-08
  0.00000000e+00  0.00000000e+00  0.00000000e+00  0.00000000e+00
  0.00000000e+00  0.00000000e+00  0.00000000e+00  0.00000000e+00
  0.00000000e+00  0.00000000e+00  0.00000000e+00  0.00000000e+00
  0.00000000e+00  0.00000000e+00  0.00000000e+00  0.00000000e+00
  0.00000000e+00  0.00000000e+00 -1.57734630e-08  5.84617820e-08
  0.00000000e+00  0.00000000e+00  0.00000000e+00  1.46646304e-06]","[[-0.00101606  0.00037543]
 [-0.0017696  -0.0003782 ]]",[],0.0,0.0
1787133559.7629137,1.4629826518710827,-1.7617733564672977,1.1068236672406329,"[ 5.69309080e-07  1.41584923e-07  0.00000000e+00  0.00000000e+00
  0.00000000e+00 -1.57734630e-08  1.41584923e-07  7.35032314e-07
  0.00000000e+00  0.00000000e+00  0.00000000e+00  5.84617820e-08
  0.00000000e+00  0.00000000e+00  0.00000000e+00  0.00000000e+00
  0.00000000e+00  0.00000000e+00  0.00000000e+00  0.00000000e+00
  0.00000000e+00  0.00000000e+00  0.00000000e+00  0.00000000e+00
  0.00000000e+00  0.00000000e+00  0.00000000e+00  0.00000000e+00
  0.00000000e+00  0.00000000e+00 -1.57734630e-08  5.84617820e-08
  0.00000000e+00  0.00000000e+00  0.00000000e+00  1.46646304e-06]","[[-0.00101606  0.00037543]
 [-0.0017696  -0.0003782 ]]",[],0.0,0.0
1787133559.7963362,1.4629826518710827,-1.7617733564672977,1.1068236672406329,"[ 5.69309080e-07  1.41584923e-07  0.00000000e+00  0.00000000e+00
  0.00000000e+00 -1.57734630e-08  1.41584923e-07  7.35032314e-07
  0.00000000e+00  0.00000000e+00  0.00000000e+00  5.84617820e-08
  0.00000000e+00  0.00000000e+00  0.00000000e+00  0.00000000e+00
  0.00000000e+00  0.00000000e+00  0.00000000e+00  0.00000000e+00
  0.00000000e+00  0.00000000e+00  0.00000000e+00  0.00000000e+00
  0.00000000e+00  0.00000000e+00  0.00000000e+00  0.00000000e+00
  0.00000000e+00  0.00000000e+00 -1.57734630e-08  5.84617820e-08
  0.00000000e+00  0.00000000e+00  0.00000000e+00  1.46646304e-06]","[[-0.00101606  0.00037543]
 [-0.0017696  -0.0003782 ]]",[],0.0,0.0
1787133559.8461425,1.4629826518710827,-1.7617733564672977,1.1068236672406329,"[ 5.69309080e-07  1.41584923e-07  0.00000000e+00  0.00000000e+00
  0.00000000e+00 -1.57734630e-08  1.41584923e-07  7.35032314e-07
  0.00000000e+00  0.00000000e+00  0.00000000e+00  5.84617820e-08
  0.00000000e+00  0.00000000e+00  0.00000000e+00  0.00000000e+00
  0.00000000e+00  0.00000000e+00  0.00000000e+00  0.00000000e+00
  0.00000000e+00  0.00000000e+00  0.00000000e+00  0.00000000e+00
  0.00000000e+00  0.00000000e+00  0.00000000e+00  0.00000000e+00
  0.00000000e+00  0.00000000e+00 -1.57734630e-08  5.84617820e-08
  0.00000000e+00  0.00000000e+00  0.00000000e+00  1.46646304e-06]","[[-0.00101606  0.00037543]
 [-0.0017696  -0.0003782 ]]",[],0.0,0.0
1787133559.8976948,1.4629826518710827,-1.7617733564672977,1.1068236672406329,"[ 5.69309080e-07  1.41584923e-07  0.00000000e+00  0.00000000e+00
  0.00000000e+00 -1.57734630e-08  1.41584923e-07  7.35032314e-07
  0.00000000e+00  0.00000000e+00  0.00000000e+00  5.84617820e-08
  0.00000000e+00  0.00000000e+00  0.00000000e+00  0.00000000e+00
  0.00000000e+00  0.00000000e+00  0.00000000e+00  0.00000000e+00
  0.00000000e+00  0.00000000e+00  0.00000000e+00  0.00000000e+00
  0.00000000e+00  0.00000000e+00  0.00000000e+00  0.00000000e+00
  0.00000000e+00  0.00000000e+00 -1.57734630e-08  5.84617820e-08
  0.00000000e+00  0.00000000e+00  0.00000000e+00  1.46646304e-06]","[[-0.00101606  0.00037543]
 [-0.0017696  -0.0003782 ]]",[],0.0,0.0
1787133559.9644938,1.4629826518710827,-1.7617733564672977,1.1068236672406329,"[ 5.69309080e-07  1.41584923e-07  0.00000000e+00  0.00000000e+00
  0.00000000e+00 -1.57734630e-08  1.41584923e-07  7.35032314e-07
  0.00000000e+00  0.00000000e+00  0.00000000e+00  5.84617820e-08
  0.00000000e+00  0.00000000e+00  0.00000000e+00  0.00000000e+00
  0.00000000e+00  0.00000000e+00  0.00000000e+00  0.00000000e+00
  0.00000000e+00  0.00000000e+00  0.00000000e+00  0.00000000e+00
  0.00000000e+00  0.00000000e+00  0.00000000e+00  0.00000000e+00
  0.00000000e+00  0.00000000e+00 -1.57734630e-08  5.84617820e-08
  0.00000000e+00  0.00000000e+00  0.00000000e+00  1.46646304e-06]","[[-0.00101606  0.00037543]
 [-0.0017696  -0.0003782 ]]",[],0.0,0.0
1787133559.9984126,1.4629826518710827,-1.7617733564672977,1.1068236672406329,"[ 5.69309080e-07  1.41584923e-07  0.00000000e+00  0.00000000e+00
  0.00000000e+00 -1.57734630e-08  1.41584923e-07  7.35032314e-07
  0.00000000e+00  0.00000000e+00  0.00000000e+00  5.84617820e-08
  0.00000000e+00  0.00000000e+00  0.00000000e+00  0.00000000e+00
  0.00000000e+00  0.00000000e+00  0.00000000e+00  0.00000000e+00
  0.00000000e+00  0.00000000e+00  0.00000000e+00  0.00000000e+00
  0.00000000e+00  0.00000000e+00  0.00000000e+00  0.00000000e+00
  0.00000000e+00  0.00000000e+00 -1.57734630e-08  5.84617820e-08
  0.00000000e+00  0.00000000e+00  0.00000000e+00  1.46646304e-06]","[[-0.00101606  0.00037543]
 [-0.0017696  -0.0003782 ]]",[],0.0,0.0
1787133560.05481,1.4629826518710827,-1.7617733564672977,1.1068236672406329,"[ 5.69309080e-07  1.41584923e-07  0.00000000e+00  0.00000000e+00
  0.00000000e+00 -1.57734630e-08  1.41584923e-07  7.35032314e-07
  0.00000000e+00  0.00000000e+00  0.00000000e+00  5.84617820e-08
  0.00000000e+00  0.00000000e+00  0.00000000e+00  0.00000000e+00
  0.00000000e+00  0.00000000e+00  0.00000000e+00  0.00000000e+00
  0.00000000e+00  0.00000000e+00  0.00000000e+00  0.00000000e+00
  0.00000000e+00  0.00000000e+00  0.00000000e+00  0.00000000e+00
  0.00000000e+00  0.00000000e+00 -1.57734630e-08  5.84617820e-08
  0.00000000e+00  0.00000000e+00  0.00000000e+00  1.46646304e-06]","[[-0.00101606  0.00037543]
 [-0.0017696  -0.0003782 ]]",[],0.0,0.0
1787133560.0971947,1.4629826518710827,-1.7617733564672977,1.1068236672406329,"[ 5.69309080e-07  1.41584923e-07  0.00000000e+00  0.00000000e+00
  0.00000000e+00 -1.57734630e-08  1.41584923e-07  7.35032314e-07
  0.00000000e+00  0.00000000e+00  0.00000000e+00  5.84617820e-08
  0.00000000e+00  0.00000000e+00  0.00000000e+00  0.00000000e+00
  0.00000000e+00  0.00000000e+00  0.00000000e+00  0.00000000e+00
  0.00000000e+00  0.00000000e+00  0.00000000e+00  0.00000000e+00
  0.00000000e+00  0.00000000e+00  0.00000000e+00  0.00000000e+00
  0.00000000e+00  0.00000000e+00 -1.57734630e-08  5.84617820e-08
  0.00000000e+00  0.00000000e+00  0.00000000e+00  1.46646304e-06]","[[-0.00101606  0.00037543]
 [-0.0017696  -0.0003782 ]]",[],0.0,0.0
1787133560.1490352,1.4629826518710827,-1.7617733564672977,1.1068236672406329,"[ 5.69309080e-07  1.41584923e-07  0.00000000e+00  0.00000000e+00
  0.00000000e+00 -1.57734630e-08  1.41584923e-07  7.35032314e-07
  0.00000000e+00  0.00000000e+00  0.00000000e+00  5.84617820e-08
  0.00000000e+00  0.00000000e+00  0.00000000e+00  0.00000000e+00
  0.00000000e+00  0.00000000e+00  0.00000000e+00  0.00000000e+00
  0.00000000e+00  0.00000000e+00  0.00000000e+00  0.00000000e+00
  0.00000000e+00  0.00000000e+00  0.00000000e+00  0.00000000e+00
  0.00000000e+00  0.00000000e+00 -1.57734630e-08  5.84617820e-08
  0.00000000e+00  0.00000000e+00  0.00000000e+00  1.46646304e-06]","[[-0.00101606  0.00037543]
 [-0.0017696  -0.0003782 ]]",[],0.0,0.0
1787133560.1965754,1.4629826518710827,-1.7617733564672977,1.1068236672406329,"[ 5.69309080e-07  1.41584923e-07  0.00000000e+00  0.00000000e+00
  0.00000000e+00 -1.57734630e-08  1.41584923e-07  7.35032314e-07
  0.00000000e+00  0.00000000e+00  0.00000000e+00  5.84617820e-08
  0.00000000e+00  0.00000000e+00  0.00000000e+00  0.00000000e+00
  0.00000000e+00  0.00000000e+00  0.00000000e+00  0.00000000e+00
  0.00000000e+00  0.00000000e+00  0.00000000e+00  0.00000000e+00
  0.00000000e+00  0.00000000e+00  0.00000000e+00  0.00000000e+00
  0.00000000e+00  0.00000000e+00 -1.57734630e-08  5.84617820e-08
  0.00000000e+00  0.00000000e+00  0.00000000e+00  1.46646304e-06]","[[-0.00101606  0.00037543]
 [-0.0017696  -0.0003782 ]]",[],0.0,0.0
1787133560.253237,1.4629826518710827,-1.7617733564672977,1.1068236672406329,"[ 5.69309080e-07  1.41584923e-07  0.00000000e+00  0.00000000e+00
  0.00000000e+00 -1.57734630e-08  1.41584923e-07  7.35032314e-07
  0.00000000e+00  0.00000000e+00  0.00000000e+00  5.84617820e-08
  0.00000000e+00  0.00000000e+00  0.00000000e+00  0.00000000e+00
  0.00000000e+00  0.00000000e+00  0.00000000e+00  0.00000000e+00
  0.00000000e+00  0.00000000e+00  0.00000000e+00  0.00000000e+00
  0.00000000e+00  0.00000000e+00  0.00000000e+00  0.00000000e+00
  0.00000000e+00  0.00000000e+00 -1.57734630e-08  5.84617820e-08
  0.00000000e+00  0.00000000e+00  0.00000000e+00  1.46646304e-06]","[[-0.00101606  0.00037543]
 [-0.0017696  -0.0003782 ]]",[],0.0,0.0
1787133560.330863,1.454185057347541,-1.7660563845198225,1.1193339686388182,"[ 5.23375573e-07  1.75643515e-07  0.00000000e+00  0.00000000e+00
  0.00000000e+00 -8.37275880e-09  1.75643515e-07  7.48365435e-07
  0.00000000e+00  0.00000000e+00  0.00000000e+00  6.01580522e-08
  0.00000000e+00  0.00000000e+00  0.00000000e+00  0.00000000e+00
  0.00000000e+00  0.00000000e+00  0.00000000e+00  0.00000000e+00
  0.00000000e+00  0.00000000e+00  0.00000000e+00  0.00000000e+00
  0.00000000e+00  0.00000000e+00  0.00000000e+00  0.00000000e+00
  0.00000000e+00  0.00000000e+00 -8.37275880e-09  6.01580522e-08
  0.00000000e+00  0.00000000e+00  0.00000000e+00  1.52332173e-06]","[[-0.00101047  0.00031534]
 [-0.00185358 -0.00035283]]",[],0.0,0.0
1787133560.3956764,1.454185057347541,-1.7660563845198225,1.1193339686388182,"[ 5.23375573e-07  1.75643515e-07  0.00000000e+00  0.00000000e+00
  0.00000000e+00 -8.37275880e-09  1.75643515e-07  7.48365435e-07
  0.00000000e+00  0.00000000e+00  0.00000000e+00  6.01580522e-08
  0.00000000e+00  0.00000000e+00  0.00000000e+00  0.00000000e+00
  0.00000000e+00  0.00000000e+00  0.00000000e+00  0.00000000e+00
  0.00000000e+00  0.00000000e+00  0.00000000e+00  0.00000000e+00
  0.00000000e+00  0.00000000e+00  0.00000000e+00  0.00000000e+00
  0.00000000e+00  0.00000000e+00 -8.37275880e-09  6.01580522e-08
  0.00000000e+00  0.00000000e+00  0.00000000e+00  1.52332173e-06]","[[-0.00101047  0.00031534]
 [-0.00185358 -0.00035283]]",[],0.0,0.0
1787133560.3964434,1.454185057347541,-1.7660563845198225,1.1193339686388182,"[ 5.23375573e-07  1.75643515e-07  0.00000000e+00  0.00000000e+00
  0.00000000e+00 -8.37275880e-09  1.75643515e-07  7.48365435e-07
  0.00000000e+00  0.00000000e+00  0.00000000e+00  6.01580522e-08
  0.00000000e+00  0.00000000e+00  0.00000000e+00  0.00000000e+00
  0.00000000e+00  0.00000000e+00  0.00000000e+00  0.00000000e+00
  0.00000000e+00  0.00000000e+00  0.00000000e+00  0.00000000e+00
  0.00000000e+00  0.00000000e+00  0.00000000e+00  0.00000000e+00
  0.00000000e+00  0.00000000e+00 -8.37275880e-09  6.01580522e-08
  0.00000000e+00  0.00000000e+00  0.00000000e+00  1.52332173e-06]","[[-0.00101047  0.00031534]
 [-0.00185358 -0.00035283]]",[],0.0,0.0
1787133560.450831,1.454185057347541,-1.7660563845198225,1.1193339686388182,"[ 5.23375573e-07  1.75643515e-07  0.00000000e+00  0.00000000e+00
  0.00000000e+00 -8.37275880e-09  1.75643515e-07  7.48365435e-07
  0.00000000e+00  0.00000000e+00  0.00000000e+00  6.01580522e-08
  0.00000000e+00  0.00000000e+00  0.00000000e+00  0.00000000e+00
  0.00000000e+00  0.00000000e+00  0.00000000e+00  0.00000000e+00
  0.00000000e+00  0.00000000e+00  0.00000000e+00  0.00000000e+00
  0.00000000e+00  0.00000000e+00  0.00000000e+00  0.00000000e+00
  0.00000000e+00  0.00000000e+00 -8.37275880e-09  6.01580522e-08
  0.00000000e+00  0.00000000e+00  0.00000000e+00  1.52332173e-06]","[[-0.00101047  0.00031534]
 [-0.00185358 -0.00035283]]",[],0.0,0.0
1787133560.509268,1.454185057347541,-1.7660563845198225,1.1193339686388182,"[ 5.23375573e-07  1.75643515e-07  0.00000000e+00  0.00000000e+00
  0.00000000e+00 -8.37275880e-09  1.75643515e-07  7.48365435e-07
  0.00000000e+00  0.00000000e+00  0.00000000e+00  6.01580522e-08
  0.00000000e+00  0.00000000e+00  0.00000000e+00  0.00000000e+00
  0.00000000e+00  0.00000000e+00  0.00000000e+00  0.00000000e+00
  0.00000000e+00  0.00000000e+00  0.00000000e+00  0.00000000e+00
  0.00000000e+00  0.00000000e+00  0.00000000e+00  0.00000000e+00
  0.00000000e+00  0.00000000e+00 -8.37275880e-09  6.01580522e-08
  0.00000000e+00  0.00000000e+00  0.00000000e+00  1.52332173e-06]","[[-0.00101047  0.00031534]
 [-0.00185358 -0.00035283]]",[],0.0,0.0
1787133560.5719304,1.454185057347541,-1.7660563845198225,1.1193339686388182,"[ 5.23375573e-07  1.75643515e-07  0.00000000e+00  0.00000000e+00
  0.00000000e+00 -8.37275880e-09  1.75643515e-07  7.48365435e-07
  0.00000000e+00  0.00000000e+00  0.00000000e+00  6.01580522e-08
  0.00000000e+00  0.00000000e+00  0.00000000e+00  0.00000000e+00
  0.00000000e+00  0.00000000e+00  0.00000000e+00  0.00000000e+00
  0.00000000e+00  0.00000000e+00  0.00000000e+00  0.00000000e+00
  0.00000000e+00  0.00000000e+00  0.00000000e+00  0.00000000e+00
  0.00000000e+00  0.00000000e+00 -8.37275880e-09  6.01580522e-08
  0.00000000e+00  0.00000000e+00  0.00000000e+00  1.52332173e-06]","[[-0.00101047  0.00031534]
 [-0.00185358 -0.00035283]]",[],0.0,0.0
1787133560.6009884,1.454185057347541,-1.7660563845198225,1.1193339686388182,"[ 5.23375573e-07  1.75643515e-07  0.00000000e+00  0.00000000e+00
  0.00000000e+00 -8.37275880e-09  1.75643515e-07  7.48365435e-07
  0.00000000e+00  0.00000000e+00  0.00000000e+00  6.01580522e-08
  0.00000000e+00  0.00000000e+00  0.00000000e+00  0.00000000e+00
  0.00000000e+00  0.00000000e+00  0.00000000e+00  0.00000000e+00
  0.00000000e+00  0.00000000e+00  0.00000000e+00  0.00000000e+00
  0.00000000e+00  0.00000000e+00  0.00000000e+00  0.00000000e+00
  0.00000000e+00  0.00000000e+00 -8.37275880e-09  6.01580522e-08
  0.00000000e+00  0.00000000e+00  0.00000000e+00  1.52332173e-06]","[[-0.00101047  0.00031534]
 [-0.00185358 -0.00035283]]",[],0.0,0.0
1787133560.6462877,1.454185057347541,-1.7660563845198225,1.1193339686388182,"[ 5.23375573e-07  1.75643515e-07  0.00000000e+00  0.00000000e+00
  0.00000000e+00 -8.37275880e-09  1.75643515e-07  7.48365435e-07
  0.00000000e+00  0.00000000e+00  0.00000000e+00  6.01580522e-08
  0.00000000e+00  0.00000000e+00  0.00000000e+00  0.00000000e+00
  0.00000000e+00  0.00000000e+00  0.00000000e+00  0.00000000e+00
  0.00000000e+00  0.00000000e+00  0.00000000e+00  0.00000000e+00
  0.00000000e+00  0.00000000e+00  0.00000000e+00  0.00000000e+00
  0.00000000e+00  0.00000000e+00 -8.37275880e-09  6.01580522e-08
  0.00000000e+00  0.00000000e+00  0.00000000e+00  1.52332173e-06]","[[-0.00101047  0.00031534]
 [-0.00185358 -0.00035283]]",[],0.0,0.0
1787133560.7357693,1.454185057347541,-1.7660563845198225,1.1193339686388182,"[ 5.23375573e-07  1.75643515e-07  0.00000000e+00  0.00000000e+00
  0.00000000e+00 -8.37275880e-09  1.75643515e-07  7.48365435e-07
  0.00000000e+00  0.00000000e+00  0.00000000e+00  6.01580522e-08
  0.00000000e+00  0.00000000e+00  0.00000000e+00  0.00000000e+00
  0.00000000e+00  0.00000000e+00  0.00000000e+00  0.00000000e+00
  0.00000000e+00  0.00000000e+00  0.00000000e+00  0.00000000e+00
  0.00000000e+00  0.00000000e+00  0.00000000e+00  0.00000000e+00
  0.00000000e+00  0.00000000e+00 -8.37275880e-09  6.01580522e-08
  0.00000000e+00  0.00000000e+00  0.00000000e+00  1.52332173e-06]","[[-0.00101047  0.00031534]
 [-0.00185358 -0.00035283]]",[],0.0,0.0
1787133560.765056,1.454185057347541,-1.7660563845198225,1.1193339686388182,"[ 5.23375573e-07  1.75643515e-07  0.00000000e+00  0.00000000e+00
  0.00000000e+00 -8.37275880e-09  1.75643515e-07  7.48365435e-07
  0.00000000e+00  0.00000000e+00  0.00000000e+00  6.01580522e-08
  0.00000000e+00  0.00000000e+00  0.00000000e+00  0.00000000e+00
  0.00000000e+00  0.00000000e+00  0.00000000e+00  0.00000000e+00
  0.00000000e+00  0.00000000e+00  0.00000000e+00  0.00000000e+00
  0.00000000e+00  0.00000000e+00  0.00000000e+00  0.00000000e+00
  0.00000000e+00  0.00000000e+00 -8.37275880e-09  6.01580522e-08
  0.00000000e+00  0.00000000e+00  0.00000000e+00  1.52332173e-06]","[[-0.00101047  0.00031534]
 [-0.00185358 -0.00035283]]",[],0.0,0.0
1787133560.796573,1.454185057347541,-1.7660563845198225,1.1193339686388182,"[ 5.23375573e-07  1.75643515e-07  0.00000000e+00  0.00000000e+00
  0.00000000e+00 -8.37275880e-09  1.75643515e-07  7.48365435e-07
  0.00000000e+00  0.00000000e+00  0.00000000e+00  6.01580522e-08
  0.00000000e+00  0.00000000e+00  0.00000000e+00  0.00000000e+00
  0.00000000e+00  0.00000000e+00  0.00000000e+00  0.00000000e+00
  0.00000000e+00  0.00000000e+00  0.00000000e+00  0.00000000e+00
  0.00000000e+00  0.00000000e+00  0.00000000e+00  0.00000000e+00
  0.00000000e+00  0.00000000e+00 -8.37275880e-09  6.01580522e-08
  0.00000000e+00  0.00000000e+00  0.00000000e+00  1.52332173e-06]","[[-0.00101047  0.00031534]
 [-0.00185358 -0.00035283]]",[],0.0,0.0
1787133560.8833506,1.454185057347541,-1.7660563845198225,1.1193339686388182,"[ 5.23375573e-07  1.75643515e-07  0.00000000e+00  0.00000000e+00
  0.00000000e+00 -8.37275880e-09  1.75643515e-07  7.48365435e-07
  0.00000000e+00  0.00000000e+00  0.00000000e+00  6.01580522e-08
  0.00000000e+00  0.00000000e+00  0.00000000e+00  0.00000000e+00
  0.00000000e+00  0.00000000e+00  0.00000000e+00  0.00000000e+00
  0.00000000e+00  0.00000000e+00  0.00000000e+00  0.00000000e+00
  0.00000000e+00  0.00000000e+00  0.00000000e+00  0.00000000e+00
  0.00000000e+00  0.00000000e+00 -8.37275880e-09  6.01580522e-08
  0.00000000e+00  0.00000000e+00  0.00000000e+00  1.52332173e-06]","[[-0.00101047  0.00031534]
 [-0.00185358 -0.00035283]]",[],0.0,0.0
1787133560.9029007,1.454185057347541,-1.7660563845198225,1.1193339686388182,"[ 5.23375573e-07  1.75643515e-07  0.00000000e+00  0.00000000e+00
  0.00000000e+00 -8.37275880e-09  1.75643515e-07  7.48365435e-07
  0.00000000e+00  0.00000000e+00  0.00000000e+00  6.01580522e-08
  0.00000000e+00  0.00000000e+00  0.00000000e+00  0.00000000e+00
  0.00000000e+00  0.00000000e+00  0.00000000e+00  0.00000000e+00
  0.00000000e+00  0.00000000e+00  0.00000000e+00  0.00000000e+00
  0.00000000e+00  0.00000000e+00  0.00000000e+00  0.00000000e+00
  0.00000000e+00  0.00000000e+00 -8.37275880e-09  6.01580522e-08
  0.00000000e+00  0.00000000e+00  0.00000000e+00  1.52332173e-06]","[[-0.00101047  0.00031534]
 [-0.00185358 -0.00035283]]",[],0.0,0.0
1787133560.950071,1.454185057347541,-1.7660563845198225,1.1193339686388182,"[ 5.23375573e-07  1.75643515e-07  0.00000000e+00  0.00000000e+00
  0.00000000e+00 -8.37275880e-09  1.75643515e-07  7.48365435e-07
  0.00000000e+00  0.00000000e+00  0.00000000e+00  6.01580522e-08
  0.00000000e+00  0.00000000e+00  0.00000000e+00  0.00000000e+00
  0.00000000e+00  0.00000000e+00  0.00000000e+00  0.00000000e+00
  0.00000000e+00  0.00000000e+00  0.00000000e+00  0.00000000e+00
  0.00000000e+00  0.00000000e+00  0.00000000e+00  0.00000000e+00
  0.00000000e+00  0.00000000e+00 -8.37275880e-09  6.01580522e-08
  0.00000000e+00  0.00000000e+00  0.00000000e+00  1.52332173e-06]","[[-0.00101047  0.00031534]
 [-0.00185358 -0.00035283]]",[],0.0,0.0
1787133561.0002515,1.454185057347541,-1.7660563845198225,1.1193339686388182,"[ 5.23375573e-07  1.75643515e-07  0.00000000e+00  0.00000000e+00
  0.00000000e+00 -8.37275880e-09  1.75643515e-07  7.48365435e-07
  0.00000000e+00  0.00000000e+00  0.00000000e+00  6.01580522e-08
  0.00000000e+00  0.00000000e+00  0.00000000e+00  0.00000000e+00
  0.00000000e+00  0.00000000e+00  0.00000000e+00  0.00000000e+00
  0.00000000e+00  0.00000000e+00  0.00000000e+00  0.00000000e+00
  0.00000000e+00  0.00000000e+00  0.00000000e+00  0.00000000e+00
  0.00000000e+00  0.00000000e+00 -8.37275880e-09  6.01580522e-08
  0.00000000e+00  0.00000000e+00  0.00000000e+00  1.52332173e-06]","[[-0.00101047  0.00031534]
 [-0.00185358 -0.00035283]]",[],0.0,0.0
1787133561.0572894,1.454185057347541,-1.7660563845198225,1.1193339686388182,"[ 5.23375573e-07  1.75643515e-07  0.00000000e+00  0.00000000e+00
  0.00000000e+00 -8.37275880e-09  1.75643515e-07  7.48365435e-07
  0.00000000e+00  0.00000000e+00  0.00000000e+00  6.01580522e-08
  0.00000000e+00  0.00000000e+00  0.00000000e+00  0.00000000e+00
  0.00000000e+00  0.00000000e+00  0.00000000e+00  0.00000000e+00
  0.00000000e+00  0.00000000e+00  0.00000000e+00  0.00000000e+00
  0.00000000e+00  0.00000000e+00  0.00000000e+00  0.00000000e+00
  0.00000000e+00  0.00000000e+00 -8.37275880e-09  6.01580522e-08
  0.00000000e+00  0.00000000e+00  0.00000000e+00  1.52332173e-06]","[[-0.00101047  0.00031534]
 [-0.00185358 -0.00035283]]",[],0.0,0.0
1787133561.0984964,1.454185057347541,-1.7660563845198225,1.1193339686388182,"[ 5.23375573e-07  1.75643515e-07  0.00000000e+00  0.00000000e+00
  0.00000000e+00 -8.37275880e-09  1.75643515e-07  7.48365435e-07
  0.00000000e+00  0.00000000e+00  0.00000000e+00  6.01580522e-08
  0.00000000e+00  0.00000000e+00  0.00000000e+00  0.00000000e+00
  0.00000000e+00  0.00000000e+00  0.00000000e+00  0.00000000e+00
  0.00000000e+00  0.00000000e+00  0.00000000e+00  0.00000000e+00
  0.00000000e+00  0.00000000e+00  0.00000000e+00  0.00000000e+00
  0.00000000e+00  0.00000000e+00 -8.37275880e-09  6.01580522e-08
  0.00000000e+00  0.00000000e+00  0.00000000e+00  1.52332173e-06]","[[-0.00101047  0.00031534]
 [-0.00185358 -0.00035283]]",[],0.0,0.0
1787133561.148876,1.454185057347541,-1.7660563845198225,1.1193339686388182,"[ 5.23375573e-07  1.75643515e-07  0.00000000e+00  0.00000000e+00
  0.00000000e+00 -8.37275880e-09  1.75643515e-07  7.48365435e-07
  0.00000000e+00  0.00000000e+00  0.00000000e+00  6.01580522e-08
  0.00000000e+00  0.00000000e+00  0.00000000e+00  0.00000000e+00
  0.00000000e+00  0.00000000e+00  0.00000000e+00  0.00000000e+00
  0.00000000e+00  0.00000000e+00  0.00000000e+00  0.00000000e+00
  0.00000000e+00  0.00000000e+00  0.00000000e+00  0.00000000e+00
  0.00000000e+00  0.00000000e+00 -8.37275880e-09  6.01580522e-08
  0.00000000e+00  0.00000000e+00  0.00000000e+00  1.52332173e-06]","[[-0.00101047  0.00031534]
 [-0.00185358 -0.00035283]]",[],0.0,0.0
1787133561.2375433,1.4466626108116325,-1.7709456149609537,1.1387329906298103,"[ 4.85135704e-07  2.00045083e-07  0.00000000e+00  0.00000000e+00
  0.00000000e+00 -8.53965010e-09  2.00045083e-07  7.62695353e-07
  0.00000000e+00  0.00000000e+00  0.00000000e+00  6.37386662e-08
  0.00000000e+00  0.00000000e+00  0.00000000e+00  0.00000000e+00
  0.00000000e+00  0.00000000e+00  0.00000000e+00  0.00000000e+00
  0.00000000e+00  0.00000000e+00  0.00000000e+00  0.00000000e+00
  0.00000000e+00  0.00000000e+00  0.00000000e+00  0.00000000e+00
  0.00000000e+00  0.00000000e+00 -8.53965010e-09  6.37386662e-08
  0.00000000e+00  0.00000000e+00  0.00000000e+00  1.53616418e-06]","[[-0.00102932  0.00027729]
 [-0.00190777 -0.0003613 ]]",[],0.0,0.0
1787133561.2463963,1.4466626108116325,-1.7709456149609537,1.1387329906298103,"[ 4.85135704e-07  2.00045083e-07  0.00000000e+00  0.00000000e+00
  0.00000000e+00 -8.53965010e-09  2.00045083e-07  7.62695353e-07
  0.00000000e+00  0.00000000e+00  0.00000000e+00  6.37386662e-08
  0.00000000e+00  0.00000000e+00  0.00000000e+00  0.00000000e+00
  0.00000000e+00  0.00000000e+00  0.00000000e+00  0.00000000e+00
  0.00000000e+00  0.00000000e+00  0.00000000e+00  0.00000000e+00
  0.00000000e+00  0.00000000e+00  0.00000000e+00  0.00000000e+00
  0.00000000e+00  0.00000000e+00 -8.53965010e-09  6.37386662e-08
  0.00000000e+00  0.00000000e+00  0.00000000e+00  1.53616418e-06]","[[-0.00102932  0.00027729]
 [-0.00190777 -0.0003613 ]]",[],0.0,0.0
1787133561.2996292,1.4466626108116325,-1.7709456149609537,1.1387329906298103,"[ 4.85135704e-07  2.00045083e-07  0.00000000e+00  0.00000000e+00
  0.00000000e+00 -8.53965010e-09  2.00045083e-07  7.62695353e-07
  0.00000000e+00  0.00000000e+00  0.00000000e+00  6.37386662e-08
  0.00000000e+00  0.00000000e+00  0.00000000e+00  0.00000000e+00
  0.00000000e+00  0.00000000e+00  0.00000000e+00  0.00000000e+00
  0.00000000e+00  0.00000000e+00  0.00000000e+00  0.00000000e+00
  0.00000000e+00  0.00000000e+00  0.00000000e+00  0.00000000e+00
  0.00000000e+00  0.00000000e+00 -8.53965010e-09  6.37386662e-08
  0.00000000e+00  0.00000000e+00  0.00000000e+00  1.53616418e-06]","[[-0.00102932  0.00027729]
 [-0.00190777 -0.0003613 ]]",[],0.0,0.0
1787133561.3490348,1.4466626108116325,-1.7709456149609537,1.1387329906298103,"[ 4.85135704e-07  2.00045083e-07  0.00000000e+00  0.00000000e+00
  0.00000000e+00 -8.53965010e-09  2.00045083e-07  7.62695353e-07
  0.00000000e+00  0.00000000e+00  0.00000000e+00  6.37386662e-08
  0.00000000e+00  0.00000000e+00  0.00000000e+00  0.00000000e+00
  0.00000000e+00  0.00000000e+00  0.00000000e+00  0.00000000e+00
  0.00000000e+00  0.00000000e+00  0.00000000e+00  0.00000000e+00
  0.00000000e+00  0.00000000e+00  0.00000000e+00  0.00000000e+00
  0.00000000e+00  0.00000000e+00 -8.53965010e-09  6.37386662e-08
  0.00000000e+00  0.00000000e+00  0.00000000e+00  1.53616418e-06]","[[-0.00102932  0.00027729]
 [-0.00190777 -0.0003613 ]]",[],0.0,0.0
1787133561.4015603,1.4466626108116325,-1.7709456149609537,1.1387329906298103,"[ 4.85135704e-07  2.00045083e-07  0.00000000e+00  0.00000000e+00
  0.00000000e+00 -8.53965010e-09  2.00045083e-07  7.62695353e-07
  0.00000000e+00  0.00000000e+00  0.00000000e+00  6.37386662e-08
  0.00000000e+00  0.00000000e+00  0.00000000e+00  0.00000000e+00
  0.00000000e+00  0.00000000e+00  0.00000000e+00  0.00000000e+00
  0.00000000e+00  0.00000000e+00  0.00000000e+00  0.00000000e+00
  0.00000000e+00  0.00000000e+00  0.00000000e+00  0.00000000e+00
  0.00000000e+00  0.00000000e+00 -8.53965010e-09  6.37386662e-08
  0.00000000e+00  0.00000000e+00  0.00000000e+00  1.53616418e-06]","[[-0.00102932  0.00027729]
 [-0.00190777 -0.0003613 ]]",[],0.0,0.0
1787133561.4463968,1.4466626108116325,-1.7709456149609537,1.1387329906298103,"[ 4.85135704e-07  2.00045083e-07  0.00000000e+00  0.00000000e+00
  0.00000000e+00 -8.53965010e-09  2.00045083e-07  7.62695353e-07
  0.00000000e+00  0.00000000e+00  0.00000000e+00  6.37386662e-08
  0.00000000e+00  0.00000000e+00  0.00000000e+00  0.00000000e+00
  0.00000000e+00  0.00000000e+00  0.00000000e+00  0.00000000e+00
  0.00000000e+00  0.00000000e+00  0.00000000e+00  0.00000000e+00
  0.00000000e+00  0.00000000e+00  0.00000000e+00  0.00000000e+00
  0.00000000e+00  0.00000000e+00 -8.53965010e-09  6.37386662e-08
  0.00000000e+00  0.00000000e+00  0.00000000e+00  1.53616418e-06]","[[-0.00102932  0.00027729]
 [-0.00190777 -0.0003613 ]]",[],0.0,0.0
1787133561.5060856,1.4466626108116325,-1.7709456149609537,1.1387329906298103,"[ 4.85135704e-07  2.00045083e-07  0.00000000e+00  0.00000000e+00
  0.00000000e+00 -8.53965010e-09  2.00045083e-07  7.62695353e-07
  0.00000000e+00  0.00000000e+00  0.00000000e+00  6.37386662e-08
  0.00000000e+00  0.00000000e+00  0.00000000e+00  0.00000000e+00
  0.00000000e+00  0.00000000e+00  0.00000000e+00  0.00000000e+00
  0.00000000e+00  0.00000000e+00  0.00000000e+00  0.00000000e+00
  0.00000000e+00  0.00000000e+00  0.00000000e+00  0.00000000e+00
  0.00000000e+00  0.00000000e+00 -8.53965010e-09  6.37386662e-08
  0.00000000e+00  0.00000000e+00  0.00000000e+00  1.53616418e-06]","[[-0.00102932  0.00027729]
 [-0.00190777 -0.0003613 ]]",[],0.0,0.0
1787133561.5655947,1.4466626108116325,-1.7709456149609537,1.1387329906298103,"[ 4.85135704e-07  2.00045083e-07  0.00000000e+00  0.00000000e+00
  0.00000000e+00 -8.53965010e-09  2.00045083e-07  7.62695353e-07
  0.00000000e+00  0.00000000e+00  0.00000000e+00  6.37386662e-08
  0.00000000e+00  0.00000000e+00  0.00000000e+00  0.00000000e+00
  0.00000000e+00  0.00000000e+00  0.00000000e+00  0.00000000e+00
  0.00000000e+00  0.00000000e+00  0.00000000e+00  0.00000000e+00
  0.00000000e+00  0.00000000e+00  0.00000000e+00  0.00000000e+00
  0.00000000e+00  0.00000000e+00 -8.53965010e-09  6.37386662e-08
  0.00000000e+00  0.00000000e+00  0.00000000e+00  1.53616418e-06]","[[-0.00102932  0.00027729]
 [-0.00190777 -0.0003613 ]]",[],0.0,0.0
1787133561.5960906,1.4466626108116325,-1.7709456149609537,1.1387329906298103,"[ 4.85135704e-07  2.00045083e-07  0.00000000e+00  0.00000000e+00
  0.00000000e+00 -8.53965010e-09  2.00045083e-07  7.62695353e-07
  0.00000000e+00  0.00000000e+00  0.00000000e+00  6.37386662e-08
  0.00000000e+00  0.00000000e+00  0.00000000e+00  0.00000000e+00
  0.00000000e+00  0.00000000e+00  0.00000000e+00  0.00000000e+00
  0.00000000e+00  0.00000000e+00  0.00000000e+00  0.00000000e+00
  0.00000000e+00  0.00000000e+00  0.00000000e+00  0.00000000e+00
  0.00000000e+00  0.00000000e+00 -8.53965010e-09  6.37386662e-08
  0.00000000e+00  0.00000000e+00  0.00000000e+00  1.53616418e-06]","[[-0.00102932  0.00027729]
 [-0.00190777 -0.0003613 ]]",[],0.0,0.0
1787133561.6495867,1.4466626108116325,-1.7709456149609537,1.1387329906298103,"[ 4.85135704e-07  2.00045083e-07  0.00000000e+00  0.00000000e+00
  0.00000000e+00 -8.53965010e-09  2.00045083e-07  7.62695353e-07
  0.00000000e+00  0.00000000e+00  0.00000000e+00  6.37386662e-08
  0.00000000e+00  0.00000000e+00  0.00000000e+00  0.00000000e+00
  0.00000000e+00  0.00000000e+00  0.00000000e+00  0.00000000e+00
  0.00000000e+00  0.00000000e+00  0.00000000e+00  0.00000000e+00
  0.00000000e+00  0.00000000e+00  0.00000000e+00  0.00000000e+00
  0.00000000e+00  0.00000000e+00 -8.53965010e-09  6.37386662e-08
  0.00000000e+00  0.00000000e+00  0.00000000e+00  1.53616418e-06]","[[-0.00102932  0.00027729]
 [-0.00190777 -0.0003613 ]]",[],0.0,0.0
1787133561.699287,1.4466626108116325,-1.7709456149609537,1.1387329906298103,"[ 4.85135704e-07  2.00045083e-07  0.00000000e+00  0.00000000e+00
  0.00000000e+00 -8.53965010e-09  2.00045083e-07  7.62695353e-07
  0.00000000e+00  0.00000000e+00  0.00000000e+00  6.37386662e-08
  0.00000000e+00  0.00000000e+00  0.00000000e+00  0.00000000e+00
  0.00000000e+00  0.00000000e+00  0.00000000e+00  0.00000000e+00
  0.00000000e+00  0.00000000e+00  0.00000000e+00  0.00000000e+00
  0.00000000e+00  0.00000000e+00  0.00000000e+00  0.00000000e+00
  0.00000000e+00  0.00000000e+00 -8.53965010e-09  6.37386662e-08
  0.00000000e+00  0.00000000e+00  0.00000000e+00  1.53616418e-06]","[[-0.00102932  0.00027729]
 [-0.00190777 -0.0003613 ]]",[],0.0,0.0
1787133561.7502246,1.4466626108116325,-1.7709456149609537,1.1387329906298103,"[ 4.85135704e-07  2.00045083e-07  0.00000000e+00  0.00000000e+00
  0.00000000e+00 -8.53965010e-09  2.00045083e-07  7.62695353e-07
  0.00000000e+00  0.00000000e+00  0.00000000e+00  6.37386662e-08
  0.00000000e+00  0.00000000e+00  0.00000000e+00  0.00000000e+00
  0.00000000e+00  0.00000000e+00  0.00000000e+00  0.00000000e+00
  0.00000000e+00  0.00000000e+00  0.00000000e+00  0.00000000e+00
  0.00000000e+00  0.00000000e+00  0.00000000e+00  0.00000000e+00
  0.00000000e+00  0.00000000e+00 -8.53965010e-09  6.37386662e-08
  0.00000000e+00  0.00000000e+00  0.00000000e+00  1.53616418e-06]","[[-0.00102932  0.00027729]
 [-0.00190777 -0.0003613 ]]",[],0.0,0.0
1787133561.8035638,1.4466626108116325,-1.7709456149609537,1.1387329906298103,"[ 4.85135704e-07  2.00045083e-07  0.00000000e+00  0.00000000e+00
  0.00000000e+00 -8.53965010e-09  2.00045083e-07  7.62695353e-07
  0.00000000e+00  0.00000000e+00  0.00000000e+00  6.37386662e-08
  0.00000000e+00  0.00000000e+00  0.00000000e+00  0.00000000e+00
  0.00000000e+00  0.00000000e+00  0.00000000e+00  0.00000000e+00
  0.00000000e+00  0.00000000e+00  0.00000000e+00  0.00000000e+00
  0.00000000e+00  0.00000000e+00  0.00000000e+00  0.00000000e+00
  0.00000000e+00  0.00000000e+00 -8.53965010e-09  6.37386662e-08
  0.00000000e+00  0.00000000e+00  0.00000000e+00  1.53616418e-06]","[[-0.00102932  0.00027729]
 [-0.00190777 -0.0003613 ]]",[],0.0,0.0
1787133561.8599696,1.4466626108116325,-1.7709456149609537,1.1387329906298103,"[ 4.85135704e-07  2.00045083e-07  0.00000000e+00  0.00000000e+00
  0.00000000e+00 -8.53965010e-09  2.00045083e-07  7.62695353e-07
  0.00000000e+00  0.00000000e+00  0.00000000e+00  6.37386662e-08
  0.00000000e+00  0.00000000e+00  0.00000000e+00  0.00000000e+00
  0.00000000e+00  0.00000000e+00  0.00000000e+00  0.00000000e+00
  0.00000000e+00  0.00000000e+00  0.00000000e+00  0.00000000e+00
  0.00000000e+00  0.00000000e+00  0.00000000e+00  0.00000000e+00
  0.00000000e+00  0.00000000e+00 -8.53965010e-09  6.37386662e-08
  0.00000000e+00  0.00000000e+00  0.00000000e+00  1.53616418e-06]","[[-0.00102932  0.00027729]
 [-0.00190777 -0.0003613 ]]",[],0.0,0.0
1787133561.8961003,1.4466626108116325,-1.7709456149609537,1.1387329906298103,"[ 4.85135704e-07  2.00045083e-07  0.00000000e+00  0.00000000e+00
  0.00000000e+00 -8.53965010e-09  2.00045083e-07  7.62695353e-07
  0.00000000e+00  0.00000000e+00  0.00000000e+00  6.37386662e-08
  0.00000000e+00  0.00000000e+00  0.00000000e+00  0.00000000e+00
  0.00000000e+00  0.00000000e+00  0.00000000e+00  0.00000000e+00
  0.00000000e+00  0.00000000e+00  0.00000000e+00  0.00000000e+00
  0.00000000e+00  0.00000000e+00  0.00000000e+00  0.00000000e+00
  0.00000000e+00  0.00000000e+00 -8.53965010e-09  6.37386662e-08
  0.00000000e+00  0.00000000e+00  0.00000000e+00  1.53616418e-06]","[[-0.00102932  0.00027729]
 [-0.00190777 -0.0003613 ]]",[],0.0,0.0
1787133561.9578285,1.4466626108116325,-1.7709456149609537,1.1387329906298103,"[ 4.85135704e-07  2.00045083e-07  0.00000000e+00  0.00000000e+00
  0.00000000e+00 -8.53965010e-09  2.00045083e-07  7.62695353e-07
  0.00000000e+00  0.00000000e+00  0.00000000e+00  6.37386662e-08
  0.00000000e+00  0.00000000e+00  0.00000000e+00  0.00000000e+00
  0.00000000e+00  0.00000000e+00  0.00000000e+00  0.00000000e+00
  0.00000000e+00  0.00000000e+00  0.00000000e+00  0.00000000e+00
  0.00000000e+00  0.00000000e+00  0.00000000e+00  0.00000000e+00
  0.00000000e+00  0.00000000e+00 -8.53965010e-09  6.37386662e-08
  0.00000000e+00  0.00000000e+00  0.00000000e+00  1.53616418e-06]","[[-0.00102932  0.00027729]
 [-0.00190777 -0.0003613 ]]",[],0.0,0.0
1787133562.0116317,1.4386231536578291,-1.7762559903262671,1.1524637480061504,"[ 4.46552324e-07  2.04552310e-07  0.00000000e+00  0.00000000e+00
  0.00000000e+00 -9.55101899e-09  2.04552310e-07  7.47058821e-07
  0.00000000e+00  0.00000000e+00  0.00000000e+00  5.20764048e-08
  0.00000000e+00  0.00000000e+00  0.00000000e+00  0.00000000e+00
  0.00000000e+00  0.00000000e+00  0.00000000e+00  0.00000000e+00
  0.00000000e+00  0.00000000e+00  0.00000000e+00  0.00000000e+00
  0.00000000e+00  0.00000000e+00  0.00000000e+00  0.00000000e+00
  0.00000000e+00  0.00000000e+00 -9.55101899e-09  5.20764048e-08
  0.00000000e+00  0.00000000e+00  0.00000000e+00  1.53663295e-06]","[[-0.00097993  0.0002577 ]
 [-0.00188662 -0.00030439]]",[],0.0,0.0
1787133562.0467856,1.4386231536578291,-1.7762559903262671,1.1524637480061504,"[ 4.46552324e-07  2.04552310e-07  0.00000000e+00  0.00000000e+00
  0.00000000e+00 -9.55101899e-09  2.04552310e-07  7.47058821e-07
  0.00000000e+00  0.00000000e+00  0.00000000e+00  5.20764048e-08
  0.00000000e+00  0.00000000e+00  0.00000000e+00  0.00000000e+00
  0.00000000e+00  0.00000000e+00  0.00000000e+00  0.00000000e+00
  0.00000000e+00  0.00000000e+00  0.00000000e+00  0.00000000e+00
  0.00000000e+00  0.00000000e+00  0.00000000e+00  0.00000000e+00
  0.00000000e+00  0.00000000e+00 -9.55101899e-09  5.20764048e-08
  0.00000000e+00  0.00000000e+00  0.00000000e+00  1.53663295e-06]","[[-0.00097993  0.0002577 ]
 [-0.00188662 -0.00030439]]",[],0.0,0.0
1787133562.1215372,1.4386231536578291,-1.7762559903262671,1.1524637480061504,"[ 4.46552324e-07  2.04552310e-07  0.00000000e+00  0.00000000e+00
  0.00000000e+00 -9.55101899e-09  2.04552310e-07  7.47058821e-07
  0.00000000e+00  0.00000000e+00  0.00000000e+00  5.20764048e-08
  0.00000000e+00  0.00000000e+00  0.00000000e+00  0.00000000e+00
  0.00000000e+00  0.00000000e+00  0.00000000e+00  0.00000000e+00
  0.00000000e+00  0.00000000e+00  0.00000000e+00  0.00000000e+00
  0.00000000e+00  0.00000000e+00  0.00000000e+00  0.00000000e+00
  0.00000000e+00  0.00000000e+00 -9.55101899e-09  5.20764048e-08
  0.00000000e+00  0.00000000e+00  0.00000000e+00  1.53663295e-06]","[[-0.00097993  0.0002577 ]
 [-0.00188662 -0.00030439]]",[],0.0,0.0
1787133562.146964,1.4386231536578291,-1.7762559903262671,1.1524637480061504,"[ 4.46552324e-07  2.04552310e-07  0.00000000e+00  0.00000000e+00
  0.00000000e+00 -9.55101899e-09  2.04552310e-07  7.47058821e-07
  0.00000000e+00  0.00000000e+00  0.00000000e+00  5.20764048e-08
  0.00000000e+00  0.00000000e+00  0.00000000e+00  0.00000000e+00
  0.00000000e+00  0.00000000e+00  0.00000000e+00  0.00000000e+00
  0.00000000e+00  0.00000000e+00  0.00000000e+00  0.00000000e+00
  0.00000000e+00  0.00000000e+00  0.00000000e+00  0.00000000e+00
  0.00000000e+00  0.00000000e+00 -9.55101899e-09  5.20764048e-08
  0.00000000e+00  0.00000000e+00  0.00000000e+00  1.53663295e-06]","[[-0.00097993  0.0002577 ]
 [-0.00188662 -0.00030439]]",[],0.0,0.0
1787133562.1963997,1.4386231536578291,-1.7762559903262671,1.1524637480061504,"[ 4.46552324e-07  2.04552310e-07  0.00000000e+00  0.00000000e+00
  0.00000000e+00 -9.55101899e-09  2.04552310e-07  7.47058821e-07
  0.00000000e+00  0.00000000e+00  0.00000000e+00  5.20764048e-08
  0.00000000e+00  0.00000000e+00  0.00000000e+00  0.00000000e+00
  0.00000000e+00  0.00000000e+00  0.00000000e+00  0.00000000e+00
  0.00000000e+00  0.00000000e+00  0.00000000e+00  0.00000000e+00
  0.00000000e+00  0.00000000e+00  0.00000000e+00  0.00000000e+00
  0.00000000e+00  0.00000000e+00 -9.55101899e-09  5.20764048e-08
  0.00000000e+00  0.00000000e+00  0.00000000e+00  1.53663295e-06]","[[-0.00097993  0.0002577 ]
 [-0.00188662 -0.00030439]]",[],0.0,0.0
1787133562.2686868,1.4386231536578291,-1.7762559903262671,1.1524637480061504,"[ 4.46552324e-07  2.04552310e-07  0.00000000e+00  0.00000000e+00
  0.00000000e+00 -9.55101899e-09  2.04552310e-07  7.47058821e-07
  0.00000000e+00  0.00000000e+00  0.00000000e+00  5.20764048e-08
  0.00000000e+00  0.00000000e+00  0.00000000e+00  0.00000000e+00
  0.00000000e+00  0.00000000e+00  0.00000000e+00  0.00000000e+00
  0.00000000e+00  0.00000000e+00  0.00000000e+00  0.00000000e+00
  0.00000000e+00  0.00000000e+00  0.00000000e+00  0.00000000e+00
  0.00000000e+00  0.00000000e+00 -9.55101899e-09  5.20764048e-08
  0.00000000e+00  0.00000000e+00  0.00000000e+00  1.53663295e-06]","[[-0.00097993  0.0002577 ]
 [-0.00188662 -0.00030439]]",[],0.0,0.0
1787133562.3182206,1.4386231536578291,-1.7762559903262671,1.1524637480061504,"[ 4.46552324e-07  2.04552310e-07  0.00000000e+00  0.00000000e+00
  0.00000000e+00 -9.55101899e-09  2.04552310e-07  7.47058821e-07
  0.00000000e+00  0.00000000e+00  0.00000000e+00  5.20764048e-08
  0.00000000e+00  0.00000000e+00  0.00000000e+00  0.00000000e+00
  0.00000000e+00  0.00000000e+00  0.00000000e+00  0.00000000e+00
  0.00000000e+00  0.00000000e+00  0.00000000e+00  0.00000000e+00
  0.00000000e+00  0.00000000e+00  0.00000000e+00  0.00000000e+00
  0.00000000e+00  0.00000000e+00 -9.55101899e-09  5.20764048e-08
  0.00000000e+00  0.00000000e+00  0.00000000e+00  1.53663295e-06]","[[-0.00097993  0.0002577 ]
 [-0.00188662 -0.00030439]]",[],0.0,0.0
1787133562.3474457,1.4386231536578291,-1.7762559903262671,1.1524637480061504,"[ 4.46552324e-07  2.04552310e-07  0.00000000e+00  0.00000000e+00
  0.00000000e+00 -9.55101899e-09  2.04552310e-07  7.47058821e-07
  0.00000000e+00  0.00000000e+00  0.00000000e+00  5.20764048e-08
  0.00000000e+00  0.00000000e+00  0.00000000e+00  0.00000000e+00
  0.00000000e+00  0.00000000e+00  0.00000000e+00  0.00000000e+00
  0.00000000e+00  0.00000000e+00  0.00000000e+00  0.00000000e+00
  0.00000000e+00  0.00000000e+00  0.00000000e+00  0.00000000e+00
  0.00000000e+00  0.00000000e+00 -9.55101899e-09  5.20764048e-08
  0.00000000e+00  0.00000000e+00  0.00000000e+00  1.53663295e-06]","[[-0.00097993  0.0002577 ]
 [-0.00188662 -0.00030439]]",[],0.0,0.0
1787133562.3960056,1.4386231536578291,-1.7762559903262671,1.1524637480061504,"[ 4.46552324e-07  2.04552310e-07  0.00000000e+00  0.00000000e+00
  0.00000000e+00 -9.55101899e-09  2.04552310e-07  7.47058821e-07
  0.00000000e+00  0.00000000e+00  0.00000000e+00  5.20764048e-08
  0.00000000e+00  0.00000000e+00  0.00000000e+00  0.00000000e+00
  0.00000000e+00  0.00000000e+00  0.00000000e+00  0.00000000e+00
  0.00000000e+00  0.00000000e+00  0.00000000e+00  0.00000000e+00
  0.00000000e+00  0.00000000e+00  0.00000000e+00  0.00000000e+00
  0.00000000e+00  0.00000000e+00 -9.55101899e-09  5.20764048e-08
  0.00000000e+00  0.00000000e+00  0.00000000e+00  1.53663295e-06]","[[-0.00097993  0.0002577 ]
 [-0.00188662 -0.00030439]]",[],0.0,0.0
1787133562.4469316,1.4386231536578291,-1.7762559903262671,1.1524637480061504,"[ 4.46552324e-07  2.04552310e-07  0.00000000e+00  0.00000000e+00
  0.00000000e+00 -9.55101899e-09  2.04552310e-07  7.47058821e-07
  0.00000000e+00  0.00000000e+00  0.00000000e+00  5.20764048e-08
  0.00000000e+00  0.00000000e+00  0.00000000e+00  0.00000000e+00
  0.00000000e+00  0.00000000e+00  0.00000000e+00  0.00000000e+00
  0.00000000e+00  0.00000000e+00  0.00000000e+00  0.00000000e+00
  0.00000000e+00  0.00000000e+00  0.00000000e+00  0.00000000e+00
  0.00000000e+00  0.00000000e+00 -9.55101899e-09  5.20764048e-08
  0.00000000e+00  0.00000000e+00  0.00000000e+00  1.53663295e-06]","[[-0.00097993  0.0002577 ]
 [-0.00188662 -0.00030439]]",[],0.0,0.0
1787133562.496979,1.4386231536578291,-1.7762559903262671,1.1524637480061504,"[ 4.46552324e-07  2.04552310e-07  0.00000000e+00  0.00000000e+00
  0.00000000e+00 -9.55101899e-09  2.04552310e-07  7.47058821e-07
  0.00000000e+00  0.00000000e+00  0.00000000e+00  5.20764048e-08
  0.00000000e+00  0.00000000e+00  0.00000000e+00  0.00000000e+00
  0.00000000e+00  0.00000000e+00  0.00000000e+00  0.00000000e+00
  0.00000000e+00  0.00000000e+00  0.00000000e+00  0.00000000e+00
  0.00000000e+00  0.00000000e+00  0.00000000e+00  0.00000000e+00
  0.00000000e+00  0.00000000e+00 -9.55101899e-09  5.20764048e-08
  0.00000000e+00  0.00000000e+00  0.00000000e+00  1.53663295e-06]","[[-0.00097993  0.0002577 ]
 [-0.00188662 -0.00030439]]",[],0.0,0.0
1787133562.580898,1.4386231536578291,-1.7762559903262671,1.1524637480061504,"[ 4.46552324e-07  2.04552310e-07  0.00000000e+00  0.00000000e+00
  0.00000000e+00 -9.55101899e-09  2.04552310e-07  7.47058821e-07
  0.00000000e+00  0.00000000e+00  0.00000000e+00  5.20764048e-08
  0.00000000e+00  0.00000000e+00  0.00000000e+00  0.00000000e+00
  0.00000000e+00  0.00000000e+00  0.00000000e+00  0.00000000e+00
  0.00000000e+00  0.00000000e+00  0.00000000e+00  0.00000000e+00
  0.00000000e+00  0.00000000e+00  0.00000000e+00  0.00000000e+00
  0.00000000e+00  0.00000000e+00 -9.55101899e-09  5.20764048e-08
  0.00000000e+00  0.00000000e+00  0.00000000e+00  1.53663295e-06]","[[-0.00097993  0.0002577 ]
 [-0.00188662 -0.00030439]]",[],0.0,0.0
1787133562.5984676,1.4386231536578291,-1.7762559903262671,1.1524637480061504,"[ 4.46552324e-07  2.04552310e-07  0.00000000e+00  0.00000000e+00
  0.00000000e+00 -9.55101899e-09  2.04552310e-07  7.47058821e-07
  0.00000000e+00  0.00000000e+00  0.00000000e+00  5.20764048e-08
  0.00000000e+00  0.00000000e+00  0.00000000e+00  0.00000000e+00
  0.00000000e+00  0.00000000e+00  0.00000000e+00  0.00000000e+00
  0.00000000e+00  0.00000000e+00  0.00000000e+00  0.00000000e+00
  0.00000000e+00  0.00000000e+00  0.00000000e+00  0.00000000e+00
  0.00000000e+00  0.00000000e+00 -9.55101899e-09  5.20764048e-08
  0.00000000e+00  0.00000000e+00  0.00000000e+00  1.53663295e-06]","[[-0.00097993  0.0002577 ]
 [-0.00188662 -0.00030439]]",[],0.0,0.0
1787133562.6462479,1.4386231536578291,-1.7762559903262671,1.1524637480061504,"[ 4.46552324e-07  2.04552310e-07  0.00000000e+00  0.00000000e+00
  0.00000000e+00 -9.55101899e-09  2.04552310e-07  7.47058821e-07
  0.00000000e+00  0.00000000e+00  0.00000000e+00  5.20764048e-08
  0.00000000e+00  0.00000000e+00  0.00000000e+00  0.00000000e+00
  0.00000000e+00  0.00000000e+00  0.00000000e+00  0.00000000e+00
  0.00000000e+00  0.00000000e+00  0.00000000e+00  0.00000000e+00
  0.00000000e+00  0.00000000e+00  0.00000000e+00  0.00000000e+00
  0.00000000e+00  0.00000000e+00 -9.55101899e-09  5.20764048e-08
  0.00000000e+00  0.00000000e+00  0.00000000e+00  1.53663295e-06]","[[-0.00097993  0.0002577 ]
 [-0.00188662 -0.00030439]]",[],0.0,0.0
1787133562.704973,1.4386231536578291,-1.7762559903262671,1.1524637480061504,"[ 4.46552324e-07  2.04552310e-07  0.00000000e+00  0.00000000e+00
  0.00000000e+00 -9.55101899e-09  2.04552310e-07  7.47058821e-07
  0.00000000e+00  0.00000000e+00  0.00000000e+00  5.20764048e-08
  0.00000000e+00  0.00000000e+00  0.00000000e+00  0.00000000e+00
  0.00000000e+00  0.00000000e+00  0.00000000e+00  0.00000000e+00
  0.00000000e+00  0.00000000e+00  0.00000000e+00  0.00000000e+00
  0.00000000e+00  0.00000000e+00  0.00000000e+00  0.00000000e+00
  0.00000000e+00  0.00000000e+00 -9.55101899e-09  5.20764048e-08
  0.00000000e+00  0.00000000e+00  0.00000000e+00  1.53663295e-06]","[[-0.00097993  0.0002577 ]
 [-0.00188662 -0.00030439]]",[],0.0,0.0
1787133562.7466369,1.4386231536578291,-1.7762559903262671,1.1524637480061504,"[ 4.46552324e-07  2.04552310e-07  0.00000000e+00  0.00000000e+00
  0.00000000e+00 -9.55101899e-09  2.04552310e-07  7.47058821e-07
  0.00000000e+00  0.00000000e+00  0.00000000e+00  5.20764048e-08
  0.00000000e+00  0.00000000e+00  0.00000000e+00  0.00000000e+00
  0.00000000e+00  0.00000000e+00  0.00000000e+00  0.00000000e+00
  0.00000000e+00  0.00000000e+00  0.00000000e+00  0.00000000e+00
  0.00000000e+00  0.00000000e+00  0.00000000e+00  0.00000000e+00
  0.00000000e+00  0.00000000e+00 -9.55101899e-09  5.20764048e-08
  0.00000000e+00  0.00000000e+00  0.00000000e+00  1.53663295e-06]","[[-0.00097993  0.0002577 ]
 [-0.00188662 -0.00030439]]",[],0.0,0.0
1787133562.7972853,1.4314370285488056,-1.7826210635438808,1.1615902967803091,"[ 4.14769070e-07  2.08770379e-07  0.00000000e+00  0.00000000e+00
  0.00000000e+00 -2.74397765e-09  2.08770379e-07  7.37865473e-07
  0.00000000e+00  0.00000000e+00  0.00000000e+00  5.84904739e-08
  0.00000000e+00  0.00000000e+00  0.00000000e+00  0.00000000e+00
  0.00000000e+00  0.00000000e+00  0.00000000e+00  0.00000000e+00
  0.00000000e+00  0.00000000e+00  0.00000000e+00  0.00000000e+00
  0.00000000e+00  0.00000000e+00  0.00000000e+00  0.00000000e+00
  0.00000000e+00  0.00000000e+00 -2.74397765e-09  5.84904739e-08
  0.00000000e+00  0.00000000e+00  0.00000000e+00  1.54261513e-06]","[[-0.00092471  0.00022384]
 [-0.00188626 -0.00029682]]",[],0.0,0.0
1787133562.8481283,1.4314370285488056,-1.7826210635438808,1.1615902967803091,"[ 4.14769070e-07  2.08770379e-07  0.00000000e+00  0.00000000e+00
  0.00000000e+00 -2.74397765e-09  2.08770379e-07  7.37865473e-07
  0.00000000e+00  0.00000000e+00  0.00000000e+00  5.84904739e-08
  0.00000000e+00  0.00000000e+00  0.00000000e+00  0.00000000e+00
  0.00000000e+00  0.00000000e+00  0.00000000e+00  0.00000000e+00
  0.00000000e+00  0.00000000e+00  0.00000000e+00  0.00000000e+00
  0.00000000e+00  0.00000000e+00  0.00000000e+00  0.00000000e+00
  0.00000000e+00  0.00000000e+00 -2.74397765e-09  5.84904739e-08
  0.00000000e+00  0.00000000e+00  0.00000000e+00  1.54261513e-06]","[[-0.00092471  0.00022384]
 [-0.00188626 -0.00029682]]",[],0.0,0.0
1787133562.9093251,1.4314370285488056,-1.7826210635438808,1.1615902967803091,"[ 4.14769070e-07  2.08770379e-07  0.00000000e+00  0.00000000e+00
  0.00000000e+00 -2.74397765e-09  2.08770379e-07  7.37865473e-07
  0.00000000e+00  0.00000000e+00  0.00000000e+00  5.84904739e-08
  0.00000000e+00  0.00000000e+00  0.00000000e+00  0.00000000e+00
  0.00000000e+00  0.00000000e+00  0.00000000e+00  0.00000000e+00
  0.00000000e+00  0.00000000e+00  0.00000000e+00  0.00000000e+00
  0.00000000e+00  0.00000000e+00  0.00000000e+00  0.00000000e+00
  0.00000000e+00  0.00000000e+00 -2.74397765e-09  5.84904739e-08
  0.00000000e+00  0.00000000e+00  0.00000000e+00  1.54261513e-06]","[[-0.00092471  0.00022384]
 [-0.00188626 -0.00029682]]",[],0.0,0.0
1787133562.9473472,1.4314370285488056,-1.7826210635438808,1.1615902967803091,"[ 4.14769070e-07  2.08770379e-07  0.00000000e+00  0.00000000e+00
  0.00000000e+00 -2.74397765e-09  2.08770379e-07  7.37865473e-07
  0.00000000e+00  0.00000000e+00  0.00000000e+00  5.84904739e-08
  0.00000000e+00  0.00000000e+00  0.00000000e+00  0.00000000e+00
  0.00000000e+00  0.00000000e+00  0.00000000e+00  0.00000000e+00
  0.00000000e+00  0.00000000e+00  0.00000000e+00  0.00000000e+00
  0.00000000e+00  0.00000000e+00  0.00000000e+00  0.00000000e+00
  0.00000000e+00  0.00000000e+00 -2.74397765e-09  5.84904739e-08
  0.00000000e+00  0.00000000e+00  0.00000000e+00  1.54261513e-06]","[[-0.00092471  0.00022384]
 [-0.00188626 -0.00029682]]",[],0.0,0.0
1787133562.9984066,1.4314370285488056,-1.7826210635438808,1.1615902967803091,"[ 4.14769070e-07  2.08770379e-07  0.00000000e+00  0.00000000e+00
  0.00000000e+00 -2.74397765e-09  2.08770379e-07  7.37865473e-07
  0.00000000e+00  0.00000000e+00  0.00000000e+00  5.84904739e-08
  0.00000000e+00  0.00000000e+00  0.00000000e+00  0.00000000e+00
  0.00000000e+00  0.00000000e+00  0.00000000e+00  0.00000000e+00
  0.00000000e+00  0.00000000e+00  0.00000000e+00  0.00000000e+00
  0.00000000e+00  0.00000000e+00  0.00000000e+00  0.00000000e+00
  0.00000000e+00  0.00000000e+00 -2.74397765e-09  5.84904739e-08
  0.00000000e+00  0.00000000e+00  0.00000000e+00  1.54261513e-06]","[[-0.00092471  0.00022384]
 [-0.00188626 -0.00029682]]",[],0.0,0.0
1787133563.0460663,1.4314370285488056,-1.7826210635438808,1.1615902967803091,"[ 4.14769070e-07  2.08770379e-07  0.00000000e+00  0.00000000e+00
  0.00000000e+00 -2.74397765e-09  2.08770379e-07  7.37865473e-07
  0.00000000e+00  0.00000000e+00  0.00000000e+00  5.84904739e-08
  0.00000000e+00  0.00000000e+00  0.00000000e+00  0.00000000e+00
  0.00000000e+00  0.00000000e+00  0.00000000e+00  0.00000000e+00
  0.00000000e+00  0.00000000e+00  0.00000000e+00  0.00000000e+00
  0.00000000e+00  0.00000000e+00  0.00000000e+00  0.00000000e+00
  0.00000000e+00  0.00000000e+00 -2.74397765e-09  5.84904739e-08
  0.00000000e+00  0.00000000e+00  0.00000000e+00  1.54261513e-06]","[[-0.00092471  0.00022384]
 [-0.00188626 -0.00029682]]",[],0.0,0.0
1787133563.0973415,1.4314370285488056,-1.7826210635438808,1.1615902967803091,"[ 4.14769070e-07  2.08770379e-07  0.00000000e+00  0.00000000e+00
  0.00000000e+00 -2.74397765e-09  2.08770379e-07  7.37865473e-07
  0.00000000e+00  0.00000000e+00  0.00000000e+00  5.84904739e-08
  0.00000000e+00  0.00000000e+00  0.00000000e+00  0.00000000e+00
  0.00000000e+00  0.00000000e+00  0.00000000e+00  0.00000000e+00
  0.00000000e+00  0.00000000e+00  0.00000000e+00  0.00000000e+00
  0.00000000e+00  0.00000000e+00  0.00000000e+00  0.00000000e+00
  0.00000000e+00  0.00000000e+00 -2.74397765e-09  5.84904739e-08
  0.00000000e+00  0.00000000e+00  0.00000000e+00  1.54261513e-06]","[[-0.00092471  0.00022384]
 [-0.00188626 -0.00029682]]",[],0.0,0.0
1787133563.146365,1.4314370285488056,-1.7826210635438808,1.1615902967803091,"[ 4.14769070e-07  2.08770379e-07  0.00000000e+00  0.00000000e+00
  0.00000000e+00 -2.74397765e-09  2.08770379e-07  7.37865473e-07
  0.00000000e+00  0.00000000e+00  0.00000000e+00  5.84904739e-08
  0.00000000e+00  0.00000000e+00  0.00000000e+00  0.00000000e+00
  0.00000000e+00  0.00000000e+00  0.00000000e+00  0.00000000e+00
  0.00000000e+00  0.00000000e+00  0.00000000e+00  0.00000000e+00
  0.00000000e+00  0.00000000e+00  0.00000000e+00  0.00000000e+00
  0.00000000e+00  0.00000000e+00 -2.74397765e-09  5.84904739e-08
  0.00000000e+00  0.00000000e+00  0.00000000e+00  1.54261513e-06]","[[-0.00092471  0.00022384]
 [-0.00188626 -0.00029682]]",[],0.0,0.0
1787133563.2064917,1.4314370285488056,-1.7826210635438808,1.1615902967803091,"[ 4.14769070e-07  2.08770379e-07  0.00000000e+00  0.00000000e+00
  0.00000000e+00 -2.74397765e-09  2.08770379e-07  7.37865473e-07
  0.00000000e+00  0.00000000e+00  0.00000000e+00  5.84904739e-08
  0.00000000e+00  0.00000000e+00  0.00000000e+00  0.00000000e+00
  0.00000000e+00  0.00000000e+00  0.00000000e+00  0.00000000e+00
  0.00000000e+00  0.00000000e+00  0.00000000e+00  0.00000000e+00
  0.00000000e+00  0.00000000e+00  0.00000000e+00  0.00000000e+00
  0.00000000e+00  0.00000000e+00 -2.74397765e-09  5.84904739e-08
  0.00000000e+00  0.00000000e+00  0.00000000e+00  1.54261513e-06]","[[-0.00092471  0.00022384]
 [-0.00188626 -0.00029682]]",[],0.0,0.0
1787133563.279537,1.4314370285488056,-1.7826210635438808,1.1615902967803091,"[ 4.14769070e-07  2.08770379e-07  0.00000000e+00  0.00000000e+00
  0.00000000e+00 -2.74397765e-09  2.08770379e-07  7.37865473e-07
  0.00000000e+00  0.00000000e+00  0.00000000e+00  5.84904739e-08
  0.00000000e+00  0.00000000e+00  0.00000000e+00  0.00000000e+00
  0.00000000e+00  0.00000000e+00  0.00000000e+00  0.00000000e+00
  0.00000000e+00  0.00000000e+00  0.00000000e+00  0.00000000e+00
  0.00000000e+00  0.00000000e+00  0.00000000e+00  0.00000000e+00
  0.00000000e+00  0.00000000e+00 -2.74397765e-09  5.84904739e-08
  0.00000000e+00  0.00000000e+00  0.00000000e+00  1.54261513e-06]","[[-0.00092471  0.00022384]
 [-0.00188626 -0.00029682]]",[],0.0,0.0
1787133563.3018997,1.4314370285488056,-1.7826210635438808,1.1615902967803091,"[ 4.14769070e-07  2.08770379e-07  0.00000000e+00  0.00000000e+00
  0.00000000e+00 -2.74397765e-09  2.08770379e-07  7.37865473e-07
  0.00000000e+00  0.00000000e+00  0.00000000e+00  5.84904739e-08
  0.00000000e+00  0.00000000e+00  0.00000000e+00  0.00000000e+00
  0.00000000e+00  0.00000000e+00  0.00000000e+00  0.00000000e+00
  0.00000000e+00  0.00000000e+00  0.00000000e+00  0.00000000e+00
  0.00000000e+00  0.00000000e+00  0.00000000e+00  0.00000000e+00
  0.00000000e+00  0.00000000e+00 -2.74397765e-09  5.84904739e-08
  0.00000000e+00  0.00000000e+00  0.00000000e+00  1.54261513e-06]","[[-0.00092471  0.00022384]
 [-0.00188626 -0.00029682]]",[],0.0,0.0
1787133563.346168,1.4314370285488056,-1.7826210635438808,1.1615902967803091,"[ 4.14769070e-07  2.08770379e-07  0.00000000e+00  0.00000000e+00
  0.00000000e+00 -2.74397765e-09  2.08770379e-07  7.37865473e-07
  0.00000000e+00  0.00000000e+00  0.00000000e+00  5.84904739e-08
  0.00000000e+00  0.00000000e+00  0.00000000e+00  0.00000000e+00
  0.00000000e+00  0.00000000e+00  0.00000000e+00  0.00000000e+00
  0.00000000e+00  0.00000000e+00  0.00000000e+00  0.00000000e+00
  0.00000000e+00  0.00000000e+00  0.00000000e+00  0.00000000e+00
  0.00000000e+00  0.00000000e+00 -2.74397765e-09  5.84904739e-08
  0.00000000e+00  0.00000000e+00  0.00000000e+00  1.54261513e-06]","[[-0.00092471  0.00022384]
 [-0.00188626 -0.00029682]]",[],0.0,0.0
1787133563.39618,1.4314370285488056,-1.7826210635438808,1.1615902967803091,"[ 4.14769070e-07  2.08770379e-07  0.00000000e+00  0.00000000e+00
  0.00000000e+00 -2.74397765e-09  2.08770379e-07  7.37865473e-07
  0.00000000e+00  0.00000000e+00  0.00000000e+00  5.84904739e-08
  0.00000000e+00  0.00000000e+00  0.00000000e+00  0.00000000e+00
  0.00000000e+00  0.00000000e+00  0.00000000e+00  0.00000000e+00
  0.00000000e+00  0.00000000e+00  0.00000000e+00  0.00000000e+00
  0.00000000e+00  0.00000000e+00  0.00000000e+00  0.00000000e+00
  0.00000000e+00  0.00000000e+00 -2.74397765e-09  5.84904739e-08
  0.00000000e+00  0.00000000e+00  0.00000000e+00  1.54261513e-06]","[[-0.00092471  0.00022384]
 [-0.00188626 -0.00029682]]",[],0.0,0.0
1787133563.4469173,1.4314370285488056,-1.7826210635438808,1.1615902967803091,"[ 4.14769070e-07  2.08770379e-07  0.00000000e+00  0.00000000e+00
  0.00000000e+00 -2.74397765e-09  2.08770379e-07  7.37865473e-07
  0.00000000e+00  0.00000000e+00  0.00000000e+00  5.84904739e-08
  0.00000000e+00  0.00000000e+00  0.00000000e+00  0.00000000e+00
  0.00000000e+00  0.00000000e+00  0.00000000e+00  0.00000000e+00
  0.00000000e+00  0.00000000e+00  0.00000000e+00  0.00000000e+00
  0.00000000e+00  0.00000000e+00  0.00000000e+00  0.00000000e+00
  0.00000000e+00  0.00000000e+00 -2.74397765e-09  5.84904739e-08
  0.00000000e+00  0.00000000e+00  0.00000000e+00  1.54261513e-06]","[[-0.00092471  0.00022384]
 [-0.00188626 -0.00029682]]",[],0.0,0.0
1787133563.4964318,1.4314370285488056,-1.7826210635438808,1.1615902967803091,"[ 4.14769070e-07  2.08770379e-07  0.00000000e+00  0.00000000e+00
  0.00000000e+00 -2.74397765e-09  2.08770379e-07  7.37865473e-07
  0.00000000e+00  0.00000000e+00  0.00000000e+00  5.84904739e-08
  0.00000000e+00  0.00000000e+00  0.00000000e+00  0.00000000e+00
  0.00000000e+00  0.00000000e+00  0.00000000e+00  0.00000000e+00
  0.00000000e+00  0.00000000e+00  0.00000000e+00  0.00000000e+00
  0.00000000e+00  0.00000000e+00  0.00000000e+00  0.00000000e+00
  0.00000000e+00  0.00000000e+00 -2.74397765e-09  5.84904739e-08
  0.00000000e+00  0.00000000e+00  0.00000000e+00  1.54261513e-06]","[[-0.00092471  0.00022384]
 [-0.00188626 -0.00029682]]",[],0.0,0.0
1787133563.5470262,1.4314370285488056,-1.7826210635438808,1.1615902967803091,"[ 4.14769070e-07  2.08770379e-07  0.00000000e+00  0.00000000e+00
  0.00000000e+00 -2.74397765e-09  2.08770379e-07  7.37865473e-07
  0.00000000e+00  0.00000000e+00  0.00000000e+00  5.84904739e-08
  0.00000000e+00  0.00000000e+00  0.00000000e+00  0.00000000e+00
  0.00000000e+00  0.00000000e+00  0.00000000e+00  0.00000000e+00
  0.00000000e+00  0.00000000e+00  0.00000000e+00  0.00000000e+00
  0.00000000e+00  0.00000000e+00  0.00000000e+00  0.00000000e+00
  0.00000000e+00  0.00000000e+00 -2.74397765e-09  5.84904739e-08
  0.00000000e+00  0.00000000e+00  0.00000000e+00  1.54261513e-06]","[[-0.00092471  0.00022384]
 [-0.00188626 -0.00029682]]",[],0.0,0.0
1787133563.5965295,1.4314370285488056,-1.7826210635438808,1.1615902967803091,"[ 4.14769070e-07  2.08770379e-07  0.00000000e+00  0.00000000e+00
  0.00000000e+00 -2.74397765e-09  2.08770379e-07  7.37865473e-07
  0.00000000e+00  0.00000000e+00  0.00000000e+00  5.84904739e-08
  0.00000000e+00  0.00000000e+00  0.00000000e+00  0.00000000e+00
  0.00000000e+00  0.00000000e+00  0.00000000e+00  0.00000000e+00
  0.00000000e+00  0.00000000e+00  0.00000000e+00  0.00000000e+00
  0.00000000e+00  0.00000000e+00  0.00000000e+00  0.00000000e+00
  0.00000000e+00  0.00000000e+00 -2.74397765e-09  5.84904739e-08
  0.00000000e+00  0.00000000e+00  0.00000000e+00  1.54261513e-06]","[[-0.00092471  0.00022384]
 [-0.00188626 -0.00029682]]",[],0.0,0.0
1787133563.6613398,1.425060791727308,-1.7898303770222161,1.1722645305186088,"[ 3.88698374e-07  2.16793156e-07  0.00000000e+00  0.00000000e+00
  0.00000000e+00 -4.42427858e-09  2.16793156e-07  7.44633140e-07
  0.00000000e+00  0.00000000e+00  0.00000000e+00  5.74307401e-08
  0.00000000e+00  0.00000000e+00  0.00000000e+00  0.00000000e+00
  0.00000000e+00  0.00000000e+00  0.00000000e+00  0.00000000e+00
  0.00000000e+00  0.00000000e+00  0.00000000e+00  0.00000000e+00
  0.00000000e+00  0.00000000e+00  0.00000000e+00  0.00000000e+00
  0.00000000e+00  0.00000000e+00 -4.42427858e-09  5.74307401e-08
  0.00000000e+00  0.00000000e+00  0.00000000e+00  1.51077134e-06]","[[-0.00091411  0.00020773]
 [-0.00191025 -0.00028963]]",[],0.0,0.0
1787133563.6979842,1.425060791727308,-1.7898303770222161,1.1722645305186088,"[ 3.88698374e-07  2.16793156e-07  0.00000000e+00  0.00000000e+00
  0.00000000e+00 -4.42427858e-09  2.16793156e-07  7.44633140e-07
  0.00000000e+00  0.00000000e+00  0.00000000e+00  5.74307401e-08
  0.00000000e+00  0.00000000e+00  0.00000000e+00  0.00000000e+00
  0.00000000e+00  0.00000000e+00  0.00000000e+00  0.00000000e+00
  0.00000000e+00  0.00000000e+00  0.00000000e+00  0.00000000e+00
  0.00000000e+00  0.00000000e+00  0.00000000e+00  0.00000000e+00
  0.00000000e+00  0.00000000e+00 -4.42427858e-09  5.74307401e-08
  0.00000000e+00  0.00000000e+00  0.00000000e+00  1.51077134e-06]","[[-0.00091411  0.00020773]
 [-0.00191025 -0.00028963]]",[],0.0,0.0
1787133563.7844718,1.425060791727308,-1.7898303770222161,1.1722645305186088,"[ 3.88698374e-07  2.16793156e-07  0.00000000e+00  0.00000000e+00
  0.00000000e+00 -4.42427858e-09  2.16793156e-07  7.44633140e-07
  0.00000000e+00  0.00000000e+00  0.00000000e+00  5.74307401e-08
  0.00000000e+00  0.00000000e+00  0.00000000e+00  0.00000000e+00
  0.00000000e+00  0.00000000e+00  0.00000000e+00  0.00000000e+00
  0.00000000e+00  0.00000000e+00  0.00000000e+00  0.00000000e+00
  0.00000000e+00  0.00000000e+00  0.00000000e+00  0.00000000e+00
  0.00000000e+00  0.00000000e+00 -4.42427858e-09  5.74307401e-08
  0.00000000e+00  0.00000000e+00  0.00000000e+00  1.51077134e-06]","[[-0.00091411  0.00020773]
 [-0.00191025 -0.00028963]]",[],0.0,0.0
1787133563.8403776,1.425060791727308,-1.7898303770222161,1.1722645305186088,"[ 3.88698374e-07  2.16793156e-07  0.00000000e+00  0.00000000e+00
  0.00000000e+00 -4.42427858e-09  2.16793156e-07  7.44633140e-07
  0.00000000e+00  0.00000000e+00  0.00000000e+00  5.74307401e-08
  0.00000000e+00  0.00000000e+00  0.00000000e+00  0.00000000e+00
  0.00000000e+00  0.00000000e+00  0.00000000e+00  0.00000000e+00
  0.00000000e+00  0.00000000e+00  0.00000000e+00  0.00000000e+00
  0.00000000e+00  0.00000000e+00  0.00000000e+00  0.00000000e+00
  0.00000000e+00  0.00000000e+00 -4.42427858e-09  5.74307401e-08
  0.00000000e+00  0.00000000e+00  0.00000000e+00  1.51077134e-06]","[[-0.00091411  0.00020773]
 [-0.00191025 -0.00028963]]",[],0.0,0.0
1787133563.9436505,1.425060791727308,-1.7898303770222161,1.1722645305186088,"[ 3.88698374e-07  2.16793156e-07  0.00000000e+00  0.00000000e+00
  0.00000000e+00 -4.42427858e-09  2.16793156e-07  7.44633140e-07
  0.00000000e+00  0.00000000e+00  0.00000000e+00  5.74307401e-08
  0.00000000e+00  0.00000000e+00  0.00000000e+00  0.00000000e+00
  0.00000000e+00  0.00000000e+00  0.00000000e+00  0.00000000e+00
  0.00000000e+00  0.00000000e+00  0.00000000e+00  0.00000000e+00
  0.00000000e+00  0.00000000e+00  0.00000000e+00  0.00000000e+00
  0.00000000e+00  0.00000000e+00 -4.42427858e-09  5.74307401e-08
  0.00000000e+00  0.00000000e+00  0.00000000e+00  1.51077134e-06]","[[-0.00091411  0.00020773]
 [-0.00191025 -0.00028963]]",[],0.0,0.0
1787133563.9487562,1.425060791727308,-1.7898303770222161,1.1722645305186088,"[ 3.88698374e-07  2.16793156e-07  0.00000000e+00  0.00000000e+00
  0.00000000e+00 -4.42427858e-09  2.16793156e-07  7.44633140e-07
  0.00000000e+00  0.00000000e+00  0.00000000e+00  5.74307401e-08
  0.00000000e+00  0.00000000e+00  0.00000000e+00  0.00000000e+00
  0.00000000e+00  0.00000000e+00  0.00000000e+00  0.00000000e+00
  0.00000000e+00  0.00000000e+00  0.00000000e+00  0.00000000e+00
  0.00000000e+00  0.00000000e+00  0.00000000e+00  0.00000000e+00
  0.00000000e+00  0.00000000e+00 -4.42427858e-09  5.74307401e-08
  0.00000000e+00  0.00000000e+00  0.00000000e+00  1.51077134e-06]","[[-0.00091411  0.00020773]
 [-0.00191025 -0.00028963]]",[],0.0,0.0
1787133564.0059402,1.425060791727308,-1.7898303770222161,1.1722645305186088,"[ 3.88698374e-07  2.16793156e-07  0.00000000e+00  0.00000000e+00
  0.00000000e+00 -4.42427858e-09  2.16793156e-07  7.44633140e-07
  0.00000000e+00  0.00000000e+00  0.00000000e+00  5.74307401e-08
  0.00000000e+00  0.00000000e+00  0.00000000e+00  0.00000000e+00
  0.00000000e+00  0.00000000e+00  0.00000000e+00  0.00000000e+00
  0.00000000e+00  0.00000000e+00  0.00000000e+00  0.00000000e+00
  0.00000000e+00  0.00000000e+00  0.00000000e+00  0.00000000e+00
  0.00000000e+00  0.00000000e+00 -4.42427858e-09  5.74307401e-08
  0.00000000e+00  0.00000000e+00  0.00000000e+00  1.51077134e-06]","[[-0.00091411  0.00020773]
 [-0.00191025 -0.00028963]]",[],0.0,0.0
1787133564.0651014,1.425060791727308,-1.7898303770222161,1.1722645305186088,"[ 3.88698374e-07  2.16793156e-07  0.00000000e+00  0.00000000e+00
  0.00000000e+00 -4.42427858e-09  2.16793156e-07  7.44633140e-07
  0.00000000e+00  0.00000000e+00  0.00000000e+00  5.74307401e-08
  0.00000000e+00  0.00000000e+00  0.00000000e+00  0.00000000e+00
  0.00000000e+00  0.00000000e+00  0.00000000e+00  0.00000000e+00
  0.00000000e+00  0.00000000e+00  0.00000000e+00  0.00000000e+00
  0.00000000e+00  0.00000000e+00  0.00000000e+00  0.00000000e+00
  0.00000000e+00  0.00000000e+00 -4.42427858e-09  5.74307401e-08
  0.00000000e+00  0.00000000e+00  0.00000000e+00  1.51077134e-06]","[[-0.00091411  0.00020773]
 [-0.00191025 -0.00028963]]",[],0.0,0.0
1787133564.1238317,1.425060791727308,-1.7898303770222161,1.1722645305186088,"[ 3.88698374e-07  2.16793156e-07  0.00000000e+00  0.00000000e+00
  0.00000000e+00 -4.42427858e-09  2.16793156e-07  7.44633140e-07
  0.00000000e+00  0.00000000e+00  0.00000000e+00  5.74307401e-08
  0.00000000e+00  0.00000000e+00  0.00000000e+00  0.00000000e+00
  0.00000000e+00  0.00000000e+00  0.00000000e+00  0.00000000e+00
  0.00000000e+00  0.00000000e+00  0.00000000e+00  0.00000000e+00
  0.00000000e+00  0.00000000e+00  0.00000000e+00  0.00000000e+00
  0.00000000e+00  0.00000000e+00 -4.42427858e-09  5.74307401e-08
  0.00000000e+00  0.00000000e+00  0.00000000e+00  1.51077134e-06]","[[-0.00091411  0.00020773]
 [-0.00191025 -0.00028963]]",[],0.0,0.0
1787133564.1754205,1.425060791727308,-1.7898303770222161,1.1722645305186088,"[ 3.88698374e-07  2.16793156e-07  0.00000000e+00  0.00000000e+00
  0.00000000e+00 -4.42427858e-09  2.16793156e-07  7.44633140e-07
  0.00000000e+00  0.00000000e+00  0.00000000e+00  5.74307401e-08
  0.00000000e+00  0.00000000e+00  0.00000000e+00  0.00000000e+00
  0.00000000e+00  0.00000000e+00  0.00000000e+00  0.00000000e+00
  0.00000000e+00  0.00000000e+00  0.00000000e+00  0.00000000e+00
  0.00000000e+00  0.00000000e+00  0.00000000e+00  0.00000000e+00
  0.00000000e+00  0.00000000e+00 -4.42427858e-09  5.74307401e-08
  0.00000000e+00  0.00000000e+00  0.00000000e+00  1.51077134e-06]","[[-0.00091411  0.00020773]
 [-0.00191025 -0.00028963]]",[],0.0,0.0
1787133564.2659051,1.425060791727308,-1.7898303770222161,1.1722645305186088,"[ 3.88698374e-07  2.16793156e-07  0.00000000e+00  0.00000000e+00
  0.00000000e+00 -4.42427858e-09  2.16793156e-07  7.44633140e-07
  0.00000000e+00  0.00000000e+00  0.00000000e+00  5.74307401e-08
  0.00000000e+00  0.00000000e+00  0.00000000e+00  0.00000000e+00
  0.00000000e+00  0.00000000e+00  0.00000000e+00  0.00000000e+00
  0.00000000e+00  0.00000000e+00  0.00000000e+00  0.00000000e+00
  0.00000000e+00  0.00000000e+00  0.00000000e+00  0.00000000e+00
  0.00000000e+00  0.00000000e+00 -4.42427858e-09  5.74307401e-08
  0.00000000e+00  0.00000000e+00  0.00000000e+00  1.51077134e-06]","[[-0.00091411  0.00020773]
 [-0.00191025 -0.00028963]]",[],0.0,0.0
1787133564.297915,1.425060791727308,-1.7898303770222161,1.1722645305186088,"[ 3.88698374e-07  2.16793156e-07  0.00000000e+00  0.00000000e+00
  0.00000000e+00 -4.42427858e-09  2.16793156e-07  7.44633140e-07
  0.00000000e+00  0.00000000e+00  0.00000000e+00  5.74307401e-08
  0.00000000e+00  0.00000000e+00  0.00000000e+00  0.00000000e+00
  0.00000000e+00  0.00000000e+00  0.00000000e+00  0.00000000e+00
  0.00000000e+00  0.00000000e+00  0.00000000e+00  0.00000000e+00
  0.00000000e+00  0.00000000e+00  0.00000000e+00  0.00000000e+00
  0.00000000e+00  0.00000000e+00 -4.42427858e-09  5.74307401e-08
  0.00000000e+00  0.00000000e+00  0.00000000e+00  1.51077134e-06]","[[-0.00091411  0.00020773]
 [-0.00191025 -0.00028963]]",[],0.0,0.0
1787133564.3468375,1.425060791727308,-1.7898303770222161,1.1722645305186088,"[ 3.88698374e-07  2.16793156e-07  0.00000000e+00  0.00000000e+00
  0.00000000e+00 -4.42427858e-09  2.16793156e-07  7.44633140e-07
  0.00000000e+00  0.00000000e+00  0.00000000e+00  5.74307401e-08
  0.00000000e+00  0.00000000e+00  0.00000000e+00  0.00000000e+00
  0.00000000e+00  0.00000000e+00  0.00000000e+00  0.00000000e+00
  0.00000000e+00  0.00000000e+00  0.00000000e+00  0.00000000e+00
  0.00000000e+00  0.00000000e+00  0.00000000e+00  0.00000000e+00
  0.00000000e+00  0.00000000e+00 -4.42427858e-09  5.74307401e-08
  0.00000000e+00  0.00000000e+00  0.00000000e+00  1.51077134e-06]","[[-0.00091411  0.00020773]
 [-0.00191025 -0.00028963]]",[],0.0,0.0
1787133564.3960502,1.425060791727308,-1.7898303770222161,1.1722645305186088,"[ 3.88698374e-07  2.16793156e-07  0.00000000e+00  0.00000000e+00
  0.00000000e+00 -4.42427858e-09  2.16793156e-07  7.44633140e-07
  0.00000000e+00  0.00000000e+00  0.00000000e+00  5.74307401e-08
  0.00000000e+00  0.00000000e+00  0.00000000e+00  0.00000000e+00
  0.00000000e+00  0.00000000e+00  0.00000000e+00  0.00000000e+00
  0.00000000e+00  0.00000000e+00  0.00000000e+00  0.00000000e+00
  0.00000000e+00  0.00000000e+00  0.00000000e+00  0.00000000e+00
  0.00000000e+00  0.00000000e+00 -4.42427858e-09  5.74307401e-08
  0.00000000e+00  0.00000000e+00  0.00000000e+00  1.51077134e-06]","[[-0.00091411  0.00020773]
 [-0.00191025 -0.00028963]]",[],0.0,0.0
1787133564.4507127,1.4201296011959723,-1.7947700395119075,1.1790821610623965,"[ 3.61464615e-07  2.12470663e-07  0.00000000e+00  0.00000000e+00
  0.00000000e+00 -3.56129282e-09  2.12470663e-07  7.26281658e-07
  0.00000000e+00  0.00000000e+00  0.00000000e+00  5.24069504e-08
  0.00000000e+00  0.00000000e+00  0.00000000e+00  0.00000000e+00
  0.00000000e+00  0.00000000e+00  0.00000000e+00  0.00000000e+00
  0.00000000e+00  0.00000000e+00  0.00000000e+00  0.00000000e+00
  0.00000000e+00  0.00000000e+00  0.00000000e+00  0.00000000e+00
  0.00000000e+00  0.00000000e+00 -3.56129282e-09  5.24069504e-08
  0.00000000e+00  0.00000000e+00  0.00000000e+00  1.47481203e-06]","[[-0.00091411  0.00020773]
 [-0.00191025 -0.00028963]]",[],0.0,0.0
1787133564.508923,1.4201296011959723,-1.7947700395119075,1.1790821610623965,"[ 3.61464615e-07  2.12470663e-07  0.00000000e+00  0.00000000e+00
  0.00000000e+00 -3.56129282e-09  2.12470663e-07  7.26281658e-07
  0.00000000e+00  0.00000000e+00  0.00000000e+00  5.24069504e-08
  0.00000000e+00  0.00000000e+00  0.00000000e+00  0.00000000e+00
  0.00000000e+00  0.00000000e+00  0.00000000e+00  0.00000000e+00
  0.00000000e+00  0.00000000e+00  0.00000000e+00  0.00000000e+00
  0.00000000e+00  0.00000000e+00  0.00000000e+00  0.00000000e+00
  0.00000000e+00  0.00000000e+00 -3.56129282e-09  5.24069504e-08
  0.00000000e+00  0.00000000e+00  0.00000000e+00  1.47481203e-06]","[[-0.00087287  0.00018876]
 [-0.00186517 -0.00026856]]",[],0.0,0.0
1787133564.547871,1.4201296011959723,-1.7947700395119075,1.1790821610623965,"[ 3.61464615e-07  2.12470663e-07  0.00000000e+00  0.00000000e+00
  0.00000000e+00 -3.56129282e-09  2.12470663e-07  7.26281658e-07
  0.00000000e+00  0.00000000e+00  0.00000000e+00  5.24069504e-08
  0.00000000e+00  0.00000000e+00  0.00000000e+00  0.00000000e+00
  0.00000000e+00  0.00000000e+00  0.00000000e+00  0.00000000e+00
  0.00000000e+00  0.00000000e+00  0.00000000e+00  0.00000000e+00
  0.00000000e+00  0.00000000e+00  0.00000000e+00  0.00000000e+00
  0.00000000e+00  0.00000000e+00 -3.56129282e-09  5.24069504e-08
  0.00000000e+00  0.00000000e+00  0.00000000e+00  1.47481203e-06]","[[-0.00087287  0.00018876]
 [-0.00186517 -0.00026856]]",[],0.0,0.0
1787133564.5973644,1.4201296011959723,-1.7947700395119075,1.1790821610623965,"[ 3.61464615e-07  2.12470663e-07  0.00000000e+00  0.00000000e+00
  0.00000000e+00 -3.56129282e-09  2.12470663e-07  7.26281658e-07
  0.00000000e+00  0.00000000e+00  0.00000000e+00  5.24069504e-08
  0.00000000e+00  0.00000000e+00  0.00000000e+00  0.00000000e+00
  0.00000000e+00  0.00000000e+00  0.00000000e+00  0.00000000e+00
  0.00000000e+00  0.00000000e+00  0.00000000e+00  0.00000000e+00
  0.00000000e+00  0.00000000e+00  0.00000000e+00  0.00000000e+00
  0.00000000e+00  0.00000000e+00 -3.56129282e-09  5.24069504e-08
  0.00000000e+00  0.00000000e+00  0.00000000e+00  1.47481203e-06]","[[-0.00087287  0.00018876]
 [-0.00186517 -0.00026856]]",[],0.0,0.0
1787133564.647933,1.4201296011959723,-1.7947700395119075,1.1790821610623965,"[ 3.61464615e-07  2.12470663e-07  0.00000000e+00  0.00000000e+00
  0.00000000e+00 -3.56129282e-09  2.12470663e-07  7.26281658e-07
  0.00000000e+00  0.00000000e+00  0.00000000e+00  5.24069504e-08
  0.00000000e+00  0.00000000e+00  0.00000000e+00  0.00000000e+00
  0.00000000e+00  0.00000000e+00  0.00000000e+00  0.00000000e+00
  0.00000000e+00  0.00000000e+00  0.00000000e+00  0.00000000e+00
  0.00000000e+00  0.00000000e+00  0.00000000e+00  0.00000000e+00
  0.00000000e+00  0.00000000e+00 -3.56129282e-09  5.24069504e-08
  0.00000000e+00  0.00000000e+00  0.00000000e+00  1.47481203e-06]","[[-0.00087287  0.00018876]
 [-0.00186517 -0.00026856]]",[],0.0,0.0
1787133564.7155614,1.4201296011959723,-1.7947700395119075,1.1790821610623965,"[ 3.61464615e-07  2.12470663e-07  0.00000000e+00  0.00000000e+00
  0.00000000e+00 -3.56129282e-09  2.12470663e-07  7.26281658e-07
  0.00000000e+00  0.00000000e+00  0.00000000e+00  5.24069504e-08
  0.00000000e+00  0.00000000e+00  0.00000000e+00  0.00000000e+00
  0.00000000e+00  0.00000000e+00  0.00000000e+00  0.00000000e+00
  0.00000000e+00  0.00000000e+00  0.00000000e+00  0.00000000e+00
  0.00000000e+00  0.00000000e+00  0.00000000e+00  0.00000000e+00
  0.00000000e+00  0.00000000e+00 -3.56129282e-09  5.24069504e-08
  0.00000000e+00  0.00000000e+00  0.00000000e+00  1.47481203e-06]","[[-0.00087287  0.00018876]
 [-0.00186517 -0.00026856]]",[],0.0,0.0
1787133564.7529263,1.4201296011959723,-1.7947700395119075,1.1790821610623965,"[ 3.61464615e-07  2.12470663e-07  0.00000000e+00  0.00000000e+00
  0.00000000e+00 -3.56129282e-09  2.12470663e-07  7.26281658e-07
  0.00000000e+00  0.00000000e+00  0.00000000e+00  5.24069504e-08
  0.00000000e+00  0.00000000e+00  0.00000000e+00  0.00000000e+00
  0.00000000e+00  0.00000000e+00  0.00000000e+00  0.00000000e+00
  0.00000000e+00  0.00000000e+00  0.00000000e+00  0.00000000e+00
  0.00000000e+00  0.00000000e+00  0.00000000e+00  0.00000000e+00
  0.00000000e+00  0.00000000e+00 -3.56129282e-09  5.24069504e-08
  0.00000000e+00  0.00000000e+00  0.00000000e+00  1.47481203e-06]","[[-0.00087287  0.00018876]
 [-0.00186517 -0.00026856]]",[],0.0,0.0
1787133564.797426,1.4201296011959723,-1.7947700395119075,1.1790821610623965,"[ 3.61464615e-07  2.12470663e-07  0.00000000e+00  0.00000000e+00
  0.00000000e+00 -3.56129282e-09  2.12470663e-07  7.26281658e-07
  0.00000000e+00  0.00000000e+00  0.00000000e+00  5.24069504e-08
  0.00000000e+00  0.00000000e+00  0.00000000e+00  0.00000000e+00
  0.00000000e+00  0.00000000e+00  0.00000000e+00  0.00000000e+00
  0.00000000e+00  0.00000000e+00  0.00000000e+00  0.00000000e+00
  0.00000000e+00  0.00000000e+00  0.00000000e+00  0.00000000e+00
  0.00000000e+00  0.00000000e+00 -3.56129282e-09  5.24069504e-08
  0.00000000e+00  0.00000000e+00  0.00000000e+00  1.47481203e-06]","[[-0.00087287  0.00018876]
 [-0.00186517 -0.00026856]]",[],0.0,0.0
1787133564.8469095,1.4201296011959723,-1.7947700395119075,1.1790821610623965,"[ 3.61464615e-07  2.12470663e-07  0.00000000e+00  0.00000000e+00
  0.00000000e+00 -3.56129282e-09  2.12470663e-07  7.26281658e-07
  0.00000000e+00  0.00000000e+00  0.00000000e+00  5.24069504e-08
  0.00000000e+00  0.00000000e+00  0.00000000e+00  0.00000000e+00
  0.00000000e+00  0.00000000e+00  0.00000000e+00  0.00000000e+00
  0.00000000e+00  0.00000000e+00  0.00000000e+00  0.00000000e+00
  0.00000000e+00  0.00000000e+00  0.00000000e+00  0.00000000e+00
  0.00000000e+00  0.00000000e+00 -3.56129282e-09  5.24069504e-08
  0.00000000e+00  0.00000000e+00  0.00000000e+00  1.47481203e-06]","[[-0.00087287  0.00018876]
 [-0.00186517 -0.00026856]]",[],0.0,0.0
1787133564.8969712,1.4201296011959723,-1.7947700395119075,1.1790821610623965,"[ 3.61464615e-07  2.12470663e-07  0.00000000e+00  0.00000000e+00
  0.00000000e+00 -3.56129282e-09  2.12470663e-07  7.26281658e-07
  0.00000000e+00  0.00000000e+00  0.00000000e+00  5.24069504e-08
  0.00000000e+00  0.00000000e+00  0.00000000e+00  0.00000000e+00
  0.00000000e+00  0.00000000e+00  0.00000000e+00  0.00000000e+00
  0.00000000e+00  0.00000000e+00  0.00000000e+00  0.00000000e+00
  0.00000000e+00  0.00000000e+00  0.00000000e+00  0.00000000e+00
  0.00000000e+00  0.00000000e+00 -3.56129282e-09  5.24069504e-08
  0.00000000e+00  0.00000000e+00  0.00000000e+00  1.47481203e-06]","[[-0.00087287  0.00018876]
 [-0.00186517 -0.00026856]]",[],0.0,0.0
1787133564.94656,1.4201296011959723,-1.7947700395119075,1.1790821610623965,"[ 3.61464615e-07  2.12470663e-07  0.00000000e+00  0.00000000e+00
  0.00000000e+00 -3.56129282e-09  2.12470663e-07  7.26281658e-07
  0.00000000e+00  0.00000000e+00  0.00000000e+00  5.24069504e-08
  0.00000000e+00  0.00000000e+00  0.00000000e+00  0.00000000e+00
  0.00000000e+00  0.00000000e+00  0.00000000e+00  0.00000000e+00
  0.00000000e+00  0.00000000e+00  0.00000000e+00  0.00000000e+00
  0.00000000e+00  0.00000000e+00  0.00000000e+00  0.00000000e+00
  0.00000000e+00  0.00000000e+00 -3.56129282e-09  5.24069504e-08
  0.00000000e+00  0.00000000e+00  0.00000000e+00  1.47481203e-06]","[[-0.00087287  0.00018876]
 [-0.00186517 -0.00026856]]",[],0.0,0.0
1787133564.9979994,1.4201296011959723,-1.7947700395119075,1.1790821610623965,"[ 3.61464615e-07  2.12470663e-07  0.00000000e+00  0.00000000e+00
  0.00000000e+00 -3.56129282e-09  2.12470663e-07  7.26281658e-07
  0.00000000e+00  0.00000000e+00  0.00000000e+00  5.24069504e-08
  0.00000000e+00  0.00000000e+00  0.00000000e+00  0.00000000e+00
  0.00000000e+00  0.00000000e+00  0.00000000e+00  0.00000000e+00
  0.00000000e+00  0.00000000e+00  0.00000000e+00  0.00000000e+00
  0.00000000e+00  0.00000000e+00  0.00000000e+00  0.00000000e+00
  0.00000000e+00  0.00000000e+00 -3.56129282e-09  5.24069504e-08
  0.00000000e+00  0.00000000e+00  0.00000000e+00  1.47481203e-06]","[[-0.00087287  0.00018876]
 [-0.00186517 -0.00026856]]",[],0.0,0.0
1787133565.0469606,1.4201296011959723,-1.7947700395119075,1.1790821610623965,"[ 3.61464615e-07  2.12470663e-07  0.00000000e+00  0.00000000e+00
  0.00000000e+00 -3.56129282e-09  2.12470663e-07  7.26281658e-07
  0.00000000e+00  0.00000000e+00  0.00000000e+00  5.24069504e-08
  0.00000000e+00  0.00000000e+00  0.00000000e+00  0.00000000e+00
  0.00000000e+00  0.00000000e+00  0.00000000e+00  0.00000000e+00
  0.00000000e+00  0.00000000e+00  0.00000000e+00  0.00000000e+00
  0.00000000e+00  0.00000000e+00  0.00000000e+00  0.00000000e+00
  0.00000000e+00  0.00000000e+00 -3.56129282e-09  5.24069504e-08
  0.00000000e+00  0.00000000e+00  0.00000000e+00  1.47481203e-06]","[[-0.00087287  0.00018876]
 [-0.00186517 -0.00026856]]",[],0.0,0.0
1787133565.0968225,1.4201296011959723,-1.7947700395119075,1.1790821610623965,"[ 3.61464615e-07  2.12470663e-07  0.00000000e+00  0.00000000e+00
  0.00000000e+00 -3.56129282e-09  2.12470663e-07  7.26281658e-07
  0.00000000e+00  0.00000000e+00  0.00000000e+00  5.24069504e-08
  0.00000000e+00  0.00000000e+00  0.00000000e+00  0.00000000e+00
  0.00000000e+00  0.00000000e+00  0.00000000e+00  0.00000000e+00
  0.00000000e+00  0.00000000e+00  0.00000000e+00  0.00000000e+00
  0.00000000e+00  0.00000000e+00  0.00000000e+00  0.00000000e+00
  0.00000000e+00  0.00000000e+00 -3.56129282e-09  5.24069504e-08
  0.00000000e+00  0.00000000e+00  0.00000000e+00  1.47481203e-06]","[[-0.00087287  0.00018876]
 [-0.00186517 -0.00026856]]",[],0.0,0.0
1787133565.14668,1.4201296011959723,-1.7947700395119075,1.1790821610623965,"[ 3.61464615e-07  2.12470663e-07  0.00000000e+00  0.00000000e+00
  0.00000000e+00 -3.56129282e-09  2.12470663e-07  7.26281658e-07
  0.00000000e+00  0.00000000e+00  0.00000000e+00  5.24069504e-08
  0.00000000e+00  0.00000000e+00  0.00000000e+00  0.00000000e+00
  0.00000000e+00  0.00000000e+00  0.00000000e+00  0.00000000e+00
  0.00000000e+00  0.00000000e+00  0.00000000e+00  0.00000000e+00
  0.00000000e+00  0.00000000e+00  0.00000000e+00  0.00000000e+00
  0.00000000e+00  0.00000000e+00 -3.56129282e-09  5.24069504e-08
  0.00000000e+00  0.00000000e+00  0.00000000e+00  1.47481203e-06]","[[-0.00087287  0.00018876]
 [-0.00186517 -0.00026856]]",[],0.0,0.0
1787133565.2111394,1.4201296011959723,-1.7947700395119075,1.1790821610623965,"[ 3.61464615e-07  2.12470663e-07  0.00000000e+00  0.00000000e+00
  0.00000000e+00 -3.56129282e-09  2.12470663e-07  7.26281658e-07
  0.00000000e+00  0.00000000e+00  0.00000000e+00  5.24069504e-08
  0.00000000e+00  0.00000000e+00  0.00000000e+00  0.00000000e+00
  0.00000000e+00  0.00000000e+00  0.00000000e+00  0.00000000e+00
  0.00000000e+00  0.00000000e+00  0.00000000e+00  0.00000000e+00
  0.00000000e+00  0.00000000e+00  0.00000000e+00  0.00000000e+00
  0.00000000e+00  0.00000000e+00 -3.56129282e-09  5.24069504e-08
  0.00000000e+00  0.00000000e+00  0.00000000e+00  1.47481203e-06]","[[-0.00087287  0.00018876]
 [-0.00186517 -0.00026856]]",[],0.0,0.0
1787133565.2733905,1.4201296011959723,-1.7947700395119075,1.1790821610623965,"[ 3.61464615e-07  2.12470663e-07  0.00000000e+00  0.00000000e+00
  0.00000000e+00 -3.56129282e-09  2.12470663e-07  7.26281658e-07
  0.00000000e+00  0.00000000e+00  0.00000000e+00  5.24069504e-08
  0.00000000e+00  0.00000000e+00  0.00000000e+00  0.00000000e+00
  0.00000000e+00  0.00000000e+00  0.00000000e+00  0.00000000e+00
  0.00000000e+00  0.00000000e+00  0.00000000e+00  0.00000000e+00
  0.00000000e+00  0.00000000e+00  0.00000000e+00  0.00000000e+00
  0.00000000e+00  0.00000000e+00 -3.56129282e-09  5.24069504e-08
  0.00000000e+00  0.00000000e+00  0.00000000e+00  1.47481203e-06]","[[-0.00087287  0.00018876]
 [-0.00186517 -0.00026856]]",[],0.0,0.0
1787133565.3054993,1.4154845955475646,-1.7997424727980182,1.1834317166206603,"[3.44797631e-07 2.23027752e-07 0.00000000e+00 0.00000000e+00
 0.00000000e+00 2.07954513e-09 2.23027752e-07 7.46052540e-07
 0.00000000e+00 0.00000000e+00 0.00000000e+00 5.86776626e-08
 0.00000000e+00 0.00000000e+00 0.00000000e+00 0.00000000e+00
 0.00000000e+00 0.00000000e+00 0.00000000e+00 0.00000000e+00
 0.00000000e+00 0.00000000e+00 0.00000000e+00 0.00000000e+00
 0.00000000e+00 0.00000000e+00 0.00000000e+00 0.00000000e+00
 0.00000000e+00 0.00000000e+00 2.07954513e-09 5.86776626e-08
 0.00000000e+00 0.00000000e+00 0.00000000e+00 1.55621728e-06]","[[-0.00086187  0.00016441]
 [-0.00192981 -0.00027117]]",[],0.0,0.0
1787133565.585856,1.4154845955475646,-1.7997424727980182,1.1834317166206603,"[3.44797631e-07 2.23027752e-07 0.00000000e+00 0.00000000e+00
 0.00000000e+00 2.07954513e-09 2.23027752e-07 7.46052540e-07
 0.00000000e+00 0.00000000e+00 0.00000000e+00 5.86776626e-08
 0.00000000e+00 0.00000000e+00 0.00000000e+00 0.00000000e+00
 0.00000000e+00 0.00000000e+00 0.00000000e+00 0.00000000e+00
 0.00000000e+00 0.00000000e+00 0.00000000e+00 0.00000000e+00
 0.00000000e+00 0.00000000e+00 0.00000000e+00 0.00000000e+00
 0.00000000e+00 0.00000000e+00 2.07954513e-09 5.86776626e-08
 0.00000000e+00 0.00000000e+00 0.00000000e+00 1.55621728e-06]","[[-0.00086187  0.00016441]
 [-0.00192981 -0.00027117]]",[],0.0,0.0
1787133565.6473746,1.4154845955475646,-1.7997424727980182,1.1834317166206603,"[3.44797631e-07 2.23027752e-07 0.00000000e+00 0.00000000e+00
 0.00000000e+00 2.07954513e-09 2.23027752e-07 7.46052540e-07
 0.00000000e+00 0.00000000e+00 0.00000000e+00 5.86776626e-08
 0.00000000e+00 0.00000000e+00 0.00000000e+00 0.00000000e+00
 0.00000000e+00 0.00000000e+00 0.00000000e+00 0.00000000e+00
 0.00000000e+00 0.00000000e+00 0.00000000e+00 0.00000000e+00
 0.00000000e+00 0.00000000e+00 0.00000000e+00 0.00000000e+00
 0.00000000e+00 0.00000000e+00 2.07954513e-09 5.86776626e-08
 0.00000000e+00 0.00000000e+00 0.00000000e+00 1.55621728e-06]","[[-0.00086187  0.00016441]
 [-0.00192981 -0.00027117]]",[],0.0,0.0
1787133565.7165158,1.4154845955475646,-1.7997424727980182,1.1834317166206603,"[3.44797631e-07 2.23027752e-07 0.00000000e+00 0.00000000e+00
 0.00000000e+00 2.07954513e-09 2.23027752e-07 7.46052540e-07
 0.00000000e+00 0.00000000e+00 0.00000000e+00 5.86776626e-08
 0.00000000e+00 0.00000000e+00 0.00000000e+00 0.00000000e+00
 0.00000000e+00 0.00000000e+00 0.00000000e+00 0.00000000e+00
 0.00000000e+00 0.00000000e+00 0.00000000e+00 0.00000000e+00
 0.00000000e+00 0.00000000e+00 0.00000000e+00 0.00000000e+00
 0.00000000e+00 0.00000000e+00 2.07954513e-09 5.86776626e-08
 0.00000000e+00 0.00000000e+00 0.00000000e+00 1.55621728e-06]","[[-0.00086187  0.00016441]
 [-0.00192981 -0.00027117]]",[],0.0,0.0
1787133565.7473807,1.4154845955475646,-1.7997424727980182,1.1834317166206603,"[3.44797631e-07 2.23027752e-07 0.00000000e+00 0.00000000e+00
 0.00000000e+00 2.07954513e-09 2.23027752e-07 7.46052540e-07
 0.00000000e+00 0.00000000e+00 0.00000000e+00 5.86776626e-08
 0.00000000e+00 0.00000000e+00 0.00000000e+00 0.00000000e+00
 0.00000000e+00 0.00000000e+00 0.00000000e+00 0.00000000e+00
 0.00000000e+00 0.00000000e+00 0.00000000e+00 0.00000000e+00
 0.00000000e+00 0.00000000e+00 0.00000000e+00 0.00000000e+00
 0.00000000e+00 0.00000000e+00 2.07954513e-09 5.86776626e-08
 0.00000000e+00 0.00000000e+00 0.00000000e+00 1.55621728e-06]","[[-0.00086187  0.00016441]
 [-0.00192981 -0.00027117]]",[],0.0,0.0
1787133566.0153537,1.4154845955475646,-1.7997424727980182,1.1834317166206603,"[3.44797631e-07 2.23027752e-07 0.00000000e+00 0.00000000e+00
 0.00000000e+00 2.07954513e-09 2.23027752e-07 7.46052540e-07
 0.00000000e+00 0.00000000e+00 0.00000000e+00 5.86776626e-08
 0.00000000e+00 0.00000000e+00 0.00000000e+00 0.00000000e+00
 0.00000000e+00 0.00000000e+00 0.00000000e+00 0.00000000e+00
 0.00000000e+00 0.00000000e+00 0.00000000e+00 0.00000000e+00
 0.00000000e+00 0.00000000e+00 0.00000000e+00 0.00000000e+00
 0.00000000e+00 0.00000000e+00 2.07954513e-09 5.86776626e-08
 0.00000000e+00 0.00000000e+00 0.00000000e+00 1.55621728e-06]","[[-0.00086187  0.00016441]
 [-0.00192981 -0.00027117]]",[],0.0,0.0
1787133566.0492337,1.4107029638444875,-1.8051567273392681,1.193326682422982,"[3.22710728e-07 2.12869910e-07 0.00000000e+00 0.00000000e+00
 0.00000000e+00 7.31565512e-10 2.12869910e-07 7.14899237e-07
 0.00000000e+00 0.00000000e+00 0.00000000e+00 5.06106407e-08
 0.00000000e+00 0.00000000e+00 0.00000000e+00 0.00000000e+00
 0.00000000e+00 0.00000000e+00 0.00000000e+00 0.00000000e+00
 0.00000000e+00 0.00000000e+00 0.00000000e+00 0.00000000e+00
 0.00000000e+00 0.00000000e+00 0.00000000e+00 0.00000000e+00
 0.00000000e+00 0.00000000e+00 7.31565512e-10 5.06106407e-08
 0.00000000e+00 0.00000000e+00 0.00000000e+00 1.51152454e-06]","[[-0.00081083  0.00015874]
 [-0.00185075 -0.00023615]]",[],0.0,0.0
1787133566.1983938,1.4107029638444875,-1.8051567273392681,1.193326682422982,"[3.22710728e-07 2.12869910e-07 0.00000000e+00 0.00000000e+00
 0.00000000e+00 7.31565512e-10 2.12869910e-07 7.14899237e-07
 0.00000000e+00 0.00000000e+00 0.00000000e+00 5.06106407e-08
 0.00000000e+00 0.00000000e+00 0.00000000e+00 0.00000000e+00
 0.00000000e+00 0.00000000e+00 0.00000000e+00 0.00000000e+00
 0.00000000e+00 0.00000000e+00 0.00000000e+00 0.00000000e+00
 0.00000000e+00 0.00000000e+00 0.00000000e+00 0.00000000e+00
 0.00000000e+00 0.00000000e+00 7.31565512e-10 5.06106407e-08
 0.00000000e+00 0.00000000e+00 0.00000000e+00 1.51152454e-06]","[[-0.00081083  0.00015874]
 [-0.00185075 -0.00023615]]",[],0.0,0.0
1787133566.246352,1.4107029638444875,-1.8051567273392681,1.193326682422982,"[3.22710728e-07 2.12869910e-07 0.00000000e+00 0.00000000e+00
 0.00000000e+00 7.31565512e-10 2.12869910e-07 7.14899237e-07
 0.00000000e+00 0.00000000e+00 0.00000000e+00 5.06106407e-08
 0.00000000e+00 0.00000000e+00 0.00000000e+00 0.00000000e+00
 0.00000000e+00 0.00000000e+00 0.00000000e+00 0.00000000e+00
 0.00000000e+00 0.00000000e+00 0.00000000e+00 0.00000000e+00
 0.00000000e+00 0.00000000e+00 0.00000000e+00 0.00000000e+00
 0.00000000e+00 0.00000000e+00 7.31565512e-10 5.06106407e-08
 0.00000000e+00 0.00000000e+00 0.00000000e+00 1.51152454e-06]","[[-0.00081083  0.00015874]
 [-0.00185075 -0.00023615]]",[],0.0,0.0
1787133566.297854,1.4107029638444875,-1.8051567273392681,1.193326682422982,"[3.22710728e-07 2.12869910e-07 0.00000000e+00 0.00000000e+00
 0.00000000e+00 7.31565512e-10 2.12869910e-07 7.14899237e-07
 0.00000000e+00 0.00000000e+00 0.00000000e+00 5.06106407e-08
 0.00000000e+00 0.00000000e+00 0.00000000e+00 0.00000000e+00
 0.00000000e+00 0.00000000e+00 0.00000000e+00 0.00000000e+00
 0.00000000e+00 0.00000000e+00 0.00000000e+00 0.00000000e+00
 0.00000000e+00 0.00000000e+00 0.00000000e+00 0.00000000e+00
 0.00000000e+00 0.00000000e+00 7.31565512e-10 5.06106407e-08
 0.00000000e+00 0.00000000e+00 0.00000000e+00 1.51152454e-06]","[[-0.00081083  0.00015874]
 [-0.00185075 -0.00023615]]",[],0.0,0.0
1787133566.3679113,1.4107029638444875,-1.8051567273392681,1.193326682422982,"[3.22710728e-07 2.12869910e-07 0.00000000e+00 0.00000000e+00
 0.00000000e+00 7.31565512e-10 2.12869910e-07 7.14899237e-07
 0.00000000e+00 0.00000000e+00 0.00000000e+00 5.06106407e-08
 0.00000000e+00 0.00000000e+00 0.00000000e+00 0.00000000e+00
 0.00000000e+00 0.00000000e+00 0.00000000e+00 0.00000000e+00
 0.00000000e+00 0.00000000e+00 0.00000000e+00 0.00000000e+00
 0.00000000e+00 0.00000000e+00 0.00000000e+00 0.00000000e+00
 0.00000000e+00 0.00000000e+00 7.31565512e-10 5.06106407e-08
 0.00000000e+00 0.00000000e+00 0.00000000e+00 1.51152454e-06]","[[-0.00081083  0.00015874]
 [-0.00185075 -0.00023615]]",[],0.0,0.0
1787133566.4688766,1.4107029638444875,-1.8051567273392681,1.193326682422982,"[3.22710728e-07 2.12869910e-07 0.00000000e+00 0.00000000e+00
 0.00000000e+00 7.31565512e-10 2.12869910e-07 7.14899237e-07
 0.00000000e+00 0.00000000e+00 0.00000000e+00 5.06106407e-08
 0.00000000e+00 0.00000000e+00 0.00000000e+00 0.00000000e+00
 0.00000000e+00 0.00000000e+00 0.00000000e+00 0.00000000e+00
 0.00000000e+00 0.00000000e+00 0.00000000e+00 0.00000000e+00
 0.00000000e+00 0.00000000e+00 0.00000000e+00 0.00000000e+00
 0.00000000e+00 0.00000000e+00 7.31565512e-10 5.06106407e-08
 0.00000000e+00 0.00000000e+00 0.00000000e+00 1.51152454e-06]","[[-0.00081083  0.00015874]
 [-0.00185075 -0.00023615]]",[],0.0,0.0
1787133566.5223808,1.4107029638444875,-1.8051567273392681,1.193326682422982,"[3.22710728e-07 2.12869910e-07 0.00000000e+00 0.00000000e+00
 0.00000000e+00 7.31565512e-10 2.12869910e-07 7.14899237e-07
 0.00000000e+00 0.00000000e+00 0.00000000e+00 5.06106407e-08
 0.00000000e+00 0.00000000e+00 0.00000000e+00 0.00000000e+00
 0.00000000e+00 0.00000000e+00 0.00000000e+00 0.00000000e+00
 0.00000000e+00 0.00000000e+00 0.00000000e+00 0.00000000e+00
 0.00000000e+00 0.00000000e+00 0.00000000e+00 0.00000000e+00
 0.00000000e+00 0.00000000e+00 7.31565512e-10 5.06106407e-08
 0.00000000e+00 0.00000000e+00 0.00000000e+00 1.51152454e-06]","[[-0.00081083  0.00015874]
 [-0.00185075 -0.00023615]]",[],0.0,0.0
1787133566.5946624,1.4107029638444875,-1.8051567273392681,1.193326682422982,"[3.22710728e-07 2.12869910e-07 0.00000000e+00 0.00000000e+00
 0.00000000e+00 7.31565512e-10 2.12869910e-07 7.14899237e-07
 0.00000000e+00 0.00000000e+00 0.00000000e+00 5.06106407e-08
 0.00000000e+00 0.00000000e+00 0.00000000e+00 0.00000000e+00
 0.00000000e+00 0.00000000e+00 0.00000000e+00 0.00000000e+00
 0.00000000e+00 0.00000000e+00 0.00000000e+00 0.00000000e+00
 0.00000000e+00 0.00000000e+00 0.00000000e+00 0.00000000e+00
 0.00000000e+00 0.00000000e+00 7.31565512e-10 5.06106407e-08
 0.00000000e+00 0.00000000e+00 0.00000000e+00 1.51152454e-06]","[[-0.00081083  0.00015874]
 [-0.00185075 -0.00023615]]",[],0.0,0.0
1787133566.5959191,1.4107029638444875,-1.8051567273392681,1.193326682422982,"[3.22710728e-07 2.12869910e-07 0.00000000e+00 0.00000000e+00
 0.00000000e+00 7.31565512e-10 2.12869910e-07 7.14899237e-07
 0.00000000e+00 0.00000000e+00 0.00000000e+00 5.06106407e-08
 0.00000000e+00 0.00000000e+00 0.00000000e+00 0.00000000e+00
 0.00000000e+00 0.00000000e+00 0.00000000e+00 0.00000000e+00
 0.00000000e+00 0.00000000e+00 0.00000000e+00 0.00000000e+00
 0.00000000e+00 0.00000000e+00 0.00000000e+00 0.00000000e+00
 0.00000000e+00 0.00000000e+00 7.31565512e-10 5.06106407e-08
 0.00000000e+00 0.00000000e+00 0.00000000e+00 1.51152454e-06]","[[-0.00081083  0.00015874]
 [-0.00185075 -0.00023615]]",[],0.0,0.0
1787133566.669552,1.4107029638444875,-1.8051567273392681,1.193326682422982,"[3.22710728e-07 2.12869910e-07 0.00000000e+00 0.00000000e+00
 0.00000000e+00 7.31565512e-10 2.12869910e-07 7.14899237e-07
 0.00000000e+00 0.00000000e+00 0.00000000e+00 5.06106407e-08
 0.00000000e+00 0.00000000e+00 0.00000000e+00 0.00000000e+00
 0.00000000e+00 0.00000000e+00 0.00000000e+00 0.00000000e+00
 0.00000000e+00 0.00000000e+00 0.00000000e+00 0.00000000e+00
 0.00000000e+00 0.00000000e+00 0.00000000e+00 0.00000000e+00
 0.00000000e+00 0.00000000e+00 7.31565512e-10 5.06106407e-08
 0.00000000e+00 0.00000000e+00 0.00000000e+00 1.51152454e-06]","[[-0.00081083  0.00015874]
 [-0.00185075 -0.00023615]]",[],0.0,0.0
1787133566.6978672,1.4107029638444875,-1.8051567273392681,1.193326682422982,"[3.22710728e-07 2.12869910e-07 0.00000000e+00 0.00000000e+00
 0.00000000e+00 7.31565512e-10 2.12869910e-07 7.14899237e-07
 0.00000000e+00 0.00000000e+00 0.00000000e+00 5.06106407e-08
 0.00000000e+00 0.00000000e+00 0.00000000e+00 0.00000000e+00
 0.00000000e+00 0.00000000e+00 0.00000000e+00 0.00000000e+00
 0.00000000e+00 0.00000000e+00 0.00000000e+00 0.00000000e+00
 0.00000000e+00 0.00000000e+00 0.00000000e+00 0.00000000e+00
 0.00000000e+00 0.00000000e+00 7.31565512e-10 5.06106407e-08
 0.00000000e+00 0.00000000e+00 0.00000000e+00 1.51152454e-06]","[[-0.00081083  0.00015874]
 [-0.00185075 -0.00023615]]",[],0.0,0.0
1787133566.7465,1.4107029638444875,-1.8051567273392681,1.193326682422982,"[3.22710728e-07 2.12869910e-07 0.00000000e+00 0.00000000e+00
 0.00000000e+00 7.31565512e-10 2.12869910e-07 7.14899237e-07
 0.00000000e+00 0.00000000e+00 0.00000000e+00 5.06106407e-08
 0.00000000e+00 0.00000000e+00 0.00000000e+00 0.00000000e+00
 0.00000000e+00 0.00000000e+00 0.00000000e+00 0.00000000e+00
 0.00000000e+00 0.00000000e+00 0.00000000e+00 0.00000000e+00
 0.00000000e+00 0.00000000e+00 0.00000000e+00 0.00000000e+00
 0.00000000e+00 0.00000000e+00 7.31565512e-10 5.06106407e-08
 0.00000000e+00 0.00000000e+00 0.00000000e+00 1.51152454e-06]","[[-0.00081083  0.00015874]
 [-0.00185075 -0.00023615]]",[],0.0,0.0
1787133566.7971056,1.4107029638444875,-1.8051567273392681,1.193326682422982,"[3.22710728e-07 2.12869910e-07 0.00000000e+00 0.00000000e+00
 0.00000000e+00 7.31565512e-10 2.12869910e-07 7.14899237e-07
 0.00000000e+00 0.00000000e+00 0.00000000e+00 5.06106407e-08
 0.00000000e+00 0.00000000e+00 0.00000000e+00 0.00000000e+00
 0.00000000e+00 0.00000000e+00 0.00000000e+00 0.00000000e+00
 0.00000000e+00 0.00000000e+00 0.00000000e+00 0.00000000e+00
 0.00000000e+00 0.00000000e+00 0.00000000e+00 0.00000000e+00
 0.00000000e+00 0.00000000e+00 7.31565512e-10 5.06106407e-08
 0.00000000e+00 0.00000000e+00 0.00000000e+00 1.51152454e-06]","[[-0.00081083  0.00015874]
 [-0.00185075 -0.00023615]]",[],0.0,0.0
1787133566.8488953,1.4056489298936883,-1.8127069766224913,1.204039648490788,"[3.05690466e-07 2.11397802e-07 0.00000000e+00 0.00000000e+00
 0.00000000e+00 4.01810141e-09 2.11397802e-07 7.08543601e-07
 0.00000000e+00 0.00000000e+00 0.00000000e+00 5.54451818e-08
 0.00000000e+00 0.00000000e+00 0.00000000e+00 0.00000000e+00
 0.00000000e+00 0.00000000e+00 0.00000000e+00 0.00000000e+00
 0.00000000e+00 0.00000000e+00 0.00000000e+00 0.00000000e+00
 0.00000000e+00 0.00000000e+00 0.00000000e+00 0.00000000e+00
 0.00000000e+00 0.00000000e+00 4.01810141e-09 5.54451818e-08
 0.00000000e+00 0.00000000e+00 0.00000000e+00 1.49095189e-06]","[[-0.00079651  0.00013269]
 [-0.00183173 -0.00025782]]",[],0.0,0.0
1787133566.9008925,1.4056489298936883,-1.8127069766224913,1.204039648490788,"[3.05690466e-07 2.11397802e-07 0.00000000e+00 0.00000000e+00
 0.00000000e+00 4.01810141e-09 2.11397802e-07 7.08543601e-07
 0.00000000e+00 0.00000000e+00 0.00000000e+00 5.54451818e-08
 0.00000000e+00 0.00000000e+00 0.00000000e+00 0.00000000e+00
 0.00000000e+00 0.00000000e+00 0.00000000e+00 0.00000000e+00
 0.00000000e+00 0.00000000e+00 0.00000000e+00 0.00000000e+00
 0.00000000e+00 0.00000000e+00 0.00000000e+00 0.00000000e+00
 0.00000000e+00 0.00000000e+00 4.01810141e-09 5.54451818e-08
 0.00000000e+00 0.00000000e+00 0.00000000e+00 1.49095189e-06]","[[-0.00079651  0.00013269]
 [-0.00183173 -0.00025782]]",[],0.0,0.0
1787133566.9678173,1.4056489298936883,-1.8127069766224913,1.204039648490788,"[3.05690466e-07 2.11397802e-07 0.00000000e+00 0.00000000e+00
 0.00000000e+00 4.01810141e-09 2.11397802e-07 7.08543601e-07
 0.00000000e+00 0.00000000e+00 0.00000000e+00 5.54451818e-08
 0.00000000e+00 0.00000000e+00 0.00000000e+00 0.00000000e+00
 0.00000000e+00 0.00000000e+00 0.00000000e+00 0.00000000e+00
 0.00000000e+00 0.00000000e+00 0.00000000e+00 0.00000000e+00
 0.00000000e+00 0.00000000e+00 0.00000000e+00 0.00000000e+00
 0.00000000e+00 0.00000000e+00 4.01810141e-09 5.54451818e-08
 0.00000000e+00 0.00000000e+00 0.00000000e+00 1.49095189e-06]","[[-0.00079651  0.00013269]
 [-0.00183173 -0.00025782]]",[],0.0,0.0
1787133567.0181842,1.4056489298936883,-1.8127069766224913,1.204039648490788,"[3.05690466e-07 2.11397802e-07 0.00000000e+00 0.00000000e+00
 0.00000000e+00 4.01810141e-09 2.11397802e-07 7.08543601e-07
 0.00000000e+00 0.00000000e+00 0.00000000e+00 5.54451818e-08
 0.00000000e+00 0.00000000e+00 0.00000000e+00 0.00000000e+00
 0.00000000e+00 0.00000000e+00 0.00000000e+00 0.00000000e+00
 0.00000000e+00 0.00000000e+00 0.00000000e+00 0.00000000e+00
 0.00000000e+00 0.00000000e+00 0.00000000e+00 0.00000000e+00
 0.00000000e+00 0.00000000e+00 4.01810141e-09 5.54451818e-08
 0.00000000e+00 0.00000000e+00 0.00000000e+00 1.49095189e-06]","[[-0.00079651  0.00013269]
 [-0.00183173 -0.00025782]]",[],0.0,0.0
1787133567.083285,1.4056489298936883,-1.8127069766224913,1.204039648490788,"[3.05690466e-07 2.11397802e-07 0.00000000e+00 0.00000000e+00
 0.00000000e+00 4.01810141e-09 2.11397802e-07 7.08543601e-07
 0.00000000e+00 0.00000000e+00 0.00000000e+00 5.54451818e-08
 0.00000000e+00 0.00000000e+00 0.00000000e+00 0.00000000e+00
 0.00000000e+00 0.00000000e+00 0.00000000e+00 0.00000000e+00
 0.00000000e+00 0.00000000e+00 0.00000000e+00 0.00000000e+00
 0.00000000e+00 0.00000000e+00 0.00000000e+00 0.00000000e+00
 0.00000000e+00 0.00000000e+00 4.01810141e-09 5.54451818e-08
 0.00000000e+00 0.00000000e+00 0.00000000e+00 1.49095189e-06]","[[-0.00079651  0.00013269]
 [-0.00183173 -0.00025782]]",[],0.0,0.0
1787133567.0977032,1.4056489298936883,-1.8127069766224913,1.204039648490788,"[3.05690466e-07 2.11397802e-07 0.00000000e+00 0.00000000e+00
 0.00000000e+00 4.01810141e-09 2.11397802e-07 7.08543601e-07
 0.00000000e+00 0.00000000e+00 0.00000000e+00 5.54451818e-08
 0.00000000e+00 0.00000000e+00 0.00000000e+00 0.00000000e+00
 0.00000000e+00 0.00000000e+00 0.00000000e+00 0.00000000e+00
 0.00000000e+00 0.00000000e+00 0.00000000e+00 0.00000000e+00
 0.00000000e+00 0.00000000e+00 0.00000000e+00 0.00000000e+00
 0.00000000e+00 0.00000000e+00 4.01810141e-09 5.54451818e-08
 0.00000000e+00 0.00000000e+00 0.00000000e+00 1.49095189e-06]","[[-0.00079651  0.00013269]
 [-0.00183173 -0.00025782]]",[],0.0,0.0
1787133567.2003512,1.4056489298936883,-1.8127069766224913,1.204039648490788,"[3.05690466e-07 2.11397802e-07 0.00000000e+00 0.00000000e+00
 0.00000000e+00 4.01810141e-09 2.11397802e-07 7.08543601e-07
 0.00000000e+00 0.00000000e+00 0.00000000e+00 5.54451818e-08
 0.00000000e+00 0.00000000e+00 0.00000000e+00 0.00000000e+00
 0.00000000e+00 0.00000000e+00 0.00000000e+00 0.00000000e+00
 0.00000000e+00 0.00000000e+00 0.00000000e+00 0.00000000e+00
 0.00000000e+00 0.00000000e+00 0.00000000e+00 0.00000000e+00
 0.00000000e+00 0.00000000e+00 4.01810141e-09 5.54451818e-08
 0.00000000e+00 0.00000000e+00 0.00000000e+00 1.49095189e-06]","[[-0.00079651  0.00013269]
 [-0.00183173 -0.00025782]]",[],0.0,0.0
1787133567.2896807,1.4056489298936883,-1.8127069766224913,1.204039648490788,"[3.05690466e-07 2.11397802e-07 0.00000000e+00 0.00000000e+00
 0.00000000e+00 4.01810141e-09 2.11397802e-07 7.08543601e-07
 0.00000000e+00 0.00000000e+00 0.00000000e+00 5.54451818e-08
 0.00000000e+00 0.00000000e+00 0.00000000e+00 0.00000000e+00
 0.00000000e+00 0.00000000e+00 0.00000000e+00 0.00000000e+00
 0.00000000e+00 0.00000000e+00 0.00000000e+00 0.00000000e+00
 0.00000000e+00 0.00000000e+00 0.00000000e+00 0.00000000e+00
 0.00000000e+00 0.00000000e+00 4.01810141e-09 5.54451818e-08
 0.00000000e+00 0.00000000e+00 0.00000000e+00 1.49095189e-06]","[[-0.00079651  0.00013269]
 [-0.00183173 -0.00025782]]",[],0.0,0.0
1787133567.2995176,1.4056489298936883,-1.8127069766224913,1.204039648490788,"[3.05690466e-07 2.11397802e-07 0.00000000e+00 0.00000000e+00
 0.00000000e+00 4.01810141e-09 2.11397802e-07 7.08543601e-07
 0.00000000e+00 0.00000000e+00 0.00000000e+00 5.54451818e-08
 0.00000000e+00 0.00000000e+00 0.00000000e+00 0.00000000e+00
 0.00000000e+00 0.00000000e+00 0.00000000e+00 0.00000000e+00
 0.00000000e+00 0.00000000e+00 0.00000000e+00 0.00000000e+00
 0.00000000e+00 0.00000000e+00 0.00000000e+00 0.00000000e+00
 0.00000000e+00 0.00000000e+00 4.01810141e-09 5.54451818e-08
 0.00000000e+00 0.00000000e+00 0.00000000e+00 1.49095189e-06]","[[-0.00079651  0.00013269]
 [-0.00183173 -0.00025782]]",[],0.0,0.0
1787133567.3749897,1.4056489298936883,-1.8127069766224913,1.204039648490788,"[3.05690466e-07 2.11397802e-07 0.00000000e+00 0.00000000e+00
 0.00000000e+00 4.01810141e-09 2.11397802e-07 7.08543601e-07
 0.00000000e+00 0.00000000e+00 0.00000000e+00 5.54451818e-08
 0.00000000e+00 0.00000000e+00 0.00000000e+00 0.00000000e+00
 0.00000000e+00 0.00000000e+00 0.00000000e+00 0.00000000e+00
 0.00000000e+00 0.00000000e+00 0.00000000e+00 0.00000000e+00
 0.00000000e+00 0.00000000e+00 0.00000000e+00 0.00000000e+00
 0.00000000e+00 0.00000000e+00 4.01810141e-09 5.54451818e-08
 0.00000000e+00 0.00000000e+00 0.00000000e+00 1.49095189e-06]","[[-0.00079651  0.00013269]
 [-0.00183173 -0.00025782]]",[],0.0,0.0
1787133567.3975406,1.4056489298936883,-1.8127069766224913,1.204039648490788,"[3.05690466e-07 2.11397802e-07 0.00000000e+00 0.00000000e+00
 0.00000000e+00 4.01810141e-09 2.11397802e-07 7.08543601e-07
 0.00000000e+00 0.00000000e+00 0.00000000e+00 5.54451818e-08
 0.00000000e+00 0.00000000e+00 0.00000000e+00 0.00000000e+00
 0.00000000e+00 0.00000000e+00 0.00000000e+00 0.00000000e+00
 0.00000000e+00 0.00000000e+00 0.00000000e+00 0.00000000e+00
 0.00000000e+00 0.00000000e+00 0.00000000e+00 0.00000000e+00
 0.00000000e+00 0.00000000e+00 4.01810141e-09 5.54451818e-08
 0.00000000e+00 0.00000000e+00 0.00000000e+00 1.49095189e-06]","[[-0.00079651  0.00013269]
 [-0.00183173 -0.00025782]]",[],0.0,0.0
1787133567.446806,1.4056489298936883,-1.8127069766224913,1.204039648490788,"[3.05690466e-07 2.11397802e-07 0.00000000e+00 0.00000000e+00
 0.00000000e+00 4.01810141e-09 2.11397802e-07 7.08543601e-07
 0.00000000e+00 0.00000000e+00 0.00000000e+00 5.54451818e-08
 0.00000000e+00 0.00000000e+00 0.00000000e+00 0.00000000e+00
 0.00000000e+00 0.00000000e+00 0.00000000e+00 0.00000000e+00
 0.00000000e+00 0.00000000e+00 0.00000000e+00 0.00000000e+00
 0.00000000e+00 0.00000000e+00 0.00000000e+00 0.00000000e+00
 0.00000000e+00 0.00000000e+00 4.01810141e-09 5.54451818e-08
 0.00000000e+00 0.00000000e+00 0.00000000e+00 1.49095189e-06]","[[-0.00079651  0.00013269]
 [-0.00183173 -0.00025782]]",[],0.0,0.0
1787133567.51413,1.4056489298936883,-1.8127069766224913,1.204039648490788,"[3.05690466e-07 2.11397802e-07 0.00000000e+00 0.00000000e+00
 0.00000000e+00 4.01810141e-09 2.11397802e-07 7.08543601e-07
 0.00000000e+00 0.00000000e+00 0.00000000e+00 5.54451818e-08
 0.00000000e+00 0.00000000e+00 0.00000000e+00 0.00000000e+00
 0.00000000e+00 0.00000000e+00 0.00000000e+00 0.00000000e+00
 0.00000000e+00 0.00000000e+00 0.00000000e+00 0.00000000e+00
 0.00000000e+00 0.00000000e+00 0.00000000e+00 0.00000000e+00
 0.00000000e+00 0.00000000e+00 4.01810141e-09 5.54451818e-08
 0.00000000e+00 0.00000000e+00 0.00000000e+00 1.49095189e-06]","[[-0.00079651  0.00013269]
 [-0.00183173 -0.00025782]]",[],0.0,0.0
1787133567.5821226,1.4056489298936883,-1.8127069766224913,1.204039648490788,"[3.05690466e-07 2.11397802e-07 0.00000000e+00 0.00000000e+00
 0.00000000e+00 4.01810141e-09 2.11397802e-07 7.08543601e-07
 0.00000000e+00 0.00000000e+00 0.00000000e+00 5.54451818e-08
 0.00000000e+00 0.00000000e+00 0.00000000e+00 0.00000000e+00
 0.00000000e+00 0.00000000e+00 0.00000000e+00 0.00000000e+00
 0.00000000e+00 0.00000000e+00 0.00000000e+00 0.00000000e+00
 0.00000000e+00 0.00000000e+00 0.00000000e+00 0.00000000e+00
 0.00000000e+00 0.00000000e+00 4.01810141e-09 5.54451818e-08
 0.00000000e+00 0.00000000e+00 0.00000000e+00 1.49095189e-06]","[[-0.00079651  0.00013269]
 [-0.00183173 -0.00025782]]",[],0.0,0.0
1787133567.6055977,1.4006804870284177,-1.8205409739298106,1.2222301268714562,"[2.91042544e-07 2.12331190e-07 0.00000000e+00 0.00000000e+00
 0.00000000e+00 1.76753438e-09 2.12331190e-07 7.11181098e-07
 0.00000000e+00 0.00000000e+00 0.00000000e+00 5.38463592e-08
 0.00000000e+00 0.00000000e+00 0.00000000e+00 0.00000000e+00
 0.00000000e+00 0.00000000e+00 0.00000000e+00 0.00000000e+00
 0.00000000e+00 0.00000000e+00 0.00000000e+00 0.00000000e+00
 0.00000000e+00 0.00000000e+00 0.00000000e+00 0.00000000e+00
 0.00000000e+00 0.00000000e+00 1.76753438e-09 5.38463592e-08
 0.00000000e+00 0.00000000e+00 0.00000000e+00 1.50131236e-06]","[[-0.00076372  0.00014072]
 [-0.00184771 -0.00022893]]",[],0.0,0.0
1787133567.6739507,1.4006804870284177,-1.8205409739298106,1.2222301268714562,"[2.91042544e-07 2.12331190e-07 0.00000000e+00 0.00000000e+00
 0.00000000e+00 1.76753438e-09 2.12331190e-07 7.11181098e-07
 0.00000000e+00 0.00000000e+00 0.00000000e+00 5.38463592e-08
 0.00000000e+00 0.00000000e+00 0.00000000e+00 0.00000000e+00
 0.00000000e+00 0.00000000e+00 0.00000000e+00 0.00000000e+00
 0.00000000e+00 0.00000000e+00 0.00000000e+00 0.00000000e+00
 0.00000000e+00 0.00000000e+00 0.00000000e+00 0.00000000e+00
 0.00000000e+00 0.00000000e+00 1.76753438e-09 5.38463592e-08
 0.00000000e+00 0.00000000e+00 0.00000000e+00 1.50131236e-06]","[[-0.00076372  0.00014072]
 [-0.00184771 -0.00022893]]",[],0.0,0.0
1787133567.7020168,1.4006804870284177,-1.8205409739298106,1.2222301268714562,"[2.91042544e-07 2.12331190e-07 0.00000000e+00 0.00000000e+00
 0.00000000e+00 1.76753438e-09 2.12331190e-07 7.11181098e-07
 0.00000000e+00 0.00000000e+00 0.00000000e+00 5.38463592e-08
 0.00000000e+00 0.00000000e+00 0.00000000e+00 0.00000000e+00
 0.00000000e+00 0.00000000e+00 0.00000000e+00 0.00000000e+00
 0.00000000e+00 0.00000000e+00 0.00000000e+00 0.00000000e+00
 0.00000000e+00 0.00000000e+00 0.00000000e+00 0.00000000e+00
 0.00000000e+00 0.00000000e+00 1.76753438e-09 5.38463592e-08
 0.00000000e+00 0.00000000e+00 0.00000000e+00 1.50131236e-06]","[[-0.00076372  0.00014072]
 [-0.00184771 -0.00022893]]",[],0.0,0.0
1787133567.7544634,1.4006804870284177,-1.8205409739298106,1.2222301268714562,"[2.91042544e-07 2.12331190e-07 0.00000000e+00 0.00000000e+00
 0.00000000e+00 1.76753438e-09 2.12331190e-07 7.11181098e-07
 0.00000000e+00 0.00000000e+00 0.00000000e+00 5.38463592e-08
 0.00000000e+00 0.00000000e+00 0.00000000e+00 0.00000000e+00
 0.00000000e+00 0.00000000e+00 0.00000000e+00 0.00000000e+00
 0.00000000e+00 0.00000000e+00 0.00000000e+00 0.00000000e+00
 0.00000000e+00 0.00000000e+00 0.00000000e+00 0.00000000e+00
 0.00000000e+00 0.00000000e+00 1.76753438e-09 5.38463592e-08
 0.00000000e+00 0.00000000e+00 0.00000000e+00 1.50131236e-06]","[[-0.00076372  0.00014072]
 [-0.00184771 -0.00022893]]",[],0.0,0.0
1787133567.808471,1.4006804870284177,-1.8205409739298106,1.2222301268714562,"[2.91042544e-07 2.12331190e-07 0.00000000e+00 0.00000000e+00
 0.00000000e+00 1.76753438e-09 2.12331190e-07 7.11181098e-07
 0.00000000e+00 0.00000000e+00 0.00000000e+00 5.38463592e-08
 0.00000000e+00 0.00000000e+00 0.00000000e+00 0.00000000e+00
 0.00000000e+00 0.00000000e+00 0.00000000e+00 0.00000000e+00
 0.00000000e+00 0.00000000e+00 0.00000000e+00 0.00000000e+00
 0.00000000e+00 0.00000000e+00 0.00000000e+00 0.00000000e+00
 0.00000000e+00 0.00000000e+00 1.76753438e-09 5.38463592e-08
 0.00000000e+00 0.00000000e+00 0.00000000e+00 1.50131236e-06]","[[-0.00076372  0.00014072]
 [-0.00184771 -0.00022893]]",[],0.0,0.0
1787133567.8902245,1.4006804870284177,-1.8205409739298106,1.2222301268714562,"[2.91042544e-07 2.12331190e-07 0.00000000e+00 0.00000000e+00
 0.00000000e+00 1.76753438e-09 2.12331190e-07 7.11181098e-07
 0.00000000e+00 0.00000000e+00 0.00000000e+00 5.38463592e-08
 0.00000000e+00 0.00000000e+00 0.00000000e+00 0.00000000e+00
 0.00000000e+00 0.00000000e+00 0.00000000e+00 0.00000000e+00
 0.00000000e+00 0.00000000e+00 0.00000000e+00 0.00000000e+00
 0.00000000e+00 0.00000000e+00 0.00000000e+00 0.00000000e+00
 0.00000000e+00 0.00000000e+00 1.76753438e-09 5.38463592e-08
 0.00000000e+00 0.00000000e+00 0.00000000e+00 1.50131236e-06]","[[-0.00076372  0.00014072]
 [-0.00184771 -0.00022893]]",[],0.0,0.0
1787133567.924376,1.4006804870284177,-1.8205409739298106,1.2222301268714562,"[2.91042544e-07 2.12331190e-07 0.00000000e+00 0.00000000e+00
 0.00000000e+00 1.76753438e-09 2.12331190e-07 7.11181098e-07
 0.00000000e+00 0.00000000e+00 0.00000000e+00 5.38463592e-08
 0.00000000e+00 0.00000000e+00 0.00000000e+00 0.00000000e+00
 0.00000000e+00 0.00000000e+00 0.00000000e+00 0.00000000e+00
 0.00000000e+00 0.00000000e+00 0.00000000e+00 0.00000000e+00
 0.00000000e+00 0.00000000e+00 0.00000000e+00 0.00000000e+00
 0.00000000e+00 0.00000000e+00 1.76753438e-09 5.38463592e-08
 0.00000000e+00 0.00000000e+00 0.00000000e+00 1.50131236e-06]","[[-0.00076372  0.00014072]
 [-0.00184771 -0.00022893]]",[],0.0,0.0
1787133567.9506876,1.4006804870284177,-1.8205409739298106,1.2222301268714562,"[2.91042544e-07 2.12331190e-07 0.00000000e+00 0.00000000e+00
 0.00000000e+00 1.76753438e-09 2.12331190e-07 7.11181098e-07
 0.00000000e+00 0.00000000e+00 0.00000000e+00 5.38463592e-08
 0.00000000e+00 0.00000000e+00 0.00000000e+00 0.00000000e+00
 0.00000000e+00 0.00000000e+00 0.00000000e+00 0.00000000e+00
 0.00000000e+00 0.00000000e+00 0.00000000e+00 0.00000000e+00
 0.00000000e+00 0.00000000e+00 0.00000000e+00 0.00000000e+00
 0.00000000e+00 0.00000000e+00 1.76753438e-09 5.38463592e-08
 0.00000000e+00 0.00000000e+00 0.00000000e+00 1.50131236e-06]","[[-0.00076372  0.00014072]
 [-0.00184771 -0.00022893]]",[],0.0,0.0
1787133568.0259392,1.4006804870284177,-1.8205409739298106,1.2222301268714562,"[2.91042544e-07 2.12331190e-07 0.00000000e+00 0.00000000e+00
 0.00000000e+00 1.76753438e-09 2.12331190e-07 7.11181098e-07
 0.00000000e+00 0.00000000e+00 0.00000000e+00 5.38463592e-08
 0.00000000e+00 0.00000000e+00 0.00000000e+00 0.00000000e+00
 0.00000000e+00 0.00000000e+00 0.00000000e+00 0.00000000e+00
 0.00000000e+00 0.00000000e+00 0.00000000e+00 0.00000000e+00
 0.00000000e+00 0.00000000e+00 0.00000000e+00 0.00000000e+00
 0.00000000e+00 0.00000000e+00 1.76753438e-09 5.38463592e-08
 0.00000000e+00 0.00000000e+00 0.00000000e+00 1.50131236e-06]","[[-0.00076372  0.00014072]
 [-0.00184771 -0.00022893]]",[],0.0,0.0
1787133568.0678887,1.4006804870284177,-1.8205409739298106,1.2222301268714562,"[2.91042544e-07 2.12331190e-07 0.00000000e+00 0.00000000e+00
 0.00000000e+00 1.76753438e-09 2.12331190e-07 7.11181098e-07
 0.00000000e+00 0.00000000e+00 0.00000000e+00 5.38463592e-08
 0.00000000e+00 0.00000000e+00 0.00000000e+00 0.00000000e+00
 0.00000000e+00 0.00000000e+00 0.00000000e+00 0.00000000e+00
 0.00000000e+00 0.00000000e+00 0.00000000e+00 0.00000000e+00
 0.00000000e+00 0.00000000e+00 0.00000000e+00 0.00000000e+00
 0.00000000e+00 0.00000000e+00 1.76753438e-09 5.38463592e-08
 0.00000000e+00 0.00000000e+00 0.00000000e+00 1.50131236e-06]","[[-0.00076372  0.00014072]
 [-0.00184771 -0.00022893]]",[],0.0,0.0
1787133568.1186776,1.4006804870284177,-1.8205409739298106,1.2222301268714562,"[2.91042544e-07 2.12331190e-07 0.00000000e+00 0.00000000e+00
 0.00000000e+00 1.76753438e-09 2.12331190e-07 7.11181098e-07
 0.00000000e+00 0.00000000e+00 0.00000000e+00 5.38463592e-08
 0.00000000e+00 0.00000000e+00 0.00000000e+00 0.00000000e+00
 0.00000000e+00 0.00000000e+00 0.00000000e+00 0.00000000e+00
 0.00000000e+00 0.00000000e+00 0.00000000e+00 0.00000000e+00
 0.00000000e+00 0.00000000e+00 0.00000000e+00 0.00000000e+00
 0.00000000e+00 0.00000000e+00 1.76753438e-09 5.38463592e-08
 0.00000000e+00 0.00000000e+00 0.00000000e+00 1.50131236e-06]","[[-0.00076372  0.00014072]
 [-0.00184771 -0.00022893]]",[],0.0,0.0
1787133568.157248,1.4006804870284177,-1.8205409739298106,1.2222301268714562,"[2.91042544e-07 2.12331190e-07 0.00000000e+00 0.00000000e+00
 0.00000000e+00 1.76753438e-09 2.12331190e-07 7.11181098e-07
 0.00000000e+00 0.00000000e+00 0.00000000e+00 5.38463592e-08
 0.00000000e+00 0.00000000e+00 0.00000000e+00 0.00000000e+00
 0.00000000e+00 0.00000000e+00 0.00000000e+00 0.00000000e+00
 0.00000000e+00 0.00000000e+00 0.00000000e+00 0.00000000e+00
 0.00000000e+00 0.00000000e+00 0.00000000e+00 0.00000000e+00
 0.00000000e+00 0.00000000e+00 1.76753438e-09 5.38463592e-08
 0.00000000e+00 0.00000000e+00 0.00000000e+00 1.50131236e-06]","[[-0.00076372  0.00014072]
 [-0.00184771 -0.00022893]]",[],0.0,0.0
1787133568.4205565,1.4006804870284177,-1.8205409739298106,1.2222301268714562,"[2.91042544e-07 2.12331190e-07 0.00000000e+00 0.00000000e+00
 0.00000000e+00 1.76753438e-09 2.12331190e-07 7.11181098e-07
 0.00000000e+00 0.00000000e+00 0.00000000e+00 5.38463592e-08
 0.00000000e+00 0.00000000e+00 0.00000000e+00 0.00000000e+00
 0.00000000e+00 0.00000000e+00 0.00000000e+00 0.00000000e+00
 0.00000000e+00 0.00000000e+00 0.00000000e+00 0.00000000e+00
 0.00000000e+00 0.00000000e+00 0.00000000e+00 0.00000000e+00
 0.00000000e+00 0.00000000e+00 1.76753438e-09 5.38463592e-08
 0.00000000e+00 0.00000000e+00 0.00000000e+00 1.50131236e-06]","[[-0.00076372  0.00014072]
 [-0.00184771 -0.00022893]]",[],0.0,0.0
1787133568.4493754,1.3960235866169206,-1.8284108324410615,1.2380202272818366,"[2.78609635e-07 2.16284671e-07 0.00000000e+00 0.00000000e+00
 0.00000000e+00 1.53328221e-09 2.16284671e-07 7.28787534e-07
 0.00000000e+00 0.00000000e+00 0.00000000e+00 5.59709525e-08
 0.00000000e+00 0.00000000e+00 0.00000000e+00 0.00000000e+00
 0.00000000e+00 0.00000000e+00 0.00000000e+00 0.00000000e+00
 0.00000000e+00 0.00000000e+00 0.00000000e+00 0.00000000e+00
 0.00000000e+00 0.00000000e+00 0.00000000e+00 0.00000000e+00
 0.00000000e+00 0.00000000e+00 1.53328221e-09 5.59709525e-08
 0.00000000e+00 0.00000000e+00 0.00000000e+00 1.54073109e-06]","[[-0.00076372  0.00014072]
 [-0.00184771 -0.00022893]]",[],0.0,0.0
1787133569.197401,1.3960235866169206,-1.8284108324410615,1.2380202272818366,"[2.78609635e-07 2.16284671e-07 0.00000000e+00 0.00000000e+00
 0.00000000e+00 1.53328221e-09 2.16284671e-07 7.28787534e-07
 0.00000000e+00 0.00000000e+00 0.00000000e+00 5.59709525e-08
 0.00000000e+00 0.00000000e+00 0.00000000e+00 0.00000000e+00
 0.00000000e+00 0.00000000e+00 0.00000000e+00 0.00000000e+00
 0.00000000e+00 0.00000000e+00 0.00000000e+00 0.00000000e+00
 0.00000000e+00 0.00000000e+00 0.00000000e+00 0.00000000e+00
 0.00000000e+00 0.00000000e+00 1.53328221e-09 5.59709525e-08
 0.00000000e+00 0.00000000e+00 0.00000000e+00 1.54073109e-06]","[[-0.00076132  0.00013086]
 [-0.00189223 -0.00023788]]",[],0.0,0.0
1787133569.883387,1.391509586579951,-1.8360082218783187,1.2469617230757502,"[2.61807345e-07 2.06002378e-07 0.00000000e+00 0.00000000e+00
 0.00000000e+00 2.12965559e-09 2.06002378e-07 7.10404872e-07
 0.00000000e+00 0.00000000e+00 0.00000000e+00 5.49473284e-08
 0.00000000e+00 0.00000000e+00 0.00000000e+00 0.00000000e+00
 0.00000000e+00 0.00000000e+00 0.00000000e+00 0.00000000e+00
 0.00000000e+00 0.00000000e+00 0.00000000e+00 0.00000000e+00
 0.00000000e+00 0.00000000e+00 0.00000000e+00 0.00000000e+00
 0.00000000e+00 0.00000000e+00 2.12965559e-09 5.49473284e-08
 0.00000000e+00 0.00000000e+00 0.00000000e+00 1.48497401e-06]","[[-0.00071826  0.00012165]
 [-0.0018415  -0.00023174]]",[],0.0,0.0
1787133570.5667455,1.3869553568985715,-1.8437260368476718,1.255084504661471,"[2.47791299e-07 1.98625446e-07 0.00000000e+00 0.00000000e+00
 0.00000000e+00 1.83067955e-09 1.98625446e-07 6.98467015e-07
 0.00000000e+00 0.00000000e+00 0.00000000e+00 5.21706836e-08
 0.00000000e+00 0.00000000e+00 0.00000000e+00 0.00000000e+00
 0.00000000e+00 0.00000000e+00 0.00000000e+00 0.00000000e+00
 0.00000000e+00 0.00000000e+00 0.00000000e+00 0.00000000e+00
 0.00000000e+00 0.00000000e+00 0.00000000e+00 0.00000000e+00
 0.00000000e+00 0.00000000e+00 1.83067955e-09 5.21706836e-08
 0.00000000e+00 0.00000000e+00 0.00000000e+00 1.50396865e-06]","[[-0.00068324  0.00011745]
 [-0.00180905 -0.00021758]]",[],0.0,0.0
1787133570.6036944,1.3828128322029607,-1.8510197639682544,1.2694336519784934,"[2.34980338e-07 1.90508553e-07 0.00000000e+00 0.00000000e+00
 0.00000000e+00 2.70490395e-09 1.90508553e-07 6.82941533e-07
 0.00000000e+00 0.00000000e+00 0.00000000e+00 5.32554075e-08
 0.00000000e+00 0.00000000e+00 0.00000000e+00 0.00000000e+00
 0.00000000e+00 0.00000000e+00 0.00000000e+00 0.00000000e+00
 0.00000000e+00 0.00000000e+00 0.00000000e+00 0.00000000e+00
 0.00000000e+00 0.00000000e+00 0.00000000e+00 0.00000000e+00
 0.00000000e+00 0.00000000e+00 2.70490395e-09 5.32554075e-08
 0.00000000e+00 0.00000000e+00 0.00000000e+00 1.51488526e-06]","[[-0.00063908  0.00011541]
 [-0.00177001 -0.0002039 ]]",[],0.0,0.0
1787133570.6941502,1.3828128322029607,-1.8510197639682544,1.2694336519784934,"[2.34980338e-07 1.90508553e-07 0.00000000e+00 0.00000000e+00
 0.00000000e+00 2.70490395e-09 1.90508553e-07 6.82941533e-07
 0.00000000e+00 0.00000000e+00 0.00000000e+00 5.32554075e-08
 0.00000000e+00 0.00000000e+00 0.00000000e+00 0.00000000e+00
 0.00000000e+00 0.00000000e+00 0.00000000e+00 0.00000000e+00
 0.00000000e+00 0.00000000e+00 0.00000000e+00 0.00000000e+00
 0.00000000e+00 0.00000000e+00 0.00000000e+00 0.00000000e+00
 0.00000000e+00 0.00000000e+00 2.70490395e-09 5.32554075e-08
 0.00000000e+00 0.00000000e+00 0.00000000e+00 1.51488526e-06]","[[-0.00063908  0.00011541]
 [-0.00177001 -0.0002039 ]]",[],0.0,0.0
1787133570.7098713,1.3828128322029607,-1.8510197639682544,1.2694336519784934,"[2.34980338e-07 1.90508553e-07 0.00000000e+00 0.00000000e+00
 0.00000000e+00 2.70490395e-09 1.90508553e-07 6.82941533e-07
 0.00000000e+00 0.00000000e+00 0.00000000e+00 5.32554075e-08
 0.00000000e+00 0.00000000e+00 0.00000000e+00 0.00000000e+00
 0.00000000e+00 0.00000000e+00 0.00000000e+00 0.00000000e+00
 0.00000000e+00 0.00000000e+00 0.00000000e+00 0.00000000e+00
 0.00000000e+00 0.00000000e+00 0.00000000e+00 0.00000000e+00
 0.00000000e+00 0.00000000e+00 2.70490395e-09 5.32554075e-08
 0.00000000e+00 0.00000000e+00 0.00000000e+00 1.51488526e-06]","[[-0.00063908  0.00011541]
 [-0.00177001 -0.0002039 ]]",[],0.0,0.0
1787133570.7638905,1.3828128322029607,-1.8510197639682544,1.2694336519784934,"[2.34980338e-07 1.90508553e-07 0.00000000e+00 0.00000000e+00
 0.00000000e+00 2.70490395e-09 1.90508553e-07 6.82941533e-07
 0.00000000e+00 0.00000000e+00 0.00000000e+00 5.32554075e-08
 0.00000000e+00 0.00000000e+00 0.00000000e+00 0.00000000e+00
 0.00000000e+00 0.00000000e+00 0.00000000e+00 0.00000000e+00
 0.00000000e+00 0.00000000e+00 0.00000000e+00 0.00000000e+00
 0.00000000e+00 0.00000000e+00 0.00000000e+00 0.00000000e+00
 0.00000000e+00 0.00000000e+00 2.70490395e-09 5.32554075e-08
 0.00000000e+00 0.00000000e+00 0.00000000e+00 1.51488526e-06]","[[-0.00063908  0.00011541]
 [-0.00177001 -0.0002039 ]]",[],0.0,0.0
1787133570.798335,1.3828128322029607,-1.8510197639682544,1.2694336519784934,"[2.34980338e-07 1.90508553e-07 0.00000000e+00 0.00000000e+00
 0.00000000e+00 2.70490395e-09 1.90508553e-07 6.82941533e-07
 0.00000000e+00 0.00000000e+00 0.00000000e+00 5.32554075e-08
 0.00000000e+00 0.00000000e+00 0.00000000e+00 0.00000000e+00
 0.00000000e+00 0.00000000e+00 0.00000000e+00 0.00000000e+00
 0.00000000e+00 0.00000000e+00 0.00000000e+00 0.00000000e+00
 0.00000000e+00 0.00000000e+00 0.00000000e+00 0.00000000e+00
 0.00000000e+00 0.00000000e+00 2.70490395e-09 5.32554075e-08
 0.00000000e+00 0.00000000e+00 0.00000000e+00 1.51488526e-06]","[[-0.00063908  0.00011541]
 [-0.00177001 -0.0002039 ]]",[],0.0,0.0
1787133570.8467023,1.3828128322029607,-1.8510197639682544,1.2694336519784934,"[2.34980338e-07 1.90508553e-07 0.00000000e+00 0.00000000e+00
 0.00000000e+00 2.70490395e-09 1.90508553e-07 6.82941533e-07
 0.00000000e+00 0.00000000e+00 0.00000000e+00 5.32554075e-08
 0.00000000e+00 0.00000000e+00 0.00000000e+00 0.00000000e+00
 0.00000000e+00 0.00000000e+00 0.00000000e+00 0.00000000e+00
 0.00000000e+00 0.00000000e+00 0.00000000e+00 0.00000000e+00
 0.00000000e+00 0.00000000e+00 0.00000000e+00 0.00000000e+00
 0.00000000e+00 0.00000000e+00 2.70490395e-09 5.32554075e-08
 0.00000000e+00 0.00000000e+00 0.00000000e+00 1.51488526e-06]","[[-0.00063908  0.00011541]
 [-0.00177001 -0.0002039 ]]",[],0.0,0.0
1787133570.8963325,1.3828128322029607,-1.8510197639682544,1.2694336519784934,"[2.34980338e-07 1.90508553e-07 0.00000000e+00 0.00000000e+00
 0.00000000e+00 2.70490395e-09 1.90508553e-07 6.82941533e-07
 0.00000000e+00 0.00000000e+00 0.00000000e+00 5.32554075e-08
 0.00000000e+00 0.00000000e+00 0.00000000e+00 0.00000000e+00
 0.00000000e+00 0.00000000e+00 0.00000000e+00 0.00000000e+00
 0.00000000e+00 0.00000000e+00 0.00000000e+00 0.00000000e+00
 0.00000000e+00 0.00000000e+00 0.00000000e+00 0.00000000e+00
 0.00000000e+00 0.00000000e+00 2.70490395e-09 5.32554075e-08
 0.00000000e+00 0.00000000e+00 0.00000000e+00 1.51488526e-06]","[[-0.00063908  0.00011541]
 [-0.00177001 -0.0002039 ]]",[],0.0,0.0
1787133570.9603543,1.3828128322029607,-1.8510197639682544,1.2694336519784934,"[2.34980338e-07 1.90508553e-07 0.00000000e+00 0.00000000e+00
 0.00000000e+00 2.70490395e-09 1.90508553e-07 6.82941533e-07
 0.00000000e+00 0.00000000e+00 0.00000000e+00 5.32554075e-08
 0.00000000e+00 0.00000000e+00 0.00000000e+00 0.00000000e+00
 0.00000000e+00 0.00000000e+00 0.00000000e+00 0.00000000e+00
 0.00000000e+00 0.00000000e+00 0.00000000e+00 0.00000000e+00
 0.00000000e+00 0.00000000e+00 0.00000000e+00 0.00000000e+00
 0.00000000e+00 0.00000000e+00 2.70490395e-09 5.32554075e-08
 0.00000000e+00 0.00000000e+00 0.00000000e+00 1.51488526e-06]","[[-0.00063908  0.00011541]
 [-0.00177001 -0.0002039 ]]",[],0.0,0.0
1787133571.0141993,1.3828128322029607,-1.8510197639682544,1.2694336519784934,"[2.34980338e-07 1.90508553e-07 0.00000000e+00 0.00000000e+00
 0.00000000e+00 2.70490395e-09 1.90508553e-07 6.82941533e-07
 0.00000000e+00 0.00000000e+00 0.00000000e+00 5.32554075e-08
 0.00000000e+00 0.00000000e+00 0.00000000e+00 0.00000000e+00
 0.00000000e+00 0.00000000e+00 0.00000000e+00 0.00000000e+00
 0.00000000e+00 0.00000000e+00 0.00000000e+00 0.00000000e+00
 0.00000000e+00 0.00000000e+00 0.00000000e+00 0.00000000e+00
 0.00000000e+00 0.00000000e+00 2.70490395e-09 5.32554075e-08
 0.00000000e+00 0.00000000e+00 0.00000000e+00 1.51488526e-06]","[[-0.00063908  0.00011541]
 [-0.00177001 -0.0002039 ]]",[],0.0,0.0
1787133571.0711303,1.3828128322029607,-1.8510197639682544,1.2694336519784934,"[2.34980338e-07 1.90508553e-07 0.00000000e+00 0.00000000e+00
 0.00000000e+00 2.70490395e-09 1.90508553e-07 6.82941533e-07
 0.00000000e+00 0.00000000e+00 0.00000000e+00 5.32554075e-08
 0.00000000e+00 0.00000000e+00 0.00000000e+00 0.00000000e+00
 0.00000000e+00 0.00000000e+00 0.00000000e+00 0.00000000e+00
 0.00000000e+00 0.00000000e+00 0.00000000e+00 0.00000000e+00
 0.00000000e+00 0.00000000e+00 0.00000000e+00 0.00000000e+00
 0.00000000e+00 0.00000000e+00 2.70490395e-09 5.32554075e-08
 0.00000000e+00 0.00000000e+00 0.00000000e+00 1.51488526e-06]","[[-0.00063908  0.00011541]
 [-0.00177001 -0.0002039 ]]",[],0.0,0.0
1787133571.1069493,1.3828128322029607,-1.8510197639682544,1.2694336519784934,"[2.34980338e-07 1.90508553e-07 0.00000000e+00 0.00000000e+00
 0.00000000e+00 2.70490395e-09 1.90508553e-07 6.82941533e-07
 0.00000000e+00 0.00000000e+00 0.00000000e+00 5.32554075e-08
 0.00000000e+00 0.00000000e+00 0.00000000e+00 0.00000000e+00
 0.00000000e+00 0.00000000e+00 0.00000000e+00 0.00000000e+00
 0.00000000e+00 0.00000000e+00 0.00000000e+00 0.00000000e+00
 0.00000000e+00 0.00000000e+00 0.00000000e+00 0.00000000e+00
 0.00000000e+00 0.00000000e+00 2.70490395e-09 5.32554075e-08
 0.00000000e+00 0.00000000e+00 0.00000000e+00 1.51488526e-06]","[[-0.00063908  0.00011541]
 [-0.00177001 -0.0002039 ]]",[],0.0,0.0
1787133571.1482117,1.3828128322029607,-1.8510197639682544,1.2694336519784934,"[2.34980338e-07 1.90508553e-07 0.00000000e+00 0.00000000e+00
 0.00000000e+00 2.70490395e-09 1.90508553e-07 6.82941533e-07
 0.00000000e+00 0.00000000e+00 0.00000000e+00 5.32554075e-08
 0.00000000e+00 0.00000000e+00 0.00000000e+00 0.00000000e+00
 0.00000000e+00 0.00000000e+00 0.00000000e+00 0.00000000e+00
 0.00000000e+00 0.00000000e+00 0.00000000e+00 0.00000000e+00
 0.00000000e+00 0.00000000e+00 0.00000000e+00 0.00000000e+00
 0.00000000e+00 0.00000000e+00 2.70490395e-09 5.32554075e-08
 0.00000000e+00 0.00000000e+00 0.00000000e+00 1.51488526e-06]","[[-0.00063908  0.00011541]
 [-0.00177001 -0.0002039 ]]",[],0.0,0.0
1787133571.2227476,1.3828128322029607,-1.8510197639682544,1.2694336519784934,"[2.34980338e-07 1.90508553e-07 0.00000000e+00 0.00000000e+00
 0.00000000e+00 2.70490395e-09 1.90508553e-07 6.82941533e-07
 0.00000000e+00 0.00000000e+00 0.00000000e+00 5.32554075e-08
 0.00000000e+00 0.00000000e+00 0.00000000e+00 0.00000000e+00
 0.00000000e+00 0.00000000e+00 0.00000000e+00 0.00000000e+00
 0.00000000e+00 0.00000000e+00 0.00000000e+00 0.00000000e+00
 0.00000000e+00 0.00000000e+00 0.00000000e+00 0.00000000e+00
 0.00000000e+00 0.00000000e+00 2.70490395e-09 5.32554075e-08
 0.00000000e+00 0.00000000e+00 0.00000000e+00 1.51488526e-06]","[[-0.00063908  0.00011541]
 [-0.00177001 -0.0002039 ]]",[],0.0,0.0
1787133571.246344,1.3828128322029607,-1.8510197639682544,1.2694336519784934,"[2.34980338e-07 1.90508553e-07 0.00000000e+00 0.00000000e+00
 0.00000000e+00 2.70490395e-09 1.90508553e-07 6.82941533e-07
 0.00000000e+00 0.00000000e+00 0.00000000e+00 5.32554075e-08
 0.00000000e+00 0.00000000e+00 0.00000000e+00 0.00000000e+00
 0.00000000e+00 0.00000000e+00 0.00000000e+00 0.00000000e+00
 0.00000000e+00 0.00000000e+00 0.00000000e+00 0.00000000e+00
 0.00000000e+00 0.00000000e+00 0.00000000e+00 0.00000000e+00
 0.00000000e+00 0.00000000e+00 2.70490395e-09 5.32554075e-08
 0.00000000e+00 0.00000000e+00 0.00000000e+00 1.51488526e-06]","[[-0.00063908  0.00011541]
 [-0.00177001 -0.0002039 ]]",[],0.0,0.0
1787133571.2981997,1.3828128322029607,-1.8510197639682544,1.2694336519784934,"[2.34980338e-07 1.90508553e-07 0.00000000e+00 0.00000000e+00
 0.00000000e+00 2.70490395e-09 1.90508553e-07 6.82941533e-07
 0.00000000e+00 0.00000000e+00 0.00000000e+00 5.32554075e-08
 0.00000000e+00 0.00000000e+00 0.00000000e+00 0.00000000e+00
 0.00000000e+00 0.00000000e+00 0.00000000e+00 0.00000000e+00
 0.00000000e+00 0.00000000e+00 0.00000000e+00 0.00000000e+00
 0.00000000e+00 0.00000000e+00 0.00000000e+00 0.00000000e+00
 0.00000000e+00 0.00000000e+00 2.70490395e-09 5.32554075e-08
 0.00000000e+00 0.00000000e+00 0.00000000e+00 1.51488526e-06]","[[-0.00063908  0.00011541]
 [-0.00177001 -0.0002039 ]]",[],0.0,0.0
1787133571.3466332,1.3828128322029607,-1.8510197639682544,1.2694336519784934,"[2.34980338e-07 1.90508553e-07 0.00000000e+00 0.00000000e+00
 0.00000000e+00 2.70490395e-09 1.90508553e-07 6.82941533e-07
 0.00000000e+00 0.00000000e+00 0.00000000e+00 5.32554075e-08
 0.00000000e+00 0.00000000e+00 0.00000000e+00 0.00000000e+00
 0.00000000e+00 0.00000000e+00 0.00000000e+00 0.00000000e+00
 0.00000000e+00 0.00000000e+00 0.00000000e+00 0.00000000e+00
 0.00000000e+00 0.00000000e+00 0.00000000e+00 0.00000000e+00
 0.00000000e+00 0.00000000e+00 2.70490395e-09 5.32554075e-08
 0.00000000e+00 0.00000000e+00 0.00000000e+00 1.51488526e-06]","[[-0.00063908  0.00011541]
 [-0.00177001 -0.0002039 ]]",[],0.0,0.0
1787133571.4040534,1.3790334809909148,-1.8588850535620338,1.2827341417631768,"[2.26722309e-07 1.95517798e-07 0.00000000e+00 0.00000000e+00
 0.00000000e+00 1.95499341e-09 1.95517798e-07 7.12498943e-07
 0.00000000e+00 0.00000000e+00 0.00000000e+00 5.20543658e-08
 0.00000000e+00 0.00000000e+00 0.00000000e+00 0.00000000e+00
 0.00000000e+00 0.00000000e+00 0.00000000e+00 0.00000000e+00
 0.00000000e+00 0.00000000e+00 0.00000000e+00 0.00000000e+00
 0.00000000e+00 0.00000000e+00 0.00000000e+00 0.00000000e+00
 0.00000000e+00 0.00000000e+00 1.95499341e-09 5.20543658e-08
 0.00000000e+00 0.00000000e+00 0.00000000e+00 1.52981494e-06]","[[-0.00063786  0.00011378]
 [-0.00184556 -0.00019401]]",[],0.0,0.0
1787133571.5520637,1.3790334809909148,-1.8588850535620338,1.2827341417631768,"[2.26722309e-07 1.95517798e-07 0.00000000e+00 0.00000000e+00
 0.00000000e+00 1.95499341e-09 1.95517798e-07 7.12498943e-07
 0.00000000e+00 0.00000000e+00 0.00000000e+00 5.20543658e-08
 0.00000000e+00 0.00000000e+00 0.00000000e+00 0.00000000e+00
 0.00000000e+00 0.00000000e+00 0.00000000e+00 0.00000000e+00
 0.00000000e+00 0.00000000e+00 0.00000000e+00 0.00000000e+00
 0.00000000e+00 0.00000000e+00 0.00000000e+00 0.00000000e+00
 0.00000000e+00 0.00000000e+00 1.95499341e-09 5.20543658e-08
 0.00000000e+00 0.00000000e+00 0.00000000e+00 1.52981494e-06]","[[-0.00063786  0.00011378]
 [-0.00184556 -0.00019401]]",[],0.0,0.0
1787133571.6109865,1.3790334809909148,-1.8588850535620338,1.2827341417631768,"[2.26722309e-07 1.95517798e-07 0.00000000e+00 0.00000000e+00
 0.00000000e+00 1.95499341e-09 1.95517798e-07 7.12498943e-07
 0.00000000e+00 0.00000000e+00 0.00000000e+00 5.20543658e-08
 0.00000000e+00 0.00000000e+00 0.00000000e+00 0.00000000e+00
 0.00000000e+00 0.00000000e+00 0.00000000e+00 0.00000000e+00
 0.00000000e+00 0.00000000e+00 0.00000000e+00 0.00000000e+00
 0.00000000e+00 0.00000000e+00 0.00000000e+00 0.00000000e+00
 0.00000000e+00 0.00000000e+00 1.95499341e-09 5.20543658e-08
 0.00000000e+00 0.00000000e+00 0.00000000e+00 1.52981494e-06]","[[-0.00063786  0.00011378]
 [-0.00184556 -0.00019401]]",[],0.0,0.0
1787133572.1320512,1.3790334809909148,-1.8588850535620338,1.2827341417631768,"[2.26722309e-07 1.95517798e-07 0.00000000e+00 0.00000000e+00
 0.00000000e+00 1.95499341e-09 1.95517798e-07 7.12498943e-07
 0.00000000e+00 0.00000000e+00 0.00000000e+00 5.20543658e-08
 0.00000000e+00 0.00000000e+00 0.00000000e+00 0.00000000e+00
 0.00000000e+00 0.00000000e+00 0.00000000e+00 0.00000000e+00
 0.00000000e+00 0.00000000e+00 0.00000000e+00 0.00000000e+00
 0.00000000e+00 0.00000000e+00 0.00000000e+00 0.00000000e+00
 0.00000000e+00 0.00000000e+00 1.95499341e-09 5.20543658e-08
 0.00000000e+00 0.00000000e+00 0.00000000e+00 1.52981494e-06]","[[-0.00063786  0.00011378]
 [-0.00184556 -0.00019401]]",[],0.0,0.0
1787133572.2078164,1.375618603564656,-1.8664951615161978,1.2922184143456201,"[2.16941055e-07 1.92354767e-07 0.00000000e+00 0.00000000e+00
 0.00000000e+00 1.24229065e-10 1.92354767e-07 7.18407130e-07
 0.00000000e+00 0.00000000e+00 0.00000000e+00 4.95634018e-08
 0.00000000e+00 0.00000000e+00 0.00000000e+00 0.00000000e+00
 0.00000000e+00 0.00000000e+00 0.00000000e+00 0.00000000e+00
 0.00000000e+00 0.00000000e+00 0.00000000e+00 0.00000000e+00
 0.00000000e+00 0.00000000e+00 0.00000000e+00 0.00000000e+00
 0.00000000e+00 0.00000000e+00 1.24229065e-10 4.95634018e-08
 0.00000000e+00 0.00000000e+00 0.00000000e+00 1.59691198e-06]","[[-0.00062055  0.00011435]
 [-0.00185774 -0.00018588]]",[],0.0,0.0
1787133572.246172,1.375618603564656,-1.8664951615161978,1.2922184143456201,"[2.16941055e-07 1.92354767e-07 0.00000000e+00 0.00000000e+00
 0.00000000e+00 1.24229065e-10 1.92354767e-07 7.18407130e-07
 0.00000000e+00 0.00000000e+00 0.00000000e+00 4.95634018e-08
 0.00000000e+00 0.00000000e+00 0.00000000e+00 0.00000000e+00
 0.00000000e+00 0.00000000e+00 0.00000000e+00 0.00000000e+00
 0.00000000e+00 0.00000000e+00 0.00000000e+00 0.00000000e+00
 0.00000000e+00 0.00000000e+00 0.00000000e+00 0.00000000e+00
 0.00000000e+00 0.00000000e+00 1.24229065e-10 4.95634018e-08
 0.00000000e+00 0.00000000e+00 0.00000000e+00 1.59691198e-06]","[[-0.00062055  0.00011435]
 [-0.00185774 -0.00018588]]",[],0.0,0.0
1787133572.3145044,1.375618603564656,-1.8664951615161978,1.2922184143456201,"[2.16941055e-07 1.92354767e-07 0.00000000e+00 0.00000000e+00
 0.00000000e+00 1.24229065e-10 1.92354767e-07 7.18407130e-07
 0.00000000e+00 0.00000000e+00 0.00000000e+00 4.95634018e-08
 0.00000000e+00 0.00000000e+00 0.00000000e+00 0.00000000e+00
 0.00000000e+00 0.00000000e+00 0.00000000e+00 0.00000000e+00
 0.00000000e+00 0.00000000e+00 0.00000000e+00 0.00000000e+00
 0.00000000e+00 0.00000000e+00 0.00000000e+00 0.00000000e+00
 0.00000000e+00 0.00000000e+00 1.24229065e-10 4.95634018e-08
 0.00000000e+00 0.00000000e+00 0.00000000e+00 1.59691198e-06]","[[-0.00062055  0.00011435]
 [-0.00185774 -0.00018588]]",[],0.0,0.0
1787133572.3480403,1.375618603564656,-1.8664951615161978,1.2922184143456201,"[2.16941055e-07 1.92354767e-07 0.00000000e+00 0.00000000e+00
 0.00000000e+00 1.24229065e-10 1.92354767e-07 7.18407130e-07
 0.00000000e+00 0.00000000e+00 0.00000000e+00 4.95634018e-08
 0.00000000e+00 0.00000000e+00 0.00000000e+00 0.00000000e+00
 0.00000000e+00 0.00000000e+00 0.00000000e+00 0.00000000e+00
 0.00000000e+00 0.00000000e+00 0.00000000e+00 0.00000000e+00
 0.00000000e+00 0.00000000e+00 0.00000000e+00 0.00000000e+00
 0.00000000e+00 0.00000000e+00 1.24229065e-10 4.95634018e-08
 0.00000000e+00 0.00000000e+00 0.00000000e+00 1.59691198e-06]","[[-0.00062055  0.00011435]
 [-0.00185774 -0.00018588]]",[],0.0,0.0
1787133572.4285831,1.375618603564656,-1.8664951615161978,1.2922184143456201,"[2.16941055e-07 1.92354767e-07 0.00000000e+00 0.00000000e+00
 0.00000000e+00 1.24229065e-10 1.92354767e-07 7.18407130e-07
 0.00000000e+00 0.00000000e+00 0.00000000e+00 4.95634018e-08
 0.00000000e+00 0.00000000e+00 0.00000000e+00 0.00000000e+00
 0.00000000e+00 0.00000000e+00 0.00000000e+00 0.00000000e+00
 0.00000000e+00 0.00000000e+00 0.00000000e+00 0.00000000e+00
 0.00000000e+00 0.00000000e+00 0.00000000e+00 0.00000000e+00
 0.00000000e+00 0.00000000e+00 1.24229065e-10 4.95634018e-08
 0.00000000e+00 0.00000000e+00 0.00000000e+00 1.59691198e-06]","[[-0.00062055  0.00011435]
 [-0.00185774 -0.00018588]]",[],0.0,0.0
1787133572.4549143,1.375618603564656,-1.8664951615161978,1.2922184143456201,"[2.16941055e-07 1.92354767e-07 0.00000000e+00 0.00000000e+00
 0.00000000e+00 1.24229065e-10 1.92354767e-07 7.18407130e-07
 0.00000000e+00 0.00000000e+00 0.00000000e+00 4.95634018e-08
 0.00000000e+00 0.00000000e+00 0.00000000e+00 0.00000000e+00
 0.00000000e+00 0.00000000e+00 0.00000000e+00 0.00000000e+00
 0.00000000e+00 0.00000000e+00 0.00000000e+00 0.00000000e+00
 0.00000000e+00 0.00000000e+00 0.00000000e+00 0.00000000e+00
 0.00000000e+00 0.00000000e+00 1.24229065e-10 4.95634018e-08
 0.00000000e+00 0.00000000e+00 0.00000000e+00 1.59691198e-06]","[[-0.00062055  0.00011435]
 [-0.00185774 -0.00018588]]",[],0.0,0.0
1787133572.4960887,1.375618603564656,-1.8664951615161978,1.2922184143456201,"[2.16941055e-07 1.92354767e-07 0.00000000e+00 0.00000000e+00
 0.00000000e+00 1.24229065e-10 1.92354767e-07 7.18407130e-07
 0.00000000e+00 0.00000000e+00 0.00000000e+00 4.95634018e-08
 0.00000000e+00 0.00000000e+00 0.00000000e+00 0.00000000e+00
 0.00000000e+00 0.00000000e+00 0.00000000e+00 0.00000000e+00
 0.00000000e+00 0.00000000e+00 0.00000000e+00 0.00000000e+00
 0.00000000e+00 0.00000000e+00 0.00000000e+00 0.00000000e+00
 0.00000000e+00 0.00000000e+00 1.24229065e-10 4.95634018e-08
 0.00000000e+00 0.00000000e+00 0.00000000e+00 1.59691198e-06]","[[-0.00062055  0.00011435]
 [-0.00185774 -0.00018588]]",[],0.0,0.0
1787133572.717105,1.375618603564656,-1.8664951615161978,1.2922184143456201,"[2.16941055e-07 1.92354767e-07 0.00000000e+00 0.00000000e+00
 0.00000000e+00 1.24229065e-10 1.92354767e-07 7.18407130e-07
 0.00000000e+00 0.00000000e+00 0.00000000e+00 4.95634018e-08
 0.00000000e+00 0.00000000e+00 0.00000000e+00 0.00000000e+00
 0.00000000e+00 0.00000000e+00 0.00000000e+00 0.00000000e+00
 0.00000000e+00 0.00000000e+00 0.00000000e+00 0.00000000e+00
 0.00000000e+00 0.00000000e+00 0.00000000e+00 0.00000000e+00
 0.00000000e+00 0.00000000e+00 1.24229065e-10 4.95634018e-08
 0.00000000e+00 0.00000000e+00 0.00000000e+00 1.59691198e-06]","[[-0.00062055  0.00011435]
 [-0.00185774 -0.00018588]]",[],0.0,0.0
1787133572.747302,1.375618603564656,-1.8664951615161978,1.2922184143456201,"[2.16941055e-07 1.92354767e-07 0.00000000e+00 0.00000000e+00
 0.00000000e+00 1.24229065e-10 1.92354767e-07 7.18407130e-07
 0.00000000e+00 0.00000000e+00 0.00000000e+00 4.95634018e-08
 0.00000000e+00 0.00000000e+00 0.00000000e+00 0.00000000e+00
 0.00000000e+00 0.00000000e+00 0.00000000e+00 0.00000000e+00
 0.00000000e+00 0.00000000e+00 0.00000000e+00 0.00000000e+00
 0.00000000e+00 0.00000000e+00 0.00000000e+00 0.00000000e+00
 0.00000000e+00 0.00000000e+00 1.24229065e-10 4.95634018e-08
 0.00000000e+00 0.00000000e+00 0.00000000e+00 1.59691198e-06]","[[-0.00062055  0.00011435]
 [-0.00185774 -0.00018588]]",[],0.0,0.0
1787133572.8262353,1.375618603564656,-1.8664951615161978,1.2922184143456201,"[2.16941055e-07 1.92354767e-07 0.00000000e+00 0.00000000e+00
 0.00000000e+00 1.24229065e-10 1.92354767e-07 7.18407130e-07
 0.00000000e+00 0.00000000e+00 0.00000000e+00 4.95634018e-08
 0.00000000e+00 0.00000000e+00 0.00000000e+00 0.00000000e+00
 0.00000000e+00 0.00000000e+00 0.00000000e+00 0.00000000e+00
 0.00000000e+00 0.00000000e+00 0.00000000e+00 0.00000000e+00
 0.00000000e+00 0.00000000e+00 0.00000000e+00 0.00000000e+00
 0.00000000e+00 0.00000000e+00 1.24229065e-10 4.95634018e-08
 0.00000000e+00 0.00000000e+00 0.00000000e+00 1.59691198e-06]","[[-0.00062055  0.00011435]
 [-0.00185774 -0.00018588]]",[],0.0,0.0
1787133572.9871464,1.375618603564656,-1.8664951615161978,1.2922184143456201,"[2.16941055e-07 1.92354767e-07 0.00000000e+00 0.00000000e+00
 0.00000000e+00 1.24229065e-10 1.92354767e-07 7.18407130e-07
 0.00000000e+00 0.00000000e+00 0.00000000e+00 4.95634018e-08
 0.00000000e+00 0.00000000e+00 0.00000000e+00 0.00000000e+00
 0.00000000e+00 0.00000000e+00 0.00000000e+00 0.00000000e+00
 0.00000000e+00 0.00000000e+00 0.00000000e+00 0.00000000e+00
 0.00000000e+00 0.00000000e+00 0.00000000e+00 0.00000000e+00
 0.00000000e+00 0.00000000e+00 1.24229065e-10 4.95634018e-08
 0.00000000e+00 0.00000000e+00 0.00000000e+00 1.59691198e-06]","[[-0.00062055  0.00011435]
 [-0.00185774 -0.00018588]]",[],0.0,0.0
1787133572.9976895,1.372706822544513,-1.8723149348891373,1.2974207291832247,"[2.08278358e-07 1.90343597e-07 0.00000000e+00 0.00000000e+00
 0.00000000e+00 5.16058343e-09 1.90343597e-07 7.27595877e-07
 0.00000000e+00 0.00000000e+00 0.00000000e+00 5.86099611e-08
 0.00000000e+00 0.00000000e+00 0.00000000e+00 0.00000000e+00
 0.00000000e+00 0.00000000e+00 0.00000000e+00 0.00000000e+00
 0.00000000e+00 0.00000000e+00 0.00000000e+00 0.00000000e+00
 0.00000000e+00 0.00000000e+00 0.00000000e+00 0.00000000e+00
 0.00000000e+00 0.00000000e+00 5.16058343e-09 5.86099611e-08
 0.00000000e+00 0.00000000e+00 0.00000000e+00 1.58726405e-06]","[[-6.09380229e-04  9.16903535e-05]
 [-1.87815786e-03 -2.19226932e-04]]",[],0.0,0.0
1787133573.0460978,1.372706822544513,-1.8723149348891373,1.2974207291832247,"[2.08278358e-07 1.90343597e-07 0.00000000e+00 0.00000000e+00
 0.00000000e+00 5.16058343e-09 1.90343597e-07 7.27595877e-07
 0.00000000e+00 0.00000000e+00 0.00000000e+00 5.86099611e-08
 0.00000000e+00 0.00000000e+00 0.00000000e+00 0.00000000e+00
 0.00000000e+00 0.00000000e+00 0.00000000e+00 0.00000000e+00
 0.00000000e+00 0.00000000e+00 0.00000000e+00 0.00000000e+00
 0.00000000e+00 0.00000000e+00 0.00000000e+00 0.00000000e+00
 0.00000000e+00 0.00000000e+00 5.16058343e-09 5.86099611e-08
 0.00000000e+00 0.00000000e+00 0.00000000e+00 1.58726405e-06]","[[-6.09380229e-04  9.16903535e-05]
 [-1.87815786e-03 -2.19226932e-04]]",[],0.0,0.0
1787133573.0976262,1.372706822544513,-1.8723149348891373,1.2974207291832247,"[2.08278358e-07 1.90343597e-07 0.00000000e+00 0.00000000e+00
 0.00000000e+00 5.16058343e-09 1.90343597e-07 7.27595877e-07
 0.00000000e+00 0.00000000e+00 0.00000000e+00 5.86099611e-08
 0.00000000e+00 0.00000000e+00 0.00000000e+00 0.00000000e+00
 0.00000000e+00 0.00000000e+00 0.00000000e+00 0.00000000e+00
 0.00000000e+00 0.00000000e+00 0.00000000e+00 0.00000000e+00
 0.00000000e+00 0.00000000e+00 0.00000000e+00 0.00000000e+00
 0.00000000e+00 0.00000000e+00 5.16058343e-09 5.86099611e-08
 0.00000000e+00 0.00000000e+00 0.00000000e+00 1.58726405e-06]","[[-6.09380229e-04  9.16903535e-05]
 [-1.87815786e-03 -2.19226932e-04]]",[],0.0,0.0
1787133573.169821,1.372706822544513,-1.8723149348891373,1.2974207291832247,"[2.08278358e-07 1.90343597e-07 0.00000000e+00 0.00000000e+00
 0.00000000e+00 5.16058343e-09 1.90343597e-07 7.27595877e-07
 0.00000000e+00 0.00000000e+00 0.00000000e+00 5.86099611e-08
 0.00000000e+00 0.00000000e+00 0.00000000e+00 0.00000000e+00
 0.00000000e+00 0.00000000e+00 0.00000000e+00 0.00000000e+00
 0.00000000e+00 0.00000000e+00 0.00000000e+00 0.00000000e+00
 0.00000000e+00 0.00000000e+00 0.00000000e+00 0.00000000e+00
 0.00000000e+00 0.00000000e+00 5.16058343e-09 5.86099611e-08
 0.00000000e+00 0.00000000e+00 0.00000000e+00 1.58726405e-06]","[[-6.09380229e-04  9.16903535e-05]
 [-1.87815786e-03 -2.19226932e-04]]",[],0.0,0.0
1787133573.1979513,1.372706822544513,-1.8723149348891373,1.2974207291832247,"[2.08278358e-07 1.90343597e-07 0.00000000e+00 0.00000000e+00
 0.00000000e+00 5.16058343e-09 1.90343597e-07 7.27595877e-07
 0.00000000e+00 0.00000000e+00 0.00000000e+00 5.86099611e-08
 0.00000000e+00 0.00000000e+00 0.00000000e+00 0.00000000e+00
 0.00000000e+00 0.00000000e+00 0.00000000e+00 0.00000000e+00
 0.00000000e+00 0.00000000e+00 0.00000000e+00 0.00000000e+00
 0.00000000e+00 0.00000000e+00 0.00000000e+00 0.00000000e+00
 0.00000000e+00 0.00000000e+00 5.16058343e-09 5.86099611e-08
 0.00000000e+00 0.00000000e+00 0.00000000e+00 1.58726405e-06]","[[-6.09380229e-04  9.16903535e-05]
 [-1.87815786e-03 -2.19226932e-04]]",[],0.0,0.0
1787133573.2571907,1.372706822544513,-1.8723149348891373,1.2974207291832247,"[2.08278358e-07 1.90343597e-07 0.00000000e+00 0.00000000e+00
 0.00000000e+00 5.16058343e-09 1.90343597e-07 7.27595877e-07
 0.00000000e+00 0.00000000e+00 0.00000000e+00 5.86099611e-08
 0.00000000e+00 0.00000000e+00 0.00000000e+00 0.00000000e+00
 0.00000000e+00 0.00000000e+00 0.00000000e+00 0.00000000e+00
 0.00000000e+00 0.00000000e+00 0.00000000e+00 0.00000000e+00
 0.00000000e+00 0.00000000e+00 0.00000000e+00 0.00000000e+00
 0.00000000e+00 0.00000000e+00 5.16058343e-09 5.86099611e-08
 0.00000000e+00 0.00000000e+00 0.00000000e+00 1.58726405e-06]","[[-6.09380229e-04  9.16903535e-05]
 [-1.87815786e-03 -2.19226932e-04]]",[],0.0,0.0
1787133573.2979672,1.372706822544513,-1.8723149348891373,1.2974207291832247,"[2.08278358e-07 1.90343597e-07 0.00000000e+00 0.00000000e+00
 0.00000000e+00 5.16058343e-09 1.90343597e-07 7.27595877e-07
 0.00000000e+00 0.00000000e+00 0.00000000e+00 5.86099611e-08
 0.00000000e+00 0.00000000e+00 0.00000000e+00 0.00000000e+00
 0.00000000e+00 0.00000000e+00 0.00000000e+00 0.00000000e+00
 0.00000000e+00 0.00000000e+00 0.00000000e+00 0.00000000e+00
 0.00000000e+00 0.00000000e+00 0.00000000e+00 0.00000000e+00
 0.00000000e+00 0.00000000e+00 5.16058343e-09 5.86099611e-08
 0.00000000e+00 0.00000000e+00 0.00000000e+00 1.58726405e-06]","[[-6.09380229e-04  9.16903535e-05]
 [-1.87815786e-03 -2.19226932e-04]]",[],0.0,0.0
1787133573.372188,1.372706822544513,-1.8723149348891373,1.2974207291832247,"[2.08278358e-07 1.90343597e-07 0.00000000e+00 0.00000000e+00
 0.00000000e+00 5.16058343e-09 1.90343597e-07 7.27595877e-07
 0.00000000e+00 0.00000000e+00 0.00000000e+00 5.86099611e-08
 0.00000000e+00 0.00000000e+00 0.00000000e+00 0.00000000e+00
 0.00000000e+00 0.00000000e+00 0.00000000e+00 0.00000000e+00
 0.00000000e+00 0.00000000e+00 0.00000000e+00 0.00000000e+00
 0.00000000e+00 0.00000000e+00 0.00000000e+00 0.00000000e+00
 0.00000000e+00 0.00000000e+00 5.16058343e-09 5.86099611e-08
 0.00000000e+00 0.00000000e+00 0.00000000e+00 1.58726405e-06]","[[-6.09380229e-04  9.16903535e-05]
 [-1.87815786e-03 -2.19226932e-04]]",[],0.0,0.0
1787133573.4233642,1.372706822544513,-1.8723149348891373,1.2974207291832247,"[2.08278358e-07 1.90343597e-07 0.00000000e+00 0.00000000e+00
 0.00000000e+00 5.16058343e-09 1.90343597e-07 7.27595877e-07
 0.00000000e+00 0.00000000e+00 0.00000000e+00 5.86099611e-08
 0.00000000e+00 0.00000000e+00 0.00000000e+00 0.00000000e+00
 0.00000000e+00 0.00000000e+00 0.00000000e+00 0.00000000e+00
 0.00000000e+00 0.00000000e+00 0.00000000e+00 0.00000000e+00
 0.00000000e+00 0.00000000e+00 0.00000000e+00 0.00000000e+00
 0.00000000e+00 0.00000000e+00 5.16058343e-09 5.86099611e-08
 0.00000000e+00 0.00000000e+00 0.00000000e+00 1.58726405e-06]","[[-6.09380229e-04  9.16903535e-05]
 [-1.87815786e-03 -2.19226932e-04]]",[],0.0,0.0
1787133573.4464712,1.372706822544513,-1.8723149348891373,1.2974207291832247,"[2.08278358e-07 1.90343597e-07 0.00000000e+00 0.00000000e+00
 0.00000000e+00 5.16058343e-09 1.90343597e-07 7.27595877e-07
 0.00000000e+00 0.00000000e+00 0.00000000e+00 5.86099611e-08
 0.00000000e+00 0.00000000e+00 0.00000000e+00 0.00000000e+00
 0.00000000e+00 0.00000000e+00 0.00000000e+00 0.00000000e+00
 0.00000000e+00 0.00000000e+00 0.00000000e+00 0.00000000e+00
 0.00000000e+00 0.00000000e+00 0.00000000e+00 0.00000000e+00
 0.00000000e+00 0.00000000e+00 5.16058343e-09 5.86099611e-08
 0.00000000e+00 0.00000000e+00 0.00000000e+00 1.58726405e-06]","[[-6.09380229e-04  9.16903535e-05]
 [-1.87815786e-03 -2.19226932e-04]]",[],0.0,0.0
1787133573.5649462,1.372706822544513,-1.8723149348891373,1.2974207291832247,"[2.08278358e-07 1.90343597e-07 0.00000000e+00 0.00000000e+00
 0.00000000e+00 5.16058343e-09 1.90343597e-07 7.27595877e-07
 0.00000000e+00 0.00000000e+00 0.00000000e+00 5.86099611e-08
 0.00000000e+00 0.00000000e+00 0.00000000e+00 0.00000000e+00
 0.00000000e+00 0.00000000e+00 0.00000000e+00 0.00000000e+00
 0.00000000e+00 0.00000000e+00 0.00000000e+00 0.00000000e+00
 0.00000000e+00 0.00000000e+00 0.00000000e+00 0.00000000e+00
 0.00000000e+00 0.00000000e+00 5.16058343e-09 5.86099611e-08
 0.00000000e+00 0.00000000e+00 0.00000000e+00 1.58726405e-06]","[[-6.09380229e-04  9.16903535e-05]
 [-1.87815786e-03 -2.19226932e-04]]",[],0.0,0.0
1787133573.6340492,1.372706822544513,-1.8723149348891373,1.2974207291832247,"[2.08278358e-07 1.90343597e-07 0.00000000e+00 0.00000000e+00
 0.00000000e+00 5.16058343e-09 1.90343597e-07 7.27595877e-07
 0.00000000e+00 0.00000000e+00 0.00000000e+00 5.86099611e-08
 0.00000000e+00 0.00000000e+00 0.00000000e+00 0.00000000e+00
 0.00000000e+00 0.00000000e+00 0.00000000e+00 0.00000000e+00
 0.00000000e+00 0.00000000e+00 0.00000000e+00 0.00000000e+00
 0.00000000e+00 0.00000000e+00 0.00000000e+00 0.00000000e+00
 0.00000000e+00 0.00000000e+00 5.16058343e-09 5.86099611e-08
 0.00000000e+00 0.00000000e+00 0.00000000e+00 1.58726405e-06]","[[-6.09380229e-04  9.16903535e-05]
 [-1.87815786e-03 -2.19226932e-04]]",[],0.0,0.0
1787133573.6912282,1.372706822544513,-1.8723149348891373,1.2974207291832247,"[2.08278358e-07 1.90343597e-07 0.00000000e+00 0.00000000e+00
 0.00000000e+00 5.16058343e-09 1.90343597e-07 7.27595877e-07
 0.00000000e+00 0.00000000e+00 0.00000000e+00 5.86099611e-08
 0.00000000e+00 0.00000000e+00 0.00000000e+00 0.00000000e+00
 0.00000000e+00 0.00000000e+00 0.00000000e+00 0.00000000e+00
 0.00000000e+00 0.00000000e+00 0.00000000e+00 0.00000000e+00
 0.00000000e+00 0.00000000e+00 0.00000000e+00 0.00000000e+00
 0.00000000e+00 0.00000000e+00 5.16058343e-09 5.86099611e-08
 0.00000000e+00 0.00000000e+00 0.00000000e+00 1.58726405e-06]","[[-6.09380229e-04  9.16903535e-05]
 [-1.87815786e-03 -2.19226932e-04]]",[],0.0,0.0
1787133573.7237952,1.372706822544513,-1.8723149348891373,1.2974207291832247,"[2.08278358e-07 1.90343597e-07 0.00000000e+00 0.00000000e+00
 0.00000000e+00 5.16058343e-09 1.90343597e-07 7.27595877e-07
 0.00000000e+00 0.00000000e+00 0.00000000e+00 5.86099611e-08
 0.00000000e+00 0.00000000e+00 0.00000000e+00 0.00000000e+00
 0.00000000e+00 0.00000000e+00 0.00000000e+00 0.00000000e+00
 0.00000000e+00 0.00000000e+00 0.00000000e+00 0.00000000e+00
 0.00000000e+00 0.00000000e+00 0.00000000e+00 0.00000000e+00
 0.00000000e+00 0.00000000e+00 5.16058343e-09 5.86099611e-08
 0.00000000e+00 0.00000000e+00 0.00000000e+00 1.58726405e-06]","[[-6.09380229e-04  9.16903535e-05]
 [-1.87815786e-03 -2.19226932e-04]]",[],0.0,0.0
1787133573.8228426,1.372706822544513,-1.8723149348891373,1.2974207291832247,"[2.08278358e-07 1.90343597e-07 0.00000000e+00 0.00000000e+00
 0.00000000e+00 5.16058343e-09 1.90343597e-07 7.27595877e-07
 0.00000000e+00 0.00000000e+00 0.00000000e+00 5.86099611e-08
 0.00000000e+00 0.00000000e+00 0.00000000e+00 0.00000000e+00
 0.00000000e+00 0.00000000e+00 0.00000000e+00 0.00000000e+00
 0.00000000e+00 0.00000000e+00 0.00000000e+00 0.00000000e+00
 0.00000000e+00 0.00000000e+00 0.00000000e+00 0.00000000e+00
 0.00000000e+00 0.00000000e+00 5.16058343e-09 5.86099611e-08
 0.00000000e+00 0.00000000e+00 0.00000000e+00 1.58726405e-06]","[[-6.09380229e-04  9.16903535e-05]
 [-1.87815786e-03 -2.19226932e-04]]",[],0.0,0.0
1787133573.869668,1.372706822544513,-1.8723149348891373,1.2974207291832247,"[2.08278358e-07 1.90343597e-07 0.00000000e+00 0.00000000e+00
 0.00000000e+00 5.16058343e-09 1.90343597e-07 7.27595877e-07
 0.00000000e+00 0.00000000e+00 0.00000000e+00 5.86099611e-08
 0.00000000e+00 0.00000000e+00 0.00000000e+00 0.00000000e+00
 0.00000000e+00 0.00000000e+00 0.00000000e+00 0.00000000e+00
 0.00000000e+00 0.00000000e+00 0.00000000e+00 0.00000000e+00
 0.00000000e+00 0.00000000e+00 0.00000000e+00 0.00000000e+00
 0.00000000e+00 0.00000000e+00 5.16058343e-09 5.86099611e-08
 0.00000000e+00 0.00000000e+00 0.00000000e+00 1.58726405e-06]","[[-6.09380229e-04  9.16903535e-05]
 [-1.87815786e-03 -2.19226932e-04]]",[],0.0,0.0
1787133573.9342508,1.372706822544513,-1.8723149348891373,1.2974207291832247,"[2.08278358e-07 1.90343597e-07 0.00000000e+00 0.00000000e+00
 0.00000000e+00 5.16058343e-09 1.90343597e-07 7.27595877e-07
 0.00000000e+00 0.00000000e+00 0.00000000e+00 5.86099611e-08
 0.00000000e+00 0.00000000e+00 0.00000000e+00 0.00000000e+00
 0.00000000e+00 0.00000000e+00 0.00000000e+00 0.00000000e+00
 0.00000000e+00 0.00000000e+00 0.00000000e+00 0.00000000e+00
 0.00000000e+00 0.00000000e+00 0.00000000e+00 0.00000000e+00
 0.00000000e+00 0.00000000e+00 5.16058343e-09 5.86099611e-08
 0.00000000e+00 0.00000000e+00 0.00000000e+00 1.58726405e-06]","[[-6.09380229e-04  9.16903535e-05]
 [-1.87815786e-03 -2.19226932e-04]]",[],0.0,0.0
1787133573.9771235,1.3688419405829442,-1.8813857764405533,1.2958175839710062,"[2.06375016e-07 2.11379689e-07 0.00000000e+00 0.00000000e+00
 0.00000000e+00 7.28033741e-09 2.11379689e-07 8.19243339e-07
 0.00000000e+00 0.00000000e+00 0.00000000e+00 6.04622013e-08
 0.00000000e+00 0.00000000e+00 0.00000000e+00 0.00000000e+00
 0.00000000e+00 0.00000000e+00 0.00000000e+00 0.00000000e+00
 0.00000000e+00 0.00000000e+00 0.00000000e+00 0.00000000e+00
 0.00000000e+00 0.00000000e+00 0.00000000e+00 0.00000000e+00
 0.00000000e+00 0.00000000e+00 7.28033741e-09 6.04622013e-08
 0.00000000e+00 0.00000000e+00 0.00000000e+00 1.56013942e-06]","[[-6.58504970e-04  7.84417052e-05]
 [-2.11243128e-03 -2.31517374e-04]]",[],0.0,0.0
1787133574.0077734,1.3688419405829442,-1.8813857764405533,1.2958175839710062,"[2.06375016e-07 2.11379689e-07 0.00000000e+00 0.00000000e+00
 0.00000000e+00 7.28033741e-09 2.11379689e-07 8.19243339e-07
 0.00000000e+00 0.00000000e+00 0.00000000e+00 6.04622013e-08
 0.00000000e+00 0.00000000e+00 0.00000000e+00 0.00000000e+00
 0.00000000e+00 0.00000000e+00 0.00000000e+00 0.00000000e+00
 0.00000000e+00 0.00000000e+00 0.00000000e+00 0.00000000e+00
 0.00000000e+00 0.00000000e+00 0.00000000e+00 0.00000000e+00
 0.00000000e+00 0.00000000e+00 7.28033741e-09 6.04622013e-08
 0.00000000e+00 0.00000000e+00 0.00000000e+00 1.56013942e-06]","[[-6.58504970e-04  7.84417052e-05]
 [-2.11243128e-03 -2.31517374e-04]]",[],0.0,0.0
1787133574.0741832,1.3688419405829442,-1.8813857764405533,1.2958175839710062,"[2.06375016e-07 2.11379689e-07 0.00000000e+00 0.00000000e+00
 0.00000000e+00 7.28033741e-09 2.11379689e-07 8.19243339e-07
 0.00000000e+00 0.00000000e+00 0.00000000e+00 6.04622013e-08
 0.00000000e+00 0.00000000e+00 0.00000000e+00 0.00000000e+00
 0.00000000e+00 0.00000000e+00 0.00000000e+00 0.00000000e+00
 0.00000000e+00 0.00000000e+00 0.00000000e+00 0.00000000e+00
 0.00000000e+00 0.00000000e+00 0.00000000e+00 0.00000000e+00
 0.00000000e+00 0.00000000e+00 7.28033741e-09 6.04622013e-08
 0.00000000e+00 0.00000000e+00 0.00000000e+00 1.56013942e-06]","[[-6.58504970e-04  7.84417052e-05]
 [-2.11243128e-03 -2.31517374e-04]]",[],0.0,0.0
1787133574.1155548,1.3688419405829442,-1.8813857764405533,1.2958175839710062,"[2.06375016e-07 2.11379689e-07 0.00000000e+00 0.00000000e+00
 0.00000000e+00 7.28033741e-09 2.11379689e-07 8.19243339e-07
 0.00000000e+00 0.00000000e+00 0.00000000e+00 6.04622013e-08
 0.00000000e+00 0.00000000e+00 0.00000000e+00 0.00000000e+00
 0.00000000e+00 0.00000000e+00 0.00000000e+00 0.00000000e+00
 0.00000000e+00 0.00000000e+00 0.00000000e+00 0.00000000e+00
 0.00000000e+00 0.00000000e+00 0.00000000e+00 0.00000000e+00
 0.00000000e+00 0.00000000e+00 7.28033741e-09 6.04622013e-08
 0.00000000e+00 0.00000000e+00 0.00000000e+00 1.56013942e-06]","[[-6.58504970e-04  7.84417052e-05]
 [-2.11243128e-03 -2.31517374e-04]]",[],0.0,0.0
1787133574.1792014,1.3688419405829442,-1.8813857764405533,1.2958175839710062,"[2.06375016e-07 2.11379689e-07 0.00000000e+00 0.00000000e+00
 0.00000000e+00 7.28033741e-09 2.11379689e-07 8.19243339e-07
 0.00000000e+00 0.00000000e+00 0.00000000e+00 6.04622013e-08
 0.00000000e+00 0.00000000e+00 0.00000000e+00 0.00000000e+00
 0.00000000e+00 0.00000000e+00 0.00000000e+00 0.00000000e+00
 0.00000000e+00 0.00000000e+00 0.00000000e+00 0.00000000e+00
 0.00000000e+00 0.00000000e+00 0.00000000e+00 0.00000000e+00
 0.00000000e+00 0.00000000e+00 7.28033741e-09 6.04622013e-08
 0.00000000e+00 0.00000000e+00 0.00000000e+00 1.56013942e-06]","[[-6.58504970e-04  7.84417052e-05]
 [-2.11243128e-03 -2.31517374e-04]]",[],0.0,0.0
1787133574.5600092,1.3688419405829442,-1.8813857764405533,1.2958175839710062,"[2.06375016e-07 2.11379689e-07 0.00000000e+00 0.00000000e+00
 0.00000000e+00 7.28033741e-09 2.11379689e-07 8.19243339e-07
 0.00000000e+00 0.00000000e+00 0.00000000e+00 6.04622013e-08
 0.00000000e+00 0.00000000e+00 0.00000000e+00 0.00000000e+00
 0.00000000e+00 0.00000000e+00 0.00000000e+00 0.00000000e+00
 0.00000000e+00 0.00000000e+00 0.00000000e+00 0.00000000e+00
 0.00000000e+00 0.00000000e+00 0.00000000e+00 0.00000000e+00
 0.00000000e+00 0.00000000e+00 7.28033741e-09 6.04622013e-08
 0.00000000e+00 0.00000000e+00 0.00000000e+00 1.56013942e-06]","[[-6.58504970e-04  7.84417052e-05]
 [-2.11243128e-03 -2.31517374e-04]]",[],0.0,0.0
1787133574.7841501,1.3688419405829442,-1.8813857764405533,1.2958175839710062,"[2.06375016e-07 2.11379689e-07 0.00000000e+00 0.00000000e+00
 0.00000000e+00 7.28033741e-09 2.11379689e-07 8.19243339e-07
 0.00000000e+00 0.00000000e+00 0.00000000e+00 6.04622013e-08
 0.00000000e+00 0.00000000e+00 0.00000000e+00 0.00000000e+00
 0.00000000e+00 0.00000000e+00 0.00000000e+00 0.00000000e+00
 0.00000000e+00 0.00000000e+00 0.00000000e+00 0.00000000e+00
 0.00000000e+00 0.00000000e+00 0.00000000e+00 0.00000000e+00
 0.00000000e+00 0.00000000e+00 7.28033741e-09 6.04622013e-08
 0.00000000e+00 0.00000000e+00 0.00000000e+00 1.56013942e-06]","[[-6.58504970e-04  7.84417052e-05]
 [-2.11243128e-03 -2.31517374e-04]]",[],0.0,0.0
1787133574.7979877,1.3651265834803685,-1.890326705064053,1.291487147230737,"[1.98015324e-07 2.06299699e-07 0.00000000e+00 0.00000000e+00
 0.00000000e+00 2.44048800e-09 2.06299699e-07 8.12275583e-07
 0.00000000e+00 0.00000000e+00 0.00000000e+00 4.98391474e-08
 0.00000000e+00 0.00000000e+00 0.00000000e+00 0.00000000e+00
 0.00000000e+00 0.00000000e+00 0.00000000e+00 0.00000000e+00
 0.00000000e+00 0.00000000e+00 0.00000000e+00 0.00000000e+00
 0.00000000e+00 0.00000000e+00 0.00000000e+00 0.00000000e+00
 0.00000000e+00 0.00000000e+00 2.44048800e-09 4.98391474e-08
 0.00000000e+00 0.00000000e+00 0.00000000e+00 1.53700811e-06]","[[-6.37805214e-04  9.10690205e-05]
 [-2.09279245e-03 -1.94175167e-04]]",[],0.0,0.0
1787133574.846198,1.3651265834803685,-1.890326705064053,1.291487147230737,"[1.98015324e-07 2.06299699e-07 0.00000000e+00 0.00000000e+00
 0.00000000e+00 2.44048800e-09 2.06299699e-07 8.12275583e-07
 0.00000000e+00 0.00000000e+00 0.00000000e+00 4.98391474e-08
 0.00000000e+00 0.00000000e+00 0.00000000e+00 0.00000000e+00
 0.00000000e+00 0.00000000e+00 0.00000000e+00 0.00000000e+00
 0.00000000e+00 0.00000000e+00 0.00000000e+00 0.00000000e+00
 0.00000000e+00 0.00000000e+00 0.00000000e+00 0.00000000e+00
 0.00000000e+00 0.00000000e+00 2.44048800e-09 4.98391474e-08
 0.00000000e+00 0.00000000e+00 0.00000000e+00 1.53700811e-06]","[[-6.37805214e-04  9.10690205e-05]
 [-2.09279245e-03 -1.94175167e-04]]",[],0.0,0.0
1787133574.9342992,1.3651265834803685,-1.890326705064053,1.291487147230737,"[1.98015324e-07 2.06299699e-07 0.00000000e+00 0.00000000e+00
 0.00000000e+00 2.44048800e-09 2.06299699e-07 8.12275583e-07
 0.00000000e+00 0.00000000e+00 0.00000000e+00 4.98391474e-08
 0.00000000e+00 0.00000000e+00 0.00000000e+00 0.00000000e+00
 0.00000000e+00 0.00000000e+00 0.00000000e+00 0.00000000e+00
 0.00000000e+00 0.00000000e+00 0.00000000e+00 0.00000000e+00
 0.00000000e+00 0.00000000e+00 0.00000000e+00 0.00000000e+00
 0.00000000e+00 0.00000000e+00 2.44048800e-09 4.98391474e-08
 0.00000000e+00 0.00000000e+00 0.00000000e+00 1.53700811e-06]","[[-6.37805214e-04  9.10690205e-05]
 [-2.09279245e-03 -1.94175167e-04]]",[],0.0,0.0
1787133574.9917972,1.3651265834803685,-1.890326705064053,1.291487147230737,"[1.98015324e-07 2.06299699e-07 0.00000000e+00 0.00000000e+00
 0.00000000e+00 2.44048800e-09 2.06299699e-07 8.12275583e-07
 0.00000000e+00 0.00000000e+00 0.00000000e+00 4.98391474e-08
 0.00000000e+00 0.00000000e+00 0.00000000e+00 0.00000000e+00
 0.00000000e+00 0.00000000e+00 0.00000000e+00 0.00000000e+00
 0.00000000e+00 0.00000000e+00 0.00000000e+00 0.00000000e+00
 0.00000000e+00 0.00000000e+00 0.00000000e+00 0.00000000e+00
 0.00000000e+00 0.00000000e+00 2.44048800e-09 4.98391474e-08
 0.00000000e+00 0.00000000e+00 0.00000000e+00 1.53700811e-06]","[[-6.37805214e-04  9.10690205e-05]
 [-2.09279245e-03 -1.94175167e-04]]",[],0.0,0.0
1787133575.0508678,1.3651265834803685,-1.890326705064053,1.291487147230737,"[1.98015324e-07 2.06299699e-07 0.00000000e+00 0.00000000e+00
 0.00000000e+00 2.44048800e-09 2.06299699e-07 8.12275583e-07
 0.00000000e+00 0.00000000e+00 0.00000000e+00 4.98391474e-08
 0.00000000e+00 0.00000000e+00 0.00000000e+00 0.00000000e+00
 0.00000000e+00 0.00000000e+00 0.00000000e+00 0.00000000e+00
 0.00000000e+00 0.00000000e+00 0.00000000e+00 0.00000000e+00
 0.00000000e+00 0.00000000e+00 0.00000000e+00 0.00000000e+00
 0.00000000e+00 0.00000000e+00 2.44048800e-09 4.98391474e-08
 0.00000000e+00 0.00000000e+00 0.00000000e+00 1.53700811e-06]","[[-6.37805214e-04  9.10690205e-05]
 [-2.09279245e-03 -1.94175167e-04]]",[],0.0,0.0
1787133575.0963278,1.3651265834803685,-1.890326705064053,1.291487147230737,"[1.98015324e-07 2.06299699e-07 0.00000000e+00 0.00000000e+00
 0.00000000e+00 2.44048800e-09 2.06299699e-07 8.12275583e-07
 0.00000000e+00 0.00000000e+00 0.00000000e+00 4.98391474e-08
 0.00000000e+00 0.00000000e+00 0.00000000e+00 0.00000000e+00
 0.00000000e+00 0.00000000e+00 0.00000000e+00 0.00000000e+00
 0.00000000e+00 0.00000000e+00 0.00000000e+00 0.00000000e+00
 0.00000000e+00 0.00000000e+00 0.00000000e+00 0.00000000e+00
 0.00000000e+00 0.00000000e+00 2.44048800e-09 4.98391474e-08
 0.00000000e+00 0.00000000e+00 0.00000000e+00 1.53700811e-06]","[[-6.37805214e-04  9.10690205e-05]
 [-2.09279245e-03 -1.94175167e-04]]",[],0.0,0.0
1787133575.1641846,1.3651265834803685,-1.890326705064053,1.291487147230737,"[1.98015324e-07 2.06299699e-07 0.00000000e+00 0.00000000e+00
 0.00000000e+00 2.44048800e-09 2.06299699e-07 8.12275583e-07
 0.00000000e+00 0.00000000e+00 0.00000000e+00 4.98391474e-08
 0.00000000e+00 0.00000000e+00 0.00000000e+00 0.00000000e+00
 0.00000000e+00 0.00000000e+00 0.00000000e+00 0.00000000e+00
 0.00000000e+00 0.00000000e+00 0.00000000e+00 0.00000000e+00
 0.00000000e+00 0.00000000e+00 0.00000000e+00 0.00000000e+00
 0.00000000e+00 0.00000000e+00 2.44048800e-09 4.98391474e-08
 0.00000000e+00 0.00000000e+00 0.00000000e+00 1.53700811e-06]","[[-6.37805214e-04  9.10690205e-05]
 [-2.09279245e-03 -1.94175167e-04]]",[],0.0,0.0
1787133575.2123623,1.3651265834803685,-1.890326705064053,1.291487147230737,"[1.98015324e-07 2.06299699e-07 0.00000000e+00 0.00000000e+00
 0.00000000e+00 2.44048800e-09 2.06299699e-07 8.12275583e-07
 0.00000000e+00 0.00000000e+00 0.00000000e+00 4.98391474e-08
 0.00000000e+00 0.00000000e+00 0.00000000e+00 0.00000000e+00
 0.00000000e+00 0.00000000e+00 0.00000000e+00 0.00000000e+00
 0.00000000e+00 0.00000000e+00 0.00000000e+00 0.00000000e+00
 0.00000000e+00 0.00000000e+00 0.00000000e+00 0.00000000e+00
 0.00000000e+00 0.00000000e+00 2.44048800e-09 4.98391474e-08
 0.00000000e+00 0.00000000e+00 0.00000000e+00 1.53700811e-06]","[[-6.37805214e-04  9.10690205e-05]
 [-2.09279245e-03 -1.94175167e-04]]",[],0.0,0.0
1787133575.307369,1.3651265834803685,-1.890326705064053,1.291487147230737,"[1.98015324e-07 2.06299699e-07 0.00000000e+00 0.00000000e+00
 0.00000000e+00 2.44048800e-09 2.06299699e-07 8.12275583e-07
 0.00000000e+00 0.00000000e+00 0.00000000e+00 4.98391474e-08
 0.00000000e+00 0.00000000e+00 0.00000000e+00 0.00000000e+00
 0.00000000e+00 0.00000000e+00 0.00000000e+00 0.00000000e+00
 0.00000000e+00 0.00000000e+00 0.00000000e+00 0.00000000e+00
 0.00000000e+00 0.00000000e+00 0.00000000e+00 0.00000000e+00
 0.00000000e+00 0.00000000e+00 2.44048800e-09 4.98391474e-08
 0.00000000e+00 0.00000000e+00 0.00000000e+00 1.53700811e-06]","[[-6.37805214e-04  9.10690205e-05]
 [-2.09279245e-03 -1.94175167e-04]]",[],0.0,0.0
1787133575.3724744,1.3651265834803685,-1.890326705064053,1.291487147230737,"[1.98015324e-07 2.06299699e-07 0.00000000e+00 0.00000000e+00
 0.00000000e+00 2.44048800e-09 2.06299699e-07 8.12275583e-07
 0.00000000e+00 0.00000000e+00 0.00000000e+00 4.98391474e-08
 0.00000000e+00 0.00000000e+00 0.00000000e+00 0.00000000e+00
 0.00000000e+00 0.00000000e+00 0.00000000e+00 0.00000000e+00
 0.00000000e+00 0.00000000e+00 0.00000000e+00 0.00000000e+00
 0.00000000e+00 0.00000000e+00 0.00000000e+00 0.00000000e+00
 0.00000000e+00 0.00000000e+00 2.44048800e-09 4.98391474e-08
 0.00000000e+00 0.00000000e+00 0.00000000e+00 1.53700811e-06]","[[-6.37805214e-04  9.10690205e-05]
 [-2.09279245e-03 -1.94175167e-04]]",[],0.0,0.0
1787133575.3966618,1.3651265834803685,-1.890326705064053,1.291487147230737,"[1.98015324e-07 2.06299699e-07 0.00000000e+00 0.00000000e+00
 0.00000000e+00 2.44048800e-09 2.06299699e-07 8.12275583e-07
 0.00000000e+00 0.00000000e+00 0.00000000e+00 4.98391474e-08
 0.00000000e+00 0.00000000e+00 0.00000000e+00 0.00000000e+00
 0.00000000e+00 0.00000000e+00 0.00000000e+00 0.00000000e+00
 0.00000000e+00 0.00000000e+00 0.00000000e+00 0.00000000e+00
 0.00000000e+00 0.00000000e+00 0.00000000e+00 0.00000000e+00
 0.00000000e+00 0.00000000e+00 2.44048800e-09 4.98391474e-08
 0.00000000e+00 0.00000000e+00 0.00000000e+00 1.53700811e-06]","[[-6.37805214e-04  9.10690205e-05]
 [-2.09279245e-03 -1.94175167e-04]]",[],0.0,0.0
1787133575.5038788,1.3651265834803685,-1.890326705064053,1.291487147230737,"[1.98015324e-07 2.06299699e-07 0.00000000e+00 0.00000000e+00
 0.00000000e+00 2.44048800e-09 2.06299699e-07 8.12275583e-07
 0.00000000e+00 0.00000000e+00 0.00000000e+00 4.98391474e-08
 0.00000000e+00 0.00000000e+00 0.00000000e+00 0.00000000e+00
 0.00000000e+00 0.00000000e+00 0.00000000e+00 0.00000000e+00
 0.00000000e+00 0.00000000e+00 0.00000000e+00 0.00000000e+00
 0.00000000e+00 0.00000000e+00 0.00000000e+00 0.00000000e+00
 0.00000000e+00 0.00000000e+00 2.44048800e-09 4.98391474e-08
 0.00000000e+00 0.00000000e+00 0.00000000e+00 1.53700811e-06]","[[-6.37805214e-04  9.10690205e-05]
 [-2.09279245e-03 -1.94175167e-04]]",[],0.0,0.0
1787133575.5751765,1.3651265834803685,-1.890326705064053,1.291487147230737,"[1.98015324e-07 2.06299699e-07 0.00000000e+00 0.00000000e+00
 0.00000000e+00 2.44048800e-09 2.06299699e-07 8.12275583e-07
 0.00000000e+00 0.00000000e+00 0.00000000e+00 4.98391474e-08
 0.00000000e+00 0.00000000e+00 0.00000000e+00 0.00000000e+00
 0.00000000e+00 0.00000000e+00 0.00000000e+00 0.00000000e+00
 0.00000000e+00 0.00000000e+00 0.00000000e+00 0.00000000e+00
 0.00000000e+00 0.00000000e+00 0.00000000e+00 0.00000000e+00
 0.00000000e+00 0.00000000e+00 2.44048800e-09 4.98391474e-08
 0.00000000e+00 0.00000000e+00 0.00000000e+00 1.53700811e-06]","[[-6.37805214e-04  9.10690205e-05]
 [-2.09279245e-03 -1.94175167e-04]]",[],0.0,0.0
1787133575.6269438,1.3651265834803685,-1.890326705064053,1.291487147230737,"[1.98015324e-07 2.06299699e-07 0.00000000e+00 0.00000000e+00
 0.00000000e+00 2.44048800e-09 2.06299699e-07 8.12275583e-07
 0.00000000e+00 0.00000000e+00 0.00000000e+00 4.98391474e-08
 0.00000000e+00 0.00000000e+00 0.00000000e+00 0.00000000e+00
 0.00000000e+00 0.00000000e+00 0.00000000e+00 0.00000000e+00
 0.00000000e+00 0.00000000e+00 0.00000000e+00 0.00000000e+00
 0.00000000e+00 0.00000000e+00 0.00000000e+00 0.00000000e+00
 0.00000000e+00 0.00000000e+00 2.44048800e-09 4.98391474e-08
 0.00000000e+00 0.00000000e+00 0.00000000e+00 1.53700811e-06]","[[-6.37805214e-04  9.10690205e-05]
 [-2.09279245e-03 -1.94175167e-04]]",[],0.0,0.0
1787133575.6668434,1.3651265834803685,-1.890326705064053,1.291487147230737,"[1.98015324e-07 2.06299699e-07 0.00000000e+00 0.00000000e+00
 0.00000000e+00 2.44048800e-09 2.06299699e-07 8.12275583e-07
 0.00000000e+00 0.00000000e+00 0.00000000e+00 4.98391474e-08
 0.00000000e+00 0.00000000e+00 0.00000000e+00 0.00000000e+00
 0.00000000e+00 0.00000000e+00 0.00000000e+00 0.00000000e+00
 0.00000000e+00 0.00000000e+00 0.00000000e+00 0.00000000e+00
 0.00000000e+00 0.00000000e+00 0.00000000e+00 0.00000000e+00
 0.00000000e+00 0.00000000e+00 2.44048800e-09 4.98391474e-08
 0.00000000e+00 0.00000000e+00 0.00000000e+00 1.53700811e-06]","[[-6.37805214e-04  9.10690205e-05]
 [-2.09279245e-03 -1.94175167e-04]]",[],0.0,0.0
1787133575.6967754,1.3618623206633658,-1.8984446836724724,1.299741286709005,"[1.91885002e-07 2.05243108e-07 0.00000000e+00 0.00000000e+00
 0.00000000e+00 2.74633030e-09 2.05243108e-07 8.11487527e-07
 0.00000000e+00 0.00000000e+00 0.00000000e+00 5.46462844e-08
 0.00000000e+00 0.00000000e+00 0.00000000e+00 0.00000000e+00
 0.00000000e+00 0.00000000e+00 0.00000000e+00 0.00000000e+00
 0.00000000e+00 0.00000000e+00 0.00000000e+00 0.00000000e+00
 0.00000000e+00 0.00000000e+00 0.00000000e+00 0.00000000e+00
 0.00000000e+00 0.00000000e+00 2.74633030e-09 5.46462844e-08
 0.00000000e+00 0.00000000e+00 0.00000000e+00 1.52223499e-06]","[[-6.37575634e-04  8.11328792e-05]
 [-2.08733462e-03 -2.24776314e-04]]",[],0.0,0.0
1787133575.7462776,1.3618623206633658,-1.8984446836724724,1.299741286709005,"[1.91885002e-07 2.05243108e-07 0.00000000e+00 0.00000000e+00
 0.00000000e+00 2.74633030e-09 2.05243108e-07 8.11487527e-07
 0.00000000e+00 0.00000000e+00 0.00000000e+00 5.46462844e-08
 0.00000000e+00 0.00000000e+00 0.00000000e+00 0.00000000e+00
 0.00000000e+00 0.00000000e+00 0.00000000e+00 0.00000000e+00
 0.00000000e+00 0.00000000e+00 0.00000000e+00 0.00000000e+00
 0.00000000e+00 0.00000000e+00 0.00000000e+00 0.00000000e+00
 0.00000000e+00 0.00000000e+00 2.74633030e-09 5.46462844e-08
 0.00000000e+00 0.00000000e+00 0.00000000e+00 1.52223499e-06]","[[-6.37575634e-04  8.11328792e-05]
 [-2.08733462e-03 -2.24776314e-04]]",[],0.0,0.0
1787133575.8170938,1.3618623206633658,-1.8984446836724724,1.299741286709005,"[1.91885002e-07 2.05243108e-07 0.00000000e+00 0.00000000e+00
 0.00000000e+00 2.74633030e-09 2.05243108e-07 8.11487527e-07
 0.00000000e+00 0.00000000e+00 0.00000000e+00 5.46462844e-08
 0.00000000e+00 0.00000000e+00 0.00000000e+00 0.00000000e+00
 0.00000000e+00 0.00000000e+00 0.00000000e+00 0.00000000e+00
 0.00000000e+00 0.00000000e+00 0.00000000e+00 0.00000000e+00
 0.00000000e+00 0.00000000e+00 0.00000000e+00 0.00000000e+00
 0.00000000e+00 0.00000000e+00 2.74633030e-09 5.46462844e-08
 0.00000000e+00 0.00000000e+00 0.00000000e+00 1.52223499e-06]","[[-6.37575634e-04  8.11328792e-05]
 [-2.08733462e-03 -2.24776314e-04]]",[],0.0,0.0
1787133575.8508484,1.3618623206633658,-1.8984446836724724,1.299741286709005,"[1.91885002e-07 2.05243108e-07 0.00000000e+00 0.00000000e+00
 0.00000000e+00 2.74633030e-09 2.05243108e-07 8.11487527e-07
 0.00000000e+00 0.00000000e+00 0.00000000e+00 5.46462844e-08
 0.00000000e+00 0.00000000e+00 0.00000000e+00 0.00000000e+00
 0.00000000e+00 0.00000000e+00 0.00000000e+00 0.00000000e+00
 0.00000000e+00 0.00000000e+00 0.00000000e+00 0.00000000e+00
 0.00000000e+00 0.00000000e+00 0.00000000e+00 0.00000000e+00
 0.00000000e+00 0.00000000e+00 2.74633030e-09 5.46462844e-08
 0.00000000e+00 0.00000000e+00 0.00000000e+00 1.52223499e-06]","[[-6.37575634e-04  8.11328792e-05]
 [-2.08733462e-03 -2.24776314e-04]]",[],0.0,0.0
1787133575.9779801,1.3618623206633658,-1.8984446836724724,1.299741286709005,"[1.91885002e-07 2.05243108e-07 0.00000000e+00 0.00000000e+00
 0.00000000e+00 2.74633030e-09 2.05243108e-07 8.11487527e-07
 0.00000000e+00 0.00000000e+00 0.00000000e+00 5.46462844e-08
 0.00000000e+00 0.00000000e+00 0.00000000e+00 0.00000000e+00
 0.00000000e+00 0.00000000e+00 0.00000000e+00 0.00000000e+00
 0.00000000e+00 0.00000000e+00 0.00000000e+00 0.00000000e+00
 0.00000000e+00 0.00000000e+00 0.00000000e+00 0.00000000e+00
 0.00000000e+00 0.00000000e+00 2.74633030e-09 5.46462844e-08
 0.00000000e+00 0.00000000e+00 0.00000000e+00 1.52223499e-06]","[[-6.37575634e-04  8.11328792e-05]
 [-2.08733462e-03 -2.24776314e-04]]",[],0.0,0.0
1787133575.9982991,1.3618623206633658,-1.8984446836724724,1.299741286709005,"[1.91885002e-07 2.05243108e-07 0.00000000e+00 0.00000000e+00
 0.00000000e+00 2.74633030e-09 2.05243108e-07 8.11487527e-07
 0.00000000e+00 0.00000000e+00 0.00000000e+00 5.46462844e-08
 0.00000000e+00 0.00000000e+00 0.00000000e+00 0.00000000e+00
 0.00000000e+00 0.00000000e+00 0.00000000e+00 0.00000000e+00
 0.00000000e+00 0.00000000e+00 0.00000000e+00 0.00000000e+00
 0.00000000e+00 0.00000000e+00 0.00000000e+00 0.00000000e+00
 0.00000000e+00 0.00000000e+00 2.74633030e-09 5.46462844e-08
 0.00000000e+00 0.00000000e+00 0.00000000e+00 1.52223499e-06]","[[-6.37575634e-04  8.11328792e-05]
 [-2.08733462e-03 -2.24776314e-04]]",[],0.0,0.0
1787133576.0510151,1.3618623206633658,-1.8984446836724724,1.299741286709005,"[1.91885002e-07 2.05243108e-07 0.00000000e+00 0.00000000e+00
 0.00000000e+00 2.74633030e-09 2.05243108e-07 8.11487527e-07
 0.00000000e+00 0.00000000e+00 0.00000000e+00 5.46462844e-08
 0.00000000e+00 0.00000000e+00 0.00000000e+00 0.00000000e+00
 0.00000000e+00 0.00000000e+00 0.00000000e+00 0.00000000e+00
 0.00000000e+00 0.00000000e+00 0.00000000e+00 0.00000000e+00
 0.00000000e+00 0.00000000e+00 0.00000000e+00 0.00000000e+00
 0.00000000e+00 0.00000000e+00 2.74633030e-09 5.46462844e-08
 0.00000000e+00 0.00000000e+00 0.00000000e+00 1.52223499e-06]","[[-6.37575634e-04  8.11328792e-05]
 [-2.08733462e-03 -2.24776314e-04]]",[],0.0,0.0
1787133576.0996404,1.3618623206633658,-1.8984446836724724,1.299741286709005,"[1.91885002e-07 2.05243108e-07 0.00000000e+00 0.00000000e+00
 0.00000000e+00 2.74633030e-09 2.05243108e-07 8.11487527e-07
 0.00000000e+00 0.00000000e+00 0.00000000e+00 5.46462844e-08
 0.00000000e+00 0.00000000e+00 0.00000000e+00 0.00000000e+00
 0.00000000e+00 0.00000000e+00 0.00000000e+00 0.00000000e+00
 0.00000000e+00 0.00000000e+00 0.00000000e+00 0.00000000e+00
 0.00000000e+00 0.00000000e+00 0.00000000e+00 0.00000000e+00
 0.00000000e+00 0.00000000e+00 2.74633030e-09 5.46462844e-08
 0.00000000e+00 0.00000000e+00 0.00000000e+00 1.52223499e-06]","[[-6.37575634e-04  8.11328792e-05]
 [-2.08733462e-03 -2.24776314e-04]]",[],0.0,0.0
1787133576.173348,1.3618623206633658,-1.8984446836724724,1.299741286709005,"[1.91885002e-07 2.05243108e-07 0.00000000e+00 0.00000000e+00
 0.00000000e+00 2.74633030e-09 2.05243108e-07 8.11487527e-07
 0.00000000e+00 0.00000000e+00 0.00000000e+00 5.46462844e-08
 0.00000000e+00 0.00000000e+00 0.00000000e+00 0.00000000e+00
 0.00000000e+00 0.00000000e+00 0.00000000e+00 0.00000000e+00
 0.00000000e+00 0.00000000e+00 0.00000000e+00 0.00000000e+00
 0.00000000e+00 0.00000000e+00 0.00000000e+00 0.00000000e+00
 0.00000000e+00 0.00000000e+00 2.74633030e-09 5.46462844e-08
 0.00000000e+00 0.00000000e+00 0.00000000e+00 1.52223499e-06]","[[-6.37575634e-04  8.11328792e-05]
 [-2.08733462e-03 -2.24776314e-04]]",[],0.0,0.0
1787133576.1968472,1.3618623206633658,-1.8984446836724724,1.299741286709005,"[1.91885002e-07 2.05243108e-07 0.00000000e+00 0.00000000e+00
 0.00000000e+00 2.74633030e-09 2.05243108e-07 8.11487527e-07
 0.00000000e+00 0.00000000e+00 0.00000000e+00 5.46462844e-08
 0.00000000e+00 0.00000000e+00 0.00000000e+00 0.00000000e+00
 0.00000000e+00 0.00000000e+00 0.00000000e+00 0.00000000e+00
 0.00000000e+00 0.00000000e+00 0.00000000e+00 0.00000000e+00
 0.00000000e+00 0.00000000e+00 0.00000000e+00 0.00000000e+00
 0.00000000e+00 0.00000000e+00 2.74633030e-09 5.46462844e-08
 0.00000000e+00 0.00000000e+00 0.00000000e+00 1.52223499e-06]","[[-6.37575634e-04  8.11328792e-05]
 [-2.08733462e-03 -2.24776314e-04]]",[],0.0,0.0
1787133576.247299,1.3618623206633658,-1.8984446836724724,1.299741286709005,"[1.91885002e-07 2.05243108e-07 0.00000000e+00 0.00000000e+00
 0.00000000e+00 2.74633030e-09 2.05243108e-07 8.11487527e-07
 0.00000000e+00 0.00000000e+00 0.00000000e+00 5.46462844e-08
 0.00000000e+00 0.00000000e+00 0.00000000e+00 0.00000000e+00
 0.00000000e+00 0.00000000e+00 0.00000000e+00 0.00000000e+00
 0.00000000e+00 0.00000000e+00 0.00000000e+00 0.00000000e+00
 0.00000000e+00 0.00000000e+00 0.00000000e+00 0.00000000e+00
 0.00000000e+00 0.00000000e+00 2.74633030e-09 5.46462844e-08
 0.00000000e+00 0.00000000e+00 0.00000000e+00 1.52223499e-06]","[[-6.37575634e-04  8.11328792e-05]
 [-2.08733462e-03 -2.24776314e-04]]",[],0.0,0.0
1787133576.2969937,1.3618623206633658,-1.8984446836724724,1.299741286709005,"[1.91885002e-07 2.05243108e-07 0.00000000e+00 0.00000000e+00
 0.00000000e+00 2.74633030e-09 2.05243108e-07 8.11487527e-07
 0.00000000e+00 0.00000000e+00 0.00000000e+00 5.46462844e-08
 0.00000000e+00 0.00000000e+00 0.00000000e+00 0.00000000e+00
 0.00000000e+00 0.00000000e+00 0.00000000e+00 0.00000000e+00
 0.00000000e+00 0.00000000e+00 0.00000000e+00 0.00000000e+00
 0.00000000e+00 0.00000000e+00 0.00000000e+00 0.00000000e+00
 0.00000000e+00 0.00000000e+00 2.74633030e-09 5.46462844e-08
 0.00000000e+00 0.00000000e+00 0.00000000e+00 1.52223499e-06]","[[-6.37575634e-04  8.11328792e-05]
 [-2.08733462e-03 -2.24776314e-04]]",[],0.0,0.0
1787133576.351822,1.3618623206633658,-1.8984446836724724,1.299741286709005,"[1.91885002e-07 2.05243108e-07 0.00000000e+00 0.00000000e+00
 0.00000000e+00 2.74633030e-09 2.05243108e-07 8.11487527e-07
 0.00000000e+00 0.00000000e+00 0.00000000e+00 5.46462844e-08
 0.00000000e+00 0.00000000e+00 0.00000000e+00 0.00000000e+00
 0.00000000e+00 0.00000000e+00 0.00000000e+00 0.00000000e+00
 0.00000000e+00 0.00000000e+00 0.00000000e+00 0.00000000e+00
 0.00000000e+00 0.00000000e+00 0.00000000e+00 0.00000000e+00
 0.00000000e+00 0.00000000e+00 2.74633030e-09 5.46462844e-08
 0.00000000e+00 0.00000000e+00 0.00000000e+00 1.52223499e-06]","[[-6.37575634e-04  8.11328792e-05]
 [-2.08733462e-03 -2.24776314e-04]]",[],0.0,0.0
1787133576.4318655,1.3618623206633658,-1.8984446836724724,1.299741286709005,"[1.91885002e-07 2.05243108e-07 0.00000000e+00 0.00000000e+00
 0.00000000e+00 2.74633030e-09 2.05243108e-07 8.11487527e-07
 0.00000000e+00 0.00000000e+00 0.00000000e+00 5.46462844e-08
 0.00000000e+00 0.00000000e+00 0.00000000e+00 0.00000000e+00
 0.00000000e+00 0.00000000e+00 0.00000000e+00 0.00000000e+00
 0.00000000e+00 0.00000000e+00 0.00000000e+00 0.00000000e+00
 0.00000000e+00 0.00000000e+00 0.00000000e+00 0.00000000e+00
 0.00000000e+00 0.00000000e+00 2.74633030e-09 5.46462844e-08
 0.00000000e+00 0.00000000e+00 0.00000000e+00 1.52223499e-06]","[[-6.37575634e-04  8.11328792e-05]
 [-2.08733462e-03 -2.24776314e-04]]",[],0.0,0.0
1787133576.4952042,1.3618623206633658,-1.8984446836724724,1.299741286709005,"[1.91885002e-07 2.05243108e-07 0.00000000e+00 0.00000000e+00
 0.00000000e+00 2.74633030e-09 2.05243108e-07 8.11487527e-07
 0.00000000e+00 0.00000000e+00 0.00000000e+00 5.46462844e-08
 0.00000000e+00 0.00000000e+00 0.00000000e+00 0.00000000e+00
 0.00000000e+00 0.00000000e+00 0.00000000e+00 0.00000000e+00
 0.00000000e+00 0.00000000e+00 0.00000000e+00 0.00000000e+00
 0.00000000e+00 0.00000000e+00 0.00000000e+00 0.00000000e+00
 0.00000000e+00 0.00000000e+00 2.74633030e-09 5.46462844e-08
 0.00000000e+00 0.00000000e+00 0.00000000e+00 1.52223499e-06]","[[-6.37575634e-04  8.11328792e-05]
 [-2.08733462e-03 -2.24776314e-04]]",[],0.0,0.0
1787133576.4961903,1.3618623206633658,-1.8984446836724724,1.299741286709005,"[1.91885002e-07 2.05243108e-07 0.00000000e+00 0.00000000e+00
 0.00000000e+00 2.74633030e-09 2.05243108e-07 8.11487527e-07
 0.00000000e+00 0.00000000e+00 0.00000000e+00 5.46462844e-08
 0.00000000e+00 0.00000000e+00 0.00000000e+00 0.00000000e+00
 0.00000000e+00 0.00000000e+00 0.00000000e+00 0.00000000e+00
 0.00000000e+00 0.00000000e+00 0.00000000e+00 0.00000000e+00
 0.00000000e+00 0.00000000e+00 0.00000000e+00 0.00000000e+00
 0.00000000e+00 0.00000000e+00 2.74633030e-09 5.46462844e-08
 0.00000000e+00 0.00000000e+00 0.00000000e+00 1.52223499e-06]","[[-6.37575634e-04  8.11328792e-05]
 [-2.08733462e-03 -2.24776314e-04]]",[],0.0,0.0
1787133576.5904117,1.3618623206633658,-1.8984446836724724,1.299741286709005,"[1.91885002e-07 2.05243108e-07 0.00000000e+00 0.00000000e+00
 0.00000000e+00 2.74633030e-09 2.05243108e-07 8.11487527e-07
 0.00000000e+00 0.00000000e+00 0.00000000e+00 5.46462844e-08
 0.00000000e+00 0.00000000e+00 0.00000000e+00 0.00000000e+00
 0.00000000e+00 0.00000000e+00 0.00000000e+00 0.00000000e+00
 0.00000000e+00 0.00000000e+00 0.00000000e+00 0.00000000e+00
 0.00000000e+00 0.00000000e+00 0.00000000e+00 0.00000000e+00
 0.00000000e+00 0.00000000e+00 2.74633030e-09 5.46462844e-08
 0.00000000e+00 0.00000000e+00 0.00000000e+00 1.52223499e-06]","[[-6.37575634e-04  8.11328792e-05]
 [-2.08733462e-03 -2.24776314e-04]]",[],0.0,0.0
1787133576.598344,1.3618623206633658,-1.8984446836724724,1.299741286709005,"[1.91885002e-07 2.05243108e-07 0.00000000e+00 0.00000000e+00
 0.00000000e+00 2.74633030e-09 2.05243108e-07 8.11487527e-07
 0.00000000e+00 0.00000000e+00 0.00000000e+00 5.46462844e-08
 0.00000000e+00 0.00000000e+00 0.00000000e+00 0.00000000e+00
 0.00000000e+00 0.00000000e+00 0.00000000e+00 0.00000000e+00
 0.00000000e+00 0.00000000e+00 0.00000000e+00 0.00000000e+00
 0.00000000e+00 0.00000000e+00 0.00000000e+00 0.00000000e+00
 0.00000000e+00 0.00000000e+00 2.74633030e-09 5.46462844e-08
 0.00000000e+00 0.00000000e+00 0.00000000e+00 1.52223499e-06]","[[-6.37575634e-04  8.11328792e-05]
 [-2.08733462e-03 -2.24776314e-04]]",[],0.0,0.0
1787133576.6468856,1.3618623206633658,-1.8984446836724724,1.299741286709005,"[1.91885002e-07 2.05243108e-07 0.00000000e+00 0.00000000e+00
 0.00000000e+00 2.74633030e-09 2.05243108e-07 8.11487527e-07
 0.00000000e+00 0.00000000e+00 0.00000000e+00 5.46462844e-08
 0.00000000e+00 0.00000000e+00 0.00000000e+00 0.00000000e+00
 0.00000000e+00 0.00000000e+00 0.00000000e+00 0.00000000e+00
 0.00000000e+00 0.00000000e+00 0.00000000e+00 0.00000000e+00
 0.00000000e+00 0.00000000e+00 0.00000000e+00 0.00000000e+00
 0.00000000e+00 0.00000000e+00 2.74633030e-09 5.46462844e-08
 0.00000000e+00 0.00000000e+00 0.00000000e+00 1.52223499e-06]","[[-6.37575634e-04  8.11328792e-05]
 [-2.08733462e-03 -2.24776314e-04]]",[],0.0,0.0
1787133576.697633,1.3618623206633658,-1.8984446836724724,1.299741286709005,"[1.91885002e-07 2.05243108e-07 0.00000000e+00 0.00000000e+00
 0.00000000e+00 2.74633030e-09 2.05243108e-07 8.11487527e-07
 0.00000000e+00 0.00000000e+00 0.00000000e+00 5.46462844e-08
 0.00000000e+00 0.00000000e+00 0.00000000e+00 0.00000000e+00
 0.00000000e+00 0.00000000e+00 0.00000000e+00 0.00000000e+00
 0.00000000e+00 0.00000000e+00 0.00000000e+00 0.00000000e+00
 0.00000000e+00 0.00000000e+00 0.00000000e+00 0.00000000e+00
 0.00000000e+00 0.00000000e+00 2.74633030e-09 5.46462844e-08
 0.00000000e+00 0.00000000e+00 0.00000000e+00 1.52223499e-06]","[[-6.37575634e-04  8.11328792e-05]
 [-2.08733462e-03 -2.24776314e-04]]",[],0.0,0.0
1787133576.7463183,1.3588046388043091,-1.9053795494983248,1.3153108225750703,"[1.90120877e-07 2.19963101e-07 0.00000000e+00 0.00000000e+00
 0.00000000e+00 2.98799002e-09 2.19963101e-07 8.75178712e-07
 0.00000000e+00 0.00000000e+00 0.00000000e+00 5.50581094e-08
 0.00000000e+00 0.00000000e+00 0.00000000e+00 0.00000000e+00
 0.00000000e+00 0.00000000e+00 0.00000000e+00 0.00000000e+00
 0.00000000e+00 0.00000000e+00 0.00000000e+00 0.00000000e+00
 0.00000000e+00 0.00000000e+00 0.00000000e+00 0.00000000e+00
 0.00000000e+00 0.00000000e+00 2.98799002e-09 5.50581094e-08
 0.00000000e+00 0.00000000e+00 0.00000000e+00 1.57825504e-06]","[[-6.66635703e-04  7.89495977e-05]
 [-2.25237997e-03 -2.19869055e-04]]",[],0.0,0.0
1787133576.7962055,1.3588046388043091,-1.9053795494983248,1.3153108225750703,"[1.90120877e-07 2.19963101e-07 0.00000000e+00 0.00000000e+00
 0.00000000e+00 2.98799002e-09 2.19963101e-07 8.75178712e-07
 0.00000000e+00 0.00000000e+00 0.00000000e+00 5.50581094e-08
 0.00000000e+00 0.00000000e+00 0.00000000e+00 0.00000000e+00
 0.00000000e+00 0.00000000e+00 0.00000000e+00 0.00000000e+00
 0.00000000e+00 0.00000000e+00 0.00000000e+00 0.00000000e+00
 0.00000000e+00 0.00000000e+00 0.00000000e+00 0.00000000e+00
 0.00000000e+00 0.00000000e+00 2.98799002e-09 5.50581094e-08
 0.00000000e+00 0.00000000e+00 0.00000000e+00 1.57825504e-06]","[[-6.66635703e-04  7.89495977e-05]
 [-2.25237997e-03 -2.19869055e-04]]",[],0.0,0.0
1787133576.8759878,1.3588046388043091,-1.9053795494983248,1.3153108225750703,"[1.90120877e-07 2.19963101e-07 0.00000000e+00 0.00000000e+00
 0.00000000e+00 2.98799002e-09 2.19963101e-07 8.75178712e-07
 0.00000000e+00 0.00000000e+00 0.00000000e+00 5.50581094e-08
 0.00000000e+00 0.00000000e+00 0.00000000e+00 0.00000000e+00
 0.00000000e+00 0.00000000e+00 0.00000000e+00 0.00000000e+00
 0.00000000e+00 0.00000000e+00 0.00000000e+00 0.00000000e+00
 0.00000000e+00 0.00000000e+00 0.00000000e+00 0.00000000e+00
 0.00000000e+00 0.00000000e+00 2.98799002e-09 5.50581094e-08
 0.00000000e+00 0.00000000e+00 0.00000000e+00 1.57825504e-06]","[[-6.66635703e-04  7.89495977e-05]
 [-2.25237997e-03 -2.19869055e-04]]",[],0.0,0.0
1787133576.9261665,1.3588046388043091,-1.9053795494983248,1.3153108225750703,"[1.90120877e-07 2.19963101e-07 0.00000000e+00 0.00000000e+00
 0.00000000e+00 2.98799002e-09 2.19963101e-07 8.75178712e-07
 0.00000000e+00 0.00000000e+00 0.00000000e+00 5.50581094e-08
 0.00000000e+00 0.00000000e+00 0.00000000e+00 0.00000000e+00
 0.00000000e+00 0.00000000e+00 0.00000000e+00 0.00000000e+00
 0.00000000e+00 0.00000000e+00 0.00000000e+00 0.00000000e+00
 0.00000000e+00 0.00000000e+00 0.00000000e+00 0.00000000e+00
 0.00000000e+00 0.00000000e+00 2.98799002e-09 5.50581094e-08
 0.00000000e+00 0.00000000e+00 0.00000000e+00 1.57825504e-06]","[[-6.66635703e-04  7.89495977e-05]
 [-2.25237997e-03 -2.19869055e-04]]",[],0.0,0.0
1787133576.9466631,1.3588046388043091,-1.9053795494983248,1.3153108225750703,"[1.90120877e-07 2.19963101e-07 0.00000000e+00 0.00000000e+00
 0.00000000e+00 2.98799002e-09 2.19963101e-07 8.75178712e-07
 0.00000000e+00 0.00000000e+00 0.00000000e+00 5.50581094e-08
 0.00000000e+00 0.00000000e+00 0.00000000e+00 0.00000000e+00
 0.00000000e+00 0.00000000e+00 0.00000000e+00 0.00000000e+00
 0.00000000e+00 0.00000000e+00 0.00000000e+00 0.00000000e+00
 0.00000000e+00 0.00000000e+00 0.00000000e+00 0.00000000e+00
 0.00000000e+00 0.00000000e+00 2.98799002e-09 5.50581094e-08
 0.00000000e+00 0.00000000e+00 0.00000000e+00 1.57825504e-06]","[[-6.66635703e-04  7.89495977e-05]
 [-2.25237997e-03 -2.19869055e-04]]",[],0.0,0.0
1787133576.9961045,1.3588046388043091,-1.9053795494983248,1.3153108225750703,"[1.90120877e-07 2.19963101e-07 0.00000000e+00 0.00000000e+00
 0.00000000e+00 2.98799002e-09 2.19963101e-07 8.75178712e-07
 0.00000000e+00 0.00000000e+00 0.00000000e+00 5.50581094e-08
 0.00000000e+00 0.00000000e+00 0.00000000e+00 0.00000000e+00
 0.00000000e+00 0.00000000e+00 0.00000000e+00 0.00000000e+00
 0.00000000e+00 0.00000000e+00 0.00000000e+00 0.00000000e+00
 0.00000000e+00 0.00000000e+00 0.00000000e+00 0.00000000e+00
 0.00000000e+00 0.00000000e+00 2.98799002e-09 5.50581094e-08
 0.00000000e+00 0.00000000e+00 0.00000000e+00 1.57825504e-06]","[[-6.66635703e-04  7.89495977e-05]
 [-2.25237997e-03 -2.19869055e-04]]",[],0.0,0.0
1787133577.0513544,1.3588046388043091,-1.9053795494983248,1.3153108225750703,"[1.90120877e-07 2.19963101e-07 0.00000000e+00 0.00000000e+00
 0.00000000e+00 2.98799002e-09 2.19963101e-07 8.75178712e-07
 0.00000000e+00 0.00000000e+00 0.00000000e+00 5.50581094e-08
 0.00000000e+00 0.00000000e+00 0.00000000e+00 0.00000000e+00
 0.00000000e+00 0.00000000e+00 0.00000000e+00 0.00000000e+00
 0.00000000e+00 0.00000000e+00 0.00000000e+00 0.00000000e+00
 0.00000000e+00 0.00000000e+00 0.00000000e+00 0.00000000e+00
 0.00000000e+00 0.00000000e+00 2.98799002e-09 5.50581094e-08
 0.00000000e+00 0.00000000e+00 0.00000000e+00 1.57825504e-06]","[[-6.66635703e-04  7.89495977e-05]
 [-2.25237997e-03 -2.19869055e-04]]",[],0.0,0.0
1787133577.096005,1.3588046388043091,-1.9053795494983248,1.3153108225750703,"[1.90120877e-07 2.19963101e-07 0.00000000e+00 0.00000000e+00
 0.00000000e+00 2.98799002e-09 2.19963101e-07 8.75178712e-07
 0.00000000e+00 0.00000000e+00 0.00000000e+00 5.50581094e-08
 0.00000000e+00 0.00000000e+00 0.00000000e+00 0.00000000e+00
 0.00000000e+00 0.00000000e+00 0.00000000e+00 0.00000000e+00
 0.00000000e+00 0.00000000e+00 0.00000000e+00 0.00000000e+00
 0.00000000e+00 0.00000000e+00 0.00000000e+00 0.00000000e+00
 0.00000000e+00 0.00000000e+00 2.98799002e-09 5.50581094e-08
 0.00000000e+00 0.00000000e+00 0.00000000e+00 1.57825504e-06]","[[-6.66635703e-04  7.89495977e-05]
 [-2.25237997e-03 -2.19869055e-04]]",[],0.0,0.0
1787133577.1471012,1.3588046388043091,-1.9053795494983248,1.3153108225750703,"[1.90120877e-07 2.19963101e-07 0.00000000e+00 0.00000000e+00
 0.00000000e+00 2.98799002e-09 2.19963101e-07 8.75178712e-07
 0.00000000e+00 0.00000000e+00 0.00000000e+00 5.50581094e-08
 0.00000000e+00 0.00000000e+00 0.00000000e+00 0.00000000e+00
 0.00000000e+00 0.00000000e+00 0.00000000e+00 0.00000000e+00
 0.00000000e+00 0.00000000e+00 0.00000000e+00 0.00000000e+00
 0.00000000e+00 0.00000000e+00 0.00000000e+00 0.00000000e+00
 0.00000000e+00 0.00000000e+00 2.98799002e-09 5.50581094e-08
 0.00000000e+00 0.00000000e+00 0.00000000e+00 1.57825504e-06]","[[-6.66635703e-04  7.89495977e-05]
 [-2.25237997e-03 -2.19869055e-04]]",[],0.0,0.0
1787133577.2000945,1.3588046388043091,-1.9053795494983248,1.3153108225750703,"[1.90120877e-07 2.19963101e-07 0.00000000e+00 0.00000000e+00
 0.00000000e+00 2.98799002e-09 2.19963101e-07 8.75178712e-07
 0.00000000e+00 0.00000000e+00 0.00000000e+00 5.50581094e-08
 0.00000000e+00 0.00000000e+00 0.00000000e+00 0.00000000e+00
 0.00000000e+00 0.00000000e+00 0.00000000e+00 0.00000000e+00
 0.00000000e+00 0.00000000e+00 0.00000000e+00 0.00000000e+00
 0.00000000e+00 0.00000000e+00 0.00000000e+00 0.00000000e+00
 0.00000000e+00 0.00000000e+00 2.98799002e-09 5.50581094e-08
 0.00000000e+00 0.00000000e+00 0.00000000e+00 1.57825504e-06]","[[-6.66635703e-04  7.89495977e-05]
 [-2.25237997e-03 -2.19869055e-04]]",[],0.0,0.0
1787133577.256479,1.3588046388043091,-1.9053795494983248,1.3153108225750703,"[1.90120877e-07 2.19963101e-07 0.00000000e+00 0.00000000e+00
 0.00000000e+00 2.98799002e-09 2.19963101e-07 8.75178712e-07
 0.00000000e+00 0.00000000e+00 0.00000000e+00 5.50581094e-08
 0.00000000e+00 0.00000000e+00 0.00000000e+00 0.00000000e+00
 0.00000000e+00 0.00000000e+00 0.00000000e+00 0.00000000e+00
 0.00000000e+00 0.00000000e+00 0.00000000e+00 0.00000000e+00
 0.00000000e+00 0.00000000e+00 0.00000000e+00 0.00000000e+00
 0.00000000e+00 0.00000000e+00 2.98799002e-09 5.50581094e-08
 0.00000000e+00 0.00000000e+00 0.00000000e+00 1.57825504e-06]","[[-6.66635703e-04  7.89495977e-05]
 [-2.25237997e-03 -2.19869055e-04]]",[],0.0,0.0
1787133577.494223,1.3588046388043091,-1.9053795494983248,1.3153108225750703,"[1.90120877e-07 2.19963101e-07 0.00000000e+00 0.00000000e+00
 0.00000000e+00 2.98799002e-09 2.19963101e-07 8.75178712e-07
 0.00000000e+00 0.00000000e+00 0.00000000e+00 5.50581094e-08
 0.00000000e+00 0.00000000e+00 0.00000000e+00 0.00000000e+00
 0.00000000e+00 0.00000000e+00 0.00000000e+00 0.00000000e+00
 0.00000000e+00 0.00000000e+00 0.00000000e+00 0.00000000e+00
 0.00000000e+00 0.00000000e+00 0.00000000e+00 0.00000000e+00
 0.00000000e+00 0.00000000e+00 2.98799002e-09 5.50581094e-08
 0.00000000e+00 0.00000000e+00 0.00000000e+00 1.57825504e-06]","[[-6.66635703e-04  7.89495977e-05]
 [-2.25237997e-03 -2.19869055e-04]]",[],0.0,0.0
1787133577.497025,1.3588046388043091,-1.9053795494983248,1.3153108225750703,"[1.90120877e-07 2.19963101e-07 0.00000000e+00 0.00000000e+00
 0.00000000e+00 2.98799002e-09 2.19963101e-07 8.75178712e-07
 0.00000000e+00 0.00000000e+00 0.00000000e+00 5.50581094e-08
 0.00000000e+00 0.00000000e+00 0.00000000e+00 0.00000000e+00
 0.00000000e+00 0.00000000e+00 0.00000000e+00 0.00000000e+00
 0.00000000e+00 0.00000000e+00 0.00000000e+00 0.00000000e+00
 0.00000000e+00 0.00000000e+00 0.00000000e+00 0.00000000e+00
 0.00000000e+00 0.00000000e+00 2.98799002e-09 5.50581094e-08
 0.00000000e+00 0.00000000e+00 0.00000000e+00 1.57825504e-06]","[[-6.66635703e-04  7.89495977e-05]
 [-2.25237997e-03 -2.19869055e-04]]",[],0.0,0.0
1787133577.5465045,1.3588046388043091,-1.9053795494983248,1.3153108225750703,"[1.90120877e-07 2.19963101e-07 0.00000000e+00 0.00000000e+00
 0.00000000e+00 2.98799002e-09 2.19963101e-07 8.75178712e-07
 0.00000000e+00 0.00000000e+00 0.00000000e+00 5.50581094e-08
 0.00000000e+00 0.00000000e+00 0.00000000e+00 0.00000000e+00
 0.00000000e+00 0.00000000e+00 0.00000000e+00 0.00000000e+00
 0.00000000e+00 0.00000000e+00 0.00000000e+00 0.00000000e+00
 0.00000000e+00 0.00000000e+00 0.00000000e+00 0.00000000e+00
 0.00000000e+00 0.00000000e+00 2.98799002e-09 5.50581094e-08
 0.00000000e+00 0.00000000e+00 0.00000000e+00 1.57825504e-06]","[[-6.66635703e-04  7.89495977e-05]
 [-2.25237997e-03 -2.19869055e-04]]",[],0.0,0.0
1787133577.5999942,1.3588046388043091,-1.9053795494983248,1.3153108225750703,"[1.90120877e-07 2.19963101e-07 0.00000000e+00 0.00000000e+00
 0.00000000e+00 2.98799002e-09 2.19963101e-07 8.75178712e-07
 0.00000000e+00 0.00000000e+00 0.00000000e+00 5.50581094e-08
 0.00000000e+00 0.00000000e+00 0.00000000e+00 0.00000000e+00
 0.00000000e+00 0.00000000e+00 0.00000000e+00 0.00000000e+00
 0.00000000e+00 0.00000000e+00 0.00000000e+00 0.00000000e+00
 0.00000000e+00 0.00000000e+00 0.00000000e+00 0.00000000e+00
 0.00000000e+00 0.00000000e+00 2.98799002e-09 5.50581094e-08
 0.00000000e+00 0.00000000e+00 0.00000000e+00 1.57825504e-06]","[[-6.66635703e-04  7.89495977e-05]
 [-2.25237997e-03 -2.19869055e-04]]",[],0.0,0.0
1787133577.651328,1.3557729841564496,-1.9119537915983578,1.3190082661000027,"[1.80256941e-07 2.06562237e-07 0.00000000e+00 0.00000000e+00
 0.00000000e+00 3.64690362e-09 2.06562237e-07 8.44882358e-07
 0.00000000e+00 0.00000000e+00 0.00000000e+00 5.54919693e-08
 0.00000000e+00 0.00000000e+00 0.00000000e+00 0.00000000e+00
 0.00000000e+00 0.00000000e+00 0.00000000e+00 0.00000000e+00
 0.00000000e+00 0.00000000e+00 0.00000000e+00 0.00000000e+00
 0.00000000e+00 0.00000000e+00 0.00000000e+00 0.00000000e+00
 0.00000000e+00 0.00000000e+00 3.64690362e-09 5.54919693e-08
 0.00000000e+00 0.00000000e+00 0.00000000e+00 1.50452235e-06]","[[-6.16863634e-04  7.97334560e-05]
 [-2.17363919e-03 -2.00031132e-04]]",[],0.0,0.0
1787133577.7036276,1.3557729841564496,-1.9119537915983578,1.3190082661000027,"[1.80256941e-07 2.06562237e-07 0.00000000e+00 0.00000000e+00
 0.00000000e+00 3.64690362e-09 2.06562237e-07 8.44882358e-07
 0.00000000e+00 0.00000000e+00 0.00000000e+00 5.54919693e-08
 0.00000000e+00 0.00000000e+00 0.00000000e+00 0.00000000e+00
 0.00000000e+00 0.00000000e+00 0.00000000e+00 0.00000000e+00
 0.00000000e+00 0.00000000e+00 0.00000000e+00 0.00000000e+00
 0.00000000e+00 0.00000000e+00 0.00000000e+00 0.00000000e+00
 0.00000000e+00 0.00000000e+00 3.64690362e-09 5.54919693e-08
 0.00000000e+00 0.00000000e+00 0.00000000e+00 1.50452235e-06]","[[-6.16863634e-04  7.97334560e-05]
 [-2.17363919e-03 -2.00031132e-04]]",[],0.0,0.0
1787133577.7466052,1.3557729841564496,-1.9119537915983578,1.3190082661000027,"[1.80256941e-07 2.06562237e-07 0.00000000e+00 0.00000000e+00
 0.00000000e+00 3.64690362e-09 2.06562237e-07 8.44882358e-07
 0.00000000e+00 0.00000000e+00 0.00000000e+00 5.54919693e-08
 0.00000000e+00 0.00000000e+00 0.00000000e+00 0.00000000e+00
 0.00000000e+00 0.00000000e+00 0.00000000e+00 0.00000000e+00
 0.00000000e+00 0.00000000e+00 0.00000000e+00 0.00000000e+00
 0.00000000e+00 0.00000000e+00 0.00000000e+00 0.00000000e+00
 0.00000000e+00 0.00000000e+00 3.64690362e-09 5.54919693e-08
 0.00000000e+00 0.00000000e+00 0.00000000e+00 1.50452235e-06]","[[-6.16863634e-04  7.97334560e-05]
 [-2.17363919e-03 -2.00031132e-04]]",[],0.0,0.0
1787133577.7968152,1.3557729841564496,-1.9119537915983578,1.3190082661000027,"[1.80256941e-07 2.06562237e-07 0.00000000e+00 0.00000000e+00
 0.00000000e+00 3.64690362e-09 2.06562237e-07 8.44882358e-07
 0.00000000e+00 0.00000000e+00 0.00000000e+00 5.54919693e-08
 0.00000000e+00 0.00000000e+00 0.00000000e+00 0.00000000e+00
 0.00000000e+00 0.00000000e+00 0.00000000e+00 0.00000000e+00
 0.00000000e+00 0.00000000e+00 0.00000000e+00 0.00000000e+00
 0.00000000e+00 0.00000000e+00 0.00000000e+00 0.00000000e+00
 0.00000000e+00 0.00000000e+00 3.64690362e-09 5.54919693e-08
 0.00000000e+00 0.00000000e+00 0.00000000e+00 1.50452235e-06]","[[-6.16863634e-04  7.97334560e-05]
 [-2.17363919e-03 -2.00031132e-04]]",[],0.0,0.0
1787133577.847125,1.3557729841564496,-1.9119537915983578,1.3190082661000027,"[1.80256941e-07 2.06562237e-07 0.00000000e+00 0.00000000e+00
 0.00000000e+00 3.64690362e-09 2.06562237e-07 8.44882358e-07
 0.00000000e+00 0.00000000e+00 0.00000000e+00 5.54919693e-08
 0.00000000e+00 0.00000000e+00 0.00000000e+00 0.00000000e+00
 0.00000000e+00 0.00000000e+00 0.00000000e+00 0.00000000e+00
 0.00000000e+00 0.00000000e+00 0.00000000e+00 0.00000000e+00
 0.00000000e+00 0.00000000e+00 0.00000000e+00 0.00000000e+00
 0.00000000e+00 0.00000000e+00 3.64690362e-09 5.54919693e-08
 0.00000000e+00 0.00000000e+00 0.00000000e+00 1.50452235e-06]","[[-6.16863634e-04  7.97334560e-05]
 [-2.17363919e-03 -2.00031132e-04]]",[],0.0,0.0
1787133577.8975239,1.3557729841564496,-1.9119537915983578,1.3190082661000027,"[1.80256941e-07 2.06562237e-07 0.00000000e+00 0.00000000e+00
 0.00000000e+00 3.64690362e-09 2.06562237e-07 8.44882358e-07
 0.00000000e+00 0.00000000e+00 0.00000000e+00 5.54919693e-08
 0.00000000e+00 0.00000000e+00 0.00000000e+00 0.00000000e+00
 0.00000000e+00 0.00000000e+00 0.00000000e+00 0.00000000e+00
 0.00000000e+00 0.00000000e+00 0.00000000e+00 0.00000000e+00
 0.00000000e+00 0.00000000e+00 0.00000000e+00 0.00000000e+00
 0.00000000e+00 0.00000000e+00 3.64690362e-09 5.54919693e-08
 0.00000000e+00 0.00000000e+00 0.00000000e+00 1.50452235e-06]","[[-6.16863634e-04  7.97334560e-05]
 [-2.17363919e-03 -2.00031132e-04]]",[],0.0,0.0
1787133577.9468946,1.3557729841564496,-1.9119537915983578,1.3190082661000027,"[1.80256941e-07 2.06562237e-07 0.00000000e+00 0.00000000e+00
 0.00000000e+00 3.64690362e-09 2.06562237e-07 8.44882358e-07
 0.00000000e+00 0.00000000e+00 0.00000000e+00 5.54919693e-08
 0.00000000e+00 0.00000000e+00 0.00000000e+00 0.00000000e+00
 0.00000000e+00 0.00000000e+00 0.00000000e+00 0.00000000e+00
 0.00000000e+00 0.00000000e+00 0.00000000e+00 0.00000000e+00
 0.00000000e+00 0.00000000e+00 0.00000000e+00 0.00000000e+00
 0.00000000e+00 0.00000000e+00 3.64690362e-09 5.54919693e-08
 0.00000000e+00 0.00000000e+00 0.00000000e+00 1.50452235e-06]","[[-6.16863634e-04  7.97334560e-05]
 [-2.17363919e-03 -2.00031132e-04]]",[],0.0,0.0
1787133577.9964697,1.3557729841564496,-1.9119537915983578,1.3190082661000027,"[1.80256941e-07 2.06562237e-07 0.00000000e+00 0.00000000e+00
 0.00000000e+00 3.64690362e-09 2.06562237e-07 8.44882358e-07
 0.00000000e+00 0.00000000e+00 0.00000000e+00 5.54919693e-08
 0.00000000e+00 0.00000000e+00 0.00000000e+00 0.00000000e+00
 0.00000000e+00 0.00000000e+00 0.00000000e+00 0.00000000e+00
 0.00000000e+00 0.00000000e+00 0.00000000e+00 0.00000000e+00
 0.00000000e+00 0.00000000e+00 0.00000000e+00 0.00000000e+00
 0.00000000e+00 0.00000000e+00 3.64690362e-09 5.54919693e-08
 0.00000000e+00 0.00000000e+00 0.00000000e+00 1.50452235e-06]","[[-6.16863634e-04  7.97334560e-05]
 [-2.17363919e-03 -2.00031132e-04]]",[],0.0,0.0
1787133578.046509,1.3557729841564496,-1.9119537915983578,1.3190082661000027,"[1.80256941e-07 2.06562237e-07 0.00000000e+00 0.00000000e+00
 0.00000000e+00 3.64690362e-09 2.06562237e-07 8.44882358e-07
 0.00000000e+00 0.00000000e+00 0.00000000e+00 5.54919693e-08
 0.00000000e+00 0.00000000e+00 0.00000000e+00 0.00000000e+00
 0.00000000e+00 0.00000000e+00 0.00000000e+00 0.00000000e+00
 0.00000000e+00 0.00000000e+00 0.00000000e+00 0.00000000e+00
 0.00000000e+00 0.00000000e+00 0.00000000e+00 0.00000000e+00
 0.00000000e+00 0.00000000e+00 3.64690362e-09 5.54919693e-08
 0.00000000e+00 0.00000000e+00 0.00000000e+00 1.50452235e-06]","[[-6.16863634e-04  7.97334560e-05]
 [-2.17363919e-03 -2.00031132e-04]]",[],0.0,0.0
1787133578.1045017,1.3557729841564496,-1.9119537915983578,1.3190082661000027,"[1.80256941e-07 2.06562237e-07 0.00000000e+00 0.00000000e+00
 0.00000000e+00 3.64690362e-09 2.06562237e-07 8.44882358e-07
 0.00000000e+00 0.00000000e+00 0.00000000e+00 5.54919693e-08
 0.00000000e+00 0.00000000e+00 0.00000000e+00 0.00000000e+00
 0.00000000e+00 0.00000000e+00 0.00000000e+00 0.00000000e+00
 0.00000000e+00 0.00000000e+00 0.00000000e+00 0.00000000e+00
 0.00000000e+00 0.00000000e+00 0.00000000e+00 0.00000000e+00
 0.00000000e+00 0.00000000e+00 3.64690362e-09 5.54919693e-08
 0.00000000e+00 0.00000000e+00 0.00000000e+00 1.50452235e-06]","[[-6.16863634e-04  7.97334560e-05]
 [-2.17363919e-03 -2.00031132e-04]]",[],0.0,0.0
1787133578.1667957,1.3557729841564496,-1.9119537915983578,1.3190082661000027,"[1.80256941e-07 2.06562237e-07 0.00000000e+00 0.00000000e+00
 0.00000000e+00 3.64690362e-09 2.06562237e-07 8.44882358e-07
 0.00000000e+00 0.00000000e+00 0.00000000e+00 5.54919693e-08
 0.00000000e+00 0.00000000e+00 0.00000000e+00 0.00000000e+00
 0.00000000e+00 0.00000000e+00 0.00000000e+00 0.00000000e+00
 0.00000000e+00 0.00000000e+00 0.00000000e+00 0.00000000e+00
 0.00000000e+00 0.00000000e+00 0.00000000e+00 0.00000000e+00
 0.00000000e+00 0.00000000e+00 3.64690362e-09 5.54919693e-08
 0.00000000e+00 0.00000000e+00 0.00000000e+00 1.50452235e-06]","[[-6.16863634e-04  7.97334560e-05]
 [-2.17363919e-03 -2.00031132e-04]]",[],0.0,0.0
1787133578.1970973,1.3557729841564496,-1.9119537915983578,1.3190082661000027,"[1.80256941e-07 2.06562237e-07 0.00000000e+00 0.00000000e+00
 0.00000000e+00 3.64690362e-09 2.06562237e-07 8.44882358e-07
 0.00000000e+00 0.00000000e+00 0.00000000e+00 5.54919693e-08
 0.00000000e+00 0.00000000e+00 0.00000000e+00 0.00000000e+00
 0.00000000e+00 0.00000000e+00 0.00000000e+00 0.00000000e+00
 0.00000000e+00 0.00000000e+00 0.00000000e+00 0.00000000e+00
 0.00000000e+00 0.00000000e+00 0.00000000e+00 0.00000000e+00
 0.00000000e+00 0.00000000e+00 3.64690362e-09 5.54919693e-08
 0.00000000e+00 0.00000000e+00 0.00000000e+00 1.50452235e-06]","[[-6.16863634e-04  7.97334560e-05]
 [-2.17363919e-03 -2.00031132e-04]]",[],0.0,0.0
1787133578.2524195,1.3557729841564496,-1.9119537915983578,1.3190082661000027,"[1.80256941e-07 2.06562237e-07 0.00000000e+00 0.00000000e+00
 0.00000000e+00 3.64690362e-09 2.06562237e-07 8.44882358e-07
 0.00000000e+00 0.00000000e+00 0.00000000e+00 5.54919693e-08
 0.00000000e+00 0.00000000e+00 0.00000000e+00 0.00000000e+00
 0.00000000e+00 0.00000000e+00 0.00000000e+00 0.00000000e+00
 0.00000000e+00 0.00000000e+00 0.00000000e+00 0.00000000e+00
 0.00000000e+00 0.00000000e+00 0.00000000e+00 0.00000000e+00
 0.00000000e+00 0.00000000e+00 3.64690362e-09 5.54919693e-08
 0.00000000e+00 0.00000000e+00 0.00000000e+00 1.50452235e-06]","[[-6.16863634e-04  7.97334560e-05]
 [-2.17363919e-03 -2.00031132e-04]]",[],0.0,0.0
1787133578.3584945,1.3557729841564496,-1.9119537915983578,1.3190082661000027,"[1.80256941e-07 2.06562237e-07 0.00000000e+00 0.00000000e+00
 0.00000000e+00 3.64690362e-09 2.06562237e-07 8.44882358e-07
 0.00000000e+00 0.00000000e+00 0.00000000e+00 5.54919693e-08
 0.00000000e+00 0.00000000e+00 0.00000000e+00 0.00000000e+00
 0.00000000e+00 0.00000000e+00 0.00000000e+00 0.00000000e+00
 0.00000000e+00 0.00000000e+00 0.00000000e+00 0.00000000e+00
 0.00000000e+00 0.00000000e+00 0.00000000e+00 0.00000000e+00
 0.00000000e+00 0.00000000e+00 3.64690362e-09 5.54919693e-08
 0.00000000e+00 0.00000000e+00 0.00000000e+00 1.50452235e-06]","[[-6.16863634e-04  7.97334560e-05]
 [-2.17363919e-03 -2.00031132e-04]]",[],0.0,0.0
1787133578.4034386,1.3557729841564496,-1.9119537915983578,1.3190082661000027,"[1.80256941e-07 2.06562237e-07 0.00000000e+00 0.00000000e+00
 0.00000000e+00 3.64690362e-09 2.06562237e-07 8.44882358e-07
 0.00000000e+00 0.00000000e+00 0.00000000e+00 5.54919693e-08
 0.00000000e+00 0.00000000e+00 0.00000000e+00 0.00000000e+00
 0.00000000e+00 0.00000000e+00 0.00000000e+00 0.00000000e+00
 0.00000000e+00 0.00000000e+00 0.00000000e+00 0.00000000e+00
 0.00000000e+00 0.00000000e+00 0.00000000e+00 0.00000000e+00
 0.00000000e+00 0.00000000e+00 3.64690362e-09 5.54919693e-08
 0.00000000e+00 0.00000000e+00 0.00000000e+00 1.50452235e-06]","[[-6.16863634e-04  7.97334560e-05]
 [-2.17363919e-03 -2.00031132e-04]]",[],0.0,0.0
1787133578.464757,1.3557729841564496,-1.9119537915983578,1.3190082661000027,"[1.80256941e-07 2.06562237e-07 0.00000000e+00 0.00000000e+00
 0.00000000e+00 3.64690362e-09 2.06562237e-07 8.44882358e-07
 0.00000000e+00 0.00000000e+00 0.00000000e+00 5.54919693e-08
 0.00000000e+00 0.00000000e+00 0.00000000e+00 0.00000000e+00
 0.00000000e+00 0.00000000e+00 0.00000000e+00 0.00000000e+00
 0.00000000e+00 0.00000000e+00 0.00000000e+00 0.00000000e+00
 0.00000000e+00 0.00000000e+00 0.00000000e+00 0.00000000e+00
 0.00000000e+00 0.00000000e+00 3.64690362e-09 5.54919693e-08
 0.00000000e+00 0.00000000e+00 0.00000000e+00 1.50452235e-06]","[[-6.16863634e-04  7.97334560e-05]
 [-2.17363919e-03 -2.00031132e-04]]",[],0.0,0.0
1787133578.548912,1.3557729841564496,-1.9119537915983578,1.3190082661000027,"[1.80256941e-07 2.06562237e-07 0.00000000e+00 0.00000000e+00
 0.00000000e+00 3.64690362e-09 2.06562237e-07 8.44882358e-07
 0.00000000e+00 0.00000000e+00 0.00000000e+00 5.54919693e-08
 0.00000000e+00 0.00000000e+00 0.00000000e+00 0.00000000e+00
 0.00000000e+00 0.00000000e+00 0.00000000e+00 0.00000000e+00
 0.00000000e+00 0.00000000e+00 0.00000000e+00 0.00000000e+00
 0.00000000e+00 0.00000000e+00 0.00000000e+00 0.00000000e+00
 0.00000000e+00 0.00000000e+00 3.64690362e-09 5.54919693e-08
 0.00000000e+00 0.00000000e+00 0.00000000e+00 1.50452235e-06]","[[-6.16863634e-04  7.97334560e-05]
 [-2.17363919e-03 -2.00031132e-04]]",[],0.0,0.0
1787133578.6459131,1.352864759813106,-1.919872362584051,1.3232571199311218,"[1.74312205e-07 2.05225611e-07 0.00000000e+00 0.00000000e+00
 0.00000000e+00 3.48090800e-09 2.05225611e-07 8.54552199e-07
 0.00000000e+00 0.00000000e+00 0.00000000e+00 5.06743444e-08
 0.00000000e+00 0.00000000e+00 0.00000000e+00 0.00000000e+00
 0.00000000e+00 0.00000000e+00 0.00000000e+00 0.00000000e+00
 0.00000000e+00 0.00000000e+00 0.00000000e+00 0.00000000e+00
 0.00000000e+00 0.00000000e+00 0.00000000e+00 0.00000000e+00
 0.00000000e+00 0.00000000e+00 3.48090800e-09 5.06743444e-08
 0.00000000e+00 0.00000000e+00 0.00000000e+00 1.50781019e-06]","[[-6.20340066e-04  6.85007632e-05]
 [-2.19179505e-03 -2.13132582e-04]]",[],0.0,0.0
1787133578.715866,1.352864759813106,-1.919872362584051,1.3232571199311218,"[1.74312205e-07 2.05225611e-07 0.00000000e+00 0.00000000e+00
 0.00000000e+00 3.48090800e-09 2.05225611e-07 8.54552199e-07
 0.00000000e+00 0.00000000e+00 0.00000000e+00 5.06743444e-08
 0.00000000e+00 0.00000000e+00 0.00000000e+00 0.00000000e+00
 0.00000000e+00 0.00000000e+00 0.00000000e+00 0.00000000e+00
 0.00000000e+00 0.00000000e+00 0.00000000e+00 0.00000000e+00
 0.00000000e+00 0.00000000e+00 0.00000000e+00 0.00000000e+00
 0.00000000e+00 0.00000000e+00 3.48090800e-09 5.06743444e-08
 0.00000000e+00 0.00000000e+00 0.00000000e+00 1.50781019e-06]","[[-6.20340066e-04  6.85007632e-05]
 [-2.19179505e-03 -2.13132582e-04]]",[],0.0,0.0
1787133578.7473316,1.352864759813106,-1.919872362584051,1.3232571199311218,"[1.74312205e-07 2.05225611e-07 0.00000000e+00 0.00000000e+00
 0.00000000e+00 3.48090800e-09 2.05225611e-07 8.54552199e-07
 0.00000000e+00 0.00000000e+00 0.00000000e+00 5.06743444e-08
 0.00000000e+00 0.00000000e+00 0.00000000e+00 0.00000000e+00
 0.00000000e+00 0.00000000e+00 0.00000000e+00 0.00000000e+00
 0.00000000e+00 0.00000000e+00 0.00000000e+00 0.00000000e+00
 0.00000000e+00 0.00000000e+00 0.00000000e+00 0.00000000e+00
 0.00000000e+00 0.00000000e+00 3.48090800e-09 5.06743444e-08
 0.00000000e+00 0.00000000e+00 0.00000000e+00 1.50781019e-06]","[[-6.20340066e-04  6.85007632e-05]
 [-2.19179505e-03 -2.13132582e-04]]",[],0.0,0.0
1787133578.8218071,1.352864759813106,-1.919872362584051,1.3232571199311218,"[1.74312205e-07 2.05225611e-07 0.00000000e+00 0.00000000e+00
 0.00000000e+00 3.48090800e-09 2.05225611e-07 8.54552199e-07
 0.00000000e+00 0.00000000e+00 0.00000000e+00 5.06743444e-08
 0.00000000e+00 0.00000000e+00 0.00000000e+00 0.00000000e+00
 0.00000000e+00 0.00000000e+00 0.00000000e+00 0.00000000e+00
 0.00000000e+00 0.00000000e+00 0.00000000e+00 0.00000000e+00
 0.00000000e+00 0.00000000e+00 0.00000000e+00 0.00000000e+00
 0.00000000e+00 0.00000000e+00 3.48090800e-09 5.06743444e-08
 0.00000000e+00 0.00000000e+00 0.00000000e+00 1.50781019e-06]","[[-6.20340066e-04  6.85007632e-05]
 [-2.19179505e-03 -2.13132582e-04]]",[],0.0,0.0
1787133578.883918,1.352864759813106,-1.919872362584051,1.3232571199311218,"[1.74312205e-07 2.05225611e-07 0.00000000e+00 0.00000000e+00
 0.00000000e+00 3.48090800e-09 2.05225611e-07 8.54552199e-07
 0.00000000e+00 0.00000000e+00 0.00000000e+00 5.06743444e-08
 0.00000000e+00 0.00000000e+00 0.00000000e+00 0.00000000e+00
 0.00000000e+00 0.00000000e+00 0.00000000e+00 0.00000000e+00
 0.00000000e+00 0.00000000e+00 0.00000000e+00 0.00000000e+00
 0.00000000e+00 0.00000000e+00 0.00000000e+00 0.00000000e+00
 0.00000000e+00 0.00000000e+00 3.48090800e-09 5.06743444e-08
 0.00000000e+00 0.00000000e+00 0.00000000e+00 1.50781019e-06]","[[-6.20340066e-04  6.85007632e-05]
 [-2.19179505e-03 -2.13132582e-04]]",[],0.0,0.0
1787133578.8960857,1.352864759813106,-1.919872362584051,1.3232571199311218,"[1.74312205e-07 2.05225611e-07 0.00000000e+00 0.00000000e+00
 0.00000000e+00 3.48090800e-09 2.05225611e-07 8.54552199e-07
 0.00000000e+00 0.00000000e+00 0.00000000e+00 5.06743444e-08
 0.00000000e+00 0.00000000e+00 0.00000000e+00 0.00000000e+00
 0.00000000e+00 0.00000000e+00 0.00000000e+00 0.00000000e+00
 0.00000000e+00 0.00000000e+00 0.00000000e+00 0.00000000e+00
 0.00000000e+00 0.00000000e+00 0.00000000e+00 0.00000000e+00
 0.00000000e+00 0.00000000e+00 3.48090800e-09 5.06743444e-08
 0.00000000e+00 0.00000000e+00 0.00000000e+00 1.50781019e-06]","[[-6.20340066e-04  6.85007632e-05]
 [-2.19179505e-03 -2.13132582e-04]]",[],0.0,0.0
1787133578.9461448,1.352864759813106,-1.919872362584051,1.3232571199311218,"[1.74312205e-07 2.05225611e-07 0.00000000e+00 0.00000000e+00
 0.00000000e+00 3.48090800e-09 2.05225611e-07 8.54552199e-07
 0.00000000e+00 0.00000000e+00 0.00000000e+00 5.06743444e-08
 0.00000000e+00 0.00000000e+00 0.00000000e+00 0.00000000e+00
 0.00000000e+00 0.00000000e+00 0.00000000e+00 0.00000000e+00
 0.00000000e+00 0.00000000e+00 0.00000000e+00 0.00000000e+00
 0.00000000e+00 0.00000000e+00 0.00000000e+00 0.00000000e+00
 0.00000000e+00 0.00000000e+00 3.48090800e-09 5.06743444e-08
 0.00000000e+00 0.00000000e+00 0.00000000e+00 1.50781019e-06]","[[-6.20340066e-04  6.85007632e-05]
 [-2.19179505e-03 -2.13132582e-04]]",[],0.0,0.0
1787133578.9965315,1.352864759813106,-1.919872362584051,1.3232571199311218,"[1.74312205e-07 2.05225611e-07 0.00000000e+00 0.00000000e+00
 0.00000000e+00 3.48090800e-09 2.05225611e-07 8.54552199e-07
 0.00000000e+00 0.00000000e+00 0.00000000e+00 5.06743444e-08
 0.00000000e+00 0.00000000e+00 0.00000000e+00 0.00000000e+00
 0.00000000e+00 0.00000000e+00 0.00000000e+00 0.00000000e+00
 0.00000000e+00 0.00000000e+00 0.00000000e+00 0.00000000e+00
 0.00000000e+00 0.00000000e+00 0.00000000e+00 0.00000000e+00
 0.00000000e+00 0.00000000e+00 3.48090800e-09 5.06743444e-08
 0.00000000e+00 0.00000000e+00 0.00000000e+00 1.50781019e-06]","[[-6.20340066e-04  6.85007632e-05]
 [-2.19179505e-03 -2.13132582e-04]]",[],0.0,0.0
1787133579.0504155,1.352864759813106,-1.919872362584051,1.3232571199311218,"[1.74312205e-07 2.05225611e-07 0.00000000e+00 0.00000000e+00
 0.00000000e+00 3.48090800e-09 2.05225611e-07 8.54552199e-07
 0.00000000e+00 0.00000000e+00 0.00000000e+00 5.06743444e-08
 0.00000000e+00 0.00000000e+00 0.00000000e+00 0.00000000e+00
 0.00000000e+00 0.00000000e+00 0.00000000e+00 0.00000000e+00
 0.00000000e+00 0.00000000e+00 0.00000000e+00 0.00000000e+00
 0.00000000e+00 0.00000000e+00 0.00000000e+00 0.00000000e+00
 0.00000000e+00 0.00000000e+00 3.48090800e-09 5.06743444e-08
 0.00000000e+00 0.00000000e+00 0.00000000e+00 1.50781019e-06]","[[-6.20340066e-04  6.85007632e-05]
 [-2.19179505e-03 -2.13132582e-04]]",[],0.0,0.0
1787133579.1113288,1.352864759813106,-1.919872362584051,1.3232571199311218,"[1.74312205e-07 2.05225611e-07 0.00000000e+00 0.00000000e+00
 0.00000000e+00 3.48090800e-09 2.05225611e-07 8.54552199e-07
 0.00000000e+00 0.00000000e+00 0.00000000e+00 5.06743444e-08
 0.00000000e+00 0.00000000e+00 0.00000000e+00 0.00000000e+00
 0.00000000e+00 0.00000000e+00 0.00000000e+00 0.00000000e+00
 0.00000000e+00 0.00000000e+00 0.00000000e+00 0.00000000e+00
 0.00000000e+00 0.00000000e+00 0.00000000e+00 0.00000000e+00
 0.00000000e+00 0.00000000e+00 3.48090800e-09 5.06743444e-08
 0.00000000e+00 0.00000000e+00 0.00000000e+00 1.50781019e-06]","[[-6.20340066e-04  6.85007632e-05]
 [-2.19179505e-03 -2.13132582e-04]]",[],0.0,0.0
1787133579.161852,1.352864759813106,-1.919872362584051,1.3232571199311218,"[1.74312205e-07 2.05225611e-07 0.00000000e+00 0.00000000e+00
 0.00000000e+00 3.48090800e-09 2.05225611e-07 8.54552199e-07
 0.00000000e+00 0.00000000e+00 0.00000000e+00 5.06743444e-08
 0.00000000e+00 0.00000000e+00 0.00000000e+00 0.00000000e+00
 0.00000000e+00 0.00000000e+00 0.00000000e+00 0.00000000e+00
 0.00000000e+00 0.00000000e+00 0.00000000e+00 0.00000000e+00
 0.00000000e+00 0.00000000e+00 0.00000000e+00 0.00000000e+00
 0.00000000e+00 0.00000000e+00 3.48090800e-09 5.06743444e-08
 0.00000000e+00 0.00000000e+00 0.00000000e+00 1.50781019e-06]","[[-6.20340066e-04  6.85007632e-05]
 [-2.19179505e-03 -2.13132582e-04]]",[],0.0,0.0
1787133579.2011647,1.352864759813106,-1.919872362584051,1.3232571199311218,"[1.74312205e-07 2.05225611e-07 0.00000000e+00 0.00000000e+00
 0.00000000e+00 3.48090800e-09 2.05225611e-07 8.54552199e-07
 0.00000000e+00 0.00000000e+00 0.00000000e+00 5.06743444e-08
 0.00000000e+00 0.00000000e+00 0.00000000e+00 0.00000000e+00
 0.00000000e+00 0.00000000e+00 0.00000000e+00 0.00000000e+00
 0.00000000e+00 0.00000000e+00 0.00000000e+00 0.00000000e+00
 0.00000000e+00 0.00000000e+00 0.00000000e+00 0.00000000e+00
 0.00000000e+00 0.00000000e+00 3.48090800e-09 5.06743444e-08
 0.00000000e+00 0.00000000e+00 0.00000000e+00 1.50781019e-06]","[[-6.20340066e-04  6.85007632e-05]
 [-2.19179505e-03 -2.13132582e-04]]",[],0.0,0.0
1787133579.24923,1.352864759813106,-1.919872362584051,1.3232571199311218,"[1.74312205e-07 2.05225611e-07 0.00000000e+00 0.00000000e+00
 0.00000000e+00 3.48090800e-09 2.05225611e-07 8.54552199e-07
 0.00000000e+00 0.00000000e+00 0.00000000e+00 5.06743444e-08
 0.00000000e+00 0.00000000e+00 0.00000000e+00 0.00000000e+00
 0.00000000e+00 0.00000000e+00 0.00000000e+00 0.00000000e+00
 0.00000000e+00 0.00000000e+00 0.00000000e+00 0.00000000e+00
 0.00000000e+00 0.00000000e+00 0.00000000e+00 0.00000000e+00
 0.00000000e+00 0.00000000e+00 3.48090800e-09 5.06743444e-08
 0.00000000e+00 0.00000000e+00 0.00000000e+00 1.50781019e-06]","[[-6.20340066e-04  6.85007632e-05]
 [-2.19179505e-03 -2.13132582e-04]]",[],0.0,0.0
1787133579.296673,1.352864759813106,-1.919872362584051,1.3232571199311218,"[1.74312205e-07 2.05225611e-07 0.00000000e+00 0.00000000e+00
 0.00000000e+00 3.48090800e-09 2.05225611e-07 8.54552199e-07
 0.00000000e+00 0.00000000e+00 0.00000000e+00 5.06743444e-08
 0.00000000e+00 0.00000000e+00 0.00000000e+00 0.00000000e+00
 0.00000000e+00 0.00000000e+00 0.00000000e+00 0.00000000e+00
 0.00000000e+00 0.00000000e+00 0.00000000e+00 0.00000000e+00
 0.00000000e+00 0.00000000e+00 0.00000000e+00 0.00000000e+00
 0.00000000e+00 0.00000000e+00 3.48090800e-09 5.06743444e-08
 0.00000000e+00 0.00000000e+00 0.00000000e+00 1.50781019e-06]","[[-6.20340066e-04  6.85007632e-05]
 [-2.19179505e-03 -2.13132582e-04]]",[],0.0,0.0
1787133579.346786,1.352864759813106,-1.919872362584051,1.3232571199311218,"[1.74312205e-07 2.05225611e-07 0.00000000e+00 0.00000000e+00
 0.00000000e+00 3.48090800e-09 2.05225611e-07 8.54552199e-07
 0.00000000e+00 0.00000000e+00 0.00000000e+00 5.06743444e-08
 0.00000000e+00 0.00000000e+00 0.00000000e+00 0.00000000e+00
 0.00000000e+00 0.00000000e+00 0.00000000e+00 0.00000000e+00
 0.00000000e+00 0.00000000e+00 0.00000000e+00 0.00000000e+00
 0.00000000e+00 0.00000000e+00 0.00000000e+00 0.00000000e+00
 0.00000000e+00 0.00000000e+00 3.48090800e-09 5.06743444e-08
 0.00000000e+00 0.00000000e+00 0.00000000e+00 1.50781019e-06]","[[-6.20340066e-04  6.85007632e-05]
 [-2.19179505e-03 -2.13132582e-04]]",[],0.0,0.0
1787133579.3965776,1.352864759813106,-1.919872362584051,1.3232571199311218,"[1.74312205e-07 2.05225611e-07 0.00000000e+00 0.00000000e+00
 0.00000000e+00 3.48090800e-09 2.05225611e-07 8.54552199e-07
 0.00000000e+00 0.00000000e+00 0.00000000e+00 5.06743444e-08
 0.00000000e+00 0.00000000e+00 0.00000000e+00 0.00000000e+00
 0.00000000e+00 0.00000000e+00 0.00000000e+00 0.00000000e+00
 0.00000000e+00 0.00000000e+00 0.00000000e+00 0.00000000e+00
 0.00000000e+00 0.00000000e+00 0.00000000e+00 0.00000000e+00
 0.00000000e+00 0.00000000e+00 3.48090800e-09 5.06743444e-08
 0.00000000e+00 0.00000000e+00 0.00000000e+00 1.50781019e-06]","[[-6.20340066e-04  6.85007632e-05]
 [-2.19179505e-03 -2.13132582e-04]]",[],0.0,0.0
1787133579.460215,1.3503644370802672,-1.9263999810490704,1.3292810110500994,"[1.66855852e-07 1.96672821e-07 0.00000000e+00 0.00000000e+00
 0.00000000e+00 1.36782304e-09 1.96672821e-07 8.36555454e-07
 0.00000000e+00 0.00000000e+00 0.00000000e+00 4.69924304e-08
 0.00000000e+00 0.00000000e+00 0.00000000e+00 0.00000000e+00
 0.00000000e+00 0.00000000e+00 0.00000000e+00 0.00000000e+00
 0.00000000e+00 0.00000000e+00 0.00000000e+00 0.00000000e+00
 0.00000000e+00 0.00000000e+00 0.00000000e+00 0.00000000e+00
 0.00000000e+00 0.00000000e+00 1.36782304e-09 4.69924304e-08
 0.00000000e+00 0.00000000e+00 0.00000000e+00 1.49760205e-06]","[[-5.80452530e-04  8.16093996e-05]
 [-2.14788231e-03 -1.68851730e-04]]",[],0.0,0.0
1787133579.5053048,1.3503644370802672,-1.9263999810490704,1.3292810110500994,"[1.66855852e-07 1.96672821e-07 0.00000000e+00 0.00000000e+00
 0.00000000e+00 1.36782304e-09 1.96672821e-07 8.36555454e-07
 0.00000000e+00 0.00000000e+00 0.00000000e+00 4.69924304e-08
 0.00000000e+00 0.00000000e+00 0.00000000e+00 0.00000000e+00
 0.00000000e+00 0.00000000e+00 0.00000000e+00 0.00000000e+00
 0.00000000e+00 0.00000000e+00 0.00000000e+00 0.00000000e+00
 0.00000000e+00 0.00000000e+00 0.00000000e+00 0.00000000e+00
 0.00000000e+00 0.00000000e+00 1.36782304e-09 4.69924304e-08
 0.00000000e+00 0.00000000e+00 0.00000000e+00 1.49760205e-06]","[[-5.80452530e-04  8.16093996e-05]
 [-2.14788231e-03 -1.68851730e-04]]",[],0.0,0.0
1787133579.547698,1.3503644370802672,-1.9263999810490704,1.3292810110500994,"[1.66855852e-07 1.96672821e-07 0.00000000e+00 0.00000000e+00
 0.00000000e+00 1.36782304e-09 1.96672821e-07 8.36555454e-07
 0.00000000e+00 0.00000000e+00 0.00000000e+00 4.69924304e-08
 0.00000000e+00 0.00000000e+00 0.00000000e+00 0.00000000e+00
 0.00000000e+00 0.00000000e+00 0.00000000e+00 0.00000000e+00
 0.00000000e+00 0.00000000e+00 0.00000000e+00 0.00000000e+00
 0.00000000e+00 0.00000000e+00 0.00000000e+00 0.00000000e+00
 0.00000000e+00 0.00000000e+00 1.36782304e-09 4.69924304e-08
 0.00000000e+00 0.00000000e+00 0.00000000e+00 1.49760205e-06]","[[-5.80452530e-04  8.16093996e-05]
 [-2.14788231e-03 -1.68851730e-04]]",[],0.0,0.0
1787133579.5969687,1.3503644370802672,-1.9263999810490704,1.3292810110500994,"[1.66855852e-07 1.96672821e-07 0.00000000e+00 0.00000000e+00
 0.00000000e+00 1.36782304e-09 1.96672821e-07 8.36555454e-07
 0.00000000e+00 0.00000000e+00 0.00000000e+00 4.69924304e-08
 0.00000000e+00 0.00000000e+00 0.00000000e+00 0.00000000e+00
 0.00000000e+00 0.00000000e+00 0.00000000e+00 0.00000000e+00
 0.00000000e+00 0.00000000e+00 0.00000000e+00 0.00000000e+00
 0.00000000e+00 0.00000000e+00 0.00000000e+00 0.00000000e+00
 0.00000000e+00 0.00000000e+00 1.36782304e-09 4.69924304e-08
 0.00000000e+00 0.00000000e+00 0.00000000e+00 1.49760205e-06]","[[-5.80452530e-04  8.16093996e-05]
 [-2.14788231e-03 -1.68851730e-04]]",[],0.0,0.0
1787133579.6524117,1.3503644370802672,-1.9263999810490704,1.3292810110500994,"[1.66855852e-07 1.96672821e-07 0.00000000e+00 0.00000000e+00
 0.00000000e+00 1.36782304e-09 1.96672821e-07 8.36555454e-07
 0.00000000e+00 0.00000000e+00 0.00000000e+00 4.69924304e-08
 0.00000000e+00 0.00000000e+00 0.00000000e+00 0.00000000e+00
 0.00000000e+00 0.00000000e+00 0.00000000e+00 0.00000000e+00
 0.00000000e+00 0.00000000e+00 0.00000000e+00 0.00000000e+00
 0.00000000e+00 0.00000000e+00 0.00000000e+00 0.00000000e+00
 0.00000000e+00 0.00000000e+00 1.36782304e-09 4.69924304e-08
 0.00000000e+00 0.00000000e+00 0.00000000e+00 1.49760205e-06]","[[-5.80452530e-04  8.16093996e-05]
 [-2.14788231e-03 -1.68851730e-04]]",[],0.0,0.0
1787133579.7073045,1.3503644370802672,-1.9263999810490704,1.3292810110500994,"[1.66855852e-07 1.96672821e-07 0.00000000e+00 0.00000000e+00
 0.00000000e+00 1.36782304e-09 1.96672821e-07 8.36555454e-07
 0.00000000e+00 0.00000000e+00 0.00000000e+00 4.69924304e-08
 0.00000000e+00 0.00000000e+00 0.00000000e+00 0.00000000e+00
 0.00000000e+00 0.00000000e+00 0.00000000e+00 0.00000000e+00
 0.00000000e+00 0.00000000e+00 0.00000000e+00 0.00000000e+00
 0.00000000e+00 0.00000000e+00 0.00000000e+00 0.00000000e+00
 0.00000000e+00 0.00000000e+00 1.36782304e-09 4.69924304e-08
 0.00000000e+00 0.00000000e+00 0.00000000e+00 1.49760205e-06]","[[-5.80452530e-04  8.16093996e-05]
 [-2.14788231e-03 -1.68851730e-04]]",[],0.0,0.0
1787133579.821778,1.3503644370802672,-1.9263999810490704,1.3292810110500994,"[1.66855852e-07 1.96672821e-07 0.00000000e+00 0.00000000e+00
 0.00000000e+00 1.36782304e-09 1.96672821e-07 8.36555454e-07
 0.00000000e+00 0.00000000e+00 0.00000000e+00 4.69924304e-08
 0.00000000e+00 0.00000000e+00 0.00000000e+00 0.00000000e+00
 0.00000000e+00 0.00000000e+00 0.00000000e+00 0.00000000e+00
 0.00000000e+00 0.00000000e+00 0.00000000e+00 0.00000000e+00
 0.00000000e+00 0.00000000e+00 0.00000000e+00 0.00000000e+00
 0.00000000e+00 0.00000000e+00 1.36782304e-09 4.69924304e-08
 0.00000000e+00 0.00000000e+00 0.00000000e+00 1.49760205e-06]","[[-5.80452530e-04  8.16093996e-05]
 [-2.14788231e-03 -1.68851730e-04]]",[],0.0,0.0
1787133579.8618882,1.3503644370802672,-1.9263999810490704,1.3292810110500994,"[1.66855852e-07 1.96672821e-07 0.00000000e+00 0.00000000e+00
 0.00000000e+00 1.36782304e-09 1.96672821e-07 8.36555454e-07
 0.00000000e+00 0.00000000e+00 0.00000000e+00 4.69924304e-08
 0.00000000e+00 0.00000000e+00 0.00000000e+00 0.00000000e+00
 0.00000000e+00 0.00000000e+00 0.00000000e+00 0.00000000e+00
 0.00000000e+00 0.00000000e+00 0.00000000e+00 0.00000000e+00
 0.00000000e+00 0.00000000e+00 0.00000000e+00 0.00000000e+00
 0.00000000e+00 0.00000000e+00 1.36782304e-09 4.69924304e-08
 0.00000000e+00 0.00000000e+00 0.00000000e+00 1.49760205e-06]","[[-5.80452530e-04  8.16093996e-05]
 [-2.14788231e-03 -1.68851730e-04]]",[],0.0,0.0
1787133579.8964312,1.3503644370802672,-1.9263999810490704,1.3292810110500994,"[1.66855852e-07 1.96672821e-07 0.00000000e+00 0.00000000e+00
 0.00000000e+00 1.36782304e-09 1.96672821e-07 8.36555454e-07
 0.00000000e+00 0.00000000e+00 0.00000000e+00 4.69924304e-08
 0.00000000e+00 0.00000000e+00 0.00000000e+00 0.00000000e+00
 0.00000000e+00 0.00000000e+00 0.00000000e+00 0.00000000e+00
 0.00000000e+00 0.00000000e+00 0.00000000e+00 0.00000000e+00
 0.00000000e+00 0.00000000e+00 0.00000000e+00 0.00000000e+00
 0.00000000e+00 0.00000000e+00 1.36782304e-09 4.69924304e-08
 0.00000000e+00 0.00000000e+00 0.00000000e+00 1.49760205e-06]","[[-5.80452530e-04  8.16093996e-05]
 [-2.14788231e-03 -1.68851730e-04]]",[],0.0,0.0
1787133579.9466994,1.3503644370802672,-1.9263999810490704,1.3292810110500994,"[1.66855852e-07 1.96672821e-07 0.00000000e+00 0.00000000e+00
 0.00000000e+00 1.36782304e-09 1.96672821e-07 8.36555454e-07
 0.00000000e+00 0.00000000e+00 0.00000000e+00 4.69924304e-08
 0.00000000e+00 0.00000000e+00 0.00000000e+00 0.00000000e+00
 0.00000000e+00 0.00000000e+00 0.00000000e+00 0.00000000e+00
 0.00000000e+00 0.00000000e+00 0.00000000e+00 0.00000000e+00
 0.00000000e+00 0.00000000e+00 0.00000000e+00 0.00000000e+00
 0.00000000e+00 0.00000000e+00 1.36782304e-09 4.69924304e-08
 0.00000000e+00 0.00000000e+00 0.00000000e+00 1.49760205e-06]","[[-5.80452530e-04  8.16093996e-05]
 [-2.14788231e-03 -1.68851730e-04]]",[],0.0,0.0
1787133580.0208561,1.3503644370802672,-1.9263999810490704,1.3292810110500994,"[1.66855852e-07 1.96672821e-07 0.00000000e+00 0.00000000e+00
 0.00000000e+00 1.36782304e-09 1.96672821e-07 8.36555454e-07
 0.00000000e+00 0.00000000e+00 0.00000000e+00 4.69924304e-08
 0.00000000e+00 0.00000000e+00 0.00000000e+00 0.00000000e+00
 0.00000000e+00 0.00000000e+00 0.00000000e+00 0.00000000e+00
 0.00000000e+00 0.00000000e+00 0.00000000e+00 0.00000000e+00
 0.00000000e+00 0.00000000e+00 0.00000000e+00 0.00000000e+00
 0.00000000e+00 0.00000000e+00 1.36782304e-09 4.69924304e-08
 0.00000000e+00 0.00000000e+00 0.00000000e+00 1.49760205e-06]","[[-5.80452530e-04  8.16093996e-05]
 [-2.14788231e-03 -1.68851730e-04]]",[],0.0,0.0
1787133580.0700219,1.3503644370802672,-1.9263999810490704,1.3292810110500994,"[1.66855852e-07 1.96672821e-07 0.00000000e+00 0.00000000e+00
 0.00000000e+00 1.36782304e-09 1.96672821e-07 8.36555454e-07
 0.00000000e+00 0.00000000e+00 0.00000000e+00 4.69924304e-08
 0.00000000e+00 0.00000000e+00 0.00000000e+00 0.00000000e+00
 0.00000000e+00 0.00000000e+00 0.00000000e+00 0.00000000e+00
 0.00000000e+00 0.00000000e+00 0.00000000e+00 0.00000000e+00
 0.00000000e+00 0.00000000e+00 0.00000000e+00 0.00000000e+00
 0.00000000e+00 0.00000000e+00 1.36782304e-09 4.69924304e-08
 0.00000000e+00 0.00000000e+00 0.00000000e+00 1.49760205e-06]","[[-5.80452530e-04  8.16093996e-05]
 [-2.14788231e-03 -1.68851730e-04]]",[],0.0,0.0
1787133580.1351838,1.3503644370802672,-1.9263999810490704,1.3292810110500994,"[1.66855852e-07 1.96672821e-07 0.00000000e+00 0.00000000e+00
 0.00000000e+00 1.36782304e-09 1.96672821e-07 8.36555454e-07
 0.00000000e+00 0.00000000e+00 0.00000000e+00 4.69924304e-08
 0.00000000e+00 0.00000000e+00 0.00000000e+00 0.00000000e+00
 0.00000000e+00 0.00000000e+00 0.00000000e+00 0.00000000e+00
 0.00000000e+00 0.00000000e+00 0.00000000e+00 0.00000000e+00
 0.00000000e+00 0.00000000e+00 0.00000000e+00 0.00000000e+00
 0.00000000e+00 0.00000000e+00 1.36782304e-09 4.69924304e-08
 0.00000000e+00 0.00000000e+00 0.00000000e+00 1.49760205e-06]","[[-5.80452530e-04  8.16093996e-05]
 [-2.14788231e-03 -1.68851730e-04]]",[],0.0,0.0
1787133580.1680968,1.3503644370802672,-1.9263999810490704,1.3292810110500994,"[1.66855852e-07 1.96672821e-07 0.00000000e+00 0.00000000e+00
 0.00000000e+00 1.36782304e-09 1.96672821e-07 8.36555454e-07
 0.00000000e+00 0.00000000e+00 0.00000000e+00 4.69924304e-08
 0.00000000e+00 0.00000000e+00 0.00000000e+00 0.00000000e+00
 0.00000000e+00 0.00000000e+00 0.00000000e+00 0.00000000e+00
 0.00000000e+00 0.00000000e+00 0.00000000e+00 0.00000000e+00
 0.00000000e+00 0.00000000e+00 0.00000000e+00 0.00000000e+00
 0.00000000e+00 0.00000000e+00 1.36782304e-09 4.69924304e-08
 0.00000000e+00 0.00000000e+00 0.00000000e+00 1.49760205e-06]","[[-5.80452530e-04  8.16093996e-05]
 [-2.14788231e-03 -1.68851730e-04]]",[],0.0,0.0
1787133580.2087278,1.3503644370802672,-1.9263999810490704,1.3292810110500994,"[1.66855852e-07 1.96672821e-07 0.00000000e+00 0.00000000e+00
 0.00000000e+00 1.36782304e-09 1.96672821e-07 8.36555454e-07
 0.00000000e+00 0.00000000e+00 0.00000000e+00 4.69924304e-08
 0.00000000e+00 0.00000000e+00 0.00000000e+00 0.00000000e+00
 0.00000000e+00 0.00000000e+00 0.00000000e+00 0.00000000e+00
 0.00000000e+00 0.00000000e+00 0.00000000e+00 0.00000000e+00
 0.00000000e+00 0.00000000e+00 0.00000000e+00 0.00000000e+00
 0.00000000e+00 0.00000000e+00 1.36782304e-09 4.69924304e-08
 0.00000000e+00 0.00000000e+00 0.00000000e+00 1.49760205e-06]","[[-5.80452530e-04  8.16093996e-05]
 [-2.14788231e-03 -1.68851730e-04]]",[],0.0,0.0
1787133580.2565496,1.3503644370802672,-1.9263999810490704,1.3292810110500994,"[1.66855852e-07 1.96672821e-07 0.00000000e+00 0.00000000e+00
 0.00000000e+00 1.36782304e-09 1.96672821e-07 8.36555454e-07
 0.00000000e+00 0.00000000e+00 0.00000000e+00 4.69924304e-08
 0.00000000e+00 0.00000000e+00 0.00000000e+00 0.00000000e+00
 0.00000000e+00 0.00000000e+00 0.00000000e+00 0.00000000e+00
 0.00000000e+00 0.00000000e+00 0.00000000e+00 0.00000000e+00
 0.00000000e+00 0.00000000e+00 0.00000000e+00 0.00000000e+00
 0.00000000e+00 0.00000000e+00 1.36782304e-09 4.69924304e-08
 0.00000000e+00 0.00000000e+00 0.00000000e+00 1.49760205e-06]","[[-5.80452530e-04  8.16093996e-05]
 [-2.14788231e-03 -1.68851730e-04]]",[],0.0,0.0
1787133580.3050752,1.3503644370802672,-1.9263999810490704,1.3292810110500994,"[1.66855852e-07 1.96672821e-07 0.00000000e+00 0.00000000e+00
 0.00000000e+00 1.36782304e-09 1.96672821e-07 8.36555454e-07
 0.00000000e+00 0.00000000e+00 0.00000000e+00 4.69924304e-08
 0.00000000e+00 0.00000000e+00 0.00000000e+00 0.00000000e+00
 0.00000000e+00 0.00000000e+00 0.00000000e+00 0.00000000e+00
 0.00000000e+00 0.00000000e+00 0.00000000e+00 0.00000000e+00
 0.00000000e+00 0.00000000e+00 0.00000000e+00 0.00000000e+00
 0.00000000e+00 0.00000000e+00 1.36782304e-09 4.69924304e-08
 0.00000000e+00 0.00000000e+00 0.00000000e+00 1.49760205e-06]","[[-5.80452530e-04  8.16093996e-05]
 [-2.14788231e-03 -1.68851730e-04]]",[],0.0,0.0
1787133580.3615804,1.3503644370802672,-1.9263999810490704,1.3292810110500994,"[1.66855852e-07 1.96672821e-07 0.00000000e+00 0.00000000e+00
 0.00000000e+00 1.36782304e-09 1.96672821e-07 8.36555454e-07
 0.00000000e+00 0.00000000e+00 0.00000000e+00 4.69924304e-08
 0.00000000e+00 0.00000000e+00 0.00000000e+00 0.00000000e+00
 0.00000000e+00 0.00000000e+00 0.00000000e+00 0.00000000e+00
 0.00000000e+00 0.00000000e+00 0.00000000e+00 0.00000000e+00
 0.00000000e+00 0.00000000e+00 0.00000000e+00 0.00000000e+00
 0.00000000e+00 0.00000000e+00 1.36782304e-09 4.69924304e-08
 0.00000000e+00 0.00000000e+00 0.00000000e+00 1.49760205e-06]","[[-5.80452530e-04  8.16093996e-05]
 [-2.14788231e-03 -1.68851730e-04]]",[],0.0,0.0
1787133580.4043474,1.3481831856586017,-1.9316672835279962,1.327815870379304,"[1.62904577e-07 1.99318376e-07 0.00000000e+00 0.00000000e+00
 0.00000000e+00 4.90453392e-09 1.99318376e-07 8.59957883e-07
 0.00000000e+00 0.00000000e+00 0.00000000e+00 5.72238817e-08
 0.00000000e+00 0.00000000e+00 0.00000000e+00 0.00000000e+00
 0.00000000e+00 0.00000000e+00 0.00000000e+00 0.00000000e+00
 0.00000000e+00 0.00000000e+00 0.00000000e+00 0.00000000e+00
 0.00000000e+00 0.00000000e+00 0.00000000e+00 0.00000000e+00
 0.00000000e+00 0.00000000e+00 4.90453392e-09 5.72238817e-08
 0.00000000e+00 0.00000000e+00 0.00000000e+00 1.60029889e-06]","[[-5.90283488e-04  6.21364049e-05]
 [-2.20437444e-03 -2.19987980e-04]]",[],0.0,0.0
1787133580.459866,1.3481831856586017,-1.9316672835279962,1.327815870379304,"[1.62904577e-07 1.99318376e-07 0.00000000e+00 0.00000000e+00
 0.00000000e+00 4.90453392e-09 1.99318376e-07 8.59957883e-07
 0.00000000e+00 0.00000000e+00 0.00000000e+00 5.72238817e-08
 0.00000000e+00 0.00000000e+00 0.00000000e+00 0.00000000e+00
 0.00000000e+00 0.00000000e+00 0.00000000e+00 0.00000000e+00
 0.00000000e+00 0.00000000e+00 0.00000000e+00 0.00000000e+00
 0.00000000e+00 0.00000000e+00 0.00000000e+00 0.00000000e+00
 0.00000000e+00 0.00000000e+00 4.90453392e-09 5.72238817e-08
 0.00000000e+00 0.00000000e+00 0.00000000e+00 1.60029889e-06]","[[-5.90283488e-04  6.21364049e-05]
 [-2.20437444e-03 -2.19987980e-04]]",[],0.0,0.0
1787133580.4966345,1.3481831856586017,-1.9316672835279962,1.327815870379304,"[1.62904577e-07 1.99318376e-07 0.00000000e+00 0.00000000e+00
 0.00000000e+00 4.90453392e-09 1.99318376e-07 8.59957883e-07
 0.00000000e+00 0.00000000e+00 0.00000000e+00 5.72238817e-08
 0.00000000e+00 0.00000000e+00 0.00000000e+00 0.00000000e+00
 0.00000000e+00 0.00000000e+00 0.00000000e+00 0.00000000e+00
 0.00000000e+00 0.00000000e+00 0.00000000e+00 0.00000000e+00
 0.00000000e+00 0.00000000e+00 0.00000000e+00 0.00000000e+00
 0.00000000e+00 0.00000000e+00 4.90453392e-09 5.72238817e-08
 0.00000000e+00 0.00000000e+00 0.00000000e+00 1.60029889e-06]","[[-5.90283488e-04  6.21364049e-05]
 [-2.20437444e-03 -2.19987980e-04]]",[],0.0,0.0
1787133580.5653093,1.3481831856586017,-1.9316672835279962,1.327815870379304,"[1.62904577e-07 1.99318376e-07 0.00000000e+00 0.00000000e+00
 0.00000000e+00 4.90453392e-09 1.99318376e-07 8.59957883e-07
 0.00000000e+00 0.00000000e+00 0.00000000e+00 5.72238817e-08
 0.00000000e+00 0.00000000e+00 0.00000000e+00 0.00000000e+00
 0.00000000e+00 0.00000000e+00 0.00000000e+00 0.00000000e+00
 0.00000000e+00 0.00000000e+00 0.00000000e+00 0.00000000e+00
 0.00000000e+00 0.00000000e+00 0.00000000e+00 0.00000000e+00
 0.00000000e+00 0.00000000e+00 4.90453392e-09 5.72238817e-08
 0.00000000e+00 0.00000000e+00 0.00000000e+00 1.60029889e-06]","[[-5.90283488e-04  6.21364049e-05]
 [-2.20437444e-03 -2.19987980e-04]]",[],0.0,0.0
1787133580.6237707,1.3481831856586017,-1.9316672835279962,1.327815870379304,"[1.62904577e-07 1.99318376e-07 0.00000000e+00 0.00000000e+00
 0.00000000e+00 4.90453392e-09 1.99318376e-07 8.59957883e-07
 0.00000000e+00 0.00000000e+00 0.00000000e+00 5.72238817e-08
 0.00000000e+00 0.00000000e+00 0.00000000e+00 0.00000000e+00
 0.00000000e+00 0.00000000e+00 0.00000000e+00 0.00000000e+00
 0.00000000e+00 0.00000000e+00 0.00000000e+00 0.00000000e+00
 0.00000000e+00 0.00000000e+00 0.00000000e+00 0.00000000e+00
 0.00000000e+00 0.00000000e+00 4.90453392e-09 5.72238817e-08
 0.00000000e+00 0.00000000e+00 0.00000000e+00 1.60029889e-06]","[[-5.90283488e-04  6.21364049e-05]
 [-2.20437444e-03 -2.19987980e-04]]",[],0.0,0.0
1787133580.7182958,1.3481831856586017,-1.9316672835279962,1.327815870379304,"[1.62904577e-07 1.99318376e-07 0.00000000e+00 0.00000000e+00
 0.00000000e+00 4.90453392e-09 1.99318376e-07 8.59957883e-07
 0.00000000e+00 0.00000000e+00 0.00000000e+00 5.72238817e-08
 0.00000000e+00 0.00000000e+00 0.00000000e+00 0.00000000e+00
 0.00000000e+00 0.00000000e+00 0.00000000e+00 0.00000000e+00
 0.00000000e+00 0.00000000e+00 0.00000000e+00 0.00000000e+00
 0.00000000e+00 0.00000000e+00 0.00000000e+00 0.00000000e+00
 0.00000000e+00 0.00000000e+00 4.90453392e-09 5.72238817e-08
 0.00000000e+00 0.00000000e+00 0.00000000e+00 1.60029889e-06]","[[-5.90283488e-04  6.21364049e-05]
 [-2.20437444e-03 -2.19987980e-04]]",[],0.0,0.0
1787133580.7521408,1.3481831856586017,-1.9316672835279962,1.327815870379304,"[1.62904577e-07 1.99318376e-07 0.00000000e+00 0.00000000e+00
 0.00000000e+00 4.90453392e-09 1.99318376e-07 8.59957883e-07
 0.00000000e+00 0.00000000e+00 0.00000000e+00 5.72238817e-08
 0.00000000e+00 0.00000000e+00 0.00000000e+00 0.00000000e+00
 0.00000000e+00 0.00000000e+00 0.00000000e+00 0.00000000e+00
 0.00000000e+00 0.00000000e+00 0.00000000e+00 0.00000000e+00
 0.00000000e+00 0.00000000e+00 0.00000000e+00 0.00000000e+00
 0.00000000e+00 0.00000000e+00 4.90453392e-09 5.72238817e-08
 0.00000000e+00 0.00000000e+00 0.00000000e+00 1.60029889e-06]","[[-5.90283488e-04  6.21364049e-05]
 [-2.20437444e-03 -2.19987980e-04]]",[],0.0,0.0
1787133580.7966685,1.3481831856586017,-1.9316672835279962,1.327815870379304,"[1.62904577e-07 1.99318376e-07 0.00000000e+00 0.00000000e+00
 0.00000000e+00 4.90453392e-09 1.99318376e-07 8.59957883e-07
 0.00000000e+00 0.00000000e+00 0.00000000e+00 5.72238817e-08
 0.00000000e+00 0.00000000e+00 0.00000000e+00 0.00000000e+00
 0.00000000e+00 0.00000000e+00 0.00000000e+00 0.00000000e+00
 0.00000000e+00 0.00000000e+00 0.00000000e+00 0.00000000e+00
 0.00000000e+00 0.00000000e+00 0.00000000e+00 0.00000000e+00
 0.00000000e+00 0.00000000e+00 4.90453392e-09 5.72238817e-08
 0.00000000e+00 0.00000000e+00 0.00000000e+00 1.60029889e-06]","[[-5.90283488e-04  6.21364049e-05]
 [-2.20437444e-03 -2.19987980e-04]]",[],0.0,0.0
1787133580.8628001,1.3481831856586017,-1.9316672835279962,1.327815870379304,"[1.62904577e-07 1.99318376e-07 0.00000000e+00 0.00000000e+00
 0.00000000e+00 4.90453392e-09 1.99318376e-07 8.59957883e-07
 0.00000000e+00 0.00000000e+00 0.00000000e+00 5.72238817e-08
 0.00000000e+00 0.00000000e+00 0.00000000e+00 0.00000000e+00
 0.00000000e+00 0.00000000e+00 0.00000000e+00 0.00000000e+00
 0.00000000e+00 0.00000000e+00 0.00000000e+00 0.00000000e+00
 0.00000000e+00 0.00000000e+00 0.00000000e+00 0.00000000e+00
 0.00000000e+00 0.00000000e+00 4.90453392e-09 5.72238817e-08
 0.00000000e+00 0.00000000e+00 0.00000000e+00 1.60029889e-06]","[[-5.90283488e-04  6.21364049e-05]
 [-2.20437444e-03 -2.19987980e-04]]",[],0.0,0.0
1787133580.9365013,1.3481831856586017,-1.9316672835279962,1.327815870379304,"[1.62904577e-07 1.99318376e-07 0.00000000e+00 0.00000000e+00
 0.00000000e+00 4.90453392e-09 1.99318376e-07 8.59957883e-07
 0.00000000e+00 0.00000000e+00 0.00000000e+00 5.72238817e-08
 0.00000000e+00 0.00000000e+00 0.00000000e+00 0.00000000e+00
 0.00000000e+00 0.00000000e+00 0.00000000e+00 0.00000000e+00
 0.00000000e+00 0.00000000e+00 0.00000000e+00 0.00000000e+00
 0.00000000e+00 0.00000000e+00 0.00000000e+00 0.00000000e+00
 0.00000000e+00 0.00000000e+00 4.90453392e-09 5.72238817e-08
 0.00000000e+00 0.00000000e+00 0.00000000e+00 1.60029889e-06]","[[-5.90283488e-04  6.21364049e-05]
 [-2.20437444e-03 -2.19987980e-04]]",[],0.0,0.0
1787133580.9478593,1.3481831856586017,-1.9316672835279962,1.327815870379304,"[1.62904577e-07 1.99318376e-07 0.00000000e+00 0.00000000e+00
 0.00000000e+00 4.90453392e-09 1.99318376e-07 8.59957883e-07
 0.00000000e+00 0.00000000e+00 0.00000000e+00 5.72238817e-08
 0.00000000e+00 0.00000000e+00 0.00000000e+00 0.00000000e+00
 0.00000000e+00 0.00000000e+00 0.00000000e+00 0.00000000e+00
 0.00000000e+00 0.00000000e+00 0.00000000e+00 0.00000000e+00
 0.00000000e+00 0.00000000e+00 0.00000000e+00 0.00000000e+00
 0.00000000e+00 0.00000000e+00 4.90453392e-09 5.72238817e-08
 0.00000000e+00 0.00000000e+00 0.00000000e+00 1.60029889e-06]","[[-5.90283488e-04  6.21364049e-05]
 [-2.20437444e-03 -2.19987980e-04]]",[],0.0,0.0
1787133580.9981606,1.3481831856586017,-1.9316672835279962,1.327815870379304,"[1.62904577e-07 1.99318376e-07 0.00000000e+00 0.00000000e+00
 0.00000000e+00 4.90453392e-09 1.99318376e-07 8.59957883e-07
 0.00000000e+00 0.00000000e+00 0.00000000e+00 5.72238817e-08
 0.00000000e+00 0.00000000e+00 0.00000000e+00 0.00000000e+00
 0.00000000e+00 0.00000000e+00 0.00000000e+00 0.00000000e+00
 0.00000000e+00 0.00000000e+00 0.00000000e+00 0.00000000e+00
 0.00000000e+00 0.00000000e+00 0.00000000e+00 0.00000000e+00
 0.00000000e+00 0.00000000e+00 4.90453392e-09 5.72238817e-08
 0.00000000e+00 0.00000000e+00 0.00000000e+00 1.60029889e-06]","[[-5.90283488e-04  6.21364049e-05]
 [-2.20437444e-03 -2.19987980e-04]]",[],0.0,0.0
1787133581.0525932,1.3481831856586017,-1.9316672835279962,1.327815870379304,"[1.62904577e-07 1.99318376e-07 0.00000000e+00 0.00000000e+00
 0.00000000e+00 4.90453392e-09 1.99318376e-07 8.59957883e-07
 0.00000000e+00 0.00000000e+00 0.00000000e+00 5.72238817e-08
 0.00000000e+00 0.00000000e+00 0.00000000e+00 0.00000000e+00
 0.00000000e+00 0.00000000e+00 0.00000000e+00 0.00000000e+00
 0.00000000e+00 0.00000000e+00 0.00000000e+00 0.00000000e+00
 0.00000000e+00 0.00000000e+00 0.00000000e+00 0.00000000e+00
 0.00000000e+00 0.00000000e+00 4.90453392e-09 5.72238817e-08
 0.00000000e+00 0.00000000e+00 0.00000000e+00 1.60029889e-06]","[[-5.90283488e-04  6.21364049e-05]
 [-2.20437444e-03 -2.19987980e-04]]",[],0.0,0.0
1787133581.1109169,1.3481831856586017,-1.9316672835279962,1.327815870379304,"[1.62904577e-07 1.99318376e-07 0.00000000e+00 0.00000000e+00
 0.00000000e+00 4.90453392e-09 1.99318376e-07 8.59957883e-07
 0.00000000e+00 0.00000000e+00 0.00000000e+00 5.72238817e-08
 0.00000000e+00 0.00000000e+00 0.00000000e+00 0.00000000e+00
 0.00000000e+00 0.00000000e+00 0.00000000e+00 0.00000000e+00
 0.00000000e+00 0.00000000e+00 0.00000000e+00 0.00000000e+00
 0.00000000e+00 0.00000000e+00 0.00000000e+00 0.00000000e+00
 0.00000000e+00 0.00000000e+00 4.90453392e-09 5.72238817e-08
 0.00000000e+00 0.00000000e+00 0.00000000e+00 1.60029889e-06]","[[-5.90283488e-04  6.21364049e-05]
 [-2.20437444e-03 -2.19987980e-04]]",[],0.0,0.0
1787133581.146674,1.3481831856586017,-1.9316672835279962,1.327815870379304,"[1.62904577e-07 1.99318376e-07 0.00000000e+00 0.00000000e+00
 0.00000000e+00 4.90453392e-09 1.99318376e-07 8.59957883e-07
 0.00000000e+00 0.00000000e+00 0.00000000e+00 5.72238817e-08
 0.00000000e+00 0.00000000e+00 0.00000000e+00 0.00000000e+00
 0.00000000e+00 0.00000000e+00 0.00000000e+00 0.00000000e+00
 0.00000000e+00 0.00000000e+00 0.00000000e+00 0.00000000e+00
 0.00000000e+00 0.00000000e+00 0.00000000e+00 0.00000000e+00
 0.00000000e+00 0.00000000e+00 4.90453392e-09 5.72238817e-08
 0.00000000e+00 0.00000000e+00 0.00000000e+00 1.60029889e-06]","[[-5.90283488e-04  6.21364049e-05]
 [-2.20437444e-03 -2.19987980e-04]]",[],0.0,0.0
1787133581.1971228,1.3461196179314825,-1.9367022802513134,1.3297474167263292,"[1.56835687e-07 1.91117377e-07 0.00000000e+00 0.00000000e+00
 0.00000000e+00 3.30627368e-09 1.91117377e-07 8.33893513e-07
 0.00000000e+00 0.00000000e+00 0.00000000e+00 5.04524349e-08
 0.00000000e+00 0.00000000e+00 0.00000000e+00 0.00000000e+00
 0.00000000e+00 0.00000000e+00 0.00000000e+00 0.00000000e+00
 0.00000000e+00 0.00000000e+00 0.00000000e+00 0.00000000e+00
 0.00000000e+00 0.00000000e+00 0.00000000e+00 0.00000000e+00
 0.00000000e+00 0.00000000e+00 3.30627368e-09 5.04524349e-08
 0.00000000e+00 0.00000000e+00 0.00000000e+00 1.55991468e-06]","[[-5.63627321e-04  6.67699941e-05]
 [-2.13715901e-03 -1.91151770e-04]]",[],0.0,0.0
1787133581.246302,1.3461196179314825,-1.9367022802513134,1.3297474167263292,"[1.56835687e-07 1.91117377e-07 0.00000000e+00 0.00000000e+00
 0.00000000e+00 3.30627368e-09 1.91117377e-07 8.33893513e-07
 0.00000000e+00 0.00000000e+00 0.00000000e+00 5.04524349e-08
 0.00000000e+00 0.00000000e+00 0.00000000e+00 0.00000000e+00
 0.00000000e+00 0.00000000e+00 0.00000000e+00 0.00000000e+00
 0.00000000e+00 0.00000000e+00 0.00000000e+00 0.00000000e+00
 0.00000000e+00 0.00000000e+00 0.00000000e+00 0.00000000e+00
 0.00000000e+00 0.00000000e+00 3.30627368e-09 5.04524349e-08
 0.00000000e+00 0.00000000e+00 0.00000000e+00 1.55991468e-06]","[[-5.63627321e-04  6.67699941e-05]
 [-2.13715901e-03 -1.91151770e-04]]",[],0.0,0.0
1787133581.2961578,1.3461196179314825,-1.9367022802513134,1.3297474167263292,"[1.56835687e-07 1.91117377e-07 0.00000000e+00 0.00000000e+00
 0.00000000e+00 3.30627368e-09 1.91117377e-07 8.33893513e-07
 0.00000000e+00 0.00000000e+00 0.00000000e+00 5.04524349e-08
 0.00000000e+00 0.00000000e+00 0.00000000e+00 0.00000000e+00
 0.00000000e+00 0.00000000e+00 0.00000000e+00 0.00000000e+00
 0.00000000e+00 0.00000000e+00 0.00000000e+00 0.00000000e+00
 0.00000000e+00 0.00000000e+00 0.00000000e+00 0.00000000e+00
 0.00000000e+00 0.00000000e+00 3.30627368e-09 5.04524349e-08
 0.00000000e+00 0.00000000e+00 0.00000000e+00 1.55991468e-06]","[[-5.63627321e-04  6.67699941e-05]
 [-2.13715901e-03 -1.91151770e-04]]",[],0.0,0.0
1787133581.348768,1.3461196179314825,-1.9367022802513134,1.3297474167263292,"[1.56835687e-07 1.91117377e-07 0.00000000e+00 0.00000000e+00
 0.00000000e+00 3.30627368e-09 1.91117377e-07 8.33893513e-07
 0.00000000e+00 0.00000000e+00 0.00000000e+00 5.04524349e-08
 0.00000000e+00 0.00000000e+00 0.00000000e+00 0.00000000e+00
 0.00000000e+00 0.00000000e+00 0.00000000e+00 0.00000000e+00
 0.00000000e+00 0.00000000e+00 0.00000000e+00 0.00000000e+00
 0.00000000e+00 0.00000000e+00 0.00000000e+00 0.00000000e+00
 0.00000000e+00 0.00000000e+00 3.30627368e-09 5.04524349e-08
 0.00000000e+00 0.00000000e+00 0.00000000e+00 1.55991468e-06]","[[-5.63627321e-04  6.67699941e-05]
 [-2.13715901e-03 -1.91151770e-04]]",[],0.0,0.0
1787133581.4239957,1.3461196179314825,-1.9367022802513134,1.3297474167263292,"[1.56835687e-07 1.91117377e-07 0.00000000e+00 0.00000000e+00
 0.00000000e+00 3.30627368e-09 1.91117377e-07 8.33893513e-07
 0.00000000e+00 0.00000000e+00 0.00000000e+00 5.04524349e-08
 0.00000000e+00 0.00000000e+00 0.00000000e+00 0.00000000e+00
 0.00000000e+00 0.00000000e+00 0.00000000e+00 0.00000000e+00
 0.00000000e+00 0.00000000e+00 0.00000000e+00 0.00000000e+00
 0.00000000e+00 0.00000000e+00 0.00000000e+00 0.00000000e+00
 0.00000000e+00 0.00000000e+00 3.30627368e-09 5.04524349e-08
 0.00000000e+00 0.00000000e+00 0.00000000e+00 1.55991468e-06]","[[-5.63627321e-04  6.67699941e-05]
 [-2.13715901e-03 -1.91151770e-04]]",[],0.0,0.0
1787133581.4662213,1.3461196179314825,-1.9367022802513134,1.3297474167263292,"[1.56835687e-07 1.91117377e-07 0.00000000e+00 0.00000000e+00
 0.00000000e+00 3.30627368e-09 1.91117377e-07 8.33893513e-07
 0.00000000e+00 0.00000000e+00 0.00000000e+00 5.04524349e-08
 0.00000000e+00 0.00000000e+00 0.00000000e+00 0.00000000e+00
 0.00000000e+00 0.00000000e+00 0.00000000e+00 0.00000000e+00
 0.00000000e+00 0.00000000e+00 0.00000000e+00 0.00000000e+00
 0.00000000e+00 0.00000000e+00 0.00000000e+00 0.00000000e+00
 0.00000000e+00 0.00000000e+00 3.30627368e-09 5.04524349e-08
 0.00000000e+00 0.00000000e+00 0.00000000e+00 1.55991468e-06]","[[-5.63627321e-04  6.67699941e-05]
 [-2.13715901e-03 -1.91151770e-04]]",[],0.0,0.0
1787133581.5456226,1.3461196179314825,-1.9367022802513134,1.3297474167263292,"[1.56835687e-07 1.91117377e-07 0.00000000e+00 0.00000000e+00
 0.00000000e+00 3.30627368e-09 1.91117377e-07 8.33893513e-07
 0.00000000e+00 0.00000000e+00 0.00000000e+00 5.04524349e-08
 0.00000000e+00 0.00000000e+00 0.00000000e+00 0.00000000e+00
 0.00000000e+00 0.00000000e+00 0.00000000e+00 0.00000000e+00
 0.00000000e+00 0.00000000e+00 0.00000000e+00 0.00000000e+00
 0.00000000e+00 0.00000000e+00 0.00000000e+00 0.00000000e+00
 0.00000000e+00 0.00000000e+00 3.30627368e-09 5.04524349e-08
 0.00000000e+00 0.00000000e+00 0.00000000e+00 1.55991468e-06]","[[-5.63627321e-04  6.67699941e-05]
 [-2.13715901e-03 -1.91151770e-04]]",[],0.0,0.0
1787133581.5465386,1.3461196179314825,-1.9367022802513134,1.3297474167263292,"[1.56835687e-07 1.91117377e-07 0.00000000e+00 0.00000000e+00
 0.00000000e+00 3.30627368e-09 1.91117377e-07 8.33893513e-07
 0.00000000e+00 0.00000000e+00 0.00000000e+00 5.04524349e-08
 0.00000000e+00 0.00000000e+00 0.00000000e+00 0.00000000e+00
 0.00000000e+00 0.00000000e+00 0.00000000e+00 0.00000000e+00
 0.00000000e+00 0.00000000e+00 0.00000000e+00 0.00000000e+00
 0.00000000e+00 0.00000000e+00 0.00000000e+00 0.00000000e+00
 0.00000000e+00 0.00000000e+00 3.30627368e-09 5.04524349e-08
 0.00000000e+00 0.00000000e+00 0.00000000e+00 1.55991468e-06]","[[-5.63627321e-04  6.67699941e-05]
 [-2.13715901e-03 -1.91151770e-04]]",[],0.0,0.0
1787133581.6248949,1.3461196179314825,-1.9367022802513134,1.3297474167263292,"[1.56835687e-07 1.91117377e-07 0.00000000e+00 0.00000000e+00
 0.00000000e+00 3.30627368e-09 1.91117377e-07 8.33893513e-07
 0.00000000e+00 0.00000000e+00 0.00000000e+00 5.04524349e-08
 0.00000000e+00 0.00000000e+00 0.00000000e+00 0.00000000e+00
 0.00000000e+00 0.00000000e+00 0.00000000e+00 0.00000000e+00
 0.00000000e+00 0.00000000e+00 0.00000000e+00 0.00000000e+00
 0.00000000e+00 0.00000000e+00 0.00000000e+00 0.00000000e+00
 0.00000000e+00 0.00000000e+00 3.30627368e-09 5.04524349e-08
 0.00000000e+00 0.00000000e+00 0.00000000e+00 1.55991468e-06]","[[-5.63627321e-04  6.67699941e-05]
 [-2.13715901e-03 -1.91151770e-04]]",[],0.0,0.0
1787133581.6600945,1.3461196179314825,-1.9367022802513134,1.3297474167263292,"[1.56835687e-07 1.91117377e-07 0.00000000e+00 0.00000000e+00
 0.00000000e+00 3.30627368e-09 1.91117377e-07 8.33893513e-07
 0.00000000e+00 0.00000000e+00 0.00000000e+00 5.04524349e-08
 0.00000000e+00 0.00000000e+00 0.00000000e+00 0.00000000e+00
 0.00000000e+00 0.00000000e+00 0.00000000e+00 0.00000000e+00
 0.00000000e+00 0.00000000e+00 0.00000000e+00 0.00000000e+00
 0.00000000e+00 0.00000000e+00 0.00000000e+00 0.00000000e+00
 0.00000000e+00 0.00000000e+00 3.30627368e-09 5.04524349e-08
 0.00000000e+00 0.00000000e+00 0.00000000e+00 1.55991468e-06]","[[-5.63627321e-04  6.67699941e-05]
 [-2.13715901e-03 -1.91151770e-04]]",[],0.0,0.0
1787133581.7000551,1.3461196179314825,-1.9367022802513134,1.3297474167263292,"[1.56835687e-07 1.91117377e-07 0.00000000e+00 0.00000000e+00
 0.00000000e+00 3.30627368e-09 1.91117377e-07 8.33893513e-07
 0.00000000e+00 0.00000000e+00 0.00000000e+00 5.04524349e-08
 0.00000000e+00 0.00000000e+00 0.00000000e+00 0.00000000e+00
 0.00000000e+00 0.00000000e+00 0.00000000e+00 0.00000000e+00
 0.00000000e+00 0.00000000e+00 0.00000000e+00 0.00000000e+00
 0.00000000e+00 0.00000000e+00 0.00000000e+00 0.00000000e+00
 0.00000000e+00 0.00000000e+00 3.30627368e-09 5.04524349e-08
 0.00000000e+00 0.00000000e+00 0.00000000e+00 1.55991468e-06]","[[-5.63627321e-04  6.67699941e-05]
 [-2.13715901e-03 -1.91151770e-04]]",[],0.0,0.0
1787133581.7672038,1.3461196179314825,-1.9367022802513134,1.3297474167263292,"[1.56835687e-07 1.91117377e-07 0.00000000e+00 0.00000000e+00
 0.00000000e+00 3.30627368e-09 1.91117377e-07 8.33893513e-07
 0.00000000e+00 0.00000000e+00 0.00000000e+00 5.04524349e-08
 0.00000000e+00 0.00000000e+00 0.00000000e+00 0.00000000e+00
 0.00000000e+00 0.00000000e+00 0.00000000e+00 0.00000000e+00
 0.00000000e+00 0.00000000e+00 0.00000000e+00 0.00000000e+00
 0.00000000e+00 0.00000000e+00 0.00000000e+00 0.00000000e+00
 0.00000000e+00 0.00000000e+00 3.30627368e-09 5.04524349e-08
 0.00000000e+00 0.00000000e+00 0.00000000e+00 1.55991468e-06]","[[-5.63627321e-04  6.67699941e-05]
 [-2.13715901e-03 -1.91151770e-04]]",[],0.0,0.0
1787133581.842458,1.3461196179314825,-1.9367022802513134,1.3297474167263292,"[1.56835687e-07 1.91117377e-07 0.00000000e+00 0.00000000e+00
 0.00000000e+00 3.30627368e-09 1.91117377e-07 8.33893513e-07
 0.00000000e+00 0.00000000e+00 0.00000000e+00 5.04524349e-08
 0.00000000e+00 0.00000000e+00 0.00000000e+00 0.00000000e+00
 0.00000000e+00 0.00000000e+00 0.00000000e+00 0.00000000e+00
 0.00000000e+00 0.00000000e+00 0.00000000e+00 0.00000000e+00
 0.00000000e+00 0.00000000e+00 0.00000000e+00 0.00000000e+00
 0.00000000e+00 0.00000000e+00 3.30627368e-09 5.04524349e-08
 0.00000000e+00 0.00000000e+00 0.00000000e+00 1.55991468e-06]","[[-5.63627321e-04  6.67699941e-05]
 [-2.13715901e-03 -1.91151770e-04]]",[],0.0,0.0
1787133581.8533206,1.3461196179314825,-1.9367022802513134,1.3297474167263292,"[1.56835687e-07 1.91117377e-07 0.00000000e+00 0.00000000e+00
 0.00000000e+00 3.30627368e-09 1.91117377e-07 8.33893513e-07
 0.00000000e+00 0.00000000e+00 0.00000000e+00 5.04524349e-08
 0.00000000e+00 0.00000000e+00 0.00000000e+00 0.00000000e+00
 0.00000000e+00 0.00000000e+00 0.00000000e+00 0.00000000e+00
 0.00000000e+00 0.00000000e+00 0.00000000e+00 0.00000000e+00
 0.00000000e+00 0.00000000e+00 0.00000000e+00 0.00000000e+00
 0.00000000e+00 0.00000000e+00 3.30627368e-09 5.04524349e-08
 0.00000000e+00 0.00000000e+00 0.00000000e+00 1.55991468e-06]","[[-5.63627321e-04  6.67699941e-05]
 [-2.13715901e-03 -1.91151770e-04]]",[],0.0,0.0
1787133581.9061697,1.3461196179314825,-1.9367022802513134,1.3297474167263292,"[1.56835687e-07 1.91117377e-07 0.00000000e+00 0.00000000e+00
 0.00000000e+00 3.30627368e-09 1.91117377e-07 8.33893513e-07
 0.00000000e+00 0.00000000e+00 0.00000000e+00 5.04524349e-08
 0.00000000e+00 0.00000000e+00 0.00000000e+00 0.00000000e+00
 0.00000000e+00 0.00000000e+00 0.00000000e+00 0.00000000e+00
 0.00000000e+00 0.00000000e+00 0.00000000e+00 0.00000000e+00
 0.00000000e+00 0.00000000e+00 0.00000000e+00 0.00000000e+00
 0.00000000e+00 0.00000000e+00 3.30627368e-09 5.04524349e-08
 0.00000000e+00 0.00000000e+00 0.00000000e+00 1.55991468e-06]","[[-5.63627321e-04  6.67699941e-05]
 [-2.13715901e-03 -1.91151770e-04]]",[],0.0,0.0
1787133581.959452,1.3461196179314825,-1.9367022802513134,1.3297474167263292,"[1.56835687e-07 1.91117377e-07 0.00000000e+00 0.00000000e+00
 0.00000000e+00 3.30627368e-09 1.91117377e-07 8.33893513e-07
 0.00000000e+00 0.00000000e+00 0.00000000e+00 5.04524349e-08
 0.00000000e+00 0.00000000e+00 0.00000000e+00 0.00000000e+00
 0.00000000e+00 0.00000000e+00 0.00000000e+00 0.00000000e+00
 0.00000000e+00 0.00000000e+00 0.00000000e+00 0.00000000e+00
 0.00000000e+00 0.00000000e+00 0.00000000e+00 0.00000000e+00
 0.00000000e+00 0.00000000e+00 3.30627368e-09 5.04524349e-08
 0.00000000e+00 0.00000000e+00 0.00000000e+00 1.55991468e-06]","[[-5.63627321e-04  6.67699941e-05]
 [-2.13715901e-03 -1.91151770e-04]]",[],0.0,0.0
1787133582.0196736,1.3461196179314825,-1.9367022802513134,1.3297474167263292,"[1.56835687e-07 1.91117377e-07 0.00000000e+00 0.00000000e+00
 0.00000000e+00 3.30627368e-09 1.91117377e-07 8.33893513e-07
 0.00000000e+00 0.00000000e+00 0.00000000e+00 5.04524349e-08
 0.00000000e+00 0.00000000e+00 0.00000000e+00 0.00000000e+00
 0.00000000e+00 0.00000000e+00 0.00000000e+00 0.00000000e+00
 0.00000000e+00 0.00000000e+00 0.00000000e+00 0.00000000e+00
 0.00000000e+00 0.00000000e+00 0.00000000e+00 0.00000000e+00
 0.00000000e+00 0.00000000e+00 3.30627368e-09 5.04524349e-08
 0.00000000e+00 0.00000000e+00 0.00000000e+00 1.55991468e-06]","[[-5.63627321e-04  6.67699941e-05]
 [-2.13715901e-03 -1.91151770e-04]]",[],0.0,0.0
1787133582.0554616,1.3440177143451242,-1.9415768221994791,1.3299530651183948,"[1.51639224e-07 1.85947255e-07 0.00000000e+00 0.00000000e+00
 0.00000000e+00 4.81142752e-09 1.85947255e-07 8.20210729e-07
 0.00000000e+00 0.00000000e+00 0.00000000e+00 5.26751861e-08
 0.00000000e+00 0.00000000e+00 0.00000000e+00 0.00000000e+00
 0.00000000e+00 0.00000000e+00 0.00000000e+00 0.00000000e+00
 0.00000000e+00 0.00000000e+00 0.00000000e+00 0.00000000e+00
 0.00000000e+00 0.00000000e+00 0.00000000e+00 0.00000000e+00
 0.00000000e+00 0.00000000e+00 4.81142752e-09 5.26751861e-08
 0.00000000e+00 0.00000000e+00 0.00000000e+00 1.52515163e-06]","[[-5.52417167e-04  5.57351844e-05]
 [-2.09867085e-03 -2.12048596e-04]]",[],0.0,0.0
1787133582.750276,1.3440177143451242,-1.9415768221994791,1.3299530651183948,"[1.51639224e-07 1.85947255e-07 0.00000000e+00 0.00000000e+00
 0.00000000e+00 4.81142752e-09 1.85947255e-07 8.20210729e-07
 0.00000000e+00 0.00000000e+00 0.00000000e+00 5.26751861e-08
 0.00000000e+00 0.00000000e+00 0.00000000e+00 0.00000000e+00
 0.00000000e+00 0.00000000e+00 0.00000000e+00 0.00000000e+00
 0.00000000e+00 0.00000000e+00 0.00000000e+00 0.00000000e+00
 0.00000000e+00 0.00000000e+00 0.00000000e+00 0.00000000e+00
 0.00000000e+00 0.00000000e+00 4.81142752e-09 5.26751861e-08
 0.00000000e+00 0.00000000e+00 0.00000000e+00 1.52515163e-06]","[[-5.52417167e-04  5.57351844e-05]
 [-2.09867085e-03 -2.12048596e-04]]",[],0.0,0.0
1787133582.806385,1.3419370064395204,-1.9467907670536448,1.334000039415482,"[1.45716931e-07 1.76204753e-07 0.00000000e+00 0.00000000e+00
 0.00000000e+00 4.47021911e-09 1.76204753e-07 7.86058701e-07
 0.00000000e+00 0.00000000e+00 0.00000000e+00 5.31302287e-08
 0.00000000e+00 0.00000000e+00 0.00000000e+00 0.00000000e+00
 0.00000000e+00 0.00000000e+00 0.00000000e+00 0.00000000e+00
 0.00000000e+00 0.00000000e+00 0.00000000e+00 0.00000000e+00
 0.00000000e+00 0.00000000e+00 0.00000000e+00 0.00000000e+00
 0.00000000e+00 0.00000000e+00 4.47021911e-09 5.31302287e-08
 0.00000000e+00 0.00000000e+00 0.00000000e+00 1.53816512e-06]","[[-5.20430090e-04  5.77976510e-05]
 [-2.01196631e-03 -2.01571536e-04]]",[],0.0,0.0
1787133582.8503232,1.3419370064395204,-1.9467907670536448,1.334000039415482,"[1.45716931e-07 1.76204753e-07 0.00000000e+00 0.00000000e+00
 0.00000000e+00 4.47021911e-09 1.76204753e-07 7.86058701e-07
 0.00000000e+00 0.00000000e+00 0.00000000e+00 5.31302287e-08
 0.00000000e+00 0.00000000e+00 0.00000000e+00 0.00000000e+00
 0.00000000e+00 0.00000000e+00 0.00000000e+00 0.00000000e+00
 0.00000000e+00 0.00000000e+00 0.00000000e+00 0.00000000e+00
 0.00000000e+00 0.00000000e+00 0.00000000e+00 0.00000000e+00
 0.00000000e+00 0.00000000e+00 4.47021911e-09 5.31302287e-08
 0.00000000e+00 0.00000000e+00 0.00000000e+00 1.53816512e-06]","[[-5.20430090e-04  5.77976510e-05]
 [-2.01196631e-03 -2.01571536e-04]]",[],0.0,0.0
1787133582.8998263,1.3419370064395204,-1.9467907670536448,1.334000039415482,"[1.45716931e-07 1.76204753e-07 0.00000000e+00 0.00000000e+00
 0.00000000e+00 4.47021911e-09 1.76204753e-07 7.86058701e-07
 0.00000000e+00 0.00000000e+00 0.00000000e+00 5.31302287e-08
 0.00000000e+00 0.00000000e+00 0.00000000e+00 0.00000000e+00
 0.00000000e+00 0.00000000e+00 0.00000000e+00 0.00000000e+00
 0.00000000e+00 0.00000000e+00 0.00000000e+00 0.00000000e+00
 0.00000000e+00 0.00000000e+00 0.00000000e+00 0.00000000e+00
 0.00000000e+00 0.00000000e+00 4.47021911e-09 5.31302287e-08
 0.00000000e+00 0.00000000e+00 0.00000000e+00 1.53816512e-06]","[[-5.20430090e-04  5.77976510e-05]
 [-2.01196631e-03 -2.01571536e-04]]",[],0.0,0.0
1787133582.95456,1.3419370064395204,-1.9467907670536448,1.334000039415482,"[1.45716931e-07 1.76204753e-07 0.00000000e+00 0.00000000e+00
 0.00000000e+00 4.47021911e-09 1.76204753e-07 7.86058701e-07
 0.00000000e+00 0.00000000e+00 0.00000000e+00 5.31302287e-08
 0.00000000e+00 0.00000000e+00 0.00000000e+00 0.00000000e+00
 0.00000000e+00 0.00000000e+00 0.00000000e+00 0.00000000e+00
 0.00000000e+00 0.00000000e+00 0.00000000e+00 0.00000000e+00
 0.00000000e+00 0.00000000e+00 0.00000000e+00 0.00000000e+00
 0.00000000e+00 0.00000000e+00 4.47021911e-09 5.31302287e-08
 0.00000000e+00 0.00000000e+00 0.00000000e+00 1.53816512e-06]","[[-5.20430090e-04  5.77976510e-05]
 [-2.01196631e-03 -2.01571536e-04]]",[],0.0,0.0
1787133583.36548,1.3419370064395204,-1.9467907670536448,1.334000039415482,"[1.45716931e-07 1.76204753e-07 0.00000000e+00 0.00000000e+00
 0.00000000e+00 4.47021911e-09 1.76204753e-07 7.86058701e-07
 0.00000000e+00 0.00000000e+00 0.00000000e+00 5.31302287e-08
 0.00000000e+00 0.00000000e+00 0.00000000e+00 0.00000000e+00
 0.00000000e+00 0.00000000e+00 0.00000000e+00 0.00000000e+00
 0.00000000e+00 0.00000000e+00 0.00000000e+00 0.00000000e+00
 0.00000000e+00 0.00000000e+00 0.00000000e+00 0.00000000e+00
 0.00000000e+00 0.00000000e+00 4.47021911e-09 5.31302287e-08
 0.00000000e+00 0.00000000e+00 0.00000000e+00 1.53816512e-06]","[[-5.20430090e-04  5.77976510e-05]
 [-2.01196631e-03 -2.01571536e-04]]",[],0.0,0.0
1787133583.4154122,1.3419370064395204,-1.9467907670536448,1.334000039415482,"[1.45716931e-07 1.76204753e-07 0.00000000e+00 0.00000000e+00
 0.00000000e+00 4.47021911e-09 1.76204753e-07 7.86058701e-07
 0.00000000e+00 0.00000000e+00 0.00000000e+00 5.31302287e-08
 0.00000000e+00 0.00000000e+00 0.00000000e+00 0.00000000e+00
 0.00000000e+00 0.00000000e+00 0.00000000e+00 0.00000000e+00
 0.00000000e+00 0.00000000e+00 0.00000000e+00 0.00000000e+00
 0.00000000e+00 0.00000000e+00 0.00000000e+00 0.00000000e+00
 0.00000000e+00 0.00000000e+00 4.47021911e-09 5.31302287e-08
 0.00000000e+00 0.00000000e+00 0.00000000e+00 1.53816512e-06]","[[-5.20430090e-04  5.77976510e-05]
 [-2.01196631e-03 -2.01571536e-04]]",[],0.0,0.0
1787133583.4495027,1.3419370064395204,-1.9467907670536448,1.334000039415482,"[1.45716931e-07 1.76204753e-07 0.00000000e+00 0.00000000e+00
 0.00000000e+00 4.47021911e-09 1.76204753e-07 7.86058701e-07
 0.00000000e+00 0.00000000e+00 0.00000000e+00 5.31302287e-08
 0.00000000e+00 0.00000000e+00 0.00000000e+00 0.00000000e+00
 0.00000000e+00 0.00000000e+00 0.00000000e+00 0.00000000e+00
 0.00000000e+00 0.00000000e+00 0.00000000e+00 0.00000000e+00
 0.00000000e+00 0.00000000e+00 0.00000000e+00 0.00000000e+00
 0.00000000e+00 0.00000000e+00 4.47021911e-09 5.31302287e-08
 0.00000000e+00 0.00000000e+00 0.00000000e+00 1.53816512e-06]","[[-5.20430090e-04  5.77976510e-05]
 [-2.01196631e-03 -2.01571536e-04]]",[],0.0,0.0
1787133583.5178494,1.3419370064395204,-1.9467907670536448,1.334000039415482,"[1.45716931e-07 1.76204753e-07 0.00000000e+00 0.00000000e+00
 0.00000000e+00 4.47021911e-09 1.76204753e-07 7.86058701e-07
 0.00000000e+00 0.00000000e+00 0.00000000e+00 5.31302287e-08
 0.00000000e+00 0.00000000e+00 0.00000000e+00 0.00000000e+00
 0.00000000e+00 0.00000000e+00 0.00000000e+00 0.00000000e+00
 0.00000000e+00 0.00000000e+00 0.00000000e+00 0.00000000e+00
 0.00000000e+00 0.00000000e+00 0.00000000e+00 0.00000000e+00
 0.00000000e+00 0.00000000e+00 4.47021911e-09 5.31302287e-08
 0.00000000e+00 0.00000000e+00 0.00000000e+00 1.53816512e-06]","[[-5.20430090e-04  5.77976510e-05]
 [-2.01196631e-03 -2.01571536e-04]]",[],0.0,0.0
1787133583.5504463,1.3419370064395204,-1.9467907670536448,1.334000039415482,"[1.45716931e-07 1.76204753e-07 0.00000000e+00 0.00000000e+00
 0.00000000e+00 4.47021911e-09 1.76204753e-07 7.86058701e-07
 0.00000000e+00 0.00000000e+00 0.00000000e+00 5.31302287e-08
 0.00000000e+00 0.00000000e+00 0.00000000e+00 0.00000000e+00
 0.00000000e+00 0.00000000e+00 0.00000000e+00 0.00000000e+00
 0.00000000e+00 0.00000000e+00 0.00000000e+00 0.00000000e+00
 0.00000000e+00 0.00000000e+00 0.00000000e+00 0.00000000e+00
 0.00000000e+00 0.00000000e+00 4.47021911e-09 5.31302287e-08
 0.00000000e+00 0.00000000e+00 0.00000000e+00 1.53816512e-06]","[[-5.20430090e-04  5.77976510e-05]
 [-2.01196631e-03 -2.01571536e-04]]",[],0.0,0.0
1787133584.2110908,1.3402475206548676,-1.9509469560743988,1.334624032558989,"[1.42055962e-07 1.75102521e-07 0.00000000e+00 0.00000000e+00
 0.00000000e+00 2.88794422e-09 1.75102521e-07 7.88818328e-07
 0.00000000e+00 0.00000000e+00 0.00000000e+00 5.51212312e-08
 0.00000000e+00 0.00000000e+00 0.00000000e+00 0.00000000e+00
 0.00000000e+00 0.00000000e+00 0.00000000e+00 0.00000000e+00
 0.00000000e+00 0.00000000e+00 0.00000000e+00 0.00000000e+00
 0.00000000e+00 0.00000000e+00 0.00000000e+00 0.00000000e+00
 0.00000000e+00 0.00000000e+00 2.88794422e-09 5.51212312e-08
 0.00000000e+00 0.00000000e+00 0.00000000e+00 1.59007139e-06]","[[-5.17709630e-04  5.86724555e-05]
 [-2.01683598e-03 -2.15764899e-04]]",[],0.0,0.0
1787133584.2581823,1.3402475206548676,-1.9509469560743988,1.334624032558989,"[1.42055962e-07 1.75102521e-07 0.00000000e+00 0.00000000e+00
 0.00000000e+00 2.88794422e-09 1.75102521e-07 7.88818328e-07
 0.00000000e+00 0.00000000e+00 0.00000000e+00 5.51212312e-08
 0.00000000e+00 0.00000000e+00 0.00000000e+00 0.00000000e+00
 0.00000000e+00 0.00000000e+00 0.00000000e+00 0.00000000e+00
 0.00000000e+00 0.00000000e+00 0.00000000e+00 0.00000000e+00
 0.00000000e+00 0.00000000e+00 0.00000000e+00 0.00000000e+00
 0.00000000e+00 0.00000000e+00 2.88794422e-09 5.51212312e-08
 0.00000000e+00 0.00000000e+00 0.00000000e+00 1.59007139e-06]","[[-5.17709630e-04  5.86724555e-05]
 [-2.01683598e-03 -2.15764899e-04]]",[],0.0,0.0
1787133584.2965941,1.3402475206548676,-1.9509469560743988,1.334624032558989,"[1.42055962e-07 1.75102521e-07 0.00000000e+00 0.00000000e+00
 0.00000000e+00 2.88794422e-09 1.75102521e-07 7.88818328e-07
 0.00000000e+00 0.00000000e+00 0.00000000e+00 5.51212312e-08
 0.00000000e+00 0.00000000e+00 0.00000000e+00 0.00000000e+00
 0.00000000e+00 0.00000000e+00 0.00000000e+00 0.00000000e+00
 0.00000000e+00 0.00000000e+00 0.00000000e+00 0.00000000e+00
 0.00000000e+00 0.00000000e+00 0.00000000e+00 0.00000000e+00
 0.00000000e+00 0.00000000e+00 2.88794422e-09 5.51212312e-08
 0.00000000e+00 0.00000000e+00 0.00000000e+00 1.59007139e-06]","[[-5.17709630e-04  5.86724555e-05]
 [-2.01683598e-03 -2.15764899e-04]]",[],0.0,0.0
1787133584.3509839,1.3388127888592176,-1.954172437837231,1.3426472453480083,"[1.37235687e-07 1.68367704e-07 0.00000000e+00 0.00000000e+00
 0.00000000e+00 4.13094581e-09 1.68367704e-07 7.66890391e-07
 0.00000000e+00 0.00000000e+00 0.00000000e+00 5.45910040e-08
 0.00000000e+00 0.00000000e+00 0.00000000e+00 0.00000000e+00
 0.00000000e+00 0.00000000e+00 0.00000000e+00 0.00000000e+00
 0.00000000e+00 0.00000000e+00 0.00000000e+00 0.00000000e+00
 0.00000000e+00 0.00000000e+00 0.00000000e+00 0.00000000e+00
 0.00000000e+00 0.00000000e+00 4.13094581e-09 5.45910040e-08
 0.00000000e+00 0.00000000e+00 0.00000000e+00 1.52231545e-06]","[[-4.93283070e-04  5.60494476e-05]
 [-1.96158930e-03 -2.01107316e-04]]",[],0.0,0.0
1787133584.4051044,1.3388127888592176,-1.954172437837231,1.3426472453480083,"[1.37235687e-07 1.68367704e-07 0.00000000e+00 0.00000000e+00
 0.00000000e+00 4.13094581e-09 1.68367704e-07 7.66890391e-07
 0.00000000e+00 0.00000000e+00 0.00000000e+00 5.45910040e-08
 0.00000000e+00 0.00000000e+00 0.00000000e+00 0.00000000e+00
 0.00000000e+00 0.00000000e+00 0.00000000e+00 0.00000000e+00
 0.00000000e+00 0.00000000e+00 0.00000000e+00 0.00000000e+00
 0.00000000e+00 0.00000000e+00 0.00000000e+00 0.00000000e+00
 0.00000000e+00 0.00000000e+00 4.13094581e-09 5.45910040e-08
 0.00000000e+00 0.00000000e+00 0.00000000e+00 1.52231545e-06]","[[-4.93283070e-04  5.60494476e-05]
 [-1.96158930e-03 -2.01107316e-04]]",[],0.0,0.0
1787133584.4980772,1.3388127888592176,-1.954172437837231,1.3426472453480083,"[1.37235687e-07 1.68367704e-07 0.00000000e+00 0.00000000e+00
 0.00000000e+00 4.13094581e-09 1.68367704e-07 7.66890391e-07
 0.00000000e+00 0.00000000e+00 0.00000000e+00 5.45910040e-08
 0.00000000e+00 0.00000000e+00 0.00000000e+00 0.00000000e+00
 0.00000000e+00 0.00000000e+00 0.00000000e+00 0.00000000e+00
 0.00000000e+00 0.00000000e+00 0.00000000e+00 0.00000000e+00
 0.00000000e+00 0.00000000e+00 0.00000000e+00 0.00000000e+00
 0.00000000e+00 0.00000000e+00 4.13094581e-09 5.45910040e-08
 0.00000000e+00 0.00000000e+00 0.00000000e+00 1.52231545e-06]","[[-4.93283070e-04  5.60494476e-05]
 [-1.96158930e-03 -2.01107316e-04]]",[],0.0,0.0
1787133584.5485256,1.3388127888592176,-1.954172437837231,1.3426472453480083,"[1.37235687e-07 1.68367704e-07 0.00000000e+00 0.00000000e+00
 0.00000000e+00 4.13094581e-09 1.68367704e-07 7.66890391e-07
 0.00000000e+00 0.00000000e+00 0.00000000e+00 5.45910040e-08
 0.00000000e+00 0.00000000e+00 0.00000000e+00 0.00000000e+00
 0.00000000e+00 0.00000000e+00 0.00000000e+00 0.00000000e+00
 0.00000000e+00 0.00000000e+00 0.00000000e+00 0.00000000e+00
 0.00000000e+00 0.00000000e+00 0.00000000e+00 0.00000000e+00
 0.00000000e+00 0.00000000e+00 4.13094581e-09 5.45910040e-08
 0.00000000e+00 0.00000000e+00 0.00000000e+00 1.52231545e-06]","[[-4.93283070e-04  5.60494476e-05]
 [-1.96158930e-03 -2.01107316e-04]]",[],0.0,0.0
1787133584.5960243,1.3388127888592176,-1.954172437837231,1.3426472453480083,"[1.37235687e-07 1.68367704e-07 0.00000000e+00 0.00000000e+00
 0.00000000e+00 4.13094581e-09 1.68367704e-07 7.66890391e-07
 0.00000000e+00 0.00000000e+00 0.00000000e+00 5.45910040e-08
 0.00000000e+00 0.00000000e+00 0.00000000e+00 0.00000000e+00
 0.00000000e+00 0.00000000e+00 0.00000000e+00 0.00000000e+00
 0.00000000e+00 0.00000000e+00 0.00000000e+00 0.00000000e+00
 0.00000000e+00 0.00000000e+00 0.00000000e+00 0.00000000e+00
 0.00000000e+00 0.00000000e+00 4.13094581e-09 5.45910040e-08
 0.00000000e+00 0.00000000e+00 0.00000000e+00 1.52231545e-06]","[[-4.93283070e-04  5.60494476e-05]
 [-1.96158930e-03 -2.01107316e-04]]",[],0.0,0.0
1787133584.6502628,1.3388127888592176,-1.954172437837231,1.3426472453480083,"[1.37235687e-07 1.68367704e-07 0.00000000e+00 0.00000000e+00
 0.00000000e+00 4.13094581e-09 1.68367704e-07 7.66890391e-07
 0.00000000e+00 0.00000000e+00 0.00000000e+00 5.45910040e-08
 0.00000000e+00 0.00000000e+00 0.00000000e+00 0.00000000e+00
 0.00000000e+00 0.00000000e+00 0.00000000e+00 0.00000000e+00
 0.00000000e+00 0.00000000e+00 0.00000000e+00 0.00000000e+00
 0.00000000e+00 0.00000000e+00 0.00000000e+00 0.00000000e+00
 0.00000000e+00 0.00000000e+00 4.13094581e-09 5.45910040e-08
 0.00000000e+00 0.00000000e+00 0.00000000e+00 1.52231545e-06]","[[-4.93283070e-04  5.60494476e-05]
 [-1.96158930e-03 -2.01107316e-04]]",[],0.0,0.0
1787133584.711513,1.3388127888592176,-1.954172437837231,1.3426472453480083,"[1.37235687e-07 1.68367704e-07 0.00000000e+00 0.00000000e+00
 0.00000000e+00 4.13094581e-09 1.68367704e-07 7.66890391e-07
 0.00000000e+00 0.00000000e+00 0.00000000e+00 5.45910040e-08
 0.00000000e+00 0.00000000e+00 0.00000000e+00 0.00000000e+00
 0.00000000e+00 0.00000000e+00 0.00000000e+00 0.00000000e+00
 0.00000000e+00 0.00000000e+00 0.00000000e+00 0.00000000e+00
 0.00000000e+00 0.00000000e+00 0.00000000e+00 0.00000000e+00
 0.00000000e+00 0.00000000e+00 4.13094581e-09 5.45910040e-08
 0.00000000e+00 0.00000000e+00 0.00000000e+00 1.52231545e-06]","[[-4.93283070e-04  5.60494476e-05]
 [-1.96158930e-03 -2.01107316e-04]]",[],0.0,0.0
1787133584.787202,1.3388127888592176,-1.954172437837231,1.3426472453480083,"[1.37235687e-07 1.68367704e-07 0.00000000e+00 0.00000000e+00
 0.00000000e+00 4.13094581e-09 1.68367704e-07 7.66890391e-07
 0.00000000e+00 0.00000000e+00 0.00000000e+00 5.45910040e-08
 0.00000000e+00 0.00000000e+00 0.00000000e+00 0.00000000e+00
 0.00000000e+00 0.00000000e+00 0.00000000e+00 0.00000000e+00
 0.00000000e+00 0.00000000e+00 0.00000000e+00 0.00000000e+00
 0.00000000e+00 0.00000000e+00 0.00000000e+00 0.00000000e+00
 0.00000000e+00 0.00000000e+00 4.13094581e-09 5.45910040e-08
 0.00000000e+00 0.00000000e+00 0.00000000e+00 1.52231545e-06]","[[-4.93283070e-04  5.60494476e-05]
 [-1.96158930e-03 -2.01107316e-04]]",[],0.0,0.0
1787133584.8377476,1.3388127888592176,-1.954172437837231,1.3426472453480083,"[1.37235687e-07 1.68367704e-07 0.00000000e+00 0.00000000e+00
 0.00000000e+00 4.13094581e-09 1.68367704e-07 7.66890391e-07
 0.00000000e+00 0.00000000e+00 0.00000000e+00 5.45910040e-08
 0.00000000e+00 0.00000000e+00 0.00000000e+00 0.00000000e+00
 0.00000000e+00 0.00000000e+00 0.00000000e+00 0.00000000e+00
 0.00000000e+00 0.00000000e+00 0.00000000e+00 0.00000000e+00
 0.00000000e+00 0.00000000e+00 0.00000000e+00 0.00000000e+00
 0.00000000e+00 0.00000000e+00 4.13094581e-09 5.45910040e-08
 0.00000000e+00 0.00000000e+00 0.00000000e+00 1.52231545e-06]","[[-4.93283070e-04  5.60494476e-05]
 [-1.96158930e-03 -2.01107316e-04]]",[],0.0,0.0
1787133584.935814,1.3388127888592176,-1.954172437837231,1.3426472453480083,"[1.37235687e-07 1.68367704e-07 0.00000000e+00 0.00000000e+00
 0.00000000e+00 4.13094581e-09 1.68367704e-07 7.66890391e-07
 0.00000000e+00 0.00000000e+00 0.00000000e+00 5.45910040e-08
 0.00000000e+00 0.00000000e+00 0.00000000e+00 0.00000000e+00
 0.00000000e+00 0.00000000e+00 0.00000000e+00 0.00000000e+00
 0.00000000e+00 0.00000000e+00 0.00000000e+00 0.00000000e+00
 0.00000000e+00 0.00000000e+00 0.00000000e+00 0.00000000e+00
 0.00000000e+00 0.00000000e+00 4.13094581e-09 5.45910040e-08
 0.00000000e+00 0.00000000e+00 0.00000000e+00 1.52231545e-06]","[[-4.93283070e-04  5.60494476e-05]
 [-1.96158930e-03 -2.01107316e-04]]",[],0.0,0.0
1787133584.959453,1.3388127888592176,-1.954172437837231,1.3426472453480083,"[1.37235687e-07 1.68367704e-07 0.00000000e+00 0.00000000e+00
 0.00000000e+00 4.13094581e-09 1.68367704e-07 7.66890391e-07
 0.00000000e+00 0.00000000e+00 0.00000000e+00 5.45910040e-08
 0.00000000e+00 0.00000000e+00 0.00000000e+00 0.00000000e+00
 0.00000000e+00 0.00000000e+00 0.00000000e+00 0.00000000e+00
 0.00000000e+00 0.00000000e+00 0.00000000e+00 0.00000000e+00
 0.00000000e+00 0.00000000e+00 0.00000000e+00 0.00000000e+00
 0.00000000e+00 0.00000000e+00 4.13094581e-09 5.45910040e-08
 0.00000000e+00 0.00000000e+00 0.00000000e+00 1.52231545e-06]","[[-4.93283070e-04  5.60494476e-05]
 [-1.96158930e-03 -2.01107316e-04]]",[],0.0,0.0
1787133585.0019226,1.3388127888592176,-1.954172437837231,1.3426472453480083,"[1.37235687e-07 1.68367704e-07 0.00000000e+00 0.00000000e+00
 0.00000000e+00 4.13094581e-09 1.68367704e-07 7.66890391e-07
 0.00000000e+00 0.00000000e+00 0.00000000e+00 5.45910040e-08
 0.00000000e+00 0.00000000e+00 0.00000000e+00 0.00000000e+00
 0.00000000e+00 0.00000000e+00 0.00000000e+00 0.00000000e+00
 0.00000000e+00 0.00000000e+00 0.00000000e+00 0.00000000e+00
 0.00000000e+00 0.00000000e+00 0.00000000e+00 0.00000000e+00
 0.00000000e+00 0.00000000e+00 4.13094581e-09 5.45910040e-08
 0.00000000e+00 0.00000000e+00 0.00000000e+00 1.52231545e-06]","[[-4.93283070e-04  5.60494476e-05]
 [-1.96158930e-03 -2.01107316e-04]]",[],0.0,0.0
1787133585.148325,1.3388127888592176,-1.954172437837231,1.3426472453480083,"[1.37235687e-07 1.68367704e-07 0.00000000e+00 0.00000000e+00
 0.00000000e+00 4.13094581e-09 1.68367704e-07 7.66890391e-07
 0.00000000e+00 0.00000000e+00 0.00000000e+00 5.45910040e-08
 0.00000000e+00 0.00000000e+00 0.00000000e+00 0.00000000e+00
 0.00000000e+00 0.00000000e+00 0.00000000e+00 0.00000000e+00
 0.00000000e+00 0.00000000e+00 0.00000000e+00 0.00000000e+00
 0.00000000e+00 0.00000000e+00 0.00000000e+00 0.00000000e+00
 0.00000000e+00 0.00000000e+00 4.13094581e-09 5.45910040e-08
 0.00000000e+00 0.00000000e+00 0.00000000e+00 1.52231545e-06]","[[-4.93283070e-04  5.60494476e-05]
 [-1.96158930e-03 -2.01107316e-04]]",[],0.0,0.0
1787133585.238473,1.33728751635949,-1.9577745577026695,1.3489818105474338,"[1.34323424e-07 1.69298477e-07 0.00000000e+00 0.00000000e+00
 0.00000000e+00 3.28647594e-09 1.69298477e-07 7.77909525e-07
 0.00000000e+00 0.00000000e+00 0.00000000e+00 5.28308996e-08
 0.00000000e+00 0.00000000e+00 0.00000000e+00 0.00000000e+00
 0.00000000e+00 0.00000000e+00 0.00000000e+00 0.00000000e+00
 0.00000000e+00 0.00000000e+00 0.00000000e+00 0.00000000e+00
 0.00000000e+00 0.00000000e+00 0.00000000e+00 0.00000000e+00
 0.00000000e+00 0.00000000e+00 3.28647594e-09 5.28308996e-08
 0.00000000e+00 0.00000000e+00 0.00000000e+00 1.51134617e-06]","[[-4.97529678e-04  5.36978867e-05]
 [-1.98718490e-03 -2.07505728e-04]]",[],0.0,0.0
1787133585.2469802,1.33728751635949,-1.9577745577026695,1.3489818105474338,"[1.34323424e-07 1.69298477e-07 0.00000000e+00 0.00000000e+00
 0.00000000e+00 3.28647594e-09 1.69298477e-07 7.77909525e-07
 0.00000000e+00 0.00000000e+00 0.00000000e+00 5.28308996e-08
 0.00000000e+00 0.00000000e+00 0.00000000e+00 0.00000000e+00
 0.00000000e+00 0.00000000e+00 0.00000000e+00 0.00000000e+00
 0.00000000e+00 0.00000000e+00 0.00000000e+00 0.00000000e+00
 0.00000000e+00 0.00000000e+00 0.00000000e+00 0.00000000e+00
 0.00000000e+00 0.00000000e+00 3.28647594e-09 5.28308996e-08
 0.00000000e+00 0.00000000e+00 0.00000000e+00 1.51134617e-06]","[[-4.97529678e-04  5.36978867e-05]
 [-1.98718490e-03 -2.07505728e-04]]",[],0.0,0.0
1787133585.2963936,1.33728751635949,-1.9577745577026695,1.3489818105474338,"[1.34323424e-07 1.69298477e-07 0.00000000e+00 0.00000000e+00
 0.00000000e+00 3.28647594e-09 1.69298477e-07 7.77909525e-07
 0.00000000e+00 0.00000000e+00 0.00000000e+00 5.28308996e-08
 0.00000000e+00 0.00000000e+00 0.00000000e+00 0.00000000e+00
 0.00000000e+00 0.00000000e+00 0.00000000e+00 0.00000000e+00
 0.00000000e+00 0.00000000e+00 0.00000000e+00 0.00000000e+00
 0.00000000e+00 0.00000000e+00 0.00000000e+00 0.00000000e+00
 0.00000000e+00 0.00000000e+00 3.28647594e-09 5.28308996e-08
 0.00000000e+00 0.00000000e+00 0.00000000e+00 1.51134617e-06]","[[-4.97529678e-04  5.36978867e-05]
 [-1.98718490e-03 -2.07505728e-04]]",[],0.0,0.0
1787133585.3796318,1.33728751635949,-1.9577745577026695,1.3489818105474338,"[1.34323424e-07 1.69298477e-07 0.00000000e+00 0.00000000e+00
 0.00000000e+00 3.28647594e-09 1.69298477e-07 7.77909525e-07
 0.00000000e+00 0.00000000e+00 0.00000000e+00 5.28308996e-08
 0.00000000e+00 0.00000000e+00 0.00000000e+00 0.00000000e+00
 0.00000000e+00 0.00000000e+00 0.00000000e+00 0.00000000e+00
 0.00000000e+00 0.00000000e+00 0.00000000e+00 0.00000000e+00
 0.00000000e+00 0.00000000e+00 0.00000000e+00 0.00000000e+00
 0.00000000e+00 0.00000000e+00 3.28647594e-09 5.28308996e-08
 0.00000000e+00 0.00000000e+00 0.00000000e+00 1.51134617e-06]","[[-4.97529678e-04  5.36978867e-05]
 [-1.98718490e-03 -2.07505728e-04]]",[],0.0,0.0
1787133585.4460351,1.33728751635949,-1.9577745577026695,1.3489818105474338,"[1.34323424e-07 1.69298477e-07 0.00000000e+00 0.00000000e+00
 0.00000000e+00 3.28647594e-09 1.69298477e-07 7.77909525e-07
 0.00000000e+00 0.00000000e+00 0.00000000e+00 5.28308996e-08
 0.00000000e+00 0.00000000e+00 0.00000000e+00 0.00000000e+00
 0.00000000e+00 0.00000000e+00 0.00000000e+00 0.00000000e+00
 0.00000000e+00 0.00000000e+00 0.00000000e+00 0.00000000e+00
 0.00000000e+00 0.00000000e+00 0.00000000e+00 0.00000000e+00
 0.00000000e+00 0.00000000e+00 3.28647594e-09 5.28308996e-08
 0.00000000e+00 0.00000000e+00 0.00000000e+00 1.51134617e-06]","[[-4.97529678e-04  5.36978867e-05]
 [-1.98718490e-03 -2.07505728e-04]]",[],0.0,0.0
1787133585.5314796,1.33728751635949,-1.9577745577026695,1.3489818105474338,"[1.34323424e-07 1.69298477e-07 0.00000000e+00 0.00000000e+00
 0.00000000e+00 3.28647594e-09 1.69298477e-07 7.77909525e-07
 0.00000000e+00 0.00000000e+00 0.00000000e+00 5.28308996e-08
 0.00000000e+00 0.00000000e+00 0.00000000e+00 0.00000000e+00
 0.00000000e+00 0.00000000e+00 0.00000000e+00 0.00000000e+00
 0.00000000e+00 0.00000000e+00 0.00000000e+00 0.00000000e+00
 0.00000000e+00 0.00000000e+00 0.00000000e+00 0.00000000e+00
 0.00000000e+00 0.00000000e+00 3.28647594e-09 5.28308996e-08
 0.00000000e+00 0.00000000e+00 0.00000000e+00 1.51134617e-06]","[[-4.97529678e-04  5.36978867e-05]
 [-1.98718490e-03 -2.07505728e-04]]",[],0.0,0.0
1787133585.5529156,1.33728751635949,-1.9577745577026695,1.3489818105474338,"[1.34323424e-07 1.69298477e-07 0.00000000e+00 0.00000000e+00
 0.00000000e+00 3.28647594e-09 1.69298477e-07 7.77909525e-07
 0.00000000e+00 0.00000000e+00 0.00000000e+00 5.28308996e-08
 0.00000000e+00 0.00000000e+00 0.00000000e+00 0.00000000e+00
 0.00000000e+00 0.00000000e+00 0.00000000e+00 0.00000000e+00
 0.00000000e+00 0.00000000e+00 0.00000000e+00 0.00000000e+00
 0.00000000e+00 0.00000000e+00 0.00000000e+00 0.00000000e+00
 0.00000000e+00 0.00000000e+00 3.28647594e-09 5.28308996e-08
 0.00000000e+00 0.00000000e+00 0.00000000e+00 1.51134617e-06]","[[-4.97529678e-04  5.36978867e-05]
 [-1.98718490e-03 -2.07505728e-04]]",[],0.0,0.0
1787133585.5986,1.33728751635949,-1.9577745577026695,1.3489818105474338,"[1.34323424e-07 1.69298477e-07 0.00000000e+00 0.00000000e+00
 0.00000000e+00 3.28647594e-09 1.69298477e-07 7.77909525e-07
 0.00000000e+00 0.00000000e+00 0.00000000e+00 5.28308996e-08
 0.00000000e+00 0.00000000e+00 0.00000000e+00 0.00000000e+00
 0.00000000e+00 0.00000000e+00 0.00000000e+00 0.00000000e+00
 0.00000000e+00 0.00000000e+00 0.00000000e+00 0.00000000e+00
 0.00000000e+00 0.00000000e+00 0.00000000e+00 0.00000000e+00
 0.00000000e+00 0.00000000e+00 3.28647594e-09 5.28308996e-08
 0.00000000e+00 0.00000000e+00 0.00000000e+00 1.51134617e-06]","[[-4.97529678e-04  5.36978867e-05]
 [-1.98718490e-03 -2.07505728e-04]]",[],0.0,0.0
1787133585.6517491,1.33728751635949,-1.9577745577026695,1.3489818105474338,"[1.34323424e-07 1.69298477e-07 0.00000000e+00 0.00000000e+00
 0.00000000e+00 3.28647594e-09 1.69298477e-07 7.77909525e-07
 0.00000000e+00 0.00000000e+00 0.00000000e+00 5.28308996e-08
 0.00000000e+00 0.00000000e+00 0.00000000e+00 0.00000000e+00
 0.00000000e+00 0.00000000e+00 0.00000000e+00 0.00000000e+00
 0.00000000e+00 0.00000000e+00 0.00000000e+00 0.00000000e+00
 0.00000000e+00 0.00000000e+00 0.00000000e+00 0.00000000e+00
 0.00000000e+00 0.00000000e+00 3.28647594e-09 5.28308996e-08
 0.00000000e+00 0.00000000e+00 0.00000000e+00 1.51134617e-06]","[[-4.97529678e-04  5.36978867e-05]
 [-1.98718490e-03 -2.07505728e-04]]",[],0.0,0.0
1787133585.7011192,1.33728751635949,-1.9577745577026695,1.3489818105474338,"[1.34323424e-07 1.69298477e-07 0.00000000e+00 0.00000000e+00
 0.00000000e+00 3.28647594e-09 1.69298477e-07 7.77909525e-07
 0.00000000e+00 0.00000000e+00 0.00000000e+00 5.28308996e-08
 0.00000000e+00 0.00000000e+00 0.00000000e+00 0.00000000e+00
 0.00000000e+00 0.00000000e+00 0.00000000e+00 0.00000000e+00
 0.00000000e+00 0.00000000e+00 0.00000000e+00 0.00000000e+00
 0.00000000e+00 0.00000000e+00 0.00000000e+00 0.00000000e+00
 0.00000000e+00 0.00000000e+00 3.28647594e-09 5.28308996e-08
 0.00000000e+00 0.00000000e+00 0.00000000e+00 1.51134617e-06]","[[-4.97529678e-04  5.36978867e-05]
 [-1.98718490e-03 -2.07505728e-04]]",[],0.0,0.0
1787133585.7479098,1.33728751635949,-1.9577745577026695,1.3489818105474338,"[1.34323424e-07 1.69298477e-07 0.00000000e+00 0.00000000e+00
 0.00000000e+00 3.28647594e-09 1.69298477e-07 7.77909525e-07
 0.00000000e+00 0.00000000e+00 0.00000000e+00 5.28308996e-08
 0.00000000e+00 0.00000000e+00 0.00000000e+00 0.00000000e+00
 0.00000000e+00 0.00000000e+00 0.00000000e+00 0.00000000e+00
 0.00000000e+00 0.00000000e+00 0.00000000e+00 0.00000000e+00
 0.00000000e+00 0.00000000e+00 0.00000000e+00 0.00000000e+00
 0.00000000e+00 0.00000000e+00 3.28647594e-09 5.28308996e-08
 0.00000000e+00 0.00000000e+00 0.00000000e+00 1.51134617e-06]","[[-4.97529678e-04  5.36978867e-05]
 [-1.98718490e-03 -2.07505728e-04]]",[],0.0,0.0
1787133585.8010514,1.33728751635949,-1.9577745577026695,1.3489818105474338,"[1.34323424e-07 1.69298477e-07 0.00000000e+00 0.00000000e+00
 0.00000000e+00 3.28647594e-09 1.69298477e-07 7.77909525e-07
 0.00000000e+00 0.00000000e+00 0.00000000e+00 5.28308996e-08
 0.00000000e+00 0.00000000e+00 0.00000000e+00 0.00000000e+00
 0.00000000e+00 0.00000000e+00 0.00000000e+00 0.00000000e+00
 0.00000000e+00 0.00000000e+00 0.00000000e+00 0.00000000e+00
 0.00000000e+00 0.00000000e+00 0.00000000e+00 0.00000000e+00
 0.00000000e+00 0.00000000e+00 3.28647594e-09 5.28308996e-08
 0.00000000e+00 0.00000000e+00 0.00000000e+00 1.51134617e-06]","[[-4.97529678e-04  5.36978867e-05]
 [-1.98718490e-03 -2.07505728e-04]]",[],0.0,0.0
1787133585.877959,1.33728751635949,-1.9577745577026695,1.3489818105474338,"[1.34323424e-07 1.69298477e-07 0.00000000e+00 0.00000000e+00
 0.00000000e+00 3.28647594e-09 1.69298477e-07 7.77909525e-07
 0.00000000e+00 0.00000000e+00 0.00000000e+00 5.28308996e-08
 0.00000000e+00 0.00000000e+00 0.00000000e+00 0.00000000e+00
 0.00000000e+00 0.00000000e+00 0.00000000e+00 0.00000000e+00
 0.00000000e+00 0.00000000e+00 0.00000000e+00 0.00000000e+00
 0.00000000e+00 0.00000000e+00 0.00000000e+00 0.00000000e+00
 0.00000000e+00 0.00000000e+00 3.28647594e-09 5.28308996e-08
 0.00000000e+00 0.00000000e+00 0.00000000e+00 1.51134617e-06]","[[-4.97529678e-04  5.36978867e-05]
 [-1.98718490e-03 -2.07505728e-04]]",[],0.0,0.0
1787133585.924459,1.33728751635949,-1.9577745577026695,1.3489818105474338,"[1.34323424e-07 1.69298477e-07 0.00000000e+00 0.00000000e+00
 0.00000000e+00 3.28647594e-09 1.69298477e-07 7.77909525e-07
 0.00000000e+00 0.00000000e+00 0.00000000e+00 5.28308996e-08
 0.00000000e+00 0.00000000e+00 0.00000000e+00 0.00000000e+00
 0.00000000e+00 0.00000000e+00 0.00000000e+00 0.00000000e+00
 0.00000000e+00 0.00000000e+00 0.00000000e+00 0.00000000e+00
 0.00000000e+00 0.00000000e+00 0.00000000e+00 0.00000000e+00
 0.00000000e+00 0.00000000e+00 3.28647594e-09 5.28308996e-08
 0.00000000e+00 0.00000000e+00 0.00000000e+00 1.51134617e-06]","[[-4.97529678e-04  5.36978867e-05]
 [-1.98718490e-03 -2.07505728e-04]]",[],0.0,0.0
1787133585.9658782,1.33728751635949,-1.9577745577026695,1.3489818105474338,"[1.34323424e-07 1.69298477e-07 0.00000000e+00 0.00000000e+00
 0.00000000e+00 3.28647594e-09 1.69298477e-07 7.77909525e-07
 0.00000000e+00 0.00000000e+00 0.00000000e+00 5.28308996e-08
 0.00000000e+00 0.00000000e+00 0.00000000e+00 0.00000000e+00
 0.00000000e+00 0.00000000e+00 0.00000000e+00 0.00000000e+00
 0.00000000e+00 0.00000000e+00 0.00000000e+00 0.00000000e+00
 0.00000000e+00 0.00000000e+00 0.00000000e+00 0.00000000e+00
 0.00000000e+00 0.00000000e+00 3.28647594e-09 5.28308996e-08
 0.00000000e+00 0.00000000e+00 0.00000000e+00 1.51134617e-06]","[[-4.97529678e-04  5.36978867e-05]
 [-1.98718490e-03 -2.07505728e-04]]",[],0.0,0.0
1787133585.9989734,1.33728751635949,-1.9577745577026695,1.3489818105474338,"[1.34323424e-07 1.69298477e-07 0.00000000e+00 0.00000000e+00
 0.00000000e+00 3.28647594e-09 1.69298477e-07 7.77909525e-07
 0.00000000e+00 0.00000000e+00 0.00000000e+00 5.28308996e-08
 0.00000000e+00 0.00000000e+00 0.00000000e+00 0.00000000e+00
 0.00000000e+00 0.00000000e+00 0.00000000e+00 0.00000000e+00
 0.00000000e+00 0.00000000e+00 0.00000000e+00 0.00000000e+00
 0.00000000e+00 0.00000000e+00 0.00000000e+00 0.00000000e+00
 0.00000000e+00 0.00000000e+00 3.28647594e-09 5.28308996e-08
 0.00000000e+00 0.00000000e+00 0.00000000e+00 1.51134617e-06]","[[-4.97529678e-04  5.36978867e-05]
 [-1.98718490e-03 -2.07505728e-04]]",[],0.0,0.0
1787133586.0475247,1.3350491421012196,-1.9642858788741342,1.353107472606073,"[1.30942987e-07 1.69022930e-07 0.00000000e+00 0.00000000e+00
 0.00000000e+00 4.91967950e-09 1.69022930e-07 7.88677659e-07
 0.00000000e+00 0.00000000e+00 0.00000000e+00 5.30150809e-08
 0.00000000e+00 0.00000000e+00 0.00000000e+00 0.00000000e+00
 0.00000000e+00 0.00000000e+00 0.00000000e+00 0.00000000e+00
 0.00000000e+00 0.00000000e+00 0.00000000e+00 0.00000000e+00
 0.00000000e+00 0.00000000e+00 0.00000000e+00 0.00000000e+00
 0.00000000e+00 0.00000000e+00 4.91967950e-09 5.30150809e-08
 0.00000000e+00 0.00000000e+00 0.00000000e+00 1.49136903e-06]","[[-4.86034612e-04  5.21837220e-05]
 [-2.01611024e-03 -1.85672468e-04]]",[],0.0,0.0
1787133586.0980518,1.3350491421012196,-1.9642858788741342,1.353107472606073,"[1.30942987e-07 1.69022930e-07 0.00000000e+00 0.00000000e+00
 0.00000000e+00 4.91967950e-09 1.69022930e-07 7.88677659e-07
 0.00000000e+00 0.00000000e+00 0.00000000e+00 5.30150809e-08
 0.00000000e+00 0.00000000e+00 0.00000000e+00 0.00000000e+00
 0.00000000e+00 0.00000000e+00 0.00000000e+00 0.00000000e+00
 0.00000000e+00 0.00000000e+00 0.00000000e+00 0.00000000e+00
 0.00000000e+00 0.00000000e+00 0.00000000e+00 0.00000000e+00
 0.00000000e+00 0.00000000e+00 4.91967950e-09 5.30150809e-08
 0.00000000e+00 0.00000000e+00 0.00000000e+00 1.49136903e-06]","[[-4.86034612e-04  5.21837220e-05]
 [-2.01611024e-03 -1.85672468e-04]]",[],0.0,0.0
1787133586.1526864,1.3350491421012196,-1.9642858788741342,1.353107472606073,"[1.30942987e-07 1.69022930e-07 0.00000000e+00 0.00000000e+00
 0.00000000e+00 4.91967950e-09 1.69022930e-07 7.88677659e-07
 0.00000000e+00 0.00000000e+00 0.00000000e+00 5.30150809e-08
 0.00000000e+00 0.00000000e+00 0.00000000e+00 0.00000000e+00
 0.00000000e+00 0.00000000e+00 0.00000000e+00 0.00000000e+00
 0.00000000e+00 0.00000000e+00 0.00000000e+00 0.00000000e+00
 0.00000000e+00 0.00000000e+00 0.00000000e+00 0.00000000e+00
 0.00000000e+00 0.00000000e+00 4.91967950e-09 5.30150809e-08
 0.00000000e+00 0.00000000e+00 0.00000000e+00 1.49136903e-06]","[[-4.86034612e-04  5.21837220e-05]
 [-2.01611024e-03 -1.85672468e-04]]",[],0.0,0.0
1787133586.1976182,1.3350491421012196,-1.9642858788741342,1.353107472606073,"[1.30942987e-07 1.69022930e-07 0.00000000e+00 0.00000000e+00
 0.00000000e+00 4.91967950e-09 1.69022930e-07 7.88677659e-07
 0.00000000e+00 0.00000000e+00 0.00000000e+00 5.30150809e-08
 0.00000000e+00 0.00000000e+00 0.00000000e+00 0.00000000e+00
 0.00000000e+00 0.00000000e+00 0.00000000e+00 0.00000000e+00
 0.00000000e+00 0.00000000e+00 0.00000000e+00 0.00000000e+00
 0.00000000e+00 0.00000000e+00 0.00000000e+00 0.00000000e+00
 0.00000000e+00 0.00000000e+00 4.91967950e-09 5.30150809e-08
 0.00000000e+00 0.00000000e+00 0.00000000e+00 1.49136903e-06]","[[-4.86034612e-04  5.21837220e-05]
 [-2.01611024e-03 -1.85672468e-04]]",[],0.0,0.0
1787133586.7578845,1.3350491421012196,-1.9642858788741342,1.353107472606073,"[1.30942987e-07 1.69022930e-07 0.00000000e+00 0.00000000e+00
 0.00000000e+00 4.91967950e-09 1.69022930e-07 7.88677659e-07
 0.00000000e+00 0.00000000e+00 0.00000000e+00 5.30150809e-08
 0.00000000e+00 0.00000000e+00 0.00000000e+00 0.00000000e+00
 0.00000000e+00 0.00000000e+00 0.00000000e+00 0.00000000e+00
 0.00000000e+00 0.00000000e+00 0.00000000e+00 0.00000000e+00
 0.00000000e+00 0.00000000e+00 0.00000000e+00 0.00000000e+00
 0.00000000e+00 0.00000000e+00 4.91967950e-09 5.30150809e-08
 0.00000000e+00 0.00000000e+00 0.00000000e+00 1.49136903e-06]","[[-4.86034612e-04  5.21837220e-05]
 [-2.01611024e-03 -1.85672468e-04]]",[],0.0,0.0
1787133586.8053155,1.3323472588322507,-1.9720534717677272,1.357539742169813,"[1.26316036e-07 1.61912315e-07 0.00000000e+00 0.00000000e+00
 0.00000000e+00 2.94355566e-09 1.61912315e-07 7.68485646e-07
 0.00000000e+00 0.00000000e+00 0.00000000e+00 4.74274173e-08
 0.00000000e+00 0.00000000e+00 0.00000000e+00 0.00000000e+00
 0.00000000e+00 0.00000000e+00 0.00000000e+00 0.00000000e+00
 0.00000000e+00 0.00000000e+00 0.00000000e+00 0.00000000e+00
 0.00000000e+00 0.00000000e+00 0.00000000e+00 0.00000000e+00
 0.00000000e+00 0.00000000e+00 2.94355566e-09 4.74274173e-08
 0.00000000e+00 0.00000000e+00 0.00000000e+00 1.52285602e-06]","[[-4.68199389e-04  5.48786318e-05]
 [-1.96237882e-03 -1.75037788e-04]]",[],0.0,0.0
1787133587.530869,1.3323472588322507,-1.9720534717677272,1.357539742169813,"[1.26316036e-07 1.61912315e-07 0.00000000e+00 0.00000000e+00
 0.00000000e+00 2.94355566e-09 1.61912315e-07 7.68485646e-07
 0.00000000e+00 0.00000000e+00 0.00000000e+00 4.74274173e-08
 0.00000000e+00 0.00000000e+00 0.00000000e+00 0.00000000e+00
 0.00000000e+00 0.00000000e+00 0.00000000e+00 0.00000000e+00
 0.00000000e+00 0.00000000e+00 0.00000000e+00 0.00000000e+00
 0.00000000e+00 0.00000000e+00 0.00000000e+00 0.00000000e+00
 0.00000000e+00 0.00000000e+00 2.94355566e-09 4.74274173e-08
 0.00000000e+00 0.00000000e+00 0.00000000e+00 1.52285602e-06]","[[-4.68199389e-04  5.48786318e-05]
 [-1.96237882e-03 -1.75037788e-04]]",[],0.0,0.0
1787133587.6052973,1.3312625803757512,-1.9745523168330494,1.3572539353412518,"[1.23570088e-07 1.61710116e-07 0.00000000e+00 0.00000000e+00
 0.00000000e+00 6.41820579e-09 1.61710116e-07 7.77528759e-07
 0.00000000e+00 0.00000000e+00 0.00000000e+00 5.82816428e-08
 0.00000000e+00 0.00000000e+00 0.00000000e+00 0.00000000e+00
 0.00000000e+00 0.00000000e+00 0.00000000e+00 0.00000000e+00
 0.00000000e+00 0.00000000e+00 0.00000000e+00 0.00000000e+00
 0.00000000e+00 0.00000000e+00 0.00000000e+00 0.00000000e+00
 0.00000000e+00 0.00000000e+00 6.41820579e-09 5.82816428e-08
 0.00000000e+00 0.00000000e+00 0.00000000e+00 1.57742950e-06]","[[-4.66768717e-04  4.11511300e-05]
 [-1.98397391e-03 -2.14598503e-04]]",[],0.0,0.0
1787133588.0940983,1.3312625803757512,-1.9745523168330494,1.3572539353412518,"[1.23570088e-07 1.61710116e-07 0.00000000e+00 0.00000000e+00
 0.00000000e+00 6.41820579e-09 1.61710116e-07 7.77528759e-07
 0.00000000e+00 0.00000000e+00 0.00000000e+00 5.82816428e-08
 0.00000000e+00 0.00000000e+00 0.00000000e+00 0.00000000e+00
 0.00000000e+00 0.00000000e+00 0.00000000e+00 0.00000000e+00
 0.00000000e+00 0.00000000e+00 0.00000000e+00 0.00000000e+00
 0.00000000e+00 0.00000000e+00 0.00000000e+00 0.00000000e+00
 0.00000000e+00 0.00000000e+00 6.41820579e-09 5.82816428e-08
 0.00000000e+00 0.00000000e+00 0.00000000e+00 1.57742950e-06]","[[-4.66768717e-04  4.11511300e-05]
 [-1.98397391e-03 -2.14598503e-04]]",[],0.0,0.0
1787133588.1034558,1.3312625803757512,-1.9745523168330494,1.3572539353412518,"[1.23570088e-07 1.61710116e-07 0.00000000e+00 0.00000000e+00
 0.00000000e+00 6.41820579e-09 1.61710116e-07 7.77528759e-07
 0.00000000e+00 0.00000000e+00 0.00000000e+00 5.82816428e-08
 0.00000000e+00 0.00000000e+00 0.00000000e+00 0.00000000e+00
 0.00000000e+00 0.00000000e+00 0.00000000e+00 0.00000000e+00
 0.00000000e+00 0.00000000e+00 0.00000000e+00 0.00000000e+00
 0.00000000e+00 0.00000000e+00 0.00000000e+00 0.00000000e+00
 0.00000000e+00 0.00000000e+00 6.41820579e-09 5.82816428e-08
 0.00000000e+00 0.00000000e+00 0.00000000e+00 1.57742950e-06]","[[-4.66768717e-04  4.11511300e-05]
 [-1.98397391e-03 -2.14598503e-04]]",[],0.0,0.0
1787133588.3741505,1.3312625803757512,-1.9745523168330494,1.3572539353412518,"[1.23570088e-07 1.61710116e-07 0.00000000e+00 0.00000000e+00
 0.00000000e+00 6.41820579e-09 1.61710116e-07 7.77528759e-07
 0.00000000e+00 0.00000000e+00 0.00000000e+00 5.82816428e-08
 0.00000000e+00 0.00000000e+00 0.00000000e+00 0.00000000e+00
 0.00000000e+00 0.00000000e+00 0.00000000e+00 0.00000000e+00
 0.00000000e+00 0.00000000e+00 0.00000000e+00 0.00000000e+00
 0.00000000e+00 0.00000000e+00 0.00000000e+00 0.00000000e+00
 0.00000000e+00 0.00000000e+00 6.41820579e-09 5.82816428e-08
 0.00000000e+00 0.00000000e+00 0.00000000e+00 1.57742950e-06]","[[-4.66768717e-04  4.11511300e-05]
 [-1.98397391e-03 -2.14598503e-04]]",[],0.0,0.0
1787133588.3989282,1.329423708262461,-1.9798743999915878,1.367368758602085,"[1.20854209e-07 1.61575323e-07 0.00000000e+00 0.00000000e+00
 0.00000000e+00 4.44820091e-09 1.61575323e-07 7.85304631e-07
 0.00000000e+00 0.00000000e+00 0.00000000e+00 5.11052813e-08
 0.00000000e+00 0.00000000e+00 0.00000000e+00 0.00000000e+00
 0.00000000e+00 0.00000000e+00 0.00000000e+00 0.00000000e+00
 0.00000000e+00 0.00000000e+00 0.00000000e+00 0.00000000e+00
 0.00000000e+00 0.00000000e+00 0.00000000e+00 0.00000000e+00
 0.00000000e+00 0.00000000e+00 4.44820091e-09 5.11052813e-08
 0.00000000e+00 0.00000000e+00 0.00000000e+00 1.49030742e-06]","[[-4.68122387e-04  4.26836144e-05]
 [-2.00106769e-03 -2.02922485e-04]]",[],0.0,0.0
1787133589.1510744,1.329423708262461,-1.9798743999915878,1.367368758602085,"[1.20854209e-07 1.61575323e-07 0.00000000e+00 0.00000000e+00
 0.00000000e+00 4.44820091e-09 1.61575323e-07 7.85304631e-07
 0.00000000e+00 0.00000000e+00 0.00000000e+00 5.11052813e-08
 0.00000000e+00 0.00000000e+00 0.00000000e+00 0.00000000e+00
 0.00000000e+00 0.00000000e+00 0.00000000e+00 0.00000000e+00
 0.00000000e+00 0.00000000e+00 0.00000000e+00 0.00000000e+00
 0.00000000e+00 0.00000000e+00 0.00000000e+00 0.00000000e+00
 0.00000000e+00 0.00000000e+00 4.44820091e-09 5.11052813e-08
 0.00000000e+00 0.00000000e+00 0.00000000e+00 1.49030742e-06]","[[-4.68122387e-04  4.26836144e-05]
 [-2.00106769e-03 -2.02922485e-04]]",[],0.0,0.0
1787133589.2010114,1.3274273294528343,-1.9855887440596642,1.374818205441635,"[1.16575510e-07 1.54740898e-07 0.00000000e+00 0.00000000e+00
 0.00000000e+00 3.24537101e-09 1.54740898e-07 7.67819990e-07
 0.00000000e+00 0.00000000e+00 0.00000000e+00 5.07552946e-08
 0.00000000e+00 0.00000000e+00 0.00000000e+00 0.00000000e+00
 0.00000000e+00 0.00000000e+00 0.00000000e+00 0.00000000e+00
 0.00000000e+00 0.00000000e+00 0.00000000e+00 0.00000000e+00
 0.00000000e+00 0.00000000e+00 0.00000000e+00 0.00000000e+00
 0.00000000e+00 0.00000000e+00 3.24537101e-09 5.07552946e-08
 0.00000000e+00 0.00000000e+00 0.00000000e+00 1.48007119e-06]","[[-4.43969747e-04  4.86285818e-05]
 [-1.95690528e-03 -1.87951057e-04]]",[],0.0,0.0
1787133589.2500687,1.3274273294528343,-1.9855887440596642,1.374818205441635,"[1.16575510e-07 1.54740898e-07 0.00000000e+00 0.00000000e+00
 0.00000000e+00 3.24537101e-09 1.54740898e-07 7.67819990e-07
 0.00000000e+00 0.00000000e+00 0.00000000e+00 5.07552946e-08
 0.00000000e+00 0.00000000e+00 0.00000000e+00 0.00000000e+00
 0.00000000e+00 0.00000000e+00 0.00000000e+00 0.00000000e+00
 0.00000000e+00 0.00000000e+00 0.00000000e+00 0.00000000e+00
 0.00000000e+00 0.00000000e+00 0.00000000e+00 0.00000000e+00
 0.00000000e+00 0.00000000e+00 3.24537101e-09 5.07552946e-08
 0.00000000e+00 0.00000000e+00 0.00000000e+00 1.48007119e-06]","[[-4.43969747e-04  4.86285818e-05]
 [-1.95690528e-03 -1.87951057e-04]]",[],0.0,0.0
1787133589.2970712,1.3274273294528343,-1.9855887440596642,1.374818205441635,"[1.16575510e-07 1.54740898e-07 0.00000000e+00 0.00000000e+00
 0.00000000e+00 3.24537101e-09 1.54740898e-07 7.67819990e-07
 0.00000000e+00 0.00000000e+00 0.00000000e+00 5.07552946e-08
 0.00000000e+00 0.00000000e+00 0.00000000e+00 0.00000000e+00
 0.00000000e+00 0.00000000e+00 0.00000000e+00 0.00000000e+00
 0.00000000e+00 0.00000000e+00 0.00000000e+00 0.00000000e+00
 0.00000000e+00 0.00000000e+00 0.00000000e+00 0.00000000e+00
 0.00000000e+00 0.00000000e+00 3.24537101e-09 5.07552946e-08
 0.00000000e+00 0.00000000e+00 0.00000000e+00 1.48007119e-06]","[[-4.43969747e-04  4.86285818e-05]
 [-1.95690528e-03 -1.87951057e-04]]",[],0.0,0.0
1787133589.3496215,1.3274273294528343,-1.9855887440596642,1.374818205441635,"[1.16575510e-07 1.54740898e-07 0.00000000e+00 0.00000000e+00
 0.00000000e+00 3.24537101e-09 1.54740898e-07 7.67819990e-07
 0.00000000e+00 0.00000000e+00 0.00000000e+00 5.07552946e-08
 0.00000000e+00 0.00000000e+00 0.00000000e+00 0.00000000e+00
 0.00000000e+00 0.00000000e+00 0.00000000e+00 0.00000000e+00
 0.00000000e+00 0.00000000e+00 0.00000000e+00 0.00000000e+00
 0.00000000e+00 0.00000000e+00 0.00000000e+00 0.00000000e+00
 0.00000000e+00 0.00000000e+00 3.24537101e-09 5.07552946e-08
 0.00000000e+00 0.00000000e+00 0.00000000e+00 1.48007119e-06]","[[-4.43969747e-04  4.86285818e-05]
 [-1.95690528e-03 -1.87951057e-04]]",[],0.0,0.0
1787133589.4655159,1.3274273294528343,-1.9855887440596642,1.374818205441635,"[1.16575510e-07 1.54740898e-07 0.00000000e+00 0.00000000e+00
 0.00000000e+00 3.24537101e-09 1.54740898e-07 7.67819990e-07
 0.00000000e+00 0.00000000e+00 0.00000000e+00 5.07552946e-08
 0.00000000e+00 0.00000000e+00 0.00000000e+00 0.00000000e+00
 0.00000000e+00 0.00000000e+00 0.00000000e+00 0.00000000e+00
 0.00000000e+00 0.00000000e+00 0.00000000e+00 0.00000000e+00
 0.00000000e+00 0.00000000e+00 0.00000000e+00 0.00000000e+00
 0.00000000e+00 0.00000000e+00 3.24537101e-09 5.07552946e-08
 0.00000000e+00 0.00000000e+00 0.00000000e+00 1.48007119e-06]","[[-4.43969747e-04  4.86285818e-05]
 [-1.95690528e-03 -1.87951057e-04]]",[],0.0,0.0
1787133590.0532217,1.3274273294528343,-1.9855887440596642,1.374818205441635,"[1.16575510e-07 1.54740898e-07 0.00000000e+00 0.00000000e+00
 0.00000000e+00 3.24537101e-09 1.54740898e-07 7.67819990e-07
 0.00000000e+00 0.00000000e+00 0.00000000e+00 5.07552946e-08
 0.00000000e+00 0.00000000e+00 0.00000000e+00 0.00000000e+00
 0.00000000e+00 0.00000000e+00 0.00000000e+00 0.00000000e+00
 0.00000000e+00 0.00000000e+00 0.00000000e+00 0.00000000e+00
 0.00000000e+00 0.00000000e+00 0.00000000e+00 0.00000000e+00
 0.00000000e+00 0.00000000e+00 3.24537101e-09 5.07552946e-08
 0.00000000e+00 0.00000000e+00 0.00000000e+00 1.48007119e-06]","[[-4.43969747e-04  4.86285818e-05]
 [-1.95690528e-03 -1.87951057e-04]]",[],0.0,0.0
1787133590.1017795,1.3249204149204081,-1.9935199356219526,1.3852558768171255,"[1.14415934e-07 1.58224569e-07 0.00000000e+00 0.00000000e+00
 0.00000000e+00 4.68106979e-09 1.58224569e-07 8.04820057e-07
 0.00000000e+00 0.00000000e+00 0.00000000e+00 6.29731014e-08
 0.00000000e+00 0.00000000e+00 0.00000000e+00 0.00000000e+00
 0.00000000e+00 0.00000000e+00 0.00000000e+00 0.00000000e+00
 0.00000000e+00 0.00000000e+00 0.00000000e+00 0.00000000e+00
 0.00000000e+00 0.00000000e+00 0.00000000e+00 0.00000000e+00
 0.00000000e+00 0.00000000e+00 4.68106979e-09 6.29731014e-08
 0.00000000e+00 0.00000000e+00 0.00000000e+00 1.52564322e-06]","[[-4.49557468e-04  4.29150042e-05]
 [-2.04953665e-03 -2.26630002e-04]]",[],0.0,0.0
1787133590.1573946,1.3249204149204081,-1.9935199356219526,1.3852558768171255,"[1.14415934e-07 1.58224569e-07 0.00000000e+00 0.00000000e+00
 0.00000000e+00 4.68106979e-09 1.58224569e-07 8.04820057e-07
 0.00000000e+00 0.00000000e+00 0.00000000e+00 6.29731014e-08
 0.00000000e+00 0.00000000e+00 0.00000000e+00 0.00000000e+00
 0.00000000e+00 0.00000000e+00 0.00000000e+00 0.00000000e+00
 0.00000000e+00 0.00000000e+00 0.00000000e+00 0.00000000e+00
 0.00000000e+00 0.00000000e+00 0.00000000e+00 0.00000000e+00
 0.00000000e+00 0.00000000e+00 4.68106979e-09 6.29731014e-08
 0.00000000e+00 0.00000000e+00 0.00000000e+00 1.52564322e-06]","[[-4.49557468e-04  4.29150042e-05]
 [-2.04953665e-03 -2.26630002e-04]]",[],0.0,0.0
1787133590.2039785,1.3249204149204081,-1.9935199356219526,1.3852558768171255,"[1.14415934e-07 1.58224569e-07 0.00000000e+00 0.00000000e+00
 0.00000000e+00 4.68106979e-09 1.58224569e-07 8.04820057e-07
 0.00000000e+00 0.00000000e+00 0.00000000e+00 6.29731014e-08
 0.00000000e+00 0.00000000e+00 0.00000000e+00 0.00000000e+00
 0.00000000e+00 0.00000000e+00 0.00000000e+00 0.00000000e+00
 0.00000000e+00 0.00000000e+00 0.00000000e+00 0.00000000e+00
 0.00000000e+00 0.00000000e+00 0.00000000e+00 0.00000000e+00
 0.00000000e+00 0.00000000e+00 4.68106979e-09 6.29731014e-08
 0.00000000e+00 0.00000000e+00 0.00000000e+00 1.52564322e-06]","[[-4.49557468e-04  4.29150042e-05]
 [-2.04953665e-03 -2.26630002e-04]]",[],0.0,0.0
1787133590.2461438,1.3249204149204081,-1.9935199356219526,1.3852558768171255,"[1.14415934e-07 1.58224569e-07 0.00000000e+00 0.00000000e+00
 0.00000000e+00 4.68106979e-09 1.58224569e-07 8.04820057e-07
 0.00000000e+00 0.00000000e+00 0.00000000e+00 6.29731014e-08
 0.00000000e+00 0.00000000e+00 0.00000000e+00 0.00000000e+00
 0.00000000e+00 0.00000000e+00 0.00000000e+00 0.00000000e+00
 0.00000000e+00 0.00000000e+00 0.00000000e+00 0.00000000e+00
 0.00000000e+00 0.00000000e+00 0.00000000e+00 0.00000000e+00
 0.00000000e+00 0.00000000e+00 4.68106979e-09 6.29731014e-08
 0.00000000e+00 0.00000000e+00 0.00000000e+00 1.52564322e-06]","[[-4.49557468e-04  4.29150042e-05]
 [-2.04953665e-03 -2.26630002e-04]]",[],0.0,0.0
1787133590.3034468,1.3249204149204081,-1.9935199356219526,1.3852558768171255,"[1.14415934e-07 1.58224569e-07 0.00000000e+00 0.00000000e+00
 0.00000000e+00 4.68106979e-09 1.58224569e-07 8.04820057e-07
 0.00000000e+00 0.00000000e+00 0.00000000e+00 6.29731014e-08
 0.00000000e+00 0.00000000e+00 0.00000000e+00 0.00000000e+00
 0.00000000e+00 0.00000000e+00 0.00000000e+00 0.00000000e+00
 0.00000000e+00 0.00000000e+00 0.00000000e+00 0.00000000e+00
 0.00000000e+00 0.00000000e+00 0.00000000e+00 0.00000000e+00
 0.00000000e+00 0.00000000e+00 4.68106979e-09 6.29731014e-08
 0.00000000e+00 0.00000000e+00 0.00000000e+00 1.52564322e-06]","[[-4.49557468e-04  4.29150042e-05]
 [-2.04953665e-03 -2.26630002e-04]]",[],0.0,0.0
1787133590.3577752,1.3249204149204081,-1.9935199356219526,1.3852558768171255,"[1.14415934e-07 1.58224569e-07 0.00000000e+00 0.00000000e+00
 0.00000000e+00 4.68106979e-09 1.58224569e-07 8.04820057e-07
 0.00000000e+00 0.00000000e+00 0.00000000e+00 6.29731014e-08
 0.00000000e+00 0.00000000e+00 0.00000000e+00 0.00000000e+00
 0.00000000e+00 0.00000000e+00 0.00000000e+00 0.00000000e+00
 0.00000000e+00 0.00000000e+00 0.00000000e+00 0.00000000e+00
 0.00000000e+00 0.00000000e+00 0.00000000e+00 0.00000000e+00
 0.00000000e+00 0.00000000e+00 4.68106979e-09 6.29731014e-08
 0.00000000e+00 0.00000000e+00 0.00000000e+00 1.52564322e-06]","[[-4.49557468e-04  4.29150042e-05]
 [-2.04953665e-03 -2.26630002e-04]]",[],0.0,0.0
1787133590.4131713,1.3249204149204081,-1.9935199356219526,1.3852558768171255,"[1.14415934e-07 1.58224569e-07 0.00000000e+00 0.00000000e+00
 0.00000000e+00 4.68106979e-09 1.58224569e-07 8.04820057e-07
 0.00000000e+00 0.00000000e+00 0.00000000e+00 6.29731014e-08
 0.00000000e+00 0.00000000e+00 0.00000000e+00 0.00000000e+00
 0.00000000e+00 0.00000000e+00 0.00000000e+00 0.00000000e+00
 0.00000000e+00 0.00000000e+00 0.00000000e+00 0.00000000e+00
 0.00000000e+00 0.00000000e+00 0.00000000e+00 0.00000000e+00
 0.00000000e+00 0.00000000e+00 4.68106979e-09 6.29731014e-08
 0.00000000e+00 0.00000000e+00 0.00000000e+00 1.52564322e-06]","[[-4.49557468e-04  4.29150042e-05]
 [-2.04953665e-03 -2.26630002e-04]]",[],0.0,0.0
1787133590.4670787,1.3249204149204081,-1.9935199356219526,1.3852558768171255,"[1.14415934e-07 1.58224569e-07 0.00000000e+00 0.00000000e+00
 0.00000000e+00 4.68106979e-09 1.58224569e-07 8.04820057e-07
 0.00000000e+00 0.00000000e+00 0.00000000e+00 6.29731014e-08
 0.00000000e+00 0.00000000e+00 0.00000000e+00 0.00000000e+00
 0.00000000e+00 0.00000000e+00 0.00000000e+00 0.00000000e+00
 0.00000000e+00 0.00000000e+00 0.00000000e+00 0.00000000e+00
 0.00000000e+00 0.00000000e+00 0.00000000e+00 0.00000000e+00
 0.00000000e+00 0.00000000e+00 4.68106979e-09 6.29731014e-08
 0.00000000e+00 0.00000000e+00 0.00000000e+00 1.52564322e-06]","[[-4.49557468e-04  4.29150042e-05]
 [-2.04953665e-03 -2.26630002e-04]]",[],0.0,0.0
1787133590.4990623,1.3249204149204081,-1.9935199356219526,1.3852558768171255,"[1.14415934e-07 1.58224569e-07 0.00000000e+00 0.00000000e+00
 0.00000000e+00 4.68106979e-09 1.58224569e-07 8.04820057e-07
 0.00000000e+00 0.00000000e+00 0.00000000e+00 6.29731014e-08
 0.00000000e+00 0.00000000e+00 0.00000000e+00 0.00000000e+00
 0.00000000e+00 0.00000000e+00 0.00000000e+00 0.00000000e+00
 0.00000000e+00 0.00000000e+00 0.00000000e+00 0.00000000e+00
 0.00000000e+00 0.00000000e+00 0.00000000e+00 0.00000000e+00
 0.00000000e+00 0.00000000e+00 4.68106979e-09 6.29731014e-08
 0.00000000e+00 0.00000000e+00 0.00000000e+00 1.52564322e-06]","[[-4.49557468e-04  4.29150042e-05]
 [-2.04953665e-03 -2.26630002e-04]]",[],0.0,0.0
1787133590.5672364,1.3249204149204081,-1.9935199356219526,1.3852558768171255,"[1.14415934e-07 1.58224569e-07 0.00000000e+00 0.00000000e+00
 0.00000000e+00 4.68106979e-09 1.58224569e-07 8.04820057e-07
 0.00000000e+00 0.00000000e+00 0.00000000e+00 6.29731014e-08
 0.00000000e+00 0.00000000e+00 0.00000000e+00 0.00000000e+00
 0.00000000e+00 0.00000000e+00 0.00000000e+00 0.00000000e+00
 0.00000000e+00 0.00000000e+00 0.00000000e+00 0.00000000e+00
 0.00000000e+00 0.00000000e+00 0.00000000e+00 0.00000000e+00
 0.00000000e+00 0.00000000e+00 4.68106979e-09 6.29731014e-08
 0.00000000e+00 0.00000000e+00 0.00000000e+00 1.52564322e-06]","[[-4.49557468e-04  4.29150042e-05]
 [-2.04953665e-03 -2.26630002e-04]]",[],0.0,0.0
1787133590.6110759,1.3249204149204081,-1.9935199356219526,1.3852558768171255,"[1.14415934e-07 1.58224569e-07 0.00000000e+00 0.00000000e+00
 0.00000000e+00 4.68106979e-09 1.58224569e-07 8.04820057e-07
 0.00000000e+00 0.00000000e+00 0.00000000e+00 6.29731014e-08
 0.00000000e+00 0.00000000e+00 0.00000000e+00 0.00000000e+00
 0.00000000e+00 0.00000000e+00 0.00000000e+00 0.00000000e+00
 0.00000000e+00 0.00000000e+00 0.00000000e+00 0.00000000e+00
 0.00000000e+00 0.00000000e+00 0.00000000e+00 0.00000000e+00
 0.00000000e+00 0.00000000e+00 4.68106979e-09 6.29731014e-08
 0.00000000e+00 0.00000000e+00 0.00000000e+00 1.52564322e-06]","[[-4.49557468e-04  4.29150042e-05]
 [-2.04953665e-03 -2.26630002e-04]]",[],0.0,0.0
1787133590.6705437,1.3249204149204081,-1.9935199356219526,1.3852558768171255,"[1.14415934e-07 1.58224569e-07 0.00000000e+00 0.00000000e+00
 0.00000000e+00 4.68106979e-09 1.58224569e-07 8.04820057e-07
 0.00000000e+00 0.00000000e+00 0.00000000e+00 6.29731014e-08
 0.00000000e+00 0.00000000e+00 0.00000000e+00 0.00000000e+00
 0.00000000e+00 0.00000000e+00 0.00000000e+00 0.00000000e+00
 0.00000000e+00 0.00000000e+00 0.00000000e+00 0.00000000e+00
 0.00000000e+00 0.00000000e+00 0.00000000e+00 0.00000000e+00
 0.00000000e+00 0.00000000e+00 4.68106979e-09 6.29731014e-08
 0.00000000e+00 0.00000000e+00 0.00000000e+00 1.52564322e-06]","[[-4.49557468e-04  4.29150042e-05]
 [-2.04953665e-03 -2.26630002e-04]]",[],0.0,0.0
