time,x,y,yaw,cov_prop,K_gain,innovation,v_ekf,omega_ekf
1787564003.1099448,2.4101546572295,1.3282826823331786,2.3055358988703816,"[ 5.58046962e-05  3.40841316e-06  0.00000000e+00  0.00000000e+00
  0.00000000e+00 -7.19350647e-06  3.40841316e-06  4.73683607e-05
  0.00000000e+00  0.00000000e+00  0.00000000e+00 -1.99398671e-06
  0.00000000e+00  0.00000000e+00  0.00000000e+00  0.00000000e+00
  0.00000000e+00  0.00000000e+00  0.00000000e+00  0.00000000e+00
  0.00000000e+00  0.00000000e+00  0.00000000e+00  0.00000000e+00
  0.00000000e+00  0.00000000e+00  0.00000000e+00  0.00000000e+00
  0.00000000e+00  0.00000000e+00 -7.19350647e-06 -1.99398671e-06
  0.00000000e+00  0.00000000e+00  0.00000000e+00  5.17537897e-06]","[[-0.00089594  0.03247529]
 [-0.00100405 -0.00885576]]",[],0.0,0.0
1787564003.1597528,2.4101546572295,1.3282826823331786,2.3055358988703816,"[ 5.58046962e-05  3.40841316e-06  0.00000000e+00  0.00000000e+00
  0.00000000e+00 -7.19350647e-06  3.40841316e-06  4.73683607e-05
  0.00000000e+00  0.00000000e+00  0.00000000e+00 -1.99398671e-06
  0.00000000e+00  0.00000000e+00  0.00000000e+00  0.00000000e+00
  0.00000000e+00  0.00000000e+00  0.00000000e+00  0.00000000e+00
  0.00000000e+00  0.00000000e+00  0.00000000e+00  0.00000000e+00
  0.00000000e+00  0.00000000e+00  0.00000000e+00  0.00000000e+00
  0.00000000e+00  0.00000000e+00 -7.19350647e-06 -1.99398671e-06
  0.00000000e+00  0.00000000e+00  0.00000000e+00  5.17537897e-06]","[[-0.00089594  0.03247529]
 [-0.00100405 -0.00885576]]",[],0.0,0.0
1787564003.209699,2.4101546572295,1.3282826823331786,2.3055358988703816,"[ 5.58046962e-05  3.40841316e-06  0.00000000e+00  0.00000000e+00
  0.00000000e+00 -7.19350647e-06  3.40841316e-06  4.73683607e-05
  0.00000000e+00  0.00000000e+00  0.00000000e+00 -1.99398671e-06
  0.00000000e+00  0.00000000e+00  0.00000000e+00  0.00000000e+00
  0.00000000e+00  0.00000000e+00  0.00000000e+00  0.00000000e+00
  0.00000000e+00  0.00000000e+00  0.00000000e+00  0.00000000e+00
  0.00000000e+00  0.00000000e+00  0.00000000e+00  0.00000000e+00
  0.00000000e+00  0.00000000e+00 -7.19350647e-06 -1.99398671e-06
  0.00000000e+00  0.00000000e+00  0.00000000e+00  5.17537897e-06]","[[-0.00089594  0.03247529]
 [-0.00100405 -0.00885576]]",[],0.0,0.0
1787564003.2658038,2.4101546572295,1.3282826823331786,2.3055358988703816,"[ 5.58046962e-05  3.40841316e-06  0.00000000e+00  0.00000000e+00
  0.00000000e+00 -7.19350647e-06  3.40841316e-06  4.73683607e-05
  0.00000000e+00  0.00000000e+00  0.00000000e+00 -1.99398671e-06
  0.00000000e+00  0.00000000e+00  0.00000000e+00  0.00000000e+00
  0.00000000e+00  0.00000000e+00  0.00000000e+00  0.00000000e+00
  0.00000000e+00  0.00000000e+00  0.00000000e+00  0.00000000e+00
  0.00000000e+00  0.00000000e+00  0.00000000e+00  0.00000000e+00
  0.00000000e+00  0.00000000e+00 -7.19350647e-06 -1.99398671e-06
  0.00000000e+00  0.00000000e+00  0.00000000e+00  5.17537897e-06]","[[-0.00089594  0.03247529]
 [-0.00100405 -0.00885576]]",[],0.0,0.0
1787564003.3110034,2.4101546572295,1.3282826823331786,2.3055358988703816,"[ 5.58046962e-05  3.40841316e-06  0.00000000e+00  0.00000000e+00
  0.00000000e+00 -7.19350647e-06  3.40841316e-06  4.73683607e-05
  0.00000000e+00  0.00000000e+00  0.00000000e+00 -1.99398671e-06
  0.00000000e+00  0.00000000e+00  0.00000000e+00  0.00000000e+00
  0.00000000e+00  0.00000000e+00  0.00000000e+00  0.00000000e+00
  0.00000000e+00  0.00000000e+00  0.00000000e+00  0.00000000e+00
  0.00000000e+00  0.00000000e+00  0.00000000e+00  0.00000000e+00
  0.00000000e+00  0.00000000e+00 -7.19350647e-06 -1.99398671e-06
  0.00000000e+00  0.00000000e+00  0.00000000e+00  5.17537897e-06]","[[-0.00089594  0.03247529]
 [-0.00100405 -0.00885576]]",[],0.0,0.0
1787564003.36389,2.4101546572295,1.3282826823331786,2.3055358988703816,"[ 5.58046962e-05  3.40841316e-06  0.00000000e+00  0.00000000e+00
  0.00000000e+00 -7.19350647e-06  3.40841316e-06  4.73683607e-05
  0.00000000e+00  0.00000000e+00  0.00000000e+00 -1.99398671e-06
  0.00000000e+00  0.00000000e+00  0.00000000e+00  0.00000000e+00
  0.00000000e+00  0.00000000e+00  0.00000000e+00  0.00000000e+00
  0.00000000e+00  0.00000000e+00  0.00000000e+00  0.00000000e+00
  0.00000000e+00  0.00000000e+00  0.00000000e+00  0.00000000e+00
  0.00000000e+00  0.00000000e+00 -7.19350647e-06 -1.99398671e-06
  0.00000000e+00  0.00000000e+00  0.00000000e+00  5.17537897e-06]","[[-0.00089594  0.03247529]
 [-0.00100405 -0.00885576]]",[],0.0,0.0
1787564003.4122345,2.4101546572295,1.3282826823331786,2.3055358988703816,"[ 5.58046962e-05  3.40841316e-06  0.00000000e+00  0.00000000e+00
  0.00000000e+00 -7.19350647e-06  3.40841316e-06  4.73683607e-05
  0.00000000e+00  0.00000000e+00  0.00000000e+00 -1.99398671e-06
  0.00000000e+00  0.00000000e+00  0.00000000e+00  0.00000000e+00
  0.00000000e+00  0.00000000e+00  0.00000000e+00  0.00000000e+00
  0.00000000e+00  0.00000000e+00  0.00000000e+00  0.00000000e+00
  0.00000000e+00  0.00000000e+00  0.00000000e+00  0.00000000e+00
  0.00000000e+00  0.00000000e+00 -7.19350647e-06 -1.99398671e-06
  0.00000000e+00  0.00000000e+00  0.00000000e+00  5.17537897e-06]","[[-0.00089594  0.03247529]
 [-0.00100405 -0.00885576]]",[],0.0,0.0
1787564003.4629874,2.4101546572295,1.3282826823331786,2.3055358988703816,"[ 5.58046962e-05  3.40841316e-06  0.00000000e+00  0.00000000e+00
  0.00000000e+00 -7.19350647e-06  3.40841316e-06  4.73683607e-05
  0.00000000e+00  0.00000000e+00  0.00000000e+00 -1.99398671e-06
  0.00000000e+00  0.00000000e+00  0.00000000e+00  0.00000000e+00
  0.00000000e+00  0.00000000e+00  0.00000000e+00  0.00000000e+00
  0.00000000e+00  0.00000000e+00  0.00000000e+00  0.00000000e+00
  0.00000000e+00  0.00000000e+00  0.00000000e+00  0.00000000e+00
  0.00000000e+00  0.00000000e+00 -7.19350647e-06 -1.99398671e-06
  0.00000000e+00  0.00000000e+00  0.00000000e+00  5.17537897e-06]","[[-0.00089594  0.03247529]
 [-0.00100405 -0.00885576]]",[],0.0,0.0
1787564003.512271,2.4101546572295,1.3282826823331786,2.3055358988703816,"[ 5.58046962e-05  3.40841316e-06  0.00000000e+00  0.00000000e+00
  0.00000000e+00 -7.19350647e-06  3.40841316e-06  4.73683607e-05
  0.00000000e+00  0.00000000e+00  0.00000000e+00 -1.99398671e-06
  0.00000000e+00  0.00000000e+00  0.00000000e+00  0.00000000e+00
  0.00000000e+00  0.00000000e+00  0.00000000e+00  0.00000000e+00
  0.00000000e+00  0.00000000e+00  0.00000000e+00  0.00000000e+00
  0.00000000e+00  0.00000000e+00  0.00000000e+00  0.00000000e+00
  0.00000000e+00  0.00000000e+00 -7.19350647e-06 -1.99398671e-06
  0.00000000e+00  0.00000000e+00  0.00000000e+00  5.17537897e-06]","[[-0.00089594  0.03247529]
 [-0.00100405 -0.00885576]]",[],0.0,0.0
1787564003.5607033,2.4101546572295,1.3282826823331786,2.3055358988703816,"[ 5.58046962e-05  3.40841316e-06  0.00000000e+00  0.00000000e+00
  0.00000000e+00 -7.19350647e-06  3.40841316e-06  4.73683607e-05
  0.00000000e+00  0.00000000e+00  0.00000000e+00 -1.99398671e-06
  0.00000000e+00  0.00000000e+00  0.00000000e+00  0.00000000e+00
  0.00000000e+00  0.00000000e+00  0.00000000e+00  0.00000000e+00
  0.00000000e+00  0.00000000e+00  0.00000000e+00  0.00000000e+00
  0.00000000e+00  0.00000000e+00  0.00000000e+00  0.00000000e+00
  0.00000000e+00  0.00000000e+00 -7.19350647e-06 -1.99398671e-06
  0.00000000e+00  0.00000000e+00  0.00000000e+00  5.17537897e-06]","[[-0.00089594  0.03247529]
 [-0.00100405 -0.00885576]]",[],0.0,0.0
1787564003.6118095,2.4101546572295,1.3282826823331786,2.3055358988703816,"[ 5.58046962e-05  3.40841316e-06  0.00000000e+00  0.00000000e+00
  0.00000000e+00 -7.19350647e-06  3.40841316e-06  4.73683607e-05
  0.00000000e+00  0.00000000e+00  0.00000000e+00 -1.99398671e-06
  0.00000000e+00  0.00000000e+00  0.00000000e+00  0.00000000e+00
  0.00000000e+00  0.00000000e+00  0.00000000e+00  0.00000000e+00
  0.00000000e+00  0.00000000e+00  0.00000000e+00  0.00000000e+00
  0.00000000e+00  0.00000000e+00  0.00000000e+00  0.00000000e+00
  0.00000000e+00  0.00000000e+00 -7.19350647e-06 -1.99398671e-06
  0.00000000e+00  0.00000000e+00  0.00000000e+00  5.17537897e-06]","[[-0.00089594  0.03247529]
 [-0.00100405 -0.00885576]]",[],0.0,0.0
1787564003.661943,2.4101546572295,1.3282826823331786,2.3055358988703816,"[ 5.58046962e-05  3.40841316e-06  0.00000000e+00  0.00000000e+00
  0.00000000e+00 -7.19350647e-06  3.40841316e-06  4.73683607e-05
  0.00000000e+00  0.00000000e+00  0.00000000e+00 -1.99398671e-06
  0.00000000e+00  0.00000000e+00  0.00000000e+00  0.00000000e+00
  0.00000000e+00  0.00000000e+00  0.00000000e+00  0.00000000e+00
  0.00000000e+00  0.00000000e+00  0.00000000e+00  0.00000000e+00
  0.00000000e+00  0.00000000e+00  0.00000000e+00  0.00000000e+00
  0.00000000e+00  0.00000000e+00 -7.19350647e-06 -1.99398671e-06
  0.00000000e+00  0.00000000e+00  0.00000000e+00  5.17537897e-06]","[[-0.00089594  0.03247529]
 [-0.00100405 -0.00885576]]",[],0.0,0.0
1787564003.7136328,2.4101546572295,1.3282826823331786,2.3055358988703816,"[ 5.58046962e-05  3.40841316e-06  0.00000000e+00  0.00000000e+00
  0.00000000e+00 -7.19350647e-06  3.40841316e-06  4.73683607e-05
  0.00000000e+00  0.00000000e+00  0.00000000e+00 -1.99398671e-06
  0.00000000e+00  0.00000000e+00  0.00000000e+00  0.00000000e+00
  0.00000000e+00  0.00000000e+00  0.00000000e+00  0.00000000e+00
  0.00000000e+00  0.00000000e+00  0.00000000e+00  0.00000000e+00
  0.00000000e+00  0.00000000e+00  0.00000000e+00  0.00000000e+00
  0.00000000e+00  0.00000000e+00 -7.19350647e-06 -1.99398671e-06
  0.00000000e+00  0.00000000e+00  0.00000000e+00  5.17537897e-06]","[[-0.00089594  0.03247529]
 [-0.00100405 -0.00885576]]",[],0.0,0.0
1787564003.7648463,2.4101546572295,1.3282826823331786,2.3055358988703816,"[ 5.58046962e-05  3.40841316e-06  0.00000000e+00  0.00000000e+00
  0.00000000e+00 -7.19350647e-06  3.40841316e-06  4.73683607e-05
  0.00000000e+00  0.00000000e+00  0.00000000e+00 -1.99398671e-06
  0.00000000e+00  0.00000000e+00  0.00000000e+00  0.00000000e+00
  0.00000000e+00  0.00000000e+00  0.00000000e+00  0.00000000e+00
  0.00000000e+00  0.00000000e+00  0.00000000e+00  0.00000000e+00
  0.00000000e+00  0.00000000e+00  0.00000000e+00  0.00000000e+00
  0.00000000e+00  0.00000000e+00 -7.19350647e-06 -1.99398671e-06
  0.00000000e+00  0.00000000e+00  0.00000000e+00  5.17537897e-06]","[[-0.00089594  0.03247529]
 [-0.00100405 -0.00885576]]",[],0.0,0.0
1787564003.809672,2.4101546572295,1.3282826823331786,2.3055358988703816,"[ 5.58046962e-05  3.40841316e-06  0.00000000e+00  0.00000000e+00
  0.00000000e+00 -7.19350647e-06  3.40841316e-06  4.73683607e-05
  0.00000000e+00  0.00000000e+00  0.00000000e+00 -1.99398671e-06
  0.00000000e+00  0.00000000e+00  0.00000000e+00  0.00000000e+00
  0.00000000e+00  0.00000000e+00  0.00000000e+00  0.00000000e+00
  0.00000000e+00  0.00000000e+00  0.00000000e+00  0.00000000e+00
  0.00000000e+00  0.00000000e+00  0.00000000e+00  0.00000000e+00
  0.00000000e+00  0.00000000e+00 -7.19350647e-06 -1.99398671e-06
  0.00000000e+00  0.00000000e+00  0.00000000e+00  5.17537897e-06]","[[-0.00089594  0.03247529]
 [-0.00100405 -0.00885576]]",[],0.0,0.0
1787564003.8614178,2.4101546572295,1.3282826823331786,2.3055358988703816,"[ 5.58046962e-05  3.40841316e-06  0.00000000e+00  0.00000000e+00
  0.00000000e+00 -7.19350647e-06  3.40841316e-06  4.73683607e-05
  0.00000000e+00  0.00000000e+00  0.00000000e+00 -1.99398671e-06
  0.00000000e+00  0.00000000e+00  0.00000000e+00  0.00000000e+00
  0.00000000e+00  0.00000000e+00  0.00000000e+00  0.00000000e+00
  0.00000000e+00  0.00000000e+00  0.00000000e+00  0.00000000e+00
  0.00000000e+00  0.00000000e+00  0.00000000e+00  0.00000000e+00
  0.00000000e+00  0.00000000e+00 -7.19350647e-06 -1.99398671e-06
  0.00000000e+00  0.00000000e+00  0.00000000e+00  5.17537897e-06]","[[-0.00089594  0.03247529]
 [-0.00100405 -0.00885576]]",[],0.0,0.0
1787564003.9122071,2.4101546572295,1.3282826823331786,2.3055358988703816,"[ 5.58046962e-05  3.40841316e-06  0.00000000e+00  0.00000000e+00
  0.00000000e+00 -7.19350647e-06  3.40841316e-06  4.73683607e-05
  0.00000000e+00  0.00000000e+00  0.00000000e+00 -1.99398671e-06
  0.00000000e+00  0.00000000e+00  0.00000000e+00  0.00000000e+00
  0.00000000e+00  0.00000000e+00  0.00000000e+00  0.00000000e+00
  0.00000000e+00  0.00000000e+00  0.00000000e+00  0.00000000e+00
  0.00000000e+00  0.00000000e+00  0.00000000e+00  0.00000000e+00
  0.00000000e+00  0.00000000e+00 -7.19350647e-06 -1.99398671e-06
  0.00000000e+00  0.00000000e+00  0.00000000e+00  5.17537897e-06]","[[-0.00089594  0.03247529]
 [-0.00100405 -0.00885576]]",[],0.0,0.0
1787564003.9600418,2.4101546572295,1.3282826823331786,2.3055358988703816,"[ 5.58046962e-05  3.40841316e-06  0.00000000e+00  0.00000000e+00
  0.00000000e+00 -7.19350647e-06  3.40841316e-06  4.73683607e-05
  0.00000000e+00  0.00000000e+00  0.00000000e+00 -1.99398671e-06
  0.00000000e+00  0.00000000e+00  0.00000000e+00  0.00000000e+00
  0.00000000e+00  0.00000000e+00  0.00000000e+00  0.00000000e+00
  0.00000000e+00  0.00000000e+00  0.00000000e+00  0.00000000e+00
  0.00000000e+00  0.00000000e+00  0.00000000e+00  0.00000000e+00
  0.00000000e+00  0.00000000e+00 -7.19350647e-06 -1.99398671e-06
  0.00000000e+00  0.00000000e+00  0.00000000e+00  5.17537897e-06]","[[-0.00089594  0.03247529]
 [-0.00100405 -0.00885576]]",[],0.0,0.0
1787564004.0097542,2.4101546572295,1.3282826823331786,2.3055358988703816,"[ 5.58046962e-05  3.40841316e-06  0.00000000e+00  0.00000000e+00
  0.00000000e+00 -7.19350647e-06  3.40841316e-06  4.73683607e-05
  0.00000000e+00  0.00000000e+00  0.00000000e+00 -1.99398671e-06
  0.00000000e+00  0.00000000e+00  0.00000000e+00  0.00000000e+00
  0.00000000e+00  0.00000000e+00  0.00000000e+00  0.00000000e+00
  0.00000000e+00  0.00000000e+00  0.00000000e+00  0.00000000e+00
  0.00000000e+00  0.00000000e+00  0.00000000e+00  0.00000000e+00
  0.00000000e+00  0.00000000e+00 -7.19350647e-06 -1.99398671e-06
  0.00000000e+00  0.00000000e+00  0.00000000e+00  5.17537897e-06]","[[-0.00089594  0.03247529]
 [-0.00100405 -0.00885576]]",[],0.0,0.0
1787564004.0697126,2.4101546572295,1.3282826823331786,2.3055358988703816,"[ 5.58046962e-05  3.40841316e-06  0.00000000e+00  0.00000000e+00
  0.00000000e+00 -7.19350647e-06  3.40841316e-06  4.73683607e-05
  0.00000000e+00  0.00000000e+00  0.00000000e+00 -1.99398671e-06
  0.00000000e+00  0.00000000e+00  0.00000000e+00  0.00000000e+00
  0.00000000e+00  0.00000000e+00  0.00000000e+00  0.00000000e+00
  0.00000000e+00  0.00000000e+00  0.00000000e+00  0.00000000e+00
  0.00000000e+00  0.00000000e+00  0.00000000e+00  0.00000000e+00
  0.00000000e+00  0.00000000e+00 -7.19350647e-06 -1.99398671e-06
  0.00000000e+00  0.00000000e+00  0.00000000e+00  5.17537897e-06]","[[-0.00089594  0.03247529]
 [-0.00100405 -0.00885576]]",[],0.0,0.0
1787564004.1095774,2.3741772506120604,1.3068135307444468,2.3310974439612977,"[ 2.89286615e-05  1.33243259e-06  0.00000000e+00  0.00000000e+00
  0.00000000e+00 -3.02909164e-06  1.33243259e-06  2.44341168e-05
  0.00000000e+00  0.00000000e+00  0.00000000e+00 -1.53468357e-06
  0.00000000e+00  0.00000000e+00  0.00000000e+00  0.00000000e+00
  0.00000000e+00  0.00000000e+00  0.00000000e+00  0.00000000e+00
  0.00000000e+00  0.00000000e+00  0.00000000e+00  0.00000000e+00
  0.00000000e+00  0.00000000e+00  0.00000000e+00  0.00000000e+00
  0.00000000e+00  0.00000000e+00 -3.02909164e-06 -1.53468357e-06
  0.00000000e+00  0.00000000e+00  0.00000000e+00  4.18216496e-06]","[[-0.00041626  0.01772356]
 [-0.0005333  -0.00389487]]",[],0.0,0.0
1787564004.1601582,2.3741772506120604,1.3068135307444468,2.3310974439612977,"[ 2.89286615e-05  1.33243259e-06  0.00000000e+00  0.00000000e+00
  0.00000000e+00 -3.02909164e-06  1.33243259e-06  2.44341168e-05
  0.00000000e+00  0.00000000e+00  0.00000000e+00 -1.53468357e-06
  0.00000000e+00  0.00000000e+00  0.00000000e+00  0.00000000e+00
  0.00000000e+00  0.00000000e+00  0.00000000e+00  0.00000000e+00
  0.00000000e+00  0.00000000e+00  0.00000000e+00  0.00000000e+00
  0.00000000e+00  0.00000000e+00  0.00000000e+00  0.00000000e+00
  0.00000000e+00  0.00000000e+00 -3.02909164e-06 -1.53468357e-06
  0.00000000e+00  0.00000000e+00  0.00000000e+00  4.18216496e-06]","[[-0.00041626  0.01772356]
 [-0.0005333  -0.00389487]]",[],0.0,0.0
1787564004.23652,2.3741772506120604,1.3068135307444468,2.3310974439612977,"[ 2.89286615e-05  1.33243259e-06  0.00000000e+00  0.00000000e+00
  0.00000000e+00 -3.02909164e-06  1.33243259e-06  2.44341168e-05
  0.00000000e+00  0.00000000e+00  0.00000000e+00 -1.53468357e-06
  0.00000000e+00  0.00000000e+00  0.00000000e+00  0.00000000e+00
  0.00000000e+00  0.00000000e+00  0.00000000e+00  0.00000000e+00
  0.00000000e+00  0.00000000e+00  0.00000000e+00  0.00000000e+00
  0.00000000e+00  0.00000000e+00  0.00000000e+00  0.00000000e+00
  0.00000000e+00  0.00000000e+00 -3.02909164e-06 -1.53468357e-06
  0.00000000e+00  0.00000000e+00  0.00000000e+00  4.18216496e-06]","[[-0.00041626  0.01772356]
 [-0.0005333  -0.00389487]]",[],0.0,0.0
1787564004.260329,2.3741772506120604,1.3068135307444468,2.3310974439612977,"[ 2.89286615e-05  1.33243259e-06  0.00000000e+00  0.00000000e+00
  0.00000000e+00 -3.02909164e-06  1.33243259e-06  2.44341168e-05
  0.00000000e+00  0.00000000e+00  0.00000000e+00 -1.53468357e-06
  0.00000000e+00  0.00000000e+00  0.00000000e+00  0.00000000e+00
  0.00000000e+00  0.00000000e+00  0.00000000e+00  0.00000000e+00
  0.00000000e+00  0.00000000e+00  0.00000000e+00  0.00000000e+00
  0.00000000e+00  0.00000000e+00  0.00000000e+00  0.00000000e+00
  0.00000000e+00  0.00000000e+00 -3.02909164e-06 -1.53468357e-06
  0.00000000e+00  0.00000000e+00  0.00000000e+00  4.18216496e-06]","[[-0.00041626  0.01772356]
 [-0.0005333  -0.00389487]]",[],0.0,0.0
1787564004.3111706,2.3741772506120604,1.3068135307444468,2.3310974439612977,"[ 2.89286615e-05  1.33243259e-06  0.00000000e+00  0.00000000e+00
  0.00000000e+00 -3.02909164e-06  1.33243259e-06  2.44341168e-05
  0.00000000e+00  0.00000000e+00  0.00000000e+00 -1.53468357e-06
  0.00000000e+00  0.00000000e+00  0.00000000e+00  0.00000000e+00
  0.00000000e+00  0.00000000e+00  0.00000000e+00  0.00000000e+00
  0.00000000e+00  0.00000000e+00  0.00000000e+00  0.00000000e+00
  0.00000000e+00  0.00000000e+00  0.00000000e+00  0.00000000e+00
  0.00000000e+00  0.00000000e+00 -3.02909164e-06 -1.53468357e-06
  0.00000000e+00  0.00000000e+00  0.00000000e+00  4.18216496e-06]","[[-0.00041626  0.01772356]
 [-0.0005333  -0.00389487]]",[],0.0,0.0
1787564004.361222,2.3741772506120604,1.3068135307444468,2.3310974439612977,"[ 2.89286615e-05  1.33243259e-06  0.00000000e+00  0.00000000e+00
  0.00000000e+00 -3.02909164e-06  1.33243259e-06  2.44341168e-05
  0.00000000e+00  0.00000000e+00  0.00000000e+00 -1.53468357e-06
  0.00000000e+00  0.00000000e+00  0.00000000e+00  0.00000000e+00
  0.00000000e+00  0.00000000e+00  0.00000000e+00  0.00000000e+00
  0.00000000e+00  0.00000000e+00  0.00000000e+00  0.00000000e+00
  0.00000000e+00  0.00000000e+00  0.00000000e+00  0.00000000e+00
  0.00000000e+00  0.00000000e+00 -3.02909164e-06 -1.53468357e-06
  0.00000000e+00  0.00000000e+00  0.00000000e+00  4.18216496e-06]","[[-0.00041626  0.01772356]
 [-0.0005333  -0.00389487]]",[],0.0,0.0
1787564004.4102376,2.3741772506120604,1.3068135307444468,2.3310974439612977,"[ 2.89286615e-05  1.33243259e-06  0.00000000e+00  0.00000000e+00
  0.00000000e+00 -3.02909164e-06  1.33243259e-06  2.44341168e-05
  0.00000000e+00  0.00000000e+00  0.00000000e+00 -1.53468357e-06
  0.00000000e+00  0.00000000e+00  0.00000000e+00  0.00000000e+00
  0.00000000e+00  0.00000000e+00  0.00000000e+00  0.00000000e+00
  0.00000000e+00  0.00000000e+00  0.00000000e+00  0.00000000e+00
  0.00000000e+00  0.00000000e+00  0.00000000e+00  0.00000000e+00
  0.00000000e+00  0.00000000e+00 -3.02909164e-06 -1.53468357e-06
  0.00000000e+00  0.00000000e+00  0.00000000e+00  4.18216496e-06]","[[-0.00041626  0.01772356]
 [-0.0005333  -0.00389487]]",[],0.0,0.0
1787564004.4600978,2.3741772506120604,1.3068135307444468,2.3310974439612977,"[ 2.89286615e-05  1.33243259e-06  0.00000000e+00  0.00000000e+00
  0.00000000e+00 -3.02909164e-06  1.33243259e-06  2.44341168e-05
  0.00000000e+00  0.00000000e+00  0.00000000e+00 -1.53468357e-06
  0.00000000e+00  0.00000000e+00  0.00000000e+00  0.00000000e+00
  0.00000000e+00  0.00000000e+00  0.00000000e+00  0.00000000e+00
  0.00000000e+00  0.00000000e+00  0.00000000e+00  0.00000000e+00
  0.00000000e+00  0.00000000e+00  0.00000000e+00  0.00000000e+00
  0.00000000e+00  0.00000000e+00 -3.02909164e-06 -1.53468357e-06
  0.00000000e+00  0.00000000e+00  0.00000000e+00  4.18216496e-06]","[[-0.00041626  0.01772356]
 [-0.0005333  -0.00389487]]",[],0.0,0.0
1787564004.51518,2.3741772506120604,1.3068135307444468,2.3310974439612977,"[ 2.89286615e-05  1.33243259e-06  0.00000000e+00  0.00000000e+00
  0.00000000e+00 -3.02909164e-06  1.33243259e-06  2.44341168e-05
  0.00000000e+00  0.00000000e+00  0.00000000e+00 -1.53468357e-06
  0.00000000e+00  0.00000000e+00  0.00000000e+00  0.00000000e+00
  0.00000000e+00  0.00000000e+00  0.00000000e+00  0.00000000e+00
  0.00000000e+00  0.00000000e+00  0.00000000e+00  0.00000000e+00
  0.00000000e+00  0.00000000e+00  0.00000000e+00  0.00000000e+00
  0.00000000e+00  0.00000000e+00 -3.02909164e-06 -1.53468357e-06
  0.00000000e+00  0.00000000e+00  0.00000000e+00  4.18216496e-06]","[[-0.00041626  0.01772356]
 [-0.0005333  -0.00389487]]",[],0.0,0.0
1787564004.5634284,2.3741772506120604,1.3068135307444468,2.3310974439612977,"[ 2.89286615e-05  1.33243259e-06  0.00000000e+00  0.00000000e+00
  0.00000000e+00 -3.02909164e-06  1.33243259e-06  2.44341168e-05
  0.00000000e+00  0.00000000e+00  0.00000000e+00 -1.53468357e-06
  0.00000000e+00  0.00000000e+00  0.00000000e+00  0.00000000e+00
  0.00000000e+00  0.00000000e+00  0.00000000e+00  0.00000000e+00
  0.00000000e+00  0.00000000e+00  0.00000000e+00  0.00000000e+00
  0.00000000e+00  0.00000000e+00  0.00000000e+00  0.00000000e+00
  0.00000000e+00  0.00000000e+00 -3.02909164e-06 -1.53468357e-06
  0.00000000e+00  0.00000000e+00  0.00000000e+00  4.18216496e-06]","[[-0.00041626  0.01772356]
 [-0.0005333  -0.00389487]]",[],0.0,0.0
1787564004.6204517,2.3741772506120604,1.3068135307444468,2.3310974439612977,"[ 2.89286615e-05  1.33243259e-06  0.00000000e+00  0.00000000e+00
  0.00000000e+00 -3.02909164e-06  1.33243259e-06  2.44341168e-05
  0.00000000e+00  0.00000000e+00  0.00000000e+00 -1.53468357e-06
  0.00000000e+00  0.00000000e+00  0.00000000e+00  0.00000000e+00
  0.00000000e+00  0.00000000e+00  0.00000000e+00  0.00000000e+00
  0.00000000e+00  0.00000000e+00  0.00000000e+00  0.00000000e+00
  0.00000000e+00  0.00000000e+00  0.00000000e+00  0.00000000e+00
  0.00000000e+00  0.00000000e+00 -3.02909164e-06 -1.53468357e-06
  0.00000000e+00  0.00000000e+00  0.00000000e+00  4.18216496e-06]","[[-0.00041626  0.01772356]
 [-0.0005333  -0.00389487]]",[],0.0,0.0
1787564004.68036,2.3741772506120604,1.3068135307444468,2.3310974439612977,"[ 2.89286615e-05  1.33243259e-06  0.00000000e+00  0.00000000e+00
  0.00000000e+00 -3.02909164e-06  1.33243259e-06  2.44341168e-05
  0.00000000e+00  0.00000000e+00  0.00000000e+00 -1.53468357e-06
  0.00000000e+00  0.00000000e+00  0.00000000e+00  0.00000000e+00
  0.00000000e+00  0.00000000e+00  0.00000000e+00  0.00000000e+00
  0.00000000e+00  0.00000000e+00  0.00000000e+00  0.00000000e+00
  0.00000000e+00  0.00000000e+00  0.00000000e+00  0.00000000e+00
  0.00000000e+00  0.00000000e+00 -3.02909164e-06 -1.53468357e-06
  0.00000000e+00  0.00000000e+00  0.00000000e+00  4.18216496e-06]","[[-0.00041626  0.01772356]
 [-0.0005333  -0.00389487]]",[],0.0,0.0
1787564004.9968896,2.3741772506120604,1.3068135307444468,2.3310974439612977,"[ 2.89286615e-05  1.33243259e-06  0.00000000e+00  0.00000000e+00
  0.00000000e+00 -3.02909164e-06  1.33243259e-06  2.44341168e-05
  0.00000000e+00  0.00000000e+00  0.00000000e+00 -1.53468357e-06
  0.00000000e+00  0.00000000e+00  0.00000000e+00  0.00000000e+00
  0.00000000e+00  0.00000000e+00  0.00000000e+00  0.00000000e+00
  0.00000000e+00  0.00000000e+00  0.00000000e+00  0.00000000e+00
  0.00000000e+00  0.00000000e+00  0.00000000e+00  0.00000000e+00
  0.00000000e+00  0.00000000e+00 -3.02909164e-06 -1.53468357e-06
  0.00000000e+00  0.00000000e+00  0.00000000e+00  4.18216496e-06]","[[-0.00041626  0.01772356]
 [-0.0005333  -0.00389487]]",[],0.0,0.0
1787564005.009799,2.3563985911780776,1.2932067776242422,2.3442717190540323,"[ 1.93948020e-05  8.59943708e-07  0.00000000e+00  0.00000000e+00
  0.00000000e+00 -1.72103453e-06  8.59943708e-07  1.62216638e-05
  0.00000000e+00  0.00000000e+00  0.00000000e+00 -1.01625207e-06
  0.00000000e+00  0.00000000e+00  0.00000000e+00  0.00000000e+00
  0.00000000e+00  0.00000000e+00  0.00000000e+00  0.00000000e+00
  0.00000000e+00  0.00000000e+00  0.00000000e+00  0.00000000e+00
  0.00000000e+00  0.00000000e+00  0.00000000e+00  0.00000000e+00
  0.00000000e+00  0.00000000e+00 -1.72103453e-06 -1.01625207e-06
  0.00000000e+00  0.00000000e+00  0.00000000e+00  3.81289368e-06]","[[-0.00028077  0.01124145]
 [-0.00035251 -0.00259503]]",[],0.0,0.0
1787564005.0611613,2.3563985911780776,1.2932067776242422,2.3442717190540323,"[ 1.93948020e-05  8.59943708e-07  0.00000000e+00  0.00000000e+00
  0.00000000e+00 -1.72103453e-06  8.59943708e-07  1.62216638e-05
  0.00000000e+00  0.00000000e+00  0.00000000e+00 -1.01625207e-06
  0.00000000e+00  0.00000000e+00  0.00000000e+00  0.00000000e+00
  0.00000000e+00  0.00000000e+00  0.00000000e+00  0.00000000e+00
  0.00000000e+00  0.00000000e+00  0.00000000e+00  0.00000000e+00
  0.00000000e+00  0.00000000e+00  0.00000000e+00  0.00000000e+00
  0.00000000e+00  0.00000000e+00 -1.72103453e-06 -1.01625207e-06
  0.00000000e+00  0.00000000e+00  0.00000000e+00  3.81289368e-06]","[[-0.00028077  0.01124145]
 [-0.00035251 -0.00259503]]",[],0.0,0.0
1787564005.1103961,2.3563985911780776,1.2932067776242422,2.3442717190540323,"[ 1.93948020e-05  8.59943708e-07  0.00000000e+00  0.00000000e+00
  0.00000000e+00 -1.72103453e-06  8.59943708e-07  1.62216638e-05
  0.00000000e+00  0.00000000e+00  0.00000000e+00 -1.01625207e-06
  0.00000000e+00  0.00000000e+00  0.00000000e+00  0.00000000e+00
  0.00000000e+00  0.00000000e+00  0.00000000e+00  0.00000000e+00
  0.00000000e+00  0.00000000e+00  0.00000000e+00  0.00000000e+00
  0.00000000e+00  0.00000000e+00  0.00000000e+00  0.00000000e+00
  0.00000000e+00  0.00000000e+00 -1.72103453e-06 -1.01625207e-06
  0.00000000e+00  0.00000000e+00  0.00000000e+00  3.81289368e-06]","[[-0.00028077  0.01124145]
 [-0.00035251 -0.00259503]]",[],0.0,0.0
1787564005.170926,2.3563985911780776,1.2932067776242422,2.3442717190540323,"[ 1.93948020e-05  8.59943708e-07  0.00000000e+00  0.00000000e+00
  0.00000000e+00 -1.72103453e-06  8.59943708e-07  1.62216638e-05
  0.00000000e+00  0.00000000e+00  0.00000000e+00 -1.01625207e-06
  0.00000000e+00  0.00000000e+00  0.00000000e+00  0.00000000e+00
  0.00000000e+00  0.00000000e+00  0.00000000e+00  0.00000000e+00
  0.00000000e+00  0.00000000e+00  0.00000000e+00  0.00000000e+00
  0.00000000e+00  0.00000000e+00  0.00000000e+00  0.00000000e+00
  0.00000000e+00  0.00000000e+00 -1.72103453e-06 -1.01625207e-06
  0.00000000e+00  0.00000000e+00  0.00000000e+00  3.81289368e-06]","[[-0.00028077  0.01124145]
 [-0.00035251 -0.00259503]]",[],0.0,0.0
1787564005.2134078,2.3563985911780776,1.2932067776242422,2.3442717190540323,"[ 1.93948020e-05  8.59943708e-07  0.00000000e+00  0.00000000e+00
  0.00000000e+00 -1.72103453e-06  8.59943708e-07  1.62216638e-05
  0.00000000e+00  0.00000000e+00  0.00000000e+00 -1.01625207e-06
  0.00000000e+00  0.00000000e+00  0.00000000e+00  0.00000000e+00
  0.00000000e+00  0.00000000e+00  0.00000000e+00  0.00000000e+00
  0.00000000e+00  0.00000000e+00  0.00000000e+00  0.00000000e+00
  0.00000000e+00  0.00000000e+00  0.00000000e+00  0.00000000e+00
  0.00000000e+00  0.00000000e+00 -1.72103453e-06 -1.01625207e-06
  0.00000000e+00  0.00000000e+00  0.00000000e+00  3.81289368e-06]","[[-0.00028077  0.01124145]
 [-0.00035251 -0.00259503]]",[],0.0,0.0
1787564005.2601662,2.3563985911780776,1.2932067776242422,2.3442717190540323,"[ 1.93948020e-05  8.59943708e-07  0.00000000e+00  0.00000000e+00
  0.00000000e+00 -1.72103453e-06  8.59943708e-07  1.62216638e-05
  0.00000000e+00  0.00000000e+00  0.00000000e+00 -1.01625207e-06
  0.00000000e+00  0.00000000e+00  0.00000000e+00  0.00000000e+00
  0.00000000e+00  0.00000000e+00  0.00000000e+00  0.00000000e+00
  0.00000000e+00  0.00000000e+00  0.00000000e+00  0.00000000e+00
  0.00000000e+00  0.00000000e+00  0.00000000e+00  0.00000000e+00
  0.00000000e+00  0.00000000e+00 -1.72103453e-06 -1.01625207e-06
  0.00000000e+00  0.00000000e+00  0.00000000e+00  3.81289368e-06]","[[-0.00028077  0.01124145]
 [-0.00035251 -0.00259503]]",[],0.0,0.0
1787564005.3113534,2.3563985911780776,1.2932067776242422,2.3442717190540323,"[ 1.93948020e-05  8.59943708e-07  0.00000000e+00  0.00000000e+00
  0.00000000e+00 -1.72103453e-06  8.59943708e-07  1.62216638e-05
  0.00000000e+00  0.00000000e+00  0.00000000e+00 -1.01625207e-06
  0.00000000e+00  0.00000000e+00  0.00000000e+00  0.00000000e+00
  0.00000000e+00  0.00000000e+00  0.00000000e+00  0.00000000e+00
  0.00000000e+00  0.00000000e+00  0.00000000e+00  0.00000000e+00
  0.00000000e+00  0.00000000e+00  0.00000000e+00  0.00000000e+00
  0.00000000e+00  0.00000000e+00 -1.72103453e-06 -1.01625207e-06
  0.00000000e+00  0.00000000e+00  0.00000000e+00  3.81289368e-06]","[[-0.00028077  0.01124145]
 [-0.00035251 -0.00259503]]",[],0.0,0.0
1787564005.3599699,2.3563985911780776,1.2932067776242422,2.3442717190540323,"[ 1.93948020e-05  8.59943708e-07  0.00000000e+00  0.00000000e+00
  0.00000000e+00 -1.72103453e-06  8.59943708e-07  1.62216638e-05
  0.00000000e+00  0.00000000e+00  0.00000000e+00 -1.01625207e-06
  0.00000000e+00  0.00000000e+00  0.00000000e+00  0.00000000e+00
  0.00000000e+00  0.00000000e+00  0.00000000e+00  0.00000000e+00
  0.00000000e+00  0.00000000e+00  0.00000000e+00  0.00000000e+00
  0.00000000e+00  0.00000000e+00  0.00000000e+00  0.00000000e+00
  0.00000000e+00  0.00000000e+00 -1.72103453e-06 -1.01625207e-06
  0.00000000e+00  0.00000000e+00  0.00000000e+00  3.81289368e-06]","[[-0.00028077  0.01124145]
 [-0.00035251 -0.00259503]]",[],0.0,0.0
1787564005.4098105,2.3563985911780776,1.2932067776242422,2.3442717190540323,"[ 1.93948020e-05  8.59943708e-07  0.00000000e+00  0.00000000e+00
  0.00000000e+00 -1.72103453e-06  8.59943708e-07  1.62216638e-05
  0.00000000e+00  0.00000000e+00  0.00000000e+00 -1.01625207e-06
  0.00000000e+00  0.00000000e+00  0.00000000e+00  0.00000000e+00
  0.00000000e+00  0.00000000e+00  0.00000000e+00  0.00000000e+00
  0.00000000e+00  0.00000000e+00  0.00000000e+00  0.00000000e+00
  0.00000000e+00  0.00000000e+00  0.00000000e+00  0.00000000e+00
  0.00000000e+00  0.00000000e+00 -1.72103453e-06 -1.01625207e-06
  0.00000000e+00  0.00000000e+00  0.00000000e+00  3.81289368e-06]","[[-0.00028077  0.01124145]
 [-0.00035251 -0.00259503]]",[],0.0,0.0
1787564005.4741998,2.3563985911780776,1.2932067776242422,2.3442717190540323,"[ 1.93948020e-05  8.59943708e-07  0.00000000e+00  0.00000000e+00
  0.00000000e+00 -1.72103453e-06  8.59943708e-07  1.62216638e-05
  0.00000000e+00  0.00000000e+00  0.00000000e+00 -1.01625207e-06
  0.00000000e+00  0.00000000e+00  0.00000000e+00  0.00000000e+00
  0.00000000e+00  0.00000000e+00  0.00000000e+00  0.00000000e+00
  0.00000000e+00  0.00000000e+00  0.00000000e+00  0.00000000e+00
  0.00000000e+00  0.00000000e+00  0.00000000e+00  0.00000000e+00
  0.00000000e+00  0.00000000e+00 -1.72103453e-06 -1.01625207e-06
  0.00000000e+00  0.00000000e+00  0.00000000e+00  3.81289368e-06]","[[-0.00028077  0.01124145]
 [-0.00035251 -0.00259503]]",[],0.0,0.0
1787564005.5106277,2.3563985911780776,1.2932067776242422,2.3442717190540323,"[ 1.93948020e-05  8.59943708e-07  0.00000000e+00  0.00000000e+00
  0.00000000e+00 -1.72103453e-06  8.59943708e-07  1.62216638e-05
  0.00000000e+00  0.00000000e+00  0.00000000e+00 -1.01625207e-06
  0.00000000e+00  0.00000000e+00  0.00000000e+00  0.00000000e+00
  0.00000000e+00  0.00000000e+00  0.00000000e+00  0.00000000e+00
  0.00000000e+00  0.00000000e+00  0.00000000e+00  0.00000000e+00
  0.00000000e+00  0.00000000e+00  0.00000000e+00  0.00000000e+00
  0.00000000e+00  0.00000000e+00 -1.72103453e-06 -1.01625207e-06
  0.00000000e+00  0.00000000e+00  0.00000000e+00  3.81289368e-06]","[[-0.00028077  0.01124145]
 [-0.00035251 -0.00259503]]",[],0.0,0.0
1787564005.567067,2.3563985911780776,1.2932067776242422,2.3442717190540323,"[ 1.93948020e-05  8.59943708e-07  0.00000000e+00  0.00000000e+00
  0.00000000e+00 -1.72103453e-06  8.59943708e-07  1.62216638e-05
  0.00000000e+00  0.00000000e+00  0.00000000e+00 -1.01625207e-06
  0.00000000e+00  0.00000000e+00  0.00000000e+00  0.00000000e+00
  0.00000000e+00  0.00000000e+00  0.00000000e+00  0.00000000e+00
  0.00000000e+00  0.00000000e+00  0.00000000e+00  0.00000000e+00
  0.00000000e+00  0.00000000e+00  0.00000000e+00  0.00000000e+00
  0.00000000e+00  0.00000000e+00 -1.72103453e-06 -1.01625207e-06
  0.00000000e+00  0.00000000e+00  0.00000000e+00  3.81289368e-06]","[[-0.00028077  0.01124145]
 [-0.00035251 -0.00259503]]",[],0.0,0.0
1787564005.610234,2.3563985911780776,1.2932067776242422,2.3442717190540323,"[ 1.93948020e-05  8.59943708e-07  0.00000000e+00  0.00000000e+00
  0.00000000e+00 -1.72103453e-06  8.59943708e-07  1.62216638e-05
  0.00000000e+00  0.00000000e+00  0.00000000e+00 -1.01625207e-06
  0.00000000e+00  0.00000000e+00  0.00000000e+00  0.00000000e+00
  0.00000000e+00  0.00000000e+00  0.00000000e+00  0.00000000e+00
  0.00000000e+00  0.00000000e+00  0.00000000e+00  0.00000000e+00
  0.00000000e+00  0.00000000e+00  0.00000000e+00  0.00000000e+00
  0.00000000e+00  0.00000000e+00 -1.72103453e-06 -1.01625207e-06
  0.00000000e+00  0.00000000e+00  0.00000000e+00  3.81289368e-06]","[[-0.00028077  0.01124145]
 [-0.00035251 -0.00259503]]",[],0.0,0.0
1787564005.660007,2.3563985911780776,1.2932067776242422,2.3442717190540323,"[ 1.93948020e-05  8.59943708e-07  0.00000000e+00  0.00000000e+00
  0.00000000e+00 -1.72103453e-06  8.59943708e-07  1.62216638e-05
  0.00000000e+00  0.00000000e+00  0.00000000e+00 -1.01625207e-06
  0.00000000e+00  0.00000000e+00  0.00000000e+00  0.00000000e+00
  0.00000000e+00  0.00000000e+00  0.00000000e+00  0.00000000e+00
  0.00000000e+00  0.00000000e+00  0.00000000e+00  0.00000000e+00
  0.00000000e+00  0.00000000e+00  0.00000000e+00  0.00000000e+00
  0.00000000e+00  0.00000000e+00 -1.72103453e-06 -1.01625207e-06
  0.00000000e+00  0.00000000e+00  0.00000000e+00  3.81289368e-06]","[[-0.00028077  0.01124145]
 [-0.00035251 -0.00259503]]",[],0.0,0.0
1787564005.920158,2.3563985911780776,1.2932067776242422,2.3442717190540323,"[ 1.93948020e-05  8.59943708e-07  0.00000000e+00  0.00000000e+00
  0.00000000e+00 -1.72103453e-06  8.59943708e-07  1.62216638e-05
  0.00000000e+00  0.00000000e+00  0.00000000e+00 -1.01625207e-06
  0.00000000e+00  0.00000000e+00  0.00000000e+00  0.00000000e+00
  0.00000000e+00  0.00000000e+00  0.00000000e+00  0.00000000e+00
  0.00000000e+00  0.00000000e+00  0.00000000e+00  0.00000000e+00
  0.00000000e+00  0.00000000e+00  0.00000000e+00  0.00000000e+00
  0.00000000e+00  0.00000000e+00 -1.72103453e-06 -1.01625207e-06
  0.00000000e+00  0.00000000e+00  0.00000000e+00  3.81289368e-06]","[[-0.00028077  0.01124145]
 [-0.00035251 -0.00259503]]",[],0.0,0.0
1787564006.5627582,2.3566063385663183,1.285413446408777,2.3356549185784514,"[ 1.47523326e-05  6.79823809e-07  0.00000000e+00  0.00000000e+00
  0.00000000e+00 -1.26942335e-06  6.79823809e-07  1.24427163e-05
  0.00000000e+00  0.00000000e+00  0.00000000e+00 -8.86563605e-07
  0.00000000e+00  0.00000000e+00  0.00000000e+00  0.00000000e+00
  0.00000000e+00  0.00000000e+00  0.00000000e+00  0.00000000e+00
  0.00000000e+00  0.00000000e+00  0.00000000e+00  0.00000000e+00
  0.00000000e+00  0.00000000e+00  0.00000000e+00  0.00000000e+00
  0.00000000e+00  0.00000000e+00 -1.26942335e-06 -8.86563605e-07
  0.00000000e+00  0.00000000e+00  0.00000000e+00  3.94839801e-06]","[[-0.00021482  0.00842396]
 [-0.00027029 -0.00179621]]",[],0.0,0.0
1787564007.2365294,2.354862858763101,1.2812571786375504,2.3335061375343837,"[ 1.18573659e-05  5.54103770e-07  0.00000000e+00  0.00000000e+00
  0.00000000e+00 -1.07017692e-06  5.54103770e-07  1.00304023e-05
  0.00000000e+00  0.00000000e+00  0.00000000e+00 -6.83242679e-07
  0.00000000e+00  0.00000000e+00  0.00000000e+00  0.00000000e+00
  0.00000000e+00  0.00000000e+00  0.00000000e+00  0.00000000e+00
  0.00000000e+00  0.00000000e+00  0.00000000e+00  0.00000000e+00
  0.00000000e+00  0.00000000e+00  0.00000000e+00  0.00000000e+00
  0.00000000e+00  0.00000000e+00 -1.07017692e-06 -6.83242679e-07
  0.00000000e+00  0.00000000e+00  0.00000000e+00  3.50253644e-06]","[[-0.00017249  0.00684584]
 [-0.00021815 -0.00148549]]",[],0.0,0.0
1787564007.9949098,2.3557720796265946,1.2760402010590661,2.3377901562138534,"[ 1.01492907e-05  4.00730651e-07  0.00000000e+00  0.00000000e+00
  0.00000000e+00 -8.66781193e-07  4.00730651e-07  8.56495149e-06
  0.00000000e+00  0.00000000e+00  0.00000000e+00 -3.85328761e-07
  0.00000000e+00  0.00000000e+00  0.00000000e+00  0.00000000e+00
  0.00000000e+00  0.00000000e+00  0.00000000e+00  0.00000000e+00
  0.00000000e+00  0.00000000e+00  0.00000000e+00  0.00000000e+00
  0.00000000e+00  0.00000000e+00  0.00000000e+00  0.00000000e+00
  0.00000000e+00  0.00000000e+00 -8.66781193e-07 -3.85328761e-07
  0.00000000e+00  0.00000000e+00  0.00000000e+00  3.67866754e-06]","[[-0.00014605  0.00579385]
 [-0.00018532 -0.0016239 ]]",[],0.0,0.0
1787564008.0101066,2.3557720796265946,1.2760402010590661,2.3377901562138534,"[ 1.01492907e-05  4.00730651e-07  0.00000000e+00  0.00000000e+00
  0.00000000e+00 -8.66781193e-07  4.00730651e-07  8.56495149e-06
  0.00000000e+00  0.00000000e+00  0.00000000e+00 -3.85328761e-07
  0.00000000e+00  0.00000000e+00  0.00000000e+00  0.00000000e+00
  0.00000000e+00  0.00000000e+00  0.00000000e+00  0.00000000e+00
  0.00000000e+00  0.00000000e+00  0.00000000e+00  0.00000000e+00
  0.00000000e+00  0.00000000e+00  0.00000000e+00  0.00000000e+00
  0.00000000e+00  0.00000000e+00 -8.66781193e-07 -3.85328761e-07
  0.00000000e+00  0.00000000e+00  0.00000000e+00  3.67866754e-06]","[[-0.00014605  0.00579385]
 [-0.00018532 -0.0016239 ]]",[],0.0,0.0
1787564008.6689122,2.3524699002978005,1.27131628783898,2.342026989534359,"[ 8.76683542e-06  2.48260149e-07  0.00000000e+00  0.00000000e+00
  0.00000000e+00 -7.48530134e-07  2.48260149e-07  7.38059617e-06
  0.00000000e+00  0.00000000e+00  0.00000000e+00 -3.79855264e-07
  0.00000000e+00  0.00000000e+00  0.00000000e+00  0.00000000e+00
  0.00000000e+00  0.00000000e+00  0.00000000e+00  0.00000000e+00
  0.00000000e+00  0.00000000e+00  0.00000000e+00  0.00000000e+00
  0.00000000e+00  0.00000000e+00  0.00000000e+00  0.00000000e+00
  0.00000000e+00  0.00000000e+00 -7.48530134e-07 -3.79855264e-07
  0.00000000e+00  0.00000000e+00  0.00000000e+00  3.63857377e-06]","[[-0.00012389  0.00503049]
 [-0.00015849 -0.00135682]]",[],0.0,0.0
1787564009.2817957,2.3495930584576006,1.267501066548851,2.3513387164771764,"[ 7.64125582e-06  1.54206084e-07  0.00000000e+00  0.00000000e+00
  0.00000000e+00 -5.97751126e-07  1.54206084e-07  6.43235487e-06
  0.00000000e+00  0.00000000e+00  0.00000000e+00 -3.18725583e-07
  0.00000000e+00  0.00000000e+00  0.00000000e+00  0.00000000e+00
  0.00000000e+00  0.00000000e+00  0.00000000e+00  0.00000000e+00
  0.00000000e+00  0.00000000e+00  0.00000000e+00  0.00000000e+00
  0.00000000e+00  0.00000000e+00  0.00000000e+00  0.00000000e+00
  0.00000000e+00  0.00000000e+00 -5.97751126e-07 -3.18725583e-07
  0.00000000e+00  0.00000000e+00  0.00000000e+00  3.33416281e-06]","[[-0.00010669  0.00430563]
 [-0.00013728 -0.00122727]]",[],0.0,0.0
1787564009.8938122,2.3460008962315118,1.2649153345343127,2.3490094617617387,"[ 6.82437299e-06  1.06276323e-07  0.00000000e+00  0.00000000e+00
  0.00000000e+00 -5.66560830e-07  1.06276323e-07  5.69889128e-06
  0.00000000e+00  0.00000000e+00  0.00000000e+00 -2.87235501e-07
  0.00000000e+00  0.00000000e+00  0.00000000e+00  0.00000000e+00
  0.00000000e+00  0.00000000e+00  0.00000000e+00  0.00000000e+00
  0.00000000e+00  0.00000000e+00  0.00000000e+00  0.00000000e+00
  0.00000000e+00  0.00000000e+00  0.00000000e+00  0.00000000e+00
  0.00000000e+00  0.00000000e+00 -5.66560830e-07 -2.87235501e-07
  0.00000000e+00  0.00000000e+00  0.00000000e+00  3.24734708e-06]","[[-9.46383188e-05  3.90366101e-03]
 [-1.21204872e-04 -1.09057351e-03]]",[],0.0,0.0
1787564010.4762995,2.34697626371528,1.2631300141856179,2.3504217981567352,"[ 6.13254648e-06  6.05260021e-08  0.00000000e+00  0.00000000e+00
  0.00000000e+00 -5.59643274e-07  6.05260021e-08  5.19540371e-06
  0.00000000e+00  0.00000000e+00  0.00000000e+00 -2.71108889e-07
  0.00000000e+00  0.00000000e+00  0.00000000e+00  0.00000000e+00
  0.00000000e+00  0.00000000e+00  0.00000000e+00  0.00000000e+00
  0.00000000e+00  0.00000000e+00  0.00000000e+00  0.00000000e+00
  0.00000000e+00  0.00000000e+00  0.00000000e+00  0.00000000e+00
  0.00000000e+00  0.00000000e+00 -5.59643274e-07 -2.71108889e-07
  0.00000000e+00  0.00000000e+00  0.00000000e+00  3.35948222e-06]","[[ 1.09696153e-04  4.12554475e-03]
 [-8.87292835e-05  3.28232776e-03]]",[],0.0,0.0
1787564011.0900967,2.346019133784538,1.2611131451028543,2.341390954305542,"[ 5.59413160e-06  1.84770697e-08  0.00000000e+00  0.00000000e+00
  0.00000000e+00 -5.16198098e-07  1.84770697e-08  4.74624394e-06
  0.00000000e+00  0.00000000e+00  0.00000000e+00 -2.34696819e-07
  0.00000000e+00  0.00000000e+00  0.00000000e+00  0.00000000e+00
  0.00000000e+00  0.00000000e+00  0.00000000e+00  0.00000000e+00
  0.00000000e+00  0.00000000e+00  0.00000000e+00  0.00000000e+00
  0.00000000e+00  0.00000000e+00  0.00000000e+00  0.00000000e+00
  0.00000000e+00  0.00000000e+00 -5.16198098e-07 -2.34696819e-07
  0.00000000e+00  0.00000000e+00  0.00000000e+00  3.22500183e-06]","[[ 1.00673407e-04  3.75122827e-03]
 [-8.17470468e-05  2.95516163e-03]]",[],0.0,0.0
1787564011.1343408,2.3456759036179933,1.258850869469727,2.3305928064417394,"[ 5.16917404e-06 -2.54382133e-08  0.00000000e+00  0.00000000e+00
  0.00000000e+00 -4.56938645e-07 -2.54382133e-08  4.39960667e-06
  0.00000000e+00  0.00000000e+00  0.00000000e+00 -2.53272349e-07
  0.00000000e+00  0.00000000e+00  0.00000000e+00  0.00000000e+00
  0.00000000e+00  0.00000000e+00  0.00000000e+00  0.00000000e+00
  0.00000000e+00  0.00000000e+00  0.00000000e+00  0.00000000e+00
  0.00000000e+00  0.00000000e+00  0.00000000e+00  0.00000000e+00
  0.00000000e+00  0.00000000e+00 -4.56938645e-07 -2.53272349e-07
  0.00000000e+00  0.00000000e+00  0.00000000e+00  3.43736802e-06]","[[ 1.97466713e-05  2.16228394e-03]
 [-1.08874014e-04  5.91181518e-04]]",[],0.0,0.0
1787564011.670282,2.3456759036179933,1.258850869469727,2.3305928064417394,"[ 5.16917404e-06 -2.54382133e-08  0.00000000e+00  0.00000000e+00
  0.00000000e+00 -4.56938645e-07 -2.54382133e-08  4.39960667e-06
  0.00000000e+00  0.00000000e+00  0.00000000e+00 -2.53272349e-07
  0.00000000e+00  0.00000000e+00  0.00000000e+00  0.00000000e+00
  0.00000000e+00  0.00000000e+00  0.00000000e+00  0.00000000e+00
  0.00000000e+00  0.00000000e+00  0.00000000e+00  0.00000000e+00
  0.00000000e+00  0.00000000e+00  0.00000000e+00  0.00000000e+00
  0.00000000e+00  0.00000000e+00 -4.56938645e-07 -2.53272349e-07
  0.00000000e+00  0.00000000e+00  0.00000000e+00  3.43736802e-06]","[[ 1.97466713e-05  2.16228394e-03]
 [-1.08874014e-04  5.91181518e-04]]",[],0.0,0.0
1787564012.249594,2.345019895766558,1.2556692297038212,2.339514213338129,"[ 4.80503428e-06 -6.42800410e-08  0.00000000e+00  0.00000000e+00
  0.00000000e+00 -4.49637503e-07 -6.42800410e-08  4.09654809e-06
  0.00000000e+00  0.00000000e+00  0.00000000e+00 -1.73580890e-07
  0.00000000e+00  0.00000000e+00  0.00000000e+00  0.00000000e+00
  0.00000000e+00  0.00000000e+00  0.00000000e+00  0.00000000e+00
  0.00000000e+00  0.00000000e+00  0.00000000e+00  0.00000000e+00
  0.00000000e+00  0.00000000e+00  0.00000000e+00  0.00000000e+00
  0.00000000e+00  0.00000000e+00 -4.49637503e-07 -1.73580890e-07
  0.00000000e+00  0.00000000e+00  0.00000000e+00  3.32459568e-06]","[[-6.36666233e-05  2.86610187e-03]
 [-8.52461017e-05 -8.95826330e-04]]",[],0.0,0.0
1787564012.2594538,2.3466350998825845,1.253070547772706,2.3333673361137386,"[ 4.50706623e-06 -8.80367991e-08  0.00000000e+00  0.00000000e+00
  0.00000000e+00 -4.32631673e-07 -8.80367991e-08  3.86867033e-06
  0.00000000e+00  0.00000000e+00  0.00000000e+00 -1.64584512e-07
  0.00000000e+00  0.00000000e+00  0.00000000e+00  0.00000000e+00
  0.00000000e+00  0.00000000e+00  0.00000000e+00  0.00000000e+00
  0.00000000e+00  0.00000000e+00  0.00000000e+00  0.00000000e+00
  0.00000000e+00  0.00000000e+00  0.00000000e+00  0.00000000e+00
  0.00000000e+00  0.00000000e+00 -4.32631673e-07 -1.64584512e-07
  0.00000000e+00  0.00000000e+00  0.00000000e+00  3.35577485e-06]","[[-5.91000246e-05  2.71272852e-03]
 [-8.01542456e-05 -8.55182996e-04]]",[],0.0,0.0
1787564012.8846405,2.3466350998825845,1.253070547772706,2.3333673361137386,"[ 4.50706623e-06 -8.80367991e-08  0.00000000e+00  0.00000000e+00
  0.00000000e+00 -4.32631673e-07 -8.80367991e-08  3.86867033e-06
  0.00000000e+00  0.00000000e+00  0.00000000e+00 -1.64584512e-07
  0.00000000e+00  0.00000000e+00  0.00000000e+00  0.00000000e+00
  0.00000000e+00  0.00000000e+00  0.00000000e+00  0.00000000e+00
  0.00000000e+00  0.00000000e+00  0.00000000e+00  0.00000000e+00
  0.00000000e+00  0.00000000e+00  0.00000000e+00  0.00000000e+00
  0.00000000e+00  0.00000000e+00 -4.32631673e-07 -1.64584512e-07
  0.00000000e+00  0.00000000e+00  0.00000000e+00  3.35577485e-06]","[[-5.91000246e-05  2.71272852e-03]
 [-8.01542456e-05 -8.55182996e-04]]",[],0.0,0.0
1787564013.5626724,2.346289132341781,1.25118614733563,2.3260672089387313,"[ 4.25468223e-06 -1.25109338e-07  0.00000000e+00  0.00000000e+00
  0.00000000e+00 -3.93714993e-07 -1.25109338e-07  3.66277101e-06
  0.00000000e+00  0.00000000e+00  0.00000000e+00 -1.59837405e-07
  0.00000000e+00  0.00000000e+00  0.00000000e+00  0.00000000e+00
  0.00000000e+00  0.00000000e+00  0.00000000e+00  0.00000000e+00
  0.00000000e+00  0.00000000e+00  0.00000000e+00  0.00000000e+00
  0.00000000e+00  0.00000000e+00  0.00000000e+00  0.00000000e+00
  0.00000000e+00  0.00000000e+00 -3.93714993e-07 -1.59837405e-07
  0.00000000e+00  0.00000000e+00  0.00000000e+00  3.40141501e-06]","[[-5.48281586e-05  2.54855583e-03]
 [-7.53688569e-05 -8.19495058e-04]]",[],0.0,0.0
1787564013.610372,2.3450131660048443,1.2492813269909986,2.330547445468169,"[ 4.02840260e-06 -1.65181924e-07  0.00000000e+00  0.00000000e+00
  0.00000000e+00 -3.81588988e-07 -1.65181924e-07  3.47873106e-06
  0.00000000e+00  0.00000000e+00  0.00000000e+00 -1.52553889e-07
  0.00000000e+00  0.00000000e+00  0.00000000e+00  0.00000000e+00
  0.00000000e+00  0.00000000e+00  0.00000000e+00  0.00000000e+00
  0.00000000e+00  0.00000000e+00  0.00000000e+00  0.00000000e+00
  0.00000000e+00  0.00000000e+00  0.00000000e+00  0.00000000e+00
  0.00000000e+00  0.00000000e+00 -3.81588988e-07 -1.52553889e-07
  0.00000000e+00  0.00000000e+00  0.00000000e+00  3.38519834e-06]","[[-5.09092824e-05  2.43995325e-03]
 [-7.09673050e-05 -7.96450610e-04]]",[],0.0,0.0
1787564013.660415,2.3450131660048443,1.2492813269909986,2.330547445468169,"[ 4.02840260e-06 -1.65181924e-07  0.00000000e+00  0.00000000e+00
  0.00000000e+00 -3.81588988e-07 -1.65181924e-07  3.47873106e-06
  0.00000000e+00  0.00000000e+00  0.00000000e+00 -1.52553889e-07
  0.00000000e+00  0.00000000e+00  0.00000000e+00  0.00000000e+00
  0.00000000e+00  0.00000000e+00  0.00000000e+00  0.00000000e+00
  0.00000000e+00  0.00000000e+00  0.00000000e+00  0.00000000e+00
  0.00000000e+00  0.00000000e+00  0.00000000e+00  0.00000000e+00
  0.00000000e+00  0.00000000e+00 -3.81588988e-07 -1.52553889e-07
  0.00000000e+00  0.00000000e+00  0.00000000e+00  3.38519834e-06]","[[-5.09092824e-05  2.43995325e-03]
 [-7.09673050e-05 -7.96450610e-04]]",[],0.0,0.0
1787564013.712019,2.3450131660048443,1.2492813269909986,2.330547445468169,"[ 4.02840260e-06 -1.65181924e-07  0.00000000e+00  0.00000000e+00
  0.00000000e+00 -3.81588988e-07 -1.65181924e-07  3.47873106e-06
  0.00000000e+00  0.00000000e+00  0.00000000e+00 -1.52553889e-07
  0.00000000e+00  0.00000000e+00  0.00000000e+00  0.00000000e+00
  0.00000000e+00  0.00000000e+00  0.00000000e+00  0.00000000e+00
  0.00000000e+00  0.00000000e+00  0.00000000e+00  0.00000000e+00
  0.00000000e+00  0.00000000e+00  0.00000000e+00  0.00000000e+00
  0.00000000e+00  0.00000000e+00 -3.81588988e-07 -1.52553889e-07
  0.00000000e+00  0.00000000e+00  0.00000000e+00  3.38519834e-06]","[[-5.09092824e-05  2.43995325e-03]
 [-7.09673050e-05 -7.96450610e-04]]",[],0.0,0.0
1787564013.7601938,2.3450131660048443,1.2492813269909986,2.330547445468169,"[ 4.02840260e-06 -1.65181924e-07  0.00000000e+00  0.00000000e+00
  0.00000000e+00 -3.81588988e-07 -1.65181924e-07  3.47873106e-06
  0.00000000e+00  0.00000000e+00  0.00000000e+00 -1.52553889e-07
  0.00000000e+00  0.00000000e+00  0.00000000e+00  0.00000000e+00
  0.00000000e+00  0.00000000e+00  0.00000000e+00  0.00000000e+00
  0.00000000e+00  0.00000000e+00  0.00000000e+00  0.00000000e+00
  0.00000000e+00  0.00000000e+00  0.00000000e+00  0.00000000e+00
  0.00000000e+00  0.00000000e+00 -3.81588988e-07 -1.52553889e-07
  0.00000000e+00  0.00000000e+00  0.00000000e+00  3.38519834e-06]","[[-5.09092824e-05  2.43995325e-03]
 [-7.09673050e-05 -7.96450610e-04]]",[],0.0,0.0
1787564013.8103726,2.3450131660048443,1.2492813269909986,2.330547445468169,"[ 4.02840260e-06 -1.65181924e-07  0.00000000e+00  0.00000000e+00
  0.00000000e+00 -3.81588988e-07 -1.65181924e-07  3.47873106e-06
  0.00000000e+00  0.00000000e+00  0.00000000e+00 -1.52553889e-07
  0.00000000e+00  0.00000000e+00  0.00000000e+00  0.00000000e+00
  0.00000000e+00  0.00000000e+00  0.00000000e+00  0.00000000e+00
  0.00000000e+00  0.00000000e+00  0.00000000e+00  0.00000000e+00
  0.00000000e+00  0.00000000e+00  0.00000000e+00  0.00000000e+00
  0.00000000e+00  0.00000000e+00 -3.81588988e-07 -1.52553889e-07
  0.00000000e+00  0.00000000e+00  0.00000000e+00  3.38519834e-06]","[[-5.09092824e-05  2.43995325e-03]
 [-7.09673050e-05 -7.96450610e-04]]",[],0.0,0.0
1787564013.861088,2.3450131660048443,1.2492813269909986,2.330547445468169,"[ 4.02840260e-06 -1.65181924e-07  0.00000000e+00  0.00000000e+00
  0.00000000e+00 -3.81588988e-07 -1.65181924e-07  3.47873106e-06
  0.00000000e+00  0.00000000e+00  0.00000000e+00 -1.52553889e-07
  0.00000000e+00  0.00000000e+00  0.00000000e+00  0.00000000e+00
  0.00000000e+00  0.00000000e+00  0.00000000e+00  0.00000000e+00
  0.00000000e+00  0.00000000e+00  0.00000000e+00  0.00000000e+00
  0.00000000e+00  0.00000000e+00  0.00000000e+00  0.00000000e+00
  0.00000000e+00  0.00000000e+00 -3.81588988e-07 -1.52553889e-07
  0.00000000e+00  0.00000000e+00  0.00000000e+00  3.38519834e-06]","[[-5.09092824e-05  2.43995325e-03]
 [-7.09673050e-05 -7.96450610e-04]]",[],0.0,0.0
1787564013.909645,2.3450131660048443,1.2492813269909986,2.330547445468169,"[ 4.02840260e-06 -1.65181924e-07  0.00000000e+00  0.00000000e+00
  0.00000000e+00 -3.81588988e-07 -1.65181924e-07  3.47873106e-06
  0.00000000e+00  0.00000000e+00  0.00000000e+00 -1.52553889e-07
  0.00000000e+00  0.00000000e+00  0.00000000e+00  0.00000000e+00
  0.00000000e+00  0.00000000e+00  0.00000000e+00  0.00000000e+00
  0.00000000e+00  0.00000000e+00  0.00000000e+00  0.00000000e+00
  0.00000000e+00  0.00000000e+00  0.00000000e+00  0.00000000e+00
  0.00000000e+00  0.00000000e+00 -3.81588988e-07 -1.52553889e-07
  0.00000000e+00  0.00000000e+00  0.00000000e+00  3.38519834e-06]","[[-5.09092824e-05  2.43995325e-03]
 [-7.09673050e-05 -7.96450610e-04]]",[],0.0,0.0
1787564013.9597201,2.3450131660048443,1.2492813269909986,2.330547445468169,"[ 4.02840260e-06 -1.65181924e-07  0.00000000e+00  0.00000000e+00
  0.00000000e+00 -3.81588988e-07 -1.65181924e-07  3.47873106e-06
  0.00000000e+00  0.00000000e+00  0.00000000e+00 -1.52553889e-07
  0.00000000e+00  0.00000000e+00  0.00000000e+00  0.00000000e+00
  0.00000000e+00  0.00000000e+00  0.00000000e+00  0.00000000e+00
  0.00000000e+00  0.00000000e+00  0.00000000e+00  0.00000000e+00
  0.00000000e+00  0.00000000e+00  0.00000000e+00  0.00000000e+00
  0.00000000e+00  0.00000000e+00 -3.81588988e-07 -1.52553889e-07
  0.00000000e+00  0.00000000e+00  0.00000000e+00  3.38519834e-06]","[[-5.09092824e-05  2.43995325e-03]
 [-7.09673050e-05 -7.96450610e-04]]",[],0.0,0.0
1787564014.0095932,2.3450131660048443,1.2492813269909986,2.330547445468169,"[ 4.02840260e-06 -1.65181924e-07  0.00000000e+00  0.00000000e+00
  0.00000000e+00 -3.81588988e-07 -1.65181924e-07  3.47873106e-06
  0.00000000e+00  0.00000000e+00  0.00000000e+00 -1.52553889e-07
  0.00000000e+00  0.00000000e+00  0.00000000e+00  0.00000000e+00
  0.00000000e+00  0.00000000e+00  0.00000000e+00  0.00000000e+00
  0.00000000e+00  0.00000000e+00  0.00000000e+00  0.00000000e+00
  0.00000000e+00  0.00000000e+00  0.00000000e+00  0.00000000e+00
  0.00000000e+00  0.00000000e+00 -3.81588988e-07 -1.52553889e-07
  0.00000000e+00  0.00000000e+00  0.00000000e+00  3.38519834e-06]","[[-5.09092824e-05  2.43995325e-03]
 [-7.09673050e-05 -7.96450610e-04]]",[],0.0,0.0
1787564014.0603588,2.3450131660048443,1.2492813269909986,2.330547445468169,"[ 4.02840260e-06 -1.65181924e-07  0.00000000e+00  0.00000000e+00
  0.00000000e+00 -3.81588988e-07 -1.65181924e-07  3.47873106e-06
  0.00000000e+00  0.00000000e+00  0.00000000e+00 -1.52553889e-07
  0.00000000e+00  0.00000000e+00  0.00000000e+00  0.00000000e+00
  0.00000000e+00  0.00000000e+00  0.00000000e+00  0.00000000e+00
  0.00000000e+00  0.00000000e+00  0.00000000e+00  0.00000000e+00
  0.00000000e+00  0.00000000e+00  0.00000000e+00  0.00000000e+00
  0.00000000e+00  0.00000000e+00 -3.81588988e-07 -1.52553889e-07
  0.00000000e+00  0.00000000e+00  0.00000000e+00  3.38519834e-06]","[[-5.09092824e-05  2.43995325e-03]
 [-7.09673050e-05 -7.96450610e-04]]",[],0.0,0.0
1787564014.1102092,2.3450131660048443,1.2492813269909986,2.330547445468169,"[ 4.02840260e-06 -1.65181924e-07  0.00000000e+00  0.00000000e+00
  0.00000000e+00 -3.81588988e-07 -1.65181924e-07  3.47873106e-06
  0.00000000e+00  0.00000000e+00  0.00000000e+00 -1.52553889e-07
  0.00000000e+00  0.00000000e+00  0.00000000e+00  0.00000000e+00
  0.00000000e+00  0.00000000e+00  0.00000000e+00  0.00000000e+00
  0.00000000e+00  0.00000000e+00  0.00000000e+00  0.00000000e+00
  0.00000000e+00  0.00000000e+00  0.00000000e+00  0.00000000e+00
  0.00000000e+00  0.00000000e+00 -3.81588988e-07 -1.52553889e-07
  0.00000000e+00  0.00000000e+00  0.00000000e+00  3.38519834e-06]","[[-5.09092824e-05  2.43995325e-03]
 [-7.09673050e-05 -7.96450610e-04]]",[],0.0,0.0
1787564014.1671338,2.3450131660048443,1.2492813269909986,2.330547445468169,"[ 4.02840260e-06 -1.65181924e-07  0.00000000e+00  0.00000000e+00
  0.00000000e+00 -3.81588988e-07 -1.65181924e-07  3.47873106e-06
  0.00000000e+00  0.00000000e+00  0.00000000e+00 -1.52553889e-07
  0.00000000e+00  0.00000000e+00  0.00000000e+00  0.00000000e+00
  0.00000000e+00  0.00000000e+00  0.00000000e+00  0.00000000e+00
  0.00000000e+00  0.00000000e+00  0.00000000e+00  0.00000000e+00
  0.00000000e+00  0.00000000e+00  0.00000000e+00  0.00000000e+00
  0.00000000e+00  0.00000000e+00 -3.81588988e-07 -1.52553889e-07
  0.00000000e+00  0.00000000e+00  0.00000000e+00  3.38519834e-06]","[[-5.09092824e-05  2.43995325e-03]
 [-7.09673050e-05 -7.96450610e-04]]",[],0.0,0.0
1787564014.2147071,2.3450131660048443,1.2492813269909986,2.330547445468169,"[ 4.02840260e-06 -1.65181924e-07  0.00000000e+00  0.00000000e+00
  0.00000000e+00 -3.81588988e-07 -1.65181924e-07  3.47873106e-06
  0.00000000e+00  0.00000000e+00  0.00000000e+00 -1.52553889e-07
  0.00000000e+00  0.00000000e+00  0.00000000e+00  0.00000000e+00
  0.00000000e+00  0.00000000e+00  0.00000000e+00  0.00000000e+00
  0.00000000e+00  0.00000000e+00  0.00000000e+00  0.00000000e+00
  0.00000000e+00  0.00000000e+00  0.00000000e+00  0.00000000e+00
  0.00000000e+00  0.00000000e+00 -3.81588988e-07 -1.52553889e-07
  0.00000000e+00  0.00000000e+00  0.00000000e+00  3.38519834e-06]","[[-5.09092824e-05  2.43995325e-03]
 [-7.09673050e-05 -7.96450610e-04]]",[],0.0,0.0
1787564014.2613175,2.3450131660048443,1.2492813269909986,2.330547445468169,"[ 4.02840260e-06 -1.65181924e-07  0.00000000e+00  0.00000000e+00
  0.00000000e+00 -3.81588988e-07 -1.65181924e-07  3.47873106e-06
  0.00000000e+00  0.00000000e+00  0.00000000e+00 -1.52553889e-07
  0.00000000e+00  0.00000000e+00  0.00000000e+00  0.00000000e+00
  0.00000000e+00  0.00000000e+00  0.00000000e+00  0.00000000e+00
  0.00000000e+00  0.00000000e+00  0.00000000e+00  0.00000000e+00
  0.00000000e+00  0.00000000e+00  0.00000000e+00  0.00000000e+00
  0.00000000e+00  0.00000000e+00 -3.81588988e-07 -1.52553889e-07
  0.00000000e+00  0.00000000e+00  0.00000000e+00  3.38519834e-06]","[[-5.09092824e-05  2.43995325e-03]
 [-7.09673050e-05 -7.96450610e-04]]",[],0.0,0.0
1787564014.3171165,2.3450131660048443,1.2492813269909986,2.330547445468169,"[ 4.02840260e-06 -1.65181924e-07  0.00000000e+00  0.00000000e+00
  0.00000000e+00 -3.81588988e-07 -1.65181924e-07  3.47873106e-06
  0.00000000e+00  0.00000000e+00  0.00000000e+00 -1.52553889e-07
  0.00000000e+00  0.00000000e+00  0.00000000e+00  0.00000000e+00
  0.00000000e+00  0.00000000e+00  0.00000000e+00  0.00000000e+00
  0.00000000e+00  0.00000000e+00  0.00000000e+00  0.00000000e+00
  0.00000000e+00  0.00000000e+00  0.00000000e+00  0.00000000e+00
  0.00000000e+00  0.00000000e+00 -3.81588988e-07 -1.52553889e-07
  0.00000000e+00  0.00000000e+00  0.00000000e+00  3.38519834e-06]","[[-5.09092824e-05  2.43995325e-03]
 [-7.09673050e-05 -7.96450610e-04]]",[],0.0,0.0
1787564014.365753,2.3450131660048443,1.2492813269909986,2.330547445468169,"[ 4.02840260e-06 -1.65181924e-07  0.00000000e+00  0.00000000e+00
  0.00000000e+00 -3.81588988e-07 -1.65181924e-07  3.47873106e-06
  0.00000000e+00  0.00000000e+00  0.00000000e+00 -1.52553889e-07
  0.00000000e+00  0.00000000e+00  0.00000000e+00  0.00000000e+00
  0.00000000e+00  0.00000000e+00  0.00000000e+00  0.00000000e+00
  0.00000000e+00  0.00000000e+00  0.00000000e+00  0.00000000e+00
  0.00000000e+00  0.00000000e+00  0.00000000e+00  0.00000000e+00
  0.00000000e+00  0.00000000e+00 -3.81588988e-07 -1.52553889e-07
  0.00000000e+00  0.00000000e+00  0.00000000e+00  3.38519834e-06]","[[-5.09092824e-05  2.43995325e-03]
 [-7.09673050e-05 -7.96450610e-04]]",[],0.0,0.0
1787564014.4120567,2.345515317301291,1.2477791691676134,2.324478054740192,"[ 3.88474489e-06 -2.46438100e-07  0.00000000e+00  0.00000000e+00
  0.00000000e+00 -4.09171956e-07 -2.46438100e-07  3.35959417e-06
  0.00000000e+00  0.00000000e+00  0.00000000e+00 -1.29690598e-07
  0.00000000e+00  0.00000000e+00  0.00000000e+00  0.00000000e+00
  0.00000000e+00  0.00000000e+00  0.00000000e+00  0.00000000e+00
  0.00000000e+00  0.00000000e+00  0.00000000e+00  0.00000000e+00
  0.00000000e+00  0.00000000e+00  0.00000000e+00  0.00000000e+00
  0.00000000e+00  0.00000000e+00 -4.09171956e-07 -1.29690598e-07
  0.00000000e+00  0.00000000e+00  0.00000000e+00  3.70585673e-06]","[[-4.72613171e-05  2.44424617e-03]
 [-6.73627921e-05 -8.35636896e-04]]",[],0.0,0.0
1787564014.4642925,2.345515317301291,1.2477791691676134,2.324478054740192,"[ 3.88474489e-06 -2.46438100e-07  0.00000000e+00  0.00000000e+00
  0.00000000e+00 -4.09171956e-07 -2.46438100e-07  3.35959417e-06
  0.00000000e+00  0.00000000e+00  0.00000000e+00 -1.29690598e-07
  0.00000000e+00  0.00000000e+00  0.00000000e+00  0.00000000e+00
  0.00000000e+00  0.00000000e+00  0.00000000e+00  0.00000000e+00
  0.00000000e+00  0.00000000e+00  0.00000000e+00  0.00000000e+00
  0.00000000e+00  0.00000000e+00  0.00000000e+00  0.00000000e+00
  0.00000000e+00  0.00000000e+00 -4.09171956e-07 -1.29690598e-07
  0.00000000e+00  0.00000000e+00  0.00000000e+00  3.70585673e-06]","[[-4.72613171e-05  2.44424617e-03]
 [-6.73627921e-05 -8.35636896e-04]]",[],0.0,0.0
1787564014.5125275,2.345515317301291,1.2477791691676134,2.324478054740192,"[ 3.88474489e-06 -2.46438100e-07  0.00000000e+00  0.00000000e+00
  0.00000000e+00 -4.09171956e-07 -2.46438100e-07  3.35959417e-06
  0.00000000e+00  0.00000000e+00  0.00000000e+00 -1.29690598e-07
  0.00000000e+00  0.00000000e+00  0.00000000e+00  0.00000000e+00
  0.00000000e+00  0.00000000e+00  0.00000000e+00  0.00000000e+00
  0.00000000e+00  0.00000000e+00  0.00000000e+00  0.00000000e+00
  0.00000000e+00  0.00000000e+00  0.00000000e+00  0.00000000e+00
  0.00000000e+00  0.00000000e+00 -4.09171956e-07 -1.29690598e-07
  0.00000000e+00  0.00000000e+00  0.00000000e+00  3.70585673e-06]","[[-4.72613171e-05  2.44424617e-03]
 [-6.73627921e-05 -8.35636896e-04]]",[],0.0,0.0
1787564014.5600271,2.345515317301291,1.2477791691676134,2.324478054740192,"[ 3.88474489e-06 -2.46438100e-07  0.00000000e+00  0.00000000e+00
  0.00000000e+00 -4.09171956e-07 -2.46438100e-07  3.35959417e-06
  0.00000000e+00  0.00000000e+00  0.00000000e+00 -1.29690598e-07
  0.00000000e+00  0.00000000e+00  0.00000000e+00  0.00000000e+00
  0.00000000e+00  0.00000000e+00  0.00000000e+00  0.00000000e+00
  0.00000000e+00  0.00000000e+00  0.00000000e+00  0.00000000e+00
  0.00000000e+00  0.00000000e+00  0.00000000e+00  0.00000000e+00
  0.00000000e+00  0.00000000e+00 -4.09171956e-07 -1.29690598e-07
  0.00000000e+00  0.00000000e+00  0.00000000e+00  3.70585673e-06]","[[-4.72613171e-05  2.44424617e-03]
 [-6.73627921e-05 -8.35636896e-04]]",[],0.0,0.0
1787564014.6203322,2.345515317301291,1.2477791691676134,2.324478054740192,"[ 3.88474489e-06 -2.46438100e-07  0.00000000e+00  0.00000000e+00
  0.00000000e+00 -4.09171956e-07 -2.46438100e-07  3.35959417e-06
  0.00000000e+00  0.00000000e+00  0.00000000e+00 -1.29690598e-07
  0.00000000e+00  0.00000000e+00  0.00000000e+00  0.00000000e+00
  0.00000000e+00  0.00000000e+00  0.00000000e+00  0.00000000e+00
  0.00000000e+00  0.00000000e+00  0.00000000e+00  0.00000000e+00
  0.00000000e+00  0.00000000e+00  0.00000000e+00  0.00000000e+00
  0.00000000e+00  0.00000000e+00 -4.09171956e-07 -1.29690598e-07
  0.00000000e+00  0.00000000e+00  0.00000000e+00  3.70585673e-06]","[[-4.72613171e-05  2.44424617e-03]
 [-6.73627921e-05 -8.35636896e-04]]",[],0.0,0.0
1787564014.6601336,2.345515317301291,1.2477791691676134,2.324478054740192,"[ 3.88474489e-06 -2.46438100e-07  0.00000000e+00  0.00000000e+00
  0.00000000e+00 -4.09171956e-07 -2.46438100e-07  3.35959417e-06
  0.00000000e+00  0.00000000e+00  0.00000000e+00 -1.29690598e-07
  0.00000000e+00  0.00000000e+00  0.00000000e+00  0.00000000e+00
  0.00000000e+00  0.00000000e+00  0.00000000e+00  0.00000000e+00
  0.00000000e+00  0.00000000e+00  0.00000000e+00  0.00000000e+00
  0.00000000e+00  0.00000000e+00  0.00000000e+00  0.00000000e+00
  0.00000000e+00  0.00000000e+00 -4.09171956e-07 -1.29690598e-07
  0.00000000e+00  0.00000000e+00  0.00000000e+00  3.70585673e-06]","[[-4.72613171e-05  2.44424617e-03]
 [-6.73627921e-05 -8.35636896e-04]]",[],0.0,0.0
1787564014.7132936,2.345515317301291,1.2477791691676134,2.324478054740192,"[ 3.88474489e-06 -2.46438100e-07  0.00000000e+00  0.00000000e+00
  0.00000000e+00 -4.09171956e-07 -2.46438100e-07  3.35959417e-06
  0.00000000e+00  0.00000000e+00  0.00000000e+00 -1.29690598e-07
  0.00000000e+00  0.00000000e+00  0.00000000e+00  0.00000000e+00
  0.00000000e+00  0.00000000e+00  0.00000000e+00  0.00000000e+00
  0.00000000e+00  0.00000000e+00  0.00000000e+00  0.00000000e+00
  0.00000000e+00  0.00000000e+00  0.00000000e+00  0.00000000e+00
  0.00000000e+00  0.00000000e+00 -4.09171956e-07 -1.29690598e-07
  0.00000000e+00  0.00000000e+00  0.00000000e+00  3.70585673e-06]","[[-4.72613171e-05  2.44424617e-03]
 [-6.73627921e-05 -8.35636896e-04]]",[],0.0,0.0
1787564014.7616143,2.345515317301291,1.2477791691676134,2.324478054740192,"[ 3.88474489e-06 -2.46438100e-07  0.00000000e+00  0.00000000e+00
  0.00000000e+00 -4.09171956e-07 -2.46438100e-07  3.35959417e-06
  0.00000000e+00  0.00000000e+00  0.00000000e+00 -1.29690598e-07
  0.00000000e+00  0.00000000e+00  0.00000000e+00  0.00000000e+00
  0.00000000e+00  0.00000000e+00  0.00000000e+00  0.00000000e+00
  0.00000000e+00  0.00000000e+00  0.00000000e+00  0.00000000e+00
  0.00000000e+00  0.00000000e+00  0.00000000e+00  0.00000000e+00
  0.00000000e+00  0.00000000e+00 -4.09171956e-07 -1.29690598e-07
  0.00000000e+00  0.00000000e+00  0.00000000e+00  3.70585673e-06]","[[-4.72613171e-05  2.44424617e-03]
 [-6.73627921e-05 -8.35636896e-04]]",[],0.0,0.0
1787564014.8172708,2.345515317301291,1.2477791691676134,2.324478054740192,"[ 3.88474489e-06 -2.46438100e-07  0.00000000e+00  0.00000000e+00
  0.00000000e+00 -4.09171956e-07 -2.46438100e-07  3.35959417e-06
  0.00000000e+00  0.00000000e+00  0.00000000e+00 -1.29690598e-07
  0.00000000e+00  0.00000000e+00  0.00000000e+00  0.00000000e+00
  0.00000000e+00  0.00000000e+00  0.00000000e+00  0.00000000e+00
  0.00000000e+00  0.00000000e+00  0.00000000e+00  0.00000000e+00
  0.00000000e+00  0.00000000e+00  0.00000000e+00  0.00000000e+00
  0.00000000e+00  0.00000000e+00 -4.09171956e-07 -1.29690598e-07
  0.00000000e+00  0.00000000e+00  0.00000000e+00  3.70585673e-06]","[[-4.72613171e-05  2.44424617e-03]
 [-6.73627921e-05 -8.35636896e-04]]",[],0.0,0.0
1787564014.8639836,2.345515317301291,1.2477791691676134,2.324478054740192,"[ 3.88474489e-06 -2.46438100e-07  0.00000000e+00  0.00000000e+00
  0.00000000e+00 -4.09171956e-07 -2.46438100e-07  3.35959417e-06
  0.00000000e+00  0.00000000e+00  0.00000000e+00 -1.29690598e-07
  0.00000000e+00  0.00000000e+00  0.00000000e+00  0.00000000e+00
  0.00000000e+00  0.00000000e+00  0.00000000e+00  0.00000000e+00
  0.00000000e+00  0.00000000e+00  0.00000000e+00  0.00000000e+00
  0.00000000e+00  0.00000000e+00  0.00000000e+00  0.00000000e+00
  0.00000000e+00  0.00000000e+00 -4.09171956e-07 -1.29690598e-07
  0.00000000e+00  0.00000000e+00  0.00000000e+00  3.70585673e-06]","[[-4.72613171e-05  2.44424617e-03]
 [-6.73627921e-05 -8.35636896e-04]]",[],0.0,0.0
1787564014.9101403,2.345515317301291,1.2477791691676134,2.324478054740192,"[ 3.88474489e-06 -2.46438100e-07  0.00000000e+00  0.00000000e+00
  0.00000000e+00 -4.09171956e-07 -2.46438100e-07  3.35959417e-06
  0.00000000e+00  0.00000000e+00  0.00000000e+00 -1.29690598e-07
  0.00000000e+00  0.00000000e+00  0.00000000e+00  0.00000000e+00
  0.00000000e+00  0.00000000e+00  0.00000000e+00  0.00000000e+00
  0.00000000e+00  0.00000000e+00  0.00000000e+00  0.00000000e+00
  0.00000000e+00  0.00000000e+00  0.00000000e+00  0.00000000e+00
  0.00000000e+00  0.00000000e+00 -4.09171956e-07 -1.29690598e-07
  0.00000000e+00  0.00000000e+00  0.00000000e+00  3.70585673e-06]","[[-4.72613171e-05  2.44424617e-03]
 [-6.73627921e-05 -8.35636896e-04]]",[],0.0,0.0
1787564014.961203,2.345515317301291,1.2477791691676134,2.324478054740192,"[ 3.88474489e-06 -2.46438100e-07  0.00000000e+00  0.00000000e+00
  0.00000000e+00 -4.09171956e-07 -2.46438100e-07  3.35959417e-06
  0.00000000e+00  0.00000000e+00  0.00000000e+00 -1.29690598e-07
  0.00000000e+00  0.00000000e+00  0.00000000e+00  0.00000000e+00
  0.00000000e+00  0.00000000e+00  0.00000000e+00  0.00000000e+00
  0.00000000e+00  0.00000000e+00  0.00000000e+00  0.00000000e+00
  0.00000000e+00  0.00000000e+00  0.00000000e+00  0.00000000e+00
  0.00000000e+00  0.00000000e+00 -4.09171956e-07 -1.29690598e-07
  0.00000000e+00  0.00000000e+00  0.00000000e+00  3.70585673e-06]","[[-4.72613171e-05  2.44424617e-03]
 [-6.73627921e-05 -8.35636896e-04]]",[],0.0,0.0
1787564015.016726,2.345515317301291,1.2477791691676134,2.324478054740192,"[ 3.88474489e-06 -2.46438100e-07  0.00000000e+00  0.00000000e+00
  0.00000000e+00 -4.09171956e-07 -2.46438100e-07  3.35959417e-06
  0.00000000e+00  0.00000000e+00  0.00000000e+00 -1.29690598e-07
  0.00000000e+00  0.00000000e+00  0.00000000e+00  0.00000000e+00
  0.00000000e+00  0.00000000e+00  0.00000000e+00  0.00000000e+00
  0.00000000e+00  0.00000000e+00  0.00000000e+00  0.00000000e+00
  0.00000000e+00  0.00000000e+00  0.00000000e+00  0.00000000e+00
  0.00000000e+00  0.00000000e+00 -4.09171956e-07 -1.29690598e-07
  0.00000000e+00  0.00000000e+00  0.00000000e+00  3.70585673e-06]","[[-4.72613171e-05  2.44424617e-03]
 [-6.73627921e-05 -8.35636896e-04]]",[],0.0,0.0
1787564015.0629466,2.345515317301291,1.2477791691676134,2.324478054740192,"[ 3.88474489e-06 -2.46438100e-07  0.00000000e+00  0.00000000e+00
  0.00000000e+00 -4.09171956e-07 -2.46438100e-07  3.35959417e-06
  0.00000000e+00  0.00000000e+00  0.00000000e+00 -1.29690598e-07
  0.00000000e+00  0.00000000e+00  0.00000000e+00  0.00000000e+00
  0.00000000e+00  0.00000000e+00  0.00000000e+00  0.00000000e+00
  0.00000000e+00  0.00000000e+00  0.00000000e+00  0.00000000e+00
  0.00000000e+00  0.00000000e+00  0.00000000e+00  0.00000000e+00
  0.00000000e+00  0.00000000e+00 -4.09171956e-07 -1.29690598e-07
  0.00000000e+00  0.00000000e+00  0.00000000e+00  3.70585673e-06]","[[-4.72613171e-05  2.44424617e-03]
 [-6.73627921e-05 -8.35636896e-04]]",[],0.0,0.0
1787564015.109961,2.344251919974649,1.2458469106301433,2.3359249277751317,"[ 3.72741348e-06 -2.94881591e-07  0.00000000e+00  0.00000000e+00
  0.00000000e+00 -3.43306950e-07 -2.94881591e-07  3.23869848e-06
  0.00000000e+00  0.00000000e+00  0.00000000e+00 -8.93774401e-08
  0.00000000e+00  0.00000000e+00  0.00000000e+00  0.00000000e+00
  0.00000000e+00  0.00000000e+00  0.00000000e+00  0.00000000e+00
  0.00000000e+00  0.00000000e+00  0.00000000e+00  0.00000000e+00
  0.00000000e+00  0.00000000e+00  0.00000000e+00  0.00000000e+00
  0.00000000e+00  0.00000000e+00 -3.43306950e-07 -8.93774401e-08
  0.00000000e+00  0.00000000e+00  0.00000000e+00  3.70747068e-06]","[[-4.40860017e-05  2.27993320e-03]
 [-6.41843190e-05 -8.88740570e-04]]",[],0.0,0.0
1787564015.159867,2.344251919974649,1.2458469106301433,2.3359249277751317,"[ 3.72741348e-06 -2.94881591e-07  0.00000000e+00  0.00000000e+00
  0.00000000e+00 -3.43306950e-07 -2.94881591e-07  3.23869848e-06
  0.00000000e+00  0.00000000e+00  0.00000000e+00 -8.93774401e-08
  0.00000000e+00  0.00000000e+00  0.00000000e+00  0.00000000e+00
  0.00000000e+00  0.00000000e+00  0.00000000e+00  0.00000000e+00
  0.00000000e+00  0.00000000e+00  0.00000000e+00  0.00000000e+00
  0.00000000e+00  0.00000000e+00  0.00000000e+00  0.00000000e+00
  0.00000000e+00  0.00000000e+00 -3.43306950e-07 -8.93774401e-08
  0.00000000e+00  0.00000000e+00  0.00000000e+00  3.70747068e-06]","[[-4.40860017e-05  2.27993320e-03]
 [-6.41843190e-05 -8.88740570e-04]]",[],0.0,0.0
1787564015.2110827,2.344251919974649,1.2458469106301433,2.3359249277751317,"[ 3.72741348e-06 -2.94881591e-07  0.00000000e+00  0.00000000e+00
  0.00000000e+00 -3.43306950e-07 -2.94881591e-07  3.23869848e-06
  0.00000000e+00  0.00000000e+00  0.00000000e+00 -8.93774401e-08
  0.00000000e+00  0.00000000e+00  0.00000000e+00  0.00000000e+00
  0.00000000e+00  0.00000000e+00  0.00000000e+00  0.00000000e+00
  0.00000000e+00  0.00000000e+00  0.00000000e+00  0.00000000e+00
  0.00000000e+00  0.00000000e+00  0.00000000e+00  0.00000000e+00
  0.00000000e+00  0.00000000e+00 -3.43306950e-07 -8.93774401e-08
  0.00000000e+00  0.00000000e+00  0.00000000e+00  3.70747068e-06]","[[-4.40860017e-05  2.27993320e-03]
 [-6.41843190e-05 -8.88740570e-04]]",[],0.0,0.0
1787564015.267685,2.344251919974649,1.2458469106301433,2.3359249277751317,"[ 3.72741348e-06 -2.94881591e-07  0.00000000e+00  0.00000000e+00
  0.00000000e+00 -3.43306950e-07 -2.94881591e-07  3.23869848e-06
  0.00000000e+00  0.00000000e+00  0.00000000e+00 -8.93774401e-08
  0.00000000e+00  0.00000000e+00  0.00000000e+00  0.00000000e+00
  0.00000000e+00  0.00000000e+00  0.00000000e+00  0.00000000e+00
  0.00000000e+00  0.00000000e+00  0.00000000e+00  0.00000000e+00
  0.00000000e+00  0.00000000e+00  0.00000000e+00  0.00000000e+00
  0.00000000e+00  0.00000000e+00 -3.43306950e-07 -8.93774401e-08
  0.00000000e+00  0.00000000e+00  0.00000000e+00  3.70747068e-06]","[[-4.40860017e-05  2.27993320e-03]
 [-6.41843190e-05 -8.88740570e-04]]",[],0.0,0.0
1787564015.3102987,2.344251919974649,1.2458469106301433,2.3359249277751317,"[ 3.72741348e-06 -2.94881591e-07  0.00000000e+00  0.00000000e+00
  0.00000000e+00 -3.43306950e-07 -2.94881591e-07  3.23869848e-06
  0.00000000e+00  0.00000000e+00  0.00000000e+00 -8.93774401e-08
  0.00000000e+00  0.00000000e+00  0.00000000e+00  0.00000000e+00
  0.00000000e+00  0.00000000e+00  0.00000000e+00  0.00000000e+00
  0.00000000e+00  0.00000000e+00  0.00000000e+00  0.00000000e+00
  0.00000000e+00  0.00000000e+00  0.00000000e+00  0.00000000e+00
  0.00000000e+00  0.00000000e+00 -3.43306950e-07 -8.93774401e-08
  0.00000000e+00  0.00000000e+00  0.00000000e+00  3.70747068e-06]","[[-4.40860017e-05  2.27993320e-03]
 [-6.41843190e-05 -8.88740570e-04]]",[],0.0,0.0
1787564015.3611982,2.344251919974649,1.2458469106301433,2.3359249277751317,"[ 3.72741348e-06 -2.94881591e-07  0.00000000e+00  0.00000000e+00
  0.00000000e+00 -3.43306950e-07 -2.94881591e-07  3.23869848e-06
  0.00000000e+00  0.00000000e+00  0.00000000e+00 -8.93774401e-08
  0.00000000e+00  0.00000000e+00  0.00000000e+00  0.00000000e+00
  0.00000000e+00  0.00000000e+00  0.00000000e+00  0.00000000e+00
  0.00000000e+00  0.00000000e+00  0.00000000e+00  0.00000000e+00
  0.00000000e+00  0.00000000e+00  0.00000000e+00  0.00000000e+00
  0.00000000e+00  0.00000000e+00 -3.43306950e-07 -8.93774401e-08
  0.00000000e+00  0.00000000e+00  0.00000000e+00  3.70747068e-06]","[[-4.40860017e-05  2.27993320e-03]
 [-6.41843190e-05 -8.88740570e-04]]",[],0.0,0.0
1787564015.4098454,2.344251919974649,1.2458469106301433,2.3359249277751317,"[ 3.72741348e-06 -2.94881591e-07  0.00000000e+00  0.00000000e+00
  0.00000000e+00 -3.43306950e-07 -2.94881591e-07  3.23869848e-06
  0.00000000e+00  0.00000000e+00  0.00000000e+00 -8.93774401e-08
  0.00000000e+00  0.00000000e+00  0.00000000e+00  0.00000000e+00
  0.00000000e+00  0.00000000e+00  0.00000000e+00  0.00000000e+00
  0.00000000e+00  0.00000000e+00  0.00000000e+00  0.00000000e+00
  0.00000000e+00  0.00000000e+00  0.00000000e+00  0.00000000e+00
  0.00000000e+00  0.00000000e+00 -3.43306950e-07 -8.93774401e-08
  0.00000000e+00  0.00000000e+00  0.00000000e+00  3.70747068e-06]","[[-4.40860017e-05  2.27993320e-03]
 [-6.41843190e-05 -8.88740570e-04]]",[],0.0,0.0
1787564015.4659188,2.344251919974649,1.2458469106301433,2.3359249277751317,"[ 3.72741348e-06 -2.94881591e-07  0.00000000e+00  0.00000000e+00
  0.00000000e+00 -3.43306950e-07 -2.94881591e-07  3.23869848e-06
  0.00000000e+00  0.00000000e+00  0.00000000e+00 -8.93774401e-08
  0.00000000e+00  0.00000000e+00  0.00000000e+00  0.00000000e+00
  0.00000000e+00  0.00000000e+00  0.00000000e+00  0.00000000e+00
  0.00000000e+00  0.00000000e+00  0.00000000e+00  0.00000000e+00
  0.00000000e+00  0.00000000e+00  0.00000000e+00  0.00000000e+00
  0.00000000e+00  0.00000000e+00 -3.43306950e-07 -8.93774401e-08
  0.00000000e+00  0.00000000e+00  0.00000000e+00  3.70747068e-06]","[[-4.40860017e-05  2.27993320e-03]
 [-6.41843190e-05 -8.88740570e-04]]",[],0.0,0.0
1787564015.5105367,2.344251919974649,1.2458469106301433,2.3359249277751317,"[ 3.72741348e-06 -2.94881591e-07  0.00000000e+00  0.00000000e+00
  0.00000000e+00 -3.43306950e-07 -2.94881591e-07  3.23869848e-06
  0.00000000e+00  0.00000000e+00  0.00000000e+00 -8.93774401e-08
  0.00000000e+00  0.00000000e+00  0.00000000e+00  0.00000000e+00
  0.00000000e+00  0.00000000e+00  0.00000000e+00  0.00000000e+00
  0.00000000e+00  0.00000000e+00  0.00000000e+00  0.00000000e+00
  0.00000000e+00  0.00000000e+00  0.00000000e+00  0.00000000e+00
  0.00000000e+00  0.00000000e+00 -3.43306950e-07 -8.93774401e-08
  0.00000000e+00  0.00000000e+00  0.00000000e+00  3.70747068e-06]","[[-4.40860017e-05  2.27993320e-03]
 [-6.41843190e-05 -8.88740570e-04]]",[],0.0,0.0
1787564015.5642846,2.344251919974649,1.2458469106301433,2.3359249277751317,"[ 3.72741348e-06 -2.94881591e-07  0.00000000e+00  0.00000000e+00
  0.00000000e+00 -3.43306950e-07 -2.94881591e-07  3.23869848e-06
  0.00000000e+00  0.00000000e+00  0.00000000e+00 -8.93774401e-08
  0.00000000e+00  0.00000000e+00  0.00000000e+00  0.00000000e+00
  0.00000000e+00  0.00000000e+00  0.00000000e+00  0.00000000e+00
  0.00000000e+00  0.00000000e+00  0.00000000e+00  0.00000000e+00
  0.00000000e+00  0.00000000e+00  0.00000000e+00  0.00000000e+00
  0.00000000e+00  0.00000000e+00 -3.43306950e-07 -8.93774401e-08
  0.00000000e+00  0.00000000e+00  0.00000000e+00  3.70747068e-06]","[[-4.40860017e-05  2.27993320e-03]
 [-6.41843190e-05 -8.88740570e-04]]",[],0.0,0.0
1787564015.6099353,2.344251919974649,1.2458469106301433,2.3359249277751317,"[ 3.72741348e-06 -2.94881591e-07  0.00000000e+00  0.00000000e+00
  0.00000000e+00 -3.43306950e-07 -2.94881591e-07  3.23869848e-06
  0.00000000e+00  0.00000000e+00  0.00000000e+00 -8.93774401e-08
  0.00000000e+00  0.00000000e+00  0.00000000e+00  0.00000000e+00
  0.00000000e+00  0.00000000e+00  0.00000000e+00  0.00000000e+00
  0.00000000e+00  0.00000000e+00  0.00000000e+00  0.00000000e+00
  0.00000000e+00  0.00000000e+00  0.00000000e+00  0.00000000e+00
  0.00000000e+00  0.00000000e+00 -3.43306950e-07 -8.93774401e-08
  0.00000000e+00  0.00000000e+00  0.00000000e+00  3.70747068e-06]","[[-4.40860017e-05  2.27993320e-03]
 [-6.41843190e-05 -8.88740570e-04]]",[],0.0,0.0
1787564015.6667562,2.344251919974649,1.2458469106301433,2.3359249277751317,"[ 3.72741348e-06 -2.94881591e-07  0.00000000e+00  0.00000000e+00
  0.00000000e+00 -3.43306950e-07 -2.94881591e-07  3.23869848e-06
  0.00000000e+00  0.00000000e+00  0.00000000e+00 -8.93774401e-08
  0.00000000e+00  0.00000000e+00  0.00000000e+00  0.00000000e+00
  0.00000000e+00  0.00000000e+00  0.00000000e+00  0.00000000e+00
  0.00000000e+00  0.00000000e+00  0.00000000e+00  0.00000000e+00
  0.00000000e+00  0.00000000e+00  0.00000000e+00  0.00000000e+00
  0.00000000e+00  0.00000000e+00 -3.43306950e-07 -8.93774401e-08
  0.00000000e+00  0.00000000e+00  0.00000000e+00  3.70747068e-06]","[[-4.40860017e-05  2.27993320e-03]
 [-6.41843190e-05 -8.88740570e-04]]",[],0.0,0.0
1787564015.7146227,2.344251919974649,1.2458469106301433,2.3359249277751317,"[ 3.72741348e-06 -2.94881591e-07  0.00000000e+00  0.00000000e+00
  0.00000000e+00 -3.43306950e-07 -2.94881591e-07  3.23869848e-06
  0.00000000e+00  0.00000000e+00  0.00000000e+00 -8.93774401e-08
  0.00000000e+00  0.00000000e+00  0.00000000e+00  0.00000000e+00
  0.00000000e+00  0.00000000e+00  0.00000000e+00  0.00000000e+00
  0.00000000e+00  0.00000000e+00  0.00000000e+00  0.00000000e+00
  0.00000000e+00  0.00000000e+00  0.00000000e+00  0.00000000e+00
  0.00000000e+00  0.00000000e+00 -3.43306950e-07 -8.93774401e-08
  0.00000000e+00  0.00000000e+00  0.00000000e+00  3.70747068e-06]","[[-4.40860017e-05  2.27993320e-03]
 [-6.41843190e-05 -8.88740570e-04]]",[],0.0,0.0
1787564015.7600808,2.344251919974649,1.2458469106301433,2.3359249277751317,"[ 3.72741348e-06 -2.94881591e-07  0.00000000e+00  0.00000000e+00
  0.00000000e+00 -3.43306950e-07 -2.94881591e-07  3.23869848e-06
  0.00000000e+00  0.00000000e+00  0.00000000e+00 -8.93774401e-08
  0.00000000e+00  0.00000000e+00  0.00000000e+00  0.00000000e+00
  0.00000000e+00  0.00000000e+00  0.00000000e+00  0.00000000e+00
  0.00000000e+00  0.00000000e+00  0.00000000e+00  0.00000000e+00
  0.00000000e+00  0.00000000e+00  0.00000000e+00  0.00000000e+00
  0.00000000e+00  0.00000000e+00 -3.43306950e-07 -8.93774401e-08
  0.00000000e+00  0.00000000e+00  0.00000000e+00  3.70747068e-06]","[[-4.40860017e-05  2.27993320e-03]
 [-6.41843190e-05 -8.88740570e-04]]",[],0.0,0.0
1787564015.8096287,2.344764516053481,1.2445204782189612,2.325024291029367,"[ 3.57427749e-06 -3.11993696e-07  0.00000000e+00  0.00000000e+00
  0.00000000e+00 -3.09818277e-07 -3.11993696e-07  3.11894598e-06
  0.00000000e+00  0.00000000e+00  0.00000000e+00 -8.89287021e-08
  0.00000000e+00  0.00000000e+00  0.00000000e+00  0.00000000e+00
  0.00000000e+00  0.00000000e+00  0.00000000e+00  0.00000000e+00
  0.00000000e+00  0.00000000e+00  0.00000000e+00  0.00000000e+00
  0.00000000e+00  0.00000000e+00  0.00000000e+00  0.00000000e+00
  0.00000000e+00  0.00000000e+00 -3.09818277e-07 -8.89287021e-08
  0.00000000e+00  0.00000000e+00  0.00000000e+00  3.49770568e-06]","[[-4.16601799e-05  2.16119400e-03]
 [-6.14327551e-05 -8.62678731e-04]]",[],0.0,0.0
1787564015.8668346,2.344764516053481,1.2445204782189612,2.325024291029367,"[ 3.57427749e-06 -3.11993696e-07  0.00000000e+00  0.00000000e+00
  0.00000000e+00 -3.09818277e-07 -3.11993696e-07  3.11894598e-06
  0.00000000e+00  0.00000000e+00  0.00000000e+00 -8.89287021e-08
  0.00000000e+00  0.00000000e+00  0.00000000e+00  0.00000000e+00
  0.00000000e+00  0.00000000e+00  0.00000000e+00  0.00000000e+00
  0.00000000e+00  0.00000000e+00  0.00000000e+00  0.00000000e+00
  0.00000000e+00  0.00000000e+00  0.00000000e+00  0.00000000e+00
  0.00000000e+00  0.00000000e+00 -3.09818277e-07 -8.89287021e-08
  0.00000000e+00  0.00000000e+00  0.00000000e+00  3.49770568e-06]","[[-4.16601799e-05  2.16119400e-03]
 [-6.14327551e-05 -8.62678731e-04]]",[],0.0,0.0
1787564015.9099233,2.344764516053481,1.2445204782189612,2.325024291029367,"[ 3.57427749e-06 -3.11993696e-07  0.00000000e+00  0.00000000e+00
  0.00000000e+00 -3.09818277e-07 -3.11993696e-07  3.11894598e-06
  0.00000000e+00  0.00000000e+00  0.00000000e+00 -8.89287021e-08
  0.00000000e+00  0.00000000e+00  0.00000000e+00  0.00000000e+00
  0.00000000e+00  0.00000000e+00  0.00000000e+00  0.00000000e+00
  0.00000000e+00  0.00000000e+00  0.00000000e+00  0.00000000e+00
  0.00000000e+00  0.00000000e+00  0.00000000e+00  0.00000000e+00
  0.00000000e+00  0.00000000e+00 -3.09818277e-07 -8.89287021e-08
  0.00000000e+00  0.00000000e+00  0.00000000e+00  3.49770568e-06]","[[-4.16601799e-05  2.16119400e-03]
 [-6.14327551e-05 -8.62678731e-04]]",[],0.0,0.0
1787564015.9689982,2.344764516053481,1.2445204782189612,2.325024291029367,"[ 3.57427749e-06 -3.11993696e-07  0.00000000e+00  0.00000000e+00
  0.00000000e+00 -3.09818277e-07 -3.11993696e-07  3.11894598e-06
  0.00000000e+00  0.00000000e+00  0.00000000e+00 -8.89287021e-08
  0.00000000e+00  0.00000000e+00  0.00000000e+00  0.00000000e+00
  0.00000000e+00  0.00000000e+00  0.00000000e+00  0.00000000e+00
  0.00000000e+00  0.00000000e+00  0.00000000e+00  0.00000000e+00
  0.00000000e+00  0.00000000e+00  0.00000000e+00  0.00000000e+00
  0.00000000e+00  0.00000000e+00 -3.09818277e-07 -8.89287021e-08
  0.00000000e+00  0.00000000e+00  0.00000000e+00  3.49770568e-06]","[[-4.16601799e-05  2.16119400e-03]
 [-6.14327551e-05 -8.62678731e-04]]",[],0.0,0.0
1787564016.0124774,2.344764516053481,1.2445204782189612,2.325024291029367,"[ 3.57427749e-06 -3.11993696e-07  0.00000000e+00  0.00000000e+00
  0.00000000e+00 -3.09818277e-07 -3.11993696e-07  3.11894598e-06
  0.00000000e+00  0.00000000e+00  0.00000000e+00 -8.89287021e-08
  0.00000000e+00  0.00000000e+00  0.00000000e+00  0.00000000e+00
  0.00000000e+00  0.00000000e+00  0.00000000e+00  0.00000000e+00
  0.00000000e+00  0.00000000e+00  0.00000000e+00  0.00000000e+00
  0.00000000e+00  0.00000000e+00  0.00000000e+00  0.00000000e+00
  0.00000000e+00  0.00000000e+00 -3.09818277e-07 -8.89287021e-08
  0.00000000e+00  0.00000000e+00  0.00000000e+00  3.49770568e-06]","[[-4.16601799e-05  2.16119400e-03]
 [-6.14327551e-05 -8.62678731e-04]]",[],0.0,0.0
1787564016.0676866,2.344764516053481,1.2445204782189612,2.325024291029367,"[ 3.57427749e-06 -3.11993696e-07  0.00000000e+00  0.00000000e+00
  0.00000000e+00 -3.09818277e-07 -3.11993696e-07  3.11894598e-06
  0.00000000e+00  0.00000000e+00  0.00000000e+00 -8.89287021e-08
  0.00000000e+00  0.00000000e+00  0.00000000e+00  0.00000000e+00
  0.00000000e+00  0.00000000e+00  0.00000000e+00  0.00000000e+00
  0.00000000e+00  0.00000000e+00  0.00000000e+00  0.00000000e+00
  0.00000000e+00  0.00000000e+00  0.00000000e+00  0.00000000e+00
  0.00000000e+00  0.00000000e+00 -3.09818277e-07 -8.89287021e-08
  0.00000000e+00  0.00000000e+00  0.00000000e+00  3.49770568e-06]","[[-4.16601799e-05  2.16119400e-03]
 [-6.14327551e-05 -8.62678731e-04]]",[],0.0,0.0
1787564016.1160507,2.344764516053481,1.2445204782189612,2.325024291029367,"[ 3.57427749e-06 -3.11993696e-07  0.00000000e+00  0.00000000e+00
  0.00000000e+00 -3.09818277e-07 -3.11993696e-07  3.11894598e-06
  0.00000000e+00  0.00000000e+00  0.00000000e+00 -8.89287021e-08
  0.00000000e+00  0.00000000e+00  0.00000000e+00  0.00000000e+00
  0.00000000e+00  0.00000000e+00  0.00000000e+00  0.00000000e+00
  0.00000000e+00  0.00000000e+00  0.00000000e+00  0.00000000e+00
  0.00000000e+00  0.00000000e+00  0.00000000e+00  0.00000000e+00
  0.00000000e+00  0.00000000e+00 -3.09818277e-07 -8.89287021e-08
  0.00000000e+00  0.00000000e+00  0.00000000e+00  3.49770568e-06]","[[-4.16601799e-05  2.16119400e-03]
 [-6.14327551e-05 -8.62678731e-04]]",[],0.0,0.0
1787564016.1756155,2.344764516053481,1.2445204782189612,2.325024291029367,"[ 3.57427749e-06 -3.11993696e-07  0.00000000e+00  0.00000000e+00
  0.00000000e+00 -3.09818277e-07 -3.11993696e-07  3.11894598e-06
  0.00000000e+00  0.00000000e+00  0.00000000e+00 -8.89287021e-08
  0.00000000e+00  0.00000000e+00  0.00000000e+00  0.00000000e+00
  0.00000000e+00  0.00000000e+00  0.00000000e+00  0.00000000e+00
  0.00000000e+00  0.00000000e+00  0.00000000e+00  0.00000000e+00
  0.00000000e+00  0.00000000e+00  0.00000000e+00  0.00000000e+00
  0.00000000e+00  0.00000000e+00 -3.09818277e-07 -8.89287021e-08
  0.00000000e+00  0.00000000e+00  0.00000000e+00  3.49770568e-06]","[[-4.16601799e-05  2.16119400e-03]
 [-6.14327551e-05 -8.62678731e-04]]",[],0.0,0.0
1787564016.210345,2.344764516053481,1.2445204782189612,2.325024291029367,"[ 3.57427749e-06 -3.11993696e-07  0.00000000e+00  0.00000000e+00
  0.00000000e+00 -3.09818277e-07 -3.11993696e-07  3.11894598e-06
  0.00000000e+00  0.00000000e+00  0.00000000e+00 -8.89287021e-08
  0.00000000e+00  0.00000000e+00  0.00000000e+00  0.00000000e+00
  0.00000000e+00  0.00000000e+00  0.00000000e+00  0.00000000e+00
  0.00000000e+00  0.00000000e+00  0.00000000e+00  0.00000000e+00
  0.00000000e+00  0.00000000e+00  0.00000000e+00  0.00000000e+00
  0.00000000e+00  0.00000000e+00 -3.09818277e-07 -8.89287021e-08
  0.00000000e+00  0.00000000e+00  0.00000000e+00  3.49770568e-06]","[[-4.16601799e-05  2.16119400e-03]
 [-6.14327551e-05 -8.62678731e-04]]",[],0.0,0.0
1787564016.2599409,2.344764516053481,1.2445204782189612,2.325024291029367,"[ 3.57427749e-06 -3.11993696e-07  0.00000000e+00  0.00000000e+00
  0.00000000e+00 -3.09818277e-07 -3.11993696e-07  3.11894598e-06
  0.00000000e+00  0.00000000e+00  0.00000000e+00 -8.89287021e-08
  0.00000000e+00  0.00000000e+00  0.00000000e+00  0.00000000e+00
  0.00000000e+00  0.00000000e+00  0.00000000e+00  0.00000000e+00
  0.00000000e+00  0.00000000e+00  0.00000000e+00  0.00000000e+00
  0.00000000e+00  0.00000000e+00  0.00000000e+00  0.00000000e+00
  0.00000000e+00  0.00000000e+00 -3.09818277e-07 -8.89287021e-08
  0.00000000e+00  0.00000000e+00  0.00000000e+00  3.49770568e-06]","[[-4.16601799e-05  2.16119400e-03]
 [-6.14327551e-05 -8.62678731e-04]]",[],0.0,0.0
1787564016.3149848,2.344764516053481,1.2445204782189612,2.325024291029367,"[ 3.57427749e-06 -3.11993696e-07  0.00000000e+00  0.00000000e+00
  0.00000000e+00 -3.09818277e-07 -3.11993696e-07  3.11894598e-06
  0.00000000e+00  0.00000000e+00  0.00000000e+00 -8.89287021e-08
  0.00000000e+00  0.00000000e+00  0.00000000e+00  0.00000000e+00
  0.00000000e+00  0.00000000e+00  0.00000000e+00  0.00000000e+00
  0.00000000e+00  0.00000000e+00  0.00000000e+00  0.00000000e+00
  0.00000000e+00  0.00000000e+00  0.00000000e+00  0.00000000e+00
  0.00000000e+00  0.00000000e+00 -3.09818277e-07 -8.89287021e-08
  0.00000000e+00  0.00000000e+00  0.00000000e+00  3.49770568e-06]","[[-4.16601799e-05  2.16119400e-03]
 [-6.14327551e-05 -8.62678731e-04]]",[],0.0,0.0
1787564016.3725536,2.344764516053481,1.2445204782189612,2.325024291029367,"[ 3.57427749e-06 -3.11993696e-07  0.00000000e+00  0.00000000e+00
  0.00000000e+00 -3.09818277e-07 -3.11993696e-07  3.11894598e-06
  0.00000000e+00  0.00000000e+00  0.00000000e+00 -8.89287021e-08
  0.00000000e+00  0.00000000e+00  0.00000000e+00  0.00000000e+00
  0.00000000e+00  0.00000000e+00  0.00000000e+00  0.00000000e+00
  0.00000000e+00  0.00000000e+00  0.00000000e+00  0.00000000e+00
  0.00000000e+00  0.00000000e+00  0.00000000e+00  0.00000000e+00
  0.00000000e+00  0.00000000e+00 -3.09818277e-07 -8.89287021e-08
  0.00000000e+00  0.00000000e+00  0.00000000e+00  3.49770568e-06]","[[-4.16601799e-05  2.16119400e-03]
 [-6.14327551e-05 -8.62678731e-04]]",[],0.0,0.0
1787564016.4137998,2.344764516053481,1.2445204782189612,2.325024291029367,"[ 3.57427749e-06 -3.11993696e-07  0.00000000e+00  0.00000000e+00
  0.00000000e+00 -3.09818277e-07 -3.11993696e-07  3.11894598e-06
  0.00000000e+00  0.00000000e+00  0.00000000e+00 -8.89287021e-08
  0.00000000e+00  0.00000000e+00  0.00000000e+00  0.00000000e+00
  0.00000000e+00  0.00000000e+00  0.00000000e+00  0.00000000e+00
  0.00000000e+00  0.00000000e+00  0.00000000e+00  0.00000000e+00
  0.00000000e+00  0.00000000e+00  0.00000000e+00  0.00000000e+00
  0.00000000e+00  0.00000000e+00 -3.09818277e-07 -8.89287021e-08
  0.00000000e+00  0.00000000e+00  0.00000000e+00  3.49770568e-06]","[[-4.16601799e-05  2.16119400e-03]
 [-6.14327551e-05 -8.62678731e-04]]",[],0.0,0.0
1787564016.4643824,2.3453417589488272,1.2418985793550876,2.317400731809361,"[ 3.44292189e-06 -3.37802382e-07  0.00000000e+00  0.00000000e+00
  0.00000000e+00 -3.05886173e-07 -3.37802382e-07  3.02412193e-06
  0.00000000e+00  0.00000000e+00  0.00000000e+00 -7.91400020e-08
  0.00000000e+00  0.00000000e+00  0.00000000e+00  0.00000000e+00
  0.00000000e+00  0.00000000e+00  0.00000000e+00  0.00000000e+00
  0.00000000e+00  0.00000000e+00  0.00000000e+00  0.00000000e+00
  0.00000000e+00  0.00000000e+00  0.00000000e+00  0.00000000e+00
  0.00000000e+00  0.00000000e+00 -3.05886173e-07 -7.91400020e-08
  0.00000000e+00  0.00000000e+00  0.00000000e+00  3.50706738e-06]","[[-3.93169454e-05  2.10440938e-03]
 [-5.91060678e-05 -8.62884050e-04]]",[],0.0,0.0
1787564016.5176313,2.3453417589488272,1.2418985793550876,2.317400731809361,"[ 3.44292189e-06 -3.37802382e-07  0.00000000e+00  0.00000000e+00
  0.00000000e+00 -3.05886173e-07 -3.37802382e-07  3.02412193e-06
  0.00000000e+00  0.00000000e+00  0.00000000e+00 -7.91400020e-08
  0.00000000e+00  0.00000000e+00  0.00000000e+00  0.00000000e+00
  0.00000000e+00  0.00000000e+00  0.00000000e+00  0.00000000e+00
  0.00000000e+00  0.00000000e+00  0.00000000e+00  0.00000000e+00
  0.00000000e+00  0.00000000e+00  0.00000000e+00  0.00000000e+00
  0.00000000e+00  0.00000000e+00 -3.05886173e-07 -7.91400020e-08
  0.00000000e+00  0.00000000e+00  0.00000000e+00  3.50706738e-06]","[[-3.93169454e-05  2.10440938e-03]
 [-5.91060678e-05 -8.62884050e-04]]",[],0.0,0.0
1787564016.5607336,2.3453417589488272,1.2418985793550876,2.317400731809361,"[ 3.44292189e-06 -3.37802382e-07  0.00000000e+00  0.00000000e+00
  0.00000000e+00 -3.05886173e-07 -3.37802382e-07  3.02412193e-06
  0.00000000e+00  0.00000000e+00  0.00000000e+00 -7.91400020e-08
  0.00000000e+00  0.00000000e+00  0.00000000e+00  0.00000000e+00
  0.00000000e+00  0.00000000e+00  0.00000000e+00  0.00000000e+00
  0.00000000e+00  0.00000000e+00  0.00000000e+00  0.00000000e+00
  0.00000000e+00  0.00000000e+00  0.00000000e+00  0.00000000e+00
  0.00000000e+00  0.00000000e+00 -3.05886173e-07 -7.91400020e-08
  0.00000000e+00  0.00000000e+00  0.00000000e+00  3.50706738e-06]","[[-3.93169454e-05  2.10440938e-03]
 [-5.91060678e-05 -8.62884050e-04]]",[],0.0,0.0
1787564016.6334288,2.3453417589488272,1.2418985793550876,2.317400731809361,"[ 3.44292189e-06 -3.37802382e-07  0.00000000e+00  0.00000000e+00
  0.00000000e+00 -3.05886173e-07 -3.37802382e-07  3.02412193e-06
  0.00000000e+00  0.00000000e+00  0.00000000e+00 -7.91400020e-08
  0.00000000e+00  0.00000000e+00  0.00000000e+00  0.00000000e+00
  0.00000000e+00  0.00000000e+00  0.00000000e+00  0.00000000e+00
  0.00000000e+00  0.00000000e+00  0.00000000e+00  0.00000000e+00
  0.00000000e+00  0.00000000e+00  0.00000000e+00  0.00000000e+00
  0.00000000e+00  0.00000000e+00 -3.05886173e-07 -7.91400020e-08
  0.00000000e+00  0.00000000e+00  0.00000000e+00  3.50706738e-06]","[[-3.93169454e-05  2.10440938e-03]
 [-5.91060678e-05 -8.62884050e-04]]",[],0.0,0.0
1787564016.6755743,2.3453417589488272,1.2418985793550876,2.317400731809361,"[ 3.44292189e-06 -3.37802382e-07  0.00000000e+00  0.00000000e+00
  0.00000000e+00 -3.05886173e-07 -3.37802382e-07  3.02412193e-06
  0.00000000e+00  0.00000000e+00  0.00000000e+00 -7.91400020e-08
  0.00000000e+00  0.00000000e+00  0.00000000e+00  0.00000000e+00
  0.00000000e+00  0.00000000e+00  0.00000000e+00  0.00000000e+00
  0.00000000e+00  0.00000000e+00  0.00000000e+00  0.00000000e+00
  0.00000000e+00  0.00000000e+00  0.00000000e+00  0.00000000e+00
  0.00000000e+00  0.00000000e+00 -3.05886173e-07 -7.91400020e-08
  0.00000000e+00  0.00000000e+00  0.00000000e+00  3.50706738e-06]","[[-3.93169454e-05  2.10440938e-03]
 [-5.91060678e-05 -8.62884050e-04]]",[],0.0,0.0
1787564016.7150486,2.3453417589488272,1.2418985793550876,2.317400731809361,"[ 3.44292189e-06 -3.37802382e-07  0.00000000e+00  0.00000000e+00
  0.00000000e+00 -3.05886173e-07 -3.37802382e-07  3.02412193e-06
  0.00000000e+00  0.00000000e+00  0.00000000e+00 -7.91400020e-08
  0.00000000e+00  0.00000000e+00  0.00000000e+00  0.00000000e+00
  0.00000000e+00  0.00000000e+00  0.00000000e+00  0.00000000e+00
  0.00000000e+00  0.00000000e+00  0.00000000e+00  0.00000000e+00
  0.00000000e+00  0.00000000e+00  0.00000000e+00  0.00000000e+00
  0.00000000e+00  0.00000000e+00 -3.05886173e-07 -7.91400020e-08
  0.00000000e+00  0.00000000e+00  0.00000000e+00  3.50706738e-06]","[[-3.93169454e-05  2.10440938e-03]
 [-5.91060678e-05 -8.62884050e-04]]",[],0.0,0.0
1787564016.759687,2.3453417589488272,1.2418985793550876,2.317400731809361,"[ 3.44292189e-06 -3.37802382e-07  0.00000000e+00  0.00000000e+00
  0.00000000e+00 -3.05886173e-07 -3.37802382e-07  3.02412193e-06
  0.00000000e+00  0.00000000e+00  0.00000000e+00 -7.91400020e-08
  0.00000000e+00  0.00000000e+00  0.00000000e+00  0.00000000e+00
  0.00000000e+00  0.00000000e+00  0.00000000e+00  0.00000000e+00
  0.00000000e+00  0.00000000e+00  0.00000000e+00  0.00000000e+00
  0.00000000e+00  0.00000000e+00  0.00000000e+00  0.00000000e+00
  0.00000000e+00  0.00000000e+00 -3.05886173e-07 -7.91400020e-08
  0.00000000e+00  0.00000000e+00  0.00000000e+00  3.50706738e-06]","[[-3.93169454e-05  2.10440938e-03]
 [-5.91060678e-05 -8.62884050e-04]]",[],0.0,0.0
1787564016.8127158,2.3453417589488272,1.2418985793550876,2.317400731809361,"[ 3.44292189e-06 -3.37802382e-07  0.00000000e+00  0.00000000e+00
  0.00000000e+00 -3.05886173e-07 -3.37802382e-07  3.02412193e-06
  0.00000000e+00  0.00000000e+00  0.00000000e+00 -7.91400020e-08
  0.00000000e+00  0.00000000e+00  0.00000000e+00  0.00000000e+00
  0.00000000e+00  0.00000000e+00  0.00000000e+00  0.00000000e+00
  0.00000000e+00  0.00000000e+00  0.00000000e+00  0.00000000e+00
  0.00000000e+00  0.00000000e+00  0.00000000e+00  0.00000000e+00
  0.00000000e+00  0.00000000e+00 -3.05886173e-07 -7.91400020e-08
  0.00000000e+00  0.00000000e+00  0.00000000e+00  3.50706738e-06]","[[-3.93169454e-05  2.10440938e-03]
 [-5.91060678e-05 -8.62884050e-04]]",[],0.0,0.0
1787564016.8600225,2.3453417589488272,1.2418985793550876,2.317400731809361,"[ 3.44292189e-06 -3.37802382e-07  0.00000000e+00  0.00000000e+00
  0.00000000e+00 -3.05886173e-07 -3.37802382e-07  3.02412193e-06
  0.00000000e+00  0.00000000e+00  0.00000000e+00 -7.91400020e-08
  0.00000000e+00  0.00000000e+00  0.00000000e+00  0.00000000e+00
  0.00000000e+00  0.00000000e+00  0.00000000e+00  0.00000000e+00
  0.00000000e+00  0.00000000e+00  0.00000000e+00  0.00000000e+00
  0.00000000e+00  0.00000000e+00  0.00000000e+00  0.00000000e+00
  0.00000000e+00  0.00000000e+00 -3.05886173e-07 -7.91400020e-08
  0.00000000e+00  0.00000000e+00  0.00000000e+00  3.50706738e-06]","[[-3.93169454e-05  2.10440938e-03]
 [-5.91060678e-05 -8.62884050e-04]]",[],0.0,0.0
1787564016.910505,2.3453417589488272,1.2418985793550876,2.317400731809361,"[ 3.44292189e-06 -3.37802382e-07  0.00000000e+00  0.00000000e+00
  0.00000000e+00 -3.05886173e-07 -3.37802382e-07  3.02412193e-06
  0.00000000e+00  0.00000000e+00  0.00000000e+00 -7.91400020e-08
  0.00000000e+00  0.00000000e+00  0.00000000e+00  0.00000000e+00
  0.00000000e+00  0.00000000e+00  0.00000000e+00  0.00000000e+00
  0.00000000e+00  0.00000000e+00  0.00000000e+00  0.00000000e+00
  0.00000000e+00  0.00000000e+00  0.00000000e+00  0.00000000e+00
  0.00000000e+00  0.00000000e+00 -3.05886173e-07 -7.91400020e-08
  0.00000000e+00  0.00000000e+00  0.00000000e+00  3.50706738e-06]","[[-3.93169454e-05  2.10440938e-03]
 [-5.91060678e-05 -8.62884050e-04]]",[],0.0,0.0
1787564016.9614062,2.3453417589488272,1.2418985793550876,2.317400731809361,"[ 3.44292189e-06 -3.37802382e-07  0.00000000e+00  0.00000000e+00
  0.00000000e+00 -3.05886173e-07 -3.37802382e-07  3.02412193e-06
  0.00000000e+00  0.00000000e+00  0.00000000e+00 -7.91400020e-08
  0.00000000e+00  0.00000000e+00  0.00000000e+00  0.00000000e+00
  0.00000000e+00  0.00000000e+00  0.00000000e+00  0.00000000e+00
  0.00000000e+00  0.00000000e+00  0.00000000e+00  0.00000000e+00
  0.00000000e+00  0.00000000e+00  0.00000000e+00  0.00000000e+00
  0.00000000e+00  0.00000000e+00 -3.05886173e-07 -7.91400020e-08
  0.00000000e+00  0.00000000e+00  0.00000000e+00  3.50706738e-06]","[[-3.93169454e-05  2.10440938e-03]
 [-5.91060678e-05 -8.62884050e-04]]",[],0.0,0.0
1787564017.0103285,2.3453417589488272,1.2418985793550876,2.317400731809361,"[ 3.44292189e-06 -3.37802382e-07  0.00000000e+00  0.00000000e+00
  0.00000000e+00 -3.05886173e-07 -3.37802382e-07  3.02412193e-06
  0.00000000e+00  0.00000000e+00  0.00000000e+00 -7.91400020e-08
  0.00000000e+00  0.00000000e+00  0.00000000e+00  0.00000000e+00
  0.00000000e+00  0.00000000e+00  0.00000000e+00  0.00000000e+00
  0.00000000e+00  0.00000000e+00  0.00000000e+00  0.00000000e+00
  0.00000000e+00  0.00000000e+00  0.00000000e+00  0.00000000e+00
  0.00000000e+00  0.00000000e+00 -3.05886173e-07 -7.91400020e-08
  0.00000000e+00  0.00000000e+00  0.00000000e+00  3.50706738e-06]","[[-3.93169454e-05  2.10440938e-03]
 [-5.91060678e-05 -8.62884050e-04]]",[],0.0,0.0
1787564017.0756466,2.3453417589488272,1.2418985793550876,2.317400731809361,"[ 3.44292189e-06 -3.37802382e-07  0.00000000e+00  0.00000000e+00
  0.00000000e+00 -3.05886173e-07 -3.37802382e-07  3.02412193e-06
  0.00000000e+00  0.00000000e+00  0.00000000e+00 -7.91400020e-08
  0.00000000e+00  0.00000000e+00  0.00000000e+00  0.00000000e+00
  0.00000000e+00  0.00000000e+00  0.00000000e+00  0.00000000e+00
  0.00000000e+00  0.00000000e+00  0.00000000e+00  0.00000000e+00
  0.00000000e+00  0.00000000e+00  0.00000000e+00  0.00000000e+00
  0.00000000e+00  0.00000000e+00 -3.05886173e-07 -7.91400020e-08
  0.00000000e+00  0.00000000e+00  0.00000000e+00  3.50706738e-06]","[[-3.93169454e-05  2.10440938e-03]
 [-5.91060678e-05 -8.62884050e-04]]",[],0.0,0.0
1787564017.1167579,2.3453417589488272,1.2418985793550876,2.317400731809361,"[ 3.44292189e-06 -3.37802382e-07  0.00000000e+00  0.00000000e+00
  0.00000000e+00 -3.05886173e-07 -3.37802382e-07  3.02412193e-06
  0.00000000e+00  0.00000000e+00  0.00000000e+00 -7.91400020e-08
  0.00000000e+00  0.00000000e+00  0.00000000e+00  0.00000000e+00
  0.00000000e+00  0.00000000e+00  0.00000000e+00  0.00000000e+00
  0.00000000e+00  0.00000000e+00  0.00000000e+00  0.00000000e+00
  0.00000000e+00  0.00000000e+00  0.00000000e+00  0.00000000e+00
  0.00000000e+00  0.00000000e+00 -3.05886173e-07 -7.91400020e-08
  0.00000000e+00  0.00000000e+00  0.00000000e+00  3.50706738e-06]","[[-3.93169454e-05  2.10440938e-03]
 [-5.91060678e-05 -8.62884050e-04]]",[],0.0,0.0
1787564017.1599588,2.3453417589488272,1.2418985793550876,2.317400731809361,"[ 3.44292189e-06 -3.37802382e-07  0.00000000e+00  0.00000000e+00
  0.00000000e+00 -3.05886173e-07 -3.37802382e-07  3.02412193e-06
  0.00000000e+00  0.00000000e+00  0.00000000e+00 -7.91400020e-08
  0.00000000e+00  0.00000000e+00  0.00000000e+00  0.00000000e+00
  0.00000000e+00  0.00000000e+00  0.00000000e+00  0.00000000e+00
  0.00000000e+00  0.00000000e+00  0.00000000e+00  0.00000000e+00
  0.00000000e+00  0.00000000e+00  0.00000000e+00  0.00000000e+00
  0.00000000e+00  0.00000000e+00 -3.05886173e-07 -7.91400020e-08
  0.00000000e+00  0.00000000e+00  0.00000000e+00  3.50706738e-06]","[[-3.93169454e-05  2.10440938e-03]
 [-5.91060678e-05 -8.62884050e-04]]",[],0.0,0.0
1787564017.2101955,2.3446610125633014,1.240277634679089,2.3247725764684004,"[ 3.32346085e-06 -3.76427485e-07  0.00000000e+00  0.00000000e+00
  0.00000000e+00 -2.81075420e-07 -3.76427485e-07  2.94133140e-06
  0.00000000e+00  0.00000000e+00  0.00000000e+00 -6.75893783e-08
  0.00000000e+00  0.00000000e+00  0.00000000e+00  0.00000000e+00
  0.00000000e+00  0.00000000e+00  0.00000000e+00  0.00000000e+00
  0.00000000e+00  0.00000000e+00  0.00000000e+00  0.00000000e+00
  0.00000000e+00  0.00000000e+00  0.00000000e+00  0.00000000e+00
  0.00000000e+00  0.00000000e+00 -2.81075420e-07 -6.75893783e-08
  0.00000000e+00  0.00000000e+00  0.00000000e+00  3.54329212e-06]","[[-3.68481937e-05  2.02152701e-03]
 [-5.68707032e-05 -8.74404747e-04]]",[],0.0,0.0
1787564017.2614772,2.3446610125633014,1.240277634679089,2.3247725764684004,"[ 3.32346085e-06 -3.76427485e-07  0.00000000e+00  0.00000000e+00
  0.00000000e+00 -2.81075420e-07 -3.76427485e-07  2.94133140e-06
  0.00000000e+00  0.00000000e+00  0.00000000e+00 -6.75893783e-08
  0.00000000e+00  0.00000000e+00  0.00000000e+00  0.00000000e+00
  0.00000000e+00  0.00000000e+00  0.00000000e+00  0.00000000e+00
  0.00000000e+00  0.00000000e+00  0.00000000e+00  0.00000000e+00
  0.00000000e+00  0.00000000e+00  0.00000000e+00  0.00000000e+00
  0.00000000e+00  0.00000000e+00 -2.81075420e-07 -6.75893783e-08
  0.00000000e+00  0.00000000e+00  0.00000000e+00  3.54329212e-06]","[[-3.68481937e-05  2.02152701e-03]
 [-5.68707032e-05 -8.74404747e-04]]",[],0.0,0.0
1787564017.3105838,2.3446610125633014,1.240277634679089,2.3247725764684004,"[ 3.32346085e-06 -3.76427485e-07  0.00000000e+00  0.00000000e+00
  0.00000000e+00 -2.81075420e-07 -3.76427485e-07  2.94133140e-06
  0.00000000e+00  0.00000000e+00  0.00000000e+00 -6.75893783e-08
  0.00000000e+00  0.00000000e+00  0.00000000e+00  0.00000000e+00
  0.00000000e+00  0.00000000e+00  0.00000000e+00  0.00000000e+00
  0.00000000e+00  0.00000000e+00  0.00000000e+00  0.00000000e+00
  0.00000000e+00  0.00000000e+00  0.00000000e+00  0.00000000e+00
  0.00000000e+00  0.00000000e+00 -2.81075420e-07 -6.75893783e-08
  0.00000000e+00  0.00000000e+00  0.00000000e+00  3.54329212e-06]","[[-3.68481937e-05  2.02152701e-03]
 [-5.68707032e-05 -8.74404747e-04]]",[],0.0,0.0
1787564017.3612165,2.3446610125633014,1.240277634679089,2.3247725764684004,"[ 3.32346085e-06 -3.76427485e-07  0.00000000e+00  0.00000000e+00
  0.00000000e+00 -2.81075420e-07 -3.76427485e-07  2.94133140e-06
  0.00000000e+00  0.00000000e+00  0.00000000e+00 -6.75893783e-08
  0.00000000e+00  0.00000000e+00  0.00000000e+00  0.00000000e+00
  0.00000000e+00  0.00000000e+00  0.00000000e+00  0.00000000e+00
  0.00000000e+00  0.00000000e+00  0.00000000e+00  0.00000000e+00
  0.00000000e+00  0.00000000e+00  0.00000000e+00  0.00000000e+00
  0.00000000e+00  0.00000000e+00 -2.81075420e-07 -6.75893783e-08
  0.00000000e+00  0.00000000e+00  0.00000000e+00  3.54329212e-06]","[[-3.68481937e-05  2.02152701e-03]
 [-5.68707032e-05 -8.74404747e-04]]",[],0.0,0.0
1787564017.4107027,2.3446610125633014,1.240277634679089,2.3247725764684004,"[ 3.32346085e-06 -3.76427485e-07  0.00000000e+00  0.00000000e+00
  0.00000000e+00 -2.81075420e-07 -3.76427485e-07  2.94133140e-06
  0.00000000e+00  0.00000000e+00  0.00000000e+00 -6.75893783e-08
  0.00000000e+00  0.00000000e+00  0.00000000e+00  0.00000000e+00
  0.00000000e+00  0.00000000e+00  0.00000000e+00  0.00000000e+00
  0.00000000e+00  0.00000000e+00  0.00000000e+00  0.00000000e+00
  0.00000000e+00  0.00000000e+00  0.00000000e+00  0.00000000e+00
  0.00000000e+00  0.00000000e+00 -2.81075420e-07 -6.75893783e-08
  0.00000000e+00  0.00000000e+00  0.00000000e+00  3.54329212e-06]","[[-3.68481937e-05  2.02152701e-03]
 [-5.68707032e-05 -8.74404747e-04]]",[],0.0,0.0
1787564017.4596167,2.3446610125633014,1.240277634679089,2.3247725764684004,"[ 3.32346085e-06 -3.76427485e-07  0.00000000e+00  0.00000000e+00
  0.00000000e+00 -2.81075420e-07 -3.76427485e-07  2.94133140e-06
  0.00000000e+00  0.00000000e+00  0.00000000e+00 -6.75893783e-08
  0.00000000e+00  0.00000000e+00  0.00000000e+00  0.00000000e+00
  0.00000000e+00  0.00000000e+00  0.00000000e+00  0.00000000e+00
  0.00000000e+00  0.00000000e+00  0.00000000e+00  0.00000000e+00
  0.00000000e+00  0.00000000e+00  0.00000000e+00  0.00000000e+00
  0.00000000e+00  0.00000000e+00 -2.81075420e-07 -6.75893783e-08
  0.00000000e+00  0.00000000e+00  0.00000000e+00  3.54329212e-06]","[[-3.68481937e-05  2.02152701e-03]
 [-5.68707032e-05 -8.74404747e-04]]",[],0.0,0.0
1787564017.5097208,2.3446610125633014,1.240277634679089,2.3247725764684004,"[ 3.32346085e-06 -3.76427485e-07  0.00000000e+00  0.00000000e+00
  0.00000000e+00 -2.81075420e-07 -3.76427485e-07  2.94133140e-06
  0.00000000e+00  0.00000000e+00  0.00000000e+00 -6.75893783e-08
  0.00000000e+00  0.00000000e+00  0.00000000e+00  0.00000000e+00
  0.00000000e+00  0.00000000e+00  0.00000000e+00  0.00000000e+00
  0.00000000e+00  0.00000000e+00  0.00000000e+00  0.00000000e+00
  0.00000000e+00  0.00000000e+00  0.00000000e+00  0.00000000e+00
  0.00000000e+00  0.00000000e+00 -2.81075420e-07 -6.75893783e-08
  0.00000000e+00  0.00000000e+00  0.00000000e+00  3.54329212e-06]","[[-3.68481937e-05  2.02152701e-03]
 [-5.68707032e-05 -8.74404747e-04]]",[],0.0,0.0
1787564017.5600767,2.3446610125633014,1.240277634679089,2.3247725764684004,"[ 3.32346085e-06 -3.76427485e-07  0.00000000e+00  0.00000000e+00
  0.00000000e+00 -2.81075420e-07 -3.76427485e-07  2.94133140e-06
  0.00000000e+00  0.00000000e+00  0.00000000e+00 -6.75893783e-08
  0.00000000e+00  0.00000000e+00  0.00000000e+00  0.00000000e+00
  0.00000000e+00  0.00000000e+00  0.00000000e+00  0.00000000e+00
  0.00000000e+00  0.00000000e+00  0.00000000e+00  0.00000000e+00
  0.00000000e+00  0.00000000e+00  0.00000000e+00  0.00000000e+00
  0.00000000e+00  0.00000000e+00 -2.81075420e-07 -6.75893783e-08
  0.00000000e+00  0.00000000e+00  0.00000000e+00  3.54329212e-06]","[[-3.68481937e-05  2.02152701e-03]
 [-5.68707032e-05 -8.74404747e-04]]",[],0.0,0.0
1787564017.6241949,2.3446610125633014,1.240277634679089,2.3247725764684004,"[ 3.32346085e-06 -3.76427485e-07  0.00000000e+00  0.00000000e+00
  0.00000000e+00 -2.81075420e-07 -3.76427485e-07  2.94133140e-06
  0.00000000e+00  0.00000000e+00  0.00000000e+00 -6.75893783e-08
  0.00000000e+00  0.00000000e+00  0.00000000e+00  0.00000000e+00
  0.00000000e+00  0.00000000e+00  0.00000000e+00  0.00000000e+00
  0.00000000e+00  0.00000000e+00  0.00000000e+00  0.00000000e+00
  0.00000000e+00  0.00000000e+00  0.00000000e+00  0.00000000e+00
  0.00000000e+00  0.00000000e+00 -2.81075420e-07 -6.75893783e-08
  0.00000000e+00  0.00000000e+00  0.00000000e+00  3.54329212e-06]","[[-3.68481937e-05  2.02152701e-03]
 [-5.68707032e-05 -8.74404747e-04]]",[],0.0,0.0
1787564017.6612074,2.3446610125633014,1.240277634679089,2.3247725764684004,"[ 3.32346085e-06 -3.76427485e-07  0.00000000e+00  0.00000000e+00
  0.00000000e+00 -2.81075420e-07 -3.76427485e-07  2.94133140e-06
  0.00000000e+00  0.00000000e+00  0.00000000e+00 -6.75893783e-08
  0.00000000e+00  0.00000000e+00  0.00000000e+00  0.00000000e+00
  0.00000000e+00  0.00000000e+00  0.00000000e+00  0.00000000e+00
  0.00000000e+00  0.00000000e+00  0.00000000e+00  0.00000000e+00
  0.00000000e+00  0.00000000e+00  0.00000000e+00  0.00000000e+00
  0.00000000e+00  0.00000000e+00 -2.81075420e-07 -6.75893783e-08
  0.00000000e+00  0.00000000e+00  0.00000000e+00  3.54329212e-06]","[[-3.68481937e-05  2.02152701e-03]
 [-5.68707032e-05 -8.74404747e-04]]",[],0.0,0.0
1787564017.7102098,2.3446610125633014,1.240277634679089,2.3247725764684004,"[ 3.32346085e-06 -3.76427485e-07  0.00000000e+00  0.00000000e+00
  0.00000000e+00 -2.81075420e-07 -3.76427485e-07  2.94133140e-06
  0.00000000e+00  0.00000000e+00  0.00000000e+00 -6.75893783e-08
  0.00000000e+00  0.00000000e+00  0.00000000e+00  0.00000000e+00
  0.00000000e+00  0.00000000e+00  0.00000000e+00  0.00000000e+00
  0.00000000e+00  0.00000000e+00  0.00000000e+00  0.00000000e+00
  0.00000000e+00  0.00000000e+00  0.00000000e+00  0.00000000e+00
  0.00000000e+00  0.00000000e+00 -2.81075420e-07 -6.75893783e-08
  0.00000000e+00  0.00000000e+00  0.00000000e+00  3.54329212e-06]","[[-3.68481937e-05  2.02152701e-03]
 [-5.68707032e-05 -8.74404747e-04]]",[],0.0,0.0
1787564017.7608395,2.3446610125633014,1.240277634679089,2.3247725764684004,"[ 3.32346085e-06 -3.76427485e-07  0.00000000e+00  0.00000000e+00
  0.00000000e+00 -2.81075420e-07 -3.76427485e-07  2.94133140e-06
  0.00000000e+00  0.00000000e+00  0.00000000e+00 -6.75893783e-08
  0.00000000e+00  0.00000000e+00  0.00000000e+00  0.00000000e+00
  0.00000000e+00  0.00000000e+00  0.00000000e+00  0.00000000e+00
  0.00000000e+00  0.00000000e+00  0.00000000e+00  0.00000000e+00
  0.00000000e+00  0.00000000e+00  0.00000000e+00  0.00000000e+00
  0.00000000e+00  0.00000000e+00 -2.81075420e-07 -6.75893783e-08
  0.00000000e+00  0.00000000e+00  0.00000000e+00  3.54329212e-06]","[[-3.68481937e-05  2.02152701e-03]
 [-5.68707032e-05 -8.74404747e-04]]",[],0.0,0.0
1787564017.809426,2.3446610125633014,1.240277634679089,2.3247725764684004,"[ 3.32346085e-06 -3.76427485e-07  0.00000000e+00  0.00000000e+00
  0.00000000e+00 -2.81075420e-07 -3.76427485e-07  2.94133140e-06
  0.00000000e+00  0.00000000e+00  0.00000000e+00 -6.75893783e-08
  0.00000000e+00  0.00000000e+00  0.00000000e+00  0.00000000e+00
  0.00000000e+00  0.00000000e+00  0.00000000e+00  0.00000000e+00
  0.00000000e+00  0.00000000e+00  0.00000000e+00  0.00000000e+00
  0.00000000e+00  0.00000000e+00  0.00000000e+00  0.00000000e+00
  0.00000000e+00  0.00000000e+00 -2.81075420e-07 -6.75893783e-08
  0.00000000e+00  0.00000000e+00  0.00000000e+00  3.54329212e-06]","[[-3.68481937e-05  2.02152701e-03]
 [-5.68707032e-05 -8.74404747e-04]]",[],0.0,0.0
1787564017.8669178,2.3446610125633014,1.240277634679089,2.3247725764684004,"[ 3.32346085e-06 -3.76427485e-07  0.00000000e+00  0.00000000e+00
  0.00000000e+00 -2.81075420e-07 -3.76427485e-07  2.94133140e-06
  0.00000000e+00  0.00000000e+00  0.00000000e+00 -6.75893783e-08
  0.00000000e+00  0.00000000e+00  0.00000000e+00  0.00000000e+00
  0.00000000e+00  0.00000000e+00  0.00000000e+00  0.00000000e+00
  0.00000000e+00  0.00000000e+00  0.00000000e+00  0.00000000e+00
  0.00000000e+00  0.00000000e+00  0.00000000e+00  0.00000000e+00
  0.00000000e+00  0.00000000e+00 -2.81075420e-07 -6.75893783e-08
  0.00000000e+00  0.00000000e+00  0.00000000e+00  3.54329212e-06]","[[-3.68481937e-05  2.02152701e-03]
 [-5.68707032e-05 -8.74404747e-04]]",[],0.0,0.0
1787564017.909654,2.3446610125633014,1.240277634679089,2.3247725764684004,"[ 3.32346085e-06 -3.76427485e-07  0.00000000e+00  0.00000000e+00
  0.00000000e+00 -2.81075420e-07 -3.76427485e-07  2.94133140e-06
  0.00000000e+00  0.00000000e+00  0.00000000e+00 -6.75893783e-08
  0.00000000e+00  0.00000000e+00  0.00000000e+00  0.00000000e+00
  0.00000000e+00  0.00000000e+00  0.00000000e+00  0.00000000e+00
  0.00000000e+00  0.00000000e+00  0.00000000e+00  0.00000000e+00
  0.00000000e+00  0.00000000e+00  0.00000000e+00  0.00000000e+00
  0.00000000e+00  0.00000000e+00 -2.81075420e-07 -6.75893783e-08
  0.00000000e+00  0.00000000e+00  0.00000000e+00  3.54329212e-06]","[[-3.68481937e-05  2.02152701e-03]
 [-5.68707032e-05 -8.74404747e-04]]",[],0.0,0.0
1787564017.9636028,2.343975551328893,1.2402229458759206,2.3338670731641464,"[ 3.22857841e-06 -4.24422750e-07  0.00000000e+00  0.00000000e+00
  0.00000000e+00 -3.19770844e-07 -4.24422750e-07  2.87262238e-06
  0.00000000e+00  0.00000000e+00  0.00000000e+00 -7.42354649e-08
  0.00000000e+00  0.00000000e+00  0.00000000e+00  0.00000000e+00
  0.00000000e+00  0.00000000e+00  0.00000000e+00  0.00000000e+00
  0.00000000e+00  0.00000000e+00  0.00000000e+00  0.00000000e+00
  0.00000000e+00  0.00000000e+00  0.00000000e+00  0.00000000e+00
  0.00000000e+00  0.00000000e+00 -3.19770844e-07 -7.42354649e-08
  0.00000000e+00  0.00000000e+00  0.00000000e+00  3.58756317e-06]","[[-3.45522136e-05  2.05673805e-03]
 [-5.47816053e-05 -8.64533236e-04]]",[],0.0,0.0
1787564018.0182192,2.343975551328893,1.2402229458759206,2.3338670731641464,"[ 3.22857841e-06 -4.24422750e-07  0.00000000e+00  0.00000000e+00
  0.00000000e+00 -3.19770844e-07 -4.24422750e-07  2.87262238e-06
  0.00000000e+00  0.00000000e+00  0.00000000e+00 -7.42354649e-08
  0.00000000e+00  0.00000000e+00  0.00000000e+00  0.00000000e+00
  0.00000000e+00  0.00000000e+00  0.00000000e+00  0.00000000e+00
  0.00000000e+00  0.00000000e+00  0.00000000e+00  0.00000000e+00
  0.00000000e+00  0.00000000e+00  0.00000000e+00  0.00000000e+00
  0.00000000e+00  0.00000000e+00 -3.19770844e-07 -7.42354649e-08
  0.00000000e+00  0.00000000e+00  0.00000000e+00  3.58756317e-06]","[[-3.45522136e-05  2.05673805e-03]
 [-5.47816053e-05 -8.64533236e-04]]",[],0.0,0.0
1787564018.0719624,2.343975551328893,1.2402229458759206,2.3338670731641464,"[ 3.22857841e-06 -4.24422750e-07  0.00000000e+00  0.00000000e+00
  0.00000000e+00 -3.19770844e-07 -4.24422750e-07  2.87262238e-06
  0.00000000e+00  0.00000000e+00  0.00000000e+00 -7.42354649e-08
  0.00000000e+00  0.00000000e+00  0.00000000e+00  0.00000000e+00
  0.00000000e+00  0.00000000e+00  0.00000000e+00  0.00000000e+00
  0.00000000e+00  0.00000000e+00  0.00000000e+00  0.00000000e+00
  0.00000000e+00  0.00000000e+00  0.00000000e+00  0.00000000e+00
  0.00000000e+00  0.00000000e+00 -3.19770844e-07 -7.42354649e-08
  0.00000000e+00  0.00000000e+00  0.00000000e+00  3.58756317e-06]","[[-3.45522136e-05  2.05673805e-03]
 [-5.47816053e-05 -8.64533236e-04]]",[],0.0,0.0
1787564018.1235363,2.343975551328893,1.2402229458759206,2.3338670731641464,"[ 3.22857841e-06 -4.24422750e-07  0.00000000e+00  0.00000000e+00
  0.00000000e+00 -3.19770844e-07 -4.24422750e-07  2.87262238e-06
  0.00000000e+00  0.00000000e+00  0.00000000e+00 -7.42354649e-08
  0.00000000e+00  0.00000000e+00  0.00000000e+00  0.00000000e+00
  0.00000000e+00  0.00000000e+00  0.00000000e+00  0.00000000e+00
  0.00000000e+00  0.00000000e+00  0.00000000e+00  0.00000000e+00
  0.00000000e+00  0.00000000e+00  0.00000000e+00  0.00000000e+00
  0.00000000e+00  0.00000000e+00 -3.19770844e-07 -7.42354649e-08
  0.00000000e+00  0.00000000e+00  0.00000000e+00  3.58756317e-06]","[[-3.45522136e-05  2.05673805e-03]
 [-5.47816053e-05 -8.64533236e-04]]",[],0.0,0.0
1787564018.1683605,2.343975551328893,1.2402229458759206,2.3338670731641464,"[ 3.22857841e-06 -4.24422750e-07  0.00000000e+00  0.00000000e+00
  0.00000000e+00 -3.19770844e-07 -4.24422750e-07  2.87262238e-06
  0.00000000e+00  0.00000000e+00  0.00000000e+00 -7.42354649e-08
  0.00000000e+00  0.00000000e+00  0.00000000e+00  0.00000000e+00
  0.00000000e+00  0.00000000e+00  0.00000000e+00  0.00000000e+00
  0.00000000e+00  0.00000000e+00  0.00000000e+00  0.00000000e+00
  0.00000000e+00  0.00000000e+00  0.00000000e+00  0.00000000e+00
  0.00000000e+00  0.00000000e+00 -3.19770844e-07 -7.42354649e-08
  0.00000000e+00  0.00000000e+00  0.00000000e+00  3.58756317e-06]","[[-3.45522136e-05  2.05673805e-03]
 [-5.47816053e-05 -8.64533236e-04]]",[],0.0,0.0
1787564018.2095575,2.343975551328893,1.2402229458759206,2.3338670731641464,"[ 3.22857841e-06 -4.24422750e-07  0.00000000e+00  0.00000000e+00
  0.00000000e+00 -3.19770844e-07 -4.24422750e-07  2.87262238e-06
  0.00000000e+00  0.00000000e+00  0.00000000e+00 -7.42354649e-08
  0.00000000e+00  0.00000000e+00  0.00000000e+00  0.00000000e+00
  0.00000000e+00  0.00000000e+00  0.00000000e+00  0.00000000e+00
  0.00000000e+00  0.00000000e+00  0.00000000e+00  0.00000000e+00
  0.00000000e+00  0.00000000e+00  0.00000000e+00  0.00000000e+00
  0.00000000e+00  0.00000000e+00 -3.19770844e-07 -7.42354649e-08
  0.00000000e+00  0.00000000e+00  0.00000000e+00  3.58756317e-06]","[[-3.45522136e-05  2.05673805e-03]
 [-5.47816053e-05 -8.64533236e-04]]",[],0.0,0.0
1787564018.2605934,2.343975551328893,1.2402229458759206,2.3338670731641464,"[ 3.22857841e-06 -4.24422750e-07  0.00000000e+00  0.00000000e+00
  0.00000000e+00 -3.19770844e-07 -4.24422750e-07  2.87262238e-06
  0.00000000e+00  0.00000000e+00  0.00000000e+00 -7.42354649e-08
  0.00000000e+00  0.00000000e+00  0.00000000e+00  0.00000000e+00
  0.00000000e+00  0.00000000e+00  0.00000000e+00  0.00000000e+00
  0.00000000e+00  0.00000000e+00  0.00000000e+00  0.00000000e+00
  0.00000000e+00  0.00000000e+00  0.00000000e+00  0.00000000e+00
  0.00000000e+00  0.00000000e+00 -3.19770844e-07 -7.42354649e-08
  0.00000000e+00  0.00000000e+00  0.00000000e+00  3.58756317e-06]","[[-3.45522136e-05  2.05673805e-03]
 [-5.47816053e-05 -8.64533236e-04]]",[],0.0,0.0
1787564018.3097503,2.343975551328893,1.2402229458759206,2.3338670731641464,"[ 3.22857841e-06 -4.24422750e-07  0.00000000e+00  0.00000000e+00
  0.00000000e+00 -3.19770844e-07 -4.24422750e-07  2.87262238e-06
  0.00000000e+00  0.00000000e+00  0.00000000e+00 -7.42354649e-08
  0.00000000e+00  0.00000000e+00  0.00000000e+00  0.00000000e+00
  0.00000000e+00  0.00000000e+00  0.00000000e+00  0.00000000e+00
  0.00000000e+00  0.00000000e+00  0.00000000e+00  0.00000000e+00
  0.00000000e+00  0.00000000e+00  0.00000000e+00  0.00000000e+00
  0.00000000e+00  0.00000000e+00 -3.19770844e-07 -7.42354649e-08
  0.00000000e+00  0.00000000e+00  0.00000000e+00  3.58756317e-06]","[[-3.45522136e-05  2.05673805e-03]
 [-5.47816053e-05 -8.64533236e-04]]",[],0.0,0.0
1787564018.360872,2.343975551328893,1.2402229458759206,2.3338670731641464,"[ 3.22857841e-06 -4.24422750e-07  0.00000000e+00  0.00000000e+00
  0.00000000e+00 -3.19770844e-07 -4.24422750e-07  2.87262238e-06
  0.00000000e+00  0.00000000e+00  0.00000000e+00 -7.42354649e-08
  0.00000000e+00  0.00000000e+00  0.00000000e+00  0.00000000e+00
  0.00000000e+00  0.00000000e+00  0.00000000e+00  0.00000000e+00
  0.00000000e+00  0.00000000e+00  0.00000000e+00  0.00000000e+00
  0.00000000e+00  0.00000000e+00  0.00000000e+00  0.00000000e+00
  0.00000000e+00  0.00000000e+00 -3.19770844e-07 -7.42354649e-08
  0.00000000e+00  0.00000000e+00  0.00000000e+00  3.58756317e-06]","[[-3.45522136e-05  2.05673805e-03]
 [-5.47816053e-05 -8.64533236e-04]]",[],0.0,0.0
1787564018.4108098,2.343975551328893,1.2402229458759206,2.3338670731641464,"[ 3.22857841e-06 -4.24422750e-07  0.00000000e+00  0.00000000e+00
  0.00000000e+00 -3.19770844e-07 -4.24422750e-07  2.87262238e-06
  0.00000000e+00  0.00000000e+00  0.00000000e+00 -7.42354649e-08
  0.00000000e+00  0.00000000e+00  0.00000000e+00  0.00000000e+00
  0.00000000e+00  0.00000000e+00  0.00000000e+00  0.00000000e+00
  0.00000000e+00  0.00000000e+00  0.00000000e+00  0.00000000e+00
  0.00000000e+00  0.00000000e+00  0.00000000e+00  0.00000000e+00
  0.00000000e+00  0.00000000e+00 -3.19770844e-07 -7.42354649e-08
  0.00000000e+00  0.00000000e+00  0.00000000e+00  3.58756317e-06]","[[-3.45522136e-05  2.05673805e-03]
 [-5.47816053e-05 -8.64533236e-04]]",[],0.0,0.0
1787564018.4620275,2.343975551328893,1.2402229458759206,2.3338670731641464,"[ 3.22857841e-06 -4.24422750e-07  0.00000000e+00  0.00000000e+00
  0.00000000e+00 -3.19770844e-07 -4.24422750e-07  2.87262238e-06
  0.00000000e+00  0.00000000e+00  0.00000000e+00 -7.42354649e-08
  0.00000000e+00  0.00000000e+00  0.00000000e+00  0.00000000e+00
  0.00000000e+00  0.00000000e+00  0.00000000e+00  0.00000000e+00
  0.00000000e+00  0.00000000e+00  0.00000000e+00  0.00000000e+00
  0.00000000e+00  0.00000000e+00  0.00000000e+00  0.00000000e+00
  0.00000000e+00  0.00000000e+00 -3.19770844e-07 -7.42354649e-08
  0.00000000e+00  0.00000000e+00  0.00000000e+00  3.58756317e-06]","[[-3.45522136e-05  2.05673805e-03]
 [-5.47816053e-05 -8.64533236e-04]]",[],0.0,0.0
1787564018.509971,2.343975551328893,1.2402229458759206,2.3338670731641464,"[ 3.22857841e-06 -4.24422750e-07  0.00000000e+00  0.00000000e+00
  0.00000000e+00 -3.19770844e-07 -4.24422750e-07  2.87262238e-06
  0.00000000e+00  0.00000000e+00  0.00000000e+00 -7.42354649e-08
  0.00000000e+00  0.00000000e+00  0.00000000e+00  0.00000000e+00
  0.00000000e+00  0.00000000e+00  0.00000000e+00  0.00000000e+00
  0.00000000e+00  0.00000000e+00  0.00000000e+00  0.00000000e+00
  0.00000000e+00  0.00000000e+00  0.00000000e+00  0.00000000e+00
  0.00000000e+00  0.00000000e+00 -3.19770844e-07 -7.42354649e-08
  0.00000000e+00  0.00000000e+00  0.00000000e+00  3.58756317e-06]","[[-3.45522136e-05  2.05673805e-03]
 [-5.47816053e-05 -8.64533236e-04]]",[],0.0,0.0
1787564018.5597157,2.343975551328893,1.2402229458759206,2.3338670731641464,"[ 3.22857841e-06 -4.24422750e-07  0.00000000e+00  0.00000000e+00
  0.00000000e+00 -3.19770844e-07 -4.24422750e-07  2.87262238e-06
  0.00000000e+00  0.00000000e+00  0.00000000e+00 -7.42354649e-08
  0.00000000e+00  0.00000000e+00  0.00000000e+00  0.00000000e+00
  0.00000000e+00  0.00000000e+00  0.00000000e+00  0.00000000e+00
  0.00000000e+00  0.00000000e+00  0.00000000e+00  0.00000000e+00
  0.00000000e+00  0.00000000e+00  0.00000000e+00  0.00000000e+00
  0.00000000e+00  0.00000000e+00 -3.19770844e-07 -7.42354649e-08
  0.00000000e+00  0.00000000e+00  0.00000000e+00  3.58756317e-06]","[[-3.45522136e-05  2.05673805e-03]
 [-5.47816053e-05 -8.64533236e-04]]",[],0.0,0.0
1787564018.610419,2.343975551328893,1.2402229458759206,2.3338670731641464,"[ 3.22857841e-06 -4.24422750e-07  0.00000000e+00  0.00000000e+00
  0.00000000e+00 -3.19770844e-07 -4.24422750e-07  2.87262238e-06
  0.00000000e+00  0.00000000e+00  0.00000000e+00 -7.42354649e-08
  0.00000000e+00  0.00000000e+00  0.00000000e+00  0.00000000e+00
  0.00000000e+00  0.00000000e+00  0.00000000e+00  0.00000000e+00
  0.00000000e+00  0.00000000e+00  0.00000000e+00  0.00000000e+00
  0.00000000e+00  0.00000000e+00  0.00000000e+00  0.00000000e+00
  0.00000000e+00  0.00000000e+00 -3.19770844e-07 -7.42354649e-08
  0.00000000e+00  0.00000000e+00  0.00000000e+00  3.58756317e-06]","[[-3.45522136e-05  2.05673805e-03]
 [-5.47816053e-05 -8.64533236e-04]]",[],0.0,0.0
1787564018.6630836,2.343975551328893,1.2402229458759206,2.3338670731641464,"[ 3.22857841e-06 -4.24422750e-07  0.00000000e+00  0.00000000e+00
  0.00000000e+00 -3.19770844e-07 -4.24422750e-07  2.87262238e-06
  0.00000000e+00  0.00000000e+00  0.00000000e+00 -7.42354649e-08
  0.00000000e+00  0.00000000e+00  0.00000000e+00  0.00000000e+00
  0.00000000e+00  0.00000000e+00  0.00000000e+00  0.00000000e+00
  0.00000000e+00  0.00000000e+00  0.00000000e+00  0.00000000e+00
  0.00000000e+00  0.00000000e+00  0.00000000e+00  0.00000000e+00
  0.00000000e+00  0.00000000e+00 -3.19770844e-07 -7.42354649e-08
  0.00000000e+00  0.00000000e+00  0.00000000e+00  3.58756317e-06]","[[-3.45522136e-05  2.05673805e-03]
 [-5.47816053e-05 -8.64533236e-04]]",[],0.0,0.0
1787564018.7107418,2.3423807886995958,1.240734294969854,2.3350838421842806,"[ 3.13929698e-06 -4.61710695e-07  0.00000000e+00  0.00000000e+00
  0.00000000e+00 -3.01731877e-07 -4.61710695e-07  2.80501205e-06
  0.00000000e+00  0.00000000e+00  0.00000000e+00 -7.61027694e-08
  0.00000000e+00  0.00000000e+00  0.00000000e+00  0.00000000e+00
  0.00000000e+00  0.00000000e+00  0.00000000e+00  0.00000000e+00
  0.00000000e+00  0.00000000e+00  0.00000000e+00  0.00000000e+00
  0.00000000e+00  0.00000000e+00  0.00000000e+00  0.00000000e+00
  0.00000000e+00  0.00000000e+00 -3.01731877e-07 -7.61027694e-08
  0.00000000e+00  0.00000000e+00  0.00000000e+00  3.52765845e-06]","[[-3.25766564e-05  1.99802864e-03]
 [-5.28472537e-05 -8.58904463e-04]]",[],0.0,0.0
1787564018.7607245,2.3423807886995958,1.240734294969854,2.3350838421842806,"[ 3.13929698e-06 -4.61710695e-07  0.00000000e+00  0.00000000e+00
  0.00000000e+00 -3.01731877e-07 -4.61710695e-07  2.80501205e-06
  0.00000000e+00  0.00000000e+00  0.00000000e+00 -7.61027694e-08
  0.00000000e+00  0.00000000e+00  0.00000000e+00  0.00000000e+00
  0.00000000e+00  0.00000000e+00  0.00000000e+00  0.00000000e+00
  0.00000000e+00  0.00000000e+00  0.00000000e+00  0.00000000e+00
  0.00000000e+00  0.00000000e+00  0.00000000e+00  0.00000000e+00
  0.00000000e+00  0.00000000e+00 -3.01731877e-07 -7.61027694e-08
  0.00000000e+00  0.00000000e+00  0.00000000e+00  3.52765845e-06]","[[-3.25766564e-05  1.99802864e-03]
 [-5.28472537e-05 -8.58904463e-04]]",[],0.0,0.0
1787564018.8098924,2.3423807886995958,1.240734294969854,2.3350838421842806,"[ 3.13929698e-06 -4.61710695e-07  0.00000000e+00  0.00000000e+00
  0.00000000e+00 -3.01731877e-07 -4.61710695e-07  2.80501205e-06
  0.00000000e+00  0.00000000e+00  0.00000000e+00 -7.61027694e-08
  0.00000000e+00  0.00000000e+00  0.00000000e+00  0.00000000e+00
  0.00000000e+00  0.00000000e+00  0.00000000e+00  0.00000000e+00
  0.00000000e+00  0.00000000e+00  0.00000000e+00  0.00000000e+00
  0.00000000e+00  0.00000000e+00  0.00000000e+00  0.00000000e+00
  0.00000000e+00  0.00000000e+00 -3.01731877e-07 -7.61027694e-08
  0.00000000e+00  0.00000000e+00  0.00000000e+00  3.52765845e-06]","[[-3.25766564e-05  1.99802864e-03]
 [-5.28472537e-05 -8.58904463e-04]]",[],0.0,0.0
1787564018.860057,2.3423807886995958,1.240734294969854,2.3350838421842806,"[ 3.13929698e-06 -4.61710695e-07  0.00000000e+00  0.00000000e+00
  0.00000000e+00 -3.01731877e-07 -4.61710695e-07  2.80501205e-06
  0.00000000e+00  0.00000000e+00  0.00000000e+00 -7.61027694e-08
  0.00000000e+00  0.00000000e+00  0.00000000e+00  0.00000000e+00
  0.00000000e+00  0.00000000e+00  0.00000000e+00  0.00000000e+00
  0.00000000e+00  0.00000000e+00  0.00000000e+00  0.00000000e+00
  0.00000000e+00  0.00000000e+00  0.00000000e+00  0.00000000e+00
  0.00000000e+00  0.00000000e+00 -3.01731877e-07 -7.61027694e-08
  0.00000000e+00  0.00000000e+00  0.00000000e+00  3.52765845e-06]","[[-3.25766564e-05  1.99802864e-03]
 [-5.28472537e-05 -8.58904463e-04]]",[],0.0,0.0
1787564018.9181979,2.3423807886995958,1.240734294969854,2.3350838421842806,"[ 3.13929698e-06 -4.61710695e-07  0.00000000e+00  0.00000000e+00
  0.00000000e+00 -3.01731877e-07 -4.61710695e-07  2.80501205e-06
  0.00000000e+00  0.00000000e+00  0.00000000e+00 -7.61027694e-08
  0.00000000e+00  0.00000000e+00  0.00000000e+00  0.00000000e+00
  0.00000000e+00  0.00000000e+00  0.00000000e+00  0.00000000e+00
  0.00000000e+00  0.00000000e+00  0.00000000e+00  0.00000000e+00
  0.00000000e+00  0.00000000e+00  0.00000000e+00  0.00000000e+00
  0.00000000e+00  0.00000000e+00 -3.01731877e-07 -7.61027694e-08
  0.00000000e+00  0.00000000e+00  0.00000000e+00  3.52765845e-06]","[[-3.25766564e-05  1.99802864e-03]
 [-5.28472537e-05 -8.58904463e-04]]",[],0.0,0.0
1787564018.9625387,2.3423807886995958,1.240734294969854,2.3350838421842806,"[ 3.13929698e-06 -4.61710695e-07  0.00000000e+00  0.00000000e+00
  0.00000000e+00 -3.01731877e-07 -4.61710695e-07  2.80501205e-06
  0.00000000e+00  0.00000000e+00  0.00000000e+00 -7.61027694e-08
  0.00000000e+00  0.00000000e+00  0.00000000e+00  0.00000000e+00
  0.00000000e+00  0.00000000e+00  0.00000000e+00  0.00000000e+00
  0.00000000e+00  0.00000000e+00  0.00000000e+00  0.00000000e+00
  0.00000000e+00  0.00000000e+00  0.00000000e+00  0.00000000e+00
  0.00000000e+00  0.00000000e+00 -3.01731877e-07 -7.61027694e-08
  0.00000000e+00  0.00000000e+00  0.00000000e+00  3.52765845e-06]","[[-3.25766564e-05  1.99802864e-03]
 [-5.28472537e-05 -8.58904463e-04]]",[],0.0,0.0
1787564019.0192604,2.3423807886995958,1.240734294969854,2.3350838421842806,"[ 3.13929698e-06 -4.61710695e-07  0.00000000e+00  0.00000000e+00
  0.00000000e+00 -3.01731877e-07 -4.61710695e-07  2.80501205e-06
  0.00000000e+00  0.00000000e+00  0.00000000e+00 -7.61027694e-08
  0.00000000e+00  0.00000000e+00  0.00000000e+00  0.00000000e+00
  0.00000000e+00  0.00000000e+00  0.00000000e+00  0.00000000e+00
  0.00000000e+00  0.00000000e+00  0.00000000e+00  0.00000000e+00
  0.00000000e+00  0.00000000e+00  0.00000000e+00  0.00000000e+00
  0.00000000e+00  0.00000000e+00 -3.01731877e-07 -7.61027694e-08
  0.00000000e+00  0.00000000e+00  0.00000000e+00  3.52765845e-06]","[[-3.25766564e-05  1.99802864e-03]
 [-5.28472537e-05 -8.58904463e-04]]",[],0.0,0.0
1787564019.064331,2.3423807886995958,1.240734294969854,2.3350838421842806,"[ 3.13929698e-06 -4.61710695e-07  0.00000000e+00  0.00000000e+00
  0.00000000e+00 -3.01731877e-07 -4.61710695e-07  2.80501205e-06
  0.00000000e+00  0.00000000e+00  0.00000000e+00 -7.61027694e-08
  0.00000000e+00  0.00000000e+00  0.00000000e+00  0.00000000e+00
  0.00000000e+00  0.00000000e+00  0.00000000e+00  0.00000000e+00
  0.00000000e+00  0.00000000e+00  0.00000000e+00  0.00000000e+00
  0.00000000e+00  0.00000000e+00  0.00000000e+00  0.00000000e+00
  0.00000000e+00  0.00000000e+00 -3.01731877e-07 -7.61027694e-08
  0.00000000e+00  0.00000000e+00  0.00000000e+00  3.52765845e-06]","[[-3.25766564e-05  1.99802864e-03]
 [-5.28472537e-05 -8.58904463e-04]]",[],0.0,0.0
1787564019.1093383,2.3423807886995958,1.240734294969854,2.3350838421842806,"[ 3.13929698e-06 -4.61710695e-07  0.00000000e+00  0.00000000e+00
  0.00000000e+00 -3.01731877e-07 -4.61710695e-07  2.80501205e-06
  0.00000000e+00  0.00000000e+00  0.00000000e+00 -7.61027694e-08
  0.00000000e+00  0.00000000e+00  0.00000000e+00  0.00000000e+00
  0.00000000e+00  0.00000000e+00  0.00000000e+00  0.00000000e+00
  0.00000000e+00  0.00000000e+00  0.00000000e+00  0.00000000e+00
  0.00000000e+00  0.00000000e+00  0.00000000e+00  0.00000000e+00
  0.00000000e+00  0.00000000e+00 -3.01731877e-07 -7.61027694e-08
  0.00000000e+00  0.00000000e+00  0.00000000e+00  3.52765845e-06]","[[-3.25766564e-05  1.99802864e-03]
 [-5.28472537e-05 -8.58904463e-04]]",[],0.0,0.0
1787564019.1628568,2.3423807886995958,1.240734294969854,2.3350838421842806,"[ 3.13929698e-06 -4.61710695e-07  0.00000000e+00  0.00000000e+00
  0.00000000e+00 -3.01731877e-07 -4.61710695e-07  2.80501205e-06
  0.00000000e+00  0.00000000e+00  0.00000000e+00 -7.61027694e-08
  0.00000000e+00  0.00000000e+00  0.00000000e+00  0.00000000e+00
  0.00000000e+00  0.00000000e+00  0.00000000e+00  0.00000000e+00
  0.00000000e+00  0.00000000e+00  0.00000000e+00  0.00000000e+00
  0.00000000e+00  0.00000000e+00  0.00000000e+00  0.00000000e+00
  0.00000000e+00  0.00000000e+00 -3.01731877e-07 -7.61027694e-08
  0.00000000e+00  0.00000000e+00  0.00000000e+00  3.52765845e-06]","[[-3.25766564e-05  1.99802864e-03]
 [-5.28472537e-05 -8.58904463e-04]]",[],0.0,0.0
1787564019.210347,2.3423807886995958,1.240734294969854,2.3350838421842806,"[ 3.13929698e-06 -4.61710695e-07  0.00000000e+00  0.00000000e+00
  0.00000000e+00 -3.01731877e-07 -4.61710695e-07  2.80501205e-06
  0.00000000e+00  0.00000000e+00  0.00000000e+00 -7.61027694e-08
  0.00000000e+00  0.00000000e+00  0.00000000e+00  0.00000000e+00
  0.00000000e+00  0.00000000e+00  0.00000000e+00  0.00000000e+00
  0.00000000e+00  0.00000000e+00  0.00000000e+00  0.00000000e+00
  0.00000000e+00  0.00000000e+00  0.00000000e+00  0.00000000e+00
  0.00000000e+00  0.00000000e+00 -3.01731877e-07 -7.61027694e-08
  0.00000000e+00  0.00000000e+00  0.00000000e+00  3.52765845e-06]","[[-3.25766564e-05  1.99802864e-03]
 [-5.28472537e-05 -8.58904463e-04]]",[],0.0,0.0
1787564019.2612462,2.3423807886995958,1.240734294969854,2.3350838421842806,"[ 3.13929698e-06 -4.61710695e-07  0.00000000e+00  0.00000000e+00
  0.00000000e+00 -3.01731877e-07 -4.61710695e-07  2.80501205e-06
  0.00000000e+00  0.00000000e+00  0.00000000e+00 -7.61027694e-08
  0.00000000e+00  0.00000000e+00  0.00000000e+00  0.00000000e+00
  0.00000000e+00  0.00000000e+00  0.00000000e+00  0.00000000e+00
  0.00000000e+00  0.00000000e+00  0.00000000e+00  0.00000000e+00
  0.00000000e+00  0.00000000e+00  0.00000000e+00  0.00000000e+00
  0.00000000e+00  0.00000000e+00 -3.01731877e-07 -7.61027694e-08
  0.00000000e+00  0.00000000e+00  0.00000000e+00  3.52765845e-06]","[[-3.25766564e-05  1.99802864e-03]
 [-5.28472537e-05 -8.58904463e-04]]",[],0.0,0.0
1787564019.3105829,2.3423807886995958,1.240734294969854,2.3350838421842806,"[ 3.13929698e-06 -4.61710695e-07  0.00000000e+00  0.00000000e+00
  0.00000000e+00 -3.01731877e-07 -4.61710695e-07  2.80501205e-06
  0.00000000e+00  0.00000000e+00  0.00000000e+00 -7.61027694e-08
  0.00000000e+00  0.00000000e+00  0.00000000e+00  0.00000000e+00
  0.00000000e+00  0.00000000e+00  0.00000000e+00  0.00000000e+00
  0.00000000e+00  0.00000000e+00  0.00000000e+00  0.00000000e+00
  0.00000000e+00  0.00000000e+00  0.00000000e+00  0.00000000e+00
  0.00000000e+00  0.00000000e+00 -3.01731877e-07 -7.61027694e-08
  0.00000000e+00  0.00000000e+00  0.00000000e+00  3.52765845e-06]","[[-3.25766564e-05  1.99802864e-03]
 [-5.28472537e-05 -8.58904463e-04]]",[],0.0,0.0
1787564019.370583,2.3423807886995958,1.240734294969854,2.3350838421842806,"[ 3.13929698e-06 -4.61710695e-07  0.00000000e+00  0.00000000e+00
  0.00000000e+00 -3.01731877e-07 -4.61710695e-07  2.80501205e-06
  0.00000000e+00  0.00000000e+00  0.00000000e+00 -7.61027694e-08
  0.00000000e+00  0.00000000e+00  0.00000000e+00  0.00000000e+00
  0.00000000e+00  0.00000000e+00  0.00000000e+00  0.00000000e+00
  0.00000000e+00  0.00000000e+00  0.00000000e+00  0.00000000e+00
  0.00000000e+00  0.00000000e+00  0.00000000e+00  0.00000000e+00
  0.00000000e+00  0.00000000e+00 -3.01731877e-07 -7.61027694e-08
  0.00000000e+00  0.00000000e+00  0.00000000e+00  3.52765845e-06]","[[-3.25766564e-05  1.99802864e-03]
 [-5.28472537e-05 -8.58904463e-04]]",[],0.0,0.0
1787564019.409407,2.3423807886995958,1.240734294969854,2.3350838421842806,"[ 3.13929698e-06 -4.61710695e-07  0.00000000e+00  0.00000000e+00
  0.00000000e+00 -3.01731877e-07 -4.61710695e-07  2.80501205e-06
  0.00000000e+00  0.00000000e+00  0.00000000e+00 -7.61027694e-08
  0.00000000e+00  0.00000000e+00  0.00000000e+00  0.00000000e+00
  0.00000000e+00  0.00000000e+00  0.00000000e+00  0.00000000e+00
  0.00000000e+00  0.00000000e+00  0.00000000e+00  0.00000000e+00
  0.00000000e+00  0.00000000e+00  0.00000000e+00  0.00000000e+00
  0.00000000e+00  0.00000000e+00 -3.01731877e-07 -7.61027694e-08
  0.00000000e+00  0.00000000e+00  0.00000000e+00  3.52765845e-06]","[[-3.25766564e-05  1.99802864e-03]
 [-5.28472537e-05 -8.58904463e-04]]",[],0.0,0.0
1787564019.4610796,2.3431539410759625,1.2384131871083577,2.3363072569641243,"[ 3.06706590e-06 -4.96824731e-07  0.00000000e+00  0.00000000e+00
  0.00000000e+00 -2.62935119e-07 -4.96824731e-07  2.75200483e-06
  0.00000000e+00  0.00000000e+00  0.00000000e+00 -6.71029850e-08
  0.00000000e+00  0.00000000e+00  0.00000000e+00  0.00000000e+00
  0.00000000e+00  0.00000000e+00  0.00000000e+00  0.00000000e+00
  0.00000000e+00  0.00000000e+00  0.00000000e+00  0.00000000e+00
  0.00000000e+00  0.00000000e+00  0.00000000e+00  0.00000000e+00
  0.00000000e+00  0.00000000e+00 -2.62935119e-07 -6.71029850e-08
  0.00000000e+00  0.00000000e+00  0.00000000e+00  3.62202009e-06]","[[-3.09001040e-05  1.91161883e-03]
 [-5.12337723e-05 -8.74718394e-04]]",[],0.0,0.0
1787564019.5167549,2.3431539410759625,1.2384131871083577,2.3363072569641243,"[ 3.06706590e-06 -4.96824731e-07  0.00000000e+00  0.00000000e+00
  0.00000000e+00 -2.62935119e-07 -4.96824731e-07  2.75200483e-06
  0.00000000e+00  0.00000000e+00  0.00000000e+00 -6.71029850e-08
  0.00000000e+00  0.00000000e+00  0.00000000e+00  0.00000000e+00
  0.00000000e+00  0.00000000e+00  0.00000000e+00  0.00000000e+00
  0.00000000e+00  0.00000000e+00  0.00000000e+00  0.00000000e+00
  0.00000000e+00  0.00000000e+00  0.00000000e+00  0.00000000e+00
  0.00000000e+00  0.00000000e+00 -2.62935119e-07 -6.71029850e-08
  0.00000000e+00  0.00000000e+00  0.00000000e+00  3.62202009e-06]","[[-3.09001040e-05  1.91161883e-03]
 [-5.12337723e-05 -8.74718394e-04]]",[],0.0,0.0
1787564019.5659573,2.3431539410759625,1.2384131871083577,2.3363072569641243,"[ 3.06706590e-06 -4.96824731e-07  0.00000000e+00  0.00000000e+00
  0.00000000e+00 -2.62935119e-07 -4.96824731e-07  2.75200483e-06
  0.00000000e+00  0.00000000e+00  0.00000000e+00 -6.71029850e-08
  0.00000000e+00  0.00000000e+00  0.00000000e+00  0.00000000e+00
  0.00000000e+00  0.00000000e+00  0.00000000e+00  0.00000000e+00
  0.00000000e+00  0.00000000e+00  0.00000000e+00  0.00000000e+00
  0.00000000e+00  0.00000000e+00  0.00000000e+00  0.00000000e+00
  0.00000000e+00  0.00000000e+00 -2.62935119e-07 -6.71029850e-08
  0.00000000e+00  0.00000000e+00  0.00000000e+00  3.62202009e-06]","[[-3.09001040e-05  1.91161883e-03]
 [-5.12337723e-05 -8.74718394e-04]]",[],0.0,0.0
1787564019.6189404,2.3431539410759625,1.2384131871083577,2.3363072569641243,"[ 3.06706590e-06 -4.96824731e-07  0.00000000e+00  0.00000000e+00
  0.00000000e+00 -2.62935119e-07 -4.96824731e-07  2.75200483e-06
  0.00000000e+00  0.00000000e+00  0.00000000e+00 -6.71029850e-08
  0.00000000e+00  0.00000000e+00  0.00000000e+00  0.00000000e+00
  0.00000000e+00  0.00000000e+00  0.00000000e+00  0.00000000e+00
  0.00000000e+00  0.00000000e+00  0.00000000e+00  0.00000000e+00
  0.00000000e+00  0.00000000e+00  0.00000000e+00  0.00000000e+00
  0.00000000e+00  0.00000000e+00 -2.62935119e-07 -6.71029850e-08
  0.00000000e+00  0.00000000e+00  0.00000000e+00  3.62202009e-06]","[[-3.09001040e-05  1.91161883e-03]
 [-5.12337723e-05 -8.74718394e-04]]",[],0.0,0.0
1787564019.6601262,2.3431539410759625,1.2384131871083577,2.3363072569641243,"[ 3.06706590e-06 -4.96824731e-07  0.00000000e+00  0.00000000e+00
  0.00000000e+00 -2.62935119e-07 -4.96824731e-07  2.75200483e-06
  0.00000000e+00  0.00000000e+00  0.00000000e+00 -6.71029850e-08
  0.00000000e+00  0.00000000e+00  0.00000000e+00  0.00000000e+00
  0.00000000e+00  0.00000000e+00  0.00000000e+00  0.00000000e+00
  0.00000000e+00  0.00000000e+00  0.00000000e+00  0.00000000e+00
  0.00000000e+00  0.00000000e+00  0.00000000e+00  0.00000000e+00
  0.00000000e+00  0.00000000e+00 -2.62935119e-07 -6.71029850e-08
  0.00000000e+00  0.00000000e+00  0.00000000e+00  3.62202009e-06]","[[-3.09001040e-05  1.91161883e-03]
 [-5.12337723e-05 -8.74718394e-04]]",[],0.0,0.0
1787564019.7113004,2.3431539410759625,1.2384131871083577,2.3363072569641243,"[ 3.06706590e-06 -4.96824731e-07  0.00000000e+00  0.00000000e+00
  0.00000000e+00 -2.62935119e-07 -4.96824731e-07  2.75200483e-06
  0.00000000e+00  0.00000000e+00  0.00000000e+00 -6.71029850e-08
  0.00000000e+00  0.00000000e+00  0.00000000e+00  0.00000000e+00
  0.00000000e+00  0.00000000e+00  0.00000000e+00  0.00000000e+00
  0.00000000e+00  0.00000000e+00  0.00000000e+00  0.00000000e+00
  0.00000000e+00  0.00000000e+00  0.00000000e+00  0.00000000e+00
  0.00000000e+00  0.00000000e+00 -2.62935119e-07 -6.71029850e-08
  0.00000000e+00  0.00000000e+00  0.00000000e+00  3.62202009e-06]","[[-3.09001040e-05  1.91161883e-03]
 [-5.12337723e-05 -8.74718394e-04]]",[],0.0,0.0
1787564019.7655754,2.3431539410759625,1.2384131871083577,2.3363072569641243,"[ 3.06706590e-06 -4.96824731e-07  0.00000000e+00  0.00000000e+00
  0.00000000e+00 -2.62935119e-07 -4.96824731e-07  2.75200483e-06
  0.00000000e+00  0.00000000e+00  0.00000000e+00 -6.71029850e-08
  0.00000000e+00  0.00000000e+00  0.00000000e+00  0.00000000e+00
  0.00000000e+00  0.00000000e+00  0.00000000e+00  0.00000000e+00
  0.00000000e+00  0.00000000e+00  0.00000000e+00  0.00000000e+00
  0.00000000e+00  0.00000000e+00  0.00000000e+00  0.00000000e+00
  0.00000000e+00  0.00000000e+00 -2.62935119e-07 -6.71029850e-08
  0.00000000e+00  0.00000000e+00  0.00000000e+00  3.62202009e-06]","[[-3.09001040e-05  1.91161883e-03]
 [-5.12337723e-05 -8.74718394e-04]]",[],0.0,0.0
1787564019.8102543,2.3431539410759625,1.2384131871083577,2.3363072569641243,"[ 3.06706590e-06 -4.96824731e-07  0.00000000e+00  0.00000000e+00
  0.00000000e+00 -2.62935119e-07 -4.96824731e-07  2.75200483e-06
  0.00000000e+00  0.00000000e+00  0.00000000e+00 -6.71029850e-08
  0.00000000e+00  0.00000000e+00  0.00000000e+00  0.00000000e+00
  0.00000000e+00  0.00000000e+00  0.00000000e+00  0.00000000e+00
  0.00000000e+00  0.00000000e+00  0.00000000e+00  0.00000000e+00
  0.00000000e+00  0.00000000e+00  0.00000000e+00  0.00000000e+00
  0.00000000e+00  0.00000000e+00 -2.62935119e-07 -6.71029850e-08
  0.00000000e+00  0.00000000e+00  0.00000000e+00  3.62202009e-06]","[[-3.09001040e-05  1.91161883e-03]
 [-5.12337723e-05 -8.74718394e-04]]",[],0.0,0.0
1787564019.8602104,2.3431539410759625,1.2384131871083577,2.3363072569641243,"[ 3.06706590e-06 -4.96824731e-07  0.00000000e+00  0.00000000e+00
  0.00000000e+00 -2.62935119e-07 -4.96824731e-07  2.75200483e-06
  0.00000000e+00  0.00000000e+00  0.00000000e+00 -6.71029850e-08
  0.00000000e+00  0.00000000e+00  0.00000000e+00  0.00000000e+00
  0.00000000e+00  0.00000000e+00  0.00000000e+00  0.00000000e+00
  0.00000000e+00  0.00000000e+00  0.00000000e+00  0.00000000e+00
  0.00000000e+00  0.00000000e+00  0.00000000e+00  0.00000000e+00
  0.00000000e+00  0.00000000e+00 -2.62935119e-07 -6.71029850e-08
  0.00000000e+00  0.00000000e+00  0.00000000e+00  3.62202009e-06]","[[-3.09001040e-05  1.91161883e-03]
 [-5.12337723e-05 -8.74718394e-04]]",[],0.0,0.0
1787564019.9101954,2.3431539410759625,1.2384131871083577,2.3363072569641243,"[ 3.06706590e-06 -4.96824731e-07  0.00000000e+00  0.00000000e+00
  0.00000000e+00 -2.62935119e-07 -4.96824731e-07  2.75200483e-06
  0.00000000e+00  0.00000000e+00  0.00000000e+00 -6.71029850e-08
  0.00000000e+00  0.00000000e+00  0.00000000e+00  0.00000000e+00
  0.00000000e+00  0.00000000e+00  0.00000000e+00  0.00000000e+00
  0.00000000e+00  0.00000000e+00  0.00000000e+00  0.00000000e+00
  0.00000000e+00  0.00000000e+00  0.00000000e+00  0.00000000e+00
  0.00000000e+00  0.00000000e+00 -2.62935119e-07 -6.71029850e-08
  0.00000000e+00  0.00000000e+00  0.00000000e+00  3.62202009e-06]","[[-3.09001040e-05  1.91161883e-03]
 [-5.12337723e-05 -8.74718394e-04]]",[],0.0,0.0
1787564019.9611053,2.3431539410759625,1.2384131871083577,2.3363072569641243,"[ 3.06706590e-06 -4.96824731e-07  0.00000000e+00  0.00000000e+00
  0.00000000e+00 -2.62935119e-07 -4.96824731e-07  2.75200483e-06
  0.00000000e+00  0.00000000e+00  0.00000000e+00 -6.71029850e-08
  0.00000000e+00  0.00000000e+00  0.00000000e+00  0.00000000e+00
  0.00000000e+00  0.00000000e+00  0.00000000e+00  0.00000000e+00
  0.00000000e+00  0.00000000e+00  0.00000000e+00  0.00000000e+00
  0.00000000e+00  0.00000000e+00  0.00000000e+00  0.00000000e+00
  0.00000000e+00  0.00000000e+00 -2.62935119e-07 -6.71029850e-08
  0.00000000e+00  0.00000000e+00  0.00000000e+00  3.62202009e-06]","[[-3.09001040e-05  1.91161883e-03]
 [-5.12337723e-05 -8.74718394e-04]]",[],0.0,0.0
1787564020.0097072,2.3431539410759625,1.2384131871083577,2.3363072569641243,"[ 3.06706590e-06 -4.96824731e-07  0.00000000e+00  0.00000000e+00
  0.00000000e+00 -2.62935119e-07 -4.96824731e-07  2.75200483e-06
  0.00000000e+00  0.00000000e+00  0.00000000e+00 -6.71029850e-08
  0.00000000e+00  0.00000000e+00  0.00000000e+00  0.00000000e+00
  0.00000000e+00  0.00000000e+00  0.00000000e+00  0.00000000e+00
  0.00000000e+00  0.00000000e+00  0.00000000e+00  0.00000000e+00
  0.00000000e+00  0.00000000e+00  0.00000000e+00  0.00000000e+00
  0.00000000e+00  0.00000000e+00 -2.62935119e-07 -6.71029850e-08
  0.00000000e+00  0.00000000e+00  0.00000000e+00  3.62202009e-06]","[[-3.09001040e-05  1.91161883e-03]
 [-5.12337723e-05 -8.74718394e-04]]",[],0.0,0.0
1787564020.063284,2.3431539410759625,1.2384131871083577,2.3363072569641243,"[ 3.06706590e-06 -4.96824731e-07  0.00000000e+00  0.00000000e+00
  0.00000000e+00 -2.62935119e-07 -4.96824731e-07  2.75200483e-06
  0.00000000e+00  0.00000000e+00  0.00000000e+00 -6.71029850e-08
  0.00000000e+00  0.00000000e+00  0.00000000e+00  0.00000000e+00
  0.00000000e+00  0.00000000e+00  0.00000000e+00  0.00000000e+00
  0.00000000e+00  0.00000000e+00  0.00000000e+00  0.00000000e+00
  0.00000000e+00  0.00000000e+00  0.00000000e+00  0.00000000e+00
  0.00000000e+00  0.00000000e+00 -2.62935119e-07 -6.71029850e-08
  0.00000000e+00  0.00000000e+00  0.00000000e+00  3.62202009e-06]","[[-3.09001040e-05  1.91161883e-03]
 [-5.12337723e-05 -8.74718394e-04]]",[],0.0,0.0
1787564020.1105604,2.3431539410759625,1.2384131871083577,2.3363072569641243,"[ 3.06706590e-06 -4.96824731e-07  0.00000000e+00  0.00000000e+00
  0.00000000e+00 -2.62935119e-07 -4.96824731e-07  2.75200483e-06
  0.00000000e+00  0.00000000e+00  0.00000000e+00 -6.71029850e-08
  0.00000000e+00  0.00000000e+00  0.00000000e+00  0.00000000e+00
  0.00000000e+00  0.00000000e+00  0.00000000e+00  0.00000000e+00
  0.00000000e+00  0.00000000e+00  0.00000000e+00  0.00000000e+00
  0.00000000e+00  0.00000000e+00  0.00000000e+00  0.00000000e+00
  0.00000000e+00  0.00000000e+00 -2.62935119e-07 -6.71029850e-08
  0.00000000e+00  0.00000000e+00  0.00000000e+00  3.62202009e-06]","[[-3.09001040e-05  1.91161883e-03]
 [-5.12337723e-05 -8.74718394e-04]]",[],0.0,0.0
1787564020.1609013,2.3431539410759625,1.2384131871083577,2.3363072569641243,"[ 3.06706590e-06 -4.96824731e-07  0.00000000e+00  0.00000000e+00
  0.00000000e+00 -2.62935119e-07 -4.96824731e-07  2.75200483e-06
  0.00000000e+00  0.00000000e+00  0.00000000e+00 -6.71029850e-08
  0.00000000e+00  0.00000000e+00  0.00000000e+00  0.00000000e+00
  0.00000000e+00  0.00000000e+00  0.00000000e+00  0.00000000e+00
  0.00000000e+00  0.00000000e+00  0.00000000e+00  0.00000000e+00
  0.00000000e+00  0.00000000e+00  0.00000000e+00  0.00000000e+00
  0.00000000e+00  0.00000000e+00 -2.62935119e-07 -6.71029850e-08
  0.00000000e+00  0.00000000e+00  0.00000000e+00  3.62202009e-06]","[[-3.09001040e-05  1.91161883e-03]
 [-5.12337723e-05 -8.74718394e-04]]",[],0.0,0.0
1787564020.2153594,2.3431539410759625,1.2384131871083577,2.3363072569641243,"[ 3.06706590e-06 -4.96824731e-07  0.00000000e+00  0.00000000e+00
  0.00000000e+00 -2.62935119e-07 -4.96824731e-07  2.75200483e-06
  0.00000000e+00  0.00000000e+00  0.00000000e+00 -6.71029850e-08
  0.00000000e+00  0.00000000e+00  0.00000000e+00  0.00000000e+00
  0.00000000e+00  0.00000000e+00  0.00000000e+00  0.00000000e+00
  0.00000000e+00  0.00000000e+00  0.00000000e+00  0.00000000e+00
  0.00000000e+00  0.00000000e+00  0.00000000e+00  0.00000000e+00
  0.00000000e+00  0.00000000e+00 -2.62935119e-07 -6.71029850e-08
  0.00000000e+00  0.00000000e+00  0.00000000e+00  3.62202009e-06]","[[-3.09001040e-05  1.91161883e-03]
 [-5.12337723e-05 -8.74718394e-04]]",[],0.0,0.0
1787564020.2653837,2.342911173966938,1.237229915659218,2.3394097262048144,"[ 3.00928372e-06 -5.44141651e-07  0.00000000e+00  0.00000000e+00
  0.00000000e+00 -2.69334259e-07 -5.44141651e-07  2.71372195e-06
  0.00000000e+00  0.00000000e+00  0.00000000e+00 -4.61743483e-08
  0.00000000e+00  0.00000000e+00  0.00000000e+00  0.00000000e+00
  0.00000000e+00  0.00000000e+00  0.00000000e+00  0.00000000e+00
  0.00000000e+00  0.00000000e+00  0.00000000e+00  0.00000000e+00
  0.00000000e+00  0.00000000e+00  0.00000000e+00  0.00000000e+00
  0.00000000e+00  0.00000000e+00 -2.69334259e-07 -4.61743483e-08
  0.00000000e+00  0.00000000e+00  0.00000000e+00  3.70492095e-06]","[[ 6.33475264e-05  1.71471302e-03]
 [-5.71153452e-05  1.23460223e-03]]",[],0.0,0.0
1787564020.3146558,2.342911173966938,1.237229915659218,2.3394097262048144,"[ 3.00928372e-06 -5.44141651e-07  0.00000000e+00  0.00000000e+00
  0.00000000e+00 -2.69334259e-07 -5.44141651e-07  2.71372195e-06
  0.00000000e+00  0.00000000e+00  0.00000000e+00 -4.61743483e-08
  0.00000000e+00  0.00000000e+00  0.00000000e+00  0.00000000e+00
  0.00000000e+00  0.00000000e+00  0.00000000e+00  0.00000000e+00
  0.00000000e+00  0.00000000e+00  0.00000000e+00  0.00000000e+00
  0.00000000e+00  0.00000000e+00  0.00000000e+00  0.00000000e+00
  0.00000000e+00  0.00000000e+00 -2.69334259e-07 -4.61743483e-08
  0.00000000e+00  0.00000000e+00  0.00000000e+00  3.70492095e-06]","[[ 6.33475264e-05  1.71471302e-03]
 [-5.71153452e-05  1.23460223e-03]]",[],0.0,0.0
1787564020.3664114,2.342911173966938,1.237229915659218,2.3394097262048144,"[ 3.00928372e-06 -5.44141651e-07  0.00000000e+00  0.00000000e+00
  0.00000000e+00 -2.69334259e-07 -5.44141651e-07  2.71372195e-06
  0.00000000e+00  0.00000000e+00  0.00000000e+00 -4.61743483e-08
  0.00000000e+00  0.00000000e+00  0.00000000e+00  0.00000000e+00
  0.00000000e+00  0.00000000e+00  0.00000000e+00  0.00000000e+00
  0.00000000e+00  0.00000000e+00  0.00000000e+00  0.00000000e+00
  0.00000000e+00  0.00000000e+00  0.00000000e+00  0.00000000e+00
  0.00000000e+00  0.00000000e+00 -2.69334259e-07 -4.61743483e-08
  0.00000000e+00  0.00000000e+00  0.00000000e+00  3.70492095e-06]","[[ 6.33475264e-05  1.71471302e-03]
 [-5.71153452e-05  1.23460223e-03]]",[],0.0,0.0
1787564020.41431,2.342911173966938,1.237229915659218,2.3394097262048144,"[ 3.00928372e-06 -5.44141651e-07  0.00000000e+00  0.00000000e+00
  0.00000000e+00 -2.69334259e-07 -5.44141651e-07  2.71372195e-06
  0.00000000e+00  0.00000000e+00  0.00000000e+00 -4.61743483e-08
  0.00000000e+00  0.00000000e+00  0.00000000e+00  0.00000000e+00
  0.00000000e+00  0.00000000e+00  0.00000000e+00  0.00000000e+00
  0.00000000e+00  0.00000000e+00  0.00000000e+00  0.00000000e+00
  0.00000000e+00  0.00000000e+00  0.00000000e+00  0.00000000e+00
  0.00000000e+00  0.00000000e+00 -2.69334259e-07 -4.61743483e-08
  0.00000000e+00  0.00000000e+00  0.00000000e+00  3.70492095e-06]","[[ 6.33475264e-05  1.71471302e-03]
 [-5.71153452e-05  1.23460223e-03]]",[],0.0,0.0
1787564020.4609888,2.342911173966938,1.237229915659218,2.3394097262048144,"[ 3.00928372e-06 -5.44141651e-07  0.00000000e+00  0.00000000e+00
  0.00000000e+00 -2.69334259e-07 -5.44141651e-07  2.71372195e-06
  0.00000000e+00  0.00000000e+00  0.00000000e+00 -4.61743483e-08
  0.00000000e+00  0.00000000e+00  0.00000000e+00  0.00000000e+00
  0.00000000e+00  0.00000000e+00  0.00000000e+00  0.00000000e+00
  0.00000000e+00  0.00000000e+00  0.00000000e+00  0.00000000e+00
  0.00000000e+00  0.00000000e+00  0.00000000e+00  0.00000000e+00
  0.00000000e+00  0.00000000e+00 -2.69334259e-07 -4.61743483e-08
  0.00000000e+00  0.00000000e+00  0.00000000e+00  3.70492095e-06]","[[ 6.33475264e-05  1.71471302e-03]
 [-5.71153452e-05  1.23460223e-03]]",[],0.0,0.0
1787564020.509901,2.342911173966938,1.237229915659218,2.3394097262048144,"[ 3.00928372e-06 -5.44141651e-07  0.00000000e+00  0.00000000e+00
  0.00000000e+00 -2.69334259e-07 -5.44141651e-07  2.71372195e-06
  0.00000000e+00  0.00000000e+00  0.00000000e+00 -4.61743483e-08
  0.00000000e+00  0.00000000e+00  0.00000000e+00  0.00000000e+00
  0.00000000e+00  0.00000000e+00  0.00000000e+00  0.00000000e+00
  0.00000000e+00  0.00000000e+00  0.00000000e+00  0.00000000e+00
  0.00000000e+00  0.00000000e+00  0.00000000e+00  0.00000000e+00
  0.00000000e+00  0.00000000e+00 -2.69334259e-07 -4.61743483e-08
  0.00000000e+00  0.00000000e+00  0.00000000e+00  3.70492095e-06]","[[ 6.33475264e-05  1.71471302e-03]
 [-5.71153452e-05  1.23460223e-03]]",[],0.0,0.0
1787564020.5612102,2.342911173966938,1.237229915659218,2.3394097262048144,"[ 3.00928372e-06 -5.44141651e-07  0.00000000e+00  0.00000000e+00
  0.00000000e+00 -2.69334259e-07 -5.44141651e-07  2.71372195e-06
  0.00000000e+00  0.00000000e+00  0.00000000e+00 -4.61743483e-08
  0.00000000e+00  0.00000000e+00  0.00000000e+00  0.00000000e+00
  0.00000000e+00  0.00000000e+00  0.00000000e+00  0.00000000e+00
  0.00000000e+00  0.00000000e+00  0.00000000e+00  0.00000000e+00
  0.00000000e+00  0.00000000e+00  0.00000000e+00  0.00000000e+00
  0.00000000e+00  0.00000000e+00 -2.69334259e-07 -4.61743483e-08
  0.00000000e+00  0.00000000e+00  0.00000000e+00  3.70492095e-06]","[[ 6.33475264e-05  1.71471302e-03]
 [-5.71153452e-05  1.23460223e-03]]",[],0.0,0.0
1787564020.6108289,2.342911173966938,1.237229915659218,2.3394097262048144,"[ 3.00928372e-06 -5.44141651e-07  0.00000000e+00  0.00000000e+00
  0.00000000e+00 -2.69334259e-07 -5.44141651e-07  2.71372195e-06
  0.00000000e+00  0.00000000e+00  0.00000000e+00 -4.61743483e-08
  0.00000000e+00  0.00000000e+00  0.00000000e+00  0.00000000e+00
  0.00000000e+00  0.00000000e+00  0.00000000e+00  0.00000000e+00
  0.00000000e+00  0.00000000e+00  0.00000000e+00  0.00000000e+00
  0.00000000e+00  0.00000000e+00  0.00000000e+00  0.00000000e+00
  0.00000000e+00  0.00000000e+00 -2.69334259e-07 -4.61743483e-08
  0.00000000e+00  0.00000000e+00  0.00000000e+00  3.70492095e-06]","[[ 6.33475264e-05  1.71471302e-03]
 [-5.71153452e-05  1.23460223e-03]]",[],0.0,0.0
1787564020.65938,2.342911173966938,1.237229915659218,2.3394097262048144,"[ 3.00928372e-06 -5.44141651e-07  0.00000000e+00  0.00000000e+00
  0.00000000e+00 -2.69334259e-07 -5.44141651e-07  2.71372195e-06
  0.00000000e+00  0.00000000e+00  0.00000000e+00 -4.61743483e-08
  0.00000000e+00  0.00000000e+00  0.00000000e+00  0.00000000e+00
  0.00000000e+00  0.00000000e+00  0.00000000e+00  0.00000000e+00
  0.00000000e+00  0.00000000e+00  0.00000000e+00  0.00000000e+00
  0.00000000e+00  0.00000000e+00  0.00000000e+00  0.00000000e+00
  0.00000000e+00  0.00000000e+00 -2.69334259e-07 -4.61743483e-08
  0.00000000e+00  0.00000000e+00  0.00000000e+00  3.70492095e-06]","[[ 6.33475264e-05  1.71471302e-03]
 [-5.71153452e-05  1.23460223e-03]]",[],0.0,0.0
1787564020.7122664,2.342911173966938,1.237229915659218,2.3394097262048144,"[ 3.00928372e-06 -5.44141651e-07  0.00000000e+00  0.00000000e+00
  0.00000000e+00 -2.69334259e-07 -5.44141651e-07  2.71372195e-06
  0.00000000e+00  0.00000000e+00  0.00000000e+00 -4.61743483e-08
  0.00000000e+00  0.00000000e+00  0.00000000e+00  0.00000000e+00
  0.00000000e+00  0.00000000e+00  0.00000000e+00  0.00000000e+00
  0.00000000e+00  0.00000000e+00  0.00000000e+00  0.00000000e+00
  0.00000000e+00  0.00000000e+00  0.00000000e+00  0.00000000e+00
  0.00000000e+00  0.00000000e+00 -2.69334259e-07 -4.61743483e-08
  0.00000000e+00  0.00000000e+00  0.00000000e+00  3.70492095e-06]","[[ 6.33475264e-05  1.71471302e-03]
 [-5.71153452e-05  1.23460223e-03]]",[],0.0,0.0
1787564020.7618425,2.342911173966938,1.237229915659218,2.3394097262048144,"[ 3.00928372e-06 -5.44141651e-07  0.00000000e+00  0.00000000e+00
  0.00000000e+00 -2.69334259e-07 -5.44141651e-07  2.71372195e-06
  0.00000000e+00  0.00000000e+00  0.00000000e+00 -4.61743483e-08
  0.00000000e+00  0.00000000e+00  0.00000000e+00  0.00000000e+00
  0.00000000e+00  0.00000000e+00  0.00000000e+00  0.00000000e+00
  0.00000000e+00  0.00000000e+00  0.00000000e+00  0.00000000e+00
  0.00000000e+00  0.00000000e+00  0.00000000e+00  0.00000000e+00
  0.00000000e+00  0.00000000e+00 -2.69334259e-07 -4.61743483e-08
  0.00000000e+00  0.00000000e+00  0.00000000e+00  3.70492095e-06]","[[ 6.33475264e-05  1.71471302e-03]
 [-5.71153452e-05  1.23460223e-03]]",[],0.0,0.0
1787564020.8101757,2.342911173966938,1.237229915659218,2.3394097262048144,"[ 3.00928372e-06 -5.44141651e-07  0.00000000e+00  0.00000000e+00
  0.00000000e+00 -2.69334259e-07 -5.44141651e-07  2.71372195e-06
  0.00000000e+00  0.00000000e+00  0.00000000e+00 -4.61743483e-08
  0.00000000e+00  0.00000000e+00  0.00000000e+00  0.00000000e+00
  0.00000000e+00  0.00000000e+00  0.00000000e+00  0.00000000e+00
  0.00000000e+00  0.00000000e+00  0.00000000e+00  0.00000000e+00
  0.00000000e+00  0.00000000e+00  0.00000000e+00  0.00000000e+00
  0.00000000e+00  0.00000000e+00 -2.69334259e-07 -4.61743483e-08
  0.00000000e+00  0.00000000e+00  0.00000000e+00  3.70492095e-06]","[[ 6.33475264e-05  1.71471302e-03]
 [-5.71153452e-05  1.23460223e-03]]",[],0.0,0.0
1787564020.8693464,2.342911173966938,1.237229915659218,2.3394097262048144,"[ 3.00928372e-06 -5.44141651e-07  0.00000000e+00  0.00000000e+00
  0.00000000e+00 -2.69334259e-07 -5.44141651e-07  2.71372195e-06
  0.00000000e+00  0.00000000e+00  0.00000000e+00 -4.61743483e-08
  0.00000000e+00  0.00000000e+00  0.00000000e+00  0.00000000e+00
  0.00000000e+00  0.00000000e+00  0.00000000e+00  0.00000000e+00
  0.00000000e+00  0.00000000e+00  0.00000000e+00  0.00000000e+00
  0.00000000e+00  0.00000000e+00  0.00000000e+00  0.00000000e+00
  0.00000000e+00  0.00000000e+00 -2.69334259e-07 -4.61743483e-08
  0.00000000e+00  0.00000000e+00  0.00000000e+00  3.70492095e-06]","[[ 6.33475264e-05  1.71471302e-03]
 [-5.71153452e-05  1.23460223e-03]]",[],0.0,0.0
1787564020.9108808,2.342911173966938,1.237229915659218,2.3394097262048144,"[ 3.00928372e-06 -5.44141651e-07  0.00000000e+00  0.00000000e+00
  0.00000000e+00 -2.69334259e-07 -5.44141651e-07  2.71372195e-06
  0.00000000e+00  0.00000000e+00  0.00000000e+00 -4.61743483e-08
  0.00000000e+00  0.00000000e+00  0.00000000e+00  0.00000000e+00
  0.00000000e+00  0.00000000e+00  0.00000000e+00  0.00000000e+00
  0.00000000e+00  0.00000000e+00  0.00000000e+00  0.00000000e+00
  0.00000000e+00  0.00000000e+00  0.00000000e+00  0.00000000e+00
  0.00000000e+00  0.00000000e+00 -2.69334259e-07 -4.61743483e-08
  0.00000000e+00  0.00000000e+00  0.00000000e+00  3.70492095e-06]","[[ 6.33475264e-05  1.71471302e-03]
 [-5.71153452e-05  1.23460223e-03]]",[],0.0,0.0
1787564020.9604368,2.342911173966938,1.237229915659218,2.3394097262048144,"[ 3.00928372e-06 -5.44141651e-07  0.00000000e+00  0.00000000e+00
  0.00000000e+00 -2.69334259e-07 -5.44141651e-07  2.71372195e-06
  0.00000000e+00  0.00000000e+00  0.00000000e+00 -4.61743483e-08
  0.00000000e+00  0.00000000e+00  0.00000000e+00  0.00000000e+00
  0.00000000e+00  0.00000000e+00  0.00000000e+00  0.00000000e+00
  0.00000000e+00  0.00000000e+00  0.00000000e+00  0.00000000e+00
  0.00000000e+00  0.00000000e+00  0.00000000e+00  0.00000000e+00
  0.00000000e+00  0.00000000e+00 -2.69334259e-07 -4.61743483e-08
  0.00000000e+00  0.00000000e+00  0.00000000e+00  3.70492095e-06]","[[ 6.33475264e-05  1.71471302e-03]
 [-5.71153452e-05  1.23460223e-03]]",[],0.0,0.0
1787564021.0115974,2.342911173966938,1.237229915659218,2.3394097262048144,"[ 3.00928372e-06 -5.44141651e-07  0.00000000e+00  0.00000000e+00
  0.00000000e+00 -2.69334259e-07 -5.44141651e-07  2.71372195e-06
  0.00000000e+00  0.00000000e+00  0.00000000e+00 -4.61743483e-08
  0.00000000e+00  0.00000000e+00  0.00000000e+00  0.00000000e+00
  0.00000000e+00  0.00000000e+00  0.00000000e+00  0.00000000e+00
  0.00000000e+00  0.00000000e+00  0.00000000e+00  0.00000000e+00
  0.00000000e+00  0.00000000e+00  0.00000000e+00  0.00000000e+00
  0.00000000e+00  0.00000000e+00 -2.69334259e-07 -4.61743483e-08
  0.00000000e+00  0.00000000e+00  0.00000000e+00  3.70492095e-06]","[[ 6.33475264e-05  1.71471302e-03]
 [-5.71153452e-05  1.23460223e-03]]",[],0.0,0.0
1787564021.0610464,2.342911173966938,1.237229915659218,2.3394097262048144,"[ 3.00928372e-06 -5.44141651e-07  0.00000000e+00  0.00000000e+00
  0.00000000e+00 -2.69334259e-07 -5.44141651e-07  2.71372195e-06
  0.00000000e+00  0.00000000e+00  0.00000000e+00 -4.61743483e-08
  0.00000000e+00  0.00000000e+00  0.00000000e+00  0.00000000e+00
  0.00000000e+00  0.00000000e+00  0.00000000e+00  0.00000000e+00
  0.00000000e+00  0.00000000e+00  0.00000000e+00  0.00000000e+00
  0.00000000e+00  0.00000000e+00  0.00000000e+00  0.00000000e+00
  0.00000000e+00  0.00000000e+00 -2.69334259e-07 -4.61743483e-08
  0.00000000e+00  0.00000000e+00  0.00000000e+00  3.70492095e-06]","[[ 6.33475264e-05  1.71471302e-03]
 [-5.71153452e-05  1.23460223e-03]]",[],0.0,0.0
1787564021.1105204,2.34295869224836,1.235653380353217,2.3356904950251405,"[ 2.97456606e-06 -6.03045843e-07  0.00000000e+00  0.00000000e+00
  0.00000000e+00 -2.71525193e-07 -6.03045843e-07  2.69307131e-06
  0.00000000e+00  0.00000000e+00  0.00000000e+00 -4.25420692e-08
  0.00000000e+00  0.00000000e+00  0.00000000e+00  0.00000000e+00
  0.00000000e+00  0.00000000e+00  0.00000000e+00  0.00000000e+00
  0.00000000e+00  0.00000000e+00  0.00000000e+00  0.00000000e+00
  0.00000000e+00  0.00000000e+00  0.00000000e+00  0.00000000e+00
  0.00000000e+00  0.00000000e+00 -2.71525193e-07 -4.25420692e-08
  0.00000000e+00  0.00000000e+00  0.00000000e+00  3.75125440e-06]","[[ 6.37359541e-05  1.66961107e-03]
 [-5.78259724e-05  1.18603368e-03]]",[],0.0,0.0
1787564021.1645877,2.34295869224836,1.235653380353217,2.3356904950251405,"[ 2.97456606e-06 -6.03045843e-07  0.00000000e+00  0.00000000e+00
  0.00000000e+00 -2.71525193e-07 -6.03045843e-07  2.69307131e-06
  0.00000000e+00  0.00000000e+00  0.00000000e+00 -4.25420692e-08
  0.00000000e+00  0.00000000e+00  0.00000000e+00  0.00000000e+00
  0.00000000e+00  0.00000000e+00  0.00000000e+00  0.00000000e+00
  0.00000000e+00  0.00000000e+00  0.00000000e+00  0.00000000e+00
  0.00000000e+00  0.00000000e+00  0.00000000e+00  0.00000000e+00
  0.00000000e+00  0.00000000e+00 -2.71525193e-07 -4.25420692e-08
  0.00000000e+00  0.00000000e+00  0.00000000e+00  3.75125440e-06]","[[ 6.37359541e-05  1.66961107e-03]
 [-5.78259724e-05  1.18603368e-03]]",[],0.0,0.0
1787564021.2112582,2.34295869224836,1.235653380353217,2.3356904950251405,"[ 2.97456606e-06 -6.03045843e-07  0.00000000e+00  0.00000000e+00
  0.00000000e+00 -2.71525193e-07 -6.03045843e-07  2.69307131e-06
  0.00000000e+00  0.00000000e+00  0.00000000e+00 -4.25420692e-08
  0.00000000e+00  0.00000000e+00  0.00000000e+00  0.00000000e+00
  0.00000000e+00  0.00000000e+00  0.00000000e+00  0.00000000e+00
  0.00000000e+00  0.00000000e+00  0.00000000e+00  0.00000000e+00
  0.00000000e+00  0.00000000e+00  0.00000000e+00  0.00000000e+00
  0.00000000e+00  0.00000000e+00 -2.71525193e-07 -4.25420692e-08
  0.00000000e+00  0.00000000e+00  0.00000000e+00  3.75125440e-06]","[[ 6.37359541e-05  1.66961107e-03]
 [-5.78259724e-05  1.18603368e-03]]",[],0.0,0.0
1787564021.260745,2.34295869224836,1.235653380353217,2.3356904950251405,"[ 2.97456606e-06 -6.03045843e-07  0.00000000e+00  0.00000000e+00
  0.00000000e+00 -2.71525193e-07 -6.03045843e-07  2.69307131e-06
  0.00000000e+00  0.00000000e+00  0.00000000e+00 -4.25420692e-08
  0.00000000e+00  0.00000000e+00  0.00000000e+00  0.00000000e+00
  0.00000000e+00  0.00000000e+00  0.00000000e+00  0.00000000e+00
  0.00000000e+00  0.00000000e+00  0.00000000e+00  0.00000000e+00
  0.00000000e+00  0.00000000e+00  0.00000000e+00  0.00000000e+00
  0.00000000e+00  0.00000000e+00 -2.71525193e-07 -4.25420692e-08
  0.00000000e+00  0.00000000e+00  0.00000000e+00  3.75125440e-06]","[[ 6.37359541e-05  1.66961107e-03]
 [-5.78259724e-05  1.18603368e-03]]",[],0.0,0.0
1787564021.3109136,2.34295869224836,1.235653380353217,2.3356904950251405,"[ 2.97456606e-06 -6.03045843e-07  0.00000000e+00  0.00000000e+00
  0.00000000e+00 -2.71525193e-07 -6.03045843e-07  2.69307131e-06
  0.00000000e+00  0.00000000e+00  0.00000000e+00 -4.25420692e-08
  0.00000000e+00  0.00000000e+00  0.00000000e+00  0.00000000e+00
  0.00000000e+00  0.00000000e+00  0.00000000e+00  0.00000000e+00
  0.00000000e+00  0.00000000e+00  0.00000000e+00  0.00000000e+00
  0.00000000e+00  0.00000000e+00  0.00000000e+00  0.00000000e+00
  0.00000000e+00  0.00000000e+00 -2.71525193e-07 -4.25420692e-08
  0.00000000e+00  0.00000000e+00  0.00000000e+00  3.75125440e-06]","[[ 6.37359541e-05  1.66961107e-03]
 [-5.78259724e-05  1.18603368e-03]]",[],0.0,0.0
1787564021.360843,2.34295869224836,1.235653380353217,2.3356904950251405,"[ 2.97456606e-06 -6.03045843e-07  0.00000000e+00  0.00000000e+00
  0.00000000e+00 -2.71525193e-07 -6.03045843e-07  2.69307131e-06
  0.00000000e+00  0.00000000e+00  0.00000000e+00 -4.25420692e-08
  0.00000000e+00  0.00000000e+00  0.00000000e+00  0.00000000e+00
  0.00000000e+00  0.00000000e+00  0.00000000e+00  0.00000000e+00
  0.00000000e+00  0.00000000e+00  0.00000000e+00  0.00000000e+00
  0.00000000e+00  0.00000000e+00  0.00000000e+00  0.00000000e+00
  0.00000000e+00  0.00000000e+00 -2.71525193e-07 -4.25420692e-08
  0.00000000e+00  0.00000000e+00  0.00000000e+00  3.75125440e-06]","[[ 6.37359541e-05  1.66961107e-03]
 [-5.78259724e-05  1.18603368e-03]]",[],0.0,0.0
1787564021.4117146,2.34295869224836,1.235653380353217,2.3356904950251405,"[ 2.97456606e-06 -6.03045843e-07  0.00000000e+00  0.00000000e+00
  0.00000000e+00 -2.71525193e-07 -6.03045843e-07  2.69307131e-06
  0.00000000e+00  0.00000000e+00  0.00000000e+00 -4.25420692e-08
  0.00000000e+00  0.00000000e+00  0.00000000e+00  0.00000000e+00
  0.00000000e+00  0.00000000e+00  0.00000000e+00  0.00000000e+00
  0.00000000e+00  0.00000000e+00  0.00000000e+00  0.00000000e+00
  0.00000000e+00  0.00000000e+00  0.00000000e+00  0.00000000e+00
  0.00000000e+00  0.00000000e+00 -2.71525193e-07 -4.25420692e-08
  0.00000000e+00  0.00000000e+00  0.00000000e+00  3.75125440e-06]","[[ 6.37359541e-05  1.66961107e-03]
 [-5.78259724e-05  1.18603368e-03]]",[],0.0,0.0
1787564021.4643095,2.34295869224836,1.235653380353217,2.3356904950251405,"[ 2.97456606e-06 -6.03045843e-07  0.00000000e+00  0.00000000e+00
  0.00000000e+00 -2.71525193e-07 -6.03045843e-07  2.69307131e-06
  0.00000000e+00  0.00000000e+00  0.00000000e+00 -4.25420692e-08
  0.00000000e+00  0.00000000e+00  0.00000000e+00  0.00000000e+00
  0.00000000e+00  0.00000000e+00  0.00000000e+00  0.00000000e+00
  0.00000000e+00  0.00000000e+00  0.00000000e+00  0.00000000e+00
  0.00000000e+00  0.00000000e+00  0.00000000e+00  0.00000000e+00
  0.00000000e+00  0.00000000e+00 -2.71525193e-07 -4.25420692e-08
  0.00000000e+00  0.00000000e+00  0.00000000e+00  3.75125440e-06]","[[ 6.37359541e-05  1.66961107e-03]
 [-5.78259724e-05  1.18603368e-03]]",[],0.0,0.0
1787564021.52046,2.34295869224836,1.235653380353217,2.3356904950251405,"[ 2.97456606e-06 -6.03045843e-07  0.00000000e+00  0.00000000e+00
  0.00000000e+00 -2.71525193e-07 -6.03045843e-07  2.69307131e-06
  0.00000000e+00  0.00000000e+00  0.00000000e+00 -4.25420692e-08
  0.00000000e+00  0.00000000e+00  0.00000000e+00  0.00000000e+00
  0.00000000e+00  0.00000000e+00  0.00000000e+00  0.00000000e+00
  0.00000000e+00  0.00000000e+00  0.00000000e+00  0.00000000e+00
  0.00000000e+00  0.00000000e+00  0.00000000e+00  0.00000000e+00
  0.00000000e+00  0.00000000e+00 -2.71525193e-07 -4.25420692e-08
  0.00000000e+00  0.00000000e+00  0.00000000e+00  3.75125440e-06]","[[ 6.37359541e-05  1.66961107e-03]
 [-5.78259724e-05  1.18603368e-03]]",[],0.0,0.0
1787564021.5744932,2.34295869224836,1.235653380353217,2.3356904950251405,"[ 2.97456606e-06 -6.03045843e-07  0.00000000e+00  0.00000000e+00
  0.00000000e+00 -2.71525193e-07 -6.03045843e-07  2.69307131e-06
  0.00000000e+00  0.00000000e+00  0.00000000e+00 -4.25420692e-08
  0.00000000e+00  0.00000000e+00  0.00000000e+00  0.00000000e+00
  0.00000000e+00  0.00000000e+00  0.00000000e+00  0.00000000e+00
  0.00000000e+00  0.00000000e+00  0.00000000e+00  0.00000000e+00
  0.00000000e+00  0.00000000e+00  0.00000000e+00  0.00000000e+00
  0.00000000e+00  0.00000000e+00 -2.71525193e-07 -4.25420692e-08
  0.00000000e+00  0.00000000e+00  0.00000000e+00  3.75125440e-06]","[[ 6.37359541e-05  1.66961107e-03]
 [-5.78259724e-05  1.18603368e-03]]",[],0.0,0.0
1787564021.615222,2.34295869224836,1.235653380353217,2.3356904950251405,"[ 2.97456606e-06 -6.03045843e-07  0.00000000e+00  0.00000000e+00
  0.00000000e+00 -2.71525193e-07 -6.03045843e-07  2.69307131e-06
  0.00000000e+00  0.00000000e+00  0.00000000e+00 -4.25420692e-08
  0.00000000e+00  0.00000000e+00  0.00000000e+00  0.00000000e+00
  0.00000000e+00  0.00000000e+00  0.00000000e+00  0.00000000e+00
  0.00000000e+00  0.00000000e+00  0.00000000e+00  0.00000000e+00
  0.00000000e+00  0.00000000e+00  0.00000000e+00  0.00000000e+00
  0.00000000e+00  0.00000000e+00 -2.71525193e-07 -4.25420692e-08
  0.00000000e+00  0.00000000e+00  0.00000000e+00  3.75125440e-06]","[[ 6.37359541e-05  1.66961107e-03]
 [-5.78259724e-05  1.18603368e-03]]",[],0.0,0.0
1787564021.672273,2.34295869224836,1.235653380353217,2.3356904950251405,"[ 2.97456606e-06 -6.03045843e-07  0.00000000e+00  0.00000000e+00
  0.00000000e+00 -2.71525193e-07 -6.03045843e-07  2.69307131e-06
  0.00000000e+00  0.00000000e+00  0.00000000e+00 -4.25420692e-08
  0.00000000e+00  0.00000000e+00  0.00000000e+00  0.00000000e+00
  0.00000000e+00  0.00000000e+00  0.00000000e+00  0.00000000e+00
  0.00000000e+00  0.00000000e+00  0.00000000e+00  0.00000000e+00
  0.00000000e+00  0.00000000e+00  0.00000000e+00  0.00000000e+00
  0.00000000e+00  0.00000000e+00 -2.71525193e-07 -4.25420692e-08
  0.00000000e+00  0.00000000e+00  0.00000000e+00  3.75125440e-06]","[[ 6.37359541e-05  1.66961107e-03]
 [-5.78259724e-05  1.18603368e-03]]",[],0.0,0.0
1787564021.7105944,2.34295869224836,1.235653380353217,2.3356904950251405,"[ 2.97456606e-06 -6.03045843e-07  0.00000000e+00  0.00000000e+00
  0.00000000e+00 -2.71525193e-07 -6.03045843e-07  2.69307131e-06
  0.00000000e+00  0.00000000e+00  0.00000000e+00 -4.25420692e-08
  0.00000000e+00  0.00000000e+00  0.00000000e+00  0.00000000e+00
  0.00000000e+00  0.00000000e+00  0.00000000e+00  0.00000000e+00
  0.00000000e+00  0.00000000e+00  0.00000000e+00  0.00000000e+00
  0.00000000e+00  0.00000000e+00  0.00000000e+00  0.00000000e+00
  0.00000000e+00  0.00000000e+00 -2.71525193e-07 -4.25420692e-08
  0.00000000e+00  0.00000000e+00  0.00000000e+00  3.75125440e-06]","[[ 6.37359541e-05  1.66961107e-03]
 [-5.78259724e-05  1.18603368e-03]]",[],0.0,0.0
1787564021.7597036,2.34295869224836,1.235653380353217,2.3356904950251405,"[ 2.97456606e-06 -6.03045843e-07  0.00000000e+00  0.00000000e+00
  0.00000000e+00 -2.71525193e-07 -6.03045843e-07  2.69307131e-06
  0.00000000e+00  0.00000000e+00  0.00000000e+00 -4.25420692e-08
  0.00000000e+00  0.00000000e+00  0.00000000e+00  0.00000000e+00
  0.00000000e+00  0.00000000e+00  0.00000000e+00  0.00000000e+00
  0.00000000e+00  0.00000000e+00  0.00000000e+00  0.00000000e+00
  0.00000000e+00  0.00000000e+00  0.00000000e+00  0.00000000e+00
  0.00000000e+00  0.00000000e+00 -2.71525193e-07 -4.25420692e-08
  0.00000000e+00  0.00000000e+00  0.00000000e+00  3.75125440e-06]","[[ 6.37359541e-05  1.66961107e-03]
 [-5.78259724e-05  1.18603368e-03]]",[],0.0,0.0
1787564021.8100452,2.34295869224836,1.235653380353217,2.3356904950251405,"[ 2.97456606e-06 -6.03045843e-07  0.00000000e+00  0.00000000e+00
  0.00000000e+00 -2.71525193e-07 -6.03045843e-07  2.69307131e-06
  0.00000000e+00  0.00000000e+00  0.00000000e+00 -4.25420692e-08
  0.00000000e+00  0.00000000e+00  0.00000000e+00  0.00000000e+00
  0.00000000e+00  0.00000000e+00  0.00000000e+00  0.00000000e+00
  0.00000000e+00  0.00000000e+00  0.00000000e+00  0.00000000e+00
  0.00000000e+00  0.00000000e+00  0.00000000e+00  0.00000000e+00
  0.00000000e+00  0.00000000e+00 -2.71525193e-07 -4.25420692e-08
  0.00000000e+00  0.00000000e+00  0.00000000e+00  3.75125440e-06]","[[ 6.37359541e-05  1.66961107e-03]
 [-5.78259724e-05  1.18603368e-03]]",[],0.0,0.0
1787564021.860041,2.34295869224836,1.235653380353217,2.3356904950251405,"[ 2.97456606e-06 -6.03045843e-07  0.00000000e+00  0.00000000e+00
  0.00000000e+00 -2.71525193e-07 -6.03045843e-07  2.69307131e-06
  0.00000000e+00  0.00000000e+00  0.00000000e+00 -4.25420692e-08
  0.00000000e+00  0.00000000e+00  0.00000000e+00  0.00000000e+00
  0.00000000e+00  0.00000000e+00  0.00000000e+00  0.00000000e+00
  0.00000000e+00  0.00000000e+00  0.00000000e+00  0.00000000e+00
  0.00000000e+00  0.00000000e+00  0.00000000e+00  0.00000000e+00
  0.00000000e+00  0.00000000e+00 -2.71525193e-07 -4.25420692e-08
  0.00000000e+00  0.00000000e+00  0.00000000e+00  3.75125440e-06]","[[ 6.37359541e-05  1.66961107e-03]
 [-5.78259724e-05  1.18603368e-03]]",[],0.0,0.0
1787564021.9121144,2.34295869224836,1.235653380353217,2.3356904950251405,"[ 2.97456606e-06 -6.03045843e-07  0.00000000e+00  0.00000000e+00
  0.00000000e+00 -2.71525193e-07 -6.03045843e-07  2.69307131e-06
  0.00000000e+00  0.00000000e+00  0.00000000e+00 -4.25420692e-08
  0.00000000e+00  0.00000000e+00  0.00000000e+00  0.00000000e+00
  0.00000000e+00  0.00000000e+00  0.00000000e+00  0.00000000e+00
  0.00000000e+00  0.00000000e+00  0.00000000e+00  0.00000000e+00
  0.00000000e+00  0.00000000e+00  0.00000000e+00  0.00000000e+00
  0.00000000e+00  0.00000000e+00 -2.71525193e-07 -4.25420692e-08
  0.00000000e+00  0.00000000e+00  0.00000000e+00  3.75125440e-06]","[[ 6.37359541e-05  1.66961107e-03]
 [-5.78259724e-05  1.18603368e-03]]",[],0.0,0.0
1787564021.9595416,2.34295869224836,1.235653380353217,2.3356904950251405,"[ 2.97456606e-06 -6.03045843e-07  0.00000000e+00  0.00000000e+00
  0.00000000e+00 -2.71525193e-07 -6.03045843e-07  2.69307131e-06
  0.00000000e+00  0.00000000e+00  0.00000000e+00 -4.25420692e-08
  0.00000000e+00  0.00000000e+00  0.00000000e+00  0.00000000e+00
  0.00000000e+00  0.00000000e+00  0.00000000e+00  0.00000000e+00
  0.00000000e+00  0.00000000e+00  0.00000000e+00  0.00000000e+00
  0.00000000e+00  0.00000000e+00  0.00000000e+00  0.00000000e+00
  0.00000000e+00  0.00000000e+00 -2.71525193e-07 -4.25420692e-08
  0.00000000e+00  0.00000000e+00  0.00000000e+00  3.75125440e-06]","[[ 6.37359541e-05  1.66961107e-03]
 [-5.78259724e-05  1.18603368e-03]]",[],0.0,0.0
1787564022.0189364,2.3421320128975944,1.235483321142571,2.3489083172062175,"[ 2.92839891e-06 -6.51211304e-07  0.00000000e+00  0.00000000e+00
  0.00000000e+00 -2.44891304e-07 -6.51211304e-07  2.66596938e-06
  0.00000000e+00  0.00000000e+00  0.00000000e+00 -5.96010764e-08
  0.00000000e+00  0.00000000e+00  0.00000000e+00  0.00000000e+00
  0.00000000e+00  0.00000000e+00  0.00000000e+00  0.00000000e+00
  0.00000000e+00  0.00000000e+00  0.00000000e+00  0.00000000e+00
  0.00000000e+00  0.00000000e+00  0.00000000e+00  0.00000000e+00
  0.00000000e+00  0.00000000e+00 -2.44891304e-07 -5.96010764e-08
  0.00000000e+00  0.00000000e+00  0.00000000e+00  3.58851521e-06]","[[-2.57090436e-05  1.86315190e-03]
 [-4.73908397e-05 -9.28164695e-04]]",[],0.0,0.0
1787564022.082554,2.3421320128975944,1.235483321142571,2.3489083172062175,"[ 2.92839891e-06 -6.51211304e-07  0.00000000e+00  0.00000000e+00
  0.00000000e+00 -2.44891304e-07 -6.51211304e-07  2.66596938e-06
  0.00000000e+00  0.00000000e+00  0.00000000e+00 -5.96010764e-08
  0.00000000e+00  0.00000000e+00  0.00000000e+00  0.00000000e+00
  0.00000000e+00  0.00000000e+00  0.00000000e+00  0.00000000e+00
  0.00000000e+00  0.00000000e+00  0.00000000e+00  0.00000000e+00
  0.00000000e+00  0.00000000e+00  0.00000000e+00  0.00000000e+00
  0.00000000e+00  0.00000000e+00 -2.44891304e-07 -5.96010764e-08
  0.00000000e+00  0.00000000e+00  0.00000000e+00  3.58851521e-06]","[[-2.57090436e-05  1.86315190e-03]
 [-4.73908397e-05 -9.28164695e-04]]",[],0.0,0.0
1787564022.1182888,2.3421320128975944,1.235483321142571,2.3489083172062175,"[ 2.92839891e-06 -6.51211304e-07  0.00000000e+00  0.00000000e+00
  0.00000000e+00 -2.44891304e-07 -6.51211304e-07  2.66596938e-06
  0.00000000e+00  0.00000000e+00  0.00000000e+00 -5.96010764e-08
  0.00000000e+00  0.00000000e+00  0.00000000e+00  0.00000000e+00
  0.00000000e+00  0.00000000e+00  0.00000000e+00  0.00000000e+00
  0.00000000e+00  0.00000000e+00  0.00000000e+00  0.00000000e+00
  0.00000000e+00  0.00000000e+00  0.00000000e+00  0.00000000e+00
  0.00000000e+00  0.00000000e+00 -2.44891304e-07 -5.96010764e-08
  0.00000000e+00  0.00000000e+00  0.00000000e+00  3.58851521e-06]","[[-2.57090436e-05  1.86315190e-03]
 [-4.73908397e-05 -9.28164695e-04]]",[],0.0,0.0
1787564022.164133,2.3421320128975944,1.235483321142571,2.3489083172062175,"[ 2.92839891e-06 -6.51211304e-07  0.00000000e+00  0.00000000e+00
  0.00000000e+00 -2.44891304e-07 -6.51211304e-07  2.66596938e-06
  0.00000000e+00  0.00000000e+00  0.00000000e+00 -5.96010764e-08
  0.00000000e+00  0.00000000e+00  0.00000000e+00  0.00000000e+00
  0.00000000e+00  0.00000000e+00  0.00000000e+00  0.00000000e+00
  0.00000000e+00  0.00000000e+00  0.00000000e+00  0.00000000e+00
  0.00000000e+00  0.00000000e+00  0.00000000e+00  0.00000000e+00
  0.00000000e+00  0.00000000e+00 -2.44891304e-07 -5.96010764e-08
  0.00000000e+00  0.00000000e+00  0.00000000e+00  3.58851521e-06]","[[-2.57090436e-05  1.86315190e-03]
 [-4.73908397e-05 -9.28164695e-04]]",[],0.0,0.0
1787564022.21016,2.3421320128975944,1.235483321142571,2.3489083172062175,"[ 2.92839891e-06 -6.51211304e-07  0.00000000e+00  0.00000000e+00
  0.00000000e+00 -2.44891304e-07 -6.51211304e-07  2.66596938e-06
  0.00000000e+00  0.00000000e+00  0.00000000e+00 -5.96010764e-08
  0.00000000e+00  0.00000000e+00  0.00000000e+00  0.00000000e+00
  0.00000000e+00  0.00000000e+00  0.00000000e+00  0.00000000e+00
  0.00000000e+00  0.00000000e+00  0.00000000e+00  0.00000000e+00
  0.00000000e+00  0.00000000e+00  0.00000000e+00  0.00000000e+00
  0.00000000e+00  0.00000000e+00 -2.44891304e-07 -5.96010764e-08
  0.00000000e+00  0.00000000e+00  0.00000000e+00  3.58851521e-06]","[[-2.57090436e-05  1.86315190e-03]
 [-4.73908397e-05 -9.28164695e-04]]",[],0.0,0.0
1787564022.261486,2.3421320128975944,1.235483321142571,2.3489083172062175,"[ 2.92839891e-06 -6.51211304e-07  0.00000000e+00  0.00000000e+00
  0.00000000e+00 -2.44891304e-07 -6.51211304e-07  2.66596938e-06
  0.00000000e+00  0.00000000e+00  0.00000000e+00 -5.96010764e-08
  0.00000000e+00  0.00000000e+00  0.00000000e+00  0.00000000e+00
  0.00000000e+00  0.00000000e+00  0.00000000e+00  0.00000000e+00
  0.00000000e+00  0.00000000e+00  0.00000000e+00  0.00000000e+00
  0.00000000e+00  0.00000000e+00  0.00000000e+00  0.00000000e+00
  0.00000000e+00  0.00000000e+00 -2.44891304e-07 -5.96010764e-08
  0.00000000e+00  0.00000000e+00  0.00000000e+00  3.58851521e-06]","[[-2.57090436e-05  1.86315190e-03]
 [-4.73908397e-05 -9.28164695e-04]]",[],0.0,0.0
1787564022.3104444,2.3421320128975944,1.235483321142571,2.3489083172062175,"[ 2.92839891e-06 -6.51211304e-07  0.00000000e+00  0.00000000e+00
  0.00000000e+00 -2.44891304e-07 -6.51211304e-07  2.66596938e-06
  0.00000000e+00  0.00000000e+00  0.00000000e+00 -5.96010764e-08
  0.00000000e+00  0.00000000e+00  0.00000000e+00  0.00000000e+00
  0.00000000e+00  0.00000000e+00  0.00000000e+00  0.00000000e+00
  0.00000000e+00  0.00000000e+00  0.00000000e+00  0.00000000e+00
  0.00000000e+00  0.00000000e+00  0.00000000e+00  0.00000000e+00
  0.00000000e+00  0.00000000e+00 -2.44891304e-07 -5.96010764e-08
  0.00000000e+00  0.00000000e+00  0.00000000e+00  3.58851521e-06]","[[-2.57090436e-05  1.86315190e-03]
 [-4.73908397e-05 -9.28164695e-04]]",[],0.0,0.0
1787564022.3600047,2.3421320128975944,1.235483321142571,2.3489083172062175,"[ 2.92839891e-06 -6.51211304e-07  0.00000000e+00  0.00000000e+00
  0.00000000e+00 -2.44891304e-07 -6.51211304e-07  2.66596938e-06
  0.00000000e+00  0.00000000e+00  0.00000000e+00 -5.96010764e-08
  0.00000000e+00  0.00000000e+00  0.00000000e+00  0.00000000e+00
  0.00000000e+00  0.00000000e+00  0.00000000e+00  0.00000000e+00
  0.00000000e+00  0.00000000e+00  0.00000000e+00  0.00000000e+00
  0.00000000e+00  0.00000000e+00  0.00000000e+00  0.00000000e+00
  0.00000000e+00  0.00000000e+00 -2.44891304e-07 -5.96010764e-08
  0.00000000e+00  0.00000000e+00  0.00000000e+00  3.58851521e-06]","[[-2.57090436e-05  1.86315190e-03]
 [-4.73908397e-05 -9.28164695e-04]]",[],0.0,0.0
1787564022.413014,2.3421320128975944,1.235483321142571,2.3489083172062175,"[ 2.92839891e-06 -6.51211304e-07  0.00000000e+00  0.00000000e+00
  0.00000000e+00 -2.44891304e-07 -6.51211304e-07  2.66596938e-06
  0.00000000e+00  0.00000000e+00  0.00000000e+00 -5.96010764e-08
  0.00000000e+00  0.00000000e+00  0.00000000e+00  0.00000000e+00
  0.00000000e+00  0.00000000e+00  0.00000000e+00  0.00000000e+00
  0.00000000e+00  0.00000000e+00  0.00000000e+00  0.00000000e+00
  0.00000000e+00  0.00000000e+00  0.00000000e+00  0.00000000e+00
  0.00000000e+00  0.00000000e+00 -2.44891304e-07 -5.96010764e-08
  0.00000000e+00  0.00000000e+00  0.00000000e+00  3.58851521e-06]","[[-2.57090436e-05  1.86315190e-03]
 [-4.73908397e-05 -9.28164695e-04]]",[],0.0,0.0
1787564022.4616077,2.3421320128975944,1.235483321142571,2.3489083172062175,"[ 2.92839891e-06 -6.51211304e-07  0.00000000e+00  0.00000000e+00
  0.00000000e+00 -2.44891304e-07 -6.51211304e-07  2.66596938e-06
  0.00000000e+00  0.00000000e+00  0.00000000e+00 -5.96010764e-08
  0.00000000e+00  0.00000000e+00  0.00000000e+00  0.00000000e+00
  0.00000000e+00  0.00000000e+00  0.00000000e+00  0.00000000e+00
  0.00000000e+00  0.00000000e+00  0.00000000e+00  0.00000000e+00
  0.00000000e+00  0.00000000e+00  0.00000000e+00  0.00000000e+00
  0.00000000e+00  0.00000000e+00 -2.44891304e-07 -5.96010764e-08
  0.00000000e+00  0.00000000e+00  0.00000000e+00  3.58851521e-06]","[[-2.57090436e-05  1.86315190e-03]
 [-4.73908397e-05 -9.28164695e-04]]",[],0.0,0.0
1787564022.5094552,2.3421320128975944,1.235483321142571,2.3489083172062175,"[ 2.92839891e-06 -6.51211304e-07  0.00000000e+00  0.00000000e+00
  0.00000000e+00 -2.44891304e-07 -6.51211304e-07  2.66596938e-06
  0.00000000e+00  0.00000000e+00  0.00000000e+00 -5.96010764e-08
  0.00000000e+00  0.00000000e+00  0.00000000e+00  0.00000000e+00
  0.00000000e+00  0.00000000e+00  0.00000000e+00  0.00000000e+00
  0.00000000e+00  0.00000000e+00  0.00000000e+00  0.00000000e+00
  0.00000000e+00  0.00000000e+00  0.00000000e+00  0.00000000e+00
  0.00000000e+00  0.00000000e+00 -2.44891304e-07 -5.96010764e-08
  0.00000000e+00  0.00000000e+00  0.00000000e+00  3.58851521e-06]","[[-2.57090436e-05  1.86315190e-03]
 [-4.73908397e-05 -9.28164695e-04]]",[],0.0,0.0
1787564022.5640492,2.3421320128975944,1.235483321142571,2.3489083172062175,"[ 2.92839891e-06 -6.51211304e-07  0.00000000e+00  0.00000000e+00
  0.00000000e+00 -2.44891304e-07 -6.51211304e-07  2.66596938e-06
  0.00000000e+00  0.00000000e+00  0.00000000e+00 -5.96010764e-08
  0.00000000e+00  0.00000000e+00  0.00000000e+00  0.00000000e+00
  0.00000000e+00  0.00000000e+00  0.00000000e+00  0.00000000e+00
  0.00000000e+00  0.00000000e+00  0.00000000e+00  0.00000000e+00
  0.00000000e+00  0.00000000e+00  0.00000000e+00  0.00000000e+00
  0.00000000e+00  0.00000000e+00 -2.44891304e-07 -5.96010764e-08
  0.00000000e+00  0.00000000e+00  0.00000000e+00  3.58851521e-06]","[[-2.57090436e-05  1.86315190e-03]
 [-4.73908397e-05 -9.28164695e-04]]",[],0.0,0.0
1787564022.6143994,2.3421320128975944,1.235483321142571,2.3489083172062175,"[ 2.92839891e-06 -6.51211304e-07  0.00000000e+00  0.00000000e+00
  0.00000000e+00 -2.44891304e-07 -6.51211304e-07  2.66596938e-06
  0.00000000e+00  0.00000000e+00  0.00000000e+00 -5.96010764e-08
  0.00000000e+00  0.00000000e+00  0.00000000e+00  0.00000000e+00
  0.00000000e+00  0.00000000e+00  0.00000000e+00  0.00000000e+00
  0.00000000e+00  0.00000000e+00  0.00000000e+00  0.00000000e+00
  0.00000000e+00  0.00000000e+00  0.00000000e+00  0.00000000e+00
  0.00000000e+00  0.00000000e+00 -2.44891304e-07 -5.96010764e-08
  0.00000000e+00  0.00000000e+00  0.00000000e+00  3.58851521e-06]","[[-2.57090436e-05  1.86315190e-03]
 [-4.73908397e-05 -9.28164695e-04]]",[],0.0,0.0
1787564022.6647356,2.3421320128975944,1.235483321142571,2.3489083172062175,"[ 2.92839891e-06 -6.51211304e-07  0.00000000e+00  0.00000000e+00
  0.00000000e+00 -2.44891304e-07 -6.51211304e-07  2.66596938e-06
  0.00000000e+00  0.00000000e+00  0.00000000e+00 -5.96010764e-08
  0.00000000e+00  0.00000000e+00  0.00000000e+00  0.00000000e+00
  0.00000000e+00  0.00000000e+00  0.00000000e+00  0.00000000e+00
  0.00000000e+00  0.00000000e+00  0.00000000e+00  0.00000000e+00
  0.00000000e+00  0.00000000e+00  0.00000000e+00  0.00000000e+00
  0.00000000e+00  0.00000000e+00 -2.44891304e-07 -5.96010764e-08
  0.00000000e+00  0.00000000e+00  0.00000000e+00  3.58851521e-06]","[[-2.57090436e-05  1.86315190e-03]
 [-4.73908397e-05 -9.28164695e-04]]",[],0.0,0.0
1787564022.714133,2.3421320128975944,1.235483321142571,2.3489083172062175,"[ 2.92839891e-06 -6.51211304e-07  0.00000000e+00  0.00000000e+00
  0.00000000e+00 -2.44891304e-07 -6.51211304e-07  2.66596938e-06
  0.00000000e+00  0.00000000e+00  0.00000000e+00 -5.96010764e-08
  0.00000000e+00  0.00000000e+00  0.00000000e+00  0.00000000e+00
  0.00000000e+00  0.00000000e+00  0.00000000e+00  0.00000000e+00
  0.00000000e+00  0.00000000e+00  0.00000000e+00  0.00000000e+00
  0.00000000e+00  0.00000000e+00  0.00000000e+00  0.00000000e+00
  0.00000000e+00  0.00000000e+00 -2.44891304e-07 -5.96010764e-08
  0.00000000e+00  0.00000000e+00  0.00000000e+00  3.58851521e-06]","[[-2.57090436e-05  1.86315190e-03]
 [-4.73908397e-05 -9.28164695e-04]]",[],0.0,0.0
1787564022.7632353,2.3421320128975944,1.235483321142571,2.3489083172062175,"[ 2.92839891e-06 -6.51211304e-07  0.00000000e+00  0.00000000e+00
  0.00000000e+00 -2.44891304e-07 -6.51211304e-07  2.66596938e-06
  0.00000000e+00  0.00000000e+00  0.00000000e+00 -5.96010764e-08
  0.00000000e+00  0.00000000e+00  0.00000000e+00  0.00000000e+00
  0.00000000e+00  0.00000000e+00  0.00000000e+00  0.00000000e+00
  0.00000000e+00  0.00000000e+00  0.00000000e+00  0.00000000e+00
  0.00000000e+00  0.00000000e+00  0.00000000e+00  0.00000000e+00
  0.00000000e+00  0.00000000e+00 -2.44891304e-07 -5.96010764e-08
  0.00000000e+00  0.00000000e+00  0.00000000e+00  3.58851521e-06]","[[-2.57090436e-05  1.86315190e-03]
 [-4.73908397e-05 -9.28164695e-04]]",[],0.0,0.0
1787564022.810465,2.3421320128975944,1.235483321142571,2.3489083172062175,"[ 2.92839891e-06 -6.51211304e-07  0.00000000e+00  0.00000000e+00
  0.00000000e+00 -2.44891304e-07 -6.51211304e-07  2.66596938e-06
  0.00000000e+00  0.00000000e+00  0.00000000e+00 -5.96010764e-08
  0.00000000e+00  0.00000000e+00  0.00000000e+00  0.00000000e+00
  0.00000000e+00  0.00000000e+00  0.00000000e+00  0.00000000e+00
  0.00000000e+00  0.00000000e+00  0.00000000e+00  0.00000000e+00
  0.00000000e+00  0.00000000e+00  0.00000000e+00  0.00000000e+00
  0.00000000e+00  0.00000000e+00 -2.44891304e-07 -5.96010764e-08
  0.00000000e+00  0.00000000e+00  0.00000000e+00  3.58851521e-06]","[[-2.57090436e-05  1.86315190e-03]
 [-4.73908397e-05 -9.28164695e-04]]",[],0.0,0.0
1787564022.8598487,2.3436866672440826,1.233359993363731,2.362170827904439,"[ 2.89539445e-06 -6.96221227e-07  0.00000000e+00  0.00000000e+00
  0.00000000e+00 -2.47323815e-07 -6.96221227e-07  2.64276217e-06
  0.00000000e+00  0.00000000e+00  0.00000000e+00 -2.96169663e-08
  0.00000000e+00  0.00000000e+00  0.00000000e+00  0.00000000e+00
  0.00000000e+00  0.00000000e+00  0.00000000e+00  0.00000000e+00
  0.00000000e+00  0.00000000e+00  0.00000000e+00  0.00000000e+00
  0.00000000e+00  0.00000000e+00  0.00000000e+00  0.00000000e+00
  0.00000000e+00  0.00000000e+00 -2.47323815e-07 -2.96169663e-08
  0.00000000e+00  0.00000000e+00  0.00000000e+00  3.69129409e-06]","[[-2.43298671e-05  1.86496502e-03]
 [-4.62864778e-05 -9.90903691e-04]]",[],0.0,0.0
1787564022.9111807,2.3436866672440826,1.233359993363731,2.362170827904439,"[ 2.89539445e-06 -6.96221227e-07  0.00000000e+00  0.00000000e+00
  0.00000000e+00 -2.47323815e-07 -6.96221227e-07  2.64276217e-06
  0.00000000e+00  0.00000000e+00  0.00000000e+00 -2.96169663e-08
  0.00000000e+00  0.00000000e+00  0.00000000e+00  0.00000000e+00
  0.00000000e+00  0.00000000e+00  0.00000000e+00  0.00000000e+00
  0.00000000e+00  0.00000000e+00  0.00000000e+00  0.00000000e+00
  0.00000000e+00  0.00000000e+00  0.00000000e+00  0.00000000e+00
  0.00000000e+00  0.00000000e+00 -2.47323815e-07 -2.96169663e-08
  0.00000000e+00  0.00000000e+00  0.00000000e+00  3.69129409e-06]","[[-2.43298671e-05  1.86496502e-03]
 [-4.62864778e-05 -9.90903691e-04]]",[],0.0,0.0
1787564022.9634628,2.3436866672440826,1.233359993363731,2.362170827904439,"[ 2.89539445e-06 -6.96221227e-07  0.00000000e+00  0.00000000e+00
  0.00000000e+00 -2.47323815e-07 -6.96221227e-07  2.64276217e-06
  0.00000000e+00  0.00000000e+00  0.00000000e+00 -2.96169663e-08
  0.00000000e+00  0.00000000e+00  0.00000000e+00  0.00000000e+00
  0.00000000e+00  0.00000000e+00  0.00000000e+00  0.00000000e+00
  0.00000000e+00  0.00000000e+00  0.00000000e+00  0.00000000e+00
  0.00000000e+00  0.00000000e+00  0.00000000e+00  0.00000000e+00
  0.00000000e+00  0.00000000e+00 -2.47323815e-07 -2.96169663e-08
  0.00000000e+00  0.00000000e+00  0.00000000e+00  3.69129409e-06]","[[-2.43298671e-05  1.86496502e-03]
 [-4.62864778e-05 -9.90903691e-04]]",[],0.0,0.0
1787564023.0099587,2.3436866672440826,1.233359993363731,2.362170827904439,"[ 2.89539445e-06 -6.96221227e-07  0.00000000e+00  0.00000000e+00
  0.00000000e+00 -2.47323815e-07 -6.96221227e-07  2.64276217e-06
  0.00000000e+00  0.00000000e+00  0.00000000e+00 -2.96169663e-08
  0.00000000e+00  0.00000000e+00  0.00000000e+00  0.00000000e+00
  0.00000000e+00  0.00000000e+00  0.00000000e+00  0.00000000e+00
  0.00000000e+00  0.00000000e+00  0.00000000e+00  0.00000000e+00
  0.00000000e+00  0.00000000e+00  0.00000000e+00  0.00000000e+00
  0.00000000e+00  0.00000000e+00 -2.47323815e-07 -2.96169663e-08
  0.00000000e+00  0.00000000e+00  0.00000000e+00  3.69129409e-06]","[[-2.43298671e-05  1.86496502e-03]
 [-4.62864778e-05 -9.90903691e-04]]",[],0.0,0.0
1787564023.060809,2.3436866672440826,1.233359993363731,2.362170827904439,"[ 2.89539445e-06 -6.96221227e-07  0.00000000e+00  0.00000000e+00
  0.00000000e+00 -2.47323815e-07 -6.96221227e-07  2.64276217e-06
  0.00000000e+00  0.00000000e+00  0.00000000e+00 -2.96169663e-08
  0.00000000e+00  0.00000000e+00  0.00000000e+00  0.00000000e+00
  0.00000000e+00  0.00000000e+00  0.00000000e+00  0.00000000e+00
  0.00000000e+00  0.00000000e+00  0.00000000e+00  0.00000000e+00
  0.00000000e+00  0.00000000e+00  0.00000000e+00  0.00000000e+00
  0.00000000e+00  0.00000000e+00 -2.47323815e-07 -2.96169663e-08
  0.00000000e+00  0.00000000e+00  0.00000000e+00  3.69129409e-06]","[[-2.43298671e-05  1.86496502e-03]
 [-4.62864778e-05 -9.90903691e-04]]",[],0.0,0.0
1787564023.1097093,2.3436866672440826,1.233359993363731,2.362170827904439,"[ 2.89539445e-06 -6.96221227e-07  0.00000000e+00  0.00000000e+00
  0.00000000e+00 -2.47323815e-07 -6.96221227e-07  2.64276217e-06
  0.00000000e+00  0.00000000e+00  0.00000000e+00 -2.96169663e-08
  0.00000000e+00  0.00000000e+00  0.00000000e+00  0.00000000e+00
  0.00000000e+00  0.00000000e+00  0.00000000e+00  0.00000000e+00
  0.00000000e+00  0.00000000e+00  0.00000000e+00  0.00000000e+00
  0.00000000e+00  0.00000000e+00  0.00000000e+00  0.00000000e+00
  0.00000000e+00  0.00000000e+00 -2.47323815e-07 -2.96169663e-08
  0.00000000e+00  0.00000000e+00  0.00000000e+00  3.69129409e-06]","[[-2.43298671e-05  1.86496502e-03]
 [-4.62864778e-05 -9.90903691e-04]]",[],0.0,0.0
1787564023.1596613,2.3436866672440826,1.233359993363731,2.362170827904439,"[ 2.89539445e-06 -6.96221227e-07  0.00000000e+00  0.00000000e+00
  0.00000000e+00 -2.47323815e-07 -6.96221227e-07  2.64276217e-06
  0.00000000e+00  0.00000000e+00  0.00000000e+00 -2.96169663e-08
  0.00000000e+00  0.00000000e+00  0.00000000e+00  0.00000000e+00
  0.00000000e+00  0.00000000e+00  0.00000000e+00  0.00000000e+00
  0.00000000e+00  0.00000000e+00  0.00000000e+00  0.00000000e+00
  0.00000000e+00  0.00000000e+00  0.00000000e+00  0.00000000e+00
  0.00000000e+00  0.00000000e+00 -2.47323815e-07 -2.96169663e-08
  0.00000000e+00  0.00000000e+00  0.00000000e+00  3.69129409e-06]","[[-2.43298671e-05  1.86496502e-03]
 [-4.62864778e-05 -9.90903691e-04]]",[],0.0,0.0
1787564023.2143831,2.3436866672440826,1.233359993363731,2.362170827904439,"[ 2.89539445e-06 -6.96221227e-07  0.00000000e+00  0.00000000e+00
  0.00000000e+00 -2.47323815e-07 -6.96221227e-07  2.64276217e-06
  0.00000000e+00  0.00000000e+00  0.00000000e+00 -2.96169663e-08
  0.00000000e+00  0.00000000e+00  0.00000000e+00  0.00000000e+00
  0.00000000e+00  0.00000000e+00  0.00000000e+00  0.00000000e+00
  0.00000000e+00  0.00000000e+00  0.00000000e+00  0.00000000e+00
  0.00000000e+00  0.00000000e+00  0.00000000e+00  0.00000000e+00
  0.00000000e+00  0.00000000e+00 -2.47323815e-07 -2.96169663e-08
  0.00000000e+00  0.00000000e+00  0.00000000e+00  3.69129409e-06]","[[-2.43298671e-05  1.86496502e-03]
 [-4.62864778e-05 -9.90903691e-04]]",[],0.0,0.0
1787564023.2611418,2.3436866672440826,1.233359993363731,2.362170827904439,"[ 2.89539445e-06 -6.96221227e-07  0.00000000e+00  0.00000000e+00
  0.00000000e+00 -2.47323815e-07 -6.96221227e-07  2.64276217e-06
  0.00000000e+00  0.00000000e+00  0.00000000e+00 -2.96169663e-08
  0.00000000e+00  0.00000000e+00  0.00000000e+00  0.00000000e+00
  0.00000000e+00  0.00000000e+00  0.00000000e+00  0.00000000e+00
  0.00000000e+00  0.00000000e+00  0.00000000e+00  0.00000000e+00
  0.00000000e+00  0.00000000e+00  0.00000000e+00  0.00000000e+00
  0.00000000e+00  0.00000000e+00 -2.47323815e-07 -2.96169663e-08
  0.00000000e+00  0.00000000e+00  0.00000000e+00  3.69129409e-06]","[[-2.43298671e-05  1.86496502e-03]
 [-4.62864778e-05 -9.90903691e-04]]",[],0.0,0.0
1787564023.309535,2.3436866672440826,1.233359993363731,2.362170827904439,"[ 2.89539445e-06 -6.96221227e-07  0.00000000e+00  0.00000000e+00
  0.00000000e+00 -2.47323815e-07 -6.96221227e-07  2.64276217e-06
  0.00000000e+00  0.00000000e+00  0.00000000e+00 -2.96169663e-08
  0.00000000e+00  0.00000000e+00  0.00000000e+00  0.00000000e+00
  0.00000000e+00  0.00000000e+00  0.00000000e+00  0.00000000e+00
  0.00000000e+00  0.00000000e+00  0.00000000e+00  0.00000000e+00
  0.00000000e+00  0.00000000e+00  0.00000000e+00  0.00000000e+00
  0.00000000e+00  0.00000000e+00 -2.47323815e-07 -2.96169663e-08
  0.00000000e+00  0.00000000e+00  0.00000000e+00  3.69129409e-06]","[[-2.43298671e-05  1.86496502e-03]
 [-4.62864778e-05 -9.90903691e-04]]",[],0.0,0.0
1787564023.360066,2.3436866672440826,1.233359993363731,2.362170827904439,"[ 2.89539445e-06 -6.96221227e-07  0.00000000e+00  0.00000000e+00
  0.00000000e+00 -2.47323815e-07 -6.96221227e-07  2.64276217e-06
  0.00000000e+00  0.00000000e+00  0.00000000e+00 -2.96169663e-08
  0.00000000e+00  0.00000000e+00  0.00000000e+00  0.00000000e+00
  0.00000000e+00  0.00000000e+00  0.00000000e+00  0.00000000e+00
  0.00000000e+00  0.00000000e+00  0.00000000e+00  0.00000000e+00
  0.00000000e+00  0.00000000e+00  0.00000000e+00  0.00000000e+00
  0.00000000e+00  0.00000000e+00 -2.47323815e-07 -2.96169663e-08
  0.00000000e+00  0.00000000e+00  0.00000000e+00  3.69129409e-06]","[[-2.43298671e-05  1.86496502e-03]
 [-4.62864778e-05 -9.90903691e-04]]",[],0.0,0.0
1787564023.4102144,2.3436866672440826,1.233359993363731,2.362170827904439,"[ 2.89539445e-06 -6.96221227e-07  0.00000000e+00  0.00000000e+00
  0.00000000e+00 -2.47323815e-07 -6.96221227e-07  2.64276217e-06
  0.00000000e+00  0.00000000e+00  0.00000000e+00 -2.96169663e-08
  0.00000000e+00  0.00000000e+00  0.00000000e+00  0.00000000e+00
  0.00000000e+00  0.00000000e+00  0.00000000e+00  0.00000000e+00
  0.00000000e+00  0.00000000e+00  0.00000000e+00  0.00000000e+00
  0.00000000e+00  0.00000000e+00  0.00000000e+00  0.00000000e+00
  0.00000000e+00  0.00000000e+00 -2.47323815e-07 -2.96169663e-08
  0.00000000e+00  0.00000000e+00  0.00000000e+00  3.69129409e-06]","[[-2.43298671e-05  1.86496502e-03]
 [-4.62864778e-05 -9.90903691e-04]]",[],0.0,0.0
1787564023.4596767,2.3436866672440826,1.233359993363731,2.362170827904439,"[ 2.89539445e-06 -6.96221227e-07  0.00000000e+00  0.00000000e+00
  0.00000000e+00 -2.47323815e-07 -6.96221227e-07  2.64276217e-06
  0.00000000e+00  0.00000000e+00  0.00000000e+00 -2.96169663e-08
  0.00000000e+00  0.00000000e+00  0.00000000e+00  0.00000000e+00
  0.00000000e+00  0.00000000e+00  0.00000000e+00  0.00000000e+00
  0.00000000e+00  0.00000000e+00  0.00000000e+00  0.00000000e+00
  0.00000000e+00  0.00000000e+00  0.00000000e+00  0.00000000e+00
  0.00000000e+00  0.00000000e+00 -2.47323815e-07 -2.96169663e-08
  0.00000000e+00  0.00000000e+00  0.00000000e+00  3.69129409e-06]","[[-2.43298671e-05  1.86496502e-03]
 [-4.62864778e-05 -9.90903691e-04]]",[],0.0,0.0
1787564023.517648,2.343729399558055,1.2319840696599333,2.3594879411061696,"[ 2.82610880e-06 -6.94779538e-07  0.00000000e+00  0.00000000e+00
  0.00000000e+00 -2.21990211e-07 -6.94779538e-07  2.57203639e-06
  0.00000000e+00  0.00000000e+00  0.00000000e+00 -4.76837395e-08
  0.00000000e+00  0.00000000e+00  0.00000000e+00  0.00000000e+00
  0.00000000e+00  0.00000000e+00  0.00000000e+00  0.00000000e+00
  0.00000000e+00  0.00000000e+00  0.00000000e+00  0.00000000e+00
  0.00000000e+00  0.00000000e+00  0.00000000e+00  0.00000000e+00
  0.00000000e+00  0.00000000e+00 -2.21990211e-07 -4.76837395e-08
  0.00000000e+00  0.00000000e+00  0.00000000e+00  3.57733902e-06]","[[ 6.26461590e-05  1.46241981e-03]
 [-5.73862963e-05  1.07970513e-03]]",[],0.0,0.0
1787564023.5600135,2.343729399558055,1.2319840696599333,2.3594879411061696,"[ 2.82610880e-06 -6.94779538e-07  0.00000000e+00  0.00000000e+00
  0.00000000e+00 -2.21990211e-07 -6.94779538e-07  2.57203639e-06
  0.00000000e+00  0.00000000e+00  0.00000000e+00 -4.76837395e-08
  0.00000000e+00  0.00000000e+00  0.00000000e+00  0.00000000e+00
  0.00000000e+00  0.00000000e+00  0.00000000e+00  0.00000000e+00
  0.00000000e+00  0.00000000e+00  0.00000000e+00  0.00000000e+00
  0.00000000e+00  0.00000000e+00  0.00000000e+00  0.00000000e+00
  0.00000000e+00  0.00000000e+00 -2.21990211e-07 -4.76837395e-08
  0.00000000e+00  0.00000000e+00  0.00000000e+00  3.57733902e-06]","[[ 6.26461590e-05  1.46241981e-03]
 [-5.73862963e-05  1.07970513e-03]]",[],0.0,0.0
1787564023.611323,2.343729399558055,1.2319840696599333,2.3594879411061696,"[ 2.82610880e-06 -6.94779538e-07  0.00000000e+00  0.00000000e+00
  0.00000000e+00 -2.21990211e-07 -6.94779538e-07  2.57203639e-06
  0.00000000e+00  0.00000000e+00  0.00000000e+00 -4.76837395e-08
  0.00000000e+00  0.00000000e+00  0.00000000e+00  0.00000000e+00
  0.00000000e+00  0.00000000e+00  0.00000000e+00  0.00000000e+00
  0.00000000e+00  0.00000000e+00  0.00000000e+00  0.00000000e+00
  0.00000000e+00  0.00000000e+00  0.00000000e+00  0.00000000e+00
  0.00000000e+00  0.00000000e+00 -2.21990211e-07 -4.76837395e-08
  0.00000000e+00  0.00000000e+00  0.00000000e+00  3.57733902e-06]","[[ 6.26461590e-05  1.46241981e-03]
 [-5.73862963e-05  1.07970513e-03]]",[],0.0,0.0
1787564023.661731,2.343729399558055,1.2319840696599333,2.3594879411061696,"[ 2.82610880e-06 -6.94779538e-07  0.00000000e+00  0.00000000e+00
  0.00000000e+00 -2.21990211e-07 -6.94779538e-07  2.57203639e-06
  0.00000000e+00  0.00000000e+00  0.00000000e+00 -4.76837395e-08
  0.00000000e+00  0.00000000e+00  0.00000000e+00  0.00000000e+00
  0.00000000e+00  0.00000000e+00  0.00000000e+00  0.00000000e+00
  0.00000000e+00  0.00000000e+00  0.00000000e+00  0.00000000e+00
  0.00000000e+00  0.00000000e+00  0.00000000e+00  0.00000000e+00
  0.00000000e+00  0.00000000e+00 -2.21990211e-07 -4.76837395e-08
  0.00000000e+00  0.00000000e+00  0.00000000e+00  3.57733902e-06]","[[ 6.26461590e-05  1.46241981e-03]
 [-5.73862963e-05  1.07970513e-03]]",[],0.0,0.0
1787564023.709504,2.343729399558055,1.2319840696599333,2.3594879411061696,"[ 2.82610880e-06 -6.94779538e-07  0.00000000e+00  0.00000000e+00
  0.00000000e+00 -2.21990211e-07 -6.94779538e-07  2.57203639e-06
  0.00000000e+00  0.00000000e+00  0.00000000e+00 -4.76837395e-08
  0.00000000e+00  0.00000000e+00  0.00000000e+00  0.00000000e+00
  0.00000000e+00  0.00000000e+00  0.00000000e+00  0.00000000e+00
  0.00000000e+00  0.00000000e+00  0.00000000e+00  0.00000000e+00
  0.00000000e+00  0.00000000e+00  0.00000000e+00  0.00000000e+00
  0.00000000e+00  0.00000000e+00 -2.21990211e-07 -4.76837395e-08
  0.00000000e+00  0.00000000e+00  0.00000000e+00  3.57733902e-06]","[[ 6.26461590e-05  1.46241981e-03]
 [-5.73862963e-05  1.07970513e-03]]",[],0.0,0.0
1787564023.7631347,2.343729399558055,1.2319840696599333,2.3594879411061696,"[ 2.82610880e-06 -6.94779538e-07  0.00000000e+00  0.00000000e+00
  0.00000000e+00 -2.21990211e-07 -6.94779538e-07  2.57203639e-06
  0.00000000e+00  0.00000000e+00  0.00000000e+00 -4.76837395e-08
  0.00000000e+00  0.00000000e+00  0.00000000e+00  0.00000000e+00
  0.00000000e+00  0.00000000e+00  0.00000000e+00  0.00000000e+00
  0.00000000e+00  0.00000000e+00  0.00000000e+00  0.00000000e+00
  0.00000000e+00  0.00000000e+00  0.00000000e+00  0.00000000e+00
  0.00000000e+00  0.00000000e+00 -2.21990211e-07 -4.76837395e-08
  0.00000000e+00  0.00000000e+00  0.00000000e+00  3.57733902e-06]","[[ 6.26461590e-05  1.46241981e-03]
 [-5.73862963e-05  1.07970513e-03]]",[],0.0,0.0
1787564023.810358,2.343729399558055,1.2319840696599333,2.3594879411061696,"[ 2.82610880e-06 -6.94779538e-07  0.00000000e+00  0.00000000e+00
  0.00000000e+00 -2.21990211e-07 -6.94779538e-07  2.57203639e-06
  0.00000000e+00  0.00000000e+00  0.00000000e+00 -4.76837395e-08
  0.00000000e+00  0.00000000e+00  0.00000000e+00  0.00000000e+00
  0.00000000e+00  0.00000000e+00  0.00000000e+00  0.00000000e+00
  0.00000000e+00  0.00000000e+00  0.00000000e+00  0.00000000e+00
  0.00000000e+00  0.00000000e+00  0.00000000e+00  0.00000000e+00
  0.00000000e+00  0.00000000e+00 -2.21990211e-07 -4.76837395e-08
  0.00000000e+00  0.00000000e+00  0.00000000e+00  3.57733902e-06]","[[ 6.26461590e-05  1.46241981e-03]
 [-5.73862963e-05  1.07970513e-03]]",[],0.0,0.0
1787564023.8631482,2.343729399558055,1.2319840696599333,2.3594879411061696,"[ 2.82610880e-06 -6.94779538e-07  0.00000000e+00  0.00000000e+00
  0.00000000e+00 -2.21990211e-07 -6.94779538e-07  2.57203639e-06
  0.00000000e+00  0.00000000e+00  0.00000000e+00 -4.76837395e-08
  0.00000000e+00  0.00000000e+00  0.00000000e+00  0.00000000e+00
  0.00000000e+00  0.00000000e+00  0.00000000e+00  0.00000000e+00
  0.00000000e+00  0.00000000e+00  0.00000000e+00  0.00000000e+00
  0.00000000e+00  0.00000000e+00  0.00000000e+00  0.00000000e+00
  0.00000000e+00  0.00000000e+00 -2.21990211e-07 -4.76837395e-08
  0.00000000e+00  0.00000000e+00  0.00000000e+00  3.57733902e-06]","[[ 6.26461590e-05  1.46241981e-03]
 [-5.73862963e-05  1.07970513e-03]]",[],0.0,0.0
1787564023.9113634,2.343729399558055,1.2319840696599333,2.3594879411061696,"[ 2.82610880e-06 -6.94779538e-07  0.00000000e+00  0.00000000e+00
  0.00000000e+00 -2.21990211e-07 -6.94779538e-07  2.57203639e-06
  0.00000000e+00  0.00000000e+00  0.00000000e+00 -4.76837395e-08
  0.00000000e+00  0.00000000e+00  0.00000000e+00  0.00000000e+00
  0.00000000e+00  0.00000000e+00  0.00000000e+00  0.00000000e+00
  0.00000000e+00  0.00000000e+00  0.00000000e+00  0.00000000e+00
  0.00000000e+00  0.00000000e+00  0.00000000e+00  0.00000000e+00
  0.00000000e+00  0.00000000e+00 -2.21990211e-07 -4.76837395e-08
  0.00000000e+00  0.00000000e+00  0.00000000e+00  3.57733902e-06]","[[ 6.26461590e-05  1.46241981e-03]
 [-5.73862963e-05  1.07970513e-03]]",[],0.0,0.0
1787564023.963361,2.343729399558055,1.2319840696599333,2.3594879411061696,"[ 2.82610880e-06 -6.94779538e-07  0.00000000e+00  0.00000000e+00
  0.00000000e+00 -2.21990211e-07 -6.94779538e-07  2.57203639e-06
  0.00000000e+00  0.00000000e+00  0.00000000e+00 -4.76837395e-08
  0.00000000e+00  0.00000000e+00  0.00000000e+00  0.00000000e+00
  0.00000000e+00  0.00000000e+00  0.00000000e+00  0.00000000e+00
  0.00000000e+00  0.00000000e+00  0.00000000e+00  0.00000000e+00
  0.00000000e+00  0.00000000e+00  0.00000000e+00  0.00000000e+00
  0.00000000e+00  0.00000000e+00 -2.21990211e-07 -4.76837395e-08
  0.00000000e+00  0.00000000e+00  0.00000000e+00  3.57733902e-06]","[[ 6.26461590e-05  1.46241981e-03]
 [-5.73862963e-05  1.07970513e-03]]",[],0.0,0.0
1787564024.0109048,2.343729399558055,1.2319840696599333,2.3594879411061696,"[ 2.82610880e-06 -6.94779538e-07  0.00000000e+00  0.00000000e+00
  0.00000000e+00 -2.21990211e-07 -6.94779538e-07  2.57203639e-06
  0.00000000e+00  0.00000000e+00  0.00000000e+00 -4.76837395e-08
  0.00000000e+00  0.00000000e+00  0.00000000e+00  0.00000000e+00
  0.00000000e+00  0.00000000e+00  0.00000000e+00  0.00000000e+00
  0.00000000e+00  0.00000000e+00  0.00000000e+00  0.00000000e+00
  0.00000000e+00  0.00000000e+00  0.00000000e+00  0.00000000e+00
  0.00000000e+00  0.00000000e+00 -2.21990211e-07 -4.76837395e-08
  0.00000000e+00  0.00000000e+00  0.00000000e+00  3.57733902e-06]","[[ 6.26461590e-05  1.46241981e-03]
 [-5.73862963e-05  1.07970513e-03]]",[],0.0,0.0
1787564024.0595932,2.343729399558055,1.2319840696599333,2.3594879411061696,"[ 2.82610880e-06 -6.94779538e-07  0.00000000e+00  0.00000000e+00
  0.00000000e+00 -2.21990211e-07 -6.94779538e-07  2.57203639e-06
  0.00000000e+00  0.00000000e+00  0.00000000e+00 -4.76837395e-08
  0.00000000e+00  0.00000000e+00  0.00000000e+00  0.00000000e+00
  0.00000000e+00  0.00000000e+00  0.00000000e+00  0.00000000e+00
  0.00000000e+00  0.00000000e+00  0.00000000e+00  0.00000000e+00
  0.00000000e+00  0.00000000e+00  0.00000000e+00  0.00000000e+00
  0.00000000e+00  0.00000000e+00 -2.21990211e-07 -4.76837395e-08
  0.00000000e+00  0.00000000e+00  0.00000000e+00  3.57733902e-06]","[[ 6.26461590e-05  1.46241981e-03]
 [-5.73862963e-05  1.07970513e-03]]",[],0.0,0.0
1787564024.1145017,2.343729399558055,1.2319840696599333,2.3594879411061696,"[ 2.82610880e-06 -6.94779538e-07  0.00000000e+00  0.00000000e+00
  0.00000000e+00 -2.21990211e-07 -6.94779538e-07  2.57203639e-06
  0.00000000e+00  0.00000000e+00  0.00000000e+00 -4.76837395e-08
  0.00000000e+00  0.00000000e+00  0.00000000e+00  0.00000000e+00
  0.00000000e+00  0.00000000e+00  0.00000000e+00  0.00000000e+00
  0.00000000e+00  0.00000000e+00  0.00000000e+00  0.00000000e+00
  0.00000000e+00  0.00000000e+00  0.00000000e+00  0.00000000e+00
  0.00000000e+00  0.00000000e+00 -2.21990211e-07 -4.76837395e-08
  0.00000000e+00  0.00000000e+00  0.00000000e+00  3.57733902e-06]","[[ 6.26461590e-05  1.46241981e-03]
 [-5.73862963e-05  1.07970513e-03]]",[],0.0,0.0
1787564024.1600797,2.343729399558055,1.2319840696599333,2.3594879411061696,"[ 2.82610880e-06 -6.94779538e-07  0.00000000e+00  0.00000000e+00
  0.00000000e+00 -2.21990211e-07 -6.94779538e-07  2.57203639e-06
  0.00000000e+00  0.00000000e+00  0.00000000e+00 -4.76837395e-08
  0.00000000e+00  0.00000000e+00  0.00000000e+00  0.00000000e+00
  0.00000000e+00  0.00000000e+00  0.00000000e+00  0.00000000e+00
  0.00000000e+00  0.00000000e+00  0.00000000e+00  0.00000000e+00
  0.00000000e+00  0.00000000e+00  0.00000000e+00  0.00000000e+00
  0.00000000e+00  0.00000000e+00 -2.21990211e-07 -4.76837395e-08
  0.00000000e+00  0.00000000e+00  0.00000000e+00  3.57733902e-06]","[[ 6.26461590e-05  1.46241981e-03]
 [-5.73862963e-05  1.07970513e-03]]",[],0.0,0.0
1787564024.2124937,2.3447376735932144,1.2300120425505081,2.3586849279116517,"[ 2.76250326e-06 -7.00994566e-07  0.00000000e+00  0.00000000e+00
  0.00000000e+00 -1.96036747e-07 -7.00994566e-07  2.51466514e-06
  0.00000000e+00  0.00000000e+00  0.00000000e+00 -6.93782129e-08
  0.00000000e+00  0.00000000e+00  0.00000000e+00  0.00000000e+00
  0.00000000e+00  0.00000000e+00  0.00000000e+00  0.00000000e+00
  0.00000000e+00  0.00000000e+00  0.00000000e+00  0.00000000e+00
  0.00000000e+00  0.00000000e+00  0.00000000e+00  0.00000000e+00
  0.00000000e+00  0.00000000e+00 -1.96036747e-07 -6.93782129e-08
  0.00000000e+00  0.00000000e+00  0.00000000e+00  3.57002495e-06]","[[ 6.16030363e-05  1.38359172e-03]
 [-5.65081504e-05  1.08088245e-03]]",[],0.0,0.0
1787564024.2593312,2.3447376735932144,1.2300120425505081,2.3586849279116517,"[ 2.76250326e-06 -7.00994566e-07  0.00000000e+00  0.00000000e+00
  0.00000000e+00 -1.96036747e-07 -7.00994566e-07  2.51466514e-06
  0.00000000e+00  0.00000000e+00  0.00000000e+00 -6.93782129e-08
  0.00000000e+00  0.00000000e+00  0.00000000e+00  0.00000000e+00
  0.00000000e+00  0.00000000e+00  0.00000000e+00  0.00000000e+00
  0.00000000e+00  0.00000000e+00  0.00000000e+00  0.00000000e+00
  0.00000000e+00  0.00000000e+00  0.00000000e+00  0.00000000e+00
  0.00000000e+00  0.00000000e+00 -1.96036747e-07 -6.93782129e-08
  0.00000000e+00  0.00000000e+00  0.00000000e+00  3.57002495e-06]","[[ 6.16030363e-05  1.38359172e-03]
 [-5.65081504e-05  1.08088245e-03]]",[],0.0,0.0
1787564024.3101716,2.3447376735932144,1.2300120425505081,2.3586849279116517,"[ 2.76250326e-06 -7.00994566e-07  0.00000000e+00  0.00000000e+00
  0.00000000e+00 -1.96036747e-07 -7.00994566e-07  2.51466514e-06
  0.00000000e+00  0.00000000e+00  0.00000000e+00 -6.93782129e-08
  0.00000000e+00  0.00000000e+00  0.00000000e+00  0.00000000e+00
  0.00000000e+00  0.00000000e+00  0.00000000e+00  0.00000000e+00
  0.00000000e+00  0.00000000e+00  0.00000000e+00  0.00000000e+00
  0.00000000e+00  0.00000000e+00  0.00000000e+00  0.00000000e+00
  0.00000000e+00  0.00000000e+00 -1.96036747e-07 -6.93782129e-08
  0.00000000e+00  0.00000000e+00  0.00000000e+00  3.57002495e-06]","[[ 6.16030363e-05  1.38359172e-03]
 [-5.65081504e-05  1.08088245e-03]]",[],0.0,0.0
1787564024.3602357,2.3447376735932144,1.2300120425505081,2.3586849279116517,"[ 2.76250326e-06 -7.00994566e-07  0.00000000e+00  0.00000000e+00
  0.00000000e+00 -1.96036747e-07 -7.00994566e-07  2.51466514e-06
  0.00000000e+00  0.00000000e+00  0.00000000e+00 -6.93782129e-08
  0.00000000e+00  0.00000000e+00  0.00000000e+00  0.00000000e+00
  0.00000000e+00  0.00000000e+00  0.00000000e+00  0.00000000e+00
  0.00000000e+00  0.00000000e+00  0.00000000e+00  0.00000000e+00
  0.00000000e+00  0.00000000e+00  0.00000000e+00  0.00000000e+00
  0.00000000e+00  0.00000000e+00 -1.96036747e-07 -6.93782129e-08
  0.00000000e+00  0.00000000e+00  0.00000000e+00  3.57002495e-06]","[[ 6.16030363e-05  1.38359172e-03]
 [-5.65081504e-05  1.08088245e-03]]",[],0.0,0.0
1787564024.4102368,2.3447376735932144,1.2300120425505081,2.3586849279116517,"[ 2.76250326e-06 -7.00994566e-07  0.00000000e+00  0.00000000e+00
  0.00000000e+00 -1.96036747e-07 -7.00994566e-07  2.51466514e-06
  0.00000000e+00  0.00000000e+00  0.00000000e+00 -6.93782129e-08
  0.00000000e+00  0.00000000e+00  0.00000000e+00  0.00000000e+00
  0.00000000e+00  0.00000000e+00  0.00000000e+00  0.00000000e+00
  0.00000000e+00  0.00000000e+00  0.00000000e+00  0.00000000e+00
  0.00000000e+00  0.00000000e+00  0.00000000e+00  0.00000000e+00
  0.00000000e+00  0.00000000e+00 -1.96036747e-07 -6.93782129e-08
  0.00000000e+00  0.00000000e+00  0.00000000e+00  3.57002495e-06]","[[ 6.16030363e-05  1.38359172e-03]
 [-5.65081504e-05  1.08088245e-03]]",[],0.0,0.0
1787564024.4608333,2.3447376735932144,1.2300120425505081,2.3586849279116517,"[ 2.76250326e-06 -7.00994566e-07  0.00000000e+00  0.00000000e+00
  0.00000000e+00 -1.96036747e-07 -7.00994566e-07  2.51466514e-06
  0.00000000e+00  0.00000000e+00  0.00000000e+00 -6.93782129e-08
  0.00000000e+00  0.00000000e+00  0.00000000e+00  0.00000000e+00
  0.00000000e+00  0.00000000e+00  0.00000000e+00  0.00000000e+00
  0.00000000e+00  0.00000000e+00  0.00000000e+00  0.00000000e+00
  0.00000000e+00  0.00000000e+00  0.00000000e+00  0.00000000e+00
  0.00000000e+00  0.00000000e+00 -1.96036747e-07 -6.93782129e-08
  0.00000000e+00  0.00000000e+00  0.00000000e+00  3.57002495e-06]","[[ 6.16030363e-05  1.38359172e-03]
 [-5.65081504e-05  1.08088245e-03]]",[],0.0,0.0
1787564024.5110614,2.3447376735932144,1.2300120425505081,2.3586849279116517,"[ 2.76250326e-06 -7.00994566e-07  0.00000000e+00  0.00000000e+00
  0.00000000e+00 -1.96036747e-07 -7.00994566e-07  2.51466514e-06
  0.00000000e+00  0.00000000e+00  0.00000000e+00 -6.93782129e-08
  0.00000000e+00  0.00000000e+00  0.00000000e+00  0.00000000e+00
  0.00000000e+00  0.00000000e+00  0.00000000e+00  0.00000000e+00
  0.00000000e+00  0.00000000e+00  0.00000000e+00  0.00000000e+00
  0.00000000e+00  0.00000000e+00  0.00000000e+00  0.00000000e+00
  0.00000000e+00  0.00000000e+00 -1.96036747e-07 -6.93782129e-08
  0.00000000e+00  0.00000000e+00  0.00000000e+00  3.57002495e-06]","[[ 6.16030363e-05  1.38359172e-03]
 [-5.65081504e-05  1.08088245e-03]]",[],0.0,0.0
1787564024.5620017,2.3447376735932144,1.2300120425505081,2.3586849279116517,"[ 2.76250326e-06 -7.00994566e-07  0.00000000e+00  0.00000000e+00
  0.00000000e+00 -1.96036747e-07 -7.00994566e-07  2.51466514e-06
  0.00000000e+00  0.00000000e+00  0.00000000e+00 -6.93782129e-08
  0.00000000e+00  0.00000000e+00  0.00000000e+00  0.00000000e+00
  0.00000000e+00  0.00000000e+00  0.00000000e+00  0.00000000e+00
  0.00000000e+00  0.00000000e+00  0.00000000e+00  0.00000000e+00
  0.00000000e+00  0.00000000e+00  0.00000000e+00  0.00000000e+00
  0.00000000e+00  0.00000000e+00 -1.96036747e-07 -6.93782129e-08
  0.00000000e+00  0.00000000e+00  0.00000000e+00  3.57002495e-06]","[[ 6.16030363e-05  1.38359172e-03]
 [-5.65081504e-05  1.08088245e-03]]",[],0.0,0.0
1787564024.6104214,2.3447376735932144,1.2300120425505081,2.3586849279116517,"[ 2.76250326e-06 -7.00994566e-07  0.00000000e+00  0.00000000e+00
  0.00000000e+00 -1.96036747e-07 -7.00994566e-07  2.51466514e-06
  0.00000000e+00  0.00000000e+00  0.00000000e+00 -6.93782129e-08
  0.00000000e+00  0.00000000e+00  0.00000000e+00  0.00000000e+00
  0.00000000e+00  0.00000000e+00  0.00000000e+00  0.00000000e+00
  0.00000000e+00  0.00000000e+00  0.00000000e+00  0.00000000e+00
  0.00000000e+00  0.00000000e+00  0.00000000e+00  0.00000000e+00
  0.00000000e+00  0.00000000e+00 -1.96036747e-07 -6.93782129e-08
  0.00000000e+00  0.00000000e+00  0.00000000e+00  3.57002495e-06]","[[ 6.16030363e-05  1.38359172e-03]
 [-5.65081504e-05  1.08088245e-03]]",[],0.0,0.0
1787564024.6599536,2.3447376735932144,1.2300120425505081,2.3586849279116517,"[ 2.76250326e-06 -7.00994566e-07  0.00000000e+00  0.00000000e+00
  0.00000000e+00 -1.96036747e-07 -7.00994566e-07  2.51466514e-06
  0.00000000e+00  0.00000000e+00  0.00000000e+00 -6.93782129e-08
  0.00000000e+00  0.00000000e+00  0.00000000e+00  0.00000000e+00
  0.00000000e+00  0.00000000e+00  0.00000000e+00  0.00000000e+00
  0.00000000e+00  0.00000000e+00  0.00000000e+00  0.00000000e+00
  0.00000000e+00  0.00000000e+00  0.00000000e+00  0.00000000e+00
  0.00000000e+00  0.00000000e+00 -1.96036747e-07 -6.93782129e-08
  0.00000000e+00  0.00000000e+00  0.00000000e+00  3.57002495e-06]","[[ 6.16030363e-05  1.38359172e-03]
 [-5.65081504e-05  1.08088245e-03]]",[],0.0,0.0
1787564024.7101512,2.3447376735932144,1.2300120425505081,2.3586849279116517,"[ 2.76250326e-06 -7.00994566e-07  0.00000000e+00  0.00000000e+00
  0.00000000e+00 -1.96036747e-07 -7.00994566e-07  2.51466514e-06
  0.00000000e+00  0.00000000e+00  0.00000000e+00 -6.93782129e-08
  0.00000000e+00  0.00000000e+00  0.00000000e+00  0.00000000e+00
  0.00000000e+00  0.00000000e+00  0.00000000e+00  0.00000000e+00
  0.00000000e+00  0.00000000e+00  0.00000000e+00  0.00000000e+00
  0.00000000e+00  0.00000000e+00  0.00000000e+00  0.00000000e+00
  0.00000000e+00  0.00000000e+00 -1.96036747e-07 -6.93782129e-08
  0.00000000e+00  0.00000000e+00  0.00000000e+00  3.57002495e-06]","[[ 6.16030363e-05  1.38359172e-03]
 [-5.65081504e-05  1.08088245e-03]]",[],0.0,0.0
1787564024.7599938,2.3447376735932144,1.2300120425505081,2.3586849279116517,"[ 2.76250326e-06 -7.00994566e-07  0.00000000e+00  0.00000000e+00
  0.00000000e+00 -1.96036747e-07 -7.00994566e-07  2.51466514e-06
  0.00000000e+00  0.00000000e+00  0.00000000e+00 -6.93782129e-08
  0.00000000e+00  0.00000000e+00  0.00000000e+00  0.00000000e+00
  0.00000000e+00  0.00000000e+00  0.00000000e+00  0.00000000e+00
  0.00000000e+00  0.00000000e+00  0.00000000e+00  0.00000000e+00
  0.00000000e+00  0.00000000e+00  0.00000000e+00  0.00000000e+00
  0.00000000e+00  0.00000000e+00 -1.96036747e-07 -6.93782129e-08
  0.00000000e+00  0.00000000e+00  0.00000000e+00  3.57002495e-06]","[[ 6.16030363e-05  1.38359172e-03]
 [-5.65081504e-05  1.08088245e-03]]",[],0.0,0.0
1787564024.8117802,2.3447376735932144,1.2300120425505081,2.3586849279116517,"[ 2.76250326e-06 -7.00994566e-07  0.00000000e+00  0.00000000e+00
  0.00000000e+00 -1.96036747e-07 -7.00994566e-07  2.51466514e-06
  0.00000000e+00  0.00000000e+00  0.00000000e+00 -6.93782129e-08
  0.00000000e+00  0.00000000e+00  0.00000000e+00  0.00000000e+00
  0.00000000e+00  0.00000000e+00  0.00000000e+00  0.00000000e+00
  0.00000000e+00  0.00000000e+00  0.00000000e+00  0.00000000e+00
  0.00000000e+00  0.00000000e+00  0.00000000e+00  0.00000000e+00
  0.00000000e+00  0.00000000e+00 -1.96036747e-07 -6.93782129e-08
  0.00000000e+00  0.00000000e+00  0.00000000e+00  3.57002495e-06]","[[ 6.16030363e-05  1.38359172e-03]
 [-5.65081504e-05  1.08088245e-03]]",[],0.0,0.0
1787564024.859465,2.3447376735932144,1.2300120425505081,2.3586849279116517,"[ 2.76250326e-06 -7.00994566e-07  0.00000000e+00  0.00000000e+00
  0.00000000e+00 -1.96036747e-07 -7.00994566e-07  2.51466514e-06
  0.00000000e+00  0.00000000e+00  0.00000000e+00 -6.93782129e-08
  0.00000000e+00  0.00000000e+00  0.00000000e+00  0.00000000e+00
  0.00000000e+00  0.00000000e+00  0.00000000e+00  0.00000000e+00
  0.00000000e+00  0.00000000e+00  0.00000000e+00  0.00000000e+00
  0.00000000e+00  0.00000000e+00  0.00000000e+00  0.00000000e+00
  0.00000000e+00  0.00000000e+00 -1.96036747e-07 -6.93782129e-08
  0.00000000e+00  0.00000000e+00  0.00000000e+00  3.57002495e-06]","[[ 6.16030363e-05  1.38359172e-03]
 [-5.65081504e-05  1.08088245e-03]]",[],0.0,0.0
1787564024.909683,2.3464042614229466,1.2280812808553254,2.376044492888475,"[ 2.70631321e-06 -7.14223452e-07  0.00000000e+00  0.00000000e+00
  0.00000000e+00 -2.57365623e-07 -7.14223452e-07  2.45612925e-06
  0.00000000e+00  0.00000000e+00  0.00000000e+00 -1.89738111e-08
  0.00000000e+00  0.00000000e+00  0.00000000e+00  0.00000000e+00
  0.00000000e+00  0.00000000e+00  0.00000000e+00  0.00000000e+00
  0.00000000e+00  0.00000000e+00  0.00000000e+00  0.00000000e+00
  0.00000000e+00  0.00000000e+00  0.00000000e+00  0.00000000e+00
  0.00000000e+00  0.00000000e+00 -2.57365623e-07 -1.89738111e-08
  0.00000000e+00  0.00000000e+00  0.00000000e+00  3.40353803e-06]","[[ 6.08199630e-05  1.44855971e-03]
 [-5.57303508e-05  9.58343289e-04]]",[],0.0,0.0
1787564024.9659398,2.3464042614229466,1.2280812808553254,2.376044492888475,"[ 2.70631321e-06 -7.14223452e-07  0.00000000e+00  0.00000000e+00
  0.00000000e+00 -2.57365623e-07 -7.14223452e-07  2.45612925e-06
  0.00000000e+00  0.00000000e+00  0.00000000e+00 -1.89738111e-08
  0.00000000e+00  0.00000000e+00  0.00000000e+00  0.00000000e+00
  0.00000000e+00  0.00000000e+00  0.00000000e+00  0.00000000e+00
  0.00000000e+00  0.00000000e+00  0.00000000e+00  0.00000000e+00
  0.00000000e+00  0.00000000e+00  0.00000000e+00  0.00000000e+00
  0.00000000e+00  0.00000000e+00 -2.57365623e-07 -1.89738111e-08
  0.00000000e+00  0.00000000e+00  0.00000000e+00  3.40353803e-06]","[[ 6.08199630e-05  1.44855971e-03]
 [-5.57303508e-05  9.58343289e-04]]",[],0.0,0.0
1787564025.0099192,2.3464042614229466,1.2280812808553254,2.376044492888475,"[ 2.70631321e-06 -7.14223452e-07  0.00000000e+00  0.00000000e+00
  0.00000000e+00 -2.57365623e-07 -7.14223452e-07  2.45612925e-06
  0.00000000e+00  0.00000000e+00  0.00000000e+00 -1.89738111e-08
  0.00000000e+00  0.00000000e+00  0.00000000e+00  0.00000000e+00
  0.00000000e+00  0.00000000e+00  0.00000000e+00  0.00000000e+00
  0.00000000e+00  0.00000000e+00  0.00000000e+00  0.00000000e+00
  0.00000000e+00  0.00000000e+00  0.00000000e+00  0.00000000e+00
  0.00000000e+00  0.00000000e+00 -2.57365623e-07 -1.89738111e-08
  0.00000000e+00  0.00000000e+00  0.00000000e+00  3.40353803e-06]","[[ 6.08199630e-05  1.44855971e-03]
 [-5.57303508e-05  9.58343289e-04]]",[],0.0,0.0
1787564025.0595548,2.3464042614229466,1.2280812808553254,2.376044492888475,"[ 2.70631321e-06 -7.14223452e-07  0.00000000e+00  0.00000000e+00
  0.00000000e+00 -2.57365623e-07 -7.14223452e-07  2.45612925e-06
  0.00000000e+00  0.00000000e+00  0.00000000e+00 -1.89738111e-08
  0.00000000e+00  0.00000000e+00  0.00000000e+00  0.00000000e+00
  0.00000000e+00  0.00000000e+00  0.00000000e+00  0.00000000e+00
  0.00000000e+00  0.00000000e+00  0.00000000e+00  0.00000000e+00
  0.00000000e+00  0.00000000e+00  0.00000000e+00  0.00000000e+00
  0.00000000e+00  0.00000000e+00 -2.57365623e-07 -1.89738111e-08
  0.00000000e+00  0.00000000e+00  0.00000000e+00  3.40353803e-06]","[[ 6.08199630e-05  1.44855971e-03]
 [-5.57303508e-05  9.58343289e-04]]",[],0.0,0.0
1787564025.1097498,2.3464042614229466,1.2280812808553254,2.376044492888475,"[ 2.70631321e-06 -7.14223452e-07  0.00000000e+00  0.00000000e+00
  0.00000000e+00 -2.57365623e-07 -7.14223452e-07  2.45612925e-06
  0.00000000e+00  0.00000000e+00  0.00000000e+00 -1.89738111e-08
  0.00000000e+00  0.00000000e+00  0.00000000e+00  0.00000000e+00
  0.00000000e+00  0.00000000e+00  0.00000000e+00  0.00000000e+00
  0.00000000e+00  0.00000000e+00  0.00000000e+00  0.00000000e+00
  0.00000000e+00  0.00000000e+00  0.00000000e+00  0.00000000e+00
  0.00000000e+00  0.00000000e+00 -2.57365623e-07 -1.89738111e-08
  0.00000000e+00  0.00000000e+00  0.00000000e+00  3.40353803e-06]","[[ 6.08199630e-05  1.44855971e-03]
 [-5.57303508e-05  9.58343289e-04]]",[],0.0,0.0
1787564025.161276,2.3464042614229466,1.2280812808553254,2.376044492888475,"[ 2.70631321e-06 -7.14223452e-07  0.00000000e+00  0.00000000e+00
  0.00000000e+00 -2.57365623e-07 -7.14223452e-07  2.45612925e-06
  0.00000000e+00  0.00000000e+00  0.00000000e+00 -1.89738111e-08
  0.00000000e+00  0.00000000e+00  0.00000000e+00  0.00000000e+00
  0.00000000e+00  0.00000000e+00  0.00000000e+00  0.00000000e+00
  0.00000000e+00  0.00000000e+00  0.00000000e+00  0.00000000e+00
  0.00000000e+00  0.00000000e+00  0.00000000e+00  0.00000000e+00
  0.00000000e+00  0.00000000e+00 -2.57365623e-07 -1.89738111e-08
  0.00000000e+00  0.00000000e+00  0.00000000e+00  3.40353803e-06]","[[ 6.08199630e-05  1.44855971e-03]
 [-5.57303508e-05  9.58343289e-04]]",[],0.0,0.0
1787564025.210019,2.3464042614229466,1.2280812808553254,2.376044492888475,"[ 2.70631321e-06 -7.14223452e-07  0.00000000e+00  0.00000000e+00
  0.00000000e+00 -2.57365623e-07 -7.14223452e-07  2.45612925e-06
  0.00000000e+00  0.00000000e+00  0.00000000e+00 -1.89738111e-08
  0.00000000e+00  0.00000000e+00  0.00000000e+00  0.00000000e+00
  0.00000000e+00  0.00000000e+00  0.00000000e+00  0.00000000e+00
  0.00000000e+00  0.00000000e+00  0.00000000e+00  0.00000000e+00
  0.00000000e+00  0.00000000e+00  0.00000000e+00  0.00000000e+00
  0.00000000e+00  0.00000000e+00 -2.57365623e-07 -1.89738111e-08
  0.00000000e+00  0.00000000e+00  0.00000000e+00  3.40353803e-06]","[[ 6.08199630e-05  1.44855971e-03]
 [-5.57303508e-05  9.58343289e-04]]",[],0.0,0.0
1787564025.2671306,2.3464042614229466,1.2280812808553254,2.376044492888475,"[ 2.70631321e-06 -7.14223452e-07  0.00000000e+00  0.00000000e+00
  0.00000000e+00 -2.57365623e-07 -7.14223452e-07  2.45612925e-06
  0.00000000e+00  0.00000000e+00  0.00000000e+00 -1.89738111e-08
  0.00000000e+00  0.00000000e+00  0.00000000e+00  0.00000000e+00
  0.00000000e+00  0.00000000e+00  0.00000000e+00  0.00000000e+00
  0.00000000e+00  0.00000000e+00  0.00000000e+00  0.00000000e+00
  0.00000000e+00  0.00000000e+00  0.00000000e+00  0.00000000e+00
  0.00000000e+00  0.00000000e+00 -2.57365623e-07 -1.89738111e-08
  0.00000000e+00  0.00000000e+00  0.00000000e+00  3.40353803e-06]","[[ 6.08199630e-05  1.44855971e-03]
 [-5.57303508e-05  9.58343289e-04]]",[],0.0,0.0
1787564025.3102164,2.3464042614229466,1.2280812808553254,2.376044492888475,"[ 2.70631321e-06 -7.14223452e-07  0.00000000e+00  0.00000000e+00
  0.00000000e+00 -2.57365623e-07 -7.14223452e-07  2.45612925e-06
  0.00000000e+00  0.00000000e+00  0.00000000e+00 -1.89738111e-08
  0.00000000e+00  0.00000000e+00  0.00000000e+00  0.00000000e+00
  0.00000000e+00  0.00000000e+00  0.00000000e+00  0.00000000e+00
  0.00000000e+00  0.00000000e+00  0.00000000e+00  0.00000000e+00
  0.00000000e+00  0.00000000e+00  0.00000000e+00  0.00000000e+00
  0.00000000e+00  0.00000000e+00 -2.57365623e-07 -1.89738111e-08
  0.00000000e+00  0.00000000e+00  0.00000000e+00  3.40353803e-06]","[[ 6.08199630e-05  1.44855971e-03]
 [-5.57303508e-05  9.58343289e-04]]",[],0.0,0.0
1787564025.3601677,2.3464042614229466,1.2280812808553254,2.376044492888475,"[ 2.70631321e-06 -7.14223452e-07  0.00000000e+00  0.00000000e+00
  0.00000000e+00 -2.57365623e-07 -7.14223452e-07  2.45612925e-06
  0.00000000e+00  0.00000000e+00  0.00000000e+00 -1.89738111e-08
  0.00000000e+00  0.00000000e+00  0.00000000e+00  0.00000000e+00
  0.00000000e+00  0.00000000e+00  0.00000000e+00  0.00000000e+00
  0.00000000e+00  0.00000000e+00  0.00000000e+00  0.00000000e+00
  0.00000000e+00  0.00000000e+00  0.00000000e+00  0.00000000e+00
  0.00000000e+00  0.00000000e+00 -2.57365623e-07 -1.89738111e-08
  0.00000000e+00  0.00000000e+00  0.00000000e+00  3.40353803e-06]","[[ 6.08199630e-05  1.44855971e-03]
 [-5.57303508e-05  9.58343289e-04]]",[],0.0,0.0
1787564025.4147105,2.3464042614229466,1.2280812808553254,2.376044492888475,"[ 2.70631321e-06 -7.14223452e-07  0.00000000e+00  0.00000000e+00
  0.00000000e+00 -2.57365623e-07 -7.14223452e-07  2.45612925e-06
  0.00000000e+00  0.00000000e+00  0.00000000e+00 -1.89738111e-08
  0.00000000e+00  0.00000000e+00  0.00000000e+00  0.00000000e+00
  0.00000000e+00  0.00000000e+00  0.00000000e+00  0.00000000e+00
  0.00000000e+00  0.00000000e+00  0.00000000e+00  0.00000000e+00
  0.00000000e+00  0.00000000e+00  0.00000000e+00  0.00000000e+00
  0.00000000e+00  0.00000000e+00 -2.57365623e-07 -1.89738111e-08
  0.00000000e+00  0.00000000e+00  0.00000000e+00  3.40353803e-06]","[[ 6.08199630e-05  1.44855971e-03]
 [-5.57303508e-05  9.58343289e-04]]",[],0.0,0.0
1787564025.4601946,2.3464042614229466,1.2280812808553254,2.376044492888475,"[ 2.70631321e-06 -7.14223452e-07  0.00000000e+00  0.00000000e+00
  0.00000000e+00 -2.57365623e-07 -7.14223452e-07  2.45612925e-06
  0.00000000e+00  0.00000000e+00  0.00000000e+00 -1.89738111e-08
  0.00000000e+00  0.00000000e+00  0.00000000e+00  0.00000000e+00
  0.00000000e+00  0.00000000e+00  0.00000000e+00  0.00000000e+00
  0.00000000e+00  0.00000000e+00  0.00000000e+00  0.00000000e+00
  0.00000000e+00  0.00000000e+00  0.00000000e+00  0.00000000e+00
  0.00000000e+00  0.00000000e+00 -2.57365623e-07 -1.89738111e-08
  0.00000000e+00  0.00000000e+00  0.00000000e+00  3.40353803e-06]","[[ 6.08199630e-05  1.44855971e-03]
 [-5.57303508e-05  9.58343289e-04]]",[],0.0,0.0
1787564025.514034,2.3464042614229466,1.2280812808553254,2.376044492888475,"[ 2.70631321e-06 -7.14223452e-07  0.00000000e+00  0.00000000e+00
  0.00000000e+00 -2.57365623e-07 -7.14223452e-07  2.45612925e-06
  0.00000000e+00  0.00000000e+00  0.00000000e+00 -1.89738111e-08
  0.00000000e+00  0.00000000e+00  0.00000000e+00  0.00000000e+00
  0.00000000e+00  0.00000000e+00  0.00000000e+00  0.00000000e+00
  0.00000000e+00  0.00000000e+00  0.00000000e+00  0.00000000e+00
  0.00000000e+00  0.00000000e+00  0.00000000e+00  0.00000000e+00
  0.00000000e+00  0.00000000e+00 -2.57365623e-07 -1.89738111e-08
  0.00000000e+00  0.00000000e+00  0.00000000e+00  3.40353803e-06]","[[ 6.08199630e-05  1.44855971e-03]
 [-5.57303508e-05  9.58343289e-04]]",[],0.0,0.0
1787564025.5620296,2.3464042614229466,1.2280812808553254,2.376044492888475,"[ 2.70631321e-06 -7.14223452e-07  0.00000000e+00  0.00000000e+00
  0.00000000e+00 -2.57365623e-07 -7.14223452e-07  2.45612925e-06
  0.00000000e+00  0.00000000e+00  0.00000000e+00 -1.89738111e-08
  0.00000000e+00  0.00000000e+00  0.00000000e+00  0.00000000e+00
  0.00000000e+00  0.00000000e+00  0.00000000e+00  0.00000000e+00
  0.00000000e+00  0.00000000e+00  0.00000000e+00  0.00000000e+00
  0.00000000e+00  0.00000000e+00  0.00000000e+00  0.00000000e+00
  0.00000000e+00  0.00000000e+00 -2.57365623e-07 -1.89738111e-08
  0.00000000e+00  0.00000000e+00  0.00000000e+00  3.40353803e-06]","[[ 6.08199630e-05  1.44855971e-03]
 [-5.57303508e-05  9.58343289e-04]]",[],0.0,0.0
1787564025.6121552,2.347489042058017,1.2262563555110784,2.3810800927977454,"[ 2.64759001e-06 -7.16265940e-07  0.00000000e+00  0.00000000e+00
  0.00000000e+00 -2.25474724e-07 -7.16265940e-07  2.40024036e-06
  0.00000000e+00  0.00000000e+00  0.00000000e+00 -2.21919490e-08
  0.00000000e+00  0.00000000e+00  0.00000000e+00  0.00000000e+00
  0.00000000e+00  0.00000000e+00  0.00000000e+00  0.00000000e+00
  0.00000000e+00  0.00000000e+00  0.00000000e+00  0.00000000e+00
  0.00000000e+00  0.00000000e+00  0.00000000e+00  0.00000000e+00
  0.00000000e+00  0.00000000e+00 -2.25474724e-07 -2.21919490e-08
  0.00000000e+00  0.00000000e+00  0.00000000e+00  3.41952368e-06]","[[ 5.98039931e-05  1.36340229e-03]
 [-5.47917472e-05  9.31939878e-04]]",[],0.0,0.0
1787564025.660412,2.347489042058017,1.2262563555110784,2.3810800927977454,"[ 2.64759001e-06 -7.16265940e-07  0.00000000e+00  0.00000000e+00
  0.00000000e+00 -2.25474724e-07 -7.16265940e-07  2.40024036e-06
  0.00000000e+00  0.00000000e+00  0.00000000e+00 -2.21919490e-08
  0.00000000e+00  0.00000000e+00  0.00000000e+00  0.00000000e+00
  0.00000000e+00  0.00000000e+00  0.00000000e+00  0.00000000e+00
  0.00000000e+00  0.00000000e+00  0.00000000e+00  0.00000000e+00
  0.00000000e+00  0.00000000e+00  0.00000000e+00  0.00000000e+00
  0.00000000e+00  0.00000000e+00 -2.25474724e-07 -2.21919490e-08
  0.00000000e+00  0.00000000e+00  0.00000000e+00  3.41952368e-06]","[[ 5.98039931e-05  1.36340229e-03]
 [-5.47917472e-05  9.31939878e-04]]",[],0.0,0.0
1787564025.7153888,2.347489042058017,1.2262563555110784,2.3810800927977454,"[ 2.64759001e-06 -7.16265940e-07  0.00000000e+00  0.00000000e+00
  0.00000000e+00 -2.25474724e-07 -7.16265940e-07  2.40024036e-06
  0.00000000e+00  0.00000000e+00  0.00000000e+00 -2.21919490e-08
  0.00000000e+00  0.00000000e+00  0.00000000e+00  0.00000000e+00
  0.00000000e+00  0.00000000e+00  0.00000000e+00  0.00000000e+00
  0.00000000e+00  0.00000000e+00  0.00000000e+00  0.00000000e+00
  0.00000000e+00  0.00000000e+00  0.00000000e+00  0.00000000e+00
  0.00000000e+00  0.00000000e+00 -2.25474724e-07 -2.21919490e-08
  0.00000000e+00  0.00000000e+00  0.00000000e+00  3.41952368e-06]","[[ 5.98039931e-05  1.36340229e-03]
 [-5.47917472e-05  9.31939878e-04]]",[],0.0,0.0
1787564025.759883,2.347489042058017,1.2262563555110784,2.3810800927977454,"[ 2.64759001e-06 -7.16265940e-07  0.00000000e+00  0.00000000e+00
  0.00000000e+00 -2.25474724e-07 -7.16265940e-07  2.40024036e-06
  0.00000000e+00  0.00000000e+00  0.00000000e+00 -2.21919490e-08
  0.00000000e+00  0.00000000e+00  0.00000000e+00  0.00000000e+00
  0.00000000e+00  0.00000000e+00  0.00000000e+00  0.00000000e+00
  0.00000000e+00  0.00000000e+00  0.00000000e+00  0.00000000e+00
  0.00000000e+00  0.00000000e+00  0.00000000e+00  0.00000000e+00
  0.00000000e+00  0.00000000e+00 -2.25474724e-07 -2.21919490e-08
  0.00000000e+00  0.00000000e+00  0.00000000e+00  3.41952368e-06]","[[ 5.98039931e-05  1.36340229e-03]
 [-5.47917472e-05  9.31939878e-04]]",[],0.0,0.0
1787564025.8108733,2.347489042058017,1.2262563555110784,2.3810800927977454,"[ 2.64759001e-06 -7.16265940e-07  0.00000000e+00  0.00000000e+00
  0.00000000e+00 -2.25474724e-07 -7.16265940e-07  2.40024036e-06
  0.00000000e+00  0.00000000e+00  0.00000000e+00 -2.21919490e-08
  0.00000000e+00  0.00000000e+00  0.00000000e+00  0.00000000e+00
  0.00000000e+00  0.00000000e+00  0.00000000e+00  0.00000000e+00
  0.00000000e+00  0.00000000e+00  0.00000000e+00  0.00000000e+00
  0.00000000e+00  0.00000000e+00  0.00000000e+00  0.00000000e+00
  0.00000000e+00  0.00000000e+00 -2.25474724e-07 -2.21919490e-08
  0.00000000e+00  0.00000000e+00  0.00000000e+00  3.41952368e-06]","[[ 5.98039931e-05  1.36340229e-03]
 [-5.47917472e-05  9.31939878e-04]]",[],0.0,0.0
1787564025.866707,2.347489042058017,1.2262563555110784,2.3810800927977454,"[ 2.64759001e-06 -7.16265940e-07  0.00000000e+00  0.00000000e+00
  0.00000000e+00 -2.25474724e-07 -7.16265940e-07  2.40024036e-06
  0.00000000e+00  0.00000000e+00  0.00000000e+00 -2.21919490e-08
  0.00000000e+00  0.00000000e+00  0.00000000e+00  0.00000000e+00
  0.00000000e+00  0.00000000e+00  0.00000000e+00  0.00000000e+00
  0.00000000e+00  0.00000000e+00  0.00000000e+00  0.00000000e+00
  0.00000000e+00  0.00000000e+00  0.00000000e+00  0.00000000e+00
  0.00000000e+00  0.00000000e+00 -2.25474724e-07 -2.21919490e-08
  0.00000000e+00  0.00000000e+00  0.00000000e+00  3.41952368e-06]","[[ 5.98039931e-05  1.36340229e-03]
 [-5.47917472e-05  9.31939878e-04]]",[],0.0,0.0
1787564025.915132,2.347489042058017,1.2262563555110784,2.3810800927977454,"[ 2.64759001e-06 -7.16265940e-07  0.00000000e+00  0.00000000e+00
  0.00000000e+00 -2.25474724e-07 -7.16265940e-07  2.40024036e-06
  0.00000000e+00  0.00000000e+00  0.00000000e+00 -2.21919490e-08
  0.00000000e+00  0.00000000e+00  0.00000000e+00  0.00000000e+00
  0.00000000e+00  0.00000000e+00  0.00000000e+00  0.00000000e+00
  0.00000000e+00  0.00000000e+00  0.00000000e+00  0.00000000e+00
  0.00000000e+00  0.00000000e+00  0.00000000e+00  0.00000000e+00
  0.00000000e+00  0.00000000e+00 -2.25474724e-07 -2.21919490e-08
  0.00000000e+00  0.00000000e+00  0.00000000e+00  3.41952368e-06]","[[ 5.98039931e-05  1.36340229e-03]
 [-5.47917472e-05  9.31939878e-04]]",[],0.0,0.0
1787564025.965954,2.347489042058017,1.2262563555110784,2.3810800927977454,"[ 2.64759001e-06 -7.16265940e-07  0.00000000e+00  0.00000000e+00
  0.00000000e+00 -2.25474724e-07 -7.16265940e-07  2.40024036e-06
  0.00000000e+00  0.00000000e+00  0.00000000e+00 -2.21919490e-08
  0.00000000e+00  0.00000000e+00  0.00000000e+00  0.00000000e+00
  0.00000000e+00  0.00000000e+00  0.00000000e+00  0.00000000e+00
  0.00000000e+00  0.00000000e+00  0.00000000e+00  0.00000000e+00
  0.00000000e+00  0.00000000e+00  0.00000000e+00  0.00000000e+00
  0.00000000e+00  0.00000000e+00 -2.25474724e-07 -2.21919490e-08
  0.00000000e+00  0.00000000e+00  0.00000000e+00  3.41952368e-06]","[[ 5.98039931e-05  1.36340229e-03]
 [-5.47917472e-05  9.31939878e-04]]",[],0.0,0.0
1787564026.010151,2.347489042058017,1.2262563555110784,2.3810800927977454,"[ 2.64759001e-06 -7.16265940e-07  0.00000000e+00  0.00000000e+00
  0.00000000e+00 -2.25474724e-07 -7.16265940e-07  2.40024036e-06
  0.00000000e+00  0.00000000e+00  0.00000000e+00 -2.21919490e-08
  0.00000000e+00  0.00000000e+00  0.00000000e+00  0.00000000e+00
  0.00000000e+00  0.00000000e+00  0.00000000e+00  0.00000000e+00
  0.00000000e+00  0.00000000e+00  0.00000000e+00  0.00000000e+00
  0.00000000e+00  0.00000000e+00  0.00000000e+00  0.00000000e+00
  0.00000000e+00  0.00000000e+00 -2.25474724e-07 -2.21919490e-08
  0.00000000e+00  0.00000000e+00  0.00000000e+00  3.41952368e-06]","[[ 5.98039931e-05  1.36340229e-03]
 [-5.47917472e-05  9.31939878e-04]]",[],0.0,0.0
1787564026.06009,2.347489042058017,1.2262563555110784,2.3810800927977454,"[ 2.64759001e-06 -7.16265940e-07  0.00000000e+00  0.00000000e+00
  0.00000000e+00 -2.25474724e-07 -7.16265940e-07  2.40024036e-06
  0.00000000e+00  0.00000000e+00  0.00000000e+00 -2.21919490e-08
  0.00000000e+00  0.00000000e+00  0.00000000e+00  0.00000000e+00
  0.00000000e+00  0.00000000e+00  0.00000000e+00  0.00000000e+00
  0.00000000e+00  0.00000000e+00  0.00000000e+00  0.00000000e+00
  0.00000000e+00  0.00000000e+00  0.00000000e+00  0.00000000e+00
  0.00000000e+00  0.00000000e+00 -2.25474724e-07 -2.21919490e-08
  0.00000000e+00  0.00000000e+00  0.00000000e+00  3.41952368e-06]","[[ 5.98039931e-05  1.36340229e-03]
 [-5.47917472e-05  9.31939878e-04]]",[],0.0,0.0
1787564026.1098607,2.347489042058017,1.2262563555110784,2.3810800927977454,"[ 2.64759001e-06 -7.16265940e-07  0.00000000e+00  0.00000000e+00
  0.00000000e+00 -2.25474724e-07 -7.16265940e-07  2.40024036e-06
  0.00000000e+00  0.00000000e+00  0.00000000e+00 -2.21919490e-08
  0.00000000e+00  0.00000000e+00  0.00000000e+00  0.00000000e+00
  0.00000000e+00  0.00000000e+00  0.00000000e+00  0.00000000e+00
  0.00000000e+00  0.00000000e+00  0.00000000e+00  0.00000000e+00
  0.00000000e+00  0.00000000e+00  0.00000000e+00  0.00000000e+00
  0.00000000e+00  0.00000000e+00 -2.25474724e-07 -2.21919490e-08
  0.00000000e+00  0.00000000e+00  0.00000000e+00  3.41952368e-06]","[[ 5.98039931e-05  1.36340229e-03]
 [-5.47917472e-05  9.31939878e-04]]",[],0.0,0.0
1787564026.159747,2.347489042058017,1.2262563555110784,2.3810800927977454,"[ 2.64759001e-06 -7.16265940e-07  0.00000000e+00  0.00000000e+00
  0.00000000e+00 -2.25474724e-07 -7.16265940e-07  2.40024036e-06
  0.00000000e+00  0.00000000e+00  0.00000000e+00 -2.21919490e-08
  0.00000000e+00  0.00000000e+00  0.00000000e+00  0.00000000e+00
  0.00000000e+00  0.00000000e+00  0.00000000e+00  0.00000000e+00
  0.00000000e+00  0.00000000e+00  0.00000000e+00  0.00000000e+00
  0.00000000e+00  0.00000000e+00  0.00000000e+00  0.00000000e+00
  0.00000000e+00  0.00000000e+00 -2.25474724e-07 -2.21919490e-08
  0.00000000e+00  0.00000000e+00  0.00000000e+00  3.41952368e-06]","[[ 5.98039931e-05  1.36340229e-03]
 [-5.47917472e-05  9.31939878e-04]]",[],0.0,0.0
1787564026.2117724,2.347489042058017,1.2262563555110784,2.3810800927977454,"[ 2.64759001e-06 -7.16265940e-07  0.00000000e+00  0.00000000e+00
  0.00000000e+00 -2.25474724e-07 -7.16265940e-07  2.40024036e-06
  0.00000000e+00  0.00000000e+00  0.00000000e+00 -2.21919490e-08
  0.00000000e+00  0.00000000e+00  0.00000000e+00  0.00000000e+00
  0.00000000e+00  0.00000000e+00  0.00000000e+00  0.00000000e+00
  0.00000000e+00  0.00000000e+00  0.00000000e+00  0.00000000e+00
  0.00000000e+00  0.00000000e+00  0.00000000e+00  0.00000000e+00
  0.00000000e+00  0.00000000e+00 -2.25474724e-07 -2.21919490e-08
  0.00000000e+00  0.00000000e+00  0.00000000e+00  3.41952368e-06]","[[ 5.98039931e-05  1.36340229e-03]
 [-5.47917472e-05  9.31939878e-04]]",[],0.0,0.0
1787564026.2601306,2.347489042058017,1.2262563555110784,2.3810800927977454,"[ 2.64759001e-06 -7.16265940e-07  0.00000000e+00  0.00000000e+00
  0.00000000e+00 -2.25474724e-07 -7.16265940e-07  2.40024036e-06
  0.00000000e+00  0.00000000e+00  0.00000000e+00 -2.21919490e-08
  0.00000000e+00  0.00000000e+00  0.00000000e+00  0.00000000e+00
  0.00000000e+00  0.00000000e+00  0.00000000e+00  0.00000000e+00
  0.00000000e+00  0.00000000e+00  0.00000000e+00  0.00000000e+00
  0.00000000e+00  0.00000000e+00  0.00000000e+00  0.00000000e+00
  0.00000000e+00  0.00000000e+00 -2.25474724e-07 -2.21919490e-08
  0.00000000e+00  0.00000000e+00  0.00000000e+00  3.41952368e-06]","[[ 5.98039931e-05  1.36340229e-03]
 [-5.47917472e-05  9.31939878e-04]]",[],0.0,0.0
1787564026.3095467,2.348857986641532,1.225016906809073,2.383126248029672,"[ 2.60543602e-06 -7.26189560e-07  0.00000000e+00  0.00000000e+00
  0.00000000e+00 -2.09999135e-07 -7.26189560e-07  2.35612087e-06
  0.00000000e+00  0.00000000e+00  0.00000000e+00 -5.12562433e-08
  0.00000000e+00  0.00000000e+00  0.00000000e+00  0.00000000e+00
  0.00000000e+00  0.00000000e+00  0.00000000e+00  0.00000000e+00
  0.00000000e+00  0.00000000e+00  0.00000000e+00  0.00000000e+00
  0.00000000e+00  0.00000000e+00  0.00000000e+00  0.00000000e+00
  0.00000000e+00  0.00000000e+00 -2.09999135e-07 -5.12562433e-08
  0.00000000e+00  0.00000000e+00  0.00000000e+00  3.57952675e-06]","[[ 5.92171306e-05  1.31033462e-03]
 [-5.42039584e-05  9.50444379e-04]]",[],0.0,0.0
1787564026.3604255,2.348857986641532,1.225016906809073,2.383126248029672,"[ 2.60543602e-06 -7.26189560e-07  0.00000000e+00  0.00000000e+00
  0.00000000e+00 -2.09999135e-07 -7.26189560e-07  2.35612087e-06
  0.00000000e+00  0.00000000e+00  0.00000000e+00 -5.12562433e-08
  0.00000000e+00  0.00000000e+00  0.00000000e+00  0.00000000e+00
  0.00000000e+00  0.00000000e+00  0.00000000e+00  0.00000000e+00
  0.00000000e+00  0.00000000e+00  0.00000000e+00  0.00000000e+00
  0.00000000e+00  0.00000000e+00  0.00000000e+00  0.00000000e+00
  0.00000000e+00  0.00000000e+00 -2.09999135e-07 -5.12562433e-08
  0.00000000e+00  0.00000000e+00  0.00000000e+00  3.57952675e-06]","[[ 5.92171306e-05  1.31033462e-03]
 [-5.42039584e-05  9.50444379e-04]]",[],0.0,0.0
1787564026.4128165,2.348857986641532,1.225016906809073,2.383126248029672,"[ 2.60543602e-06 -7.26189560e-07  0.00000000e+00  0.00000000e+00
  0.00000000e+00 -2.09999135e-07 -7.26189560e-07  2.35612087e-06
  0.00000000e+00  0.00000000e+00  0.00000000e+00 -5.12562433e-08
  0.00000000e+00  0.00000000e+00  0.00000000e+00  0.00000000e+00
  0.00000000e+00  0.00000000e+00  0.00000000e+00  0.00000000e+00
  0.00000000e+00  0.00000000e+00  0.00000000e+00  0.00000000e+00
  0.00000000e+00  0.00000000e+00  0.00000000e+00  0.00000000e+00
  0.00000000e+00  0.00000000e+00 -2.09999135e-07 -5.12562433e-08
  0.00000000e+00  0.00000000e+00  0.00000000e+00  3.57952675e-06]","[[ 5.92171306e-05  1.31033462e-03]
 [-5.42039584e-05  9.50444379e-04]]",[],0.0,0.0
1787564026.4601054,2.348857986641532,1.225016906809073,2.383126248029672,"[ 2.60543602e-06 -7.26189560e-07  0.00000000e+00  0.00000000e+00
  0.00000000e+00 -2.09999135e-07 -7.26189560e-07  2.35612087e-06
  0.00000000e+00  0.00000000e+00  0.00000000e+00 -5.12562433e-08
  0.00000000e+00  0.00000000e+00  0.00000000e+00  0.00000000e+00
  0.00000000e+00  0.00000000e+00  0.00000000e+00  0.00000000e+00
  0.00000000e+00  0.00000000e+00  0.00000000e+00  0.00000000e+00
  0.00000000e+00  0.00000000e+00  0.00000000e+00  0.00000000e+00
  0.00000000e+00  0.00000000e+00 -2.09999135e-07 -5.12562433e-08
  0.00000000e+00  0.00000000e+00  0.00000000e+00  3.57952675e-06]","[[ 5.92171306e-05  1.31033462e-03]
 [-5.42039584e-05  9.50444379e-04]]",[],0.0,0.0
1787564026.5108497,2.348857986641532,1.225016906809073,2.383126248029672,"[ 2.60543602e-06 -7.26189560e-07  0.00000000e+00  0.00000000e+00
  0.00000000e+00 -2.09999135e-07 -7.26189560e-07  2.35612087e-06
  0.00000000e+00  0.00000000e+00  0.00000000e+00 -5.12562433e-08
  0.00000000e+00  0.00000000e+00  0.00000000e+00  0.00000000e+00
  0.00000000e+00  0.00000000e+00  0.00000000e+00  0.00000000e+00
  0.00000000e+00  0.00000000e+00  0.00000000e+00  0.00000000e+00
  0.00000000e+00  0.00000000e+00  0.00000000e+00  0.00000000e+00
  0.00000000e+00  0.00000000e+00 -2.09999135e-07 -5.12562433e-08
  0.00000000e+00  0.00000000e+00  0.00000000e+00  3.57952675e-06]","[[ 5.92171306e-05  1.31033462e-03]
 [-5.42039584e-05  9.50444379e-04]]",[],0.0,0.0
1787564026.5605824,2.348857986641532,1.225016906809073,2.383126248029672,"[ 2.60543602e-06 -7.26189560e-07  0.00000000e+00  0.00000000e+00
  0.00000000e+00 -2.09999135e-07 -7.26189560e-07  2.35612087e-06
  0.00000000e+00  0.00000000e+00  0.00000000e+00 -5.12562433e-08
  0.00000000e+00  0.00000000e+00  0.00000000e+00  0.00000000e+00
  0.00000000e+00  0.00000000e+00  0.00000000e+00  0.00000000e+00
  0.00000000e+00  0.00000000e+00  0.00000000e+00  0.00000000e+00
  0.00000000e+00  0.00000000e+00  0.00000000e+00  0.00000000e+00
  0.00000000e+00  0.00000000e+00 -2.09999135e-07 -5.12562433e-08
  0.00000000e+00  0.00000000e+00  0.00000000e+00  3.57952675e-06]","[[ 5.92171306e-05  1.31033462e-03]
 [-5.42039584e-05  9.50444379e-04]]",[],0.0,0.0
1787564026.6118894,2.348857986641532,1.225016906809073,2.383126248029672,"[ 2.60543602e-06 -7.26189560e-07  0.00000000e+00  0.00000000e+00
  0.00000000e+00 -2.09999135e-07 -7.26189560e-07  2.35612087e-06
  0.00000000e+00  0.00000000e+00  0.00000000e+00 -5.12562433e-08
  0.00000000e+00  0.00000000e+00  0.00000000e+00  0.00000000e+00
  0.00000000e+00  0.00000000e+00  0.00000000e+00  0.00000000e+00
  0.00000000e+00  0.00000000e+00  0.00000000e+00  0.00000000e+00
  0.00000000e+00  0.00000000e+00  0.00000000e+00  0.00000000e+00
  0.00000000e+00  0.00000000e+00 -2.09999135e-07 -5.12562433e-08
  0.00000000e+00  0.00000000e+00  0.00000000e+00  3.57952675e-06]","[[ 5.92171306e-05  1.31033462e-03]
 [-5.42039584e-05  9.50444379e-04]]",[],0.0,0.0
1787564026.674702,2.348857986641532,1.225016906809073,2.383126248029672,"[ 2.60543602e-06 -7.26189560e-07  0.00000000e+00  0.00000000e+00
  0.00000000e+00 -2.09999135e-07 -7.26189560e-07  2.35612087e-06
  0.00000000e+00  0.00000000e+00  0.00000000e+00 -5.12562433e-08
  0.00000000e+00  0.00000000e+00  0.00000000e+00  0.00000000e+00
  0.00000000e+00  0.00000000e+00  0.00000000e+00  0.00000000e+00
  0.00000000e+00  0.00000000e+00  0.00000000e+00  0.00000000e+00
  0.00000000e+00  0.00000000e+00  0.00000000e+00  0.00000000e+00
  0.00000000e+00  0.00000000e+00 -2.09999135e-07 -5.12562433e-08
  0.00000000e+00  0.00000000e+00  0.00000000e+00  3.57952675e-06]","[[ 5.92171306e-05  1.31033462e-03]
 [-5.42039584e-05  9.50444379e-04]]",[],0.0,0.0
1787564026.710051,2.348857986641532,1.225016906809073,2.383126248029672,"[ 2.60543602e-06 -7.26189560e-07  0.00000000e+00  0.00000000e+00
  0.00000000e+00 -2.09999135e-07 -7.26189560e-07  2.35612087e-06
  0.00000000e+00  0.00000000e+00  0.00000000e+00 -5.12562433e-08
  0.00000000e+00  0.00000000e+00  0.00000000e+00  0.00000000e+00
  0.00000000e+00  0.00000000e+00  0.00000000e+00  0.00000000e+00
  0.00000000e+00  0.00000000e+00  0.00000000e+00  0.00000000e+00
  0.00000000e+00  0.00000000e+00  0.00000000e+00  0.00000000e+00
  0.00000000e+00  0.00000000e+00 -2.09999135e-07 -5.12562433e-08
  0.00000000e+00  0.00000000e+00  0.00000000e+00  3.57952675e-06]","[[ 5.92171306e-05  1.31033462e-03]
 [-5.42039584e-05  9.50444379e-04]]",[],0.0,0.0
1787564026.760049,2.348857986641532,1.225016906809073,2.383126248029672,"[ 2.60543602e-06 -7.26189560e-07  0.00000000e+00  0.00000000e+00
  0.00000000e+00 -2.09999135e-07 -7.26189560e-07  2.35612087e-06
  0.00000000e+00  0.00000000e+00  0.00000000e+00 -5.12562433e-08
  0.00000000e+00  0.00000000e+00  0.00000000e+00  0.00000000e+00
  0.00000000e+00  0.00000000e+00  0.00000000e+00  0.00000000e+00
  0.00000000e+00  0.00000000e+00  0.00000000e+00  0.00000000e+00
  0.00000000e+00  0.00000000e+00  0.00000000e+00  0.00000000e+00
  0.00000000e+00  0.00000000e+00 -2.09999135e-07 -5.12562433e-08
  0.00000000e+00  0.00000000e+00  0.00000000e+00  3.57952675e-06]","[[ 5.92171306e-05  1.31033462e-03]
 [-5.42039584e-05  9.50444379e-04]]",[],0.0,0.0
1787564026.8112574,2.348857986641532,1.225016906809073,2.383126248029672,"[ 2.60543602e-06 -7.26189560e-07  0.00000000e+00  0.00000000e+00
  0.00000000e+00 -2.09999135e-07 -7.26189560e-07  2.35612087e-06
  0.00000000e+00  0.00000000e+00  0.00000000e+00 -5.12562433e-08
  0.00000000e+00  0.00000000e+00  0.00000000e+00  0.00000000e+00
  0.00000000e+00  0.00000000e+00  0.00000000e+00  0.00000000e+00
  0.00000000e+00  0.00000000e+00  0.00000000e+00  0.00000000e+00
  0.00000000e+00  0.00000000e+00  0.00000000e+00  0.00000000e+00
  0.00000000e+00  0.00000000e+00 -2.09999135e-07 -5.12562433e-08
  0.00000000e+00  0.00000000e+00  0.00000000e+00  3.57952675e-06]","[[ 5.92171306e-05  1.31033462e-03]
 [-5.42039584e-05  9.50444379e-04]]",[],0.0,0.0
1787564026.8598764,2.348857986641532,1.225016906809073,2.383126248029672,"[ 2.60543602e-06 -7.26189560e-07  0.00000000e+00  0.00000000e+00
  0.00000000e+00 -2.09999135e-07 -7.26189560e-07  2.35612087e-06
  0.00000000e+00  0.00000000e+00  0.00000000e+00 -5.12562433e-08
  0.00000000e+00  0.00000000e+00  0.00000000e+00  0.00000000e+00
  0.00000000e+00  0.00000000e+00  0.00000000e+00  0.00000000e+00
  0.00000000e+00  0.00000000e+00  0.00000000e+00  0.00000000e+00
  0.00000000e+00  0.00000000e+00  0.00000000e+00  0.00000000e+00
  0.00000000e+00  0.00000000e+00 -2.09999135e-07 -5.12562433e-08
  0.00000000e+00  0.00000000e+00  0.00000000e+00  3.57952675e-06]","[[ 5.92171306e-05  1.31033462e-03]
 [-5.42039584e-05  9.50444379e-04]]",[],0.0,0.0
1787564026.9097629,2.348857986641532,1.225016906809073,2.383126248029672,"[ 2.60543602e-06 -7.26189560e-07  0.00000000e+00  0.00000000e+00
  0.00000000e+00 -2.09999135e-07 -7.26189560e-07  2.35612087e-06
  0.00000000e+00  0.00000000e+00  0.00000000e+00 -5.12562433e-08
  0.00000000e+00  0.00000000e+00  0.00000000e+00  0.00000000e+00
  0.00000000e+00  0.00000000e+00  0.00000000e+00  0.00000000e+00
  0.00000000e+00  0.00000000e+00  0.00000000e+00  0.00000000e+00
  0.00000000e+00  0.00000000e+00  0.00000000e+00  0.00000000e+00
  0.00000000e+00  0.00000000e+00 -2.09999135e-07 -5.12562433e-08
  0.00000000e+00  0.00000000e+00  0.00000000e+00  3.57952675e-06]","[[ 5.92171306e-05  1.31033462e-03]
 [-5.42039584e-05  9.50444379e-04]]",[],0.0,0.0
1787564026.9603546,2.348857986641532,1.225016906809073,2.383126248029672,"[ 2.60543602e-06 -7.26189560e-07  0.00000000e+00  0.00000000e+00
  0.00000000e+00 -2.09999135e-07 -7.26189560e-07  2.35612087e-06
  0.00000000e+00  0.00000000e+00  0.00000000e+00 -5.12562433e-08
  0.00000000e+00  0.00000000e+00  0.00000000e+00  0.00000000e+00
  0.00000000e+00  0.00000000e+00  0.00000000e+00  0.00000000e+00
  0.00000000e+00  0.00000000e+00  0.00000000e+00  0.00000000e+00
  0.00000000e+00  0.00000000e+00  0.00000000e+00  0.00000000e+00
  0.00000000e+00  0.00000000e+00 -2.09999135e-07 -5.12562433e-08
  0.00000000e+00  0.00000000e+00  0.00000000e+00  3.57952675e-06]","[[ 5.92171306e-05  1.31033462e-03]
 [-5.42039584e-05  9.50444379e-04]]",[],0.0,0.0
1787564027.009971,2.3495862077008414,1.223167306745903,2.392295750355192,"[ 2.56934823e-06 -7.39226274e-07  0.00000000e+00  0.00000000e+00
  0.00000000e+00 -2.10702722e-07 -7.39226274e-07  2.31088389e-06
  0.00000000e+00  0.00000000e+00  0.00000000e+00 -1.31233904e-08
  0.00000000e+00  0.00000000e+00  0.00000000e+00  0.00000000e+00
  0.00000000e+00  0.00000000e+00  0.00000000e+00  0.00000000e+00
  0.00000000e+00  0.00000000e+00  0.00000000e+00  0.00000000e+00
  0.00000000e+00  0.00000000e+00  0.00000000e+00  0.00000000e+00
  0.00000000e+00  0.00000000e+00 -2.10702722e-07 -1.31233904e-08
  0.00000000e+00  0.00000000e+00  0.00000000e+00  3.46648266e-06]","[[ 5.88022176e-05  1.28517124e-03]
 [-5.36438969e-05  8.56186297e-04]]",[],0.0,0.0
1787564027.0667894,2.3495862077008414,1.223167306745903,2.392295750355192,"[ 2.56934823e-06 -7.39226274e-07  0.00000000e+00  0.00000000e+00
  0.00000000e+00 -2.10702722e-07 -7.39226274e-07  2.31088389e-06
  0.00000000e+00  0.00000000e+00  0.00000000e+00 -1.31233904e-08
  0.00000000e+00  0.00000000e+00  0.00000000e+00  0.00000000e+00
  0.00000000e+00  0.00000000e+00  0.00000000e+00  0.00000000e+00
  0.00000000e+00  0.00000000e+00  0.00000000e+00  0.00000000e+00
  0.00000000e+00  0.00000000e+00  0.00000000e+00  0.00000000e+00
  0.00000000e+00  0.00000000e+00 -2.10702722e-07 -1.31233904e-08
  0.00000000e+00  0.00000000e+00  0.00000000e+00  3.46648266e-06]","[[ 5.88022176e-05  1.28517124e-03]
 [-5.36438969e-05  8.56186297e-04]]",[],0.0,0.0
1787564027.1147656,2.3495862077008414,1.223167306745903,2.392295750355192,"[ 2.56934823e-06 -7.39226274e-07  0.00000000e+00  0.00000000e+00
  0.00000000e+00 -2.10702722e-07 -7.39226274e-07  2.31088389e-06
  0.00000000e+00  0.00000000e+00  0.00000000e+00 -1.31233904e-08
  0.00000000e+00  0.00000000e+00  0.00000000e+00  0.00000000e+00
  0.00000000e+00  0.00000000e+00  0.00000000e+00  0.00000000e+00
  0.00000000e+00  0.00000000e+00  0.00000000e+00  0.00000000e+00
  0.00000000e+00  0.00000000e+00  0.00000000e+00  0.00000000e+00
  0.00000000e+00  0.00000000e+00 -2.10702722e-07 -1.31233904e-08
  0.00000000e+00  0.00000000e+00  0.00000000e+00  3.46648266e-06]","[[ 5.88022176e-05  1.28517124e-03]
 [-5.36438969e-05  8.56186297e-04]]",[],0.0,0.0
1787564027.1641886,2.3495862077008414,1.223167306745903,2.392295750355192,"[ 2.56934823e-06 -7.39226274e-07  0.00000000e+00  0.00000000e+00
  0.00000000e+00 -2.10702722e-07 -7.39226274e-07  2.31088389e-06
  0.00000000e+00  0.00000000e+00  0.00000000e+00 -1.31233904e-08
  0.00000000e+00  0.00000000e+00  0.00000000e+00  0.00000000e+00
  0.00000000e+00  0.00000000e+00  0.00000000e+00  0.00000000e+00
  0.00000000e+00  0.00000000e+00  0.00000000e+00  0.00000000e+00
  0.00000000e+00  0.00000000e+00  0.00000000e+00  0.00000000e+00
  0.00000000e+00  0.00000000e+00 -2.10702722e-07 -1.31233904e-08
  0.00000000e+00  0.00000000e+00  0.00000000e+00  3.46648266e-06]","[[ 5.88022176e-05  1.28517124e-03]
 [-5.36438969e-05  8.56186297e-04]]",[],0.0,0.0
1787564027.209988,2.3495862077008414,1.223167306745903,2.392295750355192,"[ 2.56934823e-06 -7.39226274e-07  0.00000000e+00  0.00000000e+00
  0.00000000e+00 -2.10702722e-07 -7.39226274e-07  2.31088389e-06
  0.00000000e+00  0.00000000e+00  0.00000000e+00 -1.31233904e-08
  0.00000000e+00  0.00000000e+00  0.00000000e+00  0.00000000e+00
  0.00000000e+00  0.00000000e+00  0.00000000e+00  0.00000000e+00
  0.00000000e+00  0.00000000e+00  0.00000000e+00  0.00000000e+00
  0.00000000e+00  0.00000000e+00  0.00000000e+00  0.00000000e+00
  0.00000000e+00  0.00000000e+00 -2.10702722e-07 -1.31233904e-08
  0.00000000e+00  0.00000000e+00  0.00000000e+00  3.46648266e-06]","[[ 5.88022176e-05  1.28517124e-03]
 [-5.36438969e-05  8.56186297e-04]]",[],0.0,0.0
1787564027.2614818,2.3495862077008414,1.223167306745903,2.392295750355192,"[ 2.56934823e-06 -7.39226274e-07  0.00000000e+00  0.00000000e+00
  0.00000000e+00 -2.10702722e-07 -7.39226274e-07  2.31088389e-06
  0.00000000e+00  0.00000000e+00  0.00000000e+00 -1.31233904e-08
  0.00000000e+00  0.00000000e+00  0.00000000e+00  0.00000000e+00
  0.00000000e+00  0.00000000e+00  0.00000000e+00  0.00000000e+00
  0.00000000e+00  0.00000000e+00  0.00000000e+00  0.00000000e+00
  0.00000000e+00  0.00000000e+00  0.00000000e+00  0.00000000e+00
  0.00000000e+00  0.00000000e+00 -2.10702722e-07 -1.31233904e-08
  0.00000000e+00  0.00000000e+00  0.00000000e+00  3.46648266e-06]","[[ 5.88022176e-05  1.28517124e-03]
 [-5.36438969e-05  8.56186297e-04]]",[],0.0,0.0
1787564027.309811,2.3495862077008414,1.223167306745903,2.392295750355192,"[ 2.56934823e-06 -7.39226274e-07  0.00000000e+00  0.00000000e+00
  0.00000000e+00 -2.10702722e-07 -7.39226274e-07  2.31088389e-06
  0.00000000e+00  0.00000000e+00  0.00000000e+00 -1.31233904e-08
  0.00000000e+00  0.00000000e+00  0.00000000e+00  0.00000000e+00
  0.00000000e+00  0.00000000e+00  0.00000000e+00  0.00000000e+00
  0.00000000e+00  0.00000000e+00  0.00000000e+00  0.00000000e+00
  0.00000000e+00  0.00000000e+00  0.00000000e+00  0.00000000e+00
  0.00000000e+00  0.00000000e+00 -2.10702722e-07 -1.31233904e-08
  0.00000000e+00  0.00000000e+00  0.00000000e+00  3.46648266e-06]","[[ 5.88022176e-05  1.28517124e-03]
 [-5.36438969e-05  8.56186297e-04]]",[],0.0,0.0
1787564027.3642864,2.3495862077008414,1.223167306745903,2.392295750355192,"[ 2.56934823e-06 -7.39226274e-07  0.00000000e+00  0.00000000e+00
  0.00000000e+00 -2.10702722e-07 -7.39226274e-07  2.31088389e-06
  0.00000000e+00  0.00000000e+00  0.00000000e+00 -1.31233904e-08
  0.00000000e+00  0.00000000e+00  0.00000000e+00  0.00000000e+00
  0.00000000e+00  0.00000000e+00  0.00000000e+00  0.00000000e+00
  0.00000000e+00  0.00000000e+00  0.00000000e+00  0.00000000e+00
  0.00000000e+00  0.00000000e+00  0.00000000e+00  0.00000000e+00
  0.00000000e+00  0.00000000e+00 -2.10702722e-07 -1.31233904e-08
  0.00000000e+00  0.00000000e+00  0.00000000e+00  3.46648266e-06]","[[ 5.88022176e-05  1.28517124e-03]
 [-5.36438969e-05  8.56186297e-04]]",[],0.0,0.0
1787564027.409864,2.3495862077008414,1.223167306745903,2.392295750355192,"[ 2.56934823e-06 -7.39226274e-07  0.00000000e+00  0.00000000e+00
  0.00000000e+00 -2.10702722e-07 -7.39226274e-07  2.31088389e-06
  0.00000000e+00  0.00000000e+00  0.00000000e+00 -1.31233904e-08
  0.00000000e+00  0.00000000e+00  0.00000000e+00  0.00000000e+00
  0.00000000e+00  0.00000000e+00  0.00000000e+00  0.00000000e+00
  0.00000000e+00  0.00000000e+00  0.00000000e+00  0.00000000e+00
  0.00000000e+00  0.00000000e+00  0.00000000e+00  0.00000000e+00
  0.00000000e+00  0.00000000e+00 -2.10702722e-07 -1.31233904e-08
  0.00000000e+00  0.00000000e+00  0.00000000e+00  3.46648266e-06]","[[ 5.88022176e-05  1.28517124e-03]
 [-5.36438969e-05  8.56186297e-04]]",[],0.0,0.0
1787564027.4699662,2.3495862077008414,1.223167306745903,2.392295750355192,"[ 2.56934823e-06 -7.39226274e-07  0.00000000e+00  0.00000000e+00
  0.00000000e+00 -2.10702722e-07 -7.39226274e-07  2.31088389e-06
  0.00000000e+00  0.00000000e+00  0.00000000e+00 -1.31233904e-08
  0.00000000e+00  0.00000000e+00  0.00000000e+00  0.00000000e+00
  0.00000000e+00  0.00000000e+00  0.00000000e+00  0.00000000e+00
  0.00000000e+00  0.00000000e+00  0.00000000e+00  0.00000000e+00
  0.00000000e+00  0.00000000e+00  0.00000000e+00  0.00000000e+00
  0.00000000e+00  0.00000000e+00 -2.10702722e-07 -1.31233904e-08
  0.00000000e+00  0.00000000e+00  0.00000000e+00  3.46648266e-06]","[[ 5.88022176e-05  1.28517124e-03]
 [-5.36438969e-05  8.56186297e-04]]",[],0.0,0.0
1787564027.5098236,2.3495862077008414,1.223167306745903,2.392295750355192,"[ 2.56934823e-06 -7.39226274e-07  0.00000000e+00  0.00000000e+00
  0.00000000e+00 -2.10702722e-07 -7.39226274e-07  2.31088389e-06
  0.00000000e+00  0.00000000e+00  0.00000000e+00 -1.31233904e-08
  0.00000000e+00  0.00000000e+00  0.00000000e+00  0.00000000e+00
  0.00000000e+00  0.00000000e+00  0.00000000e+00  0.00000000e+00
  0.00000000e+00  0.00000000e+00  0.00000000e+00  0.00000000e+00
  0.00000000e+00  0.00000000e+00  0.00000000e+00  0.00000000e+00
  0.00000000e+00  0.00000000e+00 -2.10702722e-07 -1.31233904e-08
  0.00000000e+00  0.00000000e+00  0.00000000e+00  3.46648266e-06]","[[ 5.88022176e-05  1.28517124e-03]
 [-5.36438969e-05  8.56186297e-04]]",[],0.0,0.0
1787564027.5598528,2.3495862077008414,1.223167306745903,2.392295750355192,"[ 2.56934823e-06 -7.39226274e-07  0.00000000e+00  0.00000000e+00
  0.00000000e+00 -2.10702722e-07 -7.39226274e-07  2.31088389e-06
  0.00000000e+00  0.00000000e+00  0.00000000e+00 -1.31233904e-08
  0.00000000e+00  0.00000000e+00  0.00000000e+00  0.00000000e+00
  0.00000000e+00  0.00000000e+00  0.00000000e+00  0.00000000e+00
  0.00000000e+00  0.00000000e+00  0.00000000e+00  0.00000000e+00
  0.00000000e+00  0.00000000e+00  0.00000000e+00  0.00000000e+00
  0.00000000e+00  0.00000000e+00 -2.10702722e-07 -1.31233904e-08
  0.00000000e+00  0.00000000e+00  0.00000000e+00  3.46648266e-06]","[[ 5.88022176e-05  1.28517124e-03]
 [-5.36438969e-05  8.56186297e-04]]",[],0.0,0.0
1787564027.6166682,2.3495862077008414,1.223167306745903,2.392295750355192,"[ 2.56934823e-06 -7.39226274e-07  0.00000000e+00  0.00000000e+00
  0.00000000e+00 -2.10702722e-07 -7.39226274e-07  2.31088389e-06
  0.00000000e+00  0.00000000e+00  0.00000000e+00 -1.31233904e-08
  0.00000000e+00  0.00000000e+00  0.00000000e+00  0.00000000e+00
  0.00000000e+00  0.00000000e+00  0.00000000e+00  0.00000000e+00
  0.00000000e+00  0.00000000e+00  0.00000000e+00  0.00000000e+00
  0.00000000e+00  0.00000000e+00  0.00000000e+00  0.00000000e+00
  0.00000000e+00  0.00000000e+00 -2.10702722e-07 -1.31233904e-08
  0.00000000e+00  0.00000000e+00  0.00000000e+00  3.46648266e-06]","[[ 5.88022176e-05  1.28517124e-03]
 [-5.36438969e-05  8.56186297e-04]]",[],0.0,0.0
1787564027.6619985,2.3506828164571463,1.2217801392496104,2.4107030968965226,"[ 2.50607571e-06 -7.28117219e-07  0.00000000e+00  0.00000000e+00
  0.00000000e+00 -1.92457958e-07 -7.28117219e-07  2.24494312e-06
  0.00000000e+00  0.00000000e+00  0.00000000e+00 -2.10648042e-08
  0.00000000e+00  0.00000000e+00  0.00000000e+00  0.00000000e+00
  0.00000000e+00  0.00000000e+00  0.00000000e+00  0.00000000e+00
  0.00000000e+00  0.00000000e+00  0.00000000e+00  0.00000000e+00
  0.00000000e+00  0.00000000e+00  0.00000000e+00  0.00000000e+00
  0.00000000e+00  0.00000000e+00 -1.92457958e-07 -2.10648042e-08
  0.00000000e+00  0.00000000e+00  0.00000000e+00  3.22545051e-06]","[[ 5.74672036e-05  1.22807095e-03]
 [-5.23012627e-05  8.39151263e-04]]",[],0.0,0.0
1787564027.7098722,2.3506828164571463,1.2217801392496104,2.4107030968965226,"[ 2.50607571e-06 -7.28117219e-07  0.00000000e+00  0.00000000e+00
  0.00000000e+00 -1.92457958e-07 -7.28117219e-07  2.24494312e-06
  0.00000000e+00  0.00000000e+00  0.00000000e+00 -2.10648042e-08
  0.00000000e+00  0.00000000e+00  0.00000000e+00  0.00000000e+00
  0.00000000e+00  0.00000000e+00  0.00000000e+00  0.00000000e+00
  0.00000000e+00  0.00000000e+00  0.00000000e+00  0.00000000e+00
  0.00000000e+00  0.00000000e+00  0.00000000e+00  0.00000000e+00
  0.00000000e+00  0.00000000e+00 -1.92457958e-07 -2.10648042e-08
  0.00000000e+00  0.00000000e+00  0.00000000e+00  3.22545051e-06]","[[ 5.74672036e-05  1.22807095e-03]
 [-5.23012627e-05  8.39151263e-04]]",[],0.0,0.0
1787564027.7600513,2.3506828164571463,1.2217801392496104,2.4107030968965226,"[ 2.50607571e-06 -7.28117219e-07  0.00000000e+00  0.00000000e+00
  0.00000000e+00 -1.92457958e-07 -7.28117219e-07  2.24494312e-06
  0.00000000e+00  0.00000000e+00  0.00000000e+00 -2.10648042e-08
  0.00000000e+00  0.00000000e+00  0.00000000e+00  0.00000000e+00
  0.00000000e+00  0.00000000e+00  0.00000000e+00  0.00000000e+00
  0.00000000e+00  0.00000000e+00  0.00000000e+00  0.00000000e+00
  0.00000000e+00  0.00000000e+00  0.00000000e+00  0.00000000e+00
  0.00000000e+00  0.00000000e+00 -1.92457958e-07 -2.10648042e-08
  0.00000000e+00  0.00000000e+00  0.00000000e+00  3.22545051e-06]","[[ 5.74672036e-05  1.22807095e-03]
 [-5.23012627e-05  8.39151263e-04]]",[],0.0,0.0
1787564027.8102632,2.3506828164571463,1.2217801392496104,2.4107030968965226,"[ 2.50607571e-06 -7.28117219e-07  0.00000000e+00  0.00000000e+00
  0.00000000e+00 -1.92457958e-07 -7.28117219e-07  2.24494312e-06
  0.00000000e+00  0.00000000e+00  0.00000000e+00 -2.10648042e-08
  0.00000000e+00  0.00000000e+00  0.00000000e+00  0.00000000e+00
  0.00000000e+00  0.00000000e+00  0.00000000e+00  0.00000000e+00
  0.00000000e+00  0.00000000e+00  0.00000000e+00  0.00000000e+00
  0.00000000e+00  0.00000000e+00  0.00000000e+00  0.00000000e+00
  0.00000000e+00  0.00000000e+00 -1.92457958e-07 -2.10648042e-08
  0.00000000e+00  0.00000000e+00  0.00000000e+00  3.22545051e-06]","[[ 5.74672036e-05  1.22807095e-03]
 [-5.23012627e-05  8.39151263e-04]]",[],0.0,0.0
1787564027.8626301,2.3506828164571463,1.2217801392496104,2.4107030968965226,"[ 2.50607571e-06 -7.28117219e-07  0.00000000e+00  0.00000000e+00
  0.00000000e+00 -1.92457958e-07 -7.28117219e-07  2.24494312e-06
  0.00000000e+00  0.00000000e+00  0.00000000e+00 -2.10648042e-08
  0.00000000e+00  0.00000000e+00  0.00000000e+00  0.00000000e+00
  0.00000000e+00  0.00000000e+00  0.00000000e+00  0.00000000e+00
  0.00000000e+00  0.00000000e+00  0.00000000e+00  0.00000000e+00
  0.00000000e+00  0.00000000e+00  0.00000000e+00  0.00000000e+00
  0.00000000e+00  0.00000000e+00 -1.92457958e-07 -2.10648042e-08
  0.00000000e+00  0.00000000e+00  0.00000000e+00  3.22545051e-06]","[[ 5.74672036e-05  1.22807095e-03]
 [-5.23012627e-05  8.39151263e-04]]",[],0.0,0.0
1787564027.9096532,2.3506828164571463,1.2217801392496104,2.4107030968965226,"[ 2.50607571e-06 -7.28117219e-07  0.00000000e+00  0.00000000e+00
  0.00000000e+00 -1.92457958e-07 -7.28117219e-07  2.24494312e-06
  0.00000000e+00  0.00000000e+00  0.00000000e+00 -2.10648042e-08
  0.00000000e+00  0.00000000e+00  0.00000000e+00  0.00000000e+00
  0.00000000e+00  0.00000000e+00  0.00000000e+00  0.00000000e+00
  0.00000000e+00  0.00000000e+00  0.00000000e+00  0.00000000e+00
  0.00000000e+00  0.00000000e+00  0.00000000e+00  0.00000000e+00
  0.00000000e+00  0.00000000e+00 -1.92457958e-07 -2.10648042e-08
  0.00000000e+00  0.00000000e+00  0.00000000e+00  3.22545051e-06]","[[ 5.74672036e-05  1.22807095e-03]
 [-5.23012627e-05  8.39151263e-04]]",[],0.0,0.0
1787564027.969501,2.3506828164571463,1.2217801392496104,2.4107030968965226,"[ 2.50607571e-06 -7.28117219e-07  0.00000000e+00  0.00000000e+00
  0.00000000e+00 -1.92457958e-07 -7.28117219e-07  2.24494312e-06
  0.00000000e+00  0.00000000e+00  0.00000000e+00 -2.10648042e-08
  0.00000000e+00  0.00000000e+00  0.00000000e+00  0.00000000e+00
  0.00000000e+00  0.00000000e+00  0.00000000e+00  0.00000000e+00
  0.00000000e+00  0.00000000e+00  0.00000000e+00  0.00000000e+00
  0.00000000e+00  0.00000000e+00  0.00000000e+00  0.00000000e+00
  0.00000000e+00  0.00000000e+00 -1.92457958e-07 -2.10648042e-08
  0.00000000e+00  0.00000000e+00  0.00000000e+00  3.22545051e-06]","[[ 5.74672036e-05  1.22807095e-03]
 [-5.23012627e-05  8.39151263e-04]]",[],0.0,0.0
1787564028.018395,2.3506828164571463,1.2217801392496104,2.4107030968965226,"[ 2.50607571e-06 -7.28117219e-07  0.00000000e+00  0.00000000e+00
  0.00000000e+00 -1.92457958e-07 -7.28117219e-07  2.24494312e-06
  0.00000000e+00  0.00000000e+00  0.00000000e+00 -2.10648042e-08
  0.00000000e+00  0.00000000e+00  0.00000000e+00  0.00000000e+00
  0.00000000e+00  0.00000000e+00  0.00000000e+00  0.00000000e+00
  0.00000000e+00  0.00000000e+00  0.00000000e+00  0.00000000e+00
  0.00000000e+00  0.00000000e+00  0.00000000e+00  0.00000000e+00
  0.00000000e+00  0.00000000e+00 -1.92457958e-07 -2.10648042e-08
  0.00000000e+00  0.00000000e+00  0.00000000e+00  3.22545051e-06]","[[ 5.74672036e-05  1.22807095e-03]
 [-5.23012627e-05  8.39151263e-04]]",[],0.0,0.0
1787564028.0650554,2.3506828164571463,1.2217801392496104,2.4107030968965226,"[ 2.50607571e-06 -7.28117219e-07  0.00000000e+00  0.00000000e+00
  0.00000000e+00 -1.92457958e-07 -7.28117219e-07  2.24494312e-06
  0.00000000e+00  0.00000000e+00  0.00000000e+00 -2.10648042e-08
  0.00000000e+00  0.00000000e+00  0.00000000e+00  0.00000000e+00
  0.00000000e+00  0.00000000e+00  0.00000000e+00  0.00000000e+00
  0.00000000e+00  0.00000000e+00  0.00000000e+00  0.00000000e+00
  0.00000000e+00  0.00000000e+00  0.00000000e+00  0.00000000e+00
  0.00000000e+00  0.00000000e+00 -1.92457958e-07 -2.10648042e-08
  0.00000000e+00  0.00000000e+00  0.00000000e+00  3.22545051e-06]","[[ 5.74672036e-05  1.22807095e-03]
 [-5.23012627e-05  8.39151263e-04]]",[],0.0,0.0
1787564028.1102524,2.3506828164571463,1.2217801392496104,2.4107030968965226,"[ 2.50607571e-06 -7.28117219e-07  0.00000000e+00  0.00000000e+00
  0.00000000e+00 -1.92457958e-07 -7.28117219e-07  2.24494312e-06
  0.00000000e+00  0.00000000e+00  0.00000000e+00 -2.10648042e-08
  0.00000000e+00  0.00000000e+00  0.00000000e+00  0.00000000e+00
  0.00000000e+00  0.00000000e+00  0.00000000e+00  0.00000000e+00
  0.00000000e+00  0.00000000e+00  0.00000000e+00  0.00000000e+00
  0.00000000e+00  0.00000000e+00  0.00000000e+00  0.00000000e+00
  0.00000000e+00  0.00000000e+00 -1.92457958e-07 -2.10648042e-08
  0.00000000e+00  0.00000000e+00  0.00000000e+00  3.22545051e-06]","[[ 5.74672036e-05  1.22807095e-03]
 [-5.23012627e-05  8.39151263e-04]]",[],0.0,0.0
1787564028.1620739,2.3506828164571463,1.2217801392496104,2.4107030968965226,"[ 2.50607571e-06 -7.28117219e-07  0.00000000e+00  0.00000000e+00
  0.00000000e+00 -1.92457958e-07 -7.28117219e-07  2.24494312e-06
  0.00000000e+00  0.00000000e+00  0.00000000e+00 -2.10648042e-08
  0.00000000e+00  0.00000000e+00  0.00000000e+00  0.00000000e+00
  0.00000000e+00  0.00000000e+00  0.00000000e+00  0.00000000e+00
  0.00000000e+00  0.00000000e+00  0.00000000e+00  0.00000000e+00
  0.00000000e+00  0.00000000e+00  0.00000000e+00  0.00000000e+00
  0.00000000e+00  0.00000000e+00 -1.92457958e-07 -2.10648042e-08
  0.00000000e+00  0.00000000e+00  0.00000000e+00  3.22545051e-06]","[[ 5.74672036e-05  1.22807095e-03]
 [-5.23012627e-05  8.39151263e-04]]",[],0.0,0.0
1787564028.2110236,2.3506828164571463,1.2217801392496104,2.4107030968965226,"[ 2.50607571e-06 -7.28117219e-07  0.00000000e+00  0.00000000e+00
  0.00000000e+00 -1.92457958e-07 -7.28117219e-07  2.24494312e-06
  0.00000000e+00  0.00000000e+00  0.00000000e+00 -2.10648042e-08
  0.00000000e+00  0.00000000e+00  0.00000000e+00  0.00000000e+00
  0.00000000e+00  0.00000000e+00  0.00000000e+00  0.00000000e+00
  0.00000000e+00  0.00000000e+00  0.00000000e+00  0.00000000e+00
  0.00000000e+00  0.00000000e+00  0.00000000e+00  0.00000000e+00
  0.00000000e+00  0.00000000e+00 -1.92457958e-07 -2.10648042e-08
  0.00000000e+00  0.00000000e+00  0.00000000e+00  3.22545051e-06]","[[ 5.74672036e-05  1.22807095e-03]
 [-5.23012627e-05  8.39151263e-04]]",[],0.0,0.0
1787564028.2602632,2.3506828164571463,1.2217801392496104,2.4107030968965226,"[ 2.50607571e-06 -7.28117219e-07  0.00000000e+00  0.00000000e+00
  0.00000000e+00 -1.92457958e-07 -7.28117219e-07  2.24494312e-06
  0.00000000e+00  0.00000000e+00  0.00000000e+00 -2.10648042e-08
  0.00000000e+00  0.00000000e+00  0.00000000e+00  0.00000000e+00
  0.00000000e+00  0.00000000e+00  0.00000000e+00  0.00000000e+00
  0.00000000e+00  0.00000000e+00  0.00000000e+00  0.00000000e+00
  0.00000000e+00  0.00000000e+00  0.00000000e+00  0.00000000e+00
  0.00000000e+00  0.00000000e+00 -1.92457958e-07 -2.10648042e-08
  0.00000000e+00  0.00000000e+00  0.00000000e+00  3.22545051e-06]","[[ 5.74672036e-05  1.22807095e-03]
 [-5.23012627e-05  8.39151263e-04]]",[],0.0,0.0
1787564028.3102427,2.3506828164571463,1.2217801392496104,2.4107030968965226,"[ 2.50607571e-06 -7.28117219e-07  0.00000000e+00  0.00000000e+00
  0.00000000e+00 -1.92457958e-07 -7.28117219e-07  2.24494312e-06
  0.00000000e+00  0.00000000e+00  0.00000000e+00 -2.10648042e-08
  0.00000000e+00  0.00000000e+00  0.00000000e+00  0.00000000e+00
  0.00000000e+00  0.00000000e+00  0.00000000e+00  0.00000000e+00
  0.00000000e+00  0.00000000e+00  0.00000000e+00  0.00000000e+00
  0.00000000e+00  0.00000000e+00  0.00000000e+00  0.00000000e+00
  0.00000000e+00  0.00000000e+00 -1.92457958e-07 -2.10648042e-08
  0.00000000e+00  0.00000000e+00  0.00000000e+00  3.22545051e-06]","[[ 5.74672036e-05  1.22807095e-03]
 [-5.23012627e-05  8.39151263e-04]]",[],0.0,0.0
1787564028.3746684,2.3506828164571463,1.2217801392496104,2.4107030968965226,"[ 2.50607571e-06 -7.28117219e-07  0.00000000e+00  0.00000000e+00
  0.00000000e+00 -1.92457958e-07 -7.28117219e-07  2.24494312e-06
  0.00000000e+00  0.00000000e+00  0.00000000e+00 -2.10648042e-08
  0.00000000e+00  0.00000000e+00  0.00000000e+00  0.00000000e+00
  0.00000000e+00  0.00000000e+00  0.00000000e+00  0.00000000e+00
  0.00000000e+00  0.00000000e+00  0.00000000e+00  0.00000000e+00
  0.00000000e+00  0.00000000e+00  0.00000000e+00  0.00000000e+00
  0.00000000e+00  0.00000000e+00 -1.92457958e-07 -2.10648042e-08
  0.00000000e+00  0.00000000e+00  0.00000000e+00  3.22545051e-06]","[[ 5.74672036e-05  1.22807095e-03]
 [-5.23012627e-05  8.39151263e-04]]",[],0.0,0.0
1787564028.4194558,2.3506828164571463,1.2217801392496104,2.4107030968965226,"[ 2.50607571e-06 -7.28117219e-07  0.00000000e+00  0.00000000e+00
  0.00000000e+00 -1.92457958e-07 -7.28117219e-07  2.24494312e-06
  0.00000000e+00  0.00000000e+00  0.00000000e+00 -2.10648042e-08
  0.00000000e+00  0.00000000e+00  0.00000000e+00  0.00000000e+00
  0.00000000e+00  0.00000000e+00  0.00000000e+00  0.00000000e+00
  0.00000000e+00  0.00000000e+00  0.00000000e+00  0.00000000e+00
  0.00000000e+00  0.00000000e+00  0.00000000e+00  0.00000000e+00
  0.00000000e+00  0.00000000e+00 -1.92457958e-07 -2.10648042e-08
  0.00000000e+00  0.00000000e+00  0.00000000e+00  3.22545051e-06]","[[ 5.74672036e-05  1.22807095e-03]
 [-5.23012627e-05  8.39151263e-04]]",[],0.0,0.0
1787564028.4619236,2.3506828164571463,1.2217801392496104,2.4107030968965226,"[ 2.50607571e-06 -7.28117219e-07  0.00000000e+00  0.00000000e+00
  0.00000000e+00 -1.92457958e-07 -7.28117219e-07  2.24494312e-06
  0.00000000e+00  0.00000000e+00  0.00000000e+00 -2.10648042e-08
  0.00000000e+00  0.00000000e+00  0.00000000e+00  0.00000000e+00
  0.00000000e+00  0.00000000e+00  0.00000000e+00  0.00000000e+00
  0.00000000e+00  0.00000000e+00  0.00000000e+00  0.00000000e+00
  0.00000000e+00  0.00000000e+00  0.00000000e+00  0.00000000e+00
  0.00000000e+00  0.00000000e+00 -1.92457958e-07 -2.10648042e-08
  0.00000000e+00  0.00000000e+00  0.00000000e+00  3.22545051e-06]","[[ 5.74672036e-05  1.22807095e-03]
 [-5.23012627e-05  8.39151263e-04]]",[],0.0,0.0
1787564028.5124934,2.3519073564651194,1.2199069528751358,2.438378542438329,"[ 2.51196789e-06 -7.72830246e-07  0.00000000e+00  0.00000000e+00
  0.00000000e+00 -1.99705643e-07 -7.72830246e-07  2.23469501e-06
  0.00000000e+00  0.00000000e+00  0.00000000e+00 -1.54643365e-09
  0.00000000e+00  0.00000000e+00  0.00000000e+00  0.00000000e+00
  0.00000000e+00  0.00000000e+00  0.00000000e+00  0.00000000e+00
  0.00000000e+00  0.00000000e+00  0.00000000e+00  0.00000000e+00
  0.00000000e+00  0.00000000e+00  0.00000000e+00  0.00000000e+00
  0.00000000e+00  0.00000000e+00 -1.99705643e-07 -1.54643365e-09
  0.00000000e+00  0.00000000e+00  0.00000000e+00  3.50555432e-06]","[[ 6.43950767e-05  6.68629331e-04]
 [-4.36768220e-05  1.03525396e-03]]",[],0.0,0.0
1787564028.560322,2.3519073564651194,1.2199069528751358,2.438378542438329,"[ 2.51196789e-06 -7.72830246e-07  0.00000000e+00  0.00000000e+00
  0.00000000e+00 -1.99705643e-07 -7.72830246e-07  2.23469501e-06
  0.00000000e+00  0.00000000e+00  0.00000000e+00 -1.54643365e-09
  0.00000000e+00  0.00000000e+00  0.00000000e+00  0.00000000e+00
  0.00000000e+00  0.00000000e+00  0.00000000e+00  0.00000000e+00
  0.00000000e+00  0.00000000e+00  0.00000000e+00  0.00000000e+00
  0.00000000e+00  0.00000000e+00  0.00000000e+00  0.00000000e+00
  0.00000000e+00  0.00000000e+00 -1.99705643e-07 -1.54643365e-09
  0.00000000e+00  0.00000000e+00  0.00000000e+00  3.50555432e-06]","[[ 6.43950767e-05  6.68629331e-04]
 [-4.36768220e-05  1.03525396e-03]]",[],0.0,0.0
1787564028.6126752,2.3519073564651194,1.2199069528751358,2.438378542438329,"[ 2.51196789e-06 -7.72830246e-07  0.00000000e+00  0.00000000e+00
  0.00000000e+00 -1.99705643e-07 -7.72830246e-07  2.23469501e-06
  0.00000000e+00  0.00000000e+00  0.00000000e+00 -1.54643365e-09
  0.00000000e+00  0.00000000e+00  0.00000000e+00  0.00000000e+00
  0.00000000e+00  0.00000000e+00  0.00000000e+00  0.00000000e+00
  0.00000000e+00  0.00000000e+00  0.00000000e+00  0.00000000e+00
  0.00000000e+00  0.00000000e+00  0.00000000e+00  0.00000000e+00
  0.00000000e+00  0.00000000e+00 -1.99705643e-07 -1.54643365e-09
  0.00000000e+00  0.00000000e+00  0.00000000e+00  3.50555432e-06]","[[ 6.43950767e-05  6.68629331e-04]
 [-4.36768220e-05  1.03525396e-03]]",[],0.0,0.0
1787564028.6603093,2.3519073564651194,1.2199069528751358,2.438378542438329,"[ 2.51196789e-06 -7.72830246e-07  0.00000000e+00  0.00000000e+00
  0.00000000e+00 -1.99705643e-07 -7.72830246e-07  2.23469501e-06
  0.00000000e+00  0.00000000e+00  0.00000000e+00 -1.54643365e-09
  0.00000000e+00  0.00000000e+00  0.00000000e+00  0.00000000e+00
  0.00000000e+00  0.00000000e+00  0.00000000e+00  0.00000000e+00
  0.00000000e+00  0.00000000e+00  0.00000000e+00  0.00000000e+00
  0.00000000e+00  0.00000000e+00  0.00000000e+00  0.00000000e+00
  0.00000000e+00  0.00000000e+00 -1.99705643e-07 -1.54643365e-09
  0.00000000e+00  0.00000000e+00  0.00000000e+00  3.50555432e-06]","[[ 6.43950767e-05  6.68629331e-04]
 [-4.36768220e-05  1.03525396e-03]]",[],0.0,0.0
1787564028.7125406,2.3519073564651194,1.2199069528751358,2.438378542438329,"[ 2.51196789e-06 -7.72830246e-07  0.00000000e+00  0.00000000e+00
  0.00000000e+00 -1.99705643e-07 -7.72830246e-07  2.23469501e-06
  0.00000000e+00  0.00000000e+00  0.00000000e+00 -1.54643365e-09
  0.00000000e+00  0.00000000e+00  0.00000000e+00  0.00000000e+00
  0.00000000e+00  0.00000000e+00  0.00000000e+00  0.00000000e+00
  0.00000000e+00  0.00000000e+00  0.00000000e+00  0.00000000e+00
  0.00000000e+00  0.00000000e+00  0.00000000e+00  0.00000000e+00
  0.00000000e+00  0.00000000e+00 -1.99705643e-07 -1.54643365e-09
  0.00000000e+00  0.00000000e+00  0.00000000e+00  3.50555432e-06]","[[ 6.43950767e-05  6.68629331e-04]
 [-4.36768220e-05  1.03525396e-03]]",[],0.0,0.0
1787564028.7604778,2.3519073564651194,1.2199069528751358,2.438378542438329,"[ 2.51196789e-06 -7.72830246e-07  0.00000000e+00  0.00000000e+00
  0.00000000e+00 -1.99705643e-07 -7.72830246e-07  2.23469501e-06
  0.00000000e+00  0.00000000e+00  0.00000000e+00 -1.54643365e-09
  0.00000000e+00  0.00000000e+00  0.00000000e+00  0.00000000e+00
  0.00000000e+00  0.00000000e+00  0.00000000e+00  0.00000000e+00
  0.00000000e+00  0.00000000e+00  0.00000000e+00  0.00000000e+00
  0.00000000e+00  0.00000000e+00  0.00000000e+00  0.00000000e+00
  0.00000000e+00  0.00000000e+00 -1.99705643e-07 -1.54643365e-09
  0.00000000e+00  0.00000000e+00  0.00000000e+00  3.50555432e-06]","[[ 6.43950767e-05  6.68629331e-04]
 [-4.36768220e-05  1.03525396e-03]]",[],0.0,0.0
1787564028.8105083,2.3519073564651194,1.2199069528751358,2.438378542438329,"[ 2.51196789e-06 -7.72830246e-07  0.00000000e+00  0.00000000e+00
  0.00000000e+00 -1.99705643e-07 -7.72830246e-07  2.23469501e-06
  0.00000000e+00  0.00000000e+00  0.00000000e+00 -1.54643365e-09
  0.00000000e+00  0.00000000e+00  0.00000000e+00  0.00000000e+00
  0.00000000e+00  0.00000000e+00  0.00000000e+00  0.00000000e+00
  0.00000000e+00  0.00000000e+00  0.00000000e+00  0.00000000e+00
  0.00000000e+00  0.00000000e+00  0.00000000e+00  0.00000000e+00
  0.00000000e+00  0.00000000e+00 -1.99705643e-07 -1.54643365e-09
  0.00000000e+00  0.00000000e+00  0.00000000e+00  3.50555432e-06]","[[ 6.43950767e-05  6.68629331e-04]
 [-4.36768220e-05  1.03525396e-03]]",[],0.0,0.0
1787564028.8635554,2.3519073564651194,1.2199069528751358,2.438378542438329,"[ 2.51196789e-06 -7.72830246e-07  0.00000000e+00  0.00000000e+00
  0.00000000e+00 -1.99705643e-07 -7.72830246e-07  2.23469501e-06
  0.00000000e+00  0.00000000e+00  0.00000000e+00 -1.54643365e-09
  0.00000000e+00  0.00000000e+00  0.00000000e+00  0.00000000e+00
  0.00000000e+00  0.00000000e+00  0.00000000e+00  0.00000000e+00
  0.00000000e+00  0.00000000e+00  0.00000000e+00  0.00000000e+00
  0.00000000e+00  0.00000000e+00  0.00000000e+00  0.00000000e+00
  0.00000000e+00  0.00000000e+00 -1.99705643e-07 -1.54643365e-09
  0.00000000e+00  0.00000000e+00  0.00000000e+00  3.50555432e-06]","[[ 6.43950767e-05  6.68629331e-04]
 [-4.36768220e-05  1.03525396e-03]]",[],0.0,0.0
1787564028.909893,2.3519073564651194,1.2199069528751358,2.438378542438329,"[ 2.51196789e-06 -7.72830246e-07  0.00000000e+00  0.00000000e+00
  0.00000000e+00 -1.99705643e-07 -7.72830246e-07  2.23469501e-06
  0.00000000e+00  0.00000000e+00  0.00000000e+00 -1.54643365e-09
  0.00000000e+00  0.00000000e+00  0.00000000e+00  0.00000000e+00
  0.00000000e+00  0.00000000e+00  0.00000000e+00  0.00000000e+00
  0.00000000e+00  0.00000000e+00  0.00000000e+00  0.00000000e+00
  0.00000000e+00  0.00000000e+00  0.00000000e+00  0.00000000e+00
  0.00000000e+00  0.00000000e+00 -1.99705643e-07 -1.54643365e-09
  0.00000000e+00  0.00000000e+00  0.00000000e+00  3.50555432e-06]","[[ 6.43950767e-05  6.68629331e-04]
 [-4.36768220e-05  1.03525396e-03]]",[],0.0,0.0
1787564028.9608488,2.3519073564651194,1.2199069528751358,2.438378542438329,"[ 2.51196789e-06 -7.72830246e-07  0.00000000e+00  0.00000000e+00
  0.00000000e+00 -1.99705643e-07 -7.72830246e-07  2.23469501e-06
  0.00000000e+00  0.00000000e+00  0.00000000e+00 -1.54643365e-09
  0.00000000e+00  0.00000000e+00  0.00000000e+00  0.00000000e+00
  0.00000000e+00  0.00000000e+00  0.00000000e+00  0.00000000e+00
  0.00000000e+00  0.00000000e+00  0.00000000e+00  0.00000000e+00
  0.00000000e+00  0.00000000e+00  0.00000000e+00  0.00000000e+00
  0.00000000e+00  0.00000000e+00 -1.99705643e-07 -1.54643365e-09
  0.00000000e+00  0.00000000e+00  0.00000000e+00  3.50555432e-06]","[[ 6.43950767e-05  6.68629331e-04]
 [-4.36768220e-05  1.03525396e-03]]",[],0.0,0.0
1787564029.0095432,2.3519073564651194,1.2199069528751358,2.438378542438329,"[ 2.51196789e-06 -7.72830246e-07  0.00000000e+00  0.00000000e+00
  0.00000000e+00 -1.99705643e-07 -7.72830246e-07  2.23469501e-06
  0.00000000e+00  0.00000000e+00  0.00000000e+00 -1.54643365e-09
  0.00000000e+00  0.00000000e+00  0.00000000e+00  0.00000000e+00
  0.00000000e+00  0.00000000e+00  0.00000000e+00  0.00000000e+00
  0.00000000e+00  0.00000000e+00  0.00000000e+00  0.00000000e+00
  0.00000000e+00  0.00000000e+00  0.00000000e+00  0.00000000e+00
  0.00000000e+00  0.00000000e+00 -1.99705643e-07 -1.54643365e-09
  0.00000000e+00  0.00000000e+00  0.00000000e+00  3.50555432e-06]","[[ 6.43950767e-05  6.68629331e-04]
 [-4.36768220e-05  1.03525396e-03]]",[],0.0,0.0
1787564029.0595012,2.3519073564651194,1.2199069528751358,2.438378542438329,"[ 2.51196789e-06 -7.72830246e-07  0.00000000e+00  0.00000000e+00
  0.00000000e+00 -1.99705643e-07 -7.72830246e-07  2.23469501e-06
  0.00000000e+00  0.00000000e+00  0.00000000e+00 -1.54643365e-09
  0.00000000e+00  0.00000000e+00  0.00000000e+00  0.00000000e+00
  0.00000000e+00  0.00000000e+00  0.00000000e+00  0.00000000e+00
  0.00000000e+00  0.00000000e+00  0.00000000e+00  0.00000000e+00
  0.00000000e+00  0.00000000e+00  0.00000000e+00  0.00000000e+00
  0.00000000e+00  0.00000000e+00 -1.99705643e-07 -1.54643365e-09
  0.00000000e+00  0.00000000e+00  0.00000000e+00  3.50555432e-06]","[[ 6.43950767e-05  6.68629331e-04]
 [-4.36768220e-05  1.03525396e-03]]",[],0.0,0.0
1787564029.1110258,2.3519073564651194,1.2199069528751358,2.438378542438329,"[ 2.51196789e-06 -7.72830246e-07  0.00000000e+00  0.00000000e+00
  0.00000000e+00 -1.99705643e-07 -7.72830246e-07  2.23469501e-06
  0.00000000e+00  0.00000000e+00  0.00000000e+00 -1.54643365e-09
  0.00000000e+00  0.00000000e+00  0.00000000e+00  0.00000000e+00
  0.00000000e+00  0.00000000e+00  0.00000000e+00  0.00000000e+00
  0.00000000e+00  0.00000000e+00  0.00000000e+00  0.00000000e+00
  0.00000000e+00  0.00000000e+00  0.00000000e+00  0.00000000e+00
  0.00000000e+00  0.00000000e+00 -1.99705643e-07 -1.54643365e-09
  0.00000000e+00  0.00000000e+00  0.00000000e+00  3.50555432e-06]","[[ 6.43950767e-05  6.68629331e-04]
 [-4.36768220e-05  1.03525396e-03]]",[],0.0,0.0
1787564029.1604805,2.3541349115159607,1.2178483669936835,2.4521397532451283,"[ 2.46537133e-06 -7.64256725e-07  0.00000000e+00  0.00000000e+00
  0.00000000e+00 -2.05139645e-07 -7.64256725e-07  2.17672057e-06
  0.00000000e+00  0.00000000e+00  0.00000000e+00 -3.99759246e-08
  0.00000000e+00  0.00000000e+00  0.00000000e+00  0.00000000e+00
  0.00000000e+00  0.00000000e+00  0.00000000e+00  0.00000000e+00
  0.00000000e+00  0.00000000e+00  0.00000000e+00  0.00000000e+00
  0.00000000e+00  0.00000000e+00  0.00000000e+00  0.00000000e+00
  0.00000000e+00  0.00000000e+00 -2.05139645e-07 -3.99759246e-08
  0.00000000e+00  0.00000000e+00  0.00000000e+00  3.32582675e-06]","[[ 6.32641561e-05  6.68487439e-04]
 [-4.28117555e-05  1.06723536e-03]]",[],0.0,0.0
1787564029.2140594,2.3541349115159607,1.2178483669936835,2.4521397532451283,"[ 2.46537133e-06 -7.64256725e-07  0.00000000e+00  0.00000000e+00
  0.00000000e+00 -2.05139645e-07 -7.64256725e-07  2.17672057e-06
  0.00000000e+00  0.00000000e+00  0.00000000e+00 -3.99759246e-08
  0.00000000e+00  0.00000000e+00  0.00000000e+00  0.00000000e+00
  0.00000000e+00  0.00000000e+00  0.00000000e+00  0.00000000e+00
  0.00000000e+00  0.00000000e+00  0.00000000e+00  0.00000000e+00
  0.00000000e+00  0.00000000e+00  0.00000000e+00  0.00000000e+00
  0.00000000e+00  0.00000000e+00 -2.05139645e-07 -3.99759246e-08
  0.00000000e+00  0.00000000e+00  0.00000000e+00  3.32582675e-06]","[[ 6.32641561e-05  6.68487439e-04]
 [-4.28117555e-05  1.06723536e-03]]",[],0.0,0.0
1787564029.259889,2.3541349115159607,1.2178483669936835,2.4521397532451283,"[ 2.46537133e-06 -7.64256725e-07  0.00000000e+00  0.00000000e+00
  0.00000000e+00 -2.05139645e-07 -7.64256725e-07  2.17672057e-06
  0.00000000e+00  0.00000000e+00  0.00000000e+00 -3.99759246e-08
  0.00000000e+00  0.00000000e+00  0.00000000e+00  0.00000000e+00
  0.00000000e+00  0.00000000e+00  0.00000000e+00  0.00000000e+00
  0.00000000e+00  0.00000000e+00  0.00000000e+00  0.00000000e+00
  0.00000000e+00  0.00000000e+00  0.00000000e+00  0.00000000e+00
  0.00000000e+00  0.00000000e+00 -2.05139645e-07 -3.99759246e-08
  0.00000000e+00  0.00000000e+00  0.00000000e+00  3.32582675e-06]","[[ 6.32641561e-05  6.68487439e-04]
 [-4.28117555e-05  1.06723536e-03]]",[],0.0,0.0
1787564029.310408,2.3541349115159607,1.2178483669936835,2.4521397532451283,"[ 2.46537133e-06 -7.64256725e-07  0.00000000e+00  0.00000000e+00
  0.00000000e+00 -2.05139645e-07 -7.64256725e-07  2.17672057e-06
  0.00000000e+00  0.00000000e+00  0.00000000e+00 -3.99759246e-08
  0.00000000e+00  0.00000000e+00  0.00000000e+00  0.00000000e+00
  0.00000000e+00  0.00000000e+00  0.00000000e+00  0.00000000e+00
  0.00000000e+00  0.00000000e+00  0.00000000e+00  0.00000000e+00
  0.00000000e+00  0.00000000e+00  0.00000000e+00  0.00000000e+00
  0.00000000e+00  0.00000000e+00 -2.05139645e-07 -3.99759246e-08
  0.00000000e+00  0.00000000e+00  0.00000000e+00  3.32582675e-06]","[[ 6.32641561e-05  6.68487439e-04]
 [-4.28117555e-05  1.06723536e-03]]",[],0.0,0.0
1787564029.3597984,2.3541349115159607,1.2178483669936835,2.4521397532451283,"[ 2.46537133e-06 -7.64256725e-07  0.00000000e+00  0.00000000e+00
  0.00000000e+00 -2.05139645e-07 -7.64256725e-07  2.17672057e-06
  0.00000000e+00  0.00000000e+00  0.00000000e+00 -3.99759246e-08
  0.00000000e+00  0.00000000e+00  0.00000000e+00  0.00000000e+00
  0.00000000e+00  0.00000000e+00  0.00000000e+00  0.00000000e+00
  0.00000000e+00  0.00000000e+00  0.00000000e+00  0.00000000e+00
  0.00000000e+00  0.00000000e+00  0.00000000e+00  0.00000000e+00
  0.00000000e+00  0.00000000e+00 -2.05139645e-07 -3.99759246e-08
  0.00000000e+00  0.00000000e+00  0.00000000e+00  3.32582675e-06]","[[ 6.32641561e-05  6.68487439e-04]
 [-4.28117555e-05  1.06723536e-03]]",[],0.0,0.0
1787564029.415862,2.3541349115159607,1.2178483669936835,2.4521397532451283,"[ 2.46537133e-06 -7.64256725e-07  0.00000000e+00  0.00000000e+00
  0.00000000e+00 -2.05139645e-07 -7.64256725e-07  2.17672057e-06
  0.00000000e+00  0.00000000e+00  0.00000000e+00 -3.99759246e-08
  0.00000000e+00  0.00000000e+00  0.00000000e+00  0.00000000e+00
  0.00000000e+00  0.00000000e+00  0.00000000e+00  0.00000000e+00
  0.00000000e+00  0.00000000e+00  0.00000000e+00  0.00000000e+00
  0.00000000e+00  0.00000000e+00  0.00000000e+00  0.00000000e+00
  0.00000000e+00  0.00000000e+00 -2.05139645e-07 -3.99759246e-08
  0.00000000e+00  0.00000000e+00  0.00000000e+00  3.32582675e-06]","[[ 6.32641561e-05  6.68487439e-04]
 [-4.28117555e-05  1.06723536e-03]]",[],0.0,0.0
1787564029.4599652,2.3541349115159607,1.2178483669936835,2.4521397532451283,"[ 2.46537133e-06 -7.64256725e-07  0.00000000e+00  0.00000000e+00
  0.00000000e+00 -2.05139645e-07 -7.64256725e-07  2.17672057e-06
  0.00000000e+00  0.00000000e+00  0.00000000e+00 -3.99759246e-08
  0.00000000e+00  0.00000000e+00  0.00000000e+00  0.00000000e+00
  0.00000000e+00  0.00000000e+00  0.00000000e+00  0.00000000e+00
  0.00000000e+00  0.00000000e+00  0.00000000e+00  0.00000000e+00
  0.00000000e+00  0.00000000e+00  0.00000000e+00  0.00000000e+00
  0.00000000e+00  0.00000000e+00 -2.05139645e-07 -3.99759246e-08
  0.00000000e+00  0.00000000e+00  0.00000000e+00  3.32582675e-06]","[[ 6.32641561e-05  6.68487439e-04]
 [-4.28117555e-05  1.06723536e-03]]",[],0.0,0.0
1787564029.5104764,2.3541349115159607,1.2178483669936835,2.4521397532451283,"[ 2.46537133e-06 -7.64256725e-07  0.00000000e+00  0.00000000e+00
  0.00000000e+00 -2.05139645e-07 -7.64256725e-07  2.17672057e-06
  0.00000000e+00  0.00000000e+00  0.00000000e+00 -3.99759246e-08
  0.00000000e+00  0.00000000e+00  0.00000000e+00  0.00000000e+00
  0.00000000e+00  0.00000000e+00  0.00000000e+00  0.00000000e+00
  0.00000000e+00  0.00000000e+00  0.00000000e+00  0.00000000e+00
  0.00000000e+00  0.00000000e+00  0.00000000e+00  0.00000000e+00
  0.00000000e+00  0.00000000e+00 -2.05139645e-07 -3.99759246e-08
  0.00000000e+00  0.00000000e+00  0.00000000e+00  3.32582675e-06]","[[ 6.32641561e-05  6.68487439e-04]
 [-4.28117555e-05  1.06723536e-03]]",[],0.0,0.0
1787564029.5644162,2.3541349115159607,1.2178483669936835,2.4521397532451283,"[ 2.46537133e-06 -7.64256725e-07  0.00000000e+00  0.00000000e+00
  0.00000000e+00 -2.05139645e-07 -7.64256725e-07  2.17672057e-06
  0.00000000e+00  0.00000000e+00  0.00000000e+00 -3.99759246e-08
  0.00000000e+00  0.00000000e+00  0.00000000e+00  0.00000000e+00
  0.00000000e+00  0.00000000e+00  0.00000000e+00  0.00000000e+00
  0.00000000e+00  0.00000000e+00  0.00000000e+00  0.00000000e+00
  0.00000000e+00  0.00000000e+00  0.00000000e+00  0.00000000e+00
  0.00000000e+00  0.00000000e+00 -2.05139645e-07 -3.99759246e-08
  0.00000000e+00  0.00000000e+00  0.00000000e+00  3.32582675e-06]","[[ 6.32641561e-05  6.68487439e-04]
 [-4.28117555e-05  1.06723536e-03]]",[],0.0,0.0
1787564029.6097481,2.3541349115159607,1.2178483669936835,2.4521397532451283,"[ 2.46537133e-06 -7.64256725e-07  0.00000000e+00  0.00000000e+00
  0.00000000e+00 -2.05139645e-07 -7.64256725e-07  2.17672057e-06
  0.00000000e+00  0.00000000e+00  0.00000000e+00 -3.99759246e-08
  0.00000000e+00  0.00000000e+00  0.00000000e+00  0.00000000e+00
  0.00000000e+00  0.00000000e+00  0.00000000e+00  0.00000000e+00
  0.00000000e+00  0.00000000e+00  0.00000000e+00  0.00000000e+00
  0.00000000e+00  0.00000000e+00  0.00000000e+00  0.00000000e+00
  0.00000000e+00  0.00000000e+00 -2.05139645e-07 -3.99759246e-08
  0.00000000e+00  0.00000000e+00  0.00000000e+00  3.32582675e-06]","[[ 6.32641561e-05  6.68487439e-04]
 [-4.28117555e-05  1.06723536e-03]]",[],0.0,0.0
1787564029.6648602,2.3541349115159607,1.2178483669936835,2.4521397532451283,"[ 2.46537133e-06 -7.64256725e-07  0.00000000e+00  0.00000000e+00
  0.00000000e+00 -2.05139645e-07 -7.64256725e-07  2.17672057e-06
  0.00000000e+00  0.00000000e+00  0.00000000e+00 -3.99759246e-08
  0.00000000e+00  0.00000000e+00  0.00000000e+00  0.00000000e+00
  0.00000000e+00  0.00000000e+00  0.00000000e+00  0.00000000e+00
  0.00000000e+00  0.00000000e+00  0.00000000e+00  0.00000000e+00
  0.00000000e+00  0.00000000e+00  0.00000000e+00  0.00000000e+00
  0.00000000e+00  0.00000000e+00 -2.05139645e-07 -3.99759246e-08
  0.00000000e+00  0.00000000e+00  0.00000000e+00  3.32582675e-06]","[[ 6.32641561e-05  6.68487439e-04]
 [-4.28117555e-05  1.06723536e-03]]",[],0.0,0.0
1787564029.7157767,2.3541349115159607,1.2178483669936835,2.4521397532451283,"[ 2.46537133e-06 -7.64256725e-07  0.00000000e+00  0.00000000e+00
  0.00000000e+00 -2.05139645e-07 -7.64256725e-07  2.17672057e-06
  0.00000000e+00  0.00000000e+00  0.00000000e+00 -3.99759246e-08
  0.00000000e+00  0.00000000e+00  0.00000000e+00  0.00000000e+00
  0.00000000e+00  0.00000000e+00  0.00000000e+00  0.00000000e+00
  0.00000000e+00  0.00000000e+00  0.00000000e+00  0.00000000e+00
  0.00000000e+00  0.00000000e+00  0.00000000e+00  0.00000000e+00
  0.00000000e+00  0.00000000e+00 -2.05139645e-07 -3.99759246e-08
  0.00000000e+00  0.00000000e+00  0.00000000e+00  3.32582675e-06]","[[ 6.32641561e-05  6.68487439e-04]
 [-4.28117555e-05  1.06723536e-03]]",[],0.0,0.0
1787564029.8662932,2.3541349115159607,1.2178483669936835,2.4521397532451283,"[ 2.46537133e-06 -7.64256725e-07  0.00000000e+00  0.00000000e+00
  0.00000000e+00 -2.05139645e-07 -7.64256725e-07  2.17672057e-06
  0.00000000e+00  0.00000000e+00  0.00000000e+00 -3.99759246e-08
  0.00000000e+00  0.00000000e+00  0.00000000e+00  0.00000000e+00
  0.00000000e+00  0.00000000e+00  0.00000000e+00  0.00000000e+00
  0.00000000e+00  0.00000000e+00  0.00000000e+00  0.00000000e+00
  0.00000000e+00  0.00000000e+00  0.00000000e+00  0.00000000e+00
  0.00000000e+00  0.00000000e+00 -2.05139645e-07 -3.99759246e-08
  0.00000000e+00  0.00000000e+00  0.00000000e+00  3.32582675e-06]","[[ 6.32641561e-05  6.68487439e-04]
 [-4.28117555e-05  1.06723536e-03]]",[],0.0,0.0
1787564029.9096646,2.357390170358348,1.2147152717429068,2.4630010074896163,"[ 2.44273610e-06 -7.75635223e-07  0.00000000e+00  0.00000000e+00
  0.00000000e+00 -1.94953518e-07 -7.75635223e-07  2.13487101e-06
  0.00000000e+00  0.00000000e+00  0.00000000e+00 -2.78809276e-08
  0.00000000e+00  0.00000000e+00  0.00000000e+00  0.00000000e+00
  0.00000000e+00  0.00000000e+00  0.00000000e+00  0.00000000e+00
  0.00000000e+00  0.00000000e+00  0.00000000e+00  0.00000000e+00
  0.00000000e+00  0.00000000e+00  0.00000000e+00  0.00000000e+00
  0.00000000e+00  0.00000000e+00 -1.94953518e-07 -2.78809276e-08
  0.00000000e+00  0.00000000e+00  0.00000000e+00  3.40374354e-06]","[[ 6.28997800e-05  6.38265167e-04]
 [-4.25719406e-05  1.01846560e-03]]",[],0.0,0.0
1787564029.966023,2.357390170358348,1.2147152717429068,2.4630010074896163,"[ 2.44273610e-06 -7.75635223e-07  0.00000000e+00  0.00000000e+00
  0.00000000e+00 -1.94953518e-07 -7.75635223e-07  2.13487101e-06
  0.00000000e+00  0.00000000e+00  0.00000000e+00 -2.78809276e-08
  0.00000000e+00  0.00000000e+00  0.00000000e+00  0.00000000e+00
  0.00000000e+00  0.00000000e+00  0.00000000e+00  0.00000000e+00
  0.00000000e+00  0.00000000e+00  0.00000000e+00  0.00000000e+00
  0.00000000e+00  0.00000000e+00  0.00000000e+00  0.00000000e+00
  0.00000000e+00  0.00000000e+00 -1.94953518e-07 -2.78809276e-08
  0.00000000e+00  0.00000000e+00  0.00000000e+00  3.40374354e-06]","[[ 6.28997800e-05  6.38265167e-04]
 [-4.25719406e-05  1.01846560e-03]]",[],0.0,0.0
1787564030.0151541,2.357390170358348,1.2147152717429068,2.4630010074896163,"[ 2.44273610e-06 -7.75635223e-07  0.00000000e+00  0.00000000e+00
  0.00000000e+00 -1.94953518e-07 -7.75635223e-07  2.13487101e-06
  0.00000000e+00  0.00000000e+00  0.00000000e+00 -2.78809276e-08
  0.00000000e+00  0.00000000e+00  0.00000000e+00  0.00000000e+00
  0.00000000e+00  0.00000000e+00  0.00000000e+00  0.00000000e+00
  0.00000000e+00  0.00000000e+00  0.00000000e+00  0.00000000e+00
  0.00000000e+00  0.00000000e+00  0.00000000e+00  0.00000000e+00
  0.00000000e+00  0.00000000e+00 -1.94953518e-07 -2.78809276e-08
  0.00000000e+00  0.00000000e+00  0.00000000e+00  3.40374354e-06]","[[ 6.28997800e-05  6.38265167e-04]
 [-4.25719406e-05  1.01846560e-03]]",[],0.0,0.0
1787564030.0615144,2.357390170358348,1.2147152717429068,2.4630010074896163,"[ 2.44273610e-06 -7.75635223e-07  0.00000000e+00  0.00000000e+00
  0.00000000e+00 -1.94953518e-07 -7.75635223e-07  2.13487101e-06
  0.00000000e+00  0.00000000e+00  0.00000000e+00 -2.78809276e-08
  0.00000000e+00  0.00000000e+00  0.00000000e+00  0.00000000e+00
  0.00000000e+00  0.00000000e+00  0.00000000e+00  0.00000000e+00
  0.00000000e+00  0.00000000e+00  0.00000000e+00  0.00000000e+00
  0.00000000e+00  0.00000000e+00  0.00000000e+00  0.00000000e+00
  0.00000000e+00  0.00000000e+00 -1.94953518e-07 -2.78809276e-08
  0.00000000e+00  0.00000000e+00  0.00000000e+00  3.40374354e-06]","[[ 6.28997800e-05  6.38265167e-04]
 [-4.25719406e-05  1.01846560e-03]]",[],0.0,0.0
1787564030.1093104,2.357390170358348,1.2147152717429068,2.4630010074896163,"[ 2.44273610e-06 -7.75635223e-07  0.00000000e+00  0.00000000e+00
  0.00000000e+00 -1.94953518e-07 -7.75635223e-07  2.13487101e-06
  0.00000000e+00  0.00000000e+00  0.00000000e+00 -2.78809276e-08
  0.00000000e+00  0.00000000e+00  0.00000000e+00  0.00000000e+00
  0.00000000e+00  0.00000000e+00  0.00000000e+00  0.00000000e+00
  0.00000000e+00  0.00000000e+00  0.00000000e+00  0.00000000e+00
  0.00000000e+00  0.00000000e+00  0.00000000e+00  0.00000000e+00
  0.00000000e+00  0.00000000e+00 -1.94953518e-07 -2.78809276e-08
  0.00000000e+00  0.00000000e+00  0.00000000e+00  3.40374354e-06]","[[ 6.28997800e-05  6.38265167e-04]
 [-4.25719406e-05  1.01846560e-03]]",[],0.0,0.0
1787564030.177813,2.357390170358348,1.2147152717429068,2.4630010074896163,"[ 2.44273610e-06 -7.75635223e-07  0.00000000e+00  0.00000000e+00
  0.00000000e+00 -1.94953518e-07 -7.75635223e-07  2.13487101e-06
  0.00000000e+00  0.00000000e+00  0.00000000e+00 -2.78809276e-08
  0.00000000e+00  0.00000000e+00  0.00000000e+00  0.00000000e+00
  0.00000000e+00  0.00000000e+00  0.00000000e+00  0.00000000e+00
  0.00000000e+00  0.00000000e+00  0.00000000e+00  0.00000000e+00
  0.00000000e+00  0.00000000e+00  0.00000000e+00  0.00000000e+00
  0.00000000e+00  0.00000000e+00 -1.94953518e-07 -2.78809276e-08
  0.00000000e+00  0.00000000e+00  0.00000000e+00  3.40374354e-06]","[[ 6.28997800e-05  6.38265167e-04]
 [-4.25719406e-05  1.01846560e-03]]",[],0.0,0.0
1787564030.2193193,2.357390170358348,1.2147152717429068,2.4630010074896163,"[ 2.44273610e-06 -7.75635223e-07  0.00000000e+00  0.00000000e+00
  0.00000000e+00 -1.94953518e-07 -7.75635223e-07  2.13487101e-06
  0.00000000e+00  0.00000000e+00  0.00000000e+00 -2.78809276e-08
  0.00000000e+00  0.00000000e+00  0.00000000e+00  0.00000000e+00
  0.00000000e+00  0.00000000e+00  0.00000000e+00  0.00000000e+00
  0.00000000e+00  0.00000000e+00  0.00000000e+00  0.00000000e+00
  0.00000000e+00  0.00000000e+00  0.00000000e+00  0.00000000e+00
  0.00000000e+00  0.00000000e+00 -1.94953518e-07 -2.78809276e-08
  0.00000000e+00  0.00000000e+00  0.00000000e+00  3.40374354e-06]","[[ 6.28997800e-05  6.38265167e-04]
 [-4.25719406e-05  1.01846560e-03]]",[],0.0,0.0
1787564030.268166,2.357390170358348,1.2147152717429068,2.4630010074896163,"[ 2.44273610e-06 -7.75635223e-07  0.00000000e+00  0.00000000e+00
  0.00000000e+00 -1.94953518e-07 -7.75635223e-07  2.13487101e-06
  0.00000000e+00  0.00000000e+00  0.00000000e+00 -2.78809276e-08
  0.00000000e+00  0.00000000e+00  0.00000000e+00  0.00000000e+00
  0.00000000e+00  0.00000000e+00  0.00000000e+00  0.00000000e+00
  0.00000000e+00  0.00000000e+00  0.00000000e+00  0.00000000e+00
  0.00000000e+00  0.00000000e+00  0.00000000e+00  0.00000000e+00
  0.00000000e+00  0.00000000e+00 -1.94953518e-07 -2.78809276e-08
  0.00000000e+00  0.00000000e+00  0.00000000e+00  3.40374354e-06]","[[ 6.28997800e-05  6.38265167e-04]
 [-4.25719406e-05  1.01846560e-03]]",[],0.0,0.0
1787564030.3258753,2.357390170358348,1.2147152717429068,2.4630010074896163,"[ 2.44273610e-06 -7.75635223e-07  0.00000000e+00  0.00000000e+00
  0.00000000e+00 -1.94953518e-07 -7.75635223e-07  2.13487101e-06
  0.00000000e+00  0.00000000e+00  0.00000000e+00 -2.78809276e-08
  0.00000000e+00  0.00000000e+00  0.00000000e+00  0.00000000e+00
  0.00000000e+00  0.00000000e+00  0.00000000e+00  0.00000000e+00
  0.00000000e+00  0.00000000e+00  0.00000000e+00  0.00000000e+00
  0.00000000e+00  0.00000000e+00  0.00000000e+00  0.00000000e+00
  0.00000000e+00  0.00000000e+00 -1.94953518e-07 -2.78809276e-08
  0.00000000e+00  0.00000000e+00  0.00000000e+00  3.40374354e-06]","[[ 6.28997800e-05  6.38265167e-04]
 [-4.25719406e-05  1.01846560e-03]]",[],0.0,0.0
1787564030.3707657,2.3599807266334807,1.212104112479353,2.4752503484940265,"[ 2.36858091e-06 -7.43986507e-07  0.00000000e+00  0.00000000e+00
  0.00000000e+00 -1.92574997e-07 -7.43986507e-07  2.06409214e-06
  0.00000000e+00  0.00000000e+00  0.00000000e+00 -1.87860522e-08
  0.00000000e+00  0.00000000e+00  0.00000000e+00  0.00000000e+00
  0.00000000e+00  0.00000000e+00  0.00000000e+00  0.00000000e+00
  0.00000000e+00  0.00000000e+00  0.00000000e+00  0.00000000e+00
  0.00000000e+00  0.00000000e+00  0.00000000e+00  0.00000000e+00
  0.00000000e+00  0.00000000e+00 -1.92574997e-07 -1.87860522e-08
  0.00000000e+00  0.00000000e+00  0.00000000e+00  3.05007816e-06]","[[ 6.08877469e-05  6.29549162e-04]
 [-4.10472297e-05  9.70926552e-04]]",[],0.0,0.0
1787564030.4096463,2.3599807266334807,1.212104112479353,2.4752503484940265,"[ 2.36858091e-06 -7.43986507e-07  0.00000000e+00  0.00000000e+00
  0.00000000e+00 -1.92574997e-07 -7.43986507e-07  2.06409214e-06
  0.00000000e+00  0.00000000e+00  0.00000000e+00 -1.87860522e-08
  0.00000000e+00  0.00000000e+00  0.00000000e+00  0.00000000e+00
  0.00000000e+00  0.00000000e+00  0.00000000e+00  0.00000000e+00
  0.00000000e+00  0.00000000e+00  0.00000000e+00  0.00000000e+00
  0.00000000e+00  0.00000000e+00  0.00000000e+00  0.00000000e+00
  0.00000000e+00  0.00000000e+00 -1.92574997e-07 -1.87860522e-08
  0.00000000e+00  0.00000000e+00  0.00000000e+00  3.05007816e-06]","[[ 6.08877469e-05  6.29549162e-04]
 [-4.10472297e-05  9.70926552e-04]]",[],0.0,0.0
1787564030.460247,2.3599807266334807,1.212104112479353,2.4752503484940265,"[ 2.36858091e-06 -7.43986507e-07  0.00000000e+00  0.00000000e+00
  0.00000000e+00 -1.92574997e-07 -7.43986507e-07  2.06409214e-06
  0.00000000e+00  0.00000000e+00  0.00000000e+00 -1.87860522e-08
  0.00000000e+00  0.00000000e+00  0.00000000e+00  0.00000000e+00
  0.00000000e+00  0.00000000e+00  0.00000000e+00  0.00000000e+00
  0.00000000e+00  0.00000000e+00  0.00000000e+00  0.00000000e+00
  0.00000000e+00  0.00000000e+00  0.00000000e+00  0.00000000e+00
  0.00000000e+00  0.00000000e+00 -1.92574997e-07 -1.87860522e-08
  0.00000000e+00  0.00000000e+00  0.00000000e+00  3.05007816e-06]","[[ 6.08877469e-05  6.29549162e-04]
 [-4.10472297e-05  9.70926552e-04]]",[],0.0,0.0
1787564030.5098531,2.3599807266334807,1.212104112479353,2.4752503484940265,"[ 2.36858091e-06 -7.43986507e-07  0.00000000e+00  0.00000000e+00
  0.00000000e+00 -1.92574997e-07 -7.43986507e-07  2.06409214e-06
  0.00000000e+00  0.00000000e+00  0.00000000e+00 -1.87860522e-08
  0.00000000e+00  0.00000000e+00  0.00000000e+00  0.00000000e+00
  0.00000000e+00  0.00000000e+00  0.00000000e+00  0.00000000e+00
  0.00000000e+00  0.00000000e+00  0.00000000e+00  0.00000000e+00
  0.00000000e+00  0.00000000e+00  0.00000000e+00  0.00000000e+00
  0.00000000e+00  0.00000000e+00 -1.92574997e-07 -1.87860522e-08
  0.00000000e+00  0.00000000e+00  0.00000000e+00  3.05007816e-06]","[[ 6.08877469e-05  6.29549162e-04]
 [-4.10472297e-05  9.70926552e-04]]",[],0.0,0.0
1787564030.559886,2.3599807266334807,1.212104112479353,2.4752503484940265,"[ 2.36858091e-06 -7.43986507e-07  0.00000000e+00  0.00000000e+00
  0.00000000e+00 -1.92574997e-07 -7.43986507e-07  2.06409214e-06
  0.00000000e+00  0.00000000e+00  0.00000000e+00 -1.87860522e-08
  0.00000000e+00  0.00000000e+00  0.00000000e+00  0.00000000e+00
  0.00000000e+00  0.00000000e+00  0.00000000e+00  0.00000000e+00
  0.00000000e+00  0.00000000e+00  0.00000000e+00  0.00000000e+00
  0.00000000e+00  0.00000000e+00  0.00000000e+00  0.00000000e+00
  0.00000000e+00  0.00000000e+00 -1.92574997e-07 -1.87860522e-08
  0.00000000e+00  0.00000000e+00  0.00000000e+00  3.05007816e-06]","[[ 6.08877469e-05  6.29549162e-04]
 [-4.10472297e-05  9.70926552e-04]]",[],0.0,0.0
1787564030.6093657,2.3599807266334807,1.212104112479353,2.4752503484940265,"[ 2.36858091e-06 -7.43986507e-07  0.00000000e+00  0.00000000e+00
  0.00000000e+00 -1.92574997e-07 -7.43986507e-07  2.06409214e-06
  0.00000000e+00  0.00000000e+00  0.00000000e+00 -1.87860522e-08
  0.00000000e+00  0.00000000e+00  0.00000000e+00  0.00000000e+00
  0.00000000e+00  0.00000000e+00  0.00000000e+00  0.00000000e+00
  0.00000000e+00  0.00000000e+00  0.00000000e+00  0.00000000e+00
  0.00000000e+00  0.00000000e+00  0.00000000e+00  0.00000000e+00
  0.00000000e+00  0.00000000e+00 -1.92574997e-07 -1.87860522e-08
  0.00000000e+00  0.00000000e+00  0.00000000e+00  3.05007816e-06]","[[ 6.08877469e-05  6.29549162e-04]
 [-4.10472297e-05  9.70926552e-04]]",[],0.0,0.0
1787564030.672631,2.3599807266334807,1.212104112479353,2.4752503484940265,"[ 2.36858091e-06 -7.43986507e-07  0.00000000e+00  0.00000000e+00
  0.00000000e+00 -1.92574997e-07 -7.43986507e-07  2.06409214e-06
  0.00000000e+00  0.00000000e+00  0.00000000e+00 -1.87860522e-08
  0.00000000e+00  0.00000000e+00  0.00000000e+00  0.00000000e+00
  0.00000000e+00  0.00000000e+00  0.00000000e+00  0.00000000e+00
  0.00000000e+00  0.00000000e+00  0.00000000e+00  0.00000000e+00
  0.00000000e+00  0.00000000e+00  0.00000000e+00  0.00000000e+00
  0.00000000e+00  0.00000000e+00 -1.92574997e-07 -1.87860522e-08
  0.00000000e+00  0.00000000e+00  0.00000000e+00  3.05007816e-06]","[[ 6.08877469e-05  6.29549162e-04]
 [-4.10472297e-05  9.70926552e-04]]",[],0.0,0.0
1787564030.70969,2.3599807266334807,1.212104112479353,2.4752503484940265,"[ 2.36858091e-06 -7.43986507e-07  0.00000000e+00  0.00000000e+00
  0.00000000e+00 -1.92574997e-07 -7.43986507e-07  2.06409214e-06
  0.00000000e+00  0.00000000e+00  0.00000000e+00 -1.87860522e-08
  0.00000000e+00  0.00000000e+00  0.00000000e+00  0.00000000e+00
  0.00000000e+00  0.00000000e+00  0.00000000e+00  0.00000000e+00
  0.00000000e+00  0.00000000e+00  0.00000000e+00  0.00000000e+00
  0.00000000e+00  0.00000000e+00  0.00000000e+00  0.00000000e+00
  0.00000000e+00  0.00000000e+00 -1.92574997e-07 -1.87860522e-08
  0.00000000e+00  0.00000000e+00  0.00000000e+00  3.05007816e-06]","[[ 6.08877469e-05  6.29549162e-04]
 [-4.10472297e-05  9.70926552e-04]]",[],0.0,0.0
1787564030.7623193,2.3599807266334807,1.212104112479353,2.4752503484940265,"[ 2.36858091e-06 -7.43986507e-07  0.00000000e+00  0.00000000e+00
  0.00000000e+00 -1.92574997e-07 -7.43986507e-07  2.06409214e-06
  0.00000000e+00  0.00000000e+00  0.00000000e+00 -1.87860522e-08
  0.00000000e+00  0.00000000e+00  0.00000000e+00  0.00000000e+00
  0.00000000e+00  0.00000000e+00  0.00000000e+00  0.00000000e+00
  0.00000000e+00  0.00000000e+00  0.00000000e+00  0.00000000e+00
  0.00000000e+00  0.00000000e+00  0.00000000e+00  0.00000000e+00
  0.00000000e+00  0.00000000e+00 -1.92574997e-07 -1.87860522e-08
  0.00000000e+00  0.00000000e+00  0.00000000e+00  3.05007816e-06]","[[ 6.08877469e-05  6.29549162e-04]
 [-4.10472297e-05  9.70926552e-04]]",[],0.0,0.0
1787564030.8098893,2.3639544273463637,1.2090162306132828,2.487953227643466,"[ 2.30789981e-06 -7.18859783e-07  0.00000000e+00  0.00000000e+00
  0.00000000e+00 -1.82667691e-07 -7.18859783e-07  1.99806114e-06
  0.00000000e+00  0.00000000e+00  0.00000000e+00 -1.98787959e-08
  0.00000000e+00  0.00000000e+00  0.00000000e+00  0.00000000e+00
  0.00000000e+00  0.00000000e+00  0.00000000e+00  0.00000000e+00
  0.00000000e+00  0.00000000e+00  0.00000000e+00  0.00000000e+00
  0.00000000e+00  0.00000000e+00  0.00000000e+00  0.00000000e+00
  0.00000000e+00  0.00000000e+00 -1.82667691e-07 -1.98787959e-08
  0.00000000e+00  0.00000000e+00  0.00000000e+00  2.96894084e-06]","[[ 5.92503306e-05  6.08837968e-04]
 [-3.97194449e-05  9.41407243e-04]]",[],0.0,0.0
1787564030.859803,2.3639544273463637,1.2090162306132828,2.487953227643466,"[ 2.30789981e-06 -7.18859783e-07  0.00000000e+00  0.00000000e+00
  0.00000000e+00 -1.82667691e-07 -7.18859783e-07  1.99806114e-06
  0.00000000e+00  0.00000000e+00  0.00000000e+00 -1.98787959e-08
  0.00000000e+00  0.00000000e+00  0.00000000e+00  0.00000000e+00
  0.00000000e+00  0.00000000e+00  0.00000000e+00  0.00000000e+00
  0.00000000e+00  0.00000000e+00  0.00000000e+00  0.00000000e+00
  0.00000000e+00  0.00000000e+00  0.00000000e+00  0.00000000e+00
  0.00000000e+00  0.00000000e+00 -1.82667691e-07 -1.98787959e-08
  0.00000000e+00  0.00000000e+00  0.00000000e+00  2.96894084e-06]","[[ 5.92503306e-05  6.08837968e-04]
 [-3.97194449e-05  9.41407243e-04]]",[],0.0,0.0
1787564030.9093425,2.3639544273463637,1.2090162306132828,2.487953227643466,"[ 2.30789981e-06 -7.18859783e-07  0.00000000e+00  0.00000000e+00
  0.00000000e+00 -1.82667691e-07 -7.18859783e-07  1.99806114e-06
  0.00000000e+00  0.00000000e+00  0.00000000e+00 -1.98787959e-08
  0.00000000e+00  0.00000000e+00  0.00000000e+00  0.00000000e+00
  0.00000000e+00  0.00000000e+00  0.00000000e+00  0.00000000e+00
  0.00000000e+00  0.00000000e+00  0.00000000e+00  0.00000000e+00
  0.00000000e+00  0.00000000e+00  0.00000000e+00  0.00000000e+00
  0.00000000e+00  0.00000000e+00 -1.82667691e-07 -1.98787959e-08
  0.00000000e+00  0.00000000e+00  0.00000000e+00  2.96894084e-06]","[[ 5.92503306e-05  6.08837968e-04]
 [-3.97194449e-05  9.41407243e-04]]",[],0.0,0.0
1787564030.9599965,2.3639544273463637,1.2090162306132828,2.487953227643466,"[ 2.30789981e-06 -7.18859783e-07  0.00000000e+00  0.00000000e+00
  0.00000000e+00 -1.82667691e-07 -7.18859783e-07  1.99806114e-06
  0.00000000e+00  0.00000000e+00  0.00000000e+00 -1.98787959e-08
  0.00000000e+00  0.00000000e+00  0.00000000e+00  0.00000000e+00
  0.00000000e+00  0.00000000e+00  0.00000000e+00  0.00000000e+00
  0.00000000e+00  0.00000000e+00  0.00000000e+00  0.00000000e+00
  0.00000000e+00  0.00000000e+00  0.00000000e+00  0.00000000e+00
  0.00000000e+00  0.00000000e+00 -1.82667691e-07 -1.98787959e-08
  0.00000000e+00  0.00000000e+00  0.00000000e+00  2.96894084e-06]","[[ 5.92503306e-05  6.08837968e-04]
 [-3.97194449e-05  9.41407243e-04]]",[],0.0,0.0
1787564031.0096972,2.3639544273463637,1.2090162306132828,2.487953227643466,"[ 2.30789981e-06 -7.18859783e-07  0.00000000e+00  0.00000000e+00
  0.00000000e+00 -1.82667691e-07 -7.18859783e-07  1.99806114e-06
  0.00000000e+00  0.00000000e+00  0.00000000e+00 -1.98787959e-08
  0.00000000e+00  0.00000000e+00  0.00000000e+00  0.00000000e+00
  0.00000000e+00  0.00000000e+00  0.00000000e+00  0.00000000e+00
  0.00000000e+00  0.00000000e+00  0.00000000e+00  0.00000000e+00
  0.00000000e+00  0.00000000e+00  0.00000000e+00  0.00000000e+00
  0.00000000e+00  0.00000000e+00 -1.82667691e-07 -1.98787959e-08
  0.00000000e+00  0.00000000e+00  0.00000000e+00  2.96894084e-06]","[[ 5.92503306e-05  6.08837968e-04]
 [-3.97194449e-05  9.41407243e-04]]",[],0.0,0.0
1787564031.060462,2.3639544273463637,1.2090162306132828,2.487953227643466,"[ 2.30789981e-06 -7.18859783e-07  0.00000000e+00  0.00000000e+00
  0.00000000e+00 -1.82667691e-07 -7.18859783e-07  1.99806114e-06
  0.00000000e+00  0.00000000e+00  0.00000000e+00 -1.98787959e-08
  0.00000000e+00  0.00000000e+00  0.00000000e+00  0.00000000e+00
  0.00000000e+00  0.00000000e+00  0.00000000e+00  0.00000000e+00
  0.00000000e+00  0.00000000e+00  0.00000000e+00  0.00000000e+00
  0.00000000e+00  0.00000000e+00  0.00000000e+00  0.00000000e+00
  0.00000000e+00  0.00000000e+00 -1.82667691e-07 -1.98787959e-08
  0.00000000e+00  0.00000000e+00  0.00000000e+00  2.96894084e-06]","[[ 5.92503306e-05  6.08837968e-04]
 [-3.97194449e-05  9.41407243e-04]]",[],0.0,0.0
1787564031.1101418,2.3639544273463637,1.2090162306132828,2.487953227643466,"[ 2.30789981e-06 -7.18859783e-07  0.00000000e+00  0.00000000e+00
  0.00000000e+00 -1.82667691e-07 -7.18859783e-07  1.99806114e-06
  0.00000000e+00  0.00000000e+00  0.00000000e+00 -1.98787959e-08
  0.00000000e+00  0.00000000e+00  0.00000000e+00  0.00000000e+00
  0.00000000e+00  0.00000000e+00  0.00000000e+00  0.00000000e+00
  0.00000000e+00  0.00000000e+00  0.00000000e+00  0.00000000e+00
  0.00000000e+00  0.00000000e+00  0.00000000e+00  0.00000000e+00
  0.00000000e+00  0.00000000e+00 -1.82667691e-07 -1.98787959e-08
  0.00000000e+00  0.00000000e+00  0.00000000e+00  2.96894084e-06]","[[ 5.92503306e-05  6.08837968e-04]
 [-3.97194449e-05  9.41407243e-04]]",[],0.0,0.0
1787564031.2720475,2.3639544273463637,1.2090162306132828,2.487953227643466,"[ 2.30789981e-06 -7.18859783e-07  0.00000000e+00  0.00000000e+00
  0.00000000e+00 -1.82667691e-07 -7.18859783e-07  1.99806114e-06
  0.00000000e+00  0.00000000e+00  0.00000000e+00 -1.98787959e-08
  0.00000000e+00  0.00000000e+00  0.00000000e+00  0.00000000e+00
  0.00000000e+00  0.00000000e+00  0.00000000e+00  0.00000000e+00
  0.00000000e+00  0.00000000e+00  0.00000000e+00  0.00000000e+00
  0.00000000e+00  0.00000000e+00  0.00000000e+00  0.00000000e+00
  0.00000000e+00  0.00000000e+00 -1.82667691e-07 -1.98787959e-08
  0.00000000e+00  0.00000000e+00  0.00000000e+00  2.96894084e-06]","[[ 5.92503306e-05  6.08837968e-04]
 [-3.97194449e-05  9.41407243e-04]]",[],0.0,0.0
1787564031.3096704,2.3678427837831704,1.2050936652000668,2.4922428968947052,"[ 2.24738461e-06 -6.92022027e-07  0.00000000e+00  0.00000000e+00
  0.00000000e+00 -1.60775748e-07 -6.92022027e-07  1.93029167e-06
  0.00000000e+00  0.00000000e+00  0.00000000e+00 -3.05941111e-08
  0.00000000e+00  0.00000000e+00  0.00000000e+00  0.00000000e+00
  0.00000000e+00  0.00000000e+00  0.00000000e+00  0.00000000e+00
  0.00000000e+00  0.00000000e+00  0.00000000e+00  0.00000000e+00
  0.00000000e+00  0.00000000e+00  0.00000000e+00  0.00000000e+00
  0.00000000e+00  0.00000000e+00 -1.60775748e-07 -3.05941111e-08
  0.00000000e+00  0.00000000e+00  0.00000000e+00  2.89821583e-06]","[[ 5.75973019e-05  5.68986197e-04]
 [-3.83290414e-05  9.27067127e-04]]",[],0.0,0.0
1787564031.370832,2.3678427837831704,1.2050936652000668,2.4922428968947052,"[ 2.24738461e-06 -6.92022027e-07  0.00000000e+00  0.00000000e+00
  0.00000000e+00 -1.60775748e-07 -6.92022027e-07  1.93029167e-06
  0.00000000e+00  0.00000000e+00  0.00000000e+00 -3.05941111e-08
  0.00000000e+00  0.00000000e+00  0.00000000e+00  0.00000000e+00
  0.00000000e+00  0.00000000e+00  0.00000000e+00  0.00000000e+00
  0.00000000e+00  0.00000000e+00  0.00000000e+00  0.00000000e+00
  0.00000000e+00  0.00000000e+00  0.00000000e+00  0.00000000e+00
  0.00000000e+00  0.00000000e+00 -1.60775748e-07 -3.05941111e-08
  0.00000000e+00  0.00000000e+00  0.00000000e+00  2.89821583e-06]","[[ 5.75973019e-05  5.68986197e-04]
 [-3.83290414e-05  9.27067127e-04]]",[],0.0,0.0
1787564031.4104147,2.3678427837831704,1.2050936652000668,2.4922428968947052,"[ 2.24738461e-06 -6.92022027e-07  0.00000000e+00  0.00000000e+00
  0.00000000e+00 -1.60775748e-07 -6.92022027e-07  1.93029167e-06
  0.00000000e+00  0.00000000e+00  0.00000000e+00 -3.05941111e-08
  0.00000000e+00  0.00000000e+00  0.00000000e+00  0.00000000e+00
  0.00000000e+00  0.00000000e+00  0.00000000e+00  0.00000000e+00
  0.00000000e+00  0.00000000e+00  0.00000000e+00  0.00000000e+00
  0.00000000e+00  0.00000000e+00  0.00000000e+00  0.00000000e+00
  0.00000000e+00  0.00000000e+00 -1.60775748e-07 -3.05941111e-08
  0.00000000e+00  0.00000000e+00  0.00000000e+00  2.89821583e-06]","[[ 5.75973019e-05  5.68986197e-04]
 [-3.83290414e-05  9.27067127e-04]]",[],0.0,0.0
1787564031.461654,2.3678427837831704,1.2050936652000668,2.4922428968947052,"[ 2.24738461e-06 -6.92022027e-07  0.00000000e+00  0.00000000e+00
  0.00000000e+00 -1.60775748e-07 -6.92022027e-07  1.93029167e-06
  0.00000000e+00  0.00000000e+00  0.00000000e+00 -3.05941111e-08
  0.00000000e+00  0.00000000e+00  0.00000000e+00  0.00000000e+00
  0.00000000e+00  0.00000000e+00  0.00000000e+00  0.00000000e+00
  0.00000000e+00  0.00000000e+00  0.00000000e+00  0.00000000e+00
  0.00000000e+00  0.00000000e+00  0.00000000e+00  0.00000000e+00
  0.00000000e+00  0.00000000e+00 -1.60775748e-07 -3.05941111e-08
  0.00000000e+00  0.00000000e+00  0.00000000e+00  2.89821583e-06]","[[ 5.75973019e-05  5.68986197e-04]
 [-3.83290414e-05  9.27067127e-04]]",[],0.0,0.0
1787564031.5093064,2.3678427837831704,1.2050936652000668,2.4922428968947052,"[ 2.24738461e-06 -6.92022027e-07  0.00000000e+00  0.00000000e+00
  0.00000000e+00 -1.60775748e-07 -6.92022027e-07  1.93029167e-06
  0.00000000e+00  0.00000000e+00  0.00000000e+00 -3.05941111e-08
  0.00000000e+00  0.00000000e+00  0.00000000e+00  0.00000000e+00
  0.00000000e+00  0.00000000e+00  0.00000000e+00  0.00000000e+00
  0.00000000e+00  0.00000000e+00  0.00000000e+00  0.00000000e+00
  0.00000000e+00  0.00000000e+00  0.00000000e+00  0.00000000e+00
  0.00000000e+00  0.00000000e+00 -1.60775748e-07 -3.05941111e-08
  0.00000000e+00  0.00000000e+00  0.00000000e+00  2.89821583e-06]","[[ 5.75973019e-05  5.68986197e-04]
 [-3.83290414e-05  9.27067127e-04]]",[],0.0,0.0
1787564031.560781,2.3678427837831704,1.2050936652000668,2.4922428968947052,"[ 2.24738461e-06 -6.92022027e-07  0.00000000e+00  0.00000000e+00
  0.00000000e+00 -1.60775748e-07 -6.92022027e-07  1.93029167e-06
  0.00000000e+00  0.00000000e+00  0.00000000e+00 -3.05941111e-08
  0.00000000e+00  0.00000000e+00  0.00000000e+00  0.00000000e+00
  0.00000000e+00  0.00000000e+00  0.00000000e+00  0.00000000e+00
  0.00000000e+00  0.00000000e+00  0.00000000e+00  0.00000000e+00
  0.00000000e+00  0.00000000e+00  0.00000000e+00  0.00000000e+00
  0.00000000e+00  0.00000000e+00 -1.60775748e-07 -3.05941111e-08
  0.00000000e+00  0.00000000e+00  0.00000000e+00  2.89821583e-06]","[[ 5.75973019e-05  5.68986197e-04]
 [-3.83290414e-05  9.27067127e-04]]",[],0.0,0.0
1787564031.6118624,2.3678427837831704,1.2050936652000668,2.4922428968947052,"[ 2.24738461e-06 -6.92022027e-07  0.00000000e+00  0.00000000e+00
  0.00000000e+00 -1.60775748e-07 -6.92022027e-07  1.93029167e-06
  0.00000000e+00  0.00000000e+00  0.00000000e+00 -3.05941111e-08
  0.00000000e+00  0.00000000e+00  0.00000000e+00  0.00000000e+00
  0.00000000e+00  0.00000000e+00  0.00000000e+00  0.00000000e+00
  0.00000000e+00  0.00000000e+00  0.00000000e+00  0.00000000e+00
  0.00000000e+00  0.00000000e+00  0.00000000e+00  0.00000000e+00
  0.00000000e+00  0.00000000e+00 -1.60775748e-07 -3.05941111e-08
  0.00000000e+00  0.00000000e+00  0.00000000e+00  2.89821583e-06]","[[ 5.75973019e-05  5.68986197e-04]
 [-3.83290414e-05  9.27067127e-04]]",[],0.0,0.0
1787564031.6608908,2.3678427837831704,1.2050936652000668,2.4922428968947052,"[ 2.24738461e-06 -6.92022027e-07  0.00000000e+00  0.00000000e+00
  0.00000000e+00 -1.60775748e-07 -6.92022027e-07  1.93029167e-06
  0.00000000e+00  0.00000000e+00  0.00000000e+00 -3.05941111e-08
  0.00000000e+00  0.00000000e+00  0.00000000e+00  0.00000000e+00
  0.00000000e+00  0.00000000e+00  0.00000000e+00  0.00000000e+00
  0.00000000e+00  0.00000000e+00  0.00000000e+00  0.00000000e+00
  0.00000000e+00  0.00000000e+00  0.00000000e+00  0.00000000e+00
  0.00000000e+00  0.00000000e+00 -1.60775748e-07 -3.05941111e-08
  0.00000000e+00  0.00000000e+00  0.00000000e+00  2.89821583e-06]","[[ 5.75973019e-05  5.68986197e-04]
 [-3.83290414e-05  9.27067127e-04]]",[],0.0,0.0
1787564031.7095838,2.3678427837831704,1.2050936652000668,2.4922428968947052,"[ 2.24738461e-06 -6.92022027e-07  0.00000000e+00  0.00000000e+00
  0.00000000e+00 -1.60775748e-07 -6.92022027e-07  1.93029167e-06
  0.00000000e+00  0.00000000e+00  0.00000000e+00 -3.05941111e-08
  0.00000000e+00  0.00000000e+00  0.00000000e+00  0.00000000e+00
  0.00000000e+00  0.00000000e+00  0.00000000e+00  0.00000000e+00
  0.00000000e+00  0.00000000e+00  0.00000000e+00  0.00000000e+00
  0.00000000e+00  0.00000000e+00  0.00000000e+00  0.00000000e+00
  0.00000000e+00  0.00000000e+00 -1.60775748e-07 -3.05941111e-08
  0.00000000e+00  0.00000000e+00  0.00000000e+00  2.89821583e-06]","[[ 5.75973019e-05  5.68986197e-04]
 [-3.83290414e-05  9.27067127e-04]]",[],0.0,0.0
1787564031.7662082,2.3678427837831704,1.2050936652000668,2.4922428968947052,"[ 2.24738461e-06 -6.92022027e-07  0.00000000e+00  0.00000000e+00
  0.00000000e+00 -1.60775748e-07 -6.92022027e-07  1.93029167e-06
  0.00000000e+00  0.00000000e+00  0.00000000e+00 -3.05941111e-08
  0.00000000e+00  0.00000000e+00  0.00000000e+00  0.00000000e+00
  0.00000000e+00  0.00000000e+00  0.00000000e+00  0.00000000e+00
  0.00000000e+00  0.00000000e+00  0.00000000e+00  0.00000000e+00
  0.00000000e+00  0.00000000e+00  0.00000000e+00  0.00000000e+00
  0.00000000e+00  0.00000000e+00 -1.60775748e-07 -3.05941111e-08
  0.00000000e+00  0.00000000e+00  0.00000000e+00  2.89821583e-06]","[[ 5.75973019e-05  5.68986197e-04]
 [-3.83290414e-05  9.27067127e-04]]",[],0.0,0.0
1787564031.8131764,2.3678427837831704,1.2050936652000668,2.4922428968947052,"[ 2.24738461e-06 -6.92022027e-07  0.00000000e+00  0.00000000e+00
  0.00000000e+00 -1.60775748e-07 -6.92022027e-07  1.93029167e-06
  0.00000000e+00  0.00000000e+00  0.00000000e+00 -3.05941111e-08
  0.00000000e+00  0.00000000e+00  0.00000000e+00  0.00000000e+00
  0.00000000e+00  0.00000000e+00  0.00000000e+00  0.00000000e+00
  0.00000000e+00  0.00000000e+00  0.00000000e+00  0.00000000e+00
  0.00000000e+00  0.00000000e+00  0.00000000e+00  0.00000000e+00
  0.00000000e+00  0.00000000e+00 -1.60775748e-07 -3.05941111e-08
  0.00000000e+00  0.00000000e+00  0.00000000e+00  2.89821583e-06]","[[ 5.75973019e-05  5.68986197e-04]
 [-3.83290414e-05  9.27067127e-04]]",[],0.0,0.0
1787564031.866113,2.370710341143158,1.2027386625205068,2.501869471969786,"[ 2.21470122e-06 -6.86287537e-07  0.00000000e+00  0.00000000e+00
  0.00000000e+00 -1.73050986e-07 -6.86287537e-07  1.88303367e-06
  0.00000000e+00  0.00000000e+00  0.00000000e+00 -3.10128959e-08
  0.00000000e+00  0.00000000e+00  0.00000000e+00  0.00000000e+00
  0.00000000e+00  0.00000000e+00  0.00000000e+00  0.00000000e+00
  0.00000000e+00  0.00000000e+00  0.00000000e+00  0.00000000e+00
  0.00000000e+00  0.00000000e+00  0.00000000e+00  0.00000000e+00
  0.00000000e+00  0.00000000e+00 -1.73050986e-07 -3.10128959e-08
  0.00000000e+00  0.00000000e+00  0.00000000e+00  3.14082078e-06]","[[ 5.68045392e-05  5.82721392e-04]
 [-3.76567538e-05  9.00498650e-04]]",[],0.0,0.0
1787564031.9108016,2.370710341143158,1.2027386625205068,2.501869471969786,"[ 2.21470122e-06 -6.86287537e-07  0.00000000e+00  0.00000000e+00
  0.00000000e+00 -1.73050986e-07 -6.86287537e-07  1.88303367e-06
  0.00000000e+00  0.00000000e+00  0.00000000e+00 -3.10128959e-08
  0.00000000e+00  0.00000000e+00  0.00000000e+00  0.00000000e+00
  0.00000000e+00  0.00000000e+00  0.00000000e+00  0.00000000e+00
  0.00000000e+00  0.00000000e+00  0.00000000e+00  0.00000000e+00
  0.00000000e+00  0.00000000e+00  0.00000000e+00  0.00000000e+00
  0.00000000e+00  0.00000000e+00 -1.73050986e-07 -3.10128959e-08
  0.00000000e+00  0.00000000e+00  0.00000000e+00  3.14082078e-06]","[[ 5.68045392e-05  5.82721392e-04]
 [-3.76567538e-05  9.00498650e-04]]",[],0.0,0.0
1787564031.9593341,2.370710341143158,1.2027386625205068,2.501869471969786,"[ 2.21470122e-06 -6.86287537e-07  0.00000000e+00  0.00000000e+00
  0.00000000e+00 -1.73050986e-07 -6.86287537e-07  1.88303367e-06
  0.00000000e+00  0.00000000e+00  0.00000000e+00 -3.10128959e-08
  0.00000000e+00  0.00000000e+00  0.00000000e+00  0.00000000e+00
  0.00000000e+00  0.00000000e+00  0.00000000e+00  0.00000000e+00
  0.00000000e+00  0.00000000e+00  0.00000000e+00  0.00000000e+00
  0.00000000e+00  0.00000000e+00  0.00000000e+00  0.00000000e+00
  0.00000000e+00  0.00000000e+00 -1.73050986e-07 -3.10128959e-08
  0.00000000e+00  0.00000000e+00  0.00000000e+00  3.14082078e-06]","[[ 5.68045392e-05  5.82721392e-04]
 [-3.76567538e-05  9.00498650e-04]]",[],0.0,0.0
1787564032.0155525,2.370710341143158,1.2027386625205068,2.501869471969786,"[ 2.21470122e-06 -6.86287537e-07  0.00000000e+00  0.00000000e+00
  0.00000000e+00 -1.73050986e-07 -6.86287537e-07  1.88303367e-06
  0.00000000e+00  0.00000000e+00  0.00000000e+00 -3.10128959e-08
  0.00000000e+00  0.00000000e+00  0.00000000e+00  0.00000000e+00
  0.00000000e+00  0.00000000e+00  0.00000000e+00  0.00000000e+00
  0.00000000e+00  0.00000000e+00  0.00000000e+00  0.00000000e+00
  0.00000000e+00  0.00000000e+00  0.00000000e+00  0.00000000e+00
  0.00000000e+00  0.00000000e+00 -1.73050986e-07 -3.10128959e-08
  0.00000000e+00  0.00000000e+00  0.00000000e+00  3.14082078e-06]","[[ 5.68045392e-05  5.82721392e-04]
 [-3.76567538e-05  9.00498650e-04]]",[],0.0,0.0
1787564032.0597122,2.370710341143158,1.2027386625205068,2.501869471969786,"[ 2.21470122e-06 -6.86287537e-07  0.00000000e+00  0.00000000e+00
  0.00000000e+00 -1.73050986e-07 -6.86287537e-07  1.88303367e-06
  0.00000000e+00  0.00000000e+00  0.00000000e+00 -3.10128959e-08
  0.00000000e+00  0.00000000e+00  0.00000000e+00  0.00000000e+00
  0.00000000e+00  0.00000000e+00  0.00000000e+00  0.00000000e+00
  0.00000000e+00  0.00000000e+00  0.00000000e+00  0.00000000e+00
  0.00000000e+00  0.00000000e+00  0.00000000e+00  0.00000000e+00
  0.00000000e+00  0.00000000e+00 -1.73050986e-07 -3.10128959e-08
  0.00000000e+00  0.00000000e+00  0.00000000e+00  3.14082078e-06]","[[ 5.68045392e-05  5.82721392e-04]
 [-3.76567538e-05  9.00498650e-04]]",[],0.0,0.0
1787564032.1182241,2.370710341143158,1.2027386625205068,2.501869471969786,"[ 2.21470122e-06 -6.86287537e-07  0.00000000e+00  0.00000000e+00
  0.00000000e+00 -1.73050986e-07 -6.86287537e-07  1.88303367e-06
  0.00000000e+00  0.00000000e+00  0.00000000e+00 -3.10128959e-08
  0.00000000e+00  0.00000000e+00  0.00000000e+00  0.00000000e+00
  0.00000000e+00  0.00000000e+00  0.00000000e+00  0.00000000e+00
  0.00000000e+00  0.00000000e+00  0.00000000e+00  0.00000000e+00
  0.00000000e+00  0.00000000e+00  0.00000000e+00  0.00000000e+00
  0.00000000e+00  0.00000000e+00 -1.73050986e-07 -3.10128959e-08
  0.00000000e+00  0.00000000e+00  0.00000000e+00  3.14082078e-06]","[[ 5.68045392e-05  5.82721392e-04]
 [-3.76567538e-05  9.00498650e-04]]",[],0.0,0.0
1787564032.1623747,2.370710341143158,1.2027386625205068,2.501869471969786,"[ 2.21470122e-06 -6.86287537e-07  0.00000000e+00  0.00000000e+00
  0.00000000e+00 -1.73050986e-07 -6.86287537e-07  1.88303367e-06
  0.00000000e+00  0.00000000e+00  0.00000000e+00 -3.10128959e-08
  0.00000000e+00  0.00000000e+00  0.00000000e+00  0.00000000e+00
  0.00000000e+00  0.00000000e+00  0.00000000e+00  0.00000000e+00
  0.00000000e+00  0.00000000e+00  0.00000000e+00  0.00000000e+00
  0.00000000e+00  0.00000000e+00  0.00000000e+00  0.00000000e+00
  0.00000000e+00  0.00000000e+00 -1.73050986e-07 -3.10128959e-08
  0.00000000e+00  0.00000000e+00  0.00000000e+00  3.14082078e-06]","[[ 5.68045392e-05  5.82721392e-04]
 [-3.76567538e-05  9.00498650e-04]]",[],0.0,0.0
1787564032.21822,2.370710341143158,1.2027386625205068,2.501869471969786,"[ 2.21470122e-06 -6.86287537e-07  0.00000000e+00  0.00000000e+00
  0.00000000e+00 -1.73050986e-07 -6.86287537e-07  1.88303367e-06
  0.00000000e+00  0.00000000e+00  0.00000000e+00 -3.10128959e-08
  0.00000000e+00  0.00000000e+00  0.00000000e+00  0.00000000e+00
  0.00000000e+00  0.00000000e+00  0.00000000e+00  0.00000000e+00
  0.00000000e+00  0.00000000e+00  0.00000000e+00  0.00000000e+00
  0.00000000e+00  0.00000000e+00  0.00000000e+00  0.00000000e+00
  0.00000000e+00  0.00000000e+00 -1.73050986e-07 -3.10128959e-08
  0.00000000e+00  0.00000000e+00  0.00000000e+00  3.14082078e-06]","[[ 5.68045392e-05  5.82721392e-04]
 [-3.76567538e-05  9.00498650e-04]]",[],0.0,0.0
1787564032.260945,2.370710341143158,1.2027386625205068,2.501869471969786,"[ 2.21470122e-06 -6.86287537e-07  0.00000000e+00  0.00000000e+00
  0.00000000e+00 -1.73050986e-07 -6.86287537e-07  1.88303367e-06
  0.00000000e+00  0.00000000e+00  0.00000000e+00 -3.10128959e-08
  0.00000000e+00  0.00000000e+00  0.00000000e+00  0.00000000e+00
  0.00000000e+00  0.00000000e+00  0.00000000e+00  0.00000000e+00
  0.00000000e+00  0.00000000e+00  0.00000000e+00  0.00000000e+00
  0.00000000e+00  0.00000000e+00  0.00000000e+00  0.00000000e+00
  0.00000000e+00  0.00000000e+00 -1.73050986e-07 -3.10128959e-08
  0.00000000e+00  0.00000000e+00  0.00000000e+00  3.14082078e-06]","[[ 5.68045392e-05  5.82721392e-04]
 [-3.76567538e-05  9.00498650e-04]]",[],0.0,0.0
1787564032.3137374,2.370710341143158,1.2027386625205068,2.501869471969786,"[ 2.21470122e-06 -6.86287537e-07  0.00000000e+00  0.00000000e+00
  0.00000000e+00 -1.73050986e-07 -6.86287537e-07  1.88303367e-06
  0.00000000e+00  0.00000000e+00  0.00000000e+00 -3.10128959e-08
  0.00000000e+00  0.00000000e+00  0.00000000e+00  0.00000000e+00
  0.00000000e+00  0.00000000e+00  0.00000000e+00  0.00000000e+00
  0.00000000e+00  0.00000000e+00  0.00000000e+00  0.00000000e+00
  0.00000000e+00  0.00000000e+00  0.00000000e+00  0.00000000e+00
  0.00000000e+00  0.00000000e+00 -1.73050986e-07 -3.10128959e-08
  0.00000000e+00  0.00000000e+00  0.00000000e+00  3.14082078e-06]","[[ 5.68045392e-05  5.82721392e-04]
 [-3.76567538e-05  9.00498650e-04]]",[],0.0,0.0
1787564032.3630524,2.370710341143158,1.2027386625205068,2.501869471969786,"[ 2.21470122e-06 -6.86287537e-07  0.00000000e+00  0.00000000e+00
  0.00000000e+00 -1.73050986e-07 -6.86287537e-07  1.88303367e-06
  0.00000000e+00  0.00000000e+00  0.00000000e+00 -3.10128959e-08
  0.00000000e+00  0.00000000e+00  0.00000000e+00  0.00000000e+00
  0.00000000e+00  0.00000000e+00  0.00000000e+00  0.00000000e+00
  0.00000000e+00  0.00000000e+00  0.00000000e+00  0.00000000e+00
  0.00000000e+00  0.00000000e+00  0.00000000e+00  0.00000000e+00
  0.00000000e+00  0.00000000e+00 -1.73050986e-07 -3.10128959e-08
  0.00000000e+00  0.00000000e+00  0.00000000e+00  3.14082078e-06]","[[ 5.68045392e-05  5.82721392e-04]
 [-3.76567538e-05  9.00498650e-04]]",[],0.0,0.0
1787564032.409918,2.370710341143158,1.2027386625205068,2.501869471969786,"[ 2.21470122e-06 -6.86287537e-07  0.00000000e+00  0.00000000e+00
  0.00000000e+00 -1.73050986e-07 -6.86287537e-07  1.88303367e-06
  0.00000000e+00  0.00000000e+00  0.00000000e+00 -3.10128959e-08
  0.00000000e+00  0.00000000e+00  0.00000000e+00  0.00000000e+00
  0.00000000e+00  0.00000000e+00  0.00000000e+00  0.00000000e+00
  0.00000000e+00  0.00000000e+00  0.00000000e+00  0.00000000e+00
  0.00000000e+00  0.00000000e+00  0.00000000e+00  0.00000000e+00
  0.00000000e+00  0.00000000e+00 -1.73050986e-07 -3.10128959e-08
  0.00000000e+00  0.00000000e+00  0.00000000e+00  3.14082078e-06]","[[ 5.68045392e-05  5.82721392e-04]
 [-3.76567538e-05  9.00498650e-04]]",[],0.0,0.0
1787564032.4632633,2.370710341143158,1.2027386625205068,2.501869471969786,"[ 2.21470122e-06 -6.86287537e-07  0.00000000e+00  0.00000000e+00
  0.00000000e+00 -1.73050986e-07 -6.86287537e-07  1.88303367e-06
  0.00000000e+00  0.00000000e+00  0.00000000e+00 -3.10128959e-08
  0.00000000e+00  0.00000000e+00  0.00000000e+00  0.00000000e+00
  0.00000000e+00  0.00000000e+00  0.00000000e+00  0.00000000e+00
  0.00000000e+00  0.00000000e+00  0.00000000e+00  0.00000000e+00
  0.00000000e+00  0.00000000e+00  0.00000000e+00  0.00000000e+00
  0.00000000e+00  0.00000000e+00 -1.73050986e-07 -3.10128959e-08
  0.00000000e+00  0.00000000e+00  0.00000000e+00  3.14082078e-06]","[[ 5.68045392e-05  5.82721392e-04]
 [-3.76567538e-05  9.00498650e-04]]",[],0.0,0.0
1787564032.5180578,2.370710341143158,1.2027386625205068,2.501869471969786,"[ 2.21470122e-06 -6.86287537e-07  0.00000000e+00  0.00000000e+00
  0.00000000e+00 -1.73050986e-07 -6.86287537e-07  1.88303367e-06
  0.00000000e+00  0.00000000e+00  0.00000000e+00 -3.10128959e-08
  0.00000000e+00  0.00000000e+00  0.00000000e+00  0.00000000e+00
  0.00000000e+00  0.00000000e+00  0.00000000e+00  0.00000000e+00
  0.00000000e+00  0.00000000e+00  0.00000000e+00  0.00000000e+00
  0.00000000e+00  0.00000000e+00  0.00000000e+00  0.00000000e+00
  0.00000000e+00  0.00000000e+00 -1.73050986e-07 -3.10128959e-08
  0.00000000e+00  0.00000000e+00  0.00000000e+00  3.14082078e-06]","[[ 5.68045392e-05  5.82721392e-04]
 [-3.76567538e-05  9.00498650e-04]]",[],0.0,0.0
1787564032.5602164,2.370710341143158,1.2027386625205068,2.501869471969786,"[ 2.21470122e-06 -6.86287537e-07  0.00000000e+00  0.00000000e+00
  0.00000000e+00 -1.73050986e-07 -6.86287537e-07  1.88303367e-06
  0.00000000e+00  0.00000000e+00  0.00000000e+00 -3.10128959e-08
  0.00000000e+00  0.00000000e+00  0.00000000e+00  0.00000000e+00
  0.00000000e+00  0.00000000e+00  0.00000000e+00  0.00000000e+00
  0.00000000e+00  0.00000000e+00  0.00000000e+00  0.00000000e+00
  0.00000000e+00  0.00000000e+00  0.00000000e+00  0.00000000e+00
  0.00000000e+00  0.00000000e+00 -1.73050986e-07 -3.10128959e-08
  0.00000000e+00  0.00000000e+00  0.00000000e+00  3.14082078e-06]","[[ 5.68045392e-05  5.82721392e-04]
 [-3.76567538e-05  9.00498650e-04]]",[],0.0,0.0
1787564032.6147292,2.370710341143158,1.2027386625205068,2.501869471969786,"[ 2.21470122e-06 -6.86287537e-07  0.00000000e+00  0.00000000e+00
  0.00000000e+00 -1.73050986e-07 -6.86287537e-07  1.88303367e-06
  0.00000000e+00  0.00000000e+00  0.00000000e+00 -3.10128959e-08
  0.00000000e+00  0.00000000e+00  0.00000000e+00  0.00000000e+00
  0.00000000e+00  0.00000000e+00  0.00000000e+00  0.00000000e+00
  0.00000000e+00  0.00000000e+00  0.00000000e+00  0.00000000e+00
  0.00000000e+00  0.00000000e+00  0.00000000e+00  0.00000000e+00
  0.00000000e+00  0.00000000e+00 -1.73050986e-07 -3.10128959e-08
  0.00000000e+00  0.00000000e+00  0.00000000e+00  3.14082078e-06]","[[ 5.68045392e-05  5.82721392e-04]
 [-3.76567538e-05  9.00498650e-04]]",[],0.0,0.0
1787564032.6602883,2.3739300831865435,1.2000517464436136,2.5143238344360643,"[ 2.24063252e-06 -7.21291553e-07  0.00000000e+00  0.00000000e+00
  0.00000000e+00 -1.79702239e-07 -7.21291553e-07  1.86734369e-06
  0.00000000e+00  0.00000000e+00  0.00000000e+00 -1.27244153e-08
  0.00000000e+00  0.00000000e+00  0.00000000e+00  0.00000000e+00
  0.00000000e+00  0.00000000e+00  0.00000000e+00  0.00000000e+00
  0.00000000e+00  0.00000000e+00  0.00000000e+00  0.00000000e+00
  0.00000000e+00  0.00000000e+00  0.00000000e+00  0.00000000e+00
  0.00000000e+00  0.00000000e+00 -1.79702239e-07 -1.27244153e-08
  0.00000000e+00  0.00000000e+00  0.00000000e+00  3.46646680e-06]","[[ 5.77904663e-05  5.81993337e-04]
 [-3.82445868e-05  8.49177673e-04]]",[],0.0,0.0
1787564032.7177246,2.3739300831865435,1.2000517464436136,2.5143238344360643,"[ 2.24063252e-06 -7.21291553e-07  0.00000000e+00  0.00000000e+00
  0.00000000e+00 -1.79702239e-07 -7.21291553e-07  1.86734369e-06
  0.00000000e+00  0.00000000e+00  0.00000000e+00 -1.27244153e-08
  0.00000000e+00  0.00000000e+00  0.00000000e+00  0.00000000e+00
  0.00000000e+00  0.00000000e+00  0.00000000e+00  0.00000000e+00
  0.00000000e+00  0.00000000e+00  0.00000000e+00  0.00000000e+00
  0.00000000e+00  0.00000000e+00  0.00000000e+00  0.00000000e+00
  0.00000000e+00  0.00000000e+00 -1.79702239e-07 -1.27244153e-08
  0.00000000e+00  0.00000000e+00  0.00000000e+00  3.46646680e-06]","[[ 5.77904663e-05  5.81993337e-04]
 [-3.82445868e-05  8.49177673e-04]]",[],0.0,0.0
1787564032.759939,2.3739300831865435,1.2000517464436136,2.5143238344360643,"[ 2.24063252e-06 -7.21291553e-07  0.00000000e+00  0.00000000e+00
  0.00000000e+00 -1.79702239e-07 -7.21291553e-07  1.86734369e-06
  0.00000000e+00  0.00000000e+00  0.00000000e+00 -1.27244153e-08
  0.00000000e+00  0.00000000e+00  0.00000000e+00  0.00000000e+00
  0.00000000e+00  0.00000000e+00  0.00000000e+00  0.00000000e+00
  0.00000000e+00  0.00000000e+00  0.00000000e+00  0.00000000e+00
  0.00000000e+00  0.00000000e+00  0.00000000e+00  0.00000000e+00
  0.00000000e+00  0.00000000e+00 -1.79702239e-07 -1.27244153e-08
  0.00000000e+00  0.00000000e+00  0.00000000e+00  3.46646680e-06]","[[ 5.77904663e-05  5.81993337e-04]
 [-3.82445868e-05  8.49177673e-04]]",[],0.0,0.0
1787564032.8098876,2.3739300831865435,1.2000517464436136,2.5143238344360643,"[ 2.24063252e-06 -7.21291553e-07  0.00000000e+00  0.00000000e+00
  0.00000000e+00 -1.79702239e-07 -7.21291553e-07  1.86734369e-06
  0.00000000e+00  0.00000000e+00  0.00000000e+00 -1.27244153e-08
  0.00000000e+00  0.00000000e+00  0.00000000e+00  0.00000000e+00
  0.00000000e+00  0.00000000e+00  0.00000000e+00  0.00000000e+00
  0.00000000e+00  0.00000000e+00  0.00000000e+00  0.00000000e+00
  0.00000000e+00  0.00000000e+00  0.00000000e+00  0.00000000e+00
  0.00000000e+00  0.00000000e+00 -1.79702239e-07 -1.27244153e-08
  0.00000000e+00  0.00000000e+00  0.00000000e+00  3.46646680e-06]","[[ 5.77904663e-05  5.81993337e-04]
 [-3.82445868e-05  8.49177673e-04]]",[],0.0,0.0
1787564032.8663723,2.3739300831865435,1.2000517464436136,2.5143238344360643,"[ 2.24063252e-06 -7.21291553e-07  0.00000000e+00  0.00000000e+00
  0.00000000e+00 -1.79702239e-07 -7.21291553e-07  1.86734369e-06
  0.00000000e+00  0.00000000e+00  0.00000000e+00 -1.27244153e-08
  0.00000000e+00  0.00000000e+00  0.00000000e+00  0.00000000e+00
  0.00000000e+00  0.00000000e+00  0.00000000e+00  0.00000000e+00
  0.00000000e+00  0.00000000e+00  0.00000000e+00  0.00000000e+00
  0.00000000e+00  0.00000000e+00  0.00000000e+00  0.00000000e+00
  0.00000000e+00  0.00000000e+00 -1.79702239e-07 -1.27244153e-08
  0.00000000e+00  0.00000000e+00  0.00000000e+00  3.46646680e-06]","[[ 5.77904663e-05  5.81993337e-04]
 [-3.82445868e-05  8.49177673e-04]]",[],0.0,0.0
1787564032.9157577,2.3739300831865435,1.2000517464436136,2.5143238344360643,"[ 2.24063252e-06 -7.21291553e-07  0.00000000e+00  0.00000000e+00
  0.00000000e+00 -1.79702239e-07 -7.21291553e-07  1.86734369e-06
  0.00000000e+00  0.00000000e+00  0.00000000e+00 -1.27244153e-08
  0.00000000e+00  0.00000000e+00  0.00000000e+00  0.00000000e+00
  0.00000000e+00  0.00000000e+00  0.00000000e+00  0.00000000e+00
  0.00000000e+00  0.00000000e+00  0.00000000e+00  0.00000000e+00
  0.00000000e+00  0.00000000e+00  0.00000000e+00  0.00000000e+00
  0.00000000e+00  0.00000000e+00 -1.79702239e-07 -1.27244153e-08
  0.00000000e+00  0.00000000e+00  0.00000000e+00  3.46646680e-06]","[[ 5.77904663e-05  5.81993337e-04]
 [-3.82445868e-05  8.49177673e-04]]",[],0.0,0.0
1787564032.960091,2.3739300831865435,1.2000517464436136,2.5143238344360643,"[ 2.24063252e-06 -7.21291553e-07  0.00000000e+00  0.00000000e+00
  0.00000000e+00 -1.79702239e-07 -7.21291553e-07  1.86734369e-06
  0.00000000e+00  0.00000000e+00  0.00000000e+00 -1.27244153e-08
  0.00000000e+00  0.00000000e+00  0.00000000e+00  0.00000000e+00
  0.00000000e+00  0.00000000e+00  0.00000000e+00  0.00000000e+00
  0.00000000e+00  0.00000000e+00  0.00000000e+00  0.00000000e+00
  0.00000000e+00  0.00000000e+00  0.00000000e+00  0.00000000e+00
  0.00000000e+00  0.00000000e+00 -1.79702239e-07 -1.27244153e-08
  0.00000000e+00  0.00000000e+00  0.00000000e+00  3.46646680e-06]","[[ 5.77904663e-05  5.81993337e-04]
 [-3.82445868e-05  8.49177673e-04]]",[],0.0,0.0
1787564033.010701,2.3739300831865435,1.2000517464436136,2.5143238344360643,"[ 2.24063252e-06 -7.21291553e-07  0.00000000e+00  0.00000000e+00
  0.00000000e+00 -1.79702239e-07 -7.21291553e-07  1.86734369e-06
  0.00000000e+00  0.00000000e+00  0.00000000e+00 -1.27244153e-08
  0.00000000e+00  0.00000000e+00  0.00000000e+00  0.00000000e+00
  0.00000000e+00  0.00000000e+00  0.00000000e+00  0.00000000e+00
  0.00000000e+00  0.00000000e+00  0.00000000e+00  0.00000000e+00
  0.00000000e+00  0.00000000e+00  0.00000000e+00  0.00000000e+00
  0.00000000e+00  0.00000000e+00 -1.79702239e-07 -1.27244153e-08
  0.00000000e+00  0.00000000e+00  0.00000000e+00  3.46646680e-06]","[[ 5.77904663e-05  5.81993337e-04]
 [-3.82445868e-05  8.49177673e-04]]",[],0.0,0.0
1787564033.0619361,2.3739300831865435,1.2000517464436136,2.5143238344360643,"[ 2.24063252e-06 -7.21291553e-07  0.00000000e+00  0.00000000e+00
  0.00000000e+00 -1.79702239e-07 -7.21291553e-07  1.86734369e-06
  0.00000000e+00  0.00000000e+00  0.00000000e+00 -1.27244153e-08
  0.00000000e+00  0.00000000e+00  0.00000000e+00  0.00000000e+00
  0.00000000e+00  0.00000000e+00  0.00000000e+00  0.00000000e+00
  0.00000000e+00  0.00000000e+00  0.00000000e+00  0.00000000e+00
  0.00000000e+00  0.00000000e+00  0.00000000e+00  0.00000000e+00
  0.00000000e+00  0.00000000e+00 -1.79702239e-07 -1.27244153e-08
  0.00000000e+00  0.00000000e+00  0.00000000e+00  3.46646680e-06]","[[ 5.77904663e-05  5.81993337e-04]
 [-3.82445868e-05  8.49177673e-04]]",[],0.0,0.0
1787564033.112061,2.3739300831865435,1.2000517464436136,2.5143238344360643,"[ 2.24063252e-06 -7.21291553e-07  0.00000000e+00  0.00000000e+00
  0.00000000e+00 -1.79702239e-07 -7.21291553e-07  1.86734369e-06
  0.00000000e+00  0.00000000e+00  0.00000000e+00 -1.27244153e-08
  0.00000000e+00  0.00000000e+00  0.00000000e+00  0.00000000e+00
  0.00000000e+00  0.00000000e+00  0.00000000e+00  0.00000000e+00
  0.00000000e+00  0.00000000e+00  0.00000000e+00  0.00000000e+00
  0.00000000e+00  0.00000000e+00  0.00000000e+00  0.00000000e+00
  0.00000000e+00  0.00000000e+00 -1.79702239e-07 -1.27244153e-08
  0.00000000e+00  0.00000000e+00  0.00000000e+00  3.46646680e-06]","[[ 5.77904663e-05  5.81993337e-04]
 [-3.82445868e-05  8.49177673e-04]]",[],0.0,0.0
1787564033.1628346,2.3739300831865435,1.2000517464436136,2.5143238344360643,"[ 2.24063252e-06 -7.21291553e-07  0.00000000e+00  0.00000000e+00
  0.00000000e+00 -1.79702239e-07 -7.21291553e-07  1.86734369e-06
  0.00000000e+00  0.00000000e+00  0.00000000e+00 -1.27244153e-08
  0.00000000e+00  0.00000000e+00  0.00000000e+00  0.00000000e+00
  0.00000000e+00  0.00000000e+00  0.00000000e+00  0.00000000e+00
  0.00000000e+00  0.00000000e+00  0.00000000e+00  0.00000000e+00
  0.00000000e+00  0.00000000e+00  0.00000000e+00  0.00000000e+00
  0.00000000e+00  0.00000000e+00 -1.79702239e-07 -1.27244153e-08
  0.00000000e+00  0.00000000e+00  0.00000000e+00  3.46646680e-06]","[[ 5.77904663e-05  5.81993337e-04]
 [-3.82445868e-05  8.49177673e-04]]",[],0.0,0.0
1787564033.2246974,2.3739300831865435,1.2000517464436136,2.5143238344360643,"[ 2.24063252e-06 -7.21291553e-07  0.00000000e+00  0.00000000e+00
  0.00000000e+00 -1.79702239e-07 -7.21291553e-07  1.86734369e-06
  0.00000000e+00  0.00000000e+00  0.00000000e+00 -1.27244153e-08
  0.00000000e+00  0.00000000e+00  0.00000000e+00  0.00000000e+00
  0.00000000e+00  0.00000000e+00  0.00000000e+00  0.00000000e+00
  0.00000000e+00  0.00000000e+00  0.00000000e+00  0.00000000e+00
  0.00000000e+00  0.00000000e+00  0.00000000e+00  0.00000000e+00
  0.00000000e+00  0.00000000e+00 -1.79702239e-07 -1.27244153e-08
  0.00000000e+00  0.00000000e+00  0.00000000e+00  3.46646680e-06]","[[ 5.77904663e-05  5.81993337e-04]
 [-3.82445868e-05  8.49177673e-04]]",[],0.0,0.0
1787564033.2617009,2.3739300831865435,1.2000517464436136,2.5143238344360643,"[ 2.24063252e-06 -7.21291553e-07  0.00000000e+00  0.00000000e+00
  0.00000000e+00 -1.79702239e-07 -7.21291553e-07  1.86734369e-06
  0.00000000e+00  0.00000000e+00  0.00000000e+00 -1.27244153e-08
  0.00000000e+00  0.00000000e+00  0.00000000e+00  0.00000000e+00
  0.00000000e+00  0.00000000e+00  0.00000000e+00  0.00000000e+00
  0.00000000e+00  0.00000000e+00  0.00000000e+00  0.00000000e+00
  0.00000000e+00  0.00000000e+00  0.00000000e+00  0.00000000e+00
  0.00000000e+00  0.00000000e+00 -1.79702239e-07 -1.27244153e-08
  0.00000000e+00  0.00000000e+00  0.00000000e+00  3.46646680e-06]","[[ 5.77904663e-05  5.81993337e-04]
 [-3.82445868e-05  8.49177673e-04]]",[],0.0,0.0
1787564033.309965,2.3739300831865435,1.2000517464436136,2.5143238344360643,"[ 2.24063252e-06 -7.21291553e-07  0.00000000e+00  0.00000000e+00
  0.00000000e+00 -1.79702239e-07 -7.21291553e-07  1.86734369e-06
  0.00000000e+00  0.00000000e+00  0.00000000e+00 -1.27244153e-08
  0.00000000e+00  0.00000000e+00  0.00000000e+00  0.00000000e+00
  0.00000000e+00  0.00000000e+00  0.00000000e+00  0.00000000e+00
  0.00000000e+00  0.00000000e+00  0.00000000e+00  0.00000000e+00
  0.00000000e+00  0.00000000e+00  0.00000000e+00  0.00000000e+00
  0.00000000e+00  0.00000000e+00 -1.79702239e-07 -1.27244153e-08
  0.00000000e+00  0.00000000e+00  0.00000000e+00  3.46646680e-06]","[[ 5.77904663e-05  5.81993337e-04]
 [-3.82445868e-05  8.49177673e-04]]",[],0.0,0.0
1787564033.3605826,2.3739300831865435,1.2000517464436136,2.5143238344360643,"[ 2.24063252e-06 -7.21291553e-07  0.00000000e+00  0.00000000e+00
  0.00000000e+00 -1.79702239e-07 -7.21291553e-07  1.86734369e-06
  0.00000000e+00  0.00000000e+00  0.00000000e+00 -1.27244153e-08
  0.00000000e+00  0.00000000e+00  0.00000000e+00  0.00000000e+00
  0.00000000e+00  0.00000000e+00  0.00000000e+00  0.00000000e+00
  0.00000000e+00  0.00000000e+00  0.00000000e+00  0.00000000e+00
  0.00000000e+00  0.00000000e+00  0.00000000e+00  0.00000000e+00
  0.00000000e+00  0.00000000e+00 -1.79702239e-07 -1.27244153e-08
  0.00000000e+00  0.00000000e+00  0.00000000e+00  3.46646680e-06]","[[ 5.77904663e-05  5.81993337e-04]
 [-3.82445868e-05  8.49177673e-04]]",[],0.0,0.0
1787564033.4098022,2.3739300831865435,1.2000517464436136,2.5143238344360643,"[ 2.24063252e-06 -7.21291553e-07  0.00000000e+00  0.00000000e+00
  0.00000000e+00 -1.79702239e-07 -7.21291553e-07  1.86734369e-06
  0.00000000e+00  0.00000000e+00  0.00000000e+00 -1.27244153e-08
  0.00000000e+00  0.00000000e+00  0.00000000e+00  0.00000000e+00
  0.00000000e+00  0.00000000e+00  0.00000000e+00  0.00000000e+00
  0.00000000e+00  0.00000000e+00  0.00000000e+00  0.00000000e+00
  0.00000000e+00  0.00000000e+00  0.00000000e+00  0.00000000e+00
  0.00000000e+00  0.00000000e+00 -1.79702239e-07 -1.27244153e-08
  0.00000000e+00  0.00000000e+00  0.00000000e+00  3.46646680e-06]","[[ 5.77904663e-05  5.81993337e-04]
 [-3.82445868e-05  8.49177673e-04]]",[],0.0,0.0
1787564033.4612308,2.3739300831865435,1.2000517464436136,2.5143238344360643,"[ 2.24063252e-06 -7.21291553e-07  0.00000000e+00  0.00000000e+00
  0.00000000e+00 -1.79702239e-07 -7.21291553e-07  1.86734369e-06
  0.00000000e+00  0.00000000e+00  0.00000000e+00 -1.27244153e-08
  0.00000000e+00  0.00000000e+00  0.00000000e+00  0.00000000e+00
  0.00000000e+00  0.00000000e+00  0.00000000e+00  0.00000000e+00
  0.00000000e+00  0.00000000e+00  0.00000000e+00  0.00000000e+00
  0.00000000e+00  0.00000000e+00  0.00000000e+00  0.00000000e+00
  0.00000000e+00  0.00000000e+00 -1.79702239e-07 -1.27244153e-08
  0.00000000e+00  0.00000000e+00  0.00000000e+00  3.46646680e-06]","[[ 5.77904663e-05  5.81993337e-04]
 [-3.82445868e-05  8.49177673e-04]]",[],0.0,0.0
1787564033.509749,2.3739300831865435,1.2000517464436136,2.5143238344360643,"[ 2.24063252e-06 -7.21291553e-07  0.00000000e+00  0.00000000e+00
  0.00000000e+00 -1.79702239e-07 -7.21291553e-07  1.86734369e-06
  0.00000000e+00  0.00000000e+00  0.00000000e+00 -1.27244153e-08
  0.00000000e+00  0.00000000e+00  0.00000000e+00  0.00000000e+00
  0.00000000e+00  0.00000000e+00  0.00000000e+00  0.00000000e+00
  0.00000000e+00  0.00000000e+00  0.00000000e+00  0.00000000e+00
  0.00000000e+00  0.00000000e+00  0.00000000e+00  0.00000000e+00
  0.00000000e+00  0.00000000e+00 -1.79702239e-07 -1.27244153e-08
  0.00000000e+00  0.00000000e+00  0.00000000e+00  3.46646680e-06]","[[ 5.77904663e-05  5.81993337e-04]
 [-3.82445868e-05  8.49177673e-04]]",[],0.0,0.0
1787564033.5600107,2.3739300831865435,1.2000517464436136,2.5143238344360643,"[ 2.24063252e-06 -7.21291553e-07  0.00000000e+00  0.00000000e+00
  0.00000000e+00 -1.79702239e-07 -7.21291553e-07  1.86734369e-06
  0.00000000e+00  0.00000000e+00  0.00000000e+00 -1.27244153e-08
  0.00000000e+00  0.00000000e+00  0.00000000e+00  0.00000000e+00
  0.00000000e+00  0.00000000e+00  0.00000000e+00  0.00000000e+00
  0.00000000e+00  0.00000000e+00  0.00000000e+00  0.00000000e+00
  0.00000000e+00  0.00000000e+00  0.00000000e+00  0.00000000e+00
  0.00000000e+00  0.00000000e+00 -1.79702239e-07 -1.27244153e-08
  0.00000000e+00  0.00000000e+00  0.00000000e+00  3.46646680e-06]","[[ 5.77904663e-05  5.81993337e-04]
 [-3.82445868e-05  8.49177673e-04]]",[],0.0,0.0
1787564033.613648,2.3739300831865435,1.2000517464436136,2.5143238344360643,"[ 2.24063252e-06 -7.21291553e-07  0.00000000e+00  0.00000000e+00
  0.00000000e+00 -1.79702239e-07 -7.21291553e-07  1.86734369e-06
  0.00000000e+00  0.00000000e+00  0.00000000e+00 -1.27244153e-08
  0.00000000e+00  0.00000000e+00  0.00000000e+00  0.00000000e+00
  0.00000000e+00  0.00000000e+00  0.00000000e+00  0.00000000e+00
  0.00000000e+00  0.00000000e+00  0.00000000e+00  0.00000000e+00
  0.00000000e+00  0.00000000e+00  0.00000000e+00  0.00000000e+00
  0.00000000e+00  0.00000000e+00 -1.79702239e-07 -1.27244153e-08
  0.00000000e+00  0.00000000e+00  0.00000000e+00  3.46646680e-06]","[[ 5.77904663e-05  5.81993337e-04]
 [-3.82445868e-05  8.49177673e-04]]",[],0.0,0.0
1787564033.659919,2.3774249265768668,1.1974658741751112,2.521731330407542,"[ 2.33408690e-06 -8.01502740e-07  0.00000000e+00  0.00000000e+00
  0.00000000e+00 -1.77001976e-07 -8.01502740e-07  1.88480618e-06
  0.00000000e+00  0.00000000e+00  0.00000000e+00 -3.39760133e-08
  0.00000000e+00  0.00000000e+00  0.00000000e+00  0.00000000e+00
  0.00000000e+00  0.00000000e+00  0.00000000e+00  0.00000000e+00
  0.00000000e+00  0.00000000e+00  0.00000000e+00  0.00000000e+00
  0.00000000e+00  0.00000000e+00  0.00000000e+00  0.00000000e+00
  0.00000000e+00  0.00000000e+00 -1.77001976e-07 -3.39760133e-08
  0.00000000e+00  0.00000000e+00  0.00000000e+00  3.61692143e-06]","[[ 6.07996742e-05  5.61267623e-04]
 [-4.02229266e-05  8.67812869e-04]]",[],0.0,0.0
1787564033.7109945,2.3774249265768668,1.1974658741751112,2.521731330407542,"[ 2.33408690e-06 -8.01502740e-07  0.00000000e+00  0.00000000e+00
  0.00000000e+00 -1.77001976e-07 -8.01502740e-07  1.88480618e-06
  0.00000000e+00  0.00000000e+00  0.00000000e+00 -3.39760133e-08
  0.00000000e+00  0.00000000e+00  0.00000000e+00  0.00000000e+00
  0.00000000e+00  0.00000000e+00  0.00000000e+00  0.00000000e+00
  0.00000000e+00  0.00000000e+00  0.00000000e+00  0.00000000e+00
  0.00000000e+00  0.00000000e+00  0.00000000e+00  0.00000000e+00
  0.00000000e+00  0.00000000e+00 -1.77001976e-07 -3.39760133e-08
  0.00000000e+00  0.00000000e+00  0.00000000e+00  3.61692143e-06]","[[ 6.07996742e-05  5.61267623e-04]
 [-4.02229266e-05  8.67812869e-04]]",[],0.0,0.0
1787564034.2042408,2.3774249265768668,1.1974658741751112,2.521731330407542,"[ 2.33408690e-06 -8.01502740e-07  0.00000000e+00  0.00000000e+00
  0.00000000e+00 -1.77001976e-07 -8.01502740e-07  1.88480618e-06
  0.00000000e+00  0.00000000e+00  0.00000000e+00 -3.39760133e-08
  0.00000000e+00  0.00000000e+00  0.00000000e+00  0.00000000e+00
  0.00000000e+00  0.00000000e+00  0.00000000e+00  0.00000000e+00
  0.00000000e+00  0.00000000e+00  0.00000000e+00  0.00000000e+00
  0.00000000e+00  0.00000000e+00  0.00000000e+00  0.00000000e+00
  0.00000000e+00  0.00000000e+00 -1.77001976e-07 -3.39760133e-08
  0.00000000e+00  0.00000000e+00  0.00000000e+00  3.61692143e-06]","[[ 6.07996742e-05  5.61267623e-04]
 [-4.02229266e-05  8.67812869e-04]]",[],0.0,0.0
1787564034.2102828,2.3774249265768668,1.1974658741751112,2.521731330407542,"[ 2.33408690e-06 -8.01502740e-07  0.00000000e+00  0.00000000e+00
  0.00000000e+00 -1.77001976e-07 -8.01502740e-07  1.88480618e-06
  0.00000000e+00  0.00000000e+00  0.00000000e+00 -3.39760133e-08
  0.00000000e+00  0.00000000e+00  0.00000000e+00  0.00000000e+00
  0.00000000e+00  0.00000000e+00  0.00000000e+00  0.00000000e+00
  0.00000000e+00  0.00000000e+00  0.00000000e+00  0.00000000e+00
  0.00000000e+00  0.00000000e+00  0.00000000e+00  0.00000000e+00
  0.00000000e+00  0.00000000e+00 -1.77001976e-07 -3.39760133e-08
  0.00000000e+00  0.00000000e+00  0.00000000e+00  3.61692143e-06]","[[ 6.07996742e-05  5.61267623e-04]
 [-4.02229266e-05  8.67812869e-04]]",[],0.0,0.0
1787564034.2705472,2.3774249265768668,1.1974658741751112,2.521731330407542,"[ 2.33408690e-06 -8.01502740e-07  0.00000000e+00  0.00000000e+00
  0.00000000e+00 -1.77001976e-07 -8.01502740e-07  1.88480618e-06
  0.00000000e+00  0.00000000e+00  0.00000000e+00 -3.39760133e-08
  0.00000000e+00  0.00000000e+00  0.00000000e+00  0.00000000e+00
  0.00000000e+00  0.00000000e+00  0.00000000e+00  0.00000000e+00
  0.00000000e+00  0.00000000e+00  0.00000000e+00  0.00000000e+00
  0.00000000e+00  0.00000000e+00  0.00000000e+00  0.00000000e+00
  0.00000000e+00  0.00000000e+00 -1.77001976e-07 -3.39760133e-08
  0.00000000e+00  0.00000000e+00  0.00000000e+00  3.61692143e-06]","[[ 6.07996742e-05  5.61267623e-04]
 [-4.02229266e-05  8.67812869e-04]]",[],0.0,0.0
1787564034.320769,2.3774249265768668,1.1974658741751112,2.521731330407542,"[ 2.33408690e-06 -8.01502740e-07  0.00000000e+00  0.00000000e+00
  0.00000000e+00 -1.77001976e-07 -8.01502740e-07  1.88480618e-06
  0.00000000e+00  0.00000000e+00  0.00000000e+00 -3.39760133e-08
  0.00000000e+00  0.00000000e+00  0.00000000e+00  0.00000000e+00
  0.00000000e+00  0.00000000e+00  0.00000000e+00  0.00000000e+00
  0.00000000e+00  0.00000000e+00  0.00000000e+00  0.00000000e+00
  0.00000000e+00  0.00000000e+00  0.00000000e+00  0.00000000e+00
  0.00000000e+00  0.00000000e+00 -1.77001976e-07 -3.39760133e-08
  0.00000000e+00  0.00000000e+00  0.00000000e+00  3.61692143e-06]","[[ 6.07996742e-05  5.61267623e-04]
 [-4.02229266e-05  8.67812869e-04]]",[],0.0,0.0
1787564034.3681495,2.3774249265768668,1.1974658741751112,2.521731330407542,"[ 2.33408690e-06 -8.01502740e-07  0.00000000e+00  0.00000000e+00
  0.00000000e+00 -1.77001976e-07 -8.01502740e-07  1.88480618e-06
  0.00000000e+00  0.00000000e+00  0.00000000e+00 -3.39760133e-08
  0.00000000e+00  0.00000000e+00  0.00000000e+00  0.00000000e+00
  0.00000000e+00  0.00000000e+00  0.00000000e+00  0.00000000e+00
  0.00000000e+00  0.00000000e+00  0.00000000e+00  0.00000000e+00
  0.00000000e+00  0.00000000e+00  0.00000000e+00  0.00000000e+00
  0.00000000e+00  0.00000000e+00 -1.77001976e-07 -3.39760133e-08
  0.00000000e+00  0.00000000e+00  0.00000000e+00  3.61692143e-06]","[[ 6.07996742e-05  5.61267623e-04]
 [-4.02229266e-05  8.67812869e-04]]",[],0.0,0.0
1787564035.005182,2.3816007619252617,1.1932256425235672,2.5216388950544584,"[ 2.33333604e-06 -8.15269450e-07  0.00000000e+00  0.00000000e+00
  0.00000000e+00 -1.63676785e-07 -8.15269450e-07  1.85747883e-06
  0.00000000e+00  0.00000000e+00  0.00000000e+00 -2.34083405e-08
  0.00000000e+00  0.00000000e+00  0.00000000e+00  0.00000000e+00
  0.00000000e+00  0.00000000e+00  0.00000000e+00  0.00000000e+00
  0.00000000e+00  0.00000000e+00  0.00000000e+00  0.00000000e+00
  0.00000000e+00  0.00000000e+00  0.00000000e+00  0.00000000e+00
  0.00000000e+00  0.00000000e+00 -1.63676785e-07 -2.34083405e-08
  0.00000000e+00  0.00000000e+00  0.00000000e+00  3.43289777e-06]","[[ 6.09463603e-05  5.31186411e-04]
 [-4.02032950e-05  8.29198671e-04]]",[],0.0,0.0
1787564035.0128672,2.3816007619252617,1.1932256425235672,2.5216388950544584,"[ 2.33333604e-06 -8.15269450e-07  0.00000000e+00  0.00000000e+00
  0.00000000e+00 -1.63676785e-07 -8.15269450e-07  1.85747883e-06
  0.00000000e+00  0.00000000e+00  0.00000000e+00 -2.34083405e-08
  0.00000000e+00  0.00000000e+00  0.00000000e+00  0.00000000e+00
  0.00000000e+00  0.00000000e+00  0.00000000e+00  0.00000000e+00
  0.00000000e+00  0.00000000e+00  0.00000000e+00  0.00000000e+00
  0.00000000e+00  0.00000000e+00  0.00000000e+00  0.00000000e+00
  0.00000000e+00  0.00000000e+00 -1.63676785e-07 -2.34083405e-08
  0.00000000e+00  0.00000000e+00  0.00000000e+00  3.43289777e-06]","[[ 6.09463603e-05  5.31186411e-04]
 [-4.02032950e-05  8.29198671e-04]]",[],0.0,0.0
1787564035.1412165,2.3856504447597304,1.1901797393823434,2.531121276392053,"[ 2.30633188e-06 -8.08267262e-07  0.00000000e+00  0.00000000e+00
  0.00000000e+00 -1.54537995e-07 -8.08267262e-07  1.81634499e-06
  0.00000000e+00  0.00000000e+00  0.00000000e+00 -3.62025804e-08
  0.00000000e+00  0.00000000e+00  0.00000000e+00  0.00000000e+00
  0.00000000e+00  0.00000000e+00  0.00000000e+00  0.00000000e+00
  0.00000000e+00  0.00000000e+00  0.00000000e+00  0.00000000e+00
  0.00000000e+00  0.00000000e+00  0.00000000e+00  0.00000000e+00
  0.00000000e+00  0.00000000e+00 -1.54537995e-07 -3.62025804e-08
  0.00000000e+00  0.00000000e+00  0.00000000e+00  3.27808447e-06]","[[ 6.02636556e-05  5.12143434e-04]
 [-3.95750692e-05  8.27099085e-04]]",[],0.0,0.0
1787564035.718307,2.3856504447597304,1.1901797393823434,2.531121276392053,"[ 2.30633188e-06 -8.08267262e-07  0.00000000e+00  0.00000000e+00
  0.00000000e+00 -1.54537995e-07 -8.08267262e-07  1.81634499e-06
  0.00000000e+00  0.00000000e+00  0.00000000e+00 -3.62025804e-08
  0.00000000e+00  0.00000000e+00  0.00000000e+00  0.00000000e+00
  0.00000000e+00  0.00000000e+00  0.00000000e+00  0.00000000e+00
  0.00000000e+00  0.00000000e+00  0.00000000e+00  0.00000000e+00
  0.00000000e+00  0.00000000e+00  0.00000000e+00  0.00000000e+00
  0.00000000e+00  0.00000000e+00 -1.54537995e-07 -3.62025804e-08
  0.00000000e+00  0.00000000e+00  0.00000000e+00  3.27808447e-06]","[[ 6.02636556e-05  5.12143434e-04]
 [-3.95750692e-05  8.27099085e-04]]",[],0.0,0.0
1787564036.2872531,2.389795232598218,1.1867902952082752,2.526709411558773,"[ 2.30324897e-06 -8.17821144e-07  0.00000000e+00  0.00000000e+00
  0.00000000e+00 -1.66756778e-07 -8.17821144e-07  1.78800375e-06
  0.00000000e+00  0.00000000e+00  0.00000000e+00 -1.69586813e-08
  0.00000000e+00  0.00000000e+00  0.00000000e+00  0.00000000e+00
  0.00000000e+00  0.00000000e+00  0.00000000e+00  0.00000000e+00
  0.00000000e+00  0.00000000e+00  0.00000000e+00  0.00000000e+00
  0.00000000e+00  0.00000000e+00  0.00000000e+00  0.00000000e+00
  0.00000000e+00  0.00000000e+00 -1.66756778e-07 -1.69586813e-08
  0.00000000e+00  0.00000000e+00  0.00000000e+00  3.33901630e-06]","[[ 6.03083979e-05  5.26006916e-04]
 [-3.94513522e-05  7.74766703e-04]]",[],0.0,0.0
1787564036.3097153,2.389795232598218,1.1867902952082752,2.526709411558773,"[ 2.30324897e-06 -8.17821144e-07  0.00000000e+00  0.00000000e+00
  0.00000000e+00 -1.66756778e-07 -8.17821144e-07  1.78800375e-06
  0.00000000e+00  0.00000000e+00  0.00000000e+00 -1.69586813e-08
  0.00000000e+00  0.00000000e+00  0.00000000e+00  0.00000000e+00
  0.00000000e+00  0.00000000e+00  0.00000000e+00  0.00000000e+00
  0.00000000e+00  0.00000000e+00  0.00000000e+00  0.00000000e+00
  0.00000000e+00  0.00000000e+00  0.00000000e+00  0.00000000e+00
  0.00000000e+00  0.00000000e+00 -1.66756778e-07 -1.69586813e-08
  0.00000000e+00  0.00000000e+00  0.00000000e+00  3.33901630e-06]","[[ 6.03083979e-05  5.26006916e-04]
 [-3.94513522e-05  7.74766703e-04]]",[],0.0,0.0
1787564036.3600087,2.389795232598218,1.1867902952082752,2.526709411558773,"[ 2.30324897e-06 -8.17821144e-07  0.00000000e+00  0.00000000e+00
  0.00000000e+00 -1.66756778e-07 -8.17821144e-07  1.78800375e-06
  0.00000000e+00  0.00000000e+00  0.00000000e+00 -1.69586813e-08
  0.00000000e+00  0.00000000e+00  0.00000000e+00  0.00000000e+00
  0.00000000e+00  0.00000000e+00  0.00000000e+00  0.00000000e+00
  0.00000000e+00  0.00000000e+00  0.00000000e+00  0.00000000e+00
  0.00000000e+00  0.00000000e+00  0.00000000e+00  0.00000000e+00
  0.00000000e+00  0.00000000e+00 -1.66756778e-07 -1.69586813e-08
  0.00000000e+00  0.00000000e+00  0.00000000e+00  3.33901630e-06]","[[ 6.03083979e-05  5.26006916e-04]
 [-3.94513522e-05  7.74766703e-04]]",[],0.0,0.0
1787564036.4147258,2.389795232598218,1.1867902952082752,2.526709411558773,"[ 2.30324897e-06 -8.17821144e-07  0.00000000e+00  0.00000000e+00
  0.00000000e+00 -1.66756778e-07 -8.17821144e-07  1.78800375e-06
  0.00000000e+00  0.00000000e+00  0.00000000e+00 -1.69586813e-08
  0.00000000e+00  0.00000000e+00  0.00000000e+00  0.00000000e+00
  0.00000000e+00  0.00000000e+00  0.00000000e+00  0.00000000e+00
  0.00000000e+00  0.00000000e+00  0.00000000e+00  0.00000000e+00
  0.00000000e+00  0.00000000e+00  0.00000000e+00  0.00000000e+00
  0.00000000e+00  0.00000000e+00 -1.66756778e-07 -1.69586813e-08
  0.00000000e+00  0.00000000e+00  0.00000000e+00  3.33901630e-06]","[[ 6.03083979e-05  5.26006916e-04]
 [-3.94513522e-05  7.74766703e-04]]",[],0.0,0.0
1787564037.0641108,2.3928525995960883,1.1842685999478688,2.532556377908101,"[ 2.28961407e-06 -8.19393863e-07  0.00000000e+00  0.00000000e+00
  0.00000000e+00 -1.62120892e-07 -8.19393863e-07  1.75479873e-06
  0.00000000e+00  0.00000000e+00  0.00000000e+00 -1.22743702e-08
  0.00000000e+00  0.00000000e+00  0.00000000e+00  0.00000000e+00
  0.00000000e+00  0.00000000e+00  0.00000000e+00  0.00000000e+00
  0.00000000e+00  0.00000000e+00  0.00000000e+00  0.00000000e+00
  0.00000000e+00  0.00000000e+00  0.00000000e+00  0.00000000e+00
  0.00000000e+00  0.00000000e+00 -1.62120892e-07 -1.22743702e-08
  0.00000000e+00  0.00000000e+00  0.00000000e+00  3.27516768e-06]","[[ 6.00250297e-05  5.13354191e-04]
 [-3.90965635e-05  7.46167294e-04]]",[],0.0,0.0
1787564037.7449074,2.396362081819896,1.1808263867076623,2.5325084150212094,"[ 2.26862423e-06 -8.16363492e-07  0.00000000e+00  0.00000000e+00
  0.00000000e+00 -1.60769898e-07 -8.16363492e-07  1.72108216e-06
  0.00000000e+00  0.00000000e+00  0.00000000e+00 -1.58338864e-08
  0.00000000e+00  0.00000000e+00  0.00000000e+00  0.00000000e+00
  0.00000000e+00  0.00000000e+00  0.00000000e+00  0.00000000e+00
  0.00000000e+00  0.00000000e+00  0.00000000e+00  0.00000000e+00
  0.00000000e+00  0.00000000e+00  0.00000000e+00  0.00000000e+00
  0.00000000e+00  0.00000000e+00 -1.60769898e-07 -1.58338864e-08
  0.00000000e+00  0.00000000e+00  0.00000000e+00  3.30099434e-06]","[[ 5.95260948e-05  5.06443972e-04]
 [-3.86316834e-05  7.32879434e-04]]",[],0.0,0.0
1787564037.760655,2.396362081819896,1.1808263867076623,2.5325084150212094,"[ 2.26862423e-06 -8.16363492e-07  0.00000000e+00  0.00000000e+00
  0.00000000e+00 -1.60769898e-07 -8.16363492e-07  1.72108216e-06
  0.00000000e+00  0.00000000e+00  0.00000000e+00 -1.58338864e-08
  0.00000000e+00  0.00000000e+00  0.00000000e+00  0.00000000e+00
  0.00000000e+00  0.00000000e+00  0.00000000e+00  0.00000000e+00
  0.00000000e+00  0.00000000e+00  0.00000000e+00  0.00000000e+00
  0.00000000e+00  0.00000000e+00  0.00000000e+00  0.00000000e+00
  0.00000000e+00  0.00000000e+00 -1.60769898e-07 -1.58338864e-08
  0.00000000e+00  0.00000000e+00  0.00000000e+00  3.30099434e-06]","[[ 5.95260948e-05  5.06443972e-04]
 [-3.86316834e-05  7.32879434e-04]]",[],0.0,0.0
1787564038.3212266,2.399161441941611,1.1785744404182337,2.5378207884272888,"[ 2.25252511e-06 -8.15805765e-07  0.00000000e+00  0.00000000e+00
  0.00000000e+00 -1.62161006e-07 -8.15805765e-07  1.68856419e-06
  0.00000000e+00  0.00000000e+00  0.00000000e+00 -1.31639541e-08
  0.00000000e+00  0.00000000e+00  0.00000000e+00  0.00000000e+00
  0.00000000e+00  0.00000000e+00  0.00000000e+00  0.00000000e+00
  0.00000000e+00  0.00000000e+00  0.00000000e+00  0.00000000e+00
  0.00000000e+00  0.00000000e+00  0.00000000e+00  0.00000000e+00
  0.00000000e+00  0.00000000e+00 -1.62161006e-07 -1.31639541e-08
  0.00000000e+00  0.00000000e+00  0.00000000e+00  3.18112146e-06]","[[ 5.91620898e-05  5.04459464e-04]
 [-3.82410913e-05  7.08822651e-04]]",[],0.0,0.0
1787564038.9876447,2.4021036020594835,1.176627924623864,2.5344266579714674,"[ 2.21134981e-06 -7.95120056e-07  0.00000000e+00  0.00000000e+00
  0.00000000e+00 -1.42713407e-07 -7.95120056e-07  1.64561133e-06
  0.00000000e+00  0.00000000e+00  0.00000000e+00 -2.71632019e-08
  0.00000000e+00  0.00000000e+00  0.00000000e+00  0.00000000e+00
  0.00000000e+00  0.00000000e+00  0.00000000e+00  0.00000000e+00
  0.00000000e+00  0.00000000e+00  0.00000000e+00  0.00000000e+00
  0.00000000e+00  0.00000000e+00  0.00000000e+00  0.00000000e+00
  0.00000000e+00  0.00000000e+00 -1.42713407e-07 -2.71632019e-08
  0.00000000e+00  0.00000000e+00  0.00000000e+00  3.14313632e-06]","[[ 5.80087462e-05  4.71206737e-04]
 [-3.72760576e-05  7.13350341e-04]]",[],0.0,0.0
1787564039.6924539,2.4057977559633525,1.1735524976781886,2.5334876549753576,"[ 2.20624676e-06 -8.00875335e-07  0.00000000e+00  0.00000000e+00
  0.00000000e+00 -1.64016865e-07 -8.00875335e-07  1.62227648e-06
  0.00000000e+00  0.00000000e+00  0.00000000e+00 -7.51687099e-09
  0.00000000e+00  0.00000000e+00  0.00000000e+00  0.00000000e+00
  0.00000000e+00  0.00000000e+00  0.00000000e+00  0.00000000e+00
  0.00000000e+00  0.00000000e+00  0.00000000e+00  0.00000000e+00
  0.00000000e+00  0.00000000e+00  0.00000000e+00  0.00000000e+00
  0.00000000e+00  0.00000000e+00 -1.64016865e-07 -7.51687099e-09
  0.00000000e+00  0.00000000e+00  0.00000000e+00  3.27934052e-06]","[[ 5.79655448e-05  5.01545522e-04]
 [-3.71230777e-05  6.65195993e-04]]",[],0.0,0.0
1787564039.7148118,2.4057977559633525,1.1735524976781886,2.5334876549753576,"[ 2.20624676e-06 -8.00875335e-07  0.00000000e+00  0.00000000e+00
  0.00000000e+00 -1.64016865e-07 -8.00875335e-07  1.62227648e-06
  0.00000000e+00  0.00000000e+00  0.00000000e+00 -7.51687099e-09
  0.00000000e+00  0.00000000e+00  0.00000000e+00  0.00000000e+00
  0.00000000e+00  0.00000000e+00  0.00000000e+00  0.00000000e+00
  0.00000000e+00  0.00000000e+00  0.00000000e+00  0.00000000e+00
  0.00000000e+00  0.00000000e+00  0.00000000e+00  0.00000000e+00
  0.00000000e+00  0.00000000e+00 -1.64016865e-07 -7.51687099e-09
  0.00000000e+00  0.00000000e+00  0.00000000e+00  3.27934052e-06]","[[ 5.79655448e-05  5.01545522e-04]
 [-3.71230777e-05  6.65195993e-04]]",[],0.0,0.0
1787564039.761727,2.4084687359073307,1.1713765467924544,2.5352623028223755,"[ 2.21001694e-06 -8.15509089e-07  0.00000000e+00  0.00000000e+00
  0.00000000e+00 -1.58141003e-07 -8.15509089e-07  1.61023423e-06
  0.00000000e+00  0.00000000e+00  0.00000000e+00  2.53807097e-09
  0.00000000e+00  0.00000000e+00  0.00000000e+00  0.00000000e+00
  0.00000000e+00  0.00000000e+00  0.00000000e+00  0.00000000e+00
  0.00000000e+00  0.00000000e+00  0.00000000e+00  0.00000000e+00
  0.00000000e+00  0.00000000e+00  0.00000000e+00  0.00000000e+00
  0.00000000e+00  0.00000000e+00 -1.58141003e-07  2.53807097e-09
  0.00000000e+00  0.00000000e+00  0.00000000e+00  3.45923491e-06]","[[ 5.82217419e-05  4.84991242e-04]
 [-3.73067546e-05  6.35960891e-04]]",[],0.0,0.0
1787564039.813609,2.4084687359073307,1.1713765467924544,2.5352623028223755,"[ 2.21001694e-06 -8.15509089e-07  0.00000000e+00  0.00000000e+00
  0.00000000e+00 -1.58141003e-07 -8.15509089e-07  1.61023423e-06
  0.00000000e+00  0.00000000e+00  0.00000000e+00  2.53807097e-09
  0.00000000e+00  0.00000000e+00  0.00000000e+00  0.00000000e+00
  0.00000000e+00  0.00000000e+00  0.00000000e+00  0.00000000e+00
  0.00000000e+00  0.00000000e+00  0.00000000e+00  0.00000000e+00
  0.00000000e+00  0.00000000e+00  0.00000000e+00  0.00000000e+00
  0.00000000e+00  0.00000000e+00 -1.58141003e-07  2.53807097e-09
  0.00000000e+00  0.00000000e+00  0.00000000e+00  3.45923491e-06]","[[ 5.82217419e-05  4.84991242e-04]
 [-3.73067546e-05  6.35960891e-04]]",[],0.0,0.0
1787564039.861947,2.4084687359073307,1.1713765467924544,2.5352623028223755,"[ 2.21001694e-06 -8.15509089e-07  0.00000000e+00  0.00000000e+00
  0.00000000e+00 -1.58141003e-07 -8.15509089e-07  1.61023423e-06
  0.00000000e+00  0.00000000e+00  0.00000000e+00  2.53807097e-09
  0.00000000e+00  0.00000000e+00  0.00000000e+00  0.00000000e+00
  0.00000000e+00  0.00000000e+00  0.00000000e+00  0.00000000e+00
  0.00000000e+00  0.00000000e+00  0.00000000e+00  0.00000000e+00
  0.00000000e+00  0.00000000e+00  0.00000000e+00  0.00000000e+00
  0.00000000e+00  0.00000000e+00 -1.58141003e-07  2.53807097e-09
  0.00000000e+00  0.00000000e+00  0.00000000e+00  3.45923491e-06]","[[ 5.82217419e-05  4.84991242e-04]
 [-3.73067546e-05  6.35960891e-04]]",[],0.0,0.0
1787564039.9142299,2.4084687359073307,1.1713765467924544,2.5352623028223755,"[ 2.21001694e-06 -8.15509089e-07  0.00000000e+00  0.00000000e+00
  0.00000000e+00 -1.58141003e-07 -8.15509089e-07  1.61023423e-06
  0.00000000e+00  0.00000000e+00  0.00000000e+00  2.53807097e-09
  0.00000000e+00  0.00000000e+00  0.00000000e+00  0.00000000e+00
  0.00000000e+00  0.00000000e+00  0.00000000e+00  0.00000000e+00
  0.00000000e+00  0.00000000e+00  0.00000000e+00  0.00000000e+00
  0.00000000e+00  0.00000000e+00  0.00000000e+00  0.00000000e+00
  0.00000000e+00  0.00000000e+00 -1.58141003e-07  2.53807097e-09
  0.00000000e+00  0.00000000e+00  0.00000000e+00  3.45923491e-06]","[[ 5.82217419e-05  4.84991242e-04]
 [-3.73067546e-05  6.35960891e-04]]",[],0.0,0.0
1787564039.9600887,2.4084687359073307,1.1713765467924544,2.5352623028223755,"[ 2.21001694e-06 -8.15509089e-07  0.00000000e+00  0.00000000e+00
  0.00000000e+00 -1.58141003e-07 -8.15509089e-07  1.61023423e-06
  0.00000000e+00  0.00000000e+00  0.00000000e+00  2.53807097e-09
  0.00000000e+00  0.00000000e+00  0.00000000e+00  0.00000000e+00
  0.00000000e+00  0.00000000e+00  0.00000000e+00  0.00000000e+00
  0.00000000e+00  0.00000000e+00  0.00000000e+00  0.00000000e+00
  0.00000000e+00  0.00000000e+00  0.00000000e+00  0.00000000e+00
  0.00000000e+00  0.00000000e+00 -1.58141003e-07  2.53807097e-09
  0.00000000e+00  0.00000000e+00  0.00000000e+00  3.45923491e-06]","[[ 5.82217419e-05  4.84991242e-04]
 [-3.73067546e-05  6.35960891e-04]]",[],0.0,0.0
1787564040.0113552,2.4084687359073307,1.1713765467924544,2.5352623028223755,"[ 2.21001694e-06 -8.15509089e-07  0.00000000e+00  0.00000000e+00
  0.00000000e+00 -1.58141003e-07 -8.15509089e-07  1.61023423e-06
  0.00000000e+00  0.00000000e+00  0.00000000e+00  2.53807097e-09
  0.00000000e+00  0.00000000e+00  0.00000000e+00  0.00000000e+00
  0.00000000e+00  0.00000000e+00  0.00000000e+00  0.00000000e+00
  0.00000000e+00  0.00000000e+00  0.00000000e+00  0.00000000e+00
  0.00000000e+00  0.00000000e+00  0.00000000e+00  0.00000000e+00
  0.00000000e+00  0.00000000e+00 -1.58141003e-07  2.53807097e-09
  0.00000000e+00  0.00000000e+00  0.00000000e+00  3.45923491e-06]","[[ 5.82217419e-05  4.84991242e-04]
 [-3.73067546e-05  6.35960891e-04]]",[],0.0,0.0
1787564040.0612156,2.4084687359073307,1.1713765467924544,2.5352623028223755,"[ 2.21001694e-06 -8.15509089e-07  0.00000000e+00  0.00000000e+00
  0.00000000e+00 -1.58141003e-07 -8.15509089e-07  1.61023423e-06
  0.00000000e+00  0.00000000e+00  0.00000000e+00  2.53807097e-09
  0.00000000e+00  0.00000000e+00  0.00000000e+00  0.00000000e+00
  0.00000000e+00  0.00000000e+00  0.00000000e+00  0.00000000e+00
  0.00000000e+00  0.00000000e+00  0.00000000e+00  0.00000000e+00
  0.00000000e+00  0.00000000e+00  0.00000000e+00  0.00000000e+00
  0.00000000e+00  0.00000000e+00 -1.58141003e-07  2.53807097e-09
  0.00000000e+00  0.00000000e+00  0.00000000e+00  3.45923491e-06]","[[ 5.82217419e-05  4.84991242e-04]
 [-3.73067546e-05  6.35960891e-04]]",[],0.0,0.0
1787564040.1099954,2.4084687359073307,1.1713765467924544,2.5352623028223755,"[ 2.21001694e-06 -8.15509089e-07  0.00000000e+00  0.00000000e+00
  0.00000000e+00 -1.58141003e-07 -8.15509089e-07  1.61023423e-06
  0.00000000e+00  0.00000000e+00  0.00000000e+00  2.53807097e-09
  0.00000000e+00  0.00000000e+00  0.00000000e+00  0.00000000e+00
  0.00000000e+00  0.00000000e+00  0.00000000e+00  0.00000000e+00
  0.00000000e+00  0.00000000e+00  0.00000000e+00  0.00000000e+00
  0.00000000e+00  0.00000000e+00  0.00000000e+00  0.00000000e+00
  0.00000000e+00  0.00000000e+00 -1.58141003e-07  2.53807097e-09
  0.00000000e+00  0.00000000e+00  0.00000000e+00  3.45923491e-06]","[[ 5.82217419e-05  4.84991242e-04]
 [-3.73067546e-05  6.35960891e-04]]",[],0.0,0.0
1787564040.1608968,2.4084687359073307,1.1713765467924544,2.5352623028223755,"[ 2.21001694e-06 -8.15509089e-07  0.00000000e+00  0.00000000e+00
  0.00000000e+00 -1.58141003e-07 -8.15509089e-07  1.61023423e-06
  0.00000000e+00  0.00000000e+00  0.00000000e+00  2.53807097e-09
  0.00000000e+00  0.00000000e+00  0.00000000e+00  0.00000000e+00
  0.00000000e+00  0.00000000e+00  0.00000000e+00  0.00000000e+00
  0.00000000e+00  0.00000000e+00  0.00000000e+00  0.00000000e+00
  0.00000000e+00  0.00000000e+00  0.00000000e+00  0.00000000e+00
  0.00000000e+00  0.00000000e+00 -1.58141003e-07  2.53807097e-09
  0.00000000e+00  0.00000000e+00  0.00000000e+00  3.45923491e-06]","[[ 5.82217419e-05  4.84991242e-04]
 [-3.73067546e-05  6.35960891e-04]]",[],0.0,0.0
1787564040.210289,2.4084687359073307,1.1713765467924544,2.5352623028223755,"[ 2.21001694e-06 -8.15509089e-07  0.00000000e+00  0.00000000e+00
  0.00000000e+00 -1.58141003e-07 -8.15509089e-07  1.61023423e-06
  0.00000000e+00  0.00000000e+00  0.00000000e+00  2.53807097e-09
  0.00000000e+00  0.00000000e+00  0.00000000e+00  0.00000000e+00
  0.00000000e+00  0.00000000e+00  0.00000000e+00  0.00000000e+00
  0.00000000e+00  0.00000000e+00  0.00000000e+00  0.00000000e+00
  0.00000000e+00  0.00000000e+00  0.00000000e+00  0.00000000e+00
  0.00000000e+00  0.00000000e+00 -1.58141003e-07  2.53807097e-09
  0.00000000e+00  0.00000000e+00  0.00000000e+00  3.45923491e-06]","[[ 5.82217419e-05  4.84991242e-04]
 [-3.73067546e-05  6.35960891e-04]]",[],0.0,0.0
1787564040.2632065,2.4084687359073307,1.1713765467924544,2.5352623028223755,"[ 2.21001694e-06 -8.15509089e-07  0.00000000e+00  0.00000000e+00
  0.00000000e+00 -1.58141003e-07 -8.15509089e-07  1.61023423e-06
  0.00000000e+00  0.00000000e+00  0.00000000e+00  2.53807097e-09
  0.00000000e+00  0.00000000e+00  0.00000000e+00  0.00000000e+00
  0.00000000e+00  0.00000000e+00  0.00000000e+00  0.00000000e+00
  0.00000000e+00  0.00000000e+00  0.00000000e+00  0.00000000e+00
  0.00000000e+00  0.00000000e+00  0.00000000e+00  0.00000000e+00
  0.00000000e+00  0.00000000e+00 -1.58141003e-07  2.53807097e-09
  0.00000000e+00  0.00000000e+00  0.00000000e+00  3.45923491e-06]","[[ 5.82217419e-05  4.84991242e-04]
 [-3.73067546e-05  6.35960891e-04]]",[],0.0,0.0
1787564040.3129892,2.4084687359073307,1.1713765467924544,2.5352623028223755,"[ 2.21001694e-06 -8.15509089e-07  0.00000000e+00  0.00000000e+00
  0.00000000e+00 -1.58141003e-07 -8.15509089e-07  1.61023423e-06
  0.00000000e+00  0.00000000e+00  0.00000000e+00  2.53807097e-09
  0.00000000e+00  0.00000000e+00  0.00000000e+00  0.00000000e+00
  0.00000000e+00  0.00000000e+00  0.00000000e+00  0.00000000e+00
  0.00000000e+00  0.00000000e+00  0.00000000e+00  0.00000000e+00
  0.00000000e+00  0.00000000e+00  0.00000000e+00  0.00000000e+00
  0.00000000e+00  0.00000000e+00 -1.58141003e-07  2.53807097e-09
  0.00000000e+00  0.00000000e+00  0.00000000e+00  3.45923491e-06]","[[ 5.82217419e-05  4.84991242e-04]
 [-3.73067546e-05  6.35960891e-04]]",[],0.0,0.0
1787564040.3714385,2.4084687359073307,1.1713765467924544,2.5352623028223755,"[ 2.21001694e-06 -8.15509089e-07  0.00000000e+00  0.00000000e+00
  0.00000000e+00 -1.58141003e-07 -8.15509089e-07  1.61023423e-06
  0.00000000e+00  0.00000000e+00  0.00000000e+00  2.53807097e-09
  0.00000000e+00  0.00000000e+00  0.00000000e+00  0.00000000e+00
  0.00000000e+00  0.00000000e+00  0.00000000e+00  0.00000000e+00
  0.00000000e+00  0.00000000e+00  0.00000000e+00  0.00000000e+00
  0.00000000e+00  0.00000000e+00  0.00000000e+00  0.00000000e+00
  0.00000000e+00  0.00000000e+00 -1.58141003e-07  2.53807097e-09
  0.00000000e+00  0.00000000e+00  0.00000000e+00  3.45923491e-06]","[[ 5.82217419e-05  4.84991242e-04]
 [-3.73067546e-05  6.35960891e-04]]",[],0.0,0.0
1787564040.419333,2.4084687359073307,1.1713765467924544,2.5352623028223755,"[ 2.21001694e-06 -8.15509089e-07  0.00000000e+00  0.00000000e+00
  0.00000000e+00 -1.58141003e-07 -8.15509089e-07  1.61023423e-06
  0.00000000e+00  0.00000000e+00  0.00000000e+00  2.53807097e-09
  0.00000000e+00  0.00000000e+00  0.00000000e+00  0.00000000e+00
  0.00000000e+00  0.00000000e+00  0.00000000e+00  0.00000000e+00
  0.00000000e+00  0.00000000e+00  0.00000000e+00  0.00000000e+00
  0.00000000e+00  0.00000000e+00  0.00000000e+00  0.00000000e+00
  0.00000000e+00  0.00000000e+00 -1.58141003e-07  2.53807097e-09
  0.00000000e+00  0.00000000e+00  0.00000000e+00  3.45923491e-06]","[[ 5.82217419e-05  4.84991242e-04]
 [-3.73067546e-05  6.35960891e-04]]",[],0.0,0.0
1787564040.4600935,2.4084687359073307,1.1713765467924544,2.5352623028223755,"[ 2.21001694e-06 -8.15509089e-07  0.00000000e+00  0.00000000e+00
  0.00000000e+00 -1.58141003e-07 -8.15509089e-07  1.61023423e-06
  0.00000000e+00  0.00000000e+00  0.00000000e+00  2.53807097e-09
  0.00000000e+00  0.00000000e+00  0.00000000e+00  0.00000000e+00
  0.00000000e+00  0.00000000e+00  0.00000000e+00  0.00000000e+00
  0.00000000e+00  0.00000000e+00  0.00000000e+00  0.00000000e+00
  0.00000000e+00  0.00000000e+00  0.00000000e+00  0.00000000e+00
  0.00000000e+00  0.00000000e+00 -1.58141003e-07  2.53807097e-09
  0.00000000e+00  0.00000000e+00  0.00000000e+00  3.45923491e-06]","[[ 5.82217419e-05  4.84991242e-04]
 [-3.73067546e-05  6.35960891e-04]]",[],0.0,0.0
1787564040.5120835,2.4084687359073307,1.1713765467924544,2.5352623028223755,"[ 2.21001694e-06 -8.15509089e-07  0.00000000e+00  0.00000000e+00
  0.00000000e+00 -1.58141003e-07 -8.15509089e-07  1.61023423e-06
  0.00000000e+00  0.00000000e+00  0.00000000e+00  2.53807097e-09
  0.00000000e+00  0.00000000e+00  0.00000000e+00  0.00000000e+00
  0.00000000e+00  0.00000000e+00  0.00000000e+00  0.00000000e+00
  0.00000000e+00  0.00000000e+00  0.00000000e+00  0.00000000e+00
  0.00000000e+00  0.00000000e+00  0.00000000e+00  0.00000000e+00
  0.00000000e+00  0.00000000e+00 -1.58141003e-07  2.53807097e-09
  0.00000000e+00  0.00000000e+00  0.00000000e+00  3.45923491e-06]","[[ 5.82217419e-05  4.84991242e-04]
 [-3.73067546e-05  6.35960891e-04]]",[],0.0,0.0
1787564040.5625937,2.412318237828794,1.1684110114740716,2.551977894227786,"[ 2.25561193e-06 -8.56849548e-07  0.00000000e+00  0.00000000e+00
  0.00000000e+00 -1.51574039e-07 -8.56849548e-07  1.61524714e-06
  0.00000000e+00  0.00000000e+00  0.00000000e+00  3.21937836e-09
  0.00000000e+00  0.00000000e+00  0.00000000e+00  0.00000000e+00
  0.00000000e+00  0.00000000e+00  0.00000000e+00  0.00000000e+00
  0.00000000e+00  0.00000000e+00  0.00000000e+00  0.00000000e+00
  0.00000000e+00  0.00000000e+00  0.00000000e+00  0.00000000e+00
  0.00000000e+00  0.00000000e+00 -1.51574039e-07  3.21937836e-09
  0.00000000e+00  0.00000000e+00  0.00000000e+00  3.57555370e-06]","[[ 5.97171937e-05  4.65283532e-04]
 [-3.82779148e-05  6.23963381e-04]]",[],0.0,0.0
1787564040.610235,2.412318237828794,1.1684110114740716,2.551977894227786,"[ 2.25561193e-06 -8.56849548e-07  0.00000000e+00  0.00000000e+00
  0.00000000e+00 -1.51574039e-07 -8.56849548e-07  1.61524714e-06
  0.00000000e+00  0.00000000e+00  0.00000000e+00  3.21937836e-09
  0.00000000e+00  0.00000000e+00  0.00000000e+00  0.00000000e+00
  0.00000000e+00  0.00000000e+00  0.00000000e+00  0.00000000e+00
  0.00000000e+00  0.00000000e+00  0.00000000e+00  0.00000000e+00
  0.00000000e+00  0.00000000e+00  0.00000000e+00  0.00000000e+00
  0.00000000e+00  0.00000000e+00 -1.51574039e-07  3.21937836e-09
  0.00000000e+00  0.00000000e+00  0.00000000e+00  3.57555370e-06]","[[ 5.97171937e-05  4.65283532e-04]
 [-3.82779148e-05  6.23963381e-04]]",[],0.0,0.0
1787564040.667805,2.412318237828794,1.1684110114740716,2.551977894227786,"[ 2.25561193e-06 -8.56849548e-07  0.00000000e+00  0.00000000e+00
  0.00000000e+00 -1.51574039e-07 -8.56849548e-07  1.61524714e-06
  0.00000000e+00  0.00000000e+00  0.00000000e+00  3.21937836e-09
  0.00000000e+00  0.00000000e+00  0.00000000e+00  0.00000000e+00
  0.00000000e+00  0.00000000e+00  0.00000000e+00  0.00000000e+00
  0.00000000e+00  0.00000000e+00  0.00000000e+00  0.00000000e+00
  0.00000000e+00  0.00000000e+00  0.00000000e+00  0.00000000e+00
  0.00000000e+00  0.00000000e+00 -1.51574039e-07  3.21937836e-09
  0.00000000e+00  0.00000000e+00  0.00000000e+00  3.57555370e-06]","[[ 5.97171937e-05  4.65283532e-04]
 [-3.82779148e-05  6.23963381e-04]]",[],0.0,0.0
1787564040.7175245,2.412318237828794,1.1684110114740716,2.551977894227786,"[ 2.25561193e-06 -8.56849548e-07  0.00000000e+00  0.00000000e+00
  0.00000000e+00 -1.51574039e-07 -8.56849548e-07  1.61524714e-06
  0.00000000e+00  0.00000000e+00  0.00000000e+00  3.21937836e-09
  0.00000000e+00  0.00000000e+00  0.00000000e+00  0.00000000e+00
  0.00000000e+00  0.00000000e+00  0.00000000e+00  0.00000000e+00
  0.00000000e+00  0.00000000e+00  0.00000000e+00  0.00000000e+00
  0.00000000e+00  0.00000000e+00  0.00000000e+00  0.00000000e+00
  0.00000000e+00  0.00000000e+00 -1.51574039e-07  3.21937836e-09
  0.00000000e+00  0.00000000e+00  0.00000000e+00  3.57555370e-06]","[[ 5.97171937e-05  4.65283532e-04]
 [-3.82779148e-05  6.23963381e-04]]",[],0.0,0.0
1787564040.7667112,2.412318237828794,1.1684110114740716,2.551977894227786,"[ 2.25561193e-06 -8.56849548e-07  0.00000000e+00  0.00000000e+00
  0.00000000e+00 -1.51574039e-07 -8.56849548e-07  1.61524714e-06
  0.00000000e+00  0.00000000e+00  0.00000000e+00  3.21937836e-09
  0.00000000e+00  0.00000000e+00  0.00000000e+00  0.00000000e+00
  0.00000000e+00  0.00000000e+00  0.00000000e+00  0.00000000e+00
  0.00000000e+00  0.00000000e+00  0.00000000e+00  0.00000000e+00
  0.00000000e+00  0.00000000e+00  0.00000000e+00  0.00000000e+00
  0.00000000e+00  0.00000000e+00 -1.51574039e-07  3.21937836e-09
  0.00000000e+00  0.00000000e+00  0.00000000e+00  3.57555370e-06]","[[ 5.97171937e-05  4.65283532e-04]
 [-3.82779148e-05  6.23963381e-04]]",[],0.0,0.0
1787564040.8199184,2.412318237828794,1.1684110114740716,2.551977894227786,"[ 2.25561193e-06 -8.56849548e-07  0.00000000e+00  0.00000000e+00
  0.00000000e+00 -1.51574039e-07 -8.56849548e-07  1.61524714e-06
  0.00000000e+00  0.00000000e+00  0.00000000e+00  3.21937836e-09
  0.00000000e+00  0.00000000e+00  0.00000000e+00  0.00000000e+00
  0.00000000e+00  0.00000000e+00  0.00000000e+00  0.00000000e+00
  0.00000000e+00  0.00000000e+00  0.00000000e+00  0.00000000e+00
  0.00000000e+00  0.00000000e+00  0.00000000e+00  0.00000000e+00
  0.00000000e+00  0.00000000e+00 -1.51574039e-07  3.21937836e-09
  0.00000000e+00  0.00000000e+00  0.00000000e+00  3.57555370e-06]","[[ 5.97171937e-05  4.65283532e-04]
 [-3.82779148e-05  6.23963381e-04]]",[],0.0,0.0
1787564040.8612716,2.412318237828794,1.1684110114740716,2.551977894227786,"[ 2.25561193e-06 -8.56849548e-07  0.00000000e+00  0.00000000e+00
  0.00000000e+00 -1.51574039e-07 -8.56849548e-07  1.61524714e-06
  0.00000000e+00  0.00000000e+00  0.00000000e+00  3.21937836e-09
  0.00000000e+00  0.00000000e+00  0.00000000e+00  0.00000000e+00
  0.00000000e+00  0.00000000e+00  0.00000000e+00  0.00000000e+00
  0.00000000e+00  0.00000000e+00  0.00000000e+00  0.00000000e+00
  0.00000000e+00  0.00000000e+00  0.00000000e+00  0.00000000e+00
  0.00000000e+00  0.00000000e+00 -1.51574039e-07  3.21937836e-09
  0.00000000e+00  0.00000000e+00  0.00000000e+00  3.57555370e-06]","[[ 5.97171937e-05  4.65283532e-04]
 [-3.82779148e-05  6.23963381e-04]]",[],0.0,0.0
1787564040.9098,2.412318237828794,1.1684110114740716,2.551977894227786,"[ 2.25561193e-06 -8.56849548e-07  0.00000000e+00  0.00000000e+00
  0.00000000e+00 -1.51574039e-07 -8.56849548e-07  1.61524714e-06
  0.00000000e+00  0.00000000e+00  0.00000000e+00  3.21937836e-09
  0.00000000e+00  0.00000000e+00  0.00000000e+00  0.00000000e+00
  0.00000000e+00  0.00000000e+00  0.00000000e+00  0.00000000e+00
  0.00000000e+00  0.00000000e+00  0.00000000e+00  0.00000000e+00
  0.00000000e+00  0.00000000e+00  0.00000000e+00  0.00000000e+00
  0.00000000e+00  0.00000000e+00 -1.51574039e-07  3.21937836e-09
  0.00000000e+00  0.00000000e+00  0.00000000e+00  3.57555370e-06]","[[ 5.97171937e-05  4.65283532e-04]
 [-3.82779148e-05  6.23963381e-04]]",[],0.0,0.0
1787564040.9611037,2.412318237828794,1.1684110114740716,2.551977894227786,"[ 2.25561193e-06 -8.56849548e-07  0.00000000e+00  0.00000000e+00
  0.00000000e+00 -1.51574039e-07 -8.56849548e-07  1.61524714e-06
  0.00000000e+00  0.00000000e+00  0.00000000e+00  3.21937836e-09
  0.00000000e+00  0.00000000e+00  0.00000000e+00  0.00000000e+00
  0.00000000e+00  0.00000000e+00  0.00000000e+00  0.00000000e+00
  0.00000000e+00  0.00000000e+00  0.00000000e+00  0.00000000e+00
  0.00000000e+00  0.00000000e+00  0.00000000e+00  0.00000000e+00
  0.00000000e+00  0.00000000e+00 -1.51574039e-07  3.21937836e-09
  0.00000000e+00  0.00000000e+00  0.00000000e+00  3.57555370e-06]","[[ 5.97171937e-05  4.65283532e-04]
 [-3.82779148e-05  6.23963381e-04]]",[],0.0,0.0
1787564041.032099,2.412318237828794,1.1684110114740716,2.551977894227786,"[ 2.25561193e-06 -8.56849548e-07  0.00000000e+00  0.00000000e+00
  0.00000000e+00 -1.51574039e-07 -8.56849548e-07  1.61524714e-06
  0.00000000e+00  0.00000000e+00  0.00000000e+00  3.21937836e-09
  0.00000000e+00  0.00000000e+00  0.00000000e+00  0.00000000e+00
  0.00000000e+00  0.00000000e+00  0.00000000e+00  0.00000000e+00
  0.00000000e+00  0.00000000e+00  0.00000000e+00  0.00000000e+00
  0.00000000e+00  0.00000000e+00  0.00000000e+00  0.00000000e+00
  0.00000000e+00  0.00000000e+00 -1.51574039e-07  3.21937836e-09
  0.00000000e+00  0.00000000e+00  0.00000000e+00  3.57555370e-06]","[[ 5.97171937e-05  4.65283532e-04]
 [-3.82779148e-05  6.23963381e-04]]",[],0.0,0.0
1787564041.0694675,2.412318237828794,1.1684110114740716,2.551977894227786,"[ 2.25561193e-06 -8.56849548e-07  0.00000000e+00  0.00000000e+00
  0.00000000e+00 -1.51574039e-07 -8.56849548e-07  1.61524714e-06
  0.00000000e+00  0.00000000e+00  0.00000000e+00  3.21937836e-09
  0.00000000e+00  0.00000000e+00  0.00000000e+00  0.00000000e+00
  0.00000000e+00  0.00000000e+00  0.00000000e+00  0.00000000e+00
  0.00000000e+00  0.00000000e+00  0.00000000e+00  0.00000000e+00
  0.00000000e+00  0.00000000e+00  0.00000000e+00  0.00000000e+00
  0.00000000e+00  0.00000000e+00 -1.51574039e-07  3.21937836e-09
  0.00000000e+00  0.00000000e+00  0.00000000e+00  3.57555370e-06]","[[ 5.97171937e-05  4.65283532e-04]
 [-3.82779148e-05  6.23963381e-04]]",[],0.0,0.0
1787564041.1133351,2.412318237828794,1.1684110114740716,2.551977894227786,"[ 2.25561193e-06 -8.56849548e-07  0.00000000e+00  0.00000000e+00
  0.00000000e+00 -1.51574039e-07 -8.56849548e-07  1.61524714e-06
  0.00000000e+00  0.00000000e+00  0.00000000e+00  3.21937836e-09
  0.00000000e+00  0.00000000e+00  0.00000000e+00  0.00000000e+00
  0.00000000e+00  0.00000000e+00  0.00000000e+00  0.00000000e+00
  0.00000000e+00  0.00000000e+00  0.00000000e+00  0.00000000e+00
  0.00000000e+00  0.00000000e+00  0.00000000e+00  0.00000000e+00
  0.00000000e+00  0.00000000e+00 -1.51574039e-07  3.21937836e-09
  0.00000000e+00  0.00000000e+00  0.00000000e+00  3.57555370e-06]","[[ 5.97171937e-05  4.65283532e-04]
 [-3.82779148e-05  6.23963381e-04]]",[],0.0,0.0
1787564041.1596727,2.412318237828794,1.1684110114740716,2.551977894227786,"[ 2.25561193e-06 -8.56849548e-07  0.00000000e+00  0.00000000e+00
  0.00000000e+00 -1.51574039e-07 -8.56849548e-07  1.61524714e-06
  0.00000000e+00  0.00000000e+00  0.00000000e+00  3.21937836e-09
  0.00000000e+00  0.00000000e+00  0.00000000e+00  0.00000000e+00
  0.00000000e+00  0.00000000e+00  0.00000000e+00  0.00000000e+00
  0.00000000e+00  0.00000000e+00  0.00000000e+00  0.00000000e+00
  0.00000000e+00  0.00000000e+00  0.00000000e+00  0.00000000e+00
  0.00000000e+00  0.00000000e+00 -1.51574039e-07  3.21937836e-09
  0.00000000e+00  0.00000000e+00  0.00000000e+00  3.57555370e-06]","[[ 5.97171937e-05  4.65283532e-04]
 [-3.82779148e-05  6.23963381e-04]]",[],0.0,0.0
1787564041.2128413,2.412318237828794,1.1684110114740716,2.551977894227786,"[ 2.25561193e-06 -8.56849548e-07  0.00000000e+00  0.00000000e+00
  0.00000000e+00 -1.51574039e-07 -8.56849548e-07  1.61524714e-06
  0.00000000e+00  0.00000000e+00  0.00000000e+00  3.21937836e-09
  0.00000000e+00  0.00000000e+00  0.00000000e+00  0.00000000e+00
  0.00000000e+00  0.00000000e+00  0.00000000e+00  0.00000000e+00
  0.00000000e+00  0.00000000e+00  0.00000000e+00  0.00000000e+00
  0.00000000e+00  0.00000000e+00  0.00000000e+00  0.00000000e+00
  0.00000000e+00  0.00000000e+00 -1.51574039e-07  3.21937836e-09
  0.00000000e+00  0.00000000e+00  0.00000000e+00  3.57555370e-06]","[[ 5.97171937e-05  4.65283532e-04]
 [-3.82779148e-05  6.23963381e-04]]",[],0.0,0.0
1787564041.26021,2.412318237828794,1.1684110114740716,2.551977894227786,"[ 2.25561193e-06 -8.56849548e-07  0.00000000e+00  0.00000000e+00
  0.00000000e+00 -1.51574039e-07 -8.56849548e-07  1.61524714e-06
  0.00000000e+00  0.00000000e+00  0.00000000e+00  3.21937836e-09
  0.00000000e+00  0.00000000e+00  0.00000000e+00  0.00000000e+00
  0.00000000e+00  0.00000000e+00  0.00000000e+00  0.00000000e+00
  0.00000000e+00  0.00000000e+00  0.00000000e+00  0.00000000e+00
  0.00000000e+00  0.00000000e+00  0.00000000e+00  0.00000000e+00
  0.00000000e+00  0.00000000e+00 -1.51574039e-07  3.21937836e-09
  0.00000000e+00  0.00000000e+00  0.00000000e+00  3.57555370e-06]","[[ 5.97171937e-05  4.65283532e-04]
 [-3.82779148e-05  6.23963381e-04]]",[],0.0,0.0
1787564041.3116317,2.412318237828794,1.1684110114740716,2.551977894227786,"[ 2.25561193e-06 -8.56849548e-07  0.00000000e+00  0.00000000e+00
  0.00000000e+00 -1.51574039e-07 -8.56849548e-07  1.61524714e-06
  0.00000000e+00  0.00000000e+00  0.00000000e+00  3.21937836e-09
  0.00000000e+00  0.00000000e+00  0.00000000e+00  0.00000000e+00
  0.00000000e+00  0.00000000e+00  0.00000000e+00  0.00000000e+00
  0.00000000e+00  0.00000000e+00  0.00000000e+00  0.00000000e+00
  0.00000000e+00  0.00000000e+00  0.00000000e+00  0.00000000e+00
  0.00000000e+00  0.00000000e+00 -1.51574039e-07  3.21937836e-09
  0.00000000e+00  0.00000000e+00  0.00000000e+00  3.57555370e-06]","[[ 5.97171937e-05  4.65283532e-04]
 [-3.82779148e-05  6.23963381e-04]]",[],0.0,0.0
1787564041.363699,2.4153837676795575,1.1662186069771443,2.553042865460963,"[ 2.30013942e-06 -8.92211426e-07  0.00000000e+00  0.00000000e+00
  0.00000000e+00 -1.74311064e-07 -8.92211426e-07  1.61620996e-06
  0.00000000e+00  0.00000000e+00  0.00000000e+00  4.55165195e-09
  0.00000000e+00  0.00000000e+00  0.00000000e+00  0.00000000e+00
  0.00000000e+00  0.00000000e+00  0.00000000e+00  0.00000000e+00
  0.00000000e+00  0.00000000e+00  0.00000000e+00  0.00000000e+00
  0.00000000e+00  0.00000000e+00  0.00000000e+00  0.00000000e+00
  0.00000000e+00  0.00000000e+00 -1.74311064e-07  4.55165195e-09
  0.00000000e+00  0.00000000e+00  0.00000000e+00  3.77031101e-06]","[[ 6.11167642e-05  4.97007577e-04]
 [-3.90702103e-05  6.10119273e-04]]",[],0.0,0.0
1787564041.4121275,2.4153837676795575,1.1662186069771443,2.553042865460963,"[ 2.30013942e-06 -8.92211426e-07  0.00000000e+00  0.00000000e+00
  0.00000000e+00 -1.74311064e-07 -8.92211426e-07  1.61620996e-06
  0.00000000e+00  0.00000000e+00  0.00000000e+00  4.55165195e-09
  0.00000000e+00  0.00000000e+00  0.00000000e+00  0.00000000e+00
  0.00000000e+00  0.00000000e+00  0.00000000e+00  0.00000000e+00
  0.00000000e+00  0.00000000e+00  0.00000000e+00  0.00000000e+00
  0.00000000e+00  0.00000000e+00  0.00000000e+00  0.00000000e+00
  0.00000000e+00  0.00000000e+00 -1.74311064e-07  4.55165195e-09
  0.00000000e+00  0.00000000e+00  0.00000000e+00  3.77031101e-06]","[[ 6.11167642e-05  4.97007577e-04]
 [-3.90702103e-05  6.10119273e-04]]",[],0.0,0.0
1787564041.460435,2.4153837676795575,1.1662186069771443,2.553042865460963,"[ 2.30013942e-06 -8.92211426e-07  0.00000000e+00  0.00000000e+00
  0.00000000e+00 -1.74311064e-07 -8.92211426e-07  1.61620996e-06
  0.00000000e+00  0.00000000e+00  0.00000000e+00  4.55165195e-09
  0.00000000e+00  0.00000000e+00  0.00000000e+00  0.00000000e+00
  0.00000000e+00  0.00000000e+00  0.00000000e+00  0.00000000e+00
  0.00000000e+00  0.00000000e+00  0.00000000e+00  0.00000000e+00
  0.00000000e+00  0.00000000e+00  0.00000000e+00  0.00000000e+00
  0.00000000e+00  0.00000000e+00 -1.74311064e-07  4.55165195e-09
  0.00000000e+00  0.00000000e+00  0.00000000e+00  3.77031101e-06]","[[ 6.11167642e-05  4.97007577e-04]
 [-3.90702103e-05  6.10119273e-04]]",[],0.0,0.0
1787564041.509716,2.4153837676795575,1.1662186069771443,2.553042865460963,"[ 2.30013942e-06 -8.92211426e-07  0.00000000e+00  0.00000000e+00
  0.00000000e+00 -1.74311064e-07 -8.92211426e-07  1.61620996e-06
  0.00000000e+00  0.00000000e+00  0.00000000e+00  4.55165195e-09
  0.00000000e+00  0.00000000e+00  0.00000000e+00  0.00000000e+00
  0.00000000e+00  0.00000000e+00  0.00000000e+00  0.00000000e+00
  0.00000000e+00  0.00000000e+00  0.00000000e+00  0.00000000e+00
  0.00000000e+00  0.00000000e+00  0.00000000e+00  0.00000000e+00
  0.00000000e+00  0.00000000e+00 -1.74311064e-07  4.55165195e-09
  0.00000000e+00  0.00000000e+00  0.00000000e+00  3.77031101e-06]","[[ 6.11167642e-05  4.97007577e-04]
 [-3.90702103e-05  6.10119273e-04]]",[],0.0,0.0
1787564041.560387,2.4153837676795575,1.1662186069771443,2.553042865460963,"[ 2.30013942e-06 -8.92211426e-07  0.00000000e+00  0.00000000e+00
  0.00000000e+00 -1.74311064e-07 -8.92211426e-07  1.61620996e-06
  0.00000000e+00  0.00000000e+00  0.00000000e+00  4.55165195e-09
  0.00000000e+00  0.00000000e+00  0.00000000e+00  0.00000000e+00
  0.00000000e+00  0.00000000e+00  0.00000000e+00  0.00000000e+00
  0.00000000e+00  0.00000000e+00  0.00000000e+00  0.00000000e+00
  0.00000000e+00  0.00000000e+00  0.00000000e+00  0.00000000e+00
  0.00000000e+00  0.00000000e+00 -1.74311064e-07  4.55165195e-09
  0.00000000e+00  0.00000000e+00  0.00000000e+00  3.77031101e-06]","[[ 6.11167642e-05  4.97007577e-04]
 [-3.90702103e-05  6.10119273e-04]]",[],0.0,0.0
1787564041.6115394,2.4153837676795575,1.1662186069771443,2.553042865460963,"[ 2.30013942e-06 -8.92211426e-07  0.00000000e+00  0.00000000e+00
  0.00000000e+00 -1.74311064e-07 -8.92211426e-07  1.61620996e-06
  0.00000000e+00  0.00000000e+00  0.00000000e+00  4.55165195e-09
  0.00000000e+00  0.00000000e+00  0.00000000e+00  0.00000000e+00
  0.00000000e+00  0.00000000e+00  0.00000000e+00  0.00000000e+00
  0.00000000e+00  0.00000000e+00  0.00000000e+00  0.00000000e+00
  0.00000000e+00  0.00000000e+00  0.00000000e+00  0.00000000e+00
  0.00000000e+00  0.00000000e+00 -1.74311064e-07  4.55165195e-09
  0.00000000e+00  0.00000000e+00  0.00000000e+00  3.77031101e-06]","[[ 6.11167642e-05  4.97007577e-04]
 [-3.90702103e-05  6.10119273e-04]]",[],0.0,0.0
