time,x,y,yaw,cov_prop,K_gain,innovation,v_ekf,omega_ekf
1787563915.655888,1.8913607757218547,1.7022534459656529,2.3165452630215846,"[ 6.59259703e-05  1.05134938e-06  0.00000000e+00  0.00000000e+00
  0.00000000e+00 -8.20551493e-06  1.05134938e-06  5.38672598e-05
  0.00000000e+00  0.00000000e+00  0.00000000e+00 -8.88583887e-07
  0.00000000e+00  0.00000000e+00  0.00000000e+00  0.00000000e+00
  0.00000000e+00  0.00000000e+00  0.00000000e+00  0.00000000e+00
  0.00000000e+00  0.00000000e+00  0.00000000e+00  0.00000000e+00
  0.00000000e+00  0.00000000e+00  0.00000000e+00  0.00000000e+00
  0.00000000e+00  0.00000000e+00 -8.20551493e-06 -8.88583887e-07
  0.00000000e+00  0.00000000e+00  0.00000000e+00  5.31807482e-06]","[[-0.00110303  0.03454905]
 [-0.00103225 -0.01334845]]",[],0.0,0.0
1787563915.7065008,1.8913607757218547,1.7022534459656529,2.3165452630215846,"[ 6.59259703e-05  1.05134938e-06  0.00000000e+00  0.00000000e+00
  0.00000000e+00 -8.20551493e-06  1.05134938e-06  5.38672598e-05
  0.00000000e+00  0.00000000e+00  0.00000000e+00 -8.88583887e-07
  0.00000000e+00  0.00000000e+00  0.00000000e+00  0.00000000e+00
  0.00000000e+00  0.00000000e+00  0.00000000e+00  0.00000000e+00
  0.00000000e+00  0.00000000e+00  0.00000000e+00  0.00000000e+00
  0.00000000e+00  0.00000000e+00  0.00000000e+00  0.00000000e+00
  0.00000000e+00  0.00000000e+00 -8.20551493e-06 -8.88583887e-07
  0.00000000e+00  0.00000000e+00  0.00000000e+00  5.31807482e-06]","[[-0.00110303  0.03454905]
 [-0.00103225 -0.01334845]]",[],0.0,0.0
1787563915.7560565,1.8913607757218547,1.7022534459656529,2.3165452630215846,"[ 6.59259703e-05  1.05134938e-06  0.00000000e+00  0.00000000e+00
  0.00000000e+00 -8.20551493e-06  1.05134938e-06  5.38672598e-05
  0.00000000e+00  0.00000000e+00  0.00000000e+00 -8.88583887e-07
  0.00000000e+00  0.00000000e+00  0.00000000e+00  0.00000000e+00
  0.00000000e+00  0.00000000e+00  0.00000000e+00  0.00000000e+00
  0.00000000e+00  0.00000000e+00  0.00000000e+00  0.00000000e+00
  0.00000000e+00  0.00000000e+00  0.00000000e+00  0.00000000e+00
  0.00000000e+00  0.00000000e+00 -8.20551493e-06 -8.88583887e-07
  0.00000000e+00  0.00000000e+00  0.00000000e+00  5.31807482e-06]","[[-0.00110303  0.03454905]
 [-0.00103225 -0.01334845]]",[],0.0,0.0
1787563915.8103287,1.8913607757218547,1.7022534459656529,2.3165452630215846,"[ 6.59259703e-05  1.05134938e-06  0.00000000e+00  0.00000000e+00
  0.00000000e+00 -8.20551493e-06  1.05134938e-06  5.38672598e-05
  0.00000000e+00  0.00000000e+00  0.00000000e+00 -8.88583887e-07
  0.00000000e+00  0.00000000e+00  0.00000000e+00  0.00000000e+00
  0.00000000e+00  0.00000000e+00  0.00000000e+00  0.00000000e+00
  0.00000000e+00  0.00000000e+00  0.00000000e+00  0.00000000e+00
  0.00000000e+00  0.00000000e+00  0.00000000e+00  0.00000000e+00
  0.00000000e+00  0.00000000e+00 -8.20551493e-06 -8.88583887e-07
  0.00000000e+00  0.00000000e+00  0.00000000e+00  5.31807482e-06]","[[-0.00110303  0.03454905]
 [-0.00103225 -0.01334845]]",[],0.0,0.0
1787563915.855747,1.8913607757218547,1.7022534459656529,2.3165452630215846,"[ 6.59259703e-05  1.05134938e-06  0.00000000e+00  0.00000000e+00
  0.00000000e+00 -8.20551493e-06  1.05134938e-06  5.38672598e-05
  0.00000000e+00  0.00000000e+00  0.00000000e+00 -8.88583887e-07
  0.00000000e+00  0.00000000e+00  0.00000000e+00  0.00000000e+00
  0.00000000e+00  0.00000000e+00  0.00000000e+00  0.00000000e+00
  0.00000000e+00  0.00000000e+00  0.00000000e+00  0.00000000e+00
  0.00000000e+00  0.00000000e+00  0.00000000e+00  0.00000000e+00
  0.00000000e+00  0.00000000e+00 -8.20551493e-06 -8.88583887e-07
  0.00000000e+00  0.00000000e+00  0.00000000e+00  5.31807482e-06]","[[-0.00110303  0.03454905]
 [-0.00103225 -0.01334845]]",[],0.0,0.0
1787563915.9062915,1.8913607757218547,1.7022534459656529,2.3165452630215846,"[ 6.59259703e-05  1.05134938e-06  0.00000000e+00  0.00000000e+00
  0.00000000e+00 -8.20551493e-06  1.05134938e-06  5.38672598e-05
  0.00000000e+00  0.00000000e+00  0.00000000e+00 -8.88583887e-07
  0.00000000e+00  0.00000000e+00  0.00000000e+00  0.00000000e+00
  0.00000000e+00  0.00000000e+00  0.00000000e+00  0.00000000e+00
  0.00000000e+00  0.00000000e+00  0.00000000e+00  0.00000000e+00
  0.00000000e+00  0.00000000e+00  0.00000000e+00  0.00000000e+00
  0.00000000e+00  0.00000000e+00 -8.20551493e-06 -8.88583887e-07
  0.00000000e+00  0.00000000e+00  0.00000000e+00  5.31807482e-06]","[[-0.00110303  0.03454905]
 [-0.00103225 -0.01334845]]",[],0.0,0.0
1787563915.969973,1.8913607757218547,1.7022534459656529,2.3165452630215846,"[ 6.59259703e-05  1.05134938e-06  0.00000000e+00  0.00000000e+00
  0.00000000e+00 -8.20551493e-06  1.05134938e-06  5.38672598e-05
  0.00000000e+00  0.00000000e+00  0.00000000e+00 -8.88583887e-07
  0.00000000e+00  0.00000000e+00  0.00000000e+00  0.00000000e+00
  0.00000000e+00  0.00000000e+00  0.00000000e+00  0.00000000e+00
  0.00000000e+00  0.00000000e+00  0.00000000e+00  0.00000000e+00
  0.00000000e+00  0.00000000e+00  0.00000000e+00  0.00000000e+00
  0.00000000e+00  0.00000000e+00 -8.20551493e-06 -8.88583887e-07
  0.00000000e+00  0.00000000e+00  0.00000000e+00  5.31807482e-06]","[[-0.00110303  0.03454905]
 [-0.00103225 -0.01334845]]",[],0.0,0.0
1787563916.0066864,1.8913607757218547,1.7022534459656529,2.3165452630215846,"[ 6.59259703e-05  1.05134938e-06  0.00000000e+00  0.00000000e+00
  0.00000000e+00 -8.20551493e-06  1.05134938e-06  5.38672598e-05
  0.00000000e+00  0.00000000e+00  0.00000000e+00 -8.88583887e-07
  0.00000000e+00  0.00000000e+00  0.00000000e+00  0.00000000e+00
  0.00000000e+00  0.00000000e+00  0.00000000e+00  0.00000000e+00
  0.00000000e+00  0.00000000e+00  0.00000000e+00  0.00000000e+00
  0.00000000e+00  0.00000000e+00  0.00000000e+00  0.00000000e+00
  0.00000000e+00  0.00000000e+00 -8.20551493e-06 -8.88583887e-07
  0.00000000e+00  0.00000000e+00  0.00000000e+00  5.31807482e-06]","[[-0.00110303  0.03454905]
 [-0.00103225 -0.01334845]]",[],0.0,0.0
1787563916.0561872,1.8913607757218547,1.7022534459656529,2.3165452630215846,"[ 6.59259703e-05  1.05134938e-06  0.00000000e+00  0.00000000e+00
  0.00000000e+00 -8.20551493e-06  1.05134938e-06  5.38672598e-05
  0.00000000e+00  0.00000000e+00  0.00000000e+00 -8.88583887e-07
  0.00000000e+00  0.00000000e+00  0.00000000e+00  0.00000000e+00
  0.00000000e+00  0.00000000e+00  0.00000000e+00  0.00000000e+00
  0.00000000e+00  0.00000000e+00  0.00000000e+00  0.00000000e+00
  0.00000000e+00  0.00000000e+00  0.00000000e+00  0.00000000e+00
  0.00000000e+00  0.00000000e+00 -8.20551493e-06 -8.88583887e-07
  0.00000000e+00  0.00000000e+00  0.00000000e+00  5.31807482e-06]","[[-0.00110303  0.03454905]
 [-0.00103225 -0.01334845]]",[],0.0,0.0
1787563916.1059477,1.8913607757218547,1.7022534459656529,2.3165452630215846,"[ 6.59259703e-05  1.05134938e-06  0.00000000e+00  0.00000000e+00
  0.00000000e+00 -8.20551493e-06  1.05134938e-06  5.38672598e-05
  0.00000000e+00  0.00000000e+00  0.00000000e+00 -8.88583887e-07
  0.00000000e+00  0.00000000e+00  0.00000000e+00  0.00000000e+00
  0.00000000e+00  0.00000000e+00  0.00000000e+00  0.00000000e+00
  0.00000000e+00  0.00000000e+00  0.00000000e+00  0.00000000e+00
  0.00000000e+00  0.00000000e+00  0.00000000e+00  0.00000000e+00
  0.00000000e+00  0.00000000e+00 -8.20551493e-06 -8.88583887e-07
  0.00000000e+00  0.00000000e+00  0.00000000e+00  5.31807482e-06]","[[-0.00110303  0.03454905]
 [-0.00103225 -0.01334845]]",[],0.0,0.0
1787563916.1559906,1.8913607757218547,1.7022534459656529,2.3165452630215846,"[ 6.59259703e-05  1.05134938e-06  0.00000000e+00  0.00000000e+00
  0.00000000e+00 -8.20551493e-06  1.05134938e-06  5.38672598e-05
  0.00000000e+00  0.00000000e+00  0.00000000e+00 -8.88583887e-07
  0.00000000e+00  0.00000000e+00  0.00000000e+00  0.00000000e+00
  0.00000000e+00  0.00000000e+00  0.00000000e+00  0.00000000e+00
  0.00000000e+00  0.00000000e+00  0.00000000e+00  0.00000000e+00
  0.00000000e+00  0.00000000e+00  0.00000000e+00  0.00000000e+00
  0.00000000e+00  0.00000000e+00 -8.20551493e-06 -8.88583887e-07
  0.00000000e+00  0.00000000e+00  0.00000000e+00  5.31807482e-06]","[[-0.00110303  0.03454905]
 [-0.00103225 -0.01334845]]",[],0.0,0.0
1787563916.2058454,1.8913607757218547,1.7022534459656529,2.3165452630215846,"[ 6.59259703e-05  1.05134938e-06  0.00000000e+00  0.00000000e+00
  0.00000000e+00 -8.20551493e-06  1.05134938e-06  5.38672598e-05
  0.00000000e+00  0.00000000e+00  0.00000000e+00 -8.88583887e-07
  0.00000000e+00  0.00000000e+00  0.00000000e+00  0.00000000e+00
  0.00000000e+00  0.00000000e+00  0.00000000e+00  0.00000000e+00
  0.00000000e+00  0.00000000e+00  0.00000000e+00  0.00000000e+00
  0.00000000e+00  0.00000000e+00  0.00000000e+00  0.00000000e+00
  0.00000000e+00  0.00000000e+00 -8.20551493e-06 -8.88583887e-07
  0.00000000e+00  0.00000000e+00  0.00000000e+00  5.31807482e-06]","[[-0.00110303  0.03454905]
 [-0.00103225 -0.01334845]]",[],0.0,0.0
1787563916.2562053,1.8913607757218547,1.7022534459656529,2.3165452630215846,"[ 6.59259703e-05  1.05134938e-06  0.00000000e+00  0.00000000e+00
  0.00000000e+00 -8.20551493e-06  1.05134938e-06  5.38672598e-05
  0.00000000e+00  0.00000000e+00  0.00000000e+00 -8.88583887e-07
  0.00000000e+00  0.00000000e+00  0.00000000e+00  0.00000000e+00
  0.00000000e+00  0.00000000e+00  0.00000000e+00  0.00000000e+00
  0.00000000e+00  0.00000000e+00  0.00000000e+00  0.00000000e+00
  0.00000000e+00  0.00000000e+00  0.00000000e+00  0.00000000e+00
  0.00000000e+00  0.00000000e+00 -8.20551493e-06 -8.88583887e-07
  0.00000000e+00  0.00000000e+00  0.00000000e+00  5.31807482e-06]","[[-0.00110303  0.03454905]
 [-0.00103225 -0.01334845]]",[],0.0,0.0
1787563916.3087115,1.911436021170228,1.6636757894737204,2.338989342381586,"[ 3.60057497e-05  5.67707916e-07  0.00000000e+00  0.00000000e+00
  0.00000000e+00 -4.41921405e-06  5.67707916e-07  2.67982680e-05
  0.00000000e+00  0.00000000e+00  0.00000000e+00 -1.62303503e-06
  0.00000000e+00  0.00000000e+00  0.00000000e+00  0.00000000e+00
  0.00000000e+00  0.00000000e+00  0.00000000e+00  0.00000000e+00
  0.00000000e+00  0.00000000e+00  0.00000000e+00  0.00000000e+00
  0.00000000e+00  0.00000000e+00  0.00000000e+00  0.00000000e+00
  0.00000000e+00  0.00000000e+00 -4.41921405e-06 -1.62303503e-06
  0.00000000e+00  0.00000000e+00  0.00000000e+00  4.28512942e-06]","[[ 5.66670795e-05  1.80832641e-02]
 [-6.66763663e-04  3.48616814e-03]]",[],0.0,0.0
1787563916.3687992,1.911436021170228,1.6636757894737204,2.338989342381586,"[ 3.60057497e-05  5.67707916e-07  0.00000000e+00  0.00000000e+00
  0.00000000e+00 -4.41921405e-06  5.67707916e-07  2.67982680e-05
  0.00000000e+00  0.00000000e+00  0.00000000e+00 -1.62303503e-06
  0.00000000e+00  0.00000000e+00  0.00000000e+00  0.00000000e+00
  0.00000000e+00  0.00000000e+00  0.00000000e+00  0.00000000e+00
  0.00000000e+00  0.00000000e+00  0.00000000e+00  0.00000000e+00
  0.00000000e+00  0.00000000e+00  0.00000000e+00  0.00000000e+00
  0.00000000e+00  0.00000000e+00 -4.41921405e-06 -1.62303503e-06
  0.00000000e+00  0.00000000e+00  0.00000000e+00  4.28512942e-06]","[[ 5.66670795e-05  1.80832641e-02]
 [-6.66763663e-04  3.48616814e-03]]",[],0.0,0.0
1787563916.4067636,1.911436021170228,1.6636757894737204,2.338989342381586,"[ 3.60057497e-05  5.67707916e-07  0.00000000e+00  0.00000000e+00
  0.00000000e+00 -4.41921405e-06  5.67707916e-07  2.67982680e-05
  0.00000000e+00  0.00000000e+00  0.00000000e+00 -1.62303503e-06
  0.00000000e+00  0.00000000e+00  0.00000000e+00  0.00000000e+00
  0.00000000e+00  0.00000000e+00  0.00000000e+00  0.00000000e+00
  0.00000000e+00  0.00000000e+00  0.00000000e+00  0.00000000e+00
  0.00000000e+00  0.00000000e+00  0.00000000e+00  0.00000000e+00
  0.00000000e+00  0.00000000e+00 -4.41921405e-06 -1.62303503e-06
  0.00000000e+00  0.00000000e+00  0.00000000e+00  4.28512942e-06]","[[ 5.66670795e-05  1.80832641e-02]
 [-6.66763663e-04  3.48616814e-03]]",[],0.0,0.0
1787563916.456459,1.911436021170228,1.6636757894737204,2.338989342381586,"[ 3.60057497e-05  5.67707916e-07  0.00000000e+00  0.00000000e+00
  0.00000000e+00 -4.41921405e-06  5.67707916e-07  2.67982680e-05
  0.00000000e+00  0.00000000e+00  0.00000000e+00 -1.62303503e-06
  0.00000000e+00  0.00000000e+00  0.00000000e+00  0.00000000e+00
  0.00000000e+00  0.00000000e+00  0.00000000e+00  0.00000000e+00
  0.00000000e+00  0.00000000e+00  0.00000000e+00  0.00000000e+00
  0.00000000e+00  0.00000000e+00  0.00000000e+00  0.00000000e+00
  0.00000000e+00  0.00000000e+00 -4.41921405e-06 -1.62303503e-06
  0.00000000e+00  0.00000000e+00  0.00000000e+00  4.28512942e-06]","[[ 5.66670795e-05  1.80832641e-02]
 [-6.66763663e-04  3.48616814e-03]]",[],0.0,0.0
1787563916.5058703,1.911436021170228,1.6636757894737204,2.338989342381586,"[ 3.60057497e-05  5.67707916e-07  0.00000000e+00  0.00000000e+00
  0.00000000e+00 -4.41921405e-06  5.67707916e-07  2.67982680e-05
  0.00000000e+00  0.00000000e+00  0.00000000e+00 -1.62303503e-06
  0.00000000e+00  0.00000000e+00  0.00000000e+00  0.00000000e+00
  0.00000000e+00  0.00000000e+00  0.00000000e+00  0.00000000e+00
  0.00000000e+00  0.00000000e+00  0.00000000e+00  0.00000000e+00
  0.00000000e+00  0.00000000e+00  0.00000000e+00  0.00000000e+00
  0.00000000e+00  0.00000000e+00 -4.41921405e-06 -1.62303503e-06
  0.00000000e+00  0.00000000e+00  0.00000000e+00  4.28512942e-06]","[[ 5.66670795e-05  1.80832641e-02]
 [-6.66763663e-04  3.48616814e-03]]",[],0.0,0.0
1787563916.5561736,1.911436021170228,1.6636757894737204,2.338989342381586,"[ 3.60057497e-05  5.67707916e-07  0.00000000e+00  0.00000000e+00
  0.00000000e+00 -4.41921405e-06  5.67707916e-07  2.67982680e-05
  0.00000000e+00  0.00000000e+00  0.00000000e+00 -1.62303503e-06
  0.00000000e+00  0.00000000e+00  0.00000000e+00  0.00000000e+00
  0.00000000e+00  0.00000000e+00  0.00000000e+00  0.00000000e+00
  0.00000000e+00  0.00000000e+00  0.00000000e+00  0.00000000e+00
  0.00000000e+00  0.00000000e+00  0.00000000e+00  0.00000000e+00
  0.00000000e+00  0.00000000e+00 -4.41921405e-06 -1.62303503e-06
  0.00000000e+00  0.00000000e+00  0.00000000e+00  4.28512942e-06]","[[ 5.66670795e-05  1.80832641e-02]
 [-6.66763663e-04  3.48616814e-03]]",[],0.0,0.0
1787563916.60774,1.911436021170228,1.6636757894737204,2.338989342381586,"[ 3.60057497e-05  5.67707916e-07  0.00000000e+00  0.00000000e+00
  0.00000000e+00 -4.41921405e-06  5.67707916e-07  2.67982680e-05
  0.00000000e+00  0.00000000e+00  0.00000000e+00 -1.62303503e-06
  0.00000000e+00  0.00000000e+00  0.00000000e+00  0.00000000e+00
  0.00000000e+00  0.00000000e+00  0.00000000e+00  0.00000000e+00
  0.00000000e+00  0.00000000e+00  0.00000000e+00  0.00000000e+00
  0.00000000e+00  0.00000000e+00  0.00000000e+00  0.00000000e+00
  0.00000000e+00  0.00000000e+00 -4.41921405e-06 -1.62303503e-06
  0.00000000e+00  0.00000000e+00  0.00000000e+00  4.28512942e-06]","[[ 5.66670795e-05  1.80832641e-02]
 [-6.66763663e-04  3.48616814e-03]]",[],0.0,0.0
1787563916.6676047,1.911436021170228,1.6636757894737204,2.338989342381586,"[ 3.60057497e-05  5.67707916e-07  0.00000000e+00  0.00000000e+00
  0.00000000e+00 -4.41921405e-06  5.67707916e-07  2.67982680e-05
  0.00000000e+00  0.00000000e+00  0.00000000e+00 -1.62303503e-06
  0.00000000e+00  0.00000000e+00  0.00000000e+00  0.00000000e+00
  0.00000000e+00  0.00000000e+00  0.00000000e+00  0.00000000e+00
  0.00000000e+00  0.00000000e+00  0.00000000e+00  0.00000000e+00
  0.00000000e+00  0.00000000e+00  0.00000000e+00  0.00000000e+00
  0.00000000e+00  0.00000000e+00 -4.41921405e-06 -1.62303503e-06
  0.00000000e+00  0.00000000e+00  0.00000000e+00  4.28512942e-06]","[[ 5.66670795e-05  1.80832641e-02]
 [-6.66763663e-04  3.48616814e-03]]",[],0.0,0.0
1787563916.7059073,1.911436021170228,1.6636757894737204,2.338989342381586,"[ 3.60057497e-05  5.67707916e-07  0.00000000e+00  0.00000000e+00
  0.00000000e+00 -4.41921405e-06  5.67707916e-07  2.67982680e-05
  0.00000000e+00  0.00000000e+00  0.00000000e+00 -1.62303503e-06
  0.00000000e+00  0.00000000e+00  0.00000000e+00  0.00000000e+00
  0.00000000e+00  0.00000000e+00  0.00000000e+00  0.00000000e+00
  0.00000000e+00  0.00000000e+00  0.00000000e+00  0.00000000e+00
  0.00000000e+00  0.00000000e+00  0.00000000e+00  0.00000000e+00
  0.00000000e+00  0.00000000e+00 -4.41921405e-06 -1.62303503e-06
  0.00000000e+00  0.00000000e+00  0.00000000e+00  4.28512942e-06]","[[ 5.66670795e-05  1.80832641e-02]
 [-6.66763663e-04  3.48616814e-03]]",[],0.0,0.0
1787563916.7563574,1.911436021170228,1.6636757894737204,2.338989342381586,"[ 3.60057497e-05  5.67707916e-07  0.00000000e+00  0.00000000e+00
  0.00000000e+00 -4.41921405e-06  5.67707916e-07  2.67982680e-05
  0.00000000e+00  0.00000000e+00  0.00000000e+00 -1.62303503e-06
  0.00000000e+00  0.00000000e+00  0.00000000e+00  0.00000000e+00
  0.00000000e+00  0.00000000e+00  0.00000000e+00  0.00000000e+00
  0.00000000e+00  0.00000000e+00  0.00000000e+00  0.00000000e+00
  0.00000000e+00  0.00000000e+00  0.00000000e+00  0.00000000e+00
  0.00000000e+00  0.00000000e+00 -4.41921405e-06 -1.62303503e-06
  0.00000000e+00  0.00000000e+00  0.00000000e+00  4.28512942e-06]","[[ 5.66670795e-05  1.80832641e-02]
 [-6.66763663e-04  3.48616814e-03]]",[],0.0,0.0
1787563916.8073456,1.911436021170228,1.6636757894737204,2.338989342381586,"[ 3.60057497e-05  5.67707916e-07  0.00000000e+00  0.00000000e+00
  0.00000000e+00 -4.41921405e-06  5.67707916e-07  2.67982680e-05
  0.00000000e+00  0.00000000e+00  0.00000000e+00 -1.62303503e-06
  0.00000000e+00  0.00000000e+00  0.00000000e+00  0.00000000e+00
  0.00000000e+00  0.00000000e+00  0.00000000e+00  0.00000000e+00
  0.00000000e+00  0.00000000e+00  0.00000000e+00  0.00000000e+00
  0.00000000e+00  0.00000000e+00  0.00000000e+00  0.00000000e+00
  0.00000000e+00  0.00000000e+00 -4.41921405e-06 -1.62303503e-06
  0.00000000e+00  0.00000000e+00  0.00000000e+00  4.28512942e-06]","[[ 5.66670795e-05  1.80832641e-02]
 [-6.66763663e-04  3.48616814e-03]]",[],0.0,0.0
1787563916.8582032,1.911436021170228,1.6636757894737204,2.338989342381586,"[ 3.60057497e-05  5.67707916e-07  0.00000000e+00  0.00000000e+00
  0.00000000e+00 -4.41921405e-06  5.67707916e-07  2.67982680e-05
  0.00000000e+00  0.00000000e+00  0.00000000e+00 -1.62303503e-06
  0.00000000e+00  0.00000000e+00  0.00000000e+00  0.00000000e+00
  0.00000000e+00  0.00000000e+00  0.00000000e+00  0.00000000e+00
  0.00000000e+00  0.00000000e+00  0.00000000e+00  0.00000000e+00
  0.00000000e+00  0.00000000e+00  0.00000000e+00  0.00000000e+00
  0.00000000e+00  0.00000000e+00 -4.41921405e-06 -1.62303503e-06
  0.00000000e+00  0.00000000e+00  0.00000000e+00  4.28512942e-06]","[[ 5.66670795e-05  1.80832641e-02]
 [-6.66763663e-04  3.48616814e-03]]",[],0.0,0.0
1787563916.905883,1.911436021170228,1.6636757894737204,2.338989342381586,"[ 3.60057497e-05  5.67707916e-07  0.00000000e+00  0.00000000e+00
  0.00000000e+00 -4.41921405e-06  5.67707916e-07  2.67982680e-05
  0.00000000e+00  0.00000000e+00  0.00000000e+00 -1.62303503e-06
  0.00000000e+00  0.00000000e+00  0.00000000e+00  0.00000000e+00
  0.00000000e+00  0.00000000e+00  0.00000000e+00  0.00000000e+00
  0.00000000e+00  0.00000000e+00  0.00000000e+00  0.00000000e+00
  0.00000000e+00  0.00000000e+00  0.00000000e+00  0.00000000e+00
  0.00000000e+00  0.00000000e+00 -4.41921405e-06 -1.62303503e-06
  0.00000000e+00  0.00000000e+00  0.00000000e+00  4.28512942e-06]","[[ 5.66670795e-05  1.80832641e-02]
 [-6.66763663e-04  3.48616814e-03]]",[],0.0,0.0
1787563916.9635925,1.911436021170228,1.6636757894737204,2.338989342381586,"[ 3.60057497e-05  5.67707916e-07  0.00000000e+00  0.00000000e+00
  0.00000000e+00 -4.41921405e-06  5.67707916e-07  2.67982680e-05
  0.00000000e+00  0.00000000e+00  0.00000000e+00 -1.62303503e-06
  0.00000000e+00  0.00000000e+00  0.00000000e+00  0.00000000e+00
  0.00000000e+00  0.00000000e+00  0.00000000e+00  0.00000000e+00
  0.00000000e+00  0.00000000e+00  0.00000000e+00  0.00000000e+00
  0.00000000e+00  0.00000000e+00  0.00000000e+00  0.00000000e+00
  0.00000000e+00  0.00000000e+00 -4.41921405e-06 -1.62303503e-06
  0.00000000e+00  0.00000000e+00  0.00000000e+00  4.28512942e-06]","[[ 5.66670795e-05  1.80832641e-02]
 [-6.66763663e-04  3.48616814e-03]]",[],0.0,0.0
1787563917.023916,1.939513303249144,1.637126507599157,2.371779932802541,"[ 2.43339674e-05  3.43698892e-07  0.00000000e+00  0.00000000e+00
  0.00000000e+00 -2.78206612e-06  3.43698892e-07  1.75392496e-05
  0.00000000e+00  0.00000000e+00  0.00000000e+00 -1.20810500e-06
  0.00000000e+00  0.00000000e+00  0.00000000e+00  0.00000000e+00
  0.00000000e+00  0.00000000e+00  0.00000000e+00  0.00000000e+00
  0.00000000e+00  0.00000000e+00  0.00000000e+00  0.00000000e+00
  0.00000000e+00  0.00000000e+00  0.00000000e+00  0.00000000e+00
  0.00000000e+00  0.00000000e+00 -2.78206612e-06 -1.20810500e-06
  0.00000000e+00  0.00000000e+00  0.00000000e+00  3.88057977e-06]","[[ 4.11486767e-05  1.18280228e-02]
 [-4.36312624e-04  2.52671137e-03]]",[],0.0,0.0
1787563917.0562522,1.939513303249144,1.637126507599157,2.371779932802541,"[ 2.43339674e-05  3.43698892e-07  0.00000000e+00  0.00000000e+00
  0.00000000e+00 -2.78206612e-06  3.43698892e-07  1.75392496e-05
  0.00000000e+00  0.00000000e+00  0.00000000e+00 -1.20810500e-06
  0.00000000e+00  0.00000000e+00  0.00000000e+00  0.00000000e+00
  0.00000000e+00  0.00000000e+00  0.00000000e+00  0.00000000e+00
  0.00000000e+00  0.00000000e+00  0.00000000e+00  0.00000000e+00
  0.00000000e+00  0.00000000e+00  0.00000000e+00  0.00000000e+00
  0.00000000e+00  0.00000000e+00 -2.78206612e-06 -1.20810500e-06
  0.00000000e+00  0.00000000e+00  0.00000000e+00  3.88057977e-06]","[[ 4.11486767e-05  1.18280228e-02]
 [-4.36312624e-04  2.52671137e-03]]",[],0.0,0.0
1787563917.1058488,1.939513303249144,1.637126507599157,2.371779932802541,"[ 2.43339674e-05  3.43698892e-07  0.00000000e+00  0.00000000e+00
  0.00000000e+00 -2.78206612e-06  3.43698892e-07  1.75392496e-05
  0.00000000e+00  0.00000000e+00  0.00000000e+00 -1.20810500e-06
  0.00000000e+00  0.00000000e+00  0.00000000e+00  0.00000000e+00
  0.00000000e+00  0.00000000e+00  0.00000000e+00  0.00000000e+00
  0.00000000e+00  0.00000000e+00  0.00000000e+00  0.00000000e+00
  0.00000000e+00  0.00000000e+00  0.00000000e+00  0.00000000e+00
  0.00000000e+00  0.00000000e+00 -2.78206612e-06 -1.20810500e-06
  0.00000000e+00  0.00000000e+00  0.00000000e+00  3.88057977e-06]","[[ 4.11486767e-05  1.18280228e-02]
 [-4.36312624e-04  2.52671137e-03]]",[],0.0,0.0
1787563917.158203,1.939513303249144,1.637126507599157,2.371779932802541,"[ 2.43339674e-05  3.43698892e-07  0.00000000e+00  0.00000000e+00
  0.00000000e+00 -2.78206612e-06  3.43698892e-07  1.75392496e-05
  0.00000000e+00  0.00000000e+00  0.00000000e+00 -1.20810500e-06
  0.00000000e+00  0.00000000e+00  0.00000000e+00  0.00000000e+00
  0.00000000e+00  0.00000000e+00  0.00000000e+00  0.00000000e+00
  0.00000000e+00  0.00000000e+00  0.00000000e+00  0.00000000e+00
  0.00000000e+00  0.00000000e+00  0.00000000e+00  0.00000000e+00
  0.00000000e+00  0.00000000e+00 -2.78206612e-06 -1.20810500e-06
  0.00000000e+00  0.00000000e+00  0.00000000e+00  3.88057977e-06]","[[ 4.11486767e-05  1.18280228e-02]
 [-4.36312624e-04  2.52671137e-03]]",[],0.0,0.0
1787563917.207045,1.939513303249144,1.637126507599157,2.371779932802541,"[ 2.43339674e-05  3.43698892e-07  0.00000000e+00  0.00000000e+00
  0.00000000e+00 -2.78206612e-06  3.43698892e-07  1.75392496e-05
  0.00000000e+00  0.00000000e+00  0.00000000e+00 -1.20810500e-06
  0.00000000e+00  0.00000000e+00  0.00000000e+00  0.00000000e+00
  0.00000000e+00  0.00000000e+00  0.00000000e+00  0.00000000e+00
  0.00000000e+00  0.00000000e+00  0.00000000e+00  0.00000000e+00
  0.00000000e+00  0.00000000e+00  0.00000000e+00  0.00000000e+00
  0.00000000e+00  0.00000000e+00 -2.78206612e-06 -1.20810500e-06
  0.00000000e+00  0.00000000e+00  0.00000000e+00  3.88057977e-06]","[[ 4.11486767e-05  1.18280228e-02]
 [-4.36312624e-04  2.52671137e-03]]",[],0.0,0.0
1787563917.2589257,1.939513303249144,1.637126507599157,2.371779932802541,"[ 2.43339674e-05  3.43698892e-07  0.00000000e+00  0.00000000e+00
  0.00000000e+00 -2.78206612e-06  3.43698892e-07  1.75392496e-05
  0.00000000e+00  0.00000000e+00  0.00000000e+00 -1.20810500e-06
  0.00000000e+00  0.00000000e+00  0.00000000e+00  0.00000000e+00
  0.00000000e+00  0.00000000e+00  0.00000000e+00  0.00000000e+00
  0.00000000e+00  0.00000000e+00  0.00000000e+00  0.00000000e+00
  0.00000000e+00  0.00000000e+00  0.00000000e+00  0.00000000e+00
  0.00000000e+00  0.00000000e+00 -2.78206612e-06 -1.20810500e-06
  0.00000000e+00  0.00000000e+00  0.00000000e+00  3.88057977e-06]","[[ 4.11486767e-05  1.18280228e-02]
 [-4.36312624e-04  2.52671137e-03]]",[],0.0,0.0
1787563917.308849,1.939513303249144,1.637126507599157,2.371779932802541,"[ 2.43339674e-05  3.43698892e-07  0.00000000e+00  0.00000000e+00
  0.00000000e+00 -2.78206612e-06  3.43698892e-07  1.75392496e-05
  0.00000000e+00  0.00000000e+00  0.00000000e+00 -1.20810500e-06
  0.00000000e+00  0.00000000e+00  0.00000000e+00  0.00000000e+00
  0.00000000e+00  0.00000000e+00  0.00000000e+00  0.00000000e+00
  0.00000000e+00  0.00000000e+00  0.00000000e+00  0.00000000e+00
  0.00000000e+00  0.00000000e+00  0.00000000e+00  0.00000000e+00
  0.00000000e+00  0.00000000e+00 -2.78206612e-06 -1.20810500e-06
  0.00000000e+00  0.00000000e+00  0.00000000e+00  3.88057977e-06]","[[ 4.11486767e-05  1.18280228e-02]
 [-4.36312624e-04  2.52671137e-03]]",[],0.0,0.0
1787563917.3607268,1.939513303249144,1.637126507599157,2.371779932802541,"[ 2.43339674e-05  3.43698892e-07  0.00000000e+00  0.00000000e+00
  0.00000000e+00 -2.78206612e-06  3.43698892e-07  1.75392496e-05
  0.00000000e+00  0.00000000e+00  0.00000000e+00 -1.20810500e-06
  0.00000000e+00  0.00000000e+00  0.00000000e+00  0.00000000e+00
  0.00000000e+00  0.00000000e+00  0.00000000e+00  0.00000000e+00
  0.00000000e+00  0.00000000e+00  0.00000000e+00  0.00000000e+00
  0.00000000e+00  0.00000000e+00  0.00000000e+00  0.00000000e+00
  0.00000000e+00  0.00000000e+00 -2.78206612e-06 -1.20810500e-06
  0.00000000e+00  0.00000000e+00  0.00000000e+00  3.88057977e-06]","[[ 4.11486767e-05  1.18280228e-02]
 [-4.36312624e-04  2.52671137e-03]]",[],0.0,0.0
1787563917.4057143,1.939513303249144,1.637126507599157,2.371779932802541,"[ 2.43339674e-05  3.43698892e-07  0.00000000e+00  0.00000000e+00
  0.00000000e+00 -2.78206612e-06  3.43698892e-07  1.75392496e-05
  0.00000000e+00  0.00000000e+00  0.00000000e+00 -1.20810500e-06
  0.00000000e+00  0.00000000e+00  0.00000000e+00  0.00000000e+00
  0.00000000e+00  0.00000000e+00  0.00000000e+00  0.00000000e+00
  0.00000000e+00  0.00000000e+00  0.00000000e+00  0.00000000e+00
  0.00000000e+00  0.00000000e+00  0.00000000e+00  0.00000000e+00
  0.00000000e+00  0.00000000e+00 -2.78206612e-06 -1.20810500e-06
  0.00000000e+00  0.00000000e+00  0.00000000e+00  3.88057977e-06]","[[ 4.11486767e-05  1.18280228e-02]
 [-4.36312624e-04  2.52671137e-03]]",[],0.0,0.0
1787563917.456278,1.939513303249144,1.637126507599157,2.371779932802541,"[ 2.43339674e-05  3.43698892e-07  0.00000000e+00  0.00000000e+00
  0.00000000e+00 -2.78206612e-06  3.43698892e-07  1.75392496e-05
  0.00000000e+00  0.00000000e+00  0.00000000e+00 -1.20810500e-06
  0.00000000e+00  0.00000000e+00  0.00000000e+00  0.00000000e+00
  0.00000000e+00  0.00000000e+00  0.00000000e+00  0.00000000e+00
  0.00000000e+00  0.00000000e+00  0.00000000e+00  0.00000000e+00
  0.00000000e+00  0.00000000e+00  0.00000000e+00  0.00000000e+00
  0.00000000e+00  0.00000000e+00 -2.78206612e-06 -1.20810500e-06
  0.00000000e+00  0.00000000e+00  0.00000000e+00  3.88057977e-06]","[[ 4.11486767e-05  1.18280228e-02]
 [-4.36312624e-04  2.52671137e-03]]",[],0.0,0.0
1787563917.5131505,1.939513303249144,1.637126507599157,2.371779932802541,"[ 2.43339674e-05  3.43698892e-07  0.00000000e+00  0.00000000e+00
  0.00000000e+00 -2.78206612e-06  3.43698892e-07  1.75392496e-05
  0.00000000e+00  0.00000000e+00  0.00000000e+00 -1.20810500e-06
  0.00000000e+00  0.00000000e+00  0.00000000e+00  0.00000000e+00
  0.00000000e+00  0.00000000e+00  0.00000000e+00  0.00000000e+00
  0.00000000e+00  0.00000000e+00  0.00000000e+00  0.00000000e+00
  0.00000000e+00  0.00000000e+00  0.00000000e+00  0.00000000e+00
  0.00000000e+00  0.00000000e+00 -2.78206612e-06 -1.20810500e-06
  0.00000000e+00  0.00000000e+00  0.00000000e+00  3.88057977e-06]","[[ 4.11486767e-05  1.18280228e-02]
 [-4.36312624e-04  2.52671137e-03]]",[],0.0,0.0
1787563917.5588243,1.939513303249144,1.637126507599157,2.371779932802541,"[ 2.43339674e-05  3.43698892e-07  0.00000000e+00  0.00000000e+00
  0.00000000e+00 -2.78206612e-06  3.43698892e-07  1.75392496e-05
  0.00000000e+00  0.00000000e+00  0.00000000e+00 -1.20810500e-06
  0.00000000e+00  0.00000000e+00  0.00000000e+00  0.00000000e+00
  0.00000000e+00  0.00000000e+00  0.00000000e+00  0.00000000e+00
  0.00000000e+00  0.00000000e+00  0.00000000e+00  0.00000000e+00
  0.00000000e+00  0.00000000e+00  0.00000000e+00  0.00000000e+00
  0.00000000e+00  0.00000000e+00 -2.78206612e-06 -1.20810500e-06
  0.00000000e+00  0.00000000e+00  0.00000000e+00  3.88057977e-06]","[[ 4.11486767e-05  1.18280228e-02]
 [-4.36312624e-04  2.52671137e-03]]",[],0.0,0.0
1787563917.6057928,1.9565693689300752,1.6156329850666535,2.393710555039439,"[ 1.88676485e-05  2.42725293e-07  0.00000000e+00  0.00000000e+00
  0.00000000e+00 -2.15321155e-06  2.42725293e-07  1.32696845e-05
  0.00000000e+00  0.00000000e+00  0.00000000e+00 -8.57387972e-07
  0.00000000e+00  0.00000000e+00  0.00000000e+00  0.00000000e+00
  0.00000000e+00  0.00000000e+00  0.00000000e+00  0.00000000e+00
  0.00000000e+00  0.00000000e+00  0.00000000e+00  0.00000000e+00
  0.00000000e+00  0.00000000e+00  0.00000000e+00  0.00000000e+00
  0.00000000e+00  0.00000000e+00 -2.15321155e-06 -8.57387972e-07
  0.00000000e+00  0.00000000e+00  0.00000000e+00  3.77670383e-06]","[[ 3.46716866e-05  9.13324283e-03]
 [-3.29980014e-04  1.82886676e-03]]",[],0.0,0.0
1787563917.6600668,1.9565693689300752,1.6156329850666535,2.393710555039439,"[ 1.88676485e-05  2.42725293e-07  0.00000000e+00  0.00000000e+00
  0.00000000e+00 -2.15321155e-06  2.42725293e-07  1.32696845e-05
  0.00000000e+00  0.00000000e+00  0.00000000e+00 -8.57387972e-07
  0.00000000e+00  0.00000000e+00  0.00000000e+00  0.00000000e+00
  0.00000000e+00  0.00000000e+00  0.00000000e+00  0.00000000e+00
  0.00000000e+00  0.00000000e+00  0.00000000e+00  0.00000000e+00
  0.00000000e+00  0.00000000e+00  0.00000000e+00  0.00000000e+00
  0.00000000e+00  0.00000000e+00 -2.15321155e-06 -8.57387972e-07
  0.00000000e+00  0.00000000e+00  0.00000000e+00  3.77670383e-06]","[[ 3.46716866e-05  9.13324283e-03]
 [-3.29980014e-04  1.82886676e-03]]",[],0.0,0.0
1787563917.7061584,1.9565693689300752,1.6156329850666535,2.393710555039439,"[ 1.88676485e-05  2.42725293e-07  0.00000000e+00  0.00000000e+00
  0.00000000e+00 -2.15321155e-06  2.42725293e-07  1.32696845e-05
  0.00000000e+00  0.00000000e+00  0.00000000e+00 -8.57387972e-07
  0.00000000e+00  0.00000000e+00  0.00000000e+00  0.00000000e+00
  0.00000000e+00  0.00000000e+00  0.00000000e+00  0.00000000e+00
  0.00000000e+00  0.00000000e+00  0.00000000e+00  0.00000000e+00
  0.00000000e+00  0.00000000e+00  0.00000000e+00  0.00000000e+00
  0.00000000e+00  0.00000000e+00 -2.15321155e-06 -8.57387972e-07
  0.00000000e+00  0.00000000e+00  0.00000000e+00  3.77670383e-06]","[[ 3.46716866e-05  9.13324283e-03]
 [-3.29980014e-04  1.82886676e-03]]",[],0.0,0.0
1787563917.763781,1.9565693689300752,1.6156329850666535,2.393710555039439,"[ 1.88676485e-05  2.42725293e-07  0.00000000e+00  0.00000000e+00
  0.00000000e+00 -2.15321155e-06  2.42725293e-07  1.32696845e-05
  0.00000000e+00  0.00000000e+00  0.00000000e+00 -8.57387972e-07
  0.00000000e+00  0.00000000e+00  0.00000000e+00  0.00000000e+00
  0.00000000e+00  0.00000000e+00  0.00000000e+00  0.00000000e+00
  0.00000000e+00  0.00000000e+00  0.00000000e+00  0.00000000e+00
  0.00000000e+00  0.00000000e+00  0.00000000e+00  0.00000000e+00
  0.00000000e+00  0.00000000e+00 -2.15321155e-06 -8.57387972e-07
  0.00000000e+00  0.00000000e+00  0.00000000e+00  3.77670383e-06]","[[ 3.46716866e-05  9.13324283e-03]
 [-3.29980014e-04  1.82886676e-03]]",[],0.0,0.0
1787563917.8069081,1.9565693689300752,1.6156329850666535,2.393710555039439,"[ 1.88676485e-05  2.42725293e-07  0.00000000e+00  0.00000000e+00
  0.00000000e+00 -2.15321155e-06  2.42725293e-07  1.32696845e-05
  0.00000000e+00  0.00000000e+00  0.00000000e+00 -8.57387972e-07
  0.00000000e+00  0.00000000e+00  0.00000000e+00  0.00000000e+00
  0.00000000e+00  0.00000000e+00  0.00000000e+00  0.00000000e+00
  0.00000000e+00  0.00000000e+00  0.00000000e+00  0.00000000e+00
  0.00000000e+00  0.00000000e+00  0.00000000e+00  0.00000000e+00
  0.00000000e+00  0.00000000e+00 -2.15321155e-06 -8.57387972e-07
  0.00000000e+00  0.00000000e+00  0.00000000e+00  3.77670383e-06]","[[ 3.46716866e-05  9.13324283e-03]
 [-3.29980014e-04  1.82886676e-03]]",[],0.0,0.0
1787563917.8562813,1.9565693689300752,1.6156329850666535,2.393710555039439,"[ 1.88676485e-05  2.42725293e-07  0.00000000e+00  0.00000000e+00
  0.00000000e+00 -2.15321155e-06  2.42725293e-07  1.32696845e-05
  0.00000000e+00  0.00000000e+00  0.00000000e+00 -8.57387972e-07
  0.00000000e+00  0.00000000e+00  0.00000000e+00  0.00000000e+00
  0.00000000e+00  0.00000000e+00  0.00000000e+00  0.00000000e+00
  0.00000000e+00  0.00000000e+00  0.00000000e+00  0.00000000e+00
  0.00000000e+00  0.00000000e+00  0.00000000e+00  0.00000000e+00
  0.00000000e+00  0.00000000e+00 -2.15321155e-06 -8.57387972e-07
  0.00000000e+00  0.00000000e+00  0.00000000e+00  3.77670383e-06]","[[ 3.46716866e-05  9.13324283e-03]
 [-3.29980014e-04  1.82886676e-03]]",[],0.0,0.0
1787563917.911338,1.9565693689300752,1.6156329850666535,2.393710555039439,"[ 1.88676485e-05  2.42725293e-07  0.00000000e+00  0.00000000e+00
  0.00000000e+00 -2.15321155e-06  2.42725293e-07  1.32696845e-05
  0.00000000e+00  0.00000000e+00  0.00000000e+00 -8.57387972e-07
  0.00000000e+00  0.00000000e+00  0.00000000e+00  0.00000000e+00
  0.00000000e+00  0.00000000e+00  0.00000000e+00  0.00000000e+00
  0.00000000e+00  0.00000000e+00  0.00000000e+00  0.00000000e+00
  0.00000000e+00  0.00000000e+00  0.00000000e+00  0.00000000e+00
  0.00000000e+00  0.00000000e+00 -2.15321155e-06 -8.57387972e-07
  0.00000000e+00  0.00000000e+00  0.00000000e+00  3.77670383e-06]","[[ 3.46716866e-05  9.13324283e-03]
 [-3.29980014e-04  1.82886676e-03]]",[],0.0,0.0
1787563917.9581091,1.9565693689300752,1.6156329850666535,2.393710555039439,"[ 1.88676485e-05  2.42725293e-07  0.00000000e+00  0.00000000e+00
  0.00000000e+00 -2.15321155e-06  2.42725293e-07  1.32696845e-05
  0.00000000e+00  0.00000000e+00  0.00000000e+00 -8.57387972e-07
  0.00000000e+00  0.00000000e+00  0.00000000e+00  0.00000000e+00
  0.00000000e+00  0.00000000e+00  0.00000000e+00  0.00000000e+00
  0.00000000e+00  0.00000000e+00  0.00000000e+00  0.00000000e+00
  0.00000000e+00  0.00000000e+00  0.00000000e+00  0.00000000e+00
  0.00000000e+00  0.00000000e+00 -2.15321155e-06 -8.57387972e-07
  0.00000000e+00  0.00000000e+00  0.00000000e+00  3.77670383e-06]","[[ 3.46716866e-05  9.13324283e-03]
 [-3.29980014e-04  1.82886676e-03]]",[],0.0,0.0
1787563918.0067534,1.9565693689300752,1.6156329850666535,2.393710555039439,"[ 1.88676485e-05  2.42725293e-07  0.00000000e+00  0.00000000e+00
  0.00000000e+00 -2.15321155e-06  2.42725293e-07  1.32696845e-05
  0.00000000e+00  0.00000000e+00  0.00000000e+00 -8.57387972e-07
  0.00000000e+00  0.00000000e+00  0.00000000e+00  0.00000000e+00
  0.00000000e+00  0.00000000e+00  0.00000000e+00  0.00000000e+00
  0.00000000e+00  0.00000000e+00  0.00000000e+00  0.00000000e+00
  0.00000000e+00  0.00000000e+00  0.00000000e+00  0.00000000e+00
  0.00000000e+00  0.00000000e+00 -2.15321155e-06 -8.57387972e-07
  0.00000000e+00  0.00000000e+00  0.00000000e+00  3.77670383e-06]","[[ 3.46716866e-05  9.13324283e-03]
 [-3.29980014e-04  1.82886676e-03]]",[],0.0,0.0
1787563918.0596092,1.9565693689300752,1.6156329850666535,2.393710555039439,"[ 1.88676485e-05  2.42725293e-07  0.00000000e+00  0.00000000e+00
  0.00000000e+00 -2.15321155e-06  2.42725293e-07  1.32696845e-05
  0.00000000e+00  0.00000000e+00  0.00000000e+00 -8.57387972e-07
  0.00000000e+00  0.00000000e+00  0.00000000e+00  0.00000000e+00
  0.00000000e+00  0.00000000e+00  0.00000000e+00  0.00000000e+00
  0.00000000e+00  0.00000000e+00  0.00000000e+00  0.00000000e+00
  0.00000000e+00  0.00000000e+00  0.00000000e+00  0.00000000e+00
  0.00000000e+00  0.00000000e+00 -2.15321155e-06 -8.57387972e-07
  0.00000000e+00  0.00000000e+00  0.00000000e+00  3.77670383e-06]","[[ 3.46716866e-05  9.13324283e-03]
 [-3.29980014e-04  1.82886676e-03]]",[],0.0,0.0
1787563918.1173606,1.9565693689300752,1.6156329850666535,2.393710555039439,"[ 1.88676485e-05  2.42725293e-07  0.00000000e+00  0.00000000e+00
  0.00000000e+00 -2.15321155e-06  2.42725293e-07  1.32696845e-05
  0.00000000e+00  0.00000000e+00  0.00000000e+00 -8.57387972e-07
  0.00000000e+00  0.00000000e+00  0.00000000e+00  0.00000000e+00
  0.00000000e+00  0.00000000e+00  0.00000000e+00  0.00000000e+00
  0.00000000e+00  0.00000000e+00  0.00000000e+00  0.00000000e+00
  0.00000000e+00  0.00000000e+00  0.00000000e+00  0.00000000e+00
  0.00000000e+00  0.00000000e+00 -2.15321155e-06 -8.57387972e-07
  0.00000000e+00  0.00000000e+00  0.00000000e+00  3.77670383e-06]","[[ 3.46716866e-05  9.13324283e-03]
 [-3.29980014e-04  1.82886676e-03]]",[],0.0,0.0
1787563918.1560097,1.9565693689300752,1.6156329850666535,2.393710555039439,"[ 1.88676485e-05  2.42725293e-07  0.00000000e+00  0.00000000e+00
  0.00000000e+00 -2.15321155e-06  2.42725293e-07  1.32696845e-05
  0.00000000e+00  0.00000000e+00  0.00000000e+00 -8.57387972e-07
  0.00000000e+00  0.00000000e+00  0.00000000e+00  0.00000000e+00
  0.00000000e+00  0.00000000e+00  0.00000000e+00  0.00000000e+00
  0.00000000e+00  0.00000000e+00  0.00000000e+00  0.00000000e+00
  0.00000000e+00  0.00000000e+00  0.00000000e+00  0.00000000e+00
  0.00000000e+00  0.00000000e+00 -2.15321155e-06 -8.57387972e-07
  0.00000000e+00  0.00000000e+00  0.00000000e+00  3.77670383e-06]","[[ 3.46716866e-05  9.13324283e-03]
 [-3.29980014e-04  1.82886676e-03]]",[],0.0,0.0
1787563918.2130895,1.9565693689300752,1.6156329850666535,2.393710555039439,"[ 1.88676485e-05  2.42725293e-07  0.00000000e+00  0.00000000e+00
  0.00000000e+00 -2.15321155e-06  2.42725293e-07  1.32696845e-05
  0.00000000e+00  0.00000000e+00  0.00000000e+00 -8.57387972e-07
  0.00000000e+00  0.00000000e+00  0.00000000e+00  0.00000000e+00
  0.00000000e+00  0.00000000e+00  0.00000000e+00  0.00000000e+00
  0.00000000e+00  0.00000000e+00  0.00000000e+00  0.00000000e+00
  0.00000000e+00  0.00000000e+00  0.00000000e+00  0.00000000e+00
  0.00000000e+00  0.00000000e+00 -2.15321155e-06 -8.57387972e-07
  0.00000000e+00  0.00000000e+00  0.00000000e+00  3.77670383e-06]","[[ 3.46716866e-05  9.13324283e-03]
 [-3.29980014e-04  1.82886676e-03]]",[],0.0,0.0
1787563918.2640977,1.9565693689300752,1.6156329850666535,2.393710555039439,"[ 1.88676485e-05  2.42725293e-07  0.00000000e+00  0.00000000e+00
  0.00000000e+00 -2.15321155e-06  2.42725293e-07  1.32696845e-05
  0.00000000e+00  0.00000000e+00  0.00000000e+00 -8.57387972e-07
  0.00000000e+00  0.00000000e+00  0.00000000e+00  0.00000000e+00
  0.00000000e+00  0.00000000e+00  0.00000000e+00  0.00000000e+00
  0.00000000e+00  0.00000000e+00  0.00000000e+00  0.00000000e+00
  0.00000000e+00  0.00000000e+00  0.00000000e+00  0.00000000e+00
  0.00000000e+00  0.00000000e+00 -2.15321155e-06 -8.57387972e-07
  0.00000000e+00  0.00000000e+00  0.00000000e+00  3.77670383e-06]","[[ 3.46716866e-05  9.13324283e-03]
 [-3.29980014e-04  1.82886676e-03]]",[],0.0,0.0
1787563918.3143706,1.9657844207159143,1.5976559434847546,2.4147193893408954,"[ 1.52067029e-05  1.65075896e-07  0.00000000e+00  0.00000000e+00
  0.00000000e+00 -1.69193520e-06  1.65075896e-07  1.05839033e-05
  0.00000000e+00  0.00000000e+00  0.00000000e+00 -6.01731690e-07
  0.00000000e+00  0.00000000e+00  0.00000000e+00  0.00000000e+00
  0.00000000e+00  0.00000000e+00  0.00000000e+00  0.00000000e+00
  0.00000000e+00  0.00000000e+00  0.00000000e+00  0.00000000e+00
  0.00000000e+00  0.00000000e+00  0.00000000e+00  0.00000000e+00
  0.00000000e+00  0.00000000e+00 -1.69193520e-06 -6.01731690e-07
  0.00000000e+00  0.00000000e+00  0.00000000e+00  3.70122902e-06]","[[ 2.97281890e-05  7.26912660e-03]
 [-2.63179990e-04  1.32153889e-03]]",[],0.0,0.0
1787563918.3710089,1.9657844207159143,1.5976559434847546,2.4147193893408954,"[ 1.52067029e-05  1.65075896e-07  0.00000000e+00  0.00000000e+00
  0.00000000e+00 -1.69193520e-06  1.65075896e-07  1.05839033e-05
  0.00000000e+00  0.00000000e+00  0.00000000e+00 -6.01731690e-07
  0.00000000e+00  0.00000000e+00  0.00000000e+00  0.00000000e+00
  0.00000000e+00  0.00000000e+00  0.00000000e+00  0.00000000e+00
  0.00000000e+00  0.00000000e+00  0.00000000e+00  0.00000000e+00
  0.00000000e+00  0.00000000e+00  0.00000000e+00  0.00000000e+00
  0.00000000e+00  0.00000000e+00 -1.69193520e-06 -6.01731690e-07
  0.00000000e+00  0.00000000e+00  0.00000000e+00  3.70122902e-06]","[[ 2.97281890e-05  7.26912660e-03]
 [-2.63179990e-04  1.32153889e-03]]",[],0.0,0.0
1787563918.4265227,1.9657844207159143,1.5976559434847546,2.4147193893408954,"[ 1.52067029e-05  1.65075896e-07  0.00000000e+00  0.00000000e+00
  0.00000000e+00 -1.69193520e-06  1.65075896e-07  1.05839033e-05
  0.00000000e+00  0.00000000e+00  0.00000000e+00 -6.01731690e-07
  0.00000000e+00  0.00000000e+00  0.00000000e+00  0.00000000e+00
  0.00000000e+00  0.00000000e+00  0.00000000e+00  0.00000000e+00
  0.00000000e+00  0.00000000e+00  0.00000000e+00  0.00000000e+00
  0.00000000e+00  0.00000000e+00  0.00000000e+00  0.00000000e+00
  0.00000000e+00  0.00000000e+00 -1.69193520e-06 -6.01731690e-07
  0.00000000e+00  0.00000000e+00  0.00000000e+00  3.70122902e-06]","[[ 2.97281890e-05  7.26912660e-03]
 [-2.63179990e-04  1.32153889e-03]]",[],0.0,0.0
1787563918.4589086,1.9657844207159143,1.5976559434847546,2.4147193893408954,"[ 1.52067029e-05  1.65075896e-07  0.00000000e+00  0.00000000e+00
  0.00000000e+00 -1.69193520e-06  1.65075896e-07  1.05839033e-05
  0.00000000e+00  0.00000000e+00  0.00000000e+00 -6.01731690e-07
  0.00000000e+00  0.00000000e+00  0.00000000e+00  0.00000000e+00
  0.00000000e+00  0.00000000e+00  0.00000000e+00  0.00000000e+00
  0.00000000e+00  0.00000000e+00  0.00000000e+00  0.00000000e+00
  0.00000000e+00  0.00000000e+00  0.00000000e+00  0.00000000e+00
  0.00000000e+00  0.00000000e+00 -1.69193520e-06 -6.01731690e-07
  0.00000000e+00  0.00000000e+00  0.00000000e+00  3.70122902e-06]","[[ 2.97281890e-05  7.26912660e-03]
 [-2.63179990e-04  1.32153889e-03]]",[],0.0,0.0
1787563918.5066934,1.9657844207159143,1.5976559434847546,2.4147193893408954,"[ 1.52067029e-05  1.65075896e-07  0.00000000e+00  0.00000000e+00
  0.00000000e+00 -1.69193520e-06  1.65075896e-07  1.05839033e-05
  0.00000000e+00  0.00000000e+00  0.00000000e+00 -6.01731690e-07
  0.00000000e+00  0.00000000e+00  0.00000000e+00  0.00000000e+00
  0.00000000e+00  0.00000000e+00  0.00000000e+00  0.00000000e+00
  0.00000000e+00  0.00000000e+00  0.00000000e+00  0.00000000e+00
  0.00000000e+00  0.00000000e+00  0.00000000e+00  0.00000000e+00
  0.00000000e+00  0.00000000e+00 -1.69193520e-06 -6.01731690e-07
  0.00000000e+00  0.00000000e+00  0.00000000e+00  3.70122902e-06]","[[ 2.97281890e-05  7.26912660e-03]
 [-2.63179990e-04  1.32153889e-03]]",[],0.0,0.0
1787563918.5588112,1.9657844207159143,1.5976559434847546,2.4147193893408954,"[ 1.52067029e-05  1.65075896e-07  0.00000000e+00  0.00000000e+00
  0.00000000e+00 -1.69193520e-06  1.65075896e-07  1.05839033e-05
  0.00000000e+00  0.00000000e+00  0.00000000e+00 -6.01731690e-07
  0.00000000e+00  0.00000000e+00  0.00000000e+00  0.00000000e+00
  0.00000000e+00  0.00000000e+00  0.00000000e+00  0.00000000e+00
  0.00000000e+00  0.00000000e+00  0.00000000e+00  0.00000000e+00
  0.00000000e+00  0.00000000e+00  0.00000000e+00  0.00000000e+00
  0.00000000e+00  0.00000000e+00 -1.69193520e-06 -6.01731690e-07
  0.00000000e+00  0.00000000e+00  0.00000000e+00  3.70122902e-06]","[[ 2.97281890e-05  7.26912660e-03]
 [-2.63179990e-04  1.32153889e-03]]",[],0.0,0.0
1787563918.6127307,1.9657844207159143,1.5976559434847546,2.4147193893408954,"[ 1.52067029e-05  1.65075896e-07  0.00000000e+00  0.00000000e+00
  0.00000000e+00 -1.69193520e-06  1.65075896e-07  1.05839033e-05
  0.00000000e+00  0.00000000e+00  0.00000000e+00 -6.01731690e-07
  0.00000000e+00  0.00000000e+00  0.00000000e+00  0.00000000e+00
  0.00000000e+00  0.00000000e+00  0.00000000e+00  0.00000000e+00
  0.00000000e+00  0.00000000e+00  0.00000000e+00  0.00000000e+00
  0.00000000e+00  0.00000000e+00  0.00000000e+00  0.00000000e+00
  0.00000000e+00  0.00000000e+00 -1.69193520e-06 -6.01731690e-07
  0.00000000e+00  0.00000000e+00  0.00000000e+00  3.70122902e-06]","[[ 2.97281890e-05  7.26912660e-03]
 [-2.63179990e-04  1.32153889e-03]]",[],0.0,0.0
1787563918.6568453,1.9657844207159143,1.5976559434847546,2.4147193893408954,"[ 1.52067029e-05  1.65075896e-07  0.00000000e+00  0.00000000e+00
  0.00000000e+00 -1.69193520e-06  1.65075896e-07  1.05839033e-05
  0.00000000e+00  0.00000000e+00  0.00000000e+00 -6.01731690e-07
  0.00000000e+00  0.00000000e+00  0.00000000e+00  0.00000000e+00
  0.00000000e+00  0.00000000e+00  0.00000000e+00  0.00000000e+00
  0.00000000e+00  0.00000000e+00  0.00000000e+00  0.00000000e+00
  0.00000000e+00  0.00000000e+00  0.00000000e+00  0.00000000e+00
  0.00000000e+00  0.00000000e+00 -1.69193520e-06 -6.01731690e-07
  0.00000000e+00  0.00000000e+00  0.00000000e+00  3.70122902e-06]","[[ 2.97281890e-05  7.26912660e-03]
 [-2.63179990e-04  1.32153889e-03]]",[],0.0,0.0
1787563918.7067769,1.9657844207159143,1.5976559434847546,2.4147193893408954,"[ 1.52067029e-05  1.65075896e-07  0.00000000e+00  0.00000000e+00
  0.00000000e+00 -1.69193520e-06  1.65075896e-07  1.05839033e-05
  0.00000000e+00  0.00000000e+00  0.00000000e+00 -6.01731690e-07
  0.00000000e+00  0.00000000e+00  0.00000000e+00  0.00000000e+00
  0.00000000e+00  0.00000000e+00  0.00000000e+00  0.00000000e+00
  0.00000000e+00  0.00000000e+00  0.00000000e+00  0.00000000e+00
  0.00000000e+00  0.00000000e+00  0.00000000e+00  0.00000000e+00
  0.00000000e+00  0.00000000e+00 -1.69193520e-06 -6.01731690e-07
  0.00000000e+00  0.00000000e+00  0.00000000e+00  3.70122902e-06]","[[ 2.97281890e-05  7.26912660e-03]
 [-2.63179990e-04  1.32153889e-03]]",[],0.0,0.0
1787563918.7567713,1.9657844207159143,1.5976559434847546,2.4147193893408954,"[ 1.52067029e-05  1.65075896e-07  0.00000000e+00  0.00000000e+00
  0.00000000e+00 -1.69193520e-06  1.65075896e-07  1.05839033e-05
  0.00000000e+00  0.00000000e+00  0.00000000e+00 -6.01731690e-07
  0.00000000e+00  0.00000000e+00  0.00000000e+00  0.00000000e+00
  0.00000000e+00  0.00000000e+00  0.00000000e+00  0.00000000e+00
  0.00000000e+00  0.00000000e+00  0.00000000e+00  0.00000000e+00
  0.00000000e+00  0.00000000e+00  0.00000000e+00  0.00000000e+00
  0.00000000e+00  0.00000000e+00 -1.69193520e-06 -6.01731690e-07
  0.00000000e+00  0.00000000e+00  0.00000000e+00  3.70122902e-06]","[[ 2.97281890e-05  7.26912660e-03]
 [-2.63179990e-04  1.32153889e-03]]",[],0.0,0.0
1787563918.807115,1.9657844207159143,1.5976559434847546,2.4147193893408954,"[ 1.52067029e-05  1.65075896e-07  0.00000000e+00  0.00000000e+00
  0.00000000e+00 -1.69193520e-06  1.65075896e-07  1.05839033e-05
  0.00000000e+00  0.00000000e+00  0.00000000e+00 -6.01731690e-07
  0.00000000e+00  0.00000000e+00  0.00000000e+00  0.00000000e+00
  0.00000000e+00  0.00000000e+00  0.00000000e+00  0.00000000e+00
  0.00000000e+00  0.00000000e+00  0.00000000e+00  0.00000000e+00
  0.00000000e+00  0.00000000e+00  0.00000000e+00  0.00000000e+00
  0.00000000e+00  0.00000000e+00 -1.69193520e-06 -6.01731690e-07
  0.00000000e+00  0.00000000e+00  0.00000000e+00  3.70122902e-06]","[[ 2.97281890e-05  7.26912660e-03]
 [-2.63179990e-04  1.32153889e-03]]",[],0.0,0.0
1787563918.8599916,1.9657844207159143,1.5976559434847546,2.4147193893408954,"[ 1.52067029e-05  1.65075896e-07  0.00000000e+00  0.00000000e+00
  0.00000000e+00 -1.69193520e-06  1.65075896e-07  1.05839033e-05
  0.00000000e+00  0.00000000e+00  0.00000000e+00 -6.01731690e-07
  0.00000000e+00  0.00000000e+00  0.00000000e+00  0.00000000e+00
  0.00000000e+00  0.00000000e+00  0.00000000e+00  0.00000000e+00
  0.00000000e+00  0.00000000e+00  0.00000000e+00  0.00000000e+00
  0.00000000e+00  0.00000000e+00  0.00000000e+00  0.00000000e+00
  0.00000000e+00  0.00000000e+00 -1.69193520e-06 -6.01731690e-07
  0.00000000e+00  0.00000000e+00  0.00000000e+00  3.70122902e-06]","[[ 2.97281890e-05  7.26912660e-03]
 [-2.63179990e-04  1.32153889e-03]]",[],0.0,0.0
1787563918.9059412,1.9657844207159143,1.5976559434847546,2.4147193893408954,"[ 1.52067029e-05  1.65075896e-07  0.00000000e+00  0.00000000e+00
  0.00000000e+00 -1.69193520e-06  1.65075896e-07  1.05839033e-05
  0.00000000e+00  0.00000000e+00  0.00000000e+00 -6.01731690e-07
  0.00000000e+00  0.00000000e+00  0.00000000e+00  0.00000000e+00
  0.00000000e+00  0.00000000e+00  0.00000000e+00  0.00000000e+00
  0.00000000e+00  0.00000000e+00  0.00000000e+00  0.00000000e+00
  0.00000000e+00  0.00000000e+00  0.00000000e+00  0.00000000e+00
  0.00000000e+00  0.00000000e+00 -1.69193520e-06 -6.01731690e-07
  0.00000000e+00  0.00000000e+00  0.00000000e+00  3.70122902e-06]","[[ 2.97281890e-05  7.26912660e-03]
 [-2.63179990e-04  1.32153889e-03]]",[],0.0,0.0
1787563918.9558942,1.9722229596009833,1.5852127132502942,2.4279543034439968,"[ 1.27964962e-05  6.30207069e-08  0.00000000e+00  0.00000000e+00
  0.00000000e+00 -1.47845826e-06  6.30207069e-08  8.74639380e-06
  0.00000000e+00  0.00000000e+00  0.00000000e+00 -4.05155451e-07
  0.00000000e+00  0.00000000e+00  0.00000000e+00  0.00000000e+00
  0.00000000e+00  0.00000000e+00  0.00000000e+00  0.00000000e+00
  0.00000000e+00  0.00000000e+00  0.00000000e+00  0.00000000e+00
  0.00000000e+00  0.00000000e+00  0.00000000e+00  0.00000000e+00
  0.00000000e+00  0.00000000e+00 -1.47845826e-06 -4.05155451e-07
  0.00000000e+00  0.00000000e+00  0.00000000e+00  3.51692084e-06]","[[ 2.73353806e-05  6.19251464e-03]
 [-2.17623170e-04  9.20819947e-04]]",[],0.0,0.0
1787563919.0075088,1.9722229596009833,1.5852127132502942,2.4279543034439968,"[ 1.27964962e-05  6.30207069e-08  0.00000000e+00  0.00000000e+00
  0.00000000e+00 -1.47845826e-06  6.30207069e-08  8.74639380e-06
  0.00000000e+00  0.00000000e+00  0.00000000e+00 -4.05155451e-07
  0.00000000e+00  0.00000000e+00  0.00000000e+00  0.00000000e+00
  0.00000000e+00  0.00000000e+00  0.00000000e+00  0.00000000e+00
  0.00000000e+00  0.00000000e+00  0.00000000e+00  0.00000000e+00
  0.00000000e+00  0.00000000e+00  0.00000000e+00  0.00000000e+00
  0.00000000e+00  0.00000000e+00 -1.47845826e-06 -4.05155451e-07
  0.00000000e+00  0.00000000e+00  0.00000000e+00  3.51692084e-06]","[[ 2.73353806e-05  6.19251464e-03]
 [-2.17623170e-04  9.20819947e-04]]",[],0.0,0.0
1787563919.0560808,1.9722229596009833,1.5852127132502942,2.4279543034439968,"[ 1.27964962e-05  6.30207069e-08  0.00000000e+00  0.00000000e+00
  0.00000000e+00 -1.47845826e-06  6.30207069e-08  8.74639380e-06
  0.00000000e+00  0.00000000e+00  0.00000000e+00 -4.05155451e-07
  0.00000000e+00  0.00000000e+00  0.00000000e+00  0.00000000e+00
  0.00000000e+00  0.00000000e+00  0.00000000e+00  0.00000000e+00
  0.00000000e+00  0.00000000e+00  0.00000000e+00  0.00000000e+00
  0.00000000e+00  0.00000000e+00  0.00000000e+00  0.00000000e+00
  0.00000000e+00  0.00000000e+00 -1.47845826e-06 -4.05155451e-07
  0.00000000e+00  0.00000000e+00  0.00000000e+00  3.51692084e-06]","[[ 2.73353806e-05  6.19251464e-03]
 [-2.17623170e-04  9.20819947e-04]]",[],0.0,0.0
1787563919.1109853,1.9722229596009833,1.5852127132502942,2.4279543034439968,"[ 1.27964962e-05  6.30207069e-08  0.00000000e+00  0.00000000e+00
  0.00000000e+00 -1.47845826e-06  6.30207069e-08  8.74639380e-06
  0.00000000e+00  0.00000000e+00  0.00000000e+00 -4.05155451e-07
  0.00000000e+00  0.00000000e+00  0.00000000e+00  0.00000000e+00
  0.00000000e+00  0.00000000e+00  0.00000000e+00  0.00000000e+00
  0.00000000e+00  0.00000000e+00  0.00000000e+00  0.00000000e+00
  0.00000000e+00  0.00000000e+00  0.00000000e+00  0.00000000e+00
  0.00000000e+00  0.00000000e+00 -1.47845826e-06 -4.05155451e-07
  0.00000000e+00  0.00000000e+00  0.00000000e+00  3.51692084e-06]","[[ 2.73353806e-05  6.19251464e-03]
 [-2.17623170e-04  9.20819947e-04]]",[],0.0,0.0
1787563919.156796,1.9722229596009833,1.5852127132502942,2.4279543034439968,"[ 1.27964962e-05  6.30207069e-08  0.00000000e+00  0.00000000e+00
  0.00000000e+00 -1.47845826e-06  6.30207069e-08  8.74639380e-06
  0.00000000e+00  0.00000000e+00  0.00000000e+00 -4.05155451e-07
  0.00000000e+00  0.00000000e+00  0.00000000e+00  0.00000000e+00
  0.00000000e+00  0.00000000e+00  0.00000000e+00  0.00000000e+00
  0.00000000e+00  0.00000000e+00  0.00000000e+00  0.00000000e+00
  0.00000000e+00  0.00000000e+00  0.00000000e+00  0.00000000e+00
  0.00000000e+00  0.00000000e+00 -1.47845826e-06 -4.05155451e-07
  0.00000000e+00  0.00000000e+00  0.00000000e+00  3.51692084e-06]","[[ 2.73353806e-05  6.19251464e-03]
 [-2.17623170e-04  9.20819947e-04]]",[],0.0,0.0
1787563919.2095888,1.9722229596009833,1.5852127132502942,2.4279543034439968,"[ 1.27964962e-05  6.30207069e-08  0.00000000e+00  0.00000000e+00
  0.00000000e+00 -1.47845826e-06  6.30207069e-08  8.74639380e-06
  0.00000000e+00  0.00000000e+00  0.00000000e+00 -4.05155451e-07
  0.00000000e+00  0.00000000e+00  0.00000000e+00  0.00000000e+00
  0.00000000e+00  0.00000000e+00  0.00000000e+00  0.00000000e+00
  0.00000000e+00  0.00000000e+00  0.00000000e+00  0.00000000e+00
  0.00000000e+00  0.00000000e+00  0.00000000e+00  0.00000000e+00
  0.00000000e+00  0.00000000e+00 -1.47845826e-06 -4.05155451e-07
  0.00000000e+00  0.00000000e+00  0.00000000e+00  3.51692084e-06]","[[ 2.73353806e-05  6.19251464e-03]
 [-2.17623170e-04  9.20819947e-04]]",[],0.0,0.0
1787563919.2624366,1.9722229596009833,1.5852127132502942,2.4279543034439968,"[ 1.27964962e-05  6.30207069e-08  0.00000000e+00  0.00000000e+00
  0.00000000e+00 -1.47845826e-06  6.30207069e-08  8.74639380e-06
  0.00000000e+00  0.00000000e+00  0.00000000e+00 -4.05155451e-07
  0.00000000e+00  0.00000000e+00  0.00000000e+00  0.00000000e+00
  0.00000000e+00  0.00000000e+00  0.00000000e+00  0.00000000e+00
  0.00000000e+00  0.00000000e+00  0.00000000e+00  0.00000000e+00
  0.00000000e+00  0.00000000e+00  0.00000000e+00  0.00000000e+00
  0.00000000e+00  0.00000000e+00 -1.47845826e-06 -4.05155451e-07
  0.00000000e+00  0.00000000e+00  0.00000000e+00  3.51692084e-06]","[[ 2.73353806e-05  6.19251464e-03]
 [-2.17623170e-04  9.20819947e-04]]",[],0.0,0.0
1787563919.3093927,1.9722229596009833,1.5852127132502942,2.4279543034439968,"[ 1.27964962e-05  6.30207069e-08  0.00000000e+00  0.00000000e+00
  0.00000000e+00 -1.47845826e-06  6.30207069e-08  8.74639380e-06
  0.00000000e+00  0.00000000e+00  0.00000000e+00 -4.05155451e-07
  0.00000000e+00  0.00000000e+00  0.00000000e+00  0.00000000e+00
  0.00000000e+00  0.00000000e+00  0.00000000e+00  0.00000000e+00
  0.00000000e+00  0.00000000e+00  0.00000000e+00  0.00000000e+00
  0.00000000e+00  0.00000000e+00  0.00000000e+00  0.00000000e+00
  0.00000000e+00  0.00000000e+00 -1.47845826e-06 -4.05155451e-07
  0.00000000e+00  0.00000000e+00  0.00000000e+00  3.51692084e-06]","[[ 2.73353806e-05  6.19251464e-03]
 [-2.17623170e-04  9.20819947e-04]]",[],0.0,0.0
1787563919.3574119,1.9722229596009833,1.5852127132502942,2.4279543034439968,"[ 1.27964962e-05  6.30207069e-08  0.00000000e+00  0.00000000e+00
  0.00000000e+00 -1.47845826e-06  6.30207069e-08  8.74639380e-06
  0.00000000e+00  0.00000000e+00  0.00000000e+00 -4.05155451e-07
  0.00000000e+00  0.00000000e+00  0.00000000e+00  0.00000000e+00
  0.00000000e+00  0.00000000e+00  0.00000000e+00  0.00000000e+00
  0.00000000e+00  0.00000000e+00  0.00000000e+00  0.00000000e+00
  0.00000000e+00  0.00000000e+00  0.00000000e+00  0.00000000e+00
  0.00000000e+00  0.00000000e+00 -1.47845826e-06 -4.05155451e-07
  0.00000000e+00  0.00000000e+00  0.00000000e+00  3.51692084e-06]","[[ 2.73353806e-05  6.19251464e-03]
 [-2.17623170e-04  9.20819947e-04]]",[],0.0,0.0
1787563919.4062421,1.9722229596009833,1.5852127132502942,2.4279543034439968,"[ 1.27964962e-05  6.30207069e-08  0.00000000e+00  0.00000000e+00
  0.00000000e+00 -1.47845826e-06  6.30207069e-08  8.74639380e-06
  0.00000000e+00  0.00000000e+00  0.00000000e+00 -4.05155451e-07
  0.00000000e+00  0.00000000e+00  0.00000000e+00  0.00000000e+00
  0.00000000e+00  0.00000000e+00  0.00000000e+00  0.00000000e+00
  0.00000000e+00  0.00000000e+00  0.00000000e+00  0.00000000e+00
  0.00000000e+00  0.00000000e+00  0.00000000e+00  0.00000000e+00
  0.00000000e+00  0.00000000e+00 -1.47845826e-06 -4.05155451e-07
  0.00000000e+00  0.00000000e+00  0.00000000e+00  3.51692084e-06]","[[ 2.73353806e-05  6.19251464e-03]
 [-2.17623170e-04  9.20819947e-04]]",[],0.0,0.0
1787563919.456991,1.9722229596009833,1.5852127132502942,2.4279543034439968,"[ 1.27964962e-05  6.30207069e-08  0.00000000e+00  0.00000000e+00
  0.00000000e+00 -1.47845826e-06  6.30207069e-08  8.74639380e-06
  0.00000000e+00  0.00000000e+00  0.00000000e+00 -4.05155451e-07
  0.00000000e+00  0.00000000e+00  0.00000000e+00  0.00000000e+00
  0.00000000e+00  0.00000000e+00  0.00000000e+00  0.00000000e+00
  0.00000000e+00  0.00000000e+00  0.00000000e+00  0.00000000e+00
  0.00000000e+00  0.00000000e+00  0.00000000e+00  0.00000000e+00
  0.00000000e+00  0.00000000e+00 -1.47845826e-06 -4.05155451e-07
  0.00000000e+00  0.00000000e+00  0.00000000e+00  3.51692084e-06]","[[ 2.73353806e-05  6.19251464e-03]
 [-2.17623170e-04  9.20819947e-04]]",[],0.0,0.0
1787563919.5067682,1.9722229596009833,1.5852127132502942,2.4279543034439968,"[ 1.27964962e-05  6.30207069e-08  0.00000000e+00  0.00000000e+00
  0.00000000e+00 -1.47845826e-06  6.30207069e-08  8.74639380e-06
  0.00000000e+00  0.00000000e+00  0.00000000e+00 -4.05155451e-07
  0.00000000e+00  0.00000000e+00  0.00000000e+00  0.00000000e+00
  0.00000000e+00  0.00000000e+00  0.00000000e+00  0.00000000e+00
  0.00000000e+00  0.00000000e+00  0.00000000e+00  0.00000000e+00
  0.00000000e+00  0.00000000e+00  0.00000000e+00  0.00000000e+00
  0.00000000e+00  0.00000000e+00 -1.47845826e-06 -4.05155451e-07
  0.00000000e+00  0.00000000e+00  0.00000000e+00  3.51692084e-06]","[[ 2.73353806e-05  6.19251464e-03]
 [-2.17623170e-04  9.20819947e-04]]",[],0.0,0.0
1787563919.5568907,1.9722229596009833,1.5852127132502942,2.4279543034439968,"[ 1.27964962e-05  6.30207069e-08  0.00000000e+00  0.00000000e+00
  0.00000000e+00 -1.47845826e-06  6.30207069e-08  8.74639380e-06
  0.00000000e+00  0.00000000e+00  0.00000000e+00 -4.05155451e-07
  0.00000000e+00  0.00000000e+00  0.00000000e+00  0.00000000e+00
  0.00000000e+00  0.00000000e+00  0.00000000e+00  0.00000000e+00
  0.00000000e+00  0.00000000e+00  0.00000000e+00  0.00000000e+00
  0.00000000e+00  0.00000000e+00  0.00000000e+00  0.00000000e+00
  0.00000000e+00  0.00000000e+00 -1.47845826e-06 -4.05155451e-07
  0.00000000e+00  0.00000000e+00  0.00000000e+00  3.51692084e-06]","[[ 2.73353806e-05  6.19251464e-03]
 [-2.17623170e-04  9.20819947e-04]]",[],0.0,0.0
1787563919.606979,1.983741013900284,1.5751074626978292,2.433316987555324,"[ 1.10835263e-05  6.69913760e-08  0.00000000e+00  0.00000000e+00
  0.00000000e+00 -1.27154361e-06  6.69913760e-08  7.53160952e-06
  0.00000000e+00  0.00000000e+00  0.00000000e+00 -4.53445100e-07
  0.00000000e+00  0.00000000e+00  0.00000000e+00  0.00000000e+00
  0.00000000e+00  0.00000000e+00  0.00000000e+00  0.00000000e+00
  0.00000000e+00  0.00000000e+00  0.00000000e+00  0.00000000e+00
  0.00000000e+00  0.00000000e+00  0.00000000e+00  0.00000000e+00
  0.00000000e+00  0.00000000e+00 -1.27154361e-06 -4.53445100e-07
  0.00000000e+00  0.00000000e+00  0.00000000e+00  3.62890997e-06]","[[ 2.36261278e-05  5.34127998e-03]
 [-1.87351212e-04  9.71149962e-04]]",[],0.0,0.0
1787563919.6590703,1.983741013900284,1.5751074626978292,2.433316987555324,"[ 1.10835263e-05  6.69913760e-08  0.00000000e+00  0.00000000e+00
  0.00000000e+00 -1.27154361e-06  6.69913760e-08  7.53160952e-06
  0.00000000e+00  0.00000000e+00  0.00000000e+00 -4.53445100e-07
  0.00000000e+00  0.00000000e+00  0.00000000e+00  0.00000000e+00
  0.00000000e+00  0.00000000e+00  0.00000000e+00  0.00000000e+00
  0.00000000e+00  0.00000000e+00  0.00000000e+00  0.00000000e+00
  0.00000000e+00  0.00000000e+00  0.00000000e+00  0.00000000e+00
  0.00000000e+00  0.00000000e+00 -1.27154361e-06 -4.53445100e-07
  0.00000000e+00  0.00000000e+00  0.00000000e+00  3.62890997e-06]","[[ 2.36261278e-05  5.34127998e-03]
 [-1.87351212e-04  9.71149962e-04]]",[],0.0,0.0
1787563919.7079275,1.983741013900284,1.5751074626978292,2.433316987555324,"[ 1.10835263e-05  6.69913760e-08  0.00000000e+00  0.00000000e+00
  0.00000000e+00 -1.27154361e-06  6.69913760e-08  7.53160952e-06
  0.00000000e+00  0.00000000e+00  0.00000000e+00 -4.53445100e-07
  0.00000000e+00  0.00000000e+00  0.00000000e+00  0.00000000e+00
  0.00000000e+00  0.00000000e+00  0.00000000e+00  0.00000000e+00
  0.00000000e+00  0.00000000e+00  0.00000000e+00  0.00000000e+00
  0.00000000e+00  0.00000000e+00  0.00000000e+00  0.00000000e+00
  0.00000000e+00  0.00000000e+00 -1.27154361e-06 -4.53445100e-07
  0.00000000e+00  0.00000000e+00  0.00000000e+00  3.62890997e-06]","[[ 2.36261278e-05  5.34127998e-03]
 [-1.87351212e-04  9.71149962e-04]]",[],0.0,0.0
1787563919.7579453,1.983741013900284,1.5751074626978292,2.433316987555324,"[ 1.10835263e-05  6.69913760e-08  0.00000000e+00  0.00000000e+00
  0.00000000e+00 -1.27154361e-06  6.69913760e-08  7.53160952e-06
  0.00000000e+00  0.00000000e+00  0.00000000e+00 -4.53445100e-07
  0.00000000e+00  0.00000000e+00  0.00000000e+00  0.00000000e+00
  0.00000000e+00  0.00000000e+00  0.00000000e+00  0.00000000e+00
  0.00000000e+00  0.00000000e+00  0.00000000e+00  0.00000000e+00
  0.00000000e+00  0.00000000e+00  0.00000000e+00  0.00000000e+00
  0.00000000e+00  0.00000000e+00 -1.27154361e-06 -4.53445100e-07
  0.00000000e+00  0.00000000e+00  0.00000000e+00  3.62890997e-06]","[[ 2.36261278e-05  5.34127998e-03]
 [-1.87351212e-04  9.71149962e-04]]",[],0.0,0.0
1787563919.8059125,1.983741013900284,1.5751074626978292,2.433316987555324,"[ 1.10835263e-05  6.69913760e-08  0.00000000e+00  0.00000000e+00
  0.00000000e+00 -1.27154361e-06  6.69913760e-08  7.53160952e-06
  0.00000000e+00  0.00000000e+00  0.00000000e+00 -4.53445100e-07
  0.00000000e+00  0.00000000e+00  0.00000000e+00  0.00000000e+00
  0.00000000e+00  0.00000000e+00  0.00000000e+00  0.00000000e+00
  0.00000000e+00  0.00000000e+00  0.00000000e+00  0.00000000e+00
  0.00000000e+00  0.00000000e+00  0.00000000e+00  0.00000000e+00
  0.00000000e+00  0.00000000e+00 -1.27154361e-06 -4.53445100e-07
  0.00000000e+00  0.00000000e+00  0.00000000e+00  3.62890997e-06]","[[ 2.36261278e-05  5.34127998e-03]
 [-1.87351212e-04  9.71149962e-04]]",[],0.0,0.0
1787563919.861338,1.983741013900284,1.5751074626978292,2.433316987555324,"[ 1.10835263e-05  6.69913760e-08  0.00000000e+00  0.00000000e+00
  0.00000000e+00 -1.27154361e-06  6.69913760e-08  7.53160952e-06
  0.00000000e+00  0.00000000e+00  0.00000000e+00 -4.53445100e-07
  0.00000000e+00  0.00000000e+00  0.00000000e+00  0.00000000e+00
  0.00000000e+00  0.00000000e+00  0.00000000e+00  0.00000000e+00
  0.00000000e+00  0.00000000e+00  0.00000000e+00  0.00000000e+00
  0.00000000e+00  0.00000000e+00  0.00000000e+00  0.00000000e+00
  0.00000000e+00  0.00000000e+00 -1.27154361e-06 -4.53445100e-07
  0.00000000e+00  0.00000000e+00  0.00000000e+00  3.62890997e-06]","[[ 2.36261278e-05  5.34127998e-03]
 [-1.87351212e-04  9.71149962e-04]]",[],0.0,0.0
1787563919.9081502,1.983741013900284,1.5751074626978292,2.433316987555324,"[ 1.10835263e-05  6.69913760e-08  0.00000000e+00  0.00000000e+00
  0.00000000e+00 -1.27154361e-06  6.69913760e-08  7.53160952e-06
  0.00000000e+00  0.00000000e+00  0.00000000e+00 -4.53445100e-07
  0.00000000e+00  0.00000000e+00  0.00000000e+00  0.00000000e+00
  0.00000000e+00  0.00000000e+00  0.00000000e+00  0.00000000e+00
  0.00000000e+00  0.00000000e+00  0.00000000e+00  0.00000000e+00
  0.00000000e+00  0.00000000e+00  0.00000000e+00  0.00000000e+00
  0.00000000e+00  0.00000000e+00 -1.27154361e-06 -4.53445100e-07
  0.00000000e+00  0.00000000e+00  0.00000000e+00  3.62890997e-06]","[[ 2.36261278e-05  5.34127998e-03]
 [-1.87351212e-04  9.71149962e-04]]",[],0.0,0.0
1787563919.9580386,1.983741013900284,1.5751074626978292,2.433316987555324,"[ 1.10835263e-05  6.69913760e-08  0.00000000e+00  0.00000000e+00
  0.00000000e+00 -1.27154361e-06  6.69913760e-08  7.53160952e-06
  0.00000000e+00  0.00000000e+00  0.00000000e+00 -4.53445100e-07
  0.00000000e+00  0.00000000e+00  0.00000000e+00  0.00000000e+00
  0.00000000e+00  0.00000000e+00  0.00000000e+00  0.00000000e+00
  0.00000000e+00  0.00000000e+00  0.00000000e+00  0.00000000e+00
  0.00000000e+00  0.00000000e+00  0.00000000e+00  0.00000000e+00
  0.00000000e+00  0.00000000e+00 -1.27154361e-06 -4.53445100e-07
  0.00000000e+00  0.00000000e+00  0.00000000e+00  3.62890997e-06]","[[ 2.36261278e-05  5.34127998e-03]
 [-1.87351212e-04  9.71149962e-04]]",[],0.0,0.0
1787563920.006217,1.983741013900284,1.5751074626978292,2.433316987555324,"[ 1.10835263e-05  6.69913760e-08  0.00000000e+00  0.00000000e+00
  0.00000000e+00 -1.27154361e-06  6.69913760e-08  7.53160952e-06
  0.00000000e+00  0.00000000e+00  0.00000000e+00 -4.53445100e-07
  0.00000000e+00  0.00000000e+00  0.00000000e+00  0.00000000e+00
  0.00000000e+00  0.00000000e+00  0.00000000e+00  0.00000000e+00
  0.00000000e+00  0.00000000e+00  0.00000000e+00  0.00000000e+00
  0.00000000e+00  0.00000000e+00  0.00000000e+00  0.00000000e+00
  0.00000000e+00  0.00000000e+00 -1.27154361e-06 -4.53445100e-07
  0.00000000e+00  0.00000000e+00  0.00000000e+00  3.62890997e-06]","[[ 2.36261278e-05  5.34127998e-03]
 [-1.87351212e-04  9.71149962e-04]]",[],0.0,0.0
1787563920.0642846,1.983741013900284,1.5751074626978292,2.433316987555324,"[ 1.10835263e-05  6.69913760e-08  0.00000000e+00  0.00000000e+00
  0.00000000e+00 -1.27154361e-06  6.69913760e-08  7.53160952e-06
  0.00000000e+00  0.00000000e+00  0.00000000e+00 -4.53445100e-07
  0.00000000e+00  0.00000000e+00  0.00000000e+00  0.00000000e+00
  0.00000000e+00  0.00000000e+00  0.00000000e+00  0.00000000e+00
  0.00000000e+00  0.00000000e+00  0.00000000e+00  0.00000000e+00
  0.00000000e+00  0.00000000e+00  0.00000000e+00  0.00000000e+00
  0.00000000e+00  0.00000000e+00 -1.27154361e-06 -4.53445100e-07
  0.00000000e+00  0.00000000e+00  0.00000000e+00  3.62890997e-06]","[[ 2.36261278e-05  5.34127998e-03]
 [-1.87351212e-04  9.71149962e-04]]",[],0.0,0.0
1787563920.1114185,1.983741013900284,1.5751074626978292,2.433316987555324,"[ 1.10835263e-05  6.69913760e-08  0.00000000e+00  0.00000000e+00
  0.00000000e+00 -1.27154361e-06  6.69913760e-08  7.53160952e-06
  0.00000000e+00  0.00000000e+00  0.00000000e+00 -4.53445100e-07
  0.00000000e+00  0.00000000e+00  0.00000000e+00  0.00000000e+00
  0.00000000e+00  0.00000000e+00  0.00000000e+00  0.00000000e+00
  0.00000000e+00  0.00000000e+00  0.00000000e+00  0.00000000e+00
  0.00000000e+00  0.00000000e+00  0.00000000e+00  0.00000000e+00
  0.00000000e+00  0.00000000e+00 -1.27154361e-06 -4.53445100e-07
  0.00000000e+00  0.00000000e+00  0.00000000e+00  3.62890997e-06]","[[ 2.36261278e-05  5.34127998e-03]
 [-1.87351212e-04  9.71149962e-04]]",[],0.0,0.0
1787563920.1570992,1.983741013900284,1.5751074626978292,2.433316987555324,"[ 1.10835263e-05  6.69913760e-08  0.00000000e+00  0.00000000e+00
  0.00000000e+00 -1.27154361e-06  6.69913760e-08  7.53160952e-06
  0.00000000e+00  0.00000000e+00  0.00000000e+00 -4.53445100e-07
  0.00000000e+00  0.00000000e+00  0.00000000e+00  0.00000000e+00
  0.00000000e+00  0.00000000e+00  0.00000000e+00  0.00000000e+00
  0.00000000e+00  0.00000000e+00  0.00000000e+00  0.00000000e+00
  0.00000000e+00  0.00000000e+00  0.00000000e+00  0.00000000e+00
  0.00000000e+00  0.00000000e+00 -1.27154361e-06 -4.53445100e-07
  0.00000000e+00  0.00000000e+00  0.00000000e+00  3.62890997e-06]","[[ 2.36261278e-05  5.34127998e-03]
 [-1.87351212e-04  9.71149962e-04]]",[],0.0,0.0
1787563920.2085695,1.983741013900284,1.5751074626978292,2.433316987555324,"[ 1.10835263e-05  6.69913760e-08  0.00000000e+00  0.00000000e+00
  0.00000000e+00 -1.27154361e-06  6.69913760e-08  7.53160952e-06
  0.00000000e+00  0.00000000e+00  0.00000000e+00 -4.53445100e-07
  0.00000000e+00  0.00000000e+00  0.00000000e+00  0.00000000e+00
  0.00000000e+00  0.00000000e+00  0.00000000e+00  0.00000000e+00
  0.00000000e+00  0.00000000e+00  0.00000000e+00  0.00000000e+00
  0.00000000e+00  0.00000000e+00  0.00000000e+00  0.00000000e+00
  0.00000000e+00  0.00000000e+00 -1.27154361e-06 -4.53445100e-07
  0.00000000e+00  0.00000000e+00  0.00000000e+00  3.62890997e-06]","[[ 2.36261278e-05  5.34127998e-03]
 [-1.87351212e-04  9.71149962e-04]]",[],0.0,0.0
1787563920.2559288,1.983741013900284,1.5751074626978292,2.433316987555324,"[ 1.10835263e-05  6.69913760e-08  0.00000000e+00  0.00000000e+00
  0.00000000e+00 -1.27154361e-06  6.69913760e-08  7.53160952e-06
  0.00000000e+00  0.00000000e+00  0.00000000e+00 -4.53445100e-07
  0.00000000e+00  0.00000000e+00  0.00000000e+00  0.00000000e+00
  0.00000000e+00  0.00000000e+00  0.00000000e+00  0.00000000e+00
  0.00000000e+00  0.00000000e+00  0.00000000e+00  0.00000000e+00
  0.00000000e+00  0.00000000e+00  0.00000000e+00  0.00000000e+00
  0.00000000e+00  0.00000000e+00 -1.27154361e-06 -4.53445100e-07
  0.00000000e+00  0.00000000e+00  0.00000000e+00  3.62890997e-06]","[[ 2.36261278e-05  5.34127998e-03]
 [-1.87351212e-04  9.71149962e-04]]",[],0.0,0.0
1787563920.3090222,1.9865585324328559,1.5655496317141815,2.444053006840303,"[ 9.73415984e-06  2.46268781e-08  0.00000000e+00  0.00000000e+00
  0.00000000e+00 -1.04083374e-06  2.46268781e-08  6.61429787e-06
  0.00000000e+00  0.00000000e+00  0.00000000e+00 -3.40755284e-07
  0.00000000e+00  0.00000000e+00  0.00000000e+00  0.00000000e+00
  0.00000000e+00  0.00000000e+00  0.00000000e+00  0.00000000e+00
  0.00000000e+00  0.00000000e+00  0.00000000e+00  0.00000000e+00
  0.00000000e+00  0.00000000e+00  0.00000000e+00  0.00000000e+00
  0.00000000e+00  0.00000000e+00 -1.04083374e-06 -3.40755284e-07
  0.00000000e+00  0.00000000e+00  0.00000000e+00  3.55111171e-06]","[[ 2.20537243e-05  4.55846967e-03]
 [-1.64581250e-04  7.51071820e-04]]",[],0.0,0.0
1787563920.355733,1.9865585324328559,1.5655496317141815,2.444053006840303,"[ 9.73415984e-06  2.46268781e-08  0.00000000e+00  0.00000000e+00
  0.00000000e+00 -1.04083374e-06  2.46268781e-08  6.61429787e-06
  0.00000000e+00  0.00000000e+00  0.00000000e+00 -3.40755284e-07
  0.00000000e+00  0.00000000e+00  0.00000000e+00  0.00000000e+00
  0.00000000e+00  0.00000000e+00  0.00000000e+00  0.00000000e+00
  0.00000000e+00  0.00000000e+00  0.00000000e+00  0.00000000e+00
  0.00000000e+00  0.00000000e+00  0.00000000e+00  0.00000000e+00
  0.00000000e+00  0.00000000e+00 -1.04083374e-06 -3.40755284e-07
  0.00000000e+00  0.00000000e+00  0.00000000e+00  3.55111171e-06]","[[ 2.20537243e-05  4.55846967e-03]
 [-1.64581250e-04  7.51071820e-04]]",[],0.0,0.0
1787563920.4068472,1.9865585324328559,1.5655496317141815,2.444053006840303,"[ 9.73415984e-06  2.46268781e-08  0.00000000e+00  0.00000000e+00
  0.00000000e+00 -1.04083374e-06  2.46268781e-08  6.61429787e-06
  0.00000000e+00  0.00000000e+00  0.00000000e+00 -3.40755284e-07
  0.00000000e+00  0.00000000e+00  0.00000000e+00  0.00000000e+00
  0.00000000e+00  0.00000000e+00  0.00000000e+00  0.00000000e+00
  0.00000000e+00  0.00000000e+00  0.00000000e+00  0.00000000e+00
  0.00000000e+00  0.00000000e+00  0.00000000e+00  0.00000000e+00
  0.00000000e+00  0.00000000e+00 -1.04083374e-06 -3.40755284e-07
  0.00000000e+00  0.00000000e+00  0.00000000e+00  3.55111171e-06]","[[ 2.20537243e-05  4.55846967e-03]
 [-1.64581250e-04  7.51071820e-04]]",[],0.0,0.0
1787563920.456014,1.9865585324328559,1.5655496317141815,2.444053006840303,"[ 9.73415984e-06  2.46268781e-08  0.00000000e+00  0.00000000e+00
  0.00000000e+00 -1.04083374e-06  2.46268781e-08  6.61429787e-06
  0.00000000e+00  0.00000000e+00  0.00000000e+00 -3.40755284e-07
  0.00000000e+00  0.00000000e+00  0.00000000e+00  0.00000000e+00
  0.00000000e+00  0.00000000e+00  0.00000000e+00  0.00000000e+00
  0.00000000e+00  0.00000000e+00  0.00000000e+00  0.00000000e+00
  0.00000000e+00  0.00000000e+00  0.00000000e+00  0.00000000e+00
  0.00000000e+00  0.00000000e+00 -1.04083374e-06 -3.40755284e-07
  0.00000000e+00  0.00000000e+00  0.00000000e+00  3.55111171e-06]","[[ 2.20537243e-05  4.55846967e-03]
 [-1.64581250e-04  7.51071820e-04]]",[],0.0,0.0
1787563920.5078413,1.9865585324328559,1.5655496317141815,2.444053006840303,"[ 9.73415984e-06  2.46268781e-08  0.00000000e+00  0.00000000e+00
  0.00000000e+00 -1.04083374e-06  2.46268781e-08  6.61429787e-06
  0.00000000e+00  0.00000000e+00  0.00000000e+00 -3.40755284e-07
  0.00000000e+00  0.00000000e+00  0.00000000e+00  0.00000000e+00
  0.00000000e+00  0.00000000e+00  0.00000000e+00  0.00000000e+00
  0.00000000e+00  0.00000000e+00  0.00000000e+00  0.00000000e+00
  0.00000000e+00  0.00000000e+00  0.00000000e+00  0.00000000e+00
  0.00000000e+00  0.00000000e+00 -1.04083374e-06 -3.40755284e-07
  0.00000000e+00  0.00000000e+00  0.00000000e+00  3.55111171e-06]","[[ 2.20537243e-05  4.55846967e-03]
 [-1.64581250e-04  7.51071820e-04]]",[],0.0,0.0
1787563920.5572085,1.9865585324328559,1.5655496317141815,2.444053006840303,"[ 9.73415984e-06  2.46268781e-08  0.00000000e+00  0.00000000e+00
  0.00000000e+00 -1.04083374e-06  2.46268781e-08  6.61429787e-06
  0.00000000e+00  0.00000000e+00  0.00000000e+00 -3.40755284e-07
  0.00000000e+00  0.00000000e+00  0.00000000e+00  0.00000000e+00
  0.00000000e+00  0.00000000e+00  0.00000000e+00  0.00000000e+00
  0.00000000e+00  0.00000000e+00  0.00000000e+00  0.00000000e+00
  0.00000000e+00  0.00000000e+00  0.00000000e+00  0.00000000e+00
  0.00000000e+00  0.00000000e+00 -1.04083374e-06 -3.40755284e-07
  0.00000000e+00  0.00000000e+00  0.00000000e+00  3.55111171e-06]","[[ 2.20537243e-05  4.55846967e-03]
 [-1.64581250e-04  7.51071820e-04]]",[],0.0,0.0
1787563920.609542,1.9865585324328559,1.5655496317141815,2.444053006840303,"[ 9.73415984e-06  2.46268781e-08  0.00000000e+00  0.00000000e+00
  0.00000000e+00 -1.04083374e-06  2.46268781e-08  6.61429787e-06
  0.00000000e+00  0.00000000e+00  0.00000000e+00 -3.40755284e-07
  0.00000000e+00  0.00000000e+00  0.00000000e+00  0.00000000e+00
  0.00000000e+00  0.00000000e+00  0.00000000e+00  0.00000000e+00
  0.00000000e+00  0.00000000e+00  0.00000000e+00  0.00000000e+00
  0.00000000e+00  0.00000000e+00  0.00000000e+00  0.00000000e+00
  0.00000000e+00  0.00000000e+00 -1.04083374e-06 -3.40755284e-07
  0.00000000e+00  0.00000000e+00  0.00000000e+00  3.55111171e-06]","[[ 2.20537243e-05  4.55846967e-03]
 [-1.64581250e-04  7.51071820e-04]]",[],0.0,0.0
1787563920.66204,1.9865585324328559,1.5655496317141815,2.444053006840303,"[ 9.73415984e-06  2.46268781e-08  0.00000000e+00  0.00000000e+00
  0.00000000e+00 -1.04083374e-06  2.46268781e-08  6.61429787e-06
  0.00000000e+00  0.00000000e+00  0.00000000e+00 -3.40755284e-07
  0.00000000e+00  0.00000000e+00  0.00000000e+00  0.00000000e+00
  0.00000000e+00  0.00000000e+00  0.00000000e+00  0.00000000e+00
  0.00000000e+00  0.00000000e+00  0.00000000e+00  0.00000000e+00
  0.00000000e+00  0.00000000e+00  0.00000000e+00  0.00000000e+00
  0.00000000e+00  0.00000000e+00 -1.04083374e-06 -3.40755284e-07
  0.00000000e+00  0.00000000e+00  0.00000000e+00  3.55111171e-06]","[[ 2.20537243e-05  4.55846967e-03]
 [-1.64581250e-04  7.51071820e-04]]",[],0.0,0.0
1787563920.7076204,1.9865585324328559,1.5655496317141815,2.444053006840303,"[ 9.73415984e-06  2.46268781e-08  0.00000000e+00  0.00000000e+00
  0.00000000e+00 -1.04083374e-06  2.46268781e-08  6.61429787e-06
  0.00000000e+00  0.00000000e+00  0.00000000e+00 -3.40755284e-07
  0.00000000e+00  0.00000000e+00  0.00000000e+00  0.00000000e+00
  0.00000000e+00  0.00000000e+00  0.00000000e+00  0.00000000e+00
  0.00000000e+00  0.00000000e+00  0.00000000e+00  0.00000000e+00
  0.00000000e+00  0.00000000e+00  0.00000000e+00  0.00000000e+00
  0.00000000e+00  0.00000000e+00 -1.04083374e-06 -3.40755284e-07
  0.00000000e+00  0.00000000e+00  0.00000000e+00  3.55111171e-06]","[[ 2.20537243e-05  4.55846967e-03]
 [-1.64581250e-04  7.51071820e-04]]",[],0.0,0.0
1787563920.756778,1.9865585324328559,1.5655496317141815,2.444053006840303,"[ 9.73415984e-06  2.46268781e-08  0.00000000e+00  0.00000000e+00
  0.00000000e+00 -1.04083374e-06  2.46268781e-08  6.61429787e-06
  0.00000000e+00  0.00000000e+00  0.00000000e+00 -3.40755284e-07
  0.00000000e+00  0.00000000e+00  0.00000000e+00  0.00000000e+00
  0.00000000e+00  0.00000000e+00  0.00000000e+00  0.00000000e+00
  0.00000000e+00  0.00000000e+00  0.00000000e+00  0.00000000e+00
  0.00000000e+00  0.00000000e+00  0.00000000e+00  0.00000000e+00
  0.00000000e+00  0.00000000e+00 -1.04083374e-06 -3.40755284e-07
  0.00000000e+00  0.00000000e+00  0.00000000e+00  3.55111171e-06]","[[ 2.20537243e-05  4.55846967e-03]
 [-1.64581250e-04  7.51071820e-04]]",[],0.0,0.0
1787563920.813712,1.9865585324328559,1.5655496317141815,2.444053006840303,"[ 9.73415984e-06  2.46268781e-08  0.00000000e+00  0.00000000e+00
  0.00000000e+00 -1.04083374e-06  2.46268781e-08  6.61429787e-06
  0.00000000e+00  0.00000000e+00  0.00000000e+00 -3.40755284e-07
  0.00000000e+00  0.00000000e+00  0.00000000e+00  0.00000000e+00
  0.00000000e+00  0.00000000e+00  0.00000000e+00  0.00000000e+00
  0.00000000e+00  0.00000000e+00  0.00000000e+00  0.00000000e+00
  0.00000000e+00  0.00000000e+00  0.00000000e+00  0.00000000e+00
  0.00000000e+00  0.00000000e+00 -1.04083374e-06 -3.40755284e-07
  0.00000000e+00  0.00000000e+00  0.00000000e+00  3.55111171e-06]","[[ 2.20537243e-05  4.55846967e-03]
 [-1.64581250e-04  7.51071820e-04]]",[],0.0,0.0
1787563920.8561459,1.9865585324328559,1.5655496317141815,2.444053006840303,"[ 9.73415984e-06  2.46268781e-08  0.00000000e+00  0.00000000e+00
  0.00000000e+00 -1.04083374e-06  2.46268781e-08  6.61429787e-06
  0.00000000e+00  0.00000000e+00  0.00000000e+00 -3.40755284e-07
  0.00000000e+00  0.00000000e+00  0.00000000e+00  0.00000000e+00
  0.00000000e+00  0.00000000e+00  0.00000000e+00  0.00000000e+00
  0.00000000e+00  0.00000000e+00  0.00000000e+00  0.00000000e+00
  0.00000000e+00  0.00000000e+00  0.00000000e+00  0.00000000e+00
  0.00000000e+00  0.00000000e+00 -1.04083374e-06 -3.40755284e-07
  0.00000000e+00  0.00000000e+00  0.00000000e+00  3.55111171e-06]","[[ 2.20537243e-05  4.55846967e-03]
 [-1.64581250e-04  7.51071820e-04]]",[],0.0,0.0
1787563920.9248362,1.9865585324328559,1.5655496317141815,2.444053006840303,"[ 9.73415984e-06  2.46268781e-08  0.00000000e+00  0.00000000e+00
  0.00000000e+00 -1.04083374e-06  2.46268781e-08  6.61429787e-06
  0.00000000e+00  0.00000000e+00  0.00000000e+00 -3.40755284e-07
  0.00000000e+00  0.00000000e+00  0.00000000e+00  0.00000000e+00
  0.00000000e+00  0.00000000e+00  0.00000000e+00  0.00000000e+00
  0.00000000e+00  0.00000000e+00  0.00000000e+00  0.00000000e+00
  0.00000000e+00  0.00000000e+00  0.00000000e+00  0.00000000e+00
  0.00000000e+00  0.00000000e+00 -1.04083374e-06 -3.40755284e-07
  0.00000000e+00  0.00000000e+00  0.00000000e+00  3.55111171e-06]","[[ 2.20537243e-05  4.55846967e-03]
 [-1.64581250e-04  7.51071820e-04]]",[],0.0,0.0
1787563920.96227,1.9933224353055599,1.5564953682136378,2.451016177437765,"[ 8.73813049e-06 -2.72398112e-08  0.00000000e+00  0.00000000e+00
  0.00000000e+00 -9.32043593e-07 -2.72398112e-08  5.97706968e-06
  0.00000000e+00  0.00000000e+00  0.00000000e+00 -3.30115295e-07
  0.00000000e+00  0.00000000e+00  0.00000000e+00  0.00000000e+00
  0.00000000e+00  0.00000000e+00  0.00000000e+00  0.00000000e+00
  0.00000000e+00  0.00000000e+00  0.00000000e+00  0.00000000e+00
  0.00000000e+00  0.00000000e+00  0.00000000e+00  0.00000000e+00
  0.00000000e+00  0.00000000e+00 -9.32043593e-07 -3.30115295e-07
  0.00000000e+00  0.00000000e+00  0.00000000e+00  3.72098818e-06]","[[ 2.10989729e-05  4.08242254e-03]
 [-1.48836088e-04  7.01311976e-04]]",[],0.0,0.0
1787563921.4292076,1.9933224353055599,1.5564953682136378,2.451016177437765,"[ 8.73813049e-06 -2.72398112e-08  0.00000000e+00  0.00000000e+00
  0.00000000e+00 -9.32043593e-07 -2.72398112e-08  5.97706968e-06
  0.00000000e+00  0.00000000e+00  0.00000000e+00 -3.30115295e-07
  0.00000000e+00  0.00000000e+00  0.00000000e+00  0.00000000e+00
  0.00000000e+00  0.00000000e+00  0.00000000e+00  0.00000000e+00
  0.00000000e+00  0.00000000e+00  0.00000000e+00  0.00000000e+00
  0.00000000e+00  0.00000000e+00  0.00000000e+00  0.00000000e+00
  0.00000000e+00  0.00000000e+00 -9.32043593e-07 -3.30115295e-07
  0.00000000e+00  0.00000000e+00  0.00000000e+00  3.72098818e-06]","[[ 2.10989729e-05  4.08242254e-03]
 [-1.48836088e-04  7.01311976e-04]]",[],0.0,0.0
1787563921.4863634,1.9933224353055599,1.5564953682136378,2.451016177437765,"[ 8.73813049e-06 -2.72398112e-08  0.00000000e+00  0.00000000e+00
  0.00000000e+00 -9.32043593e-07 -2.72398112e-08  5.97706968e-06
  0.00000000e+00  0.00000000e+00  0.00000000e+00 -3.30115295e-07
  0.00000000e+00  0.00000000e+00  0.00000000e+00  0.00000000e+00
  0.00000000e+00  0.00000000e+00  0.00000000e+00  0.00000000e+00
  0.00000000e+00  0.00000000e+00  0.00000000e+00  0.00000000e+00
  0.00000000e+00  0.00000000e+00  0.00000000e+00  0.00000000e+00
  0.00000000e+00  0.00000000e+00 -9.32043593e-07 -3.30115295e-07
  0.00000000e+00  0.00000000e+00  0.00000000e+00  3.72098818e-06]","[[ 2.10989729e-05  4.08242254e-03]
 [-1.48836088e-04  7.01311976e-04]]",[],0.0,0.0
1787563922.0432446,1.997422591605644,1.5487977567245639,2.4468770454042694,"[ 7.93964459e-06 -5.62314982e-08  0.00000000e+00  0.00000000e+00
  0.00000000e+00 -8.91777616e-07 -5.62314982e-08  5.38160989e-06
  0.00000000e+00  0.00000000e+00  0.00000000e+00 -3.35292937e-07
  0.00000000e+00  0.00000000e+00  0.00000000e+00  0.00000000e+00
  0.00000000e+00  0.00000000e+00  0.00000000e+00  0.00000000e+00
  0.00000000e+00  0.00000000e+00  0.00000000e+00  0.00000000e+00
  0.00000000e+00  0.00000000e+00  0.00000000e+00  0.00000000e+00
  0.00000000e+00  0.00000000e+00 -8.91777616e-07 -3.35292937e-07
  0.00000000e+00  0.00000000e+00  0.00000000e+00  3.43809136e-06]","[[ 2.01595577e-05  3.77861347e-03]
 [-1.34070856e-04  6.86583264e-04]]",[],0.0,0.0
1787563922.6215053,2.0066260914397502,1.5406421235541745,2.4300554416217786,"[ 7.22698887e-06 -5.00114507e-08  0.00000000e+00  0.00000000e+00
  0.00000000e+00 -7.88148348e-07 -5.00114507e-08  4.88496656e-06
  0.00000000e+00  0.00000000e+00  0.00000000e+00 -2.80075593e-07
  0.00000000e+00  0.00000000e+00  0.00000000e+00  0.00000000e+00
  0.00000000e+00  0.00000000e+00  0.00000000e+00  0.00000000e+00
  0.00000000e+00  0.00000000e+00  0.00000000e+00  0.00000000e+00
  0.00000000e+00  0.00000000e+00  0.00000000e+00  0.00000000e+00
  0.00000000e+00  0.00000000e+00 -7.88148348e-07 -2.80075593e-07
  0.00000000e+00  0.00000000e+00  0.00000000e+00  3.29993573e-06]","[[ 1.84270233e-05  3.39737375e-03]
 [-1.21689552e-04  5.84037857e-04]]",[],0.0,0.0
1787563923.1398299,2.0147570225695373,1.535437238336017,2.4207351812780527,"[ 6.63374142e-06 -6.51819692e-08  0.00000000e+00  0.00000000e+00
  0.00000000e+00 -7.19545994e-07 -6.51819692e-08  4.49569202e-06
  0.00000000e+00  0.00000000e+00  0.00000000e+00 -2.54708012e-07
  0.00000000e+00  0.00000000e+00  0.00000000e+00  0.00000000e+00
  0.00000000e+00  0.00000000e+00  0.00000000e+00  0.00000000e+00
  0.00000000e+00  0.00000000e+00  0.00000000e+00  0.00000000e+00
  0.00000000e+00  0.00000000e+00  0.00000000e+00  0.00000000e+00
  0.00000000e+00  0.00000000e+00 -7.19545994e-07 -2.54708012e-07
  0.00000000e+00  0.00000000e+00  0.00000000e+00  3.33534084e-06]","[[ 1.76372460e-05  3.10815782e-03]
 [-1.12024378e-04  5.28654575e-04]]",[],0.0,0.0
1787563923.15548,2.0183687671920163,1.5286263505615032,2.4227840465312305,"[ 6.16697486e-06 -8.13102375e-08  0.00000000e+00  0.00000000e+00
  0.00000000e+00 -6.37573217e-07 -8.13102375e-08  4.15937348e-06
  0.00000000e+00  0.00000000e+00  0.00000000e+00 -1.97244606e-07
  0.00000000e+00  0.00000000e+00  0.00000000e+00  0.00000000e+00
  0.00000000e+00  0.00000000e+00  0.00000000e+00  0.00000000e+00
  0.00000000e+00  0.00000000e+00  0.00000000e+00  0.00000000e+00
  0.00000000e+00  0.00000000e+00  0.00000000e+00  0.00000000e+00
  0.00000000e+00  0.00000000e+00 -6.37573217e-07 -1.97244606e-07
  0.00000000e+00  0.00000000e+00  0.00000000e+00  3.25887996e-06]","[[ 1.71159630e-05  2.83490381e-03]
 [-1.03683867e-04  4.21007734e-04]]",[],0.0,0.0
1787563923.6865957,2.0183687671920163,1.5286263505615032,2.4227840465312305,"[ 6.16697486e-06 -8.13102375e-08  0.00000000e+00  0.00000000e+00
  0.00000000e+00 -6.37573217e-07 -8.13102375e-08  4.15937348e-06
  0.00000000e+00  0.00000000e+00  0.00000000e+00 -1.97244606e-07
  0.00000000e+00  0.00000000e+00  0.00000000e+00  0.00000000e+00
  0.00000000e+00  0.00000000e+00  0.00000000e+00  0.00000000e+00
  0.00000000e+00  0.00000000e+00  0.00000000e+00  0.00000000e+00
  0.00000000e+00  0.00000000e+00  0.00000000e+00  0.00000000e+00
  0.00000000e+00  0.00000000e+00 -6.37573217e-07 -1.97244606e-07
  0.00000000e+00  0.00000000e+00  0.00000000e+00  3.25887996e-06]","[[ 1.71159630e-05  2.83490381e-03]
 [-1.03683867e-04  4.21007734e-04]]",[],0.0,0.0
1787563924.2327487,2.0260335214937943,1.5233603805291143,2.4125794338795234,"[ 5.73070843e-06 -9.80852806e-08  0.00000000e+00  0.00000000e+00
  0.00000000e+00 -6.18183196e-07 -9.80852806e-08  3.87589785e-06
  0.00000000e+00  0.00000000e+00  0.00000000e+00 -1.75264962e-07
  0.00000000e+00  0.00000000e+00  0.00000000e+00  0.00000000e+00
  0.00000000e+00  0.00000000e+00  0.00000000e+00  0.00000000e+00
  0.00000000e+00  0.00000000e+00  0.00000000e+00  0.00000000e+00
  0.00000000e+00  0.00000000e+00  0.00000000e+00  0.00000000e+00
  0.00000000e+00  0.00000000e+00 -6.18183196e-07 -1.75264962e-07
  0.00000000e+00  0.00000000e+00  0.00000000e+00  3.20565080e-06]","[[ 1.65387003e-05  2.67407786e-03]
 [-9.66684412e-05  3.72217530e-04]]",[],0.0,0.0
1787563924.7893696,2.0308292816053815,1.5193177740839083,2.4113460200154417,"[ 5.36923303e-06 -1.14697619e-07  0.00000000e+00  0.00000000e+00
  0.00000000e+00 -5.93766829e-07 -1.14697619e-07  3.63333381e-06
  0.00000000e+00  0.00000000e+00  0.00000000e+00 -1.59110903e-07
  0.00000000e+00  0.00000000e+00  0.00000000e+00  0.00000000e+00
  0.00000000e+00  0.00000000e+00  0.00000000e+00  0.00000000e+00
  0.00000000e+00  0.00000000e+00  0.00000000e+00  0.00000000e+00
  0.00000000e+00  0.00000000e+00  0.00000000e+00  0.00000000e+00
  0.00000000e+00  0.00000000e+00 -5.93766829e-07 -1.59110903e-07
  0.00000000e+00  0.00000000e+00  0.00000000e+00  3.21291637e-06]","[[ 1.62287316e-05  2.52700515e-03]
 [-9.06669924e-05  3.35013416e-04]]",[],0.0,0.0
1787563924.80947,2.0347613173766437,1.5134849236036372,2.4053694102833543,"[ 5.06781326e-06 -1.25017121e-07  0.00000000e+00  0.00000000e+00
  0.00000000e+00 -5.01280581e-07 -1.25017121e-07  3.43496993e-06
  0.00000000e+00  0.00000000e+00  0.00000000e+00 -1.61322091e-07
  0.00000000e+00  0.00000000e+00  0.00000000e+00  0.00000000e+00
  0.00000000e+00  0.00000000e+00  0.00000000e+00  0.00000000e+00
  0.00000000e+00  0.00000000e+00  0.00000000e+00  0.00000000e+00
  0.00000000e+00  0.00000000e+00  0.00000000e+00  0.00000000e+00
  0.00000000e+00  0.00000000e+00 -5.01280581e-07 -1.61322091e-07
  0.00000000e+00  0.00000000e+00  0.00000000e+00  3.35928746e-06]","[[ 1.58307377e-05  2.28553208e-03]
 [-8.57540929e-05  3.30676884e-04]]",[],0.0,0.0
1787563925.3203065,2.0347613173766437,1.5134849236036372,2.4053694102833543,"[ 5.06781326e-06 -1.25017121e-07  0.00000000e+00  0.00000000e+00
  0.00000000e+00 -5.01280581e-07 -1.25017121e-07  3.43496993e-06
  0.00000000e+00  0.00000000e+00  0.00000000e+00 -1.61322091e-07
  0.00000000e+00  0.00000000e+00  0.00000000e+00  0.00000000e+00
  0.00000000e+00  0.00000000e+00  0.00000000e+00  0.00000000e+00
  0.00000000e+00  0.00000000e+00  0.00000000e+00  0.00000000e+00
  0.00000000e+00  0.00000000e+00  0.00000000e+00  0.00000000e+00
  0.00000000e+00  0.00000000e+00 -5.01280581e-07 -1.61322091e-07
  0.00000000e+00  0.00000000e+00  0.00000000e+00  3.35928746e-06]","[[ 1.58307377e-05  2.28553208e-03]
 [-8.57540929e-05  3.30676884e-04]]",[],0.0,0.0
1787563925.5068116,2.0392782451536484,1.5088397100207394,2.398194612001344,"[ 4.81001015e-06 -1.49808115e-07  0.00000000e+00  0.00000000e+00
  0.00000000e+00 -5.02824840e-07 -1.49808115e-07  3.26622739e-06
  0.00000000e+00  0.00000000e+00  0.00000000e+00 -1.54844799e-07
  0.00000000e+00  0.00000000e+00  0.00000000e+00  0.00000000e+00
  0.00000000e+00  0.00000000e+00  0.00000000e+00  0.00000000e+00
  0.00000000e+00  0.00000000e+00  0.00000000e+00  0.00000000e+00
  0.00000000e+00  0.00000000e+00  0.00000000e+00  0.00000000e+00
  0.00000000e+00  0.00000000e+00 -5.02824840e-07 -1.54844799e-07
  0.00000000e+00  0.00000000e+00  0.00000000e+00  3.42643862e-06]","[[ 1.58696295e-05  2.21148722e-03]
 [-8.16164623e-05  3.08408237e-04]]",[],0.0,0.0
1787563925.8827796,2.0392782451536484,1.5088397100207394,2.398194612001344,"[ 4.81001015e-06 -1.49808115e-07  0.00000000e+00  0.00000000e+00
  0.00000000e+00 -5.02824840e-07 -1.49808115e-07  3.26622739e-06
  0.00000000e+00  0.00000000e+00  0.00000000e+00 -1.54844799e-07
  0.00000000e+00  0.00000000e+00  0.00000000e+00  0.00000000e+00
  0.00000000e+00  0.00000000e+00  0.00000000e+00  0.00000000e+00
  0.00000000e+00  0.00000000e+00  0.00000000e+00  0.00000000e+00
  0.00000000e+00  0.00000000e+00  0.00000000e+00  0.00000000e+00
  0.00000000e+00  0.00000000e+00 -5.02824840e-07 -1.54844799e-07
  0.00000000e+00  0.00000000e+00  0.00000000e+00  3.42643862e-06]","[[ 1.58696295e-05  2.21148722e-03]
 [-8.16164623e-05  3.08408237e-04]]",[],0.0,0.0
1787563926.396751,2.044470653804228,1.5048047966791007,2.3971285848549533,"[ 4.56414840e-06 -1.74031868e-07  0.00000000e+00  0.00000000e+00
  0.00000000e+00 -5.03558937e-07 -1.74031868e-07  3.11403883e-06
  0.00000000e+00  0.00000000e+00  0.00000000e+00 -1.50038199e-07
  0.00000000e+00  0.00000000e+00  0.00000000e+00  0.00000000e+00
  0.00000000e+00  0.00000000e+00  0.00000000e+00  0.00000000e+00
  0.00000000e+00  0.00000000e+00  0.00000000e+00  0.00000000e+00
  0.00000000e+00  0.00000000e+00  0.00000000e+00  0.00000000e+00
  0.00000000e+00  0.00000000e+00 -5.03558937e-07 -1.50038199e-07
  0.00000000e+00  0.00000000e+00  0.00000000e+00  3.26663818e-06]","[[ 1.59309317e-05  2.13995082e-03]
 [-7.78898509e-05  2.89638629e-04]]",[],0.0,0.0
1787563926.9248765,2.048092039335338,1.5013658175311377,2.3948777555595235,"[ 4.34151816e-06 -1.94331421e-07  0.00000000e+00  0.00000000e+00
  0.00000000e+00 -4.76261905e-07 -1.94331421e-07  2.97586736e-06
  0.00000000e+00  0.00000000e+00  0.00000000e+00 -1.43906978e-07
  0.00000000e+00  0.00000000e+00  0.00000000e+00  0.00000000e+00
  0.00000000e+00  0.00000000e+00  0.00000000e+00  0.00000000e+00
  0.00000000e+00  0.00000000e+00  0.00000000e+00  0.00000000e+00
  0.00000000e+00  0.00000000e+00  0.00000000e+00  0.00000000e+00
  0.00000000e+00  0.00000000e+00 -4.76261905e-07 -1.43906978e-07
  0.00000000e+00  0.00000000e+00  0.00000000e+00  3.28003222e-06]","[[ 1.59590597e-05  2.02906123e-03]
 [-7.45027795e-05  2.70290572e-04]]",[],0.0,0.0
1787563927.437439,2.0527156620727394,1.4976080612657947,2.390507667940992,"[ 4.13638203e-06 -2.05057904e-07  0.00000000e+00  0.00000000e+00
  0.00000000e+00 -4.54136739e-07 -2.05057904e-07  2.84975261e-06
  0.00000000e+00  0.00000000e+00  0.00000000e+00 -1.36110334e-07
  0.00000000e+00  0.00000000e+00  0.00000000e+00  0.00000000e+00
  0.00000000e+00  0.00000000e+00  0.00000000e+00  0.00000000e+00
  0.00000000e+00  0.00000000e+00  0.00000000e+00  0.00000000e+00
  0.00000000e+00  0.00000000e+00  0.00000000e+00  0.00000000e+00
  0.00000000e+00  0.00000000e+00 -4.54136739e-07 -1.36110334e-07
  0.00000000e+00  0.00000000e+00  0.00000000e+00  3.19710533e-06]","[[ 1.57581133e-05  1.93233925e-03]
 [-7.13927491e-05  2.51031071e-04]]",[],0.0,0.0
1787563927.9843338,2.0569593422238204,1.4939911640759624,2.3860104802256643,"[ 3.96349631e-06 -2.21021500e-07  0.00000000e+00  0.00000000e+00
  0.00000000e+00 -4.48757609e-07 -2.21021500e-07  2.73785622e-06
  0.00000000e+00  0.00000000e+00  0.00000000e+00 -1.25417100e-07
  0.00000000e+00  0.00000000e+00  0.00000000e+00  0.00000000e+00
  0.00000000e+00  0.00000000e+00  0.00000000e+00  0.00000000e+00
  0.00000000e+00  0.00000000e+00  0.00000000e+00  0.00000000e+00
  0.00000000e+00  0.00000000e+00  0.00000000e+00  0.00000000e+00
  0.00000000e+00  0.00000000e+00 -4.48757609e-07 -1.25417100e-07
  0.00000000e+00  0.00000000e+00  0.00000000e+00  3.24678932e-06]","[[ 1.57815193e-05  1.87237773e-03]
 [-6.86502127e-05  2.26002290e-04]]",[],0.0,0.0
1787563928.5439758,2.0610384207011747,1.4908553896475512,2.3884896661911394,"[ 3.80620407e-06 -2.40544910e-07  0.00000000e+00  0.00000000e+00
  0.00000000e+00 -4.25708932e-07 -2.40544910e-07  2.64001550e-06
  0.00000000e+00  0.00000000e+00  0.00000000e+00 -8.95198215e-08
  0.00000000e+00  0.00000000e+00  0.00000000e+00  0.00000000e+00
  0.00000000e+00  0.00000000e+00  0.00000000e+00  0.00000000e+00
  0.00000000e+00  0.00000000e+00  0.00000000e+00  0.00000000e+00
  0.00000000e+00  0.00000000e+00  0.00000000e+00  0.00000000e+00
  0.00000000e+00  0.00000000e+00 -4.25708932e-07 -8.95198215e-08
  0.00000000e+00  0.00000000e+00  0.00000000e+00  3.18582197e-06]","[[ 1.59217539e-05  1.78767292e-03]
 [-6.62674774e-05  1.58605168e-04]]",[],0.0,0.0
1787563929.0892785,2.0656704435101436,1.4878055114060085,2.3849653194060227,"[ 3.66061891e-06 -2.60661417e-07  0.00000000e+00  0.00000000e+00
  0.00000000e+00 -3.90354106e-07 -2.60661417e-07  2.55412613e-06
  0.00000000e+00  0.00000000e+00  0.00000000e+00 -1.11578162e-07
  0.00000000e+00  0.00000000e+00  0.00000000e+00  0.00000000e+00
  0.00000000e+00  0.00000000e+00  0.00000000e+00  0.00000000e+00
  0.00000000e+00  0.00000000e+00  0.00000000e+00  0.00000000e+00
  0.00000000e+00  0.00000000e+00  0.00000000e+00  0.00000000e+00
  0.00000000e+00  0.00000000e+00 -3.90354106e-07 -1.11578162e-07
  0.00000000e+00  0.00000000e+00  0.00000000e+00  3.30007894e-06]","[[ 1.61003259e-05  1.68610546e-03]
 [-6.41843964e-05  1.87217323e-04]]",[],0.0,0.0
1787563929.4854813,2.069386583792158,1.4845721270569283,2.385907217679545,"[ 3.52568602e-06 -2.78097108e-07  0.00000000e+00  0.00000000e+00
  0.00000000e+00 -3.71544686e-07 -2.78097108e-07  2.47087485e-06
  0.00000000e+00  0.00000000e+00  0.00000000e+00 -8.06538074e-08
  0.00000000e+00  0.00000000e+00  0.00000000e+00  0.00000000e+00
  0.00000000e+00  0.00000000e+00  0.00000000e+00  0.00000000e+00
  0.00000000e+00  0.00000000e+00  0.00000000e+00  0.00000000e+00
  0.00000000e+00  0.00000000e+00  0.00000000e+00  0.00000000e+00
  0.00000000e+00  0.00000000e+00 -3.71544686e-07 -8.06538074e-08
  0.00000000e+00  0.00000000e+00  0.00000000e+00  3.20233700e-06]","[[ 1.62440263e-05  1.61507127e-03]
 [-6.21607615e-05  1.29091952e-04]]",[],0.0,0.0
1787563929.676283,2.069386583792158,1.4845721270569283,2.385907217679545,"[ 3.52568602e-06 -2.78097108e-07  0.00000000e+00  0.00000000e+00
  0.00000000e+00 -3.71544686e-07 -2.78097108e-07  2.47087485e-06
  0.00000000e+00  0.00000000e+00  0.00000000e+00 -8.06538074e-08
  0.00000000e+00  0.00000000e+00  0.00000000e+00  0.00000000e+00
  0.00000000e+00  0.00000000e+00  0.00000000e+00  0.00000000e+00
  0.00000000e+00  0.00000000e+00  0.00000000e+00  0.00000000e+00
  0.00000000e+00  0.00000000e+00  0.00000000e+00  0.00000000e+00
  0.00000000e+00  0.00000000e+00 -3.71544686e-07 -8.06538074e-08
  0.00000000e+00  0.00000000e+00  0.00000000e+00  3.20233700e-06]","[[ 1.62440263e-05  1.61507127e-03]
 [-6.21607615e-05  1.29091952e-04]]",[],0.0,0.0
1787563930.2180429,2.0726069037707,1.4812075108535363,2.3877241537883105,"[ 3.41179750e-06 -2.99413674e-07  0.00000000e+00  0.00000000e+00
  0.00000000e+00 -3.50728135e-07 -2.99413674e-07  2.40455494e-06
  0.00000000e+00  0.00000000e+00  0.00000000e+00 -8.64298832e-08
  0.00000000e+00  0.00000000e+00  0.00000000e+00  0.00000000e+00
  0.00000000e+00  0.00000000e+00  0.00000000e+00  0.00000000e+00
  0.00000000e+00  0.00000000e+00  0.00000000e+00  0.00000000e+00
  0.00000000e+00  0.00000000e+00  0.00000000e+00  0.00000000e+00
  0.00000000e+00  0.00000000e+00 -3.50728135e-07 -8.64298832e-08
  0.00000000e+00  0.00000000e+00  0.00000000e+00  3.30883522e-06]","[[ 1.65215316e-05  1.54668000e-03]
 [-6.05691129e-05  1.30938472e-04]]",[],0.0,0.0
1787563930.7571802,2.0757224344363836,1.4787612003897777,2.388084953029173,"[ 3.30980661e-06 -3.19238419e-07  0.00000000e+00  0.00000000e+00
  0.00000000e+00 -3.68112195e-07 -3.19238419e-07  2.33551942e-06
  0.00000000e+00  0.00000000e+00  0.00000000e+00 -4.46425198e-08
  0.00000000e+00  0.00000000e+00  0.00000000e+00  0.00000000e+00
  0.00000000e+00  0.00000000e+00  0.00000000e+00  0.00000000e+00
  0.00000000e+00  0.00000000e+00  0.00000000e+00  0.00000000e+00
  0.00000000e+00  0.00000000e+00  0.00000000e+00  0.00000000e+00
  0.00000000e+00  0.00000000e+00 -3.68112195e-07 -4.46425198e-08
  0.00000000e+00  0.00000000e+00  0.00000000e+00  3.17985715e-06]","[[ 1.67831806e-05  1.54496164e-03]
 [-5.89066259e-05  5.43869661e-05]]",[],0.0,0.0
1787563931.2811437,2.079700575985398,1.4755209283668143,2.3778343209988737,"[ 3.20379452e-06 -3.27643770e-07  0.00000000e+00  0.00000000e+00
  0.00000000e+00 -3.45173207e-07 -3.27643770e-07  2.27426680e-06
  0.00000000e+00  0.00000000e+00  0.00000000e+00 -5.48913229e-08
  0.00000000e+00  0.00000000e+00  0.00000000e+00  0.00000000e+00
  0.00000000e+00  0.00000000e+00  0.00000000e+00  0.00000000e+00
  0.00000000e+00  0.00000000e+00  0.00000000e+00  0.00000000e+00
  0.00000000e+00  0.00000000e+00  0.00000000e+00  0.00000000e+00
  0.00000000e+00  0.00000000e+00 -3.45173207e-07 -5.48913229e-08
  0.00000000e+00  0.00000000e+00  0.00000000e+00  3.19458409e-06]","[[ 1.67475095e-05  1.47593514e-03]
 [-5.74075699e-05  6.73898853e-05]]",[],0.0,0.0
1787563931.3066506,2.083169810322966,1.4728117336470155,2.377470961194838,"[ 3.11017796e-06 -3.39315094e-07  0.00000000e+00  0.00000000e+00
  0.00000000e+00 -3.31275203e-07 -3.39315094e-07  2.22234787e-06
  0.00000000e+00  0.00000000e+00  0.00000000e+00 -5.76461997e-08
  0.00000000e+00  0.00000000e+00  0.00000000e+00  0.00000000e+00
  0.00000000e+00  0.00000000e+00  0.00000000e+00  0.00000000e+00
  0.00000000e+00  0.00000000e+00  0.00000000e+00  0.00000000e+00
  0.00000000e+00  0.00000000e+00  0.00000000e+00  0.00000000e+00
  0.00000000e+00  0.00000000e+00 -3.31275203e-07 -5.76461997e-08
  0.00000000e+00  0.00000000e+00  0.00000000e+00  3.26276986e-06]","[[ 1.68340276e-05  1.42516994e-03]
 [-5.61499833e-05  6.74320144e-05]]",[],0.0,0.0
1787563931.3653324,2.083169810322966,1.4728117336470155,2.377470961194838,"[ 3.11017796e-06 -3.39315094e-07  0.00000000e+00  0.00000000e+00
  0.00000000e+00 -3.31275203e-07 -3.39315094e-07  2.22234787e-06
  0.00000000e+00  0.00000000e+00  0.00000000e+00 -5.76461997e-08
  0.00000000e+00  0.00000000e+00  0.00000000e+00  0.00000000e+00
  0.00000000e+00  0.00000000e+00  0.00000000e+00  0.00000000e+00
  0.00000000e+00  0.00000000e+00  0.00000000e+00  0.00000000e+00
  0.00000000e+00  0.00000000e+00  0.00000000e+00  0.00000000e+00
  0.00000000e+00  0.00000000e+00 -3.31275203e-07 -5.76461997e-08
  0.00000000e+00  0.00000000e+00  0.00000000e+00  3.26276986e-06]","[[ 1.68340276e-05  1.42516994e-03]
 [-5.61499833e-05  6.74320144e-05]]",[],0.0,0.0
1787563931.4143085,2.083169810322966,1.4728117336470155,2.377470961194838,"[ 3.11017796e-06 -3.39315094e-07  0.00000000e+00  0.00000000e+00
  0.00000000e+00 -3.31275203e-07 -3.39315094e-07  2.22234787e-06
  0.00000000e+00  0.00000000e+00  0.00000000e+00 -5.76461997e-08
  0.00000000e+00  0.00000000e+00  0.00000000e+00  0.00000000e+00
  0.00000000e+00  0.00000000e+00  0.00000000e+00  0.00000000e+00
  0.00000000e+00  0.00000000e+00  0.00000000e+00  0.00000000e+00
  0.00000000e+00  0.00000000e+00  0.00000000e+00  0.00000000e+00
  0.00000000e+00  0.00000000e+00 -3.31275203e-07 -5.76461997e-08
  0.00000000e+00  0.00000000e+00  0.00000000e+00  3.26276986e-06]","[[ 1.68340276e-05  1.42516994e-03]
 [-5.61499833e-05  6.74320144e-05]]",[],0.0,0.0
1787563931.4730318,2.083169810322966,1.4728117336470155,2.377470961194838,"[ 3.11017796e-06 -3.39315094e-07  0.00000000e+00  0.00000000e+00
  0.00000000e+00 -3.31275203e-07 -3.39315094e-07  2.22234787e-06
  0.00000000e+00  0.00000000e+00  0.00000000e+00 -5.76461997e-08
  0.00000000e+00  0.00000000e+00  0.00000000e+00  0.00000000e+00
  0.00000000e+00  0.00000000e+00  0.00000000e+00  0.00000000e+00
  0.00000000e+00  0.00000000e+00  0.00000000e+00  0.00000000e+00
  0.00000000e+00  0.00000000e+00  0.00000000e+00  0.00000000e+00
  0.00000000e+00  0.00000000e+00 -3.31275203e-07 -5.76461997e-08
  0.00000000e+00  0.00000000e+00  0.00000000e+00  3.26276986e-06]","[[ 1.68340276e-05  1.42516994e-03]
 [-5.61499833e-05  6.74320144e-05]]",[],0.0,0.0
1787563931.514,2.083169810322966,1.4728117336470155,2.377470961194838,"[ 3.11017796e-06 -3.39315094e-07  0.00000000e+00  0.00000000e+00
  0.00000000e+00 -3.31275203e-07 -3.39315094e-07  2.22234787e-06
  0.00000000e+00  0.00000000e+00  0.00000000e+00 -5.76461997e-08
  0.00000000e+00  0.00000000e+00  0.00000000e+00  0.00000000e+00
  0.00000000e+00  0.00000000e+00  0.00000000e+00  0.00000000e+00
  0.00000000e+00  0.00000000e+00  0.00000000e+00  0.00000000e+00
  0.00000000e+00  0.00000000e+00  0.00000000e+00  0.00000000e+00
  0.00000000e+00  0.00000000e+00 -3.31275203e-07 -5.76461997e-08
  0.00000000e+00  0.00000000e+00  0.00000000e+00  3.26276986e-06]","[[ 1.68340276e-05  1.42516994e-03]
 [-5.61499833e-05  6.74320144e-05]]",[],0.0,0.0
1787563931.569297,2.083169810322966,1.4728117336470155,2.377470961194838,"[ 3.11017796e-06 -3.39315094e-07  0.00000000e+00  0.00000000e+00
  0.00000000e+00 -3.31275203e-07 -3.39315094e-07  2.22234787e-06
  0.00000000e+00  0.00000000e+00  0.00000000e+00 -5.76461997e-08
  0.00000000e+00  0.00000000e+00  0.00000000e+00  0.00000000e+00
  0.00000000e+00  0.00000000e+00  0.00000000e+00  0.00000000e+00
  0.00000000e+00  0.00000000e+00  0.00000000e+00  0.00000000e+00
  0.00000000e+00  0.00000000e+00  0.00000000e+00  0.00000000e+00
  0.00000000e+00  0.00000000e+00 -3.31275203e-07 -5.76461997e-08
  0.00000000e+00  0.00000000e+00  0.00000000e+00  3.26276986e-06]","[[ 1.68340276e-05  1.42516994e-03]
 [-5.61499833e-05  6.74320144e-05]]",[],0.0,0.0
1787563931.607423,2.083169810322966,1.4728117336470155,2.377470961194838,"[ 3.11017796e-06 -3.39315094e-07  0.00000000e+00  0.00000000e+00
  0.00000000e+00 -3.31275203e-07 -3.39315094e-07  2.22234787e-06
  0.00000000e+00  0.00000000e+00  0.00000000e+00 -5.76461997e-08
  0.00000000e+00  0.00000000e+00  0.00000000e+00  0.00000000e+00
  0.00000000e+00  0.00000000e+00  0.00000000e+00  0.00000000e+00
  0.00000000e+00  0.00000000e+00  0.00000000e+00  0.00000000e+00
  0.00000000e+00  0.00000000e+00  0.00000000e+00  0.00000000e+00
  0.00000000e+00  0.00000000e+00 -3.31275203e-07 -5.76461997e-08
  0.00000000e+00  0.00000000e+00  0.00000000e+00  3.26276986e-06]","[[ 1.68340276e-05  1.42516994e-03]
 [-5.61499833e-05  6.74320144e-05]]",[],0.0,0.0
1787563931.6568167,2.083169810322966,1.4728117336470155,2.377470961194838,"[ 3.11017796e-06 -3.39315094e-07  0.00000000e+00  0.00000000e+00
  0.00000000e+00 -3.31275203e-07 -3.39315094e-07  2.22234787e-06
  0.00000000e+00  0.00000000e+00  0.00000000e+00 -5.76461997e-08
  0.00000000e+00  0.00000000e+00  0.00000000e+00  0.00000000e+00
  0.00000000e+00  0.00000000e+00  0.00000000e+00  0.00000000e+00
  0.00000000e+00  0.00000000e+00  0.00000000e+00  0.00000000e+00
  0.00000000e+00  0.00000000e+00  0.00000000e+00  0.00000000e+00
  0.00000000e+00  0.00000000e+00 -3.31275203e-07 -5.76461997e-08
  0.00000000e+00  0.00000000e+00  0.00000000e+00  3.26276986e-06]","[[ 1.68340276e-05  1.42516994e-03]
 [-5.61499833e-05  6.74320144e-05]]",[],0.0,0.0
1787563931.7060518,2.083169810322966,1.4728117336470155,2.377470961194838,"[ 3.11017796e-06 -3.39315094e-07  0.00000000e+00  0.00000000e+00
  0.00000000e+00 -3.31275203e-07 -3.39315094e-07  2.22234787e-06
  0.00000000e+00  0.00000000e+00  0.00000000e+00 -5.76461997e-08
  0.00000000e+00  0.00000000e+00  0.00000000e+00  0.00000000e+00
  0.00000000e+00  0.00000000e+00  0.00000000e+00  0.00000000e+00
  0.00000000e+00  0.00000000e+00  0.00000000e+00  0.00000000e+00
  0.00000000e+00  0.00000000e+00  0.00000000e+00  0.00000000e+00
  0.00000000e+00  0.00000000e+00 -3.31275203e-07 -5.76461997e-08
  0.00000000e+00  0.00000000e+00  0.00000000e+00  3.26276986e-06]","[[ 1.68340276e-05  1.42516994e-03]
 [-5.61499833e-05  6.74320144e-05]]",[],0.0,0.0
1787563931.759646,2.083169810322966,1.4728117336470155,2.377470961194838,"[ 3.11017796e-06 -3.39315094e-07  0.00000000e+00  0.00000000e+00
  0.00000000e+00 -3.31275203e-07 -3.39315094e-07  2.22234787e-06
  0.00000000e+00  0.00000000e+00  0.00000000e+00 -5.76461997e-08
  0.00000000e+00  0.00000000e+00  0.00000000e+00  0.00000000e+00
  0.00000000e+00  0.00000000e+00  0.00000000e+00  0.00000000e+00
  0.00000000e+00  0.00000000e+00  0.00000000e+00  0.00000000e+00
  0.00000000e+00  0.00000000e+00  0.00000000e+00  0.00000000e+00
  0.00000000e+00  0.00000000e+00 -3.31275203e-07 -5.76461997e-08
  0.00000000e+00  0.00000000e+00  0.00000000e+00  3.26276986e-06]","[[ 1.68340276e-05  1.42516994e-03]
 [-5.61499833e-05  6.74320144e-05]]",[],0.0,0.0
1787563931.8062851,2.083169810322966,1.4728117336470155,2.377470961194838,"[ 3.11017796e-06 -3.39315094e-07  0.00000000e+00  0.00000000e+00
  0.00000000e+00 -3.31275203e-07 -3.39315094e-07  2.22234787e-06
  0.00000000e+00  0.00000000e+00  0.00000000e+00 -5.76461997e-08
  0.00000000e+00  0.00000000e+00  0.00000000e+00  0.00000000e+00
  0.00000000e+00  0.00000000e+00  0.00000000e+00  0.00000000e+00
  0.00000000e+00  0.00000000e+00  0.00000000e+00  0.00000000e+00
  0.00000000e+00  0.00000000e+00  0.00000000e+00  0.00000000e+00
  0.00000000e+00  0.00000000e+00 -3.31275203e-07 -5.76461997e-08
  0.00000000e+00  0.00000000e+00  0.00000000e+00  3.26276986e-06]","[[ 1.68340276e-05  1.42516994e-03]
 [-5.61499833e-05  6.74320144e-05]]",[],0.0,0.0
1787563931.864106,2.083169810322966,1.4728117336470155,2.377470961194838,"[ 3.11017796e-06 -3.39315094e-07  0.00000000e+00  0.00000000e+00
  0.00000000e+00 -3.31275203e-07 -3.39315094e-07  2.22234787e-06
  0.00000000e+00  0.00000000e+00  0.00000000e+00 -5.76461997e-08
  0.00000000e+00  0.00000000e+00  0.00000000e+00  0.00000000e+00
  0.00000000e+00  0.00000000e+00  0.00000000e+00  0.00000000e+00
  0.00000000e+00  0.00000000e+00  0.00000000e+00  0.00000000e+00
  0.00000000e+00  0.00000000e+00  0.00000000e+00  0.00000000e+00
  0.00000000e+00  0.00000000e+00 -3.31275203e-07 -5.76461997e-08
  0.00000000e+00  0.00000000e+00  0.00000000e+00  3.26276986e-06]","[[ 1.68340276e-05  1.42516994e-03]
 [-5.61499833e-05  6.74320144e-05]]",[],0.0,0.0
1787563931.911755,2.083169810322966,1.4728117336470155,2.377470961194838,"[ 3.11017796e-06 -3.39315094e-07  0.00000000e+00  0.00000000e+00
  0.00000000e+00 -3.31275203e-07 -3.39315094e-07  2.22234787e-06
  0.00000000e+00  0.00000000e+00  0.00000000e+00 -5.76461997e-08
  0.00000000e+00  0.00000000e+00  0.00000000e+00  0.00000000e+00
  0.00000000e+00  0.00000000e+00  0.00000000e+00  0.00000000e+00
  0.00000000e+00  0.00000000e+00  0.00000000e+00  0.00000000e+00
  0.00000000e+00  0.00000000e+00  0.00000000e+00  0.00000000e+00
  0.00000000e+00  0.00000000e+00 -3.31275203e-07 -5.76461997e-08
  0.00000000e+00  0.00000000e+00  0.00000000e+00  3.26276986e-06]","[[ 1.68340276e-05  1.42516994e-03]
 [-5.61499833e-05  6.74320144e-05]]",[],0.0,0.0
1787563931.9711442,2.085437494117811,1.4700135102554033,2.3835237168094014,"[ 3.06189987e-06 -3.85904374e-07  0.00000000e+00  0.00000000e+00
  0.00000000e+00 -3.16150949e-07 -3.85904374e-07  2.19967417e-06
  0.00000000e+00  0.00000000e+00  0.00000000e+00 -5.33738284e-08
  0.00000000e+00  0.00000000e+00  0.00000000e+00  0.00000000e+00
  0.00000000e+00  0.00000000e+00  0.00000000e+00  0.00000000e+00
  0.00000000e+00  0.00000000e+00  0.00000000e+00  0.00000000e+00
  0.00000000e+00  0.00000000e+00  0.00000000e+00  0.00000000e+00
  0.00000000e+00  0.00000000e+00 -3.16150949e-07 -5.33738284e-08
  0.00000000e+00  0.00000000e+00  0.00000000e+00  3.57237597e-06]","[[ 1.79026382e-05  1.38435743e-03]
 [-5.57142903e-05  4.67362497e-05]]",[],0.0,0.0
1787563932.0069401,2.085437494117811,1.4700135102554033,2.3835237168094014,"[ 3.06189987e-06 -3.85904374e-07  0.00000000e+00  0.00000000e+00
  0.00000000e+00 -3.16150949e-07 -3.85904374e-07  2.19967417e-06
  0.00000000e+00  0.00000000e+00  0.00000000e+00 -5.33738284e-08
  0.00000000e+00  0.00000000e+00  0.00000000e+00  0.00000000e+00
  0.00000000e+00  0.00000000e+00  0.00000000e+00  0.00000000e+00
  0.00000000e+00  0.00000000e+00  0.00000000e+00  0.00000000e+00
  0.00000000e+00  0.00000000e+00  0.00000000e+00  0.00000000e+00
  0.00000000e+00  0.00000000e+00 -3.16150949e-07 -5.33738284e-08
  0.00000000e+00  0.00000000e+00  0.00000000e+00  3.57237597e-06]","[[ 1.79026382e-05  1.38435743e-03]
 [-5.57142903e-05  4.67362497e-05]]",[],0.0,0.0
1787563932.056707,2.085437494117811,1.4700135102554033,2.3835237168094014,"[ 3.06189987e-06 -3.85904374e-07  0.00000000e+00  0.00000000e+00
  0.00000000e+00 -3.16150949e-07 -3.85904374e-07  2.19967417e-06
  0.00000000e+00  0.00000000e+00  0.00000000e+00 -5.33738284e-08
  0.00000000e+00  0.00000000e+00  0.00000000e+00  0.00000000e+00
  0.00000000e+00  0.00000000e+00  0.00000000e+00  0.00000000e+00
  0.00000000e+00  0.00000000e+00  0.00000000e+00  0.00000000e+00
  0.00000000e+00  0.00000000e+00  0.00000000e+00  0.00000000e+00
  0.00000000e+00  0.00000000e+00 -3.16150949e-07 -5.33738284e-08
  0.00000000e+00  0.00000000e+00  0.00000000e+00  3.57237597e-06]","[[ 1.79026382e-05  1.38435743e-03]
 [-5.57142903e-05  4.67362497e-05]]",[],0.0,0.0
1787563932.1060507,2.085437494117811,1.4700135102554033,2.3835237168094014,"[ 3.06189987e-06 -3.85904374e-07  0.00000000e+00  0.00000000e+00
  0.00000000e+00 -3.16150949e-07 -3.85904374e-07  2.19967417e-06
  0.00000000e+00  0.00000000e+00  0.00000000e+00 -5.33738284e-08
  0.00000000e+00  0.00000000e+00  0.00000000e+00  0.00000000e+00
  0.00000000e+00  0.00000000e+00  0.00000000e+00  0.00000000e+00
  0.00000000e+00  0.00000000e+00  0.00000000e+00  0.00000000e+00
  0.00000000e+00  0.00000000e+00  0.00000000e+00  0.00000000e+00
  0.00000000e+00  0.00000000e+00 -3.16150949e-07 -5.33738284e-08
  0.00000000e+00  0.00000000e+00  0.00000000e+00  3.57237597e-06]","[[ 1.79026382e-05  1.38435743e-03]
 [-5.57142903e-05  4.67362497e-05]]",[],0.0,0.0
1787563932.1652958,2.085437494117811,1.4700135102554033,2.3835237168094014,"[ 3.06189987e-06 -3.85904374e-07  0.00000000e+00  0.00000000e+00
  0.00000000e+00 -3.16150949e-07 -3.85904374e-07  2.19967417e-06
  0.00000000e+00  0.00000000e+00  0.00000000e+00 -5.33738284e-08
  0.00000000e+00  0.00000000e+00  0.00000000e+00  0.00000000e+00
  0.00000000e+00  0.00000000e+00  0.00000000e+00  0.00000000e+00
  0.00000000e+00  0.00000000e+00  0.00000000e+00  0.00000000e+00
  0.00000000e+00  0.00000000e+00  0.00000000e+00  0.00000000e+00
  0.00000000e+00  0.00000000e+00 -3.16150949e-07 -5.33738284e-08
  0.00000000e+00  0.00000000e+00  0.00000000e+00  3.57237597e-06]","[[ 1.79026382e-05  1.38435743e-03]
 [-5.57142903e-05  4.67362497e-05]]",[],0.0,0.0
1787563932.218133,2.085437494117811,1.4700135102554033,2.3835237168094014,"[ 3.06189987e-06 -3.85904374e-07  0.00000000e+00  0.00000000e+00
  0.00000000e+00 -3.16150949e-07 -3.85904374e-07  2.19967417e-06
  0.00000000e+00  0.00000000e+00  0.00000000e+00 -5.33738284e-08
  0.00000000e+00  0.00000000e+00  0.00000000e+00  0.00000000e+00
  0.00000000e+00  0.00000000e+00  0.00000000e+00  0.00000000e+00
  0.00000000e+00  0.00000000e+00  0.00000000e+00  0.00000000e+00
  0.00000000e+00  0.00000000e+00  0.00000000e+00  0.00000000e+00
  0.00000000e+00  0.00000000e+00 -3.16150949e-07 -5.33738284e-08
  0.00000000e+00  0.00000000e+00  0.00000000e+00  3.57237597e-06]","[[ 1.79026382e-05  1.38435743e-03]
 [-5.57142903e-05  4.67362497e-05]]",[],0.0,0.0
1787563932.2638676,2.085437494117811,1.4700135102554033,2.3835237168094014,"[ 3.06189987e-06 -3.85904374e-07  0.00000000e+00  0.00000000e+00
  0.00000000e+00 -3.16150949e-07 -3.85904374e-07  2.19967417e-06
  0.00000000e+00  0.00000000e+00  0.00000000e+00 -5.33738284e-08
  0.00000000e+00  0.00000000e+00  0.00000000e+00  0.00000000e+00
  0.00000000e+00  0.00000000e+00  0.00000000e+00  0.00000000e+00
  0.00000000e+00  0.00000000e+00  0.00000000e+00  0.00000000e+00
  0.00000000e+00  0.00000000e+00  0.00000000e+00  0.00000000e+00
  0.00000000e+00  0.00000000e+00 -3.16150949e-07 -5.33738284e-08
  0.00000000e+00  0.00000000e+00  0.00000000e+00  3.57237597e-06]","[[ 1.79026382e-05  1.38435743e-03]
 [-5.57142903e-05  4.67362497e-05]]",[],0.0,0.0
1787563932.309841,2.085437494117811,1.4700135102554033,2.3835237168094014,"[ 3.06189987e-06 -3.85904374e-07  0.00000000e+00  0.00000000e+00
  0.00000000e+00 -3.16150949e-07 -3.85904374e-07  2.19967417e-06
  0.00000000e+00  0.00000000e+00  0.00000000e+00 -5.33738284e-08
  0.00000000e+00  0.00000000e+00  0.00000000e+00  0.00000000e+00
  0.00000000e+00  0.00000000e+00  0.00000000e+00  0.00000000e+00
  0.00000000e+00  0.00000000e+00  0.00000000e+00  0.00000000e+00
  0.00000000e+00  0.00000000e+00  0.00000000e+00  0.00000000e+00
  0.00000000e+00  0.00000000e+00 -3.16150949e-07 -5.33738284e-08
  0.00000000e+00  0.00000000e+00  0.00000000e+00  3.57237597e-06]","[[ 1.79026382e-05  1.38435743e-03]
 [-5.57142903e-05  4.67362497e-05]]",[],0.0,0.0
1787563932.356263,2.085437494117811,1.4700135102554033,2.3835237168094014,"[ 3.06189987e-06 -3.85904374e-07  0.00000000e+00  0.00000000e+00
  0.00000000e+00 -3.16150949e-07 -3.85904374e-07  2.19967417e-06
  0.00000000e+00  0.00000000e+00  0.00000000e+00 -5.33738284e-08
  0.00000000e+00  0.00000000e+00  0.00000000e+00  0.00000000e+00
  0.00000000e+00  0.00000000e+00  0.00000000e+00  0.00000000e+00
  0.00000000e+00  0.00000000e+00  0.00000000e+00  0.00000000e+00
  0.00000000e+00  0.00000000e+00  0.00000000e+00  0.00000000e+00
  0.00000000e+00  0.00000000e+00 -3.16150949e-07 -5.33738284e-08
  0.00000000e+00  0.00000000e+00  0.00000000e+00  3.57237597e-06]","[[ 1.79026382e-05  1.38435743e-03]
 [-5.57142903e-05  4.67362497e-05]]",[],0.0,0.0
1787563932.410184,2.085437494117811,1.4700135102554033,2.3835237168094014,"[ 3.06189987e-06 -3.85904374e-07  0.00000000e+00  0.00000000e+00
  0.00000000e+00 -3.16150949e-07 -3.85904374e-07  2.19967417e-06
  0.00000000e+00  0.00000000e+00  0.00000000e+00 -5.33738284e-08
  0.00000000e+00  0.00000000e+00  0.00000000e+00  0.00000000e+00
  0.00000000e+00  0.00000000e+00  0.00000000e+00  0.00000000e+00
  0.00000000e+00  0.00000000e+00  0.00000000e+00  0.00000000e+00
  0.00000000e+00  0.00000000e+00  0.00000000e+00  0.00000000e+00
  0.00000000e+00  0.00000000e+00 -3.16150949e-07 -5.33738284e-08
  0.00000000e+00  0.00000000e+00  0.00000000e+00  3.57237597e-06]","[[ 1.79026382e-05  1.38435743e-03]
 [-5.57142903e-05  4.67362497e-05]]",[],0.0,0.0
1787563932.4560208,2.085437494117811,1.4700135102554033,2.3835237168094014,"[ 3.06189987e-06 -3.85904374e-07  0.00000000e+00  0.00000000e+00
  0.00000000e+00 -3.16150949e-07 -3.85904374e-07  2.19967417e-06
  0.00000000e+00  0.00000000e+00  0.00000000e+00 -5.33738284e-08
  0.00000000e+00  0.00000000e+00  0.00000000e+00  0.00000000e+00
  0.00000000e+00  0.00000000e+00  0.00000000e+00  0.00000000e+00
  0.00000000e+00  0.00000000e+00  0.00000000e+00  0.00000000e+00
  0.00000000e+00  0.00000000e+00  0.00000000e+00  0.00000000e+00
  0.00000000e+00  0.00000000e+00 -3.16150949e-07 -5.33738284e-08
  0.00000000e+00  0.00000000e+00  0.00000000e+00  3.57237597e-06]","[[ 1.79026382e-05  1.38435743e-03]
 [-5.57142903e-05  4.67362497e-05]]",[],0.0,0.0
1787563932.506353,2.085437494117811,1.4700135102554033,2.3835237168094014,"[ 3.06189987e-06 -3.85904374e-07  0.00000000e+00  0.00000000e+00
  0.00000000e+00 -3.16150949e-07 -3.85904374e-07  2.19967417e-06
  0.00000000e+00  0.00000000e+00  0.00000000e+00 -5.33738284e-08
  0.00000000e+00  0.00000000e+00  0.00000000e+00  0.00000000e+00
  0.00000000e+00  0.00000000e+00  0.00000000e+00  0.00000000e+00
  0.00000000e+00  0.00000000e+00  0.00000000e+00  0.00000000e+00
  0.00000000e+00  0.00000000e+00  0.00000000e+00  0.00000000e+00
  0.00000000e+00  0.00000000e+00 -3.16150949e-07 -5.33738284e-08
  0.00000000e+00  0.00000000e+00  0.00000000e+00  3.57237597e-06]","[[ 1.79026382e-05  1.38435743e-03]
 [-5.57142903e-05  4.67362497e-05]]",[],0.0,0.0
1787563932.5609002,2.085437494117811,1.4700135102554033,2.3835237168094014,"[ 3.06189987e-06 -3.85904374e-07  0.00000000e+00  0.00000000e+00
  0.00000000e+00 -3.16150949e-07 -3.85904374e-07  2.19967417e-06
  0.00000000e+00  0.00000000e+00  0.00000000e+00 -5.33738284e-08
  0.00000000e+00  0.00000000e+00  0.00000000e+00  0.00000000e+00
  0.00000000e+00  0.00000000e+00  0.00000000e+00  0.00000000e+00
  0.00000000e+00  0.00000000e+00  0.00000000e+00  0.00000000e+00
  0.00000000e+00  0.00000000e+00  0.00000000e+00  0.00000000e+00
  0.00000000e+00  0.00000000e+00 -3.16150949e-07 -5.33738284e-08
  0.00000000e+00  0.00000000e+00  0.00000000e+00  3.57237597e-06]","[[ 1.79026382e-05  1.38435743e-03]
 [-5.57142903e-05  4.67362497e-05]]",[],0.0,0.0
1787563932.6061141,2.085437494117811,1.4700135102554033,2.3835237168094014,"[ 3.06189987e-06 -3.85904374e-07  0.00000000e+00  0.00000000e+00
  0.00000000e+00 -3.16150949e-07 -3.85904374e-07  2.19967417e-06
  0.00000000e+00  0.00000000e+00  0.00000000e+00 -5.33738284e-08
  0.00000000e+00  0.00000000e+00  0.00000000e+00  0.00000000e+00
  0.00000000e+00  0.00000000e+00  0.00000000e+00  0.00000000e+00
  0.00000000e+00  0.00000000e+00  0.00000000e+00  0.00000000e+00
  0.00000000e+00  0.00000000e+00  0.00000000e+00  0.00000000e+00
  0.00000000e+00  0.00000000e+00 -3.16150949e-07 -5.33738284e-08
  0.00000000e+00  0.00000000e+00  0.00000000e+00  3.57237597e-06]","[[ 1.79026382e-05  1.38435743e-03]
 [-5.57142903e-05  4.67362497e-05]]",[],0.0,0.0
1787563932.6575303,2.0877901405152275,1.4673971345085401,2.3876549801030507,"[ 3.00765181e-06 -4.25130972e-07  0.00000000e+00  0.00000000e+00
  0.00000000e+00 -3.03988722e-07 -4.25130972e-07  2.17201228e-06
  0.00000000e+00  0.00000000e+00  0.00000000e+00 -5.11237414e-08
  0.00000000e+00  0.00000000e+00  0.00000000e+00  0.00000000e+00
  0.00000000e+00  0.00000000e+00  0.00000000e+00  0.00000000e+00
  0.00000000e+00  0.00000000e+00  0.00000000e+00  0.00000000e+00
  0.00000000e+00  0.00000000e+00  0.00000000e+00  0.00000000e+00
  0.00000000e+00  0.00000000e+00 -3.03988722e-07 -5.11237414e-08
  0.00000000e+00  0.00000000e+00  0.00000000e+00  3.47401924e-06]","[[ 1.87551280e-05  1.34702716e-03]
 [-5.51348959e-05  3.12045075e-05]]",[],0.0,0.0
1787563932.705771,2.0877901405152275,1.4673971345085401,2.3876549801030507,"[ 3.00765181e-06 -4.25130972e-07  0.00000000e+00  0.00000000e+00
  0.00000000e+00 -3.03988722e-07 -4.25130972e-07  2.17201228e-06
  0.00000000e+00  0.00000000e+00  0.00000000e+00 -5.11237414e-08
  0.00000000e+00  0.00000000e+00  0.00000000e+00  0.00000000e+00
  0.00000000e+00  0.00000000e+00  0.00000000e+00  0.00000000e+00
  0.00000000e+00  0.00000000e+00  0.00000000e+00  0.00000000e+00
  0.00000000e+00  0.00000000e+00  0.00000000e+00  0.00000000e+00
  0.00000000e+00  0.00000000e+00 -3.03988722e-07 -5.11237414e-08
  0.00000000e+00  0.00000000e+00  0.00000000e+00  3.47401924e-06]","[[ 1.87551280e-05  1.34702716e-03]
 [-5.51348959e-05  3.12045075e-05]]",[],0.0,0.0
1787563932.7568283,2.0877901405152275,1.4673971345085401,2.3876549801030507,"[ 3.00765181e-06 -4.25130972e-07  0.00000000e+00  0.00000000e+00
  0.00000000e+00 -3.03988722e-07 -4.25130972e-07  2.17201228e-06
  0.00000000e+00  0.00000000e+00  0.00000000e+00 -5.11237414e-08
  0.00000000e+00  0.00000000e+00  0.00000000e+00  0.00000000e+00
  0.00000000e+00  0.00000000e+00  0.00000000e+00  0.00000000e+00
  0.00000000e+00  0.00000000e+00  0.00000000e+00  0.00000000e+00
  0.00000000e+00  0.00000000e+00  0.00000000e+00  0.00000000e+00
  0.00000000e+00  0.00000000e+00 -3.03988722e-07 -5.11237414e-08
  0.00000000e+00  0.00000000e+00  0.00000000e+00  3.47401924e-06]","[[ 1.87551280e-05  1.34702716e-03]
 [-5.51348959e-05  3.12045075e-05]]",[],0.0,0.0
1787563932.80906,2.0877901405152275,1.4673971345085401,2.3876549801030507,"[ 3.00765181e-06 -4.25130972e-07  0.00000000e+00  0.00000000e+00
  0.00000000e+00 -3.03988722e-07 -4.25130972e-07  2.17201228e-06
  0.00000000e+00  0.00000000e+00  0.00000000e+00 -5.11237414e-08
  0.00000000e+00  0.00000000e+00  0.00000000e+00  0.00000000e+00
  0.00000000e+00  0.00000000e+00  0.00000000e+00  0.00000000e+00
  0.00000000e+00  0.00000000e+00  0.00000000e+00  0.00000000e+00
  0.00000000e+00  0.00000000e+00  0.00000000e+00  0.00000000e+00
  0.00000000e+00  0.00000000e+00 -3.03988722e-07 -5.11237414e-08
  0.00000000e+00  0.00000000e+00  0.00000000e+00  3.47401924e-06]","[[ 1.87551280e-05  1.34702716e-03]
 [-5.51348959e-05  3.12045075e-05]]",[],0.0,0.0
1787563932.8599858,2.0877901405152275,1.4673971345085401,2.3876549801030507,"[ 3.00765181e-06 -4.25130972e-07  0.00000000e+00  0.00000000e+00
  0.00000000e+00 -3.03988722e-07 -4.25130972e-07  2.17201228e-06
  0.00000000e+00  0.00000000e+00  0.00000000e+00 -5.11237414e-08
  0.00000000e+00  0.00000000e+00  0.00000000e+00  0.00000000e+00
  0.00000000e+00  0.00000000e+00  0.00000000e+00  0.00000000e+00
  0.00000000e+00  0.00000000e+00  0.00000000e+00  0.00000000e+00
  0.00000000e+00  0.00000000e+00  0.00000000e+00  0.00000000e+00
  0.00000000e+00  0.00000000e+00 -3.03988722e-07 -5.11237414e-08
  0.00000000e+00  0.00000000e+00  0.00000000e+00  3.47401924e-06]","[[ 1.87551280e-05  1.34702716e-03]
 [-5.51348959e-05  3.12045075e-05]]",[],0.0,0.0
1787563932.9066765,2.0877901405152275,1.4673971345085401,2.3876549801030507,"[ 3.00765181e-06 -4.25130972e-07  0.00000000e+00  0.00000000e+00
  0.00000000e+00 -3.03988722e-07 -4.25130972e-07  2.17201228e-06
  0.00000000e+00  0.00000000e+00  0.00000000e+00 -5.11237414e-08
  0.00000000e+00  0.00000000e+00  0.00000000e+00  0.00000000e+00
  0.00000000e+00  0.00000000e+00  0.00000000e+00  0.00000000e+00
  0.00000000e+00  0.00000000e+00  0.00000000e+00  0.00000000e+00
  0.00000000e+00  0.00000000e+00  0.00000000e+00  0.00000000e+00
  0.00000000e+00  0.00000000e+00 -3.03988722e-07 -5.11237414e-08
  0.00000000e+00  0.00000000e+00  0.00000000e+00  3.47401924e-06]","[[ 1.87551280e-05  1.34702716e-03]
 [-5.51348959e-05  3.12045075e-05]]",[],0.0,0.0
1787563932.957713,2.0877901405152275,1.4673971345085401,2.3876549801030507,"[ 3.00765181e-06 -4.25130972e-07  0.00000000e+00  0.00000000e+00
  0.00000000e+00 -3.03988722e-07 -4.25130972e-07  2.17201228e-06
  0.00000000e+00  0.00000000e+00  0.00000000e+00 -5.11237414e-08
  0.00000000e+00  0.00000000e+00  0.00000000e+00  0.00000000e+00
  0.00000000e+00  0.00000000e+00  0.00000000e+00  0.00000000e+00
  0.00000000e+00  0.00000000e+00  0.00000000e+00  0.00000000e+00
  0.00000000e+00  0.00000000e+00  0.00000000e+00  0.00000000e+00
  0.00000000e+00  0.00000000e+00 -3.03988722e-07 -5.11237414e-08
  0.00000000e+00  0.00000000e+00  0.00000000e+00  3.47401924e-06]","[[ 1.87551280e-05  1.34702716e-03]
 [-5.51348959e-05  3.12045075e-05]]",[],0.0,0.0
1787563933.0079787,2.0877901405152275,1.4673971345085401,2.3876549801030507,"[ 3.00765181e-06 -4.25130972e-07  0.00000000e+00  0.00000000e+00
  0.00000000e+00 -3.03988722e-07 -4.25130972e-07  2.17201228e-06
  0.00000000e+00  0.00000000e+00  0.00000000e+00 -5.11237414e-08
  0.00000000e+00  0.00000000e+00  0.00000000e+00  0.00000000e+00
  0.00000000e+00  0.00000000e+00  0.00000000e+00  0.00000000e+00
  0.00000000e+00  0.00000000e+00  0.00000000e+00  0.00000000e+00
  0.00000000e+00  0.00000000e+00  0.00000000e+00  0.00000000e+00
  0.00000000e+00  0.00000000e+00 -3.03988722e-07 -5.11237414e-08
  0.00000000e+00  0.00000000e+00  0.00000000e+00  3.47401924e-06]","[[ 1.87551280e-05  1.34702716e-03]
 [-5.51348959e-05  3.12045075e-05]]",[],0.0,0.0
1787563933.0565019,2.0877901405152275,1.4673971345085401,2.3876549801030507,"[ 3.00765181e-06 -4.25130972e-07  0.00000000e+00  0.00000000e+00
  0.00000000e+00 -3.03988722e-07 -4.25130972e-07  2.17201228e-06
  0.00000000e+00  0.00000000e+00  0.00000000e+00 -5.11237414e-08
  0.00000000e+00  0.00000000e+00  0.00000000e+00  0.00000000e+00
  0.00000000e+00  0.00000000e+00  0.00000000e+00  0.00000000e+00
  0.00000000e+00  0.00000000e+00  0.00000000e+00  0.00000000e+00
  0.00000000e+00  0.00000000e+00  0.00000000e+00  0.00000000e+00
  0.00000000e+00  0.00000000e+00 -3.03988722e-07 -5.11237414e-08
  0.00000000e+00  0.00000000e+00  0.00000000e+00  3.47401924e-06]","[[ 1.87551280e-05  1.34702716e-03]
 [-5.51348959e-05  3.12045075e-05]]",[],0.0,0.0
1787563933.109206,2.0877901405152275,1.4673971345085401,2.3876549801030507,"[ 3.00765181e-06 -4.25130972e-07  0.00000000e+00  0.00000000e+00
  0.00000000e+00 -3.03988722e-07 -4.25130972e-07  2.17201228e-06
  0.00000000e+00  0.00000000e+00  0.00000000e+00 -5.11237414e-08
  0.00000000e+00  0.00000000e+00  0.00000000e+00  0.00000000e+00
  0.00000000e+00  0.00000000e+00  0.00000000e+00  0.00000000e+00
  0.00000000e+00  0.00000000e+00  0.00000000e+00  0.00000000e+00
  0.00000000e+00  0.00000000e+00  0.00000000e+00  0.00000000e+00
  0.00000000e+00  0.00000000e+00 -3.03988722e-07 -5.11237414e-08
  0.00000000e+00  0.00000000e+00  0.00000000e+00  3.47401924e-06]","[[ 1.87551280e-05  1.34702716e-03]
 [-5.51348959e-05  3.12045075e-05]]",[],0.0,0.0
1787563933.1581573,2.0877901405152275,1.4673971345085401,2.3876549801030507,"[ 3.00765181e-06 -4.25130972e-07  0.00000000e+00  0.00000000e+00
  0.00000000e+00 -3.03988722e-07 -4.25130972e-07  2.17201228e-06
  0.00000000e+00  0.00000000e+00  0.00000000e+00 -5.11237414e-08
  0.00000000e+00  0.00000000e+00  0.00000000e+00  0.00000000e+00
  0.00000000e+00  0.00000000e+00  0.00000000e+00  0.00000000e+00
  0.00000000e+00  0.00000000e+00  0.00000000e+00  0.00000000e+00
  0.00000000e+00  0.00000000e+00  0.00000000e+00  0.00000000e+00
  0.00000000e+00  0.00000000e+00 -3.03988722e-07 -5.11237414e-08
  0.00000000e+00  0.00000000e+00  0.00000000e+00  3.47401924e-06]","[[ 1.87551280e-05  1.34702716e-03]
 [-5.51348959e-05  3.12045075e-05]]",[],0.0,0.0
1787563933.2079952,2.0877901405152275,1.4673971345085401,2.3876549801030507,"[ 3.00765181e-06 -4.25130972e-07  0.00000000e+00  0.00000000e+00
  0.00000000e+00 -3.03988722e-07 -4.25130972e-07  2.17201228e-06
  0.00000000e+00  0.00000000e+00  0.00000000e+00 -5.11237414e-08
  0.00000000e+00  0.00000000e+00  0.00000000e+00  0.00000000e+00
  0.00000000e+00  0.00000000e+00  0.00000000e+00  0.00000000e+00
  0.00000000e+00  0.00000000e+00  0.00000000e+00  0.00000000e+00
  0.00000000e+00  0.00000000e+00  0.00000000e+00  0.00000000e+00
  0.00000000e+00  0.00000000e+00 -3.03988722e-07 -5.11237414e-08
  0.00000000e+00  0.00000000e+00  0.00000000e+00  3.47401924e-06]","[[ 1.87551280e-05  1.34702716e-03]
 [-5.51348959e-05  3.12045075e-05]]",[],0.0,0.0
1787563933.2570791,2.0877901405152275,1.4673971345085401,2.3876549801030507,"[ 3.00765181e-06 -4.25130972e-07  0.00000000e+00  0.00000000e+00
  0.00000000e+00 -3.03988722e-07 -4.25130972e-07  2.17201228e-06
  0.00000000e+00  0.00000000e+00  0.00000000e+00 -5.11237414e-08
  0.00000000e+00  0.00000000e+00  0.00000000e+00  0.00000000e+00
  0.00000000e+00  0.00000000e+00  0.00000000e+00  0.00000000e+00
  0.00000000e+00  0.00000000e+00  0.00000000e+00  0.00000000e+00
  0.00000000e+00  0.00000000e+00  0.00000000e+00  0.00000000e+00
  0.00000000e+00  0.00000000e+00 -3.03988722e-07 -5.11237414e-08
  0.00000000e+00  0.00000000e+00  0.00000000e+00  3.47401924e-06]","[[ 1.87551280e-05  1.34702716e-03]
 [-5.51348959e-05  3.12045075e-05]]",[],0.0,0.0
1787563933.3196654,2.0904754993365757,1.4650332431925948,2.3962454520574363,"[ 2.96021097e-06 -4.63660346e-07  0.00000000e+00  0.00000000e+00
  0.00000000e+00 -3.24380320e-07 -4.63660346e-07  2.14600777e-06
  0.00000000e+00  0.00000000e+00  0.00000000e+00 -5.30487438e-08
  0.00000000e+00  0.00000000e+00  0.00000000e+00  0.00000000e+00
  0.00000000e+00  0.00000000e+00  0.00000000e+00  0.00000000e+00
  0.00000000e+00  0.00000000e+00  0.00000000e+00  0.00000000e+00
  0.00000000e+00  0.00000000e+00  0.00000000e+00  0.00000000e+00
  0.00000000e+00  0.00000000e+00 -3.24380320e-07 -5.30487438e-08
  0.00000000e+00  0.00000000e+00  0.00000000e+00  3.46405210e-06]","[[ 1.96091806e-05  1.36553415e-03]
 [-5.45955878e-05  2.28459666e-05]]",[],0.0,0.0
1787563933.3568661,2.0904754993365757,1.4650332431925948,2.3962454520574363,"[ 2.96021097e-06 -4.63660346e-07  0.00000000e+00  0.00000000e+00
  0.00000000e+00 -3.24380320e-07 -4.63660346e-07  2.14600777e-06
  0.00000000e+00  0.00000000e+00  0.00000000e+00 -5.30487438e-08
  0.00000000e+00  0.00000000e+00  0.00000000e+00  0.00000000e+00
  0.00000000e+00  0.00000000e+00  0.00000000e+00  0.00000000e+00
  0.00000000e+00  0.00000000e+00  0.00000000e+00  0.00000000e+00
  0.00000000e+00  0.00000000e+00  0.00000000e+00  0.00000000e+00
  0.00000000e+00  0.00000000e+00 -3.24380320e-07 -5.30487438e-08
  0.00000000e+00  0.00000000e+00  0.00000000e+00  3.46405210e-06]","[[ 1.96091806e-05  1.36553415e-03]
 [-5.45955878e-05  2.28459666e-05]]",[],0.0,0.0
1787563933.407369,2.0904754993365757,1.4650332431925948,2.3962454520574363,"[ 2.96021097e-06 -4.63660346e-07  0.00000000e+00  0.00000000e+00
  0.00000000e+00 -3.24380320e-07 -4.63660346e-07  2.14600777e-06
  0.00000000e+00  0.00000000e+00  0.00000000e+00 -5.30487438e-08
  0.00000000e+00  0.00000000e+00  0.00000000e+00  0.00000000e+00
  0.00000000e+00  0.00000000e+00  0.00000000e+00  0.00000000e+00
  0.00000000e+00  0.00000000e+00  0.00000000e+00  0.00000000e+00
  0.00000000e+00  0.00000000e+00  0.00000000e+00  0.00000000e+00
  0.00000000e+00  0.00000000e+00 -3.24380320e-07 -5.30487438e-08
  0.00000000e+00  0.00000000e+00  0.00000000e+00  3.46405210e-06]","[[ 1.96091806e-05  1.36553415e-03]
 [-5.45955878e-05  2.28459666e-05]]",[],0.0,0.0
1787563933.476494,2.0904754993365757,1.4650332431925948,2.3962454520574363,"[ 2.96021097e-06 -4.63660346e-07  0.00000000e+00  0.00000000e+00
  0.00000000e+00 -3.24380320e-07 -4.63660346e-07  2.14600777e-06
  0.00000000e+00  0.00000000e+00  0.00000000e+00 -5.30487438e-08
  0.00000000e+00  0.00000000e+00  0.00000000e+00  0.00000000e+00
  0.00000000e+00  0.00000000e+00  0.00000000e+00  0.00000000e+00
  0.00000000e+00  0.00000000e+00  0.00000000e+00  0.00000000e+00
  0.00000000e+00  0.00000000e+00  0.00000000e+00  0.00000000e+00
  0.00000000e+00  0.00000000e+00 -3.24380320e-07 -5.30487438e-08
  0.00000000e+00  0.00000000e+00  0.00000000e+00  3.46405210e-06]","[[ 1.96091806e-05  1.36553415e-03]
 [-5.45955878e-05  2.28459666e-05]]",[],0.0,0.0
1787563933.5065405,2.0904754993365757,1.4650332431925948,2.3962454520574363,"[ 2.96021097e-06 -4.63660346e-07  0.00000000e+00  0.00000000e+00
  0.00000000e+00 -3.24380320e-07 -4.63660346e-07  2.14600777e-06
  0.00000000e+00  0.00000000e+00  0.00000000e+00 -5.30487438e-08
  0.00000000e+00  0.00000000e+00  0.00000000e+00  0.00000000e+00
  0.00000000e+00  0.00000000e+00  0.00000000e+00  0.00000000e+00
  0.00000000e+00  0.00000000e+00  0.00000000e+00  0.00000000e+00
  0.00000000e+00  0.00000000e+00  0.00000000e+00  0.00000000e+00
  0.00000000e+00  0.00000000e+00 -3.24380320e-07 -5.30487438e-08
  0.00000000e+00  0.00000000e+00  0.00000000e+00  3.46405210e-06]","[[ 1.96091806e-05  1.36553415e-03]
 [-5.45955878e-05  2.28459666e-05]]",[],0.0,0.0
1787563933.5606349,2.0904754993365757,1.4650332431925948,2.3962454520574363,"[ 2.96021097e-06 -4.63660346e-07  0.00000000e+00  0.00000000e+00
  0.00000000e+00 -3.24380320e-07 -4.63660346e-07  2.14600777e-06
  0.00000000e+00  0.00000000e+00  0.00000000e+00 -5.30487438e-08
  0.00000000e+00  0.00000000e+00  0.00000000e+00  0.00000000e+00
  0.00000000e+00  0.00000000e+00  0.00000000e+00  0.00000000e+00
  0.00000000e+00  0.00000000e+00  0.00000000e+00  0.00000000e+00
  0.00000000e+00  0.00000000e+00  0.00000000e+00  0.00000000e+00
  0.00000000e+00  0.00000000e+00 -3.24380320e-07 -5.30487438e-08
  0.00000000e+00  0.00000000e+00  0.00000000e+00  3.46405210e-06]","[[ 1.96091806e-05  1.36553415e-03]
 [-5.45955878e-05  2.28459666e-05]]",[],0.0,0.0
1787563933.6077375,2.0904754993365757,1.4650332431925948,2.3962454520574363,"[ 2.96021097e-06 -4.63660346e-07  0.00000000e+00  0.00000000e+00
  0.00000000e+00 -3.24380320e-07 -4.63660346e-07  2.14600777e-06
  0.00000000e+00  0.00000000e+00  0.00000000e+00 -5.30487438e-08
  0.00000000e+00  0.00000000e+00  0.00000000e+00  0.00000000e+00
  0.00000000e+00  0.00000000e+00  0.00000000e+00  0.00000000e+00
  0.00000000e+00  0.00000000e+00  0.00000000e+00  0.00000000e+00
  0.00000000e+00  0.00000000e+00  0.00000000e+00  0.00000000e+00
  0.00000000e+00  0.00000000e+00 -3.24380320e-07 -5.30487438e-08
  0.00000000e+00  0.00000000e+00  0.00000000e+00  3.46405210e-06]","[[ 1.96091806e-05  1.36553415e-03]
 [-5.45955878e-05  2.28459666e-05]]",[],0.0,0.0
1787563933.655887,2.0904754993365757,1.4650332431925948,2.3962454520574363,"[ 2.96021097e-06 -4.63660346e-07  0.00000000e+00  0.00000000e+00
  0.00000000e+00 -3.24380320e-07 -4.63660346e-07  2.14600777e-06
  0.00000000e+00  0.00000000e+00  0.00000000e+00 -5.30487438e-08
  0.00000000e+00  0.00000000e+00  0.00000000e+00  0.00000000e+00
  0.00000000e+00  0.00000000e+00  0.00000000e+00  0.00000000e+00
  0.00000000e+00  0.00000000e+00  0.00000000e+00  0.00000000e+00
  0.00000000e+00  0.00000000e+00  0.00000000e+00  0.00000000e+00
  0.00000000e+00  0.00000000e+00 -3.24380320e-07 -5.30487438e-08
  0.00000000e+00  0.00000000e+00  0.00000000e+00  3.46405210e-06]","[[ 1.96091806e-05  1.36553415e-03]
 [-5.45955878e-05  2.28459666e-05]]",[],0.0,0.0
1787563933.7078416,2.0904754993365757,1.4650332431925948,2.3962454520574363,"[ 2.96021097e-06 -4.63660346e-07  0.00000000e+00  0.00000000e+00
  0.00000000e+00 -3.24380320e-07 -4.63660346e-07  2.14600777e-06
  0.00000000e+00  0.00000000e+00  0.00000000e+00 -5.30487438e-08
  0.00000000e+00  0.00000000e+00  0.00000000e+00  0.00000000e+00
  0.00000000e+00  0.00000000e+00  0.00000000e+00  0.00000000e+00
  0.00000000e+00  0.00000000e+00  0.00000000e+00  0.00000000e+00
  0.00000000e+00  0.00000000e+00  0.00000000e+00  0.00000000e+00
  0.00000000e+00  0.00000000e+00 -3.24380320e-07 -5.30487438e-08
  0.00000000e+00  0.00000000e+00  0.00000000e+00  3.46405210e-06]","[[ 1.96091806e-05  1.36553415e-03]
 [-5.45955878e-05  2.28459666e-05]]",[],0.0,0.0
1787563933.7578523,2.0904754993365757,1.4650332431925948,2.3962454520574363,"[ 2.96021097e-06 -4.63660346e-07  0.00000000e+00  0.00000000e+00
  0.00000000e+00 -3.24380320e-07 -4.63660346e-07  2.14600777e-06
  0.00000000e+00  0.00000000e+00  0.00000000e+00 -5.30487438e-08
  0.00000000e+00  0.00000000e+00  0.00000000e+00  0.00000000e+00
  0.00000000e+00  0.00000000e+00  0.00000000e+00  0.00000000e+00
  0.00000000e+00  0.00000000e+00  0.00000000e+00  0.00000000e+00
  0.00000000e+00  0.00000000e+00  0.00000000e+00  0.00000000e+00
  0.00000000e+00  0.00000000e+00 -3.24380320e-07 -5.30487438e-08
  0.00000000e+00  0.00000000e+00  0.00000000e+00  3.46405210e-06]","[[ 1.96091806e-05  1.36553415e-03]
 [-5.45955878e-05  2.28459666e-05]]",[],0.0,0.0
1787563933.8057415,2.0904754993365757,1.4650332431925948,2.3962454520574363,"[ 2.96021097e-06 -4.63660346e-07  0.00000000e+00  0.00000000e+00
  0.00000000e+00 -3.24380320e-07 -4.63660346e-07  2.14600777e-06
  0.00000000e+00  0.00000000e+00  0.00000000e+00 -5.30487438e-08
  0.00000000e+00  0.00000000e+00  0.00000000e+00  0.00000000e+00
  0.00000000e+00  0.00000000e+00  0.00000000e+00  0.00000000e+00
  0.00000000e+00  0.00000000e+00  0.00000000e+00  0.00000000e+00
  0.00000000e+00  0.00000000e+00  0.00000000e+00  0.00000000e+00
  0.00000000e+00  0.00000000e+00 -3.24380320e-07 -5.30487438e-08
  0.00000000e+00  0.00000000e+00  0.00000000e+00  3.46405210e-06]","[[ 1.96091806e-05  1.36553415e-03]
 [-5.45955878e-05  2.28459666e-05]]",[],0.0,0.0
1787563933.8568525,2.0904754993365757,1.4650332431925948,2.3962454520574363,"[ 2.96021097e-06 -4.63660346e-07  0.00000000e+00  0.00000000e+00
  0.00000000e+00 -3.24380320e-07 -4.63660346e-07  2.14600777e-06
  0.00000000e+00  0.00000000e+00  0.00000000e+00 -5.30487438e-08
  0.00000000e+00  0.00000000e+00  0.00000000e+00  0.00000000e+00
  0.00000000e+00  0.00000000e+00  0.00000000e+00  0.00000000e+00
  0.00000000e+00  0.00000000e+00  0.00000000e+00  0.00000000e+00
  0.00000000e+00  0.00000000e+00  0.00000000e+00  0.00000000e+00
  0.00000000e+00  0.00000000e+00 -3.24380320e-07 -5.30487438e-08
  0.00000000e+00  0.00000000e+00  0.00000000e+00  3.46405210e-06]","[[ 1.96091806e-05  1.36553415e-03]
 [-5.45955878e-05  2.28459666e-05]]",[],0.0,0.0
1787563933.9112957,2.0904754993365757,1.4650332431925948,2.3962454520574363,"[ 2.96021097e-06 -4.63660346e-07  0.00000000e+00  0.00000000e+00
  0.00000000e+00 -3.24380320e-07 -4.63660346e-07  2.14600777e-06
  0.00000000e+00  0.00000000e+00  0.00000000e+00 -5.30487438e-08
  0.00000000e+00  0.00000000e+00  0.00000000e+00  0.00000000e+00
  0.00000000e+00  0.00000000e+00  0.00000000e+00  0.00000000e+00
  0.00000000e+00  0.00000000e+00  0.00000000e+00  0.00000000e+00
  0.00000000e+00  0.00000000e+00  0.00000000e+00  0.00000000e+00
  0.00000000e+00  0.00000000e+00 -3.24380320e-07 -5.30487438e-08
  0.00000000e+00  0.00000000e+00  0.00000000e+00  3.46405210e-06]","[[ 1.96091806e-05  1.36553415e-03]
 [-5.45955878e-05  2.28459666e-05]]",[],0.0,0.0
1787563933.962398,2.0904754993365757,1.4650332431925948,2.3962454520574363,"[ 2.96021097e-06 -4.63660346e-07  0.00000000e+00  0.00000000e+00
  0.00000000e+00 -3.24380320e-07 -4.63660346e-07  2.14600777e-06
  0.00000000e+00  0.00000000e+00  0.00000000e+00 -5.30487438e-08
  0.00000000e+00  0.00000000e+00  0.00000000e+00  0.00000000e+00
  0.00000000e+00  0.00000000e+00  0.00000000e+00  0.00000000e+00
  0.00000000e+00  0.00000000e+00  0.00000000e+00  0.00000000e+00
  0.00000000e+00  0.00000000e+00  0.00000000e+00  0.00000000e+00
  0.00000000e+00  0.00000000e+00 -3.24380320e-07 -5.30487438e-08
  0.00000000e+00  0.00000000e+00  0.00000000e+00  3.46405210e-06]","[[ 1.96091806e-05  1.36553415e-03]
 [-5.45955878e-05  2.28459666e-05]]",[],0.0,0.0
1787563934.0061355,2.093156897002982,1.4628716446097034,2.40209512784039,"[ 2.91983059e-06 -5.01032904e-07  0.00000000e+00  0.00000000e+00
  0.00000000e+00 -3.09560962e-07 -5.01032904e-07  2.12641835e-06
  0.00000000e+00  0.00000000e+00  0.00000000e+00 -4.30588247e-08
  0.00000000e+00  0.00000000e+00  0.00000000e+00  0.00000000e+00
  0.00000000e+00  0.00000000e+00  0.00000000e+00  0.00000000e+00
  0.00000000e+00  0.00000000e+00  0.00000000e+00  0.00000000e+00
  0.00000000e+00  0.00000000e+00  0.00000000e+00  0.00000000e+00
  0.00000000e+00  0.00000000e+00 -3.09560962e-07 -4.30588247e-08
  0.00000000e+00  0.00000000e+00  0.00000000e+00  3.58042134e-06]","[[ 2.04573160e-05  1.32787386e-03]
 [-5.42136537e-05 -4.64612957e-06]]",[],0.0,0.0
1787563934.0570436,2.093156897002982,1.4628716446097034,2.40209512784039,"[ 2.91983059e-06 -5.01032904e-07  0.00000000e+00  0.00000000e+00
  0.00000000e+00 -3.09560962e-07 -5.01032904e-07  2.12641835e-06
  0.00000000e+00  0.00000000e+00  0.00000000e+00 -4.30588247e-08
  0.00000000e+00  0.00000000e+00  0.00000000e+00  0.00000000e+00
  0.00000000e+00  0.00000000e+00  0.00000000e+00  0.00000000e+00
  0.00000000e+00  0.00000000e+00  0.00000000e+00  0.00000000e+00
  0.00000000e+00  0.00000000e+00  0.00000000e+00  0.00000000e+00
  0.00000000e+00  0.00000000e+00 -3.09560962e-07 -4.30588247e-08
  0.00000000e+00  0.00000000e+00  0.00000000e+00  3.58042134e-06]","[[ 2.04573160e-05  1.32787386e-03]
 [-5.42136537e-05 -4.64612957e-06]]",[],0.0,0.0
1787563934.1290812,2.093156897002982,1.4628716446097034,2.40209512784039,"[ 2.91983059e-06 -5.01032904e-07  0.00000000e+00  0.00000000e+00
  0.00000000e+00 -3.09560962e-07 -5.01032904e-07  2.12641835e-06
  0.00000000e+00  0.00000000e+00  0.00000000e+00 -4.30588247e-08
  0.00000000e+00  0.00000000e+00  0.00000000e+00  0.00000000e+00
  0.00000000e+00  0.00000000e+00  0.00000000e+00  0.00000000e+00
  0.00000000e+00  0.00000000e+00  0.00000000e+00  0.00000000e+00
  0.00000000e+00  0.00000000e+00  0.00000000e+00  0.00000000e+00
  0.00000000e+00  0.00000000e+00 -3.09560962e-07 -4.30588247e-08
  0.00000000e+00  0.00000000e+00  0.00000000e+00  3.58042134e-06]","[[ 2.04573160e-05  1.32787386e-03]
 [-5.42136537e-05 -4.64612957e-06]]",[],0.0,0.0
1787563934.1565273,2.093156897002982,1.4628716446097034,2.40209512784039,"[ 2.91983059e-06 -5.01032904e-07  0.00000000e+00  0.00000000e+00
  0.00000000e+00 -3.09560962e-07 -5.01032904e-07  2.12641835e-06
  0.00000000e+00  0.00000000e+00  0.00000000e+00 -4.30588247e-08
  0.00000000e+00  0.00000000e+00  0.00000000e+00  0.00000000e+00
  0.00000000e+00  0.00000000e+00  0.00000000e+00  0.00000000e+00
  0.00000000e+00  0.00000000e+00  0.00000000e+00  0.00000000e+00
  0.00000000e+00  0.00000000e+00  0.00000000e+00  0.00000000e+00
  0.00000000e+00  0.00000000e+00 -3.09560962e-07 -4.30588247e-08
  0.00000000e+00  0.00000000e+00  0.00000000e+00  3.58042134e-06]","[[ 2.04573160e-05  1.32787386e-03]
 [-5.42136537e-05 -4.64612957e-06]]",[],0.0,0.0
1787563934.2079167,2.093156897002982,1.4628716446097034,2.40209512784039,"[ 2.91983059e-06 -5.01032904e-07  0.00000000e+00  0.00000000e+00
  0.00000000e+00 -3.09560962e-07 -5.01032904e-07  2.12641835e-06
  0.00000000e+00  0.00000000e+00  0.00000000e+00 -4.30588247e-08
  0.00000000e+00  0.00000000e+00  0.00000000e+00  0.00000000e+00
  0.00000000e+00  0.00000000e+00  0.00000000e+00  0.00000000e+00
  0.00000000e+00  0.00000000e+00  0.00000000e+00  0.00000000e+00
  0.00000000e+00  0.00000000e+00  0.00000000e+00  0.00000000e+00
  0.00000000e+00  0.00000000e+00 -3.09560962e-07 -4.30588247e-08
  0.00000000e+00  0.00000000e+00  0.00000000e+00  3.58042134e-06]","[[ 2.04573160e-05  1.32787386e-03]
 [-5.42136537e-05 -4.64612957e-06]]",[],0.0,0.0
1787563934.258852,2.093156897002982,1.4628716446097034,2.40209512784039,"[ 2.91983059e-06 -5.01032904e-07  0.00000000e+00  0.00000000e+00
  0.00000000e+00 -3.09560962e-07 -5.01032904e-07  2.12641835e-06
  0.00000000e+00  0.00000000e+00  0.00000000e+00 -4.30588247e-08
  0.00000000e+00  0.00000000e+00  0.00000000e+00  0.00000000e+00
  0.00000000e+00  0.00000000e+00  0.00000000e+00  0.00000000e+00
  0.00000000e+00  0.00000000e+00  0.00000000e+00  0.00000000e+00
  0.00000000e+00  0.00000000e+00  0.00000000e+00  0.00000000e+00
  0.00000000e+00  0.00000000e+00 -3.09560962e-07 -4.30588247e-08
  0.00000000e+00  0.00000000e+00  0.00000000e+00  3.58042134e-06]","[[ 2.04573160e-05  1.32787386e-03]
 [-5.42136537e-05 -4.64612957e-06]]",[],0.0,0.0
1787563934.3059816,2.093156897002982,1.4628716446097034,2.40209512784039,"[ 2.91983059e-06 -5.01032904e-07  0.00000000e+00  0.00000000e+00
  0.00000000e+00 -3.09560962e-07 -5.01032904e-07  2.12641835e-06
  0.00000000e+00  0.00000000e+00  0.00000000e+00 -4.30588247e-08
  0.00000000e+00  0.00000000e+00  0.00000000e+00  0.00000000e+00
  0.00000000e+00  0.00000000e+00  0.00000000e+00  0.00000000e+00
  0.00000000e+00  0.00000000e+00  0.00000000e+00  0.00000000e+00
  0.00000000e+00  0.00000000e+00  0.00000000e+00  0.00000000e+00
  0.00000000e+00  0.00000000e+00 -3.09560962e-07 -4.30588247e-08
  0.00000000e+00  0.00000000e+00  0.00000000e+00  3.58042134e-06]","[[ 2.04573160e-05  1.32787386e-03]
 [-5.42136537e-05 -4.64612957e-06]]",[],0.0,0.0
1787563934.59383,2.093156897002982,1.4628716446097034,2.40209512784039,"[ 2.91983059e-06 -5.01032904e-07  0.00000000e+00  0.00000000e+00
  0.00000000e+00 -3.09560962e-07 -5.01032904e-07  2.12641835e-06
  0.00000000e+00  0.00000000e+00  0.00000000e+00 -4.30588247e-08
  0.00000000e+00  0.00000000e+00  0.00000000e+00  0.00000000e+00
  0.00000000e+00  0.00000000e+00  0.00000000e+00  0.00000000e+00
  0.00000000e+00  0.00000000e+00  0.00000000e+00  0.00000000e+00
  0.00000000e+00  0.00000000e+00  0.00000000e+00  0.00000000e+00
  0.00000000e+00  0.00000000e+00 -3.09560962e-07 -4.30588247e-08
  0.00000000e+00  0.00000000e+00  0.00000000e+00  3.58042134e-06]","[[ 2.04573160e-05  1.32787386e-03]
 [-5.42136537e-05 -4.64612957e-06]]",[],0.0,0.0
1787563935.1118941,2.09518970744216,1.46053829132371,2.4087109530523083,"[ 2.86729947e-06 -5.17816919e-07  0.00000000e+00  0.00000000e+00
  0.00000000e+00 -2.92189450e-07 -5.17816919e-07  2.08751649e-06
  0.00000000e+00  0.00000000e+00  0.00000000e+00 -1.84995904e-08
  0.00000000e+00  0.00000000e+00  0.00000000e+00  0.00000000e+00
  0.00000000e+00  0.00000000e+00  0.00000000e+00  0.00000000e+00
  0.00000000e+00  0.00000000e+00  0.00000000e+00  0.00000000e+00
  0.00000000e+00  0.00000000e+00  0.00000000e+00  0.00000000e+00
  0.00000000e+00  0.00000000e+00 -2.92189450e-07 -1.84995904e-08
  0.00000000e+00  0.00000000e+00  0.00000000e+00  3.30947669e-06]","[[ 2.07596879e-05  1.28321383e-03]
 [-5.32960017e-05 -5.09784824e-05]]",[],0.0,0.0
1787563935.6340077,2.0981514261808023,1.4579140725447564,2.4057855230854894,"[ 2.79637476e-06 -5.15362703e-07  0.00000000e+00  0.00000000e+00
  0.00000000e+00 -2.83586630e-07 -5.15362703e-07  2.03458662e-06
  0.00000000e+00  0.00000000e+00  0.00000000e+00 -4.08095655e-08
  0.00000000e+00  0.00000000e+00  0.00000000e+00  0.00000000e+00
  0.00000000e+00  0.00000000e+00  0.00000000e+00  0.00000000e+00
  0.00000000e+00  0.00000000e+00  0.00000000e+00  0.00000000e+00
  0.00000000e+00  0.00000000e+00  0.00000000e+00  0.00000000e+00
  0.00000000e+00  0.00000000e+00 -2.83586630e-07 -4.08095655e-08
  0.00000000e+00  0.00000000e+00  0.00000000e+00  3.16149990e-06]","[[ 2.05242437e-05  1.24845631e-03]
 [-5.19762420e-05 -1.48307013e-05]]",[],0.0,0.0
1787563936.135482,2.101644613900849,1.4548815676869824,2.3957214367952187,"[ 2.73007722e-06 -5.14316556e-07  0.00000000e+00  0.00000000e+00
  0.00000000e+00 -2.66836635e-07 -5.14316556e-07  1.98816957e-06
  0.00000000e+00  0.00000000e+00  0.00000000e+00 -4.19862254e-08
  0.00000000e+00  0.00000000e+00  0.00000000e+00  0.00000000e+00
  0.00000000e+00  0.00000000e+00  0.00000000e+00  0.00000000e+00
  0.00000000e+00  0.00000000e+00  0.00000000e+00  0.00000000e+00
  0.00000000e+00  0.00000000e+00  0.00000000e+00  0.00000000e+00
  0.00000000e+00  0.00000000e+00 -2.66836635e-07 -4.19862254e-08
  0.00000000e+00  0.00000000e+00  0.00000000e+00  3.12113221e-06]","[[ 2.03457374e-05  1.20142722e-03]
 [-5.08233656e-05 -1.37446456e-05]]",[],0.0,0.0
1787563936.6629255,2.1041336819935728,1.4524105734507882,2.395883375937201,"[ 2.66064104e-06 -5.11674517e-07  0.00000000e+00  0.00000000e+00
  0.00000000e+00 -2.62721817e-07 -5.11674517e-07  1.94357791e-06
  0.00000000e+00  0.00000000e+00  0.00000000e+00 -2.56666278e-08
  0.00000000e+00  0.00000000e+00  0.00000000e+00  0.00000000e+00
  0.00000000e+00  0.00000000e+00  0.00000000e+00  0.00000000e+00
  0.00000000e+00  0.00000000e+00  0.00000000e+00  0.00000000e+00
  0.00000000e+00  0.00000000e+00  0.00000000e+00  0.00000000e+00
  0.00000000e+00  0.00000000e+00 -2.62721817e-07 -2.56666278e-08
  0.00000000e+00  0.00000000e+00  0.00000000e+00  3.02864005e-06]","[[ 2.01227003e-05  1.17439819e-03]
 [-4.97120882e-05 -4.10427608e-05]]",[],0.0,0.0
1787563937.184345,2.106899430587939,1.4495122595175918,2.40074171143035,"[ 2.60589035e-06 -5.15909550e-07  0.00000000e+00  0.00000000e+00
  0.00000000e+00 -2.65741293e-07 -5.15909550e-07  1.90575396e-06
  0.00000000e+00  0.00000000e+00  0.00000000e+00 -2.02506752e-08
  0.00000000e+00  0.00000000e+00  0.00000000e+00  0.00000000e+00
  0.00000000e+00  0.00000000e+00  0.00000000e+00  0.00000000e+00
  0.00000000e+00  0.00000000e+00  0.00000000e+00  0.00000000e+00
  0.00000000e+00  0.00000000e+00  0.00000000e+00  0.00000000e+00
  0.00000000e+00  0.00000000e+00 -2.65741293e-07 -2.02506752e-08
  0.00000000e+00  0.00000000e+00  0.00000000e+00  3.11917524e-06]","[[ 2.00994734e-05  1.16326777e-03]
 [-4.87870210e-05 -5.21568917e-05]]",[],0.0,0.0
1787563937.2057025,2.1096309222478844,1.446748124243408,2.3952466339130805,"[ 2.55796298e-06 -5.22516818e-07  0.00000000e+00  0.00000000e+00
  0.00000000e+00 -2.72023018e-07 -5.22516818e-07  1.87371002e-06
  0.00000000e+00  0.00000000e+00  0.00000000e+00 -1.99713736e-08
  0.00000000e+00  0.00000000e+00  0.00000000e+00  0.00000000e+00
  0.00000000e+00  0.00000000e+00  0.00000000e+00  0.00000000e+00
  0.00000000e+00  0.00000000e+00  0.00000000e+00  0.00000000e+00
  0.00000000e+00  0.00000000e+00  0.00000000e+00  0.00000000e+00
  0.00000000e+00  0.00000000e+00 -2.72023018e-07 -1.99713736e-08
  0.00000000e+00  0.00000000e+00  0.00000000e+00  3.16631613e-06]","[[ 2.01556777e-05  1.15934490e-03]
 [-4.80126478e-05 -5.52410740e-05]]",[],0.0,0.0
1787563937.7072701,2.1096309222478844,1.446748124243408,2.3952466339130805,"[ 2.55796298e-06 -5.22516818e-07  0.00000000e+00  0.00000000e+00
  0.00000000e+00 -2.72023018e-07 -5.22516818e-07  1.87371002e-06
  0.00000000e+00  0.00000000e+00  0.00000000e+00 -1.99713736e-08
  0.00000000e+00  0.00000000e+00  0.00000000e+00  0.00000000e+00
  0.00000000e+00  0.00000000e+00  0.00000000e+00  0.00000000e+00
  0.00000000e+00  0.00000000e+00  0.00000000e+00  0.00000000e+00
  0.00000000e+00  0.00000000e+00  0.00000000e+00  0.00000000e+00
  0.00000000e+00  0.00000000e+00 -2.72023018e-07 -1.99713736e-08
  0.00000000e+00  0.00000000e+00  0.00000000e+00  3.16631613e-06]","[[ 2.01556777e-05  1.15934490e-03]
 [-4.80126478e-05 -5.52410740e-05]]",[],0.0,0.0
1787563938.2003298,2.1129129066797483,1.4445318798325328,2.3900646756195743,"[ 2.50956307e-06 -5.28583275e-07  0.00000000e+00  0.00000000e+00
  0.00000000e+00 -2.69895424e-07 -5.28583275e-07  1.84480568e-06
  0.00000000e+00  0.00000000e+00  0.00000000e+00 -2.02545716e-08
  0.00000000e+00  0.00000000e+00  0.00000000e+00  0.00000000e+00
  0.00000000e+00  0.00000000e+00  0.00000000e+00  0.00000000e+00
  0.00000000e+00  0.00000000e+00  0.00000000e+00  0.00000000e+00
  0.00000000e+00  0.00000000e+00  0.00000000e+00  0.00000000e+00
  0.00000000e+00  0.00000000e+00 -2.69895424e-07 -2.02545716e-08
  0.00000000e+00  0.00000000e+00  0.00000000e+00  3.20055599e-06]","[[ 2.01958743e-05  1.14142901e-03]
 [-4.73149170e-05 -5.71491750e-05]]",[],0.0,0.0
1787563938.2054143,2.1157687819835536,1.4419321851746991,2.3782525461045854,"[ 2.45691444e-06 -5.26353756e-07  0.00000000e+00  0.00000000e+00
  0.00000000e+00 -2.49582816e-07 -5.26353756e-07  1.81333330e-06
  0.00000000e+00  0.00000000e+00  0.00000000e+00 -2.05080127e-08
  0.00000000e+00  0.00000000e+00  0.00000000e+00  0.00000000e+00
  0.00000000e+00  0.00000000e+00  0.00000000e+00  0.00000000e+00
  0.00000000e+00  0.00000000e+00  0.00000000e+00  0.00000000e+00
  0.00000000e+00  0.00000000e+00  0.00000000e+00  0.00000000e+00
  0.00000000e+00  0.00000000e+00 -2.49582816e-07 -2.05080127e-08
  0.00000000e+00  0.00000000e+00  0.00000000e+00  3.20160785e-06]","[[ 2.01958743e-05  1.14142901e-03]
 [-4.73149170e-05 -5.71491750e-05]]",[],0.0,0.0
1787563938.7287812,2.1157687819835536,1.4419321851746991,2.3782525461045854,"[ 2.45691444e-06 -5.26353756e-07  0.00000000e+00  0.00000000e+00
  0.00000000e+00 -2.49582816e-07 -5.26353756e-07  1.81333330e-06
  0.00000000e+00  0.00000000e+00  0.00000000e+00 -2.05080127e-08
  0.00000000e+00  0.00000000e+00  0.00000000e+00  0.00000000e+00
  0.00000000e+00  0.00000000e+00  0.00000000e+00  0.00000000e+00
  0.00000000e+00  0.00000000e+00  0.00000000e+00  0.00000000e+00
  0.00000000e+00  0.00000000e+00  0.00000000e+00  0.00000000e+00
  0.00000000e+00  0.00000000e+00 -2.49582816e-07 -2.05080127e-08
  0.00000000e+00  0.00000000e+00  0.00000000e+00  3.20160785e-06]","[[ 2.00232093e-05  1.09254562e-03]
 [-4.65309713e-05 -5.67929885e-05]]",[],0.0,0.0
1787563939.261816,2.11813406346021,1.4398478963451107,2.387228506302124,"[ 2.41308846e-06 -5.32427567e-07  0.00000000e+00  0.00000000e+00
  0.00000000e+00 -2.47272354e-07 -5.32427567e-07  1.78580785e-06
  0.00000000e+00  0.00000000e+00  0.00000000e+00 -4.94894728e-09
  0.00000000e+00  0.00000000e+00  0.00000000e+00  0.00000000e+00
  0.00000000e+00  0.00000000e+00  0.00000000e+00  0.00000000e+00
  0.00000000e+00  0.00000000e+00  0.00000000e+00  0.00000000e+00
  0.00000000e+00  0.00000000e+00  0.00000000e+00  0.00000000e+00
  0.00000000e+00  0.00000000e+00 -2.47272354e-07 -4.94894728e-09
  0.00000000e+00  0.00000000e+00  0.00000000e+00  3.07128353e-06]","[[ 2.00757593e-05  1.07566494e-03]
 [-4.58680128e-05 -8.48622829e-05]]",[],0.0,0.0
1787563939.8050475,2.120498082656811,1.4381270984069592,2.394151758436644,"[ 2.37595940e-06 -5.41848117e-07  0.00000000e+00  0.00000000e+00
  0.00000000e+00 -2.51501924e-07 -5.41848117e-07  1.76419041e-06
  0.00000000e+00  0.00000000e+00  0.00000000e+00 -1.19365149e-08
  0.00000000e+00  0.00000000e+00  0.00000000e+00  0.00000000e+00
  0.00000000e+00  0.00000000e+00  0.00000000e+00  0.00000000e+00
  0.00000000e+00  0.00000000e+00  0.00000000e+00  0.00000000e+00
  0.00000000e+00  0.00000000e+00  0.00000000e+00  0.00000000e+00
  0.00000000e+00  0.00000000e+00 -2.51501924e-07 -1.19365149e-08
  0.00000000e+00  0.00000000e+00  0.00000000e+00  3.20788321e-06]","[[ 2.02252729e-05  1.07148352e-03]
 [-4.53608955e-05 -7.64479126e-05]]",[],0.0,0.0
1787563939.806246,2.120498082656811,1.4381270984069592,2.394151758436644,"[ 2.37595940e-06 -5.41848117e-07  0.00000000e+00  0.00000000e+00
  0.00000000e+00 -2.51501924e-07 -5.41848117e-07  1.76419041e-06
  0.00000000e+00  0.00000000e+00  0.00000000e+00 -1.19365149e-08
  0.00000000e+00  0.00000000e+00  0.00000000e+00  0.00000000e+00
  0.00000000e+00  0.00000000e+00  0.00000000e+00  0.00000000e+00
  0.00000000e+00  0.00000000e+00  0.00000000e+00  0.00000000e+00
  0.00000000e+00  0.00000000e+00  0.00000000e+00  0.00000000e+00
  0.00000000e+00  0.00000000e+00 -2.51501924e-07 -1.19365149e-08
  0.00000000e+00  0.00000000e+00  0.00000000e+00  3.20788321e-06]","[[ 2.02252729e-05  1.07148352e-03]
 [-4.53608955e-05 -7.64479126e-05]]",[],0.0,0.0
1787563940.3666663,2.123023263640226,1.4353427416449012,2.3890841914709693,"[ 2.33814362e-06 -5.48085998e-07  0.00000000e+00  0.00000000e+00
  0.00000000e+00 -2.32269806e-07 -5.48085998e-07  1.74272293e-06
  0.00000000e+00  0.00000000e+00  0.00000000e+00 -1.93672480e-08
  0.00000000e+00  0.00000000e+00  0.00000000e+00  0.00000000e+00
  0.00000000e+00  0.00000000e+00  0.00000000e+00  0.00000000e+00
  0.00000000e+00  0.00000000e+00  0.00000000e+00  0.00000000e+00
  0.00000000e+00  0.00000000e+00  0.00000000e+00  0.00000000e+00
  0.00000000e+00  0.00000000e+00 -2.32269806e-07 -1.93672480e-08
  0.00000000e+00  0.00000000e+00  0.00000000e+00  3.18253764e-06]","[[ 2.02934605e-05  1.02845236e-03]
 [-4.48486755e-05 -6.63988276e-05]]",[],0.0,0.0
1787563940.902466,2.1258419998911235,1.4330317779324733,2.3833246590133506,"[ 2.30967617e-06 -5.62008336e-07  0.00000000e+00  0.00000000e+00
  0.00000000e+00 -2.50800944e-07 -5.62008336e-07  1.72695427e-06
  0.00000000e+00  0.00000000e+00  0.00000000e+00 -3.06086417e-09
  0.00000000e+00  0.00000000e+00  0.00000000e+00  0.00000000e+00
  0.00000000e+00  0.00000000e+00  0.00000000e+00  0.00000000e+00
  0.00000000e+00  0.00000000e+00  0.00000000e+00  0.00000000e+00
  0.00000000e+00  0.00000000e+00  0.00000000e+00  0.00000000e+00
  0.00000000e+00  0.00000000e+00 -2.50800944e-07 -3.06086417e-09
  0.00000000e+00  0.00000000e+00  0.00000000e+00  3.16300787e-06]","[[ 2.05789301e-05  1.05016428e-03]
 [-4.45002260e-05 -9.75803064e-05]]",[],0.0,0.0
1787563940.905788,2.1258419998911235,1.4330317779324733,2.3833246590133506,"[ 2.30967617e-06 -5.62008336e-07  0.00000000e+00  0.00000000e+00
  0.00000000e+00 -2.50800944e-07 -5.62008336e-07  1.72695427e-06
  0.00000000e+00  0.00000000e+00  0.00000000e+00 -3.06086417e-09
  0.00000000e+00  0.00000000e+00  0.00000000e+00  0.00000000e+00
  0.00000000e+00  0.00000000e+00  0.00000000e+00  0.00000000e+00
  0.00000000e+00  0.00000000e+00  0.00000000e+00  0.00000000e+00
  0.00000000e+00  0.00000000e+00  0.00000000e+00  0.00000000e+00
  0.00000000e+00  0.00000000e+00 -2.50800944e-07 -3.06086417e-09
  0.00000000e+00  0.00000000e+00  0.00000000e+00  3.16300787e-06]","[[ 2.05789301e-05  1.05016428e-03]
 [-4.45002260e-05 -9.75803064e-05]]",[],0.0,0.0
1787563941.4178753,2.1283034121246684,1.4306786061287138,2.381884662039946,"[ 2.27313222e-06 -5.68989390e-07  0.00000000e+00  0.00000000e+00
  0.00000000e+00 -2.22164107e-07 -5.68989390e-07  1.70725156e-06
  0.00000000e+00  0.00000000e+00  0.00000000e+00 -2.14969784e-08
  0.00000000e+00  0.00000000e+00  0.00000000e+00  0.00000000e+00
  0.00000000e+00  0.00000000e+00  0.00000000e+00  0.00000000e+00
  0.00000000e+00  0.00000000e+00  0.00000000e+00  0.00000000e+00
  0.00000000e+00  0.00000000e+00  0.00000000e+00  0.00000000e+00
  0.00000000e+00  0.00000000e+00 -2.22164107e-07 -2.14969784e-08
  0.00000000e+00  0.00000000e+00  0.00000000e+00  3.15917227e-06]","[[ 2.06714682e-05  9.91843776e-04]
 [-4.40349485e-05 -6.94403613e-05]]",[],0.0,0.0
1787563941.9591408,2.1301347669337103,1.428972937492431,2.3866819602304172,"[ 2.23568216e-06 -5.72774978e-07  0.00000000e+00  0.00000000e+00
  0.00000000e+00 -2.11415996e-07 -5.72774978e-07  1.68997835e-06
  0.00000000e+00  0.00000000e+00  0.00000000e+00 -5.10914310e-09
  0.00000000e+00  0.00000000e+00  0.00000000e+00  0.00000000e+00
  0.00000000e+00  0.00000000e+00  0.00000000e+00  0.00000000e+00
  0.00000000e+00  0.00000000e+00  0.00000000e+00  0.00000000e+00
  0.00000000e+00  0.00000000e+00  0.00000000e+00  0.00000000e+00
  0.00000000e+00  0.00000000e+00 -2.11415996e-07 -5.10914310e-09
  0.00000000e+00  0.00000000e+00  0.00000000e+00  3.19759769e-06]","[[ 2.06778670e-05  9.62983445e-04]
 [-4.36203818e-05 -9.79487817e-05]]",[],0.0,0.0
1787563942.504515,2.1329751512037314,1.4261568314473252,2.3946155554872703,"[ 2.20086706e-06 -5.76606608e-07  0.00000000e+00  0.00000000e+00
  0.00000000e+00 -2.05421992e-07 -5.76606608e-07  1.66801336e-06
  0.00000000e+00  0.00000000e+00  0.00000000e+00  1.28358480e-09
  0.00000000e+00  0.00000000e+00  0.00000000e+00  0.00000000e+00
  0.00000000e+00  0.00000000e+00  0.00000000e+00  0.00000000e+00
  0.00000000e+00  0.00000000e+00  0.00000000e+00  0.00000000e+00
  0.00000000e+00  0.00000000e+00  0.00000000e+00  0.00000000e+00
  0.00000000e+00  0.00000000e+00 -2.05421992e-07  1.28358480e-09
  0.00000000e+00  0.00000000e+00  0.00000000e+00  3.01191929e-06]","[[ 2.06872949e-05  9.42836111e-04]
 [-4.30886427e-05 -1.10155304e-04]]",[],0.0,0.0
1787563942.5053422,2.1329751512037314,1.4261568314473252,2.3946155554872703,"[ 2.20086706e-06 -5.76606608e-07  0.00000000e+00  0.00000000e+00
  0.00000000e+00 -2.05421992e-07 -5.76606608e-07  1.66801336e-06
  0.00000000e+00  0.00000000e+00  0.00000000e+00  1.28358480e-09
  0.00000000e+00  0.00000000e+00  0.00000000e+00  0.00000000e+00
  0.00000000e+00  0.00000000e+00  0.00000000e+00  0.00000000e+00
  0.00000000e+00  0.00000000e+00  0.00000000e+00  0.00000000e+00
  0.00000000e+00  0.00000000e+00  0.00000000e+00  0.00000000e+00
  0.00000000e+00  0.00000000e+00 -2.05421992e-07  1.28358480e-09
  0.00000000e+00  0.00000000e+00  0.00000000e+00  3.01191929e-06]","[[ 2.06872949e-05  9.42836111e-04]
 [-4.30886427e-05 -1.10155304e-04]]",[],0.0,0.0
1787563943.0253901,2.1345146600025333,1.42419235816006,2.391890095256655,"[ 2.18160391e-06 -5.89352251e-07  0.00000000e+00  0.00000000e+00
  0.00000000e+00 -2.12142897e-07 -5.89352251e-07  1.65526127e-06
  0.00000000e+00  0.00000000e+00  0.00000000e+00 -8.86938412e-09
  0.00000000e+00  0.00000000e+00  0.00000000e+00  0.00000000e+00
  0.00000000e+00  0.00000000e+00  0.00000000e+00  0.00000000e+00
  0.00000000e+00  0.00000000e+00  0.00000000e+00  0.00000000e+00
  0.00000000e+00  0.00000000e+00  0.00000000e+00  0.00000000e+00
  0.00000000e+00  0.00000000e+00 -2.12142897e-07 -8.86938412e-09
  0.00000000e+00  0.00000000e+00  0.00000000e+00  3.26802456e-06]","[[ 2.09705595e-05  9.47664568e-04]
 [-4.28130881e-05 -9.71157551e-05]]",[],0.0,0.0
1787563943.5611973,2.1368704569931505,1.4224329548370942,2.388933114982171,"[ 2.15327280e-06 -5.93457001e-07  0.00000000e+00  0.00000000e+00
  0.00000000e+00 -2.23477683e-07 -5.93457001e-07  1.63597317e-06
  0.00000000e+00  0.00000000e+00  0.00000000e+00 -1.48079790e-09
  0.00000000e+00  0.00000000e+00  0.00000000e+00  0.00000000e+00
  0.00000000e+00  0.00000000e+00  0.00000000e+00  0.00000000e+00
  0.00000000e+00  0.00000000e+00  0.00000000e+00  0.00000000e+00
  0.00000000e+00  0.00000000e+00  0.00000000e+00  0.00000000e+00
  0.00000000e+00  0.00000000e+00 -2.23477683e-07 -1.48079790e-09
  0.00000000e+00  0.00000000e+00  0.00000000e+00  3.08744138e-06]","[[ 2.10017641e-05  9.58004653e-04]
 [-4.23483046e-05 -1.10983937e-04]]",[],0.0,0.0
1787563944.1199443,2.1390842501015643,1.4204920498925402,2.387594296146796,"[ 2.12975450e-06 -6.01908129e-07  0.00000000e+00  0.00000000e+00
  0.00000000e+00 -2.16615062e-07 -6.01908129e-07  1.62330421e-06
  0.00000000e+00  0.00000000e+00  0.00000000e+00  1.72677800e-08
  0.00000000e+00  0.00000000e+00  0.00000000e+00  0.00000000e+00
  0.00000000e+00  0.00000000e+00  0.00000000e+00  0.00000000e+00
  0.00000000e+00  0.00000000e+00  0.00000000e+00  0.00000000e+00
  0.00000000e+00  0.00000000e+00  0.00000000e+00  0.00000000e+00
  0.00000000e+00  0.00000000e+00 -2.16615062e-07  1.72677800e-08
  0.00000000e+00  0.00000000e+00  0.00000000e+00  3.20200384e-06]","[[ 2.11619217e-05  9.39443243e-04]
 [-4.20620742e-05 -1.44583618e-04]]",[],0.0,0.0
1787563944.6600924,2.1419037844501565,1.4180529862904157,2.373279730507617,"[ 2.11381463e-06 -6.14415820e-07  0.00000000e+00  0.00000000e+00
  0.00000000e+00 -2.04985609e-07 -6.14415820e-07  1.61680327e-06
  0.00000000e+00  0.00000000e+00  0.00000000e+00  1.01505872e-08
  0.00000000e+00  0.00000000e+00  0.00000000e+00  0.00000000e+00
  0.00000000e+00  0.00000000e+00  0.00000000e+00  0.00000000e+00
  0.00000000e+00  0.00000000e+00  0.00000000e+00  0.00000000e+00
  0.00000000e+00  0.00000000e+00  0.00000000e+00  0.00000000e+00
  0.00000000e+00  0.00000000e+00 -2.04985609e-07  1.01505872e-08
  0.00000000e+00  0.00000000e+00  0.00000000e+00  3.36472294e-06]","[[ 2.14431121e-05  9.14995147e-04]
 [-4.19407410e-05 -1.36351600e-04]]",[],0.0,0.0
1787563945.1674192,2.143219786259691,1.4164282757478186,2.3704575500633256,"[ 2.08828199e-06 -6.20231312e-07  0.00000000e+00  0.00000000e+00
  0.00000000e+00 -1.95861807e-07 -6.20231312e-07  1.60636798e-06
  0.00000000e+00  0.00000000e+00  0.00000000e+00  3.62314455e-09
  0.00000000e+00  0.00000000e+00  0.00000000e+00  0.00000000e+00
  0.00000000e+00  0.00000000e+00  0.00000000e+00  0.00000000e+00
  0.00000000e+00  0.00000000e+00  0.00000000e+00  0.00000000e+00
  0.00000000e+00  0.00000000e+00  0.00000000e+00  0.00000000e+00
  0.00000000e+00  0.00000000e+00 -1.95861807e-07  3.62314455e-09
  0.00000000e+00  0.00000000e+00  0.00000000e+00  3.25670884e-06]","[[ 2.15343465e-05  8.92132976e-04]
 [-4.17032929e-05 -1.27281327e-04]]",[],0.0,0.0
1787563945.639887,2.1456579615807025,1.4145128628672978,2.371418745987553,"[ 2.06186808e-06 -6.22859503e-07  0.00000000e+00  0.00000000e+00
  0.00000000e+00 -2.07182285e-07 -6.22859503e-07  1.59011200e-06
  0.00000000e+00  0.00000000e+00  0.00000000e+00  6.94586999e-09
  0.00000000e+00  0.00000000e+00  0.00000000e+00  0.00000000e+00
  0.00000000e+00  0.00000000e+00  0.00000000e+00  0.00000000e+00
  0.00000000e+00  0.00000000e+00  0.00000000e+00  0.00000000e+00
  0.00000000e+00  0.00000000e+00  0.00000000e+00  0.00000000e+00
  0.00000000e+00  0.00000000e+00 -2.07182285e-07  6.94586999e-09
  0.00000000e+00  0.00000000e+00  0.00000000e+00  3.14188545e-06]","[[ 2.15314367e-05  9.03103685e-04]
 [-4.13094987e-05 -1.33933702e-04]]",[],0.0,0.0
1787563946.1600852,2.147881657843942,1.4123395265637309,2.3698160137903272,"[ 2.03263338e-06 -6.20704914e-07  0.00000000e+00  0.00000000e+00
  0.00000000e+00 -1.96929693e-07 -6.20704914e-07  1.57031551e-06
  0.00000000e+00  0.00000000e+00  0.00000000e+00  1.71455135e-09
  0.00000000e+00  0.00000000e+00  0.00000000e+00  0.00000000e+00
  0.00000000e+00  0.00000000e+00  0.00000000e+00  0.00000000e+00
  0.00000000e+00  0.00000000e+00  0.00000000e+00  0.00000000e+00
  0.00000000e+00  0.00000000e+00  0.00000000e+00  0.00000000e+00
  0.00000000e+00  0.00000000e+00 -1.96929693e-07  1.71455135e-09
  0.00000000e+00  0.00000000e+00  0.00000000e+00  3.10122714e-06]","[[ 2.14102269e-05  8.77677795e-04]
 [-4.08157477e-05 -1.25114828e-04]]",[],0.0,0.0
1787563946.7848856,2.150103460446614,1.4104850155548272,2.3719820243439482,"[ 2.01771944e-06 -6.31906094e-07  0.00000000e+00  0.00000000e+00
  0.00000000e+00 -2.20122085e-07 -6.31906094e-07  1.56395129e-06
  0.00000000e+00  0.00000000e+00  0.00000000e+00  2.18074083e-08
  0.00000000e+00  0.00000000e+00  0.00000000e+00  0.00000000e+00
  0.00000000e+00  0.00000000e+00  0.00000000e+00  0.00000000e+00
  0.00000000e+00  0.00000000e+00  0.00000000e+00  0.00000000e+00
  0.00000000e+00  0.00000000e+00  0.00000000e+00  0.00000000e+00
  0.00000000e+00  0.00000000e+00 -2.20122085e-07  2.18074083e-08
  0.00000000e+00  0.00000000e+00  0.00000000e+00  3.26556046e-06]","[[ 2.16604024e-05  9.11150338e-04]
 [-4.06945288e-05 -1.61511021e-04]]",[],0.0,0.0
1787563947.3280387,2.1526800043721366,1.408342035242025,2.369097767077201,"[ 2.01577950e-06 -6.55278581e-07  0.00000000e+00  0.00000000e+00
  0.00000000e+00 -1.95033933e-07 -6.55278581e-07  1.57161550e-06
  0.00000000e+00  0.00000000e+00  0.00000000e+00  6.70420625e-10
  0.00000000e+00  0.00000000e+00  0.00000000e+00  0.00000000e+00
  0.00000000e+00  0.00000000e+00  0.00000000e+00  0.00000000e+00
  0.00000000e+00  0.00000000e+00  0.00000000e+00  0.00000000e+00
  0.00000000e+00  0.00000000e+00  0.00000000e+00  0.00000000e+00
  0.00000000e+00  0.00000000e+00 -1.95033933e-07  6.70420625e-10
  0.00000000e+00  0.00000000e+00  0.00000000e+00  3.43644792e-06]","[[ 2.22512383e-05  8.68040504e-04]
 [-4.09579380e-05 -1.32670487e-04]]",[],0.0,0.0
1787563947.8512988,2.155315966545982,1.4060378959090054,2.374416914562289,"[ 1.99892368e-06 -6.65335289e-07  0.00000000e+00  0.00000000e+00
  0.00000000e+00 -2.04017181e-07 -6.65335289e-07  1.56780253e-06
  0.00000000e+00  0.00000000e+00  0.00000000e+00  2.72327344e-08
  0.00000000e+00  0.00000000e+00  0.00000000e+00  0.00000000e+00
  0.00000000e+00  0.00000000e+00  0.00000000e+00  0.00000000e+00
  0.00000000e+00  0.00000000e+00  0.00000000e+00  0.00000000e+00
  0.00000000e+00  0.00000000e+00  0.00000000e+00  0.00000000e+00
  0.00000000e+00  0.00000000e+00 -2.04017181e-07  2.72327344e-08
  0.00000000e+00  0.00000000e+00  0.00000000e+00  3.23257141e-06]","[[ 2.24696356e-05  8.77488461e-04]
 [-4.08978277e-05 -1.79324816e-04]]",[],0.0,0.0
1787563947.8581388,2.155315966545982,1.4060378959090054,2.374416914562289,"[ 1.99892368e-06 -6.65335289e-07  0.00000000e+00  0.00000000e+00
  0.00000000e+00 -2.04017181e-07 -6.65335289e-07  1.56780253e-06
  0.00000000e+00  0.00000000e+00  0.00000000e+00  2.72327344e-08
  0.00000000e+00  0.00000000e+00  0.00000000e+00  0.00000000e+00
  0.00000000e+00  0.00000000e+00  0.00000000e+00  0.00000000e+00
  0.00000000e+00  0.00000000e+00  0.00000000e+00  0.00000000e+00
  0.00000000e+00  0.00000000e+00  0.00000000e+00  0.00000000e+00
  0.00000000e+00  0.00000000e+00 -2.04017181e-07  2.72327344e-08
  0.00000000e+00  0.00000000e+00  0.00000000e+00  3.23257141e-06]","[[ 2.24696356e-05  8.77488461e-04]
 [-4.08978277e-05 -1.79324816e-04]]",[],0.0,0.0
1787563948.5081544,2.1574860416235118,1.4039569214105696,2.3760094571543995,"[ 1.97741526e-06 -6.70335025e-07  0.00000000e+00  0.00000000e+00
  0.00000000e+00 -1.97134928e-07 -6.70335025e-07  1.55761764e-06
  0.00000000e+00  0.00000000e+00  0.00000000e+00  1.92080059e-08
  0.00000000e+00  0.00000000e+00  0.00000000e+00  0.00000000e+00
  0.00000000e+00  0.00000000e+00  0.00000000e+00  0.00000000e+00
  0.00000000e+00  0.00000000e+00  0.00000000e+00  0.00000000e+00
  0.00000000e+00  0.00000000e+00  0.00000000e+00  0.00000000e+00
  0.00000000e+00  0.00000000e+00 -1.97134928e-07  1.92080059e-08
  0.00000000e+00  0.00000000e+00  0.00000000e+00  3.20060830e-06]","[[ 2.25485570e-05  8.59543333e-04]
 [-4.06647252e-05 -1.67557451e-04]]",[],0.0,0.0
1787563948.5653303,2.1599715960331807,1.4019934780254304,2.3753034799230752,"[ 1.98555023e-06 -7.02558110e-07  0.00000000e+00  0.00000000e+00
  0.00000000e+00 -1.93853516e-07 -7.02558110e-07  1.57660173e-06
  0.00000000e+00  0.00000000e+00  0.00000000e+00  1.52064677e-08
  0.00000000e+00  0.00000000e+00  0.00000000e+00  0.00000000e+00
  0.00000000e+00  0.00000000e+00  0.00000000e+00  0.00000000e+00
  0.00000000e+00  0.00000000e+00  0.00000000e+00  0.00000000e+00
  0.00000000e+00  0.00000000e+00  0.00000000e+00  0.00000000e+00
  0.00000000e+00  0.00000000e+00 -1.93853516e-07  1.52064677e-08
  0.00000000e+00  0.00000000e+00  0.00000000e+00  3.50446664e-06]","[[ 2.33880649e-05  8.55013288e-04]
 [-4.12363861e-05 -1.69149543e-04]]",[],0.0,0.0
1787563948.6066844,2.1599715960331807,1.4019934780254304,2.3753034799230752,"[ 1.98555023e-06 -7.02558110e-07  0.00000000e+00  0.00000000e+00
  0.00000000e+00 -1.93853516e-07 -7.02558110e-07  1.57660173e-06
  0.00000000e+00  0.00000000e+00  0.00000000e+00  1.52064677e-08
  0.00000000e+00  0.00000000e+00  0.00000000e+00  0.00000000e+00
  0.00000000e+00  0.00000000e+00  0.00000000e+00  0.00000000e+00
  0.00000000e+00  0.00000000e+00  0.00000000e+00  0.00000000e+00
  0.00000000e+00  0.00000000e+00  0.00000000e+00  0.00000000e+00
  0.00000000e+00  0.00000000e+00 -1.93853516e-07  1.52064677e-08
  0.00000000e+00  0.00000000e+00  0.00000000e+00  3.50446664e-06]","[[ 2.33880649e-05  8.55013288e-04]
 [-4.12363861e-05 -1.69149543e-04]]",[],0.0,0.0
1787563948.6559026,2.1599715960331807,1.4019934780254304,2.3753034799230752,"[ 1.98555023e-06 -7.02558110e-07  0.00000000e+00  0.00000000e+00
  0.00000000e+00 -1.93853516e-07 -7.02558110e-07  1.57660173e-06
  0.00000000e+00  0.00000000e+00  0.00000000e+00  1.52064677e-08
  0.00000000e+00  0.00000000e+00  0.00000000e+00  0.00000000e+00
  0.00000000e+00  0.00000000e+00  0.00000000e+00  0.00000000e+00
  0.00000000e+00  0.00000000e+00  0.00000000e+00  0.00000000e+00
  0.00000000e+00  0.00000000e+00  0.00000000e+00  0.00000000e+00
  0.00000000e+00  0.00000000e+00 -1.93853516e-07  1.52064677e-08
  0.00000000e+00  0.00000000e+00  0.00000000e+00  3.50446664e-06]","[[ 2.33880649e-05  8.55013288e-04]
 [-4.12363861e-05 -1.69149543e-04]]",[],0.0,0.0
1787563948.7096565,2.1599715960331807,1.4019934780254304,2.3753034799230752,"[ 1.98555023e-06 -7.02558110e-07  0.00000000e+00  0.00000000e+00
  0.00000000e+00 -1.93853516e-07 -7.02558110e-07  1.57660173e-06
  0.00000000e+00  0.00000000e+00  0.00000000e+00  1.52064677e-08
  0.00000000e+00  0.00000000e+00  0.00000000e+00  0.00000000e+00
  0.00000000e+00  0.00000000e+00  0.00000000e+00  0.00000000e+00
  0.00000000e+00  0.00000000e+00  0.00000000e+00  0.00000000e+00
  0.00000000e+00  0.00000000e+00  0.00000000e+00  0.00000000e+00
  0.00000000e+00  0.00000000e+00 -1.93853516e-07  1.52064677e-08
  0.00000000e+00  0.00000000e+00  0.00000000e+00  3.50446664e-06]","[[ 2.33880649e-05  8.55013288e-04]
 [-4.12363861e-05 -1.69149543e-04]]",[],0.0,0.0
1787563948.758389,2.1599715960331807,1.4019934780254304,2.3753034799230752,"[ 1.98555023e-06 -7.02558110e-07  0.00000000e+00  0.00000000e+00
  0.00000000e+00 -1.93853516e-07 -7.02558110e-07  1.57660173e-06
  0.00000000e+00  0.00000000e+00  0.00000000e+00  1.52064677e-08
  0.00000000e+00  0.00000000e+00  0.00000000e+00  0.00000000e+00
  0.00000000e+00  0.00000000e+00  0.00000000e+00  0.00000000e+00
  0.00000000e+00  0.00000000e+00  0.00000000e+00  0.00000000e+00
  0.00000000e+00  0.00000000e+00  0.00000000e+00  0.00000000e+00
  0.00000000e+00  0.00000000e+00 -1.93853516e-07  1.52064677e-08
  0.00000000e+00  0.00000000e+00  0.00000000e+00  3.50446664e-06]","[[ 2.33880649e-05  8.55013288e-04]
 [-4.12363861e-05 -1.69149543e-04]]",[],0.0,0.0
1787563948.806331,2.1599715960331807,1.4019934780254304,2.3753034799230752,"[ 1.98555023e-06 -7.02558110e-07  0.00000000e+00  0.00000000e+00
  0.00000000e+00 -1.93853516e-07 -7.02558110e-07  1.57660173e-06
  0.00000000e+00  0.00000000e+00  0.00000000e+00  1.52064677e-08
  0.00000000e+00  0.00000000e+00  0.00000000e+00  0.00000000e+00
  0.00000000e+00  0.00000000e+00  0.00000000e+00  0.00000000e+00
  0.00000000e+00  0.00000000e+00  0.00000000e+00  0.00000000e+00
  0.00000000e+00  0.00000000e+00  0.00000000e+00  0.00000000e+00
  0.00000000e+00  0.00000000e+00 -1.93853516e-07  1.52064677e-08
  0.00000000e+00  0.00000000e+00  0.00000000e+00  3.50446664e-06]","[[ 2.33880649e-05  8.55013288e-04]
 [-4.12363861e-05 -1.69149543e-04]]",[],0.0,0.0
1787563948.8565195,2.1599715960331807,1.4019934780254304,2.3753034799230752,"[ 1.98555023e-06 -7.02558110e-07  0.00000000e+00  0.00000000e+00
  0.00000000e+00 -1.93853516e-07 -7.02558110e-07  1.57660173e-06
  0.00000000e+00  0.00000000e+00  0.00000000e+00  1.52064677e-08
  0.00000000e+00  0.00000000e+00  0.00000000e+00  0.00000000e+00
  0.00000000e+00  0.00000000e+00  0.00000000e+00  0.00000000e+00
  0.00000000e+00  0.00000000e+00  0.00000000e+00  0.00000000e+00
  0.00000000e+00  0.00000000e+00  0.00000000e+00  0.00000000e+00
  0.00000000e+00  0.00000000e+00 -1.93853516e-07  1.52064677e-08
  0.00000000e+00  0.00000000e+00  0.00000000e+00  3.50446664e-06]","[[ 2.33880649e-05  8.55013288e-04]
 [-4.12363861e-05 -1.69149543e-04]]",[],0.0,0.0
1787563948.906496,2.1599715960331807,1.4019934780254304,2.3753034799230752,"[ 1.98555023e-06 -7.02558110e-07  0.00000000e+00  0.00000000e+00
  0.00000000e+00 -1.93853516e-07 -7.02558110e-07  1.57660173e-06
  0.00000000e+00  0.00000000e+00  0.00000000e+00  1.52064677e-08
  0.00000000e+00  0.00000000e+00  0.00000000e+00  0.00000000e+00
  0.00000000e+00  0.00000000e+00  0.00000000e+00  0.00000000e+00
  0.00000000e+00  0.00000000e+00  0.00000000e+00  0.00000000e+00
  0.00000000e+00  0.00000000e+00  0.00000000e+00  0.00000000e+00
  0.00000000e+00  0.00000000e+00 -1.93853516e-07  1.52064677e-08
  0.00000000e+00  0.00000000e+00  0.00000000e+00  3.50446664e-06]","[[ 2.33880649e-05  8.55013288e-04]
 [-4.12363861e-05 -1.69149543e-04]]",[],0.0,0.0
1787563948.9597352,2.1599715960331807,1.4019934780254304,2.3753034799230752,"[ 1.98555023e-06 -7.02558110e-07  0.00000000e+00  0.00000000e+00
  0.00000000e+00 -1.93853516e-07 -7.02558110e-07  1.57660173e-06
  0.00000000e+00  0.00000000e+00  0.00000000e+00  1.52064677e-08
  0.00000000e+00  0.00000000e+00  0.00000000e+00  0.00000000e+00
  0.00000000e+00  0.00000000e+00  0.00000000e+00  0.00000000e+00
  0.00000000e+00  0.00000000e+00  0.00000000e+00  0.00000000e+00
  0.00000000e+00  0.00000000e+00  0.00000000e+00  0.00000000e+00
  0.00000000e+00  0.00000000e+00 -1.93853516e-07  1.52064677e-08
  0.00000000e+00  0.00000000e+00  0.00000000e+00  3.50446664e-06]","[[ 2.33880649e-05  8.55013288e-04]
 [-4.12363861e-05 -1.69149543e-04]]",[],0.0,0.0
1787563949.0101113,2.1599715960331807,1.4019934780254304,2.3753034799230752,"[ 1.98555023e-06 -7.02558110e-07  0.00000000e+00  0.00000000e+00
  0.00000000e+00 -1.93853516e-07 -7.02558110e-07  1.57660173e-06
  0.00000000e+00  0.00000000e+00  0.00000000e+00  1.52064677e-08
  0.00000000e+00  0.00000000e+00  0.00000000e+00  0.00000000e+00
  0.00000000e+00  0.00000000e+00  0.00000000e+00  0.00000000e+00
  0.00000000e+00  0.00000000e+00  0.00000000e+00  0.00000000e+00
  0.00000000e+00  0.00000000e+00  0.00000000e+00  0.00000000e+00
  0.00000000e+00  0.00000000e+00 -1.93853516e-07  1.52064677e-08
  0.00000000e+00  0.00000000e+00  0.00000000e+00  3.50446664e-06]","[[ 2.33880649e-05  8.55013288e-04]
 [-4.12363861e-05 -1.69149543e-04]]",[],0.0,0.0
1787563949.0608344,2.1599715960331807,1.4019934780254304,2.3753034799230752,"[ 1.98555023e-06 -7.02558110e-07  0.00000000e+00  0.00000000e+00
  0.00000000e+00 -1.93853516e-07 -7.02558110e-07  1.57660173e-06
  0.00000000e+00  0.00000000e+00  0.00000000e+00  1.52064677e-08
  0.00000000e+00  0.00000000e+00  0.00000000e+00  0.00000000e+00
  0.00000000e+00  0.00000000e+00  0.00000000e+00  0.00000000e+00
  0.00000000e+00  0.00000000e+00  0.00000000e+00  0.00000000e+00
  0.00000000e+00  0.00000000e+00  0.00000000e+00  0.00000000e+00
  0.00000000e+00  0.00000000e+00 -1.93853516e-07  1.52064677e-08
  0.00000000e+00  0.00000000e+00  0.00000000e+00  3.50446664e-06]","[[ 2.33880649e-05  8.55013288e-04]
 [-4.12363861e-05 -1.69149543e-04]]",[],0.0,0.0
1787563949.1100035,2.1599715960331807,1.4019934780254304,2.3753034799230752,"[ 1.98555023e-06 -7.02558110e-07  0.00000000e+00  0.00000000e+00
  0.00000000e+00 -1.93853516e-07 -7.02558110e-07  1.57660173e-06
  0.00000000e+00  0.00000000e+00  0.00000000e+00  1.52064677e-08
  0.00000000e+00  0.00000000e+00  0.00000000e+00  0.00000000e+00
  0.00000000e+00  0.00000000e+00  0.00000000e+00  0.00000000e+00
  0.00000000e+00  0.00000000e+00  0.00000000e+00  0.00000000e+00
  0.00000000e+00  0.00000000e+00  0.00000000e+00  0.00000000e+00
  0.00000000e+00  0.00000000e+00 -1.93853516e-07  1.52064677e-08
  0.00000000e+00  0.00000000e+00  0.00000000e+00  3.50446664e-06]","[[ 2.33880649e-05  8.55013288e-04]
 [-4.12363861e-05 -1.69149543e-04]]",[],0.0,0.0
1787563949.170298,2.1599715960331807,1.4019934780254304,2.3753034799230752,"[ 1.98555023e-06 -7.02558110e-07  0.00000000e+00  0.00000000e+00
  0.00000000e+00 -1.93853516e-07 -7.02558110e-07  1.57660173e-06
  0.00000000e+00  0.00000000e+00  0.00000000e+00  1.52064677e-08
  0.00000000e+00  0.00000000e+00  0.00000000e+00  0.00000000e+00
  0.00000000e+00  0.00000000e+00  0.00000000e+00  0.00000000e+00
  0.00000000e+00  0.00000000e+00  0.00000000e+00  0.00000000e+00
  0.00000000e+00  0.00000000e+00  0.00000000e+00  0.00000000e+00
  0.00000000e+00  0.00000000e+00 -1.93853516e-07  1.52064677e-08
  0.00000000e+00  0.00000000e+00  0.00000000e+00  3.50446664e-06]","[[ 2.33880649e-05  8.55013288e-04]
 [-4.12363861e-05 -1.69149543e-04]]",[],0.0,0.0
1787563949.221838,2.1599715960331807,1.4019934780254304,2.3753034799230752,"[ 1.98555023e-06 -7.02558110e-07  0.00000000e+00  0.00000000e+00
  0.00000000e+00 -1.93853516e-07 -7.02558110e-07  1.57660173e-06
  0.00000000e+00  0.00000000e+00  0.00000000e+00  1.52064677e-08
  0.00000000e+00  0.00000000e+00  0.00000000e+00  0.00000000e+00
  0.00000000e+00  0.00000000e+00  0.00000000e+00  0.00000000e+00
  0.00000000e+00  0.00000000e+00  0.00000000e+00  0.00000000e+00
  0.00000000e+00  0.00000000e+00  0.00000000e+00  0.00000000e+00
  0.00000000e+00  0.00000000e+00 -1.93853516e-07  1.52064677e-08
  0.00000000e+00  0.00000000e+00  0.00000000e+00  3.50446664e-06]","[[ 2.33880649e-05  8.55013288e-04]
 [-4.12363861e-05 -1.69149543e-04]]",[],0.0,0.0
1787563949.2559175,2.1625741082845558,1.39958458481434,2.3834298635690265,"[ 2.00034279e-06 -7.40732896e-07  0.00000000e+00  0.00000000e+00
  0.00000000e+00 -1.96487733e-07 -7.40732896e-07  1.59899035e-06
  0.00000000e+00  0.00000000e+00  0.00000000e+00  2.22175176e-08
  0.00000000e+00  0.00000000e+00  0.00000000e+00  0.00000000e+00
  0.00000000e+00  0.00000000e+00  0.00000000e+00  0.00000000e+00
  0.00000000e+00  0.00000000e+00  0.00000000e+00  0.00000000e+00
  0.00000000e+00  0.00000000e+00  0.00000000e+00  0.00000000e+00
  0.00000000e+00  0.00000000e+00 -1.96487733e-07  2.22175176e-08
  0.00000000e+00  0.00000000e+00  0.00000000e+00  3.45788574e-06]","[[ 2.43980039e-05  8.61920954e-04]
 [-4.19116666e-05 -1.90477878e-04]]",[],0.0,0.0
1787563949.3060412,2.1625741082845558,1.39958458481434,2.3834298635690265,"[ 2.00034279e-06 -7.40732896e-07  0.00000000e+00  0.00000000e+00
  0.00000000e+00 -1.96487733e-07 -7.40732896e-07  1.59899035e-06
  0.00000000e+00  0.00000000e+00  0.00000000e+00  2.22175176e-08
  0.00000000e+00  0.00000000e+00  0.00000000e+00  0.00000000e+00
  0.00000000e+00  0.00000000e+00  0.00000000e+00  0.00000000e+00
  0.00000000e+00  0.00000000e+00  0.00000000e+00  0.00000000e+00
  0.00000000e+00  0.00000000e+00  0.00000000e+00  0.00000000e+00
  0.00000000e+00  0.00000000e+00 -1.96487733e-07  2.22175176e-08
  0.00000000e+00  0.00000000e+00  0.00000000e+00  3.45788574e-06]","[[ 2.43980039e-05  8.61920954e-04]
 [-4.19116666e-05 -1.90477878e-04]]",[],0.0,0.0
1787563949.3560972,2.1625741082845558,1.39958458481434,2.3834298635690265,"[ 2.00034279e-06 -7.40732896e-07  0.00000000e+00  0.00000000e+00
  0.00000000e+00 -1.96487733e-07 -7.40732896e-07  1.59899035e-06
  0.00000000e+00  0.00000000e+00  0.00000000e+00  2.22175176e-08
  0.00000000e+00  0.00000000e+00  0.00000000e+00  0.00000000e+00
  0.00000000e+00  0.00000000e+00  0.00000000e+00  0.00000000e+00
  0.00000000e+00  0.00000000e+00  0.00000000e+00  0.00000000e+00
  0.00000000e+00  0.00000000e+00  0.00000000e+00  0.00000000e+00
  0.00000000e+00  0.00000000e+00 -1.96487733e-07  2.22175176e-08
  0.00000000e+00  0.00000000e+00  0.00000000e+00  3.45788574e-06]","[[ 2.43980039e-05  8.61920954e-04]
 [-4.19116666e-05 -1.90477878e-04]]",[],0.0,0.0
1787563949.4063306,2.1625741082845558,1.39958458481434,2.3834298635690265,"[ 2.00034279e-06 -7.40732896e-07  0.00000000e+00  0.00000000e+00
  0.00000000e+00 -1.96487733e-07 -7.40732896e-07  1.59899035e-06
  0.00000000e+00  0.00000000e+00  0.00000000e+00  2.22175176e-08
  0.00000000e+00  0.00000000e+00  0.00000000e+00  0.00000000e+00
  0.00000000e+00  0.00000000e+00  0.00000000e+00  0.00000000e+00
  0.00000000e+00  0.00000000e+00  0.00000000e+00  0.00000000e+00
  0.00000000e+00  0.00000000e+00  0.00000000e+00  0.00000000e+00
  0.00000000e+00  0.00000000e+00 -1.96487733e-07  2.22175176e-08
  0.00000000e+00  0.00000000e+00  0.00000000e+00  3.45788574e-06]","[[ 2.43980039e-05  8.61920954e-04]
 [-4.19116666e-05 -1.90477878e-04]]",[],0.0,0.0
1787563949.456714,2.1625741082845558,1.39958458481434,2.3834298635690265,"[ 2.00034279e-06 -7.40732896e-07  0.00000000e+00  0.00000000e+00
  0.00000000e+00 -1.96487733e-07 -7.40732896e-07  1.59899035e-06
  0.00000000e+00  0.00000000e+00  0.00000000e+00  2.22175176e-08
  0.00000000e+00  0.00000000e+00  0.00000000e+00  0.00000000e+00
  0.00000000e+00  0.00000000e+00  0.00000000e+00  0.00000000e+00
  0.00000000e+00  0.00000000e+00  0.00000000e+00  0.00000000e+00
  0.00000000e+00  0.00000000e+00  0.00000000e+00  0.00000000e+00
  0.00000000e+00  0.00000000e+00 -1.96487733e-07  2.22175176e-08
  0.00000000e+00  0.00000000e+00  0.00000000e+00  3.45788574e-06]","[[ 2.43980039e-05  8.61920954e-04]
 [-4.19116666e-05 -1.90477878e-04]]",[],0.0,0.0
1787563949.507656,2.1625741082845558,1.39958458481434,2.3834298635690265,"[ 2.00034279e-06 -7.40732896e-07  0.00000000e+00  0.00000000e+00
  0.00000000e+00 -1.96487733e-07 -7.40732896e-07  1.59899035e-06
  0.00000000e+00  0.00000000e+00  0.00000000e+00  2.22175176e-08
  0.00000000e+00  0.00000000e+00  0.00000000e+00  0.00000000e+00
  0.00000000e+00  0.00000000e+00  0.00000000e+00  0.00000000e+00
  0.00000000e+00  0.00000000e+00  0.00000000e+00  0.00000000e+00
  0.00000000e+00  0.00000000e+00  0.00000000e+00  0.00000000e+00
  0.00000000e+00  0.00000000e+00 -1.96487733e-07  2.22175176e-08
  0.00000000e+00  0.00000000e+00  0.00000000e+00  3.45788574e-06]","[[ 2.43980039e-05  8.61920954e-04]
 [-4.19116666e-05 -1.90477878e-04]]",[],0.0,0.0
1787563949.5557957,2.1625741082845558,1.39958458481434,2.3834298635690265,"[ 2.00034279e-06 -7.40732896e-07  0.00000000e+00  0.00000000e+00
  0.00000000e+00 -1.96487733e-07 -7.40732896e-07  1.59899035e-06
  0.00000000e+00  0.00000000e+00  0.00000000e+00  2.22175176e-08
  0.00000000e+00  0.00000000e+00  0.00000000e+00  0.00000000e+00
  0.00000000e+00  0.00000000e+00  0.00000000e+00  0.00000000e+00
  0.00000000e+00  0.00000000e+00  0.00000000e+00  0.00000000e+00
  0.00000000e+00  0.00000000e+00  0.00000000e+00  0.00000000e+00
  0.00000000e+00  0.00000000e+00 -1.96487733e-07  2.22175176e-08
  0.00000000e+00  0.00000000e+00  0.00000000e+00  3.45788574e-06]","[[ 2.43980039e-05  8.61920954e-04]
 [-4.19116666e-05 -1.90477878e-04]]",[],0.0,0.0
1787563949.6190875,2.1625741082845558,1.39958458481434,2.3834298635690265,"[ 2.00034279e-06 -7.40732896e-07  0.00000000e+00  0.00000000e+00
  0.00000000e+00 -1.96487733e-07 -7.40732896e-07  1.59899035e-06
  0.00000000e+00  0.00000000e+00  0.00000000e+00  2.22175176e-08
  0.00000000e+00  0.00000000e+00  0.00000000e+00  0.00000000e+00
  0.00000000e+00  0.00000000e+00  0.00000000e+00  0.00000000e+00
  0.00000000e+00  0.00000000e+00  0.00000000e+00  0.00000000e+00
  0.00000000e+00  0.00000000e+00  0.00000000e+00  0.00000000e+00
  0.00000000e+00  0.00000000e+00 -1.96487733e-07  2.22175176e-08
  0.00000000e+00  0.00000000e+00  0.00000000e+00  3.45788574e-06]","[[ 2.43980039e-05  8.61920954e-04]
 [-4.19116666e-05 -1.90477878e-04]]",[],0.0,0.0
1787563949.6588647,2.1625741082845558,1.39958458481434,2.3834298635690265,"[ 2.00034279e-06 -7.40732896e-07  0.00000000e+00  0.00000000e+00
  0.00000000e+00 -1.96487733e-07 -7.40732896e-07  1.59899035e-06
  0.00000000e+00  0.00000000e+00  0.00000000e+00  2.22175176e-08
  0.00000000e+00  0.00000000e+00  0.00000000e+00  0.00000000e+00
  0.00000000e+00  0.00000000e+00  0.00000000e+00  0.00000000e+00
  0.00000000e+00  0.00000000e+00  0.00000000e+00  0.00000000e+00
  0.00000000e+00  0.00000000e+00  0.00000000e+00  0.00000000e+00
  0.00000000e+00  0.00000000e+00 -1.96487733e-07  2.22175176e-08
  0.00000000e+00  0.00000000e+00  0.00000000e+00  3.45788574e-06]","[[ 2.43980039e-05  8.61920954e-04]
 [-4.19116666e-05 -1.90477878e-04]]",[],0.0,0.0
1787563949.7063098,2.1625741082845558,1.39958458481434,2.3834298635690265,"[ 2.00034279e-06 -7.40732896e-07  0.00000000e+00  0.00000000e+00
  0.00000000e+00 -1.96487733e-07 -7.40732896e-07  1.59899035e-06
  0.00000000e+00  0.00000000e+00  0.00000000e+00  2.22175176e-08
  0.00000000e+00  0.00000000e+00  0.00000000e+00  0.00000000e+00
  0.00000000e+00  0.00000000e+00  0.00000000e+00  0.00000000e+00
  0.00000000e+00  0.00000000e+00  0.00000000e+00  0.00000000e+00
  0.00000000e+00  0.00000000e+00  0.00000000e+00  0.00000000e+00
  0.00000000e+00  0.00000000e+00 -1.96487733e-07  2.22175176e-08
  0.00000000e+00  0.00000000e+00  0.00000000e+00  3.45788574e-06]","[[ 2.43980039e-05  8.61920954e-04]
 [-4.19116666e-05 -1.90477878e-04]]",[],0.0,0.0
1787563949.7577364,2.1625741082845558,1.39958458481434,2.3834298635690265,"[ 2.00034279e-06 -7.40732896e-07  0.00000000e+00  0.00000000e+00
  0.00000000e+00 -1.96487733e-07 -7.40732896e-07  1.59899035e-06
  0.00000000e+00  0.00000000e+00  0.00000000e+00  2.22175176e-08
  0.00000000e+00  0.00000000e+00  0.00000000e+00  0.00000000e+00
  0.00000000e+00  0.00000000e+00  0.00000000e+00  0.00000000e+00
  0.00000000e+00  0.00000000e+00  0.00000000e+00  0.00000000e+00
  0.00000000e+00  0.00000000e+00  0.00000000e+00  0.00000000e+00
  0.00000000e+00  0.00000000e+00 -1.96487733e-07  2.22175176e-08
  0.00000000e+00  0.00000000e+00  0.00000000e+00  3.45788574e-06]","[[ 2.43980039e-05  8.61920954e-04]
 [-4.19116666e-05 -1.90477878e-04]]",[],0.0,0.0
1787563949.80605,2.1625741082845558,1.39958458481434,2.3834298635690265,"[ 2.00034279e-06 -7.40732896e-07  0.00000000e+00  0.00000000e+00
  0.00000000e+00 -1.96487733e-07 -7.40732896e-07  1.59899035e-06
  0.00000000e+00  0.00000000e+00  0.00000000e+00  2.22175176e-08
  0.00000000e+00  0.00000000e+00  0.00000000e+00  0.00000000e+00
  0.00000000e+00  0.00000000e+00  0.00000000e+00  0.00000000e+00
  0.00000000e+00  0.00000000e+00  0.00000000e+00  0.00000000e+00
  0.00000000e+00  0.00000000e+00  0.00000000e+00  0.00000000e+00
  0.00000000e+00  0.00000000e+00 -1.96487733e-07  2.22175176e-08
  0.00000000e+00  0.00000000e+00  0.00000000e+00  3.45788574e-06]","[[ 2.43980039e-05  8.61920954e-04]
 [-4.19116666e-05 -1.90477878e-04]]",[],0.0,0.0
1787563949.8598757,2.1625741082845558,1.39958458481434,2.3834298635690265,"[ 2.00034279e-06 -7.40732896e-07  0.00000000e+00  0.00000000e+00
  0.00000000e+00 -1.96487733e-07 -7.40732896e-07  1.59899035e-06
  0.00000000e+00  0.00000000e+00  0.00000000e+00  2.22175176e-08
  0.00000000e+00  0.00000000e+00  0.00000000e+00  0.00000000e+00
  0.00000000e+00  0.00000000e+00  0.00000000e+00  0.00000000e+00
  0.00000000e+00  0.00000000e+00  0.00000000e+00  0.00000000e+00
  0.00000000e+00  0.00000000e+00  0.00000000e+00  0.00000000e+00
  0.00000000e+00  0.00000000e+00 -1.96487733e-07  2.22175176e-08
  0.00000000e+00  0.00000000e+00  0.00000000e+00  3.45788574e-06]","[[ 2.43980039e-05  8.61920954e-04]
 [-4.19116666e-05 -1.90477878e-04]]",[],0.0,0.0
1787563949.906883,2.1657053832568356,1.3970000969008523,2.369167188964388,"[ 2.00733894e-06 -7.66111809e-07  0.00000000e+00  0.00000000e+00
  0.00000000e+00 -1.84143481e-07 -7.66111809e-07  1.61080584e-06
  0.00000000e+00  0.00000000e+00  0.00000000e+00  1.75109852e-09
  0.00000000e+00  0.00000000e+00  0.00000000e+00  0.00000000e+00
  0.00000000e+00  0.00000000e+00  0.00000000e+00  0.00000000e+00
  0.00000000e+00  0.00000000e+00  0.00000000e+00  0.00000000e+00
  0.00000000e+00  0.00000000e+00  0.00000000e+00  0.00000000e+00
  0.00000000e+00  0.00000000e+00 -1.84143481e-07  1.75109852e-09
  0.00000000e+00  0.00000000e+00  0.00000000e+00  3.58350024e-06]","[[ 2.50675506e-05  8.42245590e-04]
 [-4.22867700e-05 -1.63094568e-04]]",[],0.0,0.0
1787563949.9567137,2.1657053832568356,1.3970000969008523,2.369167188964388,"[ 2.00733894e-06 -7.66111809e-07  0.00000000e+00  0.00000000e+00
  0.00000000e+00 -1.84143481e-07 -7.66111809e-07  1.61080584e-06
  0.00000000e+00  0.00000000e+00  0.00000000e+00  1.75109852e-09
  0.00000000e+00  0.00000000e+00  0.00000000e+00  0.00000000e+00
  0.00000000e+00  0.00000000e+00  0.00000000e+00  0.00000000e+00
  0.00000000e+00  0.00000000e+00  0.00000000e+00  0.00000000e+00
  0.00000000e+00  0.00000000e+00  0.00000000e+00  0.00000000e+00
  0.00000000e+00  0.00000000e+00 -1.84143481e-07  1.75109852e-09
  0.00000000e+00  0.00000000e+00  0.00000000e+00  3.58350024e-06]","[[ 2.50675506e-05  8.42245590e-04]
 [-4.22867700e-05 -1.63094568e-04]]",[],0.0,0.0
1787563950.0095315,2.1657053832568356,1.3970000969008523,2.369167188964388,"[ 2.00733894e-06 -7.66111809e-07  0.00000000e+00  0.00000000e+00
  0.00000000e+00 -1.84143481e-07 -7.66111809e-07  1.61080584e-06
  0.00000000e+00  0.00000000e+00  0.00000000e+00  1.75109852e-09
  0.00000000e+00  0.00000000e+00  0.00000000e+00  0.00000000e+00
  0.00000000e+00  0.00000000e+00  0.00000000e+00  0.00000000e+00
  0.00000000e+00  0.00000000e+00  0.00000000e+00  0.00000000e+00
  0.00000000e+00  0.00000000e+00  0.00000000e+00  0.00000000e+00
  0.00000000e+00  0.00000000e+00 -1.84143481e-07  1.75109852e-09
  0.00000000e+00  0.00000000e+00  0.00000000e+00  3.58350024e-06]","[[ 2.50675506e-05  8.42245590e-04]
 [-4.22867700e-05 -1.63094568e-04]]",[],0.0,0.0
1787563950.0629873,2.1657053832568356,1.3970000969008523,2.369167188964388,"[ 2.00733894e-06 -7.66111809e-07  0.00000000e+00  0.00000000e+00
  0.00000000e+00 -1.84143481e-07 -7.66111809e-07  1.61080584e-06
  0.00000000e+00  0.00000000e+00  0.00000000e+00  1.75109852e-09
  0.00000000e+00  0.00000000e+00  0.00000000e+00  0.00000000e+00
  0.00000000e+00  0.00000000e+00  0.00000000e+00  0.00000000e+00
  0.00000000e+00  0.00000000e+00  0.00000000e+00  0.00000000e+00
  0.00000000e+00  0.00000000e+00  0.00000000e+00  0.00000000e+00
  0.00000000e+00  0.00000000e+00 -1.84143481e-07  1.75109852e-09
  0.00000000e+00  0.00000000e+00  0.00000000e+00  3.58350024e-06]","[[ 2.50675506e-05  8.42245590e-04]
 [-4.22867700e-05 -1.63094568e-04]]",[],0.0,0.0
1787563950.1107984,2.1657053832568356,1.3970000969008523,2.369167188964388,"[ 2.00733894e-06 -7.66111809e-07  0.00000000e+00  0.00000000e+00
  0.00000000e+00 -1.84143481e-07 -7.66111809e-07  1.61080584e-06
  0.00000000e+00  0.00000000e+00  0.00000000e+00  1.75109852e-09
  0.00000000e+00  0.00000000e+00  0.00000000e+00  0.00000000e+00
  0.00000000e+00  0.00000000e+00  0.00000000e+00  0.00000000e+00
  0.00000000e+00  0.00000000e+00  0.00000000e+00  0.00000000e+00
  0.00000000e+00  0.00000000e+00  0.00000000e+00  0.00000000e+00
  0.00000000e+00  0.00000000e+00 -1.84143481e-07  1.75109852e-09
  0.00000000e+00  0.00000000e+00  0.00000000e+00  3.58350024e-06]","[[ 2.50675506e-05  8.42245590e-04]
 [-4.22867700e-05 -1.63094568e-04]]",[],0.0,0.0
1787563950.1562498,2.1657053832568356,1.3970000969008523,2.369167188964388,"[ 2.00733894e-06 -7.66111809e-07  0.00000000e+00  0.00000000e+00
  0.00000000e+00 -1.84143481e-07 -7.66111809e-07  1.61080584e-06
  0.00000000e+00  0.00000000e+00  0.00000000e+00  1.75109852e-09
  0.00000000e+00  0.00000000e+00  0.00000000e+00  0.00000000e+00
  0.00000000e+00  0.00000000e+00  0.00000000e+00  0.00000000e+00
  0.00000000e+00  0.00000000e+00  0.00000000e+00  0.00000000e+00
  0.00000000e+00  0.00000000e+00  0.00000000e+00  0.00000000e+00
  0.00000000e+00  0.00000000e+00 -1.84143481e-07  1.75109852e-09
  0.00000000e+00  0.00000000e+00  0.00000000e+00  3.58350024e-06]","[[ 2.50675506e-05  8.42245590e-04]
 [-4.22867700e-05 -1.63094568e-04]]",[],0.0,0.0
1787563950.2062056,2.1657053832568356,1.3970000969008523,2.369167188964388,"[ 2.00733894e-06 -7.66111809e-07  0.00000000e+00  0.00000000e+00
  0.00000000e+00 -1.84143481e-07 -7.66111809e-07  1.61080584e-06
  0.00000000e+00  0.00000000e+00  0.00000000e+00  1.75109852e-09
  0.00000000e+00  0.00000000e+00  0.00000000e+00  0.00000000e+00
  0.00000000e+00  0.00000000e+00  0.00000000e+00  0.00000000e+00
  0.00000000e+00  0.00000000e+00  0.00000000e+00  0.00000000e+00
  0.00000000e+00  0.00000000e+00  0.00000000e+00  0.00000000e+00
  0.00000000e+00  0.00000000e+00 -1.84143481e-07  1.75109852e-09
  0.00000000e+00  0.00000000e+00  0.00000000e+00  3.58350024e-06]","[[ 2.50675506e-05  8.42245590e-04]
 [-4.22867700e-05 -1.63094568e-04]]",[],0.0,0.0
1787563950.2614253,2.1657053832568356,1.3970000969008523,2.369167188964388,"[ 2.00733894e-06 -7.66111809e-07  0.00000000e+00  0.00000000e+00
  0.00000000e+00 -1.84143481e-07 -7.66111809e-07  1.61080584e-06
  0.00000000e+00  0.00000000e+00  0.00000000e+00  1.75109852e-09
  0.00000000e+00  0.00000000e+00  0.00000000e+00  0.00000000e+00
  0.00000000e+00  0.00000000e+00  0.00000000e+00  0.00000000e+00
  0.00000000e+00  0.00000000e+00  0.00000000e+00  0.00000000e+00
  0.00000000e+00  0.00000000e+00  0.00000000e+00  0.00000000e+00
  0.00000000e+00  0.00000000e+00 -1.84143481e-07  1.75109852e-09
  0.00000000e+00  0.00000000e+00  0.00000000e+00  3.58350024e-06]","[[ 2.50675506e-05  8.42245590e-04]
 [-4.22867700e-05 -1.63094568e-04]]",[],0.0,0.0
1787563950.3060744,2.1657053832568356,1.3970000969008523,2.369167188964388,"[ 2.00733894e-06 -7.66111809e-07  0.00000000e+00  0.00000000e+00
  0.00000000e+00 -1.84143481e-07 -7.66111809e-07  1.61080584e-06
  0.00000000e+00  0.00000000e+00  0.00000000e+00  1.75109852e-09
  0.00000000e+00  0.00000000e+00  0.00000000e+00  0.00000000e+00
  0.00000000e+00  0.00000000e+00  0.00000000e+00  0.00000000e+00
  0.00000000e+00  0.00000000e+00  0.00000000e+00  0.00000000e+00
  0.00000000e+00  0.00000000e+00  0.00000000e+00  0.00000000e+00
  0.00000000e+00  0.00000000e+00 -1.84143481e-07  1.75109852e-09
  0.00000000e+00  0.00000000e+00  0.00000000e+00  3.58350024e-06]","[[ 2.50675506e-05  8.42245590e-04]
 [-4.22867700e-05 -1.63094568e-04]]",[],0.0,0.0
1787563950.3582206,2.1657053832568356,1.3970000969008523,2.369167188964388,"[ 2.00733894e-06 -7.66111809e-07  0.00000000e+00  0.00000000e+00
  0.00000000e+00 -1.84143481e-07 -7.66111809e-07  1.61080584e-06
  0.00000000e+00  0.00000000e+00  0.00000000e+00  1.75109852e-09
  0.00000000e+00  0.00000000e+00  0.00000000e+00  0.00000000e+00
  0.00000000e+00  0.00000000e+00  0.00000000e+00  0.00000000e+00
  0.00000000e+00  0.00000000e+00  0.00000000e+00  0.00000000e+00
  0.00000000e+00  0.00000000e+00  0.00000000e+00  0.00000000e+00
  0.00000000e+00  0.00000000e+00 -1.84143481e-07  1.75109852e-09
  0.00000000e+00  0.00000000e+00  0.00000000e+00  3.58350024e-06]","[[ 2.50675506e-05  8.42245590e-04]
 [-4.22867700e-05 -1.63094568e-04]]",[],0.0,0.0
1787563950.406046,2.1657053832568356,1.3970000969008523,2.369167188964388,"[ 2.00733894e-06 -7.66111809e-07  0.00000000e+00  0.00000000e+00
  0.00000000e+00 -1.84143481e-07 -7.66111809e-07  1.61080584e-06
  0.00000000e+00  0.00000000e+00  0.00000000e+00  1.75109852e-09
  0.00000000e+00  0.00000000e+00  0.00000000e+00  0.00000000e+00
  0.00000000e+00  0.00000000e+00  0.00000000e+00  0.00000000e+00
  0.00000000e+00  0.00000000e+00  0.00000000e+00  0.00000000e+00
  0.00000000e+00  0.00000000e+00  0.00000000e+00  0.00000000e+00
  0.00000000e+00  0.00000000e+00 -1.84143481e-07  1.75109852e-09
  0.00000000e+00  0.00000000e+00  0.00000000e+00  3.58350024e-06]","[[ 2.50675506e-05  8.42245590e-04]
 [-4.22867700e-05 -1.63094568e-04]]",[],0.0,0.0
1787563950.4565587,2.1657053832568356,1.3970000969008523,2.369167188964388,"[ 2.00733894e-06 -7.66111809e-07  0.00000000e+00  0.00000000e+00
  0.00000000e+00 -1.84143481e-07 -7.66111809e-07  1.61080584e-06
  0.00000000e+00  0.00000000e+00  0.00000000e+00  1.75109852e-09
  0.00000000e+00  0.00000000e+00  0.00000000e+00  0.00000000e+00
  0.00000000e+00  0.00000000e+00  0.00000000e+00  0.00000000e+00
  0.00000000e+00  0.00000000e+00  0.00000000e+00  0.00000000e+00
  0.00000000e+00  0.00000000e+00  0.00000000e+00  0.00000000e+00
  0.00000000e+00  0.00000000e+00 -1.84143481e-07  1.75109852e-09
  0.00000000e+00  0.00000000e+00  0.00000000e+00  3.58350024e-06]","[[ 2.50675506e-05  8.42245590e-04]
 [-4.22867700e-05 -1.63094568e-04]]",[],0.0,0.0
1787563950.5082476,2.1657053832568356,1.3970000969008523,2.369167188964388,"[ 2.00733894e-06 -7.66111809e-07  0.00000000e+00  0.00000000e+00
  0.00000000e+00 -1.84143481e-07 -7.66111809e-07  1.61080584e-06
  0.00000000e+00  0.00000000e+00  0.00000000e+00  1.75109852e-09
  0.00000000e+00  0.00000000e+00  0.00000000e+00  0.00000000e+00
  0.00000000e+00  0.00000000e+00  0.00000000e+00  0.00000000e+00
  0.00000000e+00  0.00000000e+00  0.00000000e+00  0.00000000e+00
  0.00000000e+00  0.00000000e+00  0.00000000e+00  0.00000000e+00
  0.00000000e+00  0.00000000e+00 -1.84143481e-07  1.75109852e-09
  0.00000000e+00  0.00000000e+00  0.00000000e+00  3.58350024e-06]","[[ 2.50675506e-05  8.42245590e-04]
 [-4.22867700e-05 -1.63094568e-04]]",[],0.0,0.0
1787563950.5573113,2.1657053832568356,1.3970000969008523,2.369167188964388,"[ 2.00733894e-06 -7.66111809e-07  0.00000000e+00  0.00000000e+00
  0.00000000e+00 -1.84143481e-07 -7.66111809e-07  1.61080584e-06
  0.00000000e+00  0.00000000e+00  0.00000000e+00  1.75109852e-09
  0.00000000e+00  0.00000000e+00  0.00000000e+00  0.00000000e+00
  0.00000000e+00  0.00000000e+00  0.00000000e+00  0.00000000e+00
  0.00000000e+00  0.00000000e+00  0.00000000e+00  0.00000000e+00
  0.00000000e+00  0.00000000e+00  0.00000000e+00  0.00000000e+00
  0.00000000e+00  0.00000000e+00 -1.84143481e-07  1.75109852e-09
  0.00000000e+00  0.00000000e+00  0.00000000e+00  3.58350024e-06]","[[ 2.50675506e-05  8.42245590e-04]
 [-4.22867700e-05 -1.63094568e-04]]",[],0.0,0.0
1787563950.6071382,2.1657053832568356,1.3970000969008523,2.369167188964388,"[ 2.00733894e-06 -7.66111809e-07  0.00000000e+00  0.00000000e+00
  0.00000000e+00 -1.84143481e-07 -7.66111809e-07  1.61080584e-06
  0.00000000e+00  0.00000000e+00  0.00000000e+00  1.75109852e-09
  0.00000000e+00  0.00000000e+00  0.00000000e+00  0.00000000e+00
  0.00000000e+00  0.00000000e+00  0.00000000e+00  0.00000000e+00
  0.00000000e+00  0.00000000e+00  0.00000000e+00  0.00000000e+00
  0.00000000e+00  0.00000000e+00  0.00000000e+00  0.00000000e+00
  0.00000000e+00  0.00000000e+00 -1.84143481e-07  1.75109852e-09
  0.00000000e+00  0.00000000e+00  0.00000000e+00  3.58350024e-06]","[[ 2.50675506e-05  8.42245590e-04]
 [-4.22867700e-05 -1.63094568e-04]]",[],0.0,0.0
1787563950.6566374,2.168276360095392,1.3947234660189627,2.3639897160759986,"[ 2.02244092e-06 -8.04378077e-07  0.00000000e+00  0.00000000e+00
  0.00000000e+00 -1.90548967e-07 -8.04378077e-07  1.63747726e-06
  0.00000000e+00  0.00000000e+00  0.00000000e+00  2.56506853e-08
  0.00000000e+00  0.00000000e+00  0.00000000e+00  0.00000000e+00
  0.00000000e+00  0.00000000e+00  0.00000000e+00  0.00000000e+00
  0.00000000e+00  0.00000000e+00  0.00000000e+00  0.00000000e+00
  0.00000000e+00  0.00000000e+00  0.00000000e+00  0.00000000e+00
  0.00000000e+00  0.00000000e+00 -1.90548967e-07  2.56506853e-08
  0.00000000e+00  0.00000000e+00  0.00000000e+00  3.63828815e-06]","[[ 2.60856078e-05  8.55362552e-04]
 [-4.30712850e-05 -2.12143445e-04]]",[],0.0,0.0
1787563950.708858,2.168276360095392,1.3947234660189627,2.3639897160759986,"[ 2.02244092e-06 -8.04378077e-07  0.00000000e+00  0.00000000e+00
  0.00000000e+00 -1.90548967e-07 -8.04378077e-07  1.63747726e-06
  0.00000000e+00  0.00000000e+00  0.00000000e+00  2.56506853e-08
  0.00000000e+00  0.00000000e+00  0.00000000e+00  0.00000000e+00
  0.00000000e+00  0.00000000e+00  0.00000000e+00  0.00000000e+00
  0.00000000e+00  0.00000000e+00  0.00000000e+00  0.00000000e+00
  0.00000000e+00  0.00000000e+00  0.00000000e+00  0.00000000e+00
  0.00000000e+00  0.00000000e+00 -1.90548967e-07  2.56506853e-08
  0.00000000e+00  0.00000000e+00  0.00000000e+00  3.63828815e-06]","[[ 2.60856078e-05  8.55362552e-04]
 [-4.30712850e-05 -2.12143445e-04]]",[],0.0,0.0
1787563950.7563188,2.168276360095392,1.3947234660189627,2.3639897160759986,"[ 2.02244092e-06 -8.04378077e-07  0.00000000e+00  0.00000000e+00
  0.00000000e+00 -1.90548967e-07 -8.04378077e-07  1.63747726e-06
  0.00000000e+00  0.00000000e+00  0.00000000e+00  2.56506853e-08
  0.00000000e+00  0.00000000e+00  0.00000000e+00  0.00000000e+00
  0.00000000e+00  0.00000000e+00  0.00000000e+00  0.00000000e+00
  0.00000000e+00  0.00000000e+00  0.00000000e+00  0.00000000e+00
  0.00000000e+00  0.00000000e+00  0.00000000e+00  0.00000000e+00
  0.00000000e+00  0.00000000e+00 -1.90548967e-07  2.56506853e-08
  0.00000000e+00  0.00000000e+00  0.00000000e+00  3.63828815e-06]","[[ 2.60856078e-05  8.55362552e-04]
 [-4.30712850e-05 -2.12143445e-04]]",[],0.0,0.0
1787563950.8075929,2.168276360095392,1.3947234660189627,2.3639897160759986,"[ 2.02244092e-06 -8.04378077e-07  0.00000000e+00  0.00000000e+00
  0.00000000e+00 -1.90548967e-07 -8.04378077e-07  1.63747726e-06
  0.00000000e+00  0.00000000e+00  0.00000000e+00  2.56506853e-08
  0.00000000e+00  0.00000000e+00  0.00000000e+00  0.00000000e+00
  0.00000000e+00  0.00000000e+00  0.00000000e+00  0.00000000e+00
  0.00000000e+00  0.00000000e+00  0.00000000e+00  0.00000000e+00
  0.00000000e+00  0.00000000e+00  0.00000000e+00  0.00000000e+00
  0.00000000e+00  0.00000000e+00 -1.90548967e-07  2.56506853e-08
  0.00000000e+00  0.00000000e+00  0.00000000e+00  3.63828815e-06]","[[ 2.60856078e-05  8.55362552e-04]
 [-4.30712850e-05 -2.12143445e-04]]",[],0.0,0.0
1787563950.8562155,2.168276360095392,1.3947234660189627,2.3639897160759986,"[ 2.02244092e-06 -8.04378077e-07  0.00000000e+00  0.00000000e+00
  0.00000000e+00 -1.90548967e-07 -8.04378077e-07  1.63747726e-06
  0.00000000e+00  0.00000000e+00  0.00000000e+00  2.56506853e-08
  0.00000000e+00  0.00000000e+00  0.00000000e+00  0.00000000e+00
  0.00000000e+00  0.00000000e+00  0.00000000e+00  0.00000000e+00
  0.00000000e+00  0.00000000e+00  0.00000000e+00  0.00000000e+00
  0.00000000e+00  0.00000000e+00  0.00000000e+00  0.00000000e+00
  0.00000000e+00  0.00000000e+00 -1.90548967e-07  2.56506853e-08
  0.00000000e+00  0.00000000e+00  0.00000000e+00  3.63828815e-06]","[[ 2.60856078e-05  8.55362552e-04]
 [-4.30712850e-05 -2.12143445e-04]]",[],0.0,0.0
1787563950.907271,2.168276360095392,1.3947234660189627,2.3639897160759986,"[ 2.02244092e-06 -8.04378077e-07  0.00000000e+00  0.00000000e+00
  0.00000000e+00 -1.90548967e-07 -8.04378077e-07  1.63747726e-06
  0.00000000e+00  0.00000000e+00  0.00000000e+00  2.56506853e-08
  0.00000000e+00  0.00000000e+00  0.00000000e+00  0.00000000e+00
  0.00000000e+00  0.00000000e+00  0.00000000e+00  0.00000000e+00
  0.00000000e+00  0.00000000e+00  0.00000000e+00  0.00000000e+00
  0.00000000e+00  0.00000000e+00  0.00000000e+00  0.00000000e+00
  0.00000000e+00  0.00000000e+00 -1.90548967e-07  2.56506853e-08
  0.00000000e+00  0.00000000e+00  0.00000000e+00  3.63828815e-06]","[[ 2.60856078e-05  8.55362552e-04]
 [-4.30712850e-05 -2.12143445e-04]]",[],0.0,0.0
1787563950.9574425,2.168276360095392,1.3947234660189627,2.3639897160759986,"[ 2.02244092e-06 -8.04378077e-07  0.00000000e+00  0.00000000e+00
  0.00000000e+00 -1.90548967e-07 -8.04378077e-07  1.63747726e-06
  0.00000000e+00  0.00000000e+00  0.00000000e+00  2.56506853e-08
  0.00000000e+00  0.00000000e+00  0.00000000e+00  0.00000000e+00
  0.00000000e+00  0.00000000e+00  0.00000000e+00  0.00000000e+00
  0.00000000e+00  0.00000000e+00  0.00000000e+00  0.00000000e+00
  0.00000000e+00  0.00000000e+00  0.00000000e+00  0.00000000e+00
  0.00000000e+00  0.00000000e+00 -1.90548967e-07  2.56506853e-08
  0.00000000e+00  0.00000000e+00  0.00000000e+00  3.63828815e-06]","[[ 2.60856078e-05  8.55362552e-04]
 [-4.30712850e-05 -2.12143445e-04]]",[],0.0,0.0
1787563951.0070903,2.168276360095392,1.3947234660189627,2.3639897160759986,"[ 2.02244092e-06 -8.04378077e-07  0.00000000e+00  0.00000000e+00
  0.00000000e+00 -1.90548967e-07 -8.04378077e-07  1.63747726e-06
  0.00000000e+00  0.00000000e+00  0.00000000e+00  2.56506853e-08
  0.00000000e+00  0.00000000e+00  0.00000000e+00  0.00000000e+00
  0.00000000e+00  0.00000000e+00  0.00000000e+00  0.00000000e+00
  0.00000000e+00  0.00000000e+00  0.00000000e+00  0.00000000e+00
  0.00000000e+00  0.00000000e+00  0.00000000e+00  0.00000000e+00
  0.00000000e+00  0.00000000e+00 -1.90548967e-07  2.56506853e-08
  0.00000000e+00  0.00000000e+00  0.00000000e+00  3.63828815e-06]","[[ 2.60856078e-05  8.55362552e-04]
 [-4.30712850e-05 -2.12143445e-04]]",[],0.0,0.0
1787563951.0557568,2.168276360095392,1.3947234660189627,2.3639897160759986,"[ 2.02244092e-06 -8.04378077e-07  0.00000000e+00  0.00000000e+00
  0.00000000e+00 -1.90548967e-07 -8.04378077e-07  1.63747726e-06
  0.00000000e+00  0.00000000e+00  0.00000000e+00  2.56506853e-08
  0.00000000e+00  0.00000000e+00  0.00000000e+00  0.00000000e+00
  0.00000000e+00  0.00000000e+00  0.00000000e+00  0.00000000e+00
  0.00000000e+00  0.00000000e+00  0.00000000e+00  0.00000000e+00
  0.00000000e+00  0.00000000e+00  0.00000000e+00  0.00000000e+00
  0.00000000e+00  0.00000000e+00 -1.90548967e-07  2.56506853e-08
  0.00000000e+00  0.00000000e+00  0.00000000e+00  3.63828815e-06]","[[ 2.60856078e-05  8.55362552e-04]
 [-4.30712850e-05 -2.12143445e-04]]",[],0.0,0.0
1787563951.108073,2.168276360095392,1.3947234660189627,2.3639897160759986,"[ 2.02244092e-06 -8.04378077e-07  0.00000000e+00  0.00000000e+00
  0.00000000e+00 -1.90548967e-07 -8.04378077e-07  1.63747726e-06
  0.00000000e+00  0.00000000e+00  0.00000000e+00  2.56506853e-08
  0.00000000e+00  0.00000000e+00  0.00000000e+00  0.00000000e+00
  0.00000000e+00  0.00000000e+00  0.00000000e+00  0.00000000e+00
  0.00000000e+00  0.00000000e+00  0.00000000e+00  0.00000000e+00
  0.00000000e+00  0.00000000e+00  0.00000000e+00  0.00000000e+00
  0.00000000e+00  0.00000000e+00 -1.90548967e-07  2.56506853e-08
  0.00000000e+00  0.00000000e+00  0.00000000e+00  3.63828815e-06]","[[ 2.60856078e-05  8.55362552e-04]
 [-4.30712850e-05 -2.12143445e-04]]",[],0.0,0.0
1787563951.1592453,2.168276360095392,1.3947234660189627,2.3639897160759986,"[ 2.02244092e-06 -8.04378077e-07  0.00000000e+00  0.00000000e+00
  0.00000000e+00 -1.90548967e-07 -8.04378077e-07  1.63747726e-06
  0.00000000e+00  0.00000000e+00  0.00000000e+00  2.56506853e-08
  0.00000000e+00  0.00000000e+00  0.00000000e+00  0.00000000e+00
  0.00000000e+00  0.00000000e+00  0.00000000e+00  0.00000000e+00
  0.00000000e+00  0.00000000e+00  0.00000000e+00  0.00000000e+00
  0.00000000e+00  0.00000000e+00  0.00000000e+00  0.00000000e+00
  0.00000000e+00  0.00000000e+00 -1.90548967e-07  2.56506853e-08
  0.00000000e+00  0.00000000e+00  0.00000000e+00  3.63828815e-06]","[[ 2.60856078e-05  8.55362552e-04]
 [-4.30712850e-05 -2.12143445e-04]]",[],0.0,0.0
1787563951.2066374,2.168276360095392,1.3947234660189627,2.3639897160759986,"[ 2.02244092e-06 -8.04378077e-07  0.00000000e+00  0.00000000e+00
  0.00000000e+00 -1.90548967e-07 -8.04378077e-07  1.63747726e-06
  0.00000000e+00  0.00000000e+00  0.00000000e+00  2.56506853e-08
  0.00000000e+00  0.00000000e+00  0.00000000e+00  0.00000000e+00
  0.00000000e+00  0.00000000e+00  0.00000000e+00  0.00000000e+00
  0.00000000e+00  0.00000000e+00  0.00000000e+00  0.00000000e+00
  0.00000000e+00  0.00000000e+00  0.00000000e+00  0.00000000e+00
  0.00000000e+00  0.00000000e+00 -1.90548967e-07  2.56506853e-08
  0.00000000e+00  0.00000000e+00  0.00000000e+00  3.63828815e-06]","[[ 2.60856078e-05  8.55362552e-04]
 [-4.30712850e-05 -2.12143445e-04]]",[],0.0,0.0
1787563951.2558172,2.168276360095392,1.3947234660189627,2.3639897160759986,"[ 2.02244092e-06 -8.04378077e-07  0.00000000e+00  0.00000000e+00
  0.00000000e+00 -1.90548967e-07 -8.04378077e-07  1.63747726e-06
  0.00000000e+00  0.00000000e+00  0.00000000e+00  2.56506853e-08
  0.00000000e+00  0.00000000e+00  0.00000000e+00  0.00000000e+00
  0.00000000e+00  0.00000000e+00  0.00000000e+00  0.00000000e+00
  0.00000000e+00  0.00000000e+00  0.00000000e+00  0.00000000e+00
  0.00000000e+00  0.00000000e+00  0.00000000e+00  0.00000000e+00
  0.00000000e+00  0.00000000e+00 -1.90548967e-07  2.56506853e-08
  0.00000000e+00  0.00000000e+00  0.00000000e+00  3.63828815e-06]","[[ 2.60856078e-05  8.55362552e-04]
 [-4.30712850e-05 -2.12143445e-04]]",[],0.0,0.0
1787563951.305951,2.1709476864889936,1.3928391798573996,2.3557517747759062,"[ 2.02111046e-06 -8.25247836e-07  0.00000000e+00  0.00000000e+00
  0.00000000e+00 -2.05161046e-07 -8.25247836e-07  1.64798095e-06
  0.00000000e+00  0.00000000e+00  0.00000000e+00  3.00355328e-08
  0.00000000e+00  0.00000000e+00  0.00000000e+00  0.00000000e+00
  0.00000000e+00  0.00000000e+00  0.00000000e+00  0.00000000e+00
  0.00000000e+00  0.00000000e+00  0.00000000e+00  0.00000000e+00
  0.00000000e+00  0.00000000e+00  0.00000000e+00  0.00000000e+00
  0.00000000e+00  0.00000000e+00 -2.05161046e-07  3.00355328e-08
  0.00000000e+00  0.00000000e+00  0.00000000e+00  3.56394340e-06]","[[ 2.66180200e-05  8.78088326e-04]
 [-4.34011627e-05 -2.24626872e-04]]",[],0.0,0.0
1787563951.3560898,2.1709476864889936,1.3928391798573996,2.3557517747759062,"[ 2.02111046e-06 -8.25247836e-07  0.00000000e+00  0.00000000e+00
  0.00000000e+00 -2.05161046e-07 -8.25247836e-07  1.64798095e-06
  0.00000000e+00  0.00000000e+00  0.00000000e+00  3.00355328e-08
  0.00000000e+00  0.00000000e+00  0.00000000e+00  0.00000000e+00
  0.00000000e+00  0.00000000e+00  0.00000000e+00  0.00000000e+00
  0.00000000e+00  0.00000000e+00  0.00000000e+00  0.00000000e+00
  0.00000000e+00  0.00000000e+00  0.00000000e+00  0.00000000e+00
  0.00000000e+00  0.00000000e+00 -2.05161046e-07  3.00355328e-08
  0.00000000e+00  0.00000000e+00  0.00000000e+00  3.56394340e-06]","[[ 2.66180200e-05  8.78088326e-04]
 [-4.34011627e-05 -2.24626872e-04]]",[],0.0,0.0
1787563951.4071863,2.1709476864889936,1.3928391798573996,2.3557517747759062,"[ 2.02111046e-06 -8.25247836e-07  0.00000000e+00  0.00000000e+00
  0.00000000e+00 -2.05161046e-07 -8.25247836e-07  1.64798095e-06
  0.00000000e+00  0.00000000e+00  0.00000000e+00  3.00355328e-08
  0.00000000e+00  0.00000000e+00  0.00000000e+00  0.00000000e+00
  0.00000000e+00  0.00000000e+00  0.00000000e+00  0.00000000e+00
  0.00000000e+00  0.00000000e+00  0.00000000e+00  0.00000000e+00
  0.00000000e+00  0.00000000e+00  0.00000000e+00  0.00000000e+00
  0.00000000e+00  0.00000000e+00 -2.05161046e-07  3.00355328e-08
  0.00000000e+00  0.00000000e+00  0.00000000e+00  3.56394340e-06]","[[ 2.66180200e-05  8.78088326e-04]
 [-4.34011627e-05 -2.24626872e-04]]",[],0.0,0.0
1787563951.456959,2.1709476864889936,1.3928391798573996,2.3557517747759062,"[ 2.02111046e-06 -8.25247836e-07  0.00000000e+00  0.00000000e+00
  0.00000000e+00 -2.05161046e-07 -8.25247836e-07  1.64798095e-06
  0.00000000e+00  0.00000000e+00  0.00000000e+00  3.00355328e-08
  0.00000000e+00  0.00000000e+00  0.00000000e+00  0.00000000e+00
  0.00000000e+00  0.00000000e+00  0.00000000e+00  0.00000000e+00
  0.00000000e+00  0.00000000e+00  0.00000000e+00  0.00000000e+00
  0.00000000e+00  0.00000000e+00  0.00000000e+00  0.00000000e+00
  0.00000000e+00  0.00000000e+00 -2.05161046e-07  3.00355328e-08
  0.00000000e+00  0.00000000e+00  0.00000000e+00  3.56394340e-06]","[[ 2.66180200e-05  8.78088326e-04]
 [-4.34011627e-05 -2.24626872e-04]]",[],0.0,0.0
1787563951.5059893,2.1709476864889936,1.3928391798573996,2.3557517747759062,"[ 2.02111046e-06 -8.25247836e-07  0.00000000e+00  0.00000000e+00
  0.00000000e+00 -2.05161046e-07 -8.25247836e-07  1.64798095e-06
  0.00000000e+00  0.00000000e+00  0.00000000e+00  3.00355328e-08
  0.00000000e+00  0.00000000e+00  0.00000000e+00  0.00000000e+00
  0.00000000e+00  0.00000000e+00  0.00000000e+00  0.00000000e+00
  0.00000000e+00  0.00000000e+00  0.00000000e+00  0.00000000e+00
  0.00000000e+00  0.00000000e+00  0.00000000e+00  0.00000000e+00
  0.00000000e+00  0.00000000e+00 -2.05161046e-07  3.00355328e-08
  0.00000000e+00  0.00000000e+00  0.00000000e+00  3.56394340e-06]","[[ 2.66180200e-05  8.78088326e-04]
 [-4.34011627e-05 -2.24626872e-04]]",[],0.0,0.0
1787563951.559858,2.1709476864889936,1.3928391798573996,2.3557517747759062,"[ 2.02111046e-06 -8.25247836e-07  0.00000000e+00  0.00000000e+00
  0.00000000e+00 -2.05161046e-07 -8.25247836e-07  1.64798095e-06
  0.00000000e+00  0.00000000e+00  0.00000000e+00  3.00355328e-08
  0.00000000e+00  0.00000000e+00  0.00000000e+00  0.00000000e+00
  0.00000000e+00  0.00000000e+00  0.00000000e+00  0.00000000e+00
  0.00000000e+00  0.00000000e+00  0.00000000e+00  0.00000000e+00
  0.00000000e+00  0.00000000e+00  0.00000000e+00  0.00000000e+00
  0.00000000e+00  0.00000000e+00 -2.05161046e-07  3.00355328e-08
  0.00000000e+00  0.00000000e+00  0.00000000e+00  3.56394340e-06]","[[ 2.66180200e-05  8.78088326e-04]
 [-4.34011627e-05 -2.24626872e-04]]",[],0.0,0.0
1787563951.6080732,2.1709476864889936,1.3928391798573996,2.3557517747759062,"[ 2.02111046e-06 -8.25247836e-07  0.00000000e+00  0.00000000e+00
  0.00000000e+00 -2.05161046e-07 -8.25247836e-07  1.64798095e-06
  0.00000000e+00  0.00000000e+00  0.00000000e+00  3.00355328e-08
  0.00000000e+00  0.00000000e+00  0.00000000e+00  0.00000000e+00
  0.00000000e+00  0.00000000e+00  0.00000000e+00  0.00000000e+00
  0.00000000e+00  0.00000000e+00  0.00000000e+00  0.00000000e+00
  0.00000000e+00  0.00000000e+00  0.00000000e+00  0.00000000e+00
  0.00000000e+00  0.00000000e+00 -2.05161046e-07  3.00355328e-08
  0.00000000e+00  0.00000000e+00  0.00000000e+00  3.56394340e-06]","[[ 2.66180200e-05  8.78088326e-04]
 [-4.34011627e-05 -2.24626872e-04]]",[],0.0,0.0
1787563951.6621647,2.1709476864889936,1.3928391798573996,2.3557517747759062,"[ 2.02111046e-06 -8.25247836e-07  0.00000000e+00  0.00000000e+00
  0.00000000e+00 -2.05161046e-07 -8.25247836e-07  1.64798095e-06
  0.00000000e+00  0.00000000e+00  0.00000000e+00  3.00355328e-08
  0.00000000e+00  0.00000000e+00  0.00000000e+00  0.00000000e+00
  0.00000000e+00  0.00000000e+00  0.00000000e+00  0.00000000e+00
  0.00000000e+00  0.00000000e+00  0.00000000e+00  0.00000000e+00
  0.00000000e+00  0.00000000e+00  0.00000000e+00  0.00000000e+00
  0.00000000e+00  0.00000000e+00 -2.05161046e-07  3.00355328e-08
  0.00000000e+00  0.00000000e+00  0.00000000e+00  3.56394340e-06]","[[ 2.66180200e-05  8.78088326e-04]
 [-4.34011627e-05 -2.24626872e-04]]",[],0.0,0.0
1787563951.7101927,2.1709476864889936,1.3928391798573996,2.3557517747759062,"[ 2.02111046e-06 -8.25247836e-07  0.00000000e+00  0.00000000e+00
  0.00000000e+00 -2.05161046e-07 -8.25247836e-07  1.64798095e-06
  0.00000000e+00  0.00000000e+00  0.00000000e+00  3.00355328e-08
  0.00000000e+00  0.00000000e+00  0.00000000e+00  0.00000000e+00
  0.00000000e+00  0.00000000e+00  0.00000000e+00  0.00000000e+00
  0.00000000e+00  0.00000000e+00  0.00000000e+00  0.00000000e+00
  0.00000000e+00  0.00000000e+00  0.00000000e+00  0.00000000e+00
  0.00000000e+00  0.00000000e+00 -2.05161046e-07  3.00355328e-08
  0.00000000e+00  0.00000000e+00  0.00000000e+00  3.56394340e-06]","[[ 2.66180200e-05  8.78088326e-04]
 [-4.34011627e-05 -2.24626872e-04]]",[],0.0,0.0
1787563951.7564893,2.1709476864889936,1.3928391798573996,2.3557517747759062,"[ 2.02111046e-06 -8.25247836e-07  0.00000000e+00  0.00000000e+00
  0.00000000e+00 -2.05161046e-07 -8.25247836e-07  1.64798095e-06
  0.00000000e+00  0.00000000e+00  0.00000000e+00  3.00355328e-08
  0.00000000e+00  0.00000000e+00  0.00000000e+00  0.00000000e+00
  0.00000000e+00  0.00000000e+00  0.00000000e+00  0.00000000e+00
  0.00000000e+00  0.00000000e+00  0.00000000e+00  0.00000000e+00
  0.00000000e+00  0.00000000e+00  0.00000000e+00  0.00000000e+00
  0.00000000e+00  0.00000000e+00 -2.05161046e-07  3.00355328e-08
  0.00000000e+00  0.00000000e+00  0.00000000e+00  3.56394340e-06]","[[ 2.66180200e-05  8.78088326e-04]
 [-4.34011627e-05 -2.24626872e-04]]",[],0.0,0.0
1787563951.8074846,2.1709476864889936,1.3928391798573996,2.3557517747759062,"[ 2.02111046e-06 -8.25247836e-07  0.00000000e+00  0.00000000e+00
  0.00000000e+00 -2.05161046e-07 -8.25247836e-07  1.64798095e-06
  0.00000000e+00  0.00000000e+00  0.00000000e+00  3.00355328e-08
  0.00000000e+00  0.00000000e+00  0.00000000e+00  0.00000000e+00
  0.00000000e+00  0.00000000e+00  0.00000000e+00  0.00000000e+00
  0.00000000e+00  0.00000000e+00  0.00000000e+00  0.00000000e+00
  0.00000000e+00  0.00000000e+00  0.00000000e+00  0.00000000e+00
  0.00000000e+00  0.00000000e+00 -2.05161046e-07  3.00355328e-08
  0.00000000e+00  0.00000000e+00  0.00000000e+00  3.56394340e-06]","[[ 2.66180200e-05  8.78088326e-04]
 [-4.34011627e-05 -2.24626872e-04]]",[],0.0,0.0
1787563951.861573,2.1709476864889936,1.3928391798573996,2.3557517747759062,"[ 2.02111046e-06 -8.25247836e-07  0.00000000e+00  0.00000000e+00
  0.00000000e+00 -2.05161046e-07 -8.25247836e-07  1.64798095e-06
  0.00000000e+00  0.00000000e+00  0.00000000e+00  3.00355328e-08
  0.00000000e+00  0.00000000e+00  0.00000000e+00  0.00000000e+00
  0.00000000e+00  0.00000000e+00  0.00000000e+00  0.00000000e+00
  0.00000000e+00  0.00000000e+00  0.00000000e+00  0.00000000e+00
  0.00000000e+00  0.00000000e+00  0.00000000e+00  0.00000000e+00
  0.00000000e+00  0.00000000e+00 -2.05161046e-07  3.00355328e-08
  0.00000000e+00  0.00000000e+00  0.00000000e+00  3.56394340e-06]","[[ 2.66180200e-05  8.78088326e-04]
 [-4.34011627e-05 -2.24626872e-04]]",[],0.0,0.0
1787563951.9062877,2.1709476864889936,1.3928391798573996,2.3557517747759062,"[ 2.02111046e-06 -8.25247836e-07  0.00000000e+00  0.00000000e+00
  0.00000000e+00 -2.05161046e-07 -8.25247836e-07  1.64798095e-06
  0.00000000e+00  0.00000000e+00  0.00000000e+00  3.00355328e-08
  0.00000000e+00  0.00000000e+00  0.00000000e+00  0.00000000e+00
  0.00000000e+00  0.00000000e+00  0.00000000e+00  0.00000000e+00
  0.00000000e+00  0.00000000e+00  0.00000000e+00  0.00000000e+00
  0.00000000e+00  0.00000000e+00  0.00000000e+00  0.00000000e+00
  0.00000000e+00  0.00000000e+00 -2.05161046e-07  3.00355328e-08
  0.00000000e+00  0.00000000e+00  0.00000000e+00  3.56394340e-06]","[[ 2.66180200e-05  8.78088326e-04]
 [-4.34011627e-05 -2.24626872e-04]]",[],0.0,0.0
1787563951.9559703,2.1709476864889936,1.3928391798573996,2.3557517747759062,"[ 2.02111046e-06 -8.25247836e-07  0.00000000e+00  0.00000000e+00
  0.00000000e+00 -2.05161046e-07 -8.25247836e-07  1.64798095e-06
  0.00000000e+00  0.00000000e+00  0.00000000e+00  3.00355328e-08
  0.00000000e+00  0.00000000e+00  0.00000000e+00  0.00000000e+00
  0.00000000e+00  0.00000000e+00  0.00000000e+00  0.00000000e+00
  0.00000000e+00  0.00000000e+00  0.00000000e+00  0.00000000e+00
  0.00000000e+00  0.00000000e+00  0.00000000e+00  0.00000000e+00
  0.00000000e+00  0.00000000e+00 -2.05161046e-07  3.00355328e-08
  0.00000000e+00  0.00000000e+00  0.00000000e+00  3.56394340e-06]","[[ 2.66180200e-05  8.78088326e-04]
 [-4.34011627e-05 -2.24626872e-04]]",[],0.0,0.0
1787563952.0066862,2.1709476864889936,1.3928391798573996,2.3557517747759062,"[ 2.02111046e-06 -8.25247836e-07  0.00000000e+00  0.00000000e+00
  0.00000000e+00 -2.05161046e-07 -8.25247836e-07  1.64798095e-06
  0.00000000e+00  0.00000000e+00  0.00000000e+00  3.00355328e-08
  0.00000000e+00  0.00000000e+00  0.00000000e+00  0.00000000e+00
  0.00000000e+00  0.00000000e+00  0.00000000e+00  0.00000000e+00
  0.00000000e+00  0.00000000e+00  0.00000000e+00  0.00000000e+00
  0.00000000e+00  0.00000000e+00  0.00000000e+00  0.00000000e+00
  0.00000000e+00  0.00000000e+00 -2.05161046e-07  3.00355328e-08
  0.00000000e+00  0.00000000e+00  0.00000000e+00  3.56394340e-06]","[[ 2.66180200e-05  8.78088326e-04]
 [-4.34011627e-05 -2.24626872e-04]]",[],0.0,0.0
1787563952.0593925,2.1709476864889936,1.3928391798573996,2.3557517747759062,"[ 2.02111046e-06 -8.25247836e-07  0.00000000e+00  0.00000000e+00
  0.00000000e+00 -2.05161046e-07 -8.25247836e-07  1.64798095e-06
  0.00000000e+00  0.00000000e+00  0.00000000e+00  3.00355328e-08
  0.00000000e+00  0.00000000e+00  0.00000000e+00  0.00000000e+00
  0.00000000e+00  0.00000000e+00  0.00000000e+00  0.00000000e+00
  0.00000000e+00  0.00000000e+00  0.00000000e+00  0.00000000e+00
  0.00000000e+00  0.00000000e+00  0.00000000e+00  0.00000000e+00
  0.00000000e+00  0.00000000e+00 -2.05161046e-07  3.00355328e-08
  0.00000000e+00  0.00000000e+00  0.00000000e+00  3.56394340e-06]","[[ 2.66180200e-05  8.78088326e-04]
 [-4.34011627e-05 -2.24626872e-04]]",[],0.0,0.0
1787563952.106525,2.1709476864889936,1.3928391798573996,2.3557517747759062,"[ 2.02111046e-06 -8.25247836e-07  0.00000000e+00  0.00000000e+00
  0.00000000e+00 -2.05161046e-07 -8.25247836e-07  1.64798095e-06
  0.00000000e+00  0.00000000e+00  0.00000000e+00  3.00355328e-08
  0.00000000e+00  0.00000000e+00  0.00000000e+00  0.00000000e+00
  0.00000000e+00  0.00000000e+00  0.00000000e+00  0.00000000e+00
  0.00000000e+00  0.00000000e+00  0.00000000e+00  0.00000000e+00
  0.00000000e+00  0.00000000e+00  0.00000000e+00  0.00000000e+00
  0.00000000e+00  0.00000000e+00 -2.05161046e-07  3.00355328e-08
  0.00000000e+00  0.00000000e+00  0.00000000e+00  3.56394340e-06]","[[ 2.66180200e-05  8.78088326e-04]
 [-4.34011627e-05 -2.24626872e-04]]",[],0.0,0.0
1787563952.1570122,2.173371199869643,1.391038556163898,2.3606900821431864,"[ 2.06393331e-06 -8.91461755e-07  0.00000000e+00  0.00000000e+00
  0.00000000e+00 -1.83597370e-07 -8.91461755e-07  1.70518605e-06
  0.00000000e+00  0.00000000e+00  0.00000000e+00  8.39798170e-09
  0.00000000e+00  0.00000000e+00  0.00000000e+00  0.00000000e+00
  0.00000000e+00  0.00000000e+00  0.00000000e+00  0.00000000e+00
  0.00000000e+00  0.00000000e+00  0.00000000e+00  0.00000000e+00
  0.00000000e+00  0.00000000e+00  0.00000000e+00  0.00000000e+00
  0.00000000e+00  0.00000000e+00 -1.83597370e-07  8.39798170e-09
  0.00000000e+00  0.00000000e+00  0.00000000e+00  3.85264121e-06]","[[ 2.84112629e-05  8.51824930e-04]
 [-4.50288447e-05 -2.05170119e-04]]",[],0.0,0.0
1787563952.208444,2.173371199869643,1.391038556163898,2.3606900821431864,"[ 2.06393331e-06 -8.91461755e-07  0.00000000e+00  0.00000000e+00
  0.00000000e+00 -1.83597370e-07 -8.91461755e-07  1.70518605e-06
  0.00000000e+00  0.00000000e+00  0.00000000e+00  8.39798170e-09
  0.00000000e+00  0.00000000e+00  0.00000000e+00  0.00000000e+00
  0.00000000e+00  0.00000000e+00  0.00000000e+00  0.00000000e+00
  0.00000000e+00  0.00000000e+00  0.00000000e+00  0.00000000e+00
  0.00000000e+00  0.00000000e+00  0.00000000e+00  0.00000000e+00
  0.00000000e+00  0.00000000e+00 -1.83597370e-07  8.39798170e-09
  0.00000000e+00  0.00000000e+00  0.00000000e+00  3.85264121e-06]","[[ 2.84112629e-05  8.51824930e-04]
 [-4.50288447e-05 -2.05170119e-04]]",[],0.0,0.0
1787563952.256547,2.173371199869643,1.391038556163898,2.3606900821431864,"[ 2.06393331e-06 -8.91461755e-07  0.00000000e+00  0.00000000e+00
  0.00000000e+00 -1.83597370e-07 -8.91461755e-07  1.70518605e-06
  0.00000000e+00  0.00000000e+00  0.00000000e+00  8.39798170e-09
  0.00000000e+00  0.00000000e+00  0.00000000e+00  0.00000000e+00
  0.00000000e+00  0.00000000e+00  0.00000000e+00  0.00000000e+00
  0.00000000e+00  0.00000000e+00  0.00000000e+00  0.00000000e+00
  0.00000000e+00  0.00000000e+00  0.00000000e+00  0.00000000e+00
  0.00000000e+00  0.00000000e+00 -1.83597370e-07  8.39798170e-09
  0.00000000e+00  0.00000000e+00  0.00000000e+00  3.85264121e-06]","[[ 2.84112629e-05  8.51824930e-04]
 [-4.50288447e-05 -2.05170119e-04]]",[],0.0,0.0
1787563952.3088124,2.173371199869643,1.391038556163898,2.3606900821431864,"[ 2.06393331e-06 -8.91461755e-07  0.00000000e+00  0.00000000e+00
  0.00000000e+00 -1.83597370e-07 -8.91461755e-07  1.70518605e-06
  0.00000000e+00  0.00000000e+00  0.00000000e+00  8.39798170e-09
  0.00000000e+00  0.00000000e+00  0.00000000e+00  0.00000000e+00
  0.00000000e+00  0.00000000e+00  0.00000000e+00  0.00000000e+00
  0.00000000e+00  0.00000000e+00  0.00000000e+00  0.00000000e+00
  0.00000000e+00  0.00000000e+00  0.00000000e+00  0.00000000e+00
  0.00000000e+00  0.00000000e+00 -1.83597370e-07  8.39798170e-09
  0.00000000e+00  0.00000000e+00  0.00000000e+00  3.85264121e-06]","[[ 2.84112629e-05  8.51824930e-04]
 [-4.50288447e-05 -2.05170119e-04]]",[],0.0,0.0
1787563952.3559287,2.173371199869643,1.391038556163898,2.3606900821431864,"[ 2.06393331e-06 -8.91461755e-07  0.00000000e+00  0.00000000e+00
  0.00000000e+00 -1.83597370e-07 -8.91461755e-07  1.70518605e-06
  0.00000000e+00  0.00000000e+00  0.00000000e+00  8.39798170e-09
  0.00000000e+00  0.00000000e+00  0.00000000e+00  0.00000000e+00
  0.00000000e+00  0.00000000e+00  0.00000000e+00  0.00000000e+00
  0.00000000e+00  0.00000000e+00  0.00000000e+00  0.00000000e+00
  0.00000000e+00  0.00000000e+00  0.00000000e+00  0.00000000e+00
  0.00000000e+00  0.00000000e+00 -1.83597370e-07  8.39798170e-09
  0.00000000e+00  0.00000000e+00  0.00000000e+00  3.85264121e-06]","[[ 2.84112629e-05  8.51824930e-04]
 [-4.50288447e-05 -2.05170119e-04]]",[],0.0,0.0
1787563952.4083667,2.173371199869643,1.391038556163898,2.3606900821431864,"[ 2.06393331e-06 -8.91461755e-07  0.00000000e+00  0.00000000e+00
  0.00000000e+00 -1.83597370e-07 -8.91461755e-07  1.70518605e-06
  0.00000000e+00  0.00000000e+00  0.00000000e+00  8.39798170e-09
  0.00000000e+00  0.00000000e+00  0.00000000e+00  0.00000000e+00
  0.00000000e+00  0.00000000e+00  0.00000000e+00  0.00000000e+00
  0.00000000e+00  0.00000000e+00  0.00000000e+00  0.00000000e+00
  0.00000000e+00  0.00000000e+00  0.00000000e+00  0.00000000e+00
  0.00000000e+00  0.00000000e+00 -1.83597370e-07  8.39798170e-09
  0.00000000e+00  0.00000000e+00  0.00000000e+00  3.85264121e-06]","[[ 2.84112629e-05  8.51824930e-04]
 [-4.50288447e-05 -2.05170119e-04]]",[],0.0,0.0
1787563952.4566963,2.173371199869643,1.391038556163898,2.3606900821431864,"[ 2.06393331e-06 -8.91461755e-07  0.00000000e+00  0.00000000e+00
  0.00000000e+00 -1.83597370e-07 -8.91461755e-07  1.70518605e-06
  0.00000000e+00  0.00000000e+00  0.00000000e+00  8.39798170e-09
  0.00000000e+00  0.00000000e+00  0.00000000e+00  0.00000000e+00
  0.00000000e+00  0.00000000e+00  0.00000000e+00  0.00000000e+00
  0.00000000e+00  0.00000000e+00  0.00000000e+00  0.00000000e+00
  0.00000000e+00  0.00000000e+00  0.00000000e+00  0.00000000e+00
  0.00000000e+00  0.00000000e+00 -1.83597370e-07  8.39798170e-09
  0.00000000e+00  0.00000000e+00  0.00000000e+00  3.85264121e-06]","[[ 2.84112629e-05  8.51824930e-04]
 [-4.50288447e-05 -2.05170119e-04]]",[],0.0,0.0
1787563952.508025,2.173371199869643,1.391038556163898,2.3606900821431864,"[ 2.06393331e-06 -8.91461755e-07  0.00000000e+00  0.00000000e+00
  0.00000000e+00 -1.83597370e-07 -8.91461755e-07  1.70518605e-06
  0.00000000e+00  0.00000000e+00  0.00000000e+00  8.39798170e-09
  0.00000000e+00  0.00000000e+00  0.00000000e+00  0.00000000e+00
  0.00000000e+00  0.00000000e+00  0.00000000e+00  0.00000000e+00
  0.00000000e+00  0.00000000e+00  0.00000000e+00  0.00000000e+00
  0.00000000e+00  0.00000000e+00  0.00000000e+00  0.00000000e+00
  0.00000000e+00  0.00000000e+00 -1.83597370e-07  8.39798170e-09
  0.00000000e+00  0.00000000e+00  0.00000000e+00  3.85264121e-06]","[[ 2.84112629e-05  8.51824930e-04]
 [-4.50288447e-05 -2.05170119e-04]]",[],0.0,0.0
1787563952.5597599,2.173371199869643,1.391038556163898,2.3606900821431864,"[ 2.06393331e-06 -8.91461755e-07  0.00000000e+00  0.00000000e+00
  0.00000000e+00 -1.83597370e-07 -8.91461755e-07  1.70518605e-06
  0.00000000e+00  0.00000000e+00  0.00000000e+00  8.39798170e-09
  0.00000000e+00  0.00000000e+00  0.00000000e+00  0.00000000e+00
  0.00000000e+00  0.00000000e+00  0.00000000e+00  0.00000000e+00
  0.00000000e+00  0.00000000e+00  0.00000000e+00  0.00000000e+00
  0.00000000e+00  0.00000000e+00  0.00000000e+00  0.00000000e+00
  0.00000000e+00  0.00000000e+00 -1.83597370e-07  8.39798170e-09
  0.00000000e+00  0.00000000e+00  0.00000000e+00  3.85264121e-06]","[[ 2.84112629e-05  8.51824930e-04]
 [-4.50288447e-05 -2.05170119e-04]]",[],0.0,0.0
1787563952.6059482,2.173371199869643,1.391038556163898,2.3606900821431864,"[ 2.06393331e-06 -8.91461755e-07  0.00000000e+00  0.00000000e+00
  0.00000000e+00 -1.83597370e-07 -8.91461755e-07  1.70518605e-06
  0.00000000e+00  0.00000000e+00  0.00000000e+00  8.39798170e-09
  0.00000000e+00  0.00000000e+00  0.00000000e+00  0.00000000e+00
  0.00000000e+00  0.00000000e+00  0.00000000e+00  0.00000000e+00
  0.00000000e+00  0.00000000e+00  0.00000000e+00  0.00000000e+00
  0.00000000e+00  0.00000000e+00  0.00000000e+00  0.00000000e+00
  0.00000000e+00  0.00000000e+00 -1.83597370e-07  8.39798170e-09
  0.00000000e+00  0.00000000e+00  0.00000000e+00  3.85264121e-06]","[[ 2.84112629e-05  8.51824930e-04]
 [-4.50288447e-05 -2.05170119e-04]]",[],0.0,0.0
1787563952.6563663,2.173371199869643,1.391038556163898,2.3606900821431864,"[ 2.06393331e-06 -8.91461755e-07  0.00000000e+00  0.00000000e+00
  0.00000000e+00 -1.83597370e-07 -8.91461755e-07  1.70518605e-06
  0.00000000e+00  0.00000000e+00  0.00000000e+00  8.39798170e-09
  0.00000000e+00  0.00000000e+00  0.00000000e+00  0.00000000e+00
  0.00000000e+00  0.00000000e+00  0.00000000e+00  0.00000000e+00
  0.00000000e+00  0.00000000e+00  0.00000000e+00  0.00000000e+00
  0.00000000e+00  0.00000000e+00  0.00000000e+00  0.00000000e+00
  0.00000000e+00  0.00000000e+00 -1.83597370e-07  8.39798170e-09
  0.00000000e+00  0.00000000e+00  0.00000000e+00  3.85264121e-06]","[[ 2.84112629e-05  8.51824930e-04]
 [-4.50288447e-05 -2.05170119e-04]]",[],0.0,0.0
1787563952.708735,2.173371199869643,1.391038556163898,2.3606900821431864,"[ 2.06393331e-06 -8.91461755e-07  0.00000000e+00  0.00000000e+00
  0.00000000e+00 -1.83597370e-07 -8.91461755e-07  1.70518605e-06
  0.00000000e+00  0.00000000e+00  0.00000000e+00  8.39798170e-09
  0.00000000e+00  0.00000000e+00  0.00000000e+00  0.00000000e+00
  0.00000000e+00  0.00000000e+00  0.00000000e+00  0.00000000e+00
  0.00000000e+00  0.00000000e+00  0.00000000e+00  0.00000000e+00
  0.00000000e+00  0.00000000e+00  0.00000000e+00  0.00000000e+00
  0.00000000e+00  0.00000000e+00 -1.83597370e-07  8.39798170e-09
  0.00000000e+00  0.00000000e+00  0.00000000e+00  3.85264121e-06]","[[ 2.84112629e-05  8.51824930e-04]
 [-4.50288447e-05 -2.05170119e-04]]",[],0.0,0.0
1787563952.7563581,2.173371199869643,1.391038556163898,2.3606900821431864,"[ 2.06393331e-06 -8.91461755e-07  0.00000000e+00  0.00000000e+00
  0.00000000e+00 -1.83597370e-07 -8.91461755e-07  1.70518605e-06
  0.00000000e+00  0.00000000e+00  0.00000000e+00  8.39798170e-09
  0.00000000e+00  0.00000000e+00  0.00000000e+00  0.00000000e+00
  0.00000000e+00  0.00000000e+00  0.00000000e+00  0.00000000e+00
  0.00000000e+00  0.00000000e+00  0.00000000e+00  0.00000000e+00
  0.00000000e+00  0.00000000e+00  0.00000000e+00  0.00000000e+00
  0.00000000e+00  0.00000000e+00 -1.83597370e-07  8.39798170e-09
  0.00000000e+00  0.00000000e+00  0.00000000e+00  3.85264121e-06]","[[ 2.84112629e-05  8.51824930e-04]
 [-4.50288447e-05 -2.05170119e-04]]",[],0.0,0.0
1787563952.8183253,2.173371199869643,1.391038556163898,2.3606900821431864,"[ 2.06393331e-06 -8.91461755e-07  0.00000000e+00  0.00000000e+00
  0.00000000e+00 -1.83597370e-07 -8.91461755e-07  1.70518605e-06
  0.00000000e+00  0.00000000e+00  0.00000000e+00  8.39798170e-09
  0.00000000e+00  0.00000000e+00  0.00000000e+00  0.00000000e+00
  0.00000000e+00  0.00000000e+00  0.00000000e+00  0.00000000e+00
  0.00000000e+00  0.00000000e+00  0.00000000e+00  0.00000000e+00
  0.00000000e+00  0.00000000e+00  0.00000000e+00  0.00000000e+00
  0.00000000e+00  0.00000000e+00 -1.83597370e-07  8.39798170e-09
  0.00000000e+00  0.00000000e+00  0.00000000e+00  3.85264121e-06]","[[ 2.84112629e-05  8.51824930e-04]
 [-4.50288447e-05 -2.05170119e-04]]",[],0.0,0.0
1787563952.8559506,2.173371199869643,1.391038556163898,2.3606900821431864,"[ 2.06393331e-06 -8.91461755e-07  0.00000000e+00  0.00000000e+00
  0.00000000e+00 -1.83597370e-07 -8.91461755e-07  1.70518605e-06
  0.00000000e+00  0.00000000e+00  0.00000000e+00  8.39798170e-09
  0.00000000e+00  0.00000000e+00  0.00000000e+00  0.00000000e+00
  0.00000000e+00  0.00000000e+00  0.00000000e+00  0.00000000e+00
  0.00000000e+00  0.00000000e+00  0.00000000e+00  0.00000000e+00
  0.00000000e+00  0.00000000e+00  0.00000000e+00  0.00000000e+00
  0.00000000e+00  0.00000000e+00 -1.83597370e-07  8.39798170e-09
  0.00000000e+00  0.00000000e+00  0.00000000e+00  3.85264121e-06]","[[ 2.84112629e-05  8.51824930e-04]
 [-4.50288447e-05 -2.05170119e-04]]",[],0.0,0.0
1787563952.9058602,2.175146250571458,1.3892567398798465,2.376582186607614,"[ 2.05980429e-06 -9.09204076e-07  0.00000000e+00  0.00000000e+00
  0.00000000e+00 -1.85707689e-07 -9.09204076e-07  1.71104019e-06
  0.00000000e+00  0.00000000e+00  0.00000000e+00  3.47699463e-08
  0.00000000e+00  0.00000000e+00  0.00000000e+00  0.00000000e+00
  0.00000000e+00  0.00000000e+00  0.00000000e+00  0.00000000e+00
  0.00000000e+00  0.00000000e+00  0.00000000e+00  0.00000000e+00
  0.00000000e+00  0.00000000e+00  0.00000000e+00  0.00000000e+00
  0.00000000e+00  0.00000000e+00 -1.85707689e-07  3.47699463e-08
  0.00000000e+00  0.00000000e+00  0.00000000e+00  3.34388544e-06]","[[ 2.88569705e-05  8.53229967e-04]
 [-4.52346581e-05 -2.53302932e-04]]",[],0.0,0.0
1787563952.956634,2.175146250571458,1.3892567398798465,2.376582186607614,"[ 2.05980429e-06 -9.09204076e-07  0.00000000e+00  0.00000000e+00
  0.00000000e+00 -1.85707689e-07 -9.09204076e-07  1.71104019e-06
  0.00000000e+00  0.00000000e+00  0.00000000e+00  3.47699463e-08
  0.00000000e+00  0.00000000e+00  0.00000000e+00  0.00000000e+00
  0.00000000e+00  0.00000000e+00  0.00000000e+00  0.00000000e+00
  0.00000000e+00  0.00000000e+00  0.00000000e+00  0.00000000e+00
  0.00000000e+00  0.00000000e+00  0.00000000e+00  0.00000000e+00
  0.00000000e+00  0.00000000e+00 -1.85707689e-07  3.47699463e-08
  0.00000000e+00  0.00000000e+00  0.00000000e+00  3.34388544e-06]","[[ 2.88569705e-05  8.53229967e-04]
 [-4.52346581e-05 -2.53302932e-04]]",[],0.0,0.0
1787563953.0068533,2.175146250571458,1.3892567398798465,2.376582186607614,"[ 2.05980429e-06 -9.09204076e-07  0.00000000e+00  0.00000000e+00
  0.00000000e+00 -1.85707689e-07 -9.09204076e-07  1.71104019e-06
  0.00000000e+00  0.00000000e+00  0.00000000e+00  3.47699463e-08
  0.00000000e+00  0.00000000e+00  0.00000000e+00  0.00000000e+00
  0.00000000e+00  0.00000000e+00  0.00000000e+00  0.00000000e+00
  0.00000000e+00  0.00000000e+00  0.00000000e+00  0.00000000e+00
  0.00000000e+00  0.00000000e+00  0.00000000e+00  0.00000000e+00
  0.00000000e+00  0.00000000e+00 -1.85707689e-07  3.47699463e-08
  0.00000000e+00  0.00000000e+00  0.00000000e+00  3.34388544e-06]","[[ 2.88569705e-05  8.53229967e-04]
 [-4.52346581e-05 -2.53302932e-04]]",[],0.0,0.0
1787563953.0561378,2.175146250571458,1.3892567398798465,2.376582186607614,"[ 2.05980429e-06 -9.09204076e-07  0.00000000e+00  0.00000000e+00
  0.00000000e+00 -1.85707689e-07 -9.09204076e-07  1.71104019e-06
  0.00000000e+00  0.00000000e+00  0.00000000e+00  3.47699463e-08
  0.00000000e+00  0.00000000e+00  0.00000000e+00  0.00000000e+00
  0.00000000e+00  0.00000000e+00  0.00000000e+00  0.00000000e+00
  0.00000000e+00  0.00000000e+00  0.00000000e+00  0.00000000e+00
  0.00000000e+00  0.00000000e+00  0.00000000e+00  0.00000000e+00
  0.00000000e+00  0.00000000e+00 -1.85707689e-07  3.47699463e-08
  0.00000000e+00  0.00000000e+00  0.00000000e+00  3.34388544e-06]","[[ 2.88569705e-05  8.53229967e-04]
 [-4.52346581e-05 -2.53302932e-04]]",[],0.0,0.0
1787563953.1092672,2.175146250571458,1.3892567398798465,2.376582186607614,"[ 2.05980429e-06 -9.09204076e-07  0.00000000e+00  0.00000000e+00
  0.00000000e+00 -1.85707689e-07 -9.09204076e-07  1.71104019e-06
  0.00000000e+00  0.00000000e+00  0.00000000e+00  3.47699463e-08
  0.00000000e+00  0.00000000e+00  0.00000000e+00  0.00000000e+00
  0.00000000e+00  0.00000000e+00  0.00000000e+00  0.00000000e+00
  0.00000000e+00  0.00000000e+00  0.00000000e+00  0.00000000e+00
  0.00000000e+00  0.00000000e+00  0.00000000e+00  0.00000000e+00
  0.00000000e+00  0.00000000e+00 -1.85707689e-07  3.47699463e-08
  0.00000000e+00  0.00000000e+00  0.00000000e+00  3.34388544e-06]","[[ 2.88569705e-05  8.53229967e-04]
 [-4.52346581e-05 -2.53302932e-04]]",[],0.0,0.0
1787563953.1562684,2.175146250571458,1.3892567398798465,2.376582186607614,"[ 2.05980429e-06 -9.09204076e-07  0.00000000e+00  0.00000000e+00
  0.00000000e+00 -1.85707689e-07 -9.09204076e-07  1.71104019e-06
  0.00000000e+00  0.00000000e+00  0.00000000e+00  3.47699463e-08
  0.00000000e+00  0.00000000e+00  0.00000000e+00  0.00000000e+00
  0.00000000e+00  0.00000000e+00  0.00000000e+00  0.00000000e+00
  0.00000000e+00  0.00000000e+00  0.00000000e+00  0.00000000e+00
  0.00000000e+00  0.00000000e+00  0.00000000e+00  0.00000000e+00
  0.00000000e+00  0.00000000e+00 -1.85707689e-07  3.47699463e-08
  0.00000000e+00  0.00000000e+00  0.00000000e+00  3.34388544e-06]","[[ 2.88569705e-05  8.53229967e-04]
 [-4.52346581e-05 -2.53302932e-04]]",[],0.0,0.0
1787563953.206207,2.175146250571458,1.3892567398798465,2.376582186607614,"[ 2.05980429e-06 -9.09204076e-07  0.00000000e+00  0.00000000e+00
  0.00000000e+00 -1.85707689e-07 -9.09204076e-07  1.71104019e-06
  0.00000000e+00  0.00000000e+00  0.00000000e+00  3.47699463e-08
  0.00000000e+00  0.00000000e+00  0.00000000e+00  0.00000000e+00
  0.00000000e+00  0.00000000e+00  0.00000000e+00  0.00000000e+00
  0.00000000e+00  0.00000000e+00  0.00000000e+00  0.00000000e+00
  0.00000000e+00  0.00000000e+00  0.00000000e+00  0.00000000e+00
  0.00000000e+00  0.00000000e+00 -1.85707689e-07  3.47699463e-08
  0.00000000e+00  0.00000000e+00  0.00000000e+00  3.34388544e-06]","[[ 2.88569705e-05  8.53229967e-04]
 [-4.52346581e-05 -2.53302932e-04]]",[],0.0,0.0
1787563953.2568655,2.175146250571458,1.3892567398798465,2.376582186607614,"[ 2.05980429e-06 -9.09204076e-07  0.00000000e+00  0.00000000e+00
  0.00000000e+00 -1.85707689e-07 -9.09204076e-07  1.71104019e-06
  0.00000000e+00  0.00000000e+00  0.00000000e+00  3.47699463e-08
  0.00000000e+00  0.00000000e+00  0.00000000e+00  0.00000000e+00
  0.00000000e+00  0.00000000e+00  0.00000000e+00  0.00000000e+00
  0.00000000e+00  0.00000000e+00  0.00000000e+00  0.00000000e+00
  0.00000000e+00  0.00000000e+00  0.00000000e+00  0.00000000e+00
  0.00000000e+00  0.00000000e+00 -1.85707689e-07  3.47699463e-08
  0.00000000e+00  0.00000000e+00  0.00000000e+00  3.34388544e-06]","[[ 2.88569705e-05  8.53229967e-04]
 [-4.52346581e-05 -2.53302932e-04]]",[],0.0,0.0
1787563953.3065076,2.175146250571458,1.3892567398798465,2.376582186607614,"[ 2.05980429e-06 -9.09204076e-07  0.00000000e+00  0.00000000e+00
  0.00000000e+00 -1.85707689e-07 -9.09204076e-07  1.71104019e-06
  0.00000000e+00  0.00000000e+00  0.00000000e+00  3.47699463e-08
  0.00000000e+00  0.00000000e+00  0.00000000e+00  0.00000000e+00
  0.00000000e+00  0.00000000e+00  0.00000000e+00  0.00000000e+00
  0.00000000e+00  0.00000000e+00  0.00000000e+00  0.00000000e+00
  0.00000000e+00  0.00000000e+00  0.00000000e+00  0.00000000e+00
  0.00000000e+00  0.00000000e+00 -1.85707689e-07  3.47699463e-08
  0.00000000e+00  0.00000000e+00  0.00000000e+00  3.34388544e-06]","[[ 2.88569705e-05  8.53229967e-04]
 [-4.52346581e-05 -2.53302932e-04]]",[],0.0,0.0
1787563953.3567684,2.175146250571458,1.3892567398798465,2.376582186607614,"[ 2.05980429e-06 -9.09204076e-07  0.00000000e+00  0.00000000e+00
  0.00000000e+00 -1.85707689e-07 -9.09204076e-07  1.71104019e-06
  0.00000000e+00  0.00000000e+00  0.00000000e+00  3.47699463e-08
  0.00000000e+00  0.00000000e+00  0.00000000e+00  0.00000000e+00
  0.00000000e+00  0.00000000e+00  0.00000000e+00  0.00000000e+00
  0.00000000e+00  0.00000000e+00  0.00000000e+00  0.00000000e+00
  0.00000000e+00  0.00000000e+00  0.00000000e+00  0.00000000e+00
  0.00000000e+00  0.00000000e+00 -1.85707689e-07  3.47699463e-08
  0.00000000e+00  0.00000000e+00  0.00000000e+00  3.34388544e-06]","[[ 2.88569705e-05  8.53229967e-04]
 [-4.52346581e-05 -2.53302932e-04]]",[],0.0,0.0
1787563953.4098384,2.175146250571458,1.3892567398798465,2.376582186607614,"[ 2.05980429e-06 -9.09204076e-07  0.00000000e+00  0.00000000e+00
  0.00000000e+00 -1.85707689e-07 -9.09204076e-07  1.71104019e-06
  0.00000000e+00  0.00000000e+00  0.00000000e+00  3.47699463e-08
  0.00000000e+00  0.00000000e+00  0.00000000e+00  0.00000000e+00
  0.00000000e+00  0.00000000e+00  0.00000000e+00  0.00000000e+00
  0.00000000e+00  0.00000000e+00  0.00000000e+00  0.00000000e+00
  0.00000000e+00  0.00000000e+00  0.00000000e+00  0.00000000e+00
  0.00000000e+00  0.00000000e+00 -1.85707689e-07  3.47699463e-08
  0.00000000e+00  0.00000000e+00  0.00000000e+00  3.34388544e-06]","[[ 2.88569705e-05  8.53229967e-04]
 [-4.52346581e-05 -2.53302932e-04]]",[],0.0,0.0
1787563953.4606438,2.175146250571458,1.3892567398798465,2.376582186607614,"[ 2.05980429e-06 -9.09204076e-07  0.00000000e+00  0.00000000e+00
  0.00000000e+00 -1.85707689e-07 -9.09204076e-07  1.71104019e-06
  0.00000000e+00  0.00000000e+00  0.00000000e+00  3.47699463e-08
  0.00000000e+00  0.00000000e+00  0.00000000e+00  0.00000000e+00
  0.00000000e+00  0.00000000e+00  0.00000000e+00  0.00000000e+00
  0.00000000e+00  0.00000000e+00  0.00000000e+00  0.00000000e+00
  0.00000000e+00  0.00000000e+00  0.00000000e+00  0.00000000e+00
  0.00000000e+00  0.00000000e+00 -1.85707689e-07  3.47699463e-08
  0.00000000e+00  0.00000000e+00  0.00000000e+00  3.34388544e-06]","[[ 2.88569705e-05  8.53229967e-04]
 [-4.52346581e-05 -2.53302932e-04]]",[],0.0,0.0
1787563953.5115206,2.175146250571458,1.3892567398798465,2.376582186607614,"[ 2.05980429e-06 -9.09204076e-07  0.00000000e+00  0.00000000e+00
  0.00000000e+00 -1.85707689e-07 -9.09204076e-07  1.71104019e-06
  0.00000000e+00  0.00000000e+00  0.00000000e+00  3.47699463e-08
  0.00000000e+00  0.00000000e+00  0.00000000e+00  0.00000000e+00
  0.00000000e+00  0.00000000e+00  0.00000000e+00  0.00000000e+00
  0.00000000e+00  0.00000000e+00  0.00000000e+00  0.00000000e+00
  0.00000000e+00  0.00000000e+00  0.00000000e+00  0.00000000e+00
  0.00000000e+00  0.00000000e+00 -1.85707689e-07  3.47699463e-08
  0.00000000e+00  0.00000000e+00  0.00000000e+00  3.34388544e-06]","[[ 2.88569705e-05  8.53229967e-04]
 [-4.52346581e-05 -2.53302932e-04]]",[],0.0,0.0
1787563953.5715957,2.178258897114307,1.386685531204276,2.365878204082213,"[ 2.05231604e-06 -9.19664857e-07  0.00000000e+00  0.00000000e+00
  0.00000000e+00 -1.90892526e-07 -9.19664857e-07  1.70916523e-06
  0.00000000e+00  0.00000000e+00  0.00000000e+00  3.71236878e-08
  0.00000000e+00  0.00000000e+00  0.00000000e+00  0.00000000e+00
  0.00000000e+00  0.00000000e+00  0.00000000e+00  0.00000000e+00
  0.00000000e+00  0.00000000e+00  0.00000000e+00  0.00000000e+00
  0.00000000e+00  0.00000000e+00  0.00000000e+00  0.00000000e+00
  0.00000000e+00  0.00000000e+00 -1.90892526e-07  3.71236878e-08
  0.00000000e+00  0.00000000e+00  0.00000000e+00  3.45277447e-06]","[[ 2.91063129e-05  8.59073935e-04]
 [-4.52247536e-05 -2.59991483e-04]]",[],0.0,0.0
1787563953.6082265,2.178258897114307,1.386685531204276,2.365878204082213,"[ 2.05231604e-06 -9.19664857e-07  0.00000000e+00  0.00000000e+00
  0.00000000e+00 -1.90892526e-07 -9.19664857e-07  1.70916523e-06
  0.00000000e+00  0.00000000e+00  0.00000000e+00  3.71236878e-08
  0.00000000e+00  0.00000000e+00  0.00000000e+00  0.00000000e+00
  0.00000000e+00  0.00000000e+00  0.00000000e+00  0.00000000e+00
  0.00000000e+00  0.00000000e+00  0.00000000e+00  0.00000000e+00
  0.00000000e+00  0.00000000e+00  0.00000000e+00  0.00000000e+00
  0.00000000e+00  0.00000000e+00 -1.90892526e-07  3.71236878e-08
  0.00000000e+00  0.00000000e+00  0.00000000e+00  3.45277447e-06]","[[ 2.91063129e-05  8.59073935e-04]
 [-4.52247536e-05 -2.59991483e-04]]",[],0.0,0.0
1787563953.6852145,2.178258897114307,1.386685531204276,2.365878204082213,"[ 2.05231604e-06 -9.19664857e-07  0.00000000e+00  0.00000000e+00
  0.00000000e+00 -1.90892526e-07 -9.19664857e-07  1.70916523e-06
  0.00000000e+00  0.00000000e+00  0.00000000e+00  3.71236878e-08
  0.00000000e+00  0.00000000e+00  0.00000000e+00  0.00000000e+00
  0.00000000e+00  0.00000000e+00  0.00000000e+00  0.00000000e+00
  0.00000000e+00  0.00000000e+00  0.00000000e+00  0.00000000e+00
  0.00000000e+00  0.00000000e+00  0.00000000e+00  0.00000000e+00
  0.00000000e+00  0.00000000e+00 -1.90892526e-07  3.71236878e-08
  0.00000000e+00  0.00000000e+00  0.00000000e+00  3.45277447e-06]","[[ 2.91063129e-05  8.59073935e-04]
 [-4.52247536e-05 -2.59991483e-04]]",[],0.0,0.0
1787563953.7064412,2.178258897114307,1.386685531204276,2.365878204082213,"[ 2.05231604e-06 -9.19664857e-07  0.00000000e+00  0.00000000e+00
  0.00000000e+00 -1.90892526e-07 -9.19664857e-07  1.70916523e-06
  0.00000000e+00  0.00000000e+00  0.00000000e+00  3.71236878e-08
  0.00000000e+00  0.00000000e+00  0.00000000e+00  0.00000000e+00
  0.00000000e+00  0.00000000e+00  0.00000000e+00  0.00000000e+00
  0.00000000e+00  0.00000000e+00  0.00000000e+00  0.00000000e+00
  0.00000000e+00  0.00000000e+00  0.00000000e+00  0.00000000e+00
  0.00000000e+00  0.00000000e+00 -1.90892526e-07  3.71236878e-08
  0.00000000e+00  0.00000000e+00  0.00000000e+00  3.45277447e-06]","[[ 2.91063129e-05  8.59073935e-04]
 [-4.52247536e-05 -2.59991483e-04]]",[],0.0,0.0
1787563953.7737558,2.178258897114307,1.386685531204276,2.365878204082213,"[ 2.05231604e-06 -9.19664857e-07  0.00000000e+00  0.00000000e+00
  0.00000000e+00 -1.90892526e-07 -9.19664857e-07  1.70916523e-06
  0.00000000e+00  0.00000000e+00  0.00000000e+00  3.71236878e-08
  0.00000000e+00  0.00000000e+00  0.00000000e+00  0.00000000e+00
  0.00000000e+00  0.00000000e+00  0.00000000e+00  0.00000000e+00
  0.00000000e+00  0.00000000e+00  0.00000000e+00  0.00000000e+00
  0.00000000e+00  0.00000000e+00  0.00000000e+00  0.00000000e+00
  0.00000000e+00  0.00000000e+00 -1.90892526e-07  3.71236878e-08
  0.00000000e+00  0.00000000e+00  0.00000000e+00  3.45277447e-06]","[[ 2.91063129e-05  8.59073935e-04]
 [-4.52247536e-05 -2.59991483e-04]]",[],0.0,0.0
1787563953.8059697,2.178258897114307,1.386685531204276,2.365878204082213,"[ 2.05231604e-06 -9.19664857e-07  0.00000000e+00  0.00000000e+00
  0.00000000e+00 -1.90892526e-07 -9.19664857e-07  1.70916523e-06
  0.00000000e+00  0.00000000e+00  0.00000000e+00  3.71236878e-08
  0.00000000e+00  0.00000000e+00  0.00000000e+00  0.00000000e+00
  0.00000000e+00  0.00000000e+00  0.00000000e+00  0.00000000e+00
  0.00000000e+00  0.00000000e+00  0.00000000e+00  0.00000000e+00
  0.00000000e+00  0.00000000e+00  0.00000000e+00  0.00000000e+00
  0.00000000e+00  0.00000000e+00 -1.90892526e-07  3.71236878e-08
  0.00000000e+00  0.00000000e+00  0.00000000e+00  3.45277447e-06]","[[ 2.91063129e-05  8.59073935e-04]
 [-4.52247536e-05 -2.59991483e-04]]",[],0.0,0.0
1787563953.856858,2.178258897114307,1.386685531204276,2.365878204082213,"[ 2.05231604e-06 -9.19664857e-07  0.00000000e+00  0.00000000e+00
  0.00000000e+00 -1.90892526e-07 -9.19664857e-07  1.70916523e-06
  0.00000000e+00  0.00000000e+00  0.00000000e+00  3.71236878e-08
  0.00000000e+00  0.00000000e+00  0.00000000e+00  0.00000000e+00
  0.00000000e+00  0.00000000e+00  0.00000000e+00  0.00000000e+00
  0.00000000e+00  0.00000000e+00  0.00000000e+00  0.00000000e+00
  0.00000000e+00  0.00000000e+00  0.00000000e+00  0.00000000e+00
  0.00000000e+00  0.00000000e+00 -1.90892526e-07  3.71236878e-08
  0.00000000e+00  0.00000000e+00  0.00000000e+00  3.45277447e-06]","[[ 2.91063129e-05  8.59073935e-04]
 [-4.52247536e-05 -2.59991483e-04]]",[],0.0,0.0
1787563953.9061127,2.178258897114307,1.386685531204276,2.365878204082213,"[ 2.05231604e-06 -9.19664857e-07  0.00000000e+00  0.00000000e+00
  0.00000000e+00 -1.90892526e-07 -9.19664857e-07  1.70916523e-06
  0.00000000e+00  0.00000000e+00  0.00000000e+00  3.71236878e-08
  0.00000000e+00  0.00000000e+00  0.00000000e+00  0.00000000e+00
  0.00000000e+00  0.00000000e+00  0.00000000e+00  0.00000000e+00
  0.00000000e+00  0.00000000e+00  0.00000000e+00  0.00000000e+00
  0.00000000e+00  0.00000000e+00  0.00000000e+00  0.00000000e+00
  0.00000000e+00  0.00000000e+00 -1.90892526e-07  3.71236878e-08
  0.00000000e+00  0.00000000e+00  0.00000000e+00  3.45277447e-06]","[[ 2.91063129e-05  8.59073935e-04]
 [-4.52247536e-05 -2.59991483e-04]]",[],0.0,0.0
1787563953.956468,2.178258897114307,1.386685531204276,2.365878204082213,"[ 2.05231604e-06 -9.19664857e-07  0.00000000e+00  0.00000000e+00
  0.00000000e+00 -1.90892526e-07 -9.19664857e-07  1.70916523e-06
  0.00000000e+00  0.00000000e+00  0.00000000e+00  3.71236878e-08
  0.00000000e+00  0.00000000e+00  0.00000000e+00  0.00000000e+00
  0.00000000e+00  0.00000000e+00  0.00000000e+00  0.00000000e+00
  0.00000000e+00  0.00000000e+00  0.00000000e+00  0.00000000e+00
  0.00000000e+00  0.00000000e+00  0.00000000e+00  0.00000000e+00
  0.00000000e+00  0.00000000e+00 -1.90892526e-07  3.71236878e-08
  0.00000000e+00  0.00000000e+00  0.00000000e+00  3.45277447e-06]","[[ 2.91063129e-05  8.59073935e-04]
 [-4.52247536e-05 -2.59991483e-04]]",[],0.0,0.0
1787563954.006546,2.178258897114307,1.386685531204276,2.365878204082213,"[ 2.05231604e-06 -9.19664857e-07  0.00000000e+00  0.00000000e+00
  0.00000000e+00 -1.90892526e-07 -9.19664857e-07  1.70916523e-06
  0.00000000e+00  0.00000000e+00  0.00000000e+00  3.71236878e-08
  0.00000000e+00  0.00000000e+00  0.00000000e+00  0.00000000e+00
  0.00000000e+00  0.00000000e+00  0.00000000e+00  0.00000000e+00
  0.00000000e+00  0.00000000e+00  0.00000000e+00  0.00000000e+00
  0.00000000e+00  0.00000000e+00  0.00000000e+00  0.00000000e+00
  0.00000000e+00  0.00000000e+00 -1.90892526e-07  3.71236878e-08
  0.00000000e+00  0.00000000e+00  0.00000000e+00  3.45277447e-06]","[[ 2.91063129e-05  8.59073935e-04]
 [-4.52247536e-05 -2.59991483e-04]]",[],0.0,0.0
1787563954.0561407,2.178258897114307,1.386685531204276,2.365878204082213,"[ 2.05231604e-06 -9.19664857e-07  0.00000000e+00  0.00000000e+00
  0.00000000e+00 -1.90892526e-07 -9.19664857e-07  1.70916523e-06
  0.00000000e+00  0.00000000e+00  0.00000000e+00  3.71236878e-08
  0.00000000e+00  0.00000000e+00  0.00000000e+00  0.00000000e+00
  0.00000000e+00  0.00000000e+00  0.00000000e+00  0.00000000e+00
  0.00000000e+00  0.00000000e+00  0.00000000e+00  0.00000000e+00
  0.00000000e+00  0.00000000e+00  0.00000000e+00  0.00000000e+00
  0.00000000e+00  0.00000000e+00 -1.90892526e-07  3.71236878e-08
  0.00000000e+00  0.00000000e+00  0.00000000e+00  3.45277447e-06]","[[ 2.91063129e-05  8.59073935e-04]
 [-4.52247536e-05 -2.59991483e-04]]",[],0.0,0.0
1787563954.1228452,2.178258897114307,1.386685531204276,2.365878204082213,"[ 2.05231604e-06 -9.19664857e-07  0.00000000e+00  0.00000000e+00
  0.00000000e+00 -1.90892526e-07 -9.19664857e-07  1.70916523e-06
  0.00000000e+00  0.00000000e+00  0.00000000e+00  3.71236878e-08
  0.00000000e+00  0.00000000e+00  0.00000000e+00  0.00000000e+00
  0.00000000e+00  0.00000000e+00  0.00000000e+00  0.00000000e+00
  0.00000000e+00  0.00000000e+00  0.00000000e+00  0.00000000e+00
  0.00000000e+00  0.00000000e+00  0.00000000e+00  0.00000000e+00
  0.00000000e+00  0.00000000e+00 -1.90892526e-07  3.71236878e-08
  0.00000000e+00  0.00000000e+00  0.00000000e+00  3.45277447e-06]","[[ 2.91063129e-05  8.59073935e-04]
 [-4.52247536e-05 -2.59991483e-04]]",[],0.0,0.0
1787563954.1576257,2.178258897114307,1.386685531204276,2.365878204082213,"[ 2.05231604e-06 -9.19664857e-07  0.00000000e+00  0.00000000e+00
  0.00000000e+00 -1.90892526e-07 -9.19664857e-07  1.70916523e-06
  0.00000000e+00  0.00000000e+00  0.00000000e+00  3.71236878e-08
  0.00000000e+00  0.00000000e+00  0.00000000e+00  0.00000000e+00
  0.00000000e+00  0.00000000e+00  0.00000000e+00  0.00000000e+00
  0.00000000e+00  0.00000000e+00  0.00000000e+00  0.00000000e+00
  0.00000000e+00  0.00000000e+00  0.00000000e+00  0.00000000e+00
  0.00000000e+00  0.00000000e+00 -1.90892526e-07  3.71236878e-08
  0.00000000e+00  0.00000000e+00  0.00000000e+00  3.45277447e-06]","[[ 2.91063129e-05  8.59073935e-04]
 [-4.52247536e-05 -2.59991483e-04]]",[],0.0,0.0
1787563954.2093701,2.178258897114307,1.386685531204276,2.365878204082213,"[ 2.05231604e-06 -9.19664857e-07  0.00000000e+00  0.00000000e+00
  0.00000000e+00 -1.90892526e-07 -9.19664857e-07  1.70916523e-06
  0.00000000e+00  0.00000000e+00  0.00000000e+00  3.71236878e-08
  0.00000000e+00  0.00000000e+00  0.00000000e+00  0.00000000e+00
  0.00000000e+00  0.00000000e+00  0.00000000e+00  0.00000000e+00
  0.00000000e+00  0.00000000e+00  0.00000000e+00  0.00000000e+00
  0.00000000e+00  0.00000000e+00  0.00000000e+00  0.00000000e+00
  0.00000000e+00  0.00000000e+00 -1.90892526e-07  3.71236878e-08
  0.00000000e+00  0.00000000e+00  0.00000000e+00  3.45277447e-06]","[[ 2.91063129e-05  8.59073935e-04]
 [-4.52247536e-05 -2.59991483e-04]]",[],0.0,0.0
1787563954.2596986,2.178258897114307,1.386685531204276,2.365878204082213,"[ 2.05231604e-06 -9.19664857e-07  0.00000000e+00  0.00000000e+00
  0.00000000e+00 -1.90892526e-07 -9.19664857e-07  1.70916523e-06
  0.00000000e+00  0.00000000e+00  0.00000000e+00  3.71236878e-08
  0.00000000e+00  0.00000000e+00  0.00000000e+00  0.00000000e+00
  0.00000000e+00  0.00000000e+00  0.00000000e+00  0.00000000e+00
  0.00000000e+00  0.00000000e+00  0.00000000e+00  0.00000000e+00
  0.00000000e+00  0.00000000e+00  0.00000000e+00  0.00000000e+00
  0.00000000e+00  0.00000000e+00 -1.90892526e-07  3.71236878e-08
  0.00000000e+00  0.00000000e+00  0.00000000e+00  3.45277447e-06]","[[ 2.91063129e-05  8.59073935e-04]
 [-4.52247536e-05 -2.59991483e-04]]",[],0.0,0.0
1787563954.307087,2.178258897114307,1.386685531204276,2.365878204082213,"[ 2.05231604e-06 -9.19664857e-07  0.00000000e+00  0.00000000e+00
  0.00000000e+00 -1.90892526e-07 -9.19664857e-07  1.70916523e-06
  0.00000000e+00  0.00000000e+00  0.00000000e+00  3.71236878e-08
  0.00000000e+00  0.00000000e+00  0.00000000e+00  0.00000000e+00
  0.00000000e+00  0.00000000e+00  0.00000000e+00  0.00000000e+00
  0.00000000e+00  0.00000000e+00  0.00000000e+00  0.00000000e+00
  0.00000000e+00  0.00000000e+00  0.00000000e+00  0.00000000e+00
  0.00000000e+00  0.00000000e+00 -1.90892526e-07  3.71236878e-08
  0.00000000e+00  0.00000000e+00  0.00000000e+00  3.45277447e-06]","[[ 2.91063129e-05  8.59073935e-04]
 [-4.52247536e-05 -2.59991483e-04]]",[],0.0,0.0
1787563954.35696,2.180514798417704,1.3846438535774317,2.3778616993242423,"[ 2.08167771e-06 -9.67868479e-07  0.00000000e+00  0.00000000e+00
  0.00000000e+00 -1.96186005e-07 -9.67868479e-07  1.74537201e-06
  0.00000000e+00  0.00000000e+00  0.00000000e+00  4.97147460e-08
  0.00000000e+00  0.00000000e+00  0.00000000e+00  0.00000000e+00
  0.00000000e+00  0.00000000e+00  0.00000000e+00  0.00000000e+00
  0.00000000e+00  0.00000000e+00  0.00000000e+00  0.00000000e+00
  0.00000000e+00  0.00000000e+00  0.00000000e+00  0.00000000e+00
  0.00000000e+00  0.00000000e+00 -1.96186005e-07  4.97147460e-08
  0.00000000e+00  0.00000000e+00  0.00000000e+00  3.66579413e-06]","[[ 3.04153217e-05  8.73951987e-04]
 [-4.62796199e-05 -2.92720241e-04]]",[],0.0,0.0
1787563954.4071343,2.180514798417704,1.3846438535774317,2.3778616993242423,"[ 2.08167771e-06 -9.67868479e-07  0.00000000e+00  0.00000000e+00
  0.00000000e+00 -1.96186005e-07 -9.67868479e-07  1.74537201e-06
  0.00000000e+00  0.00000000e+00  0.00000000e+00  4.97147460e-08
  0.00000000e+00  0.00000000e+00  0.00000000e+00  0.00000000e+00
  0.00000000e+00  0.00000000e+00  0.00000000e+00  0.00000000e+00
  0.00000000e+00  0.00000000e+00  0.00000000e+00  0.00000000e+00
  0.00000000e+00  0.00000000e+00  0.00000000e+00  0.00000000e+00
  0.00000000e+00  0.00000000e+00 -1.96186005e-07  4.97147460e-08
  0.00000000e+00  0.00000000e+00  0.00000000e+00  3.66579413e-06]","[[ 3.04153217e-05  8.73951987e-04]
 [-4.62796199e-05 -2.92720241e-04]]",[],0.0,0.0
1787563954.4557893,2.180514798417704,1.3846438535774317,2.3778616993242423,"[ 2.08167771e-06 -9.67868479e-07  0.00000000e+00  0.00000000e+00
  0.00000000e+00 -1.96186005e-07 -9.67868479e-07  1.74537201e-06
  0.00000000e+00  0.00000000e+00  0.00000000e+00  4.97147460e-08
  0.00000000e+00  0.00000000e+00  0.00000000e+00  0.00000000e+00
  0.00000000e+00  0.00000000e+00  0.00000000e+00  0.00000000e+00
  0.00000000e+00  0.00000000e+00  0.00000000e+00  0.00000000e+00
  0.00000000e+00  0.00000000e+00  0.00000000e+00  0.00000000e+00
  0.00000000e+00  0.00000000e+00 -1.96186005e-07  4.97147460e-08
  0.00000000e+00  0.00000000e+00  0.00000000e+00  3.66579413e-06]","[[ 3.04153217e-05  8.73951987e-04]
 [-4.62796199e-05 -2.92720241e-04]]",[],0.0,0.0
1787563954.5060856,2.180514798417704,1.3846438535774317,2.3778616993242423,"[ 2.08167771e-06 -9.67868479e-07  0.00000000e+00  0.00000000e+00
  0.00000000e+00 -1.96186005e-07 -9.67868479e-07  1.74537201e-06
  0.00000000e+00  0.00000000e+00  0.00000000e+00  4.97147460e-08
  0.00000000e+00  0.00000000e+00  0.00000000e+00  0.00000000e+00
  0.00000000e+00  0.00000000e+00  0.00000000e+00  0.00000000e+00
  0.00000000e+00  0.00000000e+00  0.00000000e+00  0.00000000e+00
  0.00000000e+00  0.00000000e+00  0.00000000e+00  0.00000000e+00
  0.00000000e+00  0.00000000e+00 -1.96186005e-07  4.97147460e-08
  0.00000000e+00  0.00000000e+00  0.00000000e+00  3.66579413e-06]","[[ 3.04153217e-05  8.73951987e-04]
 [-4.62796199e-05 -2.92720241e-04]]",[],0.0,0.0
1787563954.5557854,2.180514798417704,1.3846438535774317,2.3778616993242423,"[ 2.08167771e-06 -9.67868479e-07  0.00000000e+00  0.00000000e+00
  0.00000000e+00 -1.96186005e-07 -9.67868479e-07  1.74537201e-06
  0.00000000e+00  0.00000000e+00  0.00000000e+00  4.97147460e-08
  0.00000000e+00  0.00000000e+00  0.00000000e+00  0.00000000e+00
  0.00000000e+00  0.00000000e+00  0.00000000e+00  0.00000000e+00
  0.00000000e+00  0.00000000e+00  0.00000000e+00  0.00000000e+00
  0.00000000e+00  0.00000000e+00  0.00000000e+00  0.00000000e+00
  0.00000000e+00  0.00000000e+00 -1.96186005e-07  4.97147460e-08
  0.00000000e+00  0.00000000e+00  0.00000000e+00  3.66579413e-06]","[[ 3.04153217e-05  8.73951987e-04]
 [-4.62796199e-05 -2.92720241e-04]]",[],0.0,0.0
1787563954.6072423,2.180514798417704,1.3846438535774317,2.3778616993242423,"[ 2.08167771e-06 -9.67868479e-07  0.00000000e+00  0.00000000e+00
  0.00000000e+00 -1.96186005e-07 -9.67868479e-07  1.74537201e-06
  0.00000000e+00  0.00000000e+00  0.00000000e+00  4.97147460e-08
  0.00000000e+00  0.00000000e+00  0.00000000e+00  0.00000000e+00
  0.00000000e+00  0.00000000e+00  0.00000000e+00  0.00000000e+00
  0.00000000e+00  0.00000000e+00  0.00000000e+00  0.00000000e+00
  0.00000000e+00  0.00000000e+00  0.00000000e+00  0.00000000e+00
  0.00000000e+00  0.00000000e+00 -1.96186005e-07  4.97147460e-08
  0.00000000e+00  0.00000000e+00  0.00000000e+00  3.66579413e-06]","[[ 3.04153217e-05  8.73951987e-04]
 [-4.62796199e-05 -2.92720241e-04]]",[],0.0,0.0
1787563954.6592138,2.180514798417704,1.3846438535774317,2.3778616993242423,"[ 2.08167771e-06 -9.67868479e-07  0.00000000e+00  0.00000000e+00
  0.00000000e+00 -1.96186005e-07 -9.67868479e-07  1.74537201e-06
  0.00000000e+00  0.00000000e+00  0.00000000e+00  4.97147460e-08
  0.00000000e+00  0.00000000e+00  0.00000000e+00  0.00000000e+00
  0.00000000e+00  0.00000000e+00  0.00000000e+00  0.00000000e+00
  0.00000000e+00  0.00000000e+00  0.00000000e+00  0.00000000e+00
  0.00000000e+00  0.00000000e+00  0.00000000e+00  0.00000000e+00
  0.00000000e+00  0.00000000e+00 -1.96186005e-07  4.97147460e-08
  0.00000000e+00  0.00000000e+00  0.00000000e+00  3.66579413e-06]","[[ 3.04153217e-05  8.73951987e-04]
 [-4.62796199e-05 -2.92720241e-04]]",[],0.0,0.0
1787563954.7062266,2.180514798417704,1.3846438535774317,2.3778616993242423,"[ 2.08167771e-06 -9.67868479e-07  0.00000000e+00  0.00000000e+00
  0.00000000e+00 -1.96186005e-07 -9.67868479e-07  1.74537201e-06
  0.00000000e+00  0.00000000e+00  0.00000000e+00  4.97147460e-08
  0.00000000e+00  0.00000000e+00  0.00000000e+00  0.00000000e+00
  0.00000000e+00  0.00000000e+00  0.00000000e+00  0.00000000e+00
  0.00000000e+00  0.00000000e+00  0.00000000e+00  0.00000000e+00
  0.00000000e+00  0.00000000e+00  0.00000000e+00  0.00000000e+00
  0.00000000e+00  0.00000000e+00 -1.96186005e-07  4.97147460e-08
  0.00000000e+00  0.00000000e+00  0.00000000e+00  3.66579413e-06]","[[ 3.04153217e-05  8.73951987e-04]
 [-4.62796199e-05 -2.92720241e-04]]",[],0.0,0.0
1787563954.756762,2.180514798417704,1.3846438535774317,2.3778616993242423,"[ 2.08167771e-06 -9.67868479e-07  0.00000000e+00  0.00000000e+00
  0.00000000e+00 -1.96186005e-07 -9.67868479e-07  1.74537201e-06
  0.00000000e+00  0.00000000e+00  0.00000000e+00  4.97147460e-08
  0.00000000e+00  0.00000000e+00  0.00000000e+00  0.00000000e+00
  0.00000000e+00  0.00000000e+00  0.00000000e+00  0.00000000e+00
  0.00000000e+00  0.00000000e+00  0.00000000e+00  0.00000000e+00
  0.00000000e+00  0.00000000e+00  0.00000000e+00  0.00000000e+00
  0.00000000e+00  0.00000000e+00 -1.96186005e-07  4.97147460e-08
  0.00000000e+00  0.00000000e+00  0.00000000e+00  3.66579413e-06]","[[ 3.04153217e-05  8.73951987e-04]
 [-4.62796199e-05 -2.92720241e-04]]",[],0.0,0.0
1787563954.8061616,2.180514798417704,1.3846438535774317,2.3778616993242423,"[ 2.08167771e-06 -9.67868479e-07  0.00000000e+00  0.00000000e+00
  0.00000000e+00 -1.96186005e-07 -9.67868479e-07  1.74537201e-06
  0.00000000e+00  0.00000000e+00  0.00000000e+00  4.97147460e-08
  0.00000000e+00  0.00000000e+00  0.00000000e+00  0.00000000e+00
  0.00000000e+00  0.00000000e+00  0.00000000e+00  0.00000000e+00
  0.00000000e+00  0.00000000e+00  0.00000000e+00  0.00000000e+00
  0.00000000e+00  0.00000000e+00  0.00000000e+00  0.00000000e+00
  0.00000000e+00  0.00000000e+00 -1.96186005e-07  4.97147460e-08
  0.00000000e+00  0.00000000e+00  0.00000000e+00  3.66579413e-06]","[[ 3.04153217e-05  8.73951987e-04]
 [-4.62796199e-05 -2.92720241e-04]]",[],0.0,0.0
1787563954.856757,2.180514798417704,1.3846438535774317,2.3778616993242423,"[ 2.08167771e-06 -9.67868479e-07  0.00000000e+00  0.00000000e+00
  0.00000000e+00 -1.96186005e-07 -9.67868479e-07  1.74537201e-06
  0.00000000e+00  0.00000000e+00  0.00000000e+00  4.97147460e-08
  0.00000000e+00  0.00000000e+00  0.00000000e+00  0.00000000e+00
  0.00000000e+00  0.00000000e+00  0.00000000e+00  0.00000000e+00
  0.00000000e+00  0.00000000e+00  0.00000000e+00  0.00000000e+00
  0.00000000e+00  0.00000000e+00  0.00000000e+00  0.00000000e+00
  0.00000000e+00  0.00000000e+00 -1.96186005e-07  4.97147460e-08
  0.00000000e+00  0.00000000e+00  0.00000000e+00  3.66579413e-06]","[[ 3.04153217e-05  8.73951987e-04]
 [-4.62796199e-05 -2.92720241e-04]]",[],0.0,0.0
1787563954.9108734,2.180514798417704,1.3846438535774317,2.3778616993242423,"[ 2.08167771e-06 -9.67868479e-07  0.00000000e+00  0.00000000e+00
  0.00000000e+00 -1.96186005e-07 -9.67868479e-07  1.74537201e-06
  0.00000000e+00  0.00000000e+00  0.00000000e+00  4.97147460e-08
  0.00000000e+00  0.00000000e+00  0.00000000e+00  0.00000000e+00
  0.00000000e+00  0.00000000e+00  0.00000000e+00  0.00000000e+00
  0.00000000e+00  0.00000000e+00  0.00000000e+00  0.00000000e+00
  0.00000000e+00  0.00000000e+00  0.00000000e+00  0.00000000e+00
  0.00000000e+00  0.00000000e+00 -1.96186005e-07  4.97147460e-08
  0.00000000e+00  0.00000000e+00  0.00000000e+00  3.66579413e-06]","[[ 3.04153217e-05  8.73951987e-04]
 [-4.62796199e-05 -2.92720241e-04]]",[],0.0,0.0
1787563954.9557965,2.180514798417704,1.3846438535774317,2.3778616993242423,"[ 2.08167771e-06 -9.67868479e-07  0.00000000e+00  0.00000000e+00
  0.00000000e+00 -1.96186005e-07 -9.67868479e-07  1.74537201e-06
  0.00000000e+00  0.00000000e+00  0.00000000e+00  4.97147460e-08
  0.00000000e+00  0.00000000e+00  0.00000000e+00  0.00000000e+00
  0.00000000e+00  0.00000000e+00  0.00000000e+00  0.00000000e+00
  0.00000000e+00  0.00000000e+00  0.00000000e+00  0.00000000e+00
  0.00000000e+00  0.00000000e+00  0.00000000e+00  0.00000000e+00
  0.00000000e+00  0.00000000e+00 -1.96186005e-07  4.97147460e-08
  0.00000000e+00  0.00000000e+00  0.00000000e+00  3.66579413e-06]","[[ 3.04153217e-05  8.73951987e-04]
 [-4.62796199e-05 -2.92720241e-04]]",[],0.0,0.0
1787563955.009085,2.180514798417704,1.3846438535774317,2.3778616993242423,"[ 2.08167771e-06 -9.67868479e-07  0.00000000e+00  0.00000000e+00
  0.00000000e+00 -1.96186005e-07 -9.67868479e-07  1.74537201e-06
  0.00000000e+00  0.00000000e+00  0.00000000e+00  4.97147460e-08
  0.00000000e+00  0.00000000e+00  0.00000000e+00  0.00000000e+00
  0.00000000e+00  0.00000000e+00  0.00000000e+00  0.00000000e+00
  0.00000000e+00  0.00000000e+00  0.00000000e+00  0.00000000e+00
  0.00000000e+00  0.00000000e+00  0.00000000e+00  0.00000000e+00
  0.00000000e+00  0.00000000e+00 -1.96186005e-07  4.97147460e-08
  0.00000000e+00  0.00000000e+00  0.00000000e+00  3.66579413e-06]","[[ 3.04153217e-05  8.73951987e-04]
 [-4.62796199e-05 -2.92720241e-04]]",[],0.0,0.0
1787563955.060857,2.1833297093123485,1.381990545573767,2.38212167956209,"[ 2.07359214e-06 -9.77230311e-07  0.00000000e+00  0.00000000e+00
  0.00000000e+00 -1.79022113e-07 -9.77230311e-07  1.74139683e-06
  0.00000000e+00  0.00000000e+00  0.00000000e+00  2.57382792e-08
  0.00000000e+00  0.00000000e+00  0.00000000e+00  0.00000000e+00
  0.00000000e+00  0.00000000e+00  0.00000000e+00  0.00000000e+00
  0.00000000e+00  0.00000000e+00  0.00000000e+00  0.00000000e+00
  0.00000000e+00  0.00000000e+00  0.00000000e+00  0.00000000e+00
  0.00000000e+00  0.00000000e+00 -1.79022113e-07  2.57382792e-08
  0.00000000e+00  0.00000000e+00  0.00000000e+00  3.40268747e-06]","[[ 3.06391428e-05  8.42641224e-04]
 [-4.62161902e-05 -2.55563114e-04]]",[],0.0,0.0
1787563955.1153154,2.1833297093123485,1.381990545573767,2.38212167956209,"[ 2.07359214e-06 -9.77230311e-07  0.00000000e+00  0.00000000e+00
  0.00000000e+00 -1.79022113e-07 -9.77230311e-07  1.74139683e-06
  0.00000000e+00  0.00000000e+00  0.00000000e+00  2.57382792e-08
  0.00000000e+00  0.00000000e+00  0.00000000e+00  0.00000000e+00
  0.00000000e+00  0.00000000e+00  0.00000000e+00  0.00000000e+00
  0.00000000e+00  0.00000000e+00  0.00000000e+00  0.00000000e+00
  0.00000000e+00  0.00000000e+00  0.00000000e+00  0.00000000e+00
  0.00000000e+00  0.00000000e+00 -1.79022113e-07  2.57382792e-08
  0.00000000e+00  0.00000000e+00  0.00000000e+00  3.40268747e-06]","[[ 3.06391428e-05  8.42641224e-04]
 [-4.62161902e-05 -2.55563114e-04]]",[],0.0,0.0
1787563955.1578803,2.1833297093123485,1.381990545573767,2.38212167956209,"[ 2.07359214e-06 -9.77230311e-07  0.00000000e+00  0.00000000e+00
  0.00000000e+00 -1.79022113e-07 -9.77230311e-07  1.74139683e-06
  0.00000000e+00  0.00000000e+00  0.00000000e+00  2.57382792e-08
  0.00000000e+00  0.00000000e+00  0.00000000e+00  0.00000000e+00
  0.00000000e+00  0.00000000e+00  0.00000000e+00  0.00000000e+00
  0.00000000e+00  0.00000000e+00  0.00000000e+00  0.00000000e+00
  0.00000000e+00  0.00000000e+00  0.00000000e+00  0.00000000e+00
  0.00000000e+00  0.00000000e+00 -1.79022113e-07  2.57382792e-08
  0.00000000e+00  0.00000000e+00  0.00000000e+00  3.40268747e-06]","[[ 3.06391428e-05  8.42641224e-04]
 [-4.62161902e-05 -2.55563114e-04]]",[],0.0,0.0
1787563955.2087483,2.1833297093123485,1.381990545573767,2.38212167956209,"[ 2.07359214e-06 -9.77230311e-07  0.00000000e+00  0.00000000e+00
  0.00000000e+00 -1.79022113e-07 -9.77230311e-07  1.74139683e-06
  0.00000000e+00  0.00000000e+00  0.00000000e+00  2.57382792e-08
  0.00000000e+00  0.00000000e+00  0.00000000e+00  0.00000000e+00
  0.00000000e+00  0.00000000e+00  0.00000000e+00  0.00000000e+00
  0.00000000e+00  0.00000000e+00  0.00000000e+00  0.00000000e+00
  0.00000000e+00  0.00000000e+00  0.00000000e+00  0.00000000e+00
  0.00000000e+00  0.00000000e+00 -1.79022113e-07  2.57382792e-08
  0.00000000e+00  0.00000000e+00  0.00000000e+00  3.40268747e-06]","[[ 3.06391428e-05  8.42641224e-04]
 [-4.62161902e-05 -2.55563114e-04]]",[],0.0,0.0
1787563955.267847,2.1833297093123485,1.381990545573767,2.38212167956209,"[ 2.07359214e-06 -9.77230311e-07  0.00000000e+00  0.00000000e+00
  0.00000000e+00 -1.79022113e-07 -9.77230311e-07  1.74139683e-06
  0.00000000e+00  0.00000000e+00  0.00000000e+00  2.57382792e-08
  0.00000000e+00  0.00000000e+00  0.00000000e+00  0.00000000e+00
  0.00000000e+00  0.00000000e+00  0.00000000e+00  0.00000000e+00
  0.00000000e+00  0.00000000e+00  0.00000000e+00  0.00000000e+00
  0.00000000e+00  0.00000000e+00  0.00000000e+00  0.00000000e+00
  0.00000000e+00  0.00000000e+00 -1.79022113e-07  2.57382792e-08
  0.00000000e+00  0.00000000e+00  0.00000000e+00  3.40268747e-06]","[[ 3.06391428e-05  8.42641224e-04]
 [-4.62161902e-05 -2.55563114e-04]]",[],0.0,0.0
1787563955.3081927,2.1833297093123485,1.381990545573767,2.38212167956209,"[ 2.07359214e-06 -9.77230311e-07  0.00000000e+00  0.00000000e+00
  0.00000000e+00 -1.79022113e-07 -9.77230311e-07  1.74139683e-06
  0.00000000e+00  0.00000000e+00  0.00000000e+00  2.57382792e-08
  0.00000000e+00  0.00000000e+00  0.00000000e+00  0.00000000e+00
  0.00000000e+00  0.00000000e+00  0.00000000e+00  0.00000000e+00
  0.00000000e+00  0.00000000e+00  0.00000000e+00  0.00000000e+00
  0.00000000e+00  0.00000000e+00  0.00000000e+00  0.00000000e+00
  0.00000000e+00  0.00000000e+00 -1.79022113e-07  2.57382792e-08
  0.00000000e+00  0.00000000e+00  0.00000000e+00  3.40268747e-06]","[[ 3.06391428e-05  8.42641224e-04]
 [-4.62161902e-05 -2.55563114e-04]]",[],0.0,0.0
1787563955.3563435,2.1833297093123485,1.381990545573767,2.38212167956209,"[ 2.07359214e-06 -9.77230311e-07  0.00000000e+00  0.00000000e+00
  0.00000000e+00 -1.79022113e-07 -9.77230311e-07  1.74139683e-06
  0.00000000e+00  0.00000000e+00  0.00000000e+00  2.57382792e-08
  0.00000000e+00  0.00000000e+00  0.00000000e+00  0.00000000e+00
  0.00000000e+00  0.00000000e+00  0.00000000e+00  0.00000000e+00
  0.00000000e+00  0.00000000e+00  0.00000000e+00  0.00000000e+00
  0.00000000e+00  0.00000000e+00  0.00000000e+00  0.00000000e+00
  0.00000000e+00  0.00000000e+00 -1.79022113e-07  2.57382792e-08
  0.00000000e+00  0.00000000e+00  0.00000000e+00  3.40268747e-06]","[[ 3.06391428e-05  8.42641224e-04]
 [-4.62161902e-05 -2.55563114e-04]]",[],0.0,0.0
1787563955.4191194,2.1833297093123485,1.381990545573767,2.38212167956209,"[ 2.07359214e-06 -9.77230311e-07  0.00000000e+00  0.00000000e+00
  0.00000000e+00 -1.79022113e-07 -9.77230311e-07  1.74139683e-06
  0.00000000e+00  0.00000000e+00  0.00000000e+00  2.57382792e-08
  0.00000000e+00  0.00000000e+00  0.00000000e+00  0.00000000e+00
  0.00000000e+00  0.00000000e+00  0.00000000e+00  0.00000000e+00
  0.00000000e+00  0.00000000e+00  0.00000000e+00  0.00000000e+00
  0.00000000e+00  0.00000000e+00  0.00000000e+00  0.00000000e+00
  0.00000000e+00  0.00000000e+00 -1.79022113e-07  2.57382792e-08
  0.00000000e+00  0.00000000e+00  0.00000000e+00  3.40268747e-06]","[[ 3.06391428e-05  8.42641224e-04]
 [-4.62161902e-05 -2.55563114e-04]]",[],0.0,0.0
1787563955.474079,2.1833297093123485,1.381990545573767,2.38212167956209,"[ 2.07359214e-06 -9.77230311e-07  0.00000000e+00  0.00000000e+00
  0.00000000e+00 -1.79022113e-07 -9.77230311e-07  1.74139683e-06
  0.00000000e+00  0.00000000e+00  0.00000000e+00  2.57382792e-08
  0.00000000e+00  0.00000000e+00  0.00000000e+00  0.00000000e+00
  0.00000000e+00  0.00000000e+00  0.00000000e+00  0.00000000e+00
  0.00000000e+00  0.00000000e+00  0.00000000e+00  0.00000000e+00
  0.00000000e+00  0.00000000e+00  0.00000000e+00  0.00000000e+00
  0.00000000e+00  0.00000000e+00 -1.79022113e-07  2.57382792e-08
  0.00000000e+00  0.00000000e+00  0.00000000e+00  3.40268747e-06]","[[ 3.06391428e-05  8.42641224e-04]
 [-4.62161902e-05 -2.55563114e-04]]",[],0.0,0.0
1787563955.507319,2.1833297093123485,1.381990545573767,2.38212167956209,"[ 2.07359214e-06 -9.77230311e-07  0.00000000e+00  0.00000000e+00
  0.00000000e+00 -1.79022113e-07 -9.77230311e-07  1.74139683e-06
  0.00000000e+00  0.00000000e+00  0.00000000e+00  2.57382792e-08
  0.00000000e+00  0.00000000e+00  0.00000000e+00  0.00000000e+00
  0.00000000e+00  0.00000000e+00  0.00000000e+00  0.00000000e+00
  0.00000000e+00  0.00000000e+00  0.00000000e+00  0.00000000e+00
  0.00000000e+00  0.00000000e+00  0.00000000e+00  0.00000000e+00
  0.00000000e+00  0.00000000e+00 -1.79022113e-07  2.57382792e-08
  0.00000000e+00  0.00000000e+00  0.00000000e+00  3.40268747e-06]","[[ 3.06391428e-05  8.42641224e-04]
 [-4.62161902e-05 -2.55563114e-04]]",[],0.0,0.0
1787563955.5588453,2.1833297093123485,1.381990545573767,2.38212167956209,"[ 2.07359214e-06 -9.77230311e-07  0.00000000e+00  0.00000000e+00
  0.00000000e+00 -1.79022113e-07 -9.77230311e-07  1.74139683e-06
  0.00000000e+00  0.00000000e+00  0.00000000e+00  2.57382792e-08
  0.00000000e+00  0.00000000e+00  0.00000000e+00  0.00000000e+00
  0.00000000e+00  0.00000000e+00  0.00000000e+00  0.00000000e+00
  0.00000000e+00  0.00000000e+00  0.00000000e+00  0.00000000e+00
  0.00000000e+00  0.00000000e+00  0.00000000e+00  0.00000000e+00
  0.00000000e+00  0.00000000e+00 -1.79022113e-07  2.57382792e-08
  0.00000000e+00  0.00000000e+00  0.00000000e+00  3.40268747e-06]","[[ 3.06391428e-05  8.42641224e-04]
 [-4.62161902e-05 -2.55563114e-04]]",[],0.0,0.0
1787563955.6099336,2.1833297093123485,1.381990545573767,2.38212167956209,"[ 2.07359214e-06 -9.77230311e-07  0.00000000e+00  0.00000000e+00
  0.00000000e+00 -1.79022113e-07 -9.77230311e-07  1.74139683e-06
  0.00000000e+00  0.00000000e+00  0.00000000e+00  2.57382792e-08
  0.00000000e+00  0.00000000e+00  0.00000000e+00  0.00000000e+00
  0.00000000e+00  0.00000000e+00  0.00000000e+00  0.00000000e+00
  0.00000000e+00  0.00000000e+00  0.00000000e+00  0.00000000e+00
  0.00000000e+00  0.00000000e+00  0.00000000e+00  0.00000000e+00
  0.00000000e+00  0.00000000e+00 -1.79022113e-07  2.57382792e-08
  0.00000000e+00  0.00000000e+00  0.00000000e+00  3.40268747e-06]","[[ 3.06391428e-05  8.42641224e-04]
 [-4.62161902e-05 -2.55563114e-04]]",[],0.0,0.0
1787563955.6599693,2.1833297093123485,1.381990545573767,2.38212167956209,"[ 2.07359214e-06 -9.77230311e-07  0.00000000e+00  0.00000000e+00
  0.00000000e+00 -1.79022113e-07 -9.77230311e-07  1.74139683e-06
  0.00000000e+00  0.00000000e+00  0.00000000e+00  2.57382792e-08
  0.00000000e+00  0.00000000e+00  0.00000000e+00  0.00000000e+00
  0.00000000e+00  0.00000000e+00  0.00000000e+00  0.00000000e+00
  0.00000000e+00  0.00000000e+00  0.00000000e+00  0.00000000e+00
  0.00000000e+00  0.00000000e+00  0.00000000e+00  0.00000000e+00
  0.00000000e+00  0.00000000e+00 -1.79022113e-07  2.57382792e-08
  0.00000000e+00  0.00000000e+00  0.00000000e+00  3.40268747e-06]","[[ 3.06391428e-05  8.42641224e-04]
 [-4.62161902e-05 -2.55563114e-04]]",[],0.0,0.0
1787563955.7060213,2.1833297093123485,1.381990545573767,2.38212167956209,"[ 2.07359214e-06 -9.77230311e-07  0.00000000e+00  0.00000000e+00
  0.00000000e+00 -1.79022113e-07 -9.77230311e-07  1.74139683e-06
  0.00000000e+00  0.00000000e+00  0.00000000e+00  2.57382792e-08
  0.00000000e+00  0.00000000e+00  0.00000000e+00  0.00000000e+00
  0.00000000e+00  0.00000000e+00  0.00000000e+00  0.00000000e+00
  0.00000000e+00  0.00000000e+00  0.00000000e+00  0.00000000e+00
  0.00000000e+00  0.00000000e+00  0.00000000e+00  0.00000000e+00
  0.00000000e+00  0.00000000e+00 -1.79022113e-07  2.57382792e-08
  0.00000000e+00  0.00000000e+00  0.00000000e+00  3.40268747e-06]","[[ 3.06391428e-05  8.42641224e-04]
 [-4.62161902e-05 -2.55563114e-04]]",[],0.0,0.0
1787563955.7567387,2.1854810821693396,1.3797650492274145,2.3780308465757454,"[ 2.07504279e-06 -9.92718503e-07  0.00000000e+00  0.00000000e+00
  0.00000000e+00 -1.85214341e-07 -9.92718503e-07  1.74367101e-06
  0.00000000e+00  0.00000000e+00  0.00000000e+00  3.04256569e-08
  0.00000000e+00  0.00000000e+00  0.00000000e+00  0.00000000e+00
  0.00000000e+00  0.00000000e+00  0.00000000e+00  0.00000000e+00
  0.00000000e+00  0.00000000e+00  0.00000000e+00  0.00000000e+00
  0.00000000e+00  0.00000000e+00  0.00000000e+00  0.00000000e+00
  0.00000000e+00  0.00000000e+00 -1.85214341e-07  3.04256569e-08
  0.00000000e+00  0.00000000e+00  0.00000000e+00  3.52639834e-06]","[[ 3.10482182e-05  8.52325307e-04]
 [-4.63284660e-05 -2.67243025e-04]]",[],0.0,0.0
1787563955.8063169,2.1854810821693396,1.3797650492274145,2.3780308465757454,"[ 2.07504279e-06 -9.92718503e-07  0.00000000e+00  0.00000000e+00
  0.00000000e+00 -1.85214341e-07 -9.92718503e-07  1.74367101e-06
  0.00000000e+00  0.00000000e+00  0.00000000e+00  3.04256569e-08
  0.00000000e+00  0.00000000e+00  0.00000000e+00  0.00000000e+00
  0.00000000e+00  0.00000000e+00  0.00000000e+00  0.00000000e+00
  0.00000000e+00  0.00000000e+00  0.00000000e+00  0.00000000e+00
  0.00000000e+00  0.00000000e+00  0.00000000e+00  0.00000000e+00
  0.00000000e+00  0.00000000e+00 -1.85214341e-07  3.04256569e-08
  0.00000000e+00  0.00000000e+00  0.00000000e+00  3.52639834e-06]","[[ 3.10482182e-05  8.52325307e-04]
 [-4.63284660e-05 -2.67243025e-04]]",[],0.0,0.0
1787563955.857021,2.1854810821693396,1.3797650492274145,2.3780308465757454,"[ 2.07504279e-06 -9.92718503e-07  0.00000000e+00  0.00000000e+00
  0.00000000e+00 -1.85214341e-07 -9.92718503e-07  1.74367101e-06
  0.00000000e+00  0.00000000e+00  0.00000000e+00  3.04256569e-08
  0.00000000e+00  0.00000000e+00  0.00000000e+00  0.00000000e+00
  0.00000000e+00  0.00000000e+00  0.00000000e+00  0.00000000e+00
  0.00000000e+00  0.00000000e+00  0.00000000e+00  0.00000000e+00
  0.00000000e+00  0.00000000e+00  0.00000000e+00  0.00000000e+00
  0.00000000e+00  0.00000000e+00 -1.85214341e-07  3.04256569e-08
  0.00000000e+00  0.00000000e+00  0.00000000e+00  3.52639834e-06]","[[ 3.10482182e-05  8.52325307e-04]
 [-4.63284660e-05 -2.67243025e-04]]",[],0.0,0.0
1787563955.9078994,2.1854810821693396,1.3797650492274145,2.3780308465757454,"[ 2.07504279e-06 -9.92718503e-07  0.00000000e+00  0.00000000e+00
  0.00000000e+00 -1.85214341e-07 -9.92718503e-07  1.74367101e-06
  0.00000000e+00  0.00000000e+00  0.00000000e+00  3.04256569e-08
  0.00000000e+00  0.00000000e+00  0.00000000e+00  0.00000000e+00
  0.00000000e+00  0.00000000e+00  0.00000000e+00  0.00000000e+00
  0.00000000e+00  0.00000000e+00  0.00000000e+00  0.00000000e+00
  0.00000000e+00  0.00000000e+00  0.00000000e+00  0.00000000e+00
  0.00000000e+00  0.00000000e+00 -1.85214341e-07  3.04256569e-08
  0.00000000e+00  0.00000000e+00  0.00000000e+00  3.52639834e-06]","[[ 3.10482182e-05  8.52325307e-04]
 [-4.63284660e-05 -2.67243025e-04]]",[],0.0,0.0
1787563955.9593725,2.1854810821693396,1.3797650492274145,2.3780308465757454,"[ 2.07504279e-06 -9.92718503e-07  0.00000000e+00  0.00000000e+00
  0.00000000e+00 -1.85214341e-07 -9.92718503e-07  1.74367101e-06
  0.00000000e+00  0.00000000e+00  0.00000000e+00  3.04256569e-08
  0.00000000e+00  0.00000000e+00  0.00000000e+00  0.00000000e+00
  0.00000000e+00  0.00000000e+00  0.00000000e+00  0.00000000e+00
  0.00000000e+00  0.00000000e+00  0.00000000e+00  0.00000000e+00
  0.00000000e+00  0.00000000e+00  0.00000000e+00  0.00000000e+00
  0.00000000e+00  0.00000000e+00 -1.85214341e-07  3.04256569e-08
  0.00000000e+00  0.00000000e+00  0.00000000e+00  3.52639834e-06]","[[ 3.10482182e-05  8.52325307e-04]
 [-4.63284660e-05 -2.67243025e-04]]",[],0.0,0.0
1787563956.012073,2.1854810821693396,1.3797650492274145,2.3780308465757454,"[ 2.07504279e-06 -9.92718503e-07  0.00000000e+00  0.00000000e+00
  0.00000000e+00 -1.85214341e-07 -9.92718503e-07  1.74367101e-06
  0.00000000e+00  0.00000000e+00  0.00000000e+00  3.04256569e-08
  0.00000000e+00  0.00000000e+00  0.00000000e+00  0.00000000e+00
  0.00000000e+00  0.00000000e+00  0.00000000e+00  0.00000000e+00
  0.00000000e+00  0.00000000e+00  0.00000000e+00  0.00000000e+00
  0.00000000e+00  0.00000000e+00  0.00000000e+00  0.00000000e+00
  0.00000000e+00  0.00000000e+00 -1.85214341e-07  3.04256569e-08
  0.00000000e+00  0.00000000e+00  0.00000000e+00  3.52639834e-06]","[[ 3.10482182e-05  8.52325307e-04]
 [-4.63284660e-05 -2.67243025e-04]]",[],0.0,0.0
1787563956.056301,2.1854810821693396,1.3797650492274145,2.3780308465757454,"[ 2.07504279e-06 -9.92718503e-07  0.00000000e+00  0.00000000e+00
  0.00000000e+00 -1.85214341e-07 -9.92718503e-07  1.74367101e-06
  0.00000000e+00  0.00000000e+00  0.00000000e+00  3.04256569e-08
  0.00000000e+00  0.00000000e+00  0.00000000e+00  0.00000000e+00
  0.00000000e+00  0.00000000e+00  0.00000000e+00  0.00000000e+00
  0.00000000e+00  0.00000000e+00  0.00000000e+00  0.00000000e+00
  0.00000000e+00  0.00000000e+00  0.00000000e+00  0.00000000e+00
  0.00000000e+00  0.00000000e+00 -1.85214341e-07  3.04256569e-08
  0.00000000e+00  0.00000000e+00  0.00000000e+00  3.52639834e-06]","[[ 3.10482182e-05  8.52325307e-04]
 [-4.63284660e-05 -2.67243025e-04]]",[],0.0,0.0
1787563956.1095643,2.1854810821693396,1.3797650492274145,2.3780308465757454,"[ 2.07504279e-06 -9.92718503e-07  0.00000000e+00  0.00000000e+00
  0.00000000e+00 -1.85214341e-07 -9.92718503e-07  1.74367101e-06
  0.00000000e+00  0.00000000e+00  0.00000000e+00  3.04256569e-08
  0.00000000e+00  0.00000000e+00  0.00000000e+00  0.00000000e+00
  0.00000000e+00  0.00000000e+00  0.00000000e+00  0.00000000e+00
  0.00000000e+00  0.00000000e+00  0.00000000e+00  0.00000000e+00
  0.00000000e+00  0.00000000e+00  0.00000000e+00  0.00000000e+00
  0.00000000e+00  0.00000000e+00 -1.85214341e-07  3.04256569e-08
  0.00000000e+00  0.00000000e+00  0.00000000e+00  3.52639834e-06]","[[ 3.10482182e-05  8.52325307e-04]
 [-4.63284660e-05 -2.67243025e-04]]",[],0.0,0.0
1787563956.1729517,2.1854810821693396,1.3797650492274145,2.3780308465757454,"[ 2.07504279e-06 -9.92718503e-07  0.00000000e+00  0.00000000e+00
  0.00000000e+00 -1.85214341e-07 -9.92718503e-07  1.74367101e-06
  0.00000000e+00  0.00000000e+00  0.00000000e+00  3.04256569e-08
  0.00000000e+00  0.00000000e+00  0.00000000e+00  0.00000000e+00
  0.00000000e+00  0.00000000e+00  0.00000000e+00  0.00000000e+00
  0.00000000e+00  0.00000000e+00  0.00000000e+00  0.00000000e+00
  0.00000000e+00  0.00000000e+00  0.00000000e+00  0.00000000e+00
  0.00000000e+00  0.00000000e+00 -1.85214341e-07  3.04256569e-08
  0.00000000e+00  0.00000000e+00  0.00000000e+00  3.52639834e-06]","[[ 3.10482182e-05  8.52325307e-04]
 [-4.63284660e-05 -2.67243025e-04]]",[],0.0,0.0
1787563956.2069378,2.1854810821693396,1.3797650492274145,2.3780308465757454,"[ 2.07504279e-06 -9.92718503e-07  0.00000000e+00  0.00000000e+00
  0.00000000e+00 -1.85214341e-07 -9.92718503e-07  1.74367101e-06
  0.00000000e+00  0.00000000e+00  0.00000000e+00  3.04256569e-08
  0.00000000e+00  0.00000000e+00  0.00000000e+00  0.00000000e+00
  0.00000000e+00  0.00000000e+00  0.00000000e+00  0.00000000e+00
  0.00000000e+00  0.00000000e+00  0.00000000e+00  0.00000000e+00
  0.00000000e+00  0.00000000e+00  0.00000000e+00  0.00000000e+00
  0.00000000e+00  0.00000000e+00 -1.85214341e-07  3.04256569e-08
  0.00000000e+00  0.00000000e+00  0.00000000e+00  3.52639834e-06]","[[ 3.10482182e-05  8.52325307e-04]
 [-4.63284660e-05 -2.67243025e-04]]",[],0.0,0.0
1787563956.256256,2.1854810821693396,1.3797650492274145,2.3780308465757454,"[ 2.07504279e-06 -9.92718503e-07  0.00000000e+00  0.00000000e+00
  0.00000000e+00 -1.85214341e-07 -9.92718503e-07  1.74367101e-06
  0.00000000e+00  0.00000000e+00  0.00000000e+00  3.04256569e-08
  0.00000000e+00  0.00000000e+00  0.00000000e+00  0.00000000e+00
  0.00000000e+00  0.00000000e+00  0.00000000e+00  0.00000000e+00
  0.00000000e+00  0.00000000e+00  0.00000000e+00  0.00000000e+00
  0.00000000e+00  0.00000000e+00  0.00000000e+00  0.00000000e+00
  0.00000000e+00  0.00000000e+00 -1.85214341e-07  3.04256569e-08
  0.00000000e+00  0.00000000e+00  0.00000000e+00  3.52639834e-06]","[[ 3.10482182e-05  8.52325307e-04]
 [-4.63284660e-05 -2.67243025e-04]]",[],0.0,0.0
1787563956.3090017,2.1854810821693396,1.3797650492274145,2.3780308465757454,"[ 2.07504279e-06 -9.92718503e-07  0.00000000e+00  0.00000000e+00
  0.00000000e+00 -1.85214341e-07 -9.92718503e-07  1.74367101e-06
  0.00000000e+00  0.00000000e+00  0.00000000e+00  3.04256569e-08
  0.00000000e+00  0.00000000e+00  0.00000000e+00  0.00000000e+00
  0.00000000e+00  0.00000000e+00  0.00000000e+00  0.00000000e+00
  0.00000000e+00  0.00000000e+00  0.00000000e+00  0.00000000e+00
  0.00000000e+00  0.00000000e+00  0.00000000e+00  0.00000000e+00
  0.00000000e+00  0.00000000e+00 -1.85214341e-07  3.04256569e-08
  0.00000000e+00  0.00000000e+00  0.00000000e+00  3.52639834e-06]","[[ 3.10482182e-05  8.52325307e-04]
 [-4.63284660e-05 -2.67243025e-04]]",[],0.0,0.0
1787563956.3560867,2.1854810821693396,1.3797650492274145,2.3780308465757454,"[ 2.07504279e-06 -9.92718503e-07  0.00000000e+00  0.00000000e+00
  0.00000000e+00 -1.85214341e-07 -9.92718503e-07  1.74367101e-06
  0.00000000e+00  0.00000000e+00  0.00000000e+00  3.04256569e-08
  0.00000000e+00  0.00000000e+00  0.00000000e+00  0.00000000e+00
  0.00000000e+00  0.00000000e+00  0.00000000e+00  0.00000000e+00
  0.00000000e+00  0.00000000e+00  0.00000000e+00  0.00000000e+00
  0.00000000e+00  0.00000000e+00  0.00000000e+00  0.00000000e+00
  0.00000000e+00  0.00000000e+00 -1.85214341e-07  3.04256569e-08
  0.00000000e+00  0.00000000e+00  0.00000000e+00  3.52639834e-06]","[[ 3.10482182e-05  8.52325307e-04]
 [-4.63284660e-05 -2.67243025e-04]]",[],0.0,0.0
1787563956.4057448,2.1854810821693396,1.3797650492274145,2.3780308465757454,"[ 2.07504279e-06 -9.92718503e-07  0.00000000e+00  0.00000000e+00
  0.00000000e+00 -1.85214341e-07 -9.92718503e-07  1.74367101e-06
  0.00000000e+00  0.00000000e+00  0.00000000e+00  3.04256569e-08
  0.00000000e+00  0.00000000e+00  0.00000000e+00  0.00000000e+00
  0.00000000e+00  0.00000000e+00  0.00000000e+00  0.00000000e+00
  0.00000000e+00  0.00000000e+00  0.00000000e+00  0.00000000e+00
  0.00000000e+00  0.00000000e+00  0.00000000e+00  0.00000000e+00
  0.00000000e+00  0.00000000e+00 -1.85214341e-07  3.04256569e-08
  0.00000000e+00  0.00000000e+00  0.00000000e+00  3.52639834e-06]","[[ 3.10482182e-05  8.52325307e-04]
 [-4.63284660e-05 -2.67243025e-04]]",[],0.0,0.0
1787563956.4561048,2.1854810821693396,1.3797650492274145,2.3780308465757454,"[ 2.07504279e-06 -9.92718503e-07  0.00000000e+00  0.00000000e+00
  0.00000000e+00 -1.85214341e-07 -9.92718503e-07  1.74367101e-06
  0.00000000e+00  0.00000000e+00  0.00000000e+00  3.04256569e-08
  0.00000000e+00  0.00000000e+00  0.00000000e+00  0.00000000e+00
  0.00000000e+00  0.00000000e+00  0.00000000e+00  0.00000000e+00
  0.00000000e+00  0.00000000e+00  0.00000000e+00  0.00000000e+00
  0.00000000e+00  0.00000000e+00  0.00000000e+00  0.00000000e+00
  0.00000000e+00  0.00000000e+00 -1.85214341e-07  3.04256569e-08
  0.00000000e+00  0.00000000e+00  0.00000000e+00  3.52639834e-06]","[[ 3.10482182e-05  8.52325307e-04]
 [-4.63284660e-05 -2.67243025e-04]]",[],0.0,0.0
1787563956.5058365,2.1882450826205093,1.3770081173081816,2.362633440365162,"[ 2.08956451e-06 -1.02069975e-06  0.00000000e+00  0.00000000e+00
  0.00000000e+00 -1.77857012e-07 -1.02069975e-06  1.76029886e-06
  0.00000000e+00  0.00000000e+00  0.00000000e+00  2.46179448e-08
  0.00000000e+00  0.00000000e+00  0.00000000e+00  0.00000000e+00
  0.00000000e+00  0.00000000e+00  0.00000000e+00  0.00000000e+00
  0.00000000e+00  0.00000000e+00  0.00000000e+00  0.00000000e+00
  0.00000000e+00  0.00000000e+00  0.00000000e+00  0.00000000e+00
  0.00000000e+00  0.00000000e+00 -1.77857012e-07  2.46179448e-08
  0.00000000e+00  0.00000000e+00  0.00000000e+00  3.73498216e-06]","[[ 3.18027296e-05  8.42897995e-04]
 [-4.68338471e-05 -2.64624558e-04]]",[],0.0,0.0
1787563956.5562124,2.1882450826205093,1.3770081173081816,2.362633440365162,"[ 2.08956451e-06 -1.02069975e-06  0.00000000e+00  0.00000000e+00
  0.00000000e+00 -1.77857012e-07 -1.02069975e-06  1.76029886e-06
  0.00000000e+00  0.00000000e+00  0.00000000e+00  2.46179448e-08
  0.00000000e+00  0.00000000e+00  0.00000000e+00  0.00000000e+00
  0.00000000e+00  0.00000000e+00  0.00000000e+00  0.00000000e+00
  0.00000000e+00  0.00000000e+00  0.00000000e+00  0.00000000e+00
  0.00000000e+00  0.00000000e+00  0.00000000e+00  0.00000000e+00
  0.00000000e+00  0.00000000e+00 -1.77857012e-07  2.46179448e-08
  0.00000000e+00  0.00000000e+00  0.00000000e+00  3.73498216e-06]","[[ 3.18027296e-05  8.42897995e-04]
 [-4.68338471e-05 -2.64624558e-04]]",[],0.0,0.0
1787563956.608992,2.1882450826205093,1.3770081173081816,2.362633440365162,"[ 2.08956451e-06 -1.02069975e-06  0.00000000e+00  0.00000000e+00
  0.00000000e+00 -1.77857012e-07 -1.02069975e-06  1.76029886e-06
  0.00000000e+00  0.00000000e+00  0.00000000e+00  2.46179448e-08
  0.00000000e+00  0.00000000e+00  0.00000000e+00  0.00000000e+00
  0.00000000e+00  0.00000000e+00  0.00000000e+00  0.00000000e+00
  0.00000000e+00  0.00000000e+00  0.00000000e+00  0.00000000e+00
  0.00000000e+00  0.00000000e+00  0.00000000e+00  0.00000000e+00
  0.00000000e+00  0.00000000e+00 -1.77857012e-07  2.46179448e-08
  0.00000000e+00  0.00000000e+00  0.00000000e+00  3.73498216e-06]","[[ 3.18027296e-05  8.42897995e-04]
 [-4.68338471e-05 -2.64624558e-04]]",[],0.0,0.0
1787563956.6592662,2.1882450826205093,1.3770081173081816,2.362633440365162,"[ 2.08956451e-06 -1.02069975e-06  0.00000000e+00  0.00000000e+00
  0.00000000e+00 -1.77857012e-07 -1.02069975e-06  1.76029886e-06
  0.00000000e+00  0.00000000e+00  0.00000000e+00  2.46179448e-08
  0.00000000e+00  0.00000000e+00  0.00000000e+00  0.00000000e+00
  0.00000000e+00  0.00000000e+00  0.00000000e+00  0.00000000e+00
  0.00000000e+00  0.00000000e+00  0.00000000e+00  0.00000000e+00
  0.00000000e+00  0.00000000e+00  0.00000000e+00  0.00000000e+00
  0.00000000e+00  0.00000000e+00 -1.77857012e-07  2.46179448e-08
  0.00000000e+00  0.00000000e+00  0.00000000e+00  3.73498216e-06]","[[ 3.18027296e-05  8.42897995e-04]
 [-4.68338471e-05 -2.64624558e-04]]",[],0.0,0.0
1787563956.717629,2.1882450826205093,1.3770081173081816,2.362633440365162,"[ 2.08956451e-06 -1.02069975e-06  0.00000000e+00  0.00000000e+00
  0.00000000e+00 -1.77857012e-07 -1.02069975e-06  1.76029886e-06
  0.00000000e+00  0.00000000e+00  0.00000000e+00  2.46179448e-08
  0.00000000e+00  0.00000000e+00  0.00000000e+00  0.00000000e+00
  0.00000000e+00  0.00000000e+00  0.00000000e+00  0.00000000e+00
  0.00000000e+00  0.00000000e+00  0.00000000e+00  0.00000000e+00
  0.00000000e+00  0.00000000e+00  0.00000000e+00  0.00000000e+00
  0.00000000e+00  0.00000000e+00 -1.77857012e-07  2.46179448e-08
  0.00000000e+00  0.00000000e+00  0.00000000e+00  3.73498216e-06]","[[ 3.18027296e-05  8.42897995e-04]
 [-4.68338471e-05 -2.64624558e-04]]",[],0.0,0.0
1787563956.756283,2.1882450826205093,1.3770081173081816,2.362633440365162,"[ 2.08956451e-06 -1.02069975e-06  0.00000000e+00  0.00000000e+00
  0.00000000e+00 -1.77857012e-07 -1.02069975e-06  1.76029886e-06
  0.00000000e+00  0.00000000e+00  0.00000000e+00  2.46179448e-08
  0.00000000e+00  0.00000000e+00  0.00000000e+00  0.00000000e+00
  0.00000000e+00  0.00000000e+00  0.00000000e+00  0.00000000e+00
  0.00000000e+00  0.00000000e+00  0.00000000e+00  0.00000000e+00
  0.00000000e+00  0.00000000e+00  0.00000000e+00  0.00000000e+00
  0.00000000e+00  0.00000000e+00 -1.77857012e-07  2.46179448e-08
  0.00000000e+00  0.00000000e+00  0.00000000e+00  3.73498216e-06]","[[ 3.18027296e-05  8.42897995e-04]
 [-4.68338471e-05 -2.64624558e-04]]",[],0.0,0.0
1787563956.8141038,2.1882450826205093,1.3770081173081816,2.362633440365162,"[ 2.08956451e-06 -1.02069975e-06  0.00000000e+00  0.00000000e+00
  0.00000000e+00 -1.77857012e-07 -1.02069975e-06  1.76029886e-06
  0.00000000e+00  0.00000000e+00  0.00000000e+00  2.46179448e-08
  0.00000000e+00  0.00000000e+00  0.00000000e+00  0.00000000e+00
  0.00000000e+00  0.00000000e+00  0.00000000e+00  0.00000000e+00
  0.00000000e+00  0.00000000e+00  0.00000000e+00  0.00000000e+00
  0.00000000e+00  0.00000000e+00  0.00000000e+00  0.00000000e+00
  0.00000000e+00  0.00000000e+00 -1.77857012e-07  2.46179448e-08
  0.00000000e+00  0.00000000e+00  0.00000000e+00  3.73498216e-06]","[[ 3.18027296e-05  8.42897995e-04]
 [-4.68338471e-05 -2.64624558e-04]]",[],0.0,0.0
1787563956.8572502,2.1882450826205093,1.3770081173081816,2.362633440365162,"[ 2.08956451e-06 -1.02069975e-06  0.00000000e+00  0.00000000e+00
  0.00000000e+00 -1.77857012e-07 -1.02069975e-06  1.76029886e-06
  0.00000000e+00  0.00000000e+00  0.00000000e+00  2.46179448e-08
  0.00000000e+00  0.00000000e+00  0.00000000e+00  0.00000000e+00
  0.00000000e+00  0.00000000e+00  0.00000000e+00  0.00000000e+00
  0.00000000e+00  0.00000000e+00  0.00000000e+00  0.00000000e+00
  0.00000000e+00  0.00000000e+00  0.00000000e+00  0.00000000e+00
  0.00000000e+00  0.00000000e+00 -1.77857012e-07  2.46179448e-08
  0.00000000e+00  0.00000000e+00  0.00000000e+00  3.73498216e-06]","[[ 3.18027296e-05  8.42897995e-04]
 [-4.68338471e-05 -2.64624558e-04]]",[],0.0,0.0
1787563956.9058325,2.1882450826205093,1.3770081173081816,2.362633440365162,"[ 2.08956451e-06 -1.02069975e-06  0.00000000e+00  0.00000000e+00
  0.00000000e+00 -1.77857012e-07 -1.02069975e-06  1.76029886e-06
  0.00000000e+00  0.00000000e+00  0.00000000e+00  2.46179448e-08
  0.00000000e+00  0.00000000e+00  0.00000000e+00  0.00000000e+00
  0.00000000e+00  0.00000000e+00  0.00000000e+00  0.00000000e+00
  0.00000000e+00  0.00000000e+00  0.00000000e+00  0.00000000e+00
  0.00000000e+00  0.00000000e+00  0.00000000e+00  0.00000000e+00
  0.00000000e+00  0.00000000e+00 -1.77857012e-07  2.46179448e-08
  0.00000000e+00  0.00000000e+00  0.00000000e+00  3.73498216e-06]","[[ 3.18027296e-05  8.42897995e-04]
 [-4.68338471e-05 -2.64624558e-04]]",[],0.0,0.0
1787563956.956899,2.1882450826205093,1.3770081173081816,2.362633440365162,"[ 2.08956451e-06 -1.02069975e-06  0.00000000e+00  0.00000000e+00
  0.00000000e+00 -1.77857012e-07 -1.02069975e-06  1.76029886e-06
  0.00000000e+00  0.00000000e+00  0.00000000e+00  2.46179448e-08
  0.00000000e+00  0.00000000e+00  0.00000000e+00  0.00000000e+00
  0.00000000e+00  0.00000000e+00  0.00000000e+00  0.00000000e+00
  0.00000000e+00  0.00000000e+00  0.00000000e+00  0.00000000e+00
  0.00000000e+00  0.00000000e+00  0.00000000e+00  0.00000000e+00
  0.00000000e+00  0.00000000e+00 -1.77857012e-07  2.46179448e-08
  0.00000000e+00  0.00000000e+00  0.00000000e+00  3.73498216e-06]","[[ 3.18027296e-05  8.42897995e-04]
 [-4.68338471e-05 -2.64624558e-04]]",[],0.0,0.0
1787563957.0081532,2.1882450826205093,1.3770081173081816,2.362633440365162,"[ 2.08956451e-06 -1.02069975e-06  0.00000000e+00  0.00000000e+00
  0.00000000e+00 -1.77857012e-07 -1.02069975e-06  1.76029886e-06
  0.00000000e+00  0.00000000e+00  0.00000000e+00  2.46179448e-08
  0.00000000e+00  0.00000000e+00  0.00000000e+00  0.00000000e+00
  0.00000000e+00  0.00000000e+00  0.00000000e+00  0.00000000e+00
  0.00000000e+00  0.00000000e+00  0.00000000e+00  0.00000000e+00
  0.00000000e+00  0.00000000e+00  0.00000000e+00  0.00000000e+00
  0.00000000e+00  0.00000000e+00 -1.77857012e-07  2.46179448e-08
  0.00000000e+00  0.00000000e+00  0.00000000e+00  3.73498216e-06]","[[ 3.18027296e-05  8.42897995e-04]
 [-4.68338471e-05 -2.64624558e-04]]",[],0.0,0.0
1787563957.0564535,2.1882450826205093,1.3770081173081816,2.362633440365162,"[ 2.08956451e-06 -1.02069975e-06  0.00000000e+00  0.00000000e+00
  0.00000000e+00 -1.77857012e-07 -1.02069975e-06  1.76029886e-06
  0.00000000e+00  0.00000000e+00  0.00000000e+00  2.46179448e-08
  0.00000000e+00  0.00000000e+00  0.00000000e+00  0.00000000e+00
  0.00000000e+00  0.00000000e+00  0.00000000e+00  0.00000000e+00
  0.00000000e+00  0.00000000e+00  0.00000000e+00  0.00000000e+00
  0.00000000e+00  0.00000000e+00  0.00000000e+00  0.00000000e+00
  0.00000000e+00  0.00000000e+00 -1.77857012e-07  2.46179448e-08
  0.00000000e+00  0.00000000e+00  0.00000000e+00  3.73498216e-06]","[[ 3.18027296e-05  8.42897995e-04]
 [-4.68338471e-05 -2.64624558e-04]]",[],0.0,0.0
1787563957.1067562,2.1882450826205093,1.3770081173081816,2.362633440365162,"[ 2.08956451e-06 -1.02069975e-06  0.00000000e+00  0.00000000e+00
  0.00000000e+00 -1.77857012e-07 -1.02069975e-06  1.76029886e-06
  0.00000000e+00  0.00000000e+00  0.00000000e+00  2.46179448e-08
  0.00000000e+00  0.00000000e+00  0.00000000e+00  0.00000000e+00
  0.00000000e+00  0.00000000e+00  0.00000000e+00  0.00000000e+00
  0.00000000e+00  0.00000000e+00  0.00000000e+00  0.00000000e+00
  0.00000000e+00  0.00000000e+00  0.00000000e+00  0.00000000e+00
  0.00000000e+00  0.00000000e+00 -1.77857012e-07  2.46179448e-08
  0.00000000e+00  0.00000000e+00  0.00000000e+00  3.73498216e-06]","[[ 3.18027296e-05  8.42897995e-04]
 [-4.68338471e-05 -2.64624558e-04]]",[],0.0,0.0
1787563957.1594038,2.1882450826205093,1.3770081173081816,2.362633440365162,"[ 2.08956451e-06 -1.02069975e-06  0.00000000e+00  0.00000000e+00
  0.00000000e+00 -1.77857012e-07 -1.02069975e-06  1.76029886e-06
  0.00000000e+00  0.00000000e+00  0.00000000e+00  2.46179448e-08
  0.00000000e+00  0.00000000e+00  0.00000000e+00  0.00000000e+00
  0.00000000e+00  0.00000000e+00  0.00000000e+00  0.00000000e+00
  0.00000000e+00  0.00000000e+00  0.00000000e+00  0.00000000e+00
  0.00000000e+00  0.00000000e+00  0.00000000e+00  0.00000000e+00
  0.00000000e+00  0.00000000e+00 -1.77857012e-07  2.46179448e-08
  0.00000000e+00  0.00000000e+00  0.00000000e+00  3.73498216e-06]","[[ 3.18027296e-05  8.42897995e-04]
 [-4.68338471e-05 -2.64624558e-04]]",[],0.0,0.0
1787563957.2059133,2.190509781263054,1.3748261786096134,2.3663750972797732,"[ 2.08368829e-06 -1.03171272e-06  0.00000000e+00  0.00000000e+00
  0.00000000e+00 -1.85062510e-07 -1.03171272e-06  1.76225365e-06
  0.00000000e+00  0.00000000e+00  0.00000000e+00  3.04529335e-08
  0.00000000e+00  0.00000000e+00  0.00000000e+00  0.00000000e+00
  0.00000000e+00  0.00000000e+00  0.00000000e+00  0.00000000e+00
  0.00000000e+00  0.00000000e+00  0.00000000e+00  0.00000000e+00
  0.00000000e+00  0.00000000e+00  0.00000000e+00  0.00000000e+00
  0.00000000e+00  0.00000000e+00 -1.85062510e-07  3.04529335e-08
  0.00000000e+00  0.00000000e+00  0.00000000e+00  3.59427141e-06]","[[ 3.20775194e-05  8.52352602e-04]
 [-4.69247298e-05 -2.76952179e-04]]",[],0.0,0.0
1787563957.2563927,2.190509781263054,1.3748261786096134,2.3663750972797732,"[ 2.08368829e-06 -1.03171272e-06  0.00000000e+00  0.00000000e+00
  0.00000000e+00 -1.85062510e-07 -1.03171272e-06  1.76225365e-06
  0.00000000e+00  0.00000000e+00  0.00000000e+00  3.04529335e-08
  0.00000000e+00  0.00000000e+00  0.00000000e+00  0.00000000e+00
  0.00000000e+00  0.00000000e+00  0.00000000e+00  0.00000000e+00
  0.00000000e+00  0.00000000e+00  0.00000000e+00  0.00000000e+00
  0.00000000e+00  0.00000000e+00  0.00000000e+00  0.00000000e+00
  0.00000000e+00  0.00000000e+00 -1.85062510e-07  3.04529335e-08
  0.00000000e+00  0.00000000e+00  0.00000000e+00  3.59427141e-06]","[[ 3.20775194e-05  8.52352602e-04]
 [-4.69247298e-05 -2.76952179e-04]]",[],0.0,0.0
1787563957.3092268,2.190509781263054,1.3748261786096134,2.3663750972797732,"[ 2.08368829e-06 -1.03171272e-06  0.00000000e+00  0.00000000e+00
  0.00000000e+00 -1.85062510e-07 -1.03171272e-06  1.76225365e-06
  0.00000000e+00  0.00000000e+00  0.00000000e+00  3.04529335e-08
  0.00000000e+00  0.00000000e+00  0.00000000e+00  0.00000000e+00
  0.00000000e+00  0.00000000e+00  0.00000000e+00  0.00000000e+00
  0.00000000e+00  0.00000000e+00  0.00000000e+00  0.00000000e+00
  0.00000000e+00  0.00000000e+00  0.00000000e+00  0.00000000e+00
  0.00000000e+00  0.00000000e+00 -1.85062510e-07  3.04529335e-08
  0.00000000e+00  0.00000000e+00  0.00000000e+00  3.59427141e-06]","[[ 3.20775194e-05  8.52352602e-04]
 [-4.69247298e-05 -2.76952179e-04]]",[],0.0,0.0
1787563957.3580806,2.190509781263054,1.3748261786096134,2.3663750972797732,"[ 2.08368829e-06 -1.03171272e-06  0.00000000e+00  0.00000000e+00
  0.00000000e+00 -1.85062510e-07 -1.03171272e-06  1.76225365e-06
  0.00000000e+00  0.00000000e+00  0.00000000e+00  3.04529335e-08
  0.00000000e+00  0.00000000e+00  0.00000000e+00  0.00000000e+00
  0.00000000e+00  0.00000000e+00  0.00000000e+00  0.00000000e+00
  0.00000000e+00  0.00000000e+00  0.00000000e+00  0.00000000e+00
  0.00000000e+00  0.00000000e+00  0.00000000e+00  0.00000000e+00
  0.00000000e+00  0.00000000e+00 -1.85062510e-07  3.04529335e-08
  0.00000000e+00  0.00000000e+00  0.00000000e+00  3.59427141e-06]","[[ 3.20775194e-05  8.52352602e-04]
 [-4.69247298e-05 -2.76952179e-04]]",[],0.0,0.0
1787563957.4056673,2.190509781263054,1.3748261786096134,2.3663750972797732,"[ 2.08368829e-06 -1.03171272e-06  0.00000000e+00  0.00000000e+00
  0.00000000e+00 -1.85062510e-07 -1.03171272e-06  1.76225365e-06
  0.00000000e+00  0.00000000e+00  0.00000000e+00  3.04529335e-08
  0.00000000e+00  0.00000000e+00  0.00000000e+00  0.00000000e+00
  0.00000000e+00  0.00000000e+00  0.00000000e+00  0.00000000e+00
  0.00000000e+00  0.00000000e+00  0.00000000e+00  0.00000000e+00
  0.00000000e+00  0.00000000e+00  0.00000000e+00  0.00000000e+00
  0.00000000e+00  0.00000000e+00 -1.85062510e-07  3.04529335e-08
  0.00000000e+00  0.00000000e+00  0.00000000e+00  3.59427141e-06]","[[ 3.20775194e-05  8.52352602e-04]
 [-4.69247298e-05 -2.76952179e-04]]",[],0.0,0.0
1787563957.456894,2.190509781263054,1.3748261786096134,2.3663750972797732,"[ 2.08368829e-06 -1.03171272e-06  0.00000000e+00  0.00000000e+00
  0.00000000e+00 -1.85062510e-07 -1.03171272e-06  1.76225365e-06
  0.00000000e+00  0.00000000e+00  0.00000000e+00  3.04529335e-08
  0.00000000e+00  0.00000000e+00  0.00000000e+00  0.00000000e+00
  0.00000000e+00  0.00000000e+00  0.00000000e+00  0.00000000e+00
  0.00000000e+00  0.00000000e+00  0.00000000e+00  0.00000000e+00
  0.00000000e+00  0.00000000e+00  0.00000000e+00  0.00000000e+00
  0.00000000e+00  0.00000000e+00 -1.85062510e-07  3.04529335e-08
  0.00000000e+00  0.00000000e+00  0.00000000e+00  3.59427141e-06]","[[ 3.20775194e-05  8.52352602e-04]
 [-4.69247298e-05 -2.76952179e-04]]",[],0.0,0.0
1787563957.5073013,2.190509781263054,1.3748261786096134,2.3663750972797732,"[ 2.08368829e-06 -1.03171272e-06  0.00000000e+00  0.00000000e+00
  0.00000000e+00 -1.85062510e-07 -1.03171272e-06  1.76225365e-06
  0.00000000e+00  0.00000000e+00  0.00000000e+00  3.04529335e-08
  0.00000000e+00  0.00000000e+00  0.00000000e+00  0.00000000e+00
  0.00000000e+00  0.00000000e+00  0.00000000e+00  0.00000000e+00
  0.00000000e+00  0.00000000e+00  0.00000000e+00  0.00000000e+00
  0.00000000e+00  0.00000000e+00  0.00000000e+00  0.00000000e+00
  0.00000000e+00  0.00000000e+00 -1.85062510e-07  3.04529335e-08
  0.00000000e+00  0.00000000e+00  0.00000000e+00  3.59427141e-06]","[[ 3.20775194e-05  8.52352602e-04]
 [-4.69247298e-05 -2.76952179e-04]]",[],0.0,0.0
1787563957.5560338,2.190509781263054,1.3748261786096134,2.3663750972797732,"[ 2.08368829e-06 -1.03171272e-06  0.00000000e+00  0.00000000e+00
  0.00000000e+00 -1.85062510e-07 -1.03171272e-06  1.76225365e-06
  0.00000000e+00  0.00000000e+00  0.00000000e+00  3.04529335e-08
  0.00000000e+00  0.00000000e+00  0.00000000e+00  0.00000000e+00
  0.00000000e+00  0.00000000e+00  0.00000000e+00  0.00000000e+00
  0.00000000e+00  0.00000000e+00  0.00000000e+00  0.00000000e+00
  0.00000000e+00  0.00000000e+00  0.00000000e+00  0.00000000e+00
  0.00000000e+00  0.00000000e+00 -1.85062510e-07  3.04529335e-08
  0.00000000e+00  0.00000000e+00  0.00000000e+00  3.59427141e-06]","[[ 3.20775194e-05  8.52352602e-04]
 [-4.69247298e-05 -2.76952179e-04]]",[],0.0,0.0
1787563957.6070716,2.190509781263054,1.3748261786096134,2.3663750972797732,"[ 2.08368829e-06 -1.03171272e-06  0.00000000e+00  0.00000000e+00
  0.00000000e+00 -1.85062510e-07 -1.03171272e-06  1.76225365e-06
  0.00000000e+00  0.00000000e+00  0.00000000e+00  3.04529335e-08
  0.00000000e+00  0.00000000e+00  0.00000000e+00  0.00000000e+00
  0.00000000e+00  0.00000000e+00  0.00000000e+00  0.00000000e+00
  0.00000000e+00  0.00000000e+00  0.00000000e+00  0.00000000e+00
  0.00000000e+00  0.00000000e+00  0.00000000e+00  0.00000000e+00
  0.00000000e+00  0.00000000e+00 -1.85062510e-07  3.04529335e-08
  0.00000000e+00  0.00000000e+00  0.00000000e+00  3.59427141e-06]","[[ 3.20775194e-05  8.52352602e-04]
 [-4.69247298e-05 -2.76952179e-04]]",[],0.0,0.0
1787563957.6566672,2.190509781263054,1.3748261786096134,2.3663750972797732,"[ 2.08368829e-06 -1.03171272e-06  0.00000000e+00  0.00000000e+00
  0.00000000e+00 -1.85062510e-07 -1.03171272e-06  1.76225365e-06
  0.00000000e+00  0.00000000e+00  0.00000000e+00  3.04529335e-08
  0.00000000e+00  0.00000000e+00  0.00000000e+00  0.00000000e+00
  0.00000000e+00  0.00000000e+00  0.00000000e+00  0.00000000e+00
  0.00000000e+00  0.00000000e+00  0.00000000e+00  0.00000000e+00
  0.00000000e+00  0.00000000e+00  0.00000000e+00  0.00000000e+00
  0.00000000e+00  0.00000000e+00 -1.85062510e-07  3.04529335e-08
  0.00000000e+00  0.00000000e+00  0.00000000e+00  3.59427141e-06]","[[ 3.20775194e-05  8.52352602e-04]
 [-4.69247298e-05 -2.76952179e-04]]",[],0.0,0.0
1787563957.717955,2.190509781263054,1.3748261786096134,2.3663750972797732,"[ 2.08368829e-06 -1.03171272e-06  0.00000000e+00  0.00000000e+00
  0.00000000e+00 -1.85062510e-07 -1.03171272e-06  1.76225365e-06
  0.00000000e+00  0.00000000e+00  0.00000000e+00  3.04529335e-08
  0.00000000e+00  0.00000000e+00  0.00000000e+00  0.00000000e+00
  0.00000000e+00  0.00000000e+00  0.00000000e+00  0.00000000e+00
  0.00000000e+00  0.00000000e+00  0.00000000e+00  0.00000000e+00
  0.00000000e+00  0.00000000e+00  0.00000000e+00  0.00000000e+00
  0.00000000e+00  0.00000000e+00 -1.85062510e-07  3.04529335e-08
  0.00000000e+00  0.00000000e+00  0.00000000e+00  3.59427141e-06]","[[ 3.20775194e-05  8.52352602e-04]
 [-4.69247298e-05 -2.76952179e-04]]",[],0.0,0.0
1787563957.7556782,2.190509781263054,1.3748261786096134,2.3663750972797732,"[ 2.08368829e-06 -1.03171272e-06  0.00000000e+00  0.00000000e+00
  0.00000000e+00 -1.85062510e-07 -1.03171272e-06  1.76225365e-06
  0.00000000e+00  0.00000000e+00  0.00000000e+00  3.04529335e-08
  0.00000000e+00  0.00000000e+00  0.00000000e+00  0.00000000e+00
  0.00000000e+00  0.00000000e+00  0.00000000e+00  0.00000000e+00
  0.00000000e+00  0.00000000e+00  0.00000000e+00  0.00000000e+00
  0.00000000e+00  0.00000000e+00  0.00000000e+00  0.00000000e+00
  0.00000000e+00  0.00000000e+00 -1.85062510e-07  3.04529335e-08
  0.00000000e+00  0.00000000e+00  0.00000000e+00  3.59427141e-06]","[[ 3.20775194e-05  8.52352602e-04]
 [-4.69247298e-05 -2.76952179e-04]]",[],0.0,0.0
1787563957.8065917,2.190509781263054,1.3748261786096134,2.3663750972797732,"[ 2.08368829e-06 -1.03171272e-06  0.00000000e+00  0.00000000e+00
  0.00000000e+00 -1.85062510e-07 -1.03171272e-06  1.76225365e-06
  0.00000000e+00  0.00000000e+00  0.00000000e+00  3.04529335e-08
  0.00000000e+00  0.00000000e+00  0.00000000e+00  0.00000000e+00
  0.00000000e+00  0.00000000e+00  0.00000000e+00  0.00000000e+00
  0.00000000e+00  0.00000000e+00  0.00000000e+00  0.00000000e+00
  0.00000000e+00  0.00000000e+00  0.00000000e+00  0.00000000e+00
  0.00000000e+00  0.00000000e+00 -1.85062510e-07  3.04529335e-08
  0.00000000e+00  0.00000000e+00  0.00000000e+00  3.59427141e-06]","[[ 3.20775194e-05  8.52352602e-04]
 [-4.69247298e-05 -2.76952179e-04]]",[],0.0,0.0
1787563957.8559656,2.1919389611017035,1.3734188321934269,2.3668494856376583,"[ 2.07128523e-06 -1.03525849e-06  0.00000000e+00  0.00000000e+00
  0.00000000e+00 -1.83146839e-07 -1.03525849e-06  1.75655853e-06
  0.00000000e+00  0.00000000e+00  0.00000000e+00  3.45218834e-08
  0.00000000e+00  0.00000000e+00  0.00000000e+00  0.00000000e+00
  0.00000000e+00  0.00000000e+00  0.00000000e+00  0.00000000e+00
  0.00000000e+00  0.00000000e+00  0.00000000e+00  0.00000000e+00
  0.00000000e+00  0.00000000e+00  0.00000000e+00  0.00000000e+00
  0.00000000e+00  0.00000000e+00 -1.83146839e-07  3.45218834e-08
  0.00000000e+00  0.00000000e+00  0.00000000e+00  3.49724601e-06]","[[ 3.21430649e-05  8.45244905e-04]
 [-4.68012911e-05 -2.84600857e-04]]",[],0.0,0.0
1787563957.90571,2.1919389611017035,1.3734188321934269,2.3668494856376583,"[ 2.07128523e-06 -1.03525849e-06  0.00000000e+00  0.00000000e+00
  0.00000000e+00 -1.83146839e-07 -1.03525849e-06  1.75655853e-06
  0.00000000e+00  0.00000000e+00  0.00000000e+00  3.45218834e-08
  0.00000000e+00  0.00000000e+00  0.00000000e+00  0.00000000e+00
  0.00000000e+00  0.00000000e+00  0.00000000e+00  0.00000000e+00
  0.00000000e+00  0.00000000e+00  0.00000000e+00  0.00000000e+00
  0.00000000e+00  0.00000000e+00  0.00000000e+00  0.00000000e+00
  0.00000000e+00  0.00000000e+00 -1.83146839e-07  3.45218834e-08
  0.00000000e+00  0.00000000e+00  0.00000000e+00  3.49724601e-06]","[[ 3.21430649e-05  8.45244905e-04]
 [-4.68012911e-05 -2.84600857e-04]]",[],0.0,0.0
1787563957.9603326,2.1919389611017035,1.3734188321934269,2.3668494856376583,"[ 2.07128523e-06 -1.03525849e-06  0.00000000e+00  0.00000000e+00
  0.00000000e+00 -1.83146839e-07 -1.03525849e-06  1.75655853e-06
  0.00000000e+00  0.00000000e+00  0.00000000e+00  3.45218834e-08
  0.00000000e+00  0.00000000e+00  0.00000000e+00  0.00000000e+00
  0.00000000e+00  0.00000000e+00  0.00000000e+00  0.00000000e+00
  0.00000000e+00  0.00000000e+00  0.00000000e+00  0.00000000e+00
  0.00000000e+00  0.00000000e+00  0.00000000e+00  0.00000000e+00
  0.00000000e+00  0.00000000e+00 -1.83146839e-07  3.45218834e-08
  0.00000000e+00  0.00000000e+00  0.00000000e+00  3.49724601e-06]","[[ 3.21430649e-05  8.45244905e-04]
 [-4.68012911e-05 -2.84600857e-04]]",[],0.0,0.0
1787563958.0098162,2.1919389611017035,1.3734188321934269,2.3668494856376583,"[ 2.07128523e-06 -1.03525849e-06  0.00000000e+00  0.00000000e+00
  0.00000000e+00 -1.83146839e-07 -1.03525849e-06  1.75655853e-06
  0.00000000e+00  0.00000000e+00  0.00000000e+00  3.45218834e-08
  0.00000000e+00  0.00000000e+00  0.00000000e+00  0.00000000e+00
  0.00000000e+00  0.00000000e+00  0.00000000e+00  0.00000000e+00
  0.00000000e+00  0.00000000e+00  0.00000000e+00  0.00000000e+00
  0.00000000e+00  0.00000000e+00  0.00000000e+00  0.00000000e+00
  0.00000000e+00  0.00000000e+00 -1.83146839e-07  3.45218834e-08
  0.00000000e+00  0.00000000e+00  0.00000000e+00  3.49724601e-06]","[[ 3.21430649e-05  8.45244905e-04]
 [-4.68012911e-05 -2.84600857e-04]]",[],0.0,0.0
1787563958.059144,2.1919389611017035,1.3734188321934269,2.3668494856376583,"[ 2.07128523e-06 -1.03525849e-06  0.00000000e+00  0.00000000e+00
  0.00000000e+00 -1.83146839e-07 -1.03525849e-06  1.75655853e-06
  0.00000000e+00  0.00000000e+00  0.00000000e+00  3.45218834e-08
  0.00000000e+00  0.00000000e+00  0.00000000e+00  0.00000000e+00
  0.00000000e+00  0.00000000e+00  0.00000000e+00  0.00000000e+00
  0.00000000e+00  0.00000000e+00  0.00000000e+00  0.00000000e+00
  0.00000000e+00  0.00000000e+00  0.00000000e+00  0.00000000e+00
  0.00000000e+00  0.00000000e+00 -1.83146839e-07  3.45218834e-08
  0.00000000e+00  0.00000000e+00  0.00000000e+00  3.49724601e-06]","[[ 3.21430649e-05  8.45244905e-04]
 [-4.68012911e-05 -2.84600857e-04]]",[],0.0,0.0
1787563958.1374366,2.1919389611017035,1.3734188321934269,2.3668494856376583,"[ 2.07128523e-06 -1.03525849e-06  0.00000000e+00  0.00000000e+00
  0.00000000e+00 -1.83146839e-07 -1.03525849e-06  1.75655853e-06
  0.00000000e+00  0.00000000e+00  0.00000000e+00  3.45218834e-08
  0.00000000e+00  0.00000000e+00  0.00000000e+00  0.00000000e+00
  0.00000000e+00  0.00000000e+00  0.00000000e+00  0.00000000e+00
  0.00000000e+00  0.00000000e+00  0.00000000e+00  0.00000000e+00
  0.00000000e+00  0.00000000e+00  0.00000000e+00  0.00000000e+00
  0.00000000e+00  0.00000000e+00 -1.83146839e-07  3.45218834e-08
  0.00000000e+00  0.00000000e+00  0.00000000e+00  3.49724601e-06]","[[ 3.21430649e-05  8.45244905e-04]
 [-4.68012911e-05 -2.84600857e-04]]",[],0.0,0.0
1787563958.1561882,2.1919389611017035,1.3734188321934269,2.3668494856376583,"[ 2.07128523e-06 -1.03525849e-06  0.00000000e+00  0.00000000e+00
  0.00000000e+00 -1.83146839e-07 -1.03525849e-06  1.75655853e-06
  0.00000000e+00  0.00000000e+00  0.00000000e+00  3.45218834e-08
  0.00000000e+00  0.00000000e+00  0.00000000e+00  0.00000000e+00
  0.00000000e+00  0.00000000e+00  0.00000000e+00  0.00000000e+00
  0.00000000e+00  0.00000000e+00  0.00000000e+00  0.00000000e+00
  0.00000000e+00  0.00000000e+00  0.00000000e+00  0.00000000e+00
  0.00000000e+00  0.00000000e+00 -1.83146839e-07  3.45218834e-08
  0.00000000e+00  0.00000000e+00  0.00000000e+00  3.49724601e-06]","[[ 3.21430649e-05  8.45244905e-04]
 [-4.68012911e-05 -2.84600857e-04]]",[],0.0,0.0
1787563958.2061102,2.1919389611017035,1.3734188321934269,2.3668494856376583,"[ 2.07128523e-06 -1.03525849e-06  0.00000000e+00  0.00000000e+00
  0.00000000e+00 -1.83146839e-07 -1.03525849e-06  1.75655853e-06
  0.00000000e+00  0.00000000e+00  0.00000000e+00  3.45218834e-08
  0.00000000e+00  0.00000000e+00  0.00000000e+00  0.00000000e+00
  0.00000000e+00  0.00000000e+00  0.00000000e+00  0.00000000e+00
  0.00000000e+00  0.00000000e+00  0.00000000e+00  0.00000000e+00
  0.00000000e+00  0.00000000e+00  0.00000000e+00  0.00000000e+00
  0.00000000e+00  0.00000000e+00 -1.83146839e-07  3.45218834e-08
  0.00000000e+00  0.00000000e+00  0.00000000e+00  3.49724601e-06]","[[ 3.21430649e-05  8.45244905e-04]
 [-4.68012911e-05 -2.84600857e-04]]",[],0.0,0.0
1787563958.2561548,2.1919389611017035,1.3734188321934269,2.3668494856376583,"[ 2.07128523e-06 -1.03525849e-06  0.00000000e+00  0.00000000e+00
  0.00000000e+00 -1.83146839e-07 -1.03525849e-06  1.75655853e-06
  0.00000000e+00  0.00000000e+00  0.00000000e+00  3.45218834e-08
  0.00000000e+00  0.00000000e+00  0.00000000e+00  0.00000000e+00
  0.00000000e+00  0.00000000e+00  0.00000000e+00  0.00000000e+00
  0.00000000e+00  0.00000000e+00  0.00000000e+00  0.00000000e+00
  0.00000000e+00  0.00000000e+00  0.00000000e+00  0.00000000e+00
  0.00000000e+00  0.00000000e+00 -1.83146839e-07  3.45218834e-08
  0.00000000e+00  0.00000000e+00  0.00000000e+00  3.49724601e-06]","[[ 3.21430649e-05  8.45244905e-04]
 [-4.68012911e-05 -2.84600857e-04]]",[],0.0,0.0
1787563958.3101,2.1919389611017035,1.3734188321934269,2.3668494856376583,"[ 2.07128523e-06 -1.03525849e-06  0.00000000e+00  0.00000000e+00
  0.00000000e+00 -1.83146839e-07 -1.03525849e-06  1.75655853e-06
  0.00000000e+00  0.00000000e+00  0.00000000e+00  3.45218834e-08
  0.00000000e+00  0.00000000e+00  0.00000000e+00  0.00000000e+00
  0.00000000e+00  0.00000000e+00  0.00000000e+00  0.00000000e+00
  0.00000000e+00  0.00000000e+00  0.00000000e+00  0.00000000e+00
  0.00000000e+00  0.00000000e+00  0.00000000e+00  0.00000000e+00
  0.00000000e+00  0.00000000e+00 -1.83146839e-07  3.45218834e-08
  0.00000000e+00  0.00000000e+00  0.00000000e+00  3.49724601e-06]","[[ 3.21430649e-05  8.45244905e-04]
 [-4.68012911e-05 -2.84600857e-04]]",[],0.0,0.0
1787563958.3560555,2.1919389611017035,1.3734188321934269,2.3668494856376583,"[ 2.07128523e-06 -1.03525849e-06  0.00000000e+00  0.00000000e+00
  0.00000000e+00 -1.83146839e-07 -1.03525849e-06  1.75655853e-06
  0.00000000e+00  0.00000000e+00  0.00000000e+00  3.45218834e-08
  0.00000000e+00  0.00000000e+00  0.00000000e+00  0.00000000e+00
  0.00000000e+00  0.00000000e+00  0.00000000e+00  0.00000000e+00
  0.00000000e+00  0.00000000e+00  0.00000000e+00  0.00000000e+00
  0.00000000e+00  0.00000000e+00  0.00000000e+00  0.00000000e+00
  0.00000000e+00  0.00000000e+00 -1.83146839e-07  3.45218834e-08
  0.00000000e+00  0.00000000e+00  0.00000000e+00  3.49724601e-06]","[[ 3.21430649e-05  8.45244905e-04]
 [-4.68012911e-05 -2.84600857e-04]]",[],0.0,0.0
1787563958.4057093,2.1919389611017035,1.3734188321934269,2.3668494856376583,"[ 2.07128523e-06 -1.03525849e-06  0.00000000e+00  0.00000000e+00
  0.00000000e+00 -1.83146839e-07 -1.03525849e-06  1.75655853e-06
  0.00000000e+00  0.00000000e+00  0.00000000e+00  3.45218834e-08
  0.00000000e+00  0.00000000e+00  0.00000000e+00  0.00000000e+00
  0.00000000e+00  0.00000000e+00  0.00000000e+00  0.00000000e+00
  0.00000000e+00  0.00000000e+00  0.00000000e+00  0.00000000e+00
  0.00000000e+00  0.00000000e+00  0.00000000e+00  0.00000000e+00
  0.00000000e+00  0.00000000e+00 -1.83146839e-07  3.45218834e-08
  0.00000000e+00  0.00000000e+00  0.00000000e+00  3.49724601e-06]","[[ 3.21430649e-05  8.45244905e-04]
 [-4.68012911e-05 -2.84600857e-04]]",[],0.0,0.0
1787563958.4560113,2.1919389611017035,1.3734188321934269,2.3668494856376583,"[ 2.07128523e-06 -1.03525849e-06  0.00000000e+00  0.00000000e+00
  0.00000000e+00 -1.83146839e-07 -1.03525849e-06  1.75655853e-06
  0.00000000e+00  0.00000000e+00  0.00000000e+00  3.45218834e-08
  0.00000000e+00  0.00000000e+00  0.00000000e+00  0.00000000e+00
  0.00000000e+00  0.00000000e+00  0.00000000e+00  0.00000000e+00
  0.00000000e+00  0.00000000e+00  0.00000000e+00  0.00000000e+00
  0.00000000e+00  0.00000000e+00  0.00000000e+00  0.00000000e+00
  0.00000000e+00  0.00000000e+00 -1.83146839e-07  3.45218834e-08
  0.00000000e+00  0.00000000e+00  0.00000000e+00  3.49724601e-06]","[[ 3.21430649e-05  8.45244905e-04]
 [-4.68012911e-05 -2.84600857e-04]]",[],0.0,0.0
1787563958.5060222,2.1919389611017035,1.3734188321934269,2.3668494856376583,"[ 2.07128523e-06 -1.03525849e-06  0.00000000e+00  0.00000000e+00
  0.00000000e+00 -1.83146839e-07 -1.03525849e-06  1.75655853e-06
  0.00000000e+00  0.00000000e+00  0.00000000e+00  3.45218834e-08
  0.00000000e+00  0.00000000e+00  0.00000000e+00  0.00000000e+00
  0.00000000e+00  0.00000000e+00  0.00000000e+00  0.00000000e+00
  0.00000000e+00  0.00000000e+00  0.00000000e+00  0.00000000e+00
  0.00000000e+00  0.00000000e+00  0.00000000e+00  0.00000000e+00
  0.00000000e+00  0.00000000e+00 -1.83146839e-07  3.45218834e-08
  0.00000000e+00  0.00000000e+00  0.00000000e+00  3.49724601e-06]","[[ 3.21430649e-05  8.45244905e-04]
 [-4.68012911e-05 -2.84600857e-04]]",[],0.0,0.0
1787563958.556595,2.1947045268798924,1.3706882465536814,2.3777301863576596,"[ 2.05877373e-06 -1.03977628e-06  0.00000000e+00  0.00000000e+00
  0.00000000e+00 -1.69611283e-07 -1.03977628e-06  1.75233318e-06
  0.00000000e+00  0.00000000e+00  0.00000000e+00  3.67199936e-08
  0.00000000e+00  0.00000000e+00  0.00000000e+00  0.00000000e+00
  0.00000000e+00  0.00000000e+00  0.00000000e+00  0.00000000e+00
  0.00000000e+00  0.00000000e+00  0.00000000e+00  0.00000000e+00
  0.00000000e+00  0.00000000e+00  0.00000000e+00  0.00000000e+00
  0.00000000e+00  0.00000000e+00 -1.69611283e-07  3.67199936e-08
  0.00000000e+00  0.00000000e+00  0.00000000e+00  3.44263627e-06]","[[ 3.22261918e-05  8.18981651e-04]
 [-4.67148790e-05 -2.89474702e-04]]",[],0.0,0.0
1787563958.6084146,2.1947045268798924,1.3706882465536814,2.3777301863576596,"[ 2.05877373e-06 -1.03977628e-06  0.00000000e+00  0.00000000e+00
  0.00000000e+00 -1.69611283e-07 -1.03977628e-06  1.75233318e-06
  0.00000000e+00  0.00000000e+00  0.00000000e+00  3.67199936e-08
  0.00000000e+00  0.00000000e+00  0.00000000e+00  0.00000000e+00
  0.00000000e+00  0.00000000e+00  0.00000000e+00  0.00000000e+00
  0.00000000e+00  0.00000000e+00  0.00000000e+00  0.00000000e+00
  0.00000000e+00  0.00000000e+00  0.00000000e+00  0.00000000e+00
  0.00000000e+00  0.00000000e+00 -1.69611283e-07  3.67199936e-08
  0.00000000e+00  0.00000000e+00  0.00000000e+00  3.44263627e-06]","[[ 3.22261918e-05  8.18981651e-04]
 [-4.67148790e-05 -2.89474702e-04]]",[],0.0,0.0
1787563958.6573868,2.1947045268798924,1.3706882465536814,2.3777301863576596,"[ 2.05877373e-06 -1.03977628e-06  0.00000000e+00  0.00000000e+00
  0.00000000e+00 -1.69611283e-07 -1.03977628e-06  1.75233318e-06
  0.00000000e+00  0.00000000e+00  0.00000000e+00  3.67199936e-08
  0.00000000e+00  0.00000000e+00  0.00000000e+00  0.00000000e+00
  0.00000000e+00  0.00000000e+00  0.00000000e+00  0.00000000e+00
  0.00000000e+00  0.00000000e+00  0.00000000e+00  0.00000000e+00
  0.00000000e+00  0.00000000e+00  0.00000000e+00  0.00000000e+00
  0.00000000e+00  0.00000000e+00 -1.69611283e-07  3.67199936e-08
  0.00000000e+00  0.00000000e+00  0.00000000e+00  3.44263627e-06]","[[ 3.22261918e-05  8.18981651e-04]
 [-4.67148790e-05 -2.89474702e-04]]",[],0.0,0.0
1787563958.7109528,2.1947045268798924,1.3706882465536814,2.3777301863576596,"[ 2.05877373e-06 -1.03977628e-06  0.00000000e+00  0.00000000e+00
  0.00000000e+00 -1.69611283e-07 -1.03977628e-06  1.75233318e-06
  0.00000000e+00  0.00000000e+00  0.00000000e+00  3.67199936e-08
  0.00000000e+00  0.00000000e+00  0.00000000e+00  0.00000000e+00
  0.00000000e+00  0.00000000e+00  0.00000000e+00  0.00000000e+00
  0.00000000e+00  0.00000000e+00  0.00000000e+00  0.00000000e+00
  0.00000000e+00  0.00000000e+00  0.00000000e+00  0.00000000e+00
  0.00000000e+00  0.00000000e+00 -1.69611283e-07  3.67199936e-08
  0.00000000e+00  0.00000000e+00  0.00000000e+00  3.44263627e-06]","[[ 3.22261918e-05  8.18981651e-04]
 [-4.67148790e-05 -2.89474702e-04]]",[],0.0,0.0
1787563958.7560194,2.1947045268798924,1.3706882465536814,2.3777301863576596,"[ 2.05877373e-06 -1.03977628e-06  0.00000000e+00  0.00000000e+00
  0.00000000e+00 -1.69611283e-07 -1.03977628e-06  1.75233318e-06
  0.00000000e+00  0.00000000e+00  0.00000000e+00  3.67199936e-08
  0.00000000e+00  0.00000000e+00  0.00000000e+00  0.00000000e+00
  0.00000000e+00  0.00000000e+00  0.00000000e+00  0.00000000e+00
  0.00000000e+00  0.00000000e+00  0.00000000e+00  0.00000000e+00
  0.00000000e+00  0.00000000e+00  0.00000000e+00  0.00000000e+00
  0.00000000e+00  0.00000000e+00 -1.69611283e-07  3.67199936e-08
  0.00000000e+00  0.00000000e+00  0.00000000e+00  3.44263627e-06]","[[ 3.22261918e-05  8.18981651e-04]
 [-4.67148790e-05 -2.89474702e-04]]",[],0.0,0.0
1787563958.8064172,2.1947045268798924,1.3706882465536814,2.3777301863576596,"[ 2.05877373e-06 -1.03977628e-06  0.00000000e+00  0.00000000e+00
  0.00000000e+00 -1.69611283e-07 -1.03977628e-06  1.75233318e-06
  0.00000000e+00  0.00000000e+00  0.00000000e+00  3.67199936e-08
  0.00000000e+00  0.00000000e+00  0.00000000e+00  0.00000000e+00
  0.00000000e+00  0.00000000e+00  0.00000000e+00  0.00000000e+00
  0.00000000e+00  0.00000000e+00  0.00000000e+00  0.00000000e+00
  0.00000000e+00  0.00000000e+00  0.00000000e+00  0.00000000e+00
  0.00000000e+00  0.00000000e+00 -1.69611283e-07  3.67199936e-08
  0.00000000e+00  0.00000000e+00  0.00000000e+00  3.44263627e-06]","[[ 3.22261918e-05  8.18981651e-04]
 [-4.67148790e-05 -2.89474702e-04]]",[],0.0,0.0
1787563958.857522,2.1947045268798924,1.3706882465536814,2.3777301863576596,"[ 2.05877373e-06 -1.03977628e-06  0.00000000e+00  0.00000000e+00
  0.00000000e+00 -1.69611283e-07 -1.03977628e-06  1.75233318e-06
  0.00000000e+00  0.00000000e+00  0.00000000e+00  3.67199936e-08
  0.00000000e+00  0.00000000e+00  0.00000000e+00  0.00000000e+00
  0.00000000e+00  0.00000000e+00  0.00000000e+00  0.00000000e+00
  0.00000000e+00  0.00000000e+00  0.00000000e+00  0.00000000e+00
  0.00000000e+00  0.00000000e+00  0.00000000e+00  0.00000000e+00
  0.00000000e+00  0.00000000e+00 -1.69611283e-07  3.67199936e-08
  0.00000000e+00  0.00000000e+00  0.00000000e+00  3.44263627e-06]","[[ 3.22261918e-05  8.18981651e-04]
 [-4.67148790e-05 -2.89474702e-04]]",[],0.0,0.0
1787563958.9057841,2.1947045268798924,1.3706882465536814,2.3777301863576596,"[ 2.05877373e-06 -1.03977628e-06  0.00000000e+00  0.00000000e+00
  0.00000000e+00 -1.69611283e-07 -1.03977628e-06  1.75233318e-06
  0.00000000e+00  0.00000000e+00  0.00000000e+00  3.67199936e-08
  0.00000000e+00  0.00000000e+00  0.00000000e+00  0.00000000e+00
  0.00000000e+00  0.00000000e+00  0.00000000e+00  0.00000000e+00
  0.00000000e+00  0.00000000e+00  0.00000000e+00  0.00000000e+00
  0.00000000e+00  0.00000000e+00  0.00000000e+00  0.00000000e+00
  0.00000000e+00  0.00000000e+00 -1.69611283e-07  3.67199936e-08
  0.00000000e+00  0.00000000e+00  0.00000000e+00  3.44263627e-06]","[[ 3.22261918e-05  8.18981651e-04]
 [-4.67148790e-05 -2.89474702e-04]]",[],0.0,0.0
1787563958.9735715,2.1947045268798924,1.3706882465536814,2.3777301863576596,"[ 2.05877373e-06 -1.03977628e-06  0.00000000e+00  0.00000000e+00
  0.00000000e+00 -1.69611283e-07 -1.03977628e-06  1.75233318e-06
  0.00000000e+00  0.00000000e+00  0.00000000e+00  3.67199936e-08
  0.00000000e+00  0.00000000e+00  0.00000000e+00  0.00000000e+00
  0.00000000e+00  0.00000000e+00  0.00000000e+00  0.00000000e+00
  0.00000000e+00  0.00000000e+00  0.00000000e+00  0.00000000e+00
  0.00000000e+00  0.00000000e+00  0.00000000e+00  0.00000000e+00
  0.00000000e+00  0.00000000e+00 -1.69611283e-07  3.67199936e-08
  0.00000000e+00  0.00000000e+00  0.00000000e+00  3.44263627e-06]","[[ 3.22261918e-05  8.18981651e-04]
 [-4.67148790e-05 -2.89474702e-04]]",[],0.0,0.0
1787563959.006272,2.1947045268798924,1.3706882465536814,2.3777301863576596,"[ 2.05877373e-06 -1.03977628e-06  0.00000000e+00  0.00000000e+00
  0.00000000e+00 -1.69611283e-07 -1.03977628e-06  1.75233318e-06
  0.00000000e+00  0.00000000e+00  0.00000000e+00  3.67199936e-08
  0.00000000e+00  0.00000000e+00  0.00000000e+00  0.00000000e+00
  0.00000000e+00  0.00000000e+00  0.00000000e+00  0.00000000e+00
  0.00000000e+00  0.00000000e+00  0.00000000e+00  0.00000000e+00
  0.00000000e+00  0.00000000e+00  0.00000000e+00  0.00000000e+00
  0.00000000e+00  0.00000000e+00 -1.69611283e-07  3.67199936e-08
  0.00000000e+00  0.00000000e+00  0.00000000e+00  3.44263627e-06]","[[ 3.22261918e-05  8.18981651e-04]
 [-4.67148790e-05 -2.89474702e-04]]",[],0.0,0.0
1787563959.057118,2.1947045268798924,1.3706882465536814,2.3777301863576596,"[ 2.05877373e-06 -1.03977628e-06  0.00000000e+00  0.00000000e+00
  0.00000000e+00 -1.69611283e-07 -1.03977628e-06  1.75233318e-06
  0.00000000e+00  0.00000000e+00  0.00000000e+00  3.67199936e-08
  0.00000000e+00  0.00000000e+00  0.00000000e+00  0.00000000e+00
  0.00000000e+00  0.00000000e+00  0.00000000e+00  0.00000000e+00
  0.00000000e+00  0.00000000e+00  0.00000000e+00  0.00000000e+00
  0.00000000e+00  0.00000000e+00  0.00000000e+00  0.00000000e+00
  0.00000000e+00  0.00000000e+00 -1.69611283e-07  3.67199936e-08
  0.00000000e+00  0.00000000e+00  0.00000000e+00  3.44263627e-06]","[[ 3.22261918e-05  8.18981651e-04]
 [-4.67148790e-05 -2.89474702e-04]]",[],0.0,0.0
1787563959.1060452,2.1947045268798924,1.3706882465536814,2.3777301863576596,"[ 2.05877373e-06 -1.03977628e-06  0.00000000e+00  0.00000000e+00
  0.00000000e+00 -1.69611283e-07 -1.03977628e-06  1.75233318e-06
  0.00000000e+00  0.00000000e+00  0.00000000e+00  3.67199936e-08
  0.00000000e+00  0.00000000e+00  0.00000000e+00  0.00000000e+00
  0.00000000e+00  0.00000000e+00  0.00000000e+00  0.00000000e+00
  0.00000000e+00  0.00000000e+00  0.00000000e+00  0.00000000e+00
  0.00000000e+00  0.00000000e+00  0.00000000e+00  0.00000000e+00
  0.00000000e+00  0.00000000e+00 -1.69611283e-07  3.67199936e-08
  0.00000000e+00  0.00000000e+00  0.00000000e+00  3.44263627e-06]","[[ 3.22261918e-05  8.18981651e-04]
 [-4.67148790e-05 -2.89474702e-04]]",[],0.0,0.0
1787563959.15769,2.1947045268798924,1.3706882465536814,2.3777301863576596,"[ 2.05877373e-06 -1.03977628e-06  0.00000000e+00  0.00000000e+00
  0.00000000e+00 -1.69611283e-07 -1.03977628e-06  1.75233318e-06
  0.00000000e+00  0.00000000e+00  0.00000000e+00  3.67199936e-08
  0.00000000e+00  0.00000000e+00  0.00000000e+00  0.00000000e+00
  0.00000000e+00  0.00000000e+00  0.00000000e+00  0.00000000e+00
  0.00000000e+00  0.00000000e+00  0.00000000e+00  0.00000000e+00
  0.00000000e+00  0.00000000e+00  0.00000000e+00  0.00000000e+00
  0.00000000e+00  0.00000000e+00 -1.69611283e-07  3.67199936e-08
  0.00000000e+00  0.00000000e+00  0.00000000e+00  3.44263627e-06]","[[ 3.22261918e-05  8.18981651e-04]
 [-4.67148790e-05 -2.89474702e-04]]",[],0.0,0.0
1787563959.2148488,2.1947045268798924,1.3706882465536814,2.3777301863576596,"[ 2.05877373e-06 -1.03977628e-06  0.00000000e+00  0.00000000e+00
  0.00000000e+00 -1.69611283e-07 -1.03977628e-06  1.75233318e-06
  0.00000000e+00  0.00000000e+00  0.00000000e+00  3.67199936e-08
  0.00000000e+00  0.00000000e+00  0.00000000e+00  0.00000000e+00
  0.00000000e+00  0.00000000e+00  0.00000000e+00  0.00000000e+00
  0.00000000e+00  0.00000000e+00  0.00000000e+00  0.00000000e+00
  0.00000000e+00  0.00000000e+00  0.00000000e+00  0.00000000e+00
  0.00000000e+00  0.00000000e+00 -1.69611283e-07  3.67199936e-08
  0.00000000e+00  0.00000000e+00  0.00000000e+00  3.44263627e-06]","[[ 3.22261918e-05  8.18981651e-04]
 [-4.67148790e-05 -2.89474702e-04]]",[],0.0,0.0
1787563959.261112,2.1947045268798924,1.3706882465536814,2.3777301863576596,"[ 2.05877373e-06 -1.03977628e-06  0.00000000e+00  0.00000000e+00
  0.00000000e+00 -1.69611283e-07 -1.03977628e-06  1.75233318e-06
  0.00000000e+00  0.00000000e+00  0.00000000e+00  3.67199936e-08
  0.00000000e+00  0.00000000e+00  0.00000000e+00  0.00000000e+00
  0.00000000e+00  0.00000000e+00  0.00000000e+00  0.00000000e+00
  0.00000000e+00  0.00000000e+00  0.00000000e+00  0.00000000e+00
  0.00000000e+00  0.00000000e+00  0.00000000e+00  0.00000000e+00
  0.00000000e+00  0.00000000e+00 -1.69611283e-07  3.67199936e-08
  0.00000000e+00  0.00000000e+00  0.00000000e+00  3.44263627e-06]","[[ 3.22261918e-05  8.18981651e-04]
 [-4.67148790e-05 -2.89474702e-04]]",[],0.0,0.0
1787563959.3106277,2.1976135845864895,1.3677447361472288,2.3785432206948514,"[ 2.06736654e-06 -1.06165104e-06  0.00000000e+00  0.00000000e+00
  0.00000000e+00 -1.70022624e-07 -1.06165104e-06  1.76293061e-06
  0.00000000e+00  0.00000000e+00  0.00000000e+00  2.56883148e-08
  0.00000000e+00  0.00000000e+00  0.00000000e+00  0.00000000e+00
  0.00000000e+00  0.00000000e+00  0.00000000e+00  0.00000000e+00
  0.00000000e+00  0.00000000e+00  0.00000000e+00  0.00000000e+00
  0.00000000e+00  0.00000000e+00  0.00000000e+00  0.00000000e+00
  0.00000000e+00  0.00000000e+00 -1.70022624e-07  2.56883148e-08
  0.00000000e+00  0.00000000e+00  0.00000000e+00  3.59640956e-06]","[[ 3.28152289e-05  8.20860433e-04]
 [-4.70546229e-05 -2.76627071e-04]]",[],0.0,0.0
1787563959.3570843,2.1976135845864895,1.3677447361472288,2.3785432206948514,"[ 2.06736654e-06 -1.06165104e-06  0.00000000e+00  0.00000000e+00
  0.00000000e+00 -1.70022624e-07 -1.06165104e-06  1.76293061e-06
  0.00000000e+00  0.00000000e+00  0.00000000e+00  2.56883148e-08
  0.00000000e+00  0.00000000e+00  0.00000000e+00  0.00000000e+00
  0.00000000e+00  0.00000000e+00  0.00000000e+00  0.00000000e+00
  0.00000000e+00  0.00000000e+00  0.00000000e+00  0.00000000e+00
  0.00000000e+00  0.00000000e+00  0.00000000e+00  0.00000000e+00
  0.00000000e+00  0.00000000e+00 -1.70022624e-07  2.56883148e-08
  0.00000000e+00  0.00000000e+00  0.00000000e+00  3.59640956e-06]","[[ 3.28152289e-05  8.20860433e-04]
 [-4.70546229e-05 -2.76627071e-04]]",[],0.0,0.0
1787563959.4060276,2.1976135845864895,1.3677447361472288,2.3785432206948514,"[ 2.06736654e-06 -1.06165104e-06  0.00000000e+00  0.00000000e+00
  0.00000000e+00 -1.70022624e-07 -1.06165104e-06  1.76293061e-06
  0.00000000e+00  0.00000000e+00  0.00000000e+00  2.56883148e-08
  0.00000000e+00  0.00000000e+00  0.00000000e+00  0.00000000e+00
  0.00000000e+00  0.00000000e+00  0.00000000e+00  0.00000000e+00
  0.00000000e+00  0.00000000e+00  0.00000000e+00  0.00000000e+00
  0.00000000e+00  0.00000000e+00  0.00000000e+00  0.00000000e+00
  0.00000000e+00  0.00000000e+00 -1.70022624e-07  2.56883148e-08
  0.00000000e+00  0.00000000e+00  0.00000000e+00  3.59640956e-06]","[[ 3.28152289e-05  8.20860433e-04]
 [-4.70546229e-05 -2.76627071e-04]]",[],0.0,0.0
1787563959.4587212,2.1976135845864895,1.3677447361472288,2.3785432206948514,"[ 2.06736654e-06 -1.06165104e-06  0.00000000e+00  0.00000000e+00
  0.00000000e+00 -1.70022624e-07 -1.06165104e-06  1.76293061e-06
  0.00000000e+00  0.00000000e+00  0.00000000e+00  2.56883148e-08
  0.00000000e+00  0.00000000e+00  0.00000000e+00  0.00000000e+00
  0.00000000e+00  0.00000000e+00  0.00000000e+00  0.00000000e+00
  0.00000000e+00  0.00000000e+00  0.00000000e+00  0.00000000e+00
  0.00000000e+00  0.00000000e+00  0.00000000e+00  0.00000000e+00
  0.00000000e+00  0.00000000e+00 -1.70022624e-07  2.56883148e-08
  0.00000000e+00  0.00000000e+00  0.00000000e+00  3.59640956e-06]","[[ 3.28152289e-05  8.20860433e-04]
 [-4.70546229e-05 -2.76627071e-04]]",[],0.0,0.0
1787563959.505965,2.1976135845864895,1.3677447361472288,2.3785432206948514,"[ 2.06736654e-06 -1.06165104e-06  0.00000000e+00  0.00000000e+00
  0.00000000e+00 -1.70022624e-07 -1.06165104e-06  1.76293061e-06
  0.00000000e+00  0.00000000e+00  0.00000000e+00  2.56883148e-08
  0.00000000e+00  0.00000000e+00  0.00000000e+00  0.00000000e+00
  0.00000000e+00  0.00000000e+00  0.00000000e+00  0.00000000e+00
  0.00000000e+00  0.00000000e+00  0.00000000e+00  0.00000000e+00
  0.00000000e+00  0.00000000e+00  0.00000000e+00  0.00000000e+00
  0.00000000e+00  0.00000000e+00 -1.70022624e-07  2.56883148e-08
  0.00000000e+00  0.00000000e+00  0.00000000e+00  3.59640956e-06]","[[ 3.28152289e-05  8.20860433e-04]
 [-4.70546229e-05 -2.76627071e-04]]",[],0.0,0.0
1787563959.55634,2.1976135845864895,1.3677447361472288,2.3785432206948514,"[ 2.06736654e-06 -1.06165104e-06  0.00000000e+00  0.00000000e+00
  0.00000000e+00 -1.70022624e-07 -1.06165104e-06  1.76293061e-06
  0.00000000e+00  0.00000000e+00  0.00000000e+00  2.56883148e-08
  0.00000000e+00  0.00000000e+00  0.00000000e+00  0.00000000e+00
  0.00000000e+00  0.00000000e+00  0.00000000e+00  0.00000000e+00
  0.00000000e+00  0.00000000e+00  0.00000000e+00  0.00000000e+00
  0.00000000e+00  0.00000000e+00  0.00000000e+00  0.00000000e+00
  0.00000000e+00  0.00000000e+00 -1.70022624e-07  2.56883148e-08
  0.00000000e+00  0.00000000e+00  0.00000000e+00  3.59640956e-06]","[[ 3.28152289e-05  8.20860433e-04]
 [-4.70546229e-05 -2.76627071e-04]]",[],0.0,0.0
1787563959.624848,2.1976135845864895,1.3677447361472288,2.3785432206948514,"[ 2.06736654e-06 -1.06165104e-06  0.00000000e+00  0.00000000e+00
  0.00000000e+00 -1.70022624e-07 -1.06165104e-06  1.76293061e-06
  0.00000000e+00  0.00000000e+00  0.00000000e+00  2.56883148e-08
  0.00000000e+00  0.00000000e+00  0.00000000e+00  0.00000000e+00
  0.00000000e+00  0.00000000e+00  0.00000000e+00  0.00000000e+00
  0.00000000e+00  0.00000000e+00  0.00000000e+00  0.00000000e+00
  0.00000000e+00  0.00000000e+00  0.00000000e+00  0.00000000e+00
  0.00000000e+00  0.00000000e+00 -1.70022624e-07  2.56883148e-08
  0.00000000e+00  0.00000000e+00  0.00000000e+00  3.59640956e-06]","[[ 3.28152289e-05  8.20860433e-04]
 [-4.70546229e-05 -2.76627071e-04]]",[],0.0,0.0
1787563959.656445,2.1976135845864895,1.3677447361472288,2.3785432206948514,"[ 2.06736654e-06 -1.06165104e-06  0.00000000e+00  0.00000000e+00
  0.00000000e+00 -1.70022624e-07 -1.06165104e-06  1.76293061e-06
  0.00000000e+00  0.00000000e+00  0.00000000e+00  2.56883148e-08
  0.00000000e+00  0.00000000e+00  0.00000000e+00  0.00000000e+00
  0.00000000e+00  0.00000000e+00  0.00000000e+00  0.00000000e+00
  0.00000000e+00  0.00000000e+00  0.00000000e+00  0.00000000e+00
  0.00000000e+00  0.00000000e+00  0.00000000e+00  0.00000000e+00
  0.00000000e+00  0.00000000e+00 -1.70022624e-07  2.56883148e-08
  0.00000000e+00  0.00000000e+00  0.00000000e+00  3.59640956e-06]","[[ 3.28152289e-05  8.20860433e-04]
 [-4.70546229e-05 -2.76627071e-04]]",[],0.0,0.0
1787563959.7085087,2.1976135845864895,1.3677447361472288,2.3785432206948514,"[ 2.06736654e-06 -1.06165104e-06  0.00000000e+00  0.00000000e+00
  0.00000000e+00 -1.70022624e-07 -1.06165104e-06  1.76293061e-06
  0.00000000e+00  0.00000000e+00  0.00000000e+00  2.56883148e-08
  0.00000000e+00  0.00000000e+00  0.00000000e+00  0.00000000e+00
  0.00000000e+00  0.00000000e+00  0.00000000e+00  0.00000000e+00
  0.00000000e+00  0.00000000e+00  0.00000000e+00  0.00000000e+00
  0.00000000e+00  0.00000000e+00  0.00000000e+00  0.00000000e+00
  0.00000000e+00  0.00000000e+00 -1.70022624e-07  2.56883148e-08
  0.00000000e+00  0.00000000e+00  0.00000000e+00  3.59640956e-06]","[[ 3.28152289e-05  8.20860433e-04]
 [-4.70546229e-05 -2.76627071e-04]]",[],0.0,0.0
1787563959.758327,2.1976135845864895,1.3677447361472288,2.3785432206948514,"[ 2.06736654e-06 -1.06165104e-06  0.00000000e+00  0.00000000e+00
  0.00000000e+00 -1.70022624e-07 -1.06165104e-06  1.76293061e-06
  0.00000000e+00  0.00000000e+00  0.00000000e+00  2.56883148e-08
  0.00000000e+00  0.00000000e+00  0.00000000e+00  0.00000000e+00
  0.00000000e+00  0.00000000e+00  0.00000000e+00  0.00000000e+00
  0.00000000e+00  0.00000000e+00  0.00000000e+00  0.00000000e+00
  0.00000000e+00  0.00000000e+00  0.00000000e+00  0.00000000e+00
  0.00000000e+00  0.00000000e+00 -1.70022624e-07  2.56883148e-08
  0.00000000e+00  0.00000000e+00  0.00000000e+00  3.59640956e-06]","[[ 3.28152289e-05  8.20860433e-04]
 [-4.70546229e-05 -2.76627071e-04]]",[],0.0,0.0
1787563959.805985,2.1976135845864895,1.3677447361472288,2.3785432206948514,"[ 2.06736654e-06 -1.06165104e-06  0.00000000e+00  0.00000000e+00
  0.00000000e+00 -1.70022624e-07 -1.06165104e-06  1.76293061e-06
  0.00000000e+00  0.00000000e+00  0.00000000e+00  2.56883148e-08
  0.00000000e+00  0.00000000e+00  0.00000000e+00  0.00000000e+00
  0.00000000e+00  0.00000000e+00  0.00000000e+00  0.00000000e+00
  0.00000000e+00  0.00000000e+00  0.00000000e+00  0.00000000e+00
  0.00000000e+00  0.00000000e+00  0.00000000e+00  0.00000000e+00
  0.00000000e+00  0.00000000e+00 -1.70022624e-07  2.56883148e-08
  0.00000000e+00  0.00000000e+00  0.00000000e+00  3.59640956e-06]","[[ 3.28152289e-05  8.20860433e-04]
 [-4.70546229e-05 -2.76627071e-04]]",[],0.0,0.0
1787563959.8575044,2.1976135845864895,1.3677447361472288,2.3785432206948514,"[ 2.06736654e-06 -1.06165104e-06  0.00000000e+00  0.00000000e+00
  0.00000000e+00 -1.70022624e-07 -1.06165104e-06  1.76293061e-06
  0.00000000e+00  0.00000000e+00  0.00000000e+00  2.56883148e-08
  0.00000000e+00  0.00000000e+00  0.00000000e+00  0.00000000e+00
  0.00000000e+00  0.00000000e+00  0.00000000e+00  0.00000000e+00
  0.00000000e+00  0.00000000e+00  0.00000000e+00  0.00000000e+00
  0.00000000e+00  0.00000000e+00  0.00000000e+00  0.00000000e+00
  0.00000000e+00  0.00000000e+00 -1.70022624e-07  2.56883148e-08
  0.00000000e+00  0.00000000e+00  0.00000000e+00  3.59640956e-06]","[[ 3.28152289e-05  8.20860433e-04]
 [-4.70546229e-05 -2.76627071e-04]]",[],0.0,0.0
1787563959.9060483,2.1976135845864895,1.3677447361472288,2.3785432206948514,"[ 2.06736654e-06 -1.06165104e-06  0.00000000e+00  0.00000000e+00
  0.00000000e+00 -1.70022624e-07 -1.06165104e-06  1.76293061e-06
  0.00000000e+00  0.00000000e+00  0.00000000e+00  2.56883148e-08
  0.00000000e+00  0.00000000e+00  0.00000000e+00  0.00000000e+00
  0.00000000e+00  0.00000000e+00  0.00000000e+00  0.00000000e+00
  0.00000000e+00  0.00000000e+00  0.00000000e+00  0.00000000e+00
  0.00000000e+00  0.00000000e+00  0.00000000e+00  0.00000000e+00
  0.00000000e+00  0.00000000e+00 -1.70022624e-07  2.56883148e-08
  0.00000000e+00  0.00000000e+00  0.00000000e+00  3.59640956e-06]","[[ 3.28152289e-05  8.20860433e-04]
 [-4.70546229e-05 -2.76627071e-04]]",[],0.0,0.0
1787563959.9562223,2.1976135845864895,1.3677447361472288,2.3785432206948514,"[ 2.06736654e-06 -1.06165104e-06  0.00000000e+00  0.00000000e+00
  0.00000000e+00 -1.70022624e-07 -1.06165104e-06  1.76293061e-06
  0.00000000e+00  0.00000000e+00  0.00000000e+00  2.56883148e-08
  0.00000000e+00  0.00000000e+00  0.00000000e+00  0.00000000e+00
  0.00000000e+00  0.00000000e+00  0.00000000e+00  0.00000000e+00
  0.00000000e+00  0.00000000e+00  0.00000000e+00  0.00000000e+00
  0.00000000e+00  0.00000000e+00  0.00000000e+00  0.00000000e+00
  0.00000000e+00  0.00000000e+00 -1.70022624e-07  2.56883148e-08
  0.00000000e+00  0.00000000e+00  0.00000000e+00  3.59640956e-06]","[[ 3.28152289e-05  8.20860433e-04]
 [-4.70546229e-05 -2.76627071e-04]]",[],0.0,0.0
1787563960.0057352,2.199884524700135,1.365430350155371,2.377510533323118,"[ 2.06323773e-06 -1.07046885e-06  0.00000000e+00  0.00000000e+00
  0.00000000e+00 -1.91103403e-07 -1.07046885e-06  1.76215036e-06
  0.00000000e+00  0.00000000e+00  0.00000000e+00  4.95089841e-08
  0.00000000e+00  0.00000000e+00  0.00000000e+00  0.00000000e+00
  0.00000000e+00  0.00000000e+00  0.00000000e+00  0.00000000e+00
  0.00000000e+00  0.00000000e+00  0.00000000e+00  0.00000000e+00
  0.00000000e+00  0.00000000e+00  0.00000000e+00  0.00000000e+00
  0.00000000e+00  0.00000000e+00 -1.91103403e-07  4.95089841e-08
  0.00000000e+00  0.00000000e+00  0.00000000e+00  3.56130227e-06]","[[ 3.30414429e-05  8.53804244e-04]
 [-4.70719172e-05 -3.18156456e-04]]",[],0.0,0.0
1787563960.0613961,2.199884524700135,1.365430350155371,2.377510533323118,"[ 2.06323773e-06 -1.07046885e-06  0.00000000e+00  0.00000000e+00
  0.00000000e+00 -1.91103403e-07 -1.07046885e-06  1.76215036e-06
  0.00000000e+00  0.00000000e+00  0.00000000e+00  4.95089841e-08
  0.00000000e+00  0.00000000e+00  0.00000000e+00  0.00000000e+00
  0.00000000e+00  0.00000000e+00  0.00000000e+00  0.00000000e+00
  0.00000000e+00  0.00000000e+00  0.00000000e+00  0.00000000e+00
  0.00000000e+00  0.00000000e+00  0.00000000e+00  0.00000000e+00
  0.00000000e+00  0.00000000e+00 -1.91103403e-07  4.95089841e-08
  0.00000000e+00  0.00000000e+00  0.00000000e+00  3.56130227e-06]","[[ 3.30414429e-05  8.53804244e-04]
 [-4.70719172e-05 -3.18156456e-04]]",[],0.0,0.0
1787563960.110928,2.199884524700135,1.365430350155371,2.377510533323118,"[ 2.06323773e-06 -1.07046885e-06  0.00000000e+00  0.00000000e+00
  0.00000000e+00 -1.91103403e-07 -1.07046885e-06  1.76215036e-06
  0.00000000e+00  0.00000000e+00  0.00000000e+00  4.95089841e-08
  0.00000000e+00  0.00000000e+00  0.00000000e+00  0.00000000e+00
  0.00000000e+00  0.00000000e+00  0.00000000e+00  0.00000000e+00
  0.00000000e+00  0.00000000e+00  0.00000000e+00  0.00000000e+00
  0.00000000e+00  0.00000000e+00  0.00000000e+00  0.00000000e+00
  0.00000000e+00  0.00000000e+00 -1.91103403e-07  4.95089841e-08
  0.00000000e+00  0.00000000e+00  0.00000000e+00  3.56130227e-06]","[[ 3.30414429e-05  8.53804244e-04]
 [-4.70719172e-05 -3.18156456e-04]]",[],0.0,0.0
1787563960.1564577,2.199884524700135,1.365430350155371,2.377510533323118,"[ 2.06323773e-06 -1.07046885e-06  0.00000000e+00  0.00000000e+00
  0.00000000e+00 -1.91103403e-07 -1.07046885e-06  1.76215036e-06
  0.00000000e+00  0.00000000e+00  0.00000000e+00  4.95089841e-08
  0.00000000e+00  0.00000000e+00  0.00000000e+00  0.00000000e+00
  0.00000000e+00  0.00000000e+00  0.00000000e+00  0.00000000e+00
  0.00000000e+00  0.00000000e+00  0.00000000e+00  0.00000000e+00
  0.00000000e+00  0.00000000e+00  0.00000000e+00  0.00000000e+00
  0.00000000e+00  0.00000000e+00 -1.91103403e-07  4.95089841e-08
  0.00000000e+00  0.00000000e+00  0.00000000e+00  3.56130227e-06]","[[ 3.30414429e-05  8.53804244e-04]
 [-4.70719172e-05 -3.18156456e-04]]",[],0.0,0.0
1787563960.2066295,2.199884524700135,1.365430350155371,2.377510533323118,"[ 2.06323773e-06 -1.07046885e-06  0.00000000e+00  0.00000000e+00
  0.00000000e+00 -1.91103403e-07 -1.07046885e-06  1.76215036e-06
  0.00000000e+00  0.00000000e+00  0.00000000e+00  4.95089841e-08
  0.00000000e+00  0.00000000e+00  0.00000000e+00  0.00000000e+00
  0.00000000e+00  0.00000000e+00  0.00000000e+00  0.00000000e+00
  0.00000000e+00  0.00000000e+00  0.00000000e+00  0.00000000e+00
  0.00000000e+00  0.00000000e+00  0.00000000e+00  0.00000000e+00
  0.00000000e+00  0.00000000e+00 -1.91103403e-07  4.95089841e-08
  0.00000000e+00  0.00000000e+00  0.00000000e+00  3.56130227e-06]","[[ 3.30414429e-05  8.53804244e-04]
 [-4.70719172e-05 -3.18156456e-04]]",[],0.0,0.0
1787563960.2571185,2.199884524700135,1.365430350155371,2.377510533323118,"[ 2.06323773e-06 -1.07046885e-06  0.00000000e+00  0.00000000e+00
  0.00000000e+00 -1.91103403e-07 -1.07046885e-06  1.76215036e-06
  0.00000000e+00  0.00000000e+00  0.00000000e+00  4.95089841e-08
  0.00000000e+00  0.00000000e+00  0.00000000e+00  0.00000000e+00
  0.00000000e+00  0.00000000e+00  0.00000000e+00  0.00000000e+00
  0.00000000e+00  0.00000000e+00  0.00000000e+00  0.00000000e+00
  0.00000000e+00  0.00000000e+00  0.00000000e+00  0.00000000e+00
  0.00000000e+00  0.00000000e+00 -1.91103403e-07  4.95089841e-08
  0.00000000e+00  0.00000000e+00  0.00000000e+00  3.56130227e-06]","[[ 3.30414429e-05  8.53804244e-04]
 [-4.70719172e-05 -3.18156456e-04]]",[],0.0,0.0
1787563960.306362,2.199884524700135,1.365430350155371,2.377510533323118,"[ 2.06323773e-06 -1.07046885e-06  0.00000000e+00  0.00000000e+00
  0.00000000e+00 -1.91103403e-07 -1.07046885e-06  1.76215036e-06
  0.00000000e+00  0.00000000e+00  0.00000000e+00  4.95089841e-08
  0.00000000e+00  0.00000000e+00  0.00000000e+00  0.00000000e+00
  0.00000000e+00  0.00000000e+00  0.00000000e+00  0.00000000e+00
  0.00000000e+00  0.00000000e+00  0.00000000e+00  0.00000000e+00
  0.00000000e+00  0.00000000e+00  0.00000000e+00  0.00000000e+00
  0.00000000e+00  0.00000000e+00 -1.91103403e-07  4.95089841e-08
  0.00000000e+00  0.00000000e+00  0.00000000e+00  3.56130227e-06]","[[ 3.30414429e-05  8.53804244e-04]
 [-4.70719172e-05 -3.18156456e-04]]",[],0.0,0.0
1787563960.362028,2.199884524700135,1.365430350155371,2.377510533323118,"[ 2.06323773e-06 -1.07046885e-06  0.00000000e+00  0.00000000e+00
  0.00000000e+00 -1.91103403e-07 -1.07046885e-06  1.76215036e-06
  0.00000000e+00  0.00000000e+00  0.00000000e+00  4.95089841e-08
  0.00000000e+00  0.00000000e+00  0.00000000e+00  0.00000000e+00
  0.00000000e+00  0.00000000e+00  0.00000000e+00  0.00000000e+00
  0.00000000e+00  0.00000000e+00  0.00000000e+00  0.00000000e+00
  0.00000000e+00  0.00000000e+00  0.00000000e+00  0.00000000e+00
  0.00000000e+00  0.00000000e+00 -1.91103403e-07  4.95089841e-08
  0.00000000e+00  0.00000000e+00  0.00000000e+00  3.56130227e-06]","[[ 3.30414429e-05  8.53804244e-04]
 [-4.70719172e-05 -3.18156456e-04]]",[],0.0,0.0
1787563960.4069679,2.199884524700135,1.365430350155371,2.377510533323118,"[ 2.06323773e-06 -1.07046885e-06  0.00000000e+00  0.00000000e+00
  0.00000000e+00 -1.91103403e-07 -1.07046885e-06  1.76215036e-06
  0.00000000e+00  0.00000000e+00  0.00000000e+00  4.95089841e-08
  0.00000000e+00  0.00000000e+00  0.00000000e+00  0.00000000e+00
  0.00000000e+00  0.00000000e+00  0.00000000e+00  0.00000000e+00
  0.00000000e+00  0.00000000e+00  0.00000000e+00  0.00000000e+00
  0.00000000e+00  0.00000000e+00  0.00000000e+00  0.00000000e+00
  0.00000000e+00  0.00000000e+00 -1.91103403e-07  4.95089841e-08
  0.00000000e+00  0.00000000e+00  0.00000000e+00  3.56130227e-06]","[[ 3.30414429e-05  8.53804244e-04]
 [-4.70719172e-05 -3.18156456e-04]]",[],0.0,0.0
1787563960.474289,2.199884524700135,1.365430350155371,2.377510533323118,"[ 2.06323773e-06 -1.07046885e-06  0.00000000e+00  0.00000000e+00
  0.00000000e+00 -1.91103403e-07 -1.07046885e-06  1.76215036e-06
  0.00000000e+00  0.00000000e+00  0.00000000e+00  4.95089841e-08
  0.00000000e+00  0.00000000e+00  0.00000000e+00  0.00000000e+00
  0.00000000e+00  0.00000000e+00  0.00000000e+00  0.00000000e+00
  0.00000000e+00  0.00000000e+00  0.00000000e+00  0.00000000e+00
  0.00000000e+00  0.00000000e+00  0.00000000e+00  0.00000000e+00
  0.00000000e+00  0.00000000e+00 -1.91103403e-07  4.95089841e-08
  0.00000000e+00  0.00000000e+00  0.00000000e+00  3.56130227e-06]","[[ 3.30414429e-05  8.53804244e-04]
 [-4.70719172e-05 -3.18156456e-04]]",[],0.0,0.0
1787563960.5080843,2.199884524700135,1.365430350155371,2.377510533323118,"[ 2.06323773e-06 -1.07046885e-06  0.00000000e+00  0.00000000e+00
  0.00000000e+00 -1.91103403e-07 -1.07046885e-06  1.76215036e-06
  0.00000000e+00  0.00000000e+00  0.00000000e+00  4.95089841e-08
  0.00000000e+00  0.00000000e+00  0.00000000e+00  0.00000000e+00
  0.00000000e+00  0.00000000e+00  0.00000000e+00  0.00000000e+00
  0.00000000e+00  0.00000000e+00  0.00000000e+00  0.00000000e+00
  0.00000000e+00  0.00000000e+00  0.00000000e+00  0.00000000e+00
  0.00000000e+00  0.00000000e+00 -1.91103403e-07  4.95089841e-08
  0.00000000e+00  0.00000000e+00  0.00000000e+00  3.56130227e-06]","[[ 3.30414429e-05  8.53804244e-04]
 [-4.70719172e-05 -3.18156456e-04]]",[],0.0,0.0
1787563960.563846,2.199884524700135,1.365430350155371,2.377510533323118,"[ 2.06323773e-06 -1.07046885e-06  0.00000000e+00  0.00000000e+00
  0.00000000e+00 -1.91103403e-07 -1.07046885e-06  1.76215036e-06
  0.00000000e+00  0.00000000e+00  0.00000000e+00  4.95089841e-08
  0.00000000e+00  0.00000000e+00  0.00000000e+00  0.00000000e+00
  0.00000000e+00  0.00000000e+00  0.00000000e+00  0.00000000e+00
  0.00000000e+00  0.00000000e+00  0.00000000e+00  0.00000000e+00
  0.00000000e+00  0.00000000e+00  0.00000000e+00  0.00000000e+00
  0.00000000e+00  0.00000000e+00 -1.91103403e-07  4.95089841e-08
  0.00000000e+00  0.00000000e+00  0.00000000e+00  3.56130227e-06]","[[ 3.30414429e-05  8.53804244e-04]
 [-4.70719172e-05 -3.18156456e-04]]",[],0.0,0.0
1787563960.6089716,2.199884524700135,1.365430350155371,2.377510533323118,"[ 2.06323773e-06 -1.07046885e-06  0.00000000e+00  0.00000000e+00
  0.00000000e+00 -1.91103403e-07 -1.07046885e-06  1.76215036e-06
  0.00000000e+00  0.00000000e+00  0.00000000e+00  4.95089841e-08
  0.00000000e+00  0.00000000e+00  0.00000000e+00  0.00000000e+00
  0.00000000e+00  0.00000000e+00  0.00000000e+00  0.00000000e+00
  0.00000000e+00  0.00000000e+00  0.00000000e+00  0.00000000e+00
  0.00000000e+00  0.00000000e+00  0.00000000e+00  0.00000000e+00
  0.00000000e+00  0.00000000e+00 -1.91103403e-07  4.95089841e-08
  0.00000000e+00  0.00000000e+00  0.00000000e+00  3.56130227e-06]","[[ 3.30414429e-05  8.53804244e-04]
 [-4.70719172e-05 -3.18156456e-04]]",[],0.0,0.0
1787563960.6574903,2.199884524700135,1.365430350155371,2.377510533323118,"[ 2.06323773e-06 -1.07046885e-06  0.00000000e+00  0.00000000e+00
  0.00000000e+00 -1.91103403e-07 -1.07046885e-06  1.76215036e-06
  0.00000000e+00  0.00000000e+00  0.00000000e+00  4.95089841e-08
  0.00000000e+00  0.00000000e+00  0.00000000e+00  0.00000000e+00
  0.00000000e+00  0.00000000e+00  0.00000000e+00  0.00000000e+00
  0.00000000e+00  0.00000000e+00  0.00000000e+00  0.00000000e+00
  0.00000000e+00  0.00000000e+00  0.00000000e+00  0.00000000e+00
  0.00000000e+00  0.00000000e+00 -1.91103403e-07  4.95089841e-08
  0.00000000e+00  0.00000000e+00  0.00000000e+00  3.56130227e-06]","[[ 3.30414429e-05  8.53804244e-04]
 [-4.70719172e-05 -3.18156456e-04]]",[],0.0,0.0
1787563960.721489,2.202831020680084,1.3627981889525826,2.3699881843290065,"[ 2.05352346e-06 -1.07368505e-06  0.00000000e+00  0.00000000e+00
  0.00000000e+00 -1.63135888e-07 -1.07368505e-06  1.75552575e-06
  0.00000000e+00  0.00000000e+00  0.00000000e+00  2.82336184e-08
  0.00000000e+00  0.00000000e+00  0.00000000e+00  0.00000000e+00
  0.00000000e+00  0.00000000e+00  0.00000000e+00  0.00000000e+00
  0.00000000e+00  0.00000000e+00  0.00000000e+00  0.00000000e+00
  0.00000000e+00  0.00000000e+00  0.00000000e+00  0.00000000e+00
  0.00000000e+00  0.00000000e+00 -1.63135888e-07  2.82336184e-08
  0.00000000e+00  0.00000000e+00  0.00000000e+00  3.44100156e-06]","[[ 3.31064900e-05  8.04363569e-04]
 [-4.69247730e-05 -2.83819004e-04]]",[],0.0,0.0
1787563960.7561834,2.202831020680084,1.3627981889525826,2.3699881843290065,"[ 2.05352346e-06 -1.07368505e-06  0.00000000e+00  0.00000000e+00
  0.00000000e+00 -1.63135888e-07 -1.07368505e-06  1.75552575e-06
  0.00000000e+00  0.00000000e+00  0.00000000e+00  2.82336184e-08
  0.00000000e+00  0.00000000e+00  0.00000000e+00  0.00000000e+00
  0.00000000e+00  0.00000000e+00  0.00000000e+00  0.00000000e+00
  0.00000000e+00  0.00000000e+00  0.00000000e+00  0.00000000e+00
  0.00000000e+00  0.00000000e+00  0.00000000e+00  0.00000000e+00
  0.00000000e+00  0.00000000e+00 -1.63135888e-07  2.82336184e-08
  0.00000000e+00  0.00000000e+00  0.00000000e+00  3.44100156e-06]","[[ 3.31064900e-05  8.04363569e-04]
 [-4.69247730e-05 -2.83819004e-04]]",[],0.0,0.0
1787563960.808078,2.202831020680084,1.3627981889525826,2.3699881843290065,"[ 2.05352346e-06 -1.07368505e-06  0.00000000e+00  0.00000000e+00
  0.00000000e+00 -1.63135888e-07 -1.07368505e-06  1.75552575e-06
  0.00000000e+00  0.00000000e+00  0.00000000e+00  2.82336184e-08
  0.00000000e+00  0.00000000e+00  0.00000000e+00  0.00000000e+00
  0.00000000e+00  0.00000000e+00  0.00000000e+00  0.00000000e+00
  0.00000000e+00  0.00000000e+00  0.00000000e+00  0.00000000e+00
  0.00000000e+00  0.00000000e+00  0.00000000e+00  0.00000000e+00
  0.00000000e+00  0.00000000e+00 -1.63135888e-07  2.82336184e-08
  0.00000000e+00  0.00000000e+00  0.00000000e+00  3.44100156e-06]","[[ 3.31064900e-05  8.04363569e-04]
 [-4.69247730e-05 -2.83819004e-04]]",[],0.0,0.0
1787563960.8561168,2.202831020680084,1.3627981889525826,2.3699881843290065,"[ 2.05352346e-06 -1.07368505e-06  0.00000000e+00  0.00000000e+00
  0.00000000e+00 -1.63135888e-07 -1.07368505e-06  1.75552575e-06
  0.00000000e+00  0.00000000e+00  0.00000000e+00  2.82336184e-08
  0.00000000e+00  0.00000000e+00  0.00000000e+00  0.00000000e+00
  0.00000000e+00  0.00000000e+00  0.00000000e+00  0.00000000e+00
  0.00000000e+00  0.00000000e+00  0.00000000e+00  0.00000000e+00
  0.00000000e+00  0.00000000e+00  0.00000000e+00  0.00000000e+00
  0.00000000e+00  0.00000000e+00 -1.63135888e-07  2.82336184e-08
  0.00000000e+00  0.00000000e+00  0.00000000e+00  3.44100156e-06]","[[ 3.31064900e-05  8.04363569e-04]
 [-4.69247730e-05 -2.83819004e-04]]",[],0.0,0.0
1787563960.9060614,2.202831020680084,1.3627981889525826,2.3699881843290065,"[ 2.05352346e-06 -1.07368505e-06  0.00000000e+00  0.00000000e+00
  0.00000000e+00 -1.63135888e-07 -1.07368505e-06  1.75552575e-06
  0.00000000e+00  0.00000000e+00  0.00000000e+00  2.82336184e-08
  0.00000000e+00  0.00000000e+00  0.00000000e+00  0.00000000e+00
  0.00000000e+00  0.00000000e+00  0.00000000e+00  0.00000000e+00
  0.00000000e+00  0.00000000e+00  0.00000000e+00  0.00000000e+00
  0.00000000e+00  0.00000000e+00  0.00000000e+00  0.00000000e+00
  0.00000000e+00  0.00000000e+00 -1.63135888e-07  2.82336184e-08
  0.00000000e+00  0.00000000e+00  0.00000000e+00  3.44100156e-06]","[[ 3.31064900e-05  8.04363569e-04]
 [-4.69247730e-05 -2.83819004e-04]]",[],0.0,0.0
1787563960.957142,2.202831020680084,1.3627981889525826,2.3699881843290065,"[ 2.05352346e-06 -1.07368505e-06  0.00000000e+00  0.00000000e+00
  0.00000000e+00 -1.63135888e-07 -1.07368505e-06  1.75552575e-06
  0.00000000e+00  0.00000000e+00  0.00000000e+00  2.82336184e-08
  0.00000000e+00  0.00000000e+00  0.00000000e+00  0.00000000e+00
  0.00000000e+00  0.00000000e+00  0.00000000e+00  0.00000000e+00
  0.00000000e+00  0.00000000e+00  0.00000000e+00  0.00000000e+00
  0.00000000e+00  0.00000000e+00  0.00000000e+00  0.00000000e+00
  0.00000000e+00  0.00000000e+00 -1.63135888e-07  2.82336184e-08
  0.00000000e+00  0.00000000e+00  0.00000000e+00  3.44100156e-06]","[[ 3.31064900e-05  8.04363569e-04]
 [-4.69247730e-05 -2.83819004e-04]]",[],0.0,0.0
1787563961.0063047,2.202831020680084,1.3627981889525826,2.3699881843290065,"[ 2.05352346e-06 -1.07368505e-06  0.00000000e+00  0.00000000e+00
  0.00000000e+00 -1.63135888e-07 -1.07368505e-06  1.75552575e-06
  0.00000000e+00  0.00000000e+00  0.00000000e+00  2.82336184e-08
  0.00000000e+00  0.00000000e+00  0.00000000e+00  0.00000000e+00
  0.00000000e+00  0.00000000e+00  0.00000000e+00  0.00000000e+00
  0.00000000e+00  0.00000000e+00  0.00000000e+00  0.00000000e+00
  0.00000000e+00  0.00000000e+00  0.00000000e+00  0.00000000e+00
  0.00000000e+00  0.00000000e+00 -1.63135888e-07  2.82336184e-08
  0.00000000e+00  0.00000000e+00  0.00000000e+00  3.44100156e-06]","[[ 3.31064900e-05  8.04363569e-04]
 [-4.69247730e-05 -2.83819004e-04]]",[],0.0,0.0
1787563961.0622146,2.202831020680084,1.3627981889525826,2.3699881843290065,"[ 2.05352346e-06 -1.07368505e-06  0.00000000e+00  0.00000000e+00
  0.00000000e+00 -1.63135888e-07 -1.07368505e-06  1.75552575e-06
  0.00000000e+00  0.00000000e+00  0.00000000e+00  2.82336184e-08
  0.00000000e+00  0.00000000e+00  0.00000000e+00  0.00000000e+00
  0.00000000e+00  0.00000000e+00  0.00000000e+00  0.00000000e+00
  0.00000000e+00  0.00000000e+00  0.00000000e+00  0.00000000e+00
  0.00000000e+00  0.00000000e+00  0.00000000e+00  0.00000000e+00
  0.00000000e+00  0.00000000e+00 -1.63135888e-07  2.82336184e-08
  0.00000000e+00  0.00000000e+00  0.00000000e+00  3.44100156e-06]","[[ 3.31064900e-05  8.04363569e-04]
 [-4.69247730e-05 -2.83819004e-04]]",[],0.0,0.0
1787563961.1078455,2.202831020680084,1.3627981889525826,2.3699881843290065,"[ 2.05352346e-06 -1.07368505e-06  0.00000000e+00  0.00000000e+00
  0.00000000e+00 -1.63135888e-07 -1.07368505e-06  1.75552575e-06
  0.00000000e+00  0.00000000e+00  0.00000000e+00  2.82336184e-08
  0.00000000e+00  0.00000000e+00  0.00000000e+00  0.00000000e+00
  0.00000000e+00  0.00000000e+00  0.00000000e+00  0.00000000e+00
  0.00000000e+00  0.00000000e+00  0.00000000e+00  0.00000000e+00
  0.00000000e+00  0.00000000e+00  0.00000000e+00  0.00000000e+00
  0.00000000e+00  0.00000000e+00 -1.63135888e-07  2.82336184e-08
  0.00000000e+00  0.00000000e+00  0.00000000e+00  3.44100156e-06]","[[ 3.31064900e-05  8.04363569e-04]
 [-4.69247730e-05 -2.83819004e-04]]",[],0.0,0.0
1787563961.157654,2.202831020680084,1.3627981889525826,2.3699881843290065,"[ 2.05352346e-06 -1.07368505e-06  0.00000000e+00  0.00000000e+00
  0.00000000e+00 -1.63135888e-07 -1.07368505e-06  1.75552575e-06
  0.00000000e+00  0.00000000e+00  0.00000000e+00  2.82336184e-08
  0.00000000e+00  0.00000000e+00  0.00000000e+00  0.00000000e+00
  0.00000000e+00  0.00000000e+00  0.00000000e+00  0.00000000e+00
  0.00000000e+00  0.00000000e+00  0.00000000e+00  0.00000000e+00
  0.00000000e+00  0.00000000e+00  0.00000000e+00  0.00000000e+00
  0.00000000e+00  0.00000000e+00 -1.63135888e-07  2.82336184e-08
  0.00000000e+00  0.00000000e+00  0.00000000e+00  3.44100156e-06]","[[ 3.31064900e-05  8.04363569e-04]
 [-4.69247730e-05 -2.83819004e-04]]",[],0.0,0.0
1787563961.2085128,2.202831020680084,1.3627981889525826,2.3699881843290065,"[ 2.05352346e-06 -1.07368505e-06  0.00000000e+00  0.00000000e+00
  0.00000000e+00 -1.63135888e-07 -1.07368505e-06  1.75552575e-06
  0.00000000e+00  0.00000000e+00  0.00000000e+00  2.82336184e-08
  0.00000000e+00  0.00000000e+00  0.00000000e+00  0.00000000e+00
  0.00000000e+00  0.00000000e+00  0.00000000e+00  0.00000000e+00
  0.00000000e+00  0.00000000e+00  0.00000000e+00  0.00000000e+00
  0.00000000e+00  0.00000000e+00  0.00000000e+00  0.00000000e+00
  0.00000000e+00  0.00000000e+00 -1.63135888e-07  2.82336184e-08
  0.00000000e+00  0.00000000e+00  0.00000000e+00  3.44100156e-06]","[[ 3.31064900e-05  8.04363569e-04]
 [-4.69247730e-05 -2.83819004e-04]]",[],0.0,0.0
1787563961.2561538,2.202831020680084,1.3627981889525826,2.3699881843290065,"[ 2.05352346e-06 -1.07368505e-06  0.00000000e+00  0.00000000e+00
  0.00000000e+00 -1.63135888e-07 -1.07368505e-06  1.75552575e-06
  0.00000000e+00  0.00000000e+00  0.00000000e+00  2.82336184e-08
  0.00000000e+00  0.00000000e+00  0.00000000e+00  0.00000000e+00
  0.00000000e+00  0.00000000e+00  0.00000000e+00  0.00000000e+00
  0.00000000e+00  0.00000000e+00  0.00000000e+00  0.00000000e+00
  0.00000000e+00  0.00000000e+00  0.00000000e+00  0.00000000e+00
  0.00000000e+00  0.00000000e+00 -1.63135888e-07  2.82336184e-08
  0.00000000e+00  0.00000000e+00  0.00000000e+00  3.44100156e-06]","[[ 3.31064900e-05  8.04363569e-04]
 [-4.69247730e-05 -2.83819004e-04]]",[],0.0,0.0
1787563961.3133621,2.202831020680084,1.3627981889525826,2.3699881843290065,"[ 2.05352346e-06 -1.07368505e-06  0.00000000e+00  0.00000000e+00
  0.00000000e+00 -1.63135888e-07 -1.07368505e-06  1.75552575e-06
  0.00000000e+00  0.00000000e+00  0.00000000e+00  2.82336184e-08
  0.00000000e+00  0.00000000e+00  0.00000000e+00  0.00000000e+00
  0.00000000e+00  0.00000000e+00  0.00000000e+00  0.00000000e+00
  0.00000000e+00  0.00000000e+00  0.00000000e+00  0.00000000e+00
  0.00000000e+00  0.00000000e+00  0.00000000e+00  0.00000000e+00
  0.00000000e+00  0.00000000e+00 -1.63135888e-07  2.82336184e-08
  0.00000000e+00  0.00000000e+00  0.00000000e+00  3.44100156e-06]","[[ 3.31064900e-05  8.04363569e-04]
 [-4.69247730e-05 -2.83819004e-04]]",[],0.0,0.0
1787563961.3571696,2.2049090886793827,1.3608059856070467,2.3688818031984287,"[ 2.03457066e-06 -1.07000256e-06  0.00000000e+00  0.00000000e+00
  0.00000000e+00 -1.74998336e-07 -1.07000256e-06  1.74398036e-06
  0.00000000e+00  0.00000000e+00  0.00000000e+00  4.42036943e-08
  0.00000000e+00  0.00000000e+00  0.00000000e+00  0.00000000e+00
  0.00000000e+00  0.00000000e+00  0.00000000e+00  0.00000000e+00
  0.00000000e+00  0.00000000e+00  0.00000000e+00  0.00000000e+00
  0.00000000e+00  0.00000000e+00  0.00000000e+00  0.00000000e+00
  0.00000000e+00  0.00000000e+00 -1.74998336e-07  4.42036943e-08
  0.00000000e+00  0.00000000e+00  0.00000000e+00  3.46719136e-06]","[[ 3.29760835e-05  8.18398176e-04]
 [-4.66360796e-05 -3.09265509e-04]]",[],0.0,0.0
1787563961.4098878,2.2049090886793827,1.3608059856070467,2.3688818031984287,"[ 2.03457066e-06 -1.07000256e-06  0.00000000e+00  0.00000000e+00
  0.00000000e+00 -1.74998336e-07 -1.07000256e-06  1.74398036e-06
  0.00000000e+00  0.00000000e+00  0.00000000e+00  4.42036943e-08
  0.00000000e+00  0.00000000e+00  0.00000000e+00  0.00000000e+00
  0.00000000e+00  0.00000000e+00  0.00000000e+00  0.00000000e+00
  0.00000000e+00  0.00000000e+00  0.00000000e+00  0.00000000e+00
  0.00000000e+00  0.00000000e+00  0.00000000e+00  0.00000000e+00
  0.00000000e+00  0.00000000e+00 -1.74998336e-07  4.42036943e-08
  0.00000000e+00  0.00000000e+00  0.00000000e+00  3.46719136e-06]","[[ 3.29760835e-05  8.18398176e-04]
 [-4.66360796e-05 -3.09265509e-04]]",[],0.0,0.0
1787563961.4571183,2.2049090886793827,1.3608059856070467,2.3688818031984287,"[ 2.03457066e-06 -1.07000256e-06  0.00000000e+00  0.00000000e+00
  0.00000000e+00 -1.74998336e-07 -1.07000256e-06  1.74398036e-06
  0.00000000e+00  0.00000000e+00  0.00000000e+00  4.42036943e-08
  0.00000000e+00  0.00000000e+00  0.00000000e+00  0.00000000e+00
  0.00000000e+00  0.00000000e+00  0.00000000e+00  0.00000000e+00
  0.00000000e+00  0.00000000e+00  0.00000000e+00  0.00000000e+00
  0.00000000e+00  0.00000000e+00  0.00000000e+00  0.00000000e+00
  0.00000000e+00  0.00000000e+00 -1.74998336e-07  4.42036943e-08
  0.00000000e+00  0.00000000e+00  0.00000000e+00  3.46719136e-06]","[[ 3.29760835e-05  8.18398176e-04]
 [-4.66360796e-05 -3.09265509e-04]]",[],0.0,0.0
1787563961.506498,2.2049090886793827,1.3608059856070467,2.3688818031984287,"[ 2.03457066e-06 -1.07000256e-06  0.00000000e+00  0.00000000e+00
  0.00000000e+00 -1.74998336e-07 -1.07000256e-06  1.74398036e-06
  0.00000000e+00  0.00000000e+00  0.00000000e+00  4.42036943e-08
  0.00000000e+00  0.00000000e+00  0.00000000e+00  0.00000000e+00
  0.00000000e+00  0.00000000e+00  0.00000000e+00  0.00000000e+00
  0.00000000e+00  0.00000000e+00  0.00000000e+00  0.00000000e+00
  0.00000000e+00  0.00000000e+00  0.00000000e+00  0.00000000e+00
  0.00000000e+00  0.00000000e+00 -1.74998336e-07  4.42036943e-08
  0.00000000e+00  0.00000000e+00  0.00000000e+00  3.46719136e-06]","[[ 3.29760835e-05  8.18398176e-04]
 [-4.66360796e-05 -3.09265509e-04]]",[],0.0,0.0
1787563961.5569346,2.2049090886793827,1.3608059856070467,2.3688818031984287,"[ 2.03457066e-06 -1.07000256e-06  0.00000000e+00  0.00000000e+00
  0.00000000e+00 -1.74998336e-07 -1.07000256e-06  1.74398036e-06
  0.00000000e+00  0.00000000e+00  0.00000000e+00  4.42036943e-08
  0.00000000e+00  0.00000000e+00  0.00000000e+00  0.00000000e+00
  0.00000000e+00  0.00000000e+00  0.00000000e+00  0.00000000e+00
  0.00000000e+00  0.00000000e+00  0.00000000e+00  0.00000000e+00
  0.00000000e+00  0.00000000e+00  0.00000000e+00  0.00000000e+00
  0.00000000e+00  0.00000000e+00 -1.74998336e-07  4.42036943e-08
  0.00000000e+00  0.00000000e+00  0.00000000e+00  3.46719136e-06]","[[ 3.29760835e-05  8.18398176e-04]
 [-4.66360796e-05 -3.09265509e-04]]",[],0.0,0.0
1787563961.6122344,2.2049090886793827,1.3608059856070467,2.3688818031984287,"[ 2.03457066e-06 -1.07000256e-06  0.00000000e+00  0.00000000e+00
  0.00000000e+00 -1.74998336e-07 -1.07000256e-06  1.74398036e-06
  0.00000000e+00  0.00000000e+00  0.00000000e+00  4.42036943e-08
  0.00000000e+00  0.00000000e+00  0.00000000e+00  0.00000000e+00
  0.00000000e+00  0.00000000e+00  0.00000000e+00  0.00000000e+00
  0.00000000e+00  0.00000000e+00  0.00000000e+00  0.00000000e+00
  0.00000000e+00  0.00000000e+00  0.00000000e+00  0.00000000e+00
  0.00000000e+00  0.00000000e+00 -1.74998336e-07  4.42036943e-08
  0.00000000e+00  0.00000000e+00  0.00000000e+00  3.46719136e-06]","[[ 3.29760835e-05  8.18398176e-04]
 [-4.66360796e-05 -3.09265509e-04]]",[],0.0,0.0
1787563961.656628,2.2049090886793827,1.3608059856070467,2.3688818031984287,"[ 2.03457066e-06 -1.07000256e-06  0.00000000e+00  0.00000000e+00
  0.00000000e+00 -1.74998336e-07 -1.07000256e-06  1.74398036e-06
  0.00000000e+00  0.00000000e+00  0.00000000e+00  4.42036943e-08
  0.00000000e+00  0.00000000e+00  0.00000000e+00  0.00000000e+00
  0.00000000e+00  0.00000000e+00  0.00000000e+00  0.00000000e+00
  0.00000000e+00  0.00000000e+00  0.00000000e+00  0.00000000e+00
  0.00000000e+00  0.00000000e+00  0.00000000e+00  0.00000000e+00
  0.00000000e+00  0.00000000e+00 -1.74998336e-07  4.42036943e-08
  0.00000000e+00  0.00000000e+00  0.00000000e+00  3.46719136e-06]","[[ 3.29760835e-05  8.18398176e-04]
 [-4.66360796e-05 -3.09265509e-04]]",[],0.0,0.0
1787563961.7057915,2.2049090886793827,1.3608059856070467,2.3688818031984287,"[ 2.03457066e-06 -1.07000256e-06  0.00000000e+00  0.00000000e+00
  0.00000000e+00 -1.74998336e-07 -1.07000256e-06  1.74398036e-06
  0.00000000e+00  0.00000000e+00  0.00000000e+00  4.42036943e-08
  0.00000000e+00  0.00000000e+00  0.00000000e+00  0.00000000e+00
  0.00000000e+00  0.00000000e+00  0.00000000e+00  0.00000000e+00
  0.00000000e+00  0.00000000e+00  0.00000000e+00  0.00000000e+00
  0.00000000e+00  0.00000000e+00  0.00000000e+00  0.00000000e+00
  0.00000000e+00  0.00000000e+00 -1.74998336e-07  4.42036943e-08
  0.00000000e+00  0.00000000e+00  0.00000000e+00  3.46719136e-06]","[[ 3.29760835e-05  8.18398176e-04]
 [-4.66360796e-05 -3.09265509e-04]]",[],0.0,0.0
1787563961.7560678,2.2049090886793827,1.3608059856070467,2.3688818031984287,"[ 2.03457066e-06 -1.07000256e-06  0.00000000e+00  0.00000000e+00
  0.00000000e+00 -1.74998336e-07 -1.07000256e-06  1.74398036e-06
  0.00000000e+00  0.00000000e+00  0.00000000e+00  4.42036943e-08
  0.00000000e+00  0.00000000e+00  0.00000000e+00  0.00000000e+00
  0.00000000e+00  0.00000000e+00  0.00000000e+00  0.00000000e+00
  0.00000000e+00  0.00000000e+00  0.00000000e+00  0.00000000e+00
  0.00000000e+00  0.00000000e+00  0.00000000e+00  0.00000000e+00
  0.00000000e+00  0.00000000e+00 -1.74998336e-07  4.42036943e-08
  0.00000000e+00  0.00000000e+00  0.00000000e+00  3.46719136e-06]","[[ 3.29760835e-05  8.18398176e-04]
 [-4.66360796e-05 -3.09265509e-04]]",[],0.0,0.0
1787563961.806026,2.2049090886793827,1.3608059856070467,2.3688818031984287,"[ 2.03457066e-06 -1.07000256e-06  0.00000000e+00  0.00000000e+00
  0.00000000e+00 -1.74998336e-07 -1.07000256e-06  1.74398036e-06
  0.00000000e+00  0.00000000e+00  0.00000000e+00  4.42036943e-08
  0.00000000e+00  0.00000000e+00  0.00000000e+00  0.00000000e+00
  0.00000000e+00  0.00000000e+00  0.00000000e+00  0.00000000e+00
  0.00000000e+00  0.00000000e+00  0.00000000e+00  0.00000000e+00
  0.00000000e+00  0.00000000e+00  0.00000000e+00  0.00000000e+00
  0.00000000e+00  0.00000000e+00 -1.74998336e-07  4.42036943e-08
  0.00000000e+00  0.00000000e+00  0.00000000e+00  3.46719136e-06]","[[ 3.29760835e-05  8.18398176e-04]
 [-4.66360796e-05 -3.09265509e-04]]",[],0.0,0.0
1787563961.860258,2.2049090886793827,1.3608059856070467,2.3688818031984287,"[ 2.03457066e-06 -1.07000256e-06  0.00000000e+00  0.00000000e+00
  0.00000000e+00 -1.74998336e-07 -1.07000256e-06  1.74398036e-06
  0.00000000e+00  0.00000000e+00  0.00000000e+00  4.42036943e-08
  0.00000000e+00  0.00000000e+00  0.00000000e+00  0.00000000e+00
  0.00000000e+00  0.00000000e+00  0.00000000e+00  0.00000000e+00
  0.00000000e+00  0.00000000e+00  0.00000000e+00  0.00000000e+00
  0.00000000e+00  0.00000000e+00  0.00000000e+00  0.00000000e+00
  0.00000000e+00  0.00000000e+00 -1.74998336e-07  4.42036943e-08
  0.00000000e+00  0.00000000e+00  0.00000000e+00  3.46719136e-06]","[[ 3.29760835e-05  8.18398176e-04]
 [-4.66360796e-05 -3.09265509e-04]]",[],0.0,0.0
1787563961.9119444,2.2049090886793827,1.3608059856070467,2.3688818031984287,"[ 2.03457066e-06 -1.07000256e-06  0.00000000e+00  0.00000000e+00
  0.00000000e+00 -1.74998336e-07 -1.07000256e-06  1.74398036e-06
  0.00000000e+00  0.00000000e+00  0.00000000e+00  4.42036943e-08
  0.00000000e+00  0.00000000e+00  0.00000000e+00  0.00000000e+00
  0.00000000e+00  0.00000000e+00  0.00000000e+00  0.00000000e+00
  0.00000000e+00  0.00000000e+00  0.00000000e+00  0.00000000e+00
  0.00000000e+00  0.00000000e+00  0.00000000e+00  0.00000000e+00
  0.00000000e+00  0.00000000e+00 -1.74998336e-07  4.42036943e-08
  0.00000000e+00  0.00000000e+00  0.00000000e+00  3.46719136e-06]","[[ 3.29760835e-05  8.18398176e-04]
 [-4.66360796e-05 -3.09265509e-04]]",[],0.0,0.0
1787563961.9574778,2.2049090886793827,1.3608059856070467,2.3688818031984287,"[ 2.03457066e-06 -1.07000256e-06  0.00000000e+00  0.00000000e+00
  0.00000000e+00 -1.74998336e-07 -1.07000256e-06  1.74398036e-06
  0.00000000e+00  0.00000000e+00  0.00000000e+00  4.42036943e-08
  0.00000000e+00  0.00000000e+00  0.00000000e+00  0.00000000e+00
  0.00000000e+00  0.00000000e+00  0.00000000e+00  0.00000000e+00
  0.00000000e+00  0.00000000e+00  0.00000000e+00  0.00000000e+00
  0.00000000e+00  0.00000000e+00  0.00000000e+00  0.00000000e+00
  0.00000000e+00  0.00000000e+00 -1.74998336e-07  4.42036943e-08
  0.00000000e+00  0.00000000e+00  0.00000000e+00  3.46719136e-06]","[[ 3.29760835e-05  8.18398176e-04]
 [-4.66360796e-05 -3.09265509e-04]]",[],0.0,0.0
1787563962.006791,2.2068801468623764,1.3589821877638124,2.36597645529873,"[ 2.02178058e-06 -1.06940355e-06  0.00000000e+00  0.00000000e+00
  0.00000000e+00 -1.77624617e-07 -1.06940355e-06  1.73426333e-06
  0.00000000e+00  0.00000000e+00  0.00000000e+00  4.50029371e-08
  0.00000000e+00  0.00000000e+00  0.00000000e+00  0.00000000e+00
  0.00000000e+00  0.00000000e+00  0.00000000e+00  0.00000000e+00
  0.00000000e+00  0.00000000e+00  0.00000000e+00  0.00000000e+00
  0.00000000e+00  0.00000000e+00  0.00000000e+00  0.00000000e+00
  0.00000000e+00  0.00000000e+00 -1.77624617e-07  4.50029371e-08
  0.00000000e+00  0.00000000e+00  0.00000000e+00  3.45012908e-06]","[[ 3.29350953e-05  8.18885355e-04]
 [-4.63996708e-05 -3.10516253e-04]]",[],0.0,0.0
1787563962.0571394,2.2068801468623764,1.3589821877638124,2.36597645529873,"[ 2.02178058e-06 -1.06940355e-06  0.00000000e+00  0.00000000e+00
  0.00000000e+00 -1.77624617e-07 -1.06940355e-06  1.73426333e-06
  0.00000000e+00  0.00000000e+00  0.00000000e+00  4.50029371e-08
  0.00000000e+00  0.00000000e+00  0.00000000e+00  0.00000000e+00
  0.00000000e+00  0.00000000e+00  0.00000000e+00  0.00000000e+00
  0.00000000e+00  0.00000000e+00  0.00000000e+00  0.00000000e+00
  0.00000000e+00  0.00000000e+00  0.00000000e+00  0.00000000e+00
  0.00000000e+00  0.00000000e+00 -1.77624617e-07  4.50029371e-08
  0.00000000e+00  0.00000000e+00  0.00000000e+00  3.45012908e-06]","[[ 3.29350953e-05  8.18885355e-04]
 [-4.63996708e-05 -3.10516253e-04]]",[],0.0,0.0
1787563962.1059535,2.2068801468623764,1.3589821877638124,2.36597645529873,"[ 2.02178058e-06 -1.06940355e-06  0.00000000e+00  0.00000000e+00
  0.00000000e+00 -1.77624617e-07 -1.06940355e-06  1.73426333e-06
  0.00000000e+00  0.00000000e+00  0.00000000e+00  4.50029371e-08
  0.00000000e+00  0.00000000e+00  0.00000000e+00  0.00000000e+00
  0.00000000e+00  0.00000000e+00  0.00000000e+00  0.00000000e+00
  0.00000000e+00  0.00000000e+00  0.00000000e+00  0.00000000e+00
  0.00000000e+00  0.00000000e+00  0.00000000e+00  0.00000000e+00
  0.00000000e+00  0.00000000e+00 -1.77624617e-07  4.50029371e-08
  0.00000000e+00  0.00000000e+00  0.00000000e+00  3.45012908e-06]","[[ 3.29350953e-05  8.18885355e-04]
 [-4.63996708e-05 -3.10516253e-04]]",[],0.0,0.0
1787563962.1567054,2.2068801468623764,1.3589821877638124,2.36597645529873,"[ 2.02178058e-06 -1.06940355e-06  0.00000000e+00  0.00000000e+00
  0.00000000e+00 -1.77624617e-07 -1.06940355e-06  1.73426333e-06
  0.00000000e+00  0.00000000e+00  0.00000000e+00  4.50029371e-08
  0.00000000e+00  0.00000000e+00  0.00000000e+00  0.00000000e+00
  0.00000000e+00  0.00000000e+00  0.00000000e+00  0.00000000e+00
  0.00000000e+00  0.00000000e+00  0.00000000e+00  0.00000000e+00
  0.00000000e+00  0.00000000e+00  0.00000000e+00  0.00000000e+00
  0.00000000e+00  0.00000000e+00 -1.77624617e-07  4.50029371e-08
  0.00000000e+00  0.00000000e+00  0.00000000e+00  3.45012908e-06]","[[ 3.29350953e-05  8.18885355e-04]
 [-4.63996708e-05 -3.10516253e-04]]",[],0.0,0.0
1787563962.2081742,2.2068801468623764,1.3589821877638124,2.36597645529873,"[ 2.02178058e-06 -1.06940355e-06  0.00000000e+00  0.00000000e+00
  0.00000000e+00 -1.77624617e-07 -1.06940355e-06  1.73426333e-06
  0.00000000e+00  0.00000000e+00  0.00000000e+00  4.50029371e-08
  0.00000000e+00  0.00000000e+00  0.00000000e+00  0.00000000e+00
  0.00000000e+00  0.00000000e+00  0.00000000e+00  0.00000000e+00
  0.00000000e+00  0.00000000e+00  0.00000000e+00  0.00000000e+00
  0.00000000e+00  0.00000000e+00  0.00000000e+00  0.00000000e+00
  0.00000000e+00  0.00000000e+00 -1.77624617e-07  4.50029371e-08
  0.00000000e+00  0.00000000e+00  0.00000000e+00  3.45012908e-06]","[[ 3.29350953e-05  8.18885355e-04]
 [-4.63996708e-05 -3.10516253e-04]]",[],0.0,0.0
1787563962.2614176,2.2068801468623764,1.3589821877638124,2.36597645529873,"[ 2.02178058e-06 -1.06940355e-06  0.00000000e+00  0.00000000e+00
  0.00000000e+00 -1.77624617e-07 -1.06940355e-06  1.73426333e-06
  0.00000000e+00  0.00000000e+00  0.00000000e+00  4.50029371e-08
  0.00000000e+00  0.00000000e+00  0.00000000e+00  0.00000000e+00
  0.00000000e+00  0.00000000e+00  0.00000000e+00  0.00000000e+00
  0.00000000e+00  0.00000000e+00  0.00000000e+00  0.00000000e+00
  0.00000000e+00  0.00000000e+00  0.00000000e+00  0.00000000e+00
  0.00000000e+00  0.00000000e+00 -1.77624617e-07  4.50029371e-08
  0.00000000e+00  0.00000000e+00  0.00000000e+00  3.45012908e-06]","[[ 3.29350953e-05  8.18885355e-04]
 [-4.63996708e-05 -3.10516253e-04]]",[],0.0,0.0
1787563962.3159823,2.2068801468623764,1.3589821877638124,2.36597645529873,"[ 2.02178058e-06 -1.06940355e-06  0.00000000e+00  0.00000000e+00
  0.00000000e+00 -1.77624617e-07 -1.06940355e-06  1.73426333e-06
  0.00000000e+00  0.00000000e+00  0.00000000e+00  4.50029371e-08
  0.00000000e+00  0.00000000e+00  0.00000000e+00  0.00000000e+00
  0.00000000e+00  0.00000000e+00  0.00000000e+00  0.00000000e+00
  0.00000000e+00  0.00000000e+00  0.00000000e+00  0.00000000e+00
  0.00000000e+00  0.00000000e+00  0.00000000e+00  0.00000000e+00
  0.00000000e+00  0.00000000e+00 -1.77624617e-07  4.50029371e-08
  0.00000000e+00  0.00000000e+00  0.00000000e+00  3.45012908e-06]","[[ 3.29350953e-05  8.18885355e-04]
 [-4.63996708e-05 -3.10516253e-04]]",[],0.0,0.0
1787563962.355908,2.2068801468623764,1.3589821877638124,2.36597645529873,"[ 2.02178058e-06 -1.06940355e-06  0.00000000e+00  0.00000000e+00
  0.00000000e+00 -1.77624617e-07 -1.06940355e-06  1.73426333e-06
  0.00000000e+00  0.00000000e+00  0.00000000e+00  4.50029371e-08
  0.00000000e+00  0.00000000e+00  0.00000000e+00  0.00000000e+00
  0.00000000e+00  0.00000000e+00  0.00000000e+00  0.00000000e+00
  0.00000000e+00  0.00000000e+00  0.00000000e+00  0.00000000e+00
  0.00000000e+00  0.00000000e+00  0.00000000e+00  0.00000000e+00
  0.00000000e+00  0.00000000e+00 -1.77624617e-07  4.50029371e-08
  0.00000000e+00  0.00000000e+00  0.00000000e+00  3.45012908e-06]","[[ 3.29350953e-05  8.18885355e-04]
 [-4.63996708e-05 -3.10516253e-04]]",[],0.0,0.0
1787563962.410282,2.2068801468623764,1.3589821877638124,2.36597645529873,"[ 2.02178058e-06 -1.06940355e-06  0.00000000e+00  0.00000000e+00
  0.00000000e+00 -1.77624617e-07 -1.06940355e-06  1.73426333e-06
  0.00000000e+00  0.00000000e+00  0.00000000e+00  4.50029371e-08
  0.00000000e+00  0.00000000e+00  0.00000000e+00  0.00000000e+00
  0.00000000e+00  0.00000000e+00  0.00000000e+00  0.00000000e+00
  0.00000000e+00  0.00000000e+00  0.00000000e+00  0.00000000e+00
  0.00000000e+00  0.00000000e+00  0.00000000e+00  0.00000000e+00
  0.00000000e+00  0.00000000e+00 -1.77624617e-07  4.50029371e-08
  0.00000000e+00  0.00000000e+00  0.00000000e+00  3.45012908e-06]","[[ 3.29350953e-05  8.18885355e-04]
 [-4.63996708e-05 -3.10516253e-04]]",[],0.0,0.0
1787563962.45638,2.2068801468623764,1.3589821877638124,2.36597645529873,"[ 2.02178058e-06 -1.06940355e-06  0.00000000e+00  0.00000000e+00
  0.00000000e+00 -1.77624617e-07 -1.06940355e-06  1.73426333e-06
  0.00000000e+00  0.00000000e+00  0.00000000e+00  4.50029371e-08
  0.00000000e+00  0.00000000e+00  0.00000000e+00  0.00000000e+00
  0.00000000e+00  0.00000000e+00  0.00000000e+00  0.00000000e+00
  0.00000000e+00  0.00000000e+00  0.00000000e+00  0.00000000e+00
  0.00000000e+00  0.00000000e+00  0.00000000e+00  0.00000000e+00
  0.00000000e+00  0.00000000e+00 -1.77624617e-07  4.50029371e-08
  0.00000000e+00  0.00000000e+00  0.00000000e+00  3.45012908e-06]","[[ 3.29350953e-05  8.18885355e-04]
 [-4.63996708e-05 -3.10516253e-04]]",[],0.0,0.0
1787563962.5082097,2.2068801468623764,1.3589821877638124,2.36597645529873,"[ 2.02178058e-06 -1.06940355e-06  0.00000000e+00  0.00000000e+00
  0.00000000e+00 -1.77624617e-07 -1.06940355e-06  1.73426333e-06
  0.00000000e+00  0.00000000e+00  0.00000000e+00  4.50029371e-08
  0.00000000e+00  0.00000000e+00  0.00000000e+00  0.00000000e+00
  0.00000000e+00  0.00000000e+00  0.00000000e+00  0.00000000e+00
  0.00000000e+00  0.00000000e+00  0.00000000e+00  0.00000000e+00
  0.00000000e+00  0.00000000e+00  0.00000000e+00  0.00000000e+00
  0.00000000e+00  0.00000000e+00 -1.77624617e-07  4.50029371e-08
  0.00000000e+00  0.00000000e+00  0.00000000e+00  3.45012908e-06]","[[ 3.29350953e-05  8.18885355e-04]
 [-4.63996708e-05 -3.10516253e-04]]",[],0.0,0.0
1787563962.5575194,2.2068801468623764,1.3589821877638124,2.36597645529873,"[ 2.02178058e-06 -1.06940355e-06  0.00000000e+00  0.00000000e+00
  0.00000000e+00 -1.77624617e-07 -1.06940355e-06  1.73426333e-06
  0.00000000e+00  0.00000000e+00  0.00000000e+00  4.50029371e-08
  0.00000000e+00  0.00000000e+00  0.00000000e+00  0.00000000e+00
  0.00000000e+00  0.00000000e+00  0.00000000e+00  0.00000000e+00
  0.00000000e+00  0.00000000e+00  0.00000000e+00  0.00000000e+00
  0.00000000e+00  0.00000000e+00  0.00000000e+00  0.00000000e+00
  0.00000000e+00  0.00000000e+00 -1.77624617e-07  4.50029371e-08
  0.00000000e+00  0.00000000e+00  0.00000000e+00  3.45012908e-06]","[[ 3.29350953e-05  8.18885355e-04]
 [-4.63996708e-05 -3.10516253e-04]]",[],0.0,0.0
1787563962.6059933,2.2068801468623764,1.3589821877638124,2.36597645529873,"[ 2.02178058e-06 -1.06940355e-06  0.00000000e+00  0.00000000e+00
  0.00000000e+00 -1.77624617e-07 -1.06940355e-06  1.73426333e-06
  0.00000000e+00  0.00000000e+00  0.00000000e+00  4.50029371e-08
  0.00000000e+00  0.00000000e+00  0.00000000e+00  0.00000000e+00
  0.00000000e+00  0.00000000e+00  0.00000000e+00  0.00000000e+00
  0.00000000e+00  0.00000000e+00  0.00000000e+00  0.00000000e+00
  0.00000000e+00  0.00000000e+00  0.00000000e+00  0.00000000e+00
  0.00000000e+00  0.00000000e+00 -1.77624617e-07  4.50029371e-08
  0.00000000e+00  0.00000000e+00  0.00000000e+00  3.45012908e-06]","[[ 3.29350953e-05  8.18885355e-04]
 [-4.63996708e-05 -3.10516253e-04]]",[],0.0,0.0
1787563962.657498,2.209390323171778,1.3566470590807587,2.365811509798469,"[ 2.00436273e-06 -1.06653290e-06  0.00000000e+00  0.00000000e+00
  0.00000000e+00 -1.86168256e-07 -1.06653290e-06  1.72391846e-06
  0.00000000e+00  0.00000000e+00  0.00000000e+00  5.44669101e-08
  0.00000000e+00  0.00000000e+00  0.00000000e+00  0.00000000e+00
  0.00000000e+00  0.00000000e+00  0.00000000e+00  0.00000000e+00
  0.00000000e+00  0.00000000e+00  0.00000000e+00  0.00000000e+00
  0.00000000e+00  0.00000000e+00  0.00000000e+00  0.00000000e+00
  0.00000000e+00  0.00000000e+00 -1.86168256e-07  5.44669101e-08
  0.00000000e+00  0.00000000e+00  0.00000000e+00  3.38848513e-06]","[[ 3.28221826e-05  8.27976813e-04]
 [-4.61401662e-05 -3.25504684e-04]]",[],0.0,0.0
1787563962.7081146,2.209390323171778,1.3566470590807587,2.365811509798469,"[ 2.00436273e-06 -1.06653290e-06  0.00000000e+00  0.00000000e+00
  0.00000000e+00 -1.86168256e-07 -1.06653290e-06  1.72391846e-06
  0.00000000e+00  0.00000000e+00  0.00000000e+00  5.44669101e-08
  0.00000000e+00  0.00000000e+00  0.00000000e+00  0.00000000e+00
  0.00000000e+00  0.00000000e+00  0.00000000e+00  0.00000000e+00
  0.00000000e+00  0.00000000e+00  0.00000000e+00  0.00000000e+00
  0.00000000e+00  0.00000000e+00  0.00000000e+00  0.00000000e+00
  0.00000000e+00  0.00000000e+00 -1.86168256e-07  5.44669101e-08
  0.00000000e+00  0.00000000e+00  0.00000000e+00  3.38848513e-06]","[[ 3.28221826e-05  8.27976813e-04]
 [-4.61401662e-05 -3.25504684e-04]]",[],0.0,0.0
1787563962.7630103,2.209390323171778,1.3566470590807587,2.365811509798469,"[ 2.00436273e-06 -1.06653290e-06  0.00000000e+00  0.00000000e+00
  0.00000000e+00 -1.86168256e-07 -1.06653290e-06  1.72391846e-06
  0.00000000e+00  0.00000000e+00  0.00000000e+00  5.44669101e-08
  0.00000000e+00  0.00000000e+00  0.00000000e+00  0.00000000e+00
  0.00000000e+00  0.00000000e+00  0.00000000e+00  0.00000000e+00
  0.00000000e+00  0.00000000e+00  0.00000000e+00  0.00000000e+00
  0.00000000e+00  0.00000000e+00  0.00000000e+00  0.00000000e+00
  0.00000000e+00  0.00000000e+00 -1.86168256e-07  5.44669101e-08
  0.00000000e+00  0.00000000e+00  0.00000000e+00  3.38848513e-06]","[[ 3.28221826e-05  8.27976813e-04]
 [-4.61401662e-05 -3.25504684e-04]]",[],0.0,0.0
1787563962.8062868,2.209390323171778,1.3566470590807587,2.365811509798469,"[ 2.00436273e-06 -1.06653290e-06  0.00000000e+00  0.00000000e+00
  0.00000000e+00 -1.86168256e-07 -1.06653290e-06  1.72391846e-06
  0.00000000e+00  0.00000000e+00  0.00000000e+00  5.44669101e-08
  0.00000000e+00  0.00000000e+00  0.00000000e+00  0.00000000e+00
  0.00000000e+00  0.00000000e+00  0.00000000e+00  0.00000000e+00
  0.00000000e+00  0.00000000e+00  0.00000000e+00  0.00000000e+00
  0.00000000e+00  0.00000000e+00  0.00000000e+00  0.00000000e+00
  0.00000000e+00  0.00000000e+00 -1.86168256e-07  5.44669101e-08
  0.00000000e+00  0.00000000e+00  0.00000000e+00  3.38848513e-06]","[[ 3.28221826e-05  8.27976813e-04]
 [-4.61401662e-05 -3.25504684e-04]]",[],0.0,0.0
1787563962.86361,2.209390323171778,1.3566470590807587,2.365811509798469,"[ 2.00436273e-06 -1.06653290e-06  0.00000000e+00  0.00000000e+00
  0.00000000e+00 -1.86168256e-07 -1.06653290e-06  1.72391846e-06
  0.00000000e+00  0.00000000e+00  0.00000000e+00  5.44669101e-08
  0.00000000e+00  0.00000000e+00  0.00000000e+00  0.00000000e+00
  0.00000000e+00  0.00000000e+00  0.00000000e+00  0.00000000e+00
  0.00000000e+00  0.00000000e+00  0.00000000e+00  0.00000000e+00
  0.00000000e+00  0.00000000e+00  0.00000000e+00  0.00000000e+00
  0.00000000e+00  0.00000000e+00 -1.86168256e-07  5.44669101e-08
  0.00000000e+00  0.00000000e+00  0.00000000e+00  3.38848513e-06]","[[ 3.28221826e-05  8.27976813e-04]
 [-4.61401662e-05 -3.25504684e-04]]",[],0.0,0.0
1787563962.906079,2.209390323171778,1.3566470590807587,2.365811509798469,"[ 2.00436273e-06 -1.06653290e-06  0.00000000e+00  0.00000000e+00
  0.00000000e+00 -1.86168256e-07 -1.06653290e-06  1.72391846e-06
  0.00000000e+00  0.00000000e+00  0.00000000e+00  5.44669101e-08
  0.00000000e+00  0.00000000e+00  0.00000000e+00  0.00000000e+00
  0.00000000e+00  0.00000000e+00  0.00000000e+00  0.00000000e+00
  0.00000000e+00  0.00000000e+00  0.00000000e+00  0.00000000e+00
  0.00000000e+00  0.00000000e+00  0.00000000e+00  0.00000000e+00
  0.00000000e+00  0.00000000e+00 -1.86168256e-07  5.44669101e-08
  0.00000000e+00  0.00000000e+00  0.00000000e+00  3.38848513e-06]","[[ 3.28221826e-05  8.27976813e-04]
 [-4.61401662e-05 -3.25504684e-04]]",[],0.0,0.0
1787563962.9693403,2.209390323171778,1.3566470590807587,2.365811509798469,"[ 2.00436273e-06 -1.06653290e-06  0.00000000e+00  0.00000000e+00
  0.00000000e+00 -1.86168256e-07 -1.06653290e-06  1.72391846e-06
  0.00000000e+00  0.00000000e+00  0.00000000e+00  5.44669101e-08
  0.00000000e+00  0.00000000e+00  0.00000000e+00  0.00000000e+00
  0.00000000e+00  0.00000000e+00  0.00000000e+00  0.00000000e+00
  0.00000000e+00  0.00000000e+00  0.00000000e+00  0.00000000e+00
  0.00000000e+00  0.00000000e+00  0.00000000e+00  0.00000000e+00
  0.00000000e+00  0.00000000e+00 -1.86168256e-07  5.44669101e-08
  0.00000000e+00  0.00000000e+00  0.00000000e+00  3.38848513e-06]","[[ 3.28221826e-05  8.27976813e-04]
 [-4.61401662e-05 -3.25504684e-04]]",[],0.0,0.0
1787563963.0088801,2.209390323171778,1.3566470590807587,2.365811509798469,"[ 2.00436273e-06 -1.06653290e-06  0.00000000e+00  0.00000000e+00
  0.00000000e+00 -1.86168256e-07 -1.06653290e-06  1.72391846e-06
  0.00000000e+00  0.00000000e+00  0.00000000e+00  5.44669101e-08
  0.00000000e+00  0.00000000e+00  0.00000000e+00  0.00000000e+00
  0.00000000e+00  0.00000000e+00  0.00000000e+00  0.00000000e+00
  0.00000000e+00  0.00000000e+00  0.00000000e+00  0.00000000e+00
  0.00000000e+00  0.00000000e+00  0.00000000e+00  0.00000000e+00
  0.00000000e+00  0.00000000e+00 -1.86168256e-07  5.44669101e-08
  0.00000000e+00  0.00000000e+00  0.00000000e+00  3.38848513e-06]","[[ 3.28221826e-05  8.27976813e-04]
 [-4.61401662e-05 -3.25504684e-04]]",[],0.0,0.0
1787563963.0563185,2.209390323171778,1.3566470590807587,2.365811509798469,"[ 2.00436273e-06 -1.06653290e-06  0.00000000e+00  0.00000000e+00
  0.00000000e+00 -1.86168256e-07 -1.06653290e-06  1.72391846e-06
  0.00000000e+00  0.00000000e+00  0.00000000e+00  5.44669101e-08
  0.00000000e+00  0.00000000e+00  0.00000000e+00  0.00000000e+00
  0.00000000e+00  0.00000000e+00  0.00000000e+00  0.00000000e+00
  0.00000000e+00  0.00000000e+00  0.00000000e+00  0.00000000e+00
  0.00000000e+00  0.00000000e+00  0.00000000e+00  0.00000000e+00
  0.00000000e+00  0.00000000e+00 -1.86168256e-07  5.44669101e-08
  0.00000000e+00  0.00000000e+00  0.00000000e+00  3.38848513e-06]","[[ 3.28221826e-05  8.27976813e-04]
 [-4.61401662e-05 -3.25504684e-04]]",[],0.0,0.0
1787563963.1057465,2.209390323171778,1.3566470590807587,2.365811509798469,"[ 2.00436273e-06 -1.06653290e-06  0.00000000e+00  0.00000000e+00
  0.00000000e+00 -1.86168256e-07 -1.06653290e-06  1.72391846e-06
  0.00000000e+00  0.00000000e+00  0.00000000e+00  5.44669101e-08
  0.00000000e+00  0.00000000e+00  0.00000000e+00  0.00000000e+00
  0.00000000e+00  0.00000000e+00  0.00000000e+00  0.00000000e+00
  0.00000000e+00  0.00000000e+00  0.00000000e+00  0.00000000e+00
  0.00000000e+00  0.00000000e+00  0.00000000e+00  0.00000000e+00
  0.00000000e+00  0.00000000e+00 -1.86168256e-07  5.44669101e-08
  0.00000000e+00  0.00000000e+00  0.00000000e+00  3.38848513e-06]","[[ 3.28221826e-05  8.27976813e-04]
 [-4.61401662e-05 -3.25504684e-04]]",[],0.0,0.0
1787563963.1631157,2.209390323171778,1.3566470590807587,2.365811509798469,"[ 2.00436273e-06 -1.06653290e-06  0.00000000e+00  0.00000000e+00
  0.00000000e+00 -1.86168256e-07 -1.06653290e-06  1.72391846e-06
  0.00000000e+00  0.00000000e+00  0.00000000e+00  5.44669101e-08
  0.00000000e+00  0.00000000e+00  0.00000000e+00  0.00000000e+00
  0.00000000e+00  0.00000000e+00  0.00000000e+00  0.00000000e+00
  0.00000000e+00  0.00000000e+00  0.00000000e+00  0.00000000e+00
  0.00000000e+00  0.00000000e+00  0.00000000e+00  0.00000000e+00
  0.00000000e+00  0.00000000e+00 -1.86168256e-07  5.44669101e-08
  0.00000000e+00  0.00000000e+00  0.00000000e+00  3.38848513e-06]","[[ 3.28221826e-05  8.27976813e-04]
 [-4.61401662e-05 -3.25504684e-04]]",[],0.0,0.0
1787563963.2081947,2.209390323171778,1.3566470590807587,2.365811509798469,"[ 2.00436273e-06 -1.06653290e-06  0.00000000e+00  0.00000000e+00
  0.00000000e+00 -1.86168256e-07 -1.06653290e-06  1.72391846e-06
  0.00000000e+00  0.00000000e+00  0.00000000e+00  5.44669101e-08
  0.00000000e+00  0.00000000e+00  0.00000000e+00  0.00000000e+00
  0.00000000e+00  0.00000000e+00  0.00000000e+00  0.00000000e+00
  0.00000000e+00  0.00000000e+00  0.00000000e+00  0.00000000e+00
  0.00000000e+00  0.00000000e+00  0.00000000e+00  0.00000000e+00
  0.00000000e+00  0.00000000e+00 -1.86168256e-07  5.44669101e-08
  0.00000000e+00  0.00000000e+00  0.00000000e+00  3.38848513e-06]","[[ 3.28221826e-05  8.27976813e-04]
 [-4.61401662e-05 -3.25504684e-04]]",[],0.0,0.0
1787563963.2598984,2.209390323171778,1.3566470590807587,2.365811509798469,"[ 2.00436273e-06 -1.06653290e-06  0.00000000e+00  0.00000000e+00
  0.00000000e+00 -1.86168256e-07 -1.06653290e-06  1.72391846e-06
  0.00000000e+00  0.00000000e+00  0.00000000e+00  5.44669101e-08
  0.00000000e+00  0.00000000e+00  0.00000000e+00  0.00000000e+00
  0.00000000e+00  0.00000000e+00  0.00000000e+00  0.00000000e+00
  0.00000000e+00  0.00000000e+00  0.00000000e+00  0.00000000e+00
  0.00000000e+00  0.00000000e+00  0.00000000e+00  0.00000000e+00
  0.00000000e+00  0.00000000e+00 -1.86168256e-07  5.44669101e-08
  0.00000000e+00  0.00000000e+00  0.00000000e+00  3.38848513e-06]","[[ 3.28221826e-05  8.27976813e-04]
 [-4.61401662e-05 -3.25504684e-04]]",[],0.0,0.0
1787563963.3062444,2.209390323171778,1.3566470590807587,2.365811509798469,"[ 2.00436273e-06 -1.06653290e-06  0.00000000e+00  0.00000000e+00
  0.00000000e+00 -1.86168256e-07 -1.06653290e-06  1.72391846e-06
  0.00000000e+00  0.00000000e+00  0.00000000e+00  5.44669101e-08
  0.00000000e+00  0.00000000e+00  0.00000000e+00  0.00000000e+00
  0.00000000e+00  0.00000000e+00  0.00000000e+00  0.00000000e+00
  0.00000000e+00  0.00000000e+00  0.00000000e+00  0.00000000e+00
  0.00000000e+00  0.00000000e+00  0.00000000e+00  0.00000000e+00
  0.00000000e+00  0.00000000e+00 -1.86168256e-07  5.44669101e-08
  0.00000000e+00  0.00000000e+00  0.00000000e+00  3.38848513e-06]","[[ 3.28221826e-05  8.27976813e-04]
 [-4.61401662e-05 -3.25504684e-04]]",[],0.0,0.0
1787563963.3576398,2.2111551201342485,1.3547597972713548,2.378137565279739,"[ 1.99782647e-06 -1.07345040e-06  0.00000000e+00  0.00000000e+00
  0.00000000e+00 -1.79467373e-07 -1.07345040e-06  1.72241197e-06
  0.00000000e+00  0.00000000e+00  0.00000000e+00  5.40041572e-08
  0.00000000e+00  0.00000000e+00  0.00000000e+00  0.00000000e+00
  0.00000000e+00  0.00000000e+00  0.00000000e+00  0.00000000e+00
  0.00000000e+00  0.00000000e+00  0.00000000e+00  0.00000000e+00
  0.00000000e+00  0.00000000e+00  0.00000000e+00  0.00000000e+00
  0.00000000e+00  0.00000000e+00 -1.79467373e-07  5.40041572e-08
  0.00000000e+00  0.00000000e+00  0.00000000e+00  3.39386241e-06]","[[ 3.29900811e-05  8.14457002e-04]
 [-4.61326745e-05 -3.26420623e-04]]",[],0.0,0.0
1787563963.40799,2.2111551201342485,1.3547597972713548,2.378137565279739,"[ 1.99782647e-06 -1.07345040e-06  0.00000000e+00  0.00000000e+00
  0.00000000e+00 -1.79467373e-07 -1.07345040e-06  1.72241197e-06
  0.00000000e+00  0.00000000e+00  0.00000000e+00  5.40041572e-08
  0.00000000e+00  0.00000000e+00  0.00000000e+00  0.00000000e+00
  0.00000000e+00  0.00000000e+00  0.00000000e+00  0.00000000e+00
  0.00000000e+00  0.00000000e+00  0.00000000e+00  0.00000000e+00
  0.00000000e+00  0.00000000e+00  0.00000000e+00  0.00000000e+00
  0.00000000e+00  0.00000000e+00 -1.79467373e-07  5.40041572e-08
  0.00000000e+00  0.00000000e+00  0.00000000e+00  3.39386241e-06]","[[ 3.29900811e-05  8.14457002e-04]
 [-4.61326745e-05 -3.26420623e-04]]",[],0.0,0.0
1787563963.4564614,2.2111551201342485,1.3547597972713548,2.378137565279739,"[ 1.99782647e-06 -1.07345040e-06  0.00000000e+00  0.00000000e+00
  0.00000000e+00 -1.79467373e-07 -1.07345040e-06  1.72241197e-06
  0.00000000e+00  0.00000000e+00  0.00000000e+00  5.40041572e-08
  0.00000000e+00  0.00000000e+00  0.00000000e+00  0.00000000e+00
  0.00000000e+00  0.00000000e+00  0.00000000e+00  0.00000000e+00
  0.00000000e+00  0.00000000e+00  0.00000000e+00  0.00000000e+00
  0.00000000e+00  0.00000000e+00  0.00000000e+00  0.00000000e+00
  0.00000000e+00  0.00000000e+00 -1.79467373e-07  5.40041572e-08
  0.00000000e+00  0.00000000e+00  0.00000000e+00  3.39386241e-06]","[[ 3.29900811e-05  8.14457002e-04]
 [-4.61326745e-05 -3.26420623e-04]]",[],0.0,0.0
1787563963.5071268,2.2111551201342485,1.3547597972713548,2.378137565279739,"[ 1.99782647e-06 -1.07345040e-06  0.00000000e+00  0.00000000e+00
  0.00000000e+00 -1.79467373e-07 -1.07345040e-06  1.72241197e-06
  0.00000000e+00  0.00000000e+00  0.00000000e+00  5.40041572e-08
  0.00000000e+00  0.00000000e+00  0.00000000e+00  0.00000000e+00
  0.00000000e+00  0.00000000e+00  0.00000000e+00  0.00000000e+00
  0.00000000e+00  0.00000000e+00  0.00000000e+00  0.00000000e+00
  0.00000000e+00  0.00000000e+00  0.00000000e+00  0.00000000e+00
  0.00000000e+00  0.00000000e+00 -1.79467373e-07  5.40041572e-08
  0.00000000e+00  0.00000000e+00  0.00000000e+00  3.39386241e-06]","[[ 3.29900811e-05  8.14457002e-04]
 [-4.61326745e-05 -3.26420623e-04]]",[],0.0,0.0
1787563963.556872,2.2111551201342485,1.3547597972713548,2.378137565279739,"[ 1.99782647e-06 -1.07345040e-06  0.00000000e+00  0.00000000e+00
  0.00000000e+00 -1.79467373e-07 -1.07345040e-06  1.72241197e-06
  0.00000000e+00  0.00000000e+00  0.00000000e+00  5.40041572e-08
  0.00000000e+00  0.00000000e+00  0.00000000e+00  0.00000000e+00
  0.00000000e+00  0.00000000e+00  0.00000000e+00  0.00000000e+00
  0.00000000e+00  0.00000000e+00  0.00000000e+00  0.00000000e+00
  0.00000000e+00  0.00000000e+00  0.00000000e+00  0.00000000e+00
  0.00000000e+00  0.00000000e+00 -1.79467373e-07  5.40041572e-08
  0.00000000e+00  0.00000000e+00  0.00000000e+00  3.39386241e-06]","[[ 3.29900811e-05  8.14457002e-04]
 [-4.61326745e-05 -3.26420623e-04]]",[],0.0,0.0
1787563963.6090918,2.2111551201342485,1.3547597972713548,2.378137565279739,"[ 1.99782647e-06 -1.07345040e-06  0.00000000e+00  0.00000000e+00
  0.00000000e+00 -1.79467373e-07 -1.07345040e-06  1.72241197e-06
  0.00000000e+00  0.00000000e+00  0.00000000e+00  5.40041572e-08
  0.00000000e+00  0.00000000e+00  0.00000000e+00  0.00000000e+00
  0.00000000e+00  0.00000000e+00  0.00000000e+00  0.00000000e+00
  0.00000000e+00  0.00000000e+00  0.00000000e+00  0.00000000e+00
  0.00000000e+00  0.00000000e+00  0.00000000e+00  0.00000000e+00
  0.00000000e+00  0.00000000e+00 -1.79467373e-07  5.40041572e-08
  0.00000000e+00  0.00000000e+00  0.00000000e+00  3.39386241e-06]","[[ 3.29900811e-05  8.14457002e-04]
 [-4.61326745e-05 -3.26420623e-04]]",[],0.0,0.0
1787563963.6856575,2.2111551201342485,1.3547597972713548,2.378137565279739,"[ 1.99782647e-06 -1.07345040e-06  0.00000000e+00  0.00000000e+00
  0.00000000e+00 -1.79467373e-07 -1.07345040e-06  1.72241197e-06
  0.00000000e+00  0.00000000e+00  0.00000000e+00  5.40041572e-08
  0.00000000e+00  0.00000000e+00  0.00000000e+00  0.00000000e+00
  0.00000000e+00  0.00000000e+00  0.00000000e+00  0.00000000e+00
  0.00000000e+00  0.00000000e+00  0.00000000e+00  0.00000000e+00
  0.00000000e+00  0.00000000e+00  0.00000000e+00  0.00000000e+00
  0.00000000e+00  0.00000000e+00 -1.79467373e-07  5.40041572e-08
  0.00000000e+00  0.00000000e+00  0.00000000e+00  3.39386241e-06]","[[ 3.29900811e-05  8.14457002e-04]
 [-4.61326745e-05 -3.26420623e-04]]",[],0.0,0.0
1787563963.7061253,2.2111551201342485,1.3547597972713548,2.378137565279739,"[ 1.99782647e-06 -1.07345040e-06  0.00000000e+00  0.00000000e+00
  0.00000000e+00 -1.79467373e-07 -1.07345040e-06  1.72241197e-06
  0.00000000e+00  0.00000000e+00  0.00000000e+00  5.40041572e-08
  0.00000000e+00  0.00000000e+00  0.00000000e+00  0.00000000e+00
  0.00000000e+00  0.00000000e+00  0.00000000e+00  0.00000000e+00
  0.00000000e+00  0.00000000e+00  0.00000000e+00  0.00000000e+00
  0.00000000e+00  0.00000000e+00  0.00000000e+00  0.00000000e+00
  0.00000000e+00  0.00000000e+00 -1.79467373e-07  5.40041572e-08
  0.00000000e+00  0.00000000e+00  0.00000000e+00  3.39386241e-06]","[[ 3.29900811e-05  8.14457002e-04]
 [-4.61326745e-05 -3.26420623e-04]]",[],0.0,0.0
1787563963.7585785,2.2111551201342485,1.3547597972713548,2.378137565279739,"[ 1.99782647e-06 -1.07345040e-06  0.00000000e+00  0.00000000e+00
  0.00000000e+00 -1.79467373e-07 -1.07345040e-06  1.72241197e-06
  0.00000000e+00  0.00000000e+00  0.00000000e+00  5.40041572e-08
  0.00000000e+00  0.00000000e+00  0.00000000e+00  0.00000000e+00
  0.00000000e+00  0.00000000e+00  0.00000000e+00  0.00000000e+00
  0.00000000e+00  0.00000000e+00  0.00000000e+00  0.00000000e+00
  0.00000000e+00  0.00000000e+00  0.00000000e+00  0.00000000e+00
  0.00000000e+00  0.00000000e+00 -1.79467373e-07  5.40041572e-08
  0.00000000e+00  0.00000000e+00  0.00000000e+00  3.39386241e-06]","[[ 3.29900811e-05  8.14457002e-04]
 [-4.61326745e-05 -3.26420623e-04]]",[],0.0,0.0
1787563963.8067997,2.2111551201342485,1.3547597972713548,2.378137565279739,"[ 1.99782647e-06 -1.07345040e-06  0.00000000e+00  0.00000000e+00
  0.00000000e+00 -1.79467373e-07 -1.07345040e-06  1.72241197e-06
  0.00000000e+00  0.00000000e+00  0.00000000e+00  5.40041572e-08
  0.00000000e+00  0.00000000e+00  0.00000000e+00  0.00000000e+00
  0.00000000e+00  0.00000000e+00  0.00000000e+00  0.00000000e+00
  0.00000000e+00  0.00000000e+00  0.00000000e+00  0.00000000e+00
  0.00000000e+00  0.00000000e+00  0.00000000e+00  0.00000000e+00
  0.00000000e+00  0.00000000e+00 -1.79467373e-07  5.40041572e-08
  0.00000000e+00  0.00000000e+00  0.00000000e+00  3.39386241e-06]","[[ 3.29900811e-05  8.14457002e-04]
 [-4.61326745e-05 -3.26420623e-04]]",[],0.0,0.0
1787563963.8628778,2.2111551201342485,1.3547597972713548,2.378137565279739,"[ 1.99782647e-06 -1.07345040e-06  0.00000000e+00  0.00000000e+00
  0.00000000e+00 -1.79467373e-07 -1.07345040e-06  1.72241197e-06
  0.00000000e+00  0.00000000e+00  0.00000000e+00  5.40041572e-08
  0.00000000e+00  0.00000000e+00  0.00000000e+00  0.00000000e+00
  0.00000000e+00  0.00000000e+00  0.00000000e+00  0.00000000e+00
  0.00000000e+00  0.00000000e+00  0.00000000e+00  0.00000000e+00
  0.00000000e+00  0.00000000e+00  0.00000000e+00  0.00000000e+00
  0.00000000e+00  0.00000000e+00 -1.79467373e-07  5.40041572e-08
  0.00000000e+00  0.00000000e+00  0.00000000e+00  3.39386241e-06]","[[ 3.29900811e-05  8.14457002e-04]
 [-4.61326745e-05 -3.26420623e-04]]",[],0.0,0.0
1787563963.9072042,2.2111551201342485,1.3547597972713548,2.378137565279739,"[ 1.99782647e-06 -1.07345040e-06  0.00000000e+00  0.00000000e+00
  0.00000000e+00 -1.79467373e-07 -1.07345040e-06  1.72241197e-06
  0.00000000e+00  0.00000000e+00  0.00000000e+00  5.40041572e-08
  0.00000000e+00  0.00000000e+00  0.00000000e+00  0.00000000e+00
  0.00000000e+00  0.00000000e+00  0.00000000e+00  0.00000000e+00
  0.00000000e+00  0.00000000e+00  0.00000000e+00  0.00000000e+00
  0.00000000e+00  0.00000000e+00  0.00000000e+00  0.00000000e+00
  0.00000000e+00  0.00000000e+00 -1.79467373e-07  5.40041572e-08
  0.00000000e+00  0.00000000e+00  0.00000000e+00  3.39386241e-06]","[[ 3.29900811e-05  8.14457002e-04]
 [-4.61326745e-05 -3.26420623e-04]]",[],0.0,0.0
1787563963.9593828,2.2111551201342485,1.3547597972713548,2.378137565279739,"[ 1.99782647e-06 -1.07345040e-06  0.00000000e+00  0.00000000e+00
  0.00000000e+00 -1.79467373e-07 -1.07345040e-06  1.72241197e-06
  0.00000000e+00  0.00000000e+00  0.00000000e+00  5.40041572e-08
  0.00000000e+00  0.00000000e+00  0.00000000e+00  0.00000000e+00
  0.00000000e+00  0.00000000e+00  0.00000000e+00  0.00000000e+00
  0.00000000e+00  0.00000000e+00  0.00000000e+00  0.00000000e+00
  0.00000000e+00  0.00000000e+00  0.00000000e+00  0.00000000e+00
  0.00000000e+00  0.00000000e+00 -1.79467373e-07  5.40041572e-08
  0.00000000e+00  0.00000000e+00  0.00000000e+00  3.39386241e-06]","[[ 3.29900811e-05  8.14457002e-04]
 [-4.61326745e-05 -3.26420623e-04]]",[],0.0,0.0
1787563964.006323,2.2111551201342485,1.3547597972713548,2.378137565279739,"[ 1.99782647e-06 -1.07345040e-06  0.00000000e+00  0.00000000e+00
  0.00000000e+00 -1.79467373e-07 -1.07345040e-06  1.72241197e-06
  0.00000000e+00  0.00000000e+00  0.00000000e+00  5.40041572e-08
  0.00000000e+00  0.00000000e+00  0.00000000e+00  0.00000000e+00
  0.00000000e+00  0.00000000e+00  0.00000000e+00  0.00000000e+00
  0.00000000e+00  0.00000000e+00  0.00000000e+00  0.00000000e+00
  0.00000000e+00  0.00000000e+00  0.00000000e+00  0.00000000e+00
  0.00000000e+00  0.00000000e+00 -1.79467373e-07  5.40041572e-08
  0.00000000e+00  0.00000000e+00  0.00000000e+00  3.39386241e-06]","[[ 3.29900811e-05  8.14457002e-04]
 [-4.61326745e-05 -3.26420623e-04]]",[],0.0,0.0
1787563964.055899,2.2111551201342485,1.3547597972713548,2.378137565279739,"[ 1.99782647e-06 -1.07345040e-06  0.00000000e+00  0.00000000e+00
  0.00000000e+00 -1.79467373e-07 -1.07345040e-06  1.72241197e-06
  0.00000000e+00  0.00000000e+00  0.00000000e+00  5.40041572e-08
  0.00000000e+00  0.00000000e+00  0.00000000e+00  0.00000000e+00
  0.00000000e+00  0.00000000e+00  0.00000000e+00  0.00000000e+00
  0.00000000e+00  0.00000000e+00  0.00000000e+00  0.00000000e+00
  0.00000000e+00  0.00000000e+00  0.00000000e+00  0.00000000e+00
  0.00000000e+00  0.00000000e+00 -1.79467373e-07  5.40041572e-08
  0.00000000e+00  0.00000000e+00  0.00000000e+00  3.39386241e-06]","[[ 3.29900811e-05  8.14457002e-04]
 [-4.61326745e-05 -3.26420623e-04]]",[],0.0,0.0
1787563964.106911,2.2111551201342485,1.3547597972713548,2.378137565279739,"[ 1.99782647e-06 -1.07345040e-06  0.00000000e+00  0.00000000e+00
  0.00000000e+00 -1.79467373e-07 -1.07345040e-06  1.72241197e-06
  0.00000000e+00  0.00000000e+00  0.00000000e+00  5.40041572e-08
  0.00000000e+00  0.00000000e+00  0.00000000e+00  0.00000000e+00
  0.00000000e+00  0.00000000e+00  0.00000000e+00  0.00000000e+00
  0.00000000e+00  0.00000000e+00  0.00000000e+00  0.00000000e+00
  0.00000000e+00  0.00000000e+00  0.00000000e+00  0.00000000e+00
  0.00000000e+00  0.00000000e+00 -1.79467373e-07  5.40041572e-08
  0.00000000e+00  0.00000000e+00  0.00000000e+00  3.39386241e-06]","[[ 3.29900811e-05  8.14457002e-04]
 [-4.61326745e-05 -3.26420623e-04]]",[],0.0,0.0
1787563964.1562493,2.2111551201342485,1.3547597972713548,2.378137565279739,"[ 1.99782647e-06 -1.07345040e-06  0.00000000e+00  0.00000000e+00
  0.00000000e+00 -1.79467373e-07 -1.07345040e-06  1.72241197e-06
  0.00000000e+00  0.00000000e+00  0.00000000e+00  5.40041572e-08
  0.00000000e+00  0.00000000e+00  0.00000000e+00  0.00000000e+00
  0.00000000e+00  0.00000000e+00  0.00000000e+00  0.00000000e+00
  0.00000000e+00  0.00000000e+00  0.00000000e+00  0.00000000e+00
  0.00000000e+00  0.00000000e+00  0.00000000e+00  0.00000000e+00
  0.00000000e+00  0.00000000e+00 -1.79467373e-07  5.40041572e-08
  0.00000000e+00  0.00000000e+00  0.00000000e+00  3.39386241e-06]","[[ 3.29900811e-05  8.14457002e-04]
 [-4.61326745e-05 -3.26420623e-04]]",[],0.0,0.0
1787563964.2060544,2.2111551201342485,1.3547597972713548,2.378137565279739,"[ 1.99782647e-06 -1.07345040e-06  0.00000000e+00  0.00000000e+00
  0.00000000e+00 -1.79467373e-07 -1.07345040e-06  1.72241197e-06
  0.00000000e+00  0.00000000e+00  0.00000000e+00  5.40041572e-08
  0.00000000e+00  0.00000000e+00  0.00000000e+00  0.00000000e+00
  0.00000000e+00  0.00000000e+00  0.00000000e+00  0.00000000e+00
  0.00000000e+00  0.00000000e+00  0.00000000e+00  0.00000000e+00
  0.00000000e+00  0.00000000e+00  0.00000000e+00  0.00000000e+00
  0.00000000e+00  0.00000000e+00 -1.79467373e-07  5.40041572e-08
  0.00000000e+00  0.00000000e+00  0.00000000e+00  3.39386241e-06]","[[ 3.29900811e-05  8.14457002e-04]
 [-4.61326745e-05 -3.26420623e-04]]",[],0.0,0.0
1787563964.2624981,2.214226903582793,1.351666081634838,2.388270125460714,"[ 2.05787919e-06 -1.14052712e-06  0.00000000e+00  0.00000000e+00
  0.00000000e+00 -1.83925525e-07 -1.14052712e-06  1.77717851e-06
  0.00000000e+00  0.00000000e+00  0.00000000e+00  5.39591275e-08
  0.00000000e+00  0.00000000e+00  0.00000000e+00  0.00000000e+00
  0.00000000e+00  0.00000000e+00  0.00000000e+00  0.00000000e+00
  0.00000000e+00  0.00000000e+00  0.00000000e+00  0.00000000e+00
  0.00000000e+00  0.00000000e+00  0.00000000e+00  0.00000000e+00
  0.00000000e+00  0.00000000e+00 -1.83925525e-07  5.39591275e-08
  0.00000000e+00  0.00000000e+00  0.00000000e+00  3.84467493e-06]","[[ 3.48569948e-05  8.35854065e-04]
 [-4.77104124e-05 -3.42827297e-04]]",[],0.0,0.0
1787563964.3057964,2.214226903582793,1.351666081634838,2.388270125460714,"[ 2.05787919e-06 -1.14052712e-06  0.00000000e+00  0.00000000e+00
  0.00000000e+00 -1.83925525e-07 -1.14052712e-06  1.77717851e-06
  0.00000000e+00  0.00000000e+00  0.00000000e+00  5.39591275e-08
  0.00000000e+00  0.00000000e+00  0.00000000e+00  0.00000000e+00
  0.00000000e+00  0.00000000e+00  0.00000000e+00  0.00000000e+00
  0.00000000e+00  0.00000000e+00  0.00000000e+00  0.00000000e+00
  0.00000000e+00  0.00000000e+00  0.00000000e+00  0.00000000e+00
  0.00000000e+00  0.00000000e+00 -1.83925525e-07  5.39591275e-08
  0.00000000e+00  0.00000000e+00  0.00000000e+00  3.84467493e-06]","[[ 3.48569948e-05  8.35854065e-04]
 [-4.77104124e-05 -3.42827297e-04]]",[],0.0,0.0
1787563964.3558965,2.214226903582793,1.351666081634838,2.388270125460714,"[ 2.05787919e-06 -1.14052712e-06  0.00000000e+00  0.00000000e+00
  0.00000000e+00 -1.83925525e-07 -1.14052712e-06  1.77717851e-06
  0.00000000e+00  0.00000000e+00  0.00000000e+00  5.39591275e-08
  0.00000000e+00  0.00000000e+00  0.00000000e+00  0.00000000e+00
  0.00000000e+00  0.00000000e+00  0.00000000e+00  0.00000000e+00
  0.00000000e+00  0.00000000e+00  0.00000000e+00  0.00000000e+00
  0.00000000e+00  0.00000000e+00  0.00000000e+00  0.00000000e+00
  0.00000000e+00  0.00000000e+00 -1.83925525e-07  5.39591275e-08
  0.00000000e+00  0.00000000e+00  0.00000000e+00  3.84467493e-06]","[[ 3.48569948e-05  8.35854065e-04]
 [-4.77104124e-05 -3.42827297e-04]]",[],0.0,0.0
1787563964.4084418,2.214226903582793,1.351666081634838,2.388270125460714,"[ 2.05787919e-06 -1.14052712e-06  0.00000000e+00  0.00000000e+00
  0.00000000e+00 -1.83925525e-07 -1.14052712e-06  1.77717851e-06
  0.00000000e+00  0.00000000e+00  0.00000000e+00  5.39591275e-08
  0.00000000e+00  0.00000000e+00  0.00000000e+00  0.00000000e+00
  0.00000000e+00  0.00000000e+00  0.00000000e+00  0.00000000e+00
  0.00000000e+00  0.00000000e+00  0.00000000e+00  0.00000000e+00
  0.00000000e+00  0.00000000e+00  0.00000000e+00  0.00000000e+00
  0.00000000e+00  0.00000000e+00 -1.83925525e-07  5.39591275e-08
  0.00000000e+00  0.00000000e+00  0.00000000e+00  3.84467493e-06]","[[ 3.48569948e-05  8.35854065e-04]
 [-4.77104124e-05 -3.42827297e-04]]",[],0.0,0.0
1787563964.4589672,2.214226903582793,1.351666081634838,2.388270125460714,"[ 2.05787919e-06 -1.14052712e-06  0.00000000e+00  0.00000000e+00
  0.00000000e+00 -1.83925525e-07 -1.14052712e-06  1.77717851e-06
  0.00000000e+00  0.00000000e+00  0.00000000e+00  5.39591275e-08
  0.00000000e+00  0.00000000e+00  0.00000000e+00  0.00000000e+00
  0.00000000e+00  0.00000000e+00  0.00000000e+00  0.00000000e+00
  0.00000000e+00  0.00000000e+00  0.00000000e+00  0.00000000e+00
  0.00000000e+00  0.00000000e+00  0.00000000e+00  0.00000000e+00
  0.00000000e+00  0.00000000e+00 -1.83925525e-07  5.39591275e-08
  0.00000000e+00  0.00000000e+00  0.00000000e+00  3.84467493e-06]","[[ 3.48569948e-05  8.35854065e-04]
 [-4.77104124e-05 -3.42827297e-04]]",[],0.0,0.0
1787563964.511599,2.214226903582793,1.351666081634838,2.388270125460714,"[ 2.05787919e-06 -1.14052712e-06  0.00000000e+00  0.00000000e+00
  0.00000000e+00 -1.83925525e-07 -1.14052712e-06  1.77717851e-06
  0.00000000e+00  0.00000000e+00  0.00000000e+00  5.39591275e-08
  0.00000000e+00  0.00000000e+00  0.00000000e+00  0.00000000e+00
  0.00000000e+00  0.00000000e+00  0.00000000e+00  0.00000000e+00
  0.00000000e+00  0.00000000e+00  0.00000000e+00  0.00000000e+00
  0.00000000e+00  0.00000000e+00  0.00000000e+00  0.00000000e+00
  0.00000000e+00  0.00000000e+00 -1.83925525e-07  5.39591275e-08
  0.00000000e+00  0.00000000e+00  0.00000000e+00  3.84467493e-06]","[[ 3.48569948e-05  8.35854065e-04]
 [-4.77104124e-05 -3.42827297e-04]]",[],0.0,0.0
1787563964.567433,2.214226903582793,1.351666081634838,2.388270125460714,"[ 2.05787919e-06 -1.14052712e-06  0.00000000e+00  0.00000000e+00
  0.00000000e+00 -1.83925525e-07 -1.14052712e-06  1.77717851e-06
  0.00000000e+00  0.00000000e+00  0.00000000e+00  5.39591275e-08
  0.00000000e+00  0.00000000e+00  0.00000000e+00  0.00000000e+00
  0.00000000e+00  0.00000000e+00  0.00000000e+00  0.00000000e+00
  0.00000000e+00  0.00000000e+00  0.00000000e+00  0.00000000e+00
  0.00000000e+00  0.00000000e+00  0.00000000e+00  0.00000000e+00
  0.00000000e+00  0.00000000e+00 -1.83925525e-07  5.39591275e-08
  0.00000000e+00  0.00000000e+00  0.00000000e+00  3.84467493e-06]","[[ 3.48569948e-05  8.35854065e-04]
 [-4.77104124e-05 -3.42827297e-04]]",[],0.0,0.0
1787563964.6110547,2.214226903582793,1.351666081634838,2.388270125460714,"[ 2.05787919e-06 -1.14052712e-06  0.00000000e+00  0.00000000e+00
  0.00000000e+00 -1.83925525e-07 -1.14052712e-06  1.77717851e-06
  0.00000000e+00  0.00000000e+00  0.00000000e+00  5.39591275e-08
  0.00000000e+00  0.00000000e+00  0.00000000e+00  0.00000000e+00
  0.00000000e+00  0.00000000e+00  0.00000000e+00  0.00000000e+00
  0.00000000e+00  0.00000000e+00  0.00000000e+00  0.00000000e+00
  0.00000000e+00  0.00000000e+00  0.00000000e+00  0.00000000e+00
  0.00000000e+00  0.00000000e+00 -1.83925525e-07  5.39591275e-08
  0.00000000e+00  0.00000000e+00  0.00000000e+00  3.84467493e-06]","[[ 3.48569948e-05  8.35854065e-04]
 [-4.77104124e-05 -3.42827297e-04]]",[],0.0,0.0
1787563964.6608026,2.214226903582793,1.351666081634838,2.388270125460714,"[ 2.05787919e-06 -1.14052712e-06  0.00000000e+00  0.00000000e+00
  0.00000000e+00 -1.83925525e-07 -1.14052712e-06  1.77717851e-06
  0.00000000e+00  0.00000000e+00  0.00000000e+00  5.39591275e-08
  0.00000000e+00  0.00000000e+00  0.00000000e+00  0.00000000e+00
  0.00000000e+00  0.00000000e+00  0.00000000e+00  0.00000000e+00
  0.00000000e+00  0.00000000e+00  0.00000000e+00  0.00000000e+00
  0.00000000e+00  0.00000000e+00  0.00000000e+00  0.00000000e+00
  0.00000000e+00  0.00000000e+00 -1.83925525e-07  5.39591275e-08
  0.00000000e+00  0.00000000e+00  0.00000000e+00  3.84467493e-06]","[[ 3.48569948e-05  8.35854065e-04]
 [-4.77104124e-05 -3.42827297e-04]]",[],0.0,0.0
1787563964.7064197,2.214226903582793,1.351666081634838,2.388270125460714,"[ 2.05787919e-06 -1.14052712e-06  0.00000000e+00  0.00000000e+00
  0.00000000e+00 -1.83925525e-07 -1.14052712e-06  1.77717851e-06
  0.00000000e+00  0.00000000e+00  0.00000000e+00  5.39591275e-08
  0.00000000e+00  0.00000000e+00  0.00000000e+00  0.00000000e+00
  0.00000000e+00  0.00000000e+00  0.00000000e+00  0.00000000e+00
  0.00000000e+00  0.00000000e+00  0.00000000e+00  0.00000000e+00
  0.00000000e+00  0.00000000e+00  0.00000000e+00  0.00000000e+00
  0.00000000e+00  0.00000000e+00 -1.83925525e-07  5.39591275e-08
  0.00000000e+00  0.00000000e+00  0.00000000e+00  3.84467493e-06]","[[ 3.48569948e-05  8.35854065e-04]
 [-4.77104124e-05 -3.42827297e-04]]",[],0.0,0.0
1787563964.7579305,2.214226903582793,1.351666081634838,2.388270125460714,"[ 2.05787919e-06 -1.14052712e-06  0.00000000e+00  0.00000000e+00
  0.00000000e+00 -1.83925525e-07 -1.14052712e-06  1.77717851e-06
  0.00000000e+00  0.00000000e+00  0.00000000e+00  5.39591275e-08
  0.00000000e+00  0.00000000e+00  0.00000000e+00  0.00000000e+00
  0.00000000e+00  0.00000000e+00  0.00000000e+00  0.00000000e+00
  0.00000000e+00  0.00000000e+00  0.00000000e+00  0.00000000e+00
  0.00000000e+00  0.00000000e+00  0.00000000e+00  0.00000000e+00
  0.00000000e+00  0.00000000e+00 -1.83925525e-07  5.39591275e-08
  0.00000000e+00  0.00000000e+00  0.00000000e+00  3.84467493e-06]","[[ 3.48569948e-05  8.35854065e-04]
 [-4.77104124e-05 -3.42827297e-04]]",[],0.0,0.0
1787563964.8063083,2.214226903582793,1.351666081634838,2.388270125460714,"[ 2.05787919e-06 -1.14052712e-06  0.00000000e+00  0.00000000e+00
  0.00000000e+00 -1.83925525e-07 -1.14052712e-06  1.77717851e-06
  0.00000000e+00  0.00000000e+00  0.00000000e+00  5.39591275e-08
  0.00000000e+00  0.00000000e+00  0.00000000e+00  0.00000000e+00
  0.00000000e+00  0.00000000e+00  0.00000000e+00  0.00000000e+00
  0.00000000e+00  0.00000000e+00  0.00000000e+00  0.00000000e+00
  0.00000000e+00  0.00000000e+00  0.00000000e+00  0.00000000e+00
  0.00000000e+00  0.00000000e+00 -1.83925525e-07  5.39591275e-08
  0.00000000e+00  0.00000000e+00  0.00000000e+00  3.84467493e-06]","[[ 3.48569948e-05  8.35854065e-04]
 [-4.77104124e-05 -3.42827297e-04]]",[],0.0,0.0
1787563964.8558455,2.214226903582793,1.351666081634838,2.388270125460714,"[ 2.05787919e-06 -1.14052712e-06  0.00000000e+00  0.00000000e+00
  0.00000000e+00 -1.83925525e-07 -1.14052712e-06  1.77717851e-06
  0.00000000e+00  0.00000000e+00  0.00000000e+00  5.39591275e-08
  0.00000000e+00  0.00000000e+00  0.00000000e+00  0.00000000e+00
  0.00000000e+00  0.00000000e+00  0.00000000e+00  0.00000000e+00
  0.00000000e+00  0.00000000e+00  0.00000000e+00  0.00000000e+00
  0.00000000e+00  0.00000000e+00  0.00000000e+00  0.00000000e+00
  0.00000000e+00  0.00000000e+00 -1.83925525e-07  5.39591275e-08
  0.00000000e+00  0.00000000e+00  0.00000000e+00  3.84467493e-06]","[[ 3.48569948e-05  8.35854065e-04]
 [-4.77104124e-05 -3.42827297e-04]]",[],0.0,0.0
1787563964.9059076,2.214226903582793,1.351666081634838,2.388270125460714,"[ 2.05787919e-06 -1.14052712e-06  0.00000000e+00  0.00000000e+00
  0.00000000e+00 -1.83925525e-07 -1.14052712e-06  1.77717851e-06
  0.00000000e+00  0.00000000e+00  0.00000000e+00  5.39591275e-08
  0.00000000e+00  0.00000000e+00  0.00000000e+00  0.00000000e+00
  0.00000000e+00  0.00000000e+00  0.00000000e+00  0.00000000e+00
  0.00000000e+00  0.00000000e+00  0.00000000e+00  0.00000000e+00
  0.00000000e+00  0.00000000e+00  0.00000000e+00  0.00000000e+00
  0.00000000e+00  0.00000000e+00 -1.83925525e-07  5.39591275e-08
  0.00000000e+00  0.00000000e+00  0.00000000e+00  3.84467493e-06]","[[ 3.48569948e-05  8.35854065e-04]
 [-4.77104124e-05 -3.42827297e-04]]",[],0.0,0.0
1787563964.96039,2.214226903582793,1.351666081634838,2.388270125460714,"[ 2.05787919e-06 -1.14052712e-06  0.00000000e+00  0.00000000e+00
  0.00000000e+00 -1.83925525e-07 -1.14052712e-06  1.77717851e-06
  0.00000000e+00  0.00000000e+00  0.00000000e+00  5.39591275e-08
  0.00000000e+00  0.00000000e+00  0.00000000e+00  0.00000000e+00
  0.00000000e+00  0.00000000e+00  0.00000000e+00  0.00000000e+00
  0.00000000e+00  0.00000000e+00  0.00000000e+00  0.00000000e+00
  0.00000000e+00  0.00000000e+00  0.00000000e+00  0.00000000e+00
  0.00000000e+00  0.00000000e+00 -1.83925525e-07  5.39591275e-08
  0.00000000e+00  0.00000000e+00  0.00000000e+00  3.84467493e-06]","[[ 3.48569948e-05  8.35854065e-04]
 [-4.77104124e-05 -3.42827297e-04]]",[],0.0,0.0
1787563965.007845,2.214226903582793,1.351666081634838,2.388270125460714,"[ 2.05787919e-06 -1.14052712e-06  0.00000000e+00  0.00000000e+00
  0.00000000e+00 -1.83925525e-07 -1.14052712e-06  1.77717851e-06
  0.00000000e+00  0.00000000e+00  0.00000000e+00  5.39591275e-08
  0.00000000e+00  0.00000000e+00  0.00000000e+00  0.00000000e+00
  0.00000000e+00  0.00000000e+00  0.00000000e+00  0.00000000e+00
  0.00000000e+00  0.00000000e+00  0.00000000e+00  0.00000000e+00
  0.00000000e+00  0.00000000e+00  0.00000000e+00  0.00000000e+00
  0.00000000e+00  0.00000000e+00 -1.83925525e-07  5.39591275e-08
  0.00000000e+00  0.00000000e+00  0.00000000e+00  3.84467493e-06]","[[ 3.48569948e-05  8.35854065e-04]
 [-4.77104124e-05 -3.42827297e-04]]",[],0.0,0.0
1787563965.056531,2.2172586146151123,1.3487477226927014,2.38891051870991,"[ 2.07054655e-06 -1.15897766e-06  0.00000000e+00  0.00000000e+00
  0.00000000e+00 -1.85130184e-07 -1.15897766e-06  1.78280245e-06
  0.00000000e+00  0.00000000e+00  0.00000000e+00  6.20991096e-08
  0.00000000e+00  0.00000000e+00  0.00000000e+00  0.00000000e+00
  0.00000000e+00  0.00000000e+00  0.00000000e+00  0.00000000e+00
  0.00000000e+00  0.00000000e+00  0.00000000e+00  0.00000000e+00
  0.00000000e+00  0.00000000e+00  0.00000000e+00  0.00000000e+00
  0.00000000e+00  0.00000000e+00 -1.85130184e-07  6.20991096e-08
  0.00000000e+00  0.00000000e+00  0.00000000e+00  3.61614888e-06]","[[ 3.53763644e-05  8.40217292e-04]
 [-4.79191801e-05 -3.60829235e-04]]",[],0.0,0.0
1787563965.1065464,2.2172586146151123,1.3487477226927014,2.38891051870991,"[ 2.07054655e-06 -1.15897766e-06  0.00000000e+00  0.00000000e+00
  0.00000000e+00 -1.85130184e-07 -1.15897766e-06  1.78280245e-06
  0.00000000e+00  0.00000000e+00  0.00000000e+00  6.20991096e-08
  0.00000000e+00  0.00000000e+00  0.00000000e+00  0.00000000e+00
  0.00000000e+00  0.00000000e+00  0.00000000e+00  0.00000000e+00
  0.00000000e+00  0.00000000e+00  0.00000000e+00  0.00000000e+00
  0.00000000e+00  0.00000000e+00  0.00000000e+00  0.00000000e+00
  0.00000000e+00  0.00000000e+00 -1.85130184e-07  6.20991096e-08
  0.00000000e+00  0.00000000e+00  0.00000000e+00  3.61614888e-06]","[[ 3.53763644e-05  8.40217292e-04]
 [-4.79191801e-05 -3.60829235e-04]]",[],0.0,0.0
1787563965.1564493,2.2172586146151123,1.3487477226927014,2.38891051870991,"[ 2.07054655e-06 -1.15897766e-06  0.00000000e+00  0.00000000e+00
  0.00000000e+00 -1.85130184e-07 -1.15897766e-06  1.78280245e-06
  0.00000000e+00  0.00000000e+00  0.00000000e+00  6.20991096e-08
  0.00000000e+00  0.00000000e+00  0.00000000e+00  0.00000000e+00
  0.00000000e+00  0.00000000e+00  0.00000000e+00  0.00000000e+00
  0.00000000e+00  0.00000000e+00  0.00000000e+00  0.00000000e+00
  0.00000000e+00  0.00000000e+00  0.00000000e+00  0.00000000e+00
  0.00000000e+00  0.00000000e+00 -1.85130184e-07  6.20991096e-08
  0.00000000e+00  0.00000000e+00  0.00000000e+00  3.61614888e-06]","[[ 3.53763644e-05  8.40217292e-04]
 [-4.79191801e-05 -3.60829235e-04]]",[],0.0,0.0
1787563965.2130237,2.2172586146151123,1.3487477226927014,2.38891051870991,"[ 2.07054655e-06 -1.15897766e-06  0.00000000e+00  0.00000000e+00
  0.00000000e+00 -1.85130184e-07 -1.15897766e-06  1.78280245e-06
  0.00000000e+00  0.00000000e+00  0.00000000e+00  6.20991096e-08
  0.00000000e+00  0.00000000e+00  0.00000000e+00  0.00000000e+00
  0.00000000e+00  0.00000000e+00  0.00000000e+00  0.00000000e+00
  0.00000000e+00  0.00000000e+00  0.00000000e+00  0.00000000e+00
  0.00000000e+00  0.00000000e+00  0.00000000e+00  0.00000000e+00
  0.00000000e+00  0.00000000e+00 -1.85130184e-07  6.20991096e-08
  0.00000000e+00  0.00000000e+00  0.00000000e+00  3.61614888e-06]","[[ 3.53763644e-05  8.40217292e-04]
 [-4.79191801e-05 -3.60829235e-04]]",[],0.0,0.0
1787563965.2574165,2.2172586146151123,1.3487477226927014,2.38891051870991,"[ 2.07054655e-06 -1.15897766e-06  0.00000000e+00  0.00000000e+00
  0.00000000e+00 -1.85130184e-07 -1.15897766e-06  1.78280245e-06
  0.00000000e+00  0.00000000e+00  0.00000000e+00  6.20991096e-08
  0.00000000e+00  0.00000000e+00  0.00000000e+00  0.00000000e+00
  0.00000000e+00  0.00000000e+00  0.00000000e+00  0.00000000e+00
  0.00000000e+00  0.00000000e+00  0.00000000e+00  0.00000000e+00
  0.00000000e+00  0.00000000e+00  0.00000000e+00  0.00000000e+00
  0.00000000e+00  0.00000000e+00 -1.85130184e-07  6.20991096e-08
  0.00000000e+00  0.00000000e+00  0.00000000e+00  3.61614888e-06]","[[ 3.53763644e-05  8.40217292e-04]
 [-4.79191801e-05 -3.60829235e-04]]",[],0.0,0.0
1787563965.30653,2.2172586146151123,1.3487477226927014,2.38891051870991,"[ 2.07054655e-06 -1.15897766e-06  0.00000000e+00  0.00000000e+00
  0.00000000e+00 -1.85130184e-07 -1.15897766e-06  1.78280245e-06
  0.00000000e+00  0.00000000e+00  0.00000000e+00  6.20991096e-08
  0.00000000e+00  0.00000000e+00  0.00000000e+00  0.00000000e+00
  0.00000000e+00  0.00000000e+00  0.00000000e+00  0.00000000e+00
  0.00000000e+00  0.00000000e+00  0.00000000e+00  0.00000000e+00
  0.00000000e+00  0.00000000e+00  0.00000000e+00  0.00000000e+00
  0.00000000e+00  0.00000000e+00 -1.85130184e-07  6.20991096e-08
  0.00000000e+00  0.00000000e+00  0.00000000e+00  3.61614888e-06]","[[ 3.53763644e-05  8.40217292e-04]
 [-4.79191801e-05 -3.60829235e-04]]",[],0.0,0.0
1787563965.356302,2.2172586146151123,1.3487477226927014,2.38891051870991,"[ 2.07054655e-06 -1.15897766e-06  0.00000000e+00  0.00000000e+00
  0.00000000e+00 -1.85130184e-07 -1.15897766e-06  1.78280245e-06
  0.00000000e+00  0.00000000e+00  0.00000000e+00  6.20991096e-08
  0.00000000e+00  0.00000000e+00  0.00000000e+00  0.00000000e+00
  0.00000000e+00  0.00000000e+00  0.00000000e+00  0.00000000e+00
  0.00000000e+00  0.00000000e+00  0.00000000e+00  0.00000000e+00
  0.00000000e+00  0.00000000e+00  0.00000000e+00  0.00000000e+00
  0.00000000e+00  0.00000000e+00 -1.85130184e-07  6.20991096e-08
  0.00000000e+00  0.00000000e+00  0.00000000e+00  3.61614888e-06]","[[ 3.53763644e-05  8.40217292e-04]
 [-4.79191801e-05 -3.60829235e-04]]",[],0.0,0.0
1787563965.4060762,2.2172586146151123,1.3487477226927014,2.38891051870991,"[ 2.07054655e-06 -1.15897766e-06  0.00000000e+00  0.00000000e+00
  0.00000000e+00 -1.85130184e-07 -1.15897766e-06  1.78280245e-06
  0.00000000e+00  0.00000000e+00  0.00000000e+00  6.20991096e-08
  0.00000000e+00  0.00000000e+00  0.00000000e+00  0.00000000e+00
  0.00000000e+00  0.00000000e+00  0.00000000e+00  0.00000000e+00
  0.00000000e+00  0.00000000e+00  0.00000000e+00  0.00000000e+00
  0.00000000e+00  0.00000000e+00  0.00000000e+00  0.00000000e+00
  0.00000000e+00  0.00000000e+00 -1.85130184e-07  6.20991096e-08
  0.00000000e+00  0.00000000e+00  0.00000000e+00  3.61614888e-06]","[[ 3.53763644e-05  8.40217292e-04]
 [-4.79191801e-05 -3.60829235e-04]]",[],0.0,0.0
1787563965.4608405,2.2172586146151123,1.3487477226927014,2.38891051870991,"[ 2.07054655e-06 -1.15897766e-06  0.00000000e+00  0.00000000e+00
  0.00000000e+00 -1.85130184e-07 -1.15897766e-06  1.78280245e-06
  0.00000000e+00  0.00000000e+00  0.00000000e+00  6.20991096e-08
  0.00000000e+00  0.00000000e+00  0.00000000e+00  0.00000000e+00
  0.00000000e+00  0.00000000e+00  0.00000000e+00  0.00000000e+00
  0.00000000e+00  0.00000000e+00  0.00000000e+00  0.00000000e+00
  0.00000000e+00  0.00000000e+00  0.00000000e+00  0.00000000e+00
  0.00000000e+00  0.00000000e+00 -1.85130184e-07  6.20991096e-08
  0.00000000e+00  0.00000000e+00  0.00000000e+00  3.61614888e-06]","[[ 3.53763644e-05  8.40217292e-04]
 [-4.79191801e-05 -3.60829235e-04]]",[],0.0,0.0
1787563965.506267,2.2172586146151123,1.3487477226927014,2.38891051870991,"[ 2.07054655e-06 -1.15897766e-06  0.00000000e+00  0.00000000e+00
  0.00000000e+00 -1.85130184e-07 -1.15897766e-06  1.78280245e-06
  0.00000000e+00  0.00000000e+00  0.00000000e+00  6.20991096e-08
  0.00000000e+00  0.00000000e+00  0.00000000e+00  0.00000000e+00
  0.00000000e+00  0.00000000e+00  0.00000000e+00  0.00000000e+00
  0.00000000e+00  0.00000000e+00  0.00000000e+00  0.00000000e+00
  0.00000000e+00  0.00000000e+00  0.00000000e+00  0.00000000e+00
  0.00000000e+00  0.00000000e+00 -1.85130184e-07  6.20991096e-08
  0.00000000e+00  0.00000000e+00  0.00000000e+00  3.61614888e-06]","[[ 3.53763644e-05  8.40217292e-04]
 [-4.79191801e-05 -3.60829235e-04]]",[],0.0,0.0
1787563965.5566642,2.2172586146151123,1.3487477226927014,2.38891051870991,"[ 2.07054655e-06 -1.15897766e-06  0.00000000e+00  0.00000000e+00
  0.00000000e+00 -1.85130184e-07 -1.15897766e-06  1.78280245e-06
  0.00000000e+00  0.00000000e+00  0.00000000e+00  6.20991096e-08
  0.00000000e+00  0.00000000e+00  0.00000000e+00  0.00000000e+00
  0.00000000e+00  0.00000000e+00  0.00000000e+00  0.00000000e+00
  0.00000000e+00  0.00000000e+00  0.00000000e+00  0.00000000e+00
  0.00000000e+00  0.00000000e+00  0.00000000e+00  0.00000000e+00
  0.00000000e+00  0.00000000e+00 -1.85130184e-07  6.20991096e-08
  0.00000000e+00  0.00000000e+00  0.00000000e+00  3.61614888e-06]","[[ 3.53763644e-05  8.40217292e-04]
 [-4.79191801e-05 -3.60829235e-04]]",[],0.0,0.0
1787563965.6069188,2.2172586146151123,1.3487477226927014,2.38891051870991,"[ 2.07054655e-06 -1.15897766e-06  0.00000000e+00  0.00000000e+00
  0.00000000e+00 -1.85130184e-07 -1.15897766e-06  1.78280245e-06
  0.00000000e+00  0.00000000e+00  0.00000000e+00  6.20991096e-08
  0.00000000e+00  0.00000000e+00  0.00000000e+00  0.00000000e+00
  0.00000000e+00  0.00000000e+00  0.00000000e+00  0.00000000e+00
  0.00000000e+00  0.00000000e+00  0.00000000e+00  0.00000000e+00
  0.00000000e+00  0.00000000e+00  0.00000000e+00  0.00000000e+00
  0.00000000e+00  0.00000000e+00 -1.85130184e-07  6.20991096e-08
  0.00000000e+00  0.00000000e+00  0.00000000e+00  3.61614888e-06]","[[ 3.53763644e-05  8.40217292e-04]
 [-4.79191801e-05 -3.60829235e-04]]",[],0.0,0.0
1787563965.6599982,2.2172586146151123,1.3487477226927014,2.38891051870991,"[ 2.07054655e-06 -1.15897766e-06  0.00000000e+00  0.00000000e+00
  0.00000000e+00 -1.85130184e-07 -1.15897766e-06  1.78280245e-06
  0.00000000e+00  0.00000000e+00  0.00000000e+00  6.20991096e-08
  0.00000000e+00  0.00000000e+00  0.00000000e+00  0.00000000e+00
  0.00000000e+00  0.00000000e+00  0.00000000e+00  0.00000000e+00
  0.00000000e+00  0.00000000e+00  0.00000000e+00  0.00000000e+00
  0.00000000e+00  0.00000000e+00  0.00000000e+00  0.00000000e+00
  0.00000000e+00  0.00000000e+00 -1.85130184e-07  6.20991096e-08
  0.00000000e+00  0.00000000e+00  0.00000000e+00  3.61614888e-06]","[[ 3.53763644e-05  8.40217292e-04]
 [-4.79191801e-05 -3.60829235e-04]]",[],0.0,0.0
1787563965.7082915,2.2172586146151123,1.3487477226927014,2.38891051870991,"[ 2.07054655e-06 -1.15897766e-06  0.00000000e+00  0.00000000e+00
  0.00000000e+00 -1.85130184e-07 -1.15897766e-06  1.78280245e-06
  0.00000000e+00  0.00000000e+00  0.00000000e+00  6.20991096e-08
  0.00000000e+00  0.00000000e+00  0.00000000e+00  0.00000000e+00
  0.00000000e+00  0.00000000e+00  0.00000000e+00  0.00000000e+00
  0.00000000e+00  0.00000000e+00  0.00000000e+00  0.00000000e+00
  0.00000000e+00  0.00000000e+00  0.00000000e+00  0.00000000e+00
  0.00000000e+00  0.00000000e+00 -1.85130184e-07  6.20991096e-08
  0.00000000e+00  0.00000000e+00  0.00000000e+00  3.61614888e-06]","[[ 3.53763644e-05  8.40217292e-04]
 [-4.79191801e-05 -3.60829235e-04]]",[],0.0,0.0
1787563965.756296,2.219960065750604,1.3460979770162076,2.3878851864392825,"[ 2.06563627e-06 -1.16227157e-06  0.00000000e+00  0.00000000e+00
  0.00000000e+00 -1.84652764e-07 -1.16227157e-06  1.77469872e-06
  0.00000000e+00  0.00000000e+00  0.00000000e+00  6.65977136e-08
  0.00000000e+00  0.00000000e+00  0.00000000e+00  0.00000000e+00
  0.00000000e+00  0.00000000e+00  0.00000000e+00  0.00000000e+00
  0.00000000e+00  0.00000000e+00  0.00000000e+00  0.00000000e+00
  0.00000000e+00  0.00000000e+00  0.00000000e+00  0.00000000e+00
  0.00000000e+00  0.00000000e+00 -1.84652764e-07  6.65977136e-08
  0.00000000e+00  0.00000000e+00  0.00000000e+00  3.51064457e-06]","[[ 3.54634535e-05  8.37470432e-04]
 [-4.77391338e-05 -3.69094371e-04]]",[],0.0,0.0
1787563965.8095522,2.219960065750604,1.3460979770162076,2.3878851864392825,"[ 2.06563627e-06 -1.16227157e-06  0.00000000e+00  0.00000000e+00
  0.00000000e+00 -1.84652764e-07 -1.16227157e-06  1.77469872e-06
  0.00000000e+00  0.00000000e+00  0.00000000e+00  6.65977136e-08
  0.00000000e+00  0.00000000e+00  0.00000000e+00  0.00000000e+00
  0.00000000e+00  0.00000000e+00  0.00000000e+00  0.00000000e+00
  0.00000000e+00  0.00000000e+00  0.00000000e+00  0.00000000e+00
  0.00000000e+00  0.00000000e+00  0.00000000e+00  0.00000000e+00
  0.00000000e+00  0.00000000e+00 -1.84652764e-07  6.65977136e-08
  0.00000000e+00  0.00000000e+00  0.00000000e+00  3.51064457e-06]","[[ 3.54634535e-05  8.37470432e-04]
 [-4.77391338e-05 -3.69094371e-04]]",[],0.0,0.0
1787563965.875381,2.219960065750604,1.3460979770162076,2.3878851864392825,"[ 2.06563627e-06 -1.16227157e-06  0.00000000e+00  0.00000000e+00
  0.00000000e+00 -1.84652764e-07 -1.16227157e-06  1.77469872e-06
  0.00000000e+00  0.00000000e+00  0.00000000e+00  6.65977136e-08
  0.00000000e+00  0.00000000e+00  0.00000000e+00  0.00000000e+00
  0.00000000e+00  0.00000000e+00  0.00000000e+00  0.00000000e+00
  0.00000000e+00  0.00000000e+00  0.00000000e+00  0.00000000e+00
  0.00000000e+00  0.00000000e+00  0.00000000e+00  0.00000000e+00
  0.00000000e+00  0.00000000e+00 -1.84652764e-07  6.65977136e-08
  0.00000000e+00  0.00000000e+00  0.00000000e+00  3.51064457e-06]","[[ 3.54634535e-05  8.37470432e-04]
 [-4.77391338e-05 -3.69094371e-04]]",[],0.0,0.0
1787563965.9058514,2.219960065750604,1.3460979770162076,2.3878851864392825,"[ 2.06563627e-06 -1.16227157e-06  0.00000000e+00  0.00000000e+00
  0.00000000e+00 -1.84652764e-07 -1.16227157e-06  1.77469872e-06
  0.00000000e+00  0.00000000e+00  0.00000000e+00  6.65977136e-08
  0.00000000e+00  0.00000000e+00  0.00000000e+00  0.00000000e+00
  0.00000000e+00  0.00000000e+00  0.00000000e+00  0.00000000e+00
  0.00000000e+00  0.00000000e+00  0.00000000e+00  0.00000000e+00
  0.00000000e+00  0.00000000e+00  0.00000000e+00  0.00000000e+00
  0.00000000e+00  0.00000000e+00 -1.84652764e-07  6.65977136e-08
  0.00000000e+00  0.00000000e+00  0.00000000e+00  3.51064457e-06]","[[ 3.54634535e-05  8.37470432e-04]
 [-4.77391338e-05 -3.69094371e-04]]",[],0.0,0.0
1787563965.9660075,2.219960065750604,1.3460979770162076,2.3878851864392825,"[ 2.06563627e-06 -1.16227157e-06  0.00000000e+00  0.00000000e+00
  0.00000000e+00 -1.84652764e-07 -1.16227157e-06  1.77469872e-06
  0.00000000e+00  0.00000000e+00  0.00000000e+00  6.65977136e-08
  0.00000000e+00  0.00000000e+00  0.00000000e+00  0.00000000e+00
  0.00000000e+00  0.00000000e+00  0.00000000e+00  0.00000000e+00
  0.00000000e+00  0.00000000e+00  0.00000000e+00  0.00000000e+00
  0.00000000e+00  0.00000000e+00  0.00000000e+00  0.00000000e+00
  0.00000000e+00  0.00000000e+00 -1.84652764e-07  6.65977136e-08
  0.00000000e+00  0.00000000e+00  0.00000000e+00  3.51064457e-06]","[[ 3.54634535e-05  8.37470432e-04]
 [-4.77391338e-05 -3.69094371e-04]]",[],0.0,0.0
1787563966.0075026,2.219960065750604,1.3460979770162076,2.3878851864392825,"[ 2.06563627e-06 -1.16227157e-06  0.00000000e+00  0.00000000e+00
  0.00000000e+00 -1.84652764e-07 -1.16227157e-06  1.77469872e-06
  0.00000000e+00  0.00000000e+00  0.00000000e+00  6.65977136e-08
  0.00000000e+00  0.00000000e+00  0.00000000e+00  0.00000000e+00
  0.00000000e+00  0.00000000e+00  0.00000000e+00  0.00000000e+00
  0.00000000e+00  0.00000000e+00  0.00000000e+00  0.00000000e+00
  0.00000000e+00  0.00000000e+00  0.00000000e+00  0.00000000e+00
  0.00000000e+00  0.00000000e+00 -1.84652764e-07  6.65977136e-08
  0.00000000e+00  0.00000000e+00  0.00000000e+00  3.51064457e-06]","[[ 3.54634535e-05  8.37470432e-04]
 [-4.77391338e-05 -3.69094371e-04]]",[],0.0,0.0
1787563966.0569477,2.219960065750604,1.3460979770162076,2.3878851864392825,"[ 2.06563627e-06 -1.16227157e-06  0.00000000e+00  0.00000000e+00
  0.00000000e+00 -1.84652764e-07 -1.16227157e-06  1.77469872e-06
  0.00000000e+00  0.00000000e+00  0.00000000e+00  6.65977136e-08
  0.00000000e+00  0.00000000e+00  0.00000000e+00  0.00000000e+00
  0.00000000e+00  0.00000000e+00  0.00000000e+00  0.00000000e+00
  0.00000000e+00  0.00000000e+00  0.00000000e+00  0.00000000e+00
  0.00000000e+00  0.00000000e+00  0.00000000e+00  0.00000000e+00
  0.00000000e+00  0.00000000e+00 -1.84652764e-07  6.65977136e-08
  0.00000000e+00  0.00000000e+00  0.00000000e+00  3.51064457e-06]","[[ 3.54634535e-05  8.37470432e-04]
 [-4.77391338e-05 -3.69094371e-04]]",[],0.0,0.0
1787563966.1102731,2.219960065750604,1.3460979770162076,2.3878851864392825,"[ 2.06563627e-06 -1.16227157e-06  0.00000000e+00  0.00000000e+00
  0.00000000e+00 -1.84652764e-07 -1.16227157e-06  1.77469872e-06
  0.00000000e+00  0.00000000e+00  0.00000000e+00  6.65977136e-08
  0.00000000e+00  0.00000000e+00  0.00000000e+00  0.00000000e+00
  0.00000000e+00  0.00000000e+00  0.00000000e+00  0.00000000e+00
  0.00000000e+00  0.00000000e+00  0.00000000e+00  0.00000000e+00
  0.00000000e+00  0.00000000e+00  0.00000000e+00  0.00000000e+00
  0.00000000e+00  0.00000000e+00 -1.84652764e-07  6.65977136e-08
  0.00000000e+00  0.00000000e+00  0.00000000e+00  3.51064457e-06]","[[ 3.54634535e-05  8.37470432e-04]
 [-4.77391338e-05 -3.69094371e-04]]",[],0.0,0.0
1787563966.1692407,2.219960065750604,1.3460979770162076,2.3878851864392825,"[ 2.06563627e-06 -1.16227157e-06  0.00000000e+00  0.00000000e+00
  0.00000000e+00 -1.84652764e-07 -1.16227157e-06  1.77469872e-06
  0.00000000e+00  0.00000000e+00  0.00000000e+00  6.65977136e-08
  0.00000000e+00  0.00000000e+00  0.00000000e+00  0.00000000e+00
  0.00000000e+00  0.00000000e+00  0.00000000e+00  0.00000000e+00
  0.00000000e+00  0.00000000e+00  0.00000000e+00  0.00000000e+00
  0.00000000e+00  0.00000000e+00  0.00000000e+00  0.00000000e+00
  0.00000000e+00  0.00000000e+00 -1.84652764e-07  6.65977136e-08
  0.00000000e+00  0.00000000e+00  0.00000000e+00  3.51064457e-06]","[[ 3.54634535e-05  8.37470432e-04]
 [-4.77391338e-05 -3.69094371e-04]]",[],0.0,0.0
1787563966.2162073,2.219960065750604,1.3460979770162076,2.3878851864392825,"[ 2.06563627e-06 -1.16227157e-06  0.00000000e+00  0.00000000e+00
  0.00000000e+00 -1.84652764e-07 -1.16227157e-06  1.77469872e-06
  0.00000000e+00  0.00000000e+00  0.00000000e+00  6.65977136e-08
  0.00000000e+00  0.00000000e+00  0.00000000e+00  0.00000000e+00
  0.00000000e+00  0.00000000e+00  0.00000000e+00  0.00000000e+00
  0.00000000e+00  0.00000000e+00  0.00000000e+00  0.00000000e+00
  0.00000000e+00  0.00000000e+00  0.00000000e+00  0.00000000e+00
  0.00000000e+00  0.00000000e+00 -1.84652764e-07  6.65977136e-08
  0.00000000e+00  0.00000000e+00  0.00000000e+00  3.51064457e-06]","[[ 3.54634535e-05  8.37470432e-04]
 [-4.77391338e-05 -3.69094371e-04]]",[],0.0,0.0
1787563966.2570877,2.219960065750604,1.3460979770162076,2.3878851864392825,"[ 2.06563627e-06 -1.16227157e-06  0.00000000e+00  0.00000000e+00
  0.00000000e+00 -1.84652764e-07 -1.16227157e-06  1.77469872e-06
  0.00000000e+00  0.00000000e+00  0.00000000e+00  6.65977136e-08
  0.00000000e+00  0.00000000e+00  0.00000000e+00  0.00000000e+00
  0.00000000e+00  0.00000000e+00  0.00000000e+00  0.00000000e+00
  0.00000000e+00  0.00000000e+00  0.00000000e+00  0.00000000e+00
  0.00000000e+00  0.00000000e+00  0.00000000e+00  0.00000000e+00
  0.00000000e+00  0.00000000e+00 -1.84652764e-07  6.65977136e-08
  0.00000000e+00  0.00000000e+00  0.00000000e+00  3.51064457e-06]","[[ 3.54634535e-05  8.37470432e-04]
 [-4.77391338e-05 -3.69094371e-04]]",[],0.0,0.0
1787563966.3148508,2.219960065750604,1.3460979770162076,2.3878851864392825,"[ 2.06563627e-06 -1.16227157e-06  0.00000000e+00  0.00000000e+00
  0.00000000e+00 -1.84652764e-07 -1.16227157e-06  1.77469872e-06
  0.00000000e+00  0.00000000e+00  0.00000000e+00  6.65977136e-08
  0.00000000e+00  0.00000000e+00  0.00000000e+00  0.00000000e+00
  0.00000000e+00  0.00000000e+00  0.00000000e+00  0.00000000e+00
  0.00000000e+00  0.00000000e+00  0.00000000e+00  0.00000000e+00
  0.00000000e+00  0.00000000e+00  0.00000000e+00  0.00000000e+00
  0.00000000e+00  0.00000000e+00 -1.84652764e-07  6.65977136e-08
  0.00000000e+00  0.00000000e+00  0.00000000e+00  3.51064457e-06]","[[ 3.54634535e-05  8.37470432e-04]
 [-4.77391338e-05 -3.69094371e-04]]",[],0.0,0.0
1787563966.359583,2.219960065750604,1.3460979770162076,2.3878851864392825,"[ 2.06563627e-06 -1.16227157e-06  0.00000000e+00  0.00000000e+00
  0.00000000e+00 -1.84652764e-07 -1.16227157e-06  1.77469872e-06
  0.00000000e+00  0.00000000e+00  0.00000000e+00  6.65977136e-08
  0.00000000e+00  0.00000000e+00  0.00000000e+00  0.00000000e+00
  0.00000000e+00  0.00000000e+00  0.00000000e+00  0.00000000e+00
  0.00000000e+00  0.00000000e+00  0.00000000e+00  0.00000000e+00
  0.00000000e+00  0.00000000e+00  0.00000000e+00  0.00000000e+00
  0.00000000e+00  0.00000000e+00 -1.84652764e-07  6.65977136e-08
  0.00000000e+00  0.00000000e+00  0.00000000e+00  3.51064457e-06]","[[ 3.54634535e-05  8.37470432e-04]
 [-4.77391338e-05 -3.69094371e-04]]",[],0.0,0.0
1787563966.4060268,2.219960065750604,1.3460979770162076,2.3878851864392825,"[ 2.06563627e-06 -1.16227157e-06  0.00000000e+00  0.00000000e+00
  0.00000000e+00 -1.84652764e-07 -1.16227157e-06  1.77469872e-06
  0.00000000e+00  0.00000000e+00  0.00000000e+00  6.65977136e-08
  0.00000000e+00  0.00000000e+00  0.00000000e+00  0.00000000e+00
  0.00000000e+00  0.00000000e+00  0.00000000e+00  0.00000000e+00
  0.00000000e+00  0.00000000e+00  0.00000000e+00  0.00000000e+00
  0.00000000e+00  0.00000000e+00  0.00000000e+00  0.00000000e+00
  0.00000000e+00  0.00000000e+00 -1.84652764e-07  6.65977136e-08
  0.00000000e+00  0.00000000e+00  0.00000000e+00  3.51064457e-06]","[[ 3.54634535e-05  8.37470432e-04]
 [-4.77391338e-05 -3.69094371e-04]]",[],0.0,0.0
1787563966.4587235,2.222449905356922,1.343789276627351,2.3894344176615867,"[ 2.04973057e-06 -1.15493304e-06  0.00000000e+00  0.00000000e+00
  0.00000000e+00 -1.80713273e-07 -1.15493304e-06  1.75668782e-06
  0.00000000e+00  0.00000000e+00  0.00000000e+00  5.68613636e-08
  0.00000000e+00  0.00000000e+00  0.00000000e+00  0.00000000e+00
  0.00000000e+00  0.00000000e+00  0.00000000e+00  0.00000000e+00
  0.00000000e+00  0.00000000e+00  0.00000000e+00  0.00000000e+00
  0.00000000e+00  0.00000000e+00  0.00000000e+00  0.00000000e+00
  0.00000000e+00  0.00000000e+00 -1.80713273e-07  5.68613636e-08
  0.00000000e+00  0.00000000e+00  0.00000000e+00  3.42285494e-06]","[[ 3.52489647e-05  8.26377236e-04]
 [-4.72780812e-05 -3.51261716e-04]]",[],0.0,0.0
1787563966.5062065,2.222449905356922,1.343789276627351,2.3894344176615867,"[ 2.04973057e-06 -1.15493304e-06  0.00000000e+00  0.00000000e+00
  0.00000000e+00 -1.80713273e-07 -1.15493304e-06  1.75668782e-06
  0.00000000e+00  0.00000000e+00  0.00000000e+00  5.68613636e-08
  0.00000000e+00  0.00000000e+00  0.00000000e+00  0.00000000e+00
  0.00000000e+00  0.00000000e+00  0.00000000e+00  0.00000000e+00
  0.00000000e+00  0.00000000e+00  0.00000000e+00  0.00000000e+00
  0.00000000e+00  0.00000000e+00  0.00000000e+00  0.00000000e+00
  0.00000000e+00  0.00000000e+00 -1.80713273e-07  5.68613636e-08
  0.00000000e+00  0.00000000e+00  0.00000000e+00  3.42285494e-06]","[[ 3.52489647e-05  8.26377236e-04]
 [-4.72780812e-05 -3.51261716e-04]]",[],0.0,0.0
1787563966.5561216,2.222449905356922,1.343789276627351,2.3894344176615867,"[ 2.04973057e-06 -1.15493304e-06  0.00000000e+00  0.00000000e+00
  0.00000000e+00 -1.80713273e-07 -1.15493304e-06  1.75668782e-06
  0.00000000e+00  0.00000000e+00  0.00000000e+00  5.68613636e-08
  0.00000000e+00  0.00000000e+00  0.00000000e+00  0.00000000e+00
  0.00000000e+00  0.00000000e+00  0.00000000e+00  0.00000000e+00
  0.00000000e+00  0.00000000e+00  0.00000000e+00  0.00000000e+00
  0.00000000e+00  0.00000000e+00  0.00000000e+00  0.00000000e+00
  0.00000000e+00  0.00000000e+00 -1.80713273e-07  5.68613636e-08
  0.00000000e+00  0.00000000e+00  0.00000000e+00  3.42285494e-06]","[[ 3.52489647e-05  8.26377236e-04]
 [-4.72780812e-05 -3.51261716e-04]]",[],0.0,0.0
1787563966.6069422,2.222449905356922,1.343789276627351,2.3894344176615867,"[ 2.04973057e-06 -1.15493304e-06  0.00000000e+00  0.00000000e+00
  0.00000000e+00 -1.80713273e-07 -1.15493304e-06  1.75668782e-06
  0.00000000e+00  0.00000000e+00  0.00000000e+00  5.68613636e-08
  0.00000000e+00  0.00000000e+00  0.00000000e+00  0.00000000e+00
  0.00000000e+00  0.00000000e+00  0.00000000e+00  0.00000000e+00
  0.00000000e+00  0.00000000e+00  0.00000000e+00  0.00000000e+00
  0.00000000e+00  0.00000000e+00  0.00000000e+00  0.00000000e+00
  0.00000000e+00  0.00000000e+00 -1.80713273e-07  5.68613636e-08
  0.00000000e+00  0.00000000e+00  0.00000000e+00  3.42285494e-06]","[[ 3.52489647e-05  8.26377236e-04]
 [-4.72780812e-05 -3.51261716e-04]]",[],0.0,0.0
1787563966.657359,2.222449905356922,1.343789276627351,2.3894344176615867,"[ 2.04973057e-06 -1.15493304e-06  0.00000000e+00  0.00000000e+00
  0.00000000e+00 -1.80713273e-07 -1.15493304e-06  1.75668782e-06
  0.00000000e+00  0.00000000e+00  0.00000000e+00  5.68613636e-08
  0.00000000e+00  0.00000000e+00  0.00000000e+00  0.00000000e+00
  0.00000000e+00  0.00000000e+00  0.00000000e+00  0.00000000e+00
  0.00000000e+00  0.00000000e+00  0.00000000e+00  0.00000000e+00
  0.00000000e+00  0.00000000e+00  0.00000000e+00  0.00000000e+00
  0.00000000e+00  0.00000000e+00 -1.80713273e-07  5.68613636e-08
  0.00000000e+00  0.00000000e+00  0.00000000e+00  3.42285494e-06]","[[ 3.52489647e-05  8.26377236e-04]
 [-4.72780812e-05 -3.51261716e-04]]",[],0.0,0.0
1787563966.7113013,2.222449905356922,1.343789276627351,2.3894344176615867,"[ 2.04973057e-06 -1.15493304e-06  0.00000000e+00  0.00000000e+00
  0.00000000e+00 -1.80713273e-07 -1.15493304e-06  1.75668782e-06
  0.00000000e+00  0.00000000e+00  0.00000000e+00  5.68613636e-08
  0.00000000e+00  0.00000000e+00  0.00000000e+00  0.00000000e+00
  0.00000000e+00  0.00000000e+00  0.00000000e+00  0.00000000e+00
  0.00000000e+00  0.00000000e+00  0.00000000e+00  0.00000000e+00
  0.00000000e+00  0.00000000e+00  0.00000000e+00  0.00000000e+00
  0.00000000e+00  0.00000000e+00 -1.80713273e-07  5.68613636e-08
  0.00000000e+00  0.00000000e+00  0.00000000e+00  3.42285494e-06]","[[ 3.52489647e-05  8.26377236e-04]
 [-4.72780812e-05 -3.51261716e-04]]",[],0.0,0.0
1787563966.755939,2.222449905356922,1.343789276627351,2.3894344176615867,"[ 2.04973057e-06 -1.15493304e-06  0.00000000e+00  0.00000000e+00
  0.00000000e+00 -1.80713273e-07 -1.15493304e-06  1.75668782e-06
  0.00000000e+00  0.00000000e+00  0.00000000e+00  5.68613636e-08
  0.00000000e+00  0.00000000e+00  0.00000000e+00  0.00000000e+00
  0.00000000e+00  0.00000000e+00  0.00000000e+00  0.00000000e+00
  0.00000000e+00  0.00000000e+00  0.00000000e+00  0.00000000e+00
  0.00000000e+00  0.00000000e+00  0.00000000e+00  0.00000000e+00
  0.00000000e+00  0.00000000e+00 -1.80713273e-07  5.68613636e-08
  0.00000000e+00  0.00000000e+00  0.00000000e+00  3.42285494e-06]","[[ 3.52489647e-05  8.26377236e-04]
 [-4.72780812e-05 -3.51261716e-04]]",[],0.0,0.0
1787563966.806768,2.222449905356922,1.343789276627351,2.3894344176615867,"[ 2.04973057e-06 -1.15493304e-06  0.00000000e+00  0.00000000e+00
  0.00000000e+00 -1.80713273e-07 -1.15493304e-06  1.75668782e-06
  0.00000000e+00  0.00000000e+00  0.00000000e+00  5.68613636e-08
  0.00000000e+00  0.00000000e+00  0.00000000e+00  0.00000000e+00
  0.00000000e+00  0.00000000e+00  0.00000000e+00  0.00000000e+00
  0.00000000e+00  0.00000000e+00  0.00000000e+00  0.00000000e+00
  0.00000000e+00  0.00000000e+00  0.00000000e+00  0.00000000e+00
  0.00000000e+00  0.00000000e+00 -1.80713273e-07  5.68613636e-08
  0.00000000e+00  0.00000000e+00  0.00000000e+00  3.42285494e-06]","[[ 3.52489647e-05  8.26377236e-04]
 [-4.72780812e-05 -3.51261716e-04]]",[],0.0,0.0
1787563966.856353,2.222449905356922,1.343789276627351,2.3894344176615867,"[ 2.04973057e-06 -1.15493304e-06  0.00000000e+00  0.00000000e+00
  0.00000000e+00 -1.80713273e-07 -1.15493304e-06  1.75668782e-06
  0.00000000e+00  0.00000000e+00  0.00000000e+00  5.68613636e-08
  0.00000000e+00  0.00000000e+00  0.00000000e+00  0.00000000e+00
  0.00000000e+00  0.00000000e+00  0.00000000e+00  0.00000000e+00
  0.00000000e+00  0.00000000e+00  0.00000000e+00  0.00000000e+00
  0.00000000e+00  0.00000000e+00  0.00000000e+00  0.00000000e+00
  0.00000000e+00  0.00000000e+00 -1.80713273e-07  5.68613636e-08
  0.00000000e+00  0.00000000e+00  0.00000000e+00  3.42285494e-06]","[[ 3.52489647e-05  8.26377236e-04]
 [-4.72780812e-05 -3.51261716e-04]]",[],0.0,0.0
1787563966.9058256,2.222449905356922,1.343789276627351,2.3894344176615867,"[ 2.04973057e-06 -1.15493304e-06  0.00000000e+00  0.00000000e+00
  0.00000000e+00 -1.80713273e-07 -1.15493304e-06  1.75668782e-06
  0.00000000e+00  0.00000000e+00  0.00000000e+00  5.68613636e-08
  0.00000000e+00  0.00000000e+00  0.00000000e+00  0.00000000e+00
  0.00000000e+00  0.00000000e+00  0.00000000e+00  0.00000000e+00
  0.00000000e+00  0.00000000e+00  0.00000000e+00  0.00000000e+00
  0.00000000e+00  0.00000000e+00  0.00000000e+00  0.00000000e+00
  0.00000000e+00  0.00000000e+00 -1.80713273e-07  5.68613636e-08
  0.00000000e+00  0.00000000e+00  0.00000000e+00  3.42285494e-06]","[[ 3.52489647e-05  8.26377236e-04]
 [-4.72780812e-05 -3.51261716e-04]]",[],0.0,0.0
1787563966.958071,2.222449905356922,1.343789276627351,2.3894344176615867,"[ 2.04973057e-06 -1.15493304e-06  0.00000000e+00  0.00000000e+00
  0.00000000e+00 -1.80713273e-07 -1.15493304e-06  1.75668782e-06
  0.00000000e+00  0.00000000e+00  0.00000000e+00  5.68613636e-08
  0.00000000e+00  0.00000000e+00  0.00000000e+00  0.00000000e+00
  0.00000000e+00  0.00000000e+00  0.00000000e+00  0.00000000e+00
  0.00000000e+00  0.00000000e+00  0.00000000e+00  0.00000000e+00
  0.00000000e+00  0.00000000e+00  0.00000000e+00  0.00000000e+00
  0.00000000e+00  0.00000000e+00 -1.80713273e-07  5.68613636e-08
  0.00000000e+00  0.00000000e+00  0.00000000e+00  3.42285494e-06]","[[ 3.52489647e-05  8.26377236e-04]
 [-4.72780812e-05 -3.51261716e-04]]",[],0.0,0.0
1787563967.0090427,2.222449905356922,1.343789276627351,2.3894344176615867,"[ 2.04973057e-06 -1.15493304e-06  0.00000000e+00  0.00000000e+00
  0.00000000e+00 -1.80713273e-07 -1.15493304e-06  1.75668782e-06
  0.00000000e+00  0.00000000e+00  0.00000000e+00  5.68613636e-08
  0.00000000e+00  0.00000000e+00  0.00000000e+00  0.00000000e+00
  0.00000000e+00  0.00000000e+00  0.00000000e+00  0.00000000e+00
  0.00000000e+00  0.00000000e+00  0.00000000e+00  0.00000000e+00
  0.00000000e+00  0.00000000e+00  0.00000000e+00  0.00000000e+00
  0.00000000e+00  0.00000000e+00 -1.80713273e-07  5.68613636e-08
  0.00000000e+00  0.00000000e+00  0.00000000e+00  3.42285494e-06]","[[ 3.52489647e-05  8.26377236e-04]
 [-4.72780812e-05 -3.51261716e-04]]",[],0.0,0.0
1787563967.0602167,2.222449905356922,1.343789276627351,2.3894344176615867,"[ 2.04973057e-06 -1.15493304e-06  0.00000000e+00  0.00000000e+00
  0.00000000e+00 -1.80713273e-07 -1.15493304e-06  1.75668782e-06
  0.00000000e+00  0.00000000e+00  0.00000000e+00  5.68613636e-08
  0.00000000e+00  0.00000000e+00  0.00000000e+00  0.00000000e+00
  0.00000000e+00  0.00000000e+00  0.00000000e+00  0.00000000e+00
  0.00000000e+00  0.00000000e+00  0.00000000e+00  0.00000000e+00
  0.00000000e+00  0.00000000e+00  0.00000000e+00  0.00000000e+00
  0.00000000e+00  0.00000000e+00 -1.80713273e-07  5.68613636e-08
  0.00000000e+00  0.00000000e+00  0.00000000e+00  3.42285494e-06]","[[ 3.52489647e-05  8.26377236e-04]
 [-4.72780812e-05 -3.51261716e-04]]",[],0.0,0.0
1787563967.1061025,2.222449905356922,1.343789276627351,2.3894344176615867,"[ 2.04973057e-06 -1.15493304e-06  0.00000000e+00  0.00000000e+00
  0.00000000e+00 -1.80713273e-07 -1.15493304e-06  1.75668782e-06
  0.00000000e+00  0.00000000e+00  0.00000000e+00  5.68613636e-08
  0.00000000e+00  0.00000000e+00  0.00000000e+00  0.00000000e+00
  0.00000000e+00  0.00000000e+00  0.00000000e+00  0.00000000e+00
  0.00000000e+00  0.00000000e+00  0.00000000e+00  0.00000000e+00
  0.00000000e+00  0.00000000e+00  0.00000000e+00  0.00000000e+00
  0.00000000e+00  0.00000000e+00 -1.80713273e-07  5.68613636e-08
  0.00000000e+00  0.00000000e+00  0.00000000e+00  3.42285494e-06]","[[ 3.52489647e-05  8.26377236e-04]
 [-4.72780812e-05 -3.51261716e-04]]",[],0.0,0.0
1787563967.1568632,2.224222174898347,1.3418158684384638,2.3904269278952146,"[ 2.03577961e-06 -1.15017700e-06  0.00000000e+00  0.00000000e+00
  0.00000000e+00 -1.51541832e-07 -1.15017700e-06  1.74208477e-06
  0.00000000e+00  0.00000000e+00  0.00000000e+00  2.37782535e-08
  0.00000000e+00  0.00000000e+00  0.00000000e+00  0.00000000e+00
  0.00000000e+00  0.00000000e+00  0.00000000e+00  0.00000000e+00
  0.00000000e+00  0.00000000e+00  0.00000000e+00  0.00000000e+00
  0.00000000e+00  0.00000000e+00  0.00000000e+00  0.00000000e+00
  0.00000000e+00  0.00000000e+00 -1.51541832e-07  2.37782535e-08
  0.00000000e+00  0.00000000e+00  0.00000000e+00  3.36286864e-06]","[[ 3.51031961e-05  7.74049755e-04]
 [-4.69091143e-05 -2.95443702e-04]]",[],0.0,0.0
1787563967.2060115,2.224222174898347,1.3418158684384638,2.3904269278952146,"[ 2.03577961e-06 -1.15017700e-06  0.00000000e+00  0.00000000e+00
  0.00000000e+00 -1.51541832e-07 -1.15017700e-06  1.74208477e-06
  0.00000000e+00  0.00000000e+00  0.00000000e+00  2.37782535e-08
  0.00000000e+00  0.00000000e+00  0.00000000e+00  0.00000000e+00
  0.00000000e+00  0.00000000e+00  0.00000000e+00  0.00000000e+00
  0.00000000e+00  0.00000000e+00  0.00000000e+00  0.00000000e+00
  0.00000000e+00  0.00000000e+00  0.00000000e+00  0.00000000e+00
  0.00000000e+00  0.00000000e+00 -1.51541832e-07  2.37782535e-08
  0.00000000e+00  0.00000000e+00  0.00000000e+00  3.36286864e-06]","[[ 3.51031961e-05  7.74049755e-04]
 [-4.69091143e-05 -2.95443702e-04]]",[],0.0,0.0
1787563967.2573972,2.224222174898347,1.3418158684384638,2.3904269278952146,"[ 2.03577961e-06 -1.15017700e-06  0.00000000e+00  0.00000000e+00
  0.00000000e+00 -1.51541832e-07 -1.15017700e-06  1.74208477e-06
  0.00000000e+00  0.00000000e+00  0.00000000e+00  2.37782535e-08
  0.00000000e+00  0.00000000e+00  0.00000000e+00  0.00000000e+00
  0.00000000e+00  0.00000000e+00  0.00000000e+00  0.00000000e+00
  0.00000000e+00  0.00000000e+00  0.00000000e+00  0.00000000e+00
  0.00000000e+00  0.00000000e+00  0.00000000e+00  0.00000000e+00
  0.00000000e+00  0.00000000e+00 -1.51541832e-07  2.37782535e-08
  0.00000000e+00  0.00000000e+00  0.00000000e+00  3.36286864e-06]","[[ 3.51031961e-05  7.74049755e-04]
 [-4.69091143e-05 -2.95443702e-04]]",[],0.0,0.0
1787563967.3062835,2.224222174898347,1.3418158684384638,2.3904269278952146,"[ 2.03577961e-06 -1.15017700e-06  0.00000000e+00  0.00000000e+00
  0.00000000e+00 -1.51541832e-07 -1.15017700e-06  1.74208477e-06
  0.00000000e+00  0.00000000e+00  0.00000000e+00  2.37782535e-08
  0.00000000e+00  0.00000000e+00  0.00000000e+00  0.00000000e+00
  0.00000000e+00  0.00000000e+00  0.00000000e+00  0.00000000e+00
  0.00000000e+00  0.00000000e+00  0.00000000e+00  0.00000000e+00
  0.00000000e+00  0.00000000e+00  0.00000000e+00  0.00000000e+00
  0.00000000e+00  0.00000000e+00 -1.51541832e-07  2.37782535e-08
  0.00000000e+00  0.00000000e+00  0.00000000e+00  3.36286864e-06]","[[ 3.51031961e-05  7.74049755e-04]
 [-4.69091143e-05 -2.95443702e-04]]",[],0.0,0.0
1787563967.3560627,2.224222174898347,1.3418158684384638,2.3904269278952146,"[ 2.03577961e-06 -1.15017700e-06  0.00000000e+00  0.00000000e+00
  0.00000000e+00 -1.51541832e-07 -1.15017700e-06  1.74208477e-06
  0.00000000e+00  0.00000000e+00  0.00000000e+00  2.37782535e-08
  0.00000000e+00  0.00000000e+00  0.00000000e+00  0.00000000e+00
  0.00000000e+00  0.00000000e+00  0.00000000e+00  0.00000000e+00
  0.00000000e+00  0.00000000e+00  0.00000000e+00  0.00000000e+00
  0.00000000e+00  0.00000000e+00  0.00000000e+00  0.00000000e+00
  0.00000000e+00  0.00000000e+00 -1.51541832e-07  2.37782535e-08
  0.00000000e+00  0.00000000e+00  0.00000000e+00  3.36286864e-06]","[[ 3.51031961e-05  7.74049755e-04]
 [-4.69091143e-05 -2.95443702e-04]]",[],0.0,0.0
1787563967.4105217,2.224222174898347,1.3418158684384638,2.3904269278952146,"[ 2.03577961e-06 -1.15017700e-06  0.00000000e+00  0.00000000e+00
  0.00000000e+00 -1.51541832e-07 -1.15017700e-06  1.74208477e-06
  0.00000000e+00  0.00000000e+00  0.00000000e+00  2.37782535e-08
  0.00000000e+00  0.00000000e+00  0.00000000e+00  0.00000000e+00
  0.00000000e+00  0.00000000e+00  0.00000000e+00  0.00000000e+00
  0.00000000e+00  0.00000000e+00  0.00000000e+00  0.00000000e+00
  0.00000000e+00  0.00000000e+00  0.00000000e+00  0.00000000e+00
  0.00000000e+00  0.00000000e+00 -1.51541832e-07  2.37782535e-08
  0.00000000e+00  0.00000000e+00  0.00000000e+00  3.36286864e-06]","[[ 3.51031961e-05  7.74049755e-04]
 [-4.69091143e-05 -2.95443702e-04]]",[],0.0,0.0
1787563967.4560199,2.224222174898347,1.3418158684384638,2.3904269278952146,"[ 2.03577961e-06 -1.15017700e-06  0.00000000e+00  0.00000000e+00
  0.00000000e+00 -1.51541832e-07 -1.15017700e-06  1.74208477e-06
  0.00000000e+00  0.00000000e+00  0.00000000e+00  2.37782535e-08
  0.00000000e+00  0.00000000e+00  0.00000000e+00  0.00000000e+00
  0.00000000e+00  0.00000000e+00  0.00000000e+00  0.00000000e+00
  0.00000000e+00  0.00000000e+00  0.00000000e+00  0.00000000e+00
  0.00000000e+00  0.00000000e+00  0.00000000e+00  0.00000000e+00
  0.00000000e+00  0.00000000e+00 -1.51541832e-07  2.37782535e-08
  0.00000000e+00  0.00000000e+00  0.00000000e+00  3.36286864e-06]","[[ 3.51031961e-05  7.74049755e-04]
 [-4.69091143e-05 -2.95443702e-04]]",[],0.0,0.0
1787563967.5059114,2.224222174898347,1.3418158684384638,2.3904269278952146,"[ 2.03577961e-06 -1.15017700e-06  0.00000000e+00  0.00000000e+00
  0.00000000e+00 -1.51541832e-07 -1.15017700e-06  1.74208477e-06
  0.00000000e+00  0.00000000e+00  0.00000000e+00  2.37782535e-08
  0.00000000e+00  0.00000000e+00  0.00000000e+00  0.00000000e+00
  0.00000000e+00  0.00000000e+00  0.00000000e+00  0.00000000e+00
  0.00000000e+00  0.00000000e+00  0.00000000e+00  0.00000000e+00
  0.00000000e+00  0.00000000e+00  0.00000000e+00  0.00000000e+00
  0.00000000e+00  0.00000000e+00 -1.51541832e-07  2.37782535e-08
  0.00000000e+00  0.00000000e+00  0.00000000e+00  3.36286864e-06]","[[ 3.51031961e-05  7.74049755e-04]
 [-4.69091143e-05 -2.95443702e-04]]",[],0.0,0.0
1787563967.558741,2.224222174898347,1.3418158684384638,2.3904269278952146,"[ 2.03577961e-06 -1.15017700e-06  0.00000000e+00  0.00000000e+00
  0.00000000e+00 -1.51541832e-07 -1.15017700e-06  1.74208477e-06
  0.00000000e+00  0.00000000e+00  0.00000000e+00  2.37782535e-08
  0.00000000e+00  0.00000000e+00  0.00000000e+00  0.00000000e+00
  0.00000000e+00  0.00000000e+00  0.00000000e+00  0.00000000e+00
  0.00000000e+00  0.00000000e+00  0.00000000e+00  0.00000000e+00
  0.00000000e+00  0.00000000e+00  0.00000000e+00  0.00000000e+00
  0.00000000e+00  0.00000000e+00 -1.51541832e-07  2.37782535e-08
  0.00000000e+00  0.00000000e+00  0.00000000e+00  3.36286864e-06]","[[ 3.51031961e-05  7.74049755e-04]
 [-4.69091143e-05 -2.95443702e-04]]",[],0.0,0.0
1787563967.6104684,2.224222174898347,1.3418158684384638,2.3904269278952146,"[ 2.03577961e-06 -1.15017700e-06  0.00000000e+00  0.00000000e+00
  0.00000000e+00 -1.51541832e-07 -1.15017700e-06  1.74208477e-06
  0.00000000e+00  0.00000000e+00  0.00000000e+00  2.37782535e-08
  0.00000000e+00  0.00000000e+00  0.00000000e+00  0.00000000e+00
  0.00000000e+00  0.00000000e+00  0.00000000e+00  0.00000000e+00
  0.00000000e+00  0.00000000e+00  0.00000000e+00  0.00000000e+00
  0.00000000e+00  0.00000000e+00  0.00000000e+00  0.00000000e+00
  0.00000000e+00  0.00000000e+00 -1.51541832e-07  2.37782535e-08
  0.00000000e+00  0.00000000e+00  0.00000000e+00  3.36286864e-06]","[[ 3.51031961e-05  7.74049755e-04]
 [-4.69091143e-05 -2.95443702e-04]]",[],0.0,0.0
1787563967.6560543,2.224222174898347,1.3418158684384638,2.3904269278952146,"[ 2.03577961e-06 -1.15017700e-06  0.00000000e+00  0.00000000e+00
  0.00000000e+00 -1.51541832e-07 -1.15017700e-06  1.74208477e-06
  0.00000000e+00  0.00000000e+00  0.00000000e+00  2.37782535e-08
  0.00000000e+00  0.00000000e+00  0.00000000e+00  0.00000000e+00
  0.00000000e+00  0.00000000e+00  0.00000000e+00  0.00000000e+00
  0.00000000e+00  0.00000000e+00  0.00000000e+00  0.00000000e+00
  0.00000000e+00  0.00000000e+00  0.00000000e+00  0.00000000e+00
  0.00000000e+00  0.00000000e+00 -1.51541832e-07  2.37782535e-08
  0.00000000e+00  0.00000000e+00  0.00000000e+00  3.36286864e-06]","[[ 3.51031961e-05  7.74049755e-04]
 [-4.69091143e-05 -2.95443702e-04]]",[],0.0,0.0
1787563967.7060866,2.224222174898347,1.3418158684384638,2.3904269278952146,"[ 2.03577961e-06 -1.15017700e-06  0.00000000e+00  0.00000000e+00
  0.00000000e+00 -1.51541832e-07 -1.15017700e-06  1.74208477e-06
  0.00000000e+00  0.00000000e+00  0.00000000e+00  2.37782535e-08
  0.00000000e+00  0.00000000e+00  0.00000000e+00  0.00000000e+00
  0.00000000e+00  0.00000000e+00  0.00000000e+00  0.00000000e+00
  0.00000000e+00  0.00000000e+00  0.00000000e+00  0.00000000e+00
  0.00000000e+00  0.00000000e+00  0.00000000e+00  0.00000000e+00
  0.00000000e+00  0.00000000e+00 -1.51541832e-07  2.37782535e-08
  0.00000000e+00  0.00000000e+00  0.00000000e+00  3.36286864e-06]","[[ 3.51031961e-05  7.74049755e-04]
 [-4.69091143e-05 -2.95443702e-04]]",[],0.0,0.0
1787563967.755934,2.224222174898347,1.3418158684384638,2.3904269278952146,"[ 2.03577961e-06 -1.15017700e-06  0.00000000e+00  0.00000000e+00
  0.00000000e+00 -1.51541832e-07 -1.15017700e-06  1.74208477e-06
  0.00000000e+00  0.00000000e+00  0.00000000e+00  2.37782535e-08
  0.00000000e+00  0.00000000e+00  0.00000000e+00  0.00000000e+00
  0.00000000e+00  0.00000000e+00  0.00000000e+00  0.00000000e+00
  0.00000000e+00  0.00000000e+00  0.00000000e+00  0.00000000e+00
  0.00000000e+00  0.00000000e+00  0.00000000e+00  0.00000000e+00
  0.00000000e+00  0.00000000e+00 -1.51541832e-07  2.37782535e-08
  0.00000000e+00  0.00000000e+00  0.00000000e+00  3.36286864e-06]","[[ 3.51031961e-05  7.74049755e-04]
 [-4.69091143e-05 -2.95443702e-04]]",[],0.0,0.0
1787563967.8121219,2.224222174898347,1.3418158684384638,2.3904269278952146,"[ 2.03577961e-06 -1.15017700e-06  0.00000000e+00  0.00000000e+00
  0.00000000e+00 -1.51541832e-07 -1.15017700e-06  1.74208477e-06
  0.00000000e+00  0.00000000e+00  0.00000000e+00  2.37782535e-08
  0.00000000e+00  0.00000000e+00  0.00000000e+00  0.00000000e+00
  0.00000000e+00  0.00000000e+00  0.00000000e+00  0.00000000e+00
  0.00000000e+00  0.00000000e+00  0.00000000e+00  0.00000000e+00
  0.00000000e+00  0.00000000e+00  0.00000000e+00  0.00000000e+00
  0.00000000e+00  0.00000000e+00 -1.51541832e-07  2.37782535e-08
  0.00000000e+00  0.00000000e+00  0.00000000e+00  3.36286864e-06]","[[ 3.51031961e-05  7.74049755e-04]
 [-4.69091143e-05 -2.95443702e-04]]",[],0.0,0.0
1787563967.8568625,2.226700495690755,1.3391602420137638,2.401355118497298,"[ 2.03438785e-06 -1.15611638e-06  0.00000000e+00  0.00000000e+00
  0.00000000e+00 -1.69936286e-07 -1.15611638e-06  1.73674160e-06
  0.00000000e+00  0.00000000e+00  0.00000000e+00  4.97999285e-08
  0.00000000e+00  0.00000000e+00  0.00000000e+00  0.00000000e+00
  0.00000000e+00  0.00000000e+00  0.00000000e+00  0.00000000e+00
  0.00000000e+00  0.00000000e+00  0.00000000e+00  0.00000000e+00
  0.00000000e+00  0.00000000e+00  0.00000000e+00  0.00000000e+00
  0.00000000e+00  0.00000000e+00 -1.69936286e-07  4.97999285e-08
  0.00000000e+00  0.00000000e+00  0.00000000e+00  3.47764501e-06]","[[ 3.52577862e-05  8.03578618e-04]
 [-4.68017406e-05 -3.40097041e-04]]",[],0.0,0.0
1787563967.9197218,2.226700495690755,1.3391602420137638,2.401355118497298,"[ 2.03438785e-06 -1.15611638e-06  0.00000000e+00  0.00000000e+00
  0.00000000e+00 -1.69936286e-07 -1.15611638e-06  1.73674160e-06
  0.00000000e+00  0.00000000e+00  0.00000000e+00  4.97999285e-08
  0.00000000e+00  0.00000000e+00  0.00000000e+00  0.00000000e+00
  0.00000000e+00  0.00000000e+00  0.00000000e+00  0.00000000e+00
  0.00000000e+00  0.00000000e+00  0.00000000e+00  0.00000000e+00
  0.00000000e+00  0.00000000e+00  0.00000000e+00  0.00000000e+00
  0.00000000e+00  0.00000000e+00 -1.69936286e-07  4.97999285e-08
  0.00000000e+00  0.00000000e+00  0.00000000e+00  3.47764501e-06]","[[ 3.52577862e-05  8.03578618e-04]
 [-4.68017406e-05 -3.40097041e-04]]",[],0.0,0.0
1787563967.9565005,2.226700495690755,1.3391602420137638,2.401355118497298,"[ 2.03438785e-06 -1.15611638e-06  0.00000000e+00  0.00000000e+00
  0.00000000e+00 -1.69936286e-07 -1.15611638e-06  1.73674160e-06
  0.00000000e+00  0.00000000e+00  0.00000000e+00  4.97999285e-08
  0.00000000e+00  0.00000000e+00  0.00000000e+00  0.00000000e+00
  0.00000000e+00  0.00000000e+00  0.00000000e+00  0.00000000e+00
  0.00000000e+00  0.00000000e+00  0.00000000e+00  0.00000000e+00
  0.00000000e+00  0.00000000e+00  0.00000000e+00  0.00000000e+00
  0.00000000e+00  0.00000000e+00 -1.69936286e-07  4.97999285e-08
  0.00000000e+00  0.00000000e+00  0.00000000e+00  3.47764501e-06]","[[ 3.52577862e-05  8.03578618e-04]
 [-4.68017406e-05 -3.40097041e-04]]",[],0.0,0.0
1787563968.0065486,2.226700495690755,1.3391602420137638,2.401355118497298,"[ 2.03438785e-06 -1.15611638e-06  0.00000000e+00  0.00000000e+00
  0.00000000e+00 -1.69936286e-07 -1.15611638e-06  1.73674160e-06
  0.00000000e+00  0.00000000e+00  0.00000000e+00  4.97999285e-08
  0.00000000e+00  0.00000000e+00  0.00000000e+00  0.00000000e+00
  0.00000000e+00  0.00000000e+00  0.00000000e+00  0.00000000e+00
  0.00000000e+00  0.00000000e+00  0.00000000e+00  0.00000000e+00
  0.00000000e+00  0.00000000e+00  0.00000000e+00  0.00000000e+00
  0.00000000e+00  0.00000000e+00 -1.69936286e-07  4.97999285e-08
  0.00000000e+00  0.00000000e+00  0.00000000e+00  3.47764501e-06]","[[ 3.52577862e-05  8.03578618e-04]
 [-4.68017406e-05 -3.40097041e-04]]",[],0.0,0.0
1787563968.0578623,2.226700495690755,1.3391602420137638,2.401355118497298,"[ 2.03438785e-06 -1.15611638e-06  0.00000000e+00  0.00000000e+00
  0.00000000e+00 -1.69936286e-07 -1.15611638e-06  1.73674160e-06
  0.00000000e+00  0.00000000e+00  0.00000000e+00  4.97999285e-08
  0.00000000e+00  0.00000000e+00  0.00000000e+00  0.00000000e+00
  0.00000000e+00  0.00000000e+00  0.00000000e+00  0.00000000e+00
  0.00000000e+00  0.00000000e+00  0.00000000e+00  0.00000000e+00
  0.00000000e+00  0.00000000e+00  0.00000000e+00  0.00000000e+00
  0.00000000e+00  0.00000000e+00 -1.69936286e-07  4.97999285e-08
  0.00000000e+00  0.00000000e+00  0.00000000e+00  3.47764501e-06]","[[ 3.52577862e-05  8.03578618e-04]
 [-4.68017406e-05 -3.40097041e-04]]",[],0.0,0.0
1787563968.112048,2.226700495690755,1.3391602420137638,2.401355118497298,"[ 2.03438785e-06 -1.15611638e-06  0.00000000e+00  0.00000000e+00
  0.00000000e+00 -1.69936286e-07 -1.15611638e-06  1.73674160e-06
  0.00000000e+00  0.00000000e+00  0.00000000e+00  4.97999285e-08
  0.00000000e+00  0.00000000e+00  0.00000000e+00  0.00000000e+00
  0.00000000e+00  0.00000000e+00  0.00000000e+00  0.00000000e+00
  0.00000000e+00  0.00000000e+00  0.00000000e+00  0.00000000e+00
  0.00000000e+00  0.00000000e+00  0.00000000e+00  0.00000000e+00
  0.00000000e+00  0.00000000e+00 -1.69936286e-07  4.97999285e-08
  0.00000000e+00  0.00000000e+00  0.00000000e+00  3.47764501e-06]","[[ 3.52577862e-05  8.03578618e-04]
 [-4.68017406e-05 -3.40097041e-04]]",[],0.0,0.0
1787563968.1562145,2.226700495690755,1.3391602420137638,2.401355118497298,"[ 2.03438785e-06 -1.15611638e-06  0.00000000e+00  0.00000000e+00
  0.00000000e+00 -1.69936286e-07 -1.15611638e-06  1.73674160e-06
  0.00000000e+00  0.00000000e+00  0.00000000e+00  4.97999285e-08
  0.00000000e+00  0.00000000e+00  0.00000000e+00  0.00000000e+00
  0.00000000e+00  0.00000000e+00  0.00000000e+00  0.00000000e+00
  0.00000000e+00  0.00000000e+00  0.00000000e+00  0.00000000e+00
  0.00000000e+00  0.00000000e+00  0.00000000e+00  0.00000000e+00
  0.00000000e+00  0.00000000e+00 -1.69936286e-07  4.97999285e-08
  0.00000000e+00  0.00000000e+00  0.00000000e+00  3.47764501e-06]","[[ 3.52577862e-05  8.03578618e-04]
 [-4.68017406e-05 -3.40097041e-04]]",[],0.0,0.0
1787563968.206074,2.226700495690755,1.3391602420137638,2.401355118497298,"[ 2.03438785e-06 -1.15611638e-06  0.00000000e+00  0.00000000e+00
  0.00000000e+00 -1.69936286e-07 -1.15611638e-06  1.73674160e-06
  0.00000000e+00  0.00000000e+00  0.00000000e+00  4.97999285e-08
  0.00000000e+00  0.00000000e+00  0.00000000e+00  0.00000000e+00
  0.00000000e+00  0.00000000e+00  0.00000000e+00  0.00000000e+00
  0.00000000e+00  0.00000000e+00  0.00000000e+00  0.00000000e+00
  0.00000000e+00  0.00000000e+00  0.00000000e+00  0.00000000e+00
  0.00000000e+00  0.00000000e+00 -1.69936286e-07  4.97999285e-08
  0.00000000e+00  0.00000000e+00  0.00000000e+00  3.47764501e-06]","[[ 3.52577862e-05  8.03578618e-04]
 [-4.68017406e-05 -3.40097041e-04]]",[],0.0,0.0
1787563968.2563176,2.226700495690755,1.3391602420137638,2.401355118497298,"[ 2.03438785e-06 -1.15611638e-06  0.00000000e+00  0.00000000e+00
  0.00000000e+00 -1.69936286e-07 -1.15611638e-06  1.73674160e-06
  0.00000000e+00  0.00000000e+00  0.00000000e+00  4.97999285e-08
  0.00000000e+00  0.00000000e+00  0.00000000e+00  0.00000000e+00
  0.00000000e+00  0.00000000e+00  0.00000000e+00  0.00000000e+00
  0.00000000e+00  0.00000000e+00  0.00000000e+00  0.00000000e+00
  0.00000000e+00  0.00000000e+00  0.00000000e+00  0.00000000e+00
  0.00000000e+00  0.00000000e+00 -1.69936286e-07  4.97999285e-08
  0.00000000e+00  0.00000000e+00  0.00000000e+00  3.47764501e-06]","[[ 3.52577862e-05  8.03578618e-04]
 [-4.68017406e-05 -3.40097041e-04]]",[],0.0,0.0
1787563968.3125803,2.226700495690755,1.3391602420137638,2.401355118497298,"[ 2.03438785e-06 -1.15611638e-06  0.00000000e+00  0.00000000e+00
  0.00000000e+00 -1.69936286e-07 -1.15611638e-06  1.73674160e-06
  0.00000000e+00  0.00000000e+00  0.00000000e+00  4.97999285e-08
  0.00000000e+00  0.00000000e+00  0.00000000e+00  0.00000000e+00
  0.00000000e+00  0.00000000e+00  0.00000000e+00  0.00000000e+00
  0.00000000e+00  0.00000000e+00  0.00000000e+00  0.00000000e+00
  0.00000000e+00  0.00000000e+00  0.00000000e+00  0.00000000e+00
  0.00000000e+00  0.00000000e+00 -1.69936286e-07  4.97999285e-08
  0.00000000e+00  0.00000000e+00  0.00000000e+00  3.47764501e-06]","[[ 3.52577862e-05  8.03578618e-04]
 [-4.68017406e-05 -3.40097041e-04]]",[],0.0,0.0
1787563968.3572946,2.226700495690755,1.3391602420137638,2.401355118497298,"[ 2.03438785e-06 -1.15611638e-06  0.00000000e+00  0.00000000e+00
  0.00000000e+00 -1.69936286e-07 -1.15611638e-06  1.73674160e-06
  0.00000000e+00  0.00000000e+00  0.00000000e+00  4.97999285e-08
  0.00000000e+00  0.00000000e+00  0.00000000e+00  0.00000000e+00
  0.00000000e+00  0.00000000e+00  0.00000000e+00  0.00000000e+00
  0.00000000e+00  0.00000000e+00  0.00000000e+00  0.00000000e+00
  0.00000000e+00  0.00000000e+00  0.00000000e+00  0.00000000e+00
  0.00000000e+00  0.00000000e+00 -1.69936286e-07  4.97999285e-08
  0.00000000e+00  0.00000000e+00  0.00000000e+00  3.47764501e-06]","[[ 3.52577862e-05  8.03578618e-04]
 [-4.68017406e-05 -3.40097041e-04]]",[],0.0,0.0
1787563968.406109,2.226700495690755,1.3391602420137638,2.401355118497298,"[ 2.03438785e-06 -1.15611638e-06  0.00000000e+00  0.00000000e+00
  0.00000000e+00 -1.69936286e-07 -1.15611638e-06  1.73674160e-06
  0.00000000e+00  0.00000000e+00  0.00000000e+00  4.97999285e-08
  0.00000000e+00  0.00000000e+00  0.00000000e+00  0.00000000e+00
  0.00000000e+00  0.00000000e+00  0.00000000e+00  0.00000000e+00
  0.00000000e+00  0.00000000e+00  0.00000000e+00  0.00000000e+00
  0.00000000e+00  0.00000000e+00  0.00000000e+00  0.00000000e+00
  0.00000000e+00  0.00000000e+00 -1.69936286e-07  4.97999285e-08
  0.00000000e+00  0.00000000e+00  0.00000000e+00  3.47764501e-06]","[[ 3.52577862e-05  8.03578618e-04]
 [-4.68017406e-05 -3.40097041e-04]]",[],0.0,0.0
1787563968.4611285,2.226700495690755,1.3391602420137638,2.401355118497298,"[ 2.03438785e-06 -1.15611638e-06  0.00000000e+00  0.00000000e+00
  0.00000000e+00 -1.69936286e-07 -1.15611638e-06  1.73674160e-06
  0.00000000e+00  0.00000000e+00  0.00000000e+00  4.97999285e-08
  0.00000000e+00  0.00000000e+00  0.00000000e+00  0.00000000e+00
  0.00000000e+00  0.00000000e+00  0.00000000e+00  0.00000000e+00
  0.00000000e+00  0.00000000e+00  0.00000000e+00  0.00000000e+00
  0.00000000e+00  0.00000000e+00  0.00000000e+00  0.00000000e+00
  0.00000000e+00  0.00000000e+00 -1.69936286e-07  4.97999285e-08
  0.00000000e+00  0.00000000e+00  0.00000000e+00  3.47764501e-06]","[[ 3.52577862e-05  8.03578618e-04]
 [-4.68017406e-05 -3.40097041e-04]]",[],0.0,0.0
1787563968.5068543,2.226700495690755,1.3391602420137638,2.401355118497298,"[ 2.03438785e-06 -1.15611638e-06  0.00000000e+00  0.00000000e+00
  0.00000000e+00 -1.69936286e-07 -1.15611638e-06  1.73674160e-06
  0.00000000e+00  0.00000000e+00  0.00000000e+00  4.97999285e-08
  0.00000000e+00  0.00000000e+00  0.00000000e+00  0.00000000e+00
  0.00000000e+00  0.00000000e+00  0.00000000e+00  0.00000000e+00
  0.00000000e+00  0.00000000e+00  0.00000000e+00  0.00000000e+00
  0.00000000e+00  0.00000000e+00  0.00000000e+00  0.00000000e+00
  0.00000000e+00  0.00000000e+00 -1.69936286e-07  4.97999285e-08
  0.00000000e+00  0.00000000e+00  0.00000000e+00  3.47764501e-06]","[[ 3.52577862e-05  8.03578618e-04]
 [-4.68017406e-05 -3.40097041e-04]]",[],0.0,0.0
1787563968.556082,2.226700495690755,1.3391602420137638,2.401355118497298,"[ 2.03438785e-06 -1.15611638e-06  0.00000000e+00  0.00000000e+00
  0.00000000e+00 -1.69936286e-07 -1.15611638e-06  1.73674160e-06
  0.00000000e+00  0.00000000e+00  0.00000000e+00  4.97999285e-08
  0.00000000e+00  0.00000000e+00  0.00000000e+00  0.00000000e+00
  0.00000000e+00  0.00000000e+00  0.00000000e+00  0.00000000e+00
  0.00000000e+00  0.00000000e+00  0.00000000e+00  0.00000000e+00
  0.00000000e+00  0.00000000e+00  0.00000000e+00  0.00000000e+00
  0.00000000e+00  0.00000000e+00 -1.69936286e-07  4.97999285e-08
  0.00000000e+00  0.00000000e+00  0.00000000e+00  3.47764501e-06]","[[ 3.52577862e-05  8.03578618e-04]
 [-4.68017406e-05 -3.40097041e-04]]",[],0.0,0.0
1787563968.606843,2.2282678560862847,1.3372552705760277,2.4075048851717957,"[ 2.03268759e-06 -1.16027669e-06  0.00000000e+00  0.00000000e+00
  0.00000000e+00 -1.44974927e-07 -1.16027669e-06  1.72939323e-06
  0.00000000e+00  0.00000000e+00  0.00000000e+00  3.12427362e-08
  0.00000000e+00  0.00000000e+00  0.00000000e+00  0.00000000e+00
  0.00000000e+00  0.00000000e+00  0.00000000e+00  0.00000000e+00
  0.00000000e+00  0.00000000e+00  0.00000000e+00  0.00000000e+00
  0.00000000e+00  0.00000000e+00  0.00000000e+00  0.00000000e+00
  0.00000000e+00  0.00000000e+00 -1.44974927e-07  3.12427362e-08
  0.00000000e+00  0.00000000e+00  0.00000000e+00  3.43762165e-06]","[[ 5.65636951e-05  7.16794158e-04]
 [-5.10019384e-05  2.81514599e-04]]",[],0.0,0.0
1787563968.6610193,2.2282678560862847,1.3372552705760277,2.4075048851717957,"[ 2.03268759e-06 -1.16027669e-06  0.00000000e+00  0.00000000e+00
  0.00000000e+00 -1.44974927e-07 -1.16027669e-06  1.72939323e-06
  0.00000000e+00  0.00000000e+00  0.00000000e+00  3.12427362e-08
  0.00000000e+00  0.00000000e+00  0.00000000e+00  0.00000000e+00
  0.00000000e+00  0.00000000e+00  0.00000000e+00  0.00000000e+00
  0.00000000e+00  0.00000000e+00  0.00000000e+00  0.00000000e+00
  0.00000000e+00  0.00000000e+00  0.00000000e+00  0.00000000e+00
  0.00000000e+00  0.00000000e+00 -1.44974927e-07  3.12427362e-08
  0.00000000e+00  0.00000000e+00  0.00000000e+00  3.43762165e-06]","[[ 5.65636951e-05  7.16794158e-04]
 [-5.10019384e-05  2.81514599e-04]]",[],0.0,0.0
1787563968.7062411,2.2282678560862847,1.3372552705760277,2.4075048851717957,"[ 2.03268759e-06 -1.16027669e-06  0.00000000e+00  0.00000000e+00
  0.00000000e+00 -1.44974927e-07 -1.16027669e-06  1.72939323e-06
  0.00000000e+00  0.00000000e+00  0.00000000e+00  3.12427362e-08
  0.00000000e+00  0.00000000e+00  0.00000000e+00  0.00000000e+00
  0.00000000e+00  0.00000000e+00  0.00000000e+00  0.00000000e+00
  0.00000000e+00  0.00000000e+00  0.00000000e+00  0.00000000e+00
  0.00000000e+00  0.00000000e+00  0.00000000e+00  0.00000000e+00
  0.00000000e+00  0.00000000e+00 -1.44974927e-07  3.12427362e-08
  0.00000000e+00  0.00000000e+00  0.00000000e+00  3.43762165e-06]","[[ 5.65636951e-05  7.16794158e-04]
 [-5.10019384e-05  2.81514599e-04]]",[],0.0,0.0
1787563968.7633264,2.2282678560862847,1.3372552705760277,2.4075048851717957,"[ 2.03268759e-06 -1.16027669e-06  0.00000000e+00  0.00000000e+00
  0.00000000e+00 -1.44974927e-07 -1.16027669e-06  1.72939323e-06
  0.00000000e+00  0.00000000e+00  0.00000000e+00  3.12427362e-08
  0.00000000e+00  0.00000000e+00  0.00000000e+00  0.00000000e+00
  0.00000000e+00  0.00000000e+00  0.00000000e+00  0.00000000e+00
  0.00000000e+00  0.00000000e+00  0.00000000e+00  0.00000000e+00
  0.00000000e+00  0.00000000e+00  0.00000000e+00  0.00000000e+00
  0.00000000e+00  0.00000000e+00 -1.44974927e-07  3.12427362e-08
  0.00000000e+00  0.00000000e+00  0.00000000e+00  3.43762165e-06]","[[ 5.65636951e-05  7.16794158e-04]
 [-5.10019384e-05  2.81514599e-04]]",[],0.0,0.0
1787563968.8062298,2.2282678560862847,1.3372552705760277,2.4075048851717957,"[ 2.03268759e-06 -1.16027669e-06  0.00000000e+00  0.00000000e+00
  0.00000000e+00 -1.44974927e-07 -1.16027669e-06  1.72939323e-06
  0.00000000e+00  0.00000000e+00  0.00000000e+00  3.12427362e-08
  0.00000000e+00  0.00000000e+00  0.00000000e+00  0.00000000e+00
  0.00000000e+00  0.00000000e+00  0.00000000e+00  0.00000000e+00
  0.00000000e+00  0.00000000e+00  0.00000000e+00  0.00000000e+00
  0.00000000e+00  0.00000000e+00  0.00000000e+00  0.00000000e+00
  0.00000000e+00  0.00000000e+00 -1.44974927e-07  3.12427362e-08
  0.00000000e+00  0.00000000e+00  0.00000000e+00  3.43762165e-06]","[[ 5.65636951e-05  7.16794158e-04]
 [-5.10019384e-05  2.81514599e-04]]",[],0.0,0.0
1787563968.8559191,2.2282678560862847,1.3372552705760277,2.4075048851717957,"[ 2.03268759e-06 -1.16027669e-06  0.00000000e+00  0.00000000e+00
  0.00000000e+00 -1.44974927e-07 -1.16027669e-06  1.72939323e-06
  0.00000000e+00  0.00000000e+00  0.00000000e+00  3.12427362e-08
  0.00000000e+00  0.00000000e+00  0.00000000e+00  0.00000000e+00
  0.00000000e+00  0.00000000e+00  0.00000000e+00  0.00000000e+00
  0.00000000e+00  0.00000000e+00  0.00000000e+00  0.00000000e+00
  0.00000000e+00  0.00000000e+00  0.00000000e+00  0.00000000e+00
  0.00000000e+00  0.00000000e+00 -1.44974927e-07  3.12427362e-08
  0.00000000e+00  0.00000000e+00  0.00000000e+00  3.43762165e-06]","[[ 5.65636951e-05  7.16794158e-04]
 [-5.10019384e-05  2.81514599e-04]]",[],0.0,0.0
1787563968.905729,2.2282678560862847,1.3372552705760277,2.4075048851717957,"[ 2.03268759e-06 -1.16027669e-06  0.00000000e+00  0.00000000e+00
  0.00000000e+00 -1.44974927e-07 -1.16027669e-06  1.72939323e-06
  0.00000000e+00  0.00000000e+00  0.00000000e+00  3.12427362e-08
  0.00000000e+00  0.00000000e+00  0.00000000e+00  0.00000000e+00
  0.00000000e+00  0.00000000e+00  0.00000000e+00  0.00000000e+00
  0.00000000e+00  0.00000000e+00  0.00000000e+00  0.00000000e+00
  0.00000000e+00  0.00000000e+00  0.00000000e+00  0.00000000e+00
  0.00000000e+00  0.00000000e+00 -1.44974927e-07  3.12427362e-08
  0.00000000e+00  0.00000000e+00  0.00000000e+00  3.43762165e-06]","[[ 5.65636951e-05  7.16794158e-04]
 [-5.10019384e-05  2.81514599e-04]]",[],0.0,0.0
1787563968.9563417,2.2282678560862847,1.3372552705760277,2.4075048851717957,"[ 2.03268759e-06 -1.16027669e-06  0.00000000e+00  0.00000000e+00
  0.00000000e+00 -1.44974927e-07 -1.16027669e-06  1.72939323e-06
  0.00000000e+00  0.00000000e+00  0.00000000e+00  3.12427362e-08
  0.00000000e+00  0.00000000e+00  0.00000000e+00  0.00000000e+00
  0.00000000e+00  0.00000000e+00  0.00000000e+00  0.00000000e+00
  0.00000000e+00  0.00000000e+00  0.00000000e+00  0.00000000e+00
  0.00000000e+00  0.00000000e+00  0.00000000e+00  0.00000000e+00
  0.00000000e+00  0.00000000e+00 -1.44974927e-07  3.12427362e-08
  0.00000000e+00  0.00000000e+00  0.00000000e+00  3.43762165e-06]","[[ 5.65636951e-05  7.16794158e-04]
 [-5.10019384e-05  2.81514599e-04]]",[],0.0,0.0
1787563969.0064838,2.2282678560862847,1.3372552705760277,2.4075048851717957,"[ 2.03268759e-06 -1.16027669e-06  0.00000000e+00  0.00000000e+00
  0.00000000e+00 -1.44974927e-07 -1.16027669e-06  1.72939323e-06
  0.00000000e+00  0.00000000e+00  0.00000000e+00  3.12427362e-08
  0.00000000e+00  0.00000000e+00  0.00000000e+00  0.00000000e+00
  0.00000000e+00  0.00000000e+00  0.00000000e+00  0.00000000e+00
  0.00000000e+00  0.00000000e+00  0.00000000e+00  0.00000000e+00
  0.00000000e+00  0.00000000e+00  0.00000000e+00  0.00000000e+00
  0.00000000e+00  0.00000000e+00 -1.44974927e-07  3.12427362e-08
  0.00000000e+00  0.00000000e+00  0.00000000e+00  3.43762165e-06]","[[ 5.65636951e-05  7.16794158e-04]
 [-5.10019384e-05  2.81514599e-04]]",[],0.0,0.0
1787563969.0561678,2.2282678560862847,1.3372552705760277,2.4075048851717957,"[ 2.03268759e-06 -1.16027669e-06  0.00000000e+00  0.00000000e+00
  0.00000000e+00 -1.44974927e-07 -1.16027669e-06  1.72939323e-06
  0.00000000e+00  0.00000000e+00  0.00000000e+00  3.12427362e-08
  0.00000000e+00  0.00000000e+00  0.00000000e+00  0.00000000e+00
  0.00000000e+00  0.00000000e+00  0.00000000e+00  0.00000000e+00
  0.00000000e+00  0.00000000e+00  0.00000000e+00  0.00000000e+00
  0.00000000e+00  0.00000000e+00  0.00000000e+00  0.00000000e+00
  0.00000000e+00  0.00000000e+00 -1.44974927e-07  3.12427362e-08
  0.00000000e+00  0.00000000e+00  0.00000000e+00  3.43762165e-06]","[[ 5.65636951e-05  7.16794158e-04]
 [-5.10019384e-05  2.81514599e-04]]",[],0.0,0.0
1787563969.1069663,2.2282678560862847,1.3372552705760277,2.4075048851717957,"[ 2.03268759e-06 -1.16027669e-06  0.00000000e+00  0.00000000e+00
  0.00000000e+00 -1.44974927e-07 -1.16027669e-06  1.72939323e-06
  0.00000000e+00  0.00000000e+00  0.00000000e+00  3.12427362e-08
  0.00000000e+00  0.00000000e+00  0.00000000e+00  0.00000000e+00
  0.00000000e+00  0.00000000e+00  0.00000000e+00  0.00000000e+00
  0.00000000e+00  0.00000000e+00  0.00000000e+00  0.00000000e+00
  0.00000000e+00  0.00000000e+00  0.00000000e+00  0.00000000e+00
  0.00000000e+00  0.00000000e+00 -1.44974927e-07  3.12427362e-08
  0.00000000e+00  0.00000000e+00  0.00000000e+00  3.43762165e-06]","[[ 5.65636951e-05  7.16794158e-04]
 [-5.10019384e-05  2.81514599e-04]]",[],0.0,0.0
1787563969.1559944,2.2282678560862847,1.3372552705760277,2.4075048851717957,"[ 2.03268759e-06 -1.16027669e-06  0.00000000e+00  0.00000000e+00
  0.00000000e+00 -1.44974927e-07 -1.16027669e-06  1.72939323e-06
  0.00000000e+00  0.00000000e+00  0.00000000e+00  3.12427362e-08
  0.00000000e+00  0.00000000e+00  0.00000000e+00  0.00000000e+00
  0.00000000e+00  0.00000000e+00  0.00000000e+00  0.00000000e+00
  0.00000000e+00  0.00000000e+00  0.00000000e+00  0.00000000e+00
  0.00000000e+00  0.00000000e+00  0.00000000e+00  0.00000000e+00
  0.00000000e+00  0.00000000e+00 -1.44974927e-07  3.12427362e-08
  0.00000000e+00  0.00000000e+00  0.00000000e+00  3.43762165e-06]","[[ 5.65636951e-05  7.16794158e-04]
 [-5.10019384e-05  2.81514599e-04]]",[],0.0,0.0
1787563969.2077909,2.2282678560862847,1.3372552705760277,2.4075048851717957,"[ 2.03268759e-06 -1.16027669e-06  0.00000000e+00  0.00000000e+00
  0.00000000e+00 -1.44974927e-07 -1.16027669e-06  1.72939323e-06
  0.00000000e+00  0.00000000e+00  0.00000000e+00  3.12427362e-08
  0.00000000e+00  0.00000000e+00  0.00000000e+00  0.00000000e+00
  0.00000000e+00  0.00000000e+00  0.00000000e+00  0.00000000e+00
  0.00000000e+00  0.00000000e+00  0.00000000e+00  0.00000000e+00
  0.00000000e+00  0.00000000e+00  0.00000000e+00  0.00000000e+00
  0.00000000e+00  0.00000000e+00 -1.44974927e-07  3.12427362e-08
  0.00000000e+00  0.00000000e+00  0.00000000e+00  3.43762165e-06]","[[ 5.65636951e-05  7.16794158e-04]
 [-5.10019384e-05  2.81514599e-04]]",[],0.0,0.0
1787563969.2566378,2.2309995169135948,1.334291161845794,2.4029699919329746,"[ 2.02754214e-06 -1.16079175e-06  0.00000000e+00  0.00000000e+00
  0.00000000e+00 -1.60680428e-07 -1.16079175e-06  1.72018620e-06
  0.00000000e+00  0.00000000e+00  0.00000000e+00  4.40069242e-08
  0.00000000e+00  0.00000000e+00  0.00000000e+00  0.00000000e+00
  0.00000000e+00  0.00000000e+00  0.00000000e+00  0.00000000e+00
  0.00000000e+00  0.00000000e+00  0.00000000e+00  0.00000000e+00
  0.00000000e+00  0.00000000e+00  0.00000000e+00  0.00000000e+00
  0.00000000e+00  0.00000000e+00 -1.60680428e-07  4.40069242e-08
  0.00000000e+00  0.00000000e+00  0.00000000e+00  3.52026921e-06]","[[ 3.53783481e-05  7.85527555e-04]
 [-4.64199215e-05 -3.31892273e-04]]",[],0.0,0.0
1787563969.3059871,2.2309995169135948,1.334291161845794,2.4029699919329746,"[ 2.02754214e-06 -1.16079175e-06  0.00000000e+00  0.00000000e+00
  0.00000000e+00 -1.60680428e-07 -1.16079175e-06  1.72018620e-06
  0.00000000e+00  0.00000000e+00  0.00000000e+00  4.40069242e-08
  0.00000000e+00  0.00000000e+00  0.00000000e+00  0.00000000e+00
  0.00000000e+00  0.00000000e+00  0.00000000e+00  0.00000000e+00
  0.00000000e+00  0.00000000e+00  0.00000000e+00  0.00000000e+00
  0.00000000e+00  0.00000000e+00  0.00000000e+00  0.00000000e+00
  0.00000000e+00  0.00000000e+00 -1.60680428e-07  4.40069242e-08
  0.00000000e+00  0.00000000e+00  0.00000000e+00  3.52026921e-06]","[[ 3.53783481e-05  7.85527555e-04]
 [-4.64199215e-05 -3.31892273e-04]]",[],0.0,0.0
1787563969.357072,2.2309995169135948,1.334291161845794,2.4029699919329746,"[ 2.02754214e-06 -1.16079175e-06  0.00000000e+00  0.00000000e+00
  0.00000000e+00 -1.60680428e-07 -1.16079175e-06  1.72018620e-06
  0.00000000e+00  0.00000000e+00  0.00000000e+00  4.40069242e-08
  0.00000000e+00  0.00000000e+00  0.00000000e+00  0.00000000e+00
  0.00000000e+00  0.00000000e+00  0.00000000e+00  0.00000000e+00
  0.00000000e+00  0.00000000e+00  0.00000000e+00  0.00000000e+00
  0.00000000e+00  0.00000000e+00  0.00000000e+00  0.00000000e+00
  0.00000000e+00  0.00000000e+00 -1.60680428e-07  4.40069242e-08
  0.00000000e+00  0.00000000e+00  0.00000000e+00  3.52026921e-06]","[[ 3.53783481e-05  7.85527555e-04]
 [-4.64199215e-05 -3.31892273e-04]]",[],0.0,0.0
1787563969.4073126,2.2309995169135948,1.334291161845794,2.4029699919329746,"[ 2.02754214e-06 -1.16079175e-06  0.00000000e+00  0.00000000e+00
  0.00000000e+00 -1.60680428e-07 -1.16079175e-06  1.72018620e-06
  0.00000000e+00  0.00000000e+00  0.00000000e+00  4.40069242e-08
  0.00000000e+00  0.00000000e+00  0.00000000e+00  0.00000000e+00
  0.00000000e+00  0.00000000e+00  0.00000000e+00  0.00000000e+00
  0.00000000e+00  0.00000000e+00  0.00000000e+00  0.00000000e+00
  0.00000000e+00  0.00000000e+00  0.00000000e+00  0.00000000e+00
  0.00000000e+00  0.00000000e+00 -1.60680428e-07  4.40069242e-08
  0.00000000e+00  0.00000000e+00  0.00000000e+00  3.52026921e-06]","[[ 3.53783481e-05  7.85527555e-04]
 [-4.64199215e-05 -3.31892273e-04]]",[],0.0,0.0
1787563969.4589336,2.2309995169135948,1.334291161845794,2.4029699919329746,"[ 2.02754214e-06 -1.16079175e-06  0.00000000e+00  0.00000000e+00
  0.00000000e+00 -1.60680428e-07 -1.16079175e-06  1.72018620e-06
  0.00000000e+00  0.00000000e+00  0.00000000e+00  4.40069242e-08
  0.00000000e+00  0.00000000e+00  0.00000000e+00  0.00000000e+00
  0.00000000e+00  0.00000000e+00  0.00000000e+00  0.00000000e+00
  0.00000000e+00  0.00000000e+00  0.00000000e+00  0.00000000e+00
  0.00000000e+00  0.00000000e+00  0.00000000e+00  0.00000000e+00
  0.00000000e+00  0.00000000e+00 -1.60680428e-07  4.40069242e-08
  0.00000000e+00  0.00000000e+00  0.00000000e+00  3.52026921e-06]","[[ 3.53783481e-05  7.85527555e-04]
 [-4.64199215e-05 -3.31892273e-04]]",[],0.0,0.0
1787563969.5137513,2.2309995169135948,1.334291161845794,2.4029699919329746,"[ 2.02754214e-06 -1.16079175e-06  0.00000000e+00  0.00000000e+00
  0.00000000e+00 -1.60680428e-07 -1.16079175e-06  1.72018620e-06
  0.00000000e+00  0.00000000e+00  0.00000000e+00  4.40069242e-08
  0.00000000e+00  0.00000000e+00  0.00000000e+00  0.00000000e+00
  0.00000000e+00  0.00000000e+00  0.00000000e+00  0.00000000e+00
  0.00000000e+00  0.00000000e+00  0.00000000e+00  0.00000000e+00
  0.00000000e+00  0.00000000e+00  0.00000000e+00  0.00000000e+00
  0.00000000e+00  0.00000000e+00 -1.60680428e-07  4.40069242e-08
  0.00000000e+00  0.00000000e+00  0.00000000e+00  3.52026921e-06]","[[ 3.53783481e-05  7.85527555e-04]
 [-4.64199215e-05 -3.31892273e-04]]",[],0.0,0.0
1787563969.5651548,2.2309995169135948,1.334291161845794,2.4029699919329746,"[ 2.02754214e-06 -1.16079175e-06  0.00000000e+00  0.00000000e+00
  0.00000000e+00 -1.60680428e-07 -1.16079175e-06  1.72018620e-06
  0.00000000e+00  0.00000000e+00  0.00000000e+00  4.40069242e-08
  0.00000000e+00  0.00000000e+00  0.00000000e+00  0.00000000e+00
  0.00000000e+00  0.00000000e+00  0.00000000e+00  0.00000000e+00
  0.00000000e+00  0.00000000e+00  0.00000000e+00  0.00000000e+00
  0.00000000e+00  0.00000000e+00  0.00000000e+00  0.00000000e+00
  0.00000000e+00  0.00000000e+00 -1.60680428e-07  4.40069242e-08
  0.00000000e+00  0.00000000e+00  0.00000000e+00  3.52026921e-06]","[[ 3.53783481e-05  7.85527555e-04]
 [-4.64199215e-05 -3.31892273e-04]]",[],0.0,0.0
1787563969.621323,2.2309995169135948,1.334291161845794,2.4029699919329746,"[ 2.02754214e-06 -1.16079175e-06  0.00000000e+00  0.00000000e+00
  0.00000000e+00 -1.60680428e-07 -1.16079175e-06  1.72018620e-06
  0.00000000e+00  0.00000000e+00  0.00000000e+00  4.40069242e-08
  0.00000000e+00  0.00000000e+00  0.00000000e+00  0.00000000e+00
  0.00000000e+00  0.00000000e+00  0.00000000e+00  0.00000000e+00
  0.00000000e+00  0.00000000e+00  0.00000000e+00  0.00000000e+00
  0.00000000e+00  0.00000000e+00  0.00000000e+00  0.00000000e+00
  0.00000000e+00  0.00000000e+00 -1.60680428e-07  4.40069242e-08
  0.00000000e+00  0.00000000e+00  0.00000000e+00  3.52026921e-06]","[[ 3.53783481e-05  7.85527555e-04]
 [-4.64199215e-05 -3.31892273e-04]]",[],0.0,0.0
1787563969.6603029,2.2309995169135948,1.334291161845794,2.4029699919329746,"[ 2.02754214e-06 -1.16079175e-06  0.00000000e+00  0.00000000e+00
  0.00000000e+00 -1.60680428e-07 -1.16079175e-06  1.72018620e-06
  0.00000000e+00  0.00000000e+00  0.00000000e+00  4.40069242e-08
  0.00000000e+00  0.00000000e+00  0.00000000e+00  0.00000000e+00
  0.00000000e+00  0.00000000e+00  0.00000000e+00  0.00000000e+00
  0.00000000e+00  0.00000000e+00  0.00000000e+00  0.00000000e+00
  0.00000000e+00  0.00000000e+00  0.00000000e+00  0.00000000e+00
  0.00000000e+00  0.00000000e+00 -1.60680428e-07  4.40069242e-08
  0.00000000e+00  0.00000000e+00  0.00000000e+00  3.52026921e-06]","[[ 3.53783481e-05  7.85527555e-04]
 [-4.64199215e-05 -3.31892273e-04]]",[],0.0,0.0
1787563969.7073243,2.2309995169135948,1.334291161845794,2.4029699919329746,"[ 2.02754214e-06 -1.16079175e-06  0.00000000e+00  0.00000000e+00
  0.00000000e+00 -1.60680428e-07 -1.16079175e-06  1.72018620e-06
  0.00000000e+00  0.00000000e+00  0.00000000e+00  4.40069242e-08
  0.00000000e+00  0.00000000e+00  0.00000000e+00  0.00000000e+00
  0.00000000e+00  0.00000000e+00  0.00000000e+00  0.00000000e+00
  0.00000000e+00  0.00000000e+00  0.00000000e+00  0.00000000e+00
  0.00000000e+00  0.00000000e+00  0.00000000e+00  0.00000000e+00
  0.00000000e+00  0.00000000e+00 -1.60680428e-07  4.40069242e-08
  0.00000000e+00  0.00000000e+00  0.00000000e+00  3.52026921e-06]","[[ 3.53783481e-05  7.85527555e-04]
 [-4.64199215e-05 -3.31892273e-04]]",[],0.0,0.0
1787563969.7569141,2.2309995169135948,1.334291161845794,2.4029699919329746,"[ 2.02754214e-06 -1.16079175e-06  0.00000000e+00  0.00000000e+00
  0.00000000e+00 -1.60680428e-07 -1.16079175e-06  1.72018620e-06
  0.00000000e+00  0.00000000e+00  0.00000000e+00  4.40069242e-08
  0.00000000e+00  0.00000000e+00  0.00000000e+00  0.00000000e+00
  0.00000000e+00  0.00000000e+00  0.00000000e+00  0.00000000e+00
  0.00000000e+00  0.00000000e+00  0.00000000e+00  0.00000000e+00
  0.00000000e+00  0.00000000e+00  0.00000000e+00  0.00000000e+00
  0.00000000e+00  0.00000000e+00 -1.60680428e-07  4.40069242e-08
  0.00000000e+00  0.00000000e+00  0.00000000e+00  3.52026921e-06]","[[ 3.53783481e-05  7.85527555e-04]
 [-4.64199215e-05 -3.31892273e-04]]",[],0.0,0.0
1787563969.8083658,2.2309995169135948,1.334291161845794,2.4029699919329746,"[ 2.02754214e-06 -1.16079175e-06  0.00000000e+00  0.00000000e+00
  0.00000000e+00 -1.60680428e-07 -1.16079175e-06  1.72018620e-06
  0.00000000e+00  0.00000000e+00  0.00000000e+00  4.40069242e-08
  0.00000000e+00  0.00000000e+00  0.00000000e+00  0.00000000e+00
  0.00000000e+00  0.00000000e+00  0.00000000e+00  0.00000000e+00
  0.00000000e+00  0.00000000e+00  0.00000000e+00  0.00000000e+00
  0.00000000e+00  0.00000000e+00  0.00000000e+00  0.00000000e+00
  0.00000000e+00  0.00000000e+00 -1.60680428e-07  4.40069242e-08
  0.00000000e+00  0.00000000e+00  0.00000000e+00  3.52026921e-06]","[[ 3.53783481e-05  7.85527555e-04]
 [-4.64199215e-05 -3.31892273e-04]]",[],0.0,0.0
1787563969.859173,2.2309995169135948,1.334291161845794,2.4029699919329746,"[ 2.02754214e-06 -1.16079175e-06  0.00000000e+00  0.00000000e+00
  0.00000000e+00 -1.60680428e-07 -1.16079175e-06  1.72018620e-06
  0.00000000e+00  0.00000000e+00  0.00000000e+00  4.40069242e-08
  0.00000000e+00  0.00000000e+00  0.00000000e+00  0.00000000e+00
  0.00000000e+00  0.00000000e+00  0.00000000e+00  0.00000000e+00
  0.00000000e+00  0.00000000e+00  0.00000000e+00  0.00000000e+00
  0.00000000e+00  0.00000000e+00  0.00000000e+00  0.00000000e+00
  0.00000000e+00  0.00000000e+00 -1.60680428e-07  4.40069242e-08
  0.00000000e+00  0.00000000e+00  0.00000000e+00  3.52026921e-06]","[[ 3.53783481e-05  7.85527555e-04]
 [-4.64199215e-05 -3.31892273e-04]]",[],0.0,0.0
1787563969.9059312,2.2327786271528476,1.3324942401837383,2.389677021486512,"[ 2.01465493e-06 -1.15399357e-06  0.00000000e+00  0.00000000e+00
  0.00000000e+00 -1.42559380e-07 -1.15399357e-06  1.70434720e-06
  0.00000000e+00  0.00000000e+00  0.00000000e+00  2.06676129e-08
  0.00000000e+00  0.00000000e+00  0.00000000e+00  0.00000000e+00
  0.00000000e+00  0.00000000e+00  0.00000000e+00  0.00000000e+00
  0.00000000e+00  0.00000000e+00  0.00000000e+00  0.00000000e+00
  0.00000000e+00  0.00000000e+00  0.00000000e+00  0.00000000e+00
  0.00000000e+00  0.00000000e+00 -1.42559380e-07  2.06676129e-08
  0.00000000e+00  0.00000000e+00  0.00000000e+00  3.62672722e-06]","[[ 3.53783481e-05  7.85527555e-04]
 [-4.64199215e-05 -3.31892273e-04]]",[],0.0,0.0
1787563969.9566996,2.2327786271528476,1.3324942401837383,2.389677021486512,"[ 2.01465493e-06 -1.15399357e-06  0.00000000e+00  0.00000000e+00
  0.00000000e+00 -1.42559380e-07 -1.15399357e-06  1.70434720e-06
  0.00000000e+00  0.00000000e+00  0.00000000e+00  2.06676129e-08
  0.00000000e+00  0.00000000e+00  0.00000000e+00  0.00000000e+00
  0.00000000e+00  0.00000000e+00  0.00000000e+00  0.00000000e+00
  0.00000000e+00  0.00000000e+00  0.00000000e+00  0.00000000e+00
  0.00000000e+00  0.00000000e+00  0.00000000e+00  0.00000000e+00
  0.00000000e+00  0.00000000e+00 -1.42559380e-07  2.06676129e-08
  0.00000000e+00  0.00000000e+00  0.00000000e+00  3.62672722e-06]","[[ 3.51859677e-05  7.51789019e-04]
 [-4.60142136e-05 -2.91636698e-04]]",[],0.0,0.0
1787563970.0060863,2.2327786271528476,1.3324942401837383,2.389677021486512,"[ 2.01465493e-06 -1.15399357e-06  0.00000000e+00  0.00000000e+00
  0.00000000e+00 -1.42559380e-07 -1.15399357e-06  1.70434720e-06
  0.00000000e+00  0.00000000e+00  0.00000000e+00  2.06676129e-08
  0.00000000e+00  0.00000000e+00  0.00000000e+00  0.00000000e+00
  0.00000000e+00  0.00000000e+00  0.00000000e+00  0.00000000e+00
  0.00000000e+00  0.00000000e+00  0.00000000e+00  0.00000000e+00
  0.00000000e+00  0.00000000e+00  0.00000000e+00  0.00000000e+00
  0.00000000e+00  0.00000000e+00 -1.42559380e-07  2.06676129e-08
  0.00000000e+00  0.00000000e+00  0.00000000e+00  3.62672722e-06]","[[ 3.51859677e-05  7.51789019e-04]
 [-4.60142136e-05 -2.91636698e-04]]",[],0.0,0.0
1787563970.0561094,2.2327786271528476,1.3324942401837383,2.389677021486512,"[ 2.01465493e-06 -1.15399357e-06  0.00000000e+00  0.00000000e+00
  0.00000000e+00 -1.42559380e-07 -1.15399357e-06  1.70434720e-06
  0.00000000e+00  0.00000000e+00  0.00000000e+00  2.06676129e-08
  0.00000000e+00  0.00000000e+00  0.00000000e+00  0.00000000e+00
  0.00000000e+00  0.00000000e+00  0.00000000e+00  0.00000000e+00
  0.00000000e+00  0.00000000e+00  0.00000000e+00  0.00000000e+00
  0.00000000e+00  0.00000000e+00  0.00000000e+00  0.00000000e+00
  0.00000000e+00  0.00000000e+00 -1.42559380e-07  2.06676129e-08
  0.00000000e+00  0.00000000e+00  0.00000000e+00  3.62672722e-06]","[[ 3.51859677e-05  7.51789019e-04]
 [-4.60142136e-05 -2.91636698e-04]]",[],0.0,0.0
1787563970.1060786,2.2327786271528476,1.3324942401837383,2.389677021486512,"[ 2.01465493e-06 -1.15399357e-06  0.00000000e+00  0.00000000e+00
  0.00000000e+00 -1.42559380e-07 -1.15399357e-06  1.70434720e-06
  0.00000000e+00  0.00000000e+00  0.00000000e+00  2.06676129e-08
  0.00000000e+00  0.00000000e+00  0.00000000e+00  0.00000000e+00
  0.00000000e+00  0.00000000e+00  0.00000000e+00  0.00000000e+00
  0.00000000e+00  0.00000000e+00  0.00000000e+00  0.00000000e+00
  0.00000000e+00  0.00000000e+00  0.00000000e+00  0.00000000e+00
  0.00000000e+00  0.00000000e+00 -1.42559380e-07  2.06676129e-08
  0.00000000e+00  0.00000000e+00  0.00000000e+00  3.62672722e-06]","[[ 3.51859677e-05  7.51789019e-04]
 [-4.60142136e-05 -2.91636698e-04]]",[],0.0,0.0
1787563970.1585736,2.2327786271528476,1.3324942401837383,2.389677021486512,"[ 2.01465493e-06 -1.15399357e-06  0.00000000e+00  0.00000000e+00
  0.00000000e+00 -1.42559380e-07 -1.15399357e-06  1.70434720e-06
  0.00000000e+00  0.00000000e+00  0.00000000e+00  2.06676129e-08
  0.00000000e+00  0.00000000e+00  0.00000000e+00  0.00000000e+00
  0.00000000e+00  0.00000000e+00  0.00000000e+00  0.00000000e+00
  0.00000000e+00  0.00000000e+00  0.00000000e+00  0.00000000e+00
  0.00000000e+00  0.00000000e+00  0.00000000e+00  0.00000000e+00
  0.00000000e+00  0.00000000e+00 -1.42559380e-07  2.06676129e-08
  0.00000000e+00  0.00000000e+00  0.00000000e+00  3.62672722e-06]","[[ 3.51859677e-05  7.51789019e-04]
 [-4.60142136e-05 -2.91636698e-04]]",[],0.0,0.0
1787563970.2062702,2.2327786271528476,1.3324942401837383,2.389677021486512,"[ 2.01465493e-06 -1.15399357e-06  0.00000000e+00  0.00000000e+00
  0.00000000e+00 -1.42559380e-07 -1.15399357e-06  1.70434720e-06
  0.00000000e+00  0.00000000e+00  0.00000000e+00  2.06676129e-08
  0.00000000e+00  0.00000000e+00  0.00000000e+00  0.00000000e+00
  0.00000000e+00  0.00000000e+00  0.00000000e+00  0.00000000e+00
  0.00000000e+00  0.00000000e+00  0.00000000e+00  0.00000000e+00
  0.00000000e+00  0.00000000e+00  0.00000000e+00  0.00000000e+00
  0.00000000e+00  0.00000000e+00 -1.42559380e-07  2.06676129e-08
  0.00000000e+00  0.00000000e+00  0.00000000e+00  3.62672722e-06]","[[ 3.51859677e-05  7.51789019e-04]
 [-4.60142136e-05 -2.91636698e-04]]",[],0.0,0.0
1787563970.2558415,2.2327786271528476,1.3324942401837383,2.389677021486512,"[ 2.01465493e-06 -1.15399357e-06  0.00000000e+00  0.00000000e+00
  0.00000000e+00 -1.42559380e-07 -1.15399357e-06  1.70434720e-06
  0.00000000e+00  0.00000000e+00  0.00000000e+00  2.06676129e-08
  0.00000000e+00  0.00000000e+00  0.00000000e+00  0.00000000e+00
  0.00000000e+00  0.00000000e+00  0.00000000e+00  0.00000000e+00
  0.00000000e+00  0.00000000e+00  0.00000000e+00  0.00000000e+00
  0.00000000e+00  0.00000000e+00  0.00000000e+00  0.00000000e+00
  0.00000000e+00  0.00000000e+00 -1.42559380e-07  2.06676129e-08
  0.00000000e+00  0.00000000e+00  0.00000000e+00  3.62672722e-06]","[[ 3.51859677e-05  7.51789019e-04]
 [-4.60142136e-05 -2.91636698e-04]]",[],0.0,0.0
1787563970.306186,2.2327786271528476,1.3324942401837383,2.389677021486512,"[ 2.01465493e-06 -1.15399357e-06  0.00000000e+00  0.00000000e+00
  0.00000000e+00 -1.42559380e-07 -1.15399357e-06  1.70434720e-06
  0.00000000e+00  0.00000000e+00  0.00000000e+00  2.06676129e-08
  0.00000000e+00  0.00000000e+00  0.00000000e+00  0.00000000e+00
  0.00000000e+00  0.00000000e+00  0.00000000e+00  0.00000000e+00
  0.00000000e+00  0.00000000e+00  0.00000000e+00  0.00000000e+00
  0.00000000e+00  0.00000000e+00  0.00000000e+00  0.00000000e+00
  0.00000000e+00  0.00000000e+00 -1.42559380e-07  2.06676129e-08
  0.00000000e+00  0.00000000e+00  0.00000000e+00  3.62672722e-06]","[[ 3.51859677e-05  7.51789019e-04]
 [-4.60142136e-05 -2.91636698e-04]]",[],0.0,0.0
1787563970.356205,2.2327786271528476,1.3324942401837383,2.389677021486512,"[ 2.01465493e-06 -1.15399357e-06  0.00000000e+00  0.00000000e+00
  0.00000000e+00 -1.42559380e-07 -1.15399357e-06  1.70434720e-06
  0.00000000e+00  0.00000000e+00  0.00000000e+00  2.06676129e-08
  0.00000000e+00  0.00000000e+00  0.00000000e+00  0.00000000e+00
  0.00000000e+00  0.00000000e+00  0.00000000e+00  0.00000000e+00
  0.00000000e+00  0.00000000e+00  0.00000000e+00  0.00000000e+00
  0.00000000e+00  0.00000000e+00  0.00000000e+00  0.00000000e+00
  0.00000000e+00  0.00000000e+00 -1.42559380e-07  2.06676129e-08
  0.00000000e+00  0.00000000e+00  0.00000000e+00  3.62672722e-06]","[[ 3.51859677e-05  7.51789019e-04]
 [-4.60142136e-05 -2.91636698e-04]]",[],0.0,0.0
1787563970.4060822,2.2327786271528476,1.3324942401837383,2.389677021486512,"[ 2.01465493e-06 -1.15399357e-06  0.00000000e+00  0.00000000e+00
  0.00000000e+00 -1.42559380e-07 -1.15399357e-06  1.70434720e-06
  0.00000000e+00  0.00000000e+00  0.00000000e+00  2.06676129e-08
  0.00000000e+00  0.00000000e+00  0.00000000e+00  0.00000000e+00
  0.00000000e+00  0.00000000e+00  0.00000000e+00  0.00000000e+00
  0.00000000e+00  0.00000000e+00  0.00000000e+00  0.00000000e+00
  0.00000000e+00  0.00000000e+00  0.00000000e+00  0.00000000e+00
  0.00000000e+00  0.00000000e+00 -1.42559380e-07  2.06676129e-08
  0.00000000e+00  0.00000000e+00  0.00000000e+00  3.62672722e-06]","[[ 3.51859677e-05  7.51789019e-04]
 [-4.60142136e-05 -2.91636698e-04]]",[],0.0,0.0
1787563970.458864,2.2327786271528476,1.3324942401837383,2.389677021486512,"[ 2.01465493e-06 -1.15399357e-06  0.00000000e+00  0.00000000e+00
  0.00000000e+00 -1.42559380e-07 -1.15399357e-06  1.70434720e-06
  0.00000000e+00  0.00000000e+00  0.00000000e+00  2.06676129e-08
  0.00000000e+00  0.00000000e+00  0.00000000e+00  0.00000000e+00
  0.00000000e+00  0.00000000e+00  0.00000000e+00  0.00000000e+00
  0.00000000e+00  0.00000000e+00  0.00000000e+00  0.00000000e+00
  0.00000000e+00  0.00000000e+00  0.00000000e+00  0.00000000e+00
  0.00000000e+00  0.00000000e+00 -1.42559380e-07  2.06676129e-08
  0.00000000e+00  0.00000000e+00  0.00000000e+00  3.62672722e-06]","[[ 3.51859677e-05  7.51789019e-04]
 [-4.60142136e-05 -2.91636698e-04]]",[],0.0,0.0
1787563970.5067453,2.2327786271528476,1.3324942401837383,2.389677021486512,"[ 2.01465493e-06 -1.15399357e-06  0.00000000e+00  0.00000000e+00
  0.00000000e+00 -1.42559380e-07 -1.15399357e-06  1.70434720e-06
  0.00000000e+00  0.00000000e+00  0.00000000e+00  2.06676129e-08
  0.00000000e+00  0.00000000e+00  0.00000000e+00  0.00000000e+00
  0.00000000e+00  0.00000000e+00  0.00000000e+00  0.00000000e+00
  0.00000000e+00  0.00000000e+00  0.00000000e+00  0.00000000e+00
  0.00000000e+00  0.00000000e+00  0.00000000e+00  0.00000000e+00
  0.00000000e+00  0.00000000e+00 -1.42559380e-07  2.06676129e-08
  0.00000000e+00  0.00000000e+00  0.00000000e+00  3.62672722e-06]","[[ 3.51859677e-05  7.51789019e-04]
 [-4.60142136e-05 -2.91636698e-04]]",[],0.0,0.0
1787563970.556922,2.2353956936871793,1.3300641875098844,2.3877640939709206,"[ 2.00304160e-06 -1.15053693e-06  0.00000000e+00  0.00000000e+00
  0.00000000e+00 -1.60714127e-07 -1.15053693e-06  1.69351691e-06
  0.00000000e+00  0.00000000e+00  0.00000000e+00  4.76465761e-08
  0.00000000e+00  0.00000000e+00  0.00000000e+00  0.00000000e+00
  0.00000000e+00  0.00000000e+00  0.00000000e+00  0.00000000e+00
  0.00000000e+00  0.00000000e+00  0.00000000e+00  0.00000000e+00
  0.00000000e+00  0.00000000e+00  0.00000000e+00  0.00000000e+00
  0.00000000e+00  0.00000000e+00 -1.60714127e-07  4.76465761e-08
  0.00000000e+00  0.00000000e+00  0.00000000e+00  3.49330426e-06]","[[ 3.50741902e-05  7.78449887e-04]
 [-4.57404167e-05 -3.35478119e-04]]",[],0.0,0.0
1787563970.6062086,2.2353956936871793,1.3300641875098844,2.3877640939709206,"[ 2.00304160e-06 -1.15053693e-06  0.00000000e+00  0.00000000e+00
  0.00000000e+00 -1.60714127e-07 -1.15053693e-06  1.69351691e-06
  0.00000000e+00  0.00000000e+00  0.00000000e+00  4.76465761e-08
  0.00000000e+00  0.00000000e+00  0.00000000e+00  0.00000000e+00
  0.00000000e+00  0.00000000e+00  0.00000000e+00  0.00000000e+00
  0.00000000e+00  0.00000000e+00  0.00000000e+00  0.00000000e+00
  0.00000000e+00  0.00000000e+00  0.00000000e+00  0.00000000e+00
  0.00000000e+00  0.00000000e+00 -1.60714127e-07  4.76465761e-08
  0.00000000e+00  0.00000000e+00  0.00000000e+00  3.49330426e-06]","[[ 3.50741902e-05  7.78449887e-04]
 [-4.57404167e-05 -3.35478119e-04]]",[],0.0,0.0
1787563970.6603365,2.2353956936871793,1.3300641875098844,2.3877640939709206,"[ 2.00304160e-06 -1.15053693e-06  0.00000000e+00  0.00000000e+00
  0.00000000e+00 -1.60714127e-07 -1.15053693e-06  1.69351691e-06
  0.00000000e+00  0.00000000e+00  0.00000000e+00  4.76465761e-08
  0.00000000e+00  0.00000000e+00  0.00000000e+00  0.00000000e+00
  0.00000000e+00  0.00000000e+00  0.00000000e+00  0.00000000e+00
  0.00000000e+00  0.00000000e+00  0.00000000e+00  0.00000000e+00
  0.00000000e+00  0.00000000e+00  0.00000000e+00  0.00000000e+00
  0.00000000e+00  0.00000000e+00 -1.60714127e-07  4.76465761e-08
  0.00000000e+00  0.00000000e+00  0.00000000e+00  3.49330426e-06]","[[ 3.50741902e-05  7.78449887e-04]
 [-4.57404167e-05 -3.35478119e-04]]",[],0.0,0.0
1787563970.7060134,2.2353956936871793,1.3300641875098844,2.3877640939709206,"[ 2.00304160e-06 -1.15053693e-06  0.00000000e+00  0.00000000e+00
  0.00000000e+00 -1.60714127e-07 -1.15053693e-06  1.69351691e-06
  0.00000000e+00  0.00000000e+00  0.00000000e+00  4.76465761e-08
  0.00000000e+00  0.00000000e+00  0.00000000e+00  0.00000000e+00
  0.00000000e+00  0.00000000e+00  0.00000000e+00  0.00000000e+00
  0.00000000e+00  0.00000000e+00  0.00000000e+00  0.00000000e+00
  0.00000000e+00  0.00000000e+00  0.00000000e+00  0.00000000e+00
  0.00000000e+00  0.00000000e+00 -1.60714127e-07  4.76465761e-08
  0.00000000e+00  0.00000000e+00  0.00000000e+00  3.49330426e-06]","[[ 3.50741902e-05  7.78449887e-04]
 [-4.57404167e-05 -3.35478119e-04]]",[],0.0,0.0
1787563970.756838,2.2353956936871793,1.3300641875098844,2.3877640939709206,"[ 2.00304160e-06 -1.15053693e-06  0.00000000e+00  0.00000000e+00
  0.00000000e+00 -1.60714127e-07 -1.15053693e-06  1.69351691e-06
  0.00000000e+00  0.00000000e+00  0.00000000e+00  4.76465761e-08
  0.00000000e+00  0.00000000e+00  0.00000000e+00  0.00000000e+00
  0.00000000e+00  0.00000000e+00  0.00000000e+00  0.00000000e+00
  0.00000000e+00  0.00000000e+00  0.00000000e+00  0.00000000e+00
  0.00000000e+00  0.00000000e+00  0.00000000e+00  0.00000000e+00
  0.00000000e+00  0.00000000e+00 -1.60714127e-07  4.76465761e-08
  0.00000000e+00  0.00000000e+00  0.00000000e+00  3.49330426e-06]","[[ 3.50741902e-05  7.78449887e-04]
 [-4.57404167e-05 -3.35478119e-04]]",[],0.0,0.0
1787563970.812349,2.2353956936871793,1.3300641875098844,2.3877640939709206,"[ 2.00304160e-06 -1.15053693e-06  0.00000000e+00  0.00000000e+00
  0.00000000e+00 -1.60714127e-07 -1.15053693e-06  1.69351691e-06
  0.00000000e+00  0.00000000e+00  0.00000000e+00  4.76465761e-08
  0.00000000e+00  0.00000000e+00  0.00000000e+00  0.00000000e+00
  0.00000000e+00  0.00000000e+00  0.00000000e+00  0.00000000e+00
  0.00000000e+00  0.00000000e+00  0.00000000e+00  0.00000000e+00
  0.00000000e+00  0.00000000e+00  0.00000000e+00  0.00000000e+00
  0.00000000e+00  0.00000000e+00 -1.60714127e-07  4.76465761e-08
  0.00000000e+00  0.00000000e+00  0.00000000e+00  3.49330426e-06]","[[ 3.50741902e-05  7.78449887e-04]
 [-4.57404167e-05 -3.35478119e-04]]",[],0.0,0.0
1787563970.8569536,2.2353956936871793,1.3300641875098844,2.3877640939709206,"[ 2.00304160e-06 -1.15053693e-06  0.00000000e+00  0.00000000e+00
  0.00000000e+00 -1.60714127e-07 -1.15053693e-06  1.69351691e-06
  0.00000000e+00  0.00000000e+00  0.00000000e+00  4.76465761e-08
  0.00000000e+00  0.00000000e+00  0.00000000e+00  0.00000000e+00
  0.00000000e+00  0.00000000e+00  0.00000000e+00  0.00000000e+00
  0.00000000e+00  0.00000000e+00  0.00000000e+00  0.00000000e+00
  0.00000000e+00  0.00000000e+00  0.00000000e+00  0.00000000e+00
  0.00000000e+00  0.00000000e+00 -1.60714127e-07  4.76465761e-08
  0.00000000e+00  0.00000000e+00  0.00000000e+00  3.49330426e-06]","[[ 3.50741902e-05  7.78449887e-04]
 [-4.57404167e-05 -3.35478119e-04]]",[],0.0,0.0
1787563970.9062855,2.2353956936871793,1.3300641875098844,2.3877640939709206,"[ 2.00304160e-06 -1.15053693e-06  0.00000000e+00  0.00000000e+00
  0.00000000e+00 -1.60714127e-07 -1.15053693e-06  1.69351691e-06
  0.00000000e+00  0.00000000e+00  0.00000000e+00  4.76465761e-08
  0.00000000e+00  0.00000000e+00  0.00000000e+00  0.00000000e+00
  0.00000000e+00  0.00000000e+00  0.00000000e+00  0.00000000e+00
  0.00000000e+00  0.00000000e+00  0.00000000e+00  0.00000000e+00
  0.00000000e+00  0.00000000e+00  0.00000000e+00  0.00000000e+00
  0.00000000e+00  0.00000000e+00 -1.60714127e-07  4.76465761e-08
  0.00000000e+00  0.00000000e+00  0.00000000e+00  3.49330426e-06]","[[ 3.50741902e-05  7.78449887e-04]
 [-4.57404167e-05 -3.35478119e-04]]",[],0.0,0.0
1787563970.9568508,2.2353956936871793,1.3300641875098844,2.3877640939709206,"[ 2.00304160e-06 -1.15053693e-06  0.00000000e+00  0.00000000e+00
  0.00000000e+00 -1.60714127e-07 -1.15053693e-06  1.69351691e-06
  0.00000000e+00  0.00000000e+00  0.00000000e+00  4.76465761e-08
  0.00000000e+00  0.00000000e+00  0.00000000e+00  0.00000000e+00
  0.00000000e+00  0.00000000e+00  0.00000000e+00  0.00000000e+00
  0.00000000e+00  0.00000000e+00  0.00000000e+00  0.00000000e+00
  0.00000000e+00  0.00000000e+00  0.00000000e+00  0.00000000e+00
  0.00000000e+00  0.00000000e+00 -1.60714127e-07  4.76465761e-08
  0.00000000e+00  0.00000000e+00  0.00000000e+00  3.49330426e-06]","[[ 3.50741902e-05  7.78449887e-04]
 [-4.57404167e-05 -3.35478119e-04]]",[],0.0,0.0
1787563971.006645,2.2353956936871793,1.3300641875098844,2.3877640939709206,"[ 2.00304160e-06 -1.15053693e-06  0.00000000e+00  0.00000000e+00
  0.00000000e+00 -1.60714127e-07 -1.15053693e-06  1.69351691e-06
  0.00000000e+00  0.00000000e+00  0.00000000e+00  4.76465761e-08
  0.00000000e+00  0.00000000e+00  0.00000000e+00  0.00000000e+00
  0.00000000e+00  0.00000000e+00  0.00000000e+00  0.00000000e+00
  0.00000000e+00  0.00000000e+00  0.00000000e+00  0.00000000e+00
  0.00000000e+00  0.00000000e+00  0.00000000e+00  0.00000000e+00
  0.00000000e+00  0.00000000e+00 -1.60714127e-07  4.76465761e-08
  0.00000000e+00  0.00000000e+00  0.00000000e+00  3.49330426e-06]","[[ 3.50741902e-05  7.78449887e-04]
 [-4.57404167e-05 -3.35478119e-04]]",[],0.0,0.0
1787563971.0562506,2.2353956936871793,1.3300641875098844,2.3877640939709206,"[ 2.00304160e-06 -1.15053693e-06  0.00000000e+00  0.00000000e+00
  0.00000000e+00 -1.60714127e-07 -1.15053693e-06  1.69351691e-06
  0.00000000e+00  0.00000000e+00  0.00000000e+00  4.76465761e-08
  0.00000000e+00  0.00000000e+00  0.00000000e+00  0.00000000e+00
  0.00000000e+00  0.00000000e+00  0.00000000e+00  0.00000000e+00
  0.00000000e+00  0.00000000e+00  0.00000000e+00  0.00000000e+00
  0.00000000e+00  0.00000000e+00  0.00000000e+00  0.00000000e+00
  0.00000000e+00  0.00000000e+00 -1.60714127e-07  4.76465761e-08
  0.00000000e+00  0.00000000e+00  0.00000000e+00  3.49330426e-06]","[[ 3.50741902e-05  7.78449887e-04]
 [-4.57404167e-05 -3.35478119e-04]]",[],0.0,0.0
1787563971.1073973,2.2353956936871793,1.3300641875098844,2.3877640939709206,"[ 2.00304160e-06 -1.15053693e-06  0.00000000e+00  0.00000000e+00
  0.00000000e+00 -1.60714127e-07 -1.15053693e-06  1.69351691e-06
  0.00000000e+00  0.00000000e+00  0.00000000e+00  4.76465761e-08
  0.00000000e+00  0.00000000e+00  0.00000000e+00  0.00000000e+00
  0.00000000e+00  0.00000000e+00  0.00000000e+00  0.00000000e+00
  0.00000000e+00  0.00000000e+00  0.00000000e+00  0.00000000e+00
  0.00000000e+00  0.00000000e+00  0.00000000e+00  0.00000000e+00
  0.00000000e+00  0.00000000e+00 -1.60714127e-07  4.76465761e-08
  0.00000000e+00  0.00000000e+00  0.00000000e+00  3.49330426e-06]","[[ 3.50741902e-05  7.78449887e-04]
 [-4.57404167e-05 -3.35478119e-04]]",[],0.0,0.0
1787563971.15686,2.2353956936871793,1.3300641875098844,2.3877640939709206,"[ 2.00304160e-06 -1.15053693e-06  0.00000000e+00  0.00000000e+00
  0.00000000e+00 -1.60714127e-07 -1.15053693e-06  1.69351691e-06
  0.00000000e+00  0.00000000e+00  0.00000000e+00  4.76465761e-08
  0.00000000e+00  0.00000000e+00  0.00000000e+00  0.00000000e+00
  0.00000000e+00  0.00000000e+00  0.00000000e+00  0.00000000e+00
  0.00000000e+00  0.00000000e+00  0.00000000e+00  0.00000000e+00
  0.00000000e+00  0.00000000e+00  0.00000000e+00  0.00000000e+00
  0.00000000e+00  0.00000000e+00 -1.60714127e-07  4.76465761e-08
  0.00000000e+00  0.00000000e+00  0.00000000e+00  3.49330426e-06]","[[ 3.50741902e-05  7.78449887e-04]
 [-4.57404167e-05 -3.35478119e-04]]",[],0.0,0.0
1787563971.206149,2.2353956936871793,1.3300641875098844,2.3877640939709206,"[ 2.00304160e-06 -1.15053693e-06  0.00000000e+00  0.00000000e+00
  0.00000000e+00 -1.60714127e-07 -1.15053693e-06  1.69351691e-06
  0.00000000e+00  0.00000000e+00  0.00000000e+00  4.76465761e-08
  0.00000000e+00  0.00000000e+00  0.00000000e+00  0.00000000e+00
  0.00000000e+00  0.00000000e+00  0.00000000e+00  0.00000000e+00
  0.00000000e+00  0.00000000e+00  0.00000000e+00  0.00000000e+00
  0.00000000e+00  0.00000000e+00  0.00000000e+00  0.00000000e+00
  0.00000000e+00  0.00000000e+00 -1.60714127e-07  4.76465761e-08
  0.00000000e+00  0.00000000e+00  0.00000000e+00  3.49330426e-06]","[[ 3.50741902e-05  7.78449887e-04]
 [-4.57404167e-05 -3.35478119e-04]]",[],0.0,0.0
1787563971.2561233,2.237527594736433,1.3277951532995147,2.3883805805377936,"[ 1.98682634e-06 -1.14463516e-06  0.00000000e+00  0.00000000e+00
  0.00000000e+00 -1.49701931e-07 -1.14463516e-06  1.68150012e-06
  0.00000000e+00  0.00000000e+00  0.00000000e+00  3.91076152e-08
  0.00000000e+00  0.00000000e+00  0.00000000e+00  0.00000000e+00
  0.00000000e+00  0.00000000e+00  0.00000000e+00  0.00000000e+00
  0.00000000e+00  0.00000000e+00  0.00000000e+00  0.00000000e+00
  0.00000000e+00  0.00000000e+00  0.00000000e+00  0.00000000e+00
  0.00000000e+00  0.00000000e+00 -1.49701931e-07  3.91076152e-08
  0.00000000e+00  0.00000000e+00  0.00000000e+00  3.37619121e-06]","[[ 3.48923031e-05  7.55575205e-04]
 [-4.54320433e-05 -3.19846337e-04]]",[],0.0,0.0
1787563971.3057659,2.237527594736433,1.3277951532995147,2.3883805805377936,"[ 1.98682634e-06 -1.14463516e-06  0.00000000e+00  0.00000000e+00
  0.00000000e+00 -1.49701931e-07 -1.14463516e-06  1.68150012e-06
  0.00000000e+00  0.00000000e+00  0.00000000e+00  3.91076152e-08
  0.00000000e+00  0.00000000e+00  0.00000000e+00  0.00000000e+00
  0.00000000e+00  0.00000000e+00  0.00000000e+00  0.00000000e+00
  0.00000000e+00  0.00000000e+00  0.00000000e+00  0.00000000e+00
  0.00000000e+00  0.00000000e+00  0.00000000e+00  0.00000000e+00
  0.00000000e+00  0.00000000e+00 -1.49701931e-07  3.91076152e-08
  0.00000000e+00  0.00000000e+00  0.00000000e+00  3.37619121e-06]","[[ 3.48923031e-05  7.55575205e-04]
 [-4.54320433e-05 -3.19846337e-04]]",[],0.0,0.0
1787563971.3584898,2.237527594736433,1.3277951532995147,2.3883805805377936,"[ 1.98682634e-06 -1.14463516e-06  0.00000000e+00  0.00000000e+00
  0.00000000e+00 -1.49701931e-07 -1.14463516e-06  1.68150012e-06
  0.00000000e+00  0.00000000e+00  0.00000000e+00  3.91076152e-08
  0.00000000e+00  0.00000000e+00  0.00000000e+00  0.00000000e+00
  0.00000000e+00  0.00000000e+00  0.00000000e+00  0.00000000e+00
  0.00000000e+00  0.00000000e+00  0.00000000e+00  0.00000000e+00
  0.00000000e+00  0.00000000e+00  0.00000000e+00  0.00000000e+00
  0.00000000e+00  0.00000000e+00 -1.49701931e-07  3.91076152e-08
  0.00000000e+00  0.00000000e+00  0.00000000e+00  3.37619121e-06]","[[ 3.48923031e-05  7.55575205e-04]
 [-4.54320433e-05 -3.19846337e-04]]",[],0.0,0.0
1787563971.4102886,2.237527594736433,1.3277951532995147,2.3883805805377936,"[ 1.98682634e-06 -1.14463516e-06  0.00000000e+00  0.00000000e+00
  0.00000000e+00 -1.49701931e-07 -1.14463516e-06  1.68150012e-06
  0.00000000e+00  0.00000000e+00  0.00000000e+00  3.91076152e-08
  0.00000000e+00  0.00000000e+00  0.00000000e+00  0.00000000e+00
  0.00000000e+00  0.00000000e+00  0.00000000e+00  0.00000000e+00
  0.00000000e+00  0.00000000e+00  0.00000000e+00  0.00000000e+00
  0.00000000e+00  0.00000000e+00  0.00000000e+00  0.00000000e+00
  0.00000000e+00  0.00000000e+00 -1.49701931e-07  3.91076152e-08
  0.00000000e+00  0.00000000e+00  0.00000000e+00  3.37619121e-06]","[[ 3.48923031e-05  7.55575205e-04]
 [-4.54320433e-05 -3.19846337e-04]]",[],0.0,0.0
1787563971.4558733,2.237527594736433,1.3277951532995147,2.3883805805377936,"[ 1.98682634e-06 -1.14463516e-06  0.00000000e+00  0.00000000e+00
  0.00000000e+00 -1.49701931e-07 -1.14463516e-06  1.68150012e-06
  0.00000000e+00  0.00000000e+00  0.00000000e+00  3.91076152e-08
  0.00000000e+00  0.00000000e+00  0.00000000e+00  0.00000000e+00
  0.00000000e+00  0.00000000e+00  0.00000000e+00  0.00000000e+00
  0.00000000e+00  0.00000000e+00  0.00000000e+00  0.00000000e+00
  0.00000000e+00  0.00000000e+00  0.00000000e+00  0.00000000e+00
  0.00000000e+00  0.00000000e+00 -1.49701931e-07  3.91076152e-08
  0.00000000e+00  0.00000000e+00  0.00000000e+00  3.37619121e-06]","[[ 3.48923031e-05  7.55575205e-04]
 [-4.54320433e-05 -3.19846337e-04]]",[],0.0,0.0
1787563971.5133169,2.237527594736433,1.3277951532995147,2.3883805805377936,"[ 1.98682634e-06 -1.14463516e-06  0.00000000e+00  0.00000000e+00
  0.00000000e+00 -1.49701931e-07 -1.14463516e-06  1.68150012e-06
  0.00000000e+00  0.00000000e+00  0.00000000e+00  3.91076152e-08
  0.00000000e+00  0.00000000e+00  0.00000000e+00  0.00000000e+00
  0.00000000e+00  0.00000000e+00  0.00000000e+00  0.00000000e+00
  0.00000000e+00  0.00000000e+00  0.00000000e+00  0.00000000e+00
  0.00000000e+00  0.00000000e+00  0.00000000e+00  0.00000000e+00
  0.00000000e+00  0.00000000e+00 -1.49701931e-07  3.91076152e-08
  0.00000000e+00  0.00000000e+00  0.00000000e+00  3.37619121e-06]","[[ 3.48923031e-05  7.55575205e-04]
 [-4.54320433e-05 -3.19846337e-04]]",[],0.0,0.0
1787563971.556412,2.237527594736433,1.3277951532995147,2.3883805805377936,"[ 1.98682634e-06 -1.14463516e-06  0.00000000e+00  0.00000000e+00
  0.00000000e+00 -1.49701931e-07 -1.14463516e-06  1.68150012e-06
  0.00000000e+00  0.00000000e+00  0.00000000e+00  3.91076152e-08
  0.00000000e+00  0.00000000e+00  0.00000000e+00  0.00000000e+00
  0.00000000e+00  0.00000000e+00  0.00000000e+00  0.00000000e+00
  0.00000000e+00  0.00000000e+00  0.00000000e+00  0.00000000e+00
  0.00000000e+00  0.00000000e+00  0.00000000e+00  0.00000000e+00
  0.00000000e+00  0.00000000e+00 -1.49701931e-07  3.91076152e-08
  0.00000000e+00  0.00000000e+00  0.00000000e+00  3.37619121e-06]","[[ 3.48923031e-05  7.55575205e-04]
 [-4.54320433e-05 -3.19846337e-04]]",[],0.0,0.0
1787563971.6060612,2.237527594736433,1.3277951532995147,2.3883805805377936,"[ 1.98682634e-06 -1.14463516e-06  0.00000000e+00  0.00000000e+00
  0.00000000e+00 -1.49701931e-07 -1.14463516e-06  1.68150012e-06
  0.00000000e+00  0.00000000e+00  0.00000000e+00  3.91076152e-08
  0.00000000e+00  0.00000000e+00  0.00000000e+00  0.00000000e+00
  0.00000000e+00  0.00000000e+00  0.00000000e+00  0.00000000e+00
  0.00000000e+00  0.00000000e+00  0.00000000e+00  0.00000000e+00
  0.00000000e+00  0.00000000e+00  0.00000000e+00  0.00000000e+00
  0.00000000e+00  0.00000000e+00 -1.49701931e-07  3.91076152e-08
  0.00000000e+00  0.00000000e+00  0.00000000e+00  3.37619121e-06]","[[ 3.48923031e-05  7.55575205e-04]
 [-4.54320433e-05 -3.19846337e-04]]",[],0.0,0.0
1787563971.6592882,2.237527594736433,1.3277951532995147,2.3883805805377936,"[ 1.98682634e-06 -1.14463516e-06  0.00000000e+00  0.00000000e+00
  0.00000000e+00 -1.49701931e-07 -1.14463516e-06  1.68150012e-06
  0.00000000e+00  0.00000000e+00  0.00000000e+00  3.91076152e-08
  0.00000000e+00  0.00000000e+00  0.00000000e+00  0.00000000e+00
  0.00000000e+00  0.00000000e+00  0.00000000e+00  0.00000000e+00
  0.00000000e+00  0.00000000e+00  0.00000000e+00  0.00000000e+00
  0.00000000e+00  0.00000000e+00  0.00000000e+00  0.00000000e+00
  0.00000000e+00  0.00000000e+00 -1.49701931e-07  3.91076152e-08
  0.00000000e+00  0.00000000e+00  0.00000000e+00  3.37619121e-06]","[[ 3.48923031e-05  7.55575205e-04]
 [-4.54320433e-05 -3.19846337e-04]]",[],0.0,0.0
1787563971.7076113,2.237527594736433,1.3277951532995147,2.3883805805377936,"[ 1.98682634e-06 -1.14463516e-06  0.00000000e+00  0.00000000e+00
  0.00000000e+00 -1.49701931e-07 -1.14463516e-06  1.68150012e-06
  0.00000000e+00  0.00000000e+00  0.00000000e+00  3.91076152e-08
  0.00000000e+00  0.00000000e+00  0.00000000e+00  0.00000000e+00
  0.00000000e+00  0.00000000e+00  0.00000000e+00  0.00000000e+00
  0.00000000e+00  0.00000000e+00  0.00000000e+00  0.00000000e+00
  0.00000000e+00  0.00000000e+00  0.00000000e+00  0.00000000e+00
  0.00000000e+00  0.00000000e+00 -1.49701931e-07  3.91076152e-08
  0.00000000e+00  0.00000000e+00  0.00000000e+00  3.37619121e-06]","[[ 3.48923031e-05  7.55575205e-04]
 [-4.54320433e-05 -3.19846337e-04]]",[],0.0,0.0
1787563971.7567031,2.237527594736433,1.3277951532995147,2.3883805805377936,"[ 1.98682634e-06 -1.14463516e-06  0.00000000e+00  0.00000000e+00
  0.00000000e+00 -1.49701931e-07 -1.14463516e-06  1.68150012e-06
  0.00000000e+00  0.00000000e+00  0.00000000e+00  3.91076152e-08
  0.00000000e+00  0.00000000e+00  0.00000000e+00  0.00000000e+00
  0.00000000e+00  0.00000000e+00  0.00000000e+00  0.00000000e+00
  0.00000000e+00  0.00000000e+00  0.00000000e+00  0.00000000e+00
  0.00000000e+00  0.00000000e+00  0.00000000e+00  0.00000000e+00
  0.00000000e+00  0.00000000e+00 -1.49701931e-07  3.91076152e-08
  0.00000000e+00  0.00000000e+00  0.00000000e+00  3.37619121e-06]","[[ 3.48923031e-05  7.55575205e-04]
 [-4.54320433e-05 -3.19846337e-04]]",[],0.0,0.0
1787563971.80964,2.237527594736433,1.3277951532995147,2.3883805805377936,"[ 1.98682634e-06 -1.14463516e-06  0.00000000e+00  0.00000000e+00
  0.00000000e+00 -1.49701931e-07 -1.14463516e-06  1.68150012e-06
  0.00000000e+00  0.00000000e+00  0.00000000e+00  3.91076152e-08
  0.00000000e+00  0.00000000e+00  0.00000000e+00  0.00000000e+00
  0.00000000e+00  0.00000000e+00  0.00000000e+00  0.00000000e+00
  0.00000000e+00  0.00000000e+00  0.00000000e+00  0.00000000e+00
  0.00000000e+00  0.00000000e+00  0.00000000e+00  0.00000000e+00
  0.00000000e+00  0.00000000e+00 -1.49701931e-07  3.91076152e-08
  0.00000000e+00  0.00000000e+00  0.00000000e+00  3.37619121e-06]","[[ 3.48923031e-05  7.55575205e-04]
 [-4.54320433e-05 -3.19846337e-04]]",[],0.0,0.0
1787563971.877161,2.237527594736433,1.3277951532995147,2.3883805805377936,"[ 1.98682634e-06 -1.14463516e-06  0.00000000e+00  0.00000000e+00
  0.00000000e+00 -1.49701931e-07 -1.14463516e-06  1.68150012e-06
  0.00000000e+00  0.00000000e+00  0.00000000e+00  3.91076152e-08
  0.00000000e+00  0.00000000e+00  0.00000000e+00  0.00000000e+00
  0.00000000e+00  0.00000000e+00  0.00000000e+00  0.00000000e+00
  0.00000000e+00  0.00000000e+00  0.00000000e+00  0.00000000e+00
  0.00000000e+00  0.00000000e+00  0.00000000e+00  0.00000000e+00
  0.00000000e+00  0.00000000e+00 -1.49701931e-07  3.91076152e-08
  0.00000000e+00  0.00000000e+00  0.00000000e+00  3.37619121e-06]","[[ 3.48923031e-05  7.55575205e-04]
 [-4.54320433e-05 -3.19846337e-04]]",[],0.0,0.0
1787563971.9063945,2.237527594736433,1.3277951532995147,2.3883805805377936,"[ 1.98682634e-06 -1.14463516e-06  0.00000000e+00  0.00000000e+00
  0.00000000e+00 -1.49701931e-07 -1.14463516e-06  1.68150012e-06
  0.00000000e+00  0.00000000e+00  0.00000000e+00  3.91076152e-08
  0.00000000e+00  0.00000000e+00  0.00000000e+00  0.00000000e+00
  0.00000000e+00  0.00000000e+00  0.00000000e+00  0.00000000e+00
  0.00000000e+00  0.00000000e+00  0.00000000e+00  0.00000000e+00
  0.00000000e+00  0.00000000e+00  0.00000000e+00  0.00000000e+00
  0.00000000e+00  0.00000000e+00 -1.49701931e-07  3.91076152e-08
  0.00000000e+00  0.00000000e+00  0.00000000e+00  3.37619121e-06]","[[ 3.48923031e-05  7.55575205e-04]
 [-4.54320433e-05 -3.19846337e-04]]",[],0.0,0.0
1787563971.9578965,2.240260301786988,1.3251053281053153,2.3862449189503048,"[ 1.97771464e-06 -1.14385484e-06  0.00000000e+00  0.00000000e+00
  0.00000000e+00 -1.36722551e-07 -1.14385484e-06  1.67271640e-06
  0.00000000e+00  0.00000000e+00  0.00000000e+00  2.21230852e-08
  0.00000000e+00  0.00000000e+00  0.00000000e+00  0.00000000e+00
  0.00000000e+00  0.00000000e+00  0.00000000e+00  0.00000000e+00
  0.00000000e+00  0.00000000e+00  0.00000000e+00  0.00000000e+00
  0.00000000e+00  0.00000000e+00  0.00000000e+00  0.00000000e+00
  0.00000000e+00  0.00000000e+00 -1.36722551e-07  2.21230852e-08
  0.00000000e+00  0.00000000e+00  0.00000000e+00  3.35055021e-06]","[[ 3.48569056e-05  7.31279050e-04]
 [-4.52187896e-05 -2.91596724e-04]]",[],0.0,0.0
1787563972.0068698,2.240260301786988,1.3251053281053153,2.3862449189503048,"[ 1.97771464e-06 -1.14385484e-06  0.00000000e+00  0.00000000e+00
  0.00000000e+00 -1.36722551e-07 -1.14385484e-06  1.67271640e-06
  0.00000000e+00  0.00000000e+00  0.00000000e+00  2.21230852e-08
  0.00000000e+00  0.00000000e+00  0.00000000e+00  0.00000000e+00
  0.00000000e+00  0.00000000e+00  0.00000000e+00  0.00000000e+00
  0.00000000e+00  0.00000000e+00  0.00000000e+00  0.00000000e+00
  0.00000000e+00  0.00000000e+00  0.00000000e+00  0.00000000e+00
  0.00000000e+00  0.00000000e+00 -1.36722551e-07  2.21230852e-08
  0.00000000e+00  0.00000000e+00  0.00000000e+00  3.35055021e-06]","[[ 3.48569056e-05  7.31279050e-04]
 [-4.52187896e-05 -2.91596724e-04]]",[],0.0,0.0
1787563972.0559342,2.240260301786988,1.3251053281053153,2.3862449189503048,"[ 1.97771464e-06 -1.14385484e-06  0.00000000e+00  0.00000000e+00
  0.00000000e+00 -1.36722551e-07 -1.14385484e-06  1.67271640e-06
  0.00000000e+00  0.00000000e+00  0.00000000e+00  2.21230852e-08
  0.00000000e+00  0.00000000e+00  0.00000000e+00  0.00000000e+00
  0.00000000e+00  0.00000000e+00  0.00000000e+00  0.00000000e+00
  0.00000000e+00  0.00000000e+00  0.00000000e+00  0.00000000e+00
  0.00000000e+00  0.00000000e+00  0.00000000e+00  0.00000000e+00
  0.00000000e+00  0.00000000e+00 -1.36722551e-07  2.21230852e-08
  0.00000000e+00  0.00000000e+00  0.00000000e+00  3.35055021e-06]","[[ 3.48569056e-05  7.31279050e-04]
 [-4.52187896e-05 -2.91596724e-04]]",[],0.0,0.0
1787563972.1070762,2.240260301786988,1.3251053281053153,2.3862449189503048,"[ 1.97771464e-06 -1.14385484e-06  0.00000000e+00  0.00000000e+00
  0.00000000e+00 -1.36722551e-07 -1.14385484e-06  1.67271640e-06
  0.00000000e+00  0.00000000e+00  0.00000000e+00  2.21230852e-08
  0.00000000e+00  0.00000000e+00  0.00000000e+00  0.00000000e+00
  0.00000000e+00  0.00000000e+00  0.00000000e+00  0.00000000e+00
  0.00000000e+00  0.00000000e+00  0.00000000e+00  0.00000000e+00
  0.00000000e+00  0.00000000e+00  0.00000000e+00  0.00000000e+00
  0.00000000e+00  0.00000000e+00 -1.36722551e-07  2.21230852e-08
  0.00000000e+00  0.00000000e+00  0.00000000e+00  3.35055021e-06]","[[ 3.48569056e-05  7.31279050e-04]
 [-4.52187896e-05 -2.91596724e-04]]",[],0.0,0.0
1787563972.1582036,2.240260301786988,1.3251053281053153,2.3862449189503048,"[ 1.97771464e-06 -1.14385484e-06  0.00000000e+00  0.00000000e+00
  0.00000000e+00 -1.36722551e-07 -1.14385484e-06  1.67271640e-06
  0.00000000e+00  0.00000000e+00  0.00000000e+00  2.21230852e-08
  0.00000000e+00  0.00000000e+00  0.00000000e+00  0.00000000e+00
  0.00000000e+00  0.00000000e+00  0.00000000e+00  0.00000000e+00
  0.00000000e+00  0.00000000e+00  0.00000000e+00  0.00000000e+00
  0.00000000e+00  0.00000000e+00  0.00000000e+00  0.00000000e+00
  0.00000000e+00  0.00000000e+00 -1.36722551e-07  2.21230852e-08
  0.00000000e+00  0.00000000e+00  0.00000000e+00  3.35055021e-06]","[[ 3.48569056e-05  7.31279050e-04]
 [-4.52187896e-05 -2.91596724e-04]]",[],0.0,0.0
1787563972.20872,2.240260301786988,1.3251053281053153,2.3862449189503048,"[ 1.97771464e-06 -1.14385484e-06  0.00000000e+00  0.00000000e+00
  0.00000000e+00 -1.36722551e-07 -1.14385484e-06  1.67271640e-06
  0.00000000e+00  0.00000000e+00  0.00000000e+00  2.21230852e-08
  0.00000000e+00  0.00000000e+00  0.00000000e+00  0.00000000e+00
  0.00000000e+00  0.00000000e+00  0.00000000e+00  0.00000000e+00
  0.00000000e+00  0.00000000e+00  0.00000000e+00  0.00000000e+00
  0.00000000e+00  0.00000000e+00  0.00000000e+00  0.00000000e+00
  0.00000000e+00  0.00000000e+00 -1.36722551e-07  2.21230852e-08
  0.00000000e+00  0.00000000e+00  0.00000000e+00  3.35055021e-06]","[[ 3.48569056e-05  7.31279050e-04]
 [-4.52187896e-05 -2.91596724e-04]]",[],0.0,0.0
1787563972.2558622,2.240260301786988,1.3251053281053153,2.3862449189503048,"[ 1.97771464e-06 -1.14385484e-06  0.00000000e+00  0.00000000e+00
  0.00000000e+00 -1.36722551e-07 -1.14385484e-06  1.67271640e-06
  0.00000000e+00  0.00000000e+00  0.00000000e+00  2.21230852e-08
  0.00000000e+00  0.00000000e+00  0.00000000e+00  0.00000000e+00
  0.00000000e+00  0.00000000e+00  0.00000000e+00  0.00000000e+00
  0.00000000e+00  0.00000000e+00  0.00000000e+00  0.00000000e+00
  0.00000000e+00  0.00000000e+00  0.00000000e+00  0.00000000e+00
  0.00000000e+00  0.00000000e+00 -1.36722551e-07  2.21230852e-08
  0.00000000e+00  0.00000000e+00  0.00000000e+00  3.35055021e-06]","[[ 3.48569056e-05  7.31279050e-04]
 [-4.52187896e-05 -2.91596724e-04]]",[],0.0,0.0
1787563972.3101108,2.240260301786988,1.3251053281053153,2.3862449189503048,"[ 1.97771464e-06 -1.14385484e-06  0.00000000e+00  0.00000000e+00
  0.00000000e+00 -1.36722551e-07 -1.14385484e-06  1.67271640e-06
  0.00000000e+00  0.00000000e+00  0.00000000e+00  2.21230852e-08
  0.00000000e+00  0.00000000e+00  0.00000000e+00  0.00000000e+00
  0.00000000e+00  0.00000000e+00  0.00000000e+00  0.00000000e+00
  0.00000000e+00  0.00000000e+00  0.00000000e+00  0.00000000e+00
  0.00000000e+00  0.00000000e+00  0.00000000e+00  0.00000000e+00
  0.00000000e+00  0.00000000e+00 -1.36722551e-07  2.21230852e-08
  0.00000000e+00  0.00000000e+00  0.00000000e+00  3.35055021e-06]","[[ 3.48569056e-05  7.31279050e-04]
 [-4.52187896e-05 -2.91596724e-04]]",[],0.0,0.0
1787563972.3560705,2.240260301786988,1.3251053281053153,2.3862449189503048,"[ 1.97771464e-06 -1.14385484e-06  0.00000000e+00  0.00000000e+00
  0.00000000e+00 -1.36722551e-07 -1.14385484e-06  1.67271640e-06
  0.00000000e+00  0.00000000e+00  0.00000000e+00  2.21230852e-08
  0.00000000e+00  0.00000000e+00  0.00000000e+00  0.00000000e+00
  0.00000000e+00  0.00000000e+00  0.00000000e+00  0.00000000e+00
  0.00000000e+00  0.00000000e+00  0.00000000e+00  0.00000000e+00
  0.00000000e+00  0.00000000e+00  0.00000000e+00  0.00000000e+00
  0.00000000e+00  0.00000000e+00 -1.36722551e-07  2.21230852e-08
  0.00000000e+00  0.00000000e+00  0.00000000e+00  3.35055021e-06]","[[ 3.48569056e-05  7.31279050e-04]
 [-4.52187896e-05 -2.91596724e-04]]",[],0.0,0.0
1787563972.407152,2.240260301786988,1.3251053281053153,2.3862449189503048,"[ 1.97771464e-06 -1.14385484e-06  0.00000000e+00  0.00000000e+00
  0.00000000e+00 -1.36722551e-07 -1.14385484e-06  1.67271640e-06
  0.00000000e+00  0.00000000e+00  0.00000000e+00  2.21230852e-08
  0.00000000e+00  0.00000000e+00  0.00000000e+00  0.00000000e+00
  0.00000000e+00  0.00000000e+00  0.00000000e+00  0.00000000e+00
  0.00000000e+00  0.00000000e+00  0.00000000e+00  0.00000000e+00
  0.00000000e+00  0.00000000e+00  0.00000000e+00  0.00000000e+00
  0.00000000e+00  0.00000000e+00 -1.36722551e-07  2.21230852e-08
  0.00000000e+00  0.00000000e+00  0.00000000e+00  3.35055021e-06]","[[ 3.48569056e-05  7.31279050e-04]
 [-4.52187896e-05 -2.91596724e-04]]",[],0.0,0.0
1787563972.456902,2.240260301786988,1.3251053281053153,2.3862449189503048,"[ 1.97771464e-06 -1.14385484e-06  0.00000000e+00  0.00000000e+00
  0.00000000e+00 -1.36722551e-07 -1.14385484e-06  1.67271640e-06
  0.00000000e+00  0.00000000e+00  0.00000000e+00  2.21230852e-08
  0.00000000e+00  0.00000000e+00  0.00000000e+00  0.00000000e+00
  0.00000000e+00  0.00000000e+00  0.00000000e+00  0.00000000e+00
  0.00000000e+00  0.00000000e+00  0.00000000e+00  0.00000000e+00
  0.00000000e+00  0.00000000e+00  0.00000000e+00  0.00000000e+00
  0.00000000e+00  0.00000000e+00 -1.36722551e-07  2.21230852e-08
  0.00000000e+00  0.00000000e+00  0.00000000e+00  3.35055021e-06]","[[ 3.48569056e-05  7.31279050e-04]
 [-4.52187896e-05 -2.91596724e-04]]",[],0.0,0.0
1787563972.5103104,2.240260301786988,1.3251053281053153,2.3862449189503048,"[ 1.97771464e-06 -1.14385484e-06  0.00000000e+00  0.00000000e+00
  0.00000000e+00 -1.36722551e-07 -1.14385484e-06  1.67271640e-06
  0.00000000e+00  0.00000000e+00  0.00000000e+00  2.21230852e-08
  0.00000000e+00  0.00000000e+00  0.00000000e+00  0.00000000e+00
  0.00000000e+00  0.00000000e+00  0.00000000e+00  0.00000000e+00
  0.00000000e+00  0.00000000e+00  0.00000000e+00  0.00000000e+00
  0.00000000e+00  0.00000000e+00  0.00000000e+00  0.00000000e+00
  0.00000000e+00  0.00000000e+00 -1.36722551e-07  2.21230852e-08
  0.00000000e+00  0.00000000e+00  0.00000000e+00  3.35055021e-06]","[[ 3.48569056e-05  7.31279050e-04]
 [-4.52187896e-05 -2.91596724e-04]]",[],0.0,0.0
1787563972.5569894,2.240260301786988,1.3251053281053153,2.3862449189503048,"[ 1.97771464e-06 -1.14385484e-06  0.00000000e+00  0.00000000e+00
  0.00000000e+00 -1.36722551e-07 -1.14385484e-06  1.67271640e-06
  0.00000000e+00  0.00000000e+00  0.00000000e+00  2.21230852e-08
  0.00000000e+00  0.00000000e+00  0.00000000e+00  0.00000000e+00
  0.00000000e+00  0.00000000e+00  0.00000000e+00  0.00000000e+00
  0.00000000e+00  0.00000000e+00  0.00000000e+00  0.00000000e+00
  0.00000000e+00  0.00000000e+00  0.00000000e+00  0.00000000e+00
  0.00000000e+00  0.00000000e+00 -1.36722551e-07  2.21230852e-08
  0.00000000e+00  0.00000000e+00  0.00000000e+00  3.35055021e-06]","[[ 3.48569056e-05  7.31279050e-04]
 [-4.52187896e-05 -2.91596724e-04]]",[],0.0,0.0
1787563972.612039,2.243596971339198,1.322130415310211,2.366305704982561,"[ 1.97028267e-06 -1.14591214e-06  0.00000000e+00  0.00000000e+00
  0.00000000e+00 -1.54123373e-07 -1.14591214e-06  1.66985651e-06
  0.00000000e+00  0.00000000e+00  0.00000000e+00  3.75699492e-08
  0.00000000e+00  0.00000000e+00  0.00000000e+00  0.00000000e+00
  0.00000000e+00  0.00000000e+00  0.00000000e+00  0.00000000e+00
  0.00000000e+00  0.00000000e+00  0.00000000e+00  0.00000000e+00
  0.00000000e+00  0.00000000e+00  0.00000000e+00  0.00000000e+00
  0.00000000e+00  0.00000000e+00 -1.54123373e-07  3.75699492e-08
  0.00000000e+00  0.00000000e+00  0.00000000e+00  3.49947543e-06]","[[ 3.49013203e-05  7.57516578e-04]
 [-4.51637782e-05 -3.17489260e-04]]",[],0.0,0.0
1787563972.6558473,2.243596971339198,1.322130415310211,2.366305704982561,"[ 1.97028267e-06 -1.14591214e-06  0.00000000e+00  0.00000000e+00
  0.00000000e+00 -1.54123373e-07 -1.14591214e-06  1.66985651e-06
  0.00000000e+00  0.00000000e+00  0.00000000e+00  3.75699492e-08
  0.00000000e+00  0.00000000e+00  0.00000000e+00  0.00000000e+00
  0.00000000e+00  0.00000000e+00  0.00000000e+00  0.00000000e+00
  0.00000000e+00  0.00000000e+00  0.00000000e+00  0.00000000e+00
  0.00000000e+00  0.00000000e+00  0.00000000e+00  0.00000000e+00
  0.00000000e+00  0.00000000e+00 -1.54123373e-07  3.75699492e-08
  0.00000000e+00  0.00000000e+00  0.00000000e+00  3.49947543e-06]","[[ 3.49013203e-05  7.57516578e-04]
 [-4.51637782e-05 -3.17489260e-04]]",[],0.0,0.0
1787563972.7170577,2.243596971339198,1.322130415310211,2.366305704982561,"[ 1.97028267e-06 -1.14591214e-06  0.00000000e+00  0.00000000e+00
  0.00000000e+00 -1.54123373e-07 -1.14591214e-06  1.66985651e-06
  0.00000000e+00  0.00000000e+00  0.00000000e+00  3.75699492e-08
  0.00000000e+00  0.00000000e+00  0.00000000e+00  0.00000000e+00
  0.00000000e+00  0.00000000e+00  0.00000000e+00  0.00000000e+00
  0.00000000e+00  0.00000000e+00  0.00000000e+00  0.00000000e+00
  0.00000000e+00  0.00000000e+00  0.00000000e+00  0.00000000e+00
  0.00000000e+00  0.00000000e+00 -1.54123373e-07  3.75699492e-08
  0.00000000e+00  0.00000000e+00  0.00000000e+00  3.49947543e-06]","[[ 3.49013203e-05  7.57516578e-04]
 [-4.51637782e-05 -3.17489260e-04]]",[],0.0,0.0
1787563972.7565355,2.243596971339198,1.322130415310211,2.366305704982561,"[ 1.97028267e-06 -1.14591214e-06  0.00000000e+00  0.00000000e+00
  0.00000000e+00 -1.54123373e-07 -1.14591214e-06  1.66985651e-06
  0.00000000e+00  0.00000000e+00  0.00000000e+00  3.75699492e-08
  0.00000000e+00  0.00000000e+00  0.00000000e+00  0.00000000e+00
  0.00000000e+00  0.00000000e+00  0.00000000e+00  0.00000000e+00
  0.00000000e+00  0.00000000e+00  0.00000000e+00  0.00000000e+00
  0.00000000e+00  0.00000000e+00  0.00000000e+00  0.00000000e+00
  0.00000000e+00  0.00000000e+00 -1.54123373e-07  3.75699492e-08
  0.00000000e+00  0.00000000e+00  0.00000000e+00  3.49947543e-06]","[[ 3.49013203e-05  7.57516578e-04]
 [-4.51637782e-05 -3.17489260e-04]]",[],0.0,0.0
1787563972.8124435,2.243596971339198,1.322130415310211,2.366305704982561,"[ 1.97028267e-06 -1.14591214e-06  0.00000000e+00  0.00000000e+00
  0.00000000e+00 -1.54123373e-07 -1.14591214e-06  1.66985651e-06
  0.00000000e+00  0.00000000e+00  0.00000000e+00  3.75699492e-08
  0.00000000e+00  0.00000000e+00  0.00000000e+00  0.00000000e+00
  0.00000000e+00  0.00000000e+00  0.00000000e+00  0.00000000e+00
  0.00000000e+00  0.00000000e+00  0.00000000e+00  0.00000000e+00
  0.00000000e+00  0.00000000e+00  0.00000000e+00  0.00000000e+00
  0.00000000e+00  0.00000000e+00 -1.54123373e-07  3.75699492e-08
  0.00000000e+00  0.00000000e+00  0.00000000e+00  3.49947543e-06]","[[ 3.49013203e-05  7.57516578e-04]
 [-4.51637782e-05 -3.17489260e-04]]",[],0.0,0.0
1787563972.857465,2.243596971339198,1.322130415310211,2.366305704982561,"[ 1.97028267e-06 -1.14591214e-06  0.00000000e+00  0.00000000e+00
  0.00000000e+00 -1.54123373e-07 -1.14591214e-06  1.66985651e-06
  0.00000000e+00  0.00000000e+00  0.00000000e+00  3.75699492e-08
  0.00000000e+00  0.00000000e+00  0.00000000e+00  0.00000000e+00
  0.00000000e+00  0.00000000e+00  0.00000000e+00  0.00000000e+00
  0.00000000e+00  0.00000000e+00  0.00000000e+00  0.00000000e+00
  0.00000000e+00  0.00000000e+00  0.00000000e+00  0.00000000e+00
  0.00000000e+00  0.00000000e+00 -1.54123373e-07  3.75699492e-08
  0.00000000e+00  0.00000000e+00  0.00000000e+00  3.49947543e-06]","[[ 3.49013203e-05  7.57516578e-04]
 [-4.51637782e-05 -3.17489260e-04]]",[],0.0,0.0
1787563972.9075823,2.243596971339198,1.322130415310211,2.366305704982561,"[ 1.97028267e-06 -1.14591214e-06  0.00000000e+00  0.00000000e+00
  0.00000000e+00 -1.54123373e-07 -1.14591214e-06  1.66985651e-06
  0.00000000e+00  0.00000000e+00  0.00000000e+00  3.75699492e-08
  0.00000000e+00  0.00000000e+00  0.00000000e+00  0.00000000e+00
  0.00000000e+00  0.00000000e+00  0.00000000e+00  0.00000000e+00
  0.00000000e+00  0.00000000e+00  0.00000000e+00  0.00000000e+00
  0.00000000e+00  0.00000000e+00  0.00000000e+00  0.00000000e+00
  0.00000000e+00  0.00000000e+00 -1.54123373e-07  3.75699492e-08
  0.00000000e+00  0.00000000e+00  0.00000000e+00  3.49947543e-06]","[[ 3.49013203e-05  7.57516578e-04]
 [-4.51637782e-05 -3.17489260e-04]]",[],0.0,0.0
1787563972.956708,2.243596971339198,1.322130415310211,2.366305704982561,"[ 1.97028267e-06 -1.14591214e-06  0.00000000e+00  0.00000000e+00
  0.00000000e+00 -1.54123373e-07 -1.14591214e-06  1.66985651e-06
  0.00000000e+00  0.00000000e+00  0.00000000e+00  3.75699492e-08
  0.00000000e+00  0.00000000e+00  0.00000000e+00  0.00000000e+00
  0.00000000e+00  0.00000000e+00  0.00000000e+00  0.00000000e+00
  0.00000000e+00  0.00000000e+00  0.00000000e+00  0.00000000e+00
  0.00000000e+00  0.00000000e+00  0.00000000e+00  0.00000000e+00
  0.00000000e+00  0.00000000e+00 -1.54123373e-07  3.75699492e-08
  0.00000000e+00  0.00000000e+00  0.00000000e+00  3.49947543e-06]","[[ 3.49013203e-05  7.57516578e-04]
 [-4.51637782e-05 -3.17489260e-04]]",[],0.0,0.0
1787563973.0061803,2.243596971339198,1.322130415310211,2.366305704982561,"[ 1.97028267e-06 -1.14591214e-06  0.00000000e+00  0.00000000e+00
  0.00000000e+00 -1.54123373e-07 -1.14591214e-06  1.66985651e-06
  0.00000000e+00  0.00000000e+00  0.00000000e+00  3.75699492e-08
  0.00000000e+00  0.00000000e+00  0.00000000e+00  0.00000000e+00
  0.00000000e+00  0.00000000e+00  0.00000000e+00  0.00000000e+00
  0.00000000e+00  0.00000000e+00  0.00000000e+00  0.00000000e+00
  0.00000000e+00  0.00000000e+00  0.00000000e+00  0.00000000e+00
  0.00000000e+00  0.00000000e+00 -1.54123373e-07  3.75699492e-08
  0.00000000e+00  0.00000000e+00  0.00000000e+00  3.49947543e-06]","[[ 3.49013203e-05  7.57516578e-04]
 [-4.51637782e-05 -3.17489260e-04]]",[],0.0,0.0
1787563973.0564225,2.243596971339198,1.322130415310211,2.366305704982561,"[ 1.97028267e-06 -1.14591214e-06  0.00000000e+00  0.00000000e+00
  0.00000000e+00 -1.54123373e-07 -1.14591214e-06  1.66985651e-06
  0.00000000e+00  0.00000000e+00  0.00000000e+00  3.75699492e-08
  0.00000000e+00  0.00000000e+00  0.00000000e+00  0.00000000e+00
  0.00000000e+00  0.00000000e+00  0.00000000e+00  0.00000000e+00
  0.00000000e+00  0.00000000e+00  0.00000000e+00  0.00000000e+00
  0.00000000e+00  0.00000000e+00  0.00000000e+00  0.00000000e+00
  0.00000000e+00  0.00000000e+00 -1.54123373e-07  3.75699492e-08
  0.00000000e+00  0.00000000e+00  0.00000000e+00  3.49947543e-06]","[[ 3.49013203e-05  7.57516578e-04]
 [-4.51637782e-05 -3.17489260e-04]]",[],0.0,0.0
1787563973.1058717,2.243596971339198,1.322130415310211,2.366305704982561,"[ 1.97028267e-06 -1.14591214e-06  0.00000000e+00  0.00000000e+00
  0.00000000e+00 -1.54123373e-07 -1.14591214e-06  1.66985651e-06
  0.00000000e+00  0.00000000e+00  0.00000000e+00  3.75699492e-08
  0.00000000e+00  0.00000000e+00  0.00000000e+00  0.00000000e+00
  0.00000000e+00  0.00000000e+00  0.00000000e+00  0.00000000e+00
  0.00000000e+00  0.00000000e+00  0.00000000e+00  0.00000000e+00
  0.00000000e+00  0.00000000e+00  0.00000000e+00  0.00000000e+00
  0.00000000e+00  0.00000000e+00 -1.54123373e-07  3.75699492e-08
  0.00000000e+00  0.00000000e+00  0.00000000e+00  3.49947543e-06]","[[ 3.49013203e-05  7.57516578e-04]
 [-4.51637782e-05 -3.17489260e-04]]",[],0.0,0.0
1787563973.1559472,2.243596971339198,1.322130415310211,2.366305704982561,"[ 1.97028267e-06 -1.14591214e-06  0.00000000e+00  0.00000000e+00
  0.00000000e+00 -1.54123373e-07 -1.14591214e-06  1.66985651e-06
  0.00000000e+00  0.00000000e+00  0.00000000e+00  3.75699492e-08
  0.00000000e+00  0.00000000e+00  0.00000000e+00  0.00000000e+00
  0.00000000e+00  0.00000000e+00  0.00000000e+00  0.00000000e+00
  0.00000000e+00  0.00000000e+00  0.00000000e+00  0.00000000e+00
  0.00000000e+00  0.00000000e+00  0.00000000e+00  0.00000000e+00
  0.00000000e+00  0.00000000e+00 -1.54123373e-07  3.75699492e-08
  0.00000000e+00  0.00000000e+00  0.00000000e+00  3.49947543e-06]","[[ 3.49013203e-05  7.57516578e-04]
 [-4.51637782e-05 -3.17489260e-04]]",[],0.0,0.0
1787563973.2057607,2.243596971339198,1.322130415310211,2.366305704982561,"[ 1.97028267e-06 -1.14591214e-06  0.00000000e+00  0.00000000e+00
  0.00000000e+00 -1.54123373e-07 -1.14591214e-06  1.66985651e-06
  0.00000000e+00  0.00000000e+00  0.00000000e+00  3.75699492e-08
  0.00000000e+00  0.00000000e+00  0.00000000e+00  0.00000000e+00
  0.00000000e+00  0.00000000e+00  0.00000000e+00  0.00000000e+00
  0.00000000e+00  0.00000000e+00  0.00000000e+00  0.00000000e+00
  0.00000000e+00  0.00000000e+00  0.00000000e+00  0.00000000e+00
  0.00000000e+00  0.00000000e+00 -1.54123373e-07  3.75699492e-08
  0.00000000e+00  0.00000000e+00  0.00000000e+00  3.49947543e-06]","[[ 3.49013203e-05  7.57516578e-04]
 [-4.51637782e-05 -3.17489260e-04]]",[],0.0,0.0
1787563973.2574086,2.243596971339198,1.322130415310211,2.366305704982561,"[ 1.97028267e-06 -1.14591214e-06  0.00000000e+00  0.00000000e+00
  0.00000000e+00 -1.54123373e-07 -1.14591214e-06  1.66985651e-06
  0.00000000e+00  0.00000000e+00  0.00000000e+00  3.75699492e-08
  0.00000000e+00  0.00000000e+00  0.00000000e+00  0.00000000e+00
  0.00000000e+00  0.00000000e+00  0.00000000e+00  0.00000000e+00
  0.00000000e+00  0.00000000e+00  0.00000000e+00  0.00000000e+00
  0.00000000e+00  0.00000000e+00  0.00000000e+00  0.00000000e+00
  0.00000000e+00  0.00000000e+00 -1.54123373e-07  3.75699492e-08
  0.00000000e+00  0.00000000e+00  0.00000000e+00  3.49947543e-06]","[[ 3.49013203e-05  7.57516578e-04]
 [-4.51637782e-05 -3.17489260e-04]]",[],0.0,0.0
1787563973.3075771,2.243596971339198,1.322130415310211,2.366305704982561,"[ 1.97028267e-06 -1.14591214e-06  0.00000000e+00  0.00000000e+00
  0.00000000e+00 -1.54123373e-07 -1.14591214e-06  1.66985651e-06
  0.00000000e+00  0.00000000e+00  0.00000000e+00  3.75699492e-08
  0.00000000e+00  0.00000000e+00  0.00000000e+00  0.00000000e+00
  0.00000000e+00  0.00000000e+00  0.00000000e+00  0.00000000e+00
  0.00000000e+00  0.00000000e+00  0.00000000e+00  0.00000000e+00
  0.00000000e+00  0.00000000e+00  0.00000000e+00  0.00000000e+00
  0.00000000e+00  0.00000000e+00 -1.54123373e-07  3.75699492e-08
  0.00000000e+00  0.00000000e+00  0.00000000e+00  3.49947543e-06]","[[ 3.49013203e-05  7.57516578e-04]
 [-4.51637782e-05 -3.17489260e-04]]",[],0.0,0.0
1787563973.3710349,2.244638599103847,1.3210798268939146,2.362882809432067,"[ 1.96801655e-06 -1.15450828e-06  0.00000000e+00  0.00000000e+00
  0.00000000e+00 -1.65121974e-07 -1.15450828e-06  1.67480534e-06
  0.00000000e+00  0.00000000e+00  0.00000000e+00  5.61463008e-08
  0.00000000e+00  0.00000000e+00  0.00000000e+00  0.00000000e+00
  0.00000000e+00  0.00000000e+00  0.00000000e+00  0.00000000e+00
  0.00000000e+00  0.00000000e+00  0.00000000e+00  0.00000000e+00
  0.00000000e+00  0.00000000e+00  0.00000000e+00  0.00000000e+00
  0.00000000e+00  0.00000000e+00 -1.65121974e-07  5.61463008e-08
  0.00000000e+00  0.00000000e+00  0.00000000e+00  3.44981709e-06]","[[ 3.51289442e-05  7.74285776e-04]
 [-4.53261276e-05 -3.50013465e-04]]",[],0.0,0.0
1787563973.4142241,2.244638599103847,1.3210798268939146,2.362882809432067,"[ 1.96801655e-06 -1.15450828e-06  0.00000000e+00  0.00000000e+00
  0.00000000e+00 -1.65121974e-07 -1.15450828e-06  1.67480534e-06
  0.00000000e+00  0.00000000e+00  0.00000000e+00  5.61463008e-08
  0.00000000e+00  0.00000000e+00  0.00000000e+00  0.00000000e+00
  0.00000000e+00  0.00000000e+00  0.00000000e+00  0.00000000e+00
  0.00000000e+00  0.00000000e+00  0.00000000e+00  0.00000000e+00
  0.00000000e+00  0.00000000e+00  0.00000000e+00  0.00000000e+00
  0.00000000e+00  0.00000000e+00 -1.65121974e-07  5.61463008e-08
  0.00000000e+00  0.00000000e+00  0.00000000e+00  3.44981709e-06]","[[ 3.51289442e-05  7.74285776e-04]
 [-4.53261276e-05 -3.50013465e-04]]",[],0.0,0.0
1787563973.4578571,2.244638599103847,1.3210798268939146,2.362882809432067,"[ 1.96801655e-06 -1.15450828e-06  0.00000000e+00  0.00000000e+00
  0.00000000e+00 -1.65121974e-07 -1.15450828e-06  1.67480534e-06
  0.00000000e+00  0.00000000e+00  0.00000000e+00  5.61463008e-08
  0.00000000e+00  0.00000000e+00  0.00000000e+00  0.00000000e+00
  0.00000000e+00  0.00000000e+00  0.00000000e+00  0.00000000e+00
  0.00000000e+00  0.00000000e+00  0.00000000e+00  0.00000000e+00
  0.00000000e+00  0.00000000e+00  0.00000000e+00  0.00000000e+00
  0.00000000e+00  0.00000000e+00 -1.65121974e-07  5.61463008e-08
  0.00000000e+00  0.00000000e+00  0.00000000e+00  3.44981709e-06]","[[ 3.51289442e-05  7.74285776e-04]
 [-4.53261276e-05 -3.50013465e-04]]",[],0.0,0.0
1787563973.5057702,2.244638599103847,1.3210798268939146,2.362882809432067,"[ 1.96801655e-06 -1.15450828e-06  0.00000000e+00  0.00000000e+00
  0.00000000e+00 -1.65121974e-07 -1.15450828e-06  1.67480534e-06
  0.00000000e+00  0.00000000e+00  0.00000000e+00  5.61463008e-08
  0.00000000e+00  0.00000000e+00  0.00000000e+00  0.00000000e+00
  0.00000000e+00  0.00000000e+00  0.00000000e+00  0.00000000e+00
  0.00000000e+00  0.00000000e+00  0.00000000e+00  0.00000000e+00
  0.00000000e+00  0.00000000e+00  0.00000000e+00  0.00000000e+00
  0.00000000e+00  0.00000000e+00 -1.65121974e-07  5.61463008e-08
  0.00000000e+00  0.00000000e+00  0.00000000e+00  3.44981709e-06]","[[ 3.51289442e-05  7.74285776e-04]
 [-4.53261276e-05 -3.50013465e-04]]",[],0.0,0.0
1787563973.5583987,2.244638599103847,1.3210798268939146,2.362882809432067,"[ 1.96801655e-06 -1.15450828e-06  0.00000000e+00  0.00000000e+00
  0.00000000e+00 -1.65121974e-07 -1.15450828e-06  1.67480534e-06
  0.00000000e+00  0.00000000e+00  0.00000000e+00  5.61463008e-08
  0.00000000e+00  0.00000000e+00  0.00000000e+00  0.00000000e+00
  0.00000000e+00  0.00000000e+00  0.00000000e+00  0.00000000e+00
  0.00000000e+00  0.00000000e+00  0.00000000e+00  0.00000000e+00
  0.00000000e+00  0.00000000e+00  0.00000000e+00  0.00000000e+00
  0.00000000e+00  0.00000000e+00 -1.65121974e-07  5.61463008e-08
  0.00000000e+00  0.00000000e+00  0.00000000e+00  3.44981709e-06]","[[ 3.51289442e-05  7.74285776e-04]
 [-4.53261276e-05 -3.50013465e-04]]",[],0.0,0.0
1787563973.6061282,2.244638599103847,1.3210798268939146,2.362882809432067,"[ 1.96801655e-06 -1.15450828e-06  0.00000000e+00  0.00000000e+00
  0.00000000e+00 -1.65121974e-07 -1.15450828e-06  1.67480534e-06
  0.00000000e+00  0.00000000e+00  0.00000000e+00  5.61463008e-08
  0.00000000e+00  0.00000000e+00  0.00000000e+00  0.00000000e+00
  0.00000000e+00  0.00000000e+00  0.00000000e+00  0.00000000e+00
  0.00000000e+00  0.00000000e+00  0.00000000e+00  0.00000000e+00
  0.00000000e+00  0.00000000e+00  0.00000000e+00  0.00000000e+00
  0.00000000e+00  0.00000000e+00 -1.65121974e-07  5.61463008e-08
  0.00000000e+00  0.00000000e+00  0.00000000e+00  3.44981709e-06]","[[ 3.51289442e-05  7.74285776e-04]
 [-4.53261276e-05 -3.50013465e-04]]",[],0.0,0.0
1787563973.6581469,2.244638599103847,1.3210798268939146,2.362882809432067,"[ 1.96801655e-06 -1.15450828e-06  0.00000000e+00  0.00000000e+00
  0.00000000e+00 -1.65121974e-07 -1.15450828e-06  1.67480534e-06
  0.00000000e+00  0.00000000e+00  0.00000000e+00  5.61463008e-08
  0.00000000e+00  0.00000000e+00  0.00000000e+00  0.00000000e+00
  0.00000000e+00  0.00000000e+00  0.00000000e+00  0.00000000e+00
  0.00000000e+00  0.00000000e+00  0.00000000e+00  0.00000000e+00
  0.00000000e+00  0.00000000e+00  0.00000000e+00  0.00000000e+00
  0.00000000e+00  0.00000000e+00 -1.65121974e-07  5.61463008e-08
  0.00000000e+00  0.00000000e+00  0.00000000e+00  3.44981709e-06]","[[ 3.51289442e-05  7.74285776e-04]
 [-4.53261276e-05 -3.50013465e-04]]",[],0.0,0.0
1787563973.706951,2.244638599103847,1.3210798268939146,2.362882809432067,"[ 1.96801655e-06 -1.15450828e-06  0.00000000e+00  0.00000000e+00
  0.00000000e+00 -1.65121974e-07 -1.15450828e-06  1.67480534e-06
  0.00000000e+00  0.00000000e+00  0.00000000e+00  5.61463008e-08
  0.00000000e+00  0.00000000e+00  0.00000000e+00  0.00000000e+00
  0.00000000e+00  0.00000000e+00  0.00000000e+00  0.00000000e+00
  0.00000000e+00  0.00000000e+00  0.00000000e+00  0.00000000e+00
  0.00000000e+00  0.00000000e+00  0.00000000e+00  0.00000000e+00
  0.00000000e+00  0.00000000e+00 -1.65121974e-07  5.61463008e-08
  0.00000000e+00  0.00000000e+00  0.00000000e+00  3.44981709e-06]","[[ 3.51289442e-05  7.74285776e-04]
 [-4.53261276e-05 -3.50013465e-04]]",[],0.0,0.0
1787563973.7597494,2.244638599103847,1.3210798268939146,2.362882809432067,"[ 1.96801655e-06 -1.15450828e-06  0.00000000e+00  0.00000000e+00
  0.00000000e+00 -1.65121974e-07 -1.15450828e-06  1.67480534e-06
  0.00000000e+00  0.00000000e+00  0.00000000e+00  5.61463008e-08
  0.00000000e+00  0.00000000e+00  0.00000000e+00  0.00000000e+00
  0.00000000e+00  0.00000000e+00  0.00000000e+00  0.00000000e+00
  0.00000000e+00  0.00000000e+00  0.00000000e+00  0.00000000e+00
  0.00000000e+00  0.00000000e+00  0.00000000e+00  0.00000000e+00
  0.00000000e+00  0.00000000e+00 -1.65121974e-07  5.61463008e-08
  0.00000000e+00  0.00000000e+00  0.00000000e+00  3.44981709e-06]","[[ 3.51289442e-05  7.74285776e-04]
 [-4.53261276e-05 -3.50013465e-04]]",[],0.0,0.0
1787563973.8068821,2.244638599103847,1.3210798268939146,2.362882809432067,"[ 1.96801655e-06 -1.15450828e-06  0.00000000e+00  0.00000000e+00
  0.00000000e+00 -1.65121974e-07 -1.15450828e-06  1.67480534e-06
  0.00000000e+00  0.00000000e+00  0.00000000e+00  5.61463008e-08
  0.00000000e+00  0.00000000e+00  0.00000000e+00  0.00000000e+00
  0.00000000e+00  0.00000000e+00  0.00000000e+00  0.00000000e+00
  0.00000000e+00  0.00000000e+00  0.00000000e+00  0.00000000e+00
  0.00000000e+00  0.00000000e+00  0.00000000e+00  0.00000000e+00
  0.00000000e+00  0.00000000e+00 -1.65121974e-07  5.61463008e-08
  0.00000000e+00  0.00000000e+00  0.00000000e+00  3.44981709e-06]","[[ 3.51289442e-05  7.74285776e-04]
 [-4.53261276e-05 -3.50013465e-04]]",[],0.0,0.0
1787563973.8572738,2.244638599103847,1.3210798268939146,2.362882809432067,"[ 1.96801655e-06 -1.15450828e-06  0.00000000e+00  0.00000000e+00
  0.00000000e+00 -1.65121974e-07 -1.15450828e-06  1.67480534e-06
  0.00000000e+00  0.00000000e+00  0.00000000e+00  5.61463008e-08
  0.00000000e+00  0.00000000e+00  0.00000000e+00  0.00000000e+00
  0.00000000e+00  0.00000000e+00  0.00000000e+00  0.00000000e+00
  0.00000000e+00  0.00000000e+00  0.00000000e+00  0.00000000e+00
  0.00000000e+00  0.00000000e+00  0.00000000e+00  0.00000000e+00
  0.00000000e+00  0.00000000e+00 -1.65121974e-07  5.61463008e-08
  0.00000000e+00  0.00000000e+00  0.00000000e+00  3.44981709e-06]","[[ 3.51289442e-05  7.74285776e-04]
 [-4.53261276e-05 -3.50013465e-04]]",[],0.0,0.0
1787563973.907367,2.244638599103847,1.3210798268939146,2.362882809432067,"[ 1.96801655e-06 -1.15450828e-06  0.00000000e+00  0.00000000e+00
  0.00000000e+00 -1.65121974e-07 -1.15450828e-06  1.67480534e-06
  0.00000000e+00  0.00000000e+00  0.00000000e+00  5.61463008e-08
  0.00000000e+00  0.00000000e+00  0.00000000e+00  0.00000000e+00
  0.00000000e+00  0.00000000e+00  0.00000000e+00  0.00000000e+00
  0.00000000e+00  0.00000000e+00  0.00000000e+00  0.00000000e+00
  0.00000000e+00  0.00000000e+00  0.00000000e+00  0.00000000e+00
  0.00000000e+00  0.00000000e+00 -1.65121974e-07  5.61463008e-08
  0.00000000e+00  0.00000000e+00  0.00000000e+00  3.44981709e-06]","[[ 3.51289442e-05  7.74285776e-04]
 [-4.53261276e-05 -3.50013465e-04]]",[],0.0,0.0
1787563973.9597244,2.244638599103847,1.3210798268939146,2.362882809432067,"[ 1.96801655e-06 -1.15450828e-06  0.00000000e+00  0.00000000e+00
  0.00000000e+00 -1.65121974e-07 -1.15450828e-06  1.67480534e-06
  0.00000000e+00  0.00000000e+00  0.00000000e+00  5.61463008e-08
  0.00000000e+00  0.00000000e+00  0.00000000e+00  0.00000000e+00
  0.00000000e+00  0.00000000e+00  0.00000000e+00  0.00000000e+00
  0.00000000e+00  0.00000000e+00  0.00000000e+00  0.00000000e+00
  0.00000000e+00  0.00000000e+00  0.00000000e+00  0.00000000e+00
  0.00000000e+00  0.00000000e+00 -1.65121974e-07  5.61463008e-08
  0.00000000e+00  0.00000000e+00  0.00000000e+00  3.44981709e-06]","[[ 3.51289442e-05  7.74285776e-04]
 [-4.53261276e-05 -3.50013465e-04]]",[],0.0,0.0
1787563974.0090535,2.244638599103847,1.3210798268939146,2.362882809432067,"[ 1.96801655e-06 -1.15450828e-06  0.00000000e+00  0.00000000e+00
  0.00000000e+00 -1.65121974e-07 -1.15450828e-06  1.67480534e-06
  0.00000000e+00  0.00000000e+00  0.00000000e+00  5.61463008e-08
  0.00000000e+00  0.00000000e+00  0.00000000e+00  0.00000000e+00
  0.00000000e+00  0.00000000e+00  0.00000000e+00  0.00000000e+00
  0.00000000e+00  0.00000000e+00  0.00000000e+00  0.00000000e+00
  0.00000000e+00  0.00000000e+00  0.00000000e+00  0.00000000e+00
  0.00000000e+00  0.00000000e+00 -1.65121974e-07  5.61463008e-08
  0.00000000e+00  0.00000000e+00  0.00000000e+00  3.44981709e-06]","[[ 3.51289442e-05  7.74285776e-04]
 [-4.53261276e-05 -3.50013465e-04]]",[],0.0,0.0
1787563974.0595455,2.244638599103847,1.3210798268939146,2.362882809432067,"[ 1.96801655e-06 -1.15450828e-06  0.00000000e+00  0.00000000e+00
  0.00000000e+00 -1.65121974e-07 -1.15450828e-06  1.67480534e-06
  0.00000000e+00  0.00000000e+00  0.00000000e+00  5.61463008e-08
  0.00000000e+00  0.00000000e+00  0.00000000e+00  0.00000000e+00
  0.00000000e+00  0.00000000e+00  0.00000000e+00  0.00000000e+00
  0.00000000e+00  0.00000000e+00  0.00000000e+00  0.00000000e+00
  0.00000000e+00  0.00000000e+00  0.00000000e+00  0.00000000e+00
  0.00000000e+00  0.00000000e+00 -1.65121974e-07  5.61463008e-08
  0.00000000e+00  0.00000000e+00  0.00000000e+00  3.44981709e-06]","[[ 3.51289442e-05  7.74285776e-04]
 [-4.53261276e-05 -3.50013465e-04]]",[],0.0,0.0
1787563974.1061084,2.244638599103847,1.3210798268939146,2.362882809432067,"[ 1.96801655e-06 -1.15450828e-06  0.00000000e+00  0.00000000e+00
  0.00000000e+00 -1.65121974e-07 -1.15450828e-06  1.67480534e-06
  0.00000000e+00  0.00000000e+00  0.00000000e+00  5.61463008e-08
  0.00000000e+00  0.00000000e+00  0.00000000e+00  0.00000000e+00
  0.00000000e+00  0.00000000e+00  0.00000000e+00  0.00000000e+00
  0.00000000e+00  0.00000000e+00  0.00000000e+00  0.00000000e+00
  0.00000000e+00  0.00000000e+00  0.00000000e+00  0.00000000e+00
  0.00000000e+00  0.00000000e+00 -1.65121974e-07  5.61463008e-08
  0.00000000e+00  0.00000000e+00  0.00000000e+00  3.44981709e-06]","[[ 3.51289442e-05  7.74285776e-04]
 [-4.53261276e-05 -3.50013465e-04]]",[],0.0,0.0
1787563974.1561353,2.2464304527763606,1.319104512952161,2.3804506853891674,"[ 1.98184625e-06 -1.17954952e-06  0.00000000e+00  0.00000000e+00
  0.00000000e+00 -1.75313498e-07 -1.17954952e-06  1.69562892e-06
  0.00000000e+00  0.00000000e+00  0.00000000e+00  7.42695600e-08
  0.00000000e+00  0.00000000e+00  0.00000000e+00  0.00000000e+00
  0.00000000e+00  0.00000000e+00  0.00000000e+00  0.00000000e+00
  0.00000000e+00  0.00000000e+00  0.00000000e+00  0.00000000e+00
  0.00000000e+00  0.00000000e+00  0.00000000e+00  0.00000000e+00
  0.00000000e+00  0.00000000e+00 -1.75313498e-07  7.42695600e-08
  0.00000000e+00  0.00000000e+00  0.00000000e+00  3.45173385e-06]","[[ 3.58020796e-05  7.93878509e-04]
 [-4.59286501e-05 -3.86010048e-04]]",[],0.0,0.0
1787563974.2096379,2.2464304527763606,1.319104512952161,2.3804506853891674,"[ 1.98184625e-06 -1.17954952e-06  0.00000000e+00  0.00000000e+00
  0.00000000e+00 -1.75313498e-07 -1.17954952e-06  1.69562892e-06
  0.00000000e+00  0.00000000e+00  0.00000000e+00  7.42695600e-08
  0.00000000e+00  0.00000000e+00  0.00000000e+00  0.00000000e+00
  0.00000000e+00  0.00000000e+00  0.00000000e+00  0.00000000e+00
  0.00000000e+00  0.00000000e+00  0.00000000e+00  0.00000000e+00
  0.00000000e+00  0.00000000e+00  0.00000000e+00  0.00000000e+00
  0.00000000e+00  0.00000000e+00 -1.75313498e-07  7.42695600e-08
  0.00000000e+00  0.00000000e+00  0.00000000e+00  3.45173385e-06]","[[ 3.58020796e-05  7.93878509e-04]
 [-4.59286501e-05 -3.86010048e-04]]",[],0.0,0.0
1787563974.264859,2.2464304527763606,1.319104512952161,2.3804506853891674,"[ 1.98184625e-06 -1.17954952e-06  0.00000000e+00  0.00000000e+00
  0.00000000e+00 -1.75313498e-07 -1.17954952e-06  1.69562892e-06
  0.00000000e+00  0.00000000e+00  0.00000000e+00  7.42695600e-08
  0.00000000e+00  0.00000000e+00  0.00000000e+00  0.00000000e+00
  0.00000000e+00  0.00000000e+00  0.00000000e+00  0.00000000e+00
  0.00000000e+00  0.00000000e+00  0.00000000e+00  0.00000000e+00
  0.00000000e+00  0.00000000e+00  0.00000000e+00  0.00000000e+00
  0.00000000e+00  0.00000000e+00 -1.75313498e-07  7.42695600e-08
  0.00000000e+00  0.00000000e+00  0.00000000e+00  3.45173385e-06]","[[ 3.58020796e-05  7.93878509e-04]
 [-4.59286501e-05 -3.86010048e-04]]",[],0.0,0.0
1787563974.3071725,2.2464304527763606,1.319104512952161,2.3804506853891674,"[ 1.98184625e-06 -1.17954952e-06  0.00000000e+00  0.00000000e+00
  0.00000000e+00 -1.75313498e-07 -1.17954952e-06  1.69562892e-06
  0.00000000e+00  0.00000000e+00  0.00000000e+00  7.42695600e-08
  0.00000000e+00  0.00000000e+00  0.00000000e+00  0.00000000e+00
  0.00000000e+00  0.00000000e+00  0.00000000e+00  0.00000000e+00
  0.00000000e+00  0.00000000e+00  0.00000000e+00  0.00000000e+00
  0.00000000e+00  0.00000000e+00  0.00000000e+00  0.00000000e+00
  0.00000000e+00  0.00000000e+00 -1.75313498e-07  7.42695600e-08
  0.00000000e+00  0.00000000e+00  0.00000000e+00  3.45173385e-06]","[[ 3.58020796e-05  7.93878509e-04]
 [-4.59286501e-05 -3.86010048e-04]]",[],0.0,0.0
1787563974.356769,2.2464304527763606,1.319104512952161,2.3804506853891674,"[ 1.98184625e-06 -1.17954952e-06  0.00000000e+00  0.00000000e+00
  0.00000000e+00 -1.75313498e-07 -1.17954952e-06  1.69562892e-06
  0.00000000e+00  0.00000000e+00  0.00000000e+00  7.42695600e-08
  0.00000000e+00  0.00000000e+00  0.00000000e+00  0.00000000e+00
  0.00000000e+00  0.00000000e+00  0.00000000e+00  0.00000000e+00
  0.00000000e+00  0.00000000e+00  0.00000000e+00  0.00000000e+00
  0.00000000e+00  0.00000000e+00  0.00000000e+00  0.00000000e+00
  0.00000000e+00  0.00000000e+00 -1.75313498e-07  7.42695600e-08
  0.00000000e+00  0.00000000e+00  0.00000000e+00  3.45173385e-06]","[[ 3.58020796e-05  7.93878509e-04]
 [-4.59286501e-05 -3.86010048e-04]]",[],0.0,0.0
1787563974.429278,2.2464304527763606,1.319104512952161,2.3804506853891674,"[ 1.98184625e-06 -1.17954952e-06  0.00000000e+00  0.00000000e+00
  0.00000000e+00 -1.75313498e-07 -1.17954952e-06  1.69562892e-06
  0.00000000e+00  0.00000000e+00  0.00000000e+00  7.42695600e-08
  0.00000000e+00  0.00000000e+00  0.00000000e+00  0.00000000e+00
  0.00000000e+00  0.00000000e+00  0.00000000e+00  0.00000000e+00
  0.00000000e+00  0.00000000e+00  0.00000000e+00  0.00000000e+00
  0.00000000e+00  0.00000000e+00  0.00000000e+00  0.00000000e+00
  0.00000000e+00  0.00000000e+00 -1.75313498e-07  7.42695600e-08
  0.00000000e+00  0.00000000e+00  0.00000000e+00  3.45173385e-06]","[[ 3.58020796e-05  7.93878509e-04]
 [-4.59286501e-05 -3.86010048e-04]]",[],0.0,0.0
1787563974.4561656,2.2464304527763606,1.319104512952161,2.3804506853891674,"[ 1.98184625e-06 -1.17954952e-06  0.00000000e+00  0.00000000e+00
  0.00000000e+00 -1.75313498e-07 -1.17954952e-06  1.69562892e-06
  0.00000000e+00  0.00000000e+00  0.00000000e+00  7.42695600e-08
  0.00000000e+00  0.00000000e+00  0.00000000e+00  0.00000000e+00
  0.00000000e+00  0.00000000e+00  0.00000000e+00  0.00000000e+00
  0.00000000e+00  0.00000000e+00  0.00000000e+00  0.00000000e+00
  0.00000000e+00  0.00000000e+00  0.00000000e+00  0.00000000e+00
  0.00000000e+00  0.00000000e+00 -1.75313498e-07  7.42695600e-08
  0.00000000e+00  0.00000000e+00  0.00000000e+00  3.45173385e-06]","[[ 3.58020796e-05  7.93878509e-04]
 [-4.59286501e-05 -3.86010048e-04]]",[],0.0,0.0
1787563974.511795,2.2464304527763606,1.319104512952161,2.3804506853891674,"[ 1.98184625e-06 -1.17954952e-06  0.00000000e+00  0.00000000e+00
  0.00000000e+00 -1.75313498e-07 -1.17954952e-06  1.69562892e-06
  0.00000000e+00  0.00000000e+00  0.00000000e+00  7.42695600e-08
  0.00000000e+00  0.00000000e+00  0.00000000e+00  0.00000000e+00
  0.00000000e+00  0.00000000e+00  0.00000000e+00  0.00000000e+00
  0.00000000e+00  0.00000000e+00  0.00000000e+00  0.00000000e+00
  0.00000000e+00  0.00000000e+00  0.00000000e+00  0.00000000e+00
  0.00000000e+00  0.00000000e+00 -1.75313498e-07  7.42695600e-08
  0.00000000e+00  0.00000000e+00  0.00000000e+00  3.45173385e-06]","[[ 3.58020796e-05  7.93878509e-04]
 [-4.59286501e-05 -3.86010048e-04]]",[],0.0,0.0
1787563974.5579886,2.2464304527763606,1.319104512952161,2.3804506853891674,"[ 1.98184625e-06 -1.17954952e-06  0.00000000e+00  0.00000000e+00
  0.00000000e+00 -1.75313498e-07 -1.17954952e-06  1.69562892e-06
  0.00000000e+00  0.00000000e+00  0.00000000e+00  7.42695600e-08
  0.00000000e+00  0.00000000e+00  0.00000000e+00  0.00000000e+00
  0.00000000e+00  0.00000000e+00  0.00000000e+00  0.00000000e+00
  0.00000000e+00  0.00000000e+00  0.00000000e+00  0.00000000e+00
  0.00000000e+00  0.00000000e+00  0.00000000e+00  0.00000000e+00
  0.00000000e+00  0.00000000e+00 -1.75313498e-07  7.42695600e-08
  0.00000000e+00  0.00000000e+00  0.00000000e+00  3.45173385e-06]","[[ 3.58020796e-05  7.93878509e-04]
 [-4.59286501e-05 -3.86010048e-04]]",[],0.0,0.0
1787563974.60646,2.2464304527763606,1.319104512952161,2.3804506853891674,"[ 1.98184625e-06 -1.17954952e-06  0.00000000e+00  0.00000000e+00
  0.00000000e+00 -1.75313498e-07 -1.17954952e-06  1.69562892e-06
  0.00000000e+00  0.00000000e+00  0.00000000e+00  7.42695600e-08
  0.00000000e+00  0.00000000e+00  0.00000000e+00  0.00000000e+00
  0.00000000e+00  0.00000000e+00  0.00000000e+00  0.00000000e+00
  0.00000000e+00  0.00000000e+00  0.00000000e+00  0.00000000e+00
  0.00000000e+00  0.00000000e+00  0.00000000e+00  0.00000000e+00
  0.00000000e+00  0.00000000e+00 -1.75313498e-07  7.42695600e-08
  0.00000000e+00  0.00000000e+00  0.00000000e+00  3.45173385e-06]","[[ 3.58020796e-05  7.93878509e-04]
 [-4.59286501e-05 -3.86010048e-04]]",[],0.0,0.0
1787563974.6583295,2.2464304527763606,1.319104512952161,2.3804506853891674,"[ 1.98184625e-06 -1.17954952e-06  0.00000000e+00  0.00000000e+00
  0.00000000e+00 -1.75313498e-07 -1.17954952e-06  1.69562892e-06
  0.00000000e+00  0.00000000e+00  0.00000000e+00  7.42695600e-08
  0.00000000e+00  0.00000000e+00  0.00000000e+00  0.00000000e+00
  0.00000000e+00  0.00000000e+00  0.00000000e+00  0.00000000e+00
  0.00000000e+00  0.00000000e+00  0.00000000e+00  0.00000000e+00
  0.00000000e+00  0.00000000e+00  0.00000000e+00  0.00000000e+00
  0.00000000e+00  0.00000000e+00 -1.75313498e-07  7.42695600e-08
  0.00000000e+00  0.00000000e+00  0.00000000e+00  3.45173385e-06]","[[ 3.58020796e-05  7.93878509e-04]
 [-4.59286501e-05 -3.86010048e-04]]",[],0.0,0.0
1787563974.7236853,2.2464304527763606,1.319104512952161,2.3804506853891674,"[ 1.98184625e-06 -1.17954952e-06  0.00000000e+00  0.00000000e+00
  0.00000000e+00 -1.75313498e-07 -1.17954952e-06  1.69562892e-06
  0.00000000e+00  0.00000000e+00  0.00000000e+00  7.42695600e-08
  0.00000000e+00  0.00000000e+00  0.00000000e+00  0.00000000e+00
  0.00000000e+00  0.00000000e+00  0.00000000e+00  0.00000000e+00
  0.00000000e+00  0.00000000e+00  0.00000000e+00  0.00000000e+00
  0.00000000e+00  0.00000000e+00  0.00000000e+00  0.00000000e+00
  0.00000000e+00  0.00000000e+00 -1.75313498e-07  7.42695600e-08
  0.00000000e+00  0.00000000e+00  0.00000000e+00  3.45173385e-06]","[[ 3.58020796e-05  7.93878509e-04]
 [-4.59286501e-05 -3.86010048e-04]]",[],0.0,0.0
1787563974.7682772,2.2464304527763606,1.319104512952161,2.3804506853891674,"[ 1.98184625e-06 -1.17954952e-06  0.00000000e+00  0.00000000e+00
  0.00000000e+00 -1.75313498e-07 -1.17954952e-06  1.69562892e-06
  0.00000000e+00  0.00000000e+00  0.00000000e+00  7.42695600e-08
  0.00000000e+00  0.00000000e+00  0.00000000e+00  0.00000000e+00
  0.00000000e+00  0.00000000e+00  0.00000000e+00  0.00000000e+00
  0.00000000e+00  0.00000000e+00  0.00000000e+00  0.00000000e+00
  0.00000000e+00  0.00000000e+00  0.00000000e+00  0.00000000e+00
  0.00000000e+00  0.00000000e+00 -1.75313498e-07  7.42695600e-08
  0.00000000e+00  0.00000000e+00  0.00000000e+00  3.45173385e-06]","[[ 3.58020796e-05  7.93878509e-04]
 [-4.59286501e-05 -3.86010048e-04]]",[],0.0,0.0
1787563974.8163953,2.2464304527763606,1.319104512952161,2.3804506853891674,"[ 1.98184625e-06 -1.17954952e-06  0.00000000e+00  0.00000000e+00
  0.00000000e+00 -1.75313498e-07 -1.17954952e-06  1.69562892e-06
  0.00000000e+00  0.00000000e+00  0.00000000e+00  7.42695600e-08
  0.00000000e+00  0.00000000e+00  0.00000000e+00  0.00000000e+00
  0.00000000e+00  0.00000000e+00  0.00000000e+00  0.00000000e+00
  0.00000000e+00  0.00000000e+00  0.00000000e+00  0.00000000e+00
  0.00000000e+00  0.00000000e+00  0.00000000e+00  0.00000000e+00
  0.00000000e+00  0.00000000e+00 -1.75313498e-07  7.42695600e-08
  0.00000000e+00  0.00000000e+00  0.00000000e+00  3.45173385e-06]","[[ 3.58020796e-05  7.93878509e-04]
 [-4.59286501e-05 -3.86010048e-04]]",[],0.0,0.0
1787563974.8571775,2.2464304527763606,1.319104512952161,2.3804506853891674,"[ 1.98184625e-06 -1.17954952e-06  0.00000000e+00  0.00000000e+00
  0.00000000e+00 -1.75313498e-07 -1.17954952e-06  1.69562892e-06
  0.00000000e+00  0.00000000e+00  0.00000000e+00  7.42695600e-08
  0.00000000e+00  0.00000000e+00  0.00000000e+00  0.00000000e+00
  0.00000000e+00  0.00000000e+00  0.00000000e+00  0.00000000e+00
  0.00000000e+00  0.00000000e+00  0.00000000e+00  0.00000000e+00
  0.00000000e+00  0.00000000e+00  0.00000000e+00  0.00000000e+00
  0.00000000e+00  0.00000000e+00 -1.75313498e-07  7.42695600e-08
  0.00000000e+00  0.00000000e+00  0.00000000e+00  3.45173385e-06]","[[ 3.58020796e-05  7.93878509e-04]
 [-4.59286501e-05 -3.86010048e-04]]",[],0.0,0.0
1787563974.9061244,2.2464304527763606,1.319104512952161,2.3804506853891674,"[ 1.98184625e-06 -1.17954952e-06  0.00000000e+00  0.00000000e+00
  0.00000000e+00 -1.75313498e-07 -1.17954952e-06  1.69562892e-06
  0.00000000e+00  0.00000000e+00  0.00000000e+00  7.42695600e-08
  0.00000000e+00  0.00000000e+00  0.00000000e+00  0.00000000e+00
  0.00000000e+00  0.00000000e+00  0.00000000e+00  0.00000000e+00
  0.00000000e+00  0.00000000e+00  0.00000000e+00  0.00000000e+00
  0.00000000e+00  0.00000000e+00  0.00000000e+00  0.00000000e+00
  0.00000000e+00  0.00000000e+00 -1.75313498e-07  7.42695600e-08
  0.00000000e+00  0.00000000e+00  0.00000000e+00  3.45173385e-06]","[[ 3.58020796e-05  7.93878509e-04]
 [-4.59286501e-05 -3.86010048e-04]]",[],0.0,0.0
1787563974.956853,2.2493288983532898,1.3162743966786934,2.3827112700122868,"[ 1.99932193e-06 -1.20404592e-06  0.00000000e+00  0.00000000e+00
  0.00000000e+00 -1.60788048e-07 -1.20404592e-06  1.71339045e-06
  0.00000000e+00  0.00000000e+00  0.00000000e+00  5.84115051e-08
  0.00000000e+00  0.00000000e+00  0.00000000e+00  0.00000000e+00
  0.00000000e+00  0.00000000e+00  0.00000000e+00  0.00000000e+00
  0.00000000e+00  0.00000000e+00  0.00000000e+00  0.00000000e+00
  0.00000000e+00  0.00000000e+00  0.00000000e+00  0.00000000e+00
  0.00000000e+00  0.00000000e+00 -1.60788048e-07  5.84115051e-08
  0.00000000e+00  0.00000000e+00  0.00000000e+00  3.70377339e-06]","[[ 3.64786592e-05  7.73484208e-04]
 [-4.64561785e-05 -3.65660264e-04]]",[],0.0,0.0
1787563975.0073237,2.2493288983532898,1.3162743966786934,2.3827112700122868,"[ 1.99932193e-06 -1.20404592e-06  0.00000000e+00  0.00000000e+00
  0.00000000e+00 -1.60788048e-07 -1.20404592e-06  1.71339045e-06
  0.00000000e+00  0.00000000e+00  0.00000000e+00  5.84115051e-08
  0.00000000e+00  0.00000000e+00  0.00000000e+00  0.00000000e+00
  0.00000000e+00  0.00000000e+00  0.00000000e+00  0.00000000e+00
  0.00000000e+00  0.00000000e+00  0.00000000e+00  0.00000000e+00
  0.00000000e+00  0.00000000e+00  0.00000000e+00  0.00000000e+00
  0.00000000e+00  0.00000000e+00 -1.60788048e-07  5.84115051e-08
  0.00000000e+00  0.00000000e+00  0.00000000e+00  3.70377339e-06]","[[ 3.64786592e-05  7.73484208e-04]
 [-4.64561785e-05 -3.65660264e-04]]",[],0.0,0.0
1787563975.0567157,2.2493288983532898,1.3162743966786934,2.3827112700122868,"[ 1.99932193e-06 -1.20404592e-06  0.00000000e+00  0.00000000e+00
  0.00000000e+00 -1.60788048e-07 -1.20404592e-06  1.71339045e-06
  0.00000000e+00  0.00000000e+00  0.00000000e+00  5.84115051e-08
  0.00000000e+00  0.00000000e+00  0.00000000e+00  0.00000000e+00
  0.00000000e+00  0.00000000e+00  0.00000000e+00  0.00000000e+00
  0.00000000e+00  0.00000000e+00  0.00000000e+00  0.00000000e+00
  0.00000000e+00  0.00000000e+00  0.00000000e+00  0.00000000e+00
  0.00000000e+00  0.00000000e+00 -1.60788048e-07  5.84115051e-08
  0.00000000e+00  0.00000000e+00  0.00000000e+00  3.70377339e-06]","[[ 3.64786592e-05  7.73484208e-04]
 [-4.64561785e-05 -3.65660264e-04]]",[],0.0,0.0
1787563975.1068883,2.2493288983532898,1.3162743966786934,2.3827112700122868,"[ 1.99932193e-06 -1.20404592e-06  0.00000000e+00  0.00000000e+00
  0.00000000e+00 -1.60788048e-07 -1.20404592e-06  1.71339045e-06
  0.00000000e+00  0.00000000e+00  0.00000000e+00  5.84115051e-08
  0.00000000e+00  0.00000000e+00  0.00000000e+00  0.00000000e+00
  0.00000000e+00  0.00000000e+00  0.00000000e+00  0.00000000e+00
  0.00000000e+00  0.00000000e+00  0.00000000e+00  0.00000000e+00
  0.00000000e+00  0.00000000e+00  0.00000000e+00  0.00000000e+00
  0.00000000e+00  0.00000000e+00 -1.60788048e-07  5.84115051e-08
  0.00000000e+00  0.00000000e+00  0.00000000e+00  3.70377339e-06]","[[ 3.64786592e-05  7.73484208e-04]
 [-4.64561785e-05 -3.65660264e-04]]",[],0.0,0.0
1787563975.15621,2.2493288983532898,1.3162743966786934,2.3827112700122868,"[ 1.99932193e-06 -1.20404592e-06  0.00000000e+00  0.00000000e+00
  0.00000000e+00 -1.60788048e-07 -1.20404592e-06  1.71339045e-06
  0.00000000e+00  0.00000000e+00  0.00000000e+00  5.84115051e-08
  0.00000000e+00  0.00000000e+00  0.00000000e+00  0.00000000e+00
  0.00000000e+00  0.00000000e+00  0.00000000e+00  0.00000000e+00
  0.00000000e+00  0.00000000e+00  0.00000000e+00  0.00000000e+00
  0.00000000e+00  0.00000000e+00  0.00000000e+00  0.00000000e+00
  0.00000000e+00  0.00000000e+00 -1.60788048e-07  5.84115051e-08
  0.00000000e+00  0.00000000e+00  0.00000000e+00  3.70377339e-06]","[[ 3.64786592e-05  7.73484208e-04]
 [-4.64561785e-05 -3.65660264e-04]]",[],0.0,0.0
1787563975.2062821,2.2493288983532898,1.3162743966786934,2.3827112700122868,"[ 1.99932193e-06 -1.20404592e-06  0.00000000e+00  0.00000000e+00
  0.00000000e+00 -1.60788048e-07 -1.20404592e-06  1.71339045e-06
  0.00000000e+00  0.00000000e+00  0.00000000e+00  5.84115051e-08
  0.00000000e+00  0.00000000e+00  0.00000000e+00  0.00000000e+00
  0.00000000e+00  0.00000000e+00  0.00000000e+00  0.00000000e+00
  0.00000000e+00  0.00000000e+00  0.00000000e+00  0.00000000e+00
  0.00000000e+00  0.00000000e+00  0.00000000e+00  0.00000000e+00
  0.00000000e+00  0.00000000e+00 -1.60788048e-07  5.84115051e-08
  0.00000000e+00  0.00000000e+00  0.00000000e+00  3.70377339e-06]","[[ 3.64786592e-05  7.73484208e-04]
 [-4.64561785e-05 -3.65660264e-04]]",[],0.0,0.0
