time,U_att_x,U_att_y,U_rep_x,U_rep_y,err_x,err_y,v,omega,x,y,yaw,wL,wR,odom_pose_cov,odom_twist_cov,imu_vx,imu_vy,imu_vz,imu_ax,imu_ay,imu_az,imu_cov_vel,imu_cov_acc
1786809851.8157184,-0.24991568459911997,-0.006492348677727343,0.0,0.0,-1.4571731198243714,-0.03785467083783383,0.125,0.01348290470908461,1.5009600677402293e-05,6.404376528093558e-10,6.741450183810047e-05,0.2703444728044677,0.33571613212126894,"[0. 0. 0. 0. 0. 0. 0. 0. 0. 0. 0. 0. 0. 0. 0. 0. 0. 0. 0. 0. 0. 0. 0. 0.
 0. 0. 0. 0. 0. 0. 0. 0. 0. 0. 0. 0.]","[0. 0. 0. 0. 0. 0. 0. 0. 0. 0. 0. 0. 0. 0. 0. 0. 0. 0. 0. 0. 0. 0. 0. 0.
 0. 0. 0. 0. 0. 0. 0. 0. 0. 0. 0. 0.]",-0.00010423762542789263,-0.00010435194907864191,0.01375643760009104,1.1196337257124707,0.010025957522582946,9.804908211306868,"[3.99999998e-08 0.00000000e+00 0.00000000e+00 0.00000000e+00
 3.99999998e-08 0.00000000e+00 0.00000000e+00 0.00000000e+00
 3.99999998e-08]","[0.000289 0.       0.       0.       0.000289 0.       0.       0.
 0.000289]"
1786809851.8653448,-0.24991564904972643,-0.006493716967496648,0.0,0.0,-1.4568631198337947,-0.03785459932804144,0.125,0.013384754348552864,0.00032500959125411155,7.215023004710007e-08,0.0003358947923462323,0.8766430191334047,0.9415387979135802,"[0. 0. 0. 0. 0. 0. 0. 0. 0. 0. 0. 0. 0. 0. 0. 0. 0. 0. 0. 0. 0. 0. 0. 0.
 0. 0. 0. 0. 0. 0. 0. 0. 0. 0. 0. 0.]","[0. 0. 0. 0. 0. 0. 0. 0. 0. 0. 0. 0. 0. 0. 0. 0. 0. 0. 0. 0. 0. 0. 0. 0.
 0. 0. 0. 0. 0. 0. 0. 0. 0. 0. 0. 0.]",0.00022043845336509567,0.00016754355310551845,0.013222917908237989,1.1291032033378405,0.015997028721750284,9.787554106952774,"[3.99999998e-08 0.00000000e+00 0.00000000e+00 0.00000000e+00
 3.99999998e-08 0.00000000e+00 0.00000000e+00 0.00000000e+00
 3.99999998e-08]","[0.000289 0.       0.       0.       0.000289 0.       0.       0.
 0.000289]"
1786809851.9154713,-0.24991556834073797,-0.006496822371430607,0.0,0.0,-1.4561531199187239,-0.037854257053798496,0.12499999999999999,0.013327970516005882,0.0010350095063249348,4.144244729910105e-07,0.0006029652577465406,1.4525382526668102,1.5171587158953275,"[0. 0. 0. 0. 0. 0. 0. 0. 0. 0. 0. 0. 0. 0. 0. 0. 0. 0. 0. 0. 0. 0. 0. 0.
 0. 0. 0. 0. 0. 0. 0. 0. 0. 0. 0. 0.]","[0. 0. 0. 0. 0. 0. 0. 0. 0. 0. 0. 0. 0. 0. 0. 0. 0. 0. 0. 0. 0. 0. 0. 0.
 0. 0. 0. 0. 0. 0. 0. 0. 0. 0. 0. 0.]",0.0003383438758840884,-0.0003110850120394299,0.012910096850013939,1.0870728046665168,0.024107764731111855,9.774763218792296,"[3.99999998e-08 0.00000000e+00 0.00000000e+00 0.00000000e+00
 3.99999998e-08 0.00000000e+00 0.00000000e+00 0.00000000e+00
 3.99999998e-08]","[0.000289 0.       0.       0.       0.000289 0.       0.       0.
 0.000289]"
1786809851.9659245,-0.24991556834073797,-0.006496822371430607,0.0,0.0,-1.4561531199187239,-0.037854257053798496,0.12499999999999999,0.01332193891130382,0.0010350095063249348,4.144244729910105e-07,0.0006029652577465406,1.6646594647880069,1.7292799280165552,"[0. 0. 0. 0. 0. 0. 0. 0. 0. 0. 0. 0. 0. 0. 0. 0. 0. 0. 0. 0. 0. 0. 0. 0.
 0. 0. 0. 0. 0. 0. 0. 0. 0. 0. 0. 0.]","[0. 0. 0. 0. 0. 0. 0. 0. 0. 0. 0. 0. 0. 0. 0. 0. 0. 0. 0. 0. 0. 0. 0. 0.
 0. 0. 0. 0. 0. 0. 0. 0. 0. 0. 0. 0.]",0.0003263711837957437,-0.0002830835447510328,0.013526551415889494,1.1202328893344273,0.0063444996478306944,9.792088644362211,"[3.99999998e-08 0.00000000e+00 0.00000000e+00 0.00000000e+00
 3.99999998e-08 0.00000000e+00 0.00000000e+00 0.00000000e+00
 3.99999998e-08]","[0.000289 0.       0.       0.       0.000289 0.       0.       0.
 0.000289]"
1786809852.0192566,-0.24991544322602105,-0.0065016334210300985,0.0,0.0,-1.4550431202297387,-0.03785343097413117,0.12499999999999999,0.013256572670471709,0.0036550084234102972,2.7625827719725907e-06,0.0011347325706242346,2.5436204292619666,2.6078947211183547,"[0. 0. 0. 0. 0. 0. 0. 0. 0. 0. 0. 0. 0. 0. 0. 0. 0. 0. 0. 0. 0. 0. 0. 0.
 0. 0. 0. 0. 0. 0. 0. 0. 0. 0. 0. 0.]","[0. 0. 0. 0. 0. 0. 0. 0. 0. 0. 0. 0. 0. 0. 0. 0. 0. 0. 0. 0. 0. 0. 0. 0.
 0. 0. 0. 0. 0. 0. 0. 0. 0. 0. 0. 0.]",0.0001958965342499941,-0.0001634900854712867,0.013402875086843784,1.1199927863557464,0.015859848547698736,9.769138206089401,"[3.99999998e-08 0.00000000e+00 0.00000000e+00 0.00000000e+00
 3.99999998e-08 0.00000000e+00 0.00000000e+00 0.00000000e+00
 3.99999998e-08]","[0.000289 0.       0.       0.       0.000289 0.       0.       0.
 0.000289]"
1786809852.0653448,-0.2499150622592082,-0.006516260889197804,0.0,0.0,-1.4516231225528582,-0.03784947931443798,0.125,0.013293318728072058,0.005565006872190675,5.192163833506299e-06,0.0014002682311074063,3.422319226698022,3.486771681258058,"[0. 0. 0. 0. 0. 0. 0. 0. 0. 0. 0. 0. 0. 0. 0. 0. 0. 0. 0. 0. 0. 0. 0. 0.
 0. 0. 0. 0. 0. 0. 0. 0. 0. 0. 0. 0.]","[0. 0. 0. 0. 0. 0. 0. 0. 0. 0. 0. 0. 0. 0. 0. 0. 0. 0. 0. 0. 0. 0. 0. 0.
 0. 0. 0. 0. 0. 0. 0. 0. 0. 0. 0. 0.]",0.0002307119128984339,0.00015808740555085766,0.013210384513237772,1.1290911798673438,0.03206992156037559,9.792210004104323,"[3.99999998e-08 0.00000000e+00 0.00000000e+00 0.00000000e+00
 3.99999998e-08 0.00000000e+00 0.00000000e+00 0.00000000e+00
 3.99999998e-08]","[0.000289 0.       0.       0.       0.000289 0.       0.       0.
 0.000289]"
1786809852.115651,-0.24991453323187637,-0.006536518912491571,0.0,0.0,-1.4468131293579112,-0.037841422267806124,0.125,0.013502820244974017,0.01037500006713763,1.3249210465361715e-05,0.0019374480198385679,3.7551446781937448,3.8206128975638256,"[0. 0. 0. 0. 0. 0. 0. 0. 0. 0. 0. 0. 0. 0. 0. 0. 0. 0. 0. 0. 0. 0. 0. 0.
 0. 0. 0. 0. 0. 0. 0. 0. 0. 0. 0. 0.]","[0. 0. 0. 0. 0. 0. 0. 0. 0. 0. 0. 0. 0. 0. 0. 0. 0. 0. 0. 0. 0. 0. 0. 0.
 0. 0. 0. 0. 0. 0. 0. 0. 0. 0. 0. 0.]",3.3793409782868072e-06,2.7087094574178177e-05,0.013465303754823783,0.14644941190915078,0.022995368394808122,9.755980949730231,"[3.99999998e-08 0.00000000e+00 0.00000000e+00 0.00000000e+00
 3.99999998e-08 0.00000000e+00 0.00000000e+00 0.00000000e+00
 3.99999998e-08]","[0.000289 0.       0.       0.       0.000289 0.       0.       0.
 0.000289]"
1786809852.1740258,-0.2499142607397345,-0.006546928967996704,0.0,0.0,-1.4443131347406326,-0.03783623820706671,0.125,0.013774906962946467,0.01287499468441616,1.843327120476872e-05,0.00221104155164241,3.7544850740289575,3.8212725017286124,"[0. 0. 0. 0. 0. 0. 0. 0. 0. 0. 0. 0. 0. 0. 0. 0. 0. 0. 0. 0. 0. 0. 0. 0.
 0. 0. 0. 0. 0. 0. 0. 0. 0. 0. 0. 0.]","[0. 0. 0. 0. 0. 0. 0. 0. 0. 0. 0. 0. 0. 0. 0. 0. 0. 0. 0. 0. 0. 0. 0. 0.
 0. 0. 0. 0. 0. 0. 0. 0. 0. 0. 0. 0.]",9.010173382205203e-05,6.61814039298264e-05,0.013530632809696134,0.13054207268915946,-0.001950439628071156,9.794438678571671,"[3.99999998e-08 0.00000000e+00 0.00000000e+00 0.00000000e+00
 3.99999998e-08 0.00000000e+00 0.00000000e+00 0.00000000e+00
 3.99999998e-08]","[0.000289 0.       0.       0.       0.000289 0.       0.       0.
 0.000289]"
1786809852.2152736,-0.2499142607397345,-0.006546928967996704,0.0,0.0,-1.4443131347406326,-0.03783623820706671,0.12499999999999999,0.013802401141113857,0.01287499468441616,1.843327120476872e-05,0.00221104155164241,3.7544184214758243,3.8213391542817465,"[0. 0. 0. 0. 0. 0. 0. 0. 0. 0. 0. 0. 0. 0. 0. 0. 0. 0. 0. 0. 0. 0. 0. 0.
 0. 0. 0. 0. 0. 0. 0. 0. 0. 0. 0. 0.]","[0. 0. 0. 0. 0. 0. 0. 0. 0. 0. 0. 0. 0. 0. 0. 0. 0. 0. 0. 0. 0. 0. 0. 0.
 0. 0. 0. 0. 0. 0. 0. 0. 0. 0. 0. 0.]",0.0007694288659753424,0.00010384571013440104,0.013964268553434588,0.10551126081273411,0.010119221335158307,9.792789604131107,"[3.99999998e-08 0.00000000e+00 0.00000000e+00 0.00000000e+00
 3.99999998e-08 0.00000000e+00 0.00000000e+00 0.00000000e+00
 3.99999998e-08]","[0.000289 0.       0.       0.       0.000289 0.       0.       0.
 0.000289]"
1786809852.2737346,-0.24991398999524803,-0.006557255878419126,0.0,0.0,-1.4418131416452402,-0.037830365954362816,0.12499999999999999,0.013660991916549884,0.015374987779808568,2.430552390866653e-05,0.0024867557061737156,3.754761231717158,3.820996344040411,"[0. 0. 0. 0. 0. 0. 0. 0. 0. 0. 0. 0. 0. 0. 0. 0. 0. 0. 0. 0. 0. 0. 0. 0.
 0. 0. 0. 0. 0. 0. 0. 0. 0. 0. 0. 0.]","[0. 0. 0. 0. 0. 0. 0. 0. 0. 0. 0. 0. 0. 0. 0. 0. 0. 0. 0. 0. 0. 0. 0. 0.
 0. 0. 0. 0. 0. 0. 0. 0. 0. 0. 0. 0.]",0.00016716386150731404,-9.962969866930056e-05,0.013888583235774679,0.1160763478143114,0.0027136661605397213,9.815451401160873,"[3.99999998e-08 0.00000000e+00 0.00000000e+00 0.00000000e+00
 3.99999998e-08 0.00000000e+00 0.00000000e+00 0.00000000e+00
 3.99999998e-08]","[0.000289 0.       0.       0.       0.000289 0.       0.       0.
 0.000289]"
1786809852.31649,-0.24991372100356554,-0.006567499840273502,0.0,0.0,-1.439313150251289,-0.03782380913869082,0.12499999999999999,0.013547864536898706,0.01787497917375971,3.086233958066508e-05,0.0027582786339931708,3.7550354799102896,3.8207220958472803,"[0. 0. 0. 0. 0. 0. 0. 0. 0. 0. 0. 0. 0. 0. 0. 0. 0. 0. 0. 0. 0. 0. 0. 0.
 0. 0. 0. 0. 0. 0. 0. 0. 0. 0. 0. 0.]","[0. 0. 0. 0. 0. 0. 0. 0. 0. 0. 0. 0. 0. 0. 0. 0. 0. 0. 0. 0. 0. 0. 0. 0.
 0. 0. 0. 0. 0. 0. 0. 0. 0. 0. 0. 0.]",-1.878217697393202e-05,5.276847689311753e-05,0.01356892746236632,0.11702097977133537,0.011072793472449343,9.819467152978795,"[3.99999998e-08 0.00000000e+00 0.00000000e+00 0.00000000e+00
 3.99999998e-08 0.00000000e+00 0.00000000e+00 0.00000000e+00
 3.99999998e-08]","[0.000289 0.       0.       0.       0.000289 0.       0.       0.
 0.000289]"
1786809852.3663669,-0.2499134537772357,-0.006577660764548282,0.0,0.0,-1.439313150251289,-0.03782380913869082,0.12499999999999999,0.013861426199450208,0.020374968683986912,3.8101739624003766e-05,0.0030342529108373486,3.75427533042531,3.8214822453322594,"[0. 0. 0. 0. 0. 0. 0. 0. 0. 0. 0. 0. 0. 0. 0. 0. 0. 0. 0. 0. 0. 0. 0. 0.
 0. 0. 0. 0. 0. 0. 0. 0. 0. 0. 0. 0.]","[0. 0. 0. 0. 0. 0. 0. 0. 0. 0. 0. 0. 0. 0. 0. 0. 0. 0. 0. 0. 0. 0. 0. 0.
 0. 0. 0. 0. 0. 0. 0. 0. 0. 0. 0. 0.]",-9.299754725336328e-05,1.4840681275910937e-05,0.013631114596059592,0.1254775475162707,0.018475550868324878,9.762883902203901,"[3.99999998e-08 0.00000000e+00 0.00000000e+00 0.00000000e+00
 3.99999998e-08 0.00000000e+00 0.00000000e+00 0.00000000e+00
 3.99999998e-08]","[0.000289 0.       0.       0.       0.000289 0.       0.       0.
 0.000289]"
1786809852.4156125,-0.2499134537772357,-0.006577660764548282,0.0,0.0,-1.436813160741062,-0.03781656973864748,0.125,0.013894409216496916,0.020374968683986912,3.8101739624003766e-05,0.0030342529108373486,3.754195371596106,3.8215622041614643,"[0. 0. 0. 0. 0. 0. 0. 0. 0. 0. 0. 0. 0. 0. 0. 0. 0. 0. 0. 0. 0. 0. 0. 0.
 0. 0. 0. 0. 0. 0. 0. 0. 0. 0. 0. 0.]","[0. 0. 0. 0. 0. 0. 0. 0. 0. 0. 0. 0. 0. 0. 0. 0. 0. 0. 0. 0. 0. 0. 0. 0.
 0. 0. 0. 0. 0. 0. 0. 0. 0. 0. 0. 0.]",0.00017323200624118554,0.0002479668525697677,0.013629163618311575,0.09374516863175567,-0.027962285569052996,9.77964356787007,"[3.99999998e-08 0.00000000e+00 0.00000000e+00 0.00000000e+00
 3.99999998e-08 0.00000000e+00 0.00000000e+00 0.00000000e+00
 3.99999998e-08]","[0.000289 0.       0.       0.       0.000289 0.       0.       0.
 0.000289]"
1786809852.4661279,-0.24991318838637455,-0.006587736375755968,0.0,0.0,-1.4343131733342267,-0.03780863718000974,0.125,0.013746895332635404,0.022874956090822192,4.6034298261739756e-05,0.0033119431970147226,3.75455298101153,3.82120459474604,"[0. 0. 0. 0. 0. 0. 0. 0. 0. 0. 0. 0. 0. 0. 0. 0. 0. 0. 0. 0. 0. 0. 0. 0.
 0. 0. 0. 0. 0. 0. 0. 0. 0. 0. 0. 0.]","[0. 0. 0. 0. 0. 0. 0. 0. 0. 0. 0. 0. 0. 0. 0. 0. 0. 0. 0. 0. 0. 0. 0. 0.
 0. 0. 0. 0. 0. 0. 0. 0. 0. 0. 0. 0.]",0.0004662365165755359,2.7225196660038217e-05,0.013816406141859357,0.10882020449189539,-0.028080106832839024,9.809147832591817,"[3.99999998e-08 0.00000000e+00 0.00000000e+00 0.00000000e+00
 3.99999998e-08 0.00000000e+00 0.00000000e+00 0.00000000e+00
 3.99999998e-08]","[0.000289 0.       0.       0.       0.000289 0.       0.       0.
 0.000289]"
1786809852.5170038,-0.249912924846181,-0.00659772648926035,0.0,0.0,-1.4318131882175629,-0.037800012966074846,0.12499999999999999,0.013809709996580663,0.02537494120748588,5.465851219663996e-05,0.0035871761316708063,3.7544007030383284,3.821356872719241,"[0. 0. 0. 0. 0. 0. 0. 0. 0. 0. 0. 0. 0. 0. 0. 0. 0. 0. 0. 0. 0. 0. 0. 0.
 0. 0. 0. 0. 0. 0. 0. 0. 0. 0. 0. 0.]","[0. 0. 0. 0. 0. 0. 0. 0. 0. 0. 0. 0. 0. 0. 0. 0. 0. 0. 0. 0. 0. 0. 0. 0.
 0. 0. 0. 0. 0. 0. 0. 0. 0. 0. 0. 0.]",0.0003564553019558568,-0.0002518157401926007,0.01389301269150316,0.11065614138524214,-0.022229068512498153,9.776221553399864,"[3.99999998e-08 0.00000000e+00 0.00000000e+00 0.00000000e+00
 3.99999998e-08 0.00000000e+00 0.00000000e+00 0.00000000e+00
 3.99999998e-08]","[0.000289 0.       0.       0.       0.000289 0.       0.       0.
 0.000289]"
1786809852.5805788,-0.24991266316490104,-0.006607631181196381,0.0,0.0,-1.429313205571463,-0.0377907000998906,0.125,0.013858398310530304,0.027874923853585802,6.397137838088198e-05,0.0038632933904144155,3.754282670762086,3.821474904995484,"[0. 0. 0. 0. 0. 0. 0. 0. 0. 0. 0. 0. 0. 0. 0. 0. 0. 0. 0. 0. 0. 0. 0. 0.
 0. 0. 0. 0. 0. 0. 0. 0. 0. 0. 0. 0.]","[0. 0. 0. 0. 0. 0. 0. 0. 0. 0. 0. 0. 0. 0. 0. 0. 0. 0. 0. 0. 0. 0. 0. 0.
 0. 0. 0. 0. 0. 0. 0. 0. 0. 0. 0. 0.]",-0.00013651862816828784,-6.406816310745935e-05,0.013714044278960584,0.12886731004489005,0.014689435868796197,9.800285477287224,"[3.99999998e-08 0.00000000e+00 0.00000000e+00 0.00000000e+00
 3.99999998e-08 0.00000000e+00 0.00000000e+00 0.00000000e+00
 3.99999998e-08]","[0.000289 0.       0.       0.       0.000289 0.       0.       0.
 0.000289]"
1786809852.6213675,-0.24991266316490104,-0.006607631181196381,0.0,0.0,-1.429313205571463,-0.0377907000998906,0.125,0.013874725259492623,0.027874923853585802,6.397137838088198e-05,0.0038632933904144155,3.7542430902797577,3.821514485477813,"[0. 0. 0. 0. 0. 0. 0. 0. 0. 0. 0. 0. 0. 0. 0. 0. 0. 0. 0. 0. 0. 0. 0. 0.
 0. 0. 0. 0. 0. 0. 0. 0. 0. 0. 0. 0.]","[0. 0. 0. 0. 0. 0. 0. 0. 0. 0. 0. 0. 0. 0. 0. 0. 0. 0. 0. 0. 0. 0. 0. 0.
 0. 0. 0. 0. 0. 0. 0. 0. 0. 0. 0. 0.]",0.00014449671387200552,-0.00020074874738289732,0.013962543317049618,0.12413266520370106,0.025607782228892418,9.811533861635775,"[3.99999998e-08 0.00000000e+00 0.00000000e+00 0.00000000e+00
 3.99999998e-08 0.00000000e+00 0.00000000e+00 0.00000000e+00
 3.99999998e-08]","[0.000289 0.       0.       0.       0.000289 0.       0.       0.
 0.000289]"
1786809852.675,-0.24991266316490104,-0.006607631181196381,0.0,0.0,-1.429313205571463,-0.0377907000998906,0.125,0.013743140504205359,0.03037490382676484,7.397606140534405e-05,0.0041405266643967115,3.754562083625907,3.8211954921316638,"[0. 0. 0. 0. 0. 0. 0. 0. 0. 0. 0. 0. 0. 0. 0. 0. 0. 0. 0. 0. 0. 0. 0. 0.
 0. 0. 0. 0. 0. 0. 0. 0. 0. 0. 0. 0.]","[0. 0. 0. 0. 0. 0. 0. 0. 0. 0. 0. 0. 0. 0. 0. 0. 0. 0. 0. 0. 0. 0. 0. 0.
 0. 0. 0. 0. 0. 0. 0. 0. 0. 0. 0. 0.]",5.483127839667399e-05,-0.00017017520042229638,0.013609333977508917,0.12999125134276313,0.0200421513813407,9.817532503619143,"[3.99999998e-08 0.00000000e+00 0.00000000e+00 0.00000000e+00
 3.99999998e-08 0.00000000e+00 0.00000000e+00 0.00000000e+00
 3.99999998e-08]","[0.000289 0.       0.       0.       0.000289 0.       0.       0.
 0.000289]"
1786809852.7153547,-0.24991240337925488,-0.006617449448584627,0.0,0.0,-1.426813225598284,-0.03778069541686614,0.125,0.013637872699975549,0.03287488094193908,8.467112787907608e-05,0.004414810501935078,3.7548172783028297,3.8209402974547406,"[0. 0. 0. 0. 0. 0. 0. 0. 0. 0. 0. 0. 0. 0. 0. 0. 0. 0. 0. 0. 0. 0. 0. 0.
 0. 0. 0. 0. 0. 0. 0. 0. 0. 0. 0. 0.]","[0. 0. 0. 0. 0. 0. 0. 0. 0. 0. 0. 0. 0. 0. 0. 0. 0. 0. 0. 0. 0. 0. 0. 0.
 0. 0. 0. 0. 0. 0. 0. 0. 0. 0. 0. 0.]",-2.4276419943256976e-06,0.00016971944067758078,0.013477751293485727,0.10217669940518329,-0.025187054948212592,9.800787964699335,"[3.99999998e-08 0.00000000e+00 0.00000000e+00 0.00000000e+00
 3.99999998e-08 0.00000000e+00 0.00000000e+00 0.00000000e+00
 3.99999998e-08]","[0.000289 0.       0.       0.       0.000289 0.       0.       0.
 0.000289]"
1786809852.7655292,-0.24991214550483742,-0.006627181087684,0.0,0.0,-1.4243132484831098,-0.03777000035039241,0.12499999999999999,0.013899356731280616,0.03287488094193908,8.467112787907608e-05,0.004414810501935078,3.754183377620872,3.8215741981366973,"[0. 0. 0. 0. 0. 0. 0. 0. 0. 0. 0. 0. 0. 0. 0. 0. 0. 0. 0. 0. 0. 0. 0. 0.
 0. 0. 0. 0. 0. 0. 0. 0. 0. 0. 0. 0.]","[0. 0. 0. 0. 0. 0. 0. 0. 0. 0. 0. 0. 0. 0. 0. 0. 0. 0. 0. 0. 0. 0. 0. 0.
 0. 0. 0. 0. 0. 0. 0. 0. 0. 0. 0. 0.]",0.000266109114141859,-0.0001943796095083172,0.014111013489755521,0.11855762700251411,0.02109808404208545,9.829915440462312,"[3.99999998e-08 0.00000000e+00 0.00000000e+00 0.00000000e+00
 3.99999998e-08 0.00000000e+00 0.00000000e+00 0.00000000e+00
 3.99999998e-08]","[0.000289 0.       0.       0.       0.000289 0.       0.       0.
 0.000289]"
1786809852.8192647,-0.24991188953982513,-0.0066368265484528345,0.0,0.0,-1.4218132743933745,-0.03775862006330379,0.12499999999999999,0.013770668385166489,0.035374855031674424,9.605141496769178e-05,0.004690705763897747,3.75449534936903,3.8212622263885394,"[0. 0. 0. 0. 0. 0. 0. 0. 0. 0. 0. 0. 0. 0. 0. 0. 0. 0. 0. 0. 0. 0. 0. 0.
 0. 0. 0. 0. 0. 0. 0. 0. 0. 0. 0. 0.]","[0. 0. 0. 0. 0. 0. 0. 0. 0. 0. 0. 0. 0. 0. 0. 0. 0. 0. 0. 0. 0. 0. 0. 0.
 0. 0. 0. 0. 0. 0. 0. 0. 0. 0. 0. 0.]",0.00032042097687451625,-8.188141236089074e-06,0.013518794474108375,0.10065603589358217,-0.00736894398957762,9.797847126614725,"[3.99999998e-08 0.00000000e+00 0.00000000e+00 0.00000000e+00
 3.99999998e-08 0.00000000e+00 0.00000000e+00 0.00000000e+00
 3.99999998e-08]","[0.000289 0.       0.       0.       0.000289 0.       0.       0.
 0.000289]"
1786809852.865067,-0.24991163553350035,-0.006646384353231252,0.0,0.0,-1.4193133035447865,-0.0377465487466209,0.125,0.013845989822395082,0.03787482588026235,0.00010812273165057992,0.004966398462908024,3.7543127519454447,3.8214448238121257,"[0. 0. 0. 0. 0. 0. 0. 0. 0. 0. 0. 0. 0. 0. 0. 0. 0. 0. 0. 0. 0. 0. 0. 0.
 0. 0. 0. 0. 0. 0. 0. 0. 0. 0. 0. 0.]","[0. 0. 0. 0. 0. 0. 0. 0. 0. 0. 0. 0. 0. 0. 0. 0. 0. 0. 0. 0. 0. 0. 0. 0.
 0. 0. 0. 0. 0. 0. 0. 0. 0. 0. 0. 0.]",-8.40702451799971e-05,0.000348139149543054,0.013625571187761957,0.12824193841420123,-0.025531584800398355,9.810418935199406,"[3.99999998e-08 0.00000000e+00 0.00000000e+00 0.00000000e+00
 3.99999998e-08 0.00000000e+00 0.00000000e+00 0.00000000e+00
 3.99999998e-08]","[0.000289 0.       0.       0.       0.000289 0.       0.       0.
 0.000289]"
1786809852.9193652,-0.24991138350710188,-0.006655854082404009,0.0,0.0,-1.416813336127197,-0.037733786652414204,0.12499999999999999,0.013906379386337193,0.04287475707652327,0.00013434086694828762,0.0055215062365551034,3.7541663530025513,3.8215912227550173,"[0. 0. 0. 0. 0. 0. 0. 0. 0. 0. 0. 0. 0. 0. 0. 0. 0. 0. 0. 0. 0. 0. 0. 0.
 0. 0. 0. 0. 0. 0. 0. 0. 0. 0. 0. 0.]","[0. 0. 0. 0. 0. 0. 0. 0. 0. 0. 0. 0. 0. 0. 0. 0. 0. 0. 0. 0. 0. 0. 0. 0.
 0. 0. 0. 0. 0. 0. 0. 0. 0. 0. 0. 0.]",0.0005437423346192381,-6.709758514858441e-05,0.013826192209742535,0.13518407279616224,-0.015379183019045572,9.805503948955334,"[3.99999998e-08 0.00000000e+00 0.00000000e+00 0.00000000e+00
 3.99999998e-08 0.00000000e+00 0.00000000e+00 0.00000000e+00
 3.99999998e-08]","[0.000289 0.       0.       0.       0.000289 0.       0.       0.
 0.000289]"
1786809852.967163,-0.2499108855382274,-0.006674525413766478,0.0,0.0,-1.4118134124124608,-0.03770617866584261,0.125,0.013955035118709354,0.045374717012588,0.00014849281242887644,0.005800315004459746,3.7540483997119516,3.821709176045618,"[0. 0. 0. 0. 0. 0. 0. 0. 0. 0. 0. 0. 0. 0. 0. 0. 0. 0. 0. 0. 0. 0. 0. 0.
 0. 0. 0. 0. 0. 0. 0. 0. 0. 0. 0. 0.]","[0. 0. 0. 0. 0. 0. 0. 0. 0. 0. 0. 0. 0. 0. 0. 0. 0. 0. 0. 0. 0. 0. 0. 0.
 0. 0. 0. 0. 0. 0. 0. 0. 0. 0. 0. 0.]",0.0003040728481393268,-8.670381377544747e-06,0.01398374551820598,0.13598565115709144,0.0021497693987294324,9.816613327826245,"[3.99999998e-08 0.00000000e+00 0.00000000e+00 0.00000000e+00
 3.99999998e-08 0.00000000e+00 0.00000000e+00 0.00000000e+00
 3.99999998e-08]","[0.000289 0.       0.       0.       0.000289 0.       0.       0.
 0.000289]"
1786809853.0191061,-0.24991039591549086,-0.006692832984814667,0.0,0.0,-1.40681350491813,-0.037675774930078294,0.125,0.01416206731010467,0.05037462450691883,0.0001788965481931875,0.006363278149286011,3.753546503490382,3.822211072267188,"[0. 0. 0. 0. 0. 0. 0. 0. 0. 0. 0. 0. 0. 0. 0. 0. 0. 0. 0. 0. 0. 0. 0. 0.
 0. 0. 0. 0. 0. 0. 0. 0. 0. 0. 0. 0.]","[0. 0. 0. 0. 0. 0. 0. 0. 0. 0. 0. 0. 0. 0. 0. 0. 0. 0. 0. 0. 0. 0. 0. 0.
 0. 0. 0. 0. 0. 0. 0. 0. 0. 0. 0. 0.]",0.0003206505317257717,1.837309208486474e-05,0.0142790059060824,0.11372209994182372,-0.01522147024044388,9.800097418531475,"[3.99999998e-08 0.00000000e+00 0.00000000e+00 0.00000000e+00
 3.99999998e-08 0.00000000e+00 0.00000000e+00 0.00000000e+00
 3.99999998e-08]","[0.000289 0.       0.       0.       0.000289 0.       0.       0.
 0.000289]"
1786809853.0655625,-0.24991015435382832,-0.006701846823503496,0.0,0.0,-1.4043135578263388,-0.03765951159950204,0.125,0.014320518397259408,0.05287457159870997,0.00019515987876944378,0.006648262457198017,3.7531623796427294,3.8225951961148406,"[0. 0. 0. 0. 0. 0. 0. 0. 0. 0. 0. 0. 0. 0. 0. 0. 0. 0. 0. 0. 0. 0. 0. 0.
 0. 0. 0. 0. 0. 0. 0. 0. 0. 0. 0. 0.]","[0. 0. 0. 0. 0. 0. 0. 0. 0. 0. 0. 0. 0. 0. 0. 0. 0. 0. 0. 0. 0. 0. 0. 0.
 0. 0. 0. 0. 0. 0. 0. 0. 0. 0. 0. 0.]",1.1938851608061163e-06,3.147084137383448e-05,0.013728650811287553,0.11808770060772136,-0.004756597571752754,9.793119229229324,"[3.99999998e-08 0.00000000e+00 0.00000000e+00 0.00000000e+00
 3.99999998e-08 0.00000000e+00 0.00000000e+00 0.00000000e+00
 3.99999998e-08]","[0.000289 0.       0.       0.       0.000289 0.       0.       0.
 0.000289]"
1786809853.1155987,-0.24991015435382832,-0.006701846823503496,0.0,0.0,-1.4043135578263388,-0.03765951159950204,0.125,0.014299802513603521,0.05287457159870997,0.00019515987876944378,0.006648262457198017,3.7532125999667443,3.822544975790825,"[0. 0. 0. 0. 0. 0. 0. 0. 0. 0. 0. 0. 0. 0. 0. 0. 0. 0. 0. 0. 0. 0. 0. 0.
 0. 0. 0. 0. 0. 0. 0. 0. 0. 0. 0. 0.]","[0. 0. 0. 0. 0. 0. 0. 0. 0. 0. 0. 0. 0. 0. 0. 0. 0. 0. 0. 0. 0. 0. 0. 0.
 0. 0. 0. 0. 0. 0. 0. 0. 0. 0. 0. 0.]",0.000311056477569397,-4.3470511943631105e-05,0.01424764068278686,0.12288025066390565,0.024310977962814492,9.786957032066123,"[3.99999998e-08 0.00000000e+00 0.00000000e+00 0.00000000e+00
 3.99999998e-08 0.00000000e+00 0.00000000e+00 0.00000000e+00
 3.99999998e-08]","[0.000289 0.       0.       0.       0.000289 0.       0.       0.
 0.000289]"
1786809853.1665733,-0.24990991502468857,-0.006710765407383732,0.0,0.0,-1.4018136154875027,-0.03764253338041315,0.125,0.014120901923393549,0.055374513937546097,0.00021213809785833516,0.006933866817204022,3.7536462983672565,3.822111277390314,"[0. 0. 0. 0. 0. 0. 0. 0. 0. 0. 0. 0. 0. 0. 0. 0. 0. 0. 0. 0. 0. 0. 0. 0.
 0. 0. 0. 0. 0. 0. 0. 0. 0. 0. 0. 0.]","[0. 0. 0. 0. 0. 0. 0. 0. 0. 0. 0. 0. 0. 0. 0. 0. 0. 0. 0. 0. 0. 0. 0. 0.
 0. 0. 0. 0. 0. 0. 0. 0. 0. 0. 0. 0.]",0.00038218320478806956,-9.023006162697624e-05,0.013960754239435255,0.1471033650759251,0.013641034108352944,9.796222861574627,"[3.99999998e-08 0.00000000e+00 0.00000000e+00 0.00000000e+00
 3.99999998e-08 0.00000000e+00 0.00000000e+00 0.00000000e+00
 3.99999998e-08]","[0.000289 0.       0.       0.       0.000289 0.       0.       0.
 0.000289]"
1786809853.2153428,-0.24990967792563532,-0.0067195892065820845,0.0,0.0,-1.3993136780669324,-0.03762484576751444,0.125,0.014152427536362007,0.05787445135811651,0.00022982571075704582,0.0072164740093026356,3.753569872638847,3.8221877031187232,"[0. 0. 0. 0. 0. 0. 0. 0. 0. 0. 0. 0. 0. 0. 0. 0. 0. 0. 0. 0. 0. 0. 0. 0.
 0. 0. 0. 0. 0. 0. 0. 0. 0. 0. 0. 0.]","[0. 0. 0. 0. 0. 0. 0. 0. 0. 0. 0. 0. 0. 0. 0. 0. 0. 0. 0. 0. 0. 0. 0. 0.
 0. 0. 0. 0. 0. 0. 0. 0. 0. 0. 0. 0.]",0.0003427827413404221,8.889779781910644e-06,0.014426099914755184,0.10523633203154172,0.005767506358188639,9.788839377318922,"[3.99999998e-08 0.00000000e+00 0.00000000e+00 0.00000000e+00
 3.99999998e-08 0.00000000e+00 0.00000000e+00 0.00000000e+00
 3.99999998e-08]","[0.000289 0.       0.       0.       0.000289 0.       0.       0.
 0.000289]"
1786809853.2652102,-0.24990967792563532,-0.0067195892065820845,0.0,0.0,-1.3993136780669324,-0.03762484576751444,0.12499999999999999,0.014164145862473627,0.06037438367446077,0.00024822059974494257,0.007499628024949062,3.753541464575545,3.822216111182023,"[0. 0. 0. 0. 0. 0. 0. 0. 0. 0. 0. 0. 0. 0. 0. 0. 0. 0. 0. 0. 0. 0. 0. 0.
 0. 0. 0. 0. 0. 0. 0. 0. 0. 0. 0. 0.]","[0. 0. 0. 0. 0. 0. 0. 0. 0. 0. 0. 0. 0. 0. 0. 0. 0. 0. 0. 0. 0. 0. 0. 0.
 0. 0. 0. 0. 0. 0. 0. 0. 0. 0. 0. 0.]",0.00026115343059063896,-0.0001592407032981616,0.013837668272525293,0.12198819896303055,0.001136928974198963,9.813595148442715,"[3.99999998e-08 0.00000000e+00 0.00000000e+00 0.00000000e+00
 3.99999998e-08 0.00000000e+00 0.00000000e+00 0.00000000e+00
 3.99999998e-08]","[0.000289 0.       0.       0.       0.000289 0.       0.       0.
 0.000289]"
1786809853.3156965,-0.2499094430702251,-0.006728318090720214,0.0,0.0,-1.396813745750588,-0.03760645087852654,0.12499999999999999,0.014019476113923672,0.06037438367446077,0.00024822059974494257,0.007499628024949062,3.753892179117487,3.8218653966400824,"[0. 0. 0. 0. 0. 0. 0. 0. 0. 0. 0. 0. 0. 0. 0. 0. 0. 0. 0. 0. 0. 0. 0. 0.
 0. 0. 0. 0. 0. 0. 0. 0. 0. 0. 0. 0.]","[0. 0. 0. 0. 0. 0. 0. 0. 0. 0. 0. 0. 0. 0. 0. 0. 0. 0. 0. 0. 0. 0. 0. 0.
 0. 0. 0. 0. 0. 0. 0. 0. 0. 0. 0. 0.]",0.0002754564624542601,0.0003552282758875943,0.01386654145711228,0.1592732128472616,0.023945559396916404,9.787683390427853,"[3.99999998e-08 0.00000000e+00 0.00000000e+00 0.00000000e+00
 3.99999998e-08 0.00000000e+00 0.00000000e+00 0.00000000e+00
 3.99999998e-08]","[0.000289 0.       0.       0.       0.000289 0.       0.       0.
 0.000289]"
1786809853.366761,-0.24990921047632525,-0.006736951766174827,0.0,0.0,-1.3943138187291533,-0.03758734992514095,0.125,0.014061482838058184,0.06287431069589566,0.0002673215531305366,0.007780740896201447,3.753790344634736,3.8219672311228337,"[0. 0. 0. 0. 0. 0. 0. 0. 0. 0. 0. 0. 0. 0. 0. 0. 0. 0. 0. 0. 0. 0. 0. 0.
 0. 0. 0. 0. 0. 0. 0. 0. 0. 0. 0. 0.]","[0. 0. 0. 0. 0. 0. 0. 0. 0. 0. 0. 0. 0. 0. 0. 0. 0. 0. 0. 0. 0. 0. 0. 0.
 0. 0. 0. 0. 0. 0. 0. 0. 0. 0. 0. 0.]",0.00033937044399205566,0.0001884313751829869,0.013910802386743455,0.09480554276364131,-0.006382345754980034,9.752135728471966,"[3.99999998e-08 0.00000000e+00 0.00000000e+00 0.00000000e+00
 3.99999998e-08 0.00000000e+00 0.00000000e+00 0.00000000e+00
 3.99999998e-08]","[0.000289 0.       0.       0.       0.000289 0.       0.       0.
 0.000289]"
1786809853.415857,-0.24990875211819932,-0.006753933278054676,0.0,0.0,-1.389313981286262,-0.03754704007900404,0.125,0.014102964784117655,0.06787414813878685,0.0003076313992674437,0.008343903828344264,3.7536897823412563,3.8220677934163136,"[0. 0. 0. 0. 0. 0. 0. 0. 0. 0. 0. 0. 0. 0. 0. 0. 0. 0. 0. 0. 0. 0. 0. 0.
 0. 0. 0. 0. 0. 0. 0. 0. 0. 0. 0. 0.]","[0. 0. 0. 0. 0. 0. 0. 0. 0. 0. 0. 0. 0. 0. 0. 0. 0. 0. 0. 0. 0. 0. 0. 0.
 0. 0. 0. 0. 0. 0. 0. 0. 0. 0. 0. 0.]",-0.0002189625227750578,0.00014180198007195512,0.014225770229101905,0.09820701766686889,-0.03751349286466311,9.784627862467985,"[3.99999998e-08 0.00000000e+00 0.00000000e+00 0.00000000e+00
 3.99999998e-08 0.00000000e+00 0.00000000e+00 0.00000000e+00
 3.99999998e-08]","[0.000289 0.       0.       0.       0.000289 0.       0.       0.
 0.000289]"
1786809853.469926,-0.24990852641727757,-0.0067622794932539225,0.0,0.0,-1.3868140712874157,-0.03752582790858519,0.125,0.014265326417100639,0.07037405813763319,0.0003288435696862967,0.008626450208670637,3.7532961783825063,3.8224613973750636,"[0. 0. 0. 0. 0. 0. 0. 0. 0. 0. 0. 0. 0. 0. 0. 0. 0. 0. 0. 0. 0. 0. 0. 0.
 0. 0. 0. 0. 0. 0. 0. 0. 0. 0. 0. 0.]","[0. 0. 0. 0. 0. 0. 0. 0. 0. 0. 0. 0. 0. 0. 0. 0. 0. 0. 0. 0. 0. 0. 0. 0.
 0. 0. 0. 0. 0. 0. 0. 0. 0. 0. 0. 0.]",0.0001243472101297638,-0.00026751823826063806,0.014133586478123591,0.11207528502526518,0.019412024903713628,9.813813157980574,"[3.99999998e-08 0.00000000e+00 0.00000000e+00 0.00000000e+00
 3.99999998e-08 0.00000000e+00 0.00000000e+00 0.00000000e+00
 3.99999998e-08]","[0.000289 0.       0.       0.       0.000289 0.       0.       0.
 0.000289]"
1786809853.5343015,-0.2499083030936671,-0.0067705276636172195,0.0,0.0,-1.3843141674167483,-0.03750390543094301,0.125,0.014267031139303027,0.07287396200830056,0.0003507660473284801,0.008911756737015051,3.7532920457226218,3.822465530034948,"[0. 0. 0. 0. 0. 0. 0. 0. 0. 0. 0. 0. 0. 0. 0. 0. 0. 0. 0. 0. 0. 0. 0. 0.
 0. 0. 0. 0. 0. 0. 0. 0. 0. 0. 0. 0.]","[0. 0. 0. 0. 0. 0. 0. 0. 0. 0. 0. 0. 0. 0. 0. 0. 0. 0. 0. 0. 0. 0. 0. 0.
 0. 0. 0. 0. 0. 0. 0. 0. 0. 0. 0. 0.]",-0.00011882394276255105,3.395877075430531e-05,0.01411943602724907,0.10687456863308793,6.932003678847948e-05,9.809261065570054,"[3.99999998e-08 0.00000000e+00 0.00000000e+00 0.00000000e+00
 3.99999998e-08 0.00000000e+00 0.00000000e+00 0.00000000e+00
 3.99999998e-08]","[0.000289 0.       0.       0.       0.000289 0.       0.       0.
 0.000289]"
1786809853.5650263,-0.24990808218600968,-0.006778676722681572,0.0,0.0,-1.3818142699026714,-0.03748126969133631,0.12499999999999999,0.014272852854394375,0.0753738595223775,0.0003734017869351714,0.009197088836189124,3.7532779324739147,3.8224796432836547,"[0. 0. 0. 0. 0. 0. 0. 0. 0. 0. 0. 0. 0. 0. 0. 0. 0. 0. 0. 0. 0. 0. 0. 0.
 0. 0. 0. 0. 0. 0. 0. 0. 0. 0. 0. 0.]","[0. 0. 0. 0. 0. 0. 0. 0. 0. 0. 0. 0. 0. 0. 0. 0. 0. 0. 0. 0. 0. 0. 0. 0.
 0. 0. 0. 0. 0. 0. 0. 0. 0. 0. 0. 0.]",0.0004786023910874962,0.00012340576040309334,0.014435906779525907,0.14165397371594632,-0.004150266066220183,9.795484528381007,"[3.99999998e-08 0.00000000e+00 0.00000000e+00 0.00000000e+00
 3.99999998e-08 0.00000000e+00 0.00000000e+00 0.00000000e+00
 3.99999998e-08]","[0.000289 0.       0.       0.       0.000289 0.       0.       0.
 0.000289]"
1786809853.6156473,-0.24990808218600968,-0.006778676722681572,0.0,0.0,-1.3818142699026714,-0.03748126969133631,0.12499999999999999,0.014244989803799698,0.0753738595223775,0.0003734017869351714,0.009197088836189124,3.753345479262375,3.8224120964951918,"[0. 0. 0. 0. 0. 0. 0. 0. 0. 0. 0. 0. 0. 0. 0. 0. 0. 0. 0. 0. 0. 0. 0. 0.
 0. 0. 0. 0. 0. 0. 0. 0. 0. 0. 0. 0.]","[0. 0. 0. 0. 0. 0. 0. 0. 0. 0. 0. 0. 0. 0. 0. 0. 0. 0. 0. 0. 0. 0. 0. 0.
 0. 0. 0. 0. 0. 0. 0. 0. 0. 0. 0. 0.]",2.6506215341084164e-05,-0.0001491883855427186,0.01441212271958096,0.17813421279445774,-0.021465202911039434,9.798316993440189,"[3.99999998e-08 0.00000000e+00 0.00000000e+00 0.00000000e+00
 3.99999998e-08 0.00000000e+00 0.00000000e+00 0.00000000e+00
 3.99999998e-08]","[0.000289 0.       0.       0.       0.000289 0.       0.       0.
 0.000289]"
1786809853.6696622,-0.24990786371922274,-0.0067867261101649725,0.0,0.0,-1.3793143789497955,-0.0374579205729272,0.12499999999999999,0.014107794890937001,0.07787375047525343,0.00039675090534428513,0.009482235698598292,3.75367807299139,3.8220795027661794,"[0. 0. 0. 0. 0. 0. 0. 0. 0. 0. 0. 0. 0. 0. 0. 0. 0. 0. 0. 0. 0. 0. 0. 0.
 0. 0. 0. 0. 0. 0. 0. 0. 0. 0. 0. 0.]","[0. 0. 0. 0. 0. 0. 0. 0. 0. 0. 0. 0. 0. 0. 0. 0. 0. 0. 0. 0. 0. 0. 0. 0.
 0. 0. 0. 0. 0. 0. 0. 0. 0. 0. 0. 0.]",0.0005061154215218375,-2.706669270786543e-05,0.01421339536297523,0.12447625708949267,-0.002801349802421332,9.808053871166727,"[3.99999998e-08 0.00000000e+00 0.00000000e+00 0.00000000e+00
 3.99999998e-08 0.00000000e+00 0.00000000e+00 0.00000000e+00
 3.99999998e-08]","[0.000289 0.       0.       0.       0.000289 0.       0.       0.
 0.000289]"
1786809853.721351,-0.24990764769509766,-0.006794676114647286,0.0,0.0,-1.3768144947174017,-0.03743386266021828,0.125,0.014142654063762665,0.08037363470764725,0.00042080881805320455,0.00976439159642165,3.7535935659057516,3.8221640098518184,"[0. 0. 0. 0. 0. 0. 0. 0. 0. 0. 0. 0. 0. 0. 0. 0. 0. 0. 0. 0. 0. 0. 0. 0.
 0. 0. 0. 0. 0. 0. 0. 0. 0. 0. 0. 0.]","[0. 0. 0. 0. 0. 0. 0. 0. 0. 0. 0. 0. 0. 0. 0. 0. 0. 0. 0. 0. 0. 0. 0. 0.
 0. 0. 0. 0. 0. 0. 0. 0. 0. 0. 0. 0.]",0.0001185263699202179,0.0003245056735788791,0.014161986211879418,0.09884838960579062,-0.008362005499806136,9.81863478918287,"[3.99999998e-08 0.00000000e+00 0.00000000e+00 0.00000000e+00
 3.99999998e-08 0.00000000e+00 0.00000000e+00 0.00000000e+00
 3.99999998e-08]","[0.000289 0.       0.       0.       0.000289 0.       0.       0.
 0.000289]"
1786809853.7658937,-0.24990743412519573,-0.00680252666007,0.0,0.0,-1.3743146173812733,-0.03740909851996061,0.125,0.014136250437862305,0.08287351204377556,0.00044557295831087085,0.010047244677643782,3.75360908984713,3.82214848591044,"[0. 0. 0. 0. 0. 0. 0. 0. 0. 0. 0. 0. 0. 0. 0. 0. 0. 0. 0. 0. 0. 0. 0. 0.
 0. 0. 0. 0. 0. 0. 0. 0. 0. 0. 0. 0.]","[0. 0. 0. 0. 0. 0. 0. 0. 0. 0. 0. 0. 0. 0. 0. 0. 0. 0. 0. 0. 0. 0. 0. 0.
 0. 0. 0. 0. 0. 0. 0. 0. 0. 0. 0. 0.]",0.0002645986560526547,-9.481802585271119e-05,0.01419627663310306,0.13992007437379947,0.011403110688295004,9.827644970414669,"[3.99999998e-08 0.00000000e+00 0.00000000e+00 0.00000000e+00
 3.99999998e-08 0.00000000e+00 0.00000000e+00 0.00000000e+00
 3.99999998e-08]","[0.000289 0.       0.       0.       0.000289 0.       0.       0.
 0.000289]"
1786809853.8178844,-0.24990722303844992,-0.0068102770289049635,0.0,0.0,-1.3718147471506257,-0.03738362719910492,0.125,0.014213426619583441,0.08537338227442307,0.000471044279166563,0.010330464761511284,3.753421996073457,3.822335579684113,"[0. 0. 0. 0. 0. 0. 0. 0. 0. 0. 0. 0. 0. 0. 0. 0. 0. 0. 0. 0. 0. 0. 0. 0.
 0. 0. 0. 0. 0. 0. 0. 0. 0. 0. 0. 0.]","[0. 0. 0. 0. 0. 0. 0. 0. 0. 0. 0. 0. 0. 0. 0. 0. 0. 0. 0. 0. 0. 0. 0. 0.
 0. 0. 0. 0. 0. 0. 0. 0. 0. 0. 0. 0.]",8.34359454336541e-05,0.00017396882613650235,0.013851727908630094,0.14462076870437687,0.017983477419050705,9.810376544421384,"[3.99999998e-08 0.00000000e+00 0.00000000e+00 0.00000000e+00
 3.99999998e-08 0.00000000e+00 0.00000000e+00 0.00000000e+00
 3.99999998e-08]","[0.000289 0.       0.       0.       0.000289 0.       0.       0.
 0.000289]"
1786809853.86662,-0.24990701447310093,-0.0068179261613283615,0.0,0.0,-1.3693148842549445,-0.03735744589699375,0.12499999999999999,0.014250877345675256,0.08787324517010435,0.0004972255812777298,0.010615145251832716,3.7533312064344453,3.8224263693231233,"[0. 0. 0. 0. 0. 0. 0. 0. 0. 0. 0. 0. 0. 0. 0. 0. 0. 0. 0. 0. 0. 0. 0. 0.
 0. 0. 0. 0. 0. 0. 0. 0. 0. 0. 0. 0.]","[0. 0. 0. 0. 0. 0. 0. 0. 0. 0. 0. 0. 0. 0. 0. 0. 0. 0. 0. 0. 0. 0. 0. 0.
 0. 0. 0. 0. 0. 0. 0. 0. 0. 0. 0. 0.]",0.00029584027495213367,-6.884552496211562e-05,0.014127694733941385,0.11221598988177188,-0.007226416334367379,9.810241922686997,"[3.99999998e-08 0.00000000e+00 0.00000000e+00 0.00000000e+00
 3.99999998e-08 0.00000000e+00 0.00000000e+00 0.00000000e+00
 3.99999998e-08]","[0.000289 0.       0.       0.       0.000289 0.       0.       0.
 0.000289]"
1786809853.9172168,-0.24990701447310093,-0.0068179261613283615,0.0,0.0,-1.3693148842549445,-0.03735744589699375,0.125,0.014227451400177334,0.08787324517010435,0.0004972255812777298,0.010615145251832716,3.753387996604627,3.822369579152941,"[0. 0. 0. 0. 0. 0. 0. 0. 0. 0. 0. 0. 0. 0. 0. 0. 0. 0. 0. 0. 0. 0. 0. 0.
 0. 0. 0. 0. 0. 0. 0. 0. 0. 0. 0. 0.]","[0. 0. 0. 0. 0. 0. 0. 0. 0. 0. 0. 0. 0. 0. 0. 0. 0. 0. 0. 0. 0. 0. 0. 0.
 0. 0. 0. 0. 0. 0. 0. 0. 0. 0. 0. 0.]",-1.540628622851193e-05,0.00041318129720780707,0.014249395520300318,0.11799458650721328,-0.008341442668618512,9.803990800910423,"[3.99999998e-08 0.00000000e+00 0.00000000e+00 0.00000000e+00
 3.99999998e-08 0.00000000e+00 0.00000000e+00 0.00000000e+00
 3.99999998e-08]","[0.000289 0.       0.       0.       0.000289 0.       0.       0.
 0.000289]"
1786809853.9726212,-0.24990680846439617,-0.006825473107382635,0.0,0.0,-1.366815028919001,-0.03733055245664574,0.125,0.014109469751495256,0.09037310050604783,0.0005241190216257485,0.010899692576220223,3.753674012723369,3.822083563034201,"[0. 0. 0. 0. 0. 0. 0. 0. 0. 0. 0. 0. 0. 0. 0. 0. 0. 0. 0. 0. 0. 0. 0. 0.
 0. 0. 0. 0. 0. 0. 0. 0. 0. 0. 0. 0.]","[0. 0. 0. 0. 0. 0. 0. 0. 0. 0. 0. 0. 0. 0. 0. 0. 0. 0. 0. 0. 0. 0. 0. 0.
 0. 0. 0. 0. 0. 0. 0. 0. 0. 0. 0. 0.]",0.0004505479344637218,7.122206303126942e-05,0.01402090565933312,0.08781437372903261,-0.03348517515829682,9.806754109581814,"[3.99999998e-08 0.00000000e+00 0.00000000e+00 0.00000000e+00
 3.99999998e-08 0.00000000e+00 0.00000000e+00 0.00000000e+00
 3.99999998e-08]","[0.000289 0.       0.       0.       0.000289 0.       0.       0.
 0.000289]"
1786809854.0204306,-0.24990680846439617,-0.006825473107382635,0.0,0.0,-1.366815028919001,-0.03733055245664574,0.125,0.014142081636298254,0.09037310050604783,0.0005241190216257485,0.010899692576220223,3.753594953608695,3.8221626221488756,"[0. 0. 0. 0. 0. 0. 0. 0. 0. 0. 0. 0. 0. 0. 0. 0. 0. 0. 0. 0. 0. 0. 0. 0.
 0. 0. 0. 0. 0. 0. 0. 0. 0. 0. 0. 0.]","[0. 0. 0. 0. 0. 0. 0. 0. 0. 0. 0. 0. 0. 0. 0. 0. 0. 0. 0. 0. 0. 0. 0. 0.
 0. 0. 0. 0. 0. 0. 0. 0. 0. 0. 0. 0.]",-4.033349753106814e-06,0.00022457234591534623,0.013970663968487992,0.12095922236305857,0.0037518630043836534,9.81567786097497,"[3.99999998e-08 0.00000000e+00 0.00000000e+00 0.00000000e+00
 3.99999998e-08 0.00000000e+00 0.00000000e+00 0.00000000e+00
 3.99999998e-08]","[0.000289 0.       0.       0.       0.000289 0.       0.       0.
 0.000289]"
1786809854.0693674,-0.2499066050180843,-0.006832917995644254,0.0,0.0,-1.3643151813039178,-0.03730295064985415,0.125,0.014044193843286772,0.09287294812113107,0.0005517208284173301,0.011182338537588274,3.753832257349331,3.8219253184082396,"[0. 0. 0. 0. 0. 0. 0. 0. 0. 0. 0. 0. 0. 0. 0. 0. 0. 0. 0. 0. 0. 0. 0. 0.
 0. 0. 0. 0. 0. 0. 0. 0. 0. 0. 0. 0.]","[0. 0. 0. 0. 0. 0. 0. 0. 0. 0. 0. 0. 0. 0. 0. 0. 0. 0. 0. 0. 0. 0. 0. 0.
 0. 0. 0. 0. 0. 0. 0. 0. 0. 0. 0. 0.]",0.0003472253362329961,0.00017912793370892502,0.01374929247935872,0.12120337362369767,-0.004277450270688157,9.805820630618745,"[3.99999998e-08 0.00000000e+00 0.00000000e+00 0.00000000e+00
 3.99999998e-08 0.00000000e+00 0.00000000e+00 0.00000000e+00
 3.99999998e-08]","[0.000289 0.       0.       0.       0.000289 0.       0.       0.
 0.000289]"
1786809854.1233408,-0.24990640414181167,-0.006840260880221603,0.0,0.0,-1.3618153415724041,-0.037274643837287805,0.12499999999999999,0.014066255850718386,0.09537278785264465,0.0005800276409836788,0.011463440252170495,3.75377877369495,3.821978802062619,"[0. 0. 0. 0. 0. 0. 0. 0. 0. 0. 0. 0. 0. 0. 0. 0. 0. 0. 0. 0. 0. 0. 0. 0.
 0. 0. 0. 0. 0. 0. 0. 0. 0. 0. 0. 0.]","[0. 0. 0. 0. 0. 0. 0. 0. 0. 0. 0. 0. 0. 0. 0. 0. 0. 0. 0. 0. 0. 0. 0. 0.
 0. 0. 0. 0. 0. 0. 0. 0. 0. 0. 0. 0.]",9.474261510732198e-05,-0.0002648096268501878,0.014021255075890339,0.09677173032964045,0.03847460905701422,9.792776232222007,"[3.99999998e-08 0.00000000e+00 0.00000000e+00 0.00000000e+00
 3.99999998e-08 0.00000000e+00 0.00000000e+00 0.00000000e+00
 3.99999998e-08]","[0.000289 0.       0.       0.       0.000289 0.       0.       0.
 0.000289]"
1786809854.170949,-0.24990640414181167,-0.006840260880221603,0.0,0.0,-1.3618153415724041,-0.037274643837287805,0.12499999999999999,0.01418022306650496,0.0978726195231995,0.0006090375958566005,0.011745563139517034,3.753502489535465,3.8222550862221043,"[0. 0. 0. 0. 0. 0. 0. 0. 0. 0. 0. 0. 0. 0. 0. 0. 0. 0. 0. 0. 0. 0. 0. 0.
 0. 0. 0. 0. 0. 0. 0. 0. 0. 0. 0. 0.]","[0. 0. 0. 0. 0. 0. 0. 0. 0. 0. 0. 0. 0. 0. 0. 0. 0. 0. 0. 0. 0. 0. 0. 0.
 0. 0. 0. 0. 0. 0. 0. 0. 0. 0. 0. 0.]",0.00020525618691156605,-0.0002949485843462136,0.014029007779900342,0.13954443766336372,0.0005371617456808558,9.772734888726362,"[3.99999998e-08 0.00000000e+00 0.00000000e+00 0.00000000e+00
 3.99999998e-08 0.00000000e+00 0.00000000e+00 0.00000000e+00
 3.99999998e-08]","[0.000289 0.       0.       0.       0.000289 0.       0.       0.
 0.000289]"
1786809854.2152863,-0.24990620585062126,-0.0068475015404832204,0.0,0.0,-1.3593155099018492,-0.037245633882414884,0.12499999999999999,0.014080624307147446,0.0978726195231995,0.0006090375958566005,0.011745563139517034,3.753743941073304,3.822013634684266,"[0. 0. 0. 0. 0. 0. 0. 0. 0. 0. 0. 0. 0. 0. 0. 0. 0. 0. 0. 0. 0. 0. 0. 0.
 0. 0. 0. 0. 0. 0. 0. 0. 0. 0. 0. 0.]","[0. 0. 0. 0. 0. 0. 0. 0. 0. 0. 0. 0. 0. 0. 0. 0. 0. 0. 0. 0. 0. 0. 0. 0.
 0. 0. 0. 0. 0. 0. 0. 0. 0. 0. 0. 0.]",0.000388547402066677,-0.00030856181512387877,0.013774604036153564,0.11860117602502798,0.03908044790317207,9.814774468793784,"[3.99999998e-08 0.00000000e+00 0.00000000e+00 0.00000000e+00
 3.99999998e-08 0.00000000e+00 0.00000000e+00 0.00000000e+00
 3.99999998e-08]","[0.000289 0.       0.       0.       0.000289 0.       0.       0.
 0.000289]"
1786809854.2677186,-0.24990601018515013,-0.006854638819051942,0.0,0.0,-1.3568156865282186,-0.03721591756950706,0.125,0.01412684826421695,0.1003724428968303,0.0006387539087644241,0.01202767361961725,3.753631882995559,3.8221256927620115,"[0. 0. 0. 0. 0. 0. 0. 0. 0. 0. 0. 0. 0. 0. 0. 0. 0. 0. 0. 0. 0. 0. 0. 0.
 0. 0. 0. 0. 0. 0. 0. 0. 0. 0. 0. 0.]","[0. 0. 0. 0. 0. 0. 0. 0. 0. 0. 0. 0. 0. 0. 0. 0. 0. 0. 0. 0. 0. 0. 0. 0.
 0. 0. 0. 0. 0. 0. 0. 0. 0. 0. 0. 0.]",0.00028873272671937753,-1.859127617832536e-05,0.014105197410534795,0.13724064850813936,-0.006652337422419902,9.784184876136504,"[3.99999998e-08 0.00000000e+00 0.00000000e+00 0.00000000e+00
 3.99999998e-08 0.00000000e+00 0.00000000e+00 0.00000000e+00
 3.99999998e-08]","[0.000289 0.       0.       0.       0.000289 0.       0.       0.
 0.000289]"
1786809854.3322275,-0.2499058171624812,-0.006861672416585612,0.0,0.0,-1.354315871633121,-0.03718549638117124,0.125,0.014177325007358924,0.10287225779192788,0.000669175097100245,0.01231002568900302,3.7535095151333953,3.822248060624174,"[0. 0. 0. 0. 0. 0. 0. 0. 0. 0. 0. 0. 0. 0. 0. 0. 0. 0. 0. 0. 0. 0. 0. 0.
 0. 0. 0. 0. 0. 0. 0. 0. 0. 0. 0. 0.]","[0. 0. 0. 0. 0. 0. 0. 0. 0. 0. 0. 0. 0. 0. 0. 0. 0. 0. 0. 0. 0. 0. 0. 0.
 0. 0. 0. 0. 0. 0. 0. 0. 0. 0. 0. 0.]",0.00038779871563681117,2.4465236152096542e-05,0.014107300540612449,0.10485219850012541,-0.04018195077947357,9.79221339118074,"[3.99999998e-08 0.00000000e+00 0.00000000e+00 0.00000000e+00
 3.99999998e-08 0.00000000e+00 0.00000000e+00 0.00000000e+00
 3.99999998e-08]","[0.000289 0.       0.       0.       0.000289 0.       0.       0.
 0.000289]"
1786809854.3791652,-0.24990562681992123,-0.006868601294460734,0.0,0.0,-1.3518160654465796,-0.037154367811373476,0.125,0.014184286280432864,0.10537206397846913,0.000700303666898007,0.012593521712329135,3.753492639319882,3.8222649364376875,"[0. 0. 0. 0. 0. 0. 0. 0. 0. 0. 0. 0. 0. 0. 0. 0. 0. 0. 0. 0. 0. 0. 0. 0.
 0. 0. 0. 0. 0. 0. 0. 0. 0. 0. 0. 0.]","[0. 0. 0. 0. 0. 0. 0. 0. 0. 0. 0. 0. 0. 0. 0. 0. 0. 0. 0. 0. 0. 0. 0. 0.
 0. 0. 0. 0. 0. 0. 0. 0. 0. 0. 0. 0.]",0.0002984254642737642,0.00020668585845108576,0.014213720902040716,0.12143318300737876,-0.0056584060100504305,9.760601313297302,"[3.99999998e-08 0.00000000e+00 0.00000000e+00 0.00000000e+00
 3.99999998e-08 0.00000000e+00 0.00000000e+00 0.00000000e+00
 3.99999998e-08]","[0.000289 0.       0.       0.       0.000289 0.       0.       0.
 0.000289]"
1786809854.4165769,-0.24990562681992123,-0.006868601294460734,0.0,0.0,-1.3518160654465796,-0.037154367811373476,0.125,0.014275910156094977,0.10537206397846913,0.000700303666898007,0.012593521712329135,3.753270520833427,3.822487054924143,"[0. 0. 0. 0. 0. 0. 0. 0. 0. 0. 0. 0. 0. 0. 0. 0. 0. 0. 0. 0. 0. 0. 0. 0.
 0. 0. 0. 0. 0. 0. 0. 0. 0. 0. 0. 0.]","[0. 0. 0. 0. 0. 0. 0. 0. 0. 0. 0. 0. 0. 0. 0. 0. 0. 0. 0. 0. 0. 0. 0. 0.
 0. 0. 0. 0. 0. 0. 0. 0. 0. 0. 0. 0.]",0.00026965812244080536,0.00042343720158937814,0.014634838417955183,0.10588428994184945,0.03304706005604041,9.785309815128251,"[3.99999998e-08 0.00000000e+00 0.00000000e+00 0.00000000e+00
 3.99999998e-08 0.00000000e+00 0.00000000e+00 0.00000000e+00
 3.99999998e-08]","[0.000289 0.       0.       0.       0.000289 0.       0.       0.
 0.000289]"
1786809854.4663494,-0.2499054391931041,-0.006875424474295843,0.0,0.0,-1.3493162681960362,-0.03712252972114004,0.125,0.014168514407802021,0.10787186122901256,0.000732141757131448,0.01287810975399437,3.7535308741626245,3.822226701594946,"[0. 0. 0. 0. 0. 0. 0. 0. 0. 0. 0. 0. 0. 0. 0. 0. 0. 0. 0. 0. 0. 0. 0. 0.
 0. 0. 0. 0. 0. 0. 0. 0. 0. 0. 0. 0.]","[0. 0. 0. 0. 0. 0. 0. 0. 0. 0. 0. 0. 0. 0. 0. 0. 0. 0. 0. 0. 0. 0. 0. 0.
 0. 0. 0. 0. 0. 0. 0. 0. 0. 0. 0. 0.]",0.00013236507154342313,-7.986115997412139e-05,0.014107984997996939,0.10779936261063644,0.017690974867171444,9.814379730154569,"[3.99999998e-08 0.00000000e+00 0.00000000e+00 0.00000000e+00
 3.99999998e-08 0.00000000e+00 0.00000000e+00 0.00000000e+00
 3.99999998e-08]","[0.000289 0.       0.       0.       0.000289 0.       0.       0.
 0.000289]"
1786809854.5291822,-0.24990525431456995,-0.0068821410890877,0.0,0.0,-1.3468164801023004,-0.03708998061123243,0.12499999999999999,0.014200798089533298,0.11037164932274852,0.0007646908670390592,0.013161823968494985,3.753452610691759,3.82230496506581,"[0. 0. 0. 0. 0. 0. 0. 0. 0. 0. 0. 0. 0. 0. 0. 0. 0. 0. 0. 0. 0. 0. 0. 0.
 0. 0. 0. 0. 0. 0. 0. 0. 0. 0. 0. 0.]","[0. 0. 0. 0. 0. 0. 0. 0. 0. 0. 0. 0. 0. 0. 0. 0. 0. 0. 0. 0. 0. 0. 0. 0.
 0. 0. 0. 0. 0. 0. 0. 0. 0. 0. 0. 0.]",0.00013398529175563382,0.0002921525792029766,0.014439699493361153,0.1160108804018176,0.011862279365856382,9.822605299603365,"[3.99999998e-08 0.00000000e+00 0.00000000e+00 0.00000000e+00
 3.99999998e-08 0.00000000e+00 0.00000000e+00 0.00000000e+00
 3.99999998e-08]","[0.000289 0.       0.       0.       0.000289 0.       0.       0.
 0.000289]"
1786809854.5652447,-0.24990507220167898,-0.006888750820984238,0.0,0.0,-1.344316701347909,-0.03705672197241226,0.12499999999999999,0.014226504870694772,0.11287142807713996,0.0007979495058592216,0.013445968464152747,3.7533902912222765,3.822367284535293,"[0. 0. 0. 0. 0. 0. 0. 0. 0. 0. 0. 0. 0. 0. 0. 0. 0. 0. 0. 0. 0. 0. 0. 0.
 0. 0. 0. 0. 0. 0. 0. 0. 0. 0. 0. 0.]","[0. 0. 0. 0. 0. 0. 0. 0. 0. 0. 0. 0. 0. 0. 0. 0. 0. 0. 0. 0. 0. 0. 0. 0.
 0. 0. 0. 0. 0. 0. 0. 0. 0. 0. 0. 0.]",0.00016885251133268105,-0.0003616948875491075,0.014555886086494692,0.0986884173440934,0.02936416217609142,9.796845058493467,"[3.99999998e-08 0.00000000e+00 0.00000000e+00 0.00000000e+00
 3.99999998e-08 0.00000000e+00 0.00000000e+00 0.00000000e+00
 3.99999998e-08]","[0.000289 0.       0.       0.       0.000289 0.       0.       0.
 0.000289]"
1786809854.6156533,-0.24990489288919066,-0.006895252717786968,0.0,0.0,-1.3418169321601894,-0.03702275190087048,0.125,0.014270039791265085,0.11537119726485935,0.0008319195774010053,0.013731108050388241,3.7532847520208934,3.822472823736676,"[0. 0. 0. 0. 0. 0. 0. 0. 0. 0. 0. 0. 0. 0. 0. 0. 0. 0. 0. 0. 0. 0. 0. 0.
 0. 0. 0. 0. 0. 0. 0. 0. 0. 0. 0. 0.]","[0. 0. 0. 0. 0. 0. 0. 0. 0. 0. 0. 0. 0. 0. 0. 0. 0. 0. 0. 0. 0. 0. 0. 0.
 0. 0. 0. 0. 0. 0. 0. 0. 0. 0. 0. 0.]",3.49426412507342e-05,9.044278933468321e-05,0.014341909313370154,0.11781637313543646,0.017332133106771622,9.794235131864664,"[3.99999998e-08 0.00000000e+00 0.00000000e+00 0.00000000e+00
 3.99999998e-08 0.00000000e+00 0.00000000e+00 0.00000000e+00
 3.99999998e-08]","[0.000289 0.       0.       0.       0.000289 0.       0.       0.
 0.000289]"
1786809854.6668053,-0.2499047164128915,-0.0069016457886713735,0.0,0.0,-1.3393171727703697,-0.03698806832390395,0.125,0.014288780167605916,0.1178709566546792,0.0008666031543675306,0.014016733730702006,3.753239320805521,3.822518254952049,"[0. 0. 0. 0. 0. 0. 0. 0. 0. 0. 0. 0. 0. 0. 0. 0. 0. 0. 0. 0. 0. 0. 0. 0.
 0. 0. 0. 0. 0. 0. 0. 0. 0. 0. 0. 0.]","[0. 0. 0. 0. 0. 0. 0. 0. 0. 0. 0. 0. 0. 0. 0. 0. 0. 0. 0. 0. 0. 0. 0. 0.
 0. 0. 0. 0. 0. 0. 0. 0. 0. 0. 0. 0.]",0.0002503739040669884,0.00024489603692734766,0.01419800625152737,0.11849963471028215,0.002981117859621638,9.790152085298224,"[3.99999998e-08 0.00000000e+00 0.00000000e+00 0.00000000e+00
 3.99999998e-08 0.00000000e+00 0.00000000e+00 0.00000000e+00
 3.99999998e-08]","[0.000289 0.       0.       0.       0.000289 0.       0.       0.
 0.000289]"
1786809854.715364,-0.24990454280256275,-0.006907929258618876,0.0,0.0,-1.3393171727703697,-0.03698806832390395,0.125,0.01430312913873091,0.12037070603047952,0.0009020011148732599,0.014302652823744346,3.753204535420975,3.822553040336595,"[0. 0. 0. 0. 0. 0. 0. 0. 0. 0. 0. 0. 0. 0. 0. 0. 0. 0. 0. 0. 0. 0. 0. 0.
 0. 0. 0. 0. 0. 0. 0. 0. 0. 0. 0. 0.]","[0. 0. 0. 0. 0. 0. 0. 0. 0. 0. 0. 0. 0. 0. 0. 0. 0. 0. 0. 0. 0. 0. 0. 0.
 0. 0. 0. 0. 0. 0. 0. 0. 0. 0. 0. 0.]",0.0004870772324313177,-0.00022307901384816512,0.014162044793602292,0.15434606935295586,-0.007091648793680873,9.760086958174945,"[3.99999998e-08 0.00000000e+00 0.00000000e+00 0.00000000e+00
 3.99999998e-08 0.00000000e+00 0.00000000e+00 0.00000000e+00
 3.99999998e-08]","[0.000289 0.       0.       0.       0.000289 0.       0.       0.
 0.000289]"
1786809854.7661874,-0.24990454280256275,-0.006907929258618876,0.0,0.0,-1.3368174233945693,-0.03695267036339822,0.125,0.014288441172534945,0.12037070603047952,0.0009020011148732599,0.014302652823744346,3.753240142611753,3.822517433145818,"[0. 0. 0. 0. 0. 0. 0. 0. 0. 0. 0. 0. 0. 0. 0. 0. 0. 0. 0. 0. 0. 0. 0. 0.
 0. 0. 0. 0. 0. 0. 0. 0. 0. 0. 0. 0.]","[0. 0. 0. 0. 0. 0. 0. 0. 0. 0. 0. 0. 0. 0. 0. 0. 0. 0. 0. 0. 0. 0. 0. 0.
 0. 0. 0. 0. 0. 0. 0. 0. 0. 0. 0. 0.]",0.0003779105658337514,-3.086551361627872e-05,0.014450608367888518,0.10049162986151622,0.029319027087694745,9.815601662291844,"[3.99999998e-08 0.00000000e+00 0.00000000e+00 0.00000000e+00
 3.99999998e-08 0.00000000e+00 0.00000000e+00 0.00000000e+00
 3.99999998e-08]","[0.000289 0.       0.       0.       0.000289 0.       0.       0.
 0.000289]"
1786809854.8212404,-0.24990437208588623,-0.0069141024261234535,0.0,0.0,-1.3343176842435294,-0.03691655756497526,0.125,0.014194276381366992,0.12287044518151938,0.0009381139132962284,0.014588350821516733,3.75346842089346,3.822289154864113,"[0. 0. 0. 0. 0. 0. 0. 0. 0. 0. 0. 0. 0. 0. 0. 0. 0. 0. 0. 0. 0. 0. 0. 0.
 0. 0. 0. 0. 0. 0. 0. 0. 0. 0. 0. 0.]","[0. 0. 0. 0. 0. 0. 0. 0. 0. 0. 0. 0. 0. 0. 0. 0. 0. 0. 0. 0. 0. 0. 0. 0.
 0. 0. 0. 0. 0. 0. 0. 0. 0. 0. 0. 0.]",8.807808162824326e-05,0.00012414072743289911,0.014350789943450369,0.06944502716026643,-0.010146059725097653,9.780908107973532,"[3.99999998e-08 0.00000000e+00 0.00000000e+00 0.00000000e+00
 3.99999998e-08 0.00000000e+00 0.00000000e+00 0.00000000e+00
 3.99999998e-08]","[0.000289 0.       0.       0.       0.000289 0.       0.       0.
 0.000289]"
1786809854.8662376,-0.24990420427262183,-0.006920165234133193,0.0,0.0,-1.3318179554772867,-0.03687973293812235,0.125,0.014223998652243509,0.12537017394776215,0.0009749385401491365,0.014872563294078978,3.7533963669033694,3.8223612088542,"[0. 0. 0. 0. 0. 0. 0. 0. 0. 0. 0. 0. 0. 0. 0. 0. 0. 0. 0. 0. 0. 0. 0. 0.
 0. 0. 0. 0. 0. 0. 0. 0. 0. 0. 0. 0.]","[0. 0. 0. 0. 0. 0. 0. 0. 0. 0. 0. 0. 0. 0. 0. 0. 0. 0. 0. 0. 0. 0. 0. 0.
 0. 0. 0. 0. 0. 0. 0. 0. 0. 0. 0. 0.]",0.00035890827617604244,1.4538613984923852e-05,0.014264083921656344,0.12489565568768986,-0.014354230541548578,9.775381844905723,"[3.99999998e-08 0.00000000e+00 0.00000000e+00 0.00000000e+00
 3.99999998e-08 0.00000000e+00 0.00000000e+00 0.00000000e+00
 3.99999998e-08]","[0.000289 0.       0.       0.       0.000289 0.       0.       0.
 0.000289]"
1786809854.915588,-0.24990387744920095,-0.006931957577392189,0.0,0.0,-1.3268185298861863,-0.036803949806415145,0.125,0.014260263322110093,0.1303695995388625,0.0010507216718563354,0.01544221226884371,3.7533084525521754,3.822449123205395,"[0. 0. 0. 0. 0. 0. 0. 0. 0. 0. 0. 0. 0. 0. 0. 0. 0. 0. 0. 0. 0. 0. 0. 0.
 0. 0. 0. 0. 0. 0. 0. 0. 0. 0. 0. 0.]","[0. 0. 0. 0. 0. 0. 0. 0. 0. 0. 0. 0. 0. 0. 0. 0. 0. 0. 0. 0. 0. 0. 0. 0.
 0. 0. 0. 0. 0. 0. 0. 0. 0. 0. 0. 0.]",0.00029681989685288366,0.00018608688135749444,0.014116398531155466,0.12566363351993537,0.011163122456278375,9.804027413124075,"[3.99999998e-08 0.00000000e+00 0.00000000e+00 0.00000000e+00
 3.99999998e-08 0.00000000e+00 0.00000000e+00 0.00000000e+00
 3.99999998e-08]","[0.000289 0.       0.       0.       0.000289 0.       0.       0.
 0.000289]"
1786809854.9650693,-0.24990356256887136,-0.006943300035731049,0.0,0.0,-1.32181914834305,-0.03672531453964751,0.125,0.014376355882978756,0.135368981081999,0.0011293569386239771,0.01601424809740317,3.7530270160409755,3.8227305597165935,"[0. 0. 0. 0. 0. 0. 0. 0. 0. 0. 0. 0. 0. 0. 0. 0. 0. 0. 0. 0. 0. 0. 0. 0.
 0. 0. 0. 0. 0. 0. 0. 0. 0. 0. 0. 0.]","[0. 0. 0. 0. 0. 0. 0. 0. 0. 0. 0. 0. 0. 0. 0. 0. 0. 0. 0. 0. 0. 0. 0. 0.
 0. 0. 0. 0. 0. 0. 0. 0. 0. 0. 0. 0.]",0.00018663282480525982,0.0004522593321895183,0.014275926674901686,0.12129807468669461,0.010342368775843686,9.811557792385567,"[3.99999998e-08 0.00000000e+00 0.00000000e+00 0.00000000e+00
 3.99999998e-08 0.00000000e+00 0.00000000e+00 0.00000000e+00
 3.99999998e-08]","[0.000289 0.       0.       0.       0.000289 0.       0.       0.
 0.000289]"
1786809855.014994,-0.24990325993654341,-0.006954183854946821,0.0,0.0,-1.3168198127875654,-0.03664380802510009,0.12499999999999999,0.01449468519222005,0.14036831663748348,0.0012108634531713958,0.01659084061356054,3.752740157109478,3.823017418648091,"[0. 0. 0. 0. 0. 0. 0. 0. 0. 0. 0. 0. 0. 0. 0. 0. 0. 0. 0. 0. 0. 0. 0. 0.
 0. 0. 0. 0. 0. 0. 0. 0. 0. 0. 0. 0.]","[0. 0. 0. 0. 0. 0. 0. 0. 0. 0. 0. 0. 0. 0. 0. 0. 0. 0. 0. 0. 0. 0. 0. 0.
 0. 0. 0. 0. 0. 0. 0. 0. 0. 0. 0. 0.]",8.233551375844985e-05,0.00019232544715932012,0.01456754047417462,0.10316448431995665,0.04569618680022124,9.80710255967624,"[3.99999998e-08 0.00000000e+00 0.00000000e+00 0.00000000e+00
 3.99999998e-08 0.00000000e+00 0.00000000e+00 0.00000000e+00
 3.99999998e-08]","[0.000289 0.       0.       0.       0.000289 0.       0.       0.
 0.000289]"
1786809855.0654078,-0.24990325993654341,-0.006954183854946821,0.0,0.0,-1.3168198127875654,-0.03664380802510009,0.12499999999999999,0.014559184800355125,0.14036831663748348,0.0012108634531713958,0.01659084061356054,3.7525837944230886,3.82317378133448,"[0. 0. 0. 0. 0. 0. 0. 0. 0. 0. 0. 0. 0. 0. 0. 0. 0. 0. 0. 0. 0. 0. 0. 0.
 0. 0. 0. 0. 0. 0. 0. 0. 0. 0. 0. 0.]","[0. 0. 0. 0. 0. 0. 0. 0. 0. 0. 0. 0. 0. 0. 0. 0. 0. 0. 0. 0. 0. 0. 0. 0.
 0. 0. 0. 0. 0. 0. 0. 0. 0. 0. 0. 0.]",0.00012521361387554005,0.0005148009008272658,0.014234178252218463,0.09015063736449327,-0.012647325652877506,9.789101717813976,"[3.99999998e-08 0.00000000e+00 0.00000000e+00 0.00000000e+00
 3.99999998e-08 0.00000000e+00 0.00000000e+00 0.00000000e+00
 3.99999998e-08]","[0.000289 0.       0.       0.       0.000289 0.       0.       0.
 0.000289]"
1786809855.1174843,-0.24990311332029974,-0.006959450612040743,0.0,0.0,-1.3143201629045818,-0.036601970021958787,0.12499999999999999,0.014429380236841715,0.142867966520467,0.0012527014563126985,0.016881443812996437,3.7528984721528205,3.8228591036047477,"[0. 0. 0. 0. 0. 0. 0. 0. 0. 0. 0. 0. 0. 0. 0. 0. 0. 0. 0. 0. 0. 0. 0. 0.
 0. 0. 0. 0. 0. 0. 0. 0. 0. 0. 0. 0.]","[0. 0. 0. 0. 0. 0. 0. 0. 0. 0. 0. 0. 0. 0. 0. 0. 0. 0. 0. 0. 0. 0. 0. 0.
 0. 0. 0. 0. 0. 0. 0. 0. 0. 0. 0. 0.]",0.00015902486867515683,0.00013617324694111777,0.014318599820603338,0.1230726247826098,-0.004335258733511175,9.818142591664328,"[3.99999998e-08 0.00000000e+00 0.00000000e+00 0.00000000e+00
 3.99999998e-08 0.00000000e+00 0.00000000e+00 0.00000000e+00
 3.99999998e-08]","[0.000289 0.       0.       0.       0.000289 0.       0.       0.
 0.000289]"
1786809855.1650295,-0.24990311332029974,-0.006959450612040743,0.0,0.0,-1.3143201629045818,-0.036601970021958787,0.125,0.01442047895389113,0.14536760417109124,0.001295264024591215,0.017170090012254804,3.752920051020579,3.8228375247369915,"[0. 0. 0. 0. 0. 0. 0. 0. 0. 0. 0. 0. 0. 0. 0. 0. 0. 0. 0. 0. 0. 0. 0. 0.
 0. 0. 0. 0. 0. 0. 0. 0. 0. 0. 0. 0.]","[0. 0. 0. 0. 0. 0. 0. 0. 0. 0. 0. 0. 0. 0. 0. 0. 0. 0. 0. 0. 0. 0. 0. 0.
 0. 0. 0. 0. 0. 0. 0. 0. 0. 0. 0. 0.]",0.00038222862198768735,6.481651601867392e-06,0.014269848768799314,0.10921834928378592,0.00972008469008633,9.77659121159927,"[3.99999998e-08 0.00000000e+00 0.00000000e+00 0.00000000e+00
 3.99999998e-08 0.00000000e+00 0.00000000e+00 0.00000000e+00
 3.99999998e-08]","[0.000289 0.       0.       0.       0.000289 0.       0.       0.
 0.000289]"
1786809855.2198164,-0.2499029698795041,-0.006964599443160005,0.0,0.0,-1.3118205252539576,-0.03655940745368027,0.125,0.01441223988609781,0.14536760417109124,0.001295264024591215,0.017170090012254804,3.752940024518261,3.822817551239309,"[0. 0. 0. 0. 0. 0. 0. 0. 0. 0. 0. 0. 0. 0. 0. 0. 0. 0. 0. 0. 0. 0. 0. 0.
 0. 0. 0. 0. 0. 0. 0. 0. 0. 0. 0. 0.]","[0. 0. 0. 0. 0. 0. 0. 0. 0. 0. 0. 0. 0. 0. 0. 0. 0. 0. 0. 0. 0. 0. 0. 0.
 0. 0. 0. 0. 0. 0. 0. 0. 0. 0. 0. 0.]",0.00020993940436489763,7.11994930868322e-05,0.01450181278905254,0.09266484639173617,0.018936945486945155,9.806863949510044,"[3.99999998e-08 0.00000000e+00 0.00000000e+00 0.00000000e+00
 3.99999998e-08 0.00000000e+00 0.00000000e+00 0.00000000e+00
 3.99999998e-08]","[0.000289 0.       0.       0.       0.000289 0.       0.       0.
 0.000289]"
1786809855.26747,-0.2499028296209007,-0.00696963036803741,0.0,0.0,-1.309320899982751,-0.03651612396653967,0.125,0.014315992155930848,0.14786722944229772,0.0013385475117318108,0.01745839248346731,3.7531733523489708,3.8225842234085996,"[0. 0. 0. 0. 0. 0. 0. 0. 0. 0. 0. 0. 0. 0. 0. 0. 0. 0. 0. 0. 0. 0. 0. 0.
 0. 0. 0. 0. 0. 0. 0. 0. 0. 0. 0. 0.]","[0. 0. 0. 0. 0. 0. 0. 0. 0. 0. 0. 0. 0. 0. 0. 0. 0. 0. 0. 0. 0. 0. 0. 0.
 0. 0. 0. 0. 0. 0. 0. 0. 0. 0. 0. 0.]",6.293294631268716e-05,-0.00017484991594804043,0.014580817532598413,0.11231173609279348,0.005737909041960625,9.804062754371747,"[3.99999998e-08 0.00000000e+00 0.00000000e+00 0.00000000e+00
 3.99999998e-08 0.00000000e+00 0.00000000e+00 0.00000000e+00
 3.99999998e-08]","[0.000289 0.       0.       0.       0.000289 0.       0.       0.
 0.000289]"
1786809855.317877,-0.24990269255932304,-0.006974543110516938,0.0,0.0,-1.306821287261925,-0.03647212165825663,0.125,0.014326424785472277,0.15036684216312388,0.0013825498200148534,0.017745074098322357,3.753148061125839,3.8226095146317305,"[0. 0. 0. 0. 0. 0. 0. 0. 0. 0. 0. 0. 0. 0. 0. 0. 0. 0. 0. 0. 0. 0. 0. 0.
 0. 0. 0. 0. 0. 0. 0. 0. 0. 0. 0. 0.]","[0. 0. 0. 0. 0. 0. 0. 0. 0. 0. 0. 0. 0. 0. 0. 0. 0. 0. 0. 0. 0. 0. 0. 0.
 0. 0. 0. 0. 0. 0. 0. 0. 0. 0. 0. 0.]",-3.719398593091843e-05,-9.506953214235968e-05,0.01451421534518519,0.13712891154595563,0.04997655845365298,9.818224581334581,"[3.99999998e-08 0.00000000e+00 0.00000000e+00 0.00000000e+00
 3.99999998e-08 0.00000000e+00 0.00000000e+00 0.00000000e+00
 3.99999998e-08]","[0.000289 0.       0.       0.       0.000289 0.       0.       0.
 0.000289]"
1786809855.3671427,-0.24990269255932304,-0.006974543110516938,0.0,0.0,-1.306821287261925,-0.03647212165825663,0.12499999999999999,0.014308953173707518,0.15036684216312388,0.0013825498200148534,0.017745074098322357,3.753148061125839,3.822609514631731,"[0. 0. 0. 0. 0. 0. 0. 0. 0. 0. 0. 0. 0. 0. 0. 0. 0. 0. 0. 0. 0. 0. 0. 0.
 0. 0. 0. 0. 0. 0. 0. 0. 0. 0. 0. 0.]","[0. 0. 0. 0. 0. 0. 0. 0. 0. 0. 0. 0. 0. 0. 0. 0. 0. 0. 0. 0. 0. 0. 0. 0.
 0. 0. 0. 0. 0. 0. 0. 0. 0. 0. 0. 0.]",0.0005124473234329472,-4.158007652992276e-05,0.014348412976095572,0.12303027004533991,0.03534565754668884,9.789045250985989,"[3.99999998e-08 0.00000000e+00 0.00000000e+00 0.00000000e+00
 3.99999998e-08 0.00000000e+00 0.00000000e+00 0.00000000e+00
 3.99999998e-08]","[0.000289 0.       0.       0.       0.000289 0.       0.       0.
 0.000289]"
1786809855.4209113,-0.2499025587053155,-0.006979337542800065,0.0,0.0,-1.304321687246757,-0.036427403412160365,0.12499999999999999,0.014237341799504415,0.15286644217829193,0.0014272680661111203,0.01803105062464956,3.7533640198797023,3.822393555877867,"[0. 0. 0. 0. 0. 0. 0. 0. 0. 0. 0. 0. 0. 0. 0. 0. 0. 0. 0. 0. 0. 0. 0. 0.
 0. 0. 0. 0. 0. 0. 0. 0. 0. 0. 0. 0.]","[0. 0. 0. 0. 0. 0. 0. 0. 0. 0. 0. 0. 0. 0. 0. 0. 0. 0. 0. 0. 0. 0. 0. 0.
 0. 0. 0. 0. 0. 0. 0. 0. 0. 0. 0. 0.]",0.0002796393686358404,1.6776061360087076e-05,0.013904967312300683,0.120579905023551,-0.01678490768866643,9.808480256020724,"[3.99999998e-08 0.00000000e+00 0.00000000e+00 0.00000000e+00
 3.99999998e-08 0.00000000e+00 0.00000000e+00 0.00000000e+00
 3.99999998e-08]","[0.000289 0.       0.       0.       0.000289 0.       0.       0.
 0.000289]"
1786809855.4659755,-0.2499025587053155,-0.006979337542800065,0.0,0.0,-1.304321687246757,-0.036427403412160365,0.12499999999999999,0.01426921743396601,0.15536602933023103,0.0014726996351156411,0.018316307470742955,3.7532867456143393,3.8224708301432284,"[0. 0. 0. 0. 0. 0. 0. 0. 0. 0. 0. 0. 0. 0. 0. 0. 0. 0. 0. 0. 0. 0. 0. 0.
 0. 0. 0. 0. 0. 0. 0. 0. 0. 0. 0. 0.]","[0. 0. 0. 0. 0. 0. 0. 0. 0. 0. 0. 0. 0. 0. 0. 0. 0. 0. 0. 0. 0. 0. 0. 0.
 0. 0. 0. 0. 0. 0. 0. 0. 0. 0. 0. 0.]",-0.00021966068119219715,2.1404298919011695e-05,0.014407842255191244,0.15555830804432763,-0.006389308304099242,9.804234978164217,"[3.99999998e-08 0.00000000e+00 0.00000000e+00 0.00000000e+00
 3.99999998e-08 0.00000000e+00 0.00000000e+00 0.00000000e+00
 3.99999998e-08]","[0.000289 0.       0.       0.       0.000289 0.       0.       0.
 0.000289]"
1786809855.515218,-0.24990242807073124,-0.0069840134845947175,0.0,0.0,-1.3018221000948178,-0.03638197184315584,0.12499999999999999,0.014207471727883156,0.15536602933023103,0.0014726996351156411,0.018316307470742955,3.753436432174542,3.822321143583027,"[0. 0. 0. 0. 0. 0. 0. 0. 0. 0. 0. 0. 0. 0. 0. 0. 0. 0. 0. 0. 0. 0. 0. 0.
 0. 0. 0. 0. 0. 0. 0. 0. 0. 0. 0. 0.]","[0. 0. 0. 0. 0. 0. 0. 0. 0. 0. 0. 0. 0. 0. 0. 0. 0. 0. 0. 0. 0. 0. 0. 0.
 0. 0. 0. 0. 0. 0. 0. 0. 0. 0. 0. 0.]",5.221364471105823e-05,0.00016908603489684842,0.014033750686166272,0.13688992728993002,0.013313738234509794,9.796783547564363,"[3.99999998e-08 0.00000000e+00 0.00000000e+00 0.00000000e+00
 3.99999998e-08 0.00000000e+00 0.00000000e+00 0.00000000e+00
 3.99999998e-08]","[0.000289 0.       0.       0.       0.000289 0.       0.       0.
 0.000289]"
1786809855.5730264,-0.24990230067662686,-0.006988570420965176,0.0,0.0,-1.2993225259934527,-0.03633582783298034,0.125,0.014324515825074477,0.1578656034315962,0.0015188436452911484,0.01860076563393164,3.7531526889150952,3.8226048868424787,"[0. 0. 0. 0. 0. 0. 0. 0. 0. 0. 0. 0. 0. 0. 0. 0. 0. 0. 0. 0. 0. 0. 0. 0.
 0. 0. 0. 0. 0. 0. 0. 0. 0. 0. 0. 0.]","[0. 0. 0. 0. 0. 0. 0. 0. 0. 0. 0. 0. 0. 0. 0. 0. 0. 0. 0. 0. 0. 0. 0. 0.
 0. 0. 0. 0. 0. 0. 0. 0. 0. 0. 0. 0.]",0.0004138207723859154,0.00021247733444351575,0.014163507777119699,0.12330667221919477,-0.005445428110388933,9.800770772784105,"[3.99999998e-08 0.00000000e+00 0.00000000e+00 0.00000000e+00
 3.99999998e-08 0.00000000e+00 0.00000000e+00 0.00000000e+00
 3.99999998e-08]","[0.000289 0.       0.       0.       0.000289 0.       0.       0.
 0.000289]"
1786809855.615125,-0.2499021765421806,-0.006993007899380346,0.0,0.0,-1.2968229651229306,-0.03628897260793487,0.125,0.014255405033965954,0.16036516430211833,0.001565698870336612,0.01888606433190308,3.7533202302204023,3.822437345537169,"[0. 0. 0. 0. 0. 0. 0. 0. 0. 0. 0. 0. 0. 0. 0. 0. 0. 0. 0. 0. 0. 0. 0. 0.
 0. 0. 0. 0. 0. 0. 0. 0. 0. 0. 0. 0.]","[0. 0. 0. 0. 0. 0. 0. 0. 0. 0. 0. 0. 0. 0. 0. 0. 0. 0. 0. 0. 0. 0. 0. 0.
 0. 0. 0. 0. 0. 0. 0. 0. 0. 0. 0. 0.]",3.998149656389907e-05,0.00013233373304450202,0.014429708907832984,0.09696317217767472,0.0015973299631083452,9.82545585268952,"[3.99999998e-08 0.00000000e+00 0.00000000e+00 0.00000000e+00
 3.99999998e-08 0.00000000e+00 0.00000000e+00 0.00000000e+00
 3.99999998e-08]","[0.000289 0.       0.       0.       0.000289 0.       0.       0.
 0.000289]"
1786809855.6653256,-0.2499019381902474,-0.0070015204604266055,0.0,0.0,-1.2918238840077247,-0.036193122072795625,0.125,0.014285632414113729,0.16536424541732414,0.001661549405475858,0.019456794398679464,3.753246951723072,3.8225106240344973,"[0. 0. 0. 0. 0. 0. 0. 0. 0. 0. 0. 0. 0. 0. 0. 0. 0. 0. 0. 0. 0. 0. 0. 0.
 0. 0. 0. 0. 0. 0. 0. 0. 0. 0. 0. 0.]","[0. 0. 0. 0. 0. 0. 0. 0. 0. 0. 0. 0. 0. 0. 0. 0. 0. 0. 0. 0. 0. 0. 0. 0.
 0. 0. 0. 0. 0. 0. 0. 0. 0. 0. 0. 0.]",0.0001440188474362303,1.5801179497959868e-05,0.014192374073470314,0.08990973535924165,-0.0011871144640303061,9.828002152687045,"[3.99999998e-08 0.00000000e+00 0.00000000e+00 0.00000000e+00
 3.99999998e-08 0.00000000e+00 0.00000000e+00 0.00000000e+00
 3.99999998e-08]","[0.000289 0.       0.       0.       0.000289 0.       0.       0.
 0.000289]"
1786809855.7155657,-0.24990182402823394,-0.007005594004907309,0.0,0.0,-1.2893243641837406,-0.03614412608323359,0.125,0.014380705710401797,0.17036327092610612,0.0017602574518695087,0.02002993101443279,3.7530164710047966,3.822741104752773,"[0. 0. 0. 0. 0. 0. 0. 0. 0. 0. 0. 0. 0. 0. 0. 0. 0. 0. 0. 0. 0. 0. 0. 0.
 0. 0. 0. 0. 0. 0. 0. 0. 0. 0. 0. 0.]","[0. 0. 0. 0. 0. 0. 0. 0. 0. 0. 0. 0. 0. 0. 0. 0. 0. 0. 0. 0. 0. 0. 0. 0.
 0. 0. 0. 0. 0. 0. 0. 0. 0. 0. 0. 0.]",0.0003083011914274702,5.5785790659805425e-05,0.014336494672560958,0.11550888698229383,-0.03159938406345795,9.781814194894185,"[3.99999998e-08 0.00000000e+00 0.00000000e+00 0.00000000e+00
 3.99999998e-08 0.00000000e+00 0.00000000e+00 0.00000000e+00
 3.99999998e-08]","[0.000289 0.       0.       0.       0.000289 0.       0.       0.
 0.000289]"
1786809855.7651768,-0.2499016059138279,-0.007013370209097152,0.0,0.0,-1.2868248584989428,-0.036094414026401976,0.12499999999999999,0.014365735139739533,0.1728627622107928,0.0018106883423079278,0.020317455305244453,3.75305276329731,3.822704812460258,"[0. 0. 0. 0. 0. 0. 0. 0. 0. 0. 0. 0. 0. 0. 0. 0. 0. 0. 0. 0. 0. 0. 0. 0.
 0. 0. 0. 0. 0. 0. 0. 0. 0. 0. 0. 0.]","[0. 0. 0. 0. 0. 0. 0. 0. 0. 0. 0. 0. 0. 0. 0. 0. 0. 0. 0. 0. 0. 0. 0. 0.
 0. 0. 0. 0. 0. 0. 0. 0. 0. 0. 0. 0.]",0.000236714425974589,0.0003733123863494455,0.014551657287527362,0.12722035811429133,0.003460767126039394,9.801979877960536,"[3.99999998e-08 0.00000000e+00 0.00000000e+00 0.00000000e+00
 3.99999998e-08 0.00000000e+00 0.00000000e+00 0.00000000e+00
 3.99999998e-08]","[0.000289 0.       0.       0.       0.000289 0.       0.       0.
 0.000289]"
1786809855.819634,-0.2499016059138279,-0.007013370209097152,0.0,0.0,-1.284325367214256,-0.036043983135963555,0.125,0.014387633097832796,0.1728627622107928,0.0018106883423079278,0.020317455305244453,3.7529996773382965,3.822757898419274,"[0. 0. 0. 0. 0. 0. 0. 0. 0. 0. 0. 0. 0. 0. 0. 0. 0. 0. 0. 0. 0. 0. 0. 0.
 0. 0. 0. 0. 0. 0. 0. 0. 0. 0. 0. 0.]","[0. 0. 0. 0. 0. 0. 0. 0. 0. 0. 0. 0. 0. 0. 0. 0. 0. 0. 0. 0. 0. 0. 0. 0.
 0. 0. 0. 0. 0. 0. 0. 0. 0. 0. 0. 0.]",0.000229761181387206,3.0897470958640533e-07,0.014328640505515923,0.12796938329884178,-0.013055144480318637,9.766125616329047,"[3.99999998e-08 0.00000000e+00 0.00000000e+00 0.00000000e+00
 3.99999998e-08 0.00000000e+00 0.00000000e+00 0.00000000e+00
 3.99999998e-08]","[0.000289 0.       0.       0.       0.000289 0.       0.       0.
 0.000289]"
1786809855.8736656,-0.24990140162445756,-0.007020645706169185,0.0,0.0,-1.2818258905300588,-0.03599283372662969,0.12499999999999999,0.014382694252570327,0.17786170076121724,0.0019137062023550065,0.02089269654625657,3.753011650296508,3.8227459254610614,"[0. 0. 0. 0. 0. 0. 0. 0. 0. 0. 0. 0. 0. 0. 0. 0. 0. 0. 0. 0. 0. 0. 0. 0.
 0. 0. 0. 0. 0. 0. 0. 0. 0. 0. 0. 0.]","[0. 0. 0. 0. 0. 0. 0. 0. 0. 0. 0. 0. 0. 0. 0. 0. 0. 0. 0. 0. 0. 0. 0. 0.
 0. 0. 0. 0. 0. 0. 0. 0. 0. 0. 0. 0.]",-0.00019029676492762873,-5.11312081519141e-05,0.014105501883299471,0.12198164287164869,-0.00881319218765131,9.810275740138817,"[3.99999998e-08 0.00000000e+00 0.00000000e+00 0.00000000e+00
 3.99999998e-08 0.00000000e+00 0.00000000e+00 0.00000000e+00
 3.99999998e-08]","[0.000289 0.       0.       0.       0.000289 0.       0.       0.
 0.000289]"
1786809855.9193833,-0.24990140162445756,-0.007020645706169185,0.0,0.0,-1.2793264286638315,-0.035940965275916475,0.12499999999999999,0.01443447152695766,0.17786170076121724,0.0019137062023550065,0.02089269654625657,3.7528861296313254,3.8228714461262427,"[0. 0. 0. 0. 0. 0. 0. 0. 0. 0. 0. 0. 0. 0. 0. 0. 0. 0. 0. 0. 0. 0. 0. 0.
 0. 0. 0. 0. 0. 0. 0. 0. 0. 0. 0. 0.]","[0. 0. 0. 0. 0. 0. 0. 0. 0. 0. 0. 0. 0. 0. 0. 0. 0. 0. 0. 0. 0. 0. 0. 0.
 0. 0. 0. 0. 0. 0. 0. 0. 0. 0. 0. 0.]",0.00020716890324976302,8.55568226142379e-05,0.014104843670741638,0.12797882347820838,0.020424709254356202,9.821665294928843,"[3.99999998e-08 0.00000000e+00 0.00000000e+00 0.00000000e+00
 3.99999998e-08 0.00000000e+00 0.00000000e+00 0.00000000e+00
 3.99999998e-08]","[0.000289 0.       0.       0.       0.000289 0.       0.       0.
 0.000289]"
1786809855.9662335,-0.24990121139182547,-0.0070274138129301205,0.0,0.0,-1.274327550271476,-0.03583506850206532,0.12499999999999999,0.014356204748558522,0.18286057915357296,0.002019602976206168,0.021468616029829593,3.7530758672759315,3.822681708481638,"[0. 0. 0. 0. 0. 0. 0. 0. 0. 0. 0. 0. 0. 0. 0. 0. 0. 0. 0. 0. 0. 0. 0. 0.
 0. 0. 0. 0. 0. 0. 0. 0. 0. 0. 0. 0.]","[0. 0. 0. 0. 0. 0. 0. 0. 0. 0. 0. 0. 0. 0. 0. 0. 0. 0. 0. 0. 0. 0. 0. 0.
 0. 0. 0. 0. 0. 0. 0. 0. 0. 0. 0. 0.]",5.538096302401221e-05,-0.00022399776918708314,0.014171064293006538,0.13405199517703897,-0.011043894638811433,9.796921911087434,"[3.99999998e-08 0.00000000e+00 0.00000000e+00 0.00000000e+00
 3.99999998e-08 0.00000000e+00 0.00000000e+00 0.00000000e+00
 3.99999998e-08]","[0.000289 0.       0.       0.       0.000289 0.       0.       0.
 0.000289]"
1786809856.0203536,-0.24990121139182547,-0.0070274138129301205,0.0,0.0,-1.274327550271476,-0.03583506850206532,0.125,0.014411143842254174,0.18286057915357296,0.002019602976206168,0.021468616029829593,3.7529426815942437,3.822814894163325,"[0. 0. 0. 0. 0. 0. 0. 0. 0. 0. 0. 0. 0. 0. 0. 0. 0. 0. 0. 0. 0. 0. 0. 0.
 0. 0. 0. 0. 0. 0. 0. 0. 0. 0. 0. 0.]","[0. 0. 0. 0. 0. 0. 0. 0. 0. 0. 0. 0. 0. 0. 0. 0. 0. 0. 0. 0. 0. 0. 0. 0.
 0. 0. 0. 0. 0. 0. 0. 0. 0. 0. 0. 0.]",0.00025749353153160066,-3.617443018257102e-05,0.01426814634330117,0.14519873025998792,-0.008434663557979734,9.779873032588336,"[3.99999998e-08 0.00000000e+00 0.00000000e+00 0.00000000e+00
 3.99999998e-08 0.00000000e+00 0.00000000e+00 0.00000000e+00
 3.99999998e-08]","[0.000289 0.       0.       0.       0.000289 0.       0.       0.
 0.000289]"
1786809856.0655022,-0.2499011216060421,-0.007030605951278121,0.0,0.0,-1.271828134127725,-0.03578104168294833,0.125,0.014340250912670965,0.18535999529732375,0.002073629795323154,0.02175645433293294,3.7531145432417197,3.8226430325158502,"[0. 0. 0. 0. 0. 0. 0. 0. 0. 0. 0. 0. 0. 0. 0. 0. 0. 0. 0. 0. 0. 0. 0. 0.
 0. 0. 0. 0. 0. 0. 0. 0. 0. 0. 0. 0.]","[0. 0. 0. 0. 0. 0. 0. 0. 0. 0. 0. 0. 0. 0. 0. 0. 0. 0. 0. 0. 0. 0. 0. 0.
 0. 0. 0. 0. 0. 0. 0. 0. 0. 0. 0. 0.]",0.00039065365625222056,-3.255432257225839e-05,0.014549554992733067,0.09856341014104648,-0.007079941326829854,9.770987404063254,"[3.99999998e-08 0.00000000e+00 0.00000000e+00 0.00000000e+00
 3.99999998e-08 0.00000000e+00 0.00000000e+00 0.00000000e+00
 3.99999998e-08]","[0.000289 0.       0.       0.       0.000289 0.       0.       0.
 0.000289]"
1786809856.1217399,-0.24990095281890098,-0.007036602888144212,0.0,0.0,-1.2668293489479983,-0.035670832604040886,0.125,0.014343670525997273,0.19035878047705054,0.0021838388742305955,0.022330470128398457,3.75310625327002,3.8226513224875496,"[0. 0. 0. 0. 0. 0. 0. 0. 0. 0. 0. 0. 0. 0. 0. 0. 0. 0. 0. 0. 0. 0. 0. 0.
 0. 0. 0. 0. 0. 0. 0. 0. 0. 0. 0. 0.]","[0. 0. 0. 0. 0. 0. 0. 0. 0. 0. 0. 0. 0. 0. 0. 0. 0. 0. 0. 0. 0. 0. 0. 0.
 0. 0. 0. 0. 0. 0. 0. 0. 0. 0. 0. 0.]",0.0002771911016810416,-0.00040063513051096373,0.014186224198218253,0.12801403510307977,-0.00838382485318454,9.77949648334621,"[3.99999998e-08 0.00000000e+00 0.00000000e+00 0.00000000e+00
 3.99999998e-08 0.00000000e+00 0.00000000e+00 0.00000000e+00
 3.99999998e-08]","[0.000289 0.       0.       0.       0.000289 0.       0.       0.
 0.000289]"
1786809856.1653714,-0.24990095281890098,-0.007036602888144212,0.0,0.0,-1.2668293489479983,-0.035670832604040886,0.125,0.014386812458386765,0.19035878047705054,0.0021838388742305955,0.022330470128398457,3.7530016667672568,3.822755908990314,"[0. 0. 0. 0. 0. 0. 0. 0. 0. 0. 0. 0. 0. 0. 0. 0. 0. 0. 0. 0. 0. 0. 0. 0.
 0. 0. 0. 0. 0. 0. 0. 0. 0. 0. 0. 0.]","[0. 0. 0. 0. 0. 0. 0. 0. 0. 0. 0. 0. 0. 0. 0. 0. 0. 0. 0. 0. 0. 0. 0. 0.
 0. 0. 0. 0. 0. 0. 0. 0. 0. 0. 0. 0.]",0.00012941463263475768,7.743837064950526e-05,0.014478851181477473,0.13424692346758008,-7.574665902994196e-05,9.828550862653383,"[3.99999998e-08 0.00000000e+00 0.00000000e+00 0.00000000e+00
 3.99999998e-08 0.00000000e+00 0.00000000e+00 0.00000000e+00
 3.99999998e-08]","[0.000289 0.       0.       0.       0.000289 0.       0.       0.
 0.000289]"
1786809856.2180579,-0.2499008738611549,-0.007039406468669193,0.0,0.0,-1.2643299802897556,-0.035614651938868445,0.125,0.014324462890580288,0.1928581491352931,0.002240019539403038,0.02261778441159865,3.7531528172346675,3.8226047585229024,"[0. 0. 0. 0. 0. 0. 0. 0. 0. 0. 0. 0. 0. 0. 0. 0. 0. 0. 0. 0. 0. 0. 0. 0.
 0. 0. 0. 0. 0. 0. 0. 0. 0. 0. 0. 0.]","[0. 0. 0. 0. 0. 0. 0. 0. 0. 0. 0. 0. 0. 0. 0. 0. 0. 0. 0. 0. 0. 0. 0. 0.
 0. 0. 0. 0. 0. 0. 0. 0. 0. 0. 0. 0.]",0.00015024144979492677,5.6215666600173995e-05,0.013942420904114114,0.11142872896386437,-0.022323137104190816,9.804478652788546,"[3.99999998e-08 0.00000000e+00 0.00000000e+00 0.00000000e+00
 3.99999998e-08 0.00000000e+00 0.00000000e+00 0.00000000e+00
 3.99999998e-08]","[0.000289 0.       0.       0.       0.000289 0.       0.       0.
 0.000289]"
1786809856.2658267,-0.24990079855987263,-0.0070420791772007165,0.0,0.0,-1.2643299802897556,-0.035614651938868445,0.12499999999999999,0.014318606895111415,0.19535750157415732,0.0022969171983709606,0.022904267813424712,3.753167013587319,3.8225905621702503,"[0. 0. 0. 0. 0. 0. 0. 0. 0. 0. 0. 0. 0. 0. 0. 0. 0. 0. 0. 0. 0. 0. 0. 0.
 0. 0. 0. 0. 0. 0. 0. 0. 0. 0. 0. 0.]","[0. 0. 0. 0. 0. 0. 0. 0. 0. 0. 0. 0. 0. 0. 0. 0. 0. 0. 0. 0. 0. 0. 0. 0.
 0. 0. 0. 0. 0. 0. 0. 0. 0. 0. 0. 0.]",5.258063661998805e-06,1.763477073821032e-05,0.014314550011010925,0.1099458667398654,0.002808202322761761,9.79180167981676,"[3.99999998e-08 0.00000000e+00 0.00000000e+00 0.00000000e+00
 3.99999998e-08 0.00000000e+00 0.00000000e+00 0.00000000e+00
 3.99999998e-08]","[0.000289 0.       0.       0.       0.000289 0.       0.       0.
 0.000289]"
1786809856.3149796,-0.24990079855987263,-0.0070420791772007165,0.0,0.0,-1.2618306278508915,-0.03555775427990052,0.125,0.014318733474844579,0.1978568376135932,0.0023545307320597727,0.023190640331068053,3.75316670672736,3.8225908690302104,"[0. 0. 0. 0. 0. 0. 0. 0. 0. 0. 0. 0. 0. 0. 0. 0. 0. 0. 0. 0. 0. 0. 0. 0.
 0. 0. 0. 0. 0. 0. 0. 0. 0. 0. 0. 0.]","[0. 0. 0. 0. 0. 0. 0. 0. 0. 0. 0. 0. 0. 0. 0. 0. 0. 0. 0. 0. 0. 0. 0. 0.
 0. 0. 0. 0. 0. 0. 0. 0. 0. 0. 0. 0.]",0.0004484950896671884,-2.5025297866616096e-05,0.014204295475896708,0.1662385502048328,-0.04257482528291501,9.811936600735763,"[3.99999998e-08 0.00000000e+00 0.00000000e+00 0.00000000e+00
 3.99999998e-08 0.00000000e+00 0.00000000e+00 0.00000000e+00
 3.99999998e-08]","[0.000289 0.       0.       0.       0.000289 0.       0.       0.
 0.000289]"
1786809856.369489,-0.2499006590099321,-0.007047029615492715,0.0,0.0,-1.256831972365265,-0.035441811822529576,0.125,0.014272191088246965,0.20035615705978388,0.0024128596557419072,0.023476503034389192,3.7532795367554765,3.8224780390020934,"[0. 0. 0. 0. 0. 0. 0. 0. 0. 0. 0. 0. 0. 0. 0. 0. 0. 0. 0. 0. 0. 0. 0. 0.
 0. 0. 0. 0. 0. 0. 0. 0. 0. 0. 0. 0.]","[0. 0. 0. 0. 0. 0. 0. 0. 0. 0. 0. 0. 0. 0. 0. 0. 0. 0. 0. 0. 0. 0. 0. 0.
 0. 0. 0. 0. 0. 0. 0. 0. 0. 0. 0. 0.]",-2.076970899453988e-05,2.0921832919595252e-05,0.014221338083289268,0.12398598902399359,0.03720016548653966,9.811641513645613,"[3.99999998e-08 0.00000000e+00 0.00000000e+00 0.00000000e+00
 3.99999998e-08 0.00000000e+00 0.00000000e+00 0.00000000e+00
 3.99999998e-08]","[0.000289 0.       0.       0.       0.000289 0.       0.       0.
 0.000289]"
1786809856.422507,-0.2499006590099321,-0.007047029615492715,0.0,0.0,-1.256831972365265,-0.035441811822529576,0.12499999999999999,0.014323075099607507,0.20035615705978388,0.0024128596557419072,0.023476503034389192,3.7531561815764194,3.8226013941811496,"[0. 0. 0. 0. 0. 0. 0. 0. 0. 0. 0. 0. 0. 0. 0. 0. 0. 0. 0. 0. 0. 0. 0. 0.
 0. 0. 0. 0. 0. 0. 0. 0. 0. 0. 0. 0.]","[0. 0. 0. 0. 0. 0. 0. 0. 0. 0. 0. 0. 0. 0. 0. 0. 0. 0. 0. 0. 0. 0. 0. 0.
 0. 0. 0. 0. 0. 0. 0. 0. 0. 0. 0. 0.]",0.00030401668193241846,0.00019288505367407875,0.014188835839180345,0.1444638857135011,0.03856530308715955,9.806472128013523,"[3.99999998e-08 0.00000000e+00 0.00000000e+00 0.00000000e+00
 3.99999998e-08 0.00000000e+00 0.00000000e+00 0.00000000e+00
 3.99999998e-08]","[0.000289 0.       0.       0.       0.000289 0.       0.       0.
 0.000289]"
1786809856.469384,-0.2499006590099321,-0.007047029615492715,0.0,0.0,-1.256831972365265,-0.035441811822529576,0.12499999999999999,0.014277645349984033,0.20035615705978388,0.0024128596557419072,0.023476503034389192,3.7532663143027793,3.8224912614547897,"[0. 0. 0. 0. 0. 0. 0. 0. 0. 0. 0. 0. 0. 0. 0. 0. 0. 0. 0. 0. 0. 0. 0. 0.
 0. 0. 0. 0. 0. 0. 0. 0. 0. 0. 0. 0.]","[0. 0. 0. 0. 0. 0. 0. 0. 0. 0. 0. 0. 0. 0. 0. 0. 0. 0. 0. 0. 0. 0. 0. 0.
 0. 0. 0. 0. 0. 0. 0. 0. 0. 0. 0. 0.]",2.1035197954492402e-05,0.00021236727615252121,0.014596505068714297,0.140869784504886,0.0025493144765261623,9.792010065463506,"[3.99999998e-08 0.00000000e+00 0.00000000e+00 0.00000000e+00
 3.99999998e-08 0.00000000e+00 0.00000000e+00 0.00000000e+00
 3.99999998e-08]","[0.000289 0.       0.       0.       0.000289 0.       0.       0.
 0.000289]"
1786809856.517953,-0.24990059480563562,-0.0070493060502105,0.0,0.0,-1.2543326696954034,-0.0353827684337352,0.12499999999999999,0.014241301550285253,0.20285545972964547,0.0024719030445362815,0.023762539305843128,3.7533544204838685,3.8224031552737006,"[0. 0. 0. 0. 0. 0. 0. 0. 0. 0. 0. 0. 0. 0. 0. 0. 0. 0. 0. 0. 0. 0. 0. 0.
 0. 0. 0. 0. 0. 0. 0. 0. 0. 0. 0. 0.]","[0. 0. 0. 0. 0. 0. 0. 0. 0. 0. 0. 0. 0. 0. 0. 0. 0. 0. 0. 0. 0. 0. 0. 0.
 0. 0. 0. 0. 0. 0. 0. 0. 0. 0. 0. 0.]",0.0001789767483639033,5.5871599928003266e-05,0.014466367209230868,0.09899221848288678,-0.02419684482757456,9.781303906947397,"[3.99999998e-08 0.00000000e+00 0.00000000e+00 0.00000000e+00
 3.99999998e-08 0.00000000e+00 0.00000000e+00 0.00000000e+00
 3.99999998e-08]","[0.000289 0.       0.       0.       0.000289 0.       0.       0.
 0.000289]"
1786809856.5718727,-0.24990059480563562,-0.0070493060502105,0.0,0.0,-1.2543326696954034,-0.0353827684337352,0.125,0.014256713998508584,0.20285545972964547,0.0024719030445362815,0.023762539305843128,3.7533170569730245,3.8224405187845454,"[0. 0. 0. 0. 0. 0. 0. 0. 0. 0. 0. 0. 0. 0. 0. 0. 0. 0. 0. 0. 0. 0. 0. 0.
 0. 0. 0. 0. 0. 0. 0. 0. 0. 0. 0. 0.]","[0. 0. 0. 0. 0. 0. 0. 0. 0. 0. 0. 0. 0. 0. 0. 0. 0. 0. 0. 0. 0. 0. 0. 0.
 0. 0. 0. 0. 0. 0. 0. 0. 0. 0. 0. 0.]",2.450425546555467e-05,0.00011812513922364951,0.014337323568972677,0.11149137024568573,0.011776498723213062,9.760532860140138,"[3.99999998e-08 0.00000000e+00 0.00000000e+00 0.00000000e+00
 3.99999998e-08 0.00000000e+00 0.00000000e+00 0.00000000e+00
 3.99999998e-08]","[0.000289 0.       0.       0.       0.000289 0.       0.       0.
 0.000289]"
1786809856.6438968,-0.24990053434325277,-0.007051449138775282,0.0,0.0,-1.2518333839851923,-0.03532301145570105,0.125,0.0142254674050821,0.2053547454398565,0.002531660022570437,0.02404760756141433,3.7533928062904223,3.822364769467147,"[0. 0. 0. 0. 0. 0. 0. 0. 0. 0. 0. 0. 0. 0. 0. 0. 0. 0. 0. 0. 0. 0. 0. 0.
 0. 0. 0. 0. 0. 0. 0. 0. 0. 0. 0. 0.]","[0. 0. 0. 0. 0. 0. 0. 0. 0. 0. 0. 0. 0. 0. 0. 0. 0. 0. 0. 0. 0. 0. 0. 0.
 0. 0. 0. 0. 0. 0. 0. 0. 0. 0. 0. 0.]",-4.6362153883805615e-05,-4.0526019645179944e-05,0.014200643798708624,0.13157618631734472,-0.010215947542309808,9.787929109091367,"[3.99999998e-08 0.00000000e+00 0.00000000e+00 0.00000000e+00
 3.99999998e-08 0.00000000e+00 0.00000000e+00 0.00000000e+00
 3.99999998e-08]","[0.000289 0.       0.       0.       0.000289 0.       0.       0.
 0.000289]"
1786809856.6681235,-0.24990053434325277,-0.007051449138775282,0.0,0.0,-1.2518333839851923,-0.03532301145570105,0.12499999999999999,0.014226982575850597,0.2053547454398565,0.002531660022570437,0.02404760756141433,3.7533928062904223,3.822364769467147,"[0. 0. 0. 0. 0. 0. 0. 0. 0. 0. 0. 0. 0. 0. 0. 0. 0. 0. 0. 0. 0. 0. 0. 0.
 0. 0. 0. 0. 0. 0. 0. 0. 0. 0. 0. 0.]","[0. 0. 0. 0. 0. 0. 0. 0. 0. 0. 0. 0. 0. 0. 0. 0. 0. 0. 0. 0. 0. 0. 0. 0.
 0. 0. 0. 0. 0. 0. 0. 0. 0. 0. 0. 0.]",0.00015296892152339138,0.0002648775704446009,0.014522392253954788,0.11038264129600019,0.007458961677990443,9.778208757815912,"[3.99999998e-08 0.00000000e+00 0.00000000e+00 0.00000000e+00
 3.99999998e-08 0.00000000e+00 0.00000000e+00 0.00000000e+00
 3.99999998e-08]","[0.000289 0.       0.       0.       0.000289 0.       0.       0.
 0.000289]"
1786809856.7152555,-0.24990047763862974,-0.007053458441410392,0.0,0.0,-1.249334115394807,-0.03526254269556187,0.12499999999999999,0.014202539843475564,0.20785401403024187,0.0025921287827096106,0.024332124485420586,3.7534483882579535,3.8223091874996156,"[0. 0. 0. 0. 0. 0. 0. 0. 0. 0. 0. 0. 0. 0. 0. 0. 0. 0. 0. 0. 0. 0. 0. 0.
 0. 0. 0. 0. 0. 0. 0. 0. 0. 0. 0. 0.]","[0. 0. 0. 0. 0. 0. 0. 0. 0. 0. 0. 0. 0. 0. 0. 0. 0. 0. 0. 0. 0. 0. 0. 0.
 0. 0. 0. 0. 0. 0. 0. 0. 0. 0. 0. 0.]",0.0001058520133699125,0.00018909694466983596,0.014200865866268893,0.10582361124581026,0.021174281857960973,9.833811662925845,"[3.99999998e-08 0.00000000e+00 0.00000000e+00 0.00000000e+00
 3.99999998e-08 0.00000000e+00 0.00000000e+00 0.00000000e+00
 3.99999998e-08]","[0.000289 0.       0.       0.       0.000289 0.       0.       0.
 0.000289]"
1786809856.7655127,-0.2499004247106463,-0.007055333403787185,0.0,0.0,-1.2468348640964084,-0.03520136340645075,0.12499999999999999,0.014225147203166241,0.21035326532864046,0.0026533080718207373,0.024616265711735648,3.7533935825374907,3.822363993220078,"[0. 0. 0. 0. 0. 0. 0. 0. 0. 0. 0. 0. 0. 0. 0. 0. 0. 0. 0. 0. 0. 0. 0. 0.
 0. 0. 0. 0. 0. 0. 0. 0. 0. 0. 0. 0.]","[0. 0. 0. 0. 0. 0. 0. 0. 0. 0. 0. 0. 0. 0. 0. 0. 0. 0. 0. 0. 0. 0. 0. 0.
 0. 0. 0. 0. 0. 0. 0. 0. 0. 0. 0. 0.]",0.0003284235585208211,0.00020641990427893613,0.014020066350329123,0.11074219381083278,0.0005325446704622955,9.784638054420556,"[3.99999998e-08 0.00000000e+00 0.00000000e+00 0.00000000e+00
 3.99999998e-08 0.00000000e+00 0.00000000e+00 0.00000000e+00
 3.99999998e-08]","[0.000289 0.       0.       0.       0.000289 0.       0.       0.
 0.000289]"
1786809856.8212478,-0.24990037558608774,-0.007057073184563485,0.0,0.0,-1.24433563029598,-0.03513947343441901,0.12499999999999999,0.01423579892041805,0.2128524991290687,0.0027151980438524744,0.02490078995921758,3.7533677601926376,3.8223898155649314,"[0. 0. 0. 0. 0. 0. 0. 0. 0. 0. 0. 0. 0. 0. 0. 0. 0. 0. 0. 0. 0. 0. 0. 0.
 0. 0. 0. 0. 0. 0. 0. 0. 0. 0. 0. 0.]","[0. 0. 0. 0. 0. 0. 0. 0. 0. 0. 0. 0. 0. 0. 0. 0. 0. 0. 0. 0. 0. 0. 0. 0.
 0. 0. 0. 0. 0. 0. 0. 0. 0. 0. 0. 0.]",0.00016070565807275197,-6.646274471408935e-05,0.013900975266334725,0.12959407226138248,0.01727129775905495,9.828948623059453,"[3.99999998e-08 0.00000000e+00 0.00000000e+00 0.00000000e+00
 3.99999998e-08 0.00000000e+00 0.00000000e+00 0.00000000e+00
 3.99999998e-08]","[0.000289 0.       0.       0.       0.000289 0.       0.       0.
 0.000289]"
1786809856.8652704,-0.24990033029467584,-0.007058676831526199,0.0,0.0,-1.2418364142125378,-0.035076872108217326,0.125,0.014237884376680068,0.21535171521251112,0.0027777993700541597,0.025185510108538187,3.7533627045410936,3.822394871216476,"[0. 0. 0. 0. 0. 0. 0. 0. 0. 0. 0. 0. 0. 0. 0. 0. 0. 0. 0. 0. 0. 0. 0. 0.
 0. 0. 0. 0. 0. 0. 0. 0. 0. 0. 0. 0.]","[0. 0. 0. 0. 0. 0. 0. 0. 0. 0. 0. 0. 0. 0. 0. 0. 0. 0. 0. 0. 0. 0. 0. 0.
 0. 0. 0. 0. 0. 0. 0. 0. 0. 0. 0. 0.]",0.0003815460042798832,-0.00013377699203165962,0.014356455879784083,0.12053930723345395,0.017874149655695185,9.797048058896259,"[3.99999998e-08 0.00000000e+00 0.00000000e+00 0.00000000e+00
 3.99999998e-08 0.00000000e+00 0.00000000e+00 0.00000000e+00
 3.99999998e-08]","[0.000289 0.       0.       0.       0.000289 0.       0.       0.
 0.000289]"
1786809856.9153953,-0.24990025132041951,-0.007061472225475183,0.0,0.0,-1.2368380360314648,-0.03494953443503724,0.125,0.014247829403573784,0.2203500933935841,0.002905137043234245,0.02575515476894389,3.7533385953849883,3.8224189803725825,"[0. 0. 0. 0. 0. 0. 0. 0. 0. 0. 0. 0. 0. 0. 0. 0. 0. 0. 0. 0. 0. 0. 0. 0.
 0. 0. 0. 0. 0. 0. 0. 0. 0. 0. 0. 0.]","[0. 0. 0. 0. 0. 0. 0. 0. 0. 0. 0. 0. 0. 0. 0. 0. 0. 0. 0. 0. 0. 0. 0. 0.
 0. 0. 0. 0. 0. 0. 0. 0. 0. 0. 0. 0.]",1.244965367444155e-05,-0.00018804612302623518,0.01460210460800509,0.10201623103302881,-0.02408191995092668,9.794470971664726,"[3.99999998e-08 0.00000000e+00 0.00000000e+00 0.00000000e+00
 3.99999998e-08 0.00000000e+00 0.00000000e+00 0.00000000e+00
 3.99999998e-08]","[0.000289 0.       0.       0.       0.000289 0.       0.       0.
 0.000289]"
1786809856.967098,-0.24990021769223614,-0.007062662201534627,0.0,0.0,-1.2343388743523127,-0.03488479758952895,0.12499999999999999,0.014272968398143862,0.22284925507273615,0.002969873888742536,0.0260401113570171,3.753277652367932,3.82247992338964,"[0. 0. 0. 0. 0. 0. 0. 0. 0. 0. 0. 0. 0. 0. 0. 0. 0. 0. 0. 0. 0. 0. 0. 0.
 0. 0. 0. 0. 0. 0. 0. 0. 0. 0. 0. 0.]","[0. 0. 0. 0. 0. 0. 0. 0. 0. 0. 0. 0. 0. 0. 0. 0. 0. 0. 0. 0. 0. 0. 0. 0.
 0. 0. 0. 0. 0. 0. 0. 0. 0. 0. 0. 0.]",0.00041464415568869353,0.00016362246287473283,0.014602362244759757,0.12029484831745403,0.02202639137308679,9.809468719241325,"[3.99999998e-08 0.00000000e+00 0.00000000e+00 0.00000000e+00
 3.99999998e-08 0.00000000e+00 0.00000000e+00 0.00000000e+00
 3.99999998e-08]","[0.000289 0.       0.       0.       0.000289 0.       0.       0.
 0.000289]"
1786809857.0216758,-0.24990016229919892,-0.007064621917274786,0.0,0.0,-1.2293406069052661,-0.03475318509373641,0.125,0.014264507475667976,0.22784752251978257,0.0031014863845350723,0.02661088625723809,3.7532981636949785,3.822459412062589,"[0. 0. 0. 0. 0. 0. 0. 0. 0. 0. 0. 0. 0. 0. 0. 0. 0. 0. 0. 0. 0. 0. 0. 0.
 0. 0. 0. 0. 0. 0. 0. 0. 0. 0. 0. 0.]","[0. 0. 0. 0. 0. 0. 0. 0. 0. 0. 0. 0. 0. 0. 0. 0. 0. 0. 0. 0. 0. 0. 0. 0.
 0. 0. 0. 0. 0. 0. 0. 0. 0. 0. 0. 0.]",7.638071722061228e-05,-0.0001943638021666474,0.01383072417079747,0.10113776229214803,0.031229488140959067,9.795483287678715,"[3.99999998e-08 0.00000000e+00 0.00000000e+00 0.00000000e+00
 3.99999998e-08 0.00000000e+00 0.00000000e+00 0.00000000e+00
 3.99999998e-08]","[0.000289 0.       0.       0.       0.000289 0.       0.       0.
 0.000289]"
1786809857.0652544,-0.24990014058759655,-0.0070653898901260805,0.0,0.0,-1.226841501551256,-0.034686309185204094,0.125,0.01427008040143793,0.23034662787379298,0.003168362293067389,0.026896248854779183,3.753284653572066,3.822472922185505,"[0. 0. 0. 0. 0. 0. 0. 0. 0. 0. 0. 0. 0. 0. 0. 0. 0. 0. 0. 0. 0. 0. 0. 0.
 0. 0. 0. 0. 0. 0. 0. 0. 0. 0. 0. 0.]","[0. 0. 0. 0. 0. 0. 0. 0. 0. 0. 0. 0. 0. 0. 0. 0. 0. 0. 0. 0. 0. 0. 0. 0.
 0. 0. 0. 0. 0. 0. 0. 0. 0. 0. 0. 0.]",0.00014187238221195013,-0.0006481210276348045,0.014261893656243025,0.10926015096794353,-0.006104885104072578,9.784756759035579,"[3.99999998e-08 0.00000000e+00 0.00000000e+00 0.00000000e+00
 3.99999998e-08 0.00000000e+00 0.00000000e+00 0.00000000e+00
 3.99999998e-08]","[0.000289 0.       0.       0.       0.000289 0.       0.       0.
 0.000289]"
1786809857.1166227,-0.24990012290022898,-0.007066015457840954,0.0,0.0,-1.2243424153809146,-0.03461872020057316,0.125,0.01425760286208836,0.23284571404413415,0.003235951277698324,0.02718147577727998,3.7533149021521415,3.822442673605426,"[0. 0. 0. 0. 0. 0. 0. 0. 0. 0. 0. 0. 0. 0. 0. 0. 0. 0. 0. 0. 0. 0. 0. 0.
 0. 0. 0. 0. 0. 0. 0. 0. 0. 0. 0. 0.]","[0. 0. 0. 0. 0. 0. 0. 0. 0. 0. 0. 0. 0. 0. 0. 0. 0. 0. 0. 0. 0. 0. 0. 0.
 0. 0. 0. 0. 0. 0. 0. 0. 0. 0. 0. 0.]",8.315663549307494e-05,-0.00011854000329757902,0.01438500655818834,0.09910080458196345,-0.014320941347546235,9.79138531495864,"[3.99999998e-08 0.00000000e+00 0.00000000e+00 0.00000000e+00
 3.99999998e-08 0.00000000e+00 0.00000000e+00 0.00000000e+00
 3.99999998e-08]","[0.000289 0.       0.       0.       0.000289 0.       0.       0.
 0.000289]"
1786809857.1667798,-0.24990010926040712,-0.0070664978339054696,0.0,0.0,-1.22184334858605,-0.03455041857207815,0.125,0.014241513706930496,0.2353447808389989,0.0033042529061933345,0.027466611745395088,3.7533539061647128,3.822403669592857,"[0. 0. 0. 0. 0. 0. 0. 0. 0. 0. 0. 0. 0. 0. 0. 0. 0. 0. 0. 0. 0. 0. 0. 0.
 0. 0. 0. 0. 0. 0. 0. 0. 0. 0. 0. 0.]","[0. 0. 0. 0. 0. 0. 0. 0. 0. 0. 0. 0. 0. 0. 0. 0. 0. 0. 0. 0. 0. 0. 0. 0.
 0. 0. 0. 0. 0. 0. 0. 0. 0. 0. 0. 0.]",0.00020645948929642107,-0.00027535995076584266,0.014214811039852634,0.12094904706346873,0.010384804713897805,9.81808619617289,"[3.99999998e-08 0.00000000e+00 0.00000000e+00 0.00000000e+00
 3.99999998e-08 0.00000000e+00 0.00000000e+00 0.00000000e+00
 3.99999998e-08]","[0.000289 0.       0.       0.       0.000289 0.       0.       0.
 0.000289]"
1786809857.215188,-0.2499000996905878,-0.007066836253536037,0.0,0.0,-1.2193443013542755,-0.03448140486947357,0.125,0.014230858102189105,0.23784382807077334,0.003373266608797916,0.02775131415229618,3.7533797379337166,3.822377837823852,"[0. 0. 0. 0. 0. 0. 0. 0. 0. 0. 0. 0. 0. 0. 0. 0. 0. 0. 0. 0. 0. 0. 0. 0.
 0. 0. 0. 0. 0. 0. 0. 0. 0. 0. 0. 0.]","[0. 0. 0. 0. 0. 0. 0. 0. 0. 0. 0. 0. 0. 0. 0. 0. 0. 0. 0. 0. 0. 0. 0. 0.
 0. 0. 0. 0. 0. 0. 0. 0. 0. 0. 0. 0.]",-0.00014102237420952915,-0.00013786712552251996,0.014470008585880425,0.14660099515744676,0.014533183655845681,9.795502019279825,"[3.99999998e-08 0.00000000e+00 0.00000000e+00 0.00000000e+00
 3.99999998e-08 0.00000000e+00 0.00000000e+00 0.00000000e+00
 3.99999998e-08]","[0.000289 0.       0.       0.       0.000289 0.       0.       0.
 0.000289]"
1786809857.2675514,-0.2499000996905878,-0.007066836253536037,0.0,0.0,-1.2193443013542755,-0.03448140486947357,0.125,0.01421818756030833,0.23784382807077334,0.003373266608797916,0.02775131415229618,3.7534104543990487,3.822347121358525,"[0. 0. 0. 0. 0. 0. 0. 0. 0. 0. 0. 0. 0. 0. 0. 0. 0. 0. 0. 0. 0. 0. 0. 0.
 0. 0. 0. 0. 0. 0. 0. 0. 0. 0. 0. 0.]","[0. 0. 0. 0. 0. 0. 0. 0. 0. 0. 0. 0. 0. 0. 0. 0. 0. 0. 0. 0. 0. 0. 0. 0.
 0. 0. 0. 0. 0. 0. 0. 0. 0. 0. 0. 0.]",0.0005534902214673805,-0.00023586009553705262,0.014235084287763647,0.10688072323622949,-0.02961934693066698,9.78339466227186,"[3.99999998e-08 0.00000000e+00 0.00000000e+00 0.00000000e+00
 3.99999998e-08 0.00000000e+00 0.00000000e+00 0.00000000e+00
 3.99999998e-08]","[0.000289 0.       0.       0.       0.000289 0.       0.       0.
 0.000289]"
1786809857.3159003,-0.24990009421187645,-0.007067029991112713,0.0,0.0,-1.216845273866591,-0.03441167988383364,0.125,0.014205209144225314,0.24034285555845789,0.0034429915944378434,0.028035855291110023,3.7534419172259166,3.8223156585316556,"[0. 0. 0. 0. 0. 0. 0. 0. 0. 0. 0. 0. 0. 0. 0. 0. 0. 0. 0. 0. 0. 0. 0. 0.
 0. 0. 0. 0. 0. 0. 0. 0. 0. 0. 0. 0.]","[0. 0. 0. 0. 0. 0. 0. 0. 0. 0. 0. 0. 0. 0. 0. 0. 0. 0. 0. 0. 0. 0. 0. 0.
 0. 0. 0. 0. 0. 0. 0. 0. 0. 0. 0. 0.]",-0.0001311541399910982,0.0001288275175834413,0.013965511114132174,0.1477343327433847,0.01870819623421755,9.80421934454144,"[3.99999998e-08 0.00000000e+00 0.00000000e+00 0.00000000e+00
 3.99999998e-08 0.00000000e+00 0.00000000e+00 0.00000000e+00
 3.99999998e-08]","[0.000289 0.       0.       0.       0.000289 0.       0.       0.
 0.000289]"
1786809857.3652291,-0.2499000928455963,-0.007067078304528432,0.0,0.0,-1.2143462663047253,-0.03434124435515774,0.125,0.014191355925201236,0.24284186312032344,0.0035134271231137414,0.02831995684963,3.7534755007871876,3.8222820749703836,"[0. 0. 0. 0. 0. 0. 0. 0. 0. 0. 0. 0. 0. 0. 0. 0. 0. 0. 0. 0. 0. 0. 0. 0.
 0. 0. 0. 0. 0. 0. 0. 0. 0. 0. 0. 0.]","[0. 0. 0. 0. 0. 0. 0. 0. 0. 0. 0. 0. 0. 0. 0. 0. 0. 0. 0. 0. 0. 0. 0. 0.
 0. 0. 0. 0. 0. 0. 0. 0. 0. 0. 0. 0.]",-7.48893191612233e-05,0.00020424545924561485,0.014067981650436531,0.11944550679324246,0.017460442522855182,9.799293572140174,"[3.99999998e-08 0.00000000e+00 0.00000000e+00 0.00000000e+00
 3.99999998e-08 0.00000000e+00 0.00000000e+00 0.00000000e+00
 3.99999998e-08]","[0.000289 0.       0.       0.       0.000289 0.       0.       0.
 0.000289]"
1786809857.4158006,-0.249900102532577,-0.007066735753339181,0.0,0.0,-1.2093483116694035,-0.03419824508155403,0.12499999999999999,0.014181206773477168,0.2478398177556454,0.0036564263967174557,0.02888745884938403,3.753500104791282,3.8222574709662873,"[0. 0. 0. 0. 0. 0. 0. 0. 0. 0. 0. 0. 0. 0. 0. 0. 0. 0. 0. 0. 0. 0. 0. 0.
 0. 0. 0. 0. 0. 0. 0. 0. 0. 0. 0. 0.]","[0. 0. 0. 0. 0. 0. 0. 0. 0. 0. 0. 0. 0. 0. 0. 0. 0. 0. 0. 0. 0. 0. 0. 0.
 0. 0. 0. 0. 0. 0. 0. 0. 0. 0. 0. 0.]",0.0006482710577659333,0.0001124618615739079,0.014056486783745749,0.13878803094512837,-0.023370753471634562,9.774568994750396,"[3.99999998e-08 0.00000000e+00 0.00000000e+00 0.00000000e+00
 3.99999998e-08 0.00000000e+00 0.00000000e+00 0.00000000e+00
 3.99999998e-08]","[0.000289 0.       0.       0.       0.000289 0.       0.       0.
 0.000289]"
1786809857.4657052,-0.24990012893340033,-0.00706580208255822,0.0,0.0,-1.206849364976994,-0.03412568209788393,0.12500000000000003,0.014166419762369022,0.25283769047124866,0.0038022607171808074,0.029454396593117316,3.753535952090941,3.8222216236666315,"[0. 0. 0. 0. 0. 0. 0. 0. 0. 0. 0. 0. 0. 0. 0. 0. 0. 0. 0. 0. 0. 0. 0. 0.
 0. 0. 0. 0. 0. 0. 0. 0. 0. 0. 0. 0.]","[0. 0. 0. 0. 0. 0. 0. 0. 0. 0. 0. 0. 0. 0. 0. 0. 0. 0. 0. 0. 0. 0. 0. 0.
 0. 0. 0. 0. 0. 0. 0. 0. 0. 0. 0. 0.]",0.00036589276069265246,-6.187779067614897e-05,0.014655698526327634,0.11958624727120643,0.04381352715583395,9.795385103441495,"[3.99999998e-08 0.00000000e+00 0.00000000e+00 0.00000000e+00
 3.99999998e-08 0.00000000e+00 0.00000000e+00 0.00000000e+00
 3.99999998e-08]","[0.000289 0.       0.       0.       0.000289 0.       0.       0.
 0.000289]"
1786809857.515678,-0.24990014845834152,-0.00706511149939501,0.0,0.0,-1.201851533786236,-0.033978431562773394,0.12499999999999999,0.014142053045887469,0.25533659563881284,0.003876239915498091,0.029737481321240315,3.753595022918691,3.8221625528388765,"[0. 0. 0. 0. 0. 0. 0. 0. 0. 0. 0. 0. 0. 0. 0. 0. 0. 0. 0. 0. 0. 0. 0. 0.
 0. 0. 0. 0. 0. 0. 0. 0. 0. 0. 0. 0.]","[0. 0. 0. 0. 0. 0. 0. 0. 0. 0. 0. 0. 0. 0. 0. 0. 0. 0. 0. 0. 0. 0. 0. 0.
 0. 0. 0. 0. 0. 0. 0. 0. 0. 0. 0. 0.]",0.0006459695148893371,0.0002710090038975794,0.0141935698243857,0.10434855609604446,0.0030304473030225705,9.786293721229086,"[3.99999998e-08 0.00000000e+00 0.00000000e+00 0.00000000e+00
 3.99999998e-08 0.00000000e+00 0.00000000e+00 0.00000000e+00
 3.99999998e-08]","[0.000289 0.       0.       0.       0.000289 0.       0.       0.
 0.000289]"
1786809857.5653021,-0.24990020026277798,-0.0070632788861448225,0.0,0.0,-1.1968537867308902,-0.033828352569263365,0.125,0.014127891679363944,0.2603343426941586,0.00402631890900812,0.030303035990806096,3.753629353504204,3.822128222253364,"[0. 0. 0. 0. 0. 0. 0. 0. 0. 0. 0. 0. 0. 0. 0. 0. 0. 0. 0. 0. 0. 0. 0. 0.
 0. 0. 0. 0. 0. 0. 0. 0. 0. 0. 0. 0.]","[0. 0. 0. 0. 0. 0. 0. 0. 0. 0. 0. 0. 0. 0. 0. 0. 0. 0. 0. 0. 0. 0. 0. 0.
 0. 0. 0. 0. 0. 0. 0. 0. 0. 0. 0. 0.]",0.0004305481747164783,1.0267576493233727e-05,0.014504551376923504,0.09100764640333464,-0.03750393129475049,9.784660306059427,"[3.99999998e-08 0.00000000e+00 0.00000000e+00 0.00000000e+00
 3.99999998e-08 0.00000000e+00 0.00000000e+00 0.00000000e+00
 3.99999998e-08]","[0.000289 0.       0.       0.       0.000289 0.       0.       0.
 0.000289]"
1786809857.6152766,-0.2499002325877886,-0.0070621351282146435,0.0,0.0,-1.194354945219565,-0.0337522535567425,0.125,0.014096326940659222,0.2628331842054838,0.00410241792152898,0.03058549913023123,3.7537058740828826,3.8220517016746847,"[0. 0. 0. 0. 0. 0. 0. 0. 0. 0. 0. 0. 0. 0. 0. 0. 0. 0. 0. 0. 0. 0. 0. 0.
 0. 0. 0. 0. 0. 0. 0. 0. 0. 0. 0. 0.]","[0. 0. 0. 0. 0. 0. 0. 0. 0. 0. 0. 0. 0. 0. 0. 0. 0. 0. 0. 0. 0. 0. 0. 0.
 0. 0. 0. 0. 0. 0. 0. 0. 0. 0. 0. 0.]",-0.0001897328696455998,4.676735687771707e-05,0.014139317297176221,0.12707842635763197,0.010664875992841834,9.779613909308463,"[3.99999998e-08 0.00000000e+00 0.00000000e+00 0.00000000e+00
 3.99999998e-08 0.00000000e+00 0.00000000e+00 0.00000000e+00
 3.99999998e-08]","[0.000289 0.       0.       0.       0.000289 0.       0.       0.
 0.000289]"
1786809857.6653216,-0.24990026922019223,-0.007060838737390373,0.0,0.0,-1.191856125278656,-0.03367544951041431,0.125,0.014081749700791861,0.2653320041463929,0.004179221967857176,0.03086735278287102,3.7537412128462795,3.8220163629112904,"[0. 0. 0. 0. 0. 0. 0. 0. 0. 0. 0. 0. 0. 0. 0. 0. 0. 0. 0. 0. 0. 0. 0. 0.
 0. 0. 0. 0. 0. 0. 0. 0. 0. 0. 0. 0.]","[0. 0. 0. 0. 0. 0. 0. 0. 0. 0. 0. 0. 0. 0. 0. 0. 0. 0. 0. 0. 0. 0. 0. 0.
 0. 0. 0. 0. 0. 0. 0. 0. 0. 0. 0. 0.]",0.00027747967357877096,-8.64725896575775e-06,0.013707971306301463,0.1539251894636921,0.015114495990802685,9.813246379304276,"[3.99999998e-08 0.00000000e+00 0.00000000e+00 0.00000000e+00
 3.99999998e-08 0.00000000e+00 0.00000000e+00 0.00000000e+00
 3.99999998e-08]","[0.000289 0.       0.       0.       0.000289 0.       0.       0.
 0.000289]"
1786809857.724702,-0.2499003554849184,-0.007057784957860402,0.0,0.0,-1.186858550791598,-0.033519729936480495,0.12499999999999999,0.014067161740640103,0.27032957863345064,0.00433494154179099,0.03143041853948467,3.7537765775982455,3.8219809981593253,"[0. 0. 0. 0. 0. 0. 0. 0. 0. 0. 0. 0. 0. 0. 0. 0. 0. 0. 0. 0. 0. 0. 0. 0.
 0. 0. 0. 0. 0. 0. 0. 0. 0. 0. 0. 0.]","[0. 0. 0. 0. 0. 0. 0. 0. 0. 0. 0. 0. 0. 0. 0. 0. 0. 0. 0. 0. 0. 0. 0. 0.
 0. 0. 0. 0. 0. 0. 0. 0. 0. 0. 0. 0.]",0.000543957086088969,-0.00015837876130046172,0.013754579988838483,0.12952429132504947,0.012197379838671741,9.782219656925983,"[3.99999998e-08 0.00000000e+00 0.00000000e+00 0.00000000e+00
 3.99999998e-08 0.00000000e+00 0.00000000e+00 0.00000000e+00
 3.99999998e-08]","[0.000289 0.       0.       0.       0.000289 0.       0.       0.
 0.000289]"
1786809857.765658,-0.2499003554849184,-0.007057784957860402,0.0,0.0,-1.186858550791598,-0.033519729936480495,0.12499999999999999,0.014029169478392712,0.27032957863345064,0.00433494154179099,0.03143041853948467,3.7538686800520975,3.821888895705473,"[0. 0. 0. 0. 0. 0. 0. 0. 0. 0. 0. 0. 0. 0. 0. 0. 0. 0. 0. 0. 0. 0. 0. 0.
 0. 0. 0. 0. 0. 0. 0. 0. 0. 0. 0. 0.]","[0. 0. 0. 0. 0. 0. 0. 0. 0. 0. 0. 0. 0. 0. 0. 0. 0. 0. 0. 0. 0. 0. 0. 0.
 0. 0. 0. 0. 0. 0. 0. 0. 0. 0. 0. 0.]",0.0003262700419096702,-0.00010004728787352234,0.014218277848135211,0.11841649033481567,-0.033226559543041136,9.783165110725486,"[3.99999998e-08 0.00000000e+00 0.00000000e+00 0.00000000e+00
 3.99999998e-08 0.00000000e+00 0.00000000e+00 0.00000000e+00
 3.99999998e-08]","[0.000289 0.       0.       0.       0.000289 0.       0.       0.
 0.000289]"
1786809857.8153806,-0.24990045921936735,-0.007054110996384685,0.0,0.0,-1.1818610646718986,-0.03336119972945945,0.12499999999999999,0.014046824702766043,0.27532706475315016,0.004493471748812032,0.03199214179352427,3.7538258795082435,3.821931696249328,"[0. 0. 0. 0. 0. 0. 0. 0. 0. 0. 0. 0. 0. 0. 0. 0. 0. 0. 0. 0. 0. 0. 0. 0.
 0. 0. 0. 0. 0. 0. 0. 0. 0. 0. 0. 0.]","[0. 0. 0. 0. 0. 0. 0. 0. 0. 0. 0. 0. 0. 0. 0. 0. 0. 0. 0. 0. 0. 0. 0. 0.
 0. 0. 0. 0. 0. 0. 0. 0. 0. 0. 0. 0.]",0.0005043422055866897,9.463366989105273e-05,0.013947762345381531,0.12207744216144774,-0.015988313039159187,9.7886047955021,"[3.99999998e-08 0.00000000e+00 0.00000000e+00 0.00000000e+00
 3.99999998e-08 0.00000000e+00 0.00000000e+00 0.00000000e+00
 3.99999998e-08]","[0.000289 0.       0.       0.       0.000289 0.       0.       0.
 0.000289]"
1786809857.865398,-0.24990051769067764,-0.007052039274657023,0.0,0.0,-1.179362355199856,-0.03328088202768716,0.125,0.013995840187204985,0.28032446107582293,0.0046548078539150545,0.03255299509140815,3.753949478333764,3.821808097423806,"[0. 0. 0. 0. 0. 0. 0. 0. 0. 0. 0. 0. 0. 0. 0. 0. 0. 0. 0. 0. 0. 0. 0. 0.
 0. 0. 0. 0. 0. 0. 0. 0. 0. 0. 0. 0.]","[0. 0. 0. 0. 0. 0. 0. 0. 0. 0. 0. 0. 0. 0. 0. 0. 0. 0. 0. 0. 0. 0. 0. 0.
 0. 0. 0. 0. 0. 0. 0. 0. 0. 0. 0. 0.]",0.0004080994654744977,-0.00027609811296460426,0.01420136941236174,0.12389119919383212,4.569917509525444e-05,9.778773361013933,"[3.99999998e-08 0.00000000e+00 0.00000000e+00 0.00000000e+00
 3.99999998e-08 0.00000000e+00 0.00000000e+00 0.00000000e+00
 3.99999998e-08]","[0.000289 0.       0.       0.       0.000289 0.       0.       0.
 0.000289]"
1786809857.915231,-0.249900647934675,-0.007047422353570737,0.0,0.0,-1.174365004263278,-0.03311814615406544,0.125,0.013939122610337858,0.2828231251617708,0.004736525324206045,0.03283234471947311,3.754086975489891,3.8216706002676815,"[0. 0. 0. 0. 0. 0. 0. 0. 0. 0. 0. 0. 0. 0. 0. 0. 0. 0. 0. 0. 0. 0. 0. 0.
 0. 0. 0. 0. 0. 0. 0. 0. 0. 0. 0. 0.]","[0. 0. 0. 0. 0. 0. 0. 0. 0. 0. 0. 0. 0. 0. 0. 0. 0. 0. 0. 0. 0. 0. 0. 0.
 0. 0. 0. 0. 0. 0. 0. 0. 0. 0. 0. 0.]",0.0003947463095750226,-0.0001523093138508696,0.014002294337300594,0.12375729900793828,0.009814879999203743,9.799012856452801,"[3.99999998e-08 0.00000000e+00 0.00000000e+00 0.00000000e+00
 3.99999998e-08 0.00000000e+00 0.00000000e+00 0.00000000e+00
 3.99999998e-08]","[0.000289 0.       0.       0.       0.000289 0.       0.       0.
 0.000289]"
1786809857.9653175,-0.24990079600632376,-0.007042169793874793,0.0,0.0,-1.1718663630674773,-0.033035731748965694,0.125,0.013930165557910719,0.2878203844873149,0.004902050506533525,0.03338973943991068,3.7541086895562166,3.821648886201351,"[0. 0. 0. 0. 0. 0. 0. 0. 0. 0. 0. 0. 0. 0. 0. 0. 0. 0. 0. 0. 0. 0. 0. 0.
 0. 0. 0. 0. 0. 0. 0. 0. 0. 0. 0. 0.]","[0. 0. 0. 0. 0. 0. 0. 0. 0. 0. 0. 0. 0. 0. 0. 0. 0. 0. 0. 0. 0. 0. 0. 0.
 0. 0. 0. 0. 0. 0. 0. 0. 0. 0. 0. 0.]",0.0001561123143405509,0.0002495837270859129,0.014019438647010548,0.12845594362311424,-0.007741345038569974,9.814600064378743,"[3.99999998e-08 0.00000000e+00 0.00000000e+00 0.00000000e+00
 3.99999998e-08 0.00000000e+00 0.00000000e+00 0.00000000e+00
 3.99999998e-08]","[0.000289 0.       0.       0.       0.000289 0.       0.       0.
 0.000289]"
1786809858.0184808,-0.24990087677544953,-0.007039303009644078,0.0,0.0,-1.1668691500512776,-0.03286881433072159,0.125,0.013865924231381749,0.29031897937377127,0.004985857147549895,0.03366782882056572,3.754264426105544,3.821493149652029,"[0. 0. 0. 0. 0. 0. 0. 0. 0. 0. 0. 0. 0. 0. 0. 0. 0. 0. 0. 0. 0. 0. 0. 0.
 0. 0. 0. 0. 0. 0. 0. 0. 0. 0. 0. 0.]","[0. 0. 0. 0. 0. 0. 0. 0. 0. 0. 0. 0. 0. 0. 0. 0. 0. 0. 0. 0. 0. 0. 0. 0.
 0. 0. 0. 0. 0. 0. 0. 0. 0. 0. 0. 0.]",-0.00019206513556375542,-4.264157983788819e-05,0.013852804378561756,0.13620695137296943,0.006051445463528479,9.80568379091621,"[3.99999998e-08 0.00000000e+00 0.00000000e+00 0.00000000e+00
 3.99999998e-08 0.00000000e+00 0.00000000e+00 0.00000000e+00
 3.99999998e-08]","[0.000289 0.       0.       0.       0.000289 0.       0.       0.
 0.000289]"
1786809858.0653179,-0.24990087677544953,-0.007039303009644078,0.0,0.0,-1.1668691500512776,-0.03286881433072159,0.12499999999999999,0.01385839452589215,0.29031897937377127,0.004985857147549895,0.03366782882056572,3.7542826799368623,3.821474895820706,"[0. 0. 0. 0. 0. 0. 0. 0. 0. 0. 0. 0. 0. 0. 0. 0. 0. 0. 0. 0. 0. 0. 0. 0.
 0. 0. 0. 0. 0. 0. 0. 0. 0. 0. 0. 0.]","[0. 0. 0. 0. 0. 0. 0. 0. 0. 0. 0. 0. 0. 0. 0. 0. 0. 0. 0. 0. 0. 0. 0. 0.
 0. 0. 0. 0. 0. 0. 0. 0. 0. 0. 0. 0.]",8.798146117472444e-06,0.00015434254010878153,0.013518451231654833,0.13205990476638044,0.02015232254419454,9.800046859207413,"[3.99999998e-08 0.00000000e+00 0.00000000e+00 0.00000000e+00
 3.99999998e-08 0.00000000e+00 0.00000000e+00 0.00000000e+00
 3.99999998e-08]","[0.000289 0.       0.       0.       0.000289 0.       0.       0.
 0.000289]"
1786809858.1170638,-0.2499009620496006,-0.0070362750574487695,0.0,0.0,-1.164370578521738,-0.03278431420225416,0.12499999999999999,0.0139028090214216,0.29281755090331085,0.005070357276017323,0.03394525719577212,3.754175008432634,3.821582567324935,"[0. 0. 0. 0. 0. 0. 0. 0. 0. 0. 0. 0. 0. 0. 0. 0. 0. 0. 0. 0. 0. 0. 0. 0.
 0. 0. 0. 0. 0. 0. 0. 0. 0. 0. 0. 0.]","[0. 0. 0. 0. 0. 0. 0. 0. 0. 0. 0. 0. 0. 0. 0. 0. 0. 0. 0. 0. 0. 0. 0. 0.
 0. 0. 0. 0. 0. 0. 0. 0. 0. 0. 0. 0.]",8.301533084266676e-05,-0.00013554876200380338,0.0139492241869572,0.12004351671330868,-0.0016942662744733367,9.80932094301258,"[3.99999998e-08 0.00000000e+00 0.00000000e+00 0.00000000e+00
 3.99999998e-08 0.00000000e+00 0.00000000e+00 0.00000000e+00
 3.99999998e-08]","[0.000289 0.       0.       0.       0.000289 0.       0.       0.
 0.000289]"
1786809858.16531,-0.24990114621741352,-0.0070297310917914035,0.0,0.0,-1.159373506365399,-0.03261323170404951,0.12499999999999999,0.013882669436445453,0.2978146230596498,0.005241439774221974,0.03450090634621074,3.754223831668941,3.8215337440886286,"[0. 0. 0. 0. 0. 0. 0. 0. 0. 0. 0. 0. 0. 0. 0. 0. 0. 0. 0. 0. 0. 0. 0. 0.
 0. 0. 0. 0. 0. 0. 0. 0. 0. 0. 0. 0.]","[0. 0. 0. 0. 0. 0. 0. 0. 0. 0. 0. 0. 0. 0. 0. 0. 0. 0. 0. 0. 0. 0. 0. 0.
 0. 0. 0. 0. 0. 0. 0. 0. 0. 0. 0. 0.]",0.00013898946622612884,-0.0003350846059507399,0.013857578240970225,0.1395758278993368,-0.00021864696025162091,9.806917660586354,"[3.99999998e-08 0.00000000e+00 0.00000000e+00 0.00000000e+00
 3.99999998e-08 0.00000000e+00 0.00000000e+00 0.00000000e+00
 3.99999998e-08]","[0.000289 0.       0.       0.       0.000289 0.       0.       0.
 0.000289]"
1786809858.2325299,-0.24990124515522183,-0.007026213053253971,0.0,0.0,-1.1568750061108253,-0.0325266497326586,0.12499999999999999,0.013805489424240588,0.30031312331422355,0.005328021745612889,0.034778328195031114,3.754410934728833,3.821346641028737,"[0. 0. 0. 0. 0. 0. 0. 0. 0. 0. 0. 0. 0. 0. 0. 0. 0. 0. 0. 0. 0. 0. 0. 0.
 0. 0. 0. 0. 0. 0. 0. 0. 0. 0. 0. 0.]","[0. 0. 0. 0. 0. 0. 0. 0. 0. 0. 0. 0. 0. 0. 0. 0. 0. 0. 0. 0. 0. 0. 0. 0.
 0. 0. 0. 0. 0. 0. 0. 0. 0. 0. 0. 0.]",6.461051905529951e-05,0.00013539166459068498,0.01382638817896767,0.1285536511927943,0.010363676476745177,9.796205475750922,"[3.99999998e-08 0.00000000e+00 0.00000000e+00 0.00000000e+00
 3.99999998e-08 0.00000000e+00 0.00000000e+00 0.00000000e+00
 3.99999998e-08]","[0.000289 0.       0.       0.       0.000289 0.       0.       0.
 0.000289]"
1786809858.2656097,-0.24990134867752176,-0.007022530110700439,0.0,0.0,-1.1543765299062012,-0.03243937651098145,0.125,0.013804235748038456,0.3053100515317849,0.005503258024018634,0.03533053022054394,3.7544139739437883,3.8213436018137794,"[0. 0. 0. 0. 0. 0. 0. 0. 0. 0. 0. 0. 0. 0. 0. 0. 0. 0. 0. 0. 0. 0. 0. 0.
 0. 0. 0. 0. 0. 0. 0. 0. 0. 0. 0. 0.]","[0. 0. 0. 0. 0. 0. 0. 0. 0. 0. 0. 0. 0. 0. 0. 0. 0. 0. 0. 0. 0. 0. 0. 0.
 0. 0. 0. 0. 0. 0. 0. 0. 0. 0. 0. 0.]",0.0002937874382632273,2.234058394765504e-05,0.013539760717371355,0.11470469703914246,-0.01084289083678559,9.783435508785224,"[3.99999998e-08 0.00000000e+00 0.00000000e+00 0.00000000e+00
 3.99999998e-08 0.00000000e+00 0.00000000e+00 0.00000000e+00
 3.99999998e-08]","[0.000289 0.       0.       0.       0.000289 0.       0.       0.
 0.000289]"
1786809858.3155458,-0.24990145679857195,-0.007018681496653898,0.0,0.0,-1.1518780778932638,-0.03235141345425285,0.12499999999999999,0.013770211192843062,0.3053100515317849,0.005503258024018634,0.03533053022054394,3.754496457714041,3.821261118043528,"[0. 0. 0. 0. 0. 0. 0. 0. 0. 0. 0. 0. 0. 0. 0. 0. 0. 0. 0. 0. 0. 0. 0. 0.
 0. 0. 0. 0. 0. 0. 0. 0. 0. 0. 0. 0.]","[0. 0. 0. 0. 0. 0. 0. 0. 0. 0. 0. 0. 0. 0. 0. 0. 0. 0. 0. 0. 0. 0. 0. 0.
 0. 0. 0. 0. 0. 0. 0. 0. 0. 0. 0. 0.]",1.835113971898638e-05,-1.5142894838470583e-05,0.013791905787813792,0.10939813201542825,0.02778599793101172,9.763697337868255,"[3.99999998e-08 0.00000000e+00 0.00000000e+00 0.00000000e+00
 3.99999998e-08 0.00000000e+00 0.00000000e+00 0.00000000e+00
 3.99999998e-08]","[0.000289 0.       0.       0.       0.000289 0.       0.       0.
 0.000289]"
1786809858.3654282,-0.24990156953919912,-0.007014666196252128,0.0,0.0,-1.149379650251754,-0.032262760870801176,0.12499999999999999,0.013758144218192905,0.3078084791732948,0.0055919106074703104,0.03560624066545233,3.7545257109860017,3.8212318647715704,"[0. 0. 0. 0. 0. 0. 0. 0. 0. 0. 0. 0. 0. 0. 0. 0. 0. 0. 0. 0. 0. 0. 0. 0.
 0. 0. 0. 0. 0. 0. 0. 0. 0. 0. 0. 0.]","[0. 0. 0. 0. 0. 0. 0. 0. 0. 0. 0. 0. 0. 0. 0. 0. 0. 0. 0. 0. 0. 0. 0. 0.
 0. 0. 0. 0. 0. 0. 0. 0. 0. 0. 0. 0.]",7.501494274529284e-05,0.000369737894055139,0.01354884789615657,0.1364906624118592,0.019821929320921212,9.7733458880871,"[3.99999998e-08 0.00000000e+00 0.00000000e+00 0.00000000e+00
 3.99999998e-08 0.00000000e+00 0.00000000e+00 0.00000000e+00
 3.99999998e-08]","[0.000289 0.       0.       0.       0.000289 0.       0.       0.
 0.000289]"
1786809858.4180393,-0.2499016869125473,-0.007010483454312165,0.0,0.0,-1.1468812471171166,-0.03217342030103662,0.125,0.01375112559658532,0.3103068823079323,0.005681251177234861,0.03588138557206674,3.7545427258261004,3.8212148499314678,"[0. 0. 0. 0. 0. 0. 0. 0. 0. 0. 0. 0. 0. 0. 0. 0. 0. 0. 0. 0. 0. 0. 0. 0.
 0. 0. 0. 0. 0. 0. 0. 0. 0. 0. 0. 0.]","[0. 0. 0. 0. 0. 0. 0. 0. 0. 0. 0. 0. 0. 0. 0. 0. 0. 0. 0. 0. 0. 0. 0. 0.
 0. 0. 0. 0. 0. 0. 0. 0. 0. 0. 0. 0.]",-1.2630838253915248e-06,4.7730140096013815e-05,0.013703867510666835,0.13989904473716674,0.0015943771839504425,9.784621825671945,"[3.99999998e-08 0.00000000e+00 0.00000000e+00 0.00000000e+00
 3.99999998e-08 0.00000000e+00 0.00000000e+00 0.00000000e+00
 3.99999998e-08]","[0.000289 0.       0.       0.       0.000289 0.       0.       0.
 0.000289]"
1786809858.4661484,-0.24990180893547118,-0.007006132369521384,0.0,0.0,-1.1443828686465713,-0.032083392646512554,0.125,0.013727822158276207,0.31280526077847737,0.005771278831758929,0.036156198353095796,3.754599219009961,3.82115835674761,"[0. 0. 0. 0. 0. 0. 0. 0. 0. 0. 0. 0. 0. 0. 0. 0. 0. 0. 0. 0. 0. 0. 0. 0.
 0. 0. 0. 0. 0. 0. 0. 0. 0. 0. 0. 0.]","[0. 0. 0. 0. 0. 0. 0. 0. 0. 0. 0. 0. 0. 0. 0. 0. 0. 0. 0. 0. 0. 0. 0. 0.
 0. 0. 0. 0. 0. 0. 0. 0. 0. 0. 0. 0.]",0.00027864729824870555,0.00011824915349936454,0.013881096596324121,0.0974163012084263,-0.018517901726771938,9.82794462594288,"[3.99999998e-08 0.00000000e+00 0.00000000e+00 0.00000000e+00
 3.99999998e-08 0.00000000e+00 0.00000000e+00 0.00000000e+00
 3.99999998e-08]","[0.000289 0.       0.       0.       0.000289 0.       0.       0.
 0.000289]"
1786809858.5152123,-0.24990180893547118,-0.007006132369521384,0.0,0.0,-1.1443828686465713,-0.032083392646512554,0.12499999999999999,0.01369461196567906,0.31280526077847737,0.005771278831758929,0.036156198353095796,3.7546797285678557,3.8210778471897164,"[0. 0. 0. 0. 0. 0. 0. 0. 0. 0. 0. 0. 0. 0. 0. 0. 0. 0. 0. 0. 0. 0. 0. 0.
 0. 0. 0. 0. 0. 0. 0. 0. 0. 0. 0. 0.]","[0. 0. 0. 0. 0. 0. 0. 0. 0. 0. 0. 0. 0. 0. 0. 0. 0. 0. 0. 0. 0. 0. 0. 0.
 0. 0. 0. 0. 0. 0. 0. 0. 0. 0. 0. 0.]",-7.499969792779292e-05,-7.900528683218879e-05,0.013616328170768443,0.11917490832957771,0.007716809316598627,9.812796014935556,"[3.99999998e-08 0.00000000e+00 0.00000000e+00 0.00000000e+00
 3.99999998e-08 0.00000000e+00 0.00000000e+00 0.00000000e+00
 3.99999998e-08]","[0.000289 0.       0.       0.       0.000289 0.       0.       0.
 0.000289]"
1786809858.5653536,-0.2499019356217547,-0.007001612135814634,0.0,0.0,-1.141884514979452,-0.031992679279923705,0.12499999999999999,0.013758509479121415,0.3153036144455968,0.00586199219834778,0.036430289853622844,3.7545248255048005,3.821232750252767,"[0. 0. 0. 0. 0. 0. 0. 0. 0. 0. 0. 0. 0. 0. 0. 0. 0. 0. 0. 0. 0. 0. 0. 0.
 0. 0. 0. 0. 0. 0. 0. 0. 0. 0. 0. 0.]","[0. 0. 0. 0. 0. 0. 0. 0. 0. 0. 0. 0. 0. 0. 0. 0. 0. 0. 0. 0. 0. 0. 0. 0.
 0. 0. 0. 0. 0. 0. 0. 0. 0. 0. 0. 0.]",0.0002904020618398892,8.497816819122364e-06,0.013814358043872422,0.1401220037169834,0.0007391256801202064,9.806342094681591,"[3.99999998e-08 0.00000000e+00 0.00000000e+00 0.00000000e+00
 3.99999998e-08 0.00000000e+00 0.00000000e+00 0.00000000e+00
 3.99999998e-08]","[0.000289 0.       0.       0.       0.000289 0.       0.       0.
 0.000289]"
1786809858.6157236,-0.2499020669929921,-0.006996921653846995,0.0,0.0,-1.1393861863018282,-0.031901280269334344,0.125,0.013717390229803469,0.32030024658727907,0.006045476833571663,0.036979762291243154,3.7546245085335315,3.82113306722404,"[0. 0. 0. 0. 0. 0. 0. 0. 0. 0. 0. 0. 0. 0. 0. 0. 0. 0. 0. 0. 0. 0. 0. 0.
 0. 0. 0. 0. 0. 0. 0. 0. 0. 0. 0. 0.]","[0. 0. 0. 0. 0. 0. 0. 0. 0. 0. 0. 0. 0. 0. 0. 0. 0. 0. 0. 0. 0. 0. 0. 0.
 0. 0. 0. 0. 0. 0. 0. 0. 0. 0. 0. 0.]",-1.6826315738955195e-05,0.0002188570743444419,0.013460167412903679,0.10258194561183859,-0.008977048806604042,9.823427066777844,"[3.99999998e-08 0.00000000e+00 0.00000000e+00 0.00000000e+00
 3.99999998e-08 0.00000000e+00 0.00000000e+00 0.00000000e+00
 3.99999998e-08]","[0.000289 0.       0.       0.       0.000289 0.       0.       0.
 0.000289]"
1786809858.6654274,-0.24990220307700522,-0.006992059586362998,0.0,0.0,-1.1368878828377698,-0.03180919464469982,0.12499999999999999,0.013696680337648183,0.32030024658727907,0.006045476833571663,0.036979762291243154,3.7546747143326153,3.8210828614249515,"[0. 0. 0. 0. 0. 0. 0. 0. 0. 0. 0. 0. 0. 0. 0. 0. 0. 0. 0. 0. 0. 0. 0. 0.
 0. 0. 0. 0. 0. 0. 0. 0. 0. 0. 0. 0.]","[0. 0. 0. 0. 0. 0. 0. 0. 0. 0. 0. 0. 0. 0. 0. 0. 0. 0. 0. 0. 0. 0. 0. 0.
 0. 0. 0. 0. 0. 0. 0. 0. 0. 0. 0. 0.]",0.0001807133609065411,-4.9656706907542153e-05,0.014011500747886093,0.12260175899382666,0.008797257202490354,9.80408360441815,"[3.99999998e-08 0.00000000e+00 0.00000000e+00 0.00000000e+00
 3.99999998e-08 0.00000000e+00 0.00000000e+00 0.00000000e+00
 3.99999998e-08]","[0.000289 0.       0.       0.       0.000289 0.       0.       0.
 0.000289]"
1786809858.7193105,-0.24990234388730334,-0.006987025091695734,0.0,0.0,-1.1343896047267843,-0.03171642373854318,0.125,0.013670643686358758,0.32279852469826453,0.006138247739728304,0.037253902996950417,3.7547378334872574,3.8210197422703103,"[0. 0. 0. 0. 0. 0. 0. 0. 0. 0. 0. 0. 0. 0. 0. 0. 0. 0. 0. 0. 0. 0. 0. 0.
 0. 0. 0. 0. 0. 0. 0. 0. 0. 0. 0. 0.]","[0. 0. 0. 0. 0. 0. 0. 0. 0. 0. 0. 0. 0. 0. 0. 0. 0. 0. 0. 0. 0. 0. 0. 0.
 0. 0. 0. 0. 0. 0. 0. 0. 0. 0. 0. 0.]",-6.478395011982288e-05,4.681293233086785e-05,0.013677079238871858,0.11627515117610035,0.0006527899148995519,9.789931191825653,"[3.99999998e-08 0.00000000e+00 0.00000000e+00 0.00000000e+00
 3.99999998e-08 0.00000000e+00 0.00000000e+00 0.00000000e+00
 3.99999998e-08]","[0.000289 0.       0.       0.       0.000289 0.       0.       0.
 0.000289]"
1786809858.7673604,-0.2499024894368843,-0.006981817331320206,0.0,0.0,-1.1318913521054397,-0.03162296893123638,0.125,0.013651550606271667,0.32529677731960915,0.006231702547035102,0.03752734190737225,3.7547841197420944,3.820973456015476,"[0. 0. 0. 0. 0. 0. 0. 0. 0. 0. 0. 0. 0. 0. 0. 0. 0. 0. 0. 0. 0. 0. 0. 0.
 0. 0. 0. 0. 0. 0. 0. 0. 0. 0. 0. 0.]","[0. 0. 0. 0. 0. 0. 0. 0. 0. 0. 0. 0. 0. 0. 0. 0. 0. 0. 0. 0. 0. 0. 0. 0.
 0. 0. 0. 0. 0. 0. 0. 0. 0. 0. 0. 0.]",1.5215728834610891e-06,-7.686349970474346e-05,0.013548358749780255,0.0964842373129772,0.019333228059208597,9.789411652539332,"[3.99999998e-08 0.00000000e+00 0.00000000e+00 0.00000000e+00
 3.99999998e-08 0.00000000e+00 0.00000000e+00 0.00000000e+00
 3.99999998e-08]","[0.000289 0.       0.       0.       0.000289 0.       0.       0.
 0.000289]"
1786809858.815304,-0.24990263973891863,-0.006976435445143853,0.0,0.0,-1.1318913521054397,-0.03162296893123638,0.12499999999999999,0.013599374306948447,0.3277950043134267,0.006325839939068459,0.03780015022427606,3.754910607740456,3.8208469680171135,"[0. 0. 0. 0. 0. 0. 0. 0. 0. 0. 0. 0. 0. 0. 0. 0. 0. 0. 0. 0. 0. 0. 0. 0.
 0. 0. 0. 0. 0. 0. 0. 0. 0. 0. 0. 0.]","[0. 0. 0. 0. 0. 0. 0. 0. 0. 0. 0. 0. 0. 0. 0. 0. 0. 0. 0. 0. 0. 0. 0. 0.
 0. 0. 0. 0. 0. 0. 0. 0. 0. 0. 0. 0.]",3.567287531268992e-05,0.00012026116100989627,0.0135084023009081,0.11197857527880281,-0.014051788370928858,9.81300431036456,"[3.99999998e-08 0.00000000e+00 0.00000000e+00 0.00000000e+00
 3.99999998e-08 0.00000000e+00 0.00000000e+00 0.00000000e+00
 3.99999998e-08]","[0.000289 0.       0.       0.       0.000289 0.       0.       0.
 0.000289]"
1786809858.8684433,-0.24990279479921892,-0.006970878821173194,0.0,0.0,-1.1268949238383486,-0.03143401403167051,0.125,0.013578526860409787,0.33029320558670033,0.006420657446600976,0.038071950083430624,3.754961147004873,3.820796428752699,"[0. 0. 0. 0. 0. 0. 0. 0. 0. 0. 0. 0. 0. 0. 0. 0. 0. 0. 0. 0. 0. 0. 0. 0.
 0. 0. 0. 0. 0. 0. 0. 0. 0. 0. 0. 0.]","[0. 0. 0. 0. 0. 0. 0. 0. 0. 0. 0. 0. 0. 0. 0. 0. 0. 0. 0. 0. 0. 0. 0. 0.
 0. 0. 0. 0. 0. 0. 0. 0. 0. 0. 0. 0.]",0.00012198782113735448,7.329211503026797e-06,0.01392872388966216,0.09501575576925582,-0.017122540005093476,9.815033856858792,"[3.99999998e-08 0.00000000e+00 0.00000000e+00 0.00000000e+00
 3.99999998e-08 0.00000000e+00 0.00000000e+00 0.00000000e+00
 3.99999998e-08]","[0.000289 0.       0.       0.       0.000289 0.       0.       0.
 0.000289]"
1786809858.9237027,-0.24990295462825846,-0.006965146665116715,0.0,0.0,-1.1243967484070965,-0.031338518082291565,0.125,0.013548864499680202,0.3327913810179524,0.006516153395979918,0.03834325365944317,3.755033055757996,3.820724519999572,"[0. 0. 0. 0. 0. 0. 0. 0. 0. 0. 0. 0. 0. 0. 0. 0. 0. 0. 0. 0. 0. 0. 0. 0.
 0. 0. 0. 0. 0. 0. 0. 0. 0. 0. 0. 0.]","[0. 0. 0. 0. 0. 0. 0. 0. 0. 0. 0. 0. 0. 0. 0. 0. 0. 0. 0. 0. 0. 0. 0. 0.
 0. 0. 0. 0. 0. 0. 0. 0. 0. 0. 0. 0.]",0.0002762649508497832,0.00040202201078708545,0.013536182218766225,0.13643796796101193,0.011174088235684443,9.822737310754343,"[3.99999998e-08 0.00000000e+00 0.00000000e+00 0.00000000e+00
 3.99999998e-08 0.00000000e+00 0.00000000e+00 0.00000000e+00
 3.99999998e-08]","[0.000289 0.       0.       0.       0.000289 0.       0.       0.
 0.000289]"
1786809858.9708698,-0.24990311923875508,-0.006959238086210599,0.0,0.0,-1.121898598953407,-0.031242344963463987,0.12499999999999999,0.013559196711333911,0.3352895304716419,0.006612326514807496,0.03861423094943597,3.755008008011309,3.820749567746357,"[0. 0. 0. 0. 0. 0. 0. 0. 0. 0. 0. 0. 0. 0. 0. 0. 0. 0. 0. 0. 0. 0. 0. 0.
 0. 0. 0. 0. 0. 0. 0. 0. 0. 0. 0. 0.]","[0. 0. 0. 0. 0. 0. 0. 0. 0. 0. 0. 0. 0. 0. 0. 0. 0. 0. 0. 0. 0. 0. 0. 0.
 0. 0. 0. 0. 0. 0. 0. 0. 0. 0. 0. 0.]",0.00018303195530581978,2.8649752399734875e-05,0.013497693297367571,0.11985460968998396,0.013927618948660049,9.804764137953295,"[3.99999998e-08 0.00000000e+00 0.00000000e+00 0.00000000e+00
 3.99999998e-08 0.00000000e+00 0.00000000e+00 0.00000000e+00
 3.99999998e-08]","[0.000289 0.       0.       0.       0.000289 0.       0.       0.
 0.000289]"
1786809859.0152147,-0.2499032886460609,-0.006953152082586059,0.0,0.0,-1.1194004756296478,-0.031145495485638528,0.125,0.013407829553416998,0.33778765379540093,0.006709175992632955,0.038884021582831496,3.755374958658112,3.820382617099459,"[0. 0. 0. 0. 0. 0. 0. 0. 0. 0. 0. 0. 0. 0. 0. 0. 0. 0. 0. 0. 0. 0. 0. 0.
 0. 0. 0. 0. 0. 0. 0. 0. 0. 0. 0. 0.]","[0. 0. 0. 0. 0. 0. 0. 0. 0. 0. 0. 0. 0. 0. 0. 0. 0. 0. 0. 0. 0. 0. 0. 0.
 0. 0. 0. 0. 0. 0. 0. 0. 0. 0. 0. 0.]",0.00037047341266771707,-8.480578124742131e-05,0.013573236487295571,0.14252761977422534,-0.01599522215090015,9.79627825995956,"[3.99999998e-08 0.00000000e+00 0.00000000e+00 0.00000000e+00
 3.99999998e-08 0.00000000e+00 0.00000000e+00 0.00000000e+00
 3.99999998e-08]","[0.000289 0.       0.       0.       0.000289 0.       0.       0.
 0.000289]"
1786809859.0654564,-0.2499034628371585,-0.006946888655861235,0.0,0.0,-1.116902378410948,-0.03104797498281705,0.125,0.013410042513477457,0.3402857510141008,0.006806696495454436,0.039152187025741705,3.75536959390637,3.820387981851199,"[0. 0. 0. 0. 0. 0. 0. 0. 0. 0. 0. 0. 0. 0. 0. 0. 0. 0. 0. 0. 0. 0. 0. 0.
 0. 0. 0. 0. 0. 0. 0. 0. 0. 0. 0. 0.]","[0. 0. 0. 0. 0. 0. 0. 0. 0. 0. 0. 0. 0. 0. 0. 0. 0. 0. 0. 0. 0. 0. 0. 0.
 0. 0. 0. 0. 0. 0. 0. 0. 0. 0. 0. 0.]",4.590074124258977e-05,0.00031451536051802154,0.013412187026013364,0.12472867839581891,0.027080131558276117,9.80558326502579,"[3.99999998e-08 0.00000000e+00 0.00000000e+00 0.00000000e+00
 3.99999998e-08 0.00000000e+00 0.00000000e+00 0.00000000e+00
 3.99999998e-08]","[0.000289 0.       0.       0.       0.000289 0.       0.       0.
 0.000289]"
1786809859.1151147,-0.24990364182520267,-0.006940446851666449,0.0,0.0,-1.1144043074357877,-0.030949784527094574,0.12499999999999999,0.013412231893717722,0.34278382198926116,0.00690488695117691,0.039420387876013326,3.7553642863180685,3.820393289439503,"[0. 0. 0. 0. 0. 0. 0. 0. 0. 0. 0. 0. 0. 0. 0. 0. 0. 0. 0. 0. 0. 0. 0. 0.
 0. 0. 0. 0. 0. 0. 0. 0. 0. 0. 0. 0.]","[0. 0. 0. 0. 0. 0. 0. 0. 0. 0. 0. 0. 0. 0. 0. 0. 0. 0. 0. 0. 0. 0. 0. 0.
 0. 0. 0. 0. 0. 0. 0. 0. 0. 0. 0. 0.]",0.0004386340464903533,-8.594757333863187e-05,0.013351631283857598,0.10579887248497073,-0.003627283932995627,9.818279500010886,"[3.99999998e-08 0.00000000e+00 0.00000000e+00 0.00000000e+00
 3.99999998e-08 0.00000000e+00 0.00000000e+00 0.00000000e+00
 3.99999998e-08]","[0.000289 0.       0.       0.       0.000289 0.       0.       0.
 0.000289]"
1786809859.1657557,-0.24990382563018937,-0.006933825451790187,0.0,0.0,-1.1119062628866232,-0.030850924055149033,0.12499999999999999,0.013340279723925144,0.34528186653842563,0.007003747423122451,0.03968862375636415,3.755538715820518,3.820218859937052,"[0. 0. 0. 0. 0. 0. 0. 0. 0. 0. 0. 0. 0. 0. 0. 0. 0. 0. 0. 0. 0. 0. 0. 0.
 0. 0. 0. 0. 0. 0. 0. 0. 0. 0. 0. 0.]","[0. 0. 0. 0. 0. 0. 0. 0. 0. 0. 0. 0. 0. 0. 0. 0. 0. 0. 0. 0. 0. 0. 0. 0.
 0. 0. 0. 0. 0. 0. 0. 0. 0. 0. 0. 0.]",5.287920830965377e-05,3.4906922749780605e-05,0.013086876480808805,0.1355860637067267,0.014505694420929796,9.80290475004487,"[3.99999998e-08 0.00000000e+00 0.00000000e+00 0.00000000e+00
 3.99999998e-08 0.00000000e+00 0.00000000e+00 0.00000000e+00
 3.99999998e-08]","[0.000289 0.       0.       0.       0.000289 0.       0.       0.
 0.000289]"
1786809859.2169707,-0.24990401426068454,-0.006927023631804307,0.0,0.0,-1.1094082448743174,-0.030751395299903117,0.12499999999999999,0.013337764841493665,0.34777988455073144,0.007103276178368369,0.03995542432119921,3.7555448125051187,3.820212763252448,"[0. 0. 0. 0. 0. 0. 0. 0. 0. 0. 0. 0. 0. 0. 0. 0. 0. 0. 0. 0. 0. 0. 0. 0.
 0. 0. 0. 0. 0. 0. 0. 0. 0. 0. 0. 0.]","[0. 0. 0. 0. 0. 0. 0. 0. 0. 0. 0. 0. 0. 0. 0. 0. 0. 0. 0. 0. 0. 0. 0. 0.
 0. 0. 0. 0. 0. 0. 0. 0. 0. 0. 0. 0.]",-0.00018985897972793127,0.00016566568055586173,0.013599211165668847,0.12396131415323863,-0.0022012339202160977,9.835399296357595,"[3.99999998e-08 0.00000000e+00 0.00000000e+00 0.00000000e+00
 3.99999998e-08 0.00000000e+00 0.00000000e+00 0.00000000e+00
 3.99999998e-08]","[0.000289 0.       0.       0.       0.000289 0.       0.       0.
 0.000289]"
1786809859.2741337,-0.2499042077241522,-0.006920040589750526,0.0,0.0,-1.1069102535031965,-0.030651200126683063,0.125,0.013342702663105003,0.3502778759218523,0.007203471351588422,0.040222209244954524,3.7555328420284853,3.820224733729083,"[0. 0. 0. 0. 0. 0. 0. 0. 0. 0. 0. 0. 0. 0. 0. 0. 0. 0. 0. 0. 0. 0. 0. 0.
 0. 0. 0. 0. 0. 0. 0. 0. 0. 0. 0. 0.]","[0. 0. 0. 0. 0. 0. 0. 0. 0. 0. 0. 0. 0. 0. 0. 0. 0. 0. 0. 0. 0. 0. 0. 0.
 0. 0. 0. 0. 0. 0. 0. 0. 0. 0. 0. 0.]",0.0004577211726164556,-7.797366127386538e-05,0.01371319765452252,0.11762271966617882,0.020043872088824466,9.816115121500918,"[3.99999998e-08 0.00000000e+00 0.00000000e+00 0.00000000e+00
 3.99999998e-08 0.00000000e+00 0.00000000e+00 0.00000000e+00
 3.99999998e-08]","[0.000289 0.       0.       0.       0.000289 0.       0.       0.
 0.000289]"
1786809859.3171837,-0.2499042077241522,-0.006920040589750526,0.0,0.0,-1.1069102535031965,-0.030651200126683063,0.125,0.013284555662463997,0.3502778759218523,0.007203471351588422,0.040222209244954524,3.7556738044543643,3.8200837713032065,"[0. 0. 0. 0. 0. 0. 0. 0. 0. 0. 0. 0. 0. 0. 0. 0. 0. 0. 0. 0. 0. 0. 0. 0.
 0. 0. 0. 0. 0. 0. 0. 0. 0. 0. 0. 0.]","[0. 0. 0. 0. 0. 0. 0. 0. 0. 0. 0. 0. 0. 0. 0. 0. 0. 0. 0. 0. 0. 0. 0. 0.
 0. 0. 0. 0. 0. 0. 0. 0. 0. 0. 0. 0.]",5.3345112699244046e-05,-4.679398385253407e-05,0.01345787151966655,0.10902223396856935,-0.0032356289364208948,9.762764087291364,"[3.99999998e-08 0.00000000e+00 0.00000000e+00 0.00000000e+00
 3.99999998e-08 0.00000000e+00 0.00000000e+00 0.00000000e+00
 3.99999998e-08]","[0.000289 0.       0.       0.       0.000289 0.       0.       0.
 0.000289]"
1786809859.3653722,-0.2499044060363444,-0.006912875206592221,0.0,0.0,-1.1044122889312444,-0.030550339032030638,0.125,0.013396014359499556,0.35277584049380445,0.007304332446240848,0.04048830738730621,3.7554036015524557,3.820353974205114,"[0. 0. 0. 0. 0. 0. 0. 0. 0. 0. 0. 0. 0. 0. 0. 0. 0. 0. 0. 0. 0. 0. 0. 0.
 0. 0. 0. 0. 0. 0. 0. 0. 0. 0. 0. 0.]","[0. 0. 0. 0. 0. 0. 0. 0. 0. 0. 0. 0. 0. 0. 0. 0. 0. 0. 0. 0. 0. 0. 0. 0.
 0. 0. 0. 0. 0. 0. 0. 0. 0. 0. 0. 0.]",0.00010808637255221756,8.714168439758957e-05,0.013463016302419636,0.13409648585128037,0.002646247668761565,9.785516184279345,"[3.99999998e-08 0.00000000e+00 0.00000000e+00 0.00000000e+00
 3.99999998e-08 0.00000000e+00 0.00000000e+00 0.00000000e+00
 3.99999998e-08]","[0.000289 0.       0.       0.       0.000289 0.       0.       0.
 0.000289]"
1786809859.4166265,-0.24990460921033977,-0.006905526441000963,0.0,0.0,-1.101914351300468,-0.030448812899722108,0.125,0.013383851058210893,0.35527377812458066,0.007405858578549378,0.04075544746344577,3.7554330883433806,3.820324487414189,"[0. 0. 0. 0. 0. 0. 0. 0. 0. 0. 0. 0. 0. 0. 0. 0. 0. 0. 0. 0. 0. 0. 0. 0.
 0. 0. 0. 0. 0. 0. 0. 0. 0. 0. 0. 0.]","[0. 0. 0. 0. 0. 0. 0. 0. 0. 0. 0. 0. 0. 0. 0. 0. 0. 0. 0. 0. 0. 0. 0. 0.
 0. 0. 0. 0. 0. 0. 0. 0. 0. 0. 0. 0.]",0.00023650914810948337,-0.00020382715469095366,0.013234935760934267,0.13417436883687067,-0.0036181240054336972,9.771568435800575,"[3.99999998e-08 0.00000000e+00 0.00000000e+00 0.00000000e+00
 3.99999998e-08 0.00000000e+00 0.00000000e+00 0.00000000e+00
 3.99999998e-08]","[0.000289 0.       0.       0.       0.000289 0.       0.       0.
 0.000289]"
1786809859.483023,-0.24990481728724576,-0.006897992217182071,0.0,0.0,-1.0994164409364253,-0.030346618105822815,0.125,0.013294371742989012,0.3577716884886234,0.007508053372448669,0.0410229820160455,3.755650007895516,3.8201075678620553,"[0. 0. 0. 0. 0. 0. 0. 0. 0. 0. 0. 0. 0. 0. 0. 0. 0. 0. 0. 0. 0. 0. 0. 0.
 0. 0. 0. 0. 0. 0. 0. 0. 0. 0. 0. 0.]","[0. 0. 0. 0. 0. 0. 0. 0. 0. 0. 0. 0. 0. 0. 0. 0. 0. 0. 0. 0. 0. 0. 0. 0.
 0. 0. 0. 0. 0. 0. 0. 0. 0. 0. 0. 0.]",0.00035347062446605443,-2.474839019317036e-05,0.012985036511099186,0.13488940072738936,-0.0056726855783284375,9.783293754796006,"[3.99999998e-08 0.00000000e+00 0.00000000e+00 0.00000000e+00
 3.99999998e-08 0.00000000e+00 0.00000000e+00 0.00000000e+00
 3.99999998e-08]","[0.000289 0.       0.       0.       0.000289 0.       0.       0.
 0.000289]"
1786809859.5163922,-0.24990481728724576,-0.006897992217182071,0.0,0.0,-1.0994164409364253,-0.030346618105822815,0.12499999999999999,0.013288655335351925,0.3577716884886234,0.007508053372448669,0.0410229820160455,3.755663865853091,3.820093709904478,"[0. 0. 0. 0. 0. 0. 0. 0. 0. 0. 0. 0. 0. 0. 0. 0. 0. 0. 0. 0. 0. 0. 0. 0.
 0. 0. 0. 0. 0. 0. 0. 0. 0. 0. 0. 0.]","[0. 0. 0. 0. 0. 0. 0. 0. 0. 0. 0. 0. 0. 0. 0. 0. 0. 0. 0. 0. 0. 0. 0. 0.
 0. 0. 0. 0. 0. 0. 0. 0. 0. 0. 0. 0.]",0.0005083413835021994,4.3799910405095135e-05,0.013220270273638285,0.10877461519737183,0.010031529115943112,9.806335145975034,"[3.99999998e-08 0.00000000e+00 0.00000000e+00 0.00000000e+00
 3.99999998e-08 0.00000000e+00 0.00000000e+00 0.00000000e+00
 3.99999998e-08]","[0.000289 0.       0.       0.       0.000289 0.       0.       0.
 0.000289]"
1786809859.5653684,-0.24990503027187772,-0.006890271751671746,0.0,0.0,-1.0969185579306515,-0.030243756779811403,0.12499999999999999,0.01339047137895097,0.36026957149439737,0.007610914698460081,0.04128980186507841,3.75541703908114,3.820340536676432,"[0. 0. 0. 0. 0. 0. 0. 0. 0. 0. 0. 0. 0. 0. 0. 0. 0. 0. 0. 0. 0. 0. 0. 0.
 0. 0. 0. 0. 0. 0. 0. 0. 0. 0. 0. 0.]","[0. 0. 0. 0. 0. 0. 0. 0. 0. 0. 0. 0. 0. 0. 0. 0. 0. 0. 0. 0. 0. 0. 0. 0.
 0. 0. 0. 0. 0. 0. 0. 0. 0. 0. 0. 0.]",-3.836563587917733e-05,1.3727974529915911e-05,0.013471999710546495,0.11056681675653535,-0.028228736284483375,9.820248113710747,"[3.99999998e-08 0.00000000e+00 0.00000000e+00 0.00000000e+00
 3.99999998e-08 0.00000000e+00 0.00000000e+00 0.00000000e+00
 3.99999998e-08]","[0.000289 0.       0.       0.       0.000289 0.       0.       0.
 0.000289]"
1786809859.621301,-0.24990524819317725,-0.006882363366350489,0.0,0.0,-1.0944207025341735,-0.03014022716591512,0.125,0.01335228567871822,0.36276742689087527,0.007714444312356366,0.04155745854992378,3.7555096104754853,3.820247965282084,"[0. 0. 0. 0. 0. 0. 0. 0. 0. 0. 0. 0. 0. 0. 0. 0. 0. 0. 0. 0. 0. 0. 0. 0.
 0. 0. 0. 0. 0. 0. 0. 0. 0. 0. 0. 0.]","[0. 0. 0. 0. 0. 0. 0. 0. 0. 0. 0. 0. 0. 0. 0. 0. 0. 0. 0. 0. 0. 0. 0. 0.
 0. 0. 0. 0. 0. 0. 0. 0. 0. 0. 0. 0.]",0.00012001193708209836,-0.00013637454704522542,0.013441138973460678,0.11918637758995669,-0.008900391615376665,9.78371828014268,"[3.99999998e-08 0.00000000e+00 0.00000000e+00 0.00000000e+00
 3.99999998e-08 0.00000000e+00 0.00000000e+00 0.00000000e+00
 3.99999998e-08]","[0.000289 0.       0.       0.       0.000289 0.       0.       0.
 0.000289]"
1786809859.665303,-0.24990547106427438,-0.006874265934855084,0.0,0.0,-1.091922874895912,-0.030036029985335735,0.125,0.013270577427593806,0.36526525452913683,0.00781864149293575,0.04182417743062266,3.7557076910843525,3.8200498846732183,"[0. 0. 0. 0. 0. 0. 0. 0. 0. 0. 0. 0. 0. 0. 0. 0. 0. 0. 0. 0. 0. 0. 0. 0.
 0. 0. 0. 0. 0. 0. 0. 0. 0. 0. 0. 0.]","[0. 0. 0. 0. 0. 0. 0. 0. 0. 0. 0. 0. 0. 0. 0. 0. 0. 0. 0. 0. 0. 0. 0. 0.
 0. 0. 0. 0. 0. 0. 0. 0. 0. 0. 0. 0.]",0.00026895047827507303,-0.00012848656526736295,0.013558802049372693,0.14481079681311487,-0.008217412960782728,9.814835383062029,"[3.99999998e-08 0.00000000e+00 0.00000000e+00 0.00000000e+00
 3.99999998e-08 0.00000000e+00 0.00000000e+00 0.00000000e+00
 3.99999998e-08]","[0.000289 0.       0.       0.       0.000289 0.       0.       0.
 0.000289]"
1786809859.7161021,-0.24990547106427438,-0.006874265934855084,0.0,0.0,-1.091922874895912,-0.030036029985335735,0.12499999999999999,0.01321147877154841,0.36526525452913683,0.00781864149293575,0.04182417743062266,3.7558509605535546,3.8199066152040158,"[0. 0. 0. 0. 0. 0. 0. 0. 0. 0. 0. 0. 0. 0. 0. 0. 0. 0. 0. 0. 0. 0. 0. 0.
 0. 0. 0. 0. 0. 0. 0. 0. 0. 0. 0. 0.]","[0. 0. 0. 0. 0. 0. 0. 0. 0. 0. 0. 0. 0. 0. 0. 0. 0. 0. 0. 0. 0. 0. 0. 0.
 0. 0. 0. 0. 0. 0. 0. 0. 0. 0. 0. 0.]",0.00018321833503489774,2.480709903111757e-05,0.013307406530906583,0.11717369980714461,0.012666460772221432,9.793136003238494,"[3.99999998e-08 0.00000000e+00 0.00000000e+00 0.00000000e+00
 3.99999998e-08 0.00000000e+00 0.00000000e+00 0.00000000e+00
 3.99999998e-08]","[0.000289 0.       0.       0.       0.000289 0.       0.       0.
 0.000289]"
1786809859.7682722,-0.24990569887934855,-0.006865978999703974,0.0,0.0,-1.089425075039991,-0.02993116891898789,0.12499999999999999,0.013319236012695999,0.3677630543850578,0.007923502559283594,0.04208899799271124,3.7555897308780426,3.8201678448795278,"[0. 0. 0. 0. 0. 0. 0. 0. 0. 0. 0. 0. 0. 0. 0. 0. 0. 0. 0. 0. 0. 0. 0. 0.
 0. 0. 0. 0. 0. 0. 0. 0. 0. 0. 0. 0.]","[0. 0. 0. 0. 0. 0. 0. 0. 0. 0. 0. 0. 0. 0. 0. 0. 0. 0. 0. 0. 0. 0. 0. 0.
 0. 0. 0. 0. 0. 0. 0. 0. 0. 0. 0. 0.]",4.85973091073702e-05,6.533900145421635e-05,0.01355161818552316,0.12340340036736884,0.025545577707834156,9.797453946333901,"[3.99999998e-08 0.00000000e+00 0.00000000e+00 0.00000000e+00
 3.99999998e-08 0.00000000e+00 0.00000000e+00 0.00000000e+00
 3.99999998e-08]","[0.000289 0.       0.       0.       0.000289 0.       0.       0.
 0.000289]"
1786809859.8152716,-0.2499059316414672,-0.006857501761598187,0.0,0.0,-1.0869273030498556,-0.02982564617988749,0.125,0.013254226711931829,0.37275857025316783,0.008135211377709287,0.04261975569439246,3.7557473291829275,3.8200102465746433,"[0. 0. 0. 0. 0. 0. 0. 0. 0. 0. 0. 0. 0. 0. 0. 0. 0. 0. 0. 0. 0. 0. 0. 0.
 0. 0. 0. 0. 0. 0. 0. 0. 0. 0. 0. 0.]","[0. 0. 0. 0. 0. 0. 0. 0. 0. 0. 0. 0. 0. 0. 0. 0. 0. 0. 0. 0. 0. 0. 0. 0.
 0. 0. 0. 0. 0. 0. 0. 0. 0. 0. 0. 0.]",0.00024249915063550632,-0.0002226696870108101,0.013094635681757982,0.13459988901511727,0.004889490529446839,9.787092948445526,"[3.99999998e-08 0.00000000e+00 0.00000000e+00 0.00000000e+00
 3.99999998e-08 0.00000000e+00 0.00000000e+00 0.00000000e+00
 3.99999998e-08]","[0.000289 0.       0.       0.       0.000289 0.       0.       0.
 0.000289]"
1786809859.8654306,-0.24990641209297715,-0.006839970381155622,0.0,0.0,-1.0819318435010743,-0.029612612585639263,0.125,0.013199160995665203,0.37525628592397453,0.008242058892632223,0.04288406930869487,3.7558808218285034,3.81987675392907,"[0. 0. 0. 0. 0. 0. 0. 0. 0. 0. 0. 0. 0. 0. 0. 0. 0. 0. 0. 0. 0. 0. 0. 0.
 0. 0. 0. 0. 0. 0. 0. 0. 0. 0. 0. 0.]","[0. 0. 0. 0. 0. 0. 0. 0. 0. 0. 0. 0. 0. 0. 0. 0. 0. 0. 0. 0. 0. 0. 0. 0.
 0. 0. 0. 0. 0. 0. 0. 0. 0. 0. 0. 0.]",0.0002497197184560669,0.00025378697230767164,0.013003738161305001,0.15671524698235845,0.003515043940094909,9.803738835147158,"[3.99999998e-08 0.00000000e+00 0.00000000e+00 0.00000000e+00
 3.99999998e-08 0.00000000e+00 0.00000000e+00 0.00000000e+00
 3.99999998e-08]","[0.000289 0.       0.       0.       0.000289 0.       0.       0.
 0.000289]"
1786809859.9154067,-0.24990665978985951,-0.006830914483100348,0.0,0.0,-1.0794341561243361,-0.029505105693554336,0.125,0.01302492533294581,0.3777539733007127,0.008349565784717149,0.04314752982190334,3.7563032113138073,3.819454364443764,"[0. 0. 0. 0. 0. 0. 0. 0. 0. 0. 0. 0. 0. 0. 0. 0. 0. 0. 0. 0. 0. 0. 0. 0.
 0. 0. 0. 0. 0. 0. 0. 0. 0. 0. 0. 0.]","[0. 0. 0. 0. 0. 0. 0. 0. 0. 0. 0. 0. 0. 0. 0. 0. 0. 0. 0. 0. 0. 0. 0. 0.
 0. 0. 0. 0. 0. 0. 0. 0. 0. 0. 0. 0.]",-1.747125123066615e-05,0.00013045857182824374,0.012914784534420158,0.1370207524851271,-0.024054105718654906,9.797413415822414,"[3.99999998e-08 0.00000000e+00 0.00000000e+00 0.00000000e+00
 3.99999998e-08 0.00000000e+00 0.00000000e+00 0.00000000e+00
 3.99999998e-08]","[0.000289 0.       0.       0.       0.000289 0.       0.       0.
 0.000289]"
1786809859.9676104,-0.2499069124487533,-0.006821664777102289,0.0,0.0,-1.0769364969730242,-0.029396945032816174,0.125,0.012961997071430937,0.3802516324520247,0.008457726445455309,0.04340790247214093,3.7564557646750574,3.8193018110825148,"[0. 0. 0. 0. 0. 0. 0. 0. 0. 0. 0. 0. 0. 0. 0. 0. 0. 0. 0. 0. 0. 0. 0. 0.
 0. 0. 0. 0. 0. 0. 0. 0. 0. 0. 0. 0.]","[0. 0. 0. 0. 0. 0. 0. 0. 0. 0. 0. 0. 0. 0. 0. 0. 0. 0. 0. 0. 0. 0. 0. 0.
 0. 0. 0. 0. 0. 0. 0. 0. 0. 0. 0. 0.]",0.00042072862729537264,-0.00018105274782372435,0.013005412285274829,0.11529809711695392,-0.0275217375868567,9.814959235406656,"[3.99999998e-08 0.00000000e+00 0.00000000e+00 0.00000000e+00
 3.99999998e-08 0.00000000e+00 0.00000000e+00 0.00000000e+00
 3.99999998e-08]","[0.000289 0.       0.       0.       0.000289 0.       0.       0.
 0.000289]"
1786809860.014961,-0.2499071700532636,-0.006812221074596619,0.0,0.0,-1.0744388660005983,-0.029288135609614473,0.125,0.012961613457242865,0.3827492634244504,0.008566535868657011,0.04366714241357331,3.756456694648766,3.8193008811088025,"[0. 0. 0. 0. 0. 0. 0. 0. 0. 0. 0. 0. 0. 0. 0. 0. 0. 0. 0. 0. 0. 0. 0. 0.
 0. 0. 0. 0. 0. 0. 0. 0. 0. 0. 0. 0.]","[0. 0. 0. 0. 0. 0. 0. 0. 0. 0. 0. 0. 0. 0. 0. 0. 0. 0. 0. 0. 0. 0. 0. 0.
 0. 0. 0. 0. 0. 0. 0. 0. 0. 0. 0. 0.]",0.00017471291329021967,3.910434950177669e-05,0.012926342964315286,0.10823092408154827,0.005253547189331814,9.796276554546349,"[3.99999998e-08 0.00000000e+00 0.00000000e+00 0.00000000e+00
 3.99999998e-08 0.00000000e+00 0.00000000e+00 0.00000000e+00
 3.99999998e-08]","[0.000289 0.       0.       0.       0.000289 0.       0.       0.
 0.000289]"
1786809860.0684457,-0.24990770012335115,-0.006792747533745074,0.0,0.0,-1.0694436890234331,-0.029068576028299715,0.12499999999999999,0.012887399715405007,0.3877444404016158,0.00878609544997177,0.04418419842534411,3.756636606750273,3.819120969007297,"[0. 0. 0. 0. 0. 0. 0. 0. 0. 0. 0. 0. 0. 0. 0. 0. 0. 0. 0. 0. 0. 0. 0. 0.
 0. 0. 0. 0. 0. 0. 0. 0. 0. 0. 0. 0.]","[0. 0. 0. 0. 0. 0. 0. 0. 0. 0. 0. 0. 0. 0. 0. 0. 0. 0. 0. 0. 0. 0. 0. 0.
 0. 0. 0. 0. 0. 0. 0. 0. 0. 0. 0. 0.]",-0.00019190632191952274,0.0003833105282764898,0.012949018839839562,0.11292131479023644,-0.01776237124501396,9.786530867607372,"[3.99999998e-08 0.00000000e+00 0.00000000e+00 0.00000000e+00
 3.99999998e-08 0.00000000e+00 0.00000000e+00 0.00000000e+00
 3.99999998e-08]","[0.000289 0.       0.       0.       0.000289 0.       0.       0.
 0.000289]"
1786809860.1158173,-0.24990797259348171,-0.0067827158436412766,0.0,0.0,-1.0669461431850082,-0.02895782969463242,0.125,0.012719644097215122,0.39024198624004064,0.008896841783639068,0.04444144315306521,3.757043287036796,3.8187142887207743,"[0. 0. 0. 0. 0. 0. 0. 0. 0. 0. 0. 0. 0. 0. 0. 0. 0. 0. 0. 0. 0. 0. 0. 0.
 0. 0. 0. 0. 0. 0. 0. 0. 0. 0. 0. 0.]","[0. 0. 0. 0. 0. 0. 0. 0. 0. 0. 0. 0. 0. 0. 0. 0. 0. 0. 0. 0. 0. 0. 0. 0.
 0. 0. 0. 0. 0. 0. 0. 0. 0. 0. 0. 0.]",3.8911088099872945e-05,0.0002917017720813962,0.012861924413682889,0.1277351839442985,-0.01148232159273981,9.821831086821408,"[3.99999998e-08 0.00000000e+00 0.00000000e+00 0.00000000e+00
 3.99999998e-08 0.00000000e+00 0.00000000e+00 0.00000000e+00
 3.99999998e-08]","[0.000289 0.       0.       0.       0.000289 0.       0.       0.
 0.000289]"
1786809860.1681917,-0.2499082500008606,-0.0067724870990916895,0.0,0.0,-1.0644486257349803,-0.028846444986955044,0.12499999999999999,0.012690140206391406,0.3927395036900685,0.009008226491316442,0.04469577702728052,3.7571148116205313,3.818642764137037,"[0. 0. 0. 0. 0. 0. 0. 0. 0. 0. 0. 0. 0. 0. 0. 0. 0. 0. 0. 0. 0. 0. 0. 0.
 0. 0. 0. 0. 0. 0. 0. 0. 0. 0. 0. 0.]","[0. 0. 0. 0. 0. 0. 0. 0. 0. 0. 0. 0. 0. 0. 0. 0. 0. 0. 0. 0. 0. 0. 0. 0.
 0. 0. 0. 0. 0. 0. 0. 0. 0. 0. 0. 0.]",1.9435192377534495e-05,0.0001772867696028218,0.012556973595730244,0.1256446916291234,0.009923001731723561,9.778640751100053,"[3.99999998e-08 0.00000000e+00 0.00000000e+00 0.00000000e+00
 3.99999998e-08 0.00000000e+00 0.00000000e+00 0.00000000e+00
 3.99999998e-08]","[0.000289 0.       0.       0.       0.000289 0.       0.       0.
 0.000289]"
1786809860.2160835,-0.24990853233404386,-0.006762060828190526,0.0,0.0,-1.0644486257349803,-0.028846444986955044,0.125,0.012686903683012868,0.39523699276339275,0.009120245664135497,0.044949563648800234,3.7571226577379733,3.8186349180196,"[0. 0. 0. 0. 0. 0. 0. 0. 0. 0. 0. 0. 0. 0. 0. 0. 0. 0. 0. 0. 0. 0. 0. 0.
 0. 0. 0. 0. 0. 0. 0. 0. 0. 0. 0. 0.]","[0. 0. 0. 0. 0. 0. 0. 0. 0. 0. 0. 0. 0. 0. 0. 0. 0. 0. 0. 0. 0. 0. 0. 0.
 0. 0. 0. 0. 0. 0. 0. 0. 0. 0. 0. 0.]",8.562772603208786e-05,2.262986537256047e-05,0.012735008443011396,0.11291235026226046,0.02496726831783375,9.772289844507226,"[3.99999998e-08 0.00000000e+00 0.00000000e+00 0.00000000e+00
 3.99999998e-08 0.00000000e+00 0.00000000e+00 0.00000000e+00
 3.99999998e-08]","[0.000289 0.       0.       0.       0.000289 0.       0.       0.
 0.000289]"
1786809860.2665362,-0.24990881960149913,-0.006751435801765788,0.0,0.0,-1.059453676094143,-0.028621772895010965,0.125,0.0126724312446992,0.3977344533309057,0.009232898583260521,0.04520327277760597,3.7571577424369154,3.8185998333206586,"[0. 0. 0. 0. 0. 0. 0. 0. 0. 0. 0. 0. 0. 0. 0. 0. 0. 0. 0. 0. 0. 0. 0. 0.
 0. 0. 0. 0. 0. 0. 0. 0. 0. 0. 0. 0.]","[0. 0. 0. 0. 0. 0. 0. 0. 0. 0. 0. 0. 0. 0. 0. 0. 0. 0. 0. 0. 0. 0. 0. 0.
 0. 0. 0. 0. 0. 0. 0. 0. 0. 0. 0. 0.]",0.0003296680122181981,-6.950369854698901e-05,0.012537105809809572,0.1290536681184606,-0.032707920052319185,9.78517702169924,"[3.99999998e-08 0.00000000e+00 0.00000000e+00 0.00000000e+00
 3.99999998e-08 0.00000000e+00 0.00000000e+00 0.00000000e+00
 3.99999998e-08]","[0.000289 0.       0.       0.       0.000289 0.       0.       0.
 0.000289]"
1786809860.3153129,-0.24990911181252073,-0.006740610734718553,0.0,0.0,-1.056956244169462,-0.028508486761063875,0.125,0.012668160204340504,0.40023188525558684,0.00934618471720761,0.045456661607946515,3.75716809647407,3.8185894792835007,"[0. 0. 0. 0. 0. 0. 0. 0. 0. 0. 0. 0. 0. 0. 0. 0. 0. 0. 0. 0. 0. 0. 0. 0.
 0. 0. 0. 0. 0. 0. 0. 0. 0. 0. 0. 0.]","[0. 0. 0. 0. 0. 0. 0. 0. 0. 0. 0. 0. 0. 0. 0. 0. 0. 0. 0. 0. 0. 0. 0. 0.
 0. 0. 0. 0. 0. 0. 0. 0. 0. 0. 0. 0.]",7.937859036756864e-06,-4.234158836973054e-05,0.012488644742479646,0.10736474802699998,-0.00949977714229008,9.819778731932889,"[3.99999998e-08 0.00000000e+00 0.00000000e+00 0.00000000e+00
 3.99999998e-08 0.00000000e+00 0.00000000e+00 0.00000000e+00
 3.99999998e-08]","[0.000289 0.       0.       0.       0.000289 0.       0.       0.
 0.000289]"
1786809860.3687136,-0.24990940897542122,-0.006729584352368916,0.0,0.0,-1.054458841019907,-0.028394568039023023,0.12499999999999999,0.01264009605176374,0.402729288405142,0.00946010343924846,0.045709744170557155,3.7572361307832662,3.818521444974302,"[0. 0. 0. 0. 0. 0. 0. 0. 0. 0. 0. 0. 0. 0. 0. 0. 0. 0. 0. 0. 0. 0. 0. 0.
 0. 0. 0. 0. 0. 0. 0. 0. 0. 0. 0. 0.]","[0. 0. 0. 0. 0. 0. 0. 0. 0. 0. 0. 0. 0. 0. 0. 0. 0. 0. 0. 0. 0. 0. 0. 0.
 0. 0. 0. 0. 0. 0. 0. 0. 0. 0. 0. 0.]",-6.648289047652005e-05,0.0002642112765833403,0.012581741999680646,0.10819896561603144,0.0069422350499828474,9.778388203208728,"[3.99999998e-08 0.00000000e+00 0.00000000e+00 0.00000000e+00
 3.99999998e-08 0.00000000e+00 0.00000000e+00 0.00000000e+00
 3.99999998e-08]","[0.000289 0.       0.       0.       0.000289 0.       0.       0.
 0.000289]"
1786809860.4178967,-0.24990971109511703,-0.006718355479961503,0.0,0.0,-1.0519614667556778,-0.028280017826904043,0.12499999999999999,0.01261025847186714,0.4052266626693711,0.00957465365136744,0.04596242674132501,3.75730846431037,3.8184491114471997,"[0. 0. 0. 0. 0. 0. 0. 0. 0. 0. 0. 0. 0. 0. 0. 0. 0. 0. 0. 0. 0. 0. 0. 0.
 0. 0. 0. 0. 0. 0. 0. 0. 0. 0. 0. 0.]","[0. 0. 0. 0. 0. 0. 0. 0. 0. 0. 0. 0. 0. 0. 0. 0. 0. 0. 0. 0. 0. 0. 0. 0.
 0. 0. 0. 0. 0. 0. 0. 0. 0. 0. 0. 0.]",-3.1486947980474288e-06,-0.00021250510787070942,0.012613601785857704,0.11802469671320603,-0.01658646860953832,9.795798667599392,"[3.99999998e-08 0.00000000e+00 0.00000000e+00 0.00000000e+00
 3.99999998e-08 0.00000000e+00 0.00000000e+00 0.00000000e+00
 3.99999998e-08]","[0.000289 0.       0.       0.       0.000289 0.       0.       0.
 0.000289]"
1786809860.4682922,-0.24990971109511703,-0.006718355479961503,0.0,0.0,-1.0519614667556778,-0.028280017826904043,0.12499999999999999,0.012552479954462188,0.4052266626693711,0.00957465365136744,0.04596242674132501,3.7574485334435535,3.818309042314019,"[0. 0. 0. 0. 0. 0. 0. 0. 0. 0. 0. 0. 0. 0. 0. 0. 0. 0. 0. 0. 0. 0. 0. 0.
 0. 0. 0. 0. 0. 0. 0. 0. 0. 0. 0. 0.]","[0. 0. 0. 0. 0. 0. 0. 0. 0. 0. 0. 0. 0. 0. 0. 0. 0. 0. 0. 0. 0. 0. 0. 0.
 0. 0. 0. 0. 0. 0. 0. 0. 0. 0. 0. 0.]",0.00023473578483558023,0.00019758619139672491,0.012579252489539774,0.12422197076780965,-0.0008752468544861122,9.788505521862378,"[3.99999998e-08 0.00000000e+00 0.00000000e+00 0.00000000e+00
 3.99999998e-08 0.00000000e+00 0.00000000e+00 0.00000000e+00
 3.99999998e-08]","[0.000289 0.       0.       0.       0.000289 0.       0.       0.
 0.000289]"
1786809860.522805,-0.24991001816965772,-0.00670692317246674,0.0,0.0,-1.0494641214394604,-0.02816483823380135,0.12499999999999999,0.012729649718542218,0.40772400798558833,0.009689833244470132,0.04621418118507248,3.7570190309850937,3.8187385447724767,"[0. 0. 0. 0. 0. 0. 0. 0. 0. 0. 0. 0. 0. 0. 0. 0. 0. 0. 0. 0. 0. 0. 0. 0.
 0. 0. 0. 0. 0. 0. 0. 0. 0. 0. 0. 0.]","[0. 0. 0. 0. 0. 0. 0. 0. 0. 0. 0. 0. 0. 0. 0. 0. 0. 0. 0. 0. 0. 0. 0. 0.
 0. 0. 0. 0. 0. 0. 0. 0. 0. 0. 0. 0.]",4.763926630589851e-05,7.929340356979782e-05,0.012805810326530455,0.12039928743253266,0.01655235065727732,9.78878890585619,"[3.99999998e-08 0.00000000e+00 0.00000000e+00 0.00000000e+00
 3.99999998e-08 0.00000000e+00 0.00000000e+00 0.00000000e+00
 3.99999998e-08]","[0.000289 0.       0.       0.       0.000289 0.       0.       0.
 0.000289]"
1786809860.5653405,-0.24991033023042902,-0.006695285215577504,0.0,0.0,-1.0469668053773542,-0.028049026091799007,0.12500000000000003,0.012672150516396197,0.4102213240476946,0.009805645386472477,0.04646848668352667,3.7571584229903787,3.818599152767196,"[0. 0. 0. 0. 0. 0. 0. 0. 0. 0. 0. 0. 0. 0. 0. 0. 0. 0. 0. 0. 0. 0. 0. 0.
 0. 0. 0. 0. 0. 0. 0. 0. 0. 0. 0. 0.]","[0. 0. 0. 0. 0. 0. 0. 0. 0. 0. 0. 0. 0. 0. 0. 0. 0. 0. 0. 0. 0. 0. 0. 0.
 0. 0. 0. 0. 0. 0. 0. 0. 0. 0. 0. 0.]",-0.00017858464227696205,0.00021561996106469404,0.012891809347580658,0.1174870734382255,0.008010753685668346,9.81754794955035,"[3.99999998e-08 0.00000000e+00 0.00000000e+00 0.00000000e+00
 3.99999998e-08 0.00000000e+00 0.00000000e+00 0.00000000e+00
 3.99999998e-08]","[0.000289 0.       0.       0.       0.000289 0.       0.       0.
 0.000289]"
1786809860.615219,-0.24991064729245285,-0.006683439972590921,0.0,0.0,-1.044469518760752,-0.02793258073422318,0.125,0.012589547087067195,0.41271861066429677,0.009922090744048305,0.04672110365969394,3.7573586737281475,3.818398902029427,"[0. 0. 0. 0. 0. 0. 0. 0. 0. 0. 0. 0. 0. 0. 0. 0. 0. 0. 0. 0. 0. 0. 0. 0.
 0. 0. 0. 0. 0. 0. 0. 0. 0. 0. 0. 0.]","[0. 0. 0. 0. 0. 0. 0. 0. 0. 0. 0. 0. 0. 0. 0. 0. 0. 0. 0. 0. 0. 0. 0. 0.
 0. 0. 0. 0. 0. 0. 0. 0. 0. 0. 0. 0.]",-1.6765815860899042e-06,-0.00030209326828578136,0.012718306356921219,0.1537192465095491,-0.001489975472641129,9.808125631327291,"[3.99999998e-08 0.00000000e+00 0.00000000e+00 0.00000000e+00
 3.99999998e-08 0.00000000e+00 0.00000000e+00 0.00000000e+00
 3.99999998e-08]","[0.000289 0.       0.       0.       0.000289 0.       0.       0.
 0.000289]"
1786809860.6651864,-0.24991096933899384,-0.006671386965577543,0.0,0.0,-1.0419722615523956,-0.027815506388535995,0.125,0.012547444885376402,0.4152158678726531,0.010039165089735489,0.04697243147728411,3.757460739671639,3.818296836085934,"[0. 0. 0. 0. 0. 0. 0. 0. 0. 0. 0. 0. 0. 0. 0. 0. 0. 0. 0. 0. 0. 0. 0. 0.
 0. 0. 0. 0. 0. 0. 0. 0. 0. 0. 0. 0.]","[0. 0. 0. 0. 0. 0. 0. 0. 0. 0. 0. 0. 0. 0. 0. 0. 0. 0. 0. 0. 0. 0. 0. 0.
 0. 0. 0. 0. 0. 0. 0. 0. 0. 0. 0. 0.]",0.00047255560169933276,-0.00031817482699883086,0.012396547500355475,0.10863128517618005,0.006423988892620012,9.806391231141497,"[3.99999998e-08 0.00000000e+00 0.00000000e+00 0.00000000e+00
 3.99999998e-08 0.00000000e+00 0.00000000e+00 0.00000000e+00
 3.99999998e-08]","[0.000289 0.       0.       0.       0.000289 0.       0.       0.
 0.000289]"
1786809860.7176652,-0.24991096933899384,-0.006671386965577543,0.0,0.0,-1.0419722615523956,-0.027815506388535995,0.125,0.012491213021953405,0.4152158678726531,0.010039165089735489,0.04697243147728411,3.757597059340467,3.8181605164171044,"[0. 0. 0. 0. 0. 0. 0. 0. 0. 0. 0. 0. 0. 0. 0. 0. 0. 0. 0. 0. 0. 0. 0. 0.
 0. 0. 0. 0. 0. 0. 0. 0. 0. 0. 0. 0.]","[0. 0. 0. 0. 0. 0. 0. 0. 0. 0. 0. 0. 0. 0. 0. 0. 0. 0. 0. 0. 0. 0. 0. 0.
 0. 0. 0. 0. 0. 0. 0. 0. 0. 0. 0. 0.]",-9.947420512849796e-05,-7.876182442548056e-05,0.012628106783530494,0.10982009113070178,0.015350447988512397,9.812208355021484,"[3.99999998e-08 0.00000000e+00 0.00000000e+00 0.00000000e+00
 3.99999998e-08 0.00000000e+00 0.00000000e+00 0.00000000e+00
 3.99999998e-08]","[0.000289 0.       0.       0.       0.000289 0.       0.       0.
 0.000289]"
1786809860.7651227,-0.24991162835788466,-0.006646654159089657,0.0,0.0,-1.0369778355025943,-0.02757948114905976,0.12499999999999997,0.012429792787603469,0.4202102939224545,0.010275190329211722,0.047471782433700795,3.7577459568782046,3.818011618879363,"[0. 0. 0. 0. 0. 0. 0. 0. 0. 0. 0. 0. 0. 0. 0. 0. 0. 0. 0. 0. 0. 0. 0. 0.
 0. 0. 0. 0. 0. 0. 0. 0. 0. 0. 0. 0.]","[0. 0. 0. 0. 0. 0. 0. 0. 0. 0. 0. 0. 0. 0. 0. 0. 0. 0. 0. 0. 0. 0. 0. 0.
 0. 0. 0. 0. 0. 0. 0. 0. 0. 0. 0. 0.]",0.00018863160591028256,0.00010488596090802536,0.012111695735429539,0.13650051787489723,-0.006078801181391042,9.782736222721867,"[3.99999998e-08 0.00000000e+00 0.00000000e+00 0.00000000e+00
 3.99999998e-08 0.00000000e+00 0.00000000e+00 0.00000000e+00
 3.99999998e-08]","[0.000289 0.       0.       0.       0.000289 0.       0.       0.
 0.000289]"
1786809860.815599,-0.2499119653125053,-0.006633972689205924,0.0,0.0,-1.0344806667075537,-0.027460535880576523,0.125,0.012386827198080536,0.42270746271749515,0.010394135597694963,0.04772029235834175,3.7578501158832687,3.817907459874305,"[0. 0. 0. 0. 0. 0. 0. 0. 0. 0. 0. 0. 0. 0. 0. 0. 0. 0. 0. 0. 0. 0. 0. 0.
 0. 0. 0. 0. 0. 0. 0. 0. 0. 0. 0. 0.]","[0. 0. 0. 0. 0. 0. 0. 0. 0. 0. 0. 0. 0. 0. 0. 0. 0. 0. 0. 0. 0. 0. 0. 0.
 0. 0. 0. 0. 0. 0. 0. 0. 0. 0. 0. 0.]",5.449870227291069e-05,0.0002466207488628609,0.012694465065762049,0.1257352484379902,0.01020944494907422,9.789840645111951,"[3.99999998e-08 0.00000000e+00 0.00000000e+00 0.00000000e+00
 3.99999998e-08 0.00000000e+00 0.00000000e+00 0.00000000e+00
 3.99999998e-08]","[0.000289 0.       0.       0.       0.000289 0.       0.       0.
 0.000289]"
1786809860.8651752,-0.24991230722682153,-0.006621079713065264,0.0,0.0,-1.0319835274926172,-0.027340971214744443,0.12499999999999999,0.01233876191858304,0.42520460193243154,0.010513700263527041,0.047967740510702205,3.7579666377729604,3.8177909379846127,"[0. 0. 0. 0. 0. 0. 0. 0. 0. 0. 0. 0. 0. 0. 0. 0. 0. 0. 0. 0. 0. 0. 0. 0.
 0. 0. 0. 0. 0. 0. 0. 0. 0. 0. 0. 0.]","[0. 0. 0. 0. 0. 0. 0. 0. 0. 0. 0. 0. 0. 0. 0. 0. 0. 0. 0. 0. 0. 0. 0. 0.
 0. 0. 0. 0. 0. 0. 0. 0. 0. 0. 0. 0.]",0.0005581702525687109,-0.0001730128771621575,0.012263060602936388,0.1143387164821984,0.034768184011414426,9.809135791315185,"[3.99999998e-08 0.00000000e+00 0.00000000e+00 0.00000000e+00
 3.99999998e-08 0.00000000e+00 0.00000000e+00 0.00000000e+00
 3.99999998e-08]","[0.000289 0.       0.       0.       0.000289 0.       0.       0.
 0.000289]"
1786809860.918433,-0.24991265409081836,-0.006607974370635761,0.0,0.0,-1.0294864178768166,-0.027220789955579736,0.125,0.012294608620001531,0.42770171154823233,0.010633881522691749,0.048214118369459616,3.758073676072553,3.8176838996850204,"[0. 0. 0. 0. 0. 0. 0. 0. 0. 0. 0. 0. 0. 0. 0. 0. 0. 0. 0. 0. 0. 0. 0. 0.
 0. 0. 0. 0. 0. 0. 0. 0. 0. 0. 0. 0.]","[0. 0. 0. 0. 0. 0. 0. 0. 0. 0. 0. 0. 0. 0. 0. 0. 0. 0. 0. 0. 0. 0. 0. 0.
 0. 0. 0. 0. 0. 0. 0. 0. 0. 0. 0. 0.]",0.0003350655339937179,-7.134463189029947e-05,0.012618878925721801,0.12436052334278551,-0.010232956058092758,9.812376910889387,"[3.99999998e-08 0.00000000e+00 0.00000000e+00 0.00000000e+00
 3.99999998e-08 0.00000000e+00 0.00000000e+00 0.00000000e+00
 3.99999998e-08]","[0.000289 0.       0.       0.       0.000289 0.       0.       0.
 0.000289]"
1786809860.9734545,-0.24991300589689092,-0.006594655683245691,0.0,0.0,-1.026989337899047,-0.027099994454081892,0.125,0.012259545457804031,0.43019879152600193,0.010754677024189594,0.048459765099779714,3.7581586776778813,3.817598898079693,"[0. 0. 0. 0. 0. 0. 0. 0. 0. 0. 0. 0. 0. 0. 0. 0. 0. 0. 0. 0. 0. 0. 0. 0.
 0. 0. 0. 0. 0. 0. 0. 0. 0. 0. 0. 0.]","[0. 0. 0. 0. 0. 0. 0. 0. 0. 0. 0. 0. 0. 0. 0. 0. 0. 0. 0. 0. 0. 0. 0. 0.
 0. 0. 0. 0. 0. 0. 0. 0. 0. 0. 0. 0.]",2.1242608306825224e-05,-0.0002532687440562771,0.012446683895265287,0.12930194258554625,-0.006142553813295811,9.788847254933822,"[3.99999998e-08 0.00000000e+00 0.00000000e+00 0.00000000e+00
 3.99999998e-08 0.00000000e+00 0.00000000e+00 0.00000000e+00
 3.99999998e-08]","[0.000289 0.       0.       0.       0.000289 0.       0.       0.
 0.000289]"
1786809861.015535,-0.24991300589689092,-0.006594655683245691,0.0,0.0,-1.026989337899047,-0.027099994454081892,0.125,0.012259056577721188,0.43019879152600193,0.010754677024189594,0.048459765099779714,3.75815986284156,3.8175977129160086,"[0. 0. 0. 0. 0. 0. 0. 0. 0. 0. 0. 0. 0. 0. 0. 0. 0. 0. 0. 0. 0. 0. 0. 0.
 0. 0. 0. 0. 0. 0. 0. 0. 0. 0. 0. 0.]","[0. 0. 0. 0. 0. 0. 0. 0. 0. 0. 0. 0. 0. 0. 0. 0. 0. 0. 0. 0. 0. 0. 0. 0.
 0. 0. 0. 0. 0. 0. 0. 0. 0. 0. 0. 0.]",0.00035070424084246074,1.52951976203272e-06,0.011855288169890845,0.1107459128247166,0.020125531953229924,9.830919582423666,"[3.99999998e-08 0.00000000e+00 0.00000000e+00 0.00000000e+00
 3.99999998e-08 0.00000000e+00 0.00000000e+00 0.00000000e+00
 3.99999998e-08]","[0.000289 0.       0.       0.       0.000289 0.       0.       0.
 0.000289]"
1786809861.0682087,-0.24991336264162534,-0.006581122484460131,0.0,0.0,-1.024492287631965,-0.026978586330972477,0.125,0.01244541354935335,0.43269584179308374,0.010876085147299009,0.048704949164611946,3.7577080883649514,3.8180494873926194,"[0. 0. 0. 0. 0. 0. 0. 0. 0. 0. 0. 0. 0. 0. 0. 0. 0. 0. 0. 0. 0. 0. 0. 0.
 0. 0. 0. 0. 0. 0. 0. 0. 0. 0. 0. 0.]","[0. 0. 0. 0. 0. 0. 0. 0. 0. 0. 0. 0. 0. 0. 0. 0. 0. 0. 0. 0. 0. 0. 0. 0.
 0. 0. 0. 0. 0. 0. 0. 0. 0. 0. 0. 0.]",1.7096667390536228e-05,0.0002318000620211694,0.012622472951595303,0.12449192219435283,-0.004612886149359441,9.776098795464227,"[3.99999998e-08 0.00000000e+00 0.00000000e+00 0.00000000e+00
 3.99999998e-08 0.00000000e+00 0.00000000e+00 0.00000000e+00
 3.99999998e-08]","[0.000289 0.       0.       0.       0.000289 0.       0.       0.
 0.000289]"
1786809861.1166348,-0.24991372435595532,-0.006567372270215002,0.0,0.0,-1.0219952674121187,-0.026856561786633128,0.125,0.012357619545830492,0.43519286201293006,0.010998109691638358,0.0489535832844671,3.7579209223128083,3.817836653444761,"[0. 0. 0. 0. 0. 0. 0. 0. 0. 0. 0. 0. 0. 0. 0. 0. 0. 0. 0. 0. 0. 0. 0. 0.
 0. 0. 0. 0. 0. 0. 0. 0. 0. 0. 0. 0.]","[0. 0. 0. 0. 0. 0. 0. 0. 0. 0. 0. 0. 0. 0. 0. 0. 0. 0. 0. 0. 0. 0. 0. 0.
 0. 0. 0. 0. 0. 0. 0. 0. 0. 0. 0. 0.]",-0.00010708508211430885,-0.00019171625254258193,0.012086227745498565,0.12537774598636503,0.01272246819059248,9.800083913139916,"[3.99999998e-08 0.00000000e+00 0.00000000e+00 0.00000000e+00
 3.99999998e-08 0.00000000e+00 0.00000000e+00 0.00000000e+00
 3.99999998e-08]","[0.000289 0.       0.       0.       0.000289 0.       0.       0.
 0.000289]"
1786809861.1653652,-0.24991409106318538,-0.00655340278495803,0.0,0.0,-1.0194982775237094,-0.02673391813467052,0.125,0.012271421552769326,0.4376898519013396,0.011120753343600964,0.049200735675388955,3.7579209223128087,3.8178366534447608,"[0. 0. 0. 0. 0. 0. 0. 0. 0. 0. 0. 0. 0. 0. 0. 0. 0. 0. 0. 0. 0. 0. 0. 0.
 0. 0. 0. 0. 0. 0. 0. 0. 0. 0. 0. 0.]","[0. 0. 0. 0. 0. 0. 0. 0. 0. 0. 0. 0. 0. 0. 0. 0. 0. 0. 0. 0. 0. 0. 0. 0.
 0. 0. 0. 0. 0. 0. 0. 0. 0. 0. 0. 0.]",3.8815454259077836e-05,-0.00025091723721135334,0.012532088738469794,0.14879735923127807,0.02388508313507008,9.798328482093495,"[3.99999998e-08 0.00000000e+00 0.00000000e+00 0.00000000e+00
 3.99999998e-08 0.00000000e+00 0.00000000e+00 0.00000000e+00
 3.99999998e-08]","[0.000289 0.       0.       0.       0.000289 0.       0.       0.
 0.000289]"
1786809861.2151458,-0.2499144627391858,-0.006539213544771221,0.0,0.0,-1.0170013178930335,-0.026610659983919156,0.125,0.012183197577522134,0.4401868115320154,0.011244011494352328,0.049445187565048954,3.758343763448184,3.8174138123093866,"[0. 0. 0. 0. 0. 0. 0. 0. 0. 0. 0. 0. 0. 0. 0. 0. 0. 0. 0. 0. 0. 0. 0. 0.
 0. 0. 0. 0. 0. 0. 0. 0. 0. 0. 0. 0.]","[0. 0. 0. 0. 0. 0. 0. 0. 0. 0. 0. 0. 0. 0. 0. 0. 0. 0. 0. 0. 0. 0. 0. 0.
 0. 0. 0. 0. 0. 0. 0. 0. 0. 0. 0. 0.]",0.0005527753467232811,5.620308214574923e-05,0.012010144152300579,0.10640186309670996,0.003948277749600052,9.798537290527543,"[3.99999998e-08 0.00000000e+00 0.00000000e+00 0.00000000e+00
 3.99999998e-08 0.00000000e+00 0.00000000e+00 0.00000000e+00
 3.99999998e-08]","[0.000289 0.       0.       0.       0.000289 0.       0.       0.
 0.000289]"
1786809861.2650275,-0.2499148393478579,-0.006524804497789315,0.0,0.0,-1.0145043883552305,-0.026486793715172575,0.125,0.012111164309574669,0.4426837410698184,0.01136787776309891,0.0496880591507664,3.7585183895523007,3.817239186205271,"[0. 0. 0. 0. 0. 0. 0. 0. 0. 0. 0. 0. 0. 0. 0. 0. 0. 0. 0. 0. 0. 0. 0. 0.
 0. 0. 0. 0. 0. 0. 0. 0. 0. 0. 0. 0.]","[0. 0. 0. 0. 0. 0. 0. 0. 0. 0. 0. 0. 0. 0. 0. 0. 0. 0. 0. 0. 0. 0. 0. 0.
 0. 0. 0. 0. 0. 0. 0. 0. 0. 0. 0. 0.]",0.0003204381792570115,-0.00021848782416319059,0.012139132500403129,0.1367229556423318,0.02720822722981785,9.799238839202859,"[3.99999998e-08 0.00000000e+00 0.00000000e+00 0.00000000e+00
 3.99999998e-08 0.00000000e+00 0.00000000e+00 0.00000000e+00
 3.99999998e-08]","[0.000289 0.       0.       0.       0.000289 0.       0.       0.
 0.000289]"
1786809861.315947,-0.24991522087401363,-0.006510174766700412,0.0,0.0,-1.0120074889071415,-0.026362322370578676,0.125,0.012047591926798286,0.44767750985724336,0.01161742297405,0.05017091641368251,3.75867250441956,3.8170850713380102,"[0. 0. 0. 0. 0. 0. 0. 0. 0. 0. 0. 0. 0. 0. 0. 0. 0. 0. 0. 0. 0. 0. 0. 0.
 0. 0. 0. 0. 0. 0. 0. 0. 0. 0. 0. 0.]","[0. 0. 0. 0. 0. 0. 0. 0. 0. 0. 0. 0. 0. 0. 0. 0. 0. 0. 0. 0. 0. 0. 0. 0.
 0. 0. 0. 0. 0. 0. 0. 0. 0. 0. 0. 0.]",8.975131059528344e-06,5.9050509346093825e-05,0.011963774778234796,0.11467105430466613,0.006062005554283026,9.799503955293321,"[3.99999998e-08 0.00000000e+00 0.00000000e+00 0.00000000e+00
 3.99999998e-08 0.00000000e+00 0.00000000e+00 0.00000000e+00
 3.99999998e-08]","[0.000289 0.       0.       0.       0.000289 0.       0.       0.
 0.000289]"
1786809861.366369,-0.24991599861607272,-0.006480249665802651,0.0,0.0,-1.007013780262836,-0.02611157648627311,0.125,0.011718651264168291,0.4501743491622127,0.011743094991998375,0.050407592024130296,3.7594699363290522,3.81628763942852,"[0. 0. 0. 0. 0. 0. 0. 0. 0. 0. 0. 0. 0. 0. 0. 0. 0. 0. 0. 0. 0. 0. 0. 0.
 0. 0. 0. 0. 0. 0. 0. 0. 0. 0. 0. 0.]","[0. 0. 0. 0. 0. 0. 0. 0. 0. 0. 0. 0. 0. 0. 0. 0. 0. 0. 0. 0. 0. 0. 0. 0.
 0. 0. 0. 0. 0. 0. 0. 0. 0. 0. 0. 0.]",0.00015928431907515824,5.12013053889784e-05,0.0119863542946414,0.14502916066559826,0.010614343432665437,9.784881501294183,"[3.99999998e-08 0.00000000e+00 0.00000000e+00 0.00000000e+00
 3.99999998e-08 0.00000000e+00 0.00000000e+00 0.00000000e+00
 3.99999998e-08]","[0.000289 0.       0.       0.       0.000289 0.       0.       0.
 0.000289]"
1786809861.4183865,-0.24991599861607272,-0.006480249665802651,0.0,0.0,-1.007013780262836,-0.02611157648627311,0.125,0.011709805742542642,0.4501743491622127,0.011743094991998375,0.050407592024130296,3.7594913800178413,3.81626619573973,"[0. 0. 0. 0. 0. 0. 0. 0. 0. 0. 0. 0. 0. 0. 0. 0. 0. 0. 0. 0. 0. 0. 0. 0.
 0. 0. 0. 0. 0. 0. 0. 0. 0. 0. 0. 0.]","[0. 0. 0. 0. 0. 0. 0. 0. 0. 0. 0. 0. 0. 0. 0. 0. 0. 0. 0. 0. 0. 0. 0. 0.
 0. 0. 0. 0. 0. 0. 0. 0. 0. 0. 0. 0.]",-0.00030549369332667287,-0.0001908381213089245,0.011750291000080643,0.13050805993836068,-0.013570194061314503,9.769840700021511,"[3.99999998e-08 0.00000000e+00 0.00000000e+00 0.00000000e+00
 3.99999998e-08 0.00000000e+00 0.00000000e+00 0.00000000e+00
 3.99999998e-08]","[0.000289 0.       0.       0.       0.000289 0.       0.       0.
 0.000289]"
1786809861.4781475,-0.2499163947322726,-0.006464955067354335,0.0,0.0,-1.004516970527333,-0.0259853183534081,0.125,0.011960234819348504,0.452671158897716,0.011869353124863384,0.05064185890317138,3.758884279225579,3.816873296531992,"[0. 0. 0. 0. 0. 0. 0. 0. 0. 0. 0. 0. 0. 0. 0. 0. 0. 0. 0. 0. 0. 0. 0. 0.
 0. 0. 0. 0. 0. 0. 0. 0. 0. 0. 0. 0.]","[0. 0. 0. 0. 0. 0. 0. 0. 0. 0. 0. 0. 0. 0. 0. 0. 0. 0. 0. 0. 0. 0. 0. 0.
 0. 0. 0. 0. 0. 0. 0. 0. 0. 0. 0. 0.]",-3.933496593356645e-05,-9.30656301810561e-05,0.01214756602583041,0.11660068553358152,-0.02545883923419731,9.79774175564382,"[3.99999998e-08 0.00000000e+00 0.00000000e+00 0.00000000e+00
 3.99999998e-08 0.00000000e+00 0.00000000e+00 0.00000000e+00
 3.99999998e-08]","[0.000289 0.       0.       0.       0.000289 0.       0.       0.
 0.000289]"
1786809861.5154262,-0.24991679568737002,-0.006449436669768609,0.0,0.0,-1.0020201907491637,-0.0258584691928842,0.12499999999999999,0.011931351532757538,0.4551679386758852,0.011996202285387284,0.050881063599166054,3.758954299314206,3.8168032764433626,"[0. 0. 0. 0. 0. 0. 0. 0. 0. 0. 0. 0. 0. 0. 0. 0. 0. 0. 0. 0. 0. 0. 0. 0.
 0. 0. 0. 0. 0. 0. 0. 0. 0. 0. 0. 0.]","[0. 0. 0. 0. 0. 0. 0. 0. 0. 0. 0. 0. 0. 0. 0. 0. 0. 0. 0. 0. 0. 0. 0. 0.
 0. 0. 0. 0. 0. 0. 0. 0. 0. 0. 0. 0.]",0.00017062607971933874,-0.00019810940528321733,0.01168142369172071,0.16133087388467995,-0.02289270203289533,9.781091938059896,"[3.99999998e-08 0.00000000e+00 0.00000000e+00 0.00000000e+00
 3.99999998e-08 0.00000000e+00 0.00000000e+00 0.00000000e+00
 3.99999998e-08]","[0.000289 0.       0.       0.       0.000289 0.       0.       0.
 0.000289]"
1786809861.5667295,-0.24991720151911567,-0.00643369138626677,0.0,0.0,-0.9995234413554963,-0.025731023378671718,0.125,0.011818942546711234,0.45766468806955246,0.012123648099599765,0.05111974839644151,3.7592268059471277,3.816530769810444,"[0. 0. 0. 0. 0. 0. 0. 0. 0. 0. 0. 0. 0. 0. 0. 0. 0. 0. 0. 0. 0. 0. 0. 0.
 0. 0. 0. 0. 0. 0. 0. 0. 0. 0. 0. 0.]","[0. 0. 0. 0. 0. 0. 0. 0. 0. 0. 0. 0. 0. 0. 0. 0. 0. 0. 0. 0. 0. 0. 0. 0.
 0. 0. 0. 0. 0. 0. 0. 0. 0. 0. 0. 0.]",0.00010482209010371691,7.316492535215993e-05,0.012135411417175694,0.11814753364261932,0.012701529412829165,9.787927294337095,"[3.99999998e-08 0.00000000e+00 0.00000000e+00 0.00000000e+00
 3.99999998e-08 0.00000000e+00 0.00000000e+00 0.00000000e+00
 3.99999998e-08]","[0.000289 0.       0.       0.       0.000289 0.       0.       0.
 0.000289]"
1786809861.6151671,-0.24991761220931344,-0.006417718254584706,0.0,0.0,-0.9970267223369986,-0.025602983878110455,0.125,0.011714023767312407,0.46016140708805015,0.012251687600161031,0.05135574502363738,3.759481154503248,3.816276421254323,"[0. 0. 0. 0. 0. 0. 0. 0. 0. 0. 0. 0. 0. 0. 0. 0. 0. 0. 0. 0. 0. 0. 0. 0.
 0. 0. 0. 0. 0. 0. 0. 0. 0. 0. 0. 0.]","[0. 0. 0. 0. 0. 0. 0. 0. 0. 0. 0. 0. 0. 0. 0. 0. 0. 0. 0. 0. 0. 0. 0. 0.
 0. 0. 0. 0. 0. 0. 0. 0. 0. 0. 0. 0.]",0.00016364257053173652,0.00033395586541830124,0.011839477793644365,0.1264254800070911,-0.005540545591175179,9.782623407607343,"[3.99999998e-08 0.00000000e+00 0.00000000e+00 0.00000000e+00
 3.99999998e-08 0.00000000e+00 0.00000000e+00 0.00000000e+00
 3.99999998e-08]","[0.000289 0.       0.       0.       0.000289 0.       0.       0.
 0.000289]"
1786809861.6746247,-0.24991802770805271,-0.006401517516728917,0.0,0.0,-0.9945300334336892,-0.02547435848595895,0.125,0.01171318810617845,0.46265809599135965,0.012380312992312533,0.05159001714237742,3.7594831803484214,3.8162743954091507,"[0. 0. 0. 0. 0. 0. 0. 0. 0. 0. 0. 0. 0. 0. 0. 0. 0. 0. 0. 0. 0. 0. 0. 0.
 0. 0. 0. 0. 0. 0. 0. 0. 0. 0. 0. 0.]","[0. 0. 0. 0. 0. 0. 0. 0. 0. 0. 0. 0. 0. 0. 0. 0. 0. 0. 0. 0. 0. 0. 0. 0.
 0. 0. 0. 0. 0. 0. 0. 0. 0. 0. 0. 0.]",-6.0860437983795834e-05,1.291314345567112e-05,0.011455908728203831,0.1519381134027726,0.03334728652541486,9.804457528448303,"[3.99999998e-08 0.00000000e+00 0.00000000e+00 0.00000000e+00
 3.99999998e-08 0.00000000e+00 0.00000000e+00 0.00000000e+00
 3.99999998e-08]","[0.000289 0.       0.       0.       0.000289 0.       0.       0.
 0.000289]"
1786809861.7153008,-0.24991844801177499,-0.0063850875785464506,0.0,0.0,-0.9920333747576071,-0.025345147703421535,0.125,0.01193791981948974,0.46515475466744166,0.012509523774849948,0.05182562929442817,3.758938376194935,3.8168191995626373,"[0. 0. 0. 0. 0. 0. 0. 0. 0. 0. 0. 0. 0. 0. 0. 0. 0. 0. 0. 0. 0. 0. 0. 0.
 0. 0. 0. 0. 0. 0. 0. 0. 0. 0. 0. 0.]","[0. 0. 0. 0. 0. 0. 0. 0. 0. 0. 0. 0. 0. 0. 0. 0. 0. 0. 0. 0. 0. 0. 0. 0.
 0. 0. 0. 0. 0. 0. 0. 0. 0. 0. 0. 0.]",0.00014073542045738106,-0.00030732226018199846,0.012191453235247195,0.0950489586755238,0.012540199645902271,9.827959287563624,"[3.99999998e-08 0.00000000e+00 0.00000000e+00 0.00000000e+00
 3.99999998e-08 0.00000000e+00 0.00000000e+00 0.00000000e+00
 3.99999998e-08]","[0.000289 0.       0.       0.       0.000289 0.       0.       0.
 0.000289]"
1786809861.7670226,-0.24991887317074216,-0.006368424692692077,0.0,0.0,-0.9895367468600795,-0.02521534357561142,0.12499999999999997,0.011466330869219582,0.46765138256496935,0.012639327902660064,0.052064387690813764,3.760081622134992,3.8156759536225775,"[0. 0. 0. 0. 0. 0. 0. 0. 0. 0. 0. 0. 0. 0. 0. 0. 0. 0. 0. 0. 0. 0. 0. 0.
 0. 0. 0. 0. 0. 0. 0. 0. 0. 0. 0. 0.]","[0. 0. 0. 0. 0. 0. 0. 0. 0. 0. 0. 0. 0. 0. 0. 0. 0. 0. 0. 0. 0. 0. 0. 0.
 0. 0. 0. 0. 0. 0. 0. 0. 0. 0. 0. 0.]",0.0003433683406372202,-0.0001527557084270993,0.011573042772144769,0.11502616123578041,0.019186223072749836,9.777020062352571,"[3.99999998e-08 0.00000000e+00 0.00000000e+00 0.00000000e+00
 3.99999998e-08 0.00000000e+00 0.00000000e+00 0.00000000e+00
 3.99999998e-08]","[0.000289 0.       0.       0.       0.000289 0.       0.       0.
 0.000289]"
1786809861.8152041,-0.24991930313241859,-0.006351529091979548,0.0,0.0,-0.9895367468600795,-0.02521534357561142,0.12499999999999999,0.011431234563949472,0.4701479799559711,0.012769717472205877,0.05229408060904057,3.7601667040871627,3.8155908716704086,"[0. 0. 0. 0. 0. 0. 0. 0. 0. 0. 0. 0. 0. 0. 0. 0. 0. 0. 0. 0. 0. 0. 0. 0.
 0. 0. 0. 0. 0. 0. 0. 0. 0. 0. 0. 0.]","[0. 0. 0. 0. 0. 0. 0. 0. 0. 0. 0. 0. 0. 0. 0. 0. 0. 0. 0. 0. 0. 0. 0. 0.
 0. 0. 0. 0. 0. 0. 0. 0. 0. 0. 0. 0.]",-0.00014910800819508625,-0.0001822677661261503,0.011961814738682955,0.14039465321036088,-0.00528850703415509,9.82542606304958,"[3.99999998e-08 0.00000000e+00 0.00000000e+00 0.00000000e+00
 3.99999998e-08 0.00000000e+00 0.00000000e+00 0.00000000e+00
 3.99999998e-08]","[0.000289 0.       0.       0.       0.000289 0.       0.       0.
 0.000289]"
1786809861.870248,-0.24991930313241859,-0.006351529091979548,0.0,0.0,-0.9870401494690777,-0.025084954006065606,0.12499999999999999,0.011445059410655035,0.4701479799559711,0.012769717472205877,0.05229408060904057,3.760133189307272,3.8156243864503003,"[0. 0. 0. 0. 0. 0. 0. 0. 0. 0. 0. 0. 0. 0. 0. 0. 0. 0. 0. 0. 0. 0. 0. 0.
 0. 0. 0. 0. 0. 0. 0. 0. 0. 0. 0. 0.]","[0. 0. 0. 0. 0. 0. 0. 0. 0. 0. 0. 0. 0. 0. 0. 0. 0. 0. 0. 0. 0. 0. 0. 0.
 0. 0. 0. 0. 0. 0. 0. 0. 0. 0. 0. 0.]",0.00014213981014666452,0.00018469822860286983,0.01119227159379073,0.1298783197472621,0.0013245194720374284,9.803772800787574,"[3.99999998e-08 0.00000000e+00 0.00000000e+00 0.00000000e+00
 3.99999998e-08 0.00000000e+00 0.00000000e+00 0.00000000e+00
 3.99999998e-08]","[0.000289 0.       0.       0.       0.000289 0.       0.       0.
 0.000289]"
1786809861.9156268,-0.24991930313241859,-0.006351529091979548,0.0,0.0,-0.9870401494690777,-0.025084954006065606,0.12499999999999999,0.011696932559816606,0.4701479799559711,0.012769717472205877,0.05229408060904057,3.7595225877337484,3.8162349880238238,"[0. 0. 0. 0. 0. 0. 0. 0. 0. 0. 0. 0. 0. 0. 0. 0. 0. 0. 0. 0. 0. 0. 0. 0.
 0. 0. 0. 0. 0. 0. 0. 0. 0. 0. 0. 0.]","[0. 0. 0. 0. 0. 0. 0. 0. 0. 0. 0. 0. 0. 0. 0. 0. 0. 0. 0. 0. 0. 0. 0. 0.
 0. 0. 0. 0. 0. 0. 0. 0. 0. 0. 0. 0.]",-0.00018230956738429622,0.0004245670729651681,0.011550378505777625,0.12595007370170708,-0.022437439911046107,9.808588621739041,"[3.99999998e-08 0.00000000e+00 0.00000000e+00 0.00000000e+00
 3.99999998e-08 0.00000000e+00 0.00000000e+00 0.00000000e+00
 3.99999998e-08]","[0.000289 0.       0.       0.       0.000289 0.       0.       0.
 0.000289]"
1786809861.9651303,-0.24992017722983836,-0.006317041507397875,0.0,0.0,-0.9820470449268576,-0.024822453368041723,0.125,0.01156557449470006,0.47514108449819126,0.01303221811022976,0.05275571561302525,3.7598410315277664,3.8159165442298053,"[0. 0. 0. 0. 0. 0. 0. 0. 0. 0. 0. 0. 0. 0. 0. 0. 0. 0. 0. 0. 0. 0. 0. 0.
 0. 0. 0. 0. 0. 0. 0. 0. 0. 0. 0. 0.]","[0. 0. 0. 0. 0. 0. 0. 0. 0. 0. 0. 0. 0. 0. 0. 0. 0. 0. 0. 0. 0. 0. 0. 0.
 0. 0. 0. 0. 0. 0. 0. 0. 0. 0. 0. 0.]",0.00018940900797724642,-0.0002975538257007138,0.011684964916461624,0.12018584699191155,0.016134071505950642,9.802653061954075,"[3.99999998e-08 0.00000000e+00 0.00000000e+00 0.00000000e+00
 3.99999998e-08 0.00000000e+00 0.00000000e+00 0.00000000e+00
 3.99999998e-08]","[0.000289 0.       0.       0.       0.000289 0.       0.       0.
 0.000289]"
1786809862.0165887,-0.24992017722983836,-0.006317041507397875,0.0,0.0,-0.9820470449268576,-0.024822453368041723,0.125,0.01151281548850024,0.47763759110426424,0.013164334491240548,0.05298639399493009,3.7599689321488565,3.815788643608715,"[0. 0. 0. 0. 0. 0. 0. 0. 0. 0. 0. 0. 0. 0. 0. 0. 0. 0. 0. 0. 0. 0. 0. 0.
 0. 0. 0. 0. 0. 0. 0. 0. 0. 0. 0. 0.]","[0. 0. 0. 0. 0. 0. 0. 0. 0. 0. 0. 0. 0. 0. 0. 0. 0. 0. 0. 0. 0. 0. 0. 0.
 0. 0. 0. 0. 0. 0. 0. 0. 0. 0. 0. 0.]",0.00019226937640960803,-7.560422782031405e-05,0.011242718963477678,0.12825361916331485,-0.0219468740195882,9.783553753574164,"[3.99999998e-08 0.00000000e+00 0.00000000e+00 0.00000000e+00
 3.99999998e-08 0.00000000e+00 0.00000000e+00 0.00000000e+00
 3.99999998e-08]","[0.000289 0.       0.       0.       0.000289 0.       0.       0.
 0.000289]"
1786809862.065352,-0.24992062139319826,-0.006299444613428892,0.0,0.0,-0.9795505383207845,-0.024690336987030936,0.125,0.011737337958112073,0.48013406708631523,0.013297028284048214,0.05321956909644654,3.759424635252823,3.8163329405047484,"[0. 0. 0. 0. 0. 0. 0. 0. 0. 0. 0. 0. 0. 0. 0. 0. 0. 0. 0. 0. 0. 0. 0. 0.
 0. 0. 0. 0. 0. 0. 0. 0. 0. 0. 0. 0.]","[0. 0. 0. 0. 0. 0. 0. 0. 0. 0. 0. 0. 0. 0. 0. 0. 0. 0. 0. 0. 0. 0. 0. 0.
 0. 0. 0. 0. 0. 0. 0. 0. 0. 0. 0. 0.]",0.00037498526857263916,2.8876585158877014e-05,0.011936498556983147,0.10163657051036463,0.022405086737179447,9.799997814090062,"[3.99999998e-08 0.00000000e+00 0.00000000e+00 0.00000000e+00
 3.99999998e-08 0.00000000e+00 0.00000000e+00 0.00000000e+00
 3.99999998e-08]","[0.000289 0.       0.       0.       0.000289 0.       0.       0.
 0.000289]"
1786809862.1202774,-0.24992152396509065,-0.006263534063659349,0.0,0.0,-0.9745576174211484,-0.024424366244536415,0.125,0.011615781846332402,0.4826305120039004,0.01343030523373507,0.05345224940189984,3.759719316735928,3.816038259021644,"[0. 0. 0. 0. 0. 0. 0. 0. 0. 0. 0. 0. 0. 0. 0. 0. 0. 0. 0. 0. 0. 0. 0. 0.
 0. 0. 0. 0. 0. 0. 0. 0. 0. 0. 0. 0.]","[0. 0. 0. 0. 0. 0. 0. 0. 0. 0. 0. 0. 0. 0. 0. 0. 0. 0. 0. 0. 0. 0. 0. 0.
 0. 0. 0. 0. 0. 0. 0. 0. 0. 0. 0. 0.]",0.00019958141267210688,8.615162909770235e-05,0.011475799033292515,0.12316974471917504,-0.008755628293718117,9.802795294340198,"[3.99999998e-08 0.00000000e+00 0.00000000e+00 0.00000000e+00
 3.99999998e-08 0.00000000e+00 0.00000000e+00 0.00000000e+00
 3.99999998e-08]","[0.000289 0.       0.       0.       0.000289 0.       0.       0.
 0.000289]"
1786809862.1728845,-0.24992152396509065,-0.006263534063659349,0.0,0.0,-0.9745576174211484,-0.024424366244536415,0.125,0.0111450724763659,0.4826305120039004,0.01343030523373507,0.05345224940189984,3.7608604303601,3.8148971453974725,"[0. 0. 0. 0. 0. 0. 0. 0. 0. 0. 0. 0. 0. 0. 0. 0. 0. 0. 0. 0. 0. 0. 0. 0.
 0. 0. 0. 0. 0. 0. 0. 0. 0. 0. 0. 0.]","[0. 0. 0. 0. 0. 0. 0. 0. 0. 0. 0. 0. 0. 0. 0. 0. 0. 0. 0. 0. 0. 0. 0. 0.
 0. 0. 0. 0. 0. 0. 0. 0. 0. 0. 0. 0.]",0.0002487805342893814,0.0003287870893292206,0.011128976083947103,0.10966942383378792,0.025384372797831494,9.800343892015624,"[3.99999998e-08 0.00000000e+00 0.00000000e+00 0.00000000e+00
 3.99999998e-08 0.00000000e+00 0.00000000e+00 0.00000000e+00
 3.99999998e-08]","[0.000289 0.       0.       0.       0.000289 0.       0.       0.
 0.000289]"
1786809862.223618,-0.2499219823570928,-0.00624521694587105,0.0,0.0,-0.9720612033497604,-0.024290512752534757,0.125,0.011421733792713462,0.4851269260752884,0.013564158725736727,0.053679940558699554,3.7601897362598575,3.815567839497714,"[0. 0. 0. 0. 0. 0. 0. 0. 0. 0. 0. 0. 0. 0. 0. 0. 0. 0. 0. 0. 0. 0. 0. 0.
 0. 0. 0. 0. 0. 0. 0. 0. 0. 0. 0. 0.]","[0. 0. 0. 0. 0. 0. 0. 0. 0. 0. 0. 0. 0. 0. 0. 0. 0. 0. 0. 0. 0. 0. 0. 0.
 0. 0. 0. 0. 0. 0. 0. 0. 0. 0. 0. 0.]",0.00011481870219159233,0.00010887838715693632,0.011404861253700238,0.11004314466856478,0.027999067427678624,9.797059923682156,"[3.99999998e-08 0.00000000e+00 0.00000000e+00 0.00000000e+00
 3.99999998e-08 0.00000000e+00 0.00000000e+00 0.00000000e+00
 3.99999998e-08]","[0.000289 0.       0.       0.       0.000289 0.       0.       0.
 0.000289]"
1786809862.265652,-0.24992244540195535,-0.006226659160950618,0.0,0.0,-0.9695648197407314,-0.024156092332020797,0.12499999999999999,0.011344336355732277,0.490119662672177,0.013833567046424342,0.05413487497461129,3.760377366410115,3.815380209347456,"[0. 0. 0. 0. 0. 0. 0. 0. 0. 0. 0. 0. 0. 0. 0. 0. 0. 0. 0. 0. 0. 0. 0. 0.
 0. 0. 0. 0. 0. 0. 0. 0. 0. 0. 0. 0.]","[0. 0. 0. 0. 0. 0. 0. 0. 0. 0. 0. 0. 0. 0. 0. 0. 0. 0. 0. 0. 0. 0. 0. 0.
 0. 0. 0. 0. 0. 0. 0. 0. 0. 0. 0. 0.]",0.0003559888150235661,-0.0001176925612004395,0.011340190513568292,0.0940905953045098,0.02653254968114989,9.83259800078117,"[3.99999998e-08 0.00000000e+00 0.00000000e+00 0.00000000e+00
 3.99999998e-08 0.00000000e+00 0.00000000e+00 0.00000000e+00
 3.99999998e-08]","[0.000289 0.       0.       0.       0.000289 0.       0.       0.
 0.000289]"
1786809862.3192048,-0.2499229130959257,-0.006207858700580324,0.0,0.0,-0.9670684667528718,-0.024021104431847143,0.125,0.011198419679548183,0.4926159850955321,0.013969119001252191,0.05435942703514267,3.76073110380693,3.815026471950642,"[0. 0. 0. 0. 0. 0. 0. 0. 0. 0. 0. 0. 0. 0. 0. 0. 0. 0. 0. 0. 0. 0. 0. 0.
 0. 0. 0. 0. 0. 0. 0. 0. 0. 0. 0. 0.]","[0. 0. 0. 0. 0. 0. 0. 0. 0. 0. 0. 0. 0. 0. 0. 0. 0. 0. 0. 0. 0. 0. 0. 0.
 0. 0. 0. 0. 0. 0. 0. 0. 0. 0. 0. 0.]",-0.00029654215940086014,7.3838906275368805e-06,0.011433309653937612,0.11910904759360197,0.03193254924199887,9.801614781754935,"[3.99999998e-08 0.00000000e+00 0.00000000e+00 0.00000000e+00
 3.99999998e-08 0.00000000e+00 0.00000000e+00 0.00000000e+00
 3.99999998e-08]","[0.000289 0.       0.       0.       0.000289 0.       0.       0.
 0.000289]"
1786809862.36733,-0.2499233854089279,-0.006188814566658217,0.0,0.0,-0.9645721443295168,-0.023885552477019293,0.125,0.011113635796781826,0.4926159850955321,0.013969119001252191,0.05435942703514267,3.760936640492425,3.8148209352651477,"[0. 0. 0. 0. 0. 0. 0. 0. 0. 0. 0. 0. 0. 0. 0. 0. 0. 0. 0. 0. 0. 0. 0. 0.
 0. 0. 0. 0. 0. 0. 0. 0. 0. 0. 0. 0.]","[0. 0. 0. 0. 0. 0. 0. 0. 0. 0. 0. 0. 0. 0. 0. 0. 0. 0. 0. 0. 0. 0. 0. 0.
 0. 0. 0. 0. 0. 0. 0. 0. 0. 0. 0. 0.]",0.00038403508039457237,-0.00010948395972623897,0.011306640513554813,0.11006620542291552,-0.005022724939845442,9.81952556769665,"[3.99999998e-08 0.00000000e+00 0.00000000e+00 0.00000000e+00
 3.99999998e-08 0.00000000e+00 0.00000000e+00 0.00000000e+00
 3.99999998e-08]","[0.000289 0.       0.       0.       0.000289 0.       0.       0.
 0.000289]"
1786809862.4152973,-0.24992434371166986,-0.006149993519598135,0.0,0.0,-0.9595795904588885,-0.02361277887226973,0.12499999999999999,0.011035746106876496,0.4976085389661603,0.014241892606001757,0.05480300126646381,3.761125463983106,3.8146321117744666,"[0. 0. 0. 0. 0. 0. 0. 0. 0. 0. 0. 0. 0. 0. 0. 0. 0. 0. 0. 0. 0. 0. 0. 0.
 0. 0. 0. 0. 0. 0. 0. 0. 0. 0. 0. 0.]","[0. 0. 0. 0. 0. 0. 0. 0. 0. 0. 0. 0. 0. 0. 0. 0. 0. 0. 0. 0. 0. 0. 0. 0.
 0. 0. 0. 0. 0. 0. 0. 0. 0. 0. 0. 0.]",-6.4393780283675175e-06,0.00010050526977801185,0.011077034860594389,0.11069797342305569,-0.020283760724579717,9.800051396182182,"[3.99999998e-08 0.00000000e+00 0.00000000e+00 0.00000000e+00
 3.99999998e-08 0.00000000e+00 0.00000000e+00 0.00000000e+00
 3.99999998e-08]","[0.000289 0.       0.       0.       0.000289 0.       0.       0.
 0.000289]"
1786809862.465388,-0.24992482961518483,-0.006130215479152199,0.0,0.0,-0.957083358693016,-0.02347556755098186,0.12499999999999999,0.01069191154017916,0.5001047707320329,0.014379103927289623,0.05501959017434646,3.761959002326622,3.813798573430949,"[0. 0. 0. 0. 0. 0. 0. 0. 0. 0. 0. 0. 0. 0. 0. 0. 0. 0. 0. 0. 0. 0. 0. 0.
 0. 0. 0. 0. 0. 0. 0. 0. 0. 0. 0. 0.]","[0. 0. 0. 0. 0. 0. 0. 0. 0. 0. 0. 0. 0. 0. 0. 0. 0. 0. 0. 0. 0. 0. 0. 0.
 0. 0. 0. 0. 0. 0. 0. 0. 0. 0. 0. 0.]",0.00013285329277444268,-0.00022917456187835424,0.010658961916956892,0.09083311255769794,-0.004952974076321167,9.780892895115427,"[3.99999998e-08 0.00000000e+00 0.00000000e+00 0.00000000e+00
 3.99999998e-08 0.00000000e+00 0.00000000e+00 0.00000000e+00
 3.99999998e-08]","[0.000289 0.       0.       0.       0.000289 0.       0.       0.
 0.000289]"
1786809862.515552,-0.24992531992291253,-0.006110193239974289,0.0,0.0,-0.9545871564908149,-0.023337819442846006,0.12499999999999999,0.011013774822389575,0.5026009729342339,0.014516852035425477,0.05523632517417769,3.761178727703074,3.8145788480544964,"[0. 0. 0. 0. 0. 0. 0. 0. 0. 0. 0. 0. 0. 0. 0. 0. 0. 0. 0. 0. 0. 0. 0. 0.
 0. 0. 0. 0. 0. 0. 0. 0. 0. 0. 0. 0.]","[0. 0. 0. 0. 0. 0. 0. 0. 0. 0. 0. 0. 0. 0. 0. 0. 0. 0. 0. 0. 0. 0. 0. 0.
 0. 0. 0. 0. 0. 0. 0. 0. 0. 0. 0. 0.]",0.0002860177794609128,0.00029477283354185853,0.011036742148190922,0.08472187572837828,0.007185214869007909,9.777266317839612,"[3.99999998e-08 0.00000000e+00 0.00000000e+00 0.00000000e+00
 3.99999998e-08 0.00000000e+00 0.00000000e+00 0.00000000e+00
 3.99999998e-08]","[0.000289 0.       0.       0.       0.000289 0.       0.       0.
 0.000289]"
1786809862.5669687,-0.2499263138909891,-0.006069400700463804,0.0,0.0,-0.9495948428756565,-0.023060683426156525,0.125,0.010614900255084141,0.5075932865493923,0.01479398805211496,0.05567129192376244,3.762145696351096,3.8136118794064764,"[0. 0. 0. 0. 0. 0. 0. 0. 0. 0. 0. 0. 0. 0. 0. 0. 0. 0. 0. 0. 0. 0. 0. 0.
 0. 0. 0. 0. 0. 0. 0. 0. 0. 0. 0. 0.]","[0. 0. 0. 0. 0. 0. 0. 0. 0. 0. 0. 0. 0. 0. 0. 0. 0. 0. 0. 0. 0. 0. 0. 0.
 0. 0. 0. 0. 0. 0. 0. 0. 0. 0. 0. 0.]",-0.00014664635859980895,-0.00021641266540664778,0.010526573935713306,0.12931411186362612,-0.009870053345897552,9.778237829789969,"[3.99999998e-08 0.00000000e+00 0.00000000e+00 0.00000000e+00
 3.99999998e-08 0.00000000e+00 0.00000000e+00 0.00000000e+00
 3.99999998e-08]","[0.000289 0.       0.       0.       0.000289 0.       0.       0.
 0.000289]"
1786809862.6152651,-0.24992681740270767,-0.006048631494281517,0.0,0.0,-0.9495948428756565,-0.023060683426156525,0.125,0.010122395499493531,0.5075932865493923,0.01479398805211496,0.05567129192376244,3.7633396472737504,3.812417928483822,"[0. 0. 0. 0. 0. 0. 0. 0. 0. 0. 0. 0. 0. 0. 0. 0. 0. 0. 0. 0. 0. 0. 0. 0.
 0. 0. 0. 0. 0. 0. 0. 0. 0. 0. 0. 0.]","[0. 0. 0. 0. 0. 0. 0. 0. 0. 0. 0. 0. 0. 0. 0. 0. 0. 0. 0. 0. 0. 0. 0. 0.
 0. 0. 0. 0. 0. 0. 0. 0. 0. 0. 0. 0.]",0.0001077971633191602,0.0003509766986033092,0.010050697480124245,0.13178391389984612,-0.014820563241817925,9.786649194112298,"[3.99999998e-08 0.00000000e+00 0.00000000e+00 0.00000000e+00
 3.99999998e-08 0.00000000e+00 0.00000000e+00 0.00000000e+00
 3.99999998e-08]","[0.000289 0.       0.       0.       0.000289 0.       0.       0.
 0.000289]"
1786809862.6712472,-0.2499273250905091,-0.006027617531245606,0.0,0.0,-0.9446026468879364,-0.02278143645310012,0.125,0.010160196963062527,0.5125854825371124,0.015073235025171366,0.05608202111288471,3.763248007362067,3.8125095683955057,"[0. 0. 0. 0. 0. 0. 0. 0. 0. 0. 0. 0. 0. 0. 0. 0. 0. 0. 0. 0. 0. 0. 0. 0.
 0. 0. 0. 0. 0. 0. 0. 0. 0. 0. 0. 0.]","[0. 0. 0. 0. 0. 0. 0. 0. 0. 0. 0. 0. 0. 0. 0. 0. 0. 0. 0. 0. 0. 0. 0. 0.
 0. 0. 0. 0. 0. 0. 0. 0. 0. 0. 0. 0.]",0.000253243559548406,-0.0003066626752025465,0.010124745460866532,0.10397375957603526,0.0409221680873038,9.818060421475707,"[3.99999998e-08 0.00000000e+00 0.00000000e+00 0.00000000e+00
 3.99999998e-08 0.00000000e+00 0.00000000e+00 0.00000000e+00
 3.99999998e-08]","[0.000289 0.       0.       0.       0.000289 0.       0.       0.
 0.000289]"
1786809862.715672,-0.24992783692718362,-0.00600635737357621,0.0,0.0,-0.9421065916260268,-0.022641050884445405,0.125,0.010188332165077063,0.515081537799022,0.01521362059382608,0.056285647080134976,3.763179800811728,3.8125777749458436,"[0. 0. 0. 0. 0. 0. 0. 0. 0. 0. 0. 0. 0. 0. 0. 0. 0. 0. 0. 0. 0. 0. 0. 0.
 0. 0. 0. 0. 0. 0. 0. 0. 0. 0. 0. 0.]","[0. 0. 0. 0. 0. 0. 0. 0. 0. 0. 0. 0. 0. 0. 0. 0. 0. 0. 0. 0. 0. 0. 0. 0.
 0. 0. 0. 0. 0. 0. 0. 0. 0. 0. 0. 0.]",-6.920797857463504e-05,-8.599491106450487e-05,0.010344272716690318,0.133343244944784,-0.02779834868935354,9.795352305543691,"[3.99999998e-08 0.00000000e+00 0.00000000e+00 0.00000000e+00
 3.99999998e-08 0.00000000e+00 0.00000000e+00 0.00000000e+00
 3.99999998e-08]","[0.000289 0.       0.       0.       0.000289 0.       0.       0.
 0.000289]"
1786809862.772085,-0.24992783692718362,-0.00600635737357621,0.0,0.0,-0.9421065916260268,-0.022641050884445405,0.125,0.010152827936937179,0.515081537799022,0.01521362059382608,0.056285647080134976,3.7632658716678256,3.8124917040897475,"[0. 0. 0. 0. 0. 0. 0. 0. 0. 0. 0. 0. 0. 0. 0. 0. 0. 0. 0. 0. 0. 0. 0. 0.
 0. 0. 0. 0. 0. 0. 0. 0. 0. 0. 0. 0.]","[0. 0. 0. 0. 0. 0. 0. 0. 0. 0. 0. 0. 0. 0. 0. 0. 0. 0. 0. 0. 0. 0. 0. 0.
 0. 0. 0. 0. 0. 0. 0. 0. 0. 0. 0. 0.]",-0.00018998222682059402,-0.0002058564349321198,0.010186637749113056,0.12097965746381206,-0.0065974404717975155,9.811752608487376,"[3.99999998e-08 0.00000000e+00 0.00000000e+00 0.00000000e+00
 3.99999998e-08 0.00000000e+00 0.00000000e+00 0.00000000e+00
 3.99999998e-08]","[0.000289 0.       0.       0.       0.000289 0.       0.       0.
 0.000289]"
1786809862.8216817,-0.2499283529016552,-0.00598484885905198,0.0,0.0,-0.9396105649964481,-0.022500157155378654,0.125,0.010525036492183297,0.5175775644286007,0.015354514322892832,0.05648962557659246,3.762363547897524,3.8133940278600487,"[0. 0. 0. 0. 0. 0. 0. 0. 0. 0. 0. 0. 0. 0. 0. 0. 0. 0. 0. 0. 0. 0. 0. 0.
 0. 0. 0. 0. 0. 0. 0. 0. 0. 0. 0. 0.]","[0. 0. 0. 0. 0. 0. 0. 0. 0. 0. 0. 0. 0. 0. 0. 0. 0. 0. 0. 0. 0. 0. 0. 0.
 0. 0. 0. 0. 0. 0. 0. 0. 0. 0. 0. 0.]",0.0004609071463018364,-0.00033943916326988424,0.010474594211720036,0.11965899664853824,0.02364391935791262,9.77715513952174,"[3.99999998e-08 0.00000000e+00 0.00000000e+00 0.00000000e+00
 3.99999998e-08 0.00000000e+00 0.00000000e+00 0.00000000e+00
 3.99999998e-08]","[0.000289 0.       0.       0.       0.000289 0.       0.       0.
 0.000289]"
1786809862.8649464,-0.24992887305497027,-0.005963087578808834,0.0,0.0,-0.9371145676174623,-0.02235874618956664,0.12499999999999999,0.01043156151220653,0.5200735618075866,0.015495925288704844,0.056699098081806204,3.7625901539095903,3.8131674218479814,"[0. 0. 0. 0. 0. 0. 0. 0. 0. 0. 0. 0. 0. 0. 0. 0. 0. 0. 0. 0. 0. 0. 0. 0.
 0. 0. 0. 0. 0. 0. 0. 0. 0. 0. 0. 0.]","[0. 0. 0. 0. 0. 0. 0. 0. 0. 0. 0. 0. 0. 0. 0. 0. 0. 0. 0. 0. 0. 0. 0. 0.
 0. 0. 0. 0. 0. 0. 0. 0. 0. 0. 0. 0.]",-7.484406495835276e-05,-9.183395301836056e-05,0.010344951736571557,0.11833067277231434,0.020553665018652013,9.80679509127675,"[3.99999998e-08 0.00000000e+00 0.00000000e+00 0.00000000e+00
 3.99999998e-08 0.00000000e+00 0.00000000e+00 0.00000000e+00
 3.99999998e-08]","[0.000289 0.       0.       0.       0.000289 0.       0.       0.
 0.000289]"
1786809862.9175155,-0.24992939739311926,-0.005941070502213418,0.0,0.0,-0.934618599809547,-0.022216814236600785,0.12499999999999999,0.010331299937928844,0.5225695296155018,0.0156378572416707,0.05690712774276615,3.762833212271478,3.812924363486094,"[0. 0. 0. 0. 0. 0. 0. 0. 0. 0. 0. 0. 0. 0. 0. 0. 0. 0. 0. 0. 0. 0. 0. 0.
 0. 0. 0. 0. 0. 0. 0. 0. 0. 0. 0. 0.]","[0. 0. 0. 0. 0. 0. 0. 0. 0. 0. 0. 0. 0. 0. 0. 0. 0. 0. 0. 0. 0. 0. 0. 0.
 0. 0. 0. 0. 0. 0. 0. 0. 0. 0. 0. 0.]",7.045517482284303e-05,-0.0001316669637012383,0.010555927617674415,0.08579632326824319,0.020114024083785428,9.822537603023259,"[3.99999998e-08 0.00000000e+00 0.00000000e+00 0.00000000e+00
 3.99999998e-08 0.00000000e+00 0.00000000e+00 0.00000000e+00
 3.99999998e-08]","[0.000289 0.       0.       0.       0.000289 0.       0.       0.
 0.000289]"
1786809862.965012,-0.2499304584503661,-0.005896264816799709,0.0,0.0,-0.92962675247007,-0.021931402628277842,0.12499999999999999,0.010261149136616113,0.5275613769549788,0.015923268849993642,0.05731890657357866,3.7630032748201163,3.8127543009374554,"[0. 0. 0. 0. 0. 0. 0. 0. 0. 0. 0. 0. 0. 0. 0. 0. 0. 0. 0. 0. 0. 0. 0. 0.
 0. 0. 0. 0. 0. 0. 0. 0. 0. 0. 0. 0.]","[0. 0. 0. 0. 0. 0. 0. 0. 0. 0. 0. 0. 0. 0. 0. 0. 0. 0. 0. 0. 0. 0. 0. 0.
 0. 0. 0. 0. 0. 0. 0. 0. 0. 0. 0. 0.]",6.859688639714606e-05,6.652257273367853e-05,0.010458811623420475,0.10721847063130527,-0.01792261690597088,9.828572651001414,"[3.99999998e-08 0.00000000e+00 0.00000000e+00 0.00000000e+00
 3.99999998e-08 0.00000000e+00 0.00000000e+00 0.00000000e+00
 3.99999998e-08]","[0.000289 0.       0.       0.       0.000289 0.       0.       0.
 0.000289]"
1786809863.0168896,-0.2499304584503661,-0.005896264816799709,0.0,0.0,-0.92962675247007,-0.021931402628277842,0.125,0.009960230416206337,0.5275613769549788,0.015923268849993642,0.05731890657357866,3.7637327747483895,3.812024801009184,"[0. 0. 0. 0. 0. 0. 0. 0. 0. 0. 0. 0. 0. 0. 0. 0. 0. 0. 0. 0. 0. 0. 0. 0.
 0. 0. 0. 0. 0. 0. 0. 0. 0. 0. 0. 0.]","[0. 0. 0. 0. 0. 0. 0. 0. 0. 0. 0. 0. 0. 0. 0. 0. 0. 0. 0. 0. 0. 0. 0. 0.
 0. 0. 0. 0. 0. 0. 0. 0. 0. 0. 0. 0.]",0.00020139571013515808,5.072732399593398e-05,0.010063756271511726,0.16988435022747903,-0.0022818316394309875,9.800858066936925,"[3.99999998e-08 0.00000000e+00 0.00000000e+00 0.00000000e+00
 3.99999998e-08 0.00000000e+00 0.00000000e+00 0.00000000e+00
 3.99999998e-08]","[0.000289 0.       0.       0.       0.000289 0.       0.       0.
 0.000289]"
1786809863.0652614,-0.24993099508971672,-0.005873473713569471,0.0,0.0,-0.9271308727982572,-0.021787929138058857,0.125,0.010326908969562844,0.5300572566267916,0.016066742340212627,0.05752215464483527,3.7628438570432747,3.812913718714298,"[0. 0. 0. 0. 0. 0. 0. 0. 0. 0. 0. 0. 0. 0. 0. 0. 0. 0. 0. 0. 0. 0. 0. 0.
 0. 0. 0. 0. 0. 0. 0. 0. 0. 0. 0. 0.]","[0. 0. 0. 0. 0. 0. 0. 0. 0. 0. 0. 0. 0. 0. 0. 0. 0. 0. 0. 0. 0. 0. 0. 0.
 0. 0. 0. 0. 0. 0. 0. 0. 0. 0. 0. 0.]",9.77228204267053e-05,-0.00016807994883752034,0.0101649584577674,0.09709470153980361,0.008950922071651702,9.801808931310138,"[3.99999998e-08 0.00000000e+00 0.00000000e+00 0.00000000e+00
 3.99999998e-08 0.00000000e+00 0.00000000e+00 0.00000000e+00
 3.99999998e-08]","[0.000289 0.       0.       0.       0.000289 0.       0.       0.
 0.000289]"
1786809863.1221173,-0.24993099508971672,-0.005873473713569471,0.0,0.0,-0.9271308727982572,-0.021787929138058857,0.12499999999999999,0.010236572686007969,0.5300572566267916,0.016066742340212627,0.05752215464483527,3.7630628540943176,3.8126947216632545,"[0. 0. 0. 0. 0. 0. 0. 0. 0. 0. 0. 0. 0. 0. 0. 0. 0. 0. 0. 0. 0. 0. 0. 0.
 0. 0. 0. 0. 0. 0. 0. 0. 0. 0. 0. 0.]","[0. 0. 0. 0. 0. 0. 0. 0. 0. 0. 0. 0. 0. 0. 0. 0. 0. 0. 0. 0. 0. 0. 0. 0.
 0. 0. 0. 0. 0. 0. 0. 0. 0. 0. 0. 0.]",0.00041102427555771864,-0.00014017340317917755,0.010583533273136882,0.1183134102245474,0.029411094796704493,9.808858091448593,"[3.99999998e-08 0.00000000e+00 0.00000000e+00 0.00000000e+00
 3.99999998e-08 0.00000000e+00 0.00000000e+00 0.00000000e+00
 3.99999998e-08]","[0.000289 0.       0.       0.       0.000289 0.       0.       0.
 0.000289]"
1786809863.165224,-0.24993153576377536,-0.005850421417357973,0.0,0.0,-0.9246350225042798,-0.021643945500383524,0.12499999999999999,0.010538863817316878,0.5325531069207691,0.01621072597788796,0.05772815080667196,3.762330027109321,3.8134275486482516,"[0. 0. 0. 0. 0. 0. 0. 0. 0. 0. 0. 0. 0. 0. 0. 0. 0. 0. 0. 0. 0. 0. 0. 0.
 0. 0. 0. 0. 0. 0. 0. 0. 0. 0. 0. 0.]","[0. 0. 0. 0. 0. 0. 0. 0. 0. 0. 0. 0. 0. 0. 0. 0. 0. 0. 0. 0. 0. 0. 0. 0.
 0. 0. 0. 0. 0. 0. 0. 0. 0. 0. 0. 0.]",6.550578019763804e-07,0.0001850757843949149,0.010532857706084442,0.11176085516320819,-0.019194876388746073,9.824108288396143,"[3.99999998e-08 0.00000000e+00 0.00000000e+00 0.00000000e+00
 3.99999998e-08 0.00000000e+00 0.00000000e+00 0.00000000e+00
 3.99999998e-08]","[0.000289 0.       0.       0.       0.000289 0.       0.       0.
 0.000289]"
1786809863.2189102,-0.24993208050501955,-0.005827103434161912,0.0,0.0,-0.9221392021989664,-0.021499442972872006,0.12499999999999999,0.009904495942994196,0.5350489272260824,0.01635522850539948,0.0579386257914205,3.763867888622844,3.8118896871347285,"[0. 0. 0. 0. 0. 0. 0. 0. 0. 0. 0. 0. 0. 0. 0. 0. 0. 0. 0. 0. 0. 0. 0. 0.
 0. 0. 0. 0. 0. 0. 0. 0. 0. 0. 0. 0.]","[0. 0. 0. 0. 0. 0. 0. 0. 0. 0. 0. 0. 0. 0. 0. 0. 0. 0. 0. 0. 0. 0. 0. 0.
 0. 0. 0. 0. 0. 0. 0. 0. 0. 0. 0. 0.]",-4.736584565229112e-05,-0.0003974356567861111,0.009846156658419883,0.12634137325300923,-0.04629195215115606,9.799670852033477,"[3.99999998e-08 0.00000000e+00 0.00000000e+00 0.00000000e+00
 3.99999998e-08 0.00000000e+00 0.00000000e+00 0.00000000e+00
 3.99999998e-08]","[0.000289 0.       0.       0.       0.000289 0.       0.       0.
 0.000289]"
1786809863.2693152,-0.24993262926224402,-0.005803518765515207,0.0,0.0,-0.9196434117406573,-0.02135442584417124,0.12499999999999999,0.010254649230426351,0.5375447176843915,0.016500245634100245,0.05813861881491523,3.763019032168456,3.812738543589117,"[0. 0. 0. 0. 0. 0. 0. 0. 0. 0. 0. 0. 0. 0. 0. 0. 0. 0. 0. 0. 0. 0. 0. 0.
 0. 0. 0. 0. 0. 0. 0. 0. 0. 0. 0. 0.]","[0. 0. 0. 0. 0. 0. 0. 0. 0. 0. 0. 0. 0. 0. 0. 0. 0. 0. 0. 0. 0. 0. 0. 0.
 0. 0. 0. 0. 0. 0. 0. 0. 0. 0. 0. 0.]",0.00010118088856971129,-0.00023935506927550616,0.01013478362376333,0.11894746079055077,0.02857595074656318,9.79071958484244,"[3.99999998e-08 0.00000000e+00 0.00000000e+00 0.00000000e+00
 3.99999998e-08 0.00000000e+00 0.00000000e+00 0.00000000e+00
 3.99999998e-08]","[0.000289 0.       0.       0.       0.000289 0.       0.       0.
 0.000289]"
1786809863.3149858,-0.24993373850233822,-0.0057555502121718295,0.0,0.0,-0.9146519187461648,-0.021062882812652405,0.125,0.01013821658934591,0.542536210678884,0.01679178866561908,0.05854519109508502,3.7633012931165317,3.812456282641041,"[0. 0. 0. 0. 0. 0. 0. 0. 0. 0. 0. 0. 0. 0. 0. 0. 0. 0. 0. 0. 0. 0. 0. 0.
 0. 0. 0. 0. 0. 0. 0. 0. 0. 0. 0. 0.]","[0. 0. 0. 0. 0. 0. 0. 0. 0. 0. 0. 0. 0. 0. 0. 0. 0. 0. 0. 0. 0. 0. 0. 0.
 0. 0. 0. 0. 0. 0. 0. 0. 0. 0. 0. 0.]",-4.955085886990525e-05,-0.00017875464559852775,0.009806465486867574,0.13547496960771635,-0.007851874185465952,9.812432099870676,"[3.99999998e-08 0.00000000e+00 0.00000000e+00 0.00000000e+00
 3.99999998e-08 0.00000000e+00 0.00000000e+00 0.00000000e+00
 3.99999998e-08]","[0.000289 0.       0.       0.       0.000289 0.       0.       0.
 0.000289]"
1786809863.3654432,-0.2499342989636812,-0.005731160574721374,0.0,0.0,-0.9121562167069275,-0.02091635189269243,0.125,0.009653637234848952,0.5450319127181213,0.016938319585579054,0.05874456337216575,3.764476030945625,3.8112815448119477,"[0. 0. 0. 0. 0. 0. 0. 0. 0. 0. 0. 0. 0. 0. 0. 0. 0. 0. 0. 0. 0. 0. 0. 0.
 0. 0. 0. 0. 0. 0. 0. 0. 0. 0. 0. 0.]","[0. 0. 0. 0. 0. 0. 0. 0. 0. 0. 0. 0. 0. 0. 0. 0. 0. 0. 0. 0. 0. 0. 0. 0.
 0. 0. 0. 0. 0. 0. 0. 0. 0. 0. 0. 0.]",-1.1343314903381559e-05,-0.00035939449168445267,0.010046208690057866,0.13858408135590491,-0.014463342475645975,9.790751944712863,"[3.99999998e-08 0.00000000e+00 0.00000000e+00 0.00000000e+00
 3.99999998e-08 0.00000000e+00 0.00000000e+00 0.00000000e+00
 3.99999998e-08]","[0.000289 0.       0.       0.       0.000289 0.       0.       0.
 0.000289]"
1786809863.4156373,-0.24993486315530572,-0.005706503267203438,0.0,0.0,-0.9096605432570666,-0.020769334844322654,0.125,0.00952053811822096,0.5500232315299483,0.017232829713161264,0.059126715888278836,3.7647986954707875,3.810958880286785,"[0. 0. 0. 0. 0. 0. 0. 0. 0. 0. 0. 0. 0. 0. 0. 0. 0. 0. 0. 0. 0. 0. 0. 0.
 0. 0. 0. 0. 0. 0. 0. 0. 0. 0. 0. 0.]","[0. 0. 0. 0. 0. 0. 0. 0. 0. 0. 0. 0. 0. 0. 0. 0. 0. 0. 0. 0. 0. 0. 0. 0.
 0. 0. 0. 0. 0. 0. 0. 0. 0. 0. 0. 0.]",6.979995099115917e-06,-5.5913892251351076e-05,0.00968195023167976,0.1031827429272241,-0.0008373708292528888,9.829301989678912,"[3.99999998e-08 0.00000000e+00 0.00000000e+00 0.00000000e+00
 3.99999998e-08 0.00000000e+00 0.00000000e+00 0.00000000e+00
 3.99999998e-08]","[0.000289 0.       0.       0.       0.000289 0.       0.       0.
 0.000289]"
1786809863.4664867,-0.24993600240842742,-0.005656385780209812,0.0,0.0,-0.9046692805770613,-0.020473874932538282,0.12499999999999999,0.009048950888258005,0.5525188488479875,0.017380796545733202,0.05931382554078546,3.7659419372404033,3.809815638517169,"[0. 0. 0. 0. 0. 0. 0. 0. 0. 0. 0. 0. 0. 0. 0. 0. 0. 0. 0. 0. 0. 0. 0. 0.
 0. 0. 0. 0. 0. 0. 0. 0. 0. 0. 0. 0.]","[0. 0. 0. 0. 0. 0. 0. 0. 0. 0. 0. 0. 0. 0. 0. 0. 0. 0. 0. 0. 0. 0. 0. 0.
 0. 0. 0. 0. 0. 0. 0. 0. 0. 0. 0. 0.]",-0.00012464115800787294,0.00016523222514045532,0.009085869643650884,0.15592469736081896,-0.0069727421392429935,9.795230287158216,"[3.99999998e-08 0.00000000e+00 0.00000000e+00 0.00000000e+00
 3.99999998e-08 0.00000000e+00 0.00000000e+00 0.00000000e+00
 3.99999998e-08]","[0.000289 0.       0.       0.       0.000289 0.       0.       0.
 0.000289]"
1786809863.5205705,-0.24993657728778435,-0.005630926537205392,0.0,0.0,-0.9021736903740929,-0.02032545147822303,0.125,0.009046371742155364,0.5550144390509559,0.017529220000048456,0.05949479424198212,3.7659481897158047,3.809809386041769,"[0. 0. 0. 0. 0. 0. 0. 0. 0. 0. 0. 0. 0. 0. 0. 0. 0. 0. 0. 0. 0. 0. 0. 0.
 0. 0. 0. 0. 0. 0. 0. 0. 0. 0. 0. 0.]","[0. 0. 0. 0. 0. 0. 0. 0. 0. 0. 0. 0. 0. 0. 0. 0. 0. 0. 0. 0. 0. 0. 0. 0.
 0. 0. 0. 0. 0. 0. 0. 0. 0. 0. 0. 0.]",-3.0086436425875727e-05,0.00014952796655385284,0.008901112256296091,0.12009568836494579,0.01565837240715373,9.789536751914893,"[3.99999998e-08 0.00000000e+00 0.00000000e+00 0.00000000e+00
 3.99999998e-08 0.00000000e+00 0.00000000e+00 0.00000000e+00
 3.99999998e-08]","[0.000289 0.       0.       0.       0.000289 0.       0.       0.
 0.000289]"
1786809863.5671763,-0.24993657728778435,-0.005630926537205392,0.0,0.0,-0.9021736903740929,-0.02032545147822303,0.125,0.009017336920521367,0.5550144390509559,0.017529220000048456,0.05949479424198212,3.7660185771621886,3.809738998595384,"[0. 0. 0. 0. 0. 0. 0. 0. 0. 0. 0. 0. 0. 0. 0. 0. 0. 0. 0. 0. 0. 0. 0. 0.
 0. 0. 0. 0. 0. 0. 0. 0. 0. 0. 0. 0.]","[0. 0. 0. 0. 0. 0. 0. 0. 0. 0. 0. 0. 0. 0. 0. 0. 0. 0. 0. 0. 0. 0. 0. 0.
 0. 0. 0. 0. 0. 0. 0. 0. 0. 0. 0. 0.]",9.477345134882158e-05,0.00019903015067182896,0.00878592653867883,0.1350943229128626,-0.007784474458494332,9.79022240699699,"[3.99999998e-08 0.00000000e+00 0.00000000e+00 0.00000000e+00
 3.99999998e-08 0.00000000e+00 0.00000000e+00 0.00000000e+00
 3.99999998e-08]","[0.000289 0.       0.       0.       0.000289 0.       0.       0.
 0.000289]"
1786809863.6151466,-0.24993715555841392,-0.00560520038617708,0.0,0.0,-0.8996781270552129,-0.020176576683599002,0.125,0.009466430639233823,0.5575100023698359,0.017678094794672482,0.05967540229382742,3.764929865116817,3.8108277106407566,"[0. 0. 0. 0. 0. 0. 0. 0. 0. 0. 0. 0. 0. 0. 0. 0. 0. 0. 0. 0. 0. 0. 0. 0.
 0. 0. 0. 0. 0. 0. 0. 0. 0. 0. 0. 0.]","[0. 0. 0. 0. 0. 0. 0. 0. 0. 0. 0. 0. 0. 0. 0. 0. 0. 0. 0. 0. 0. 0. 0. 0.
 0. 0. 0. 0. 0. 0. 0. 0. 0. 0. 0. 0.]",-0.00035098379856746023,0.0003220590004313479,0.009387839210746136,0.12903497500353886,0.0039119382462028856,9.807218464600904,"[3.99999998e-08 0.00000000e+00 0.00000000e+00 0.00000000e+00
 3.99999998e-08 0.00000000e+00 0.00000000e+00 0.00000000e+00
 3.99999998e-08]","[0.000289 0.       0.       0.       0.000289 0.       0.       0.
 0.000289]"
1786809863.6665013,-0.24993715555841392,-0.00560520038617708,0.0,0.0,-0.8996781270552129,-0.020176576683599002,0.12499999999999999,0.00942902931459931,0.5600055381215355,0.017827430970245382,0.05986458130066361,3.765020534994719,3.8107370407628527,"[0. 0. 0. 0. 0. 0. 0. 0. 0. 0. 0. 0. 0. 0. 0. 0. 0. 0. 0. 0. 0. 0. 0. 0.
 0. 0. 0. 0. 0. 0. 0. 0. 0. 0. 0. 0.]","[0. 0. 0. 0. 0. 0. 0. 0. 0. 0. 0. 0. 0. 0. 0. 0. 0. 0. 0. 0. 0. 0. 0. 0.
 0. 0. 0. 0. 0. 0. 0. 0. 0. 0. 0. 0.]",0.0003445607134816159,0.0003531834731374052,0.009771462140647395,0.10289957900471171,0.021023887951011053,9.81888977325626,"[3.99999998e-08 0.00000000e+00 0.00000000e+00 0.00000000e+00
 3.99999998e-08 0.00000000e+00 0.00000000e+00 0.00000000e+00
 3.99999998e-08]","[0.000289 0.       0.       0.       0.000289 0.       0.       0.
 0.000289]"
1786809863.7173972,-0.2499383223776244,-0.005552927791598708,0.0,0.0,-0.8946870836779247,-0.019877435058691568,0.125,0.009214139981196618,0.5625010457471241,0.017977236419579917,0.06005058321529033,3.7655414788332764,3.810216096924297,"[0. 0. 0. 0. 0. 0. 0. 0. 0. 0. 0. 0. 0. 0. 0. 0. 0. 0. 0. 0. 0. 0. 0. 0.
 0. 0. 0. 0. 0. 0. 0. 0. 0. 0. 0. 0.]","[0. 0. 0. 0. 0. 0. 0. 0. 0. 0. 0. 0. 0. 0. 0. 0. 0. 0. 0. 0. 0. 0. 0. 0.
 0. 0. 0. 0. 0. 0. 0. 0. 0. 0. 0. 0.]",1.5574013211603005e-05,1.0855212855445562e-05,0.009259560255954721,0.10614906036068905,0.016010979098705004,9.753752238595391,"[3.99999998e-08 0.00000000e+00 0.00000000e+00 0.00000000e+00
 3.99999998e-08 0.00000000e+00 0.00000000e+00 0.00000000e+00
 3.99999998e-08]","[0.000289 0.       0.       0.       0.000289 0.       0.       0.
 0.000289]"
1786809863.7664642,-0.24993891085166697,-0.0055263769580505785,0.0,0.0,-0.8921916037484509,-0.019727168948286813,0.125,0.009140483216590263,0.564996525676598,0.01812750252998467,0.06023457138796538,3.7657200406868685,3.810037535070704,"[0. 0. 0. 0. 0. 0. 0. 0. 0. 0. 0. 0. 0. 0. 0. 0. 0. 0. 0. 0. 0. 0. 0. 0.
 0. 0. 0. 0. 0. 0. 0. 0. 0. 0. 0. 0.]","[0. 0. 0. 0. 0. 0. 0. 0. 0. 0. 0. 0. 0. 0. 0. 0. 0. 0. 0. 0. 0. 0. 0. 0.
 0. 0. 0. 0. 0. 0. 0. 0. 0. 0. 0. 0.]",0.00034954248190962234,0.0001549975291401995,0.009149944702040476,0.12320644288464372,-0.01584358583139438,9.809349082405603,"[3.99999998e-08 0.00000000e+00 0.00000000e+00 0.00000000e+00
 3.99999998e-08 0.00000000e+00 0.00000000e+00 0.00000000e+00
 3.99999998e-08]","[0.000289 0.       0.       0.       0.000289 0.       0.       0.
 0.000289]"
1786809863.8181224,-0.2499395026150026,-0.005499548396469528,0.0,0.0,-0.8896961514017738,-0.019576445466179936,0.125,0.009089471281847922,0.567491978023275,0.018278226012091548,0.0604173810523051,3.765843705983215,3.8099138697743595,"[0. 0. 0. 0. 0. 0. 0. 0. 0. 0. 0. 0. 0. 0. 0. 0. 0. 0. 0. 0. 0. 0. 0. 0.
 0. 0. 0. 0. 0. 0. 0. 0. 0. 0. 0. 0.]","[0. 0. 0. 0. 0. 0. 0. 0. 0. 0. 0. 0. 0. 0. 0. 0. 0. 0. 0. 0. 0. 0. 0. 0.
 0. 0. 0. 0. 0. 0. 0. 0. 0. 0. 0. 0.]",0.00014339681270784786,0.0002220926981170465,0.009357795040875909,0.1387476423921071,0.006994125219149782,9.792313832711388,"[3.99999998e-08 0.00000000e+00 0.00000000e+00 0.00000000e+00
 3.99999998e-08 0.00000000e+00 0.00000000e+00 0.00000000e+00
 3.99999998e-08]","[0.000289 0.       0.       0.       0.000289 0.       0.       0.
 0.000289]"
1786809863.8683555,-0.24994009761595956,-0.005472440381092185,0.0,0.0,-0.8872007265889834,-0.01942526680844931,0.125,0.008961257503338853,0.5699874028360654,0.018429404669822173,0.060598733457069294,3.7661545272644523,3.8096030484931216,"[0. 0. 0. 0. 0. 0. 0. 0. 0. 0. 0. 0. 0. 0. 0. 0. 0. 0. 0. 0. 0. 0. 0. 0.
 0. 0. 0. 0. 0. 0. 0. 0. 0. 0. 0. 0.]","[0. 0. 0. 0. 0. 0. 0. 0. 0. 0. 0. 0. 0. 0. 0. 0. 0. 0. 0. 0. 0. 0. 0. 0.
 0. 0. 0. 0. 0. 0. 0. 0. 0. 0. 0. 0.]",-7.183142109453294e-05,-0.00011242144282903897,0.009240770525197471,0.15934185316782543,0.009718910436168031,9.795438100212237,"[3.99999998e-08 0.00000000e+00 0.00000000e+00 0.00000000e+00
 3.99999998e-08 0.00000000e+00 0.00000000e+00 0.00000000e+00
 3.99999998e-08]","[0.000289 0.       0.       0.       0.000289 0.       0.       0.
 0.000289]"
1786809863.9158638,-0.24994069577557662,-0.005445052361607211,0.0,0.0,-0.8847053290031316,-0.019273639397004966,0.125,0.008876763640388391,0.5724828004219172,0.01858103208126652,0.060777282656371966,3.766359360871606,3.8093982148859675,"[0. 0. 0. 0. 0. 0. 0. 0. 0. 0. 0. 0. 0. 0. 0. 0. 0. 0. 0. 0. 0. 0. 0. 0.
 0. 0. 0. 0. 0. 0. 0. 0. 0. 0. 0. 0.]","[0. 0. 0. 0. 0. 0. 0. 0. 0. 0. 0. 0. 0. 0. 0. 0. 0. 0. 0. 0. 0. 0. 0. 0.
 0. 0. 0. 0. 0. 0. 0. 0. 0. 0. 0. 0.]",0.00013406624701407558,-0.00017458779866306437,0.008934800998485886,0.124204018248557,-0.019322856387778524,9.779200679052238,"[3.99999998e-08 0.00000000e+00 0.00000000e+00 0.00000000e+00
 3.99999998e-08 0.00000000e+00 0.00000000e+00 0.00000000e+00
 3.99999998e-08]","[0.000289 0.       0.       0.       0.000289 0.       0.       0.
 0.000289]"
1786809863.9657736,-0.24994129702250936,-0.005417383381832186,0.0,0.0,-0.8822099584198216,-0.019121568244082496,0.12499999999999999,0.008812177458746488,0.5749781710052272,0.01873310323418899,0.060954624170748296,3.7665159334331637,3.8092416423244098,"[0. 0. 0. 0. 0. 0. 0. 0. 0. 0. 0. 0. 0. 0. 0. 0. 0. 0. 0. 0. 0. 0. 0. 0.
 0. 0. 0. 0. 0. 0. 0. 0. 0. 0. 0. 0.]","[0. 0. 0. 0. 0. 0. 0. 0. 0. 0. 0. 0. 0. 0. 0. 0. 0. 0. 0. 0. 0. 0. 0. 0.
 0. 0. 0. 0. 0. 0. 0. 0. 0. 0. 0. 0.]",5.001220236804048e-05,9.880676796515702e-05,0.00915664233541394,0.11771676943791506,-0.00786584551251117,9.801103887980089,"[3.99999998e-08 0.00000000e+00 0.00000000e+00 0.00000000e+00
 3.99999998e-08 0.00000000e+00 0.00000000e+00 0.00000000e+00
 3.99999998e-08]","[0.000289 0.       0.       0.       0.000289 0.       0.       0.
 0.000289]"
1786809864.0163977,-0.24994190129792498,-0.005389431841884274,0.0,0.0,-0.8797146147479497,-0.01896905613613862,0.125,0.008786100759134602,0.5774735146770992,0.018885615342132865,0.06113086771993779,3.7665791496732095,3.809178426084359,"[0. 0. 0. 0. 0. 0. 0. 0. 0. 0. 0. 0. 0. 0. 0. 0. 0. 0. 0. 0. 0. 0. 0. 0.
 0. 0. 0. 0. 0. 0. 0. 0. 0. 0. 0. 0.]","[0. 0. 0. 0. 0. 0. 0. 0. 0. 0. 0. 0. 0. 0. 0. 0. 0. 0. 0. 0. 0. 0. 0. 0.
 0. 0. 0. 0. 0. 0. 0. 0. 0. 0. 0. 0.]",5.1730994090433723e-05,9.59514787114457e-06,0.008705782325374518,0.14973881518146784,0.019514287520482433,9.789269766361276,"[3.99999998e-08 0.00000000e+00 0.00000000e+00 0.00000000e+00
 3.99999998e-08 0.00000000e+00 0.00000000e+00 0.00000000e+00
 3.99999998e-08]","[0.000289 0.       0.       0.       0.000289 0.       0.       0.
 0.000289]"
1786809864.0653813,-0.2499425085399358,-0.005361196206455969,0.0,0.0,-0.8772192978770998,-0.018816106149695783,0.12499999999999999,0.008574486986418117,0.579968831547949,0.0190385653285757,0.061304499674466606,3.7670921527600236,3.808665422997548,"[0. 0. 0. 0. 0. 0. 0. 0. 0. 0. 0. 0. 0. 0. 0. 0. 0. 0. 0. 0. 0. 0. 0. 0.
 0. 0. 0. 0. 0. 0. 0. 0. 0. 0. 0. 0.]","[0. 0. 0. 0. 0. 0. 0. 0. 0. 0. 0. 0. 0. 0. 0. 0. 0. 0. 0. 0. 0. 0. 0. 0.
 0. 0. 0. 0. 0. 0. 0. 0. 0. 0. 0. 0.]",-0.0001273357763737271,-7.168250154081408e-05,0.00858265383144743,0.13026766315671662,-0.0015975382247704476,9.803392909316637,"[3.99999998e-08 0.00000000e+00 0.00000000e+00 0.00000000e+00
 3.99999998e-08 0.00000000e+00 0.00000000e+00 0.00000000e+00
 3.99999998e-08]","[0.000289 0.       0.       0.       0.000289 0.       0.       0.
 0.000289]"
1786809864.11715,-0.24994373156640612,-0.0053038712899469535,0.0,0.0,-0.8722287430433661,-0.018508921826131584,0.125,0.0085067480687992,0.5849593863816828,0.0193457496521399,0.06164598889785988,3.7672563683178906,3.8085012074396833,"[0. 0. 0. 0. 0. 0. 0. 0. 0. 0. 0. 0. 0. 0. 0. 0. 0. 0. 0. 0. 0. 0. 0. 0.
 0. 0. 0. 0. 0. 0. 0. 0. 0. 0. 0. 0.]","[0. 0. 0. 0. 0. 0. 0. 0. 0. 0. 0. 0. 0. 0. 0. 0. 0. 0. 0. 0. 0. 0. 0. 0.
 0. 0. 0. 0. 0. 0. 0. 0. 0. 0. 0. 0.]",7.540175527072756e-05,0.00015599799521414577,0.008236940985692835,0.1166848739849332,-0.0106328625110692,9.820055647344276,"[3.99999998e-08 0.00000000e+00 0.00000000e+00 0.00000000e+00
 3.99999998e-08 0.00000000e+00 0.00000000e+00 0.00000000e+00
 3.99999998e-08]","[0.000289 0.       0.       0.       0.000289 0.       0.       0.
 0.000289]"
1786809864.1650736,-0.24994496551501544,-0.005245399288685756,0.0,0.0,-0.8672382923030697,-0.018200051008005962,0.125,0.00792979999663372,0.5899498371219791,0.019654620470265522,0.06197529680817826,3.7686550303110313,3.8071025454465435,"[0. 0. 0. 0. 0. 0. 0. 0. 0. 0. 0. 0. 0. 0. 0. 0. 0. 0. 0. 0. 0. 0. 0. 0.
 0. 0. 0. 0. 0. 0. 0. 0. 0. 0. 0. 0.]","[0. 0. 0. 0. 0. 0. 0. 0. 0. 0. 0. 0. 0. 0. 0. 0. 0. 0. 0. 0. 0. 0. 0. 0.
 0. 0. 0. 0. 0. 0. 0. 0. 0. 0. 0. 0.]",0.00019646318546422727,-0.00038182841682631155,0.007889471162456254,0.14222953429181645,0.028187685468292024,9.810733509177112,"[3.99999998e-08 0.00000000e+00 0.00000000e+00 0.00000000e+00
 3.99999998e-08 0.00000000e+00 0.00000000e+00 0.00000000e+00
 3.99999998e-08]","[0.000289 0.       0.       0.       0.000289 0.       0.       0.
 0.000289]"
1786809864.2161362,-0.24994558626233024,-0.005215736571188794,0.0,0.0,-0.864743104074828,-0.018045016517605733,0.125,0.007444967232686626,0.5924450253502208,0.01980965496066575,0.06212952931400756,3.769830382466063,3.80592719329151,"[0. 0. 0. 0. 0. 0. 0. 0. 0. 0. 0. 0. 0. 0. 0. 0. 0. 0. 0. 0. 0. 0. 0. 0.
 0. 0. 0. 0. 0. 0. 0. 0. 0. 0. 0. 0.]","[0. 0. 0. 0. 0. 0. 0. 0. 0. 0. 0. 0. 0. 0. 0. 0. 0. 0. 0. 0. 0. 0. 0. 0.
 0. 0. 0. 0. 0. 0. 0. 0. 0. 0. 0. 0.]",-0.0004742290440276023,6.216096516622761e-05,0.007288798950712263,0.12183985252698057,-5.0025703554591955e-05,9.806031347655347,"[3.99999998e-08 0.00000000e+00 0.00000000e+00 0.00000000e+00
 3.99999998e-08 0.00000000e+00 0.00000000e+00 0.00000000e+00
 3.99999998e-08]","[0.000289 0.       0.       0.       0.000289 0.       0.       0.
 0.000289]"
1786809864.266144,-0.24994620931293288,-0.005185793101884579,0.0,0.0,-0.8622479391865283,-0.017889606837563382,0.125,0.007554883621227183,0.5949401902385205,0.019965064640708102,0.06227842865865681,3.769563918493842,3.8061936572637323,"[0. 0. 0. 0. 0. 0. 0. 0. 0. 0. 0. 0. 0. 0. 0. 0. 0. 0. 0. 0. 0. 0. 0. 0.
 0. 0. 0. 0. 0. 0. 0. 0. 0. 0. 0. 0.]","[0. 0. 0. 0. 0. 0. 0. 0. 0. 0. 0. 0. 0. 0. 0. 0. 0. 0. 0. 0. 0. 0. 0. 0.
 0. 0. 0. 0. 0. 0. 0. 0. 0. 0. 0. 0.]",-0.00031201082453949445,0.00021288789157081447,0.007774821405452112,0.11167610315610885,0.005586440231138349,9.806887503549552,"[3.99999998e-08 0.00000000e+00 0.00000000e+00 0.00000000e+00
 3.99999998e-08 0.00000000e+00 0.00000000e+00 0.00000000e+00
 3.99999998e-08]","[0.000289 0.       0.       0.       0.000289 0.       0.       0.
 0.000289]"
1786809864.3157296,-0.24994620931293288,-0.005185793101884579,0.0,0.0,-0.8622479391865283,-0.017889606837563382,0.125,0.007538474075515387,0.5949401902385205,0.019965064640708102,0.06227842865865681,3.7696036991484987,3.8061538766089185,"[0. 0. 0. 0. 0. 0. 0. 0. 0. 0. 0. 0. 0. 0. 0. 0. 0. 0. 0. 0. 0. 0. 0. 0.
 0. 0. 0. 0. 0. 0. 0. 0. 0. 0. 0. 0.]","[0. 0. 0. 0. 0. 0. 0. 0. 0. 0. 0. 0. 0. 0. 0. 0. 0. 0. 0. 0. 0. 0. 0. 0.
 0. 0. 0. 0. 0. 0. 0. 0. 0. 0. 0. 0.]",-0.0001400272121889385,0.0001970674772812801,0.007660288797478486,0.12081233275156007,-0.012724044631838025,9.79873883735079,"[3.99999998e-08 0.00000000e+00 0.00000000e+00 0.00000000e+00
 3.99999998e-08 0.00000000e+00 0.00000000e+00 0.00000000e+00
 3.99999998e-08]","[0.000289 0.       0.       0.       0.000289 0.       0.       0.
 0.000289]"
1786809864.381037,-0.24994683460619782,-0.005155566927311831,0.0,0.0,-0.8597527975894911,-0.01773382365853851,0.125,0.00810524528590416,0.5974353318355577,0.020120847819732973,0.06242914735313729,3.768229708397644,3.8075278673599295,"[0. 0. 0. 0. 0. 0. 0. 0. 0. 0. 0. 0. 0. 0. 0. 0. 0. 0. 0. 0. 0. 0. 0. 0.
 0. 0. 0. 0. 0. 0. 0. 0. 0. 0. 0. 0.]","[0. 0. 0. 0. 0. 0. 0. 0. 0. 0. 0. 0. 0. 0. 0. 0. 0. 0. 0. 0. 0. 0. 0. 0.
 0. 0. 0. 0. 0. 0. 0. 0. 0. 0. 0. 0.]",0.0004782317823894798,0.0002244147747936018,0.008152112508237809,0.1448706877498306,-0.03215654416043561,9.81932502445722,"[3.99999998e-08 0.00000000e+00 0.00000000e+00 0.00000000e+00
 3.99999998e-08 0.00000000e+00 0.00000000e+00 0.00000000e+00
 3.99999998e-08]","[0.000289 0.       0.       0.       0.000289 0.       0.       0.
 0.000289]"
1786809864.4168355,-0.24994746216171038,-0.00512505208952655,0.0,0.0,-0.8572576800882797,-0.01757765502638563,0.125,0.008091763540405085,0.5999304493367691,0.020277016451885854,0.06258891776440428,3.7682623914170357,3.8074951843405382,"[0. 0. 0. 0. 0. 0. 0. 0. 0. 0. 0. 0. 0. 0. 0. 0. 0. 0. 0. 0. 0. 0. 0. 0.
 0. 0. 0. 0. 0. 0. 0. 0. 0. 0. 0. 0.]","[0. 0. 0. 0. 0. 0. 0. 0. 0. 0. 0. 0. 0. 0. 0. 0. 0. 0. 0. 0. 0. 0. 0. 0.
 0. 0. 0. 0. 0. 0. 0. 0. 0. 0. 0. 0.]",7.163515153001438e-05,0.00016744552468177565,0.007883577593981261,0.12367103621405413,-0.013146655796768934,9.774279812858218,"[3.99999998e-08 0.00000000e+00 0.00000000e+00 0.00000000e+00
 3.99999998e-08 0.00000000e+00 0.00000000e+00 0.00000000e+00
 3.99999998e-08]","[0.000289 0.       0.       0.       0.000289 0.       0.       0.
 0.000289]"
1786809864.4677382,-0.2499480920170415,-0.005094241556951041,0.0,0.0,-0.854762587707638,-0.017421085556157706,0.125,0.00784688461162234,0.6024255417174108,0.02043358592211378,0.0627475696095295,3.768856037304999,3.806901538452575,"[0. 0. 0. 0. 0. 0. 0. 0. 0. 0. 0. 0. 0. 0. 0. 0. 0. 0. 0. 0. 0. 0. 0. 0.
 0. 0. 0. 0. 0. 0. 0. 0. 0. 0. 0. 0.]","[0. 0. 0. 0. 0. 0. 0. 0. 0. 0. 0. 0. 0. 0. 0. 0. 0. 0. 0. 0. 0. 0. 0. 0.
 0. 0. 0. 0. 0. 0. 0. 0. 0. 0. 0. 0.]",9.40123960558303e-05,4.4914600122521275e-05,0.007837376051964023,0.1221987108919966,-0.026473262638432974,9.803168550356942,"[3.99999998e-08 0.00000000e+00 0.00000000e+00 0.00000000e+00
 3.99999998e-08 0.00000000e+00 0.00000000e+00 0.00000000e+00
 3.99999998e-08]","[0.000289 0.       0.       0.       0.000289 0.       0.       0.
 0.000289]"
1786809864.515733,-0.24994872406402802,-0.0050631352702035165,0.0,0.0,-0.8522675199681581,-0.01726412389644475,0.125,0.007788507129579429,0.6049206094568907,0.020590547581826733,0.06290415703696789,3.7689975584735893,3.806760017283985,"[0. 0. 0. 0. 0. 0. 0. 0. 0. 0. 0. 0. 0. 0. 0. 0. 0. 0. 0. 0. 0. 0. 0. 0.
 0. 0. 0. 0. 0. 0. 0. 0. 0. 0. 0. 0.]","[0. 0. 0. 0. 0. 0. 0. 0. 0. 0. 0. 0. 0. 0. 0. 0. 0. 0. 0. 0. 0. 0. 0. 0.
 0. 0. 0. 0. 0. 0. 0. 0. 0. 0. 0. 0.]",-0.00014564688346932372,0.0003350242970594311,0.008160322604717496,0.13662200358400828,0.02445736063144686,9.77584529315861,"[3.99999998e-08 0.00000000e+00 0.00000000e+00 0.00000000e+00
 3.99999998e-08 0.00000000e+00 0.00000000e+00 0.00000000e+00
 3.99999998e-08]","[0.000289 0.       0.       0.       0.000289 0.       0.       0.
 0.000289]"
1786809864.5702758,-0.24994935822763745,-0.005031731470595011,0.0,0.0,-0.8497724767502219,-0.01710677292563967,0.125,0.007685600199215689,0.6074156526748269,0.020747898552631816,0.06305961845893063,3.769247029819928,3.8065105459376465,"[0. 0. 0. 0. 0. 0. 0. 0. 0. 0. 0. 0. 0. 0. 0. 0. 0. 0. 0. 0. 0. 0. 0. 0.
 0. 0. 0. 0. 0. 0. 0. 0. 0. 0. 0. 0.]","[0. 0. 0. 0. 0. 0. 0. 0. 0. 0. 0. 0. 0. 0. 0. 0. 0. 0. 0. 0. 0. 0. 0. 0.
 0. 0. 0. 0. 0. 0. 0. 0. 0. 0. 0. 0.]",0.00010400777732231328,0.0003723454949703103,0.007364208376922647,0.11361671829050085,-0.014550041559575988,9.794395392217632,"[3.99999998e-08 0.00000000e+00 0.00000000e+00 0.00000000e+00
 3.99999998e-08 0.00000000e+00 0.00000000e+00 0.00000000e+00
 3.99999998e-08]","[0.000289 0.       0.       0.       0.000289 0.       0.       0.
 0.000289]"
1786809864.6184738,-0.24994999442414462,-0.0050000287369238615,0.0,0.0,-0.8472774578561193,-0.016949036735082097,0.125,0.007618116282954466,0.6099106715689295,0.020905634743189388,0.06321292555953179,3.7694106271926837,3.8063469485648898,"[0. 0. 0. 0. 0. 0. 0. 0. 0. 0. 0. 0. 0. 0. 0. 0. 0. 0. 0. 0. 0. 0. 0. 0.
 0. 0. 0. 0. 0. 0. 0. 0. 0. 0. 0. 0.]","[0. 0. 0. 0. 0. 0. 0. 0. 0. 0. 0. 0. 0. 0. 0. 0. 0. 0. 0. 0. 0. 0. 0. 0.
 0. 0. 0. 0. 0. 0. 0. 0. 0. 0. 0. 0.]",0.00011476314421110844,0.0001175663023035137,0.007495404883726631,0.10832398944507163,-0.010511103947509527,9.805581485604428,"[3.99999998e-08 0.00000000e+00 0.00000000e+00 0.00000000e+00
 3.99999998e-08 0.00000000e+00 0.00000000e+00 0.00000000e+00
 3.99999998e-08]","[0.000289 0.       0.       0.       0.000289 0.       0.       0.
 0.000289]"
1786809864.6695585,-0.2499506325674355,-0.004968025678160071,0.0,0.0,-0.8447824630762807,-0.016790919574448247,0.12499999999999999,0.007515620186610792,0.6124056663487681,0.021063751903823237,0.06336528788519202,3.7696591025777604,3.8060984731798126,"[0. 0. 0. 0. 0. 0. 0. 0. 0. 0. 0. 0. 0. 0. 0. 0. 0. 0. 0. 0. 0. 0. 0. 0.
 0. 0. 0. 0. 0. 0. 0. 0. 0. 0. 0. 0.]","[0. 0. 0. 0. 0. 0. 0. 0. 0. 0. 0. 0. 0. 0. 0. 0. 0. 0. 0. 0. 0. 0. 0. 0.
 0. 0. 0. 0. 0. 0. 0. 0. 0. 0. 0. 0.]",0.00010126299861871237,6.787888371244985e-05,0.00760435104913309,0.13040055581926618,-0.007179543711556987,9.813710906918692,"[3.99999998e-08 0.00000000e+00 0.00000000e+00 0.00000000e+00
 3.99999998e-08 0.00000000e+00 0.00000000e+00 0.00000000e+00
 3.99999998e-08]","[0.000289 0.       0.       0.       0.000289 0.       0.       0.
 0.000289]"
1786809864.7153254,-0.24995127257305116,-0.004935720728757057,0.0,0.0,-0.8422874922329138,-0.016632425161075236,0.125,0.007450028855469325,0.6149006371921351,0.02122224631719625,0.06351500996721049,3.7698181118653777,3.8059394638921957,"[0. 0. 0. 0. 0. 0. 0. 0. 0. 0. 0. 0. 0. 0. 0. 0. 0. 0. 0. 0. 0. 0. 0. 0.
 0. 0. 0. 0. 0. 0. 0. 0. 0. 0. 0. 0.]","[0. 0. 0. 0. 0. 0. 0. 0. 0. 0. 0. 0. 0. 0. 0. 0. 0. 0. 0. 0. 0. 0. 0. 0.
 0. 0. 0. 0. 0. 0. 0. 0. 0. 0. 0. 0.]",0.0003820378046230603,-0.00025959222821712494,0.007519115657472816,0.09469904822501962,-0.0161051603236728,9.791214800029785,"[3.99999998e-08 0.00000000e+00 0.00000000e+00 0.00000000e+00
 3.99999998e-08 0.00000000e+00 0.00000000e+00 0.00000000e+00
 3.99999998e-08]","[0.000289 0.       0.       0.       0.000289 0.       0.       0.
 0.000289]"
1786809864.7689543,-0.24995127257305116,-0.004935720728757057,0.0,0.0,-0.8422874922329138,-0.016632425161075236,0.125,0.007470902868669465,0.6149006371921351,0.02122224631719625,0.06351500996721049,3.7698181118653777,3.8059394638921957,"[0. 0. 0. 0. 0. 0. 0. 0. 0. 0. 0. 0. 0. 0. 0. 0. 0. 0. 0. 0. 0. 0. 0. 0.
 0. 0. 0. 0. 0. 0. 0. 0. 0. 0. 0. 0.]","[0. 0. 0. 0. 0. 0. 0. 0. 0. 0. 0. 0. 0. 0. 0. 0. 0. 0. 0. 0. 0. 0. 0. 0.
 0. 0. 0. 0. 0. 0. 0. 0. 0. 0. 0. 0.]",0.0005170136122440281,5.8251606360115176e-05,0.007345575975338693,0.13029938604692165,0.004355024475074936,9.808192679515408,"[3.99999998e-08 0.00000000e+00 0.00000000e+00 0.00000000e+00
 3.99999998e-08 0.00000000e+00 0.00000000e+00 0.00000000e+00
 3.99999998e-08]","[0.000289 0.       0.       0.       0.000289 0.       0.       0.
 0.000289]"
1786809864.8239043,-0.24995191434758107,-0.0049031126827231855,0.0,0.0,-0.8397925450658275,-0.01647355848150354,0.125,0.007951138865757604,0.6173955843592214,0.021381112996767943,0.06366409404033531,3.7686032997192145,3.8071542760383594,"[0. 0. 0. 0. 0. 0. 0. 0. 0. 0. 0. 0. 0. 0. 0. 0. 0. 0. 0. 0. 0. 0. 0. 0.
 0. 0. 0. 0. 0. 0. 0. 0. 0. 0. 0. 0.]","[0. 0. 0. 0. 0. 0. 0. 0. 0. 0. 0. 0. 0. 0. 0. 0. 0. 0. 0. 0. 0. 0. 0. 0.
 0. 0. 0. 0. 0. 0. 0. 0. 0. 0. 0. 0.]",7.841820520583807e-05,-0.00014657199783160046,0.007938008908785486,0.09011115655303961,0.02617855847612353,9.787187879149005,"[3.99999998e-08 0.00000000e+00 0.00000000e+00 0.00000000e+00
 3.99999998e-08 0.00000000e+00 0.00000000e+00 0.00000000e+00
 3.99999998e-08]","[0.000289 0.       0.       0.       0.000289 0.       0.       0.
 0.000289]"
1786809864.8654082,-0.24995255788279305,-0.004870195873781828,0.0,0.0,-0.8372976222626248,-0.0163143096418438,0.12499999999999999,0.007790709864283277,0.619890507162424,0.021540361836427685,0.06382215634490111,3.7689922185106703,3.8067653572469027,"[0. 0. 0. 0. 0. 0. 0. 0. 0. 0. 0. 0. 0. 0. 0. 0. 0. 0. 0. 0. 0. 0. 0. 0.
 0. 0. 0. 0. 0. 0. 0. 0. 0. 0. 0. 0.]","[0. 0. 0. 0. 0. 0. 0. 0. 0. 0. 0. 0. 0. 0. 0. 0. 0. 0. 0. 0. 0. 0. 0. 0.
 0. 0. 0. 0. 0. 0. 0. 0. 0. 0. 0. 0.]",0.00020888285945537598,0.00019269045382958245,0.007976723326363545,0.10553199085341632,0.020940894714397855,9.799571928628904,"[3.99999998e-08 0.00000000e+00 0.00000000e+00 0.00000000e+00
 3.99999998e-08 0.00000000e+00 0.00000000e+00 0.00000000e+00
 3.99999998e-08]","[0.000289 0.       0.       0.       0.000289 0.       0.       0.
 0.000289]"
1786809864.9170291,-0.2499532031730369,-0.0048369642895671515,0.0,0.0,-0.8348027245741775,-0.016154667819172956,0.125,0.007660728185621225,0.6223854048508713,0.021700003659098528,0.06397787100829097,3.76930732561046,3.8064502501471136,"[0. 0. 0. 0. 0. 0. 0. 0. 0. 0. 0. 0. 0. 0. 0. 0. 0. 0. 0. 0. 0. 0. 0. 0.
 0. 0. 0. 0. 0. 0. 0. 0. 0. 0. 0. 0.]","[0. 0. 0. 0. 0. 0. 0. 0. 0. 0. 0. 0. 0. 0. 0. 0. 0. 0. 0. 0. 0. 0. 0. 0.
 0. 0. 0. 0. 0. 0. 0. 0. 0. 0. 0. 0.]",-0.00017039320857222657,-5.966120261283246e-05,0.007781051015709518,0.13336381519751578,-0.042234407134414134,9.812408776499538,"[3.99999998e-08 0.00000000e+00 0.00000000e+00 0.00000000e+00
 3.99999998e-08 0.00000000e+00 0.00000000e+00 0.00000000e+00
 3.99999998e-08]","[0.000289 0.       0.       0.       0.000289 0.       0.       0.
 0.000289]"
1786809864.9665065,-0.24995385010031415,-0.004803417536471729,0.0,0.0,-0.832307851542435,-0.015994641123701643,0.125,0.007392548090545213,0.6248802778826138,0.02186003035456984,0.06413081739231677,3.769957459174286,3.805800116583288,"[0. 0. 0. 0. 0. 0. 0. 0. 0. 0. 0. 0. 0. 0. 0. 0. 0. 0. 0. 0. 0. 0. 0. 0.
 0. 0. 0. 0. 0. 0. 0. 0. 0. 0. 0. 0.]","[0. 0. 0. 0. 0. 0. 0. 0. 0. 0. 0. 0. 0. 0. 0. 0. 0. 0. 0. 0. 0. 0. 0. 0.
 0. 0. 0. 0. 0. 0. 0. 0. 0. 0. 0. 0.]",0.00031262939081909413,-0.0001674337925425421,0.00730704381564322,0.12729778521063034,0.009679456008692966,9.783585940899737,"[3.99999998e-08 0.00000000e+00 0.00000000e+00 0.00000000e+00
 3.99999998e-08 0.00000000e+00 0.00000000e+00 0.00000000e+00
 3.99999998e-08]","[0.000289 0.       0.       0.       0.000289 0.       0.       0.
 0.000289]"
1786809865.0165954,-0.24995514835088334,-0.004735378853682712,0.0,0.0,-0.8298130025861126,-0.015834239522243505,0.125,0.0071877780522380695,0.6298699522377428,0.022181199547937264,0.06442344776569978,3.7704538713883684,3.8053037043692055,"[0. 0. 0. 0. 0. 0. 0. 0. 0. 0. 0. 0. 0. 0. 0. 0. 0. 0. 0. 0. 0. 0. 0. 0.
 0. 0. 0. 0. 0. 0. 0. 0. 0. 0. 0. 0.]","[0. 0. 0. 0. 0. 0. 0. 0. 0. 0. 0. 0. 0. 0. 0. 0. 0. 0. 0. 0. 0. 0. 0. 0.
 0. 0. 0. 0. 0. 0. 0. 0. 0. 0. 0. 0.]",0.00014624401716800792,0.00027591297369219443,0.007420586413734109,0.11129015086903125,-0.0019657114093234777,9.786925804361662,"[3.99999998e-08 0.00000000e+00 0.00000000e+00 0.00000000e+00
 3.99999998e-08 0.00000000e+00 0.00000000e+00 0.00000000e+00
 3.99999998e-08]","[0.000289 0.       0.       0.       0.000289 0.       0.       0.
 0.000289]"
1786809865.0689096,-0.24995514835088334,-0.004735378853682712,0.0,0.0,-0.827318177187306,-0.01567347193033422,0.125,0.00665588832048253,0.6323647544982357,0.022342325803932583,0.06456560765838588,3.7717433010406998,3.8040142747168737,"[0. 0. 0. 0. 0. 0. 0. 0. 0. 0. 0. 0. 0. 0. 0. 0. 0. 0. 0. 0. 0. 0. 0. 0.
 0. 0. 0. 0. 0. 0. 0. 0. 0. 0. 0. 0.]","[0. 0. 0. 0. 0. 0. 0. 0. 0. 0. 0. 0. 0. 0. 0. 0. 0. 0. 0. 0. 0. 0. 0. 0.
 0. 0. 0. 0. 0. 0. 0. 0. 0. 0. 0. 0.]",0.0001628089521409031,0.0002750925088844255,0.006534183339646901,0.13644764795854422,-0.011127313266123285,9.767025809700288,"[3.99999998e-08 0.00000000e+00 0.00000000e+00 0.00000000e+00
 3.99999998e-08 0.00000000e+00 0.00000000e+00 0.00000000e+00
 3.99999998e-08]","[0.000289 0.       0.       0.       0.000289 0.       0.       0.
 0.000289]"
1786809865.1166377,-0.2499557994317778,-0.004700886131452692,0.0,0.0,-0.8248233749268131,-0.015512345674338901,0.125,0.007218975480415687,0.6323647544982357,0.022342325803932583,0.06456560765838588,3.770378241259452,3.805379334498122,"[0. 0. 0. 0. 0. 0. 0. 0. 0. 0. 0. 0. 0. 0. 0. 0. 0. 0. 0. 0. 0. 0. 0. 0.
 0. 0. 0. 0. 0. 0. 0. 0. 0. 0. 0. 0.]","[0. 0. 0. 0. 0. 0. 0. 0. 0. 0. 0. 0. 0. 0. 0. 0. 0. 0. 0. 0. 0. 0. 0. 0.
 0. 0. 0. 0. 0. 0. 0. 0. 0. 0. 0. 0.]",0.00012741891000145214,3.558783588398813e-05,0.006720280338396319,0.1463214050218409,-0.002764197461457809,9.802689020612048,"[3.99999998e-08 0.00000000e+00 0.00000000e+00 0.00000000e+00
 3.99999998e-08 0.00000000e+00 0.00000000e+00 0.00000000e+00
 3.99999998e-08]","[0.000289 0.       0.       0.       0.000289 0.       0.       0.
 0.000289]"
1786809865.1654508,-0.2499564516526414,-0.0046660772840503425,0.0,0.0,-0.8223285953140053,-0.015350869134404112,0.125,0.007043086485634735,0.6348595341110436,0.022503802343867372,0.06470667948477449,3.770804638822561,3.8049529369350124,"[0. 0. 0. 0. 0. 0. 0. 0. 0. 0. 0. 0. 0. 0. 0. 0. 0. 0. 0. 0. 0. 0. 0. 0.
 0. 0. 0. 0. 0. 0. 0. 0. 0. 0. 0. 0.]","[0. 0. 0. 0. 0. 0. 0. 0. 0. 0. 0. 0. 0. 0. 0. 0. 0. 0. 0. 0. 0. 0. 0. 0.
 0. 0. 0. 0. 0. 0. 0. 0. 0. 0. 0. 0.]",-0.0001365723720018077,-0.0005187221094917813,0.007140463077451081,0.09012641166675367,-0.0007520906298642495,9.788841777371374,"[3.99999998e-08 0.00000000e+00 0.00000000e+00 0.00000000e+00
 3.99999998e-08 0.00000000e+00 0.00000000e+00 0.00000000e+00
 3.99999998e-08]","[0.000289 0.       0.       0.       0.000289 0.       0.       0.
 0.000289]"
1786809865.2200484,-0.24995710494669016,-0.004630948787163537,0.0,0.0,-0.8198338385338382,-0.015189040219695416,0.12499999999999999,0.006885051747760657,0.6373542908912107,0.02266563125857607,0.064846276936837,3.771187753338622,3.8045698224189515,"[0. 0. 0. 0. 0. 0. 0. 0. 0. 0. 0. 0. 0. 0. 0. 0. 0. 0. 0. 0. 0. 0. 0. 0.
 0. 0. 0. 0. 0. 0. 0. 0. 0. 0. 0. 0.]","[0. 0. 0. 0. 0. 0. 0. 0. 0. 0. 0. 0. 0. 0. 0. 0. 0. 0. 0. 0. 0. 0. 0. 0.
 0. 0. 0. 0. 0. 0. 0. 0. 0. 0. 0. 0.]",0.00046167529820165476,-8.425565973686501e-06,0.007129345151376302,0.12561457427040856,0.017379847985480333,9.794250219250385,"[3.99999998e-08 0.00000000e+00 0.00000000e+00 0.00000000e+00
 3.99999998e-08 0.00000000e+00 0.00000000e+00 0.00000000e+00
 3.99999998e-08]","[0.000289 0.       0.       0.       0.000289 0.       0.       0.
 0.000289]"
1786809865.2652223,-0.2499577591910239,-0.004595499994789096,0.0,0.0,-0.8173391041517918,-0.015026866383451586,0.125,0.00677746329371966,0.639849025273257,0.022827805094819898,0.064983762795056,3.7714485738332693,3.804309001924304,"[0. 0. 0. 0. 0. 0. 0. 0. 0. 0. 0. 0. 0. 0. 0. 0. 0. 0. 0. 0. 0. 0. 0. 0.
 0. 0. 0. 0. 0. 0. 0. 0. 0. 0. 0. 0.]","[0. 0. 0. 0. 0. 0. 0. 0. 0. 0. 0. 0. 0. 0. 0. 0. 0. 0. 0. 0. 0. 0. 0. 0.
 0. 0. 0. 0. 0. 0. 0. 0. 0. 0. 0. 0.]",-0.00025332279891080437,4.0358510982374844e-05,0.007010019676193969,0.09911814217673973,0.006925964776984267,9.836168464680524,"[3.99999998e-08 0.00000000e+00 0.00000000e+00 0.00000000e+00
 3.99999998e-08 0.00000000e+00 0.00000000e+00 0.00000000e+00
 3.99999998e-08]","[0.000289 0.       0.       0.       0.000289 0.       0.       0.
 0.000289]"
1786809865.3177807,-0.249958414277329,-0.004559729373894398,0.0,0.0,-0.8148443919167725,-0.014864352215219732,0.12499999999999999,0.006717796501826153,0.6423437375082763,0.022990319263051753,0.06511931206093641,3.7715932206014977,3.8041643551560775,"[0. 0. 0. 0. 0. 0. 0. 0. 0. 0. 0. 0. 0. 0. 0. 0. 0. 0. 0. 0. 0. 0. 0. 0.
 0. 0. 0. 0. 0. 0. 0. 0. 0. 0. 0. 0.]","[0. 0. 0. 0. 0. 0. 0. 0. 0. 0. 0. 0. 0. 0. 0. 0. 0. 0. 0. 0. 0. 0. 0. 0.
 0. 0. 0. 0. 0. 0. 0. 0. 0. 0. 0. 0.]",6.625303475515241e-05,-0.00012466790859862664,0.006739150961551298,0.12746962756846136,-0.006268107376758362,9.789958143854058,"[3.99999998e-08 0.00000000e+00 0.00000000e+00 0.00000000e+00
 3.99999998e-08 0.00000000e+00 0.00000000e+00 0.00000000e+00
 3.99999998e-08]","[0.000289 0.       0.       0.       0.000289 0.       0.       0.
 0.000289]"
1786809865.3657944,-0.2499590701022414,-0.0045236350010558505,0.0,0.0,-0.8123497016546088,-0.014701501097755584,0.12499999999999999,0.006592984017453898,0.64483842777044,0.0231531703805159,0.06525378732465116,3.77189579632119,3.803861779436383,"[0. 0. 0. 0. 0. 0. 0. 0. 0. 0. 0. 0. 0. 0. 0. 0. 0. 0. 0. 0. 0. 0. 0. 0.
 0. 0. 0. 0. 0. 0. 0. 0. 0. 0. 0. 0.]","[0. 0. 0. 0. 0. 0. 0. 0. 0. 0. 0. 0. 0. 0. 0. 0. 0. 0. 0. 0. 0. 0. 0. 0.
 0. 0. 0. 0. 0. 0. 0. 0. 0. 0. 0. 0.]",-6.986471424227584e-05,0.00017410893479165594,0.006753717821967799,0.13818218414916056,0.02378522763671135,9.791949316399325,"[3.99999998e-08 0.00000000e+00 0.00000000e+00 0.00000000e+00
 3.99999998e-08 0.00000000e+00 0.00000000e+00 0.00000000e+00
 3.99999998e-08]","[0.000289 0.       0.       0.       0.000289 0.       0.       0.
 0.000289]"
1786809865.4152462,-0.24995972655830145,-0.004487215049356096,0.0,0.0,-0.8098550331642581,-0.014538316802662345,0.125,0.006514897375538031,0.6473330962607907,0.02331635467560914,0.06538599008196755,3.7720850972712907,3.8036724784862828,"[0. 0. 0. 0. 0. 0. 0. 0. 0. 0. 0. 0. 0. 0. 0. 0. 0. 0. 0. 0. 0. 0. 0. 0.
 0. 0. 0. 0. 0. 0. 0. 0. 0. 0. 0. 0.]","[0. 0. 0. 0. 0. 0. 0. 0. 0. 0. 0. 0. 0. 0. 0. 0. 0. 0. 0. 0. 0. 0. 0. 0.
 0. 0. 0. 0. 0. 0. 0. 0. 0. 0. 0. 0.]",-0.00046209973094950806,8.813925604533159e-05,0.006267497946748975,0.13689758665195437,-0.016749168394570912,9.798562633293901,"[3.99999998e-08 0.00000000e+00 0.00000000e+00 0.00000000e+00
 3.99999998e-08 0.00000000e+00 0.00000000e+00 0.00000000e+00
 3.99999998e-08]","[0.000289 0.       0.       0.       0.000289 0.       0.       0.
 0.000289]"
1786809865.469499,-0.24996038352020133,-0.004450468563406929,0.0,0.0,-0.8073603860540837,-0.01437480598673906,0.125,0.0061044443837686,0.6498277433709652,0.023479865491532425,0.06551505667115598,3.773080134827104,3.8026774409304704,"[0. 0. 0. 0. 0. 0. 0. 0. 0. 0. 0. 0. 0. 0. 0. 0. 0. 0. 0. 0. 0. 0. 0. 0.
 0. 0. 0. 0. 0. 0. 0. 0. 0. 0. 0. 0.]","[0. 0. 0. 0. 0. 0. 0. 0. 0. 0. 0. 0. 0. 0. 0. 0. 0. 0. 0. 0. 0. 0. 0. 0.
 0. 0. 0. 0. 0. 0. 0. 0. 0. 0. 0. 0.]",3.159173619433776e-05,3.9654871319437205e-05,0.006108167151638242,0.1175783250709057,4.71666163028594e-05,9.841937568497459,"[3.99999998e-08 0.00000000e+00 0.00000000e+00 0.00000000e+00
 3.99999998e-08 0.00000000e+00 0.00000000e+00 0.00000000e+00
 3.99999998e-08]","[0.000289 0.       0.       0.       0.000289 0.       0.       0.
 0.000289]"
1786809865.5152533,-0.2499610408169954,-0.0044133970685134765,0.0,0.0,-0.8048657594030673,-0.014210983325585708,0.125,0.00598405469409525,0.6523223700219816,0.023643688152685777,0.06563666400026119,3.7733719886202546,3.80238558713732,"[0. 0. 0. 0. 0. 0. 0. 0. 0. 0. 0. 0. 0. 0. 0. 0. 0. 0. 0. 0. 0. 0. 0. 0.
 0. 0. 0. 0. 0. 0. 0. 0. 0. 0. 0. 0.]","[0. 0. 0. 0. 0. 0. 0. 0. 0. 0. 0. 0. 0. 0. 0. 0. 0. 0. 0. 0. 0. 0. 0. 0.
 0. 0. 0. 0. 0. 0. 0. 0. 0. 0. 0. 0.]",-0.00010796128428248035,-7.875310226958444e-06,0.005862966932846273,0.14929381814313827,0.027613650966827902,9.78435506085923,"[3.99999998e-08 0.00000000e+00 0.00000000e+00 0.00000000e+00
 3.99999998e-08 0.00000000e+00 0.00000000e+00 0.00000000e+00
 3.99999998e-08]","[0.000289 0.       0.       0.       0.000289 0.       0.       0.
 0.000289]"
1786809865.565084,-0.24996169829513734,-0.0043760010752673115,0.0,0.0,-0.8023711525030982,-0.014046860179239447,0.125,0.006058446027837114,0.6548169769219506,0.023807811299032037,0.06575641948534938,3.7731916459929993,3.8025659297645746,"[0. 0. 0. 0. 0. 0. 0. 0. 0. 0. 0. 0. 0. 0. 0. 0. 0. 0. 0. 0. 0. 0. 0. 0.
 0. 0. 0. 0. 0. 0. 0. 0. 0. 0. 0. 0.]","[0. 0. 0. 0. 0. 0. 0. 0. 0. 0. 0. 0. 0. 0. 0. 0. 0. 0. 0. 0. 0. 0. 0. 0.
 0. 0. 0. 0. 0. 0. 0. 0. 0. 0. 0. 0.]",0.0002473926627428189,-0.00010466005687735077,0.0059362730002525555,0.10660169265842791,-0.031117221041027453,9.782068058048917,"[3.99999998e-08 0.00000000e+00 0.00000000e+00 0.00000000e+00
 3.99999998e-08 0.00000000e+00 0.00000000e+00 0.00000000e+00
 3.99999998e-08]","[0.000289 0.       0.       0.       0.000289 0.       0.       0.
 0.000289]"
1786809865.6152616,-0.24996235586226012,-0.004338277514041863,0.0,0.0,-0.7998765653977119,-0.013882436440093779,0.125,0.005793741301624416,0.6573115640273369,0.023972235038177706,0.0658775884058986,3.7738333544201876,3.801924221337387,"[0. 0. 0. 0. 0. 0. 0. 0. 0. 0. 0. 0. 0. 0. 0. 0. 0. 0. 0. 0. 0. 0. 0. 0.
 0. 0. 0. 0. 0. 0. 0. 0. 0. 0. 0. 0.]","[0. 0. 0. 0. 0. 0. 0. 0. 0. 0. 0. 0. 0. 0. 0. 0. 0. 0. 0. 0. 0. 0. 0. 0.
 0. 0. 0. 0. 0. 0. 0. 0. 0. 0. 0. 0.]",-1.7259535292251136e-05,-0.0002793899386266733,0.005467090494000367,0.14373996470620673,0.013104203329898912,9.787076763452987,"[3.99999998e-08 0.00000000e+00 0.00000000e+00 0.00000000e+00
 3.99999998e-08 0.00000000e+00 0.00000000e+00 0.00000000e+00
 3.99999998e-08]","[0.000289 0.       0.       0.       0.000289 0.       0.       0.
 0.000289]"
1786809865.6671073,-0.24996301339907598,-0.004300224698007389,0.0,0.0,-0.7973819978310984,-0.013717716530106606,0.125,0.005606893601815686,0.6598061315939504,0.02413695494816488,0.06599249786050157,3.7742863185409394,3.801471257216635,"[0. 0. 0. 0. 0. 0. 0. 0. 0. 0. 0. 0. 0. 0. 0. 0. 0. 0. 0. 0. 0. 0. 0. 0.
 0. 0. 0. 0. 0. 0. 0. 0. 0. 0. 0. 0.]","[0. 0. 0. 0. 0. 0. 0. 0. 0. 0. 0. 0. 0. 0. 0. 0. 0. 0. 0. 0. 0. 0. 0. 0.
 0. 0. 0. 0. 0. 0. 0. 0. 0. 0. 0. 0.]",0.00017379156744645752,-0.0005329894523229216,0.005780576250716912,0.132840335181731,-0.009359218635607307,9.797767894044055,"[3.99999998e-08 0.00000000e+00 0.00000000e+00 0.00000000e+00
 3.99999998e-08 0.00000000e+00 0.00000000e+00 0.00000000e+00
 3.99999998e-08]","[0.000289 0.       0.       0.       0.000289 0.       0.       0.
 0.000289]"
1786809865.7163715,-0.24996367072072498,-0.004261844650027967,0.0,0.0,-0.7948874487620118,-0.013552716725246425,0.12499999999999999,0.005477338441414089,0.662300680663037,0.02430195475302506,0.06610282196049119,3.774600391657067,3.801157184100507,"[0. 0. 0. 0. 0. 0. 0. 0. 0. 0. 0. 0. 0. 0. 0. 0. 0. 0. 0. 0. 0. 0. 0. 0.
 0. 0. 0. 0. 0. 0. 0. 0. 0. 0. 0. 0.]","[0. 0. 0. 0. 0. 0. 0. 0. 0. 0. 0. 0. 0. 0. 0. 0. 0. 0. 0. 0. 0. 0. 0. 0.
 0. 0. 0. 0. 0. 0. 0. 0. 0. 0. 0. 0.]",-5.673600716330925e-06,-2.9154630923432672e-05,0.005446750014199445,0.12261100987734727,0.012893058167723901,9.80340230558586,"[3.99999998e-08 0.00000000e+00 0.00000000e+00 0.00000000e+00
 3.99999998e-08 0.00000000e+00 0.00000000e+00 0.00000000e+00
 3.99999998e-08]","[0.000289 0.       0.       0.       0.000289 0.       0.       0.
 0.000289]"
1786809865.7667944,-0.24996432769474383,-0.004223136288910858,0.0,0.0,-0.7923929178004827,-0.01338744338882537,0.12499999999999999,0.005427270891155935,0.6647952116245661,0.024467228089446114,0.06621221852674206,3.7747217675364815,3.801035808221093,"[0. 0. 0. 0. 0. 0. 0. 0. 0. 0. 0. 0. 0. 0. 0. 0. 0. 0. 0. 0. 0. 0. 0. 0.
 0. 0. 0. 0. 0. 0. 0. 0. 0. 0. 0. 0.]","[0. 0. 0. 0. 0. 0. 0. 0. 0. 0. 0. 0. 0. 0. 0. 0. 0. 0. 0. 0. 0. 0. 0. 0.
 0. 0. 0. 0. 0. 0. 0. 0. 0. 0. 0. 0.]",0.00013308478865137408,7.686346836464423e-05,0.005663885077468705,0.12921564383778328,0.019405346930236864,9.747890638090002,"[3.99999998e-08 0.00000000e+00 0.00000000e+00 0.00000000e+00
 3.99999998e-08 0.00000000e+00 0.00000000e+00 0.00000000e+00
 3.99999998e-08]","[0.000289 0.       0.       0.       0.000289 0.       0.       0.
 0.000289]"
1786809865.8256936,-0.24996498421079463,-0.004184097094618058,0.0,0.0,-0.7898984048529848,-0.013221898383982082,0.125,0.005381234725048316,0.667289724572064,0.024632773094289403,0.06632071790845866,3.7748333703634103,3.8009242053941645,"[0. 0. 0. 0. 0. 0. 0. 0. 0. 0. 0. 0. 0. 0. 0. 0. 0. 0. 0. 0. 0. 0. 0. 0.
 0. 0. 0. 0. 0. 0. 0. 0. 0. 0. 0. 0.]","[0. 0. 0. 0. 0. 0. 0. 0. 0. 0. 0. 0. 0. 0. 0. 0. 0. 0. 0. 0. 0. 0. 0. 0.
 0. 0. 0. 0. 0. 0. 0. 0. 0. 0. 0. 0.]",-3.942608101666286e-05,-0.00011221623906402221,0.005460977844237422,0.14143686000068967,-0.0034321334403979217,9.818906309102296,"[3.99999998e-08 0.00000000e+00 0.00000000e+00 0.00000000e+00
 3.99999998e-08 0.00000000e+00 0.00000000e+00 0.00000000e+00
 3.99999998e-08]","[0.000289 0.       0.       0.       0.000289 0.       0.       0.
 0.000289]"
1786809865.869551,-0.24996564015459835,-0.004144724611098701,0.0,0.0,-0.7874039098053375,-0.013056083875476146,0.125,0.005333481660342455,0.6697842196197114,0.02479858760279534,0.06642829484996352,3.77494913536876,3.800808440388816,"[0. 0. 0. 0. 0. 0. 0. 0. 0. 0. 0. 0. 0. 0. 0. 0. 0. 0. 0. 0. 0. 0. 0. 0.
 0. 0. 0. 0. 0. 0. 0. 0. 0. 0. 0. 0.]","[0. 0. 0. 0. 0. 0. 0. 0. 0. 0. 0. 0. 0. 0. 0. 0. 0. 0. 0. 0. 0. 0. 0. 0.
 0. 0. 0. 0. 0. 0. 0. 0. 0. 0. 0. 0.]",-7.388073331476363e-05,0.0002075446861166755,0.005653069238560449,0.1258562693883601,0.013560773195189495,9.779552120055673,"[3.99999998e-08 0.00000000e+00 0.00000000e+00 0.00000000e+00
 3.99999998e-08 0.00000000e+00 0.00000000e+00 0.00000000e+00
 3.99999998e-08]","[0.000289 0.       0.       0.       0.000289 0.       0.       0.
 0.000289]"
1786809865.9153254,-0.24996694980764625,-0.004064972799622868,0.0,0.0,-0.7824149723229233,-0.012723664400264942,0.12499999999999999,0.005114663844303131,0.6747731571021255,0.025131007078006543,0.06663572603569645,3.775479602801586,3.800277972955988,"[0. 0. 0. 0. 0. 0. 0. 0. 0. 0. 0. 0. 0. 0. 0. 0. 0. 0. 0. 0. 0. 0. 0. 0.
 0. 0. 0. 0. 0. 0. 0. 0. 0. 0. 0. 0.]","[0. 0. 0. 0. 0. 0. 0. 0. 0. 0. 0. 0. 0. 0. 0. 0. 0. 0. 0. 0. 0. 0. 0. 0.
 0. 0. 0. 0. 0. 0. 0. 0. 0. 0. 0. 0.]",0.00039776306961331206,0.00026488438065769976,0.004932649625092648,0.12659480108762083,-0.018340607820341553,9.799693825588278,"[3.99999998e-08 0.00000000e+00 0.00000000e+00 0.00000000e+00
 3.99999998e-08 0.00000000e+00 0.00000000e+00 0.00000000e+00
 3.99999998e-08]","[0.000289 0.       0.       0.       0.000289 0.       0.       0.
 0.000289]"
1786809865.96571,-0.2499676032202095,-0.004024591947502126,0.0,0.0,-0.779920528920902,-0.012557074756689466,0.125,0.00432348508031419,0.6772676005041468,0.02529759672158202,0.0667308987049635,3.7773976119264234,3.798359963831152,"[0. 0. 0. 0. 0. 0. 0. 0. 0. 0. 0. 0. 0. 0. 0. 0. 0. 0. 0. 0. 0. 0. 0. 0.
 0. 0. 0. 0. 0. 0. 0. 0. 0. 0. 0. 0.]","[0. 0. 0. 0. 0. 0. 0. 0. 0. 0. 0. 0. 0. 0. 0. 0. 0. 0. 0. 0. 0. 0. 0. 0.
 0. 0. 0. 0. 0. 0. 0. 0. 0. 0. 0. 0.]",0.00010234001686089102,0.00017768473268143278,0.004181990654801868,0.10935262994727124,0.001432704887149121,9.78025034335663,"[3.99999998e-08 0.00000000e+00 0.00000000e+00 0.00000000e+00
 3.99999998e-08 0.00000000e+00 0.00000000e+00 0.00000000e+00
 3.99999998e-08]","[0.000289 0.       0.       0.       0.000289 0.       0.       0.
 0.000289]"
1786809866.032227,-0.24996825537984343,-0.003983880314137825,0.0,0.0,-0.7774261003326096,-0.012390263444074772,0.12499999999999999,0.004418330742358877,0.6797620290924392,0.025464408034196712,0.0668174632520814,3.7771676830487375,3.7985898927088364,"[0. 0. 0. 0. 0. 0. 0. 0. 0. 0. 0. 0. 0. 0. 0. 0. 0. 0. 0. 0. 0. 0. 0. 0.
 0. 0. 0. 0. 0. 0. 0. 0. 0. 0. 0. 0.]","[0. 0. 0. 0. 0. 0. 0. 0. 0. 0. 0. 0. 0. 0. 0. 0. 0. 0. 0. 0. 0. 0. 0. 0.
 0. 0. 0. 0. 0. 0. 0. 0. 0. 0. 0. 0.]",0.00022077605820483136,0.00019631640843156364,0.004557177099534683,0.1427268474981896,0.02122540516559004,9.781238066744676,"[3.99999998e-08 0.00000000e+00 0.00000000e+00 0.00000000e+00
 3.99999998e-08 0.00000000e+00 0.00000000e+00 0.00000000e+00
 3.99999998e-08]","[0.000289 0.       0.       0.       0.000289 0.       0.       0.
 0.000289]"
1786809866.0656369,-0.24996890615973197,-0.003942835693649302,0.0,0.0,-0.7749316863731924,-0.012223233521771015,0.125,0.0044988371100103215,0.6822564430518564,0.02563143795650047,0.06690647391775009,3.776972516096854,3.7987850596607213,"[0. 0. 0. 0. 0. 0. 0. 0. 0. 0. 0. 0. 0. 0. 0. 0. 0. 0. 0. 0. 0. 0. 0. 0.
 0. 0. 0. 0. 0. 0. 0. 0. 0. 0. 0. 0.]","[0. 0. 0. 0. 0. 0. 0. 0. 0. 0. 0. 0. 0. 0. 0. 0. 0. 0. 0. 0. 0. 0. 0. 0.
 0. 0. 0. 0. 0. 0. 0. 0. 0. 0. 0. 0.]",7.568506768893363e-05,4.586537668548586e-05,0.0043831622476072085,0.11295333976453831,0.02726011402786617,9.792518972658387,"[3.99999998e-08 0.00000000e+00 0.00000000e+00 0.00000000e+00
 3.99999998e-08 0.00000000e+00 0.00000000e+00 0.00000000e+00
 3.99999998e-08]","[0.000289 0.       0.       0.       0.000289 0.       0.       0.
 0.000289]"
1786809866.1155996,-0.2499695554669137,-0.00390145353343395,0.0,0.0,-0.7724372873366627,-0.012055980890979524,0.125,0.00424648597114162,0.6847508420883861,0.02579869058729196,0.06699443185124027,3.7775842764335112,3.7981732993240644,"[0. 0. 0. 0. 0. 0. 0. 0. 0. 0. 0. 0. 0. 0. 0. 0. 0. 0. 0. 0. 0. 0. 0. 0.
 0. 0. 0. 0. 0. 0. 0. 0. 0. 0. 0. 0.]","[0. 0. 0. 0. 0. 0. 0. 0. 0. 0. 0. 0. 0. 0. 0. 0. 0. 0. 0. 0. 0. 0. 0. 0.
 0. 0. 0. 0. 0. 0. 0. 0. 0. 0. 0. 0.]",3.7335183278552634e-05,0.00038484151156993054,0.004121015036495993,0.12379180738220602,-0.015210069547005111,9.783321161501156,"[3.99999998e-08 0.00000000e+00 0.00000000e+00 0.00000000e+00
 3.99999998e-08 0.00000000e+00 0.00000000e+00 0.00000000e+00
 3.99999998e-08]","[0.000289 0.       0.       0.       0.000289 0.       0.       0.
 0.000289]"
1786809866.1678472,-0.24997020314134769,-0.0038597333422623814,0.0,0.0,-0.7699429026667564,-0.011888514133745552,0.12499999999999999,0.00424958637222549,0.6872452267582925,0.025966157344525932,0.06707938637386182,3.77757676030967,3.7981808154479038,"[0. 0. 0. 0. 0. 0. 0. 0. 0. 0. 0. 0. 0. 0. 0. 0. 0. 0. 0. 0. 0. 0. 0. 0.
 0. 0. 0. 0. 0. 0. 0. 0. 0. 0. 0. 0.]","[0. 0. 0. 0. 0. 0. 0. 0. 0. 0. 0. 0. 0. 0. 0. 0. 0. 0. 0. 0. 0. 0. 0. 0.
 0. 0. 0. 0. 0. 0. 0. 0. 0. 0. 0. 0.]",9.318391723354792e-05,-0.00010546869192920301,0.004202855600396159,0.12041025286155486,0.01479214039028512,9.831416149798113,"[3.99999998e-08 0.00000000e+00 0.00000000e+00 0.00000000e+00
 3.99999998e-08 0.00000000e+00 0.00000000e+00 0.00000000e+00
 3.99999998e-08]","[0.000289 0.       0.       0.       0.000289 0.       0.       0.
 0.000289]"
1786809866.2155013,-0.2499708490534547,-0.00381767252327387,0.0,0.0,-0.7674485322380108,-0.01172083539199157,0.125,0.004293289144929924,0.689739597187038,0.026133836086279914,0.06716446550678115,3.7774708141940225,3.7982867615635523,"[0. 0. 0. 0. 0. 0. 0. 0. 0. 0. 0. 0. 0. 0. 0. 0. 0. 0. 0. 0. 0. 0. 0. 0.
 0. 0. 0. 0. 0. 0. 0. 0. 0. 0. 0. 0.]","[0. 0. 0. 0. 0. 0. 0. 0. 0. 0. 0. 0. 0. 0. 0. 0. 0. 0. 0. 0. 0. 0. 0. 0.
 0. 0. 0. 0. 0. 0. 0. 0. 0. 0. 0. 0.]",1.1860594490453676e-05,-9.800718652324414e-05,0.004530582087758481,0.10895938916574907,0.016557456221148324,9.818161660987316,"[3.99999998e-08 0.00000000e+00 0.00000000e+00 0.00000000e+00
 3.99999998e-08 0.00000000e+00 0.00000000e+00 0.00000000e+00
 3.99999998e-08]","[0.000289 0.       0.       0.       0.000289 0.       0.       0.
 0.000289]"
1786809866.2654316,-0.24997213507084556,-0.0037325176654587275,0.0,0.0,-0.7624598337589783,-0.011384848146780622,0.125,0.004051041007223914,0.6947282956660705,0.026469823331490863,0.06732965637324327,3.7780580824066483,3.797699493350927,"[0. 0. 0. 0. 0. 0. 0. 0. 0. 0. 0. 0. 0. 0. 0. 0. 0. 0. 0. 0. 0. 0. 0. 0.
 0. 0. 0. 0. 0. 0. 0. 0. 0. 0. 0. 0.]","[0. 0. 0. 0. 0. 0. 0. 0. 0. 0. 0. 0. 0. 0. 0. 0. 0. 0. 0. 0. 0. 0. 0. 0.
 0. 0. 0. 0. 0. 0. 0. 0. 0. 0. 0. 0.]",-5.386617877824045e-06,-0.00020481972089169182,0.004375235786064514,0.13629992711759809,0.002811914966874097,9.828944936122571,"[3.99999998e-08 0.00000000e+00 0.00000000e+00 0.00000000e+00
 3.99999998e-08 0.00000000e+00 0.00000000e+00 0.00000000e+00
 3.99999998e-08]","[0.000289 0.       0.       0.       0.000289 0.       0.       0.
 0.000289]"
1786809866.3158998,-0.24997277486151484,-0.003689421097464001,0.0,0.0,-0.7599655048730122,-0.011216552556880238,0.125,0.0032494141926759854,0.6972226245520367,0.026638118921391247,0.06740506580695457,3.7800014201389023,3.795756155618673,"[0. 0. 0. 0. 0. 0. 0. 0. 0. 0. 0. 0. 0. 0. 0. 0. 0. 0. 0. 0. 0. 0. 0. 0.
 0. 0. 0. 0. 0. 0. 0. 0. 0. 0. 0. 0.]","[0. 0. 0. 0. 0. 0. 0. 0. 0. 0. 0. 0. 0. 0. 0. 0. 0. 0. 0. 0. 0. 0. 0. 0.
 0. 0. 0. 0. 0. 0. 0. 0. 0. 0. 0. 0.]",-0.0003259025782900886,-0.0001474426266165389,0.0029779432636176826,0.09116505788120097,-0.029195521420037562,9.79484155936568,"[3.99999998e-08 0.00000000e+00 0.00000000e+00 0.00000000e+00
 3.99999998e-08 0.00000000e+00 0.00000000e+00 0.00000000e+00
 3.99999998e-08]","[0.000289 0.       0.       0.       0.000289 0.       0.       0.
 0.000289]"
1786809866.3655295,-0.24997404688197258,-0.003602205636742437,0.0,0.0,-0.7549768811376614,-0.01087945733073795,0.125,0.0033096963545219986,0.7022112482873875,0.026975214147533535,0.0675359466069933,3.7798552815647284,3.795902294192847,"[0. 0. 0. 0. 0. 0. 0. 0. 0. 0. 0. 0. 0. 0. 0. 0. 0. 0. 0. 0. 0. 0. 0. 0.
 0. 0. 0. 0. 0. 0. 0. 0. 0. 0. 0. 0.]","[0. 0. 0. 0. 0. 0. 0. 0. 0. 0. 0. 0. 0. 0. 0. 0. 0. 0. 0. 0. 0. 0. 0. 0.
 0. 0. 0. 0. 0. 0. 0. 0. 0. 0. 0. 0.]",0.00016456584982632146,-0.00016986336430819694,0.003409241527453918,0.10831186051517083,0.001086824486142817,9.790527446715478,"[3.99999998e-08 0.00000000e+00 0.00000000e+00 0.00000000e+00
 3.99999998e-08 0.00000000e+00 0.00000000e+00 0.00000000e+00
 3.99999998e-08]","[0.000289 0.       0.       0.       0.000289 0.       0.       0.
 0.000289]"
1786809866.415559,-0.24997467880339597,-0.003558083351893997,0.0,0.0,-0.7524825856226844,-0.010710667869684446,0.125,0.002565753307656896,0.7047055438023644,0.02714400360858704,0.06759470110479436,3.781658779860174,3.7940987958974004,"[0. 0. 0. 0. 0. 0. 0. 0. 0. 0. 0. 0. 0. 0. 0. 0. 0. 0. 0. 0. 0. 0. 0. 0.
 0. 0. 0. 0. 0. 0. 0. 0. 0. 0. 0. 0.]","[0. 0. 0. 0. 0. 0. 0. 0. 0. 0. 0. 0. 0. 0. 0. 0. 0. 0. 0. 0. 0. 0. 0. 0.
 0. 0. 0. 0. 0. 0. 0. 0. 0. 0. 0. 0.]",6.960686136413033e-05,0.0001858288500766483,0.002628095362223192,0.1293303404897225,-0.024645366520600395,9.786504843145124,"[3.99999998e-08 0.00000000e+00 0.00000000e+00 0.00000000e+00
 3.99999998e-08 0.00000000e+00 0.00000000e+00 0.00000000e+00
 3.99999998e-08]","[0.000289 0.       0.       0.       0.000289 0.       0.       0.
 0.000289]"
1786809866.465157,-0.24997530769268295,-0.0035136226246565852,0.0,0.0,-0.7524825856226844,-0.010710667869684446,0.125,0.002693847911116767,0.7071998302606191,0.027312926853592354,0.06764755330597864,3.7813482474881477,3.7944093282694276,"[0. 0. 0. 0. 0. 0. 0. 0. 0. 0. 0. 0. 0. 0. 0. 0. 0. 0. 0. 0. 0. 0. 0. 0.
 0. 0. 0. 0. 0. 0. 0. 0. 0. 0. 0. 0.]","[0. 0. 0. 0. 0. 0. 0. 0. 0. 0. 0. 0. 0. 0. 0. 0. 0. 0. 0. 0. 0. 0. 0. 0.
 0. 0. 0. 0. 0. 0. 0. 0. 0. 0. 0. 0.]",-0.0003046600351791672,0.00023569007646790418,0.0025921905691206203,0.09871720969731214,0.024897553839392936,9.793096623897968,"[3.99999998e-08 0.00000000e+00 0.00000000e+00 0.00000000e+00
 3.99999998e-08 0.00000000e+00 0.00000000e+00 0.00000000e+00
 3.99999998e-08]","[0.000289 0.       0.       0.       0.000289 0.       0.       0.
 0.000289]"
1786809866.5159004,-0.24997530769268295,-0.0035136226246565852,0.0,0.0,-0.7499882991644298,-0.01054174462467913,0.125,0.0027809673864302624,0.7071998302606191,0.027312926853592354,0.06764755330597864,3.7811370487601135,3.7946205269974618,"[0. 0. 0. 0. 0. 0. 0. 0. 0. 0. 0. 0. 0. 0. 0. 0. 0. 0. 0. 0. 0. 0. 0. 0.
 0. 0. 0. 0. 0. 0. 0. 0. 0. 0. 0. 0.]","[0. 0. 0. 0. 0. 0. 0. 0. 0. 0. 0. 0. 0. 0. 0. 0. 0. 0. 0. 0. 0. 0. 0. 0.
 0. 0. 0. 0. 0. 0. 0. 0. 0. 0. 0. 0.]",-0.00031323570754192417,-1.764443234102935e-05,0.002549087043632832,0.10789233228497414,0.010050087540749467,9.79265523064199,"[3.99999998e-08 0.00000000e+00 0.00000000e+00 0.00000000e+00
 3.99999998e-08 0.00000000e+00 0.00000000e+00 0.00000000e+00
 3.99999998e-08]","[0.000289 0.       0.       0.       0.000289 0.       0.       0.
 0.000289]"
1786809866.5651746,-0.24997593342487723,-0.003468819447785443,0.0,0.0,-0.7474940218959212,-0.010372685741106169,0.125,0.0036302692325414863,0.7096941075291276,0.027481985737165315,0.06770596002327392,3.779078135193766,3.796679440563809,"[0. 0. 0. 0. 0. 0. 0. 0. 0. 0. 0. 0. 0. 0. 0. 0. 0. 0. 0. 0. 0. 0. 0. 0.
 0. 0. 0. 0. 0. 0. 0. 0. 0. 0. 0. 0.]","[0. 0. 0. 0. 0. 0. 0. 0. 0. 0. 0. 0. 0. 0. 0. 0. 0. 0. 0. 0. 0. 0. 0. 0.
 0. 0. 0. 0. 0. 0. 0. 0. 0. 0. 0. 0.]",0.0003207533778709175,-0.00019556227876300919,0.0035501137134990412,0.0940162134548948,0.000899379780058078,9.780902604873427,"[3.99999998e-08 0.00000000e+00 0.00000000e+00 0.00000000e+00
 3.99999998e-08 0.00000000e+00 0.00000000e+00 0.00000000e+00
 3.99999998e-08]","[0.000289 0.       0.       0.       0.000289 0.       0.       0.
 0.000289]"
1786809866.6150103,-0.2499765560078565,-0.0034236598036304047,0.0,0.0,-0.7449997559621465,-0.010203459712125558,0.12499999999999999,0.0035017379310910176,0.7146826273995402,0.027820614531801565,0.06784808604156922,3.7793897262275866,3.796367849529987,"[0. 0. 0. 0. 0. 0. 0. 0. 0. 0. 0. 0. 0. 0. 0. 0. 0. 0. 0. 0. 0. 0. 0. 0.
 0. 0. 0. 0. 0. 0. 0. 0. 0. 0. 0. 0.]","[0. 0. 0. 0. 0. 0. 0. 0. 0. 0. 0. 0. 0. 0. 0. 0. 0. 0. 0. 0. 0. 0. 0. 0.
 0. 0. 0. 0. 0. 0. 0. 0. 0. 0. 0. 0.]",7.378144981135649e-05,-0.00020570382594457711,0.0037559151893258626,0.13956440835596787,0.002347139860245048,9.818018611029078,"[3.99999998e-08 0.00000000e+00 0.00000000e+00 0.00000000e+00
 3.99999998e-08 0.00000000e+00 0.00000000e+00 0.00000000e+00
 3.99999998e-08]","[0.000289 0.       0.       0.       0.000289 0.       0.       0.
 0.000289]"
1786809866.6704435,-0.24997779125597774,-0.0033322483074976336,0.0,0.0,-0.7400112598307733,-0.009864481383368966,0.125,0.003383552424597401,0.7171768695942755,0.027990190094902518,0.06791622983227177,3.7796762365463623,3.796081339211212,"[0. 0. 0. 0. 0. 0. 0. 0. 0. 0. 0. 0. 0. 0. 0. 0. 0. 0. 0. 0. 0. 0. 0. 0.
 0. 0. 0. 0. 0. 0. 0. 0. 0. 0. 0. 0.]","[0. 0. 0. 0. 0. 0. 0. 0. 0. 0. 0. 0. 0. 0. 0. 0. 0. 0. 0. 0. 0. 0. 0. 0.
 0. 0. 0. 0. 0. 0. 0. 0. 0. 0. 0. 0.]",0.00010618315263307335,-0.00023153382887301078,0.0033079700782133173,0.1405309315898825,-0.009636369627197586,9.818999620450054,"[3.99999998e-08 0.00000000e+00 0.00000000e+00 0.00000000e+00
 3.99999998e-08 0.00000000e+00 0.00000000e+00 0.00000000e+00
 3.99999998e-08]","[0.000289 0.       0.       0.       0.000289 0.       0.       0.
 0.000289]"
1786809866.7150984,-0.24997840353613973,-0.0032859953625774944,0.0,0.0,-0.7375170283957806,-0.009694747629589145,0.125,0.0025068479013362283,0.7196711010292682,0.02815992384868234,0.06797162701882159,3.7818015808451952,3.79395599491238,"[0. 0. 0. 0. 0. 0. 0. 0. 0. 0. 0. 0. 0. 0. 0. 0. 0. 0. 0. 0. 0. 0. 0. 0.
 0. 0. 0. 0. 0. 0. 0. 0. 0. 0. 0. 0.]","[0. 0. 0. 0. 0. 0. 0. 0. 0. 0. 0. 0. 0. 0. 0. 0. 0. 0. 0. 0. 0. 0. 0. 0.
 0. 0. 0. 0. 0. 0. 0. 0. 0. 0. 0. 0.]",0.00019921177879856343,-0.0001121933711676825,0.002390167474757617,0.11198490953825632,-0.028378686939469003,9.818444648134326,"[3.99999998e-08 0.00000000e+00 0.00000000e+00 0.00000000e+00
 3.99999998e-08 0.00000000e+00 0.00000000e+00 0.00000000e+00
 3.99999998e-08]","[0.000289 0.       0.       0.       0.000289 0.       0.       0.
 0.000289]"
1786809866.7706993,-0.2499790118889989,-0.0032393849724517503,0.0,0.0,-0.7350228056006038,-0.009524886961026924,0.125,0.0024595344564936512,0.722165323824445,0.02832978451724456,0.06802148009625168,3.7819162801054205,3.7938412956521548,"[0. 0. 0. 0. 0. 0. 0. 0. 0. 0. 0. 0. 0. 0. 0. 0. 0. 0. 0. 0. 0. 0. 0. 0.
 0. 0. 0. 0. 0. 0. 0. 0. 0. 0. 0. 0.]","[0. 0. 0. 0. 0. 0. 0. 0. 0. 0. 0. 0. 0. 0. 0. 0. 0. 0. 0. 0. 0. 0. 0. 0.
 0. 0. 0. 0. 0. 0. 0. 0. 0. 0. 0. 0.]",0.0002333948665826286,9.032713350723582e-05,0.002686483235627035,0.1550285932414571,0.010150130841710087,9.804673066465913,"[3.99999998e-08 0.00000000e+00 0.00000000e+00 0.00000000e+00
 3.99999998e-08 0.00000000e+00 0.00000000e+00 0.00000000e+00
 3.99999998e-08]","[0.000289 0.       0.       0.       0.000289 0.       0.       0.
 0.000289]"
1786809866.819123,-0.24997961614557704,-0.0031924147145938452,0.0,0.0,-0.7325285912069708,-0.009354902969640429,0.125,0.00248280518432385,0.724659538218078,0.028499768508631056,0.06807081040972052,3.781859866219771,3.793897709537804,"[0. 0. 0. 0. 0. 0. 0. 0. 0. 0. 0. 0. 0. 0. 0. 0. 0. 0. 0. 0. 0. 0. 0. 0.
 0. 0. 0. 0. 0. 0. 0. 0. 0. 0. 0. 0.]","[0. 0. 0. 0. 0. 0. 0. 0. 0. 0. 0. 0. 0. 0. 0. 0. 0. 0. 0. 0. 0. 0. 0. 0.
 0. 0. 0. 0. 0. 0. 0. 0. 0. 0. 0. 0.]",-0.00022299869806313385,0.0002811157494843101,0.0025285022950824595,0.15021123678074194,-0.0028224124557303847,9.79344002456032,"[3.99999998e-08 0.00000000e+00 0.00000000e+00 0.00000000e+00
 3.99999998e-08 0.00000000e+00 0.00000000e+00 0.00000000e+00
 3.99999998e-08]","[0.000289 0.       0.       0.       0.000289 0.       0.       0.
 0.000289]"
1786809866.8650672,-0.24998021614719207,-0.0031450810805360753,0.0,0.0,-0.7300343851855984,-0.009184796174574399,0.12499999999999999,0.002381457042143831,0.7271537442394505,0.028669875303697086,0.0681193516840109,3.782105558685664,3.793652017071911,"[0. 0. 0. 0. 0. 0. 0. 0. 0. 0. 0. 0. 0. 0. 0. 0. 0. 0. 0. 0. 0. 0. 0. 0.
 0. 0. 0. 0. 0. 0. 0. 0. 0. 0. 0. 0.]","[0. 0. 0. 0. 0. 0. 0. 0. 0. 0. 0. 0. 0. 0. 0. 0. 0. 0. 0. 0. 0. 0. 0. 0.
 0. 0. 0. 0. 0. 0. 0. 0. 0. 0. 0. 0.]",5.052025862436987e-07,8.10692399987256e-05,0.0021386607687650197,0.1262339739408027,-0.026056949151359896,9.79395468543742,"[3.99999998e-08 0.00000000e+00 0.00000000e+00 0.00000000e+00
 3.99999998e-08 0.00000000e+00 0.00000000e+00 0.00000000e+00
 3.99999998e-08]","[0.000289 0.       0.       0.       0.000289 0.       0.       0.
 0.000289]"
1786809866.9151468,-0.24998081171884745,-0.0030973815370626957,0.0,0.0,-0.7275401873040228,-0.009014570070926424,0.125,0.0023401463814226196,0.729647942121026,0.02884010140734506,0.06816698082486305,3.782205705741959,3.7935518700156163,"[0. 0. 0. 0. 0. 0. 0. 0. 0. 0. 0. 0. 0. 0. 0. 0. 0. 0. 0. 0. 0. 0. 0. 0.
 0. 0. 0. 0. 0. 0. 0. 0. 0. 0. 0. 0.]","[0. 0. 0. 0. 0. 0. 0. 0. 0. 0. 0. 0. 0. 0. 0. 0. 0. 0. 0. 0. 0. 0. 0. 0.
 0. 0. 0. 0. 0. 0. 0. 0. 0. 0. 0. 0.]",0.00031902924933289767,-0.0001564476886854232,0.0019241588643589646,0.12467313421493047,0.0035806860215197413,9.767726087881343,"[3.99999998e-08 0.00000000e+00 0.00000000e+00 0.00000000e+00
 3.99999998e-08 0.00000000e+00 0.00000000e+00 0.00000000e+00
 3.99999998e-08]","[0.000289 0.       0.       0.       0.000289 0.       0.       0.
 0.000289]"
1786809866.966642,-0.24998140269065633,-0.0030493128425786477,0.0,0.0,-0.725045997462621,-0.008844226201334349,0.12499999999999999,0.0022714290860870786,0.7321421319624278,0.029010445276937136,0.06821378375254789,3.7823722931245918,3.7933852826329835,"[0. 0. 0. 0. 0. 0. 0. 0. 0. 0. 0. 0. 0. 0. 0. 0. 0. 0. 0. 0. 0. 0. 0. 0.
 0. 0. 0. 0. 0. 0. 0. 0. 0. 0. 0. 0.]","[0. 0. 0. 0. 0. 0. 0. 0. 0. 0. 0. 0. 0. 0. 0. 0. 0. 0. 0. 0. 0. 0. 0. 0.
 0. 0. 0. 0. 0. 0. 0. 0. 0. 0. 0. 0.]",-9.593628237156839e-05,0.00011570354807329683,0.0022993863632450747,0.12402487700326077,0.01989960558868453,9.803023834680692,"[3.99999998e-08 0.00000000e+00 0.00000000e+00 0.00000000e+00
 3.99999998e-08 0.00000000e+00 0.00000000e+00 0.00000000e+00
 3.99999998e-08]","[0.000289 0.       0.       0.       0.000289 0.       0.       0.
 0.000289]"
1786809867.016154,-0.24998198888604178,-0.003000871969757347,0.0,0.0,-0.722551815510437,-0.00867376685626339,0.125,0.002185610199310656,0.7346363139146118,0.029180904622008095,0.06825924684863219,3.782580338910717,3.7931772368468573,"[0. 0. 0. 0. 0. 0. 0. 0. 0. 0. 0. 0. 0. 0. 0. 0. 0. 0. 0. 0. 0. 0. 0. 0.
 0. 0. 0. 0. 0. 0. 0. 0. 0. 0. 0. 0.]","[0. 0. 0. 0. 0. 0. 0. 0. 0. 0. 0. 0. 0. 0. 0. 0. 0. 0. 0. 0. 0. 0. 0. 0.
 0. 0. 0. 0. 0. 0. 0. 0. 0. 0. 0. 0.]",-0.00018081008651206685,0.00011066436980055296,0.0022297149076195163,0.13162061446919465,0.008153572325608122,9.809644562695965,"[3.99999998e-08 0.00000000e+00 0.00000000e+00 0.00000000e+00
 3.99999998e-08 0.00000000e+00 0.00000000e+00 0.00000000e+00
 3.99999998e-08]","[0.000289 0.       0.       0.       0.000289 0.       0.       0.
 0.000289]"
1786809867.0763896,-0.24998257011504602,-0.002952056685786137,0.0,0.0,-0.7200576411315579,-0.00850319673357847,0.12499999999999999,0.0021023584474814633,0.7371304882934909,0.029351474744693015,0.06830279254925048,3.7827821613394708,3.792975414418106,"[0. 0. 0. 0. 0. 0. 0. 0. 0. 0. 0. 0. 0. 0. 0. 0. 0. 0. 0. 0. 0. 0. 0. 0.
 0. 0. 0. 0. 0. 0. 0. 0. 0. 0. 0. 0.]","[0. 0. 0. 0. 0. 0. 0. 0. 0. 0. 0. 0. 0. 0. 0. 0. 0. 0. 0. 0. 0. 0. 0. 0.
 0. 0. 0. 0. 0. 0. 0. 0. 0. 0. 0. 0.]",-1.3950180349077452e-05,2.9120533633806593e-05,0.0019541627647057455,0.10935368036917324,0.0294079315993074,9.758770548807952,"[3.99999998e-08 0.00000000e+00 0.00000000e+00 0.00000000e+00
 3.99999998e-08 0.00000000e+00 0.00000000e+00 0.00000000e+00
 3.99999998e-08]","[0.000289 0.       0.       0.       0.000289 0.       0.       0.
 0.000289]"
1786809867.1162667,-0.24998257011504602,-0.002952056685786137,0.0,0.0,-0.7200576411315579,-0.00850319673357847,0.12499999999999999,0.002150797706723012,0.7371304882934909,0.029351474744693015,0.06830279254925048,3.782782161339397,3.7929754144181778,"[0. 0. 0. 0. 0. 0. 0. 0. 0. 0. 0. 0. 0. 0. 0. 0. 0. 0. 0. 0. 0. 0. 0. 0.
 0. 0. 0. 0. 0. 0. 0. 0. 0. 0. 0. 0.]","[0. 0. 0. 0. 0. 0. 0. 0. 0. 0. 0. 0. 0. 0. 0. 0. 0. 0. 0. 0. 0. 0. 0. 0.
 0. 0. 0. 0. 0. 0. 0. 0. 0. 0. 0. 0.]",-1.3950180349077452e-05,2.9120533633806593e-05,0.0019541627647057455,0.10935368036917324,0.0294079315993074,9.758770548807952,"[3.99999998e-08 0.00000000e+00 0.00000000e+00 0.00000000e+00
 3.99999998e-08 0.00000000e+00 0.00000000e+00 0.00000000e+00
 3.99999998e-08]","[0.000289 0.       0.       0.       0.000289 0.       0.       0.
 0.000289]"
1786809867.16728,-0.2499831462004629,-0.0029028633653660815,0.0,0.0,-0.7175634742767771,-0.008332516625470833,0.12499999999999999,0.002901488282596007,0.7396246551482717,0.02952215485280065,0.0683514265126528,3.780844876890617,3.7949126988669573,"[0. 0. 0. 0. 0. 0. 0. 0. 0. 0. 0. 0. 0. 0. 0. 0. 0. 0. 0. 0. 0. 0. 0. 0.
 0. 0. 0. 0. 0. 0. 0. 0. 0. 0. 0. 0.]","[0. 0. 0. 0. 0. 0. 0. 0. 0. 0. 0. 0. 0. 0. 0. 0. 0. 0. 0. 0. 0. 0. 0. 0.
 0. 0. 0. 0. 0. 0. 0. 0. 0. 0. 0. 0.]",0.00010361577407053334,0.0002829511449505059,0.0030993568226137524,0.08785492419151367,-0.02829995664289012,9.776207682695858,"[3.99999998e-08 0.00000000e+00 0.00000000e+00 0.00000000e+00
 3.99999998e-08 0.00000000e+00 0.00000000e+00 0.00000000e+00
 3.99999998e-08]","[0.000289 0.       0.       0.       0.000289 0.       0.       0.
 0.000289]"
1786809867.223532,-0.24998371707244507,-0.002853278578009716,0.0,0.0,-0.7150693168063683,-0.008161699439185387,0.125,0.0026646201533730906,0.7421188126186805,0.029692972039086097,0.06840779820178403,3.781419102658435,3.7943384730991405,"[0. 0. 0. 0. 0. 0. 0. 0. 0. 0. 0. 0. 0. 0. 0. 0. 0. 0. 0. 0. 0. 0. 0. 0.
 0. 0. 0. 0. 0. 0. 0. 0. 0. 0. 0. 0.]","[0. 0. 0. 0. 0. 0. 0. 0. 0. 0. 0. 0. 0. 0. 0. 0. 0. 0. 0. 0. 0. 0. 0. 0.
 0. 0. 0. 0. 0. 0. 0. 0. 0. 0. 0. 0.]",0.0002114023076980745,-0.00012017521301461171,0.0024131884164746258,0.1266146457132099,-0.006129609556159403,9.81809706449662,"[3.99999998e-08 0.00000000e+00 0.00000000e+00 0.00000000e+00
 3.99999998e-08 0.00000000e+00 0.00000000e+00 0.00000000e+00
 3.99999998e-08]","[0.000289 0.       0.       0.       0.000289 0.       0.       0.
 0.000289]"
1786809867.269852,-0.24998428253756882,-0.0028032988026513656,0.0,0.0,-0.7125751686132885,-0.007990746844944236,0.12499999999999999,0.00254409900895024,0.7446129608117603,0.02986392463332725,0.06846097008389801,3.7817112751296733,3.7940463006279015,"[0. 0. 0. 0. 0. 0. 0. 0. 0. 0. 0. 0. 0. 0. 0. 0. 0. 0. 0. 0. 0. 0. 0. 0.
 0. 0. 0. 0. 0. 0. 0. 0. 0. 0. 0. 0.]","[0. 0. 0. 0. 0. 0. 0. 0. 0. 0. 0. 0. 0. 0. 0. 0. 0. 0. 0. 0. 0. 0. 0. 0.
 0. 0. 0. 0. 0. 0. 0. 0. 0. 0. 0. 0.]",4.037314830318159e-05,0.00016733683278358588,0.0024986880551603665,0.12664700597124132,-0.006231868876867808,9.801525843685342,"[3.99999998e-08 0.00000000e+00 0.00000000e+00 0.00000000e+00
 3.99999998e-08 0.00000000e+00 0.00000000e+00 0.00000000e+00
 3.99999998e-08]","[0.000289 0.       0.       0.       0.000289 0.       0.       0.
 0.000289]"
1786809867.3153553,-0.2499848423555805,-0.0027529243461399885,0.0,0.0,-0.7100810288353209,-0.007819671519253009,0.12499999999999999,0.0018904086607642763,0.747107100589728,0.030034999959018475,0.06850335409058009,3.78329597900417,3.792461596753405,"[0. 0. 0. 0. 0. 0. 0. 0. 0. 0. 0. 0. 0. 0. 0. 0. 0. 0. 0. 0. 0. 0. 0. 0.
 0. 0. 0. 0. 0. 0. 0. 0. 0. 0. 0. 0.]","[0. 0. 0. 0. 0. 0. 0. 0. 0. 0. 0. 0. 0. 0. 0. 0. 0. 0. 0. 0. 0. 0. 0. 0.
 0. 0. 0. 0. 0. 0. 0. 0. 0. 0. 0. 0.]",-3.174717246663798e-05,-0.0001559876295695556,0.0018578758976571946,0.12079661685910187,-0.007809971226959036,9.79073907684308,"[3.99999998e-08 0.00000000e+00 0.00000000e+00 0.00000000e+00
 3.99999998e-08 0.00000000e+00 0.00000000e+00 0.00000000e+00
 3.99999998e-08]","[0.000289 0.       0.       0.       0.000289 0.       0.       0.
 0.000289]"
1786809867.3649995,-0.24998539627182773,-0.002702156697392759,0.0,0.0,-0.7075868963799987,-0.007648489470006872,0.12499999999999999,0.002633669949326197,0.7496012330450501,0.030206182008264613,0.06855231118194638,3.781494133456125,3.7942634423014487,"[0. 0. 0. 0. 0. 0. 0. 0. 0. 0. 0. 0. 0. 0. 0. 0. 0. 0. 0. 0. 0. 0. 0. 0.
 0. 0. 0. 0. 0. 0. 0. 0. 0. 0. 0. 0.]","[0. 0. 0. 0. 0. 0. 0. 0. 0. 0. 0. 0. 0. 0. 0. 0. 0. 0. 0. 0. 0. 0. 0. 0.
 0. 0. 0. 0. 0. 0. 0. 0. 0. 0. 0. 0.]",0.0001969103923289891,0.00011611993323613822,0.003128735938379129,0.11210748266496605,-0.01853556069818147,9.789411667908936,"[3.99999998e-08 0.00000000e+00 0.00000000e+00 0.00000000e+00
 3.99999998e-08 0.00000000e+00 0.00000000e+00 0.00000000e+00
 3.99999998e-08]","[0.000289 0.       0.       0.       0.000289 0.       0.       0.
 0.000289]"
1786809867.4192724,-0.2499859441782617,-0.0026509834595910588,0.0,0.0,-0.705092772844744,-0.007477177504650892,0.125,0.001432994424143079,0.7520953565803048,0.030377493973620592,0.0686025832317881,3.7844048620020487,3.7913527137555274,"[0. 0. 0. 0. 0. 0. 0. 0. 0. 0. 0. 0. 0. 0. 0. 0. 0. 0. 0. 0. 0. 0. 0. 0.
 0. 0. 0. 0. 0. 0. 0. 0. 0. 0. 0. 0.]","[0. 0. 0. 0. 0. 0. 0. 0. 0. 0. 0. 0. 0. 0. 0. 0. 0. 0. 0. 0. 0. 0. 0. 0.
 0. 0. 0. 0. 0. 0. 0. 0. 0. 0. 0. 0.]",-0.00011992275591886123,0.00022827395355396344,0.0016806921915651608,0.09506490528723639,-0.0023048269160192486,9.822355036286332,"[3.99999998e-08 0.00000000e+00 0.00000000e+00 0.00000000e+00
 3.99999998e-08 0.00000000e+00 0.00000000e+00 0.00000000e+00
 3.99999998e-08]","[0.000289 0.       0.       0.       0.000289 0.       0.       0.
 0.000289]"
1786809867.4731765,-0.2499859441782617,-0.0026509834595910588,0.0,0.0,-0.705092772844744,-0.007477177504650892,0.125,0.0012904906269724532,0.7520953565803048,0.030377493973620592,0.0686025832317881,3.7847503257527686,3.7910072500048067,"[0. 0. 0. 0. 0. 0. 0. 0. 0. 0. 0. 0. 0. 0. 0. 0. 0. 0. 0. 0. 0. 0. 0. 0.
 0. 0. 0. 0. 0. 0. 0. 0. 0. 0. 0. 0.]","[0. 0. 0. 0. 0. 0. 0. 0. 0. 0. 0. 0. 0. 0. 0. 0. 0. 0. 0. 0. 0. 0. 0. 0.
 0. 0. 0. 0. 0. 0. 0. 0. 0. 0. 0. 0.]",-0.00015142056880255384,0.00041466008689508213,0.0013319843431506256,0.11190174374995955,0.0023730272978634425,9.806551062275197,"[3.99999998e-08 0.00000000e+00 0.00000000e+00 0.00000000e+00
 3.99999998e-08 0.00000000e+00 0.00000000e+00 0.00000000e+00
 3.99999998e-08]","[0.000289 0.       0.       0.       0.000289 0.       0.       0.
 0.000289]"
1786809867.5152357,-0.2499870206959799,-0.0025474464759288485,0.0,0.0,-0.7001045441736106,-0.007134285807605202,0.125,0.0020928057587951596,0.7570835852514383,0.030720385670666282,0.06866846493590525,3.782805319372576,3.7929522563849996,"[0. 0. 0. 0. 0. 0. 0. 0. 0. 0. 0. 0. 0. 0. 0. 0. 0. 0. 0. 0. 0. 0. 0. 0.
 0. 0. 0. 0. 0. 0. 0. 0. 0. 0. 0. 0.]","[0. 0. 0. 0. 0. 0. 0. 0. 0. 0. 0. 0. 0. 0. 0. 0. 0. 0. 0. 0. 0. 0. 0. 0.
 0. 0. 0. 0. 0. 0. 0. 0. 0. 0. 0. 0.]",0.0001121610500041183,-5.03259159011786e-05,0.0019964117387847374,0.12016153835828078,0.027013401878604442,9.787023525906823,"[3.99999998e-08 0.00000000e+00 0.00000000e+00 0.00000000e+00
 3.99999998e-08 0.00000000e+00 0.00000000e+00 0.00000000e+00
 3.99999998e-08]","[0.000289 0.       0.       0.       0.000289 0.       0.       0.
 0.000289]"
1786809867.5682518,-0.2499870206959799,-0.0025474464759288485,0.0,0.0,-0.7001045441736106,-0.007134285807605202,0.125,0.00048606711796059677,0.7570835852514383,0.030720385670666282,0.06866846493590525,3.7867004433503886,3.789057132407187,"[0. 0. 0. 0. 0. 0. 0. 0. 0. 0. 0. 0. 0. 0. 0. 0. 0. 0. 0. 0. 0. 0. 0. 0.
 0. 0. 0. 0. 0. 0. 0. 0. 0. 0. 0. 0.]","[0. 0. 0. 0. 0. 0. 0. 0. 0. 0. 0. 0. 0. 0. 0. 0. 0. 0. 0. 0. 0. 0. 0. 0.
 0. 0. 0. 0. 0. 0. 0. 0. 0. 0. 0. 0.]",0.00026790568146195504,1.2129816821139922e-05,0.0004591736916299161,0.14121656406394897,-0.0005653168548867902,9.806512836151713,"[3.99999998e-08 0.00000000e+00 0.00000000e+00 0.00000000e+00
 3.99999998e-08 0.00000000e+00 0.00000000e+00 0.00000000e+00
 3.99999998e-08]","[0.000289 0.       0.       0.       0.000289 0.       0.       0.
 0.000289]"
1786809867.6277444,-0.24998806994674969,-0.0024423112616899943,0.0,0.0,-0.6951163366978128,-0.006791085901272767,0.125,0.001407849919283451,0.762071792727236,0.031063585576998717,0.06871203422638347,3.7844658183774675,3.7912917573801086,"[0. 0. 0. 0. 0. 0. 0. 0. 0. 0. 0. 0. 0. 0. 0. 0. 0. 0. 0. 0. 0. 0. 0. 0.
 0. 0. 0. 0. 0. 0. 0. 0. 0. 0. 0. 0.]","[0. 0. 0. 0. 0. 0. 0. 0. 0. 0. 0. 0. 0. 0. 0. 0. 0. 0. 0. 0. 0. 0. 0. 0.
 0. 0. 0. 0. 0. 0. 0. 0. 0. 0. 0. 0.]",-0.00014414345259143016,-6.453364956412821e-05,0.0013724908359457617,0.11503431818063692,-0.018057651588441352,9.82932590293243,"[3.99999998e-08 0.00000000e+00 0.00000000e+00 0.00000000e+00
 3.99999998e-08 0.00000000e+00 0.00000000e+00 0.00000000e+00
 3.99999998e-08]","[0.000289 0.       0.       0.       0.000289 0.       0.       0.
 0.000289]"
1786809867.6663556,-0.24998858369879223,-0.002389146347956641,0.0,0.0,-0.6926222384725822,-0.006619405842764964,0.12499999999999999,0.00018342849788581007,0.7645658909524666,0.03123526563550652,0.0687401912247726,3.787434112732389,3.7883234630251863,"[0. 0. 0. 0. 0. 0. 0. 0. 0. 0. 0. 0. 0. 0. 0. 0. 0. 0. 0. 0. 0. 0. 0. 0.
 0. 0. 0. 0. 0. 0. 0. 0. 0. 0. 0. 0.]","[0. 0. 0. 0. 0. 0. 0. 0. 0. 0. 0. 0. 0. 0. 0. 0. 0. 0. 0. 0. 0. 0. 0. 0.
 0. 0. 0. 0. 0. 0. 0. 0. 0. 0. 0. 0.]",4.429079959089655e-05,6.222907046712862e-05,0.00021892070159847273,0.15961237166920864,0.027254006602942044,9.791117392507253,"[3.99999998e-08 0.00000000e+00 0.00000000e+00 0.00000000e+00
 3.99999998e-08 0.00000000e+00 0.00000000e+00 0.00000000e+00
 3.99999998e-08]","[0.000289 0.       0.       0.       0.000289 0.       0.       0.
 0.000289]"
1786809867.721403,-0.24998908990767235,-0.0023355785436816687,0.0,0.0,-0.6901281437215807,-0.0064476753184000216,0.125,4.49030929970725e-05,0.7670599857034681,0.03140699615987146,0.06874806485555121,3.787769931895766,3.78798764386181,"[0. 0. 0. 0. 0. 0. 0. 0. 0. 0. 0. 0. 0. 0. 0. 0. 0. 0. 0. 0. 0. 0. 0. 0.
 0. 0. 0. 0. 0. 0. 0. 0. 0. 0. 0. 0.]","[0. 0. 0. 0. 0. 0. 0. 0. 0. 0. 0. 0. 0. 0. 0. 0. 0. 0. 0. 0. 0. 0. 0. 0.
 0. 0. 0. 0. 0. 0. 0. 0. 0. 0. 0. 0.]",-0.0003063304792815994,-0.0001430236811527648,0.00021997844680097045,0.1507248933777153,-0.02251230343827664,9.805292603045555,"[3.99999998e-08 0.00000000e+00 0.00000000e+00 0.00000000e+00
 3.99999998e-08 0.00000000e+00 0.00000000e+00 0.00000000e+00
 3.99999998e-08]","[0.000289 0.       0.       0.       0.000289 0.       0.       0.
 0.000289]"
1786809867.771734,-0.24998908990767235,-0.0023355785436816687,0.0,0.0,-0.6901281437215807,-0.0064476753184000216,0.12499999999999999,5.776845272980474e-05,0.7695540800768396,0.0315787321692574,0.06874909157047401,3.787738743144896,3.7880188326126794,"[0. 0. 0. 0. 0. 0. 0. 0. 0. 0. 0. 0. 0. 0. 0. 0. 0. 0. 0. 0. 0. 0. 0. 0.
 0. 0. 0. 0. 0. 0. 0. 0. 0. 0. 0. 0.]","[0. 0. 0. 0. 0. 0. 0. 0. 0. 0. 0. 0. 0. 0. 0. 0. 0. 0. 0. 0. 0. 0. 0. 0.
 0. 0. 0. 0. 0. 0. 0. 0. 0. 0. 0. 0.]",-0.000253555288906084,-7.834032829814568e-05,-0.00023870949282911688,0.10479088910132776,0.007746566851380389,9.817141516794077,"[3.99999998e-08 0.00000000e+00 0.00000000e+00 0.00000000e+00
 3.99999998e-08 0.00000000e+00 0.00000000e+00 0.00000000e+00
 3.99999998e-08]","[0.000289 0.       0.       0.       0.000289 0.       0.       0.
 0.000289]"
1786809867.8153927,-0.24999007839883905,-0.0022272633751548167,0.0,0.0,-0.6851399558373181,-0.006104190775351723,0.12499999999999999,0.0009804597699617727,0.7720481735877307,0.03175048070291976,0.06876224192519444,3.7855019157091645,3.7902556600484116,"[0. 0. 0. 0. 0. 0. 0. 0. 0. 0. 0. 0. 0. 0. 0. 0. 0. 0. 0. 0. 0. 0. 0. 0.
 0. 0. 0. 0. 0. 0. 0. 0. 0. 0. 0. 0.]","[0. 0. 0. 0. 0. 0. 0. 0. 0. 0. 0. 0. 0. 0. 0. 0. 0. 0. 0. 0. 0. 0. 0. 0.
 0. 0. 0. 0. 0. 0. 0. 0. 0. 0. 0. 0.]",0.00011658261393948789,-0.00015713173153138337,0.0011603600610035577,0.12609209998144302,0.006628617064637646,9.808954653711252,"[3.99999998e-08 0.00000000e+00 0.00000000e+00 0.00000000e+00
 3.99999998e-08 0.00000000e+00 0.00000000e+00 0.00000000e+00
 3.99999998e-08]","[0.000289 0.       0.       0.       0.000289 0.       0.       0.
 0.000289]"
1786809867.8653955,-0.2499905603509151,-0.002172495209540602,0.0,0.0,-0.6826458649955646,-0.0059324034852907825,0.125,-0.0004712037122397688,0.7745422644294843,0.0319222679929807,0.06876878615156082,3.789021099908469,3.786736475849106,"[0. 0. 0. 0. 0. 0. 0. 0. 0. 0. 0. 0. 0. 0. 0. 0. 0. 0. 0. 0. 0. 0. 0. 0.
 0. 0. 0. 0. 0. 0. 0. 0. 0. 0. 0. 0.]","[0. 0. 0. 0. 0. 0. 0. 0. 0. 0. 0. 0. 0. 0. 0. 0. 0. 0. 0. 0. 0. 0. 0. 0.
 0. 0. 0. 0. 0. 0. 0. 0. 0. 0. 0. 0.]",-7.215239660186665e-05,-0.0002915915908894021,-0.0005977391376990183,0.14632214301805244,-0.004034929275048735,9.786956182375258,"[3.99999998e-08 0.00000000e+00 0.00000000e+00 0.00000000e+00
 3.99999998e-08 0.00000000e+00 0.00000000e+00 0.00000000e+00
 3.99999998e-08]","[0.000289 0.       0.       0.       0.000289 0.       0.       0.
 0.000289]"
1786809867.9155226,-0.24999149809392884,-0.002061766415764901,0.0,0.0,-0.6776576799688118,-0.005588877448223853,0.125,-0.0004624640484053215,0.7795304494562371,0.03226579403004763,0.06875003413935252,3.788999912844614,3.7867576629129616,"[0. 0. 0. 0. 0. 0. 0. 0. 0. 0. 0. 0. 0. 0. 0. 0. 0. 0. 0. 0. 0. 0. 0. 0.
 0. 0. 0. 0. 0. 0. 0. 0. 0. 0. 0. 0.]","[0. 0. 0. 0. 0. 0. 0. 0. 0. 0. 0. 0. 0. 0. 0. 0. 0. 0. 0. 0. 0. 0. 0. 0.
 0. 0. 0. 0. 0. 0. 0. 0. 0. 0. 0. 0.]",0.00033186455918228687,0.00017597155736257731,-0.0003250907054231785,0.10239056950034543,0.028066422202232308,9.799180386351683,"[3.99999998e-08 0.00000000e+00 0.00000000e+00 0.00000000e+00
 3.99999998e-08 0.00000000e+00 0.00000000e+00 0.00000000e+00
 3.99999998e-08]","[0.000289 0.       0.       0.       0.000289 0.       0.       0.
 0.000289]"
1786809867.9661822,-0.24999195337708927,-0.002005803257356969,0.0,0.0,-0.6751635846185173,-0.005417155628340879,0.125,-0.0014835382395431635,0.7820245448065315,0.032437515849930605,0.06873057411808589,3.791475244217104,3.784282331540472,"[0. 0. 0. 0. 0. 0. 0. 0. 0. 0. 0. 0. 0. 0. 0. 0. 0. 0. 0. 0. 0. 0. 0. 0.
 0. 0. 0. 0. 0. 0. 0. 0. 0. 0. 0. 0.]","[0. 0. 0. 0. 0. 0. 0. 0. 0. 0. 0. 0. 0. 0. 0. 0. 0. 0. 0. 0. 0. 0. 0. 0.
 0. 0. 0. 0. 0. 0. 0. 0. 0. 0. 0. 0.]",0.0001263530593069532,-0.00018807175615008923,-0.001619904245860699,0.1259132700178506,-0.013260777611708395,9.804384911333848,"[3.99999998e-08 0.00000000e+00 0.00000000e+00 0.00000000e+00
 3.99999998e-08 0.00000000e+00 0.00000000e+00 0.00000000e+00
 3.99999998e-08]","[0.000289 0.       0.       0.       0.000289 0.       0.       0.
 0.000289]"
1786809868.022344,-0.2499923991762093,-0.0019494496974337666,0.0,0.0,-0.6726694846585096,-0.005245500773870142,0.12499999999999999,-0.0013761295312346034,0.7845186447665392,0.03260917070440134,0.06870197744021297,3.7912148594696866,3.7845427162878873,"[0. 0. 0. 0. 0. 0. 0. 0. 0. 0. 0. 0. 0. 0. 0. 0. 0. 0. 0. 0. 0. 0. 0. 0.
 0. 0. 0. 0. 0. 0. 0. 0. 0. 0. 0. 0.]","[0. 0. 0. 0. 0. 0. 0. 0. 0. 0. 0. 0. 0. 0. 0. 0. 0. 0. 0. 0. 0. 0. 0. 0.
 0. 0. 0. 0. 0. 0. 0. 0. 0. 0. 0. 0.]",-0.00044830896765259094,-8.295572537453794e-05,-0.0009738067302928772,0.1209788625266638,0.0016144188194031303,9.81363667257471,"[3.99999998e-08 0.00000000e+00 0.00000000e+00 0.00000000e+00
 3.99999998e-08 0.00000000e+00 0.00000000e+00 0.00000000e+00
 3.99999998e-08]","[0.000289 0.       0.       0.       0.000289 0.       0.       0.
 0.000289]"
1786809868.068205,-0.2499928352541854,-0.0018927021883303773,0.0,0.0,-0.6701753799418629,-0.005073915045970781,0.125,-0.0012559713877121478,0.7870127494831859,0.0327807564323007,0.06867505564012444,3.7909235670005392,3.7848340087570365,"[0. 0. 0. 0. 0. 0. 0. 0. 0. 0. 0. 0. 0. 0. 0. 0. 0. 0. 0. 0. 0. 0. 0. 0.
 0. 0. 0. 0. 0. 0. 0. 0. 0. 0. 0. 0.]","[0. 0. 0. 0. 0. 0. 0. 0. 0. 0. 0. 0. 0. 0. 0. 0. 0. 0. 0. 0. 0. 0. 0. 0.
 0. 0. 0. 0. 0. 0. 0. 0. 0. 0. 0. 0.]",-4.90050408566149e-06,5.547479517349818e-05,-0.0013258464940255307,0.11892231215206485,-0.019214980279486517,9.828949277896127,"[3.99999998e-08 0.00000000e+00 0.00000000e+00 0.00000000e+00
 3.99999998e-08 0.00000000e+00 0.00000000e+00 0.00000000e+00
 3.99999998e-08]","[0.000289 0.       0.       0.       0.000289 0.       0.       0.
 0.000289]"
1786809868.1175818,-0.24999326138721312,-0.0018355546803459088,0.0,0.0,-0.6676812707715168,-0.004902394067517246,0.12499999999999999,-0.001310732385585202,0.789506858653532,0.03295227741075424,0.06864933384148482,3.791056320934806,3.7847012548227683,"[0. 0. 0. 0. 0. 0. 0. 0. 0. 0. 0. 0. 0. 0. 0. 0. 0. 0. 0. 0. 0. 0. 0. 0.
 0. 0. 0. 0. 0. 0. 0. 0. 0. 0. 0. 0.]","[0. 0. 0. 0. 0. 0. 0. 0. 0. 0. 0. 0. 0. 0. 0. 0. 0. 0. 0. 0. 0. 0. 0. 0.
 0. 0. 0. 0. 0. 0. 0. 0. 0. 0. 0. 0.]",-2.123071266098696e-06,-0.00013589558134130582,-0.0014932075234852895,0.11904636129629022,0.00870604795299616,9.811866417728119,"[3.99999998e-08 0.00000000e+00 0.00000000e+00 0.00000000e+00
 3.99999998e-08 0.00000000e+00 0.00000000e+00 0.00000000e+00
 3.99999998e-08]","[0.000289 0.       0.       0.       0.000289 0.       0.       0.
 0.000289]"
1786809868.177705,-0.24999367733210837,-0.0017780028036218894,0.0,0.0,-0.6651871571263943,-0.004730938169819468,0.125,-0.0013044885743907025,0.7920009722986545,0.033123733308452016,0.06862316914424751,3.7910411844227903,3.7847163913347845,"[0. 0. 0. 0. 0. 0. 0. 0. 0. 0. 0. 0. 0. 0. 0. 0. 0. 0. 0. 0. 0. 0. 0. 0.
 0. 0. 0. 0. 0. 0. 0. 0. 0. 0. 0. 0.]","[0. 0. 0. 0. 0. 0. 0. 0. 0. 0. 0. 0. 0. 0. 0. 0. 0. 0. 0. 0. 0. 0. 0. 0.
 0. 0. 0. 0. 0. 0. 0. 0. 0. 0. 0. 0.]",-0.0001967057741291006,-2.114953959229798e-05,-0.0009479132682273296,0.15550871186679535,0.01585548046900975,9.796638514478776,"[3.99999998e-08 0.00000000e+00 0.00000000e+00 0.00000000e+00
 3.99999998e-08 0.00000000e+00 0.00000000e+00 0.00000000e+00
 3.99999998e-08]","[0.000289 0.       0.       0.       0.000289 0.       0.       0.
 0.000289]"
1786809868.222122,-0.24999367733210837,-0.0017780028036218894,0.0,0.0,-0.6651871571263943,-0.004730938169819468,0.125,-0.001204006011506627,0.7920009722986545,0.033123733308452016,0.06862316914424751,3.7907975903309485,3.7849599854266263,"[0. 0. 0. 0. 0. 0. 0. 0. 0. 0. 0. 0. 0. 0. 0. 0. 0. 0. 0. 0. 0. 0. 0. 0.
 0. 0. 0. 0. 0. 0. 0. 0. 0. 0. 0. 0.]","[0. 0. 0. 0. 0. 0. 0. 0. 0. 0. 0. 0. 0. 0. 0. 0. 0. 0. 0. 0. 0. 0. 0. 0.
 0. 0. 0. 0. 0. 0. 0. 0. 0. 0. 0. 0.]",-3.143301680842636e-05,2.6783382621872827e-06,-0.0010829602104788572,0.08852314040907927,0.0019355987704330073,9.81851355698895,"[3.99999998e-08 0.00000000e+00 0.00000000e+00 0.00000000e+00
 3.99999998e-08 0.00000000e+00 0.00000000e+00 0.00000000e+00
 3.99999998e-08]","[0.000289 0.       0.       0.       0.000289 0.       0.       0.
 0.000289]"
1786809868.2665482,-0.24999408284507185,-0.0017200414097784862,0.0,0.0,-0.6626930391152328,-0.004559545795156106,0.125,-0.00025199769211123237,0.794495090309816,0.03329512568311538,0.06859868709360797,3.7884896913748203,3.787267884382755,"[0. 0. 0. 0. 0. 0. 0. 0. 0. 0. 0. 0. 0. 0. 0. 0. 0. 0. 0. 0. 0. 0. 0. 0.
 0. 0. 0. 0. 0. 0. 0. 0. 0. 0. 0. 0.]","[0. 0. 0. 0. 0. 0. 0. 0. 0. 0. 0. 0. 0. 0. 0. 0. 0. 0. 0. 0. 0. 0. 0. 0.
 0. 0. 0. 0. 0. 0. 0. 0. 0. 0. 0. 0.]",-0.00024244857666202893,-0.0001427242157276404,-7.611446438402384e-05,0.13056540721941717,0.011323799379141377,9.80877770338524,"[3.99999998e-08 0.00000000e+00 0.00000000e+00 0.00000000e+00
 3.99999998e-08 0.00000000e+00 0.00000000e+00 0.00000000e+00
 3.99999998e-08]","[0.000289 0.       0.       0.       0.000289 0.       0.       0.
 0.000289]"
1786809868.3391376,-0.24999447773455571,-0.001661656470737214,0.0,0.0,-0.6601989184428562,-0.004388192150264626,0.125,-0.0006184818081115934,0.7969892109821927,0.03346647932800686,0.06859269512994523,3.7893781377166462,3.786379438040929,"[0. 0. 0. 0. 0. 0. 0. 0. 0. 0. 0. 0. 0. 0. 0. 0. 0. 0. 0. 0. 0. 0. 0. 0.
 0. 0. 0. 0. 0. 0. 0. 0. 0. 0. 0. 0.]","[0. 0. 0. 0. 0. 0. 0. 0. 0. 0. 0. 0. 0. 0. 0. 0. 0. 0. 0. 0. 0. 0. 0. 0.
 0. 0. 0. 0. 0. 0. 0. 0. 0. 0. 0. 0.]",-0.0002115307778037354,-2.1591130798862383e-05,-0.0006447343121997485,0.10199541359701275,0.03295184056055184,9.777823716309904,"[3.99999998e-08 0.00000000e+00 0.00000000e+00 0.00000000e+00
 3.99999998e-08 0.00000000e+00 0.00000000e+00 0.00000000e+00
 3.99999998e-08]","[0.000289 0.       0.       0.       0.000289 0.       0.       0.
 0.000289]"
1786809868.3653383,-0.249994861790325,-0.0016028345005898372,0.0,0.0,-0.657704796676772,-0.004216854425596647,0.125,-0.0005795560600951239,0.7994833327482769,0.03363781705267484,0.0685832573672919,3.7892837722669084,3.7864738034906673,"[0. 0. 0. 0. 0. 0. 0. 0. 0. 0. 0. 0. 0. 0. 0. 0. 0. 0. 0. 0. 0. 0. 0. 0.
 0. 0. 0. 0. 0. 0. 0. 0. 0. 0. 0. 0.]","[0. 0. 0. 0. 0. 0. 0. 0. 0. 0. 0. 0. 0. 0. 0. 0. 0. 0. 0. 0. 0. 0. 0. 0.
 0. 0. 0. 0. 0. 0. 0. 0. 0. 0. 0. 0.]",3.5342841365644786e-05,0.00025761089168883515,-0.0007493924655831861,0.12442941778752219,-0.0040706080722313675,9.805450942402764,"[3.99999998e-08 0.00000000e+00 0.00000000e+00 0.00000000e+00
 3.99999998e-08 0.00000000e+00 0.00000000e+00 0.00000000e+00
 3.99999998e-08]","[0.000289 0.       0.       0.       0.000289 0.       0.       0.
 0.000289]"
1786809868.4248688,-0.2499955961674918,-0.0014838789911446996,0.0,0.0,-0.6527165463619671,-0.0038742777279570095,0.125,-0.0034883572899120125,0.8044715830630818,0.033980393750314475,0.06853649331361039,3.796335411611977,3.7794221641455983,"[0. 0. 0. 0. 0. 0. 0. 0. 0. 0. 0. 0. 0. 0. 0. 0. 0. 0. 0. 0. 0. 0. 0. 0.
 0. 0. 0. 0. 0. 0. 0. 0. 0. 0. 0. 0.]","[0. 0. 0. 0. 0. 0. 0. 0. 0. 0. 0. 0. 0. 0. 0. 0. 0. 0. 0. 0. 0. 0. 0. 0.
 0. 0. 0. 0. 0. 0. 0. 0. 0. 0. 0. 0.]",-3.2838711630676925e-05,0.000361032056561595,-0.0033002613973381525,0.16166420530495273,0.002291138592120666,9.80736693966665,"[3.99999998e-08 0.00000000e+00 0.00000000e+00 0.00000000e+00
 3.99999998e-08 0.00000000e+00 0.00000000e+00 0.00000000e+00
 3.99999998e-08]","[0.000289 0.       0.       0.       0.000289 0.       0.       0.
 0.000289]"
1786809868.4876769,-0.24999594566413683,-0.0014237807043041145,0.0,0.0,-0.6502224097306439,-0.003703156537283883,0.125,-0.0031384721237177776,0.8069657196944049,0.0341515149409876,0.06846917536342603,3.7954872051484685,3.780270370609106,"[0. 0. 0. 0. 0. 0. 0. 0. 0. 0. 0. 0. 0. 0. 0. 0. 0. 0. 0. 0. 0. 0. 0. 0.
 0. 0. 0. 0. 0. 0. 0. 0. 0. 0. 0. 0.]","[0. 0. 0. 0. 0. 0. 0. 0. 0. 0. 0. 0. 0. 0. 0. 0. 0. 0. 0. 0. 0. 0. 0. 0.
 0. 0. 0. 0. 0. 0. 0. 0. 0. 0. 0. 0.]",-8.869532431809578e-05,4.738207893462339e-05,-0.002937736624118937,0.11703913531775971,0.005691416145855877,9.824960089173844,"[3.99999998e-08 0.00000000e+00 0.00000000e+00 0.00000000e+00
 3.99999998e-08 0.00000000e+00 0.00000000e+00 0.00000000e+00
 3.99999998e-08]","[0.000289 0.       0.       0.       0.000289 0.       0.       0.
 0.000289]"
1786809868.522055,-0.24999594566413683,-0.0014237807043041145,0.0,0.0,-0.6502224097306439,-0.003703156537283883,0.125,-0.0031027513944527933,0.8069657196944049,0.0341515149409876,0.06846917536342603,3.79540060944116,3.7803569663164156,"[0. 0. 0. 0. 0. 0. 0. 0. 0. 0. 0. 0. 0. 0. 0. 0. 0. 0. 0. 0. 0. 0. 0. 0.
 0. 0. 0. 0. 0. 0. 0. 0. 0. 0. 0. 0.]","[0. 0. 0. 0. 0. 0. 0. 0. 0. 0. 0. 0. 0. 0. 0. 0. 0. 0. 0. 0. 0. 0. 0. 0.
 0. 0. 0. 0. 0. 0. 0. 0. 0. 0. 0. 0.]",-0.00011797536299192616,0.00018409006656067798,-0.003093138111255352,0.097839878099678,0.013162934831716199,9.79464525833072,"[3.99999998e-08 0.00000000e+00 0.00000000e+00 0.00000000e+00
 3.99999998e-08 0.00000000e+00 0.00000000e+00 0.00000000e+00
 3.99999998e-08]","[0.000289 0.       0.       0.       0.000289 0.       0.       0.
 0.000289]"
1786809868.5661569,-0.24999628290200898,-0.0013632810343809458,0.0,0.0,-0.6477282621411341,-0.0035321951388999698,0.125,-0.00191268575516186,0.8094598672839147,0.034322476339371515,0.06840806035415399,3.792515601830733,3.7832419739268426,"[0. 0. 0. 0. 0. 0. 0. 0. 0. 0. 0. 0. 0. 0. 0. 0. 0. 0. 0. 0. 0. 0. 0. 0.
 0. 0. 0. 0. 0. 0. 0. 0. 0. 0. 0. 0.]","[0. 0. 0. 0. 0. 0. 0. 0. 0. 0. 0. 0. 0. 0. 0. 0. 0. 0. 0. 0. 0. 0. 0. 0.
 0. 0. 0. 0. 0. 0. 0. 0. 0. 0. 0. 0.]",0.00010378701884097353,-0.0004205147266654521,-0.0019604502061496593,0.10392113971038489,0.00607336739835346,9.783478118917008,"[3.99999998e-08 0.00000000e+00 0.00000000e+00 0.00000000e+00
 3.99999998e-08 0.00000000e+00 0.00000000e+00 0.00000000e+00
 3.99999998e-08]","[0.000289 0.       0.       0.       0.000289 0.       0.       0.
 0.000289]"
1786809868.6163259,-0.2499966076896567,-0.0013023608040319756,0.0,0.0,-0.6452341061708018,-0.003361356048257394,0.125,-0.0019318930808513227,0.811954023254247,0.03449331543001409,0.06836980663902786,3.7925156018307327,3.783241973926842,"[0. 0. 0. 0. 0. 0. 0. 0. 0. 0. 0. 0. 0. 0. 0. 0. 0. 0. 0. 0. 0. 0. 0. 0.
 0. 0. 0. 0. 0. 0. 0. 0. 0. 0. 0. 0.]","[0. 0. 0. 0. 0. 0. 0. 0. 0. 0. 0. 0. 0. 0. 0. 0. 0. 0. 0. 0. 0. 0. 0. 0.
 0. 0. 0. 0. 0. 0. 0. 0. 0. 0. 0. 0.]",-0.00012835064141855995,-0.0002717002298928974,-0.0018967246025842703,0.11184922290554503,-0.010014359874966763,9.84443742642583,"[3.99999998e-08 0.00000000e+00 0.00000000e+00 0.00000000e+00
 3.99999998e-08 0.00000000e+00 0.00000000e+00 0.00000000e+00
 3.99999998e-08]","[0.000289 0.       0.       0.       0.000289 0.       0.       0.
 0.000289]"
1786809868.6650598,-0.2499966076896567,-0.0013023608040319756,0.0,0.0,-0.6452341061708018,-0.003361356048257394,0.125,-0.00224683438805269,0.811954023254247,0.03449331543001409,0.06836980663902786,3.7933256591225963,3.7824319166349785,"[0. 0. 0. 0. 0. 0. 0. 0. 0. 0. 0. 0. 0. 0. 0. 0. 0. 0. 0. 0. 0. 0. 0. 0.
 0. 0. 0. 0. 0. 0. 0. 0. 0. 0. 0. 0.]","[0. 0. 0. 0. 0. 0. 0. 0. 0. 0. 0. 0. 0. 0. 0. 0. 0. 0. 0. 0. 0. 0. 0. 0.
 0. 0. 0. 0. 0. 0. 0. 0. 0. 0. 0. 0.]",0.00012811341820570494,-0.0001964067270977338,-0.00222112422596319,0.13030078614910193,0.027738328614643457,9.789290008966733,"[3.99999998e-08 0.00000000e+00 0.00000000e+00 0.00000000e+00
 3.99999998e-08 0.00000000e+00 0.00000000e+00 0.00000000e+00
 3.99999998e-08]","[0.000289 0.       0.       0.       0.000289 0.       0.       0.
 0.000289]"
1786809868.7218459,-0.24999691978893757,-0.001241006061031416,0.0,0.0,-0.6427399434203577,-0.0031906159728890757,0.125,-0.0012765208325434918,0.8144481860046912,0.03466405550538241,0.06832810247496476,3.7909733838364943,3.7847841919210814,"[0. 0. 0. 0. 0. 0. 0. 0. 0. 0. 0. 0. 0. 0. 0. 0. 0. 0. 0. 0. 0. 0. 0. 0.
 0. 0. 0. 0. 0. 0. 0. 0. 0. 0. 0. 0.]","[0. 0. 0. 0. 0. 0. 0. 0. 0. 0. 0. 0. 0. 0. 0. 0. 0. 0. 0. 0. 0. 0. 0. 0.
 0. 0. 0. 0. 0. 0. 0. 0. 0. 0. 0. 0.]",0.000271351300427749,0.0002845437068619092,-0.0012815490433769289,0.1078071312767221,0.006969985033233109,9.796525549567468,"[3.99999998e-08 0.00000000e+00 0.00000000e+00 0.00000000e+00
 3.99999998e-08 0.00000000e+00 0.00000000e+00 0.00000000e+00
 3.99999998e-08]","[0.000289 0.       0.       0.       0.000289 0.       0.       0.
 0.000289]"
1786809868.7654045,-0.24999721892969995,-0.0011792062651093923,0.0,0.0,-0.6402457748516097,-0.003019960910553725,0.125,-0.001576335538584446,0.8169423545734391,0.03483471056771776,0.06830107298523985,3.791700207366296,3.784057368391279,"[0. 0. 0. 0. 0. 0. 0. 0. 0. 0. 0. 0. 0. 0. 0. 0. 0. 0. 0. 0. 0. 0. 0. 0.
 0. 0. 0. 0. 0. 0. 0. 0. 0. 0. 0. 0.]","[0. 0. 0. 0. 0. 0. 0. 0. 0. 0. 0. 0. 0. 0. 0. 0. 0. 0. 0. 0. 0. 0. 0. 0.
 0. 0. 0. 0. 0. 0. 0. 0. 0. 0. 0. 0.]",1.1746005705553535e-05,2.0622099255350555e-05,-0.0015195421925880042,0.10279016906302071,0.005031970562316795,9.81870424741529,"[3.99999998e-08 0.00000000e+00 0.00000000e+00 0.00000000e+00
 3.99999998e-08 0.00000000e+00 0.00000000e+00 0.00000000e+00
 3.99999998e-08]","[0.000289 0.       0.       0.       0.000289 0.       0.       0.
 0.000289]"
1786809868.8196924,-0.2499975048105491,-0.0011169550122864455,0.0,0.0,-0.6377516006751877,-0.002849387826921207,0.125,-0.0019954165093889202,0.8194365287498612,0.03500528365135028,0.06826242189862457,3.792716161234922,3.7830414145226534,"[0. 0. 0. 0. 0. 0. 0. 0. 0. 0. 0. 0. 0. 0. 0. 0. 0. 0. 0. 0. 0. 0. 0. 0.
 0. 0. 0. 0. 0. 0. 0. 0. 0. 0. 0. 0.]","[0. 0. 0. 0. 0. 0. 0. 0. 0. 0. 0. 0. 0. 0. 0. 0. 0. 0. 0. 0. 0. 0. 0. 0.
 0. 0. 0. 0. 0. 0. 0. 0. 0. 0. 0. 0.]",-6.510334566368449e-06,-2.470495499182456e-05,-0.001982578482918856,0.11484849706116453,-0.025404973390244,9.808629573333892,"[3.99999998e-08 0.00000000e+00 0.00000000e+00 0.00000000e+00
 3.99999998e-08 0.00000000e+00 0.00000000e+00 0.00000000e+00
 3.99999998e-08]","[0.000289 0.       0.       0.       0.000289 0.       0.       0.
 0.000289]"
1786809868.8713503,-0.24999803543867496,-0.0009910987857036219,0.0,0.0,-0.6327632317110184,-0.0025085431950945328,0.125,-0.0021835438065294656,0.8244248977140304,0.03534612828317695,0.06817940707448053,3.793172227409812,3.782585348347763,"[0. 0. 0. 0. 0. 0. 0. 0. 0. 0. 0. 0. 0. 0. 0. 0. 0. 0. 0. 0. 0. 0. 0. 0.
 0. 0. 0. 0. 0. 0. 0. 0. 0. 0. 0. 0.]","[0. 0. 0. 0. 0. 0. 0. 0. 0. 0. 0. 0. 0. 0. 0. 0. 0. 0. 0. 0. 0. 0. 0. 0.
 0. 0. 0. 0. 0. 0. 0. 0. 0. 0. 0. 0.]",9.636601967809628e-05,-1.4612416834211535e-05,-0.00247527628344854,0.0964013243725568,-0.015595994136750814,9.80960717079946,"[3.99999998e-08 0.00000000e+00 0.00000000e+00 0.00000000e+00
 3.99999998e-08 0.00000000e+00 0.00000000e+00 0.00000000e+00
 3.99999998e-08]","[0.000289 0.       0.       0.       0.000289 0.       0.       0.
 0.000289]"
1786809868.9153883,-0.2499982795168477,-0.0009274904938045848,0.0,0.0,-0.6302690356617167,-0.0023382902484184107,0.125,-0.00364081843916501,0.8269190937633322,0.035516381229853074,0.068121163454328,3.7967050143980483,3.779052561359527,"[0. 0. 0. 0. 0. 0. 0. 0. 0. 0. 0. 0. 0. 0. 0. 0. 0. 0. 0. 0. 0. 0. 0. 0.
 0. 0. 0. 0. 0. 0. 0. 0. 0. 0. 0. 0.]","[0. 0. 0. 0. 0. 0. 0. 0. 0. 0. 0. 0. 0. 0. 0. 0. 0. 0. 0. 0. 0. 0. 0. 0.
 0. 0. 0. 0. 0. 0. 0. 0. 0. 0. 0. 0.]",-0.00030506426284132647,-6.384500795798468e-05,-0.003428170459801688,0.1234340425693774,0.017968764616430693,9.789562186378948,"[3.99999998e-08 0.00000000e+00 0.00000000e+00 0.00000000e+00
 3.99999998e-08 0.00000000e+00 0.00000000e+00 0.00000000e+00
 3.99999998e-08]","[0.000289 0.       0.       0.       0.000289 0.       0.       0.
 0.000289]"
1786809868.9681108,-0.24999850891997635,-0.0008634453013955005,0.0,0.0,-0.6277748278416367,-0.002168209833634402,0.125,-0.0035121720577579105,0.8294133015834121,0.03568646164463708,0.06804834708554268,3.7963931443825136,3.7793644313750616,"[0. 0. 0. 0. 0. 0. 0. 0. 0. 0. 0. 0. 0. 0. 0. 0. 0. 0. 0. 0. 0. 0. 0. 0.
 0. 0. 0. 0. 0. 0. 0. 0. 0. 0. 0. 0.]","[0. 0. 0. 0. 0. 0. 0. 0. 0. 0. 0. 0. 0. 0. 0. 0. 0. 0. 0. 0. 0. 0. 0. 0.
 0. 0. 0. 0. 0. 0. 0. 0. 0. 0. 0. 0.]",-0.00019256989872630843,-0.0002689629743547426,-0.0034570930065851314,0.1305241753466563,-0.0290268980740963,9.796539286506572,"[3.99999998e-08 0.00000000e+00 0.00000000e+00 0.00000000e+00
 3.99999998e-08 0.00000000e+00 0.00000000e+00 0.00000000e+00
 3.99999998e-08]","[0.000289 0.       0.       0.       0.000289 0.       0.       0.
 0.000289]"
1786809869.0172906,-0.2499989223909295,-0.00073403227041159,0.0,0.0,-0.6227863754069678,-0.0018285890705021998,0.125,-0.0038184892283627614,0.834401754018081,0.036026082407769285,0.06790196055527983,3.7971357314627743,3.7786218442948014,"[0. 0. 0. 0. 0. 0. 0. 0. 0. 0. 0. 0. 0. 0. 0. 0. 0. 0. 0. 0. 0. 0. 0. 0.
 0. 0. 0. 0. 0. 0. 0. 0. 0. 0. 0. 0.]","[0. 0. 0. 0. 0. 0. 0. 0. 0. 0. 0. 0. 0. 0. 0. 0. 0. 0. 0. 0. 0. 0. 0. 0.
 0. 0. 0. 0. 0. 0. 0. 0. 0. 0. 0. 0.]",0.00012679627760085217,0.0006568464814533493,-0.003901098891720912,0.12306269276214828,0.0018873376539254383,9.813946988267267,"[3.99999998e-08 0.00000000e+00 0.00000000e+00 0.00000000e+00
 3.99999998e-08 0.00000000e+00 0.00000000e+00 0.00000000e+00
 3.99999998e-08]","[0.000289 0.       0.       0.       0.000289 0.       0.       0.
 0.000289]"
1786809869.069898,-0.24999910577451226,-0.0006686642986003344,0.0,0.0,-0.6227863754069678,-0.0018285890705021998,0.125,-0.005038520805937787,0.8368960003745928,0.036195596738328485,0.06780851033055119,3.8000933837720714,3.775664191985504,"[0. 0. 0. 0. 0. 0. 0. 0. 0. 0. 0. 0. 0. 0. 0. 0. 0. 0. 0. 0. 0. 0. 0. 0.
 0. 0. 0. 0. 0. 0. 0. 0. 0. 0. 0. 0.]","[0. 0. 0. 0. 0. 0. 0. 0. 0. 0. 0. 0. 0. 0. 0. 0. 0. 0. 0. 0. 0. 0. 0. 0.
 0. 0. 0. 0. 0. 0. 0. 0. 0. 0. 0. 0.]",-0.00036938908650273463,-0.0002997203376626019,-0.005147567163602765,0.11667425025886731,0.03489715819557378,9.79763617790433,"[3.99999998e-08 0.00000000e+00 0.00000000e+00 0.00000000e+00
 3.99999998e-08 0.00000000e+00 0.00000000e+00 0.00000000e+00
 3.99999998e-08]","[0.000289 0.       0.       0.       0.000289 0.       0.       0.
 0.000289]"
1786809869.1152635,-0.2499992730976569,-0.0006028686782069918,0.0,0.0,-0.6177978658617348,-0.0014898082629451262,0.12499999999999999,-0.004889086941400065,0.8418845433677208,0.03653388467061751,0.06761130308013398,3.799731119858037,3.776026455899537,"[0. 0. 0. 0. 0. 0. 0. 0. 0. 0. 0. 0. 0. 0. 0. 0. 0. 0. 0. 0. 0. 0. 0. 0.
 0. 0. 0. 0. 0. 0. 0. 0. 0. 0. 0. 0.]","[0. 0. 0. 0. 0. 0. 0. 0. 0. 0. 0. 0. 0. 0. 0. 0. 0. 0. 0. 0. 0. 0. 0. 0.
 0. 0. 0. 0. 0. 0. 0. 0. 0. 0. 0. 0.]",-1.9993452001373514e-05,0.00030039928669277637,-0.004649884713154659,0.11175956974986416,-0.013570752305086286,9.792858758295234,"[3.99999998e-08 0.00000000e+00 0.00000000e+00 0.00000000e+00
 3.99999998e-08 0.00000000e+00 0.00000000e+00 0.00000000e+00
 3.99999998e-08]","[0.000289 0.       0.       0.       0.000289 0.       0.       0.
 0.000289]"
1786809869.1652768,-0.24999955824536121,-0.0004699756634709828,0.0,0.0,-0.6128092887504443,-0.0011520238438941927,0.12499999999999999,-0.005929375616291326,0.8443788406746046,0.03670264763437729,0.06749791701283271,3.802253031797188,3.773504543960385,"[0. 0. 0. 0. 0. 0. 0. 0. 0. 0. 0. 0. 0. 0. 0. 0. 0. 0. 0. 0. 0. 0. 0. 0.
 0. 0. 0. 0. 0. 0. 0. 0. 0. 0. 0. 0.]","[0. 0. 0. 0. 0. 0. 0. 0. 0. 0. 0. 0. 0. 0. 0. 0. 0. 0. 0. 0. 0. 0. 0. 0.
 0. 0. 0. 0. 0. 0. 0. 0. 0. 0. 0. 0.]",0.0001722775564508265,-0.00014685858562845703,-0.006005461099061772,0.12506045986613268,-0.021115600337155295,9.810155768694916,"[3.99999998e-08 0.00000000e+00 0.00000000e+00 0.00000000e+00
 3.99999998e-08 0.00000000e+00 0.00000000e+00 0.00000000e+00
 3.99999998e-08]","[0.000289 0.       0.       0.       0.000289 0.       0.       0.
 0.000289]"
1786809869.214973,-0.24999967536266704,-0.00040288777729365126,0.0,0.0,-0.6103149715579046,-0.0009835550465547571,0.125,-0.0058406979349094985,0.8468731578671442,0.03687111643171673,0.06737941817805335,3.802038055599897,3.7737195201576763,"[0. 0. 0. 0. 0. 0. 0. 0. 0. 0. 0. 0. 0. 0. 0. 0. 0. 0. 0. 0. 0. 0. 0. 0.
 0. 0. 0. 0. 0. 0. 0. 0. 0. 0. 0. 0.]","[0. 0. 0. 0. 0. 0. 0. 0. 0. 0. 0. 0. 0. 0. 0. 0. 0. 0. 0. 0. 0. 0. 0. 0.
 0. 0. 0. 0. 0. 0. 0. 0. 0. 0. 0. 0.]",-2.03260972000735e-05,0.00023222677332580352,-0.005829150956027045,0.14087317961214094,0.01266187442900574,9.807990876110889,"[3.99999998e-08 0.00000000e+00 0.00000000e+00 0.00000000e+00
 3.99999998e-08 0.00000000e+00 0.00000000e+00 0.00000000e+00
 3.99999998e-08]","[0.000289 0.       0.       0.       0.000289 0.       0.       0.
 0.000289]"
1786809869.2673986,-0.24999985697815894,-0.00026741522032325884,0.0,0.0,-0.6053262780413619,-0.0006474942104628123,0.125,-0.005690038787634062,0.851861851383687,0.03720717726780867,0.06714759817018287,3.801672821303469,3.7740847544541056,"[0. 0. 0. 0. 0. 0. 0. 0. 0. 0. 0. 0. 0. 0. 0. 0. 0. 0. 0. 0. 0. 0. 0. 0.
 0. 0. 0. 0. 0. 0. 0. 0. 0. 0. 0. 0.]","[0. 0. 0. 0. 0. 0. 0. 0. 0. 0. 0. 0. 0. 0. 0. 0. 0. 0. 0. 0. 0. 0. 0. 0.
 0. 0. 0. 0. 0. 0. 0. 0. 0. 0. 0. 0.]",1.4235195395248594e-05,0.0002764753604390831,-0.005826051459243411,0.16380358828582176,-0.017374179270794432,9.77498180524939,"[3.99999998e-08 0.00000000e+00 0.00000000e+00 0.00000000e+00
 3.99999998e-08 0.00000000e+00 0.00000000e+00 0.00000000e+00
 3.99999998e-08]","[0.000289 0.       0.       0.       0.000289 0.       0.       0.
 0.000289]"
1786809869.3154473,-0.2499999661081733,-0.0001301764656625889,0.0,0.0,-0.6003375061210952,-0.00031259930138439335,0.12499999999999999,-0.006834243979539908,0.8568506233039537,0.03754207217688709,0.0668994009270299,3.804446652071748,3.771310923685825,"[0. 0. 0. 0. 0. 0. 0. 0. 0. 0. 0. 0. 0. 0. 0. 0. 0. 0. 0. 0. 0. 0. 0. 0.
 0. 0. 0. 0. 0. 0. 0. 0. 0. 0. 0. 0.]","[0. 0. 0. 0. 0. 0. 0. 0. 0. 0. 0. 0. 0. 0. 0. 0. 0. 0. 0. 0. 0. 0. 0. 0.
 0. 0. 0. 0. 0. 0. 0. 0. 0. 0. 0. 0.]",-0.0002483861376405585,0.0002288896113977519,-0.006922300470392042,0.15453535098731555,0.010366294593356277,9.79878061966618,"[3.99999998e-08 0.00000000e+00 0.00000000e+00 0.00000000e+00
 3.99999998e-08 0.00000000e+00 0.00000000e+00 0.00000000e+00
 3.99999998e-08]","[0.000289 0.       0.       0.       0.000289 0.       0.       0.
 0.000289]"
1786809869.3688142,-0.24999999258100278,-6.090565294193165e-05,0.0,0.0,-0.5978430868929864,-0.0001456480985784006,0.125,-0.007769093022955573,0.8593450425320625,0.037709023379693084,0.06675710695465409,3.8067129527830774,3.7690446229744965,"[0. 0. 0. 0. 0. 0. 0. 0. 0. 0. 0. 0. 0. 0. 0. 0. 0. 0. 0. 0. 0. 0. 0. 0.
 0. 0. 0. 0. 0. 0. 0. 0. 0. 0. 0. 0.]","[0. 0. 0. 0. 0. 0. 0. 0. 0. 0. 0. 0. 0. 0. 0. 0. 0. 0. 0. 0. 0. 0. 0. 0.
 0. 0. 0. 0. 0. 0. 0. 0. 0. 0. 0. 0.]",0.0001574026725349002,0.0002740805108528292,-0.008183677174733865,0.11131339079882295,0.0017640637165950057,9.819742888205075,"[3.99999998e-08 0.00000000e+00 0.00000000e+00 0.00000000e+00
 3.99999998e-08 0.00000000e+00 0.00000000e+00 0.00000000e+00
 3.99999998e-08]","[0.000289 0.       0.       0.       0.000289 0.       0.       0.
 0.000289]"
1786809869.4151862,-0.24999998754752809,7.890650036992279e-05,0.0,0.0,-0.5928541726760348,0.00018712020130272344,0.125,-0.007354747208295243,0.864333956749014,0.03804179167957421,0.0664525584202949,3.805708478080863,3.77004909767671,"[0. 0. 0. 0. 0. 0. 0. 0. 0. 0. 0. 0. 0. 0. 0. 0. 0. 0. 0. 0. 0. 0. 0. 0.
 0. 0. 0. 0. 0. 0. 0. 0. 0. 0. 0. 0.]","[0. 0. 0. 0. 0. 0. 0. 0. 0. 0. 0. 0. 0. 0. 0. 0. 0. 0. 0. 0. 0. 0. 0. 0.
 0. 0. 0. 0. 0. 0. 0. 0. 0. 0. 0. 0.]",7.494758707573633e-05,5.628096505061948e-05,-0.007307106239314318,0.11114043743547712,0.0041295218907869986,9.807098352207765,"[3.99999998e-08 0.00000000e+00 0.00000000e+00 0.00000000e+00
 3.99999998e-08 0.00000000e+00 0.00000000e+00 0.00000000e+00
 3.99999998e-08]","[0.000289 0.       0.       0.       0.000289 0.       0.       0.
 0.000289]"
1786809869.4683158,-0.24999998754752809,7.890650036992279e-05,0.0,0.0,-0.5928541726760348,0.00018712020130272344,0.12499999999999999,-0.008574102347258127,0.8668284516636158,0.03820760816695862,0.06629205057153836,3.808664490538978,3.767093085218594,"[0. 0. 0. 0. 0. 0. 0. 0. 0. 0. 0. 0. 0. 0. 0. 0. 0. 0. 0. 0. 0. 0. 0. 0.
 0. 0. 0. 0. 0. 0. 0. 0. 0. 0. 0. 0.]","[0. 0. 0. 0. 0. 0. 0. 0. 0. 0. 0. 0. 0. 0. 0. 0. 0. 0. 0. 0. 0. 0. 0. 0.
 0. 0. 0. 0. 0. 0. 0. 0. 0. 0. 0. 0.]",-9.411040164785746e-05,-7.398351972619348e-05,-0.008351764218010007,0.1358516433413971,0.0030015148987737623,9.769723802189022,"[3.99999998e-08 0.00000000e+00 0.00000000e+00 0.00000000e+00
 3.99999998e-08 0.00000000e+00 0.00000000e+00 0.00000000e+00
 3.99999998e-08]","[0.000289 0.       0.       0.       0.000289 0.       0.       0.
 0.000289]"
1786809869.5166545,-0.24999995532442654,0.00014945830436575,0.0,0.0,-0.590359677761433,0.00035293668868713324,0.125,-0.007962665233951245,0.8668284516636158,0.03820760816695862,0.06629205057153836,3.807182218749132,3.7685753570084417,"[0. 0. 0. 0. 0. 0. 0. 0. 0. 0. 0. 0. 0. 0. 0. 0. 0. 0. 0. 0. 0. 0. 0. 0.
 0. 0. 0. 0. 0. 0. 0. 0. 0. 0. 0. 0.]","[0. 0. 0. 0. 0. 0. 0. 0. 0. 0. 0. 0. 0. 0. 0. 0. 0. 0. 0. 0. 0. 0. 0. 0.
 0. 0. 0. 0. 0. 0. 0. 0. 0. 0. 0. 0.]",0.00015497466086584008,-0.00017752957439459154,-0.007616598701496832,0.11292666615058834,-0.016525740899540092,9.813037712371328,"[3.99999998e-08 0.00000000e+00 0.00000000e+00 0.00000000e+00
 3.99999998e-08 0.00000000e+00 0.00000000e+00 0.00000000e+00
 3.99999998e-08]","[0.000289 0.       0.       0.       0.000289 0.       0.       0.
 0.000289]"
1786809869.5656903,-0.24999990282070642,0.00022043057258519887,0.0,0.0,-0.5878651550193529,0.0005183340123805433,0.125,-0.006429915512468436,0.869322974405696,0.03837300549065203,0.06612546002052952,3.8034664618485374,3.7722911139090374,"[0. 0. 0. 0. 0. 0. 0. 0. 0. 0. 0. 0. 0. 0. 0. 0. 0. 0. 0. 0. 0. 0. 0. 0.
 0. 0. 0. 0. 0. 0. 0. 0. 0. 0. 0. 0.]","[0. 0. 0. 0. 0. 0. 0. 0. 0. 0. 0. 0. 0. 0. 0. 0. 0. 0. 0. 0. 0. 0. 0. 0.
 0. 0. 0. 0. 0. 0. 0. 0. 0. 0. 0. 0.]",0.0002606855042576747,-0.00012268392412881888,-0.006845251323050847,0.12353552634513872,-0.047827157226705976,9.81280338764925,"[3.99999998e-08 0.00000000e+00 0.00000000e+00 0.00000000e+00
 3.99999998e-08 0.00000000e+00 0.00000000e+00 0.00000000e+00
 3.99999998e-08]","[0.000289 0.       0.       0.       0.000289 0.       0.       0.
 0.000289]"
1786809869.6151524,-0.24999982965695106,0.0002918415588173768,0.0,0.0,-0.585370606515227,0.0006833423467755839,0.12499999999999997,-0.006496504524471261,0.8718175229098218,0.03853801382504707,0.0659845997100679,3.803627889756423,3.7721296860011493,"[0. 0. 0. 0. 0. 0. 0. 0. 0. 0. 0. 0. 0. 0. 0. 0. 0. 0. 0. 0. 0. 0. 0. 0.
 0. 0. 0. 0. 0. 0. 0. 0. 0. 0. 0. 0.]","[0. 0. 0. 0. 0. 0. 0. 0. 0. 0. 0. 0. 0. 0. 0. 0. 0. 0. 0. 0. 0. 0. 0. 0.
 0. 0. 0. 0. 0. 0. 0. 0. 0. 0. 0. 0.]",0.0001074836235320736,0.00022660176997504997,-0.006527411951207616,0.12984241302435973,-0.0005935526836392833,9.805189651486836,"[3.99999998e-08 0.00000000e+00 0.00000000e+00 0.00000000e+00
 3.99999998e-08 0.00000000e+00 0.00000000e+00 0.00000000e+00
 3.99999998e-08]","[0.000289 0.       0.       0.       0.000289 0.       0.       0.
 0.000289]"
1786809869.6658413,-0.24999973541101797,0.0003637230003959561,0.0,0.0,-0.5828760363294467,0.0008480225806803202,0.125,-0.006442729597394939,0.8743120930956021,0.038702694058951805,0.06585497693649134,3.8034975262968436,3.77226004946073,"[0. 0. 0. 0. 0. 0. 0. 0. 0. 0. 0. 0. 0. 0. 0. 0. 0. 0. 0. 0. 0. 0. 0. 0.
 0. 0. 0. 0. 0. 0. 0. 0. 0. 0. 0. 0.]","[0. 0. 0. 0. 0. 0. 0. 0. 0. 0. 0. 0. 0. 0. 0. 0. 0. 0. 0. 0. 0. 0. 0. 0.
 0. 0. 0. 0. 0. 0. 0. 0. 0. 0. 0. 0.]",-0.0001641773801546301,-1.3762838273676081e-05,-0.006468352857280394,0.18168531381403893,0.006884753549914413,9.82203100571458,"[3.99999998e-08 0.00000000e+00 0.00000000e+00 0.00000000e+00
 3.99999998e-08 0.00000000e+00 0.00000000e+00 0.00000000e+00
 3.99999998e-08]","[0.000289 0.       0.       0.       0.000289 0.       0.       0.
 0.000289]"
1786809869.7151814,-0.24999961966412582,0.00043608232302472407,0.0,0.0,-0.5803814447152545,0.0010123778947820211,0.125,-0.006713582090400936,0.8768066847097943,0.038867049373053505,0.06572287211505864,3.8041541384011066,3.7716034373564677,"[0. 0. 0. 0. 0. 0. 0. 0. 0. 0. 0. 0. 0. 0. 0. 0. 0. 0. 0. 0. 0. 0. 0. 0.
 0. 0. 0. 0. 0. 0. 0. 0. 0. 0. 0. 0.]","[0. 0. 0. 0. 0. 0. 0. 0. 0. 0. 0. 0. 0. 0. 0. 0. 0. 0. 0. 0. 0. 0. 0. 0.
 0. 0. 0. 0. 0. 0. 0. 0. 0. 0. 0. 0.]",-0.00012855862567434558,-0.000441345664573732,-0.00654005679790331,0.1124907634061661,0.0004060942802576547,9.808181557766007,"[3.99999998e-08 0.00000000e+00 0.00000000e+00 0.00000000e+00
 3.99999998e-08 0.00000000e+00 0.00000000e+00 0.00000000e+00
 3.99999998e-08]","[0.000289 0.       0.       0.       0.000289 0.       0.       0.
 0.000289]"
1786809869.7652147,-0.24999948199750882,0.0005089213861169375,0.0,0.0,-0.5778868310587618,0.0011763983058336105,0.125,-0.006828243273288285,0.879301298366287,0.039031069784105095,0.06558722453924581,3.804432104905078,3.771325470852496,"[0. 0. 0. 0. 0. 0. 0. 0. 0. 0. 0. 0. 0. 0. 0. 0. 0. 0. 0. 0. 0. 0. 0. 0.
 0. 0. 0. 0. 0. 0. 0. 0. 0. 0. 0. 0.]","[0. 0. 0. 0. 0. 0. 0. 0. 0. 0. 0. 0. 0. 0. 0. 0. 0. 0. 0. 0. 0. 0. 0. 0.
 0. 0. 0. 0. 0. 0. 0. 0. 0. 0. 0. 0.]",1.4323936261121154e-05,5.4617604799902585e-05,-0.006716993363669465,0.10189241039527773,-0.02593948255462415,9.823031599594387,"[3.99999998e-08 0.00000000e+00 0.00000000e+00 0.00000000e+00
 3.99999998e-08 0.00000000e+00 0.00000000e+00 0.00000000e+00
 3.99999998e-08]","[0.000289 0.       0.       0.       0.000289 0.       0.       0.
 0.000289]"
1786809869.8153589,-0.24999948199750882,0.0005089213861169375,0.0,0.0,-0.5778868310587618,0.0011763983058336105,0.12499999999999999,-0.006893452999582584,0.879301298366287,0.039031069784105095,0.06558722453924581,3.804590189090034,3.7711673866675395,"[0. 0. 0. 0. 0. 0. 0. 0. 0. 0. 0. 0. 0. 0. 0. 0. 0. 0. 0. 0. 0. 0. 0. 0.
 0. 0. 0. 0. 0. 0. 0. 0. 0. 0. 0. 0.]","[0. 0. 0. 0. 0. 0. 0. 0. 0. 0. 0. 0. 0. 0. 0. 0. 0. 0. 0. 0. 0. 0. 0. 0.
 0. 0. 0. 0. 0. 0. 0. 0. 0. 0. 0. 0.]",0.00010891016076130113,-0.00011724380788210991,-0.00677012773226188,0.10813328404869291,0.015659277351050983,9.798445165912689,"[3.99999998e-08 0.00000000e+00 0.00000000e+00 0.00000000e+00
 3.99999998e-08 0.00000000e+00 0.00000000e+00 0.00000000e+00
 3.99999998e-08]","[0.000289 0.       0.       0.       0.000289 0.       0.       0.
 0.000289]"
1786809869.8654902,-0.24999932198307614,0.0005822439370393038,0.0,0.0,-0.5753921950303041,0.0013400781022870553,0.12499999999999999,-0.00571833109471165,0.8817959343947447,0.03919474958055854,0.06545216218938887,3.8017414087145665,3.7740161670430075,"[0. 0. 0. 0. 0. 0. 0. 0. 0. 0. 0. 0. 0. 0. 0. 0. 0. 0. 0. 0. 0. 0. 0. 0.
 0. 0. 0. 0. 0. 0. 0. 0. 0. 0. 0. 0.]","[0. 0. 0. 0. 0. 0. 0. 0. 0. 0. 0. 0. 0. 0. 0. 0. 0. 0. 0. 0. 0. 0. 0. 0.
 0. 0. 0. 0. 0. 0. 0. 0. 0. 0. 0. 0.]",0.00010263815093660943,-5.743505400447677e-05,-0.005434808352713354,0.117368994129926,-0.014214631359189812,9.813051066086155,"[3.99999998e-08 0.00000000e+00 0.00000000e+00 0.00000000e+00
 3.99999998e-08 0.00000000e+00 0.00000000e+00 0.00000000e+00
 3.99999998e-08]","[0.000289 0.       0.       0.       0.000289 0.       0.       0.
 0.000289]"
1786809869.9161694,-0.24999913914246327,0.0006560701389915691,0.0,0.0,-0.5728975387559632,0.0015034490485399885,0.12499999999999999,-0.004778233570814903,0.8842905906690857,0.03935812052681147,0.0653377955674911,3.799462384414192,3.7762951913433818,"[0. 0. 0. 0. 0. 0. 0. 0. 0. 0. 0. 0. 0. 0. 0. 0. 0. 0. 0. 0. 0. 0. 0. 0.
 0. 0. 0. 0. 0. 0. 0. 0. 0. 0. 0. 0.]","[0. 0. 0. 0. 0. 0. 0. 0. 0. 0. 0. 0. 0. 0. 0. 0. 0. 0. 0. 0. 0. 0. 0. 0.
 0. 0. 0. 0. 0. 0. 0. 0. 0. 0. 0. 0.]",-6.983271440730621e-05,0.00044476732494811707,-0.004969644136895004,0.1582737328594403,0.015102632071335123,9.78229912502602,"[3.99999998e-08 0.00000000e+00 0.00000000e+00 0.00000000e+00
 3.99999998e-08 0.00000000e+00 0.00000000e+00 0.00000000e+00
 3.99999998e-08]","[0.000289 0.       0.       0.       0.000289 0.       0.       0.
 0.000289]"
1786809869.9690788,-0.2499989329499898,0.0007304271808370324,0.0,0.0,-0.5704028653466174,0.001666558140709505,0.12499999999999999,-0.006887830850659158,0.8867852640784314,0.03952122961898099,0.06524223089458547,3.8045765596380985,3.7711810161194745,"[0. 0. 0. 0. 0. 0. 0. 0. 0. 0. 0. 0. 0. 0. 0. 0. 0. 0. 0. 0. 0. 0. 0. 0.
 0. 0. 0. 0. 0. 0. 0. 0. 0. 0. 0. 0.]","[0. 0. 0. 0. 0. 0. 0. 0. 0. 0. 0. 0. 0. 0. 0. 0. 0. 0. 0. 0. 0. 0. 0. 0.
 0. 0. 0. 0. 0. 0. 0. 0. 0. 0. 0. 0.]",9.122031318826503e-05,0.00020842596212693922,-0.007209226793749653,0.14368060844287053,-0.014684221328506164,9.812348662363451,"[3.99999998e-08 0.00000000e+00 0.00000000e+00 0.00000000e+00
 3.99999998e-08 0.00000000e+00 0.00000000e+00 0.00000000e+00
 3.99999998e-08]","[0.000289 0.       0.       0.       0.000289 0.       0.       0.
 0.000289]"
1786809870.021558,-0.24999844871615856,0.0008807039878638965,0.0,0.0,-0.5654134587086641,0.0019918599112669355,0.12499999999999999,-0.007061504398530194,0.8917746707163847,0.03984653138953842,0.06496709052597818,3.8049975864208205,3.7707599893367525,"[0. 0. 0. 0. 0. 0. 0. 0. 0. 0. 0. 0. 0. 0. 0. 0. 0. 0. 0. 0. 0. 0. 0. 0.
 0. 0. 0. 0. 0. 0. 0. 0. 0. 0. 0. 0.]","[0. 0. 0. 0. 0. 0. 0. 0. 0. 0. 0. 0. 0. 0. 0. 0. 0. 0. 0. 0. 0. 0. 0. 0.
 0. 0. 0. 0. 0. 0. 0. 0. 0. 0. 0. 0.]",-7.447378101348944e-05,0.00010421670720406013,-0.0074579157980681696,0.13377004029963752,-0.025773397509760387,9.79425644962967,"[3.99999998e-08 0.00000000e+00 0.00000000e+00 0.00000000e+00
 3.99999998e-08 0.00000000e+00 0.00000000e+00 0.00000000e+00
 3.99999998e-08]","[0.000289 0.       0.       0.       0.000289 0.       0.       0.
 0.000289]"
1786809870.0702083,-0.24999844871615856,0.0008807039878638965,0.0,0.0,-0.5654134587086641,0.0019918599112669355,0.125,-0.008694504466567485,0.8917746707163847,0.03984653138953842,0.06496709052597818,3.8089563744645045,3.766801201293067,"[0. 0. 0. 0. 0. 0. 0. 0. 0. 0. 0. 0. 0. 0. 0. 0. 0. 0. 0. 0. 0. 0. 0. 0.
 0. 0. 0. 0. 0. 0. 0. 0. 0. 0. 0. 0.]","[0. 0. 0. 0. 0. 0. 0. 0. 0. 0. 0. 0. 0. 0. 0. 0. 0. 0. 0. 0. 0. 0. 0. 0.
 0. 0. 0. 0. 0. 0. 0. 0. 0. 0. 0. 0.]",-0.00014601056393108306,0.00017596689687489402,-0.00871045119242015,0.10404469569336644,-0.014148671557692387,9.792126525173893,"[3.99999998e-08 0.00000000e+00 0.00000000e+00 0.00000000e+00
 3.99999998e-08 0.00000000e+00 0.00000000e+00 0.00000000e+00
 3.99999998e-08]","[0.000289 0.       0.       0.       0.000289 0.       0.       0.
 0.000289]"
1786809870.1162214,-0.24999816983235157,0.0009565983873564345,0.0,0.0,-0.5629187198157923,0.0021539643268174494,0.125,-0.007307885897053017,0.8942694096092565,0.040008635805088934,0.06480136543958043,3.805594874902093,3.7701627008554808,"[0. 0. 0. 0. 0. 0. 0. 0. 0. 0. 0. 0. 0. 0. 0. 0. 0. 0. 0. 0. 0. 0. 0. 0.
 0. 0. 0. 0. 0. 0. 0. 0. 0. 0. 0. 0.]","[0. 0. 0. 0. 0. 0. 0. 0. 0. 0. 0. 0. 0. 0. 0. 0. 0. 0. 0. 0. 0. 0. 0. 0.
 0. 0. 0. 0. 0. 0. 0. 0. 0. 0. 0. 0.]",-0.00010020986052014046,-0.00014619857838157535,-0.007324541503238951,0.13288463890868848,0.02162015942131891,9.80245627846951,"[3.99999998e-08 0.00000000e+00 0.00000000e+00 0.00000000e+00
 3.99999998e-08 0.00000000e+00 0.00000000e+00 0.00000000e+00
 3.99999998e-08]","[0.000289 0.       0.       0.       0.000289 0.       0.       0.
 0.000289]"
1786809870.1667886,-0.24999786586648998,0.0010329870282214306,0.0,0.0,-0.5604239545564198,0.0023156624691768463,0.12499999999999999,-0.008672483660513439,0.8992589645771231,0.040331654424724736,0.0644885149748052,3.8089029906923266,3.766854585065245,"[0. 0. 0. 0. 0. 0. 0. 0. 0. 0. 0. 0. 0. 0. 0. 0. 0. 0. 0. 0. 0. 0. 0. 0.
 0. 0. 0. 0. 0. 0. 0. 0. 0. 0. 0. 0.]","[0. 0. 0. 0. 0. 0. 0. 0. 0. 0. 0. 0. 0. 0. 0. 0. 0. 0. 0. 0. 0. 0. 0. 0.
 0. 0. 0. 0. 0. 0. 0. 0. 0. 0. 0. 0.]",-2.433501699120391e-05,-0.00013525565260442786,-0.008259150192538822,0.1218682586288664,-0.0053621184427150165,9.823540633585925,"[3.99999998e-08 0.00000000e+00 0.00000000e+00 0.00000000e+00
 3.99999998e-08 0.00000000e+00 0.00000000e+00 0.00000000e+00
 3.99999998e-08]","[0.000289 0.       0.       0.       0.000289 0.       0.       0.
 0.000289]"
1786809870.215088,-0.24999718067564547,0.001187288603780537,0.0,0.0,-0.5554343473596244,0.002637873231154428,0.125,-0.008911079356937173,0.9017537820654244,0.04049254470942591,0.06431172496222173,3.8094814045018452,3.766276171255729,"[0. 0. 0. 0. 0. 0. 0. 0. 0. 0. 0. 0. 0. 0. 0. 0. 0. 0. 0. 0. 0. 0. 0. 0.
 0. 0. 0. 0. 0. 0. 0. 0. 0. 0. 0. 0.]","[0. 0. 0. 0. 0. 0. 0. 0. 0. 0. 0. 0. 0. 0. 0. 0. 0. 0. 0. 0. 0. 0. 0. 0.
 0. 0. 0. 0. 0. 0. 0. 0. 0. 0. 0. 0.]",-2.333856411533001e-05,-0.00015848369280909013,-0.008808147916566762,0.13006567799625204,0.008275849337083183,9.80337128544366,"[3.99999998e-08 0.00000000e+00 0.00000000e+00 0.00000000e+00
 3.99999998e-08 0.00000000e+00 0.00000000e+00 0.00000000e+00
 3.99999998e-08]","[0.000289 0.       0.       0.       0.000289 0.       0.       0.
 0.000289]"
1786809870.2654576,-0.24999679859211998,0.0012651852397917416,0.0,0.0,-0.5529395012711575,0.002798319416271622,0.12499999999999999,-0.008950050630027934,0.9042486281538913,0.040652990894543106,0.06413346440386491,3.809575880315398,3.766181695442175,"[0. 0. 0. 0. 0. 0. 0. 0. 0. 0. 0. 0. 0. 0. 0. 0. 0. 0. 0. 0. 0. 0. 0. 0.
 0. 0. 0. 0. 0. 0. 0. 0. 0. 0. 0. 0.]","[0. 0. 0. 0. 0. 0. 0. 0. 0. 0. 0. 0. 0. 0. 0. 0. 0. 0. 0. 0. 0. 0. 0. 0.
 0. 0. 0. 0. 0. 0. 0. 0. 0. 0. 0. 0.]",-0.00038681167010275793,0.00023822757158466532,-0.009076828203952904,0.13523952460333713,0.016844650262389165,9.826364730574499,"[3.99999998e-08 0.00000000e+00 0.00000000e+00 0.00000000e+00
 3.99999998e-08 0.00000000e+00 0.00000000e+00 0.00000000e+00
 3.99999998e-08]","[0.000289 0.       0.       0.       0.000289 0.       0.       0.
 0.000289]"
1786809870.3211546,-0.24999638953116926,0.001343585270789477,0.0,0.0,-0.5504446265587978,0.002958319894205537,0.12499999999999999,-0.008951412867892418,0.906743502866251,0.04081299137247702,0.06395445658008148,3.8095791827102214,3.7661783930473516,"[0. 0. 0. 0. 0. 0. 0. 0. 0. 0. 0. 0. 0. 0. 0. 0. 0. 0. 0. 0. 0. 0. 0. 0.
 0. 0. 0. 0. 0. 0. 0. 0. 0. 0. 0. 0.]","[0. 0. 0. 0. 0. 0. 0. 0. 0. 0. 0. 0. 0. 0. 0. 0. 0. 0. 0. 0. 0. 0. 0. 0.
 0. 0. 0. 0. 0. 0. 0. 0. 0. 0. 0. 0.]",-0.0004466975460916901,0.00012128887947921223,-0.008917697747046437,0.12461274998656721,-0.01396918002010343,9.834146546649897,"[3.99999998e-08 0.00000000e+00 0.00000000e+00 0.00000000e+00
 3.99999998e-08 0.00000000e+00 0.00000000e+00 0.00000000e+00
 3.99999998e-08]","[0.000289 0.       0.       0.       0.000289 0.       0.       0.
 0.000289]"
1786809870.3654711,-0.2499959529824222,0.00142249513550794,0.0,0.0,-0.5479497232430365,0.003117873735623819,0.12499999999999999,-0.009154717929656619,0.9092384061820123,0.0409725452138953,0.06377542832271611,3.8100720434660165,3.7656855322915552,"[0. 0. 0. 0. 0. 0. 0. 0. 0. 0. 0. 0. 0. 0. 0. 0. 0. 0. 0. 0. 0. 0. 0. 0.
 0. 0. 0. 0. 0. 0. 0. 0. 0. 0. 0. 0.]","[0. 0. 0. 0. 0. 0. 0. 0. 0. 0. 0. 0. 0. 0. 0. 0. 0. 0. 0. 0. 0. 0. 0. 0.
 0. 0. 0. 0. 0. 0. 0. 0. 0. 0. 0. 0.]",-0.0005445965517700344,-6.725598354559396e-05,-0.009226418476336653,0.10594816239063462,0.012793480077665606,9.789187623224638,"[3.99999998e-08 0.00000000e+00 0.00000000e+00 0.00000000e+00
 3.99999998e-08 0.00000000e+00 0.00000000e+00 0.00000000e+00
 3.99999998e-08]","[0.000289 0.       0.       0.       0.000289 0.       0.       0.
 0.000289]"
1786809870.4158118,-0.249995488427917,0.0015019206660902926,0.0,0.0,-0.545454791244231,0.003276978430848329,0.12499999999999999,-0.009315302484831988,0.9142282994461504,0.041290295004928285,0.06340756891447112,3.8104613393573543,3.7652962364002174,"[0. 0. 0. 0. 0. 0. 0. 0. 0. 0. 0. 0. 0. 0. 0. 0. 0. 0. 0. 0. 0. 0. 0. 0.
 0. 0. 0. 0. 0. 0. 0. 0. 0. 0. 0. 0.]","[0. 0. 0. 0. 0. 0. 0. 0. 0. 0. 0. 0. 0. 0. 0. 0. 0. 0. 0. 0. 0. 0. 0. 0.
 0. 0. 0. 0. 0. 0. 0. 0. 0. 0. 0. 0.]",-0.0003439670405608078,-0.00034057253777125996,-0.009359340348744905,0.09827908148095721,0.019457956598246923,9.797825694716918,"[3.99999998e-08 0.00000000e+00 0.00000000e+00 0.00000000e+00
 3.99999998e-08 0.00000000e+00 0.00000000e+00 0.00000000e+00
 3.99999998e-08]","[0.000289 0.       0.       0.       0.000289 0.       0.       0.
 0.000289]"
1786809870.4663005,-0.24999499536155614,0.0015818641457214242,0.0,0.0,-0.5429598299788985,0.0034356235266568003,0.125,-0.01095990024120843,0.9142282994461504,0.041290295004928285,0.06340756891447112,3.814448243009209,3.7613093327483624,"[0. 0. 0. 0. 0. 0. 0. 0. 0. 0. 0. 0. 0. 0. 0. 0. 0. 0. 0. 0. 0. 0. 0. 0.
 0. 0. 0. 0. 0. 0. 0. 0. 0. 0. 0. 0.]","[0. 0. 0. 0. 0. 0. 0. 0. 0. 0. 0. 0. 0. 0. 0. 0. 0. 0. 0. 0. 0. 0. 0. 0.
 0. 0. 0. 0. 0. 0. 0. 0. 0. 0. 0. 0.]",-0.00023536445661157375,6.153764991843327e-05,-0.010616087090536465,0.1235673340937773,0.0037891738465881224,9.791905235064258,"[3.99999998e-08 0.00000000e+00 0.00000000e+00 0.00000000e+00
 3.99999998e-08 0.00000000e+00 0.00000000e+00 0.00000000e+00
 3.99999998e-08]","[0.000289 0.       0.       0.       0.000289 0.       0.       0.
 0.000289]"
1786809870.5151806,-0.24999447333536978,0.001662318191887087,0.0,0.0,-0.540464837539325,0.00359377757248127,0.125,-0.009400670073506784,0.9167232918857239,0.041448449050752754,0.06319494930327743,3.8106682910874774,3.7650892846700956,"[0. 0. 0. 0. 0. 0. 0. 0. 0. 0. 0. 0. 0. 0. 0. 0. 0. 0. 0. 0. 0. 0. 0. 0.
 0. 0. 0. 0. 0. 0. 0. 0. 0. 0. 0. 0.]","[0. 0. 0. 0. 0. 0. 0. 0. 0. 0. 0. 0. 0. 0. 0. 0. 0. 0. 0. 0. 0. 0. 0. 0.
 0. 0. 0. 0. 0. 0. 0. 0. 0. 0. 0. 0.]",-0.0002143704959005785,-3.219275300463105e-05,-0.010057509234027137,0.12150435045234177,0.021283442930896086,9.823450082485552,"[3.99999998e-08 0.00000000e+00 0.00000000e+00 0.00000000e+00
 3.99999998e-08 0.00000000e+00 0.00000000e+00 0.00000000e+00
 3.99999998e-08]","[0.000289 0.       0.       0.       0.000289 0.       0.       0.
 0.000289]"
1786809870.5652657,-0.24999392185637814,0.001743282784604657,0.0,0.0,-0.5379698130529394,0.00375142526173481,0.12499999999999999,-0.009596695948163748,0.9192183163721094,0.041606096740006294,0.06300693589933253,3.8111435053290736,3.764614070428499,"[0. 0. 0. 0. 0. 0. 0. 0. 0. 0. 0. 0. 0. 0. 0. 0. 0. 0. 0. 0. 0. 0. 0. 0.
 0. 0. 0. 0. 0. 0. 0. 0. 0. 0. 0. 0.]","[0. 0. 0. 0. 0. 0. 0. 0. 0. 0. 0. 0. 0. 0. 0. 0. 0. 0. 0. 0. 0. 0. 0. 0.
 0. 0. 0. 0. 0. 0. 0. 0. 0. 0. 0. 0.]",-0.00019569114112378568,-0.0002001354352555296,-0.009417254377135968,0.129176372559927,-0.009104086357874502,9.807367198284963,"[3.99999998e-08 0.00000000e+00 0.00000000e+00 0.00000000e+00
 3.99999998e-08 0.00000000e+00 0.00000000e+00 0.00000000e+00
 3.99999998e-08]","[0.000289 0.       0.       0.       0.000289 0.       0.       0.
 0.000289]"
1786809870.6155026,-0.24999334026664408,0.001824780076039833,-0.012057447871188072,0.8666207647371506,-0.5354747586530689,0.0039085988041527575,0.125,-0.009696124787164449,0.9217133707719799,0.04176327028242424,0.06281450483664186,3.811384544938774,3.764373030818798,"[0. 0. 0. 0. 0. 0. 0. 0. 0. 0. 0. 0. 0. 0. 0. 0. 0. 0. 0. 0. 0. 0. 0. 0.
 0. 0. 0. 0. 0. 0. 0. 0. 0. 0. 0. 0.]","[0. 0. 0. 0. 0. 0. 0. 0. 0. 0. 0. 0. 0. 0. 0. 0. 0. 0. 0. 0. 0. 0. 0. 0.
 0. 0. 0. 0. 0. 0. 0. 0. 0. 0. 0. 0.]",0.00011700859308717987,0.00011662776029693003,-0.009944552242833497,0.12063302017651416,0.0018790703439917678,9.80730912821739,"[3.99999998e-08 0.00000000e+00 0.00000000e+00 0.00000000e+00
 3.99999998e-08 0.00000000e+00 0.00000000e+00 0.00000000e+00
 3.99999998e-08]","[0.000289 0.       0.       0.       0.000289 0.       0.       0.
 0.000289]"
1786809870.665254,-0.2499927280177468,0.001906813636641268,-0.011889390383964115,0.8666230866524774,-0.5329796739083293,0.004065289891907867,0.2,-5.0,0.9242084555167195,0.04191996137017935,0.06262058234089776,4.331055072005016,3.121546020614298,"[0. 0. 0. 0. 0. 0. 0. 0. 0. 0. 0. 0. 0. 0. 0. 0. 0. 0. 0. 0. 0. 0. 0. 0.
 0. 0. 0. 0. 0. 0. 0. 0. 0. 0. 0. 0.]","[0. 0. 0. 0. 0. 0. 0. 0. 0. 0. 0. 0. 0. 0. 0. 0. 0. 0. 0. 0. 0. 0. 0. 0.
 0. 0. 0. 0. 0. 0. 0. 0. 0. 0. 0. 0.]",-0.0005681950418989846,-1.4927486149212841e-06,-0.05740233562843666,0.119726037583043,-0.008118624170859384,9.808281332099867,"[3.99999998e-08 0.00000000e+00 0.00000000e+00 0.00000000e+00
 3.99999998e-08 0.00000000e+00 0.00000000e+00 0.00000000e+00
 3.99999998e-08]","[0.000289 0.       0.       0.       0.000289 0.       0.       0.
 0.000289]"
1786809870.7164078,-0.24999211523793083,0.001985527351891579,-0.006076388351518508,0.8666833386118435,-0.5305397200472818,0.004213737398942367,0.2,-4.973833657938501,0.926648409377767,0.04206840887721385,0.05591319332503911,7.41639727314876,-0.7473625757003175,"[0. 0. 0. 0. 0. 0. 0. 0. 0. 0. 0. 0. 0. 0. 0. 0. 0. 0. 0. 0. 0. 0. 0. 0.
 0. 0. 0. 0. 0. 0. 0. 0. 0. 0. 0. 0.]","[0. 0. 0. 0. 0. 0. 0. 0. 0. 0. 0. 0. 0. 0. 0. 0. 0. 0. 0. 0. 0. 0. 0. 0.
 0. 0. 0. 0. 0. 0. 0. 0. 0. 0. 0. 0.]",-0.01841687099315899,-0.000533194387766453,-1.4913045140226167,0.10648822564322082,-0.20766466898466354,9.796133388051299,"[3.99999998e-08 0.00000000e+00 0.00000000e+00 0.00000000e+00
 3.99999998e-08 0.00000000e+00 0.00000000e+00 0.00000000e+00
 3.99999998e-08]","[0.000289 0.       0.       0.       0.000289 0.       0.       0.
 0.000289]"
1786809870.7678,-0.24999165671752832,0.0020424425635678202,0.01606461293838434,0.8665557455431878,-0.5282646679422719,0.0043159450071305755,0.2,-4.130974131850385,0.9289234614827769,0.04217061648540206,0.03036588452287603,8.82692775518591,-2.582556409019165,"[0. 0. 0. 0. 0. 0. 0. 0. 0. 0. 0. 0. 0. 0. 0. 0. 0. 0. 0. 0. 0. 0. 0. 0.
 0. 0. 0. 0. 0. 0. 0. 0. 0. 0. 0. 0.]","[0. 0. 0. 0. 0. 0. 0. 0. 0. 0. 0. 0. 0. 0. 0. 0. 0. 0. 0. 0. 0. 0. 0. 0.
 0. 0. 0. 0. 0. 0. 0. 0. 0. 0. 0. 0.]",-0.0278151838403292,-0.0002943446256402159,-2.208822467458868,0.020447687698757266,-0.28363239413235736,9.809874798907284,"[3.99999998e-08 0.00000000e+00 0.00000000e+00 0.00000000e+00
 3.99999998e-08 0.00000000e+00 0.00000000e+00 0.00000000e+00
 3.99999998e-08]","[0.000289 0.       0.       0.       0.000289 0.       0.       0.
 0.000289]"
1786809870.8163738,-0.24999150908642187,0.002060433132484821,0.05474762261929351,0.864973774018788,-0.5261795943657475,0.0043367787723294915,0.2,-3.5374595681499423,0.9310085350593014,0.042191450250600976,-0.014307423911817663,14.454447437908012,-2.6968716803947372,"[0. 0. 0. 0. 0. 0. 0. 0. 0. 0. 0. 0. 0. 0. 0. 0. 0. 0. 0. 0. 0. 0. 0. 0.
 0. 0. 0. 0. 0. 0. 0. 0. 0. 0. 0. 0.]","[0. 0. 0. 0. 0. 0. 0. 0. 0. 0. 0. 0. 0. 0. 0. 0. 0. 0. 0. 0. 0. 0. 0. 0.
 0. 0. 0. 0. 0. 0. 0. 0. 0. 0. 0. 0.]",-0.0387055438593552,-0.0012922509077741308,-3.1074051756064796,-2.13569653734175,-0.07013756387784134,9.731357213929567,"[3.99999998e-08 0.00000000e+00 0.00000000e+00 0.00000000e+00
 3.99999998e-08 0.00000000e+00 0.00000000e+00 0.00000000e+00
 3.99999998e-08]","[0.000289 0.       0.       0.       0.000289 0.       0.       0.
 0.000289]"
1786809870.8662245,-0.24999198344213658,0.0020020526133233307,0.10957747782340113,0.859749793996272,-0.5232130329950792,0.004190134441951335,0.2,-3.1605892455120945,0.9339750964299697,0.04204480592022282,-0.07786705327604768,13.722640595151603,-1.6014284742066287,"[0. 0. 0. 0. 0. 0. 0. 0. 0. 0. 0. 0. 0. 0. 0. 0. 0. 0. 0. 0. 0. 0. 0. 0.
 0. 0. 0. 0. 0. 0. 0. 0. 0. 0. 0. 0.]","[0. 0. 0. 0. 0. 0. 0. 0. 0. 0. 0. 0. 0. 0. 0. 0. 0. 0. 0. 0. 0. 0. 0. 0.
 0. 0. 0. 0. 0. 0. 0. 0. 0. 0. 0. 0.]",-0.03951667392637986,2.1247764116551888e-05,-3.1602085359368703,0.11161945861748286,-0.732572945721567,9.787012202409315,"[3.99999998e-08 0.00000000e+00 0.00000000e+00 0.00000000e+00
 3.99999998e-08 0.00000000e+00 0.00000000e+00 0.00000000e+00
 3.99999998e-08]","[0.000289 0.       0.       0.       0.000289 0.       0.       0.
 0.000289]"
1786809870.9152706,-0.2499955534616461,0.0014910564728556647,0.21399190707659094,0.8398716542594433,-0.5153032757624464,0.0030734398039091587,0.2,-2.975362667905065,0.9418848536626024,0.04092811128218064,-0.20058069425579542,13.273606467627076,-1.152394346651709,"[0. 0. 0. 0. 0. 0. 0. 0. 0. 0. 0. 0. 0. 0. 0. 0. 0. 0. 0. 0. 0. 0. 0. 0.
 0. 0. 0. 0. 0. 0. 0. 0. 0. 0. 0. 0.]","[0. 0. 0. 0. 0. 0. 0. 0. 0. 0. 0. 0. 0. 0. 0. 0. 0. 0. 0. 0. 0. 0. 0. 0.
 0. 0. 0. 0. 0. 0. 0. 0. 0. 0. 0. 0.]",-0.03708082338266593,0.00039421260233510623,-2.974853135002984,0.124441447026889,-0.678607786836933,9.778241585556115,"[3.99999998e-08 0.00000000e+00 0.00000000e+00 0.00000000e+00
 3.99999998e-08 0.00000000e+00 0.00000000e+00 0.00000000e+00
 3.99999998e-08]","[0.000289 0.       0.       0.       0.000289 0.       0.       0.
 0.000289]"
1786809870.9674208,-0.2499955534616461,0.0014910564728556647,0.21399190707659094,0.8398716542594433,-0.5153032757624464,0.0030734398039091587,0.2,-3.0395121927307143,0.945777917926013,0.040014699871789364,-0.2606495529978478,13.429120467201553,-1.3079083462365044,"[0. 0. 0. 0. 0. 0. 0. 0. 0. 0. 0. 0. 0. 0. 0. 0. 0. 0. 0. 0. 0. 0. 0. 0.
 0. 0. 0. 0. 0. 0. 0. 0. 0. 0. 0. 0.]","[0. 0. 0. 0. 0. 0. 0. 0. 0. 0. 0. 0. 0. 0. 0. 0. 0. 0. 0. 0. 0. 0. 0. 0.
 0. 0. 0. 0. 0. 0. 0. 0. 0. 0. 0. 0.]",-0.038019577198253794,7.698594776346718e-05,-3.0395208630385135,0.10275410705038958,-0.6907627777222827,9.806148247049572,"[3.99999998e-08 0.00000000e+00 0.00000000e+00 0.00000000e+00
 3.99999998e-08 0.00000000e+00 0.00000000e+00 0.00000000e+00
 3.99999998e-08]","[0.000289 0.       0.       0.       0.000289 0.       0.       0.
 0.000289]"
1786809871.0189736,-0.2499977701054228,0.0010559082896702905,0.2640257507335534,0.8255103481315987,-0.5114102114990359,0.0021600283935178793,0.2,-2.5844127896384217,0.9496186959514098,0.03886657409006865,-0.31837395595010953,12.325849186997676,-0.20463706596417663,"[0. 0. 0. 0. 0. 0. 0. 0. 0. 0. 0. 0. 0. 0. 0. 0. 0. 0. 0. 0. 0. 0. 0. 0.
 0. 0. 0. 0. 0. 0. 0. 0. 0. 0. 0. 0.]","[0. 0. 0. 0. 0. 0. 0. 0. 0. 0. 0. 0. 0. 0. 0. 0. 0. 0. 0. 0. 0. 0. 0. 0.
 0. 0. 0. 0. 0. 0. 0. 0. 0. 0. 0. 0.]",-0.032094235998747174,-0.00017492756017728684,-2.5841774580070704,0.11444677787931593,-0.5643653600379075,9.780050921050286,"[3.99999998e-08 0.00000000e+00 0.00000000e+00 0.00000000e+00
 3.99999998e-08 0.00000000e+00 0.00000000e+00 0.00000000e+00
 3.99999998e-08]","[0.000289 0.       0.       0.       0.000289 0.       0.       0.
 0.000289]"
1786809871.0661101,-0.24999950318439187,0.0004984050132589749,0.3112116246211762,0.8089031194298969,-0.507569433473639,0.0010119026117971636,0.2,-2.483115645795399,0.9496186959514098,0.03886657409006865,-0.31837395595010953,12.080280353442523,0.04093176760471008,"[0. 0. 0. 0. 0. 0. 0. 0. 0. 0. 0. 0. 0. 0. 0. 0. 0. 0. 0. 0. 0. 0. 0. 0.
 0. 0. 0. 0. 0. 0. 0. 0. 0. 0. 0. 0.]","[0. 0. 0. 0. 0. 0. 0. 0. 0. 0. 0. 0. 0. 0. 0. 0. 0. 0. 0. 0. 0. 0. 0. 0.
 0. 0. 0. 0. 0. 0. 0. 0. 0. 0. 0. 0.]",-0.030772860543578154,-0.00023689326958626998,-2.4829282354028965,0.10232385024505575,-0.5731419208372986,9.769916045654584,"[3.99999998e-08 0.00000000e+00 0.00000000e+00 0.00000000e+00
 3.99999998e-08 0.00000000e+00 0.00000000e+00 0.00000000e+00
 3.99999998e-08]","[0.000289 0.       0.       0.       0.000289 0.       0.       0.
 0.000289]"
1786809871.115236,-0.24999994430315803,-0.00016687845241238834,0.6606580408298437,7.985239658248915,-0.5038032267781704,-0.0003362956861428651,0.2,-2.4044822887992483,0.9533849026468785,0.03751837579212862,-0.3687021226106675,11.889654033454566,0.23155808760294927,"[0. 0. 0. 0. 0. 0. 0. 0. 0. 0. 0. 0. 0. 0. 0. 0. 0. 0. 0. 0. 0. 0. 0. 0.
 0. 0. 0. 0. 0. 0. 0. 0. 0. 0. 0. 0.]","[0. 0. 0. 0. 0. 0. 0. 0. 0. 0. 0. 0. 0. 0. 0. 0. 0. 0. 0. 0. 0. 0. 0. 0.
 0. 0. 0. 0. 0. 0. 0. 0. 0. 0. 0. 0.]",-0.029833532352145104,-0.00023835926279638158,-2.4042222865933005,0.11956272336412664,-0.5491873091697127,9.797430502439198,"[3.99999998e-08 0.00000000e+00 0.00000000e+00 0.00000000e+00
 3.99999998e-08 0.00000000e+00 0.00000000e+00 0.00000000e+00
 3.99999998e-08]","[0.000289 0.       0.       0.       0.000289 0.       0.       0.
 0.000289]"
1786809871.1666055,-0.2499935220186107,-0.0017997079569765156,1.3837962081322066,7.892124523912639,-0.49647943680260076,-0.003574164585042096,0.2,-1.9766198049552262,0.9607086926224481,0.03428050689322939,-0.4597296712963408,10.852411648389317,1.2688004727183313,"[0. 0. 0. 0. 0. 0. 0. 0. 0. 0. 0. 0. 0. 0. 0. 0. 0. 0. 0. 0. 0. 0. 0. 0.
 0. 0. 0. 0. 0. 0. 0. 0. 0. 0. 0. 0.]","[0. 0. 0. 0. 0. 0. 0. 0. 0. 0. 0. 0. 0. 0. 0. 0. 0. 0. 0. 0. 0. 0. 0. 0.
 0. 0. 0. 0. 0. 0. 0. 0. 0. 0. 0. 0.]",-0.024633520372634245,0.00031104744285541223,-1.9768432272777152,0.12035360203032902,-0.4120594499060119,9.789637061265239,"[3.99999998e-08 0.00000000e+00 0.00000000e+00 0.00000000e+00
 3.99999998e-08 0.00000000e+00 0.00000000e+00 0.00000000e+00
 3.99999998e-08]","[0.000289 0.       0.       0.       0.000289 0.       0.       0.
 0.000289]"
1786809871.215473,-0.24998489061515836,-0.0027485385439022405,1.7089692130090244,7.828150846500832,-0.4929343634640898,-0.0054197239451591606,0.2,-2.1480973882370527,0.964253765960959,0.032434947533112324,-0.501093659165321,11.268114880583928,0.8530972405048041,"[0. 0. 0. 0. 0. 0. 0. 0. 0. 0. 0. 0. 0. 0. 0. 0. 0. 0. 0. 0. 0. 0. 0. 0.
 0. 0. 0. 0. 0. 0. 0. 0. 0. 0. 0. 0.]","[0. 0. 0. 0. 0. 0. 0. 0. 0. 0. 0. 0. 0. 0. 0. 0. 0. 0. 0. 0. 0. 0. 0. 0.
 0. 0. 0. 0. 0. 0. 0. 0. 0. 0. 0. 0.]",-0.026444690605842393,1.482352271512232e-05,-2.148025605123972,0.11967280028015509,-0.4401857118494034,9.79117764116056,"[3.99999998e-08 0.00000000e+00 0.00000000e+00 0.00000000e+00
 3.99999998e-08 0.00000000e+00 0.00000000e+00 0.00000000e+00
 3.99999998e-08]","[0.000289 0.       0.       0.       0.000289 0.       0.       0.
 0.000289]"
1786809871.2650845,-0.24997130874711307,-0.0037874533997774612,2.042484332950915,7.747824158835462,-0.48946813499120145,-0.007416202128343537,0.2,-2.051013872432244,0.9677199944338474,0.030438469349927947,-0.5439114171316183,11.032760902877598,1.088451218222034,"[0. 0. 0. 0. 0. 0. 0. 0. 0. 0. 0. 0. 0. 0. 0. 0. 0. 0. 0. 0. 0. 0. 0. 0.
 0. 0. 0. 0. 0. 0. 0. 0. 0. 0. 0. 0.]","[0. 0. 0. 0. 0. 0. 0. 0. 0. 0. 0. 0. 0. 0. 0. 0. 0. 0. 0. 0. 0. 0. 0. 0.
 0. 0. 0. 0. 0. 0. 0. 0. 0. 0. 0. 0.]",-0.02551510952214337,-0.00018477881984141502,-2.050973851985663,0.11273012966765636,-0.4325371177066481,9.818939769451097,"[3.99999998e-08 0.00000000e+00 0.00000000e+00 0.00000000e+00
 3.99999998e-08 0.00000000e+00 0.00000000e+00 0.00000000e+00
 3.99999998e-08]","[0.000289 0.       0.       0.       0.000289 0.       0.       0.
 0.000289]"
1786809871.3151271,-0.2499517070751314,-0.004913667696101404,2.358494941385807,7.6575468041692005,-0.4860887792637534,-0.009555760830982175,0.2,-2.0552051510695293,0.9710993501612954,0.02829891064728931,-0.5849316945833533,11.04292157836187,1.0782905427373009,"[0. 0. 0. 0. 0. 0. 0. 0. 0. 0. 0. 0. 0. 0. 0. 0. 0. 0. 0. 0. 0. 0. 0. 0.
 0. 0. 0. 0. 0. 0. 0. 0. 0. 0. 0. 0.]","[0. 0. 0. 0. 0. 0. 0. 0. 0. 0. 0. 0. 0. 0. 0. 0. 0. 0. 0. 0. 0. 0. 0. 0.
 0. 0. 0. 0. 0. 0. 0. 0. 0. 0. 0. 0.]",-0.02543234245347662,0.0002581419786666428,-2.054796727912937,0.10897553399489235,-0.4454064592185296,9.77204464242104,"[3.99999998e-08 0.00000000e+00 0.00000000e+00 0.00000000e+00
 3.99999998e-08 0.00000000e+00 0.00000000e+00 0.00000000e+00
 3.99999998e-08]","[0.000289 0.       0.       0.       0.000289 0.       0.       0.
 0.000289]"
1786809871.365531,-0.24988986448003514,-0.007419948123112269,2.973661740688044,7.440286103272679,-0.47960696162671146,-0.01424090881860482,0.2,-2.010351249889511,0.9775811677983374,0.023613762659666665,-0.6663773843716396,10.934184848229478,1.1870272728745714,"[0. 0. 0. 0. 0. 0. 0. 0. 0. 0. 0. 0. 0. 0. 0. 0. 0. 0. 0. 0. 0. 0. 0. 0.
 0. 0. 0. 0. 0. 0. 0. 0. 0. 0. 0. 0.]","[0. 0. 0. 0. 0. 0. 0. 0. 0. 0. 0. 0. 0. 0. 0. 0. 0. 0. 0. 0. 0. 0. 0. 0.
 0. 0. 0. 0. 0. 0. 0. 0. 0. 0. 0. 0.]",-0.024998243806237136,0.00021845499452944798,-2.010239815914964,0.1384385455452753,-0.4451628479399896,9.799292384806431,"[3.99999998e-08 0.00000000e+00 0.00000000e+00 0.00000000e+00
 3.99999998e-08 0.00000000e+00 0.00000000e+00 0.00000000e+00
 3.99999998e-08]","[0.000289 0.       0.       0.       0.000289 0.       0.       0.
 0.000289]"
1786809871.4157686,-0.2498452315550908,-0.008795468673302768,3.27138494940013,7.314271116073199,-0.47651440967404324,-0.016775055247517334,0.2,-2.1617880898564046,0.9806737197510056,0.02107961623075415,-0.7067286882332402,11.30130446026698,0.8199076608201737,"[0. 0. 0. 0. 0. 0. 0. 0. 0. 0. 0. 0. 0. 0. 0. 0. 0. 0. 0. 0. 0. 0. 0. 0.
 0. 0. 0. 0. 0. 0. 0. 0. 0. 0. 0. 0.]","[0. 0. 0. 0. 0. 0. 0. 0. 0. 0. 0. 0. 0. 0. 0. 0. 0. 0. 0. 0. 0. 0. 0. 0.
 0. 0. 0. 0. 0. 0. 0. 0. 0. 0. 0. 0.]",-0.026618173115593547,5.894700476577521e-05,-2.161829686561625,0.15210089805227045,-0.45498102580056765,9.792031881440685,"[3.99999998e-08 0.00000000e+00 0.00000000e+00 0.00000000e+00
 3.99999998e-08 0.00000000e+00 0.00000000e+00 0.00000000e+00
 3.99999998e-08]","[0.000289 0.       0.       0.       0.000289 0.       0.       0.
 0.000289]"
1786809871.4713917,-0.24978965904281747,-0.010253108566331937,3.5844121015337764,7.16606665702759,-0.47352998667997304,-0.019436971015726626,0.2,-2.083520783464027,0.9836581427450758,0.01841770046254486,-0.7499567413754209,11.11156553568127,1.0096465854147694,"[0. 0. 0. 0. 0. 0. 0. 0. 0. 0. 0. 0. 0. 0. 0. 0. 0. 0. 0. 0. 0. 0. 0. 0.
 0. 0. 0. 0. 0. 0. 0. 0. 0. 0. 0. 0.]","[0. 0. 0. 0. 0. 0. 0. 0. 0. 0. 0. 0. 0. 0. 0. 0. 0. 0. 0. 0. 0. 0. 0. 0.
 0. 0. 0. 0. 0. 0. 0. 0. 0. 0. 0. 0.]",-0.0258436064910266,0.00041150325352603374,-2.082798622434506,0.09337646164083085,-0.46605922839500896,9.806961322158612,"[3.99999998e-08 0.00000000e+00 0.00000000e+00 0.00000000e+00
 3.99999998e-08 0.00000000e+00 0.00000000e+00 0.00000000e+00
 3.99999998e-08]","[0.000289 0.       0.       0.       0.000289 0.       0.       0.
 0.000289]"
1786809871.5167525,-0.24972174845368883,-0.011791876408466762,-0.1328504220821732,4.276065874250338,-0.47066139507219273,-0.02222466018796554,0.2,-2.0771928663152313,0.9865267343528561,0.015630011290305945,-0.7919639785959152,11.09622513047221,1.0249869906245326,"[0. 0. 0. 0. 0. 0. 0. 0. 0. 0. 0. 0. 0. 0. 0. 0. 0. 0. 0. 0. 0. 0. 0. 0.
 0. 0. 0. 0. 0. 0. 0. 0. 0. 0. 0. 0.]","[0. 0. 0. 0. 0. 0. 0. 0. 0. 0. 0. 0. 0. 0. 0. 0. 0. 0. 0. 0. 0. 0. 0. 0.
 0. 0. 0. 0. 0. 0. 0. 0. 0. 0. 0. 0.]",-0.026071839908295074,1.2346131597124951e-05,-2.077095862151722,0.10391937253188344,-0.4898074577150271,9.809099740410076,"[3.99999998e-08 0.00000000e+00 0.00000000e+00 0.00000000e+00
 3.99999998e-08 0.00000000e+00 0.00000000e+00 0.00000000e+00
 3.99999998e-08]","[0.000289 0.       0.       0.       0.000289 0.       0.       0.
 0.000289]"
1786809871.5660815,-0.24964025118651026,-0.013406900743127101,0.044857380046026324,4.277893922367772,-0.4679115357410283,-0.0251291347706476,0.2,0.6653432873822137,0.9892765936840205,0.012725536707623884,-0.8335078359228685,9.508990714914493,2.915236459562115,"[0. 0. 0. 0. 0. 0. 0. 0. 0. 0. 0. 0. 0. 0. 0. 0. 0. 0. 0. 0. 0. 0. 0. 0.
 0. 0. 0. 0. 0. 0. 0. 0. 0. 0. 0. 0.]","[0. 0. 0. 0. 0. 0. 0. 0. 0. 0. 0. 0. 0. 0. 0. 0. 0. 0. 0. 0. 0. 0. 0. 0.
 0. 0. 0. 0. 0. 0. 0. 0. 0. 0. 0. 0.]",-0.01736828157456245,0.00018966896273970912,-1.4081679247318002,0.013008655775304315,-0.3028336676651219,9.794721519909865,"[3.99999998e-08 0.00000000e+00 0.00000000e+00 0.00000000e+00
 3.99999998e-08 0.00000000e+00 0.00000000e+00 0.00000000e+00
 3.99999998e-08]","[0.000289 0.       0.       0.       0.000289 0.       0.       0.
 0.000289]"
1786809871.616639,-0.24954248488894681,-0.015117811860508997,0.1836546997845771,4.274185249474192,-0.46523476292450083,-0.028184906550045512,0.2,0.22108749053262933,0.991953366500548,0.009669764928225974,-0.8659643023300752,7.736074487010442,5.081844630533304,"[0. 0. 0. 0. 0. 0. 0. 0. 0. 0. 0. 0. 0. 0. 0. 0. 0. 0. 0. 0. 0. 0. 0. 0.
 0. 0. 0. 0. 0. 0. 0. 0. 0. 0. 0. 0.]","[0. 0. 0. 0. 0. 0. 0. 0. 0. 0. 0. 0. 0. 0. 0. 0. 0. 0. 0. 0. 0. 0. 0. 0.
 0. 0. 0. 0. 0. 0. 0. 0. 0. 0. 0. 0.]",-0.008714921679096056,0.0002718133152039418,-0.6910613101215023,0.09584702259376165,-0.14303230486265558,9.834670509882153,"[3.99999998e-08 0.00000000e+00 0.00000000e+00 0.00000000e+00
 3.99999998e-08 0.00000000e+00 0.00000000e+00 0.00000000e+00
 3.99999998e-08]","[0.000289 0.       0.       0.       0.000289 0.       0.       0.
 0.000289]"
1786809871.6806517,-0.24929931309709488,-0.018704344129550726,0.2534501923978111,4.270614896657065,-0.45997793169127266,-0.03451106791859347,0.2,-0.14907798082254853,0.9972101977337762,0.003343603559678013,-0.8823003053373433,6.42200722624114,5.699204894970389,"[0. 0. 0. 0. 0. 0. 0. 0. 0. 0. 0. 0. 0. 0. 0. 0. 0. 0. 0. 0. 0. 0. 0. 0.
 0. 0. 0. 0. 0. 0. 0. 0. 0. 0. 0. 0.]","[0. 0. 0. 0. 0. 0. 0. 0. 0. 0. 0. 0. 0. 0. 0. 0. 0. 0. 0. 0. 0. 0. 0. 0.
 0. 0. 0. 0. 0. 0. 0. 0. 0. 0. 0. 0.]",-0.0016603549861825694,-9.520744514227349e-05,-0.1486890768530433,0.13053426310795327,-0.02615758187557824,9.830165494451128,"[3.99999998e-08 0.00000000e+00 0.00000000e+00 0.00000000e+00
 3.99999998e-08 0.00000000e+00 0.00000000e+00 0.00000000e+00
 3.99999998e-08]","[0.000289 0.       0.       0.       0.000289 0.       0.       0.
 0.000289]"
1786809871.72304,-0.24915962988301352,-0.02048118249905809,0.27236198337540085,4.269450496912635,-0.45744354992849157,-0.03760233884398284,0.2,-0.34266802574627225,0.9997445794965573,0.00025233263428864436,-0.8867292550449141,6.891316426061385,5.2298956951476,"[0. 0. 0. 0. 0. 0. 0. 0. 0. 0. 0. 0. 0. 0. 0. 0. 0. 0. 0. 0. 0. 0. 0. 0.
 0. 0. 0. 0. 0. 0. 0. 0. 0. 0. 0. 0.]","[0. 0. 0. 0. 0. 0. 0. 0. 0. 0. 0. 0. 0. 0. 0. 0. 0. 0. 0. 0. 0. 0. 0. 0.
 0. 0. 0. 0. 0. 0. 0. 0. 0. 0. 0. 0.]",-0.003992187351393723,-7.616797328724124e-05,-0.34243073817118397,0.14074284945765364,-0.0513142282133307,9.800838728237824,"[3.99999998e-08 0.00000000e+00 0.00000000e+00 0.00000000e+00
 3.99999998e-08 0.00000000e+00 0.00000000e+00 0.00000000e+00
 3.99999998e-08]","[0.000289 0.       0.       0.       0.000289 0.       0.       0.
 0.000289]"
1786809871.765315,-0.24900495060490332,-0.0222830557655285,0.306393772736998,4.2671432424519935,-0.4549280683749981,-0.04071078704370397,0.2,-0.45105921158439943,1.0022600610500507,-0.0028561155654324845,-0.8947023670649019,7.154082937186565,4.967129184020121,"[0. 0. 0. 0. 0. 0. 0. 0. 0. 0. 0. 0. 0. 0. 0. 0. 0. 0. 0. 0. 0. 0. 0. 0.
 0. 0. 0. 0. 0. 0. 0. 0. 0. 0. 0. 0.]","[0. 0. 0. 0. 0. 0. 0. 0. 0. 0. 0. 0. 0. 0. 0. 0. 0. 0. 0. 0. 0. 0. 0. 0.
 0. 0. 0. 0. 0. 0. 0. 0. 0. 0. 0. 0.]",-0.005531990931953573,-0.00023681548678192076,-0.4509137361991877,0.13053928703842416,-0.06011173348494216,9.794029294868569,"[3.99999998e-08 0.00000000e+00 0.00000000e+00 0.00000000e+00
 3.99999998e-08 0.00000000e+00 0.00000000e+00 0.00000000e+00
 3.99999998e-08]","[0.000289 0.       0.       0.       0.000289 0.       0.       0.
 0.000289]"
1786809871.8155055,-0.24883445026181022,-0.02411257686151976,0.3514871464106726,4.263665721123527,-0.45244168849179145,-0.043842542612711685,0.2,-0.5592415329139678,1.0047464409332574,-0.005987871134440204,-0.905274155481598,7.416343110108857,4.704869011094906,"[0. 0. 0. 0. 0. 0. 0. 0. 0. 0. 0. 0. 0. 0. 0. 0. 0. 0. 0. 0. 0. 0. 0. 0.
 0. 0. 0. 0. 0. 0. 0. 0. 0. 0. 0. 0.]","[0. 0. 0. 0. 0. 0. 0. 0. 0. 0. 0. 0. 0. 0. 0. 0. 0. 0. 0. 0. 0. 0. 0. 0.
 0. 0. 0. 0. 0. 0. 0. 0. 0. 0. 0. 0.]",-0.006913893334754527,-5.801253062448555e-05,-0.5591308844299515,0.10432856974973867,-0.09289011265873118,9.830070296185289,"[3.99999998e-08 0.00000000e+00 0.00000000e+00 0.00000000e+00
 3.99999998e-08 0.00000000e+00 0.00000000e+00 0.00000000e+00
 3.99999998e-08]","[0.000289 0.       0.       0.       0.000289 0.       0.       0.
 0.000289]"
1786809871.8700814,-0.24864725458902187,-0.02597196152280662,0.4029858176046699,4.259106834347456,-0.4499903893726067,-0.04700286394770479,0.2,-0.6538821930852573,1.0071977400524421,-0.009148192469433304,-0.9173589657020148,7.64577501355601,4.475437107644683,"[0. 0. 0. 0. 0. 0. 0. 0. 0. 0. 0. 0. 0. 0. 0. 0. 0. 0. 0. 0. 0. 0. 0. 0.
 0. 0. 0. 0. 0. 0. 0. 0. 0. 0. 0. 0.]","[0. 0. 0. 0. 0. 0. 0. 0. 0. 0. 0. 0. 0. 0. 0. 0. 0. 0. 0. 0. 0. 0. 0. 0.
 0. 0. 0. 0. 0. 0. 0. 0. 0. 0. 0. 0.]",-0.008063623594529718,-8.116731808333818e-05,-0.6538815970876214,0.14090256723187994,-0.16830472117226952,9.804054649332214,"[3.99999998e-08 0.00000000e+00 0.00000000e+00 0.00000000e+00
 3.99999998e-08 0.00000000e+00 0.00000000e+00 0.00000000e+00
 3.99999998e-08]","[0.000289 0.       0.       0.       0.000289 0.       0.       0.
 0.000289]"
1786809871.9200704,-0.24844255220128084,-0.02786212941815196,0.46236048171039673,4.253070817718445,-0.4499903893726067,-0.04700286394770479,0.2,-0.7363259802726687,1.0096075886798632,-0.012340220019967226,-0.9313092622341254,7.845638740072144,4.275573381125484,"[0. 0. 0. 0. 0. 0. 0. 0. 0. 0. 0. 0. 0. 0. 0. 0. 0. 0. 0. 0. 0. 0. 0. 0.
 0. 0. 0. 0. 0. 0. 0. 0. 0. 0. 0. 0.]","[0. 0. 0. 0. 0. 0. 0. 0. 0. 0. 0. 0. 0. 0. 0. 0. 0. 0. 0. 0. 0. 0. 0. 0.
 0. 0. 0. 0. 0. 0. 0. 0. 0. 0. 0. 0.]",-0.009241665076874295,-4.139981013045013e-05,-0.7366332305046618,0.1302892161761717,-0.14280908017592592,9.814023022595794,"[3.99999998e-08 0.00000000e+00 0.00000000e+00 0.00000000e+00
 3.99999998e-08 0.00000000e+00 0.00000000e+00 0.00000000e+00
 3.99999998e-08]","[0.000289 0.       0.       0.       0.000289 0.       0.       0.
 0.000289]"
1786809871.9755313,-0.2482194985329288,-0.02978389746257788,0.5264769091399708,4.245610752261462,-0.4452175069559763,-0.053421720106981194,0.2,-0.8147101434664324,1.0119706224690725,-0.01556704862870971,-0.9463975345792192,8.035660953876175,4.085551167318201,"[0. 0. 0. 0. 0. 0. 0. 0. 0. 0. 0. 0. 0. 0. 0. 0. 0. 0. 0. 0. 0. 0. 0. 0.
 0. 0. 0. 0. 0. 0. 0. 0. 0. 0. 0. 0.]","[0. 0. 0. 0. 0. 0. 0. 0. 0. 0. 0. 0. 0. 0. 0. 0. 0. 0. 0. 0. 0. 0. 0. 0.
 0. 0. 0. 0. 0. 0. 0. 0. 0. 0. 0. 0.]",-0.010302660232592154,0.0003538365106272589,-0.8147136419515337,0.11226163085980578,-0.16369321641736742,9.831700506488811,"[3.99999998e-08 0.00000000e+00 0.00000000e+00 0.00000000e+00
 3.99999998e-08 0.00000000e+00 0.00000000e+00 0.00000000e+00
 3.99999998e-08]","[0.000289 0.       0.       0.       0.000289 0.       0.       0.
 0.000289]"
1786809872.0153296,-0.24797727185181015,-0.03173755890003903,0.0,0.0,-0.4429060278829835,-0.0566856633357865,0.2,-0.8786426905855849,1.0142821015420653,-0.018830991857515016,-0.9630596175092824,8.19064894689297,3.9305631742985123,"[0. 0. 0. 0. 0. 0. 0. 0. 0. 0. 0. 0. 0. 0. 0. 0. 0. 0. 0. 0. 0. 0. 0. 0.
 0. 0. 0. 0. 0. 0. 0. 0. 0. 0. 0. 0.]","[0. 0. 0. 0. 0. 0. 0. 0. 0. 0. 0. 0. 0. 0. 0. 0. 0. 0. 0. 0. 0. 0. 0. 0.
 0. 0. 0. 0. 0. 0. 0. 0. 0. 0. 0. 0.]",-0.010987444009404393,-0.0002873790759293673,-0.8785007509805125,0.13040698737691633,-0.17313122157914365,9.818183955331321,"[3.99999998e-08 0.00000000e+00 0.00000000e+00 0.00000000e+00
 3.99999998e-08 0.00000000e+00 0.00000000e+00 0.00000000e+00
 3.99999998e-08]","[0.000289 0.       0.       0.       0.000289 0.       0.       0.
 0.000289]"
1786809872.0699024,-0.2477142007622714,-0.03372943433722377,0.0,0.0,-0.4406431440038554,-0.05999916010503328,0.125,5.0,1.0165449854211934,-0.0221444886267618,-0.978908012783242,6.302751490801005,6.219481429736892,"[0. 0. 0. 0. 0. 0. 0. 0. 0. 0. 0. 0. 0. 0. 0. 0. 0. 0. 0. 0. 0. 0. 0. 0.
 0. 0. 0. 0. 0. 0. 0. 0. 0. 0. 0. 0.]","[0. 0. 0. 0. 0. 0. 0. 0. 0. 0. 0. 0. 0. 0. 0. 0. 0. 0. 0. 0. 0. 0. 0. 0.
 0. 0. 0. 0. 0. 0. 0. 0. 0. 0. 0. 0.]",-0.0003737948679317033,7.401840616714977e-05,-0.01764456648445837,0.10819315012067608,0.022522247152483334,9.836671358502896,"[3.99999998e-08 0.00000000e+00 0.00000000e+00 0.00000000e+00
 3.99999998e-08 0.00000000e+00 0.00000000e+00 0.00000000e+00
 3.99999998e-08]","[0.000289 0.       0.       0.       0.000289 0.       0.       0.
 0.000289]"
1786809872.1154172,-0.24742248656980598,-0.03580660748540942,0.0,0.0,-0.4383402149282418,-0.06343593195025687,0.12499999999999999,5.0,1.018847914496807,-0.025581260471985393,-0.9787723221341438,4.535997390200994,8.398153275129058,"[0. 0. 0. 0. 0. 0. 0. 0. 0. 0. 0. 0. 0. 0. 0. 0. 0. 0. 0. 0. 0. 0. 0. 0.
 0. 0. 0. 0. 0. 0. 0. 0. 0. 0. 0. 0.]","[0. 0. 0. 0. 0. 0. 0. 0. 0. 0. 0. 0. 0. 0. 0. 0. 0. 0. 0. 0. 0. 0. 0. 0.
 0. 0. 0. 0. 0. 0. 0. 0. 0. 0. 0. 0.]",0.008565594110581198,-8.73354642033833e-05,0.7002736363777329,0.09565211904217447,0.12284103308378952,9.808542721910879,"[3.99999998e-08 0.00000000e+00 0.00000000e+00 0.00000000e+00
 3.99999998e-08 0.00000000e+00 0.00000000e+00 0.00000000e+00
 3.99999998e-08]","[0.000289 0.       0.       0.       0.000289 0.       0.       0.
 0.000289]"
1786809872.1728883,-0.2471000130166644,-0.037968191518220736,0.0,0.0,-0.4359145488629341,-0.06698051883829922,0.12499999999999999,4.715201254373745,1.0212735805621147,-0.029125847360027733,-0.9594898869378385,2.0209201123887217,11.45381369934198,"[0. 0. 0. 0. 0. 0. 0. 0. 0. 0. 0. 0. 0. 0. 0. 0. 0. 0. 0. 0. 0. 0. 0. 0.
 0. 0. 0. 0. 0. 0. 0. 0. 0. 0. 0. 0.]","[0. 0. 0. 0. 0. 0. 0. 0. 0. 0. 0. 0. 0. 0. 0. 0. 0. 0. 0. 0. 0. 0. 0. 0.
 0. 0. 0. 0. 0. 0. 0. 0. 0. 0. 0. 0.]",0.023605336179185647,-6.825828869519131e-06,1.8973326878219976,0.04267381538711284,0.36978752934831266,9.805578548014388,"[3.99999998e-08 0.00000000e+00 0.00000000e+00 0.00000000e+00
 3.99999998e-08 0.00000000e+00 0.00000000e+00 0.00000000e+00
 3.99999998e-08]","[0.000289 0.       0.       0.       0.000289 0.       0.       0.
 0.000289]"
1786809872.21673,-0.2471000130166644,-0.037968191518220736,0.0,0.0,-0.4359145488629341,-0.06698051883829922,0.125,3.828656578247408,1.0238870451259383,-0.03271760366316736,-0.9210578776227755,1.0655560024352204,12.587671990033023,"[0. 0. 0. 0. 0. 0. 0. 0. 0. 0. 0. 0. 0. 0. 0. 0. 0. 0. 0. 0. 0. 0. 0. 0.
 0. 0. 0. 0. 0. 0. 0. 0. 0. 0. 0. 0.]","[0. 0. 0. 0. 0. 0. 0. 0. 0. 0. 0. 0. 0. 0. 0. 0. 0. 0. 0. 0. 0. 0. 0. 0.
 0. 0. 0. 0. 0. 0. 0. 0. 0. 0. 0. 0.]",0.02951705347731085,-0.00032763879445967496,2.3759164277817275,0.0014156066546968053,0.4883363337262361,9.784463950808712,"[3.99999998e-08 0.00000000e+00 0.00000000e+00 0.00000000e+00
 3.99999998e-08 0.00000000e+00 0.00000000e+00 0.00000000e+00
 3.99999998e-08]","[0.000289 0.       0.       0.       0.000289 0.       0.       0.
 0.000289]"
1786809872.2656538,-0.2467486658723005,-0.04018825562573996,0.0,0.0,-0.4333010842991105,-0.07057227514143885,0.125,3.0781715369170093,1.0238870451259383,-0.03271760366316736,-0.9210578776227755,-3.67435506185904,11.250112641598443,"[0. 0. 0. 0. 0. 0. 0. 0. 0. 0. 0. 0. 0. 0. 0. 0. 0. 0. 0. 0. 0. 0. 0. 0.
 0. 0. 0. 0. 0. 0. 0. 0. 0. 0. 0. 0.]","[0. 0. 0. 0. 0. 0. 0. 0. 0. 0. 0. 0. 0. 0. 0. 0. 0. 0. 0. 0. 0. 0. 0. 0.
 0. 0. 0. 0. 0. 0. 0. 0. 0. 0. 0. 0.]",0.03538275506631526,-0.00012870905443615685,2.850976951880185,-4.079160097162371,0.5356610128922488,9.816954559757434,"[3.99999998e-08 0.00000000e+00 0.00000000e+00 0.00000000e+00
 3.99999998e-08 0.00000000e+00 0.00000000e+00 0.00000000e+00
 3.99999998e-08]","[0.000289 0.       0.       0.       0.000289 0.       0.       0.
 0.000289]"
1786809872.3179102,-0.24646002314883117,-0.04192203465336115,0.0,0.0,-0.4311035717450695,-0.0733292914728442,0.125,2.511843129862345,1.0260845576799793,-0.03547461999457271,-0.8643512021056518,-3.4748138618079563,10.983892087636976,"[0. 0. 0. 0. 0. 0. 0. 0. 0. 0. 0. 0. 0. 0. 0. 0. 0. 0. 0. 0. 0. 0. 0. 0.
 0. 0. 0. 0. 0. 0. 0. 0. 0. 0. 0. 0.]","[0. 0. 0. 0. 0. 0. 0. 0. 0. 0. 0. 0. 0. 0. 0. 0. 0. 0. 0. 0. 0. 0. 0. 0.
 0. 0. 0. 0. 0. 0. 0. 0. 0. 0. 0. 0.]",0.038240110979651375,-0.0025833312812614923,3.077618347841998,0.09130086738339852,0.2841556665372835,9.7843023450348,"[3.99999998e-08 0.00000000e+00 0.00000000e+00 0.00000000e+00
 3.99999998e-08 0.00000000e+00 0.00000000e+00 0.00000000e+00
 3.99999998e-08]","[0.000289 0.       0.       0.       0.000289 0.       0.       0.
 0.000289]"
1786809872.3663588,-0.24625488824956676,-0.043110671685713614,0.0,0.0,-0.4294255541126484,-0.07517748869230254,0.125,2.0663164256040827,1.0277625753124005,-0.037322817214031044,-0.8030759543485808,-1.221373152980538,8.797130728736226,"[0. 0. 0. 0. 0. 0. 0. 0. 0. 0. 0. 0. 0. 0. 0. 0. 0. 0. 0. 0. 0. 0. 0. 0.
 0. 0. 0. 0. 0. 0. 0. 0. 0. 0. 0. 0.]","[0. 0. 0. 0. 0. 0. 0. 0. 0. 0. 0. 0. 0. 0. 0. 0. 0. 0. 0. 0. 0. 0. 0. 0.
 0. 0. 0. 0. 0. 0. 0. 0. 0. 0. 0. 0.]",0.03597630579607413,-0.003266671521319339,2.858732392562857,0.11752849756009705,0.44648521525621987,9.729518448814387,"[3.99999998e-08 0.00000000e+00 0.00000000e+00 0.00000000e+00
 3.99999998e-08 0.00000000e+00 0.00000000e+00 0.00000000e+00
 3.99999998e-08]","[0.000289 0.       0.       0.       0.000289 0.       0.       0.
 0.000289]"
1786809872.4175532,-0.2460500773847032,-0.044264652025985333,0.0,0.0,-0.42765069502534847,-0.07693478256611466,0.125,1.6891974199193664,1.0295374343997004,-0.03908011108784318,-0.7595929762521948,-4.540220344459524,8.533455332258471,"[0. 0. 0. 0. 0. 0. 0. 0. 0. 0. 0. 0. 0. 0. 0. 0. 0. 0. 0. 0. 0. 0. 0. 0.
 0. 0. 0. 0. 0. 0. 0. 0. 0. 0. 0. 0.]","[0. 0. 0. 0. 0. 0. 0. 0. 0. 0. 0. 0. 0. 0. 0. 0. 0. 0. 0. 0. 0. 0. 0. 0.
 0. 0. 0. 0. 0. 0. 0. 0. 0. 0. 0. 0.]",0.03423272857704932,0.008177763121174656,2.744044596350692,0.05237368170394131,0.1250565568708764,9.788567154140631,"[3.99999998e-08 0.00000000e+00 0.00000000e+00 0.00000000e+00
 3.99999998e-08 0.00000000e+00 0.00000000e+00 0.00000000e+00
 3.99999998e-08]","[0.000289 0.       0.       0.       0.000289 0.       0.       0.
 0.000289]"
1786809872.465265,-0.2460500773847032,-0.044264652025985333,0.0,0.0,-0.42765069502534847,-0.07693478256611466,0.12499999999999999,1.3927485027533912,1.0306502687090748,-0.04009169843254953,-0.7124278218148733,-2.6712007285105344,7.164238973929155,"[0. 0. 0. 0. 0. 0. 0. 0. 0. 0. 0. 0. 0. 0. 0. 0. 0. 0. 0. 0. 0. 0. 0. 0.
 0. 0. 0. 0. 0. 0. 0. 0. 0. 0. 0. 0.]","[0. 0. 0. 0. 0. 0. 0. 0. 0. 0. 0. 0. 0. 0. 0. 0. 0. 0. 0. 0. 0. 0. 0. 0.
 0. 0. 0. 0. 0. 0. 0. 0. 0. 0. 0. 0.]",0.024871918239464743,0.003008166165267851,2.0288971802656297,4.33579471573278,0.08757759897882175,9.719056675628824,"[3.99999998e-08 0.00000000e+00 0.00000000e+00 0.00000000e+00
 3.99999998e-08 0.00000000e+00 0.00000000e+00 0.00000000e+00
 3.99999998e-08]","[0.000289 0.       0.       0.       0.000289 0.       0.       0.
 0.000289]"
1786809872.5166717,-0.2459273945873139,-0.04494125711966211,0.0,0.0,-0.426537860715974,-0.07794636991082102,0.12499999999999999,1.131998505394246,1.0306502687090748,-0.04009169843254953,-0.7124278218148733,-0.310701929250239,6.532117768246074,"[0. 0. 0. 0. 0. 0. 0. 0. 0. 0. 0. 0. 0. 0. 0. 0. 0. 0. 0. 0. 0. 0. 0. 0.
 0. 0. 0. 0. 0. 0. 0. 0. 0. 0. 0. 0.]","[0. 0. 0. 0. 0. 0. 0. 0. 0. 0. 0. 0. 0. 0. 0. 0. 0. 0. 0. 0. 0. 0. 0. 0.
 0. 0. 0. 0. 0. 0. 0. 0. 0. 0. 0. 0.]",0.019478134575075252,-0.0011959914896449348,1.5531843141306831,4.342752016677119,0.08272924125274148,9.745540959817813,"[3.99999998e-08 0.00000000e+00 0.00000000e+00 0.00000000e+00
 3.99999998e-08 0.00000000e+00 0.00000000e+00 0.00000000e+00
 3.99999998e-08]","[0.000289 0.       0.       0.       0.000289 0.       0.       0.
 0.000289]"
1786809872.5652664,-0.2457677085876031,-0.04580647787812324,0.0,0.0,-0.4250145234328979,-0.07921471245100808,0.12499999999999997,0.9354378271586865,1.032173605992151,-0.0413600409727366,-0.6817653561039916,1.5201507016498665,6.055606873661966,"[0. 0. 0. 0. 0. 0. 0. 0. 0. 0. 0. 0. 0. 0. 0. 0. 0. 0. 0. 0. 0. 0. 0. 0.
 0. 0. 0. 0. 0. 0. 0. 0. 0. 0. 0. 0.]","[0. 0. 0. 0. 0. 0. 0. 0. 0. 0. 0. 0. 0. 0. 0. 0. 0. 0. 0. 0. 0. 0. 0. 0.
 0. 0. 0. 0. 0. 0. 0. 0. 0. 0. 0. 0.]",0.010840291413696955,-0.005295423927807556,0.9374998619253234,0.03664156637932535,0.003946413678028513,9.727202087345294,"[3.99999998e-08 0.00000000e+00 0.00000000e+00 0.00000000e+00
 3.99999998e-08 0.00000000e+00 0.00000000e+00 0.00000000e+00
 3.99999998e-08]","[0.000289 0.       0.       0.       0.000289 0.       0.       0.
 0.000289]"
1786809872.6177793,-0.24556476623961382,-0.04688225231027009,0.0,0.0,-0.4230601039835411,-0.08076895900453453,0.12499999999999999,0.7807287019271046,1.0341280254415077,-0.04291428752626304,-0.6629761349354834,1.8952031468424315,5.680554428913243,"[0. 0. 0. 0. 0. 0. 0. 0. 0. 0. 0. 0. 0. 0. 0. 0. 0. 0. 0. 0. 0. 0. 0. 0.
 0. 0. 0. 0. 0. 0. 0. 0. 0. 0. 0. 0.]","[0. 0. 0. 0. 0. 0. 0. 0. 0. 0. 0. 0. 0. 0. 0. 0. 0. 0. 0. 0. 0. 0. 0. 0.
 0. 0. 0. 0. 0. 0. 0. 0. 0. 0. 0. 0.]",0.010393032576498668,0.004490202237790844,0.936918419492191,0.08624557499706222,0.032519479295176915,9.732330763048001,"[3.99999998e-08 0.00000000e+00 0.00000000e+00 0.00000000e+00
 3.99999998e-08 0.00000000e+00 0.00000000e+00 0.00000000e+00
 3.99999998e-08]","[0.000289 0.       0.       0.       0.000289 0.       0.       0.
 0.000289]"
1786809872.666139,-0.24535832124045528,-0.047950956174674396,0.0,0.0,-0.4210778014684695,-0.0822922291865342,0.125,0.6629550736181319,1.0361103279565793,-0.04443755770826272,-0.64771488177279,2.1807147928129242,6.21262659665668,"[0. 0. 0. 0. 0. 0. 0. 0. 0. 0. 0. 0. 0. 0. 0. 0. 0. 0. 0. 0. 0. 0. 0. 0.
 0. 0. 0. 0. 0. 0. 0. 0. 0. 0. 0. 0.]","[0. 0. 0. 0. 0. 0. 0. 0. 0. 0. 0. 0. 0. 0. 0. 0. 0. 0. 0. 0. 0. 0. 0. 0.
 0. 0. 0. 0. 0. 0. 0. 0. 0. 0. 0. 0.]",0.010129909962595616,0.0016072003045110063,0.8318622455538861,-3.257394631247229,0.11383063782183084,9.853515109870042,"[3.99999998e-08 0.00000000e+00 0.00000000e+00 0.00000000e+00
 3.99999998e-08 0.00000000e+00 0.00000000e+00 0.00000000e+00
 3.99999998e-08]","[0.000289 0.       0.       0.       0.000289 0.       0.       0.
 0.000289]"
1786809872.71614,-0.24514419457531364,-0.04903390526993302,0.0,0.0,-0.41903539344291385,-0.0838157388243452,0.12499999999999999,0.5715197564150218,1.038152735982135,-0.04596106734607371,-0.6347212087010238,2.4023763480798546,5.173381227681824,"[0. 0. 0. 0. 0. 0. 0. 0. 0. 0. 0. 0. 0. 0. 0. 0. 0. 0. 0. 0. 0. 0. 0. 0.
 0. 0. 0. 0. 0. 0. 0. 0. 0. 0. 0. 0.]","[0. 0. 0. 0. 0. 0. 0. 0. 0. 0. 0. 0. 0. 0. 0. 0. 0. 0. 0. 0. 0. 0. 0. 0.
 0. 0. 0. 0. 0. 0. 0. 0. 0. 0. 0. 0.]",0.006995346710630943,-0.0025980621302102488,0.5712496429313646,0.11536103586084781,0.06260025730543832,9.807832869810541,"[3.99999998e-08 0.00000000e+00 0.00000000e+00 0.00000000e+00
 3.99999998e-08 0.00000000e+00 0.00000000e+00 0.00000000e+00
 3.99999998e-08]","[0.000289 0.       0.       0.       0.000289 0.       0.       0.
 0.000289]"
1786809872.7697854,-0.24514419457531364,-0.04903390526993302,0.0,0.0,-0.41903539344291385,-0.0838157388243452,0.125,0.49558445557780617,1.038152735982135,-0.04596106734607371,-0.6347212087010238,2.586461925861176,4.989295649901849,"[0. 0. 0. 0. 0. 0. 0. 0. 0. 0. 0. 0. 0. 0. 0. 0. 0. 0. 0. 0. 0. 0. 0. 0.
 0. 0. 0. 0. 0. 0. 0. 0. 0. 0. 0. 0.]","[0. 0. 0. 0. 0. 0. 0. 0. 0. 0. 0. 0. 0. 0. 0. 0. 0. 0. 0. 0. 0. 0. 0. 0.
 0. 0. 0. 0. 0. 0. 0. 0. 0. 0. 0. 0.]",0.006165207789407675,-0.005697287857736868,0.49596743720591496,0.7616029240768915,0.0883912808165719,9.813641651647549,"[3.99999998e-08 0.00000000e+00 0.00000000e+00 0.00000000e+00
 3.99999998e-08 0.00000000e+00 0.00000000e+00 0.00000000e+00
 3.99999998e-08]","[0.000289 0.       0.       0.       0.000289 0.       0.       0.
 0.000289]"
1786809872.8183856,-0.24493010100583187,-0.050092370888918825,0.0,0.0,-0.41701431919416354,-0.08528651993887285,0.125,0.416209107635106,1.0401738102308853,-0.04743184846060136,-0.6237946959141847,2.586461925871034,4.98929564988464,"[0. 0. 0. 0. 0. 0. 0. 0. 0. 0. 0. 0. 0. 0. 0. 0. 0. 0. 0. 0. 0. 0. 0. 0.
 0. 0. 0. 0. 0. 0. 0. 0. 0. 0. 0. 0.]","[0. 0. 0. 0. 0. 0. 0. 0. 0. 0. 0. 0. 0. 0. 0. 0. 0. 0. 0. 0. 0. 0. 0. 0.
 0. 0. 0. 0. 0. 0. 0. 0. 0. 0. 0. 0.]",0.005595146241398298,0.0015218795070433585,0.49591026207313676,0.09266715346308331,0.004503332562255296,9.728289608413197,"[3.99999998e-08 0.00000000e+00 0.00000000e+00 0.00000000e+00
 3.99999998e-08 0.00000000e+00 0.00000000e+00 0.00000000e+00
 3.99999998e-08]","[0.000289 0.       0.       0.       0.000289 0.       0.       0.
 0.000289]"
1786809872.867827,-0.24471185932953932,-0.05114788268814039,0.0,0.0,-0.4149800750110113,-0.08673609956105949,0.125,0.3728177315565278,1.0422080544140375,-0.048881428082787996,-0.6150335410183646,2.8840782265288616,4.691679349235977,"[0. 0. 0. 0. 0. 0. 0. 0. 0. 0. 0. 0. 0. 0. 0. 0. 0. 0. 0. 0. 0. 0. 0. 0.
 0. 0. 0. 0. 0. 0. 0. 0. 0. 0. 0. 0.]","[0. 0. 0. 0. 0. 0. 0. 0. 0. 0. 0. 0. 0. 0. 0. 0. 0. 0. 0. 0. 0. 0. 0. 0.
 0. 0. 0. 0. 0. 0. 0. 0. 0. 0. 0. 0.]",0.004146318904437819,0.0005301690276752276,0.3723502098505852,0.10614746066300025,0.07233031056997738,9.802364516322623,"[3.99999998e-08 0.00000000e+00 0.00000000e+00 0.00000000e+00
 3.99999998e-08 0.00000000e+00 0.00000000e+00 0.00000000e+00
 3.99999998e-08]","[0.000289 0.       0.       0.       0.000289 0.       0.       0.
 0.000289]"
1786809872.9169753,-0.2444887062222941,-0.05220414284085875,0.0,0.0,-0.4129328503770131,-0.08817096641333061,0.125,0.3388234138966024,1.0442552790480357,-0.050316294935059125,-0.607713163604026,2.9664886935839014,4.609268882181343,"[0. 0. 0. 0. 0. 0. 0. 0. 0. 0. 0. 0. 0. 0. 0. 0. 0. 0. 0. 0. 0. 0. 0. 0.
 0. 0. 0. 0. 0. 0. 0. 0. 0. 0. 0. 0.]","[0. 0. 0. 0. 0. 0. 0. 0. 0. 0. 0. 0. 0. 0. 0. 0. 0. 0. 0. 0. 0. 0. 0. 0.
 0. 0. 0. 0. 0. 0. 0. 0. 0. 0. 0. 0.]",0.004476991267893676,-0.004363233410909984,0.33873829519524146,0.1193350483882853,0.08498487626388933,9.809094360636587,"[3.99999998e-08 0.00000000e+00 0.00000000e+00 0.00000000e+00
 3.99999998e-08 0.00000000e+00 0.00000000e+00 0.00000000e+00
 3.99999998e-08]","[0.000289 0.       0.       0.       0.000289 0.       0.       0.
 0.000289]"
1786809872.9669578,-0.24426063777801557,-0.05326106300363398,0.0,0.0,-0.41087564353827943,-0.08959148611181009,0.125,0.3113359181381927,1.0463124858867694,-0.051736814633538596,-0.6009916702735512,3.0331250469381175,4.542632528827429,"[0. 0. 0. 0. 0. 0. 0. 0. 0. 0. 0. 0. 0. 0. 0. 0. 0. 0. 0. 0. 0. 0. 0. 0.
 0. 0. 0. 0. 0. 0. 0. 0. 0. 0. 0. 0.]","[0. 0. 0. 0. 0. 0. 0. 0. 0. 0. 0. 0. 0. 0. 0. 0. 0. 0. 0. 0. 0. 0. 0. 0.
 0. 0. 0. 0. 0. 0. 0. 0. 0. 0. 0. 0.]",0.003870695688105836,-0.00012464601962148397,0.3111551331031182,0.11707598150596937,0.05625756178835954,9.784967112773217,"[3.99999998e-08 0.00000000e+00 0.00000000e+00 0.00000000e+00
 3.99999998e-08 0.00000000e+00 0.00000000e+00 0.00000000e+00
 3.99999998e-08]","[0.000289 0.       0.       0.       0.000289 0.       0.       0.
 0.000289]"
1786809873.0158823,-0.24402751079384974,-0.05431918607414468,0.0,0.0,-0.40880932050900864,-0.09099871353575746,0.125,0.28983601467540276,1.0483788089160402,-0.05314404205748598,-0.5948079516836552,3.0852460250302607,4.490511550735501,"[0. 0. 0. 0. 0. 0. 0. 0. 0. 0. 0. 0. 0. 0. 0. 0. 0. 0. 0. 0. 0. 0. 0. 0.
 0. 0. 0. 0. 0. 0. 0. 0. 0. 0. 0. 0.]","[0. 0. 0. 0. 0. 0. 0. 0. 0. 0. 0. 0. 0. 0. 0. 0. 0. 0. 0. 0. 0. 0. 0. 0.
 0. 0. 0. 0. 0. 0. 0. 0. 0. 0. 0. 0.]",0.0033040641713119137,0.0019300009036980871,0.289726702935068,0.13243181682619104,-0.021449420862420614,9.737021725687464,"[3.99999998e-08 0.00000000e+00 0.00000000e+00 0.00000000e+00
 3.99999998e-08 0.00000000e+00 0.00000000e+00 0.00000000e+00
 3.99999998e-08]","[0.000289 0.       0.       0.       0.000289 0.       0.       0.
 0.000289]"
1786809873.066069,-0.2437891849426012,-0.05537899696655929,0.0,0.0,-0.4067346339240647,-0.09239358203514508,0.125,0.2728029741376091,1.050453495500984,-0.05453891055687359,-0.5890452974441933,3.1265382445082928,4.449219331247301,"[0. 0. 0. 0. 0. 0. 0. 0. 0. 0. 0. 0. 0. 0. 0. 0. 0. 0. 0. 0. 0. 0. 0. 0.
 0. 0. 0. 0. 0. 0. 0. 0. 0. 0. 0. 0.]","[0. 0. 0. 0. 0. 0. 0. 0. 0. 0. 0. 0. 0. 0. 0. 0. 0. 0. 0. 0. 0. 0. 0. 0.
 0. 0. 0. 0. 0. 0. 0. 0. 0. 0. 0. 0.]",0.003553140514642471,-0.00023384238375380367,0.27271254526941896,0.08259580009827197,0.023519853140654877,9.80450885671311,"[3.99999998e-08 0.00000000e+00 0.00000000e+00 0.00000000e+00
 3.99999998e-08 0.00000000e+00 0.00000000e+00 0.00000000e+00
 3.99999998e-08]","[0.000289 0.       0.       0.       0.000289 0.       0.       0.
 0.000289]"
1786809873.1167626,-0.24329643661448488,-0.05750516438280941,0.0,0.0,-0.40256242795555575,-0.0951490244413587,0.125,0.2604066008773842,1.054625701469493,-0.057294352963087214,-0.5784182950437284,3.156590058472814,4.419167517282954,"[0. 0. 0. 0. 0. 0. 0. 0. 0. 0. 0. 0. 0. 0. 0. 0. 0. 0. 0. 0. 0. 0. 0. 0.
 0. 0. 0. 0. 0. 0. 0. 0. 0. 0. 0. 0.]","[0. 0. 0. 0. 0. 0. 0. 0. 0. 0. 0. 0. 0. 0. 0. 0. 0. 0. 0. 0. 0. 0. 0. 0.
 0. 0. 0. 0. 0. 0. 0. 0. 0. 0. 0. 0.]",0.003382397415476538,6.80934157205701e-05,0.2604357332165882,0.10085158472720729,0.04093572985643995,9.800778226932133,"[3.99999998e-08 0.00000000e+00 0.00000000e+00 0.00000000e+00
 3.99999998e-08 0.00000000e+00 0.00000000e+00 0.00000000e+00
 3.99999998e-08]","[0.000289 0.       0.       0.       0.000289 0.       0.       0.
 0.000289]"
1786809873.166485,-0.2430418301827807,-0.05857191119815364,0.0,0.0,-0.4004655220378952,-0.09651026318015143,0.12499999999999999,0.26898704147849006,1.0567226073871536,-0.05865559170187996,-0.5731157781931271,3.135788990348683,4.439968585406962,"[0. 0. 0. 0. 0. 0. 0. 0. 0. 0. 0. 0. 0. 0. 0. 0. 0. 0. 0. 0. 0. 0. 0. 0.
 0. 0. 0. 0. 0. 0. 0. 0. 0. 0. 0. 0.]","[0. 0. 0. 0. 0. 0. 0. 0. 0. 0. 0. 0. 0. 0. 0. 0. 0. 0. 0. 0. 0. 0. 0. 0.
 0. 0. 0. 0. 0. 0. 0. 0. 0. 0. 0. 0.]",0.0033798377134876254,-0.00014140629330807787,0.2688121552008841,0.11865882152792015,0.03547762787256105,9.811164875729412,"[3.99999998e-08 0.00000000e+00 0.00000000e+00 0.00000000e+00
 3.99999998e-08 0.00000000e+00 0.00000000e+00 0.00000000e+00
 3.99999998e-08]","[0.000289 0.       0.       0.       0.000289 0.       0.       0.
 0.000289]"
1786809873.2155645,-0.24278168253499935,-0.0596410481587538,0.0,0.0,-0.3983613938936723,-0.0978603114935401,0.125,0.2550282763659336,1.0588267355313765,-0.06000564001526862,-0.5678756249925214,3.169628420924963,4.40612915483088,"[0. 0. 0. 0. 0. 0. 0. 0. 0. 0. 0. 0. 0. 0. 0. 0. 0. 0. 0. 0. 0. 0. 0. 0.
 0. 0. 0. 0. 0. 0. 0. 0. 0. 0. 0. 0.]","[0. 0. 0. 0. 0. 0. 0. 0. 0. 0. 0. 0. 0. 0. 0. 0. 0. 0. 0. 0. 0. 0. 0. 0.
 0. 0. 0. 0. 0. 0. 0. 0. 0. 0. 0. 0.]",0.00301610146519052,-0.0003356313634080044,0.25510108134301546,0.09495596514405764,0.056063239379022654,9.788648007265131,"[3.99999998e-08 0.00000000e+00 0.00000000e+00 0.00000000e+00
 3.99999998e-08 0.00000000e+00 0.00000000e+00 0.00000000e+00
 3.99999998e-08]","[0.000289 0.       0.       0.       0.000289 0.       0.       0.
 0.000289]"
1786809873.265412,-0.24278168253499935,-0.0596410481587538,0.0,0.0,-0.3983613938936723,-0.0978603114935401,0.12499999999999999,0.24777039030457396,1.0609377216207863,-0.06134494012276288,-0.5628766698585184,3.1872232962254263,4.388534279530512,"[0. 0. 0. 0. 0. 0. 0. 0. 0. 0. 0. 0. 0. 0. 0. 0. 0. 0. 0. 0. 0. 0. 0. 0.
 0. 0. 0. 0. 0. 0. 0. 0. 0. 0. 0. 0.]","[0. 0. 0. 0. 0. 0. 0. 0. 0. 0. 0. 0. 0. 0. 0. 0. 0. 0. 0. 0. 0. 0. 0. 0.
 0. 0. 0. 0. 0. 0. 0. 0. 0. 0. 0. 0.]",0.0032468197957788206,3.168380577287451e-05,0.24808431486979507,0.1276142058219249,0.0016802442984803177,9.799008634508738,"[3.99999998e-08 0.00000000e+00 0.00000000e+00 0.00000000e+00
 3.99999998e-08 0.00000000e+00 0.00000000e+00 0.00000000e+00
 3.99999998e-08]","[0.000289 0.       0.       0.       0.000289 0.       0.       0.
 0.000289]"
1786809873.315513,-0.24251588194128698,-0.06071282406740573,0.0,0.0,-0.39625040780426257,-0.09919961160103435,0.125,0.24655037987914585,1.0609377216207863,-0.06134494012276288,-0.5628766698585184,3.190180897256802,4.3855766784991514,"[0. 0. 0. 0. 0. 0. 0. 0. 0. 0. 0. 0. 0. 0. 0. 0. 0. 0. 0. 0. 0. 0. 0. 0.
 0. 0. 0. 0. 0. 0. 0. 0. 0. 0. 0. 0.]","[0. 0. 0. 0. 0. 0. 0. 0. 0. 0. 0. 0. 0. 0. 0. 0. 0. 0. 0. 0. 0. 0. 0. 0.
 0. 0. 0. 0. 0. 0. 0. 0. 0. 0. 0. 0.]",0.0034828961487666735,-0.0003160783469304225,0.24667373445359522,0.14289620899503,0.01198511403576348,9.825813867396379,"[3.99999998e-08 0.00000000e+00 0.00000000e+00 0.00000000e+00
 3.99999998e-08 0.00000000e+00 0.00000000e+00 0.00000000e+00
 3.99999998e-08]","[0.000289 0.       0.       0.       0.000289 0.       0.       0.
 0.000289]"
1786809873.365234,-0.24196692924987576,-0.06286497553793861,0.0,0.0,-0.3920088677207241,-0.101847091072802,0.125,0.22177071018608496,1.0651792617043248,-0.06399241959453052,-0.5533790296048946,3.250252823786101,4.325504751970164,"[0. 0. 0. 0. 0. 0. 0. 0. 0. 0. 0. 0. 0. 0. 0. 0. 0. 0. 0. 0. 0. 0. 0. 0.
 0. 0. 0. 0. 0. 0. 0. 0. 0. 0. 0. 0.]","[0. 0. 0. 0. 0. 0. 0. 0. 0. 0. 0. 0. 0. 0. 0. 0. 0. 0. 0. 0. 0. 0. 0. 0.
 0. 0. 0. 0. 0. 0. 0. 0. 0. 0. 0. 0.]",0.00299326825143411,-3.73002520166869e-05,0.2219444375614142,0.13714762252828952,0.007239102324170309,9.795646803055039,"[3.99999998e-08 0.00000000e+00 0.00000000e+00 0.00000000e+00
 3.99999998e-08 0.00000000e+00 0.00000000e+00 0.00000000e+00
 3.99999998e-08]","[0.000289 0.       0.       0.       0.000289 0.       0.       0.
 0.000289]"
1786809873.4153726,-0.2416835219692216,-0.06394587718182285,0.0,0.0,-0.3898790346484493,-0.10315621297745063,0.125,0.24210166724266824,1.0673090947765995,-0.06530154149917915,-0.5487809677769032,3.200965655163538,4.3747919205924735,"[0. 0. 0. 0. 0. 0. 0. 0. 0. 0. 0. 0. 0. 0. 0. 0. 0. 0. 0. 0. 0. 0. 0. 0.
 0. 0. 0. 0. 0. 0. 0. 0. 0. 0. 0. 0.]","[0. 0. 0. 0. 0. 0. 0. 0. 0. 0. 0. 0. 0. 0. 0. 0. 0. 0. 0. 0. 0. 0. 0. 0.
 0. 0. 0. 0. 0. 0. 0. 0. 0. 0. 0. 0.]",0.0030183254016646374,0.00018010453512975043,0.24173170337443292,0.09195425171382393,0.04059568311083714,9.784059161784777,"[3.99999998e-08 0.00000000e+00 0.00000000e+00 0.00000000e+00
 3.99999998e-08 0.00000000e+00 0.00000000e+00 0.00000000e+00
 3.99999998e-08]","[0.000289 0.       0.       0.       0.000289 0.       0.       0.
 0.000289]"
1786809873.4657464,-0.24139411760875842,-0.06502983918086301,0.0,0.0,-0.38774298877836544,-0.10445517253503038,0.12499999999999999,0.2384860843130881,1.0694451406466834,-0.0666005010567589,-0.5439642435067835,3.20973070468989,4.366026871066166,"[0. 0. 0. 0. 0. 0. 0. 0. 0. 0. 0. 0. 0. 0. 0. 0. 0. 0. 0. 0. 0. 0. 0. 0.
 0. 0. 0. 0. 0. 0. 0. 0. 0. 0. 0. 0.]","[0. 0. 0. 0. 0. 0. 0. 0. 0. 0. 0. 0. 0. 0. 0. 0. 0. 0. 0. 0. 0. 0. 0. 0.
 0. 0. 0. 0. 0. 0. 0. 0. 0. 0. 0. 0.]",0.0029137144395333246,-0.00033065071308303954,0.23846609735839386,0.12809542483244343,0.04556915302786475,9.79102311431937,"[3.99999998e-08 0.00000000e+00 0.00000000e+00 0.00000000e+00
 3.99999998e-08 0.00000000e+00 0.00000000e+00 0.00000000e+00
 3.99999998e-08]","[0.000289 0.       0.       0.       0.000289 0.       0.       0.
 0.000289]"
1786809873.5222762,-0.24139411760875842,-0.06502983918086301,0.0,0.0,-0.38774298877836544,-0.10445517253503038,0.125,0.23655853048870784,1.0694451406466834,-0.0666005010567589,-0.5439642435067835,3.2144035624460154,4.3613540133100654,"[0. 0. 0. 0. 0. 0. 0. 0. 0. 0. 0. 0. 0. 0. 0. 0. 0. 0. 0. 0. 0. 0. 0. 0.
 0. 0. 0. 0. 0. 0. 0. 0. 0. 0. 0. 0.]","[0. 0. 0. 0. 0. 0. 0. 0. 0. 0. 0. 0. 0. 0. 0. 0. 0. 0. 0. 0. 0. 0. 0. 0.
 0. 0. 0. 0. 0. 0. 0. 0. 0. 0. 0. 0.]",0.003229294015657468,-0.00011026651423849645,0.23675702615464142,0.13592668574670738,0.017702006419071246,9.819921551081425,"[3.99999998e-08 0.00000000e+00 0.00000000e+00 0.00000000e+00
 3.99999998e-08 0.00000000e+00 0.00000000e+00 0.00000000e+00
 3.99999998e-08]","[0.000289 0.       0.       0.       0.000289 0.       0.       0.
 0.000289]"
1786809873.5653994,-0.24109865296472002,-0.06611686274013236,0.0,0.0,-0.38560075485664,-0.10574390137749354,0.125,0.21556140566410492,1.0715873745684088,-0.06788922989922205,-0.5392080146941881,3.265305683233493,4.310451892522843,"[0. 0. 0. 0. 0. 0. 0. 0. 0. 0. 0. 0. 0. 0. 0. 0. 0. 0. 0. 0. 0. 0. 0. 0.
 0. 0. 0. 0. 0. 0. 0. 0. 0. 0. 0. 0.]","[0. 0. 0. 0. 0. 0. 0. 0. 0. 0. 0. 0. 0. 0. 0. 0. 0. 0. 0. 0. 0. 0. 0. 0.
 0. 0. 0. 0. 0. 0. 0. 0. 0. 0. 0. 0.]",0.002958097552608616,-0.00039507350435787666,0.21536027360162882,0.11584199073985503,0.02829380571146018,9.79251170129519,"[3.99999998e-08 0.00000000e+00 0.00000000e+00 0.00000000e+00
 3.99999998e-08 0.00000000e+00 0.00000000e+00 0.00000000e+00
 3.99999998e-08]","[0.000289 0.       0.       0.       0.000289 0.       0.       0.
 0.000289]"
1786809873.6164324,-0.24079700182892108,-0.06720717156823801,0.0,0.0,-0.383452630969247,-0.10702278916309671,0.125,0.2226923201032636,1.0737354984558019,-0.06916811768482523,-0.5348337951731218,3.2480186179262542,4.327738957829998,"[0. 0. 0. 0. 0. 0. 0. 0. 0. 0. 0. 0. 0. 0. 0. 0. 0. 0. 0. 0. 0. 0. 0. 0.
 0. 0. 0. 0. 0. 0. 0. 0. 0. 0. 0. 0.]","[0. 0. 0. 0. 0. 0. 0. 0. 0. 0. 0. 0. 0. 0. 0. 0. 0. 0. 0. 0. 0. 0. 0. 0.
 0. 0. 0. 0. 0. 0. 0. 0. 0. 0. 0. 0.]",0.002834160027273653,1.843934813360052e-06,0.22267821414569222,0.09072978226643508,0.03316854621447248,9.798465705134483,"[3.99999998e-08 0.00000000e+00 0.00000000e+00 0.00000000e+00
 3.99999998e-08 0.00000000e+00 0.00000000e+00 0.00000000e+00
 3.99999998e-08]","[0.000289 0.       0.       0.       0.000289 0.       0.       0.
 0.000289]"
1786809873.6809323,-0.24048902673087114,-0.06830101040276308,0.0,0.0,-0.381298934246878,-0.10829226941694545,0.125,0.22378113722777476,1.0758891951781708,-0.07043759793867396,-0.5303942106112054,3.2453790612607456,4.330378514495493,"[0. 0. 0. 0. 0. 0. 0. 0. 0. 0. 0. 0. 0. 0. 0. 0. 0. 0. 0. 0. 0. 0. 0. 0.
 0. 0. 0. 0. 0. 0. 0. 0. 0. 0. 0. 0.]","[0. 0. 0. 0. 0. 0. 0. 0. 0. 0. 0. 0. 0. 0. 0. 0. 0. 0. 0. 0. 0. 0. 0. 0.
 0. 0. 0. 0. 0. 0. 0. 0. 0. 0. 0. 0.]",0.0028577874131030076,3.7993083087449756e-05,0.2240691704031896,0.13440881825763237,0.03508109305250409,9.793158140032634,"[3.99999998e-08 0.00000000e+00 0.00000000e+00 0.00000000e+00
 3.99999998e-08 0.00000000e+00 0.00000000e+00 0.00000000e+00
 3.99999998e-08]","[0.000289 0.       0.       0.       0.000289 0.       0.       0.
 0.000289]"
1786809873.7155747,-0.24017467492769423,-0.06939831066658898,0.0,0.0,-0.3791395969722393,-0.10955213135858746,0.125,0.22416380731992477,1.0780485324528095,-0.07169745988031598,-0.5259229431368416,3.2444513761889193,4.331306199567317,"[0. 0. 0. 0. 0. 0. 0. 0. 0. 0. 0. 0. 0. 0. 0. 0. 0. 0. 0. 0. 0. 0. 0. 0.
 0. 0. 0. 0. 0. 0. 0. 0. 0. 0. 0. 0.]","[0. 0. 0. 0. 0. 0. 0. 0. 0. 0. 0. 0. 0. 0. 0. 0. 0. 0. 0. 0. 0. 0. 0. 0.
 0. 0. 0. 0. 0. 0. 0. 0. 0. 0. 0. 0.]",0.0024047435816421368,0.00012534432343089708,0.22401653807631985,0.11000872476087534,0.010755929591543745,9.78926797523095,"[3.99999998e-08 0.00000000e+00 0.00000000e+00 0.00000000e+00
 3.99999998e-08 0.00000000e+00 0.00000000e+00 0.00000000e+00
 3.99999998e-08]","[0.000289 0.       0.       0.       0.000289 0.       0.       0.
 0.000289]"
1786809873.7655392,-0.24017467492769423,-0.06939831066658898,0.0,0.0,-0.3791395969722393,-0.10955213135858746,0.12499999999999999,0.22999646423894887,1.0780485324528095,-0.07169745988031598,-0.5259229431368416,3.2303116018395532,4.345445973916609,"[0. 0. 0. 0. 0. 0. 0. 0. 0. 0. 0. 0. 0. 0. 0. 0. 0. 0. 0. 0. 0. 0. 0. 0.
 0. 0. 0. 0. 0. 0. 0. 0. 0. 0. 0. 0.]","[0. 0. 0. 0. 0. 0. 0. 0. 0. 0. 0. 0. 0. 0. 0. 0. 0. 0. 0. 0. 0. 0. 0. 0.
 0. 0. 0. 0. 0. 0. 0. 0. 0. 0. 0. 0.]",0.002772668111041371,-5.442053725671657e-05,0.2300598989676949,0.1221357793594512,0.023768675974997794,9.823363371108943,"[3.99999998e-08 0.00000000e+00 0.00000000e+00 0.00000000e+00
 3.99999998e-08 0.00000000e+00 0.00000000e+00 0.00000000e+00
 3.99999998e-08]","[0.000289 0.       0.       0.       0.000289 0.       0.       0.
 0.000289]"
1786809873.8153822,-0.23985388217299203,-0.0704990440115642,0.0,0.0,-0.37697460279068773,-0.11080224707063413,0.12499999999999999,0.21212596975372477,1.080213526634361,-0.07294757559236265,-0.5213580098033871,3.273634012713296,4.302123563043078,"[0. 0. 0. 0. 0. 0. 0. 0. 0. 0. 0. 0. 0. 0. 0. 0. 0. 0. 0. 0. 0. 0. 0. 0.
 0. 0. 0. 0. 0. 0. 0. 0. 0. 0. 0. 0.]","[0. 0. 0. 0. 0. 0. 0. 0. 0. 0. 0. 0. 0. 0. 0. 0. 0. 0. 0. 0. 0. 0. 0. 0.
 0. 0. 0. 0. 0. 0. 0. 0. 0. 0. 0. 0.]",0.002730069839665331,-0.0001532600251206503,0.2122484568975178,0.12199255305150307,0.018005669071322124,9.806265438522717,"[3.99999998e-08 0.00000000e+00 0.00000000e+00 0.00000000e+00
 3.99999998e-08 0.00000000e+00 0.00000000e+00 0.00000000e+00
 3.99999998e-08]","[0.000289 0.       0.       0.       0.000289 0.       0.       0.
 0.000289]"
1786809873.8666081,-0.23952655058807865,-0.07160329296461591,0.0,0.0,-0.3748040668796335,-0.11204271651398129,0.125,0.21966955197093838,1.0823840625454153,-0.0741880450357098,-0.5170797493909833,3.255346540671369,4.320411035084917,"[0. 0. 0. 0. 0. 0. 0. 0. 0. 0. 0. 0. 0. 0. 0. 0. 0. 0. 0. 0. 0. 0. 0. 0.
 0. 0. 0. 0. 0. 0. 0. 0. 0. 0. 0. 0.]","[0. 0. 0. 0. 0. 0. 0. 0. 0. 0. 0. 0. 0. 0. 0. 0. 0. 0. 0. 0. 0. 0. 0. 0.
 0. 0. 0. 0. 0. 0. 0. 0. 0. 0. 0. 0.]",0.0028138943677753487,9.590212226887666e-06,0.21976241268508373,0.13594461117240547,0.02822758483547462,9.798124946654005,"[3.99999998e-08 0.00000000e+00 0.00000000e+00 0.00000000e+00
 3.99999998e-08 0.00000000e+00 0.00000000e+00 0.00000000e+00
 3.99999998e-08]","[0.000289 0.       0.       0.       0.000289 0.       0.       0.
 0.000289]"
1786809873.9261346,-0.23919254946232282,-0.07271123903300121,0.0,0.0,-0.37262821860258444,-0.11327384374705109,0.125,0.22536881987754104,1.0845599108224644,-0.0754191722687796,-0.5127089891101387,3.241530133624912,4.334227442131308,"[0. 0. 0. 0. 0. 0. 0. 0. 0. 0. 0. 0. 0. 0. 0. 0. 0. 0. 0. 0. 0. 0. 0. 0.
 0. 0. 0. 0. 0. 0. 0. 0. 0. 0. 0. 0.]","[0. 0. 0. 0. 0. 0. 0. 0. 0. 0. 0. 0. 0. 0. 0. 0. 0. 0. 0. 0. 0. 0. 0. 0.
 0. 0. 0. 0. 0. 0. 0. 0. 0. 0. 0. 0.]",0.0030744331671736878,-5.019504376497404e-05,0.22548917523925605,0.12508410817756063,-0.011270940137617584,9.816294669556504,"[3.99999998e-08 0.00000000e+00 0.00000000e+00 0.00000000e+00
 3.99999998e-08 0.00000000e+00 0.00000000e+00 0.00000000e+00
 3.99999998e-08]","[0.000289 0.       0.       0.       0.000289 0.       0.       0.
 0.000289]"
1786809873.9675095,-0.238851830866367,-0.07382278030380873,0.0,0.0,-0.37044695525144467,-0.11449535091503077,0.12499999999999999,0.23066840285410012,1.0889279286647517,-0.07785232871081256,-0.5036811353779801,3.2286826597422027,4.347074916013952,"[0. 0. 0. 0. 0. 0. 0. 0. 0. 0. 0. 0. 0. 0. 0. 0. 0. 0. 0. 0. 0. 0. 0. 0.
 0. 0. 0. 0. 0. 0. 0. 0. 0. 0. 0. 0.]","[0. 0. 0. 0. 0. 0. 0. 0. 0. 0. 0. 0. 0. 0. 0. 0. 0. 0. 0. 0. 0. 0. 0. 0.
 0. 0. 0. 0. 0. 0. 0. 0. 0. 0. 0. 0.]",0.002539997348466489,0.0001253446918447813,0.23098464571135033,0.1437092234542167,0.03158912402061119,9.816848270739298,"[3.99999998e-08 0.00000000e+00 0.00000000e+00 0.00000000e+00
 3.99999998e-08 0.00000000e+00 0.00000000e+00 0.00000000e+00
 3.99999998e-08]","[0.000289 0.       0.       0.       0.000289 0.       0.       0.
 0.000289]"
1786809874.0153832,-0.23815004035895415,-0.0760562836130488,0.0,0.0,-0.3660678438002791,-0.11690848218092464,0.125,0.2520799987942939,1.0911202856247697,-0.07905381070265316,-0.4988750629913453,3.1767757604926743,4.398981815263205,"[0. 0. 0. 0. 0. 0. 0. 0. 0. 0. 0. 0. 0. 0. 0. 0. 0. 0. 0. 0. 0. 0. 0. 0.
 0. 0. 0. 0. 0. 0. 0. 0. 0. 0. 0. 0.]","[0. 0. 0. 0. 0. 0. 0. 0. 0. 0. 0. 0. 0. 0. 0. 0. 0. 0. 0. 0. 0. 0. 0. 0.
 0. 0. 0. 0. 0. 0. 0. 0. 0. 0. 0. 0.]",0.0032958920679837214,-0.0002460252319826918,0.25216936696273495,0.13101588819798285,0.01941976682378521,9.773118178902076,"[3.99999998e-08 0.00000000e+00 0.00000000e+00 0.00000000e+00
 3.99999998e-08 0.00000000e+00 0.00000000e+00 0.00000000e+00
 3.99999998e-08]","[0.000289 0.       0.       0.       0.000289 0.       0.       0.
 0.000289]"
1786809874.0729363,-0.23815004035895415,-0.0760562836130488,0.0,0.0,-0.3660678438002791,-0.11690848218092464,0.125,0.2549229866283379,1.0933186001568582,-0.08024435674301085,-0.4938107191172532,3.169883668773704,4.405873906982137,"[0. 0. 0. 0. 0. 0. 0. 0. 0. 0. 0. 0. 0. 0. 0. 0. 0. 0. 0. 0. 0. 0. 0. 0.
 0. 0. 0. 0. 0. 0. 0. 0. 0. 0. 0. 0.]","[0. 0. 0. 0. 0. 0. 0. 0. 0. 0. 0. 0. 0. 0. 0. 0. 0. 0. 0. 0. 0. 0. 0. 0.
 0. 0. 0. 0. 0. 0. 0. 0. 0. 0. 0. 0.]",0.0029566526649405776,-0.0001229529560511762,0.2549364133239936,0.11004898566225313,0.05444348561497862,9.800964566224435,"[3.99999998e-08 0.00000000e+00 0.00000000e+00 0.00000000e+00
 3.99999998e-08 0.00000000e+00 0.00000000e+00 0.00000000e+00
 3.99999998e-08]","[0.000289 0.       0.       0.       0.000289 0.       0.       0.
 0.000289]"
1786809874.120325,-0.2377889593633274,-0.07717778699150322,0.0,0.0,-0.3638695292681906,-0.11809902822128233,0.125,0.25589780872348566,1.095522948064262,-0.08142369414055542,-0.4887005615210451,3.1675204636945313,4.408237112061296,"[0. 0. 0. 0. 0. 0. 0. 0. 0. 0. 0. 0. 0. 0. 0. 0. 0. 0. 0. 0. 0. 0. 0. 0.
 0. 0. 0. 0. 0. 0. 0. 0. 0. 0. 0. 0.]","[0. 0. 0. 0. 0. 0. 0. 0. 0. 0. 0. 0. 0. 0. 0. 0. 0. 0. 0. 0. 0. 0. 0. 0.
 0. 0. 0. 0. 0. 0. 0. 0. 0. 0. 0. 0.]",0.003700003811865923,0.0001319492217931083,0.2558832490869068,0.12057527445570676,0.07569479567249263,9.806057816945891,"[3.99999998e-08 0.00000000e+00 0.00000000e+00 0.00000000e+00
 3.99999998e-08 0.00000000e+00 0.00000000e+00 0.00000000e+00
 3.99999998e-08]","[0.000289 0.       0.       0.       0.000289 0.       0.       0.
 0.000289]"
1786809874.1652977,-0.2370462625065373,-0.07942965083444475,0.0,0.0,-0.3594548293251243,-0.12044641110197703,0.125,0.2557058879399103,1.0977333000999245,-0.08259173962370554,-0.48358510031641083,3.167985726200176,4.407771849555655,"[0. 0. 0. 0. 0. 0. 0. 0. 0. 0. 0. 0. 0. 0. 0. 0. 0. 0. 0. 0. 0. 0. 0. 0.
 0. 0. 0. 0. 0. 0. 0. 0. 0. 0. 0. 0.]","[0. 0. 0. 0. 0. 0. 0. 0. 0. 0. 0. 0. 0. 0. 0. 0. 0. 0. 0. 0. 0. 0. 0. 0.
 0. 0. 0. 0. 0. 0. 0. 0. 0. 0. 0. 0.]",0.003153076425804365,-3.5852426277536356e-05,0.25581024191574303,0.11147271814132695,0.05835075971172221,9.807638558674126,"[3.99999998e-08 0.00000000e+00 0.00000000e+00 0.00000000e+00
 3.99999998e-08 0.00000000e+00 0.00000000e+00 0.00000000e+00
 3.99999998e-08]","[0.000289 0.       0.       0.       0.000289 0.       0.       0.
 0.000289]"
1786809874.2155895,-0.23666449438191361,-0.08056002171643935,0.0,0.0,-0.3572385298543246,-0.12160313188581369,0.12499999999999999,0.2612862774005845,1.0999495995707242,-0.0837484604075422,-0.4784486610085653,3.154457509325661,4.421300066430092,"[0. 0. 0. 0. 0. 0. 0. 0. 0. 0. 0. 0. 0. 0. 0. 0. 0. 0. 0. 0. 0. 0. 0. 0.
 0. 0. 0. 0. 0. 0. 0. 0. 0. 0. 0. 0.]","[0. 0. 0. 0. 0. 0. 0. 0. 0. 0. 0. 0. 0. 0. 0. 0. 0. 0. 0. 0. 0. 0. 0. 0.
 0. 0. 0. 0. 0. 0. 0. 0. 0. 0. 0. 0.]",0.0030223557618721613,0.00014812426975073672,0.2612781609816216,0.10023374243992987,0.04678405796558506,9.812572876340512,"[3.99999998e-08 0.00000000e+00 0.00000000e+00 0.00000000e+00
 3.99999998e-08 0.00000000e+00 0.00000000e+00 0.00000000e+00
 3.99999998e-08]","[0.000289 0.       0.       0.       0.000289 0.       0.       0.
 0.000289]"
1786809874.2654924,-0.23627569764491238,-0.08169329655736728,0.0,0.0,-0.3550162569619486,-0.12274833447435371,0.125,0.2599400105911013,1.1021718724631002,-0.08489366299608223,-0.473222935460496,3.157721186439598,4.418036389316173,"[0. 0. 0. 0. 0. 0. 0. 0. 0. 0. 0. 0. 0. 0. 0. 0. 0. 0. 0. 0. 0. 0. 0. 0.
 0. 0. 0. 0. 0. 0. 0. 0. 0. 0. 0. 0.]","[0. 0. 0. 0. 0. 0. 0. 0. 0. 0. 0. 0. 0. 0. 0. 0. 0. 0. 0. 0. 0. 0. 0. 0.
 0. 0. 0. 0. 0. 0. 0. 0. 0. 0. 0. 0.]",0.0033470504376284576,-0.0001317184845305653,0.259938759272445,0.11950462275681306,0.006058715940106516,9.772573158080347,"[3.99999998e-08 0.00000000e+00 0.00000000e+00 0.00000000e+00
 3.99999998e-08 0.00000000e+00 0.00000000e+00 0.00000000e+00
 3.99999998e-08]","[0.000289 0.       0.       0.       0.000289 0.       0.       0.
 0.000289]"
1786809874.3150325,-0.23587980106425127,-0.08282946003620474,0.0,0.0,-0.352788035402521,-0.12388191929865468,0.125,0.263350322156298,1.1066341948823453,-0.08714920104171023,-0.4627736411667706,3.1494537644632707,4.426303811292452,"[0. 0. 0. 0. 0. 0. 0. 0. 0. 0. 0. 0. 0. 0. 0. 0. 0. 0. 0. 0. 0. 0. 0. 0.
 0. 0. 0. 0. 0. 0. 0. 0. 0. 0. 0. 0.]","[0. 0. 0. 0. 0. 0. 0. 0. 0. 0. 0. 0. 0. 0. 0. 0. 0. 0. 0. 0. 0. 0. 0. 0.
 0. 0. 0. 0. 0. 0. 0. 0. 0. 0. 0. 0.]",0.0033577554126424723,5.172963103586029e-05,0.26320559357681333,0.12078120138596439,0.04841995318646417,9.785748022754449,"[3.99999998e-08 0.00000000e+00 0.00000000e+00 0.00000000e+00
 3.99999998e-08 0.00000000e+00 0.00000000e+00 0.00000000e+00
 3.99999998e-08]","[0.000289 0.       0.       0.       0.000289 0.       0.       0.
 0.000289]"
1786809874.3741114,-0.23547671758430366,-0.08396853860656434,0.0,0.0,-0.35055393454270356,-0.1250038725199817,0.12499999999999999,0.29257667854013614,1.1066341948823453,-0.08714920104171023,-0.4627736411667706,3.078601991410728,4.497155584344561,"[0. 0. 0. 0. 0. 0. 0. 0. 0. 0. 0. 0. 0. 0. 0. 0. 0. 0. 0. 0. 0. 0. 0. 0.
 0. 0. 0. 0. 0. 0. 0. 0. 0. 0. 0. 0.]","[0. 0. 0. 0. 0. 0. 0. 0. 0. 0. 0. 0. 0. 0. 0. 0. 0. 0. 0. 0. 0. 0. 0. 0.
 0. 0. 0. 0. 0. 0. 0. 0. 0. 0. 0. 0.]",0.0038015114121537933,0.00012138941319177031,0.29258624080189743,0.11436758088442002,0.04674592174580206,9.775316491620654,"[3.99999998e-08 0.00000000e+00 0.00000000e+00 0.00000000e+00
 3.99999998e-08 0.00000000e+00 0.00000000e+00 0.00000000e+00
 3.99999998e-08]","[0.000289 0.       0.       0.       0.000289 0.       0.       0.
 0.000289]"
1786809874.4155304,-0.23506644614254749,-0.08511031604871894,0.0,0.0,-0.348313778488089,-0.12611368512062135,0.12499999999999999,0.26831465738897436,1.1088743509369599,-0.08825901364234987,-0.4571845851562297,3.1374190123839196,4.438338563371733,"[0. 0. 0. 0. 0. 0. 0. 0. 0. 0. 0. 0. 0. 0. 0. 0. 0. 0. 0. 0. 0. 0. 0. 0.
 0. 0. 0. 0. 0. 0. 0. 0. 0. 0. 0. 0.]","[0. 0. 0. 0. 0. 0. 0. 0. 0. 0. 0. 0. 0. 0. 0. 0. 0. 0. 0. 0. 0. 0. 0. 0.
 0. 0. 0. 0. 0. 0. 0. 0. 0. 0. 0. 0.]",0.0031580165881518385,5.395801324664817e-05,0.26822113947274323,0.1343829821827962,0.012953820751308395,9.810136373571638,"[3.99999998e-08 0.00000000e+00 0.00000000e+00 0.00000000e+00
 3.99999998e-08 0.00000000e+00 0.00000000e+00 0.00000000e+00
 3.99999998e-08]","[0.000289 0.       0.       0.       0.000289 0.       0.       0.
 0.000289]"
1786809874.4650872,-0.23464892463584466,-0.08625475156327149,0.0,0.0,-0.34606757431832347,-0.12721120581846102,0.125,0.2713979743634092,1.1111205551067254,-0.08935653434018953,-0.4517905421605128,3.129944304567024,4.445813271188584,"[0. 0. 0. 0. 0. 0. 0. 0. 0. 0. 0. 0. 0. 0. 0. 0. 0. 0. 0. 0. 0. 0. 0. 0.
 0. 0. 0. 0. 0. 0. 0. 0. 0. 0. 0. 0.]","[0. 0. 0. 0. 0. 0. 0. 0. 0. 0. 0. 0. 0. 0. 0. 0. 0. 0. 0. 0. 0. 0. 0. 0.
 0. 0. 0. 0. 0. 0. 0. 0. 0. 0. 0. 0.]",0.0028796280477345346,3.378366192188615e-05,0.2714140837251776,0.13732046019051236,0.04548324581299525,9.78712037138024,"[3.99999998e-08 0.00000000e+00 0.00000000e+00 0.00000000e+00
 3.99999998e-08 0.00000000e+00 0.00000000e+00 0.00000000e+00
 3.99999998e-08]","[0.000289 0.       0.       0.       0.000289 0.       0.       0.
 0.000289]"
1786809874.5202825,-0.23422404414569464,-0.08740192872034165,0.0,0.0,-0.3438154555149504,-0.12829653781051348,0.12499999999999999,0.2739225439265026,1.1133726739100984,-0.090441866332242,-0.44635500896851166,3.123824135929152,4.45193343982642,"[0. 0. 0. 0. 0. 0. 0. 0. 0. 0. 0. 0. 0. 0. 0. 0. 0. 0. 0. 0. 0. 0. 0. 0.
 0. 0. 0. 0. 0. 0. 0. 0. 0. 0. 0. 0.]","[0. 0. 0. 0. 0. 0. 0. 0. 0. 0. 0. 0. 0. 0. 0. 0. 0. 0. 0. 0. 0. 0. 0. 0.
 0. 0. 0. 0. 0. 0. 0. 0. 0. 0. 0. 0.]",0.003646932057241513,-2.51442239994361e-05,0.27415090135789477,0.0800820379090833,0.008281002709278593,9.80639152335361,"[3.99999998e-08 0.00000000e+00 0.00000000e+00 0.00000000e+00
 3.99999998e-08 0.00000000e+00 0.00000000e+00 0.00000000e+00
 3.99999998e-08]","[0.000289 0.       0.       0.       0.000289 0.       0.       0.
 0.000289]"
1786809874.5676599,-0.233791735592789,-0.08855181742071383,0.0,0.0,-0.3415574424101988,-0.1293695527872491,0.125,0.275805618167,1.11563068701485,-0.09151488130897763,-0.44086525964747564,3.119259107467288,4.456498468288256,"[0. 0. 0. 0. 0. 0. 0. 0. 0. 0. 0. 0. 0. 0. 0. 0. 0. 0. 0. 0. 0. 0. 0. 0.
 0. 0. 0. 0. 0. 0. 0. 0. 0. 0. 0. 0.]","[0. 0. 0. 0. 0. 0. 0. 0. 0. 0. 0. 0. 0. 0. 0. 0. 0. 0. 0. 0. 0. 0. 0. 0.
 0. 0. 0. 0. 0. 0. 0. 0. 0. 0. 0. 0.]",0.0033592210669995703,9.525873403717149e-05,0.27566362858393173,0.10927641337761385,0.0637779792030497,9.7840606548344,"[3.99999998e-08 0.00000000e+00 0.00000000e+00 0.00000000e+00
 3.99999998e-08 0.00000000e+00 0.00000000e+00 0.00000000e+00
 3.99999998e-08]","[0.000289 0.       0.       0.       0.000289 0.       0.       0.
 0.000289]"
1786809874.6177113,-0.23335193043325186,-0.0897043843024118,0.0,0.0,-0.3392935542579898,-0.13043011611680622,0.125,0.27669527067477684,1.117894575167059,-0.09257544463853472,-0.43534558867546475,3.117102374115077,4.458655201640455,"[0. 0. 0. 0. 0. 0. 0. 0. 0. 0. 0. 0. 0. 0. 0. 0. 0. 0. 0. 0. 0. 0. 0. 0.
 0. 0. 0. 0. 0. 0. 0. 0. 0. 0. 0. 0.]","[0. 0. 0. 0. 0. 0. 0. 0. 0. 0. 0. 0. 0. 0. 0. 0. 0. 0. 0. 0. 0. 0. 0. 0.
 0. 0. 0. 0. 0. 0. 0. 0. 0. 0. 0. 0.]",0.0036249116644602184,8.905447232583628e-05,0.27689716897860756,0.08936905225319616,0.002835225295944769,9.820321890384255,"[3.99999998e-08 0.00000000e+00 0.00000000e+00 0.00000000e+00
 3.99999998e-08 0.00000000e+00 0.00000000e+00 0.00000000e+00
 3.99999998e-08]","[0.000289 0.       0.       0.       0.000289 0.       0.       0.
 0.000289]"
1786809874.6656399,-0.23244952356253465,-0.09201749287798837,0.0,0.0,-0.33474830980679915,-0.1325135011742844,0.125,0.2822490057394456,1.1224398196182497,-0.09465882969601291,-0.4241778106260043,3.103638773958134,4.472118801797316,"[0. 0. 0. 0. 0. 0. 0. 0. 0. 0. 0. 0. 0. 0. 0. 0. 0. 0. 0. 0. 0. 0. 0. 0.
 0. 0. 0. 0. 0. 0. 0. 0. 0. 0. 0. 0.]","[0. 0. 0. 0. 0. 0. 0. 0. 0. 0. 0. 0. 0. 0. 0. 0. 0. 0. 0. 0. 0. 0. 0. 0.
 0. 0. 0. 0. 0. 0. 0. 0. 0. 0. 0. 0.]",0.0030963032611218966,-0.0001195945007931966,0.28223862375923586,0.11425172170979594,0.022040123617757125,9.800940239086968,"[3.99999998e-08 0.00000000e+00 0.00000000e+00 0.00000000e+00
 3.99999998e-08 0.00000000e+00 0.00000000e+00 0.00000000e+00
 3.99999998e-08]","[0.000289 0.       0.       0.       0.000289 0.       0.       0.
 0.000289]"
1786809874.7154424,-0.23244952356253465,-0.09201749287798837,0.0,0.0,-0.33474830980679915,-0.1325135011742844,0.12499999999999999,0.3081600083682349,1.1224398196182497,-0.09465882969601291,-0.4241778106260043,3.040824222130031,4.534933353625008,"[0. 0. 0. 0. 0. 0. 0. 0. 0. 0. 0. 0. 0. 0. 0. 0. 0. 0. 0. 0. 0. 0. 0. 0.
 0. 0. 0. 0. 0. 0. 0. 0. 0. 0. 0. 0.]","[0. 0. 0. 0. 0. 0. 0. 0. 0. 0. 0. 0. 0. 0. 0. 0. 0. 0. 0. 0. 0. 0. 0. 0.
 0. 0. 0. 0. 0. 0. 0. 0. 0. 0. 0. 0.]",0.003581012690687998,0.00044640197758241055,0.30836863948495813,0.12503825567488544,0.03896700604382343,9.777077468424132,"[3.99999998e-08 0.00000000e+00 0.00000000e+00 0.00000000e+00
 3.99999998e-08 0.00000000e+00 0.00000000e+00 0.00000000e+00
 3.99999998e-08]","[0.000289 0.       0.       0.       0.000289 0.       0.       0.
 0.000289]"
1786809874.7659006,-0.2315165195975501,-0.09434034743118774,0.0,0.0,-0.3301793441839378,-0.13454432581770737,0.12499999999999999,0.28422124825170947,1.127008785241111,-0.09668965433943588,-0.412278091641413,3.098857579988955,4.476899995766464,"[0. 0. 0. 0. 0. 0. 0. 0. 0. 0. 0. 0. 0. 0. 0. 0. 0. 0. 0. 0. 0. 0. 0. 0.
 0. 0. 0. 0. 0. 0. 0. 0. 0. 0. 0. 0.]","[0. 0. 0. 0. 0. 0. 0. 0. 0. 0. 0. 0. 0. 0. 0. 0. 0. 0. 0. 0. 0. 0. 0. 0.
 0. 0. 0. 0. 0. 0. 0. 0. 0. 0. 0. 0.]",0.0036687895168268344,-3.7730286898741255e-05,0.28437088264007876,0.11618258942587276,0.009313180631968187,9.832636106354075,"[3.99999998e-08 0.00000000e+00 0.00000000e+00 0.00000000e+00
 3.99999998e-08 0.00000000e+00 0.00000000e+00 0.00000000e+00
 3.99999998e-08]","[0.000289 0.       0.       0.       0.000289 0.       0.       0.
 0.000289]"
1786809874.8220441,-0.23103840724943606,-0.09550525836645714,0.0,0.0,-0.32788596715050433,-0.13553951648236628,0.125,0.31052330213063445,1.1316015299773217,-0.09866611361103554,-0.4002516904059893,3.0350950251302153,4.540662550624786,"[0. 0. 0. 0. 0. 0. 0. 0. 0. 0. 0. 0. 0. 0. 0. 0. 0. 0. 0. 0. 0. 0. 0. 0.
 0. 0. 0. 0. 0. 0. 0. 0. 0. 0. 0. 0.]","[0. 0. 0. 0. 0. 0. 0. 0. 0. 0. 0. 0. 0. 0. 0. 0. 0. 0. 0. 0. 0. 0. 0. 0.
 0. 0. 0. 0. 0. 0. 0. 0. 0. 0. 0. 0.]",0.00380147883666735,6.426418070760659e-05,0.3102586293513337,0.11370281713552174,0.06257782657417196,9.771292848614026,"[3.99999998e-08 0.00000000e+00 0.00000000e+00 0.00000000e+00
 3.99999998e-08 0.00000000e+00 0.00000000e+00 0.00000000e+00
 3.99999998e-08]","[0.000289 0.       0.       0.       0.000289 0.       0.       0.
 0.000289]"
1786809874.8728151,-0.23005883085330814,-0.09784137338779002,0.0,0.0,-0.32558659944772717,-0.13652078508930704,0.125,0.3090436644605226,1.13390694141354,-0.09963309766392114,-0.39406045965069403,3.0386820255425886,4.5370755502124345,"[0. 0. 0. 0. 0. 0. 0. 0. 0. 0. 0. 0. 0. 0. 0. 0. 0. 0. 0. 0. 0. 0. 0. 0.
 0. 0. 0. 0. 0. 0. 0. 0. 0. 0. 0. 0.]","[0. 0. 0. 0. 0. 0. 0. 0. 0. 0. 0. 0. 0. 0. 0. 0. 0. 0. 0. 0. 0. 0. 0. 0.
 0. 0. 0. 0. 0. 0. 0. 0. 0. 0. 0. 0.]",0.0034526945174805685,-0.0001954668891343373,0.3088388563877825,0.13362502272463742,0.027326192837198948,9.821172773147582,"[3.99999998e-08 0.00000000e+00 0.00000000e+00 0.00000000e+00
 3.99999998e-08 0.00000000e+00 0.00000000e+00 0.00000000e+00
 3.99999998e-08]","[0.000289 0.       0.       0.       0.000289 0.       0.       0.
 0.000289]"
1786809874.9173403,-0.22955725677667999,-0.0990124530610439,0.0,0.0,-0.32096982985945144,-0.13844045123734297,0.12499999999999999,0.3297444536531644,1.1362182995655974,-0.10058577975907149,-0.38777608244827666,2.988498294165886,4.587259281588788,"[0. 0. 0. 0. 0. 0. 0. 0. 0. 0. 0. 0. 0. 0. 0. 0. 0. 0. 0. 0. 0. 0. 0. 0.
 0. 0. 0. 0. 0. 0. 0. 0. 0. 0. 0. 0.]","[0. 0. 0. 0. 0. 0. 0. 0. 0. 0. 0. 0. 0. 0. 0. 0. 0. 0. 0. 0. 0. 0. 0. 0.
 0. 0. 0. 0. 0. 0. 0. 0. 0. 0. 0. 0.]",0.003927627102015916,0.00014533360700351273,0.32993882928243334,0.11901578562448106,0.045238099626936375,9.806748635610292,"[3.99999998e-08 0.00000000e+00 0.00000000e+00 0.00000000e+00
 3.99999998e-08 0.00000000e+00 0.00000000e+00 0.00000000e+00
 3.99999998e-08]","[0.000289 0.       0.       0.       0.000289 0.       0.       0.
 0.000289]"
1786809874.9696288,-0.22904784873776374,-0.10018524336748653,0.0,0.0,-0.3186523491153037,-0.13937814007713292,0.125,0.3291798737482124,1.1385357803097451,-0.10152346859886144,-0.38118401627379717,2.9898669727233553,4.585890603031326,"[0. 0. 0. 0. 0. 0. 0. 0. 0. 0. 0. 0. 0. 0. 0. 0. 0. 0. 0. 0. 0. 0. 0. 0.
 0. 0. 0. 0. 0. 0. 0. 0. 0. 0. 0. 0.]","[0. 0. 0. 0. 0. 0. 0. 0. 0. 0. 0. 0. 0. 0. 0. 0. 0. 0. 0. 0. 0. 0. 0. 0.
 0. 0. 0. 0. 0. 0. 0. 0. 0. 0. 0. 0.]",0.004405047990071546,0.00022506337701945467,0.32920657778031576,0.09793236286234532,0.02114942402819946,9.743739327827099,"[3.99999998e-08 0.00000000e+00 0.00000000e+00 0.00000000e+00
 3.99999998e-08 0.00000000e+00 0.00000000e+00 0.00000000e+00
 3.99999998e-08]","[0.000289 0.       0.       0.       0.000289 0.       0.       0.
 0.000289]"
1786809875.0150561,-0.22853057844674235,-0.10135963059718274,0.0,0.0,-0.31632874233234864,-0.14030054397096947,0.125,0.32388024572840285,1.1408593870927002,-0.102445872492698,-0.3746004187987858,3.002714535576154,4.573043040128485,"[0. 0. 0. 0. 0. 0. 0. 0. 0. 0. 0. 0. 0. 0. 0. 0. 0. 0. 0. 0. 0. 0. 0. 0.
 0. 0. 0. 0. 0. 0. 0. 0. 0. 0. 0. 0.]","[0. 0. 0. 0. 0. 0. 0. 0. 0. 0. 0. 0. 0. 0. 0. 0. 0. 0. 0. 0. 0. 0. 0. 0.
 0. 0. 0. 0. 0. 0. 0. 0. 0. 0. 0. 0.]",0.004099218370778131,-2.49292095994629e-05,0.3288355519553667,0.1265409648364727,0.030574156255913976,9.82777280327579,"[3.99999998e-08 0.00000000e+00 0.00000000e+00 0.00000000e+00
 3.99999998e-08 0.00000000e+00 0.00000000e+00 0.00000000e+00
 3.99999998e-08]","[0.000289 0.       0.       0.       0.000289 0.       0.       0.
 0.000289]"
1786809875.0778835,-0.22853057844674235,-0.10135963059718274,0.0,0.0,-0.31632874233234864,-0.14030054397096947,0.125,0.3279490144399621,1.1408593870927002,-0.102445872492698,-0.3746004187987858,2.9928508740766637,4.5829067016780405,"[0. 0. 0. 0. 0. 0. 0. 0. 0. 0. 0. 0. 0. 0. 0. 0. 0. 0. 0. 0. 0. 0. 0. 0.
 0. 0. 0. 0. 0. 0. 0. 0. 0. 0. 0. 0.]","[0. 0. 0. 0. 0. 0. 0. 0. 0. 0. 0. 0. 0. 0. 0. 0. 0. 0. 0. 0. 0. 0. 0. 0.
 0. 0. 0. 0. 0. 0. 0. 0. 0. 0. 0. 0.]",0.004483629480710934,-4.0468737538538326e-05,0.3280116459263888,0.12591696042073228,0.035560785019410415,9.798837037746559,"[3.99999998e-08 0.00000000e+00 0.00000000e+00 0.00000000e+00
 3.99999998e-08 0.00000000e+00 0.00000000e+00 0.00000000e+00
 3.99999998e-08]","[0.000289 0.       0.       0.       0.000289 0.       0.       0.
 0.000289]"
1786809875.1159132,-0.22747206634707012,-0.1037133503064775,0.0,0.0,-0.3116636388615974,-0.1420995583067586,0.12499999999999999,0.32468645544981456,1.1455244905634514,-0.10424488682848712,-0.36153012801940765,3.0007601079923156,4.574997467762445,"[0. 0. 0. 0. 0. 0. 0. 0. 0. 0. 0. 0. 0. 0. 0. 0. 0. 0. 0. 0. 0. 0. 0. 0.
 0. 0. 0. 0. 0. 0. 0. 0. 0. 0. 0. 0.]","[0. 0. 0. 0. 0. 0. 0. 0. 0. 0. 0. 0. 0. 0. 0. 0. 0. 0. 0. 0. 0. 0. 0. 0.
 0. 0. 0. 0. 0. 0. 0. 0. 0. 0. 0. 0.]",0.003880414522698423,0.0005927274896792887,0.3247149169797449,0.15056133186659798,0.02683244628140629,9.78825186943994,"[3.99999998e-08 0.00000000e+00 0.00000000e+00 0.00000000e+00
 3.99999998e-08 0.00000000e+00 0.00000000e+00 0.00000000e+00
 3.99999998e-08]","[0.000289 0.       0.       0.       0.000289 0.       0.       0.
 0.000289]"
1786809875.1659513,-0.22693062481382864,-0.1048927620077064,0.0,0.0,-0.30932238488705677,-0.1429762039752558,0.12499999999999999,0.3281617570210022,1.147865744537992,-0.10512153249698429,-0.35500164590015054,2.9923351344862987,4.583422441268403,"[0. 0. 0. 0. 0. 0. 0. 0. 0. 0. 0. 0. 0. 0. 0. 0. 0. 0. 0. 0. 0. 0. 0. 0.
 0. 0. 0. 0. 0. 0. 0. 0. 0. 0. 0. 0.]","[0. 0. 0. 0. 0. 0. 0. 0. 0. 0. 0. 0. 0. 0. 0. 0. 0. 0. 0. 0. 0. 0. 0. 0.
 0. 0. 0. 0. 0. 0. 0. 0. 0. 0. 0. 0.]",0.0043124861342479755,-8.165772530371015e-05,0.3278565730613737,0.12026410756550446,0.04437064512919136,9.80386017568028,"[3.99999998e-08 0.00000000e+00 0.00000000e+00 0.00000000e+00
 3.99999998e-08 0.00000000e+00 0.00000000e+00 0.00000000e+00
 3.99999998e-08]","[0.000289 0.       0.       0.       0.000289 0.       0.       0.
 0.000289]"
1786809875.2178206,-0.22638095614118803,-0.10607385491534428,0.0,0.0,-0.30932238488705677,-0.1429762039752558,0.125,0.327439833180125,1.1502126933932115,-0.10598281564634128,-0.34844346422540906,2.994085252888443,4.581672322866271,"[0. 0. 0. 0. 0. 0. 0. 0. 0. 0. 0. 0. 0. 0. 0. 0. 0. 0. 0. 0. 0. 0. 0. 0.
 0. 0. 0. 0. 0. 0. 0. 0. 0. 0. 0. 0.]","[0. 0. 0. 0. 0. 0. 0. 0. 0. 0. 0. 0. 0. 0. 0. 0. 0. 0. 0. 0. 0. 0. 0. 0.
 0. 0. 0. 0. 0. 0. 0. 0. 0. 0. 0. 0.]",0.004221252121223339,1.2039568336922108e-05,0.3272578694522033,0.13454391404938995,0.043654634987069854,9.780975777009678,"[3.99999998e-08 0.00000000e+00 0.00000000e+00 0.00000000e+00
 3.99999998e-08 0.00000000e+00 0.00000000e+00 0.00000000e+00
 3.99999998e-08]","[0.000289 0.       0.       0.       0.000289 0.       0.       0.
 0.000289]"
1786809875.2658823,-0.22638095614118803,-0.10607385491534428,0.0,0.0,-0.3069754360318373,-0.14383748712461275,0.125,0.32980853642265007,1.1525652446133512,-0.1068286762528672,-0.341861505720116,2.9883429419974523,4.58741463375722,"[0. 0. 0. 0. 0. 0. 0. 0. 0. 0. 0. 0. 0. 0. 0. 0. 0. 0. 0. 0. 0. 0. 0. 0.
 0. 0. 0. 0. 0. 0. 0. 0. 0. 0. 0. 0.]","[0. 0. 0. 0. 0. 0. 0. 0. 0. 0. 0. 0. 0. 0. 0. 0. 0. 0. 0. 0. 0. 0. 0. 0.
 0. 0. 0. 0. 0. 0. 0. 0. 0. 0. 0. 0.]",0.004121260930907742,-0.00012260671366998244,0.3297605777011764,0.103276263615281,0.04176545192959482,9.816338048785827,"[3.99999998e-08 0.00000000e+00 0.00000000e+00 0.00000000e+00
 3.99999998e-08 0.00000000e+00 0.00000000e+00 0.00000000e+00
 3.99999998e-08]","[0.000289 0.       0.       0.       0.000289 0.       0.       0.
 0.000289]"
1786809875.315564,-0.22582297374087174,-0.10725662930947233,0.0,0.0,-0.30462288481169764,-0.14468334773113867,0.125,0.30766519435780904,1.1525652446133512,-0.1068286762528672,-0.341861505720116,3.042023771246146,4.533733804508905,"[0. 0. 0. 0. 0. 0. 0. 0. 0. 0. 0. 0. 0. 0. 0. 0. 0. 0. 0. 0. 0. 0. 0. 0.
 0. 0. 0. 0. 0. 0. 0. 0. 0. 0. 0. 0.]","[0. 0. 0. 0. 0. 0. 0. 0. 0. 0. 0. 0. 0. 0. 0. 0. 0. 0. 0. 0. 0. 0. 0. 0.
 0. 0. 0. 0. 0. 0. 0. 0. 0. 0. 0. 0.]",0.003733231048676803,0.0001597878548743578,0.30769391815989866,0.12959297915751422,0.05324833830877014,9.768277445014668,"[3.99999998e-08 0.00000000e+00 0.00000000e+00 0.00000000e+00
 3.99999998e-08 0.00000000e+00 0.00000000e+00 0.00000000e+00
 3.99999998e-08]","[0.000289 0.       0.       0.       0.000289 0.       0.       0.
 0.000289]"
1786809875.3657243,-0.22468146320942603,-0.10962773412814539,0.0,0.0,-0.2999016983021858,-0.14632957777832378,0.125,0.31345102848988754,1.157286431122863,-0.1084749063000523,-0.3292756061578014,3.0279975066833584,4.547760069071596,"[0. 0. 0. 0. 0. 0. 0. 0. 0. 0. 0. 0. 0. 0. 0. 0. 0. 0. 0. 0. 0. 0. 0. 0.
 0. 0. 0. 0. 0. 0. 0. 0. 0. 0. 0. 0.]","[0. 0. 0. 0. 0. 0. 0. 0. 0. 0. 0. 0. 0. 0. 0. 0. 0. 0. 0. 0. 0. 0. 0. 0.
 0. 0. 0. 0. 0. 0. 0. 0. 0. 0. 0. 0.]",0.004435102465832383,0.0001861087681105814,0.3136431995347561,0.11527545759533336,0.050302491402188725,9.80615973556878,"[3.99999998e-08 0.00000000e+00 0.00000000e+00 0.00000000e+00
 3.99999998e-08 0.00000000e+00 0.00000000e+00 0.00000000e+00
 3.99999998e-08]","[0.000289 0.       0.       0.       0.000289 0.       0.       0.
 0.000289]"
1786809875.4164994,-0.22409762589073173,-0.11081630778065854,0.0,0.0,-0.2999016983021858,-0.14632957777832378,0.12499999999999999,0.3414807719655716,1.159654721961418,-0.10927564070359198,-0.32267022871066686,2.960046613408144,4.615710962346321,"[0. 0. 0. 0. 0. 0. 0. 0. 0. 0. 0. 0. 0. 0. 0. 0. 0. 0. 0. 0. 0. 0. 0. 0.
 0. 0. 0. 0. 0. 0. 0. 0. 0. 0. 0. 0.]","[0. 0. 0. 0. 0. 0. 0. 0. 0. 0. 0. 0. 0. 0. 0. 0. 0. 0. 0. 0. 0. 0. 0. 0.
 0. 0. 0. 0. 0. 0. 0. 0. 0. 0. 0. 0.]",0.004498788877698312,-5.081621397207105e-05,0.3412792445065628,0.11456488915282424,0.008527392319226126,9.772633863016166,"[3.99999998e-08 0.00000000e+00 0.00000000e+00 0.00000000e+00
 3.99999998e-08 0.00000000e+00 0.00000000e+00 0.00000000e+00
 3.99999998e-08]","[0.000289 0.       0.       0.       0.000289 0.       0.       0.
 0.000289]"
1786809875.4693916,-0.22409762589073173,-0.11081630778065854,0.0,0.0,-0.2975334074636309,-0.14713031218186345,0.125,0.342906288914751,1.159654721961418,-0.10927564070359198,-0.32267022871066686,2.956590814743475,4.619166761010961,"[0. 0. 0. 0. 0. 0. 0. 0. 0. 0. 0. 0. 0. 0. 0. 0. 0. 0. 0. 0. 0. 0. 0. 0.
 0. 0. 0. 0. 0. 0. 0. 0. 0. 0. 0. 0.]","[0. 0. 0. 0. 0. 0. 0. 0. 0. 0. 0. 0. 0. 0. 0. 0. 0. 0. 0. 0. 0. 0. 0. 0.
 0. 0. 0. 0. 0. 0. 0. 0. 0. 0. 0. 0.]",0.004320821271677317,0.00014428922707187202,0.34291259521574097,0.12323590528184986,0.06861035451265644,9.80054504604546,"[3.99999998e-08 0.00000000e+00 0.00000000e+00 0.00000000e+00
 3.99999998e-08 0.00000000e+00 0.00000000e+00 0.00000000e+00
 3.99999998e-08]","[0.000289 0.       0.       0.       0.000289 0.       0.       0.
 0.000289]"
1786809875.5158556,-0.22350521292475498,-0.11200633819324667,0.0,0.0,-0.29515973318986877,-0.14791494329853844,0.125,0.3202488361499316,1.16202839623518,-0.11006027182026695,-0.31582065603626136,3.0115179729618364,4.564239602793003,"[0. 0. 0. 0. 0. 0. 0. 0. 0. 0. 0. 0. 0. 0. 0. 0. 0. 0. 0. 0. 0. 0. 0. 0.
 0. 0. 0. 0. 0. 0. 0. 0. 0. 0. 0. 0.]","[0. 0. 0. 0. 0. 0. 0. 0. 0. 0. 0. 0. 0. 0. 0. 0. 0. 0. 0. 0. 0. 0. 0. 0.
 0. 0. 0. 0. 0. 0. 0. 0. 0. 0. 0. 0.]",0.00420843222850749,7.22203454363106e-05,0.3203882521347272,0.14324683773232263,0.028314236134935326,9.815806076043447,"[3.99999998e-08 0.00000000e+00 0.00000000e+00 0.00000000e+00
 3.99999998e-08 0.00000000e+00 0.00000000e+00 0.00000000e+00
 3.99999998e-08]","[0.000289 0.       0.       0.       0.000289 0.       0.       0.
 0.000289]"
1786809875.5651505,-0.2222940189540837,-0.11439129834581592,0.0,0.0,-0.2903969741213366,-0.1494367102710828,0.125,0.3280380230964787,1.1667911553037122,-0.11158203879281132,-0.30274234167191044,2.9926350955154293,4.583122480239275,"[0. 0. 0. 0. 0. 0. 0. 0. 0. 0. 0. 0. 0. 0. 0. 0. 0. 0. 0. 0. 0. 0. 0. 0.
 0. 0. 0. 0. 0. 0. 0. 0. 0. 0. 0. 0.]","[0. 0. 0. 0. 0. 0. 0. 0. 0. 0. 0. 0. 0. 0. 0. 0. 0. 0. 0. 0. 0. 0. 0. 0.
 0. 0. 0. 0. 0. 0. 0. 0. 0. 0. 0. 0.]",0.004452118534433924,0.00012983497537166514,0.3280447454786237,0.13285067501106176,0.04450936300692448,9.80849249213768,"[3.99999998e-08 0.00000000e+00 0.00000000e+00 0.00000000e+00
 3.99999998e-08 0.00000000e+00 0.00000000e+00 0.00000000e+00
 3.99999998e-08]","[0.000289 0.       0.       0.       0.000289 0.       0.       0.
 0.000289]"
1786809875.6154397,-0.22167499224101728,-0.11558632191978828,0.0,0.0,-0.28800814641520045,-0.15017391899071036,0.12499999999999999,0.35827468926170347,1.1691799830098484,-0.11231924751243887,-0.2957885045976937,2.919334086629184,4.656423489124964,"[0. 0. 0. 0. 0. 0. 0. 0. 0. 0. 0. 0. 0. 0. 0. 0. 0. 0. 0. 0. 0. 0. 0. 0.
 0. 0. 0. 0. 0. 0. 0. 0. 0. 0. 0. 0.]","[0. 0. 0. 0. 0. 0. 0. 0. 0. 0. 0. 0. 0. 0. 0. 0. 0. 0. 0. 0. 0. 0. 0. 0.
 0. 0. 0. 0. 0. 0. 0. 0. 0. 0. 0. 0.]",0.0038907410179786217,0.00011174729253844429,0.3584096092894038,0.1683609340506862,0.04491435804041741,9.76612020883403,"[3.99999998e-08 0.00000000e+00 0.00000000e+00 0.00000000e+00
 3.99999998e-08 0.00000000e+00 0.00000000e+00 0.00000000e+00
 3.99999998e-08]","[0.000289 0.       0.       0.       0.000289 0.       0.       0.
 0.000289]"
1786809875.6651556,-0.22167499224101728,-0.11558632191978828,0.0,0.0,-0.28800814641520045,-0.15017391899071036,0.125,0.35800535220738583,1.1691799830098484,-0.11231924751243887,-0.2957885045976937,2.9199870249426887,4.655770550811466,"[0. 0. 0. 0. 0. 0. 0. 0. 0. 0. 0. 0. 0. 0. 0. 0. 0. 0. 0. 0. 0. 0. 0. 0.
 0. 0. 0. 0. 0. 0. 0. 0. 0. 0. 0. 0.]","[0. 0. 0. 0. 0. 0. 0. 0. 0. 0. 0. 0. 0. 0. 0. 0. 0. 0. 0. 0. 0. 0. 0. 0.
 0. 0. 0. 0. 0. 0. 0. 0. 0. 0. 0. 0.]",0.0045049465776634936,-0.0001226706379972137,0.35799132860988514,0.11013214951370563,0.042625242454512595,9.789958941661727,"[3.99999998e-08 0.00000000e+00 0.00000000e+00 0.00000000e+00
 3.99999998e-08 0.00000000e+00 0.00000000e+00 0.00000000e+00
 3.99999998e-08]","[0.000289 0.       0.       0.       0.000289 0.       0.       0.
 0.000289]"
1786809875.715475,-0.22104719124802946,-0.11678244406312571,0.0,0.0,-0.28561412911517015,-0.15089409582049174,0.125,0.3344681159823889,1.1715740003098787,-0.11303942434222025,-0.28869712386505025,2.9770469915493956,4.598710584205196,"[0. 0. 0. 0. 0. 0. 0. 0. 0. 0. 0. 0. 0. 0. 0. 0. 0. 0. 0. 0. 0. 0. 0. 0.
 0. 0. 0. 0. 0. 0. 0. 0. 0. 0. 0. 0.]","[0. 0. 0. 0. 0. 0. 0. 0. 0. 0. 0. 0. 0. 0. 0. 0. 0. 0. 0. 0. 0. 0. 0. 0.
 0. 0. 0. 0. 0. 0. 0. 0. 0. 0. 0. 0.]",0.004050183100713871,0.000163962521800681,0.3341725985899115,0.10836855885618137,0.044714769091682795,9.778201018720566,"[3.99999998e-08 0.00000000e+00 0.00000000e+00 0.00000000e+00
 3.99999998e-08 0.00000000e+00 0.00000000e+00 0.00000000e+00
 3.99999998e-08]","[0.000289 0.       0.       0.       0.000289 0.       0.       0.
 0.000289]"
1786809875.7663915,-0.22041034647427313,-0.11797999477492312,0.0,0.0,-0.28321522733497706,-0.1515978336573206,0.125,0.33691406868440754,1.1739729020900718,-0.11374316217904912,-0.2820077615453358,2.9711174092413963,4.60464016651315,"[0. 0. 0. 0. 0. 0. 0. 0. 0. 0. 0. 0. 0. 0. 0. 0. 0. 0. 0. 0. 0. 0. 0. 0.
 0. 0. 0. 0. 0. 0. 0. 0. 0. 0. 0. 0.]","[0. 0. 0. 0. 0. 0. 0. 0. 0. 0. 0. 0. 0. 0. 0. 0. 0. 0. 0. 0. 0. 0. 0. 0.
 0. 0. 0. 0. 0. 0. 0. 0. 0. 0. 0. 0.]",0.0045232575992479925,-2.9987911979798265e-05,0.3368430069816,0.14035122606729863,0.03882876944781174,9.799226568266311,"[3.99999998e-08 0.00000000e+00 0.00000000e+00 0.00000000e+00
 3.99999998e-08 0.00000000e+00 0.00000000e+00 0.00000000e+00
 3.99999998e-08]","[0.000289 0.       0.       0.       0.000289 0.       0.       0.
 0.000289]"
1786809875.8153481,-0.21976424743237147,-0.11917917414751368,0.0,0.0,-0.280811660842766,-0.1522854705496689,0.125,0.3461141800406329,1.1763764685822828,-0.11443079907139743,-0.2752700638893558,2.9488141089836057,4.626943466770774,"[0. 0. 0. 0. 0. 0. 0. 0. 0. 0. 0. 0. 0. 0. 0. 0. 0. 0. 0. 0. 0. 0. 0. 0.
 0. 0. 0. 0. 0. 0. 0. 0. 0. 0. 0. 0.]","[0. 0. 0. 0. 0. 0. 0. 0. 0. 0. 0. 0. 0. 0. 0. 0. 0. 0. 0. 0. 0. 0. 0. 0.
 0. 0. 0. 0. 0. 0. 0. 0. 0. 0. 0. 0.]",0.004456801862438088,7.808959232812471e-06,0.3459283649345348,0.11478868584358082,0.05231117563085686,9.810656846286898,"[3.99999998e-08 0.00000000e+00 0.00000000e+00 0.00000000e+00
 3.99999998e-08 0.00000000e+00 0.00000000e+00 0.00000000e+00
 3.99999998e-08]","[0.000289 0.       0.       0.       0.000289 0.       0.       0.
 0.000289]"
1786809875.8651087,-0.2191088714073383,-0.12037982584553981,0.0,0.0,-0.27840344646830295,-0.15295664746657964,0.12499999999999999,0.351230891221569,1.1787846829567459,-0.11510197598830815,-0.26832219674083324,2.9364099606660856,4.639347615088196,"[0. 0. 0. 0. 0. 0. 0. 0. 0. 0. 0. 0. 0. 0. 0. 0. 0. 0. 0. 0. 0. 0. 0. 0.
 0. 0. 0. 0. 0. 0. 0. 0. 0. 0. 0. 0.]","[0. 0. 0. 0. 0. 0. 0. 0. 0. 0. 0. 0. 0. 0. 0. 0. 0. 0. 0. 0. 0. 0. 0. 0.
 0. 0. 0. 0. 0. 0. 0. 0. 0. 0. 0. 0.]",0.00447969794677676,-7.097055196005068e-05,0.35108508543087746,0.0998299424497498,0.014748199934261623,9.797787159832401,"[3.99999998e-08 0.00000000e+00 0.00000000e+00 0.00000000e+00
 3.99999998e-08 0.00000000e+00 0.00000000e+00 0.00000000e+00
 3.99999998e-08]","[0.000289 0.       0.       0.       0.000289 0.       0.       0.
 0.000289]"
1786809875.9153259,-0.2184442108691295,-0.12158176975913487,0.0,0.0,-0.2759905957403066,-0.1536109605902423,0.125,0.35399261886904176,1.1811975336847422,-0.1157562891119708,-0.2612975789163445,2.929714863338796,4.646042712415434,"[0. 0. 0. 0. 0. 0. 0. 0. 0. 0. 0. 0. 0. 0. 0. 0. 0. 0. 0. 0. 0. 0. 0. 0.
 0. 0. 0. 0. 0. 0. 0. 0. 0. 0. 0. 0.]","[0. 0. 0. 0. 0. 0. 0. 0. 0. 0. 0. 0. 0. 0. 0. 0. 0. 0. 0. 0. 0. 0. 0. 0.
 0. 0. 0. 0. 0. 0. 0. 0. 0. 0. 0. 0.]",0.004742511740096415,-0.00016648128029211608,0.35352929343203515,0.12745003366704435,0.04951665936593088,9.810037120509712,"[3.99999998e-08 0.00000000e+00 0.00000000e+00 0.00000000e+00
 3.99999998e-08 0.00000000e+00 0.00000000e+00 0.00000000e+00
 3.99999998e-08]","[0.000289 0.       0.       0.       0.000289 0.       0.       0.
 0.000289]"
1786809875.9706416,-0.21777019178035326,-0.12278494847475468,0.0,0.0,-0.2735731921602558,-0.1542482468737103,0.12499999999999999,0.35898819734871396,1.183614937264793,-0.11639357539543883,-0.2542104971218941,2.9176043700545913,4.658153205699543,"[0. 0. 0. 0. 0. 0. 0. 0. 0. 0. 0. 0. 0. 0. 0. 0. 0. 0. 0. 0. 0. 0. 0. 0.
 0. 0. 0. 0. 0. 0. 0. 0. 0. 0. 0. 0.]","[0. 0. 0. 0. 0. 0. 0. 0. 0. 0. 0. 0. 0. 0. 0. 0. 0. 0. 0. 0. 0. 0. 0. 0.
 0. 0. 0. 0. 0. 0. 0. 0. 0. 0. 0. 0.]",0.0044253739739629865,0.0002245348093670288,0.35917355918935734,0.08668218929398704,0.04654047953687989,9.817762605137185,"[3.99999998e-08 0.00000000e+00 0.00000000e+00 0.00000000e+00
 3.99999998e-08 0.00000000e+00 0.00000000e+00 0.00000000e+00
 3.99999998e-08]","[0.000289 0.       0.       0.       0.000289 0.       0.       0.
 0.000289]"
1786809876.0209181,-0.21708676448450892,-0.12398926036414344,0.0,0.0,-0.2711513006659143,-0.15486825876361185,0.125,0.3584173541256174,1.1860368287591345,-0.11701358728534036,-0.24703187486041356,2.918988232413633,4.656769343340512,"[0. 0. 0. 0. 0. 0. 0. 0. 0. 0. 0. 0. 0. 0. 0. 0. 0. 0. 0. 0. 0. 0. 0. 0.
 0. 0. 0. 0. 0. 0. 0. 0. 0. 0. 0. 0.]","[0. 0. 0. 0. 0. 0. 0. 0. 0. 0. 0. 0. 0. 0. 0. 0. 0. 0. 0. 0. 0. 0. 0. 0.
 0. 0. 0. 0. 0. 0. 0. 0. 0. 0. 0. 0.]",0.004530783884552276,0.00014120134644767543,0.35808368706581006,0.11469570426230483,0.06639422526295684,9.796561046304651,"[3.99999998e-08 0.00000000e+00 0.00000000e+00 0.00000000e+00
 3.99999998e-08 0.00000000e+00 0.00000000e+00 0.00000000e+00
 3.99999998e-08]","[0.000289 0.       0.       0.       0.000289 0.       0.       0.
 0.000289]"
1786809876.067244,-0.21569137013698841,-0.1264010793008852,0.0,0.0,-0.2662944350147056,-0.15605586805026267,0.12499999999999999,0.3701393484169717,1.1908936944103432,-0.1182011965719912,-0.23248418481659472,2.890571276555451,4.685186299198465,"[0. 0. 0. 0. 0. 0. 0. 0. 0. 0. 0. 0. 0. 0. 0. 0. 0. 0. 0. 0. 0. 0. 0. 0.
 0. 0. 0. 0. 0. 0. 0. 0. 0. 0. 0. 0.]","[0. 0. 0. 0. 0. 0. 0. 0. 0. 0. 0. 0. 0. 0. 0. 0. 0. 0. 0. 0. 0. 0. 0. 0.
 0. 0. 0. 0. 0. 0. 0. 0. 0. 0. 0. 0.]",0.004842909846636399,0.00040035223742989327,0.3700555832720164,0.12672068519585608,0.05713681022742553,9.811806536419176,"[3.99999998e-08 0.00000000e+00 0.00000000e+00 0.00000000e+00
 3.99999998e-08 0.00000000e+00 0.00000000e+00 0.00000000e+00
 3.99999998e-08]","[0.000289 0.       0.       0.       0.000289 0.       0.       0.
 0.000289]"
1786809876.1153278,-0.21497937771880235,-0.12760825661232314,0.0,0.0,-0.2638595567559303,-0.15662273463348908,0.125,0.39902935812888085,1.1933285726691185,-0.1187680631552176,-0.22485027781627828,2.820534889374174,4.755222686379151,"[0. 0. 0. 0. 0. 0. 0. 0. 0. 0. 0. 0. 0. 0. 0. 0. 0. 0. 0. 0. 0. 0. 0. 0.
 0. 0. 0. 0. 0. 0. 0. 0. 0. 0. 0. 0.]","[0. 0. 0. 0. 0. 0. 0. 0. 0. 0. 0. 0. 0. 0. 0. 0. 0. 0. 0. 0. 0. 0. 0. 0.
 0. 0. 0. 0. 0. 0. 0. 0. 0. 0. 0. 0.]",0.00477830316440015,-0.0003929144759086008,0.3991084807180863,0.12716317514158762,0.05233060422769122,9.816118212050364,"[3.99999998e-08 0.00000000e+00 0.00000000e+00 0.00000000e+00
 3.99999998e-08 0.00000000e+00 0.00000000e+00 0.00000000e+00
 3.99999998e-08]","[0.000289 0.       0.       0.       0.000289 0.       0.       0.
 0.000289]"
1786809876.1763735,-0.21425807737734134,-0.12881566783029622,0.0,0.0,-0.2614202901301015,-0.1571704071543213,0.125,0.39773323602729094,1.1957678392949473,-0.1193157356760498,-0.21687617126209108,2.8236770035598324,4.752080572193517,"[0. 0. 0. 0. 0. 0. 0. 0. 0. 0. 0. 0. 0. 0. 0. 0. 0. 0. 0. 0. 0. 0. 0. 0.
 0. 0. 0. 0. 0. 0. 0. 0. 0. 0. 0. 0.]","[0. 0. 0. 0. 0. 0. 0. 0. 0. 0. 0. 0. 0. 0. 0. 0. 0. 0. 0. 0. 0. 0. 0. 0.
 0. 0. 0. 0. 0. 0. 0. 0. 0. 0. 0. 0.]",0.00524394416494668,0.0001676796080891736,0.3976235739741006,0.1384896752748142,0.063416077308005,9.840651680018514,"[3.99999998e-08 0.00000000e+00 0.00000000e+00 0.00000000e+00
 3.99999998e-08 0.00000000e+00 0.00000000e+00 0.00000000e+00
 3.99999998e-08]","[0.000289 0.       0.       0.       0.000289 0.       0.       0.
 0.000289]"
1786809876.2221735,-0.2135274351112986,-0.13002320737003134,0.0,0.0,-0.2589767403214762,-0.15769864136326286,0.125,0.3950102338829866,1.1982113891035726,-0.11984396988499138,-0.2089242295393505,2.8302782208795105,4.7454793548739005,"[0. 0. 0. 0. 0. 0. 0. 0. 0. 0. 0. 0. 0. 0. 0. 0. 0. 0. 0. 0. 0. 0. 0. 0.
 0. 0. 0. 0. 0. 0. 0. 0. 0. 0. 0. 0.]","[0. 0. 0. 0. 0. 0. 0. 0. 0. 0. 0. 0. 0. 0. 0. 0. 0. 0. 0. 0. 0. 0. 0. 0.
 0. 0. 0. 0. 0. 0. 0. 0. 0. 0. 0. 0.]",0.005098874476837667,8.967765151865958e-05,0.39531024828187866,0.14130067984095016,0.031563664936435545,9.797762387187356,"[3.99999998e-08 0.00000000e+00 0.00000000e+00 0.00000000e+00
 3.99999998e-08 0.00000000e+00 0.00000000e+00 0.00000000e+00
 3.99999998e-08]","[0.000289 0.       0.       0.       0.000289 0.       0.       0.
 0.000289]"
1786809876.2695098,-0.21278731757651848,-0.13123093186665205,0.0,0.0,-0.2565290832217979,-0.15820750515353754,0.125,0.3932884472138285,1.200659046203251,-0.12035283367526604,-0.20104124272554136,2.834452249168438,4.741305326585008,"[0. 0. 0. 0. 0. 0. 0. 0. 0. 0. 0. 0. 0. 0. 0. 0. 0. 0. 0. 0. 0. 0. 0. 0.
 0. 0. 0. 0. 0. 0. 0. 0. 0. 0. 0. 0.]","[0. 0. 0. 0. 0. 0. 0. 0. 0. 0. 0. 0. 0. 0. 0. 0. 0. 0. 0. 0. 0. 0. 0. 0.
 0. 0. 0. 0. 0. 0. 0. 0. 0. 0. 0. 0.]",0.004890401455610379,0.0001551853072048438,0.39311369500012217,0.10539974976594628,0.05080296445191401,9.813355800931008,"[3.99999998e-08 0.00000000e+00 0.00000000e+00 0.00000000e+00
 3.99999998e-08 0.00000000e+00 0.00000000e+00 0.00000000e+00
 3.99999998e-08]","[0.000289 0.       0.       0.       0.000289 0.       0.       0.
 0.000289]"
1786809876.3286214,-0.21278731757651848,-0.13123093186665205,0.0,0.0,-0.2565290832217979,-0.15820750515353754,0.125,0.3994352835910632,1.200659046203251,-0.12035283367526604,-0.20104124272554136,2.819550827647619,4.756206748105696,"[0. 0. 0. 0. 0. 0. 0. 0. 0. 0. 0. 0. 0. 0. 0. 0. 0. 0. 0. 0. 0. 0. 0. 0.
 0. 0. 0. 0. 0. 0. 0. 0. 0. 0. 0. 0.]","[0. 0. 0. 0. 0. 0. 0. 0. 0. 0. 0. 0. 0. 0. 0. 0. 0. 0. 0. 0. 0. 0. 0. 0.
 0. 0. 0. 0. 0. 0. 0. 0. 0. 0. 0. 0.]",0.00467105316504457,0.0004170091914355617,0.3997535707231729,0.11486217839726948,0.06077529179194931,9.783991938385945,"[3.99999998e-08 0.00000000e+00 0.00000000e+00 0.00000000e+00
 3.99999998e-08 0.00000000e+00 0.00000000e+00 0.00000000e+00
 3.99999998e-08]","[0.000289 0.       0.       0.       0.000289 0.       0.       0.
 0.000289]"
1786809876.367656,-0.21203759717871332,-0.13243888168765888,0.0,0.0,-0.2540774864370645,-0.15869703587225087,0.125,0.3748107768118404,1.2031106429879843,-0.12084236439397938,-0.19310171175441193,2.879246601658693,4.696510974095133,"[0. 0. 0. 0. 0. 0. 0. 0. 0. 0. 0. 0. 0. 0. 0. 0. 0. 0. 0. 0. 0. 0. 0. 0.
 0. 0. 0. 0. 0. 0. 0. 0. 0. 0. 0. 0.]","[0. 0. 0. 0. 0. 0. 0. 0. 0. 0. 0. 0. 0. 0. 0. 0. 0. 0. 0. 0. 0. 0. 0. 0.
 0. 0. 0. 0. 0. 0. 0. 0. 0. 0. 0. 0.]",0.00452471077238834,-3.8821862487213864e-05,0.3751923365053001,0.11327904505768811,0.0548873218200162,9.792212914547365,"[3.99999998e-08 0.00000000e+00 0.00000000e+00 0.00000000e+00
 3.99999998e-08 0.00000000e+00 0.00000000e+00 0.00000000e+00
 3.99999998e-08]","[0.000289 0.       0.       0.       0.000289 0.       0.       0.
 0.000289]"
1786809876.4167974,-0.21050864277825854,-0.13485589091936453,0.0,0.0,-0.2491632284426739,-0.15961876297580826,0.125,0.38704563062611713,1.208024900982375,-0.12176409149753678,-0.17771683654520382,2.849586349987354,4.7261712257662225,"[0. 0. 0. 0. 0. 0. 0. 0. 0. 0. 0. 0. 0. 0. 0. 0. 0. 0. 0. 0. 0. 0. 0. 0.
 0. 0. 0. 0. 0. 0. 0. 0. 0. 0. 0. 0.]","[0. 0. 0. 0. 0. 0. 0. 0. 0. 0. 0. 0. 0. 0. 0. 0. 0. 0. 0. 0. 0. 0. 0. 0.
 0. 0. 0. 0. 0. 0. 0. 0. 0. 0. 0. 0.]",0.004844234816992675,0.00025963235700047496,0.38677684779634725,0.13746218986294237,0.05337069482181839,9.787554581755266,"[3.99999998e-08 0.00000000e+00 0.00000000e+00 0.00000000e+00
 3.99999998e-08 0.00000000e+00 0.00000000e+00 0.00000000e+00
 3.99999998e-08]","[0.000289 0.       0.       0.       0.000289 0.       0.       0.
 0.000289]"
1786809876.4660928,-0.21050864277825854,-0.13485589091936453,0.0,0.0,-0.2491632284426739,-0.15961876297580826,0.125,0.41452866725607707,1.208024900982375,-0.12176409149753678,-0.17771683654520382,2.78296080664114,4.792796769111847,"[0. 0. 0. 0. 0. 0. 0. 0. 0. 0. 0. 0. 0. 0. 0. 0. 0. 0. 0. 0. 0. 0. 0. 0.
 0. 0. 0. 0. 0. 0. 0. 0. 0. 0. 0. 0.]","[0. 0. 0. 0. 0. 0. 0. 0. 0. 0. 0. 0. 0. 0. 0. 0. 0. 0. 0. 0. 0. 0. 0. 0.
 0. 0. 0. 0. 0. 0. 0. 0. 0. 0. 0. 0.]",0.005071334879795781,0.0004254010726212172,0.41446947834384446,0.1285589300927406,0.042622962327567314,9.814220916748626,"[3.99999998e-08 0.00000000e+00 0.00000000e+00 0.00000000e+00
 3.99999998e-08 0.00000000e+00 0.00000000e+00 0.00000000e+00
 3.99999998e-08]","[0.000289 0.       0.       0.       0.000289 0.       0.       0.
 0.000289]"
1786809876.5170007,-0.2089398432383005,-0.1372739666053051,0.0,0.0,-0.24423507749650208,-0.16046301821840897,0.125,0.4149178209333867,1.2129530519285467,-0.1226083467401375,-0.16140507211381677,2.782017403787065,4.793740171965916,"[0. 0. 0. 0. 0. 0. 0. 0. 0. 0. 0. 0. 0. 0. 0. 0. 0. 0. 0. 0. 0. 0. 0. 0.
 0. 0. 0. 0. 0. 0. 0. 0. 0. 0. 0. 0.]","[0. 0. 0. 0. 0. 0. 0. 0. 0. 0. 0. 0. 0. 0. 0. 0. 0. 0. 0. 0. 0. 0. 0. 0.
 0. 0. 0. 0. 0. 0. 0. 0. 0. 0. 0. 0.]",0.0048787254763627535,-8.025365403239795e-05,0.41477333351946183,0.11253994283892349,0.058085501743266335,9.80608439396026,"[3.99999998e-08 0.00000000e+00 0.00000000e+00 0.00000000e+00
 3.99999998e-08 0.00000000e+00 0.00000000e+00 0.00000000e+00
 3.99999998e-08]","[0.000289 0.       0.       0.       0.000289 0.       0.       0.
 0.000289]"
1786809876.5658638,-0.2081407283081871,-0.13848262425061647,0.0,0.0,-0.24176593272130864,-0.1608545386084722,0.125,0.4128288304749294,1.2154221967037402,-0.12299986713020071,-0.15310880468225868,2.787081623080372,4.788675952672654,"[0. 0. 0. 0. 0. 0. 0. 0. 0. 0. 0. 0. 0. 0. 0. 0. 0. 0. 0. 0. 0. 0. 0. 0.
 0. 0. 0. 0. 0. 0. 0. 0. 0. 0. 0. 0.]","[0. 0. 0. 0. 0. 0. 0. 0. 0. 0. 0. 0. 0. 0. 0. 0. 0. 0. 0. 0. 0. 0. 0. 0.
 0. 0. 0. 0. 0. 0. 0. 0. 0. 0. 0. 0.]",0.004861978038536203,-0.000245646022882613,0.4126195463540889,0.11698176461872009,0.02595028373968408,9.82198558517252,"[3.99999998e-08 0.00000000e+00 0.00000000e+00 0.00000000e+00
 3.99999998e-08 0.00000000e+00 0.00000000e+00 0.00000000e+00
 3.99999998e-08]","[0.000289 0.       0.       0.       0.000289 0.       0.       0.
 0.000289]"
1786809876.6156619,-0.20733166592288108,-0.13969101726898137,0.0,0.0,-0.23929362938253318,-0.16122559168972392,0.12499999999999999,0.41700414631732263,1.2178945000425156,-0.12337092021145243,-0.14481465023669085,2.7769596452805203,4.798797930472411,"[0. 0. 0. 0. 0. 0. 0. 0. 0. 0. 0. 0. 0. 0. 0. 0. 0. 0. 0. 0. 0. 0. 0. 0.
 0. 0. 0. 0. 0. 0. 0. 0. 0. 0. 0. 0.]","[0. 0. 0. 0. 0. 0. 0. 0. 0. 0. 0. 0. 0. 0. 0. 0. 0. 0. 0. 0. 0. 0. 0. 0.
 0. 0. 0. 0. 0. 0. 0. 0. 0. 0. 0. 0.]",0.005177626095439035,-0.00011563487536271432,0.4170005498404849,0.12958700971409007,0.046534155017673585,9.816414112115119,"[3.99999998e-08 0.00000000e+00 0.00000000e+00 0.00000000e+00
 3.99999998e-08 0.00000000e+00 0.00000000e+00 0.00000000e+00
 3.99999998e-08]","[0.000289 0.       0.       0.       0.000289 0.       0.       0.
 0.000289]"
1786809876.6655138,-0.20651258120245466,-0.14089909085973396,0.0,0.0,-0.23681832219754684,-0.16157604588676405,0.125,0.4152437340827521,1.220369807227502,-0.12372137440849257,-0.13648160895643457,2.7812273113037924,4.794530264449182,"[0. 0. 0. 0. 0. 0. 0. 0. 0. 0. 0. 0. 0. 0. 0. 0. 0. 0. 0. 0. 0. 0. 0. 0.
 0. 0. 0. 0. 0. 0. 0. 0. 0. 0. 0. 0.]","[0. 0. 0. 0. 0. 0. 0. 0. 0. 0. 0. 0. 0. 0. 0. 0. 0. 0. 0. 0. 0. 0. 0. 0.
 0. 0. 0. 0. 0. 0. 0. 0. 0. 0. 0. 0.]",0.005363646391640678,0.00019393518758634696,0.4150865469457602,0.10088297998985618,0.051416663461677205,9.79114768238016,"[3.99999998e-08 0.00000000e+00 0.00000000e+00 0.00000000e+00
 3.99999998e-08 0.00000000e+00 0.00000000e+00 0.00000000e+00
 3.99999998e-08]","[0.000289 0.       0.       0.       0.000289 0.       0.       0.
 0.000289]"
1786809876.7206457,-0.20651258120245466,-0.14089909085973396,0.0,0.0,-0.23681832219754684,-0.16157604588676405,0.125,0.4206423037447873,1.220369807227502,-0.12372137440849257,-0.13648160895643457,2.7681398696987047,4.807617706054148,"[0. 0. 0. 0. 0. 0. 0. 0. 0. 0. 0. 0. 0. 0. 0. 0. 0. 0. 0. 0. 0. 0. 0. 0.
 0. 0. 0. 0. 0. 0. 0. 0. 0. 0. 0. 0.]","[0. 0. 0. 0. 0. 0. 0. 0. 0. 0. 0. 0. 0. 0. 0. 0. 0. 0. 0. 0. 0. 0. 0. 0.
 0. 0. 0. 0. 0. 0. 0. 0. 0. 0. 0. 0.]",0.005070534519539006,-0.0003130134842833581,0.42063228727830615,0.09076450506258238,0.04856134486005497,9.785256137337512,"[3.99999998e-08 0.00000000e+00 0.00000000e+00 0.00000000e+00
 3.99999998e-08 0.00000000e+00 0.00000000e+00 0.00000000e+00
 3.99999998e-08]","[0.000289 0.       0.       0.       0.000289 0.       0.       0.
 0.000289]"
1786809876.765145,-0.2056833667281768,-0.14210683534356233,0.0,0.0,-0.23434017986903655,-0.1619058550273524,0.125,0.39638714822497007,1.2253287399616122,-0.12436044937982445,-0.1200386775111999,2.826940246717226,4.748817329036154,"[0. 0. 0. 0. 0. 0. 0. 0. 0. 0. 0. 0. 0. 0. 0. 0. 0. 0. 0. 0. 0. 0. 0. 0.
 0. 0. 0. 0. 0. 0. 0. 0. 0. 0. 0. 0.]","[0. 0. 0. 0. 0. 0. 0. 0. 0. 0. 0. 0. 0. 0. 0. 0. 0. 0. 0. 0. 0. 0. 0. 0.
 0. 0. 0. 0. 0. 0. 0. 0. 0. 0. 0. 0.]",0.0049740478551427636,-0.0002652602648179328,0.39654685567717834,0.11137231035938902,0.07014812303076569,9.805678189900705,"[3.99999998e-08 0.00000000e+00 0.00000000e+00 0.00000000e+00
 3.99999998e-08 0.00000000e+00 0.00000000e+00 0.00000000e+00
 3.99999998e-08]","[0.000289 0.       0.       0.       0.000289 0.       0.       0.
 0.000289]"
1786809876.817335,-0.20484385631427157,-0.14331432074394404,0.0,0.0,-0.23185938946343665,-0.16221512085809592,0.125,0.4034449574178811,1.2253287399616122,-0.12436044937982445,-0.1200386775111999,2.8098304062493646,4.765927169503865,"[0. 0. 0. 0. 0. 0. 0. 0. 0. 0. 0. 0. 0. 0. 0. 0. 0. 0. 0. 0. 0. 0. 0. 0.
 0. 0. 0. 0. 0. 0. 0. 0. 0. 0. 0. 0.]","[0. 0. 0. 0. 0. 0. 0. 0. 0. 0. 0. 0. 0. 0. 0. 0. 0. 0. 0. 0. 0. 0. 0. 0.
 0. 0. 0. 0. 0. 0. 0. 0. 0. 0. 0. 0.]",0.005048597801332043,-0.0002477359135320536,0.4030251342302699,0.10292527875039817,0.026572468723846616,9.775614551106479,"[3.99999998e-08 0.00000000e+00 0.00000000e+00 0.00000000e+00
 3.99999998e-08 0.00000000e+00 0.00000000e+00 0.00000000e+00
 3.99999998e-08]","[0.000289 0.       0.       0.       0.000289 0.       0.       0.
 0.000289]"
1786809876.8655572,-0.20313286595052957,-0.14572933394043971,0.0,0.0,-0.22689071543051464,-0.16277342754082552,0.12499999999999999,0.4418890849091573,1.2302974139945342,-0.12491875606255405,-0.10338383492917842,2.716632521420862,4.8591250543315,"[0. 0. 0. 0. 0. 0. 0. 0. 0. 0. 0. 0. 0. 0. 0. 0. 0. 0. 0. 0. 0. 0. 0. 0.
 0. 0. 0. 0. 0. 0. 0. 0. 0. 0. 0. 0.]","[0. 0. 0. 0. 0. 0. 0. 0. 0. 0. 0. 0. 0. 0. 0. 0. 0. 0. 0. 0. 0. 0. 0. 0.
 0. 0. 0. 0. 0. 0. 0. 0. 0. 0. 0. 0.]",0.005592506313863195,-0.00011016178714751369,0.44157510441464287,0.10360244985491378,0.07743168459122232,9.79744147616317,"[3.99999998e-08 0.00000000e+00 0.00000000e+00 0.00000000e+00
 3.99999998e-08 0.00000000e+00 0.00000000e+00 0.00000000e+00
 3.99999998e-08]","[0.000289 0.       0.       0.       0.000289 0.       0.       0.
 0.000289]"
1786809876.9175768,-0.2022619016023953,-0.14693577903350488,0.0,0.0,-0.22440295606354632,-0.1630204349182687,0.125,0.4419574587254598,1.2327851733615025,-0.12516576343999722,-0.09454530111904907,2.7164667667147055,4.859290809037656,"[0. 0. 0. 0. 0. 0. 0. 0. 0. 0. 0. 0. 0. 0. 0. 0. 0. 0. 0. 0. 0. 0. 0. 0.
 0. 0. 0. 0. 0. 0. 0. 0. 0. 0. 0. 0.]","[0. 0. 0. 0. 0. 0. 0. 0. 0. 0. 0. 0. 0. 0. 0. 0. 0. 0. 0. 0. 0. 0. 0. 0.
 0. 0. 0. 0. 0. 0. 0. 0. 0. 0. 0. 0.]",0.005177894485330226,-2.563089451746997e-06,0.4421525028538662,0.14701517472895542,0.07889734182512273,9.793287265866255,"[3.99999998e-08 0.00000000e+00 0.00000000e+00 0.00000000e+00
 3.99999998e-08 0.00000000e+00 0.00000000e+00 0.00000000e+00
 3.99999998e-08]","[0.000289 0.       0.       0.       0.000289 0.       0.       0.
 0.000289]"
1786809876.9674087,-0.2022619016023953,-0.14693577903350488,0.0,0.0,-0.22440295606354632,-0.1630204349182687,0.125,0.43717600828553016,1.2327851733615025,-0.12516576343999722,-0.09454530111904907,2.7280581614609,4.847699414290908,"[0. 0. 0. 0. 0. 0. 0. 0. 0. 0. 0. 0. 0. 0. 0. 0. 0. 0. 0. 0. 0. 0. 0. 0.
 0. 0. 0. 0. 0. 0. 0. 0. 0. 0. 0. 0.]","[0. 0. 0. 0. 0. 0. 0. 0. 0. 0. 0. 0. 0. 0. 0. 0. 0. 0. 0. 0. 0. 0. 0. 0.
 0. 0. 0. 0. 0. 0. 0. 0. 0. 0. 0. 0.]",0.005656578255835672,-0.0001153957018631523,0.4372225923239284,0.11078259028401675,0.029041509314243177,9.810171900944368,"[3.99999998e-08 0.00000000e+00 0.00000000e+00 0.00000000e+00
 3.99999998e-08 0.00000000e+00 0.00000000e+00 0.00000000e+00
 3.99999998e-08]","[0.000289 0.       0.       0.       0.000289 0.       0.       0.
 0.000289]"
1786809877.0175412,-0.20138067236321636,-0.14814123260773454,0.0,0.0,-0.22191311271094571,-0.1632454677156167,0.125,0.41256745148314095,1.2352750167141031,-0.12539079623734523,-0.08574918499085195,2.7877152691213114,4.788042306631721,"[0. 0. 0. 0. 0. 0. 0. 0. 0. 0. 0. 0. 0. 0. 0. 0. 0. 0. 0. 0. 0. 0. 0. 0.
 0. 0. 0. 0. 0. 0. 0. 0. 0. 0. 0. 0.]","[0. 0. 0. 0. 0. 0. 0. 0. 0. 0. 0. 0. 0. 0. 0. 0. 0. 0. 0. 0. 0. 0. 0. 0.
 0. 0. 0. 0. 0. 0. 0. 0. 0. 0. 0. 0.]",0.005058284939822785,4.693917417463898e-05,0.4127334685692567,0.14886476672902751,0.021028980379442102,9.799390526351045,"[3.99999998e-08 0.00000000e+00 0.00000000e+00 0.00000000e+00
 3.99999998e-08 0.00000000e+00 0.00000000e+00 0.00000000e+00
 3.99999998e-08]","[0.000289 0.       0.       0.       0.000289 0.       0.       0.
 0.000289]"
1786809877.0652788,-0.19958601327870296,-0.15055040120675003,0.0,0.0,-0.21692811693343428,-0.16363178211164855,0.125,0.4239035351720882,1.2402600124916145,-0.12577711063337707,-0.06896280256529763,2.7602338541174922,4.815523721635286,"[0. 0. 0. 0. 0. 0. 0. 0. 0. 0. 0. 0. 0. 0. 0. 0. 0. 0. 0. 0. 0. 0. 0. 0.
 0. 0. 0. 0. 0. 0. 0. 0. 0. 0. 0. 0.]","[0. 0. 0. 0. 0. 0. 0. 0. 0. 0. 0. 0. 0. 0. 0. 0. 0. 0. 0. 0. 0. 0. 0. 0.
 0. 0. 0. 0. 0. 0. 0. 0. 0. 0. 0. 0.]",0.004942428846854943,0.0001578036785149094,0.4239093123397718,0.1292040531062274,0.05251055883538605,9.8083404027634,"[3.99999998e-08 0.00000000e+00 0.00000000e+00 0.00000000e+00
 3.99999998e-08 0.00000000e+00 0.00000000e+00 0.00000000e+00
 3.99999998e-08]","[0.000289 0.       0.       0.       0.000289 0.       0.       0.
 0.000289]"
1786809877.126431,-0.19958601327870296,-0.15055040120675003,0.0,0.0,-0.21692811693343428,-0.16363178211164855,0.125,0.4427679298822527,1.2402600124916145,-0.12577711063337707,-0.06896280256529763,2.760233854117501,4.8155237216352775,"[0. 0. 0. 0. 0. 0. 0. 0. 0. 0. 0. 0. 0. 0. 0. 0. 0. 0. 0. 0. 0. 0. 0. 0.
 0. 0. 0. 0. 0. 0. 0. 0. 0. 0. 0. 0.]","[0. 0. 0. 0. 0. 0. 0. 0. 0. 0. 0. 0. 0. 0. 0. 0. 0. 0. 0. 0. 0. 0. 0. 0.
 0. 0. 0. 0. 0. 0. 0. 0. 0. 0. 0. 0.]",0.005182735821182744,-0.00018429215072256246,0.4238698925264807,0.129830741618159,0.054486361879435334,9.80722172310461,"[3.99999998e-08 0.00000000e+00 0.00000000e+00 0.00000000e+00
 3.99999998e-08 0.00000000e+00 0.00000000e+00 0.00000000e+00
 3.99999998e-08]","[0.000289 0.       0.       0.       0.000289 0.       0.       0.
 0.000289]"
1786809877.1710916,-0.1986721934516964,-0.1517542735776878,0.0,0.0,-0.21443334885953957,-0.1637933146136132,0.125,0.4188399403328556,1.2427547805655093,-0.12593864313534173,-0.060306215096350584,2.7725092355461363,4.803248340206755,"[0. 0. 0. 0. 0. 0. 0. 0. 0. 0. 0. 0. 0. 0. 0. 0. 0. 0. 0. 0. 0. 0. 0. 0.
 0. 0. 0. 0. 0. 0. 0. 0. 0. 0. 0. 0.]","[0. 0. 0. 0. 0. 0. 0. 0. 0. 0. 0. 0. 0. 0. 0. 0. 0. 0. 0. 0. 0. 0. 0. 0.
 0. 0. 0. 0. 0. 0. 0. 0. 0. 0. 0. 0.]",0.005329353208630452,-0.0001550207843592018,0.41884417698495346,0.11744809919476122,0.03972739060420445,9.799654985164414,"[3.99999998e-08 0.00000000e+00 0.00000000e+00 0.00000000e+00
 3.99999998e-08 0.00000000e+00 0.00000000e+00 0.00000000e+00
 3.99999998e-08]","[0.000289 0.       0.       0.       0.000289 0.       0.       0.
 0.000289]"
1786809877.215581,-0.19774729034182784,-0.15295754039100148,0.0,0.0,-0.21193729009535334,-0.16393350601205392,0.12499999999999999,0.4283573399147335,1.2452508393296955,-0.12607883453378244,-0.05186279450762599,2.7494367517110274,4.82632082404165,"[0. 0. 0. 0. 0. 0. 0. 0. 0. 0. 0. 0. 0. 0. 0. 0. 0. 0. 0. 0. 0. 0. 0. 0.
 0. 0. 0. 0. 0. 0. 0. 0. 0. 0. 0. 0.]","[0. 0. 0. 0. 0. 0. 0. 0. 0. 0. 0. 0. 0. 0. 0. 0. 0. 0. 0. 0. 0. 0. 0. 0.
 0. 0. 0. 0. 0. 0. 0. 0. 0. 0. 0. 0.]",0.005351083738533563,-0.0001029654844002597,0.42826878789738826,0.11079200605300461,0.0682575431167867,9.785525716562624,"[3.99999998e-08 0.00000000e+00 0.00000000e+00 0.00000000e+00
 3.99999998e-08 0.00000000e+00 0.00000000e+00 0.00000000e+00
 3.99999998e-08]","[0.000289 0.       0.       0.       0.000289 0.       0.       0.
 0.000289]"
1786809877.2651389,-0.19586363621938419,-0.15536227343509346,0.0,0.0,-0.2094401269261792,-0.16405240882753,0.125,0.43638779032461794,1.2502460953040206,-0.12629517027343448,-0.034632135518706975,2.729968993141388,4.845788582611104,"[0. 0. 0. 0. 0. 0. 0. 0. 0. 0. 0. 0. 0. 0. 0. 0. 0. 0. 0. 0. 0. 0. 0. 0.
 0. 0. 0. 0. 0. 0. 0. 0. 0. 0. 0. 0.]","[0. 0. 0. 0. 0. 0. 0. 0. 0. 0. 0. 0. 0. 0. 0. 0. 0. 0. 0. 0. 0. 0. 0. 0.
 0. 0. 0. 0. 0. 0. 0. 0. 0. 0. 0. 0.]",0.005506995705223995,-0.00029071105380479534,0.43614148709543166,0.14917721902088701,0.022073608949744146,9.802931797746766,"[3.99999998e-08 0.00000000e+00 0.00000000e+00 0.00000000e+00
 3.99999998e-08 0.00000000e+00 0.00000000e+00 0.00000000e+00
 3.99999998e-08]","[0.000289 0.       0.       0.       0.000289 0.       0.       0.
 0.000289]"
1786809877.3189855,-0.1949048090806604,-0.1565634548585056,0.0,0.0,-0.20444318603987854,-0.1642254579538727,0.125,0.4636920317385876,1.2527449433851703,-0.1263707864756012,-0.025767858548351896,2.6637768927429564,4.911980683008877,"[0. 0. 0. 0. 0. 0. 0. 0. 0. 0. 0. 0. 0. 0. 0. 0. 0. 0. 0. 0. 0. 0. 0. 0.
 0. 0. 0. 0. 0. 0. 0. 0. 0. 0. 0. 0.]","[0. 0. 0. 0. 0. 0. 0. 0. 0. 0. 0. 0. 0. 0. 0. 0. 0. 0. 0. 0. 0. 0. 0. 0.
 0. 0. 0. 0. 0. 0. 0. 0. 0. 0. 0. 0.]",0.005550247175800852,0.00037300792586618246,0.4635927765580515,0.118733232526364,0.05456632540771931,9.804114574034974,"[3.99999998e-08 0.00000000e+00 0.00000000e+00 0.00000000e+00
 3.99999998e-08 0.00000000e+00 0.00000000e+00 0.00000000e+00
 3.99999998e-08]","[0.000289 0.       0.       0.       0.000289 0.       0.       0.
 0.000289]"
1786809877.3673146,-0.1949048090806604,-0.1565634548585056,0.0,0.0,-0.20444318603987854,-0.1642254579538727,0.125,0.4675107197984689,1.2527449433851703,-0.1263707864756012,-0.025767858548351896,2.654519467143212,4.921238108608529,"[0. 0. 0. 0. 0. 0. 0. 0. 0. 0. 0. 0. 0. 0. 0. 0. 0. 0. 0. 0. 0. 0. 0. 0.
 0. 0. 0. 0. 0. 0. 0. 0. 0. 0. 0. 0.]","[0. 0. 0. 0. 0. 0. 0. 0. 0. 0. 0. 0. 0. 0. 0. 0. 0. 0. 0. 0. 0. 0. 0. 0.
 0. 0. 0. 0. 0. 0. 0. 0. 0. 0. 0. 0.]",0.00577320279510716,-7.637903904981458e-05,0.4672766772774948,0.16636882726416413,0.04431195827174939,9.792564280578235,"[3.99999998e-08 0.00000000e+00 0.00000000e+00 0.00000000e+00
 3.99999998e-08 0.00000000e+00 0.00000000e+00 0.00000000e+00
 3.99999998e-08]","[0.000289 0.       0.       0.       0.000289 0.       0.       0.
 0.000289]"
1786809877.421429,-0.19295400044825076,-0.15896148499248627,0.0,0.0,-0.19944393874679078,-0.16430809727856951,0.125,0.44168245004219203,1.257744190678258,-0.12645342580029803,-0.0075256037475392445,2.717133454431956,4.858624121320412,"[0. 0. 0. 0. 0. 0. 0. 0. 0. 0. 0. 0. 0. 0. 0. 0. 0. 0. 0. 0. 0. 0. 0. 0.
 0. 0. 0. 0. 0. 0. 0. 0. 0. 0. 0. 0.]","[0. 0. 0. 0. 0. 0. 0. 0. 0. 0. 0. 0. 0. 0. 0. 0. 0. 0. 0. 0. 0. 0. 0. 0.
 0. 0. 0. 0. 0. 0. 0. 0. 0. 0. 0. 0.]",0.005917619810907617,0.00021709718937962027,0.44160191500296564,0.1089636852901724,0.03063680489861138,9.773832278463813,"[3.99999998e-08 0.00000000e+00 0.00000000e+00 0.00000000e+00
 3.99999998e-08 0.00000000e+00 0.00000000e+00 0.00000000e+00
 3.99999998e-08]","[0.000289 0.       0.       0.       0.000289 0.       0.       0.
 0.000289]"
1786809877.4655998,-0.19295400044825076,-0.15896148499248627,0.0,0.0,-0.19944393874679078,-0.16430809727856951,0.12499999999999999,0.4843520141436512,1.257744190678258,-0.12645342580029803,-0.0075256037475392445,2.613692086911899,4.962065488839414,"[0. 0. 0. 0. 0. 0. 0. 0. 0. 0. 0. 0. 0. 0. 0. 0. 0. 0. 0. 0. 0. 0. 0. 0.
 0. 0. 0. 0. 0. 0. 0. 0. 0. 0. 0. 0.]","[0. 0. 0. 0. 0. 0. 0. 0. 0. 0. 0. 0. 0. 0. 0. 0. 0. 0. 0. 0. 0. 0. 0. 0.
 0. 0. 0. 0. 0. 0. 0. 0. 0. 0. 0. 0.]",0.005993596342418956,-6.556175385426417e-06,0.4842530613659703,0.12420665442301566,0.08184069570297407,9.824483405953321,"[3.99999998e-08 0.00000000e+00 0.00000000e+00 0.00000000e+00
 3.99999998e-08 0.00000000e+00 0.00000000e+00 0.00000000e+00
 3.99999998e-08]","[0.000289 0.       0.       0.       0.000289 0.       0.       0.
 0.000289]"
1786809877.515076,-0.19196170552170796,-0.1601583704125297,0.0,0.0,-0.19694395839599999,-0.1643151864772813,0.125,0.484560968733357,1.2602441710290488,-0.12646051499900982,0.001990758211373289,2.613185530330757,4.962572045420551,"[0. 0. 0. 0. 0. 0. 0. 0. 0. 0. 0. 0. 0. 0. 0. 0. 0. 0. 0. 0. 0. 0. 0. 0.
 0. 0. 0. 0. 0. 0. 0. 0. 0. 0. 0. 0.]","[0. 0. 0. 0. 0. 0. 0. 0. 0. 0. 0. 0. 0. 0. 0. 0. 0. 0. 0. 0. 0. 0. 0. 0.
 0. 0. 0. 0. 0. 0. 0. 0. 0. 0. 0. 0.]",0.005736001225176084,9.765986808388293e-06,0.48437827532498806,0.1301796771261059,0.08039143438546888,9.764839320158412,"[3.99999998e-08 0.00000000e+00 0.00000000e+00 0.00000000e+00
 3.99999998e-08 0.00000000e+00 0.00000000e+00 0.00000000e+00
 3.99999998e-08]","[0.000289 0.       0.       0.       0.000289 0.       0.       0.
 0.000289]"
1786809877.5698104,-0.1909586146531414,-0.16135305230999836,0.0,0.0,-0.19444402658180593,-0.16429809804291393,0.125,0.4571810742291117,1.262744102843243,-0.12644342656464244,0.011680932812846547,2.679561030554205,4.8961965451936855,"[0. 0. 0. 0. 0. 0. 0. 0. 0. 0. 0. 0. 0. 0. 0. 0. 0. 0. 0. 0. 0. 0. 0. 0.
 0. 0. 0. 0. 0. 0. 0. 0. 0. 0. 0. 0.]","[0. 0. 0. 0. 0. 0. 0. 0. 0. 0. 0. 0. 0. 0. 0. 0. 0. 0. 0. 0. 0. 0. 0. 0.
 0. 0. 0. 0. 0. 0. 0. 0. 0. 0. 0. 0.]",0.005950799553795663,-0.00041801245471040734,0.4844239273420187,0.1492922514375203,0.06883712788184852,9.772415800404062,"[3.99999998e-08 0.00000000e+00 0.00000000e+00 0.00000000e+00
 3.99999998e-08 0.00000000e+00 0.00000000e+00 0.00000000e+00
 3.99999998e-08]","[0.000289 0.       0.       0.       0.000289 0.       0.       0.
 0.000289]"
1786809877.6155233,-0.18994434203295735,-0.16254583024386357,0.0,0.0,-0.19194436731535003,-0.164257361982876,0.125,0.46155988098286505,1.2652437621096988,-0.1264026905046045,0.020904479909510217,2.6689457430599126,4.906811832691976,"[0. 0. 0. 0. 0. 0. 0. 0. 0. 0. 0. 0. 0. 0. 0. 0. 0. 0. 0. 0. 0. 0. 0. 0.
 0. 0. 0. 0. 0. 0. 0. 0. 0. 0. 0. 0.]","[0. 0. 0. 0. 0. 0. 0. 0. 0. 0. 0. 0. 0. 0. 0. 0. 0. 0. 0. 0. 0. 0. 0. 0.
 0. 0. 0. 0. 0. 0. 0. 0. 0. 0. 0. 0.]",0.0057757237446133675,-0.00016437975862972117,0.4617660939975831,0.13041045930989684,0.06333159583960915,9.831628132844546,"[3.99999998e-08 0.00000000e+00 0.00000000e+00 0.00000000e+00
 3.99999998e-08 0.00000000e+00 0.00000000e+00 0.00000000e+00
 3.99999998e-08]","[0.000289 0.       0.       0.       0.000289 0.       0.       0.
 0.000289]"
1786809877.6666856,-0.18994434203295735,-0.16254583024386357,0.0,0.0,-0.19194436731535003,-0.164257361982876,0.125,0.4614011143949565,1.2652437621096988,-0.1264026905046045,0.020904479909510217,2.669330631757848,4.9064269439940436,"[0. 0. 0. 0. 0. 0. 0. 0. 0. 0. 0. 0. 0. 0. 0. 0. 0. 0. 0. 0. 0. 0. 0. 0.
 0. 0. 0. 0. 0. 0. 0. 0. 0. 0. 0. 0.]","[0. 0. 0. 0. 0. 0. 0. 0. 0. 0. 0. 0. 0. 0. 0. 0. 0. 0. 0. 0. 0. 0. 0. 0.
 0. 0. 0. 0. 0. 0. 0. 0. 0. 0. 0. 0.]",0.005978547646011377,-1.4216753641034311e-05,0.4614541644444018,0.11973141908908483,0.05026847134798392,9.797098380723837,"[3.99999998e-08 0.00000000e+00 0.00000000e+00 0.00000000e+00
 3.99999998e-08 0.00000000e+00 0.00000000e+00 0.00000000e+00
 3.99999998e-08]","[0.000289 0.       0.       0.       0.000289 0.       0.       0.
 0.000289]"
1786809877.7153044,-0.18788068852541043,-0.16492679248447695,0.0,0.0,-0.18694670091048216,-0.16410691268331518,0.125,0.4399034609472938,1.2702414285145667,-0.1262522412050437,0.0391036640445237,2.7214461552679676,4.854311420484445,"[0. 0. 0. 0. 0. 0. 0. 0. 0. 0. 0. 0. 0. 0. 0. 0. 0. 0. 0. 0. 0. 0. 0. 0.
 0. 0. 0. 0. 0. 0. 0. 0. 0. 0. 0. 0.]","[0. 0. 0. 0. 0. 0. 0. 0. 0. 0. 0. 0. 0. 0. 0. 0. 0. 0. 0. 0. 0. 0. 0. 0.
 0. 0. 0. 0. 0. 0. 0. 0. 0. 0. 0. 0.]",0.005467341589824455,-9.254773423228666e-05,0.4397573228673935,0.12777497009098265,0.038279371236485865,9.80184230812006,"[3.99999998e-08 0.00000000e+00 0.00000000e+00 0.00000000e+00
 3.99999998e-08 0.00000000e+00 0.00000000e+00 0.00000000e+00
 3.99999998e-08]","[0.000289 0.       0.       0.       0.000289 0.       0.       0.
 0.000289]"
1786809877.7657855,-0.18683073847486445,-0.1661152466239532,0.0,0.0,-0.18444909779722507,-0.1639976784348785,0.125,0.4817562539214385,1.2727390316278238,-0.12614300695660702,0.04848767229884432,2.6199848389655958,4.955772736785783,"[0. 0. 0. 0. 0. 0. 0. 0. 0. 0. 0. 0. 0. 0. 0. 0. 0. 0. 0. 0. 0. 0. 0. 0.
 0. 0. 0. 0. 0. 0. 0. 0. 0. 0. 0. 0.]","[0. 0. 0. 0. 0. 0. 0. 0. 0. 0. 0. 0. 0. 0. 0. 0. 0. 0. 0. 0. 0. 0. 0. 0.
 0. 0. 0. 0. 0. 0. 0. 0. 0. 0. 0. 0.]",0.006033757369241358,-8.123526524151371e-05,0.4816355227579527,0.1314112515535898,0.08101075313614904,9.783564679705883,"[3.99999998e-08 0.00000000e+00 0.00000000e+00 0.00000000e+00
 3.99999998e-08 0.00000000e+00 0.00000000e+00 0.00000000e+00
 3.99999998e-08]","[0.000289 0.       0.       0.       0.000289 0.       0.       0.
 0.000289]"
1786809877.8154354,-0.18576916475119884,-0.16730157628558656,0.0,0.0,-0.18195265866627697,-0.16386447473665017,0.12499999999999999,0.48599068015191216,1.2752354707587719,-0.12600980325837868,0.05813973507556313,2.6097195632551813,4.966038012496089,"[0. 0. 0. 0. 0. 0. 0. 0. 0. 0. 0. 0. 0. 0. 0. 0. 0. 0. 0. 0. 0. 0. 0. 0.
 0. 0. 0. 0. 0. 0. 0. 0. 0. 0. 0. 0.]","[0. 0. 0. 0. 0. 0. 0. 0. 0. 0. 0. 0. 0. 0. 0. 0. 0. 0. 0. 0. 0. 0. 0. 0.
 0. 0. 0. 0. 0. 0. 0. 0. 0. 0. 0. 0.]",0.006439847855047895,-0.00017608139223969114,0.4855450545580315,0.1235166729899225,0.053115451250891635,9.788495261444755,"[3.99999998e-08 0.00000000e+00 0.00000000e+00 0.00000000e+00
 3.99999998e-08 0.00000000e+00 0.00000000e+00 0.00000000e+00
 3.99999998e-08]","[0.000289 0.       0.       0.       0.000289 0.       0.       0.
 0.000289]"
1786809877.8714306,-0.18469593890393493,-0.16848563782231984,0.0,0.0,-0.1794576280407838,-0.163707080415334,0.125,0.49036104804279546,1.277730501384265,-0.1258524089370625,0.0678595486786977,2.5991247320043547,4.976632843746803,"[0. 0. 0. 0. 0. 0. 0. 0. 0. 0. 0. 0. 0. 0. 0. 0. 0. 0. 0. 0. 0. 0. 0. 0.
 0. 0. 0. 0. 0. 0. 0. 0. 0. 0. 0. 0.]","[0. 0. 0. 0. 0. 0. 0. 0. 0. 0. 0. 0. 0. 0. 0. 0. 0. 0. 0. 0. 0. 0. 0. 0.
 0. 0. 0. 0. 0. 0. 0. 0. 0. 0. 0. 0.]",0.005954830398679277,-0.00035292754911925826,0.49020382593121514,0.1364744293236551,0.055763214591223825,9.788875764909635,"[3.99999998e-08 0.00000000e+00 0.00000000e+00 0.00000000e+00
 3.99999998e-08 0.00000000e+00 0.00000000e+00 0.00000000e+00
 3.99999998e-08]","[0.000289 0.       0.       0.       0.000289 0.       0.       0.
 0.000289]"
1786809877.9156938,-0.18361099166709607,-0.1696673325629468,0.0,0.0,-0.17696425167443763,-0.16352535470772936,0.125,0.4892270815663579,1.2802238777506112,-0.12567068322945787,0.07765576096576837,2.6018737416442232,4.973883834106964,"[0. 0. 0. 0. 0. 0. 0. 0. 0. 0. 0. 0. 0. 0. 0. 0. 0. 0. 0. 0. 0. 0. 0. 0.
 0. 0. 0. 0. 0. 0. 0. 0. 0. 0. 0. 0.]","[0. 0. 0. 0. 0. 0. 0. 0. 0. 0. 0. 0. 0. 0. 0. 0. 0. 0. 0. 0. 0. 0. 0. 0.
 0. 0. 0. 0. 0. 0. 0. 0. 0. 0. 0. 0.]",0.006040165651337046,0.0002936254735831065,0.48923409174200916,0.1306802283605885,0.06513547886125882,9.826862910224857,"[3.99999998e-08 0.00000000e+00 0.00000000e+00 0.00000000e+00
 3.99999998e-08 0.00000000e+00 0.00000000e+00 0.00000000e+00
 3.99999998e-08]","[0.000289 0.       0.       0.       0.000289 0.       0.       0.
 0.000289]"
1786809877.971646,-0.18251427365373038,-0.17084653907132924,0.0,0.0,-0.17696425167443763,-0.16352535470772936,0.125,0.5020687905883612,1.28271534661371,-0.12546445150721836,0.08758156137606565,2.570742325832845,5.005015249918002,"[0. 0. 0. 0. 0. 0. 0. 0. 0. 0. 0. 0. 0. 0. 0. 0. 0. 0. 0. 0. 0. 0. 0. 0.
 0. 0. 0. 0. 0. 0. 0. 0. 0. 0. 0. 0.]","[0. 0. 0. 0. 0. 0. 0. 0. 0. 0. 0. 0. 0. 0. 0. 0. 0. 0. 0. 0. 0. 0. 0. 0.
 0. 0. 0. 0. 0. 0. 0. 0. 0. 0. 0. 0.]",0.006182833492920055,-0.0001586814996854649,0.5019984001314206,0.09433947156547477,0.043882291023265255,9.803614840188839,"[3.99999998e-08 0.00000000e+00 0.00000000e+00 0.00000000e+00
 3.99999998e-08 0.00000000e+00 0.00000000e+00 0.00000000e+00
 3.99999998e-08]","[0.000289 0.       0.       0.       0.000289 0.       0.       0.
 0.000289]"
1786809878.0162888,-0.18251427365373038,-0.17084653907132924,0.0,0.0,-0.17447278281133882,-0.16331912298548984,0.125,0.5029444855313321,1.28271534661371,-0.12546445150721836,0.08758156137606565,2.5686194290013,5.007138146749523,"[0. 0. 0. 0. 0. 0. 0. 0. 0. 0. 0. 0. 0. 0. 0. 0. 0. 0. 0. 0. 0. 0. 0. 0.
 0. 0. 0. 0. 0. 0. 0. 0. 0. 0. 0. 0.]","[0. 0. 0. 0. 0. 0. 0. 0. 0. 0. 0. 0. 0. 0. 0. 0. 0. 0. 0. 0. 0. 0. 0. 0.
 0. 0. 0. 0. 0. 0. 0. 0. 0. 0. 0. 0.]",0.006349819185069493,1.3460308325518274e-05,0.5031461005459131,0.13107664772287278,0.04235116974518789,9.80840981990043,"[3.99999998e-08 0.00000000e+00 0.00000000e+00 0.00000000e+00
 3.99999998e-08 0.00000000e+00 0.00000000e+00 0.00000000e+00
 3.99999998e-08]","[0.000289 0.       0.       0.       0.000289 0.       0.       0.
 0.000289]"
1786809878.065359,-0.18140589199562898,-0.17202297041171624,0.0,0.0,-0.17198350533496276,-0.16308794121335596,0.125,0.4775946717505235,1.285204624090086,-0.12523326973508447,0.09763344552586606,2.6300735230162635,4.945684052735222,"[0. 0. 0. 0. 0. 0. 0. 0. 0. 0. 0. 0. 0. 0. 0. 0. 0. 0. 0. 0. 0. 0. 0. 0.
 0. 0. 0. 0. 0. 0. 0. 0. 0. 0. 0. 0.]","[0. 0. 0. 0. 0. 0. 0. 0. 0. 0. 0. 0. 0. 0. 0. 0. 0. 0. 0. 0. 0. 0. 0. 0.
 0. 0. 0. 0. 0. 0. 0. 0. 0. 0. 0. 0.]",0.006045350303802862,-0.00040539049480497157,0.47758856680992334,0.1379912612653738,0.07319503423006267,9.806100247373065,"[3.99999998e-08 0.00000000e+00 0.00000000e+00 0.00000000e+00
 3.99999998e-08 0.00000000e+00 0.00000000e+00 0.00000000e+00
 3.99999998e-08]","[0.000289 0.       0.       0.       0.000289 0.       0.       0.
 0.000289]"
1786809878.1150432,-0.18028551443775226,-0.1731968050626657,0.0,0.0,-0.1694966364144712,-0.1628321387184472,0.125,0.4828467623216633,1.2876914930105776,-0.12497746724017574,0.1072919903386109,2.6173411822376056,4.95841639351375,"[0. 0. 0. 0. 0. 0. 0. 0. 0. 0. 0. 0. 0. 0. 0. 0. 0. 0. 0. 0. 0. 0. 0. 0.
 0. 0. 0. 0. 0. 0. 0. 0. 0. 0. 0. 0.]","[0. 0. 0. 0. 0. 0. 0. 0. 0. 0. 0. 0. 0. 0. 0. 0. 0. 0. 0. 0. 0. 0. 0. 0.
 0. 0. 0. 0. 0. 0. 0. 0. 0. 0. 0. 0.]",0.006161382263428848,0.0002189276343547137,0.48312752763352085,0.1113687634928712,0.07154807998263808,9.788923913022042,"[3.99999998e-08 0.00000000e+00 0.00000000e+00 0.00000000e+00
 3.99999998e-08 0.00000000e+00 0.00000000e+00 0.00000000e+00
 3.99999998e-08]","[0.000289 0.       0.       0.       0.000289 0.       0.       0.
 0.000289]"
1786809878.1651728,-0.1780070651392859,-0.17553770182071438,0.0,0.0,-0.16453089893092954,-0.16224848072312564,0.125,0.49550932520390206,1.2926572304941193,-0.12439380924485416,0.12683378694337843,2.586644060098328,4.989113515652695,"[0. 0. 0. 0. 0. 0. 0. 0. 0. 0. 0. 0. 0. 0. 0. 0. 0. 0. 0. 0. 0. 0. 0. 0.
 0. 0. 0. 0. 0. 0. 0. 0. 0. 0. 0. 0.]","[0. 0. 0. 0. 0. 0. 0. 0. 0. 0. 0. 0. 0. 0. 0. 0. 0. 0. 0. 0. 0. 0. 0. 0.
 0. 0. 0. 0. 0. 0. 0. 0. 0. 0. 0. 0.]",0.006112464731892581,-0.00020162211780723469,0.4955459506275871,0.13607584848186155,0.05348906646339515,9.81034581972665,"[3.99999998e-08 0.00000000e+00 0.00000000e+00 0.00000000e+00
 3.99999998e-08 0.00000000e+00 0.00000000e+00 0.00000000e+00
 3.99999998e-08]","[0.000289 0.       0.       0.       0.000289 0.       0.       0.
 0.000289]"
1786809878.2162714,-0.1780070651392859,-0.17553770182071438,0.0,0.0,-0.16453089893092954,-0.16224848072312564,0.125,0.523037391920054,1.2926572304941193,-0.12439380924485416,0.12683378694337843,2.5199094574818575,5.05584811853155,"[0. 0. 0. 0. 0. 0. 0. 0. 0. 0. 0. 0. 0. 0. 0. 0. 0. 0. 0. 0. 0. 0. 0. 0.
 0. 0. 0. 0. 0. 0. 0. 0. 0. 0. 0. 0.]","[0. 0. 0. 0. 0. 0. 0. 0. 0. 0. 0. 0. 0. 0. 0. 0. 0. 0. 0. 0. 0. 0. 0. 0.
 0. 0. 0. 0. 0. 0. 0. 0. 0. 0. 0. 0.]",0.006112464731892581,-0.00020162211780723469,0.4955459506275871,0.13607584848186155,0.05348906646339515,9.81034581972665,"[3.99999998e-08 0.00000000e+00 0.00000000e+00 0.00000000e+00
 3.99999998e-08 0.00000000e+00 0.00000000e+00 0.00000000e+00
 3.99999998e-08]","[0.000289 0.       0.       0.       0.000289 0.       0.       0.
 0.000289]"
1786809878.265193,-0.1768493160107045,-0.17670404473736864,0.0,0.0,-0.16205264635659078,-0.16191952967389894,0.125,0.49627128277798693,1.295135483068458,-0.12406485819562747,0.13705135392567136,2.5847968902217087,4.990960685529293,"[0. 0. 0. 0. 0. 0. 0. 0. 0. 0. 0. 0. 0. 0. 0. 0. 0. 0. 0. 0. 0. 0. 0. 0.
 0. 0. 0. 0. 0. 0. 0. 0. 0. 0. 0. 0.]","[0. 0. 0. 0. 0. 0. 0. 0. 0. 0. 0. 0. 0. 0. 0. 0. 0. 0. 0. 0. 0. 0. 0. 0.
 0. 0. 0. 0. 0. 0. 0. 0. 0. 0. 0. 0.]",0.005974740619797257,-0.00038639427451031045,0.4963002227742352,0.11254995607414464,0.038812137235330176,9.794433490144128,"[3.99999998e-08 0.00000000e+00 0.00000000e+00 0.00000000e+00
 3.99999998e-08 0.00000000e+00 0.00000000e+00 0.00000000e+00
 3.99999998e-08]","[0.000289 0.       0.       0.       0.000289 0.       0.       0.
 0.000289]"
1786809878.316684,-0.1756790932651127,-0.17786752426890032,0.0,0.0,-0.15957782495977946,-0.16156568278149516,0.125,0.5059147972758894,1.2976103044652694,-0.12371101130322368,0.14700571010954494,2.5614186732568087,5.014338902493934,"[0. 0. 0. 0. 0. 0. 0. 0. 0. 0. 0. 0. 0. 0. 0. 0. 0. 0. 0. 0. 0. 0. 0. 0.
 0. 0. 0. 0. 0. 0. 0. 0. 0. 0. 0. 0.]","[0. 0. 0. 0. 0. 0. 0. 0. 0. 0. 0. 0. 0. 0. 0. 0. 0. 0. 0. 0. 0. 0. 0. 0.
 0. 0. 0. 0. 0. 0. 0. 0. 0. 0. 0. 0.]",0.006587828101093774,-0.00042812946819848375,0.5061061340777171,0.13466638684547352,0.07928350905406228,9.814090890734647,"[3.99999998e-08 0.00000000e+00 0.00000000e+00 0.00000000e+00
 3.99999998e-08 0.00000000e+00 0.00000000e+00 0.00000000e+00
 3.99999998e-08]","[0.000289 0.       0.       0.       0.000289 0.       0.       0.
 0.000289]"
1786809878.3792164,-0.1756790932651127,-0.17786752426890032,0.0,0.0,-0.15957782495977946,-0.16156568278149516,0.125,0.510947007175781,1.2976103044652694,-0.12371101130322368,0.14700571010954494,2.549219376529567,5.026538199221041,"[0. 0. 0. 0. 0. 0. 0. 0. 0. 0. 0. 0. 0. 0. 0. 0. 0. 0. 0. 0. 0. 0. 0. 0.
 0. 0. 0. 0. 0. 0. 0. 0. 0. 0. 0. 0.]","[0. 0. 0. 0. 0. 0. 0. 0. 0. 0. 0. 0. 0. 0. 0. 0. 0. 0. 0. 0. 0. 0. 0. 0.
 0. 0. 0. 0. 0. 0. 0. 0. 0. 0. 0. 0.]",0.006578826648179886,0.0001675425724176163,0.5106671364102603,0.13934555911117819,0.05816456298323913,9.810243124616179,"[3.99999998e-08 0.00000000e+00 0.00000000e+00 0.00000000e+00
 3.99999998e-08 0.00000000e+00 0.00000000e+00 0.00000000e+00
 3.99999998e-08]","[0.000289 0.       0.       0.       0.000289 0.       0.       0.
 0.000289]"
1786809878.4149885,-0.17449622503210446,-0.17902811915882144,0.0,0.0,-0.15710668936650074,-0.1611869546139409,0.125,0.4879164077942076,1.300081440058548,-0.1233322831356694,0.15717432814614946,2.6050511326068904,4.97070644314433,"[0. 0. 0. 0. 0. 0. 0. 0. 0. 0. 0. 0. 0. 0. 0. 0. 0. 0. 0. 0. 0. 0. 0. 0.
 0. 0. 0. 0. 0. 0. 0. 0. 0. 0. 0. 0.]","[0. 0. 0. 0. 0. 0. 0. 0. 0. 0. 0. 0. 0. 0. 0. 0. 0. 0. 0. 0. 0. 0. 0. 0.
 0. 0. 0. 0. 0. 0. 0. 0. 0. 0. 0. 0.]",0.005735120740173776,0.00016892134416852201,0.48837798710521313,0.12789794574798174,0.05679913912541208,9.787200507848157,"[3.99999998e-08 0.00000000e+00 0.00000000e+00 0.00000000e+00
 3.99999998e-08 0.00000000e+00 0.00000000e+00 0.00000000e+00
 3.99999998e-08]","[0.000289 0.       0.       0.       0.000289 0.       0.       0.
 0.000289]"
1786809878.465608,-0.17330051412633488,-0.1801858257564895,0.0,0.0,-0.15463948774582592,-0.16078338794615252,0.125,0.5024265173144791,1.302548641679223,-0.12292871646788103,0.16703928882290953,2.5698751100959125,5.0058824656560725,"[0. 0. 0. 0. 0. 0. 0. 0. 0. 0. 0. 0. 0. 0. 0. 0. 0. 0. 0. 0. 0. 0. 0. 0.
 0. 0. 0. 0. 0. 0. 0. 0. 0. 0. 0. 0.]","[0. 0. 0. 0. 0. 0. 0. 0. 0. 0. 0. 0. 0. 0. 0. 0. 0. 0. 0. 0. 0. 0. 0. 0.
 0. 0. 0. 0. 0. 0. 0. 0. 0. 0. 0. 0.]",0.006424471983290838,-7.297336046419863e-06,0.5024418727049071,-0.04869039046364695,0.062192120190086686,9.786498204298864,"[3.99999998e-08 0.00000000e+00 0.00000000e+00 0.00000000e+00
 3.99999998e-08 0.00000000e+00 0.00000000e+00 0.00000000e+00
 3.99999998e-08]","[0.000289 0.       0.       0.       0.000289 0.       0.       0.
 0.000289]"
1786809878.5154665,-0.17330051412633488,-0.1801858257564895,0.0,0.0,-0.15463948774582592,-0.16078338794615252,0.12499999999999999,0.5138554320667855,1.302548641679223,-0.12292871646788103,0.16703928882290953,2.5421686495209532,5.033588926229572,"[0. 0. 0. 0. 0. 0. 0. 0. 0. 0. 0. 0. 0. 0. 0. 0. 0. 0. 0. 0. 0. 0. 0. 0.
 0. 0. 0. 0. 0. 0. 0. 0. 0. 0. 0. 0.]","[0. 0. 0. 0. 0. 0. 0. 0. 0. 0. 0. 0. 0. 0. 0. 0. 0. 0. 0. 0. 0. 0. 0. 0.
 0. 0. 0. 0. 0. 0. 0. 0. 0. 0. 0. 0.]",0.006408356549153607,-6.97433044640517e-06,0.5136490273308401,0.10508934562094027,0.06405955476674237,9.762758815167187,"[3.99999998e-08 0.00000000e+00 0.00000000e+00 0.00000000e+00
 3.99999998e-08 0.00000000e+00 0.00000000e+00 0.00000000e+00
 3.99999998e-08]","[0.000289 0.       0.       0.       0.000289 0.       0.       0.
 0.000289]"
1786809878.5652492,-0.1720916168851864,-0.1813407714713992,0.0,0.0,-0.15217643426195204,-0.16035523686920794,0.12499999999999999,0.4915717453308955,1.3074703457490608,-0.12204781054110804,0.18702326261123847,2.5961897082753826,4.979567867475741,"[0. 0. 0. 0. 0. 0. 0. 0. 0. 0. 0. 0. 0. 0. 0. 0. 0. 0. 0. 0. 0. 0. 0. 0.
 0. 0. 0. 0. 0. 0. 0. 0. 0. 0. 0. 0.]","[0. 0. 0. 0. 0. 0. 0. 0. 0. 0. 0. 0. 0. 0. 0. 0. 0. 0. 0. 0. 0. 0. 0. 0.
 0. 0. 0. 0. 0. 0. 0. 0. 0. 0. 0. 0.]",0.006174453692462675,-1.8324328862445288e-05,0.4913976949271582,0.15860501649543973,0.0584158931768718,9.822799595669812,"[3.99999998e-08 0.00000000e+00 0.00000000e+00 0.00000000e+00
 3.99999998e-08 0.00000000e+00 0.00000000e+00 0.00000000e+00
 3.99999998e-08]","[0.000289 0.       0.       0.       0.000289 0.       0.       0.
 0.000289]"
1786809878.615485,-0.17086935699397351,-0.1824929117540351,0.0,0.0,-0.14971778367598798,-0.1599024820193795,0.125,0.5037090197705338,1.3074703457490608,-0.12204781054110804,0.18702326261123847,2.566766012663719,5.0089915630870845,"[0. 0. 0. 0. 0. 0. 0. 0. 0. 0. 0. 0. 0. 0. 0. 0. 0. 0. 0. 0. 0. 0. 0. 0.
 0. 0. 0. 0. 0. 0. 0. 0. 0. 0. 0. 0.]","[0. 0. 0. 0. 0. 0. 0. 0. 0. 0. 0. 0. 0. 0. 0. 0. 0. 0. 0. 0. 0. 0. 0. 0.
 0. 0. 0. 0. 0. 0. 0. 0. 0. 0. 0. 0.]",0.006291644763834788,-0.00038182585588170874,0.5039683343165176,0.10522507855464067,0.041706268782534056,9.815736909298492,"[3.99999998e-08 0.00000000e+00 0.00000000e+00 0.00000000e+00
 3.99999998e-08 0.00000000e+00 0.00000000e+00 0.00000000e+00
 3.99999998e-08]","[0.000289 0.       0.       0.       0.000289 0.       0.       0.
 0.000289]"
1786809878.6687112,-0.17086935699397351,-0.1824929117540351,0.0,0.0,-0.14971778367598798,-0.1599024820193795,0.125,0.5098793763832892,1.3099243887845045,-0.12157071497817508,0.19705506423666347,2.551807595901916,5.023949979908074,"[0. 0. 0. 0. 0. 0. 0. 0. 0. 0. 0. 0. 0. 0. 0. 0. 0. 0. 0. 0. 0. 0. 0. 0.
 0. 0. 0. 0. 0. 0. 0. 0. 0. 0. 0. 0.]","[0. 0. 0. 0. 0. 0. 0. 0. 0. 0. 0. 0. 0. 0. 0. 0. 0. 0. 0. 0. 0. 0. 0. 0.
 0. 0. 0. 0. 0. 0. 0. 0. 0. 0. 0. 0.]",0.006407385324553561,-0.000329653052784668,0.5098355164764256,0.07365828646773523,0.07983960706740734,9.782895714602951,"[3.99999998e-08 0.00000000e+00 0.00000000e+00 0.00000000e+00
 3.99999998e-08 0.00000000e+00 0.00000000e+00 0.00000000e+00
 3.99999998e-08]","[0.000289 0.       0.       0.       0.000289 0.       0.       0.
 0.000289]"
1786809878.721017,-0.1683836273022341,-0.18478894462749204,0.0,0.0,-0.1448146169418345,-0.15892364750691576,0.125,0.4897315477354967,1.3123735124832143,-0.12106897602864428,0.20699073002383725,2.600650793355185,4.9751067823959865,"[0. 0. 0. 0. 0. 0. 0. 0. 0. 0. 0. 0. 0. 0. 0. 0. 0. 0. 0. 0. 0. 0. 0. 0.
 0. 0. 0. 0. 0. 0. 0. 0. 0. 0. 0. 0.]","[0. 0. 0. 0. 0. 0. 0. 0. 0. 0. 0. 0. 0. 0. 0. 0. 0. 0. 0. 0. 0. 0. 0. 0.
 0. 0. 0. 0. 0. 0. 0. 0. 0. 0. 0. 0.]",0.00599634840494776,0.00010209801355140968,0.48956898674219723,0.12039746095006233,0.04912260789337619,9.800074114446348,"[3.99999998e-08 0.00000000e+00 0.00000000e+00 0.00000000e+00
 3.99999998e-08 0.00000000e+00 0.00000000e+00 0.00000000e+00
 3.99999998e-08]","[0.000289 0.       0.       0.       0.000289 0.       0.       0.
 0.000289]"
1786809878.765225,-0.16711965983009103,-0.1859328354494565,0.0,0.0,-0.142370582795873,-0.15839767847027372,0.125,0.5313663070513157,1.3148175466291758,-0.12054300699200224,0.21716007374649055,2.4997180434972113,5.076039532252828,"[0. 0. 0. 0. 0. 0. 0. 0. 0. 0. 0. 0. 0. 0. 0. 0. 0. 0. 0. 0. 0. 0. 0. 0.
 0. 0. 0. 0. 0. 0. 0. 0. 0. 0. 0. 0.]","[0. 0. 0. 0. 0. 0. 0. 0. 0. 0. 0. 0. 0. 0. 0. 0. 0. 0. 0. 0. 0. 0. 0. 0.
 0. 0. 0. 0. 0. 0. 0. 0. 0. 0. 0. 0.]",0.0069662289726508285,-0.0002507393451226245,0.5312419748885407,0.10162222043280886,0.04853839747647269,9.800191211272761,"[3.99999998e-08 0.00000000e+00 0.00000000e+00 0.00000000e+00
 3.99999998e-08 0.00000000e+00 0.00000000e+00 0.00000000e+00
 3.99999998e-08]","[0.000289 0.       0.       0.       0.000289 0.       0.       0.
 0.000289]"
1786809878.816658,-0.16584226838278165,-0.18707309271419398,0.0,0.0,-0.1399322077172842,-0.15784607340015863,0.125,0.5420075564174414,1.3172559217077646,-0.11999140192188715,0.2277873998876274,2.4739210753365244,5.101836500413209,"[0. 0. 0. 0. 0. 0. 0. 0. 0. 0. 0. 0. 0. 0. 0. 0. 0. 0. 0. 0. 0. 0. 0. 0.
 0. 0. 0. 0. 0. 0. 0. 0. 0. 0. 0. 0.]","[0. 0. 0. 0. 0. 0. 0. 0. 0. 0. 0. 0. 0. 0. 0. 0. 0. 0. 0. 0. 0. 0. 0. 0.
 0. 0. 0. 0. 0. 0. 0. 0. 0. 0. 0. 0.]",0.006965530986721051,1.219822351242359e-05,0.5417923255281641,0.107402792186194,0.05849908721041771,9.7830395450725,"[3.99999998e-08 0.00000000e+00 0.00000000e+00 0.00000000e+00
 3.99999998e-08 0.00000000e+00 0.00000000e+00 0.00000000e+00
 3.99999998e-08]","[0.000289 0.       0.       0.       0.000289 0.       0.       0.
 0.000289]"
1786809878.8651915,-0.16455165387319026,-0.18820933347631247,0.0,0.0,-0.1374998942377612,-0.1572683278376263,0.12499999999999999,0.547828340420734,1.3221141173848812,-0.11880947665088414,0.24956665544648854,2.4598100838131787,5.115947491936385,"[0. 0. 0. 0. 0. 0. 0. 0. 0. 0. 0. 0. 0. 0. 0. 0. 0. 0. 0. 0. 0. 0. 0. 0.
 0. 0. 0. 0. 0. 0. 0. 0. 0. 0. 0. 0.]","[0. 0. 0. 0. 0. 0. 0. 0. 0. 0. 0. 0. 0. 0. 0. 0. 0. 0. 0. 0. 0. 0. 0. 0.
 0. 0. 0. 0. 0. 0. 0. 0. 0. 0. 0. 0.]",0.006770555671891671,0.0001429244752895071,0.5478778071115304,0.09204861713219012,0.061728677624093106,9.795545770804694,"[3.99999998e-08 0.00000000e+00 0.00000000e+00 0.00000000e+00
 3.99999998e-08 0.00000000e+00 0.00000000e+00 0.00000000e+00
 3.99999998e-08]","[0.000289 0.       0.       0.       0.000289 0.       0.       0.
 0.000289]"
1786809878.9150832,-0.16324787860952156,-0.1893413059252812,0.0,0.0,-0.13507401204016767,-0.15666414812915563,0.125,0.5861170299137266,1.3221141173848812,-0.11880947665088414,0.24956665544648854,2.3669890183742353,5.20876855737417,"[0. 0. 0. 0. 0. 0. 0. 0. 0. 0. 0. 0. 0. 0. 0. 0. 0. 0. 0. 0. 0. 0. 0. 0.
 0. 0. 0. 0. 0. 0. 0. 0. 0. 0. 0. 0.]","[0. 0. 0. 0. 0. 0. 0. 0. 0. 0. 0. 0. 0. 0. 0. 0. 0. 0. 0. 0. 0. 0. 0. 0.
 0. 0. 0. 0. 0. 0. 0. 0. 0. 0. 0. 0.]",0.007450396953928999,-5.416104768498109e-06,0.5863620345034395,0.11399491961229319,0.08842257065583606,9.801039411777007,"[3.99999998e-08 0.00000000e+00 0.00000000e+00 0.00000000e+00
 3.99999998e-08 0.00000000e+00 0.00000000e+00 0.00000000e+00
 3.99999998e-08]","[0.000289 0.       0.       0.       0.000289 0.       0.       0.
 0.000289]"
1786809878.968762,-0.1619312276591371,-0.19046857354641136,0.0,0.0,-0.13265501398178947,-0.15603297555476175,0.125,0.5548204925421061,1.3245331154432594,-0.11817830407649026,0.2610592638472091,2.442859412003543,5.132898163745815,"[0. 0. 0. 0. 0. 0. 0. 0. 0. 0. 0. 0. 0. 0. 0. 0. 0. 0. 0. 0. 0. 0. 0. 0.
 0. 0. 0. 0. 0. 0. 0. 0. 0. 0. 0. 0.]","[0. 0. 0. 0. 0. 0. 0. 0. 0. 0. 0. 0. 0. 0. 0. 0. 0. 0. 0. 0. 0. 0. 0. 0.
 0. 0. 0. 0. 0. 0. 0. 0. 0. 0. 0. 0.]",0.006618320378440539,-7.786389517716896e-05,0.5549597156493491,0.13150703861260604,0.07294724836401258,9.786585435814384,"[3.99999998e-08 0.00000000e+00 0.00000000e+00 0.00000000e+00
 3.99999998e-08 0.00000000e+00 0.00000000e+00 0.00000000e+00
 3.99999998e-08]","[0.000289 0.       0.       0.       0.000289 0.       0.       0.
 0.000289]"
1786809879.0159492,-0.16060202020315997,-0.1915906863776624,0.0,0.0,-0.1302433739258766,-0.1553742435807184,0.125,0.5585664020920216,1.3269447554991722,-0.11751957210244693,0.27221319164603275,2.433778419155124,5.141979156594119,"[0. 0. 0. 0. 0. 0. 0. 0. 0. 0. 0. 0. 0. 0. 0. 0. 0. 0. 0. 0. 0. 0. 0. 0.
 0. 0. 0. 0. 0. 0. 0. 0. 0. 0. 0. 0.]","[0. 0. 0. 0. 0. 0. 0. 0. 0. 0. 0. 0. 0. 0. 0. 0. 0. 0. 0. 0. 0. 0. 0. 0.
 0. 0. 0. 0. 0. 0. 0. 0. 0. 0. 0. 0.]",0.0070583844908223455,-6.881044587781515e-05,0.558646795318547,0.12442276508813421,0.04420407978548202,9.801684578160133,"[3.99999998e-08 0.00000000e+00 0.00000000e+00 0.00000000e+00
 3.99999998e-08 0.00000000e+00 0.00000000e+00 0.00000000e+00
 3.99999998e-08]","[0.000289 0.       0.       0.       0.000289 0.       0.       0.
 0.000289]"
1786809879.065454,-0.1592596187524091,-0.1927080014810939,0.0,0.0,-0.12783924914079803,-0.15468859216011516,0.125,0.5701002827906363,1.3293488802842508,-0.11683392068184367,0.28348832459598894,2.4058174962489747,5.169940079499926,"[0. 0. 0. 0. 0. 0. 0. 0. 0. 0. 0. 0. 0. 0. 0. 0. 0. 0. 0. 0. 0. 0. 0. 0.
 0. 0. 0. 0. 0. 0. 0. 0. 0. 0. 0. 0.]","[0. 0. 0. 0. 0. 0. 0. 0. 0. 0. 0. 0. 0. 0. 0. 0. 0. 0. 0. 0. 0. 0. 0. 0.
 0. 0. 0. 0. 0. 0. 0. 0. 0. 0. 0. 0.]",0.007381049427720296,0.00028892903166096085,0.5697672844739802,0.15523512039536397,0.028636352730251828,9.791413360042528,"[3.99999998e-08 0.00000000e+00 0.00000000e+00 0.00000000e+00
 3.99999998e-08 0.00000000e+00 0.00000000e+00 0.00000000e+00
 3.99999998e-08]","[0.000289 0.       0.       0.       0.000289 0.       0.       0.
 0.000289]"
1786809879.1154525,-0.15790418646762552,-0.1938201947579182,0.0,0.0,-0.12544307368510776,-0.15397565774903854,0.12499999999999999,0.5714504515223263,1.331745055739941,-0.11612098627076707,0.29489033025190003,2.402544359929674,5.173213215819184,"[0. 0. 0. 0. 0. 0. 0. 0. 0. 0. 0. 0. 0. 0. 0. 0. 0. 0. 0. 0. 0. 0. 0. 0.
 0. 0. 0. 0. 0. 0. 0. 0. 0. 0. 0. 0.]","[0. 0. 0. 0. 0. 0. 0. 0. 0. 0. 0. 0. 0. 0. 0. 0. 0. 0. 0. 0. 0. 0. 0. 0.
 0. 0. 0. 0. 0. 0. 0. 0. 0. 0. 0. 0.]",0.006747506481600909,3.074834168371225e-05,0.5709624631733042,0.11928756616493252,0.04931297071652101,9.798415220358413,"[3.99999998e-08 0.00000000e+00 0.00000000e+00 0.00000000e+00
 3.99999998e-08 0.00000000e+00 0.00000000e+00 0.00000000e+00
 3.99999998e-08]","[0.000289 0.       0.       0.       0.000289 0.       0.       0.
 0.000289]"
1786809879.165026,-0.1565356128672586,-0.19492717076967936,0.0,0.0,-0.12305519177277158,-0.15323541998795748,0.12499999999999999,0.5822514659544555,1.3341329376522773,-0.115380748509686,0.30631798911156677,2.3763600825180573,5.199397493230468,"[0. 0. 0. 0. 0. 0. 0. 0. 0. 0. 0. 0. 0. 0. 0. 0. 0. 0. 0. 0. 0. 0. 0. 0.
 0. 0. 0. 0. 0. 0. 0. 0. 0. 0. 0. 0.]","[0. 0. 0. 0. 0. 0. 0. 0. 0. 0. 0. 0. 0. 0. 0. 0. 0. 0. 0. 0. 0. 0. 0. 0.
 0. 0. 0. 0. 0. 0. 0. 0. 0. 0. 0. 0.]",0.0068715251280096114,-9.963173122448105e-05,0.5820999910742057,0.1443721635614909,0.09523938730021994,9.799863698945561,"[3.99999998e-08 0.00000000e+00 0.00000000e+00 0.00000000e+00
 3.99999998e-08 0.00000000e+00 0.00000000e+00 0.00000000e+00
 3.99999998e-08]","[0.000289 0.       0.       0.       0.000289 0.       0.       0.
 0.000289]"
1786809879.220573,-0.1551538793872936,-0.1960287573573662,0.0,0.0,-0.1206759861515847,-0.15246775460328704,0.12499999999999999,0.5862236755635973,1.338882246275612,-0.11381775875151277,0.32960345015050363,2.3667304834654446,5.209027092282955,"[0. 0. 0. 0. 0. 0. 0. 0. 0. 0. 0. 0. 0. 0. 0. 0. 0. 0. 0. 0. 0. 0. 0. 0.
 0. 0. 0. 0. 0. 0. 0. 0. 0. 0. 0. 0.]","[0. 0. 0. 0. 0. 0. 0. 0. 0. 0. 0. 0. 0. 0. 0. 0. 0. 0. 0. 0. 0. 0. 0. 0.
 0. 0. 0. 0. 0. 0. 0. 0. 0. 0. 0. 0.]",0.0071391852545985455,-0.00018411603229195807,0.5863923129589312,0.08339695747688256,0.046143868655411965,9.789397757502407,"[3.99999998e-08 0.00000000e+00 0.00000000e+00 0.00000000e+00
 3.99999998e-08 0.00000000e+00 0.00000000e+00 0.00000000e+00
 3.99999998e-08]","[0.000289 0.       0.       0.       0.000289 0.       0.       0.
 0.000289]"
1786809879.2660825,-0.15375907090252122,-0.1971247019406585,0.0,0.0,-0.1183058831494368,-0.15167243022978427,0.125,0.611715760013267,1.338882246275612,-0.11381775875151277,0.32960345015050363,2.366730483465445,5.209027092282955,"[0. 0. 0. 0. 0. 0. 0. 0. 0. 0. 0. 0. 0. 0. 0. 0. 0. 0. 0. 0. 0. 0. 0. 0.
 0. 0. 0. 0. 0. 0. 0. 0. 0. 0. 0. 0.]","[0. 0. 0. 0. 0. 0. 0. 0. 0. 0. 0. 0. 0. 0. 0. 0. 0. 0. 0. 0. 0. 0. 0. 0.
 0. 0. 0. 0. 0. 0. 0. 0. 0. 0. 0. 0.]",0.007526997697074978,0.00011072629005574892,0.5860816325180425,0.11092489075686748,0.09645025343468842,9.802724363561905,"[3.99999998e-08 0.00000000e+00 0.00000000e+00 0.00000000e+00
 3.99999998e-08 0.00000000e+00 0.00000000e+00 0.00000000e+00
 3.99999998e-08]","[0.000289 0.       0.       0.       0.000289 0.       0.       0.
 0.000289]"
1786809879.3185556,-0.15235110856153994,-0.19821488269065435,0.0,0.0,-0.11594525444401804,-0.15084941110799888,0.12499999999999999,0.6202203294786994,1.34359341712673,-0.11214334550542872,0.3537067948653232,2.284314352760905,5.291443222986401,"[0. 0. 0. 0. 0. 0. 0. 0. 0. 0. 0. 0. 0. 0. 0. 0. 0. 0. 0. 0. 0. 0. 0. 0.
 0. 0. 0. 0. 0. 0. 0. 0. 0. 0. 0. 0.]","[0. 0. 0. 0. 0. 0. 0. 0. 0. 0. 0. 0. 0. 0. 0. 0. 0. 0. 0. 0. 0. 0. 0. 0.
 0. 0. 0. 0. 0. 0. 0. 0. 0. 0. 0. 0.]",0.00803382355346705,-9.293473280938208e-05,0.6200918943102711,0.152124276241441,0.033533703287140434,9.789847249785288,"[3.99999998e-08 0.00000000e+00 0.00000000e+00 0.00000000e+00
 3.99999998e-08 0.00000000e+00 0.00000000e+00 0.00000000e+00
 3.99999998e-08]","[0.000289 0.       0.       0.       0.000289 0.       0.       0.
 0.000289]"
1786809879.3664744,-0.14949733218426758,-0.20037601570494099,0.0,0.0,-0.11125467194819416,-0.1491181653065338,0.12499999999999999,0.5877249750490555,1.3459334574768547,-0.11126349382826231,0.36552628512676477,2.3630909695612514,5.212666606187102,"[0. 0. 0. 0. 0. 0. 0. 0. 0. 0. 0. 0. 0. 0. 0. 0. 0. 0. 0. 0. 0. 0. 0. 0.
 0. 0. 0. 0. 0. 0. 0. 0. 0. 0. 0. 0.]","[0. 0. 0. 0. 0. 0. 0. 0. 0. 0. 0. 0. 0. 0. 0. 0. 0. 0. 0. 0. 0. 0. 0. 0.
 0. 0. 0. 0. 0. 0. 0. 0. 0. 0. 0. 0.]",0.007084896658546111,5.0265116050143976e-05,0.587726876445685,0.10672045042805992,0.0809441026535713,9.80729126500237,"[3.99999998e-08 0.00000000e+00 0.00000000e+00 0.00000000e+00
 3.99999998e-08 0.00000000e+00 0.00000000e+00 0.00000000e+00
 3.99999998e-08]","[0.000289 0.       0.       0.       0.000289 0.       0.       0.
 0.000289]"
1786809879.4156492,-0.14805046599273586,-0.20144741129965846,0.0,0.0,-0.10892513814040061,-0.14821086145664697,0.125,0.6164311610413667,1.3482629912846482,-0.11035618997837547,0.3772807846278385,2.2935003251249437,5.282257250897888,"[0. 0. 0. 0. 0. 0. 0. 0. 0. 0. 0. 0. 0. 0. 0. 0. 0. 0. 0. 0. 0. 0. 0. 0.
 0. 0. 0. 0. 0. 0. 0. 0. 0. 0. 0. 0.]","[0. 0. 0. 0. 0. 0. 0. 0. 0. 0. 0. 0. 0. 0. 0. 0. 0. 0. 0. 0. 0. 0. 0. 0.
 0. 0. 0. 0. 0. 0. 0. 0. 0. 0. 0. 0.]",0.007202308993526421,0.0003936727271521125,0.5876145307419871,0.11275356956872468,0.06521593152828814,9.78203041585004,"[3.99999998e-08 0.00000000e+00 0.00000000e+00 0.00000000e+00
 3.99999998e-08 0.00000000e+00 0.00000000e+00 0.00000000e+00
 3.99999998e-08]","[0.000289 0.       0.       0.       0.000289 0.       0.       0.
 0.000289]"
1786809879.4653234,-0.14659000459084595,-0.20251264294867066,0.0,0.0,-0.10660656245178113,-0.14727591269296464,0.125,0.6108824878696324,1.3505815669732677,-0.10942124121469314,0.3894371706873194,2.2935002156394324,5.282257360108001,"[0. 0. 0. 0. 0. 0. 0. 0. 0. 0. 0. 0. 0. 0. 0. 0. 0. 0. 0. 0. 0. 0. 0. 0.
 0. 0. 0. 0. 0. 0. 0. 0. 0. 0. 0. 0.]","[0. 0. 0. 0. 0. 0. 0. 0. 0. 0. 0. 0. 0. 0. 0. 0. 0. 0. 0. 0. 0. 0. 0. 0.
 0. 0. 0. 0. 0. 0. 0. 0. 0. 0. 0. 0.]",0.007565190063218475,0.000298356957291872,0.616798914087086,0.11264389198720257,0.06499731352936458,9.796325417157783,"[3.99999998e-08 0.00000000e+00 0.00000000e+00 0.00000000e+00
 3.99999998e-08 0.00000000e+00 0.00000000e+00 0.00000000e+00
 3.99999998e-08]","[0.000289 0.       0.       0.       0.000289 0.       0.       0.
 0.000289]"
1786809879.5151591,-0.14511658897219554,-0.2035710578767887,0.0,0.0,-0.10429962715650687,-0.14631260000517848,0.125,0.6382112787184739,1.352888502268542,-0.10845792852690701,0.4017479041291795,2.240699930360773,5.3350576453859295,"[0. 0. 0. 0. 0. 0. 0. 0. 0. 0. 0. 0. 0. 0. 0. 0. 0. 0. 0. 0. 0. 0. 0. 0.
 0. 0. 0. 0. 0. 0. 0. 0. 0. 0. 0. 0.]","[0. 0. 0. 0. 0. 0. 0. 0. 0. 0. 0. 0. 0. 0. 0. 0. 0. 0. 0. 0. 0. 0. 0. 0.
 0. 0. 0. 0. 0. 0. 0. 0. 0. 0. 0. 0.]",0.00767715777245051,-6.140474408067748e-05,0.6385036494770451,0.12176947818221547,0.07593848379908116,9.807530168900588,"[3.99999998e-08 0.00000000e+00 0.00000000e+00 0.00000000e+00
 3.99999998e-08 0.00000000e+00 0.00000000e+00 0.00000000e+00
 3.99999998e-08]","[0.000289 0.       0.       0.       0.000289 0.       0.       0.
 0.000289]"
1786809879.5686207,-0.14363076097246544,-0.20462210169595682,0.0,0.0,-0.102004985098199,-0.14532036377819907,0.125,0.6413784268331604,1.3551831443268498,-0.10746569229992758,0.41453429973544736,2.2330219955371704,5.342735580209424,"[0. 0. 0. 0. 0. 0. 0. 0. 0. 0. 0. 0. 0. 0. 0. 0. 0. 0. 0. 0. 0. 0. 0. 0.
 0. 0. 0. 0. 0. 0. 0. 0. 0. 0. 0. 0.]","[0. 0. 0. 0. 0. 0. 0. 0. 0. 0. 0. 0. 0. 0. 0. 0. 0. 0. 0. 0. 0. 0. 0. 0.
 0. 0. 0. 0. 0. 0. 0. 0. 0. 0. 0. 0.]",0.008218424462717233,0.00011165640288376376,0.6416771889025219,0.09907037818709075,0.06580595150185684,9.798591260484367,"[3.99999998e-08 0.00000000e+00 0.00000000e+00 0.00000000e+00
 3.99999998e-08 0.00000000e+00 0.00000000e+00 0.00000000e+00
 3.99999998e-08]","[0.000289 0.       0.       0.       0.000289 0.       0.       0.
 0.000289]"
1786809879.615477,-0.14363076097246544,-0.20462210169595682,0.0,0.0,-0.102004985098199,-0.14532036377819907,0.125,0.6411518144119882,1.357464884516033,-0.10644413659821542,0.42735892231109696,2.233571358982447,5.342186216764156,"[0. 0. 0. 0. 0. 0. 0. 0. 0. 0. 0. 0. 0. 0. 0. 0. 0. 0. 0. 0. 0. 0. 0. 0.
 0. 0. 0. 0. 0. 0. 0. 0. 0. 0. 0. 0.]","[0. 0. 0. 0. 0. 0. 0. 0. 0. 0. 0. 0. 0. 0. 0. 0. 0. 0. 0. 0. 0. 0. 0. 0.
 0. 0. 0. 0. 0. 0. 0. 0. 0. 0. 0. 0.]",0.008078679329476582,0.00022498843702016487,0.6409435693342354,0.10494626424459588,0.06252362455439696,9.794569871855144,"[3.99999998e-08 0.00000000e+00 0.00000000e+00 0.00000000e+00
 3.99999998e-08 0.00000000e+00 0.00000000e+00 0.00000000e+00
 3.99999998e-08]","[0.000289 0.       0.       0.       0.000289 0.       0.       0.
 0.000289]"
1786809879.6657674,-0.14213294045834635,-0.2056653282317274,0.0,0.0,-0.09972324490901574,-0.1442988080764869,0.125,0.6087989541299477,1.357464884516033,-0.10644413659821542,0.42735892231109696,2.3120025354249796,5.263755040322702,"[0. 0. 0. 0. 0. 0. 0. 0. 0. 0. 0. 0. 0. 0. 0. 0. 0. 0. 0. 0. 0. 0. 0. 0.
 0. 0. 0. 0. 0. 0. 0. 0. 0. 0. 0. 0.]","[0. 0. 0. 0. 0. 0. 0. 0. 0. 0. 0. 0. 0. 0. 0. 0. 0. 0. 0. 0. 0. 0. 0. 0.
 0. 0. 0. 0. 0. 0. 0. 0. 0. 0. 0. 0.]",0.007602857756409041,-0.00029059758813187596,0.6084799542485251,0.11952395764690973,0.08727568223020488,9.791199086453835,"[3.99999998e-08 0.00000000e+00 0.00000000e+00 0.00000000e+00
 3.99999998e-08 0.00000000e+00 0.00000000e+00 0.00000000e+00
 3.99999998e-08]","[0.000289 0.       0.       0.       0.000289 0.       0.       0.
 0.000289]"
1786809879.7295153,-0.14062252137600897,-0.2067010074524406,0.0,0.0,-0.09745459921270783,-0.1432484899362444,0.125,0.6160022203391042,1.359733530212341,-0.1053938184579729,0.4396966657464919,2.29454007188736,5.281217503860085,"[0. 0. 0. 0. 0. 0. 0. 0. 0. 0. 0. 0. 0. 0. 0. 0. 0. 0. 0. 0. 0. 0. 0. 0.
 0. 0. 0. 0. 0. 0. 0. 0. 0. 0. 0. 0.]","[0. 0. 0. 0. 0. 0. 0. 0. 0. 0. 0. 0. 0. 0. 0. 0. 0. 0. 0. 0. 0. 0. 0. 0.
 0. 0. 0. 0. 0. 0. 0. 0. 0. 0. 0. 0.]",0.00754047765028855,7.4693839357917e-05,0.616349589080118,0.13047371726190043,0.05621737003130943,9.775512109676319,"[3.99999998e-08 0.00000000e+00 0.00000000e+00 0.00000000e+00
 3.99999998e-08 0.00000000e+00 0.00000000e+00 0.00000000e+00
 3.99999998e-08]","[0.000289 0.       0.       0.       0.000289 0.       0.       0.
 0.000289]"
1786809879.7832327,-0.14062252137600897,-0.2067010074524406,0.0,0.0,-0.09745459921270783,-0.1432484899362444,0.125,0.6166606219230252,1.3619891532428035,-0.10431581755686607,0.4519846442193735,2.2929439468354067,5.282813628912018,"[0. 0. 0. 0. 0. 0. 0. 0. 0. 0. 0. 0. 0. 0. 0. 0. 0. 0. 0. 0. 0. 0. 0. 0.
 0. 0. 0. 0. 0. 0. 0. 0. 0. 0. 0. 0.]","[0. 0. 0. 0. 0. 0. 0. 0. 0. 0. 0. 0. 0. 0. 0. 0. 0. 0. 0. 0. 0. 0. 0. 0.
 0. 0. 0. 0. 0. 0. 0. 0. 0. 0. 0. 0.]",0.007373441251445395,0.00011848399021479694,0.6165941506003519,0.11330334226623481,0.04612497459514106,9.754263549325584,"[3.99999998e-08 0.00000000e+00 0.00000000e+00 0.00000000e+00
 3.99999998e-08 0.00000000e+00 0.00000000e+00 0.00000000e+00
 3.99999998e-08]","[0.000289 0.       0.       0.       0.000289 0.       0.       0.
 0.000289]"
1786809879.8151119,-0.13909824839261895,-0.20772981801875554,0.0,0.0,-0.09519897618224538,-0.14217048903513757,0.125,0.5906686876932009,1.3619891532428035,-0.10431581755686607,0.4519846442193735,2.355954696484483,5.2198028792637805,"[0. 0. 0. 0. 0. 0. 0. 0. 0. 0. 0. 0. 0. 0. 0. 0. 0. 0. 0. 0. 0. 0. 0. 0.
 0. 0. 0. 0. 0. 0. 0. 0. 0. 0. 0. 0.]","[0. 0. 0. 0. 0. 0. 0. 0. 0. 0. 0. 0. 0. 0. 0. 0. 0. 0. 0. 0. 0. 0. 0. 0.
 0. 0. 0. 0. 0. 0. 0. 0. 0. 0. 0. 0.]",0.007171137963295817,-7.148250214885198e-06,0.590461526622645,0.12660646466172565,0.08326779513007347,9.801504357749245,"[3.99999998e-08 0.00000000e+00 0.00000000e+00 0.00000000e+00
 3.99999998e-08 0.00000000e+00 0.00000000e+00 0.00000000e+00
 3.99999998e-08]","[0.000289 0.       0.       0.       0.000289 0.       0.       0.
 0.000289]"
1786809879.8720868,-0.13755983385356751,-0.20875174756197584,0.0,0.0,-0.09295670688868851,-0.14106497854073144,0.125,0.6090437555057563,1.3642314225363603,-0.10321030706245996,0.4640059534883849,2.3114090775442215,5.264348498203451,"[0. 0. 0. 0. 0. 0. 0. 0. 0. 0. 0. 0. 0. 0. 0. 0. 0. 0. 0. 0. 0. 0. 0. 0.
 0. 0. 0. 0. 0. 0. 0. 0. 0. 0. 0. 0.]","[0. 0. 0. 0. 0. 0. 0. 0. 0. 0. 0. 0. 0. 0. 0. 0. 0. 0. 0. 0. 0. 0. 0. 0.
 0. 0. 0. 0. 0. 0. 0. 0. 0. 0. 0. 0.]",0.00713928828613259,-7.579385542976854e-05,0.6089533361768105,0.0999292416794918,0.08104882891207744,9.804419960362265,"[3.99999998e-08 0.00000000e+00 0.00000000e+00 0.00000000e+00
 3.99999998e-08 0.00000000e+00 0.00000000e+00 0.00000000e+00
 3.99999998e-08]","[0.000289 0.       0.       0.       0.000289 0.       0.       0.
 0.000289]"
1786809879.916066,-0.13600651549294474,-0.2097670797419542,0.0,0.0,-0.09072793155909209,-0.13993251121241979,0.12499999999999999,0.6169160472359254,1.3664601978659567,-0.10207783973414829,0.4762655514743032,2.2923247339556396,5.283432841791776,"[0. 0. 0. 0. 0. 0. 0. 0. 0. 0. 0. 0. 0. 0. 0. 0. 0. 0. 0. 0. 0. 0. 0. 0.
 0. 0. 0. 0. 0. 0. 0. 0. 0. 0. 0. 0.]","[0. 0. 0. 0. 0. 0. 0. 0. 0. 0. 0. 0. 0. 0. 0. 0. 0. 0. 0. 0. 0. 0. 0. 0.
 0. 0. 0. 0. 0. 0. 0. 0. 0. 0. 0. 0.]",0.007545421596832663,0.00017869452780833948,0.6169046784167018,0.11375267403345883,0.050764151176858126,9.807467923103298,"[3.99999998e-08 0.00000000e+00 0.00000000e+00 0.00000000e+00
 3.99999998e-08 0.00000000e+00 0.00000000e+00 0.00000000e+00
 3.99999998e-08]","[0.000289 0.       0.       0.       0.000289 0.       0.       0.
 0.000289]"
1786809879.9652066,-0.13443872618953648,-0.21077530429472718,0.0,0.0,-0.08851329513711881,-0.13877263825270655,0.12499999999999999,0.6273438195663474,1.36867483428793,-0.10091796677443507,0.4886872945812403,2.2670452858814967,5.308712289865573,"[0. 0. 0. 0. 0. 0. 0. 0. 0. 0. 0. 0. 0. 0. 0. 0. 0. 0. 0. 0. 0. 0. 0. 0.
 0. 0. 0. 0. 0. 0. 0. 0. 0. 0. 0. 0.]","[0. 0. 0. 0. 0. 0. 0. 0. 0. 0. 0. 0. 0. 0. 0. 0. 0. 0. 0. 0. 0. 0. 0. 0.
 0. 0. 0. 0. 0. 0. 0. 0. 0. 0. 0. 0.]",0.008281878424730054,8.022268610612339e-05,0.6275674070275515,0.13162551395985322,0.0692552883380061,9.811573468927893,"[3.99999998e-08 0.00000000e+00 0.00000000e+00 0.00000000e+00
 3.99999998e-08 0.00000000e+00 0.00000000e+00 0.00000000e+00
 3.99999998e-08]","[0.000289 0.       0.       0.       0.000289 0.       0.       0.
 0.000289]"
1786809880.0154617,-0.13285667286549652,-0.211776071535739,0.0,0.0,-0.08631335299111487,-0.13758513158041757,0.125,0.6300917807493422,1.370874776433934,-0.09973046010214608,0.5012671465025098,2.2603835618014028,5.315374013945574,"[0. 0. 0. 0. 0. 0. 0. 0. 0. 0. 0. 0. 0. 0. 0. 0. 0. 0. 0. 0. 0. 0. 0. 0.
 0. 0. 0. 0. 0. 0. 0. 0. 0. 0. 0. 0.]","[0. 0. 0. 0. 0. 0. 0. 0. 0. 0. 0. 0. 0. 0. 0. 0. 0. 0. 0. 0. 0. 0. 0. 0.
 0. 0. 0. 0. 0. 0. 0. 0. 0. 0. 0. 0.]",0.008011522712156058,-5.1678726469978773e-05,0.6299296536251706,0.15377156401742054,0.09007365888246528,9.78482385755325,"[3.99999998e-08 0.00000000e+00 0.00000000e+00 0.00000000e+00
 3.99999998e-08 0.00000000e+00 0.00000000e+00 0.00000000e+00
 3.99999998e-08]","[0.000289 0.       0.       0.       0.000289 0.       0.       0.
 0.000289]"
1786809880.067593,-0.13285667286549652,-0.211776071535739,0.0,0.0,-0.08631335299111487,-0.13758513158041757,0.125,0.6422025434673996,1.370874776433934,-0.09973046010214608,0.5012671465025098,2.2310241374134816,5.344733438333811,"[0. 0. 0. 0. 0. 0. 0. 0. 0. 0. 0. 0. 0. 0. 0. 0. 0. 0. 0. 0. 0. 0. 0. 0.
 0. 0. 0. 0. 0. 0. 0. 0. 0. 0. 0. 0.]","[0. 0. 0. 0. 0. 0. 0. 0. 0. 0. 0. 0. 0. 0. 0. 0. 0. 0. 0. 0. 0. 0. 0. 0.
 0. 0. 0. 0. 0. 0. 0. 0. 0. 0. 0. 0.]",0.007851139639766188,0.00011431905261444069,0.6419924354502767,0.11175664151916599,0.0892179520978188,9.796658360479679,"[3.99999998e-08 0.00000000e+00 0.00000000e+00 0.00000000e+00
 3.99999998e-08 0.00000000e+00 0.00000000e+00 0.00000000e+00
 3.99999998e-08]","[0.000289 0.       0.       0.       0.000289 0.       0.       0.
 0.000289]"
1786809880.1153595,-0.13126031086026746,-0.21276919606199096,0.0,0.0,-0.08412855941560204,-0.1363699798925999,0.125,0.6148132799058924,1.3730595700094468,-0.09851530841432843,0.5138989789537173,2.297422351725497,5.27833522402199,"[0. 0. 0. 0. 0. 0. 0. 0. 0. 0. 0. 0. 0. 0. 0. 0. 0. 0. 0. 0. 0. 0. 0. 0.
 0. 0. 0. 0. 0. 0. 0. 0. 0. 0. 0. 0.]","[0. 0. 0. 0. 0. 0. 0. 0. 0. 0. 0. 0. 0. 0. 0. 0. 0. 0. 0. 0. 0. 0. 0. 0.
 0. 0. 0. 0. 0. 0. 0. 0. 0. 0. 0. 0.]",0.007398437044757862,0.00020215697510225046,0.6147564030022947,0.11489665235250789,0.06613258961466492,9.79077197831316,"[3.99999998e-08 0.00000000e+00 0.00000000e+00 0.00000000e+00
 3.99999998e-08 0.00000000e+00 0.00000000e+00 0.00000000e+00
 3.99999998e-08]","[0.000289 0.       0.       0.       0.000289 0.       0.       0.
 0.000289]"
1786809880.1652153,-0.12964890655302436,-0.21375490878481637,0.0,0.0,-0.08195908405922792,-0.13512768447454898,0.125,0.6275790741914286,1.375229045365821,-0.0972730129962775,0.5262080103261603,2.2664749716388664,5.309282604108196,"[0. 0. 0. 0. 0. 0. 0. 0. 0. 0. 0. 0. 0. 0. 0. 0. 0. 0. 0. 0. 0. 0. 0. 0.
 0. 0. 0. 0. 0. 0. 0. 0. 0. 0. 0. 0.]","[0. 0. 0. 0. 0. 0. 0. 0. 0. 0. 0. 0. 0. 0. 0. 0. 0. 0. 0. 0. 0. 0. 0. 0.
 0. 0. 0. 0. 0. 0. 0. 0. 0. 0. 0. 0.]",0.008002145391022264,-2.037300488279867e-05,0.627684368493443,0.08609466697125434,0.08269435799968082,9.84547954126593,"[3.99999998e-08 0.00000000e+00 0.00000000e+00 0.00000000e+00
 3.99999998e-08 0.00000000e+00 0.00000000e+00 0.00000000e+00
 3.99999998e-08]","[0.000289 0.       0.       0.       0.000289 0.       0.       0.
 0.000289]"
1786809880.2189097,-0.12802201043015843,-0.214733241128197,0.0,0.0,-0.07980522656498135,-0.1338585052811479,0.125,0.6363913570002059,1.3773829028600675,-0.0960038338028764,0.5387684040788803,2.245111861799073,5.330645713947693,"[0. 0. 0. 0. 0. 0. 0. 0. 0. 0. 0. 0. 0. 0. 0. 0. 0. 0. 0. 0. 0. 0. 0. 0.
 0. 0. 0. 0. 0. 0. 0. 0. 0. 0. 0. 0.]","[0. 0. 0. 0. 0. 0. 0. 0. 0. 0. 0. 0. 0. 0. 0. 0. 0. 0. 0. 0. 0. 0. 0. 0.
 0. 0. 0. 0. 0. 0. 0. 0. 0. 0. 0. 0.]",0.008203462331229627,0.0003294983616902393,0.6364044025225325,0.12308994174805377,0.05867298380956297,9.81022908619847,"[3.99999998e-08 0.00000000e+00 0.00000000e+00 0.00000000e+00
 3.99999998e-08 0.00000000e+00 0.00000000e+00 0.00000000e+00
 3.99999998e-08]","[0.000289 0.       0.       0.       0.000289 0.       0.       0.
 0.000289]"
1786809880.2665818,-0.12802201043015843,-0.214733241128197,0.0,0.0,-0.07980522656498135,-0.1338585052811479,0.12499999999999999,0.6472475760705523,1.3773829028600675,-0.0960038338028764,0.5387684040788803,2.2187937549614536,5.356963820784936,"[0. 0. 0. 0. 0. 0. 0. 0. 0. 0. 0. 0. 0. 0. 0. 0. 0. 0. 0. 0. 0. 0. 0. 0.
 0. 0. 0. 0. 0. 0. 0. 0. 0. 0. 0. 0.]","[0. 0. 0. 0. 0. 0. 0. 0. 0. 0. 0. 0. 0. 0. 0. 0. 0. 0. 0. 0. 0. 0. 0. 0.
 0. 0. 0. 0. 0. 0. 0. 0. 0. 0. 0. 0.]",0.008053614323105111,-0.0002743875573686013,0.646946425285014,0.11405130272171438,0.11344903940842282,9.78785947901807,"[3.99999998e-08 0.00000000e+00 0.00000000e+00 0.00000000e+00
 3.99999998e-08 0.00000000e+00 0.00000000e+00 0.00000000e+00
 3.99999998e-08]","[0.000289 0.       0.       0.       0.000289 0.       0.       0.
 0.000289]"
1786809880.3203752,-0.1263800118660718,-0.21570371485148687,0.0,0.0,-0.0776676463973407,-0.13256210063844504,0.12499999999999999,0.6211162930090157,1.3795204830277081,-0.09470742916017356,0.5515589682418203,2.282142319960113,5.293615255787164,"[0. 0. 0. 0. 0. 0. 0. 0. 0. 0. 0. 0. 0. 0. 0. 0. 0. 0. 0. 0. 0. 0. 0. 0.
 0. 0. 0. 0. 0. 0. 0. 0. 0. 0. 0. 0.]","[0. 0. 0. 0. 0. 0. 0. 0. 0. 0. 0. 0. 0. 0. 0. 0. 0. 0. 0. 0. 0. 0. 0. 0.
 0. 0. 0. 0. 0. 0. 0. 0. 0. 0. 0. 0.]",0.007812715437835169,-0.00021755201612933537,0.6209753739318935,0.0721402192982463,0.10566757798698631,9.80291277935501,"[3.99999998e-08 0.00000000e+00 0.00000000e+00 0.00000000e+00
 3.99999998e-08 0.00000000e+00 0.00000000e+00 0.00000000e+00
 3.99999998e-08]","[0.000289 0.       0.       0.       0.000289 0.       0.       0.
 0.000289]"
1786809880.3682296,-0.1263800118660718,-0.21570371485148687,0.0,0.0,-0.0776676463973407,-0.13256210063844504,0.125,0.634685731286678,1.3795204830277081,-0.09470742916017356,0.5515589682418203,2.249246712013751,5.326510863733069,"[0. 0. 0. 0. 0. 0. 0. 0. 0. 0. 0. 0. 0. 0. 0. 0. 0. 0. 0. 0. 0. 0. 0. 0.
 0. 0. 0. 0. 0. 0. 0. 0. 0. 0. 0. 0.]","[0. 0. 0. 0. 0. 0. 0. 0. 0. 0. 0. 0. 0. 0. 0. 0. 0. 0. 0. 0. 0. 0. 0. 0.
 0. 0. 0. 0. 0. 0. 0. 0. 0. 0. 0. 0.]",0.007956741313240236,-0.00015788137484245218,0.6347225026746315,0.12019812306665287,0.06955998239963694,9.794593803164364,"[3.99999998e-08 0.00000000e+00 0.00000000e+00 0.00000000e+00
 3.99999998e-08 0.00000000e+00 0.00000000e+00 0.00000000e+00
 3.99999998e-08]","[0.000289 0.       0.       0.       0.000289 0.       0.       0.
 0.000289]"
1786809880.4190128,-0.12472243624253174,-0.21666636540480294,0.0,0.0,-0.07554664263447797,-0.13123874878709318,0.125,0.6118297584565856,1.3816414867905709,-0.09338407730882169,0.5641576967782104,2.3046551309966565,5.271102444750928,"[0. 0. 0. 0. 0. 0. 0. 0. 0. 0. 0. 0. 0. 0. 0. 0. 0. 0. 0. 0. 0. 0. 0. 0.
 0. 0. 0. 0. 0. 0. 0. 0. 0. 0. 0. 0.]","[0. 0. 0. 0. 0. 0. 0. 0. 0. 0. 0. 0. 0. 0. 0. 0. 0. 0. 0. 0. 0. 0. 0. 0.
 0. 0. 0. 0. 0. 0. 0. 0. 0. 0. 0. 0.]",0.007339908266034235,-0.00017102544534606384,0.6117799090361663,0.1510498563459091,0.06753832732198173,9.781391186272872,"[3.99999998e-08 0.00000000e+00 0.00000000e+00 0.00000000e+00
 3.99999998e-08 0.00000000e+00 0.00000000e+00 0.00000000e+00
 3.99999998e-08]","[0.000289 0.       0.       0.       0.000289 0.       0.       0.
 0.000289]"
1786809880.4656935,-0.12304872972474132,-0.2176212538175616,0.0,0.0,-0.0734424913549836,-0.1298887610454002,0.12499999999999999,0.6324083908359056,1.3837456380700652,-0.09203408956712873,0.5765999957391472,2.2547675373490454,5.320990038397854,"[0. 0. 0. 0. 0. 0. 0. 0. 0. 0. 0. 0. 0. 0. 0. 0. 0. 0. 0. 0. 0. 0. 0. 0.
 0. 0. 0. 0. 0. 0. 0. 0. 0. 0. 0. 0.]","[0. 0. 0. 0. 0. 0. 0. 0. 0. 0. 0. 0. 0. 0. 0. 0. 0. 0. 0. 0. 0. 0. 0. 0.
 0. 0. 0. 0. 0. 0. 0. 0. 0. 0. 0. 0.]",0.007757785355717364,-4.6903479080251335e-05,0.6324362184685864,0.13453792853019586,0.06501668788429224,9.800497255036472,"[3.99999998e-08 0.00000000e+00 0.00000000e+00 0.00000000e+00
 3.99999998e-08 0.00000000e+00 0.00000000e+00 0.00000000e+00
 3.99999998e-08]","[0.000289 0.       0.       0.       0.000289 0.       0.       0.
 0.000289]"
1786809880.5156627,-0.12135810662094763,-0.21856854750255975,0.0,0.0,-0.07135538318175771,-0.12851257235940866,0.125,0.6438561203455019,1.3858327462432911,-0.09065790088113718,0.5893282976117761,2.227015465810194,5.348742109936316,"[0. 0. 0. 0. 0. 0. 0. 0. 0. 0. 0. 0. 0. 0. 0. 0. 0. 0. 0. 0. 0. 0. 0. 0.
 0. 0. 0. 0. 0. 0. 0. 0. 0. 0. 0. 0.]","[0. 0. 0. 0. 0. 0. 0. 0. 0. 0. 0. 0. 0. 0. 0. 0. 0. 0. 0. 0. 0. 0. 0. 0.
 0. 0. 0. 0. 0. 0. 0. 0. 0. 0. 0. 0.]",0.0079978896030945,-9.094779545647351e-05,0.6436409836224449,0.11448063468270554,0.06055567972927157,9.787147957035092,"[3.99999998e-08 0.00000000e+00 0.00000000e+00 0.00000000e+00
 3.99999998e-08 0.00000000e+00 0.00000000e+00 0.00000000e+00
 3.99999998e-08]","[0.000289 0.       0.       0.       0.000289 0.       0.       0.
 0.000289]"
1786809880.570386,-0.12135810662094763,-0.21856854750255975,0.0,0.0,-0.07135538318175771,-0.12851257235940866,0.125,0.6586319837894464,1.3858327462432911,-0.09065790088113718,0.5893282976117761,2.1911951907940033,5.384562384951992,"[0. 0. 0. 0. 0. 0. 0. 0. 0. 0. 0. 0. 0. 0. 0. 0. 0. 0. 0. 0. 0. 0. 0. 0.
 0. 0. 0. 0. 0. 0. 0. 0. 0. 0. 0. 0.]","[0. 0. 0. 0. 0. 0. 0. 0. 0. 0. 0. 0. 0. 0. 0. 0. 0. 0. 0. 0. 0. 0. 0. 0.
 0. 0. 0. 0. 0. 0. 0. 0. 0. 0. 0. 0.]",0.008335059878295123,-2.4919069634530746e-05,0.6586701465568111,0.13153388075351016,0.06224758077905976,9.760582443130083,"[3.99999998e-08 0.00000000e+00 0.00000000e+00 0.00000000e+00
 3.99999998e-08 0.00000000e+00 0.00000000e+00 0.00000000e+00
 3.99999998e-08]","[0.000289 0.       0.       0.       0.000289 0.       0.       0.
 0.000289]"
1786809880.6173177,-0.11965137532534163,-0.21950751327176532,0.0,0.0,-0.06928618588854984,-0.12710959925973947,0.125,0.6332994485334715,1.387901943536499,-0.08925492778146799,0.6023468411897814,2.2526073974761256,5.323150178270743,"[0. 0. 0. 0. 0. 0. 0. 0. 0. 0. 0. 0. 0. 0. 0. 0. 0. 0. 0. 0. 0. 0. 0. 0.
 0. 0. 0. 0. 0. 0. 0. 0. 0. 0. 0. 0.]","[0. 0. 0. 0. 0. 0. 0. 0. 0. 0. 0. 0. 0. 0. 0. 0. 0. 0. 0. 0. 0. 0. 0. 0.
 0. 0. 0. 0. 0. 0. 0. 0. 0. 0. 0. 0.]",0.0075904598506336945,-0.00021821078389013625,0.633229545674224,0.10678783636117213,0.08118191049613134,9.82013185474414,"[3.99999998e-08 0.00000000e+00 0.00000000e+00 0.00000000e+00
 3.99999998e-08 0.00000000e+00 0.00000000e+00 0.00000000e+00
 3.99999998e-08]","[0.000289 0.       0.       0.       0.000289 0.       0.       0.
 0.000289]"
1786809880.6669047,-0.11792805448128607,-0.22043814090637498,0.0,0.0,-0.06723522864907805,-0.1256800925955221,0.125,0.6498063262413996,1.3899529007759708,-0.08782542111725063,0.6151448851560714,2.2125907242441563,5.363166851502149,"[0. 0. 0. 0. 0. 0. 0. 0. 0. 0. 0. 0. 0. 0. 0. 0. 0. 0. 0. 0. 0. 0. 0. 0.
 0. 0. 0. 0. 0. 0. 0. 0. 0. 0. 0. 0.]","[0. 0. 0. 0. 0. 0. 0. 0. 0. 0. 0. 0. 0. 0. 0. 0. 0. 0. 0. 0. 0. 0. 0. 0.
 0. 0. 0. 0. 0. 0. 0. 0. 0. 0. 0. 0.]",0.008063367598142494,-0.0002676925434568499,0.6497033079142405,0.11706040015695733,0.06685296575979956,9.794096980609972,"[3.99999998e-08 0.00000000e+00 0.00000000e+00 0.00000000e+00
 3.99999998e-08 0.00000000e+00 0.00000000e+00 0.00000000e+00
 3.99999998e-08]","[0.000289 0.       0.       0.       0.000289 0.       0.       0.
 0.000289]"
1786809880.7172675,-0.11618786235827486,-0.22136029598962545,0.0,0.0,-0.0652029360817239,-0.12422417400138262,0.125,0.6619892198666962,1.391985193343325,-0.08636950252311114,0.6281410116810251,2.1830564366672083,5.392701139078669,"[0. 0. 0. 0. 0. 0. 0. 0. 0. 0. 0. 0. 0. 0. 0. 0. 0. 0. 0. 0. 0. 0. 0. 0.
 0. 0. 0. 0. 0. 0. 0. 0. 0. 0. 0. 0.]","[0. 0. 0. 0. 0. 0. 0. 0. 0. 0. 0. 0. 0. 0. 0. 0. 0. 0. 0. 0. 0. 0. 0. 0.
 0. 0. 0. 0. 0. 0. 0. 0. 0. 0. 0. 0.]",0.008019629895765363,0.00037540183248939115,0.661671498612753,0.11279979257994863,0.06896909143621885,9.829821293004457,"[3.99999998e-08 0.00000000e+00 0.00000000e+00 0.00000000e+00
 3.99999998e-08 0.00000000e+00 0.00000000e+00 0.00000000e+00
 3.99999998e-08]","[0.000289 0.       0.       0.       0.000289 0.       0.       0.
 0.000289]"
1786809880.7661772,-0.11443090126520625,-0.22227363504390849,0.0,0.0,-0.0631898994219422,-0.12274174621785233,0.125,0.6642260632893858,1.3939982300031066,-0.08488707473958085,0.641368613165551,2.1776337859454498,5.398123789800348,"[0. 0. 0. 0. 0. 0. 0. 0. 0. 0. 0. 0. 0. 0. 0. 0. 0. 0. 0. 0. 0. 0. 0. 0.
 0. 0. 0. 0. 0. 0. 0. 0. 0. 0. 0. 0.]","[0. 0. 0. 0. 0. 0. 0. 0. 0. 0. 0. 0. 0. 0. 0. 0. 0. 0. 0. 0. 0. 0. 0. 0.
 0. 0. 0. 0. 0. 0. 0. 0. 0. 0. 0. 0.]",0.00821316479299495,-0.0004290711226764809,0.6641249983726348,0.11021262864398211,0.1109025523079753,9.813489023076537,"[3.99999998e-08 0.00000000e+00 0.00000000e+00 0.00000000e+00
 3.99999998e-08 0.00000000e+00 0.00000000e+00 0.00000000e+00
 3.99999998e-08]","[0.000289 0.       0.       0.       0.000289 0.       0.       0.
 0.000289]"
1786809880.817224,-0.11443090126520625,-0.22227363504390849,0.0,0.0,-0.0631898994219422,-0.12274174621785233,0.125,0.6924483976242225,1.3939982300031066,-0.08488707473958085,0.641368613165551,2.1092161134193073,5.466541462596567,"[0. 0. 0. 0. 0. 0. 0. 0. 0. 0. 0. 0. 0. 0. 0. 0. 0. 0. 0. 0. 0. 0. 0. 0.
 0. 0. 0. 0. 0. 0. 0. 0. 0. 0. 0. 0.]","[0. 0. 0. 0. 0. 0. 0. 0. 0. 0. 0. 0. 0. 0. 0. 0. 0. 0. 0. 0. 0. 0. 0. 0.
 0. 0. 0. 0. 0. 0. 0. 0. 0. 0. 0. 0.]",0.008641623352425725,-0.00035168408570302644,0.6639891385603414,0.09304847575100196,0.09062407850947461,9.775775024606821,"[3.99999998e-08 0.00000000e+00 0.00000000e+00 0.00000000e+00
 3.99999998e-08 0.00000000e+00 0.00000000e+00 0.00000000e+00
 3.99999998e-08]","[0.000289 0.       0.       0.       0.000289 0.       0.       0.
 0.000289]"
1786809880.8661454,-0.11265725200591939,-0.2231778294779183,0.0,0.0,-0.06119670540739386,-0.12123274481525721,0.125,0.6634950353678635,1.395991424017655,-0.08337807333698573,0.6547355645427582,2.1794059748461425,5.396351600899683,"[0. 0. 0. 0. 0. 0. 0. 0. 0. 0. 0. 0. 0. 0. 0. 0. 0. 0. 0. 0. 0. 0. 0. 0.
 0. 0. 0. 0. 0. 0. 0. 0. 0. 0. 0. 0.]","[0. 0. 0. 0. 0. 0. 0. 0. 0. 0. 0. 0. 0. 0. 0. 0. 0. 0. 0. 0. 0. 0. 0. 0.
 0. 0. 0. 0. 0. 0. 0. 0. 0. 0. 0. 0.]",0.008604460400980018,0.0003160101751924076,0.663588633091928,0.16623792227506984,0.09350659669771766,9.782086283586024,"[3.99999998e-08 0.00000000e+00 0.00000000e+00 0.00000000e+00
 3.99999998e-08 0.00000000e+00 0.00000000e+00 0.00000000e+00
 3.99999998e-08]","[0.000289 0.       0.       0.       0.000289 0.       0.       0.
 0.000289]"
1786809880.916238,-0.11086704435375783,-0.22407252949940543,0.0,0.0,-0.059223965325553074,-0.11969710020534118,0.125,0.6763290208012241,1.3979641640994958,-0.08184242872706969,0.6680923253829039,2.1482932828893473,5.427464292856026,"[0. 0. 0. 0. 0. 0. 0. 0. 0. 0. 0. 0. 0. 0. 0. 0. 0. 0. 0. 0. 0. 0. 0. 0.
 0. 0. 0. 0. 0. 0. 0. 0. 0. 0. 0. 0.]","[0. 0. 0. 0. 0. 0. 0. 0. 0. 0. 0. 0. 0. 0. 0. 0. 0. 0. 0. 0. 0. 0. 0. 0.
 0. 0. 0. 0. 0. 0. 0. 0. 0. 0. 0. 0.]",0.008264396868782605,5.525022841624902e-05,0.6763165627128503,0.11982192326451721,0.11217286485919885,9.780399229563722,"[3.99999998e-08 0.00000000e+00 0.00000000e+00 0.00000000e+00
 3.99999998e-08 0.00000000e+00 0.00000000e+00 0.00000000e+00
 3.99999998e-08]","[0.000289 0.       0.       0.       0.000289 0.       0.       0.
 0.000289]"
1786809880.9652622,-0.10905933459415806,-0.22495791059191378,0.0,0.0,-0.05727186074348656,-0.11813530842187922,0.12500000000000003,0.6886776504415986,1.3999162686815623,-0.08028063694360774,0.681540931134949,2.1183572110300433,5.457400364714874,"[0. 0. 0. 0. 0. 0. 0. 0. 0. 0. 0. 0. 0. 0. 0. 0. 0. 0. 0. 0. 0. 0. 0. 0.
 0. 0. 0. 0. 0. 0. 0. 0. 0. 0. 0. 0.]","[0. 0. 0. 0. 0. 0. 0. 0. 0. 0. 0. 0. 0. 0. 0. 0. 0. 0. 0. 0. 0. 0. 0. 0.
 0. 0. 0. 0. 0. 0. 0. 0. 0. 0. 0. 0.]",0.008782161597820616,-0.00028325623387260885,0.6887701752851377,0.12369866285026208,0.07849143202388702,9.78213499840113,"[3.99999998e-08 0.00000000e+00 0.00000000e+00 0.00000000e+00
 3.99999998e-08 0.00000000e+00 0.00000000e+00 0.00000000e+00
 3.99999998e-08]","[0.000289 0.       0.       0.       0.000289 0.       0.       0.
 0.000289]"
1786809881.0164888,-0.10723489238176251,-0.22583329660586324,0.0,0.0,-0.0553412803606419,-0.11654698862138832,0.12499999999999999,0.6984141962138921,1.401846849064407,-0.07869231714311684,0.6953826399488625,2.0947534637028844,5.48100411204167,"[0. 0. 0. 0. 0. 0. 0. 0. 0. 0. 0. 0. 0. 0. 0. 0. 0. 0. 0. 0. 0. 0. 0. 0.
 0. 0. 0. 0. 0. 0. 0. 0. 0. 0. 0. 0.]","[0. 0. 0. 0. 0. 0. 0. 0. 0. 0. 0. 0. 0. 0. 0. 0. 0. 0. 0. 0. 0. 0. 0. 0.
 0. 0. 0. 0. 0. 0. 0. 0. 0. 0. 0. 0.]",0.009000976678210378,1.437536287418967e-05,0.698211156000095,0.10764174598100232,0.0718231837114848,9.757371502873452,"[3.99999998e-08 0.00000000e+00 0.00000000e+00 0.00000000e+00
 3.99999998e-08 0.00000000e+00 0.00000000e+00 0.00000000e+00
 3.99999998e-08]","[0.000289 0.       0.       0.       0.000289 0.       0.       0.
 0.000289]"
1786809881.0684588,-0.1053943121212232,-0.2266981230017006,0.0,0.0,-0.05343303576010294,-0.11493190352782674,0.12499999999999999,0.7069855403381372,1.4037550936649459,-0.07707723204955526,0.7094280659567946,2.073974447643769,5.501783128100463,"[0. 0. 0. 0. 0. 0. 0. 0. 0. 0. 0. 0. 0. 0. 0. 0. 0. 0. 0. 0. 0. 0. 0. 0.
 0. 0. 0. 0. 0. 0. 0. 0. 0. 0. 0. 0.]","[0. 0. 0. 0. 0. 0. 0. 0. 0. 0. 0. 0. 0. 0. 0. 0. 0. 0. 0. 0. 0. 0. 0. 0.
 0. 0. 0. 0. 0. 0. 0. 0. 0. 0. 0. 0.]",0.008993612444913592,-0.0002570323518854254,0.707009451091914,0.12293339565598692,0.08984447771773545,9.788387832941225,"[3.99999998e-08 0.00000000e+00 0.00000000e+00 0.00000000e+00
 3.99999998e-08 0.00000000e+00 0.00000000e+00 0.00000000e+00
 3.99999998e-08]","[0.000289 0.       0.       0.       0.000289 0.       0.       0.
 0.000289]"
1786809881.1158953,-0.1053943121212232,-0.2266981230017006,0.0,0.0,-0.05343303576010294,-0.11493190352782674,0.125,0.714304964206302,1.4037550936649459,-0.07707723204955526,0.7094280659567946,2.056230389781211,5.519527185962743,"[0. 0. 0. 0. 0. 0. 0. 0. 0. 0. 0. 0. 0. 0. 0. 0. 0. 0. 0. 0. 0. 0. 0. 0.
 0. 0. 0. 0. 0. 0. 0. 0. 0. 0. 0. 0.]","[0. 0. 0. 0. 0. 0. 0. 0. 0. 0. 0. 0. 0. 0. 0. 0. 0. 0. 0. 0. 0. 0. 0. 0.
 0. 0. 0. 0. 0. 0. 0. 0. 0. 0. 0. 0.]",0.008862105303545578,0.00013710838007144666,0.7147376155397306,0.11961438934546946,0.08976061807968232,9.796524563475742,"[3.99999998e-08 0.00000000e+00 0.00000000e+00 0.00000000e+00
 3.99999998e-08 0.00000000e+00 0.00000000e+00 0.00000000e+00
 3.99999998e-08]","[0.000289 0.       0.       0.       0.000289 0.       0.       0.
 0.000289]"
1786809881.16561,-0.1016647106318983,-0.22839502317724086,0.0,0.0,-0.051547819112334636,-0.11328999833621327,0.125,0.6850052051291191,1.4075022955909913,-0.07376712038614729,0.737414313505775,2.1272601087574134,5.448497466987638,"[0. 0. 0. 0. 0. 0. 0. 0. 0. 0. 0. 0. 0. 0. 0. 0. 0. 0. 0. 0. 0. 0. 0. 0.
 0. 0. 0. 0. 0. 0. 0. 0. 0. 0. 0. 0.]","[0. 0. 0. 0. 0. 0. 0. 0. 0. 0. 0. 0. 0. 0. 0. 0. 0. 0. 0. 0. 0. 0. 0. 0.
 0. 0. 0. 0. 0. 0. 0. 0. 0. 0. 0. 0.]",0.008491096954028972,0.000148174222261092,0.6848885636161663,0.1088598824819505,0.0735808963720845,9.813172667012187,"[3.99999998e-08 0.00000000e+00 0.00000000e+00 0.00000000e+00
 3.99999998e-08 0.00000000e+00 0.00000000e+00 0.00000000e+00
 3.99999998e-08]","[0.000289 0.       0.       0.       0.000289 0.       0.       0.
 0.000289]"
1786809881.2165036,-0.09977368781947595,-0.2292274224845312,0.0,0.0,-0.04784721167107375,-0.10992770984146252,0.125,0.7345533353982481,1.409340917753975,-0.07207303836319104,0.7518067050978581,2.007143429315122,5.56861414642805,"[0. 0. 0. 0. 0. 0. 0. 0. 0. 0. 0. 0. 0. 0. 0. 0. 0. 0. 0. 0. 0. 0. 0. 0.
 0. 0. 0. 0. 0. 0. 0. 0. 0. 0. 0. 0.]","[0. 0. 0. 0. 0. 0. 0. 0. 0. 0. 0. 0. 0. 0. 0. 0. 0. 0. 0. 0. 0. 0. 0. 0.
 0. 0. 0. 0. 0. 0. 0. 0. 0. 0. 0. 0.]",0.009377849835532562,8.318774718148101e-05,0.7346592034262165,0.12205737756211694,0.10412556376828955,9.826547496087763,"[3.99999998e-08 0.00000000e+00 0.00000000e+00 0.00000000e+00
 3.99999998e-08 0.00000000e+00 0.00000000e+00 0.00000000e+00
 3.99999998e-08]","[0.000289 0.       0.       0.       0.000289 0.       0.       0.
 0.000289]"
1786809881.2685552,-0.09977368781947595,-0.2292274224845312,0.0,0.0,-0.04784721167107375,-0.10992770984146252,0.125,0.7358799416542376,1.409340917753975,-0.07207303836319104,0.7518067050978581,2.003927414149032,5.571830161594088,"[0. 0. 0. 0. 0. 0. 0. 0. 0. 0. 0. 0. 0. 0. 0. 0. 0. 0. 0. 0. 0. 0. 0. 0.
 0. 0. 0. 0. 0. 0. 0. 0. 0. 0. 0. 0.]","[0. 0. 0. 0. 0. 0. 0. 0. 0. 0. 0. 0. 0. 0. 0. 0. 0. 0. 0. 0. 0. 0. 0. 0.
 0. 0. 0. 0. 0. 0. 0. 0. 0. 0. 0. 0.]",0.008708143149622592,-0.00012323091128998694,0.7362968536937572,0.1350869850261091,0.08283386426746364,9.80108050799383,"[3.99999998e-08 0.00000000e+00 0.00000000e+00 0.00000000e+00
 3.99999998e-08 0.00000000e+00 0.00000000e+00 0.00000000e+00
 3.99999998e-08]","[0.000289 0.       0.       0.       0.000289 0.       0.       0.
 0.000289]"
1786809881.3162034,-0.09786750710053595,-0.23004771473311045,0.0,0.0,-0.046033686757785075,-0.10820694991739818,0.125,0.7047306508658938,1.4111544426672638,-0.0703522784391267,0.7665136910789042,2.0794408463644567,5.4963167293798625,"[0. 0. 0. 0. 0. 0. 0. 0. 0. 0. 0. 0. 0. 0. 0. 0. 0. 0. 0. 0. 0. 0. 0. 0.
 0. 0. 0. 0. 0. 0. 0. 0. 0. 0. 0. 0.]","[0. 0. 0. 0. 0. 0. 0. 0. 0. 0. 0. 0. 0. 0. 0. 0. 0. 0. 0. 0. 0. 0. 0. 0.
 0. 0. 0. 0. 0. 0. 0. 0. 0. 0. 0. 0.]",0.008712687184186508,0.00017505557923254704,0.7049128595190932,0.1333548524661101,0.08788782181915562,9.802089039040082,"[3.99999998e-08 0.00000000e+00 0.00000000e+00 0.00000000e+00
 3.99999998e-08 0.00000000e+00 0.00000000e+00 0.00000000e+00
 3.99999998e-08]","[0.000289 0.       0.       0.       0.000289 0.       0.       0.
 0.000289]"
1786809881.3662913,-0.09594463606700455,-0.23085629038423458,0.0,0.0,-0.04424520099082363,-0.10646017731426993,0.125,0.7177847940761704,1.4129429284342252,-0.06860550583599845,0.780704724131857,2.047794438581445,5.527963137162378,"[0. 0. 0. 0. 0. 0. 0. 0. 0. 0. 0. 0. 0. 0. 0. 0. 0. 0. 0. 0. 0. 0. 0. 0.
 0. 0. 0. 0. 0. 0. 0. 0. 0. 0. 0. 0.]","[0. 0. 0. 0. 0. 0. 0. 0. 0. 0. 0. 0. 0. 0. 0. 0. 0. 0. 0. 0. 0. 0. 0. 0.
 0. 0. 0. 0. 0. 0. 0. 0. 0. 0. 0. 0.]",0.008928546843277062,8.352570899253086e-05,0.7175668341325993,0.11141844235076062,0.0804853568984826,9.772792840676747,"[3.99999998e-08 0.00000000e+00 0.00000000e+00 0.00000000e+00
 3.99999998e-08 0.00000000e+00 0.00000000e+00 0.00000000e+00
 3.99999998e-08]","[0.000289 0.       0.       0.       0.000289 0.       0.       0.
 0.000289]"
1786809881.4161627,-0.09400387465159377,-0.23165334349084507,0.0,0.0,-0.04248190672203589,-0.10468797979338366,0.12499999999999999,0.7289702823725904,1.414706222703013,-0.06683330831511218,0.7951834603670436,2.0206781033169454,5.555079472426446,"[0. 0. 0. 0. 0. 0. 0. 0. 0. 0. 0. 0. 0. 0. 0. 0. 0. 0. 0. 0. 0. 0. 0. 0.
 0. 0. 0. 0. 0. 0. 0. 0. 0. 0. 0. 0.]","[0. 0. 0. 0. 0. 0. 0. 0. 0. 0. 0. 0. 0. 0. 0. 0. 0. 0. 0. 0. 0. 0. 0. 0.
 0. 0. 0. 0. 0. 0. 0. 0. 0. 0. 0. 0.]",0.00888542680691731,-0.00017646542368394687,0.7287610667817076,0.13435890226874908,0.08579415079078047,9.80888672301319,"[3.99999998e-08 0.00000000e+00 0.00000000e+00 0.00000000e+00
 3.99999998e-08 0.00000000e+00 0.00000000e+00 0.00000000e+00
 3.99999998e-08]","[0.000289 0.       0.       0.       0.000289 0.       0.       0.
 0.000289]"
1786809881.470095,-0.09400387465159377,-0.23165334349084507,0.0,0.0,-0.04248190672203589,-0.10468797979338366,0.125,0.7348062569861734,1.414706222703013,-0.06683330831511218,0.7951834603670436,2.0065302860716585,5.569227289671503,"[0. 0. 0. 0. 0. 0. 0. 0. 0. 0. 0. 0. 0. 0. 0. 0. 0. 0. 0. 0. 0. 0. 0. 0.
 0. 0. 0. 0. 0. 0. 0. 0. 0. 0. 0. 0.]","[0. 0. 0. 0. 0. 0. 0. 0. 0. 0. 0. 0. 0. 0. 0. 0. 0. 0. 0. 0. 0. 0. 0. 0.
 0. 0. 0. 0. 0. 0. 0. 0. 0. 0. 0. 0.]",0.009204188506266376,-0.00017148972334178045,0.7349924846573713,0.1306077007723698,0.06433594252876616,9.785196030897943,"[3.99999998e-08 0.00000000e+00 0.00000000e+00 0.00000000e+00
 3.99999998e-08 0.00000000e+00 0.00000000e+00 0.00000000e+00
 3.99999998e-08]","[0.000289 0.       0.       0.       0.000289 0.       0.       0.
 0.000289]"
1786809881.519742,-0.0920457459760588,-0.23243833730198393,0.0,0.0,-0.040744622737758585,-0.1028902776845823,0.125,0.7063753926719541,1.4164435066872902,-0.06503560620631081,0.8097702000425571,2.0754535935011527,5.500303982243104,"[0. 0. 0. 0. 0. 0. 0. 0. 0. 0. 0. 0. 0. 0. 0. 0. 0. 0. 0. 0. 0. 0. 0. 0.
 0. 0. 0. 0. 0. 0. 0. 0. 0. 0. 0. 0.]","[0. 0. 0. 0. 0. 0. 0. 0. 0. 0. 0. 0. 0. 0. 0. 0. 0. 0. 0. 0. 0. 0. 0. 0.
 0. 0. 0. 0. 0. 0. 0. 0. 0. 0. 0. 0.]",0.008701485040559787,-0.00017127571562656794,0.7064353066729232,0.1170214045745195,0.04948084367829598,9.828890291969152,"[3.99999998e-08 0.00000000e+00 0.00000000e+00 0.00000000e+00
 3.99999998e-08 0.00000000e+00 0.00000000e+00 0.00000000e+00
 3.99999998e-08]","[0.000289 0.       0.       0.       0.000289 0.       0.       0.
 0.000289]"
1786809881.567367,-0.0920457459760588,-0.23243833730198393,0.0,0.0,-0.040744622737758585,-0.1028902776845823,0.125,0.7204958661325098,1.4164435066872902,-0.06503560620631081,0.8097702000425571,2.041222196569638,5.534535379309824,"[0. 0. 0. 0. 0. 0. 0. 0. 0. 0. 0. 0. 0. 0. 0. 0. 0. 0. 0. 0. 0. 0. 0. 0.
 0. 0. 0. 0. 0. 0. 0. 0. 0. 0. 0. 0.]","[0. 0. 0. 0. 0. 0. 0. 0. 0. 0. 0. 0. 0. 0. 0. 0. 0. 0. 0. 0. 0. 0. 0. 0.
 0. 0. 0. 0. 0. 0. 0. 0. 0. 0. 0. 0.]",0.008647611832713743,-0.00014630929966101674,0.7063259581264437,0.1351352228777553,0.08241183267553091,9.814085187985118,"[3.99999998e-08 0.00000000e+00 0.00000000e+00 0.00000000e+00
 3.99999998e-08 0.00000000e+00 0.00000000e+00 0.00000000e+00
 3.99999998e-08]","[0.000289 0.       0.       0.       0.000289 0.       0.       0.
 0.000289]"
1786809881.61548,-0.0920457459760588,-0.23243833730198393,0.0,0.0,-0.040744622737758585,-0.1028902776845823,0.125,0.6957709292270081,1.4164435066872902,-0.06503560620631081,0.8097702000425571,2.1011613836712053,5.474596192073449,"[0. 0. 0. 0. 0. 0. 0. 0. 0. 0. 0. 0. 0. 0. 0. 0. 0. 0. 0. 0. 0. 0. 0. 0.
 0. 0. 0. 0. 0. 0. 0. 0. 0. 0. 0. 0.]","[0. 0. 0. 0. 0. 0. 0. 0. 0. 0. 0. 0. 0. 0. 0. 0. 0. 0. 0. 0. 0. 0. 0. 0.
 0. 0. 0. 0. 0. 0. 0. 0. 0. 0. 0. 0.]",0.008719463431380222,0.0002701583545319565,0.695610361781402,0.15760068821970502,0.09065112392755306,9.784073195429459,"[3.99999998e-08 0.00000000e+00 0.00000000e+00 0.00000000e+00
 3.99999998e-08 0.00000000e+00 0.00000000e+00 0.00000000e+00
 3.99999998e-08]","[0.000289 0.       0.       0.       0.000289 0.       0.       0.
 0.000289]"
1786809881.6654606,-0.09006848198345797,-0.23321163897454927,0.0,0.0,-0.03903332287027861,-0.10106782084849947,0.125,0.6759909797026067,1.4181548065547702,-0.06321314937022798,0.823858749635772,2.14911277645841,5.426644799286968,"[0. 0. 0. 0. 0. 0. 0. 0. 0. 0. 0. 0. 0. 0. 0. 0. 0. 0. 0. 0. 0. 0. 0. 0.
 0. 0. 0. 0. 0. 0. 0. 0. 0. 0. 0. 0.]","[0. 0. 0. 0. 0. 0. 0. 0. 0. 0. 0. 0. 0. 0. 0. 0. 0. 0. 0. 0. 0. 0. 0. 0.
 0. 0. 0. 0. 0. 0. 0. 0. 0. 0. 0. 0.]",0.008225931460961124,-0.00027593485611996526,0.676469608007678,0.12623942974776525,0.061159601621362344,9.81500893972594,"[3.99999998e-08 0.00000000e+00 0.00000000e+00 0.00000000e+00
 3.99999998e-08 0.00000000e+00 0.00000000e+00 0.00000000e+00
 3.99999998e-08]","[0.000289 0.       0.       0.       0.000289 0.       0.       0.
 0.000289]"
1786809881.7345433,-0.08806885078396728,-0.2339740958345417,0.0,0.0,-0.03734749902973333,-0.09922177068710059,0.125,0.6917625874213683,1.4198406303953155,-0.061367099208829094,0.8375170289079646,2.11087857592746,5.464878999817342,"[0. 0. 0. 0. 0. 0. 0. 0. 0. 0. 0. 0. 0. 0. 0. 0. 0. 0. 0. 0. 0. 0. 0. 0.
 0. 0. 0. 0. 0. 0. 0. 0. 0. 0. 0. 0.]","[0. 0. 0. 0. 0. 0. 0. 0. 0. 0. 0. 0. 0. 0. 0. 0. 0. 0. 0. 0. 0. 0. 0. 0.
 0. 0. 0. 0. 0. 0. 0. 0. 0. 0. 0. 0.]",0.008317971190157477,-6.717505914979345e-05,0.6914700309199224,0.1364340703669867,0.10570340893358762,9.771700016389524,"[3.99999998e-08 0.00000000e+00 0.00000000e+00 0.00000000e+00
 3.99999998e-08 0.00000000e+00 0.00000000e+00 0.00000000e+00
 3.99999998e-08]","[0.000289 0.       0.       0.       0.000289 0.       0.       0.
 0.000289]"
1786809881.7668338,-0.08806885078396728,-0.2339740958345417,0.0,0.0,-0.03734749902973333,-0.09922177068710059,0.125,0.7063204595943311,1.4215009995121355,-0.059498122327215956,0.8513813963527859,2.0755867650523,5.500170810692886,"[0. 0. 0. 0. 0. 0. 0. 0. 0. 0. 0. 0. 0. 0. 0. 0. 0. 0. 0. 0. 0. 0. 0. 0.
 0. 0. 0. 0. 0. 0. 0. 0. 0. 0. 0. 0.]","[0. 0. 0. 0. 0. 0. 0. 0. 0. 0. 0. 0. 0. 0. 0. 0. 0. 0. 0. 0. 0. 0. 0. 0.
 0. 0. 0. 0. 0. 0. 0. 0. 0. 0. 0. 0.]",0.009083548723999132,-5.5413017988025585e-05,0.7062332651044427,0.12600335293033452,0.09493315654897276,9.785634476605656,"[3.99999998e-08 0.00000000e+00 0.00000000e+00 0.00000000e+00
 3.99999998e-08 0.00000000e+00 0.00000000e+00 0.00000000e+00
 3.99999998e-08]","[0.000289 0.       0.       0.       0.000289 0.       0.       0.
 0.000289]"
1786809881.821712,-0.0839964171507939,-0.23546677452632211,0.0,0.0,-0.03405305793476687,-0.09546078257436424,0.125,0.6861358753560204,1.423135071490282,-0.05760611109609276,0.865366513487121,2.1245190900254936,5.451238485719514,"[0. 0. 0. 0. 0. 0. 0. 0. 0. 0. 0. 0. 0. 0. 0. 0. 0. 0. 0. 0. 0. 0. 0. 0.
 0. 0. 0. 0. 0. 0. 0. 0. 0. 0. 0. 0.]","[0. 0. 0. 0. 0. 0. 0. 0. 0. 0. 0. 0. 0. 0. 0. 0. 0. 0. 0. 0. 0. 0. 0. 0.
 0. 0. 0. 0. 0. 0. 0. 0. 0. 0. 0. 0.]",0.008365955753845194,-7.836459504532154e-05,0.6856802367294377,0.13654979416062396,0.08640997463134423,9.829806461367003,"[3.99999998e-08 0.00000000e+00 0.00000000e+00 0.00000000e+00
 3.99999998e-08 0.00000000e+00 0.00000000e+00 0.00000000e+00
 3.99999998e-08]","[0.000289 0.       0.       0.       0.000289 0.       0.       0.
 0.000289]"
1786809881.8660977,-0.0839964171507939,-0.23546677452632211,0.0,0.0,-0.03405305793476687,-0.09546078257436424,0.125,0.7463940781305168,1.423135071490282,-0.05760611109609276,0.865366513487121,1.978438598448539,5.597318977294165,"[0. 0. 0. 0. 0. 0. 0. 0. 0. 0. 0. 0. 0. 0. 0. 0. 0. 0. 0. 0. 0. 0. 0. 0.
 0. 0. 0. 0. 0. 0. 0. 0. 0. 0. 0. 0.]","[0. 0. 0. 0. 0. 0. 0. 0. 0. 0. 0. 0. 0. 0. 0. 0. 0. 0. 0. 0. 0. 0. 0. 0.
 0. 0. 0. 0. 0. 0. 0. 0. 0. 0. 0. 0.]",0.009170248534490453,-0.00018479692881409094,0.7463739110693005,0.12677166818551322,0.08813127195836638,9.804775762116549,"[3.99999998e-08 0.00000000e+00 0.00000000e+00 0.00000000e+00
 3.99999998e-08 0.00000000e+00 0.00000000e+00 0.00000000e+00
 3.99999998e-08]","[0.000289 0.       0.       0.       0.000289 0.       0.       0.
 0.000289]"
1786809881.9149783,-0.08192184783297449,-0.2361965513034239,0.0,0.0,-0.03244523616521522,-0.09354589881900019,0.125,0.7199297411835953,1.4247428932598336,-0.0556912273407287,0.8796195060998554,2.0425945668058336,5.533163008937908,"[0. 0. 0. 0. 0. 0. 0. 0. 0. 0. 0. 0. 0. 0. 0. 0. 0. 0. 0. 0. 0. 0. 0. 0.
 0. 0. 0. 0. 0. 0. 0. 0. 0. 0. 0. 0.]","[0. 0. 0. 0. 0. 0. 0. 0. 0. 0. 0. 0. 0. 0. 0. 0. 0. 0. 0. 0. 0. 0. 0. 0.
 0. 0. 0. 0. 0. 0. 0. 0. 0. 0. 0. 0.]",0.008868758390741327,-0.00012325747323374637,0.7197126781275459,0.11516760808739876,0.10885792702576785,9.793218661028986,"[3.99999998e-08 0.00000000e+00 0.00000000e+00 0.00000000e+00
 3.99999998e-08 0.00000000e+00 0.00000000e+00 0.00000000e+00
 3.99999998e-08]","[0.000289 0.       0.       0.       0.000289 0.       0.       0.
 0.000289]"
1786809881.9682722,-0.08192184783297449,-0.2361965513034239,0.0,0.0,-0.03244523616521522,-0.09354589881900019,0.12499999999999999,0.7387062984134026,1.4247428932598336,-0.0556912273407287,0.8796195060998554,1.9970756401922871,5.578681935550734,"[0. 0. 0. 0. 0. 0. 0. 0. 0. 0. 0. 0. 0. 0. 0. 0. 0. 0. 0. 0. 0. 0. 0. 0.
 0. 0. 0. 0. 0. 0. 0. 0. 0. 0. 0. 0.]","[0. 0. 0. 0. 0. 0. 0. 0. 0. 0. 0. 0. 0. 0. 0. 0. 0. 0. 0. 0. 0. 0. 0. 0.
 0. 0. 0. 0. 0. 0. 0. 0. 0. 0. 0. 0.]",0.008807742510047921,-0.00026041421973969675,0.7195359125053973,0.12017470860187107,0.08649418072390012,9.776307184753634,"[3.99999998e-08 0.00000000e+00 0.00000000e+00 0.00000000e+00
 3.99999998e-08 0.00000000e+00 0.00000000e+00 0.00000000e+00
 3.99999998e-08]","[0.000289 0.       0.       0.       0.000289 0.       0.       0.
 0.000289]"
1786809882.0153835,-0.07982410275580207,-0.23691372399933092,0.0,0.0,-0.030865795037643418,-0.0916080506277492,0.12499999999999999,0.7146591940038404,1.4263223343874054,-0.05375337914947771,0.8942443054067295,2.0553716508781332,5.520385924865809,"[0. 0. 0. 0. 0. 0. 0. 0. 0. 0. 0. 0. 0. 0. 0. 0. 0. 0. 0. 0. 0. 0. 0. 0.
 0. 0. 0. 0. 0. 0. 0. 0. 0. 0. 0. 0.]","[0. 0. 0. 0. 0. 0. 0. 0. 0. 0. 0. 0. 0. 0. 0. 0. 0. 0. 0. 0. 0. 0. 0. 0.
 0. 0. 0. 0. 0. 0. 0. 0. 0. 0. 0. 0.]",0.008742554277452007,8.401130057524275e-05,0.7143797169146727,0.1086534450603752,0.09570784241239023,9.798669703395843,"[3.99999998e-08 0.00000000e+00 0.00000000e+00 0.00000000e+00
 3.99999998e-08 0.00000000e+00 0.00000000e+00 0.00000000e+00
 3.99999998e-08]","[0.000289 0.       0.       0.       0.000289 0.       0.       0.
 0.000289]"
1786809882.0651917,-0.07770140128650621,-0.2376183752114161,0.0,0.0,-0.029314767863339863,-0.08964738594227048,0.12499999999999999,0.7382393119794513,1.427873361561709,-0.051792714463999,0.9087760923860317,1.9982077285120627,5.577549847230964,"[0. 0. 0. 0. 0. 0. 0. 0. 0. 0. 0. 0. 0. 0. 0. 0. 0. 0. 0. 0. 0. 0. 0. 0.
 0. 0. 0. 0. 0. 0. 0. 0. 0. 0. 0. 0.]","[0. 0. 0. 0. 0. 0. 0. 0. 0. 0. 0. 0. 0. 0. 0. 0. 0. 0. 0. 0. 0. 0. 0. 0.
 0. 0. 0. 0. 0. 0. 0. 0. 0. 0. 0. 0.]",0.00924928907977097,-0.0002912252346896772,0.7379356706165505,0.1360245199982649,0.1045506517977543,9.789613587043187,"[3.99999998e-08 0.00000000e+00 0.00000000e+00 0.00000000e+00
 3.99999998e-08 0.00000000e+00 0.00000000e+00 0.00000000e+00
 3.99999998e-08]","[0.000289 0.       0.       0.       0.000289 0.       0.       0.
 0.000289]"
1786809882.1186147,-0.0755526296786742,-0.23831030222933525,0.0,0.0,-0.029314767863339863,-0.08964738594227048,0.12499999999999999,0.7554862150337808,1.4293955277207746,-0.0498095612566301,0.923540878625749,1.956397054440338,5.619360521302002,"[0. 0. 0. 0. 0. 0. 0. 0. 0. 0. 0. 0. 0. 0. 0. 0. 0. 0. 0. 0. 0. 0. 0. 0.
 0. 0. 0. 0. 0. 0. 0. 0. 0. 0. 0. 0.]","[0. 0. 0. 0. 0. 0. 0. 0. 0. 0. 0. 0. 0. 0. 0. 0. 0. 0. 0. 0. 0. 0. 0. 0.
 0. 0. 0. 0. 0. 0. 0. 0. 0. 0. 0. 0.]",0.009314935588787468,9.849389529680892e-05,0.7381780117410052,0.13819642707846913,0.08382778078898286,9.80141106478223,"[3.99999998e-08 0.00000000e+00 0.00000000e+00 0.00000000e+00
 3.99999998e-08 0.00000000e+00 0.00000000e+00 0.00000000e+00
 3.99999998e-08]","[0.000289 0.       0.       0.       0.000289 0.       0.       0.
 0.000289]"
1786809882.1679592,-0.0755526296786742,-0.23831030222933525,0.0,0.0,-0.027792601704274222,-0.08766423273490159,0.12499999999999999,0.7707202093313703,1.4293955277207746,-0.0498095612566301,0.923540878625749,1.9194661591727404,5.656291416568978,"[0. 0. 0. 0. 0. 0. 0. 0. 0. 0. 0. 0. 0. 0. 0. 0. 0. 0. 0. 0. 0. 0. 0. 0.
 0. 0. 0. 0. 0. 0. 0. 0. 0. 0. 0. 0.]","[0. 0. 0. 0. 0. 0. 0. 0. 0. 0. 0. 0. 0. 0. 0. 0. 0. 0. 0. 0. 0. 0. 0. 0.
 0. 0. 0. 0. 0. 0. 0. 0. 0. 0. 0. 0.]",0.009343824885142618,0.00011435698045414459,0.7706578142435088,0.15593140107345643,0.08129538986598048,9.801033805924455,"[3.99999998e-08 0.00000000e+00 0.00000000e+00 0.00000000e+00
 3.99999998e-08 0.00000000e+00 0.00000000e+00 0.00000000e+00
 3.99999998e-08]","[0.000289 0.       0.       0.       0.000289 0.       0.       0.
 0.000289]"
1786809882.2264607,-0.07337836357258104,-0.23898873563289572,0.0,0.0,-0.026300320520296294,-0.08565849716270016,0.12499999999999999,0.7429547247147079,1.4308878089047525,-0.047803825684428675,0.9388181768123447,1.986776424911249,5.588981150831591,"[0. 0. 0. 0. 0. 0. 0. 0. 0. 0. 0. 0. 0. 0. 0. 0. 0. 0. 0. 0. 0. 0. 0. 0.
 0. 0. 0. 0. 0. 0. 0. 0. 0. 0. 0. 0.]","[0. 0. 0. 0. 0. 0. 0. 0. 0. 0. 0. 0. 0. 0. 0. 0. 0. 0. 0. 0. 0. 0. 0. 0.
 0. 0. 0. 0. 0. 0. 0. 0. 0. 0. 0. 0.]",0.009524347739287101,5.872186727357395e-05,0.7427852389675058,0.12998284797951704,0.101274462433831,9.809372776248084,"[3.99999998e-08 0.00000000e+00 0.00000000e+00 0.00000000e+00
 3.99999998e-08 0.00000000e+00 0.00000000e+00 0.00000000e+00
 3.99999998e-08]","[0.000289 0.       0.       0.       0.000289 0.       0.       0.
 0.000289]"
1786809882.2763128,-0.07117858545118814,-0.2396531013218229,0.0,0.0,-0.024838753533140245,-0.08363026996746928,0.125,0.7607518632145948,1.4323493758919086,-0.045775598489197794,0.9538338958843745,1.9436318467289753,5.632125729013152,"[0. 0. 0. 0. 0. 0. 0. 0. 0. 0. 0. 0. 0. 0. 0. 0. 0. 0. 0. 0. 0. 0. 0. 0.
 0. 0. 0. 0. 0. 0. 0. 0. 0. 0. 0. 0.]","[0. 0. 0. 0. 0. 0. 0. 0. 0. 0. 0. 0. 0. 0. 0. 0. 0. 0. 0. 0. 0. 0. 0. 0.
 0. 0. 0. 0. 0. 0. 0. 0. 0. 0. 0. 0.]",0.009534745345660631,-0.00019950386532676607,0.7609185276041002,0.1273551894065688,0.09901501282522338,9.778031996183868,"[3.99999998e-08 0.00000000e+00 0.00000000e+00 0.00000000e+00
 3.99999998e-08 0.00000000e+00 0.00000000e+00 0.00000000e+00
 3.99999998e-08]","[0.000289 0.       0.       0.       0.000289 0.       0.       0.
 0.000289]"
1786809882.3209522,-0.0689506051731761,-0.24030358725215234,0.0,0.0,-0.023407920844479735,-0.08158024624896565,0.125,0.7783925075655718,1.433780208580569,-0.04372557477069417,0.9690489331485721,1.9008666483016308,5.674890927439773,"[0. 0. 0. 0. 0. 0. 0. 0. 0. 0. 0. 0. 0. 0. 0. 0. 0. 0. 0. 0. 0. 0. 0. 0.
 0. 0. 0. 0. 0. 0. 0. 0. 0. 0. 0. 0.]","[0. 0. 0. 0. 0. 0. 0. 0. 0. 0. 0. 0. 0. 0. 0. 0. 0. 0. 0. 0. 0. 0. 0. 0.
 0. 0. 0. 0. 0. 0. 0. 0. 0. 0. 0. 0.]",0.009840550573334191,-7.489438183305619e-05,0.778023243762626,0.1223911576692321,0.09474681966019441,9.788535910039679,"[3.99999998e-08 0.00000000e+00 0.00000000e+00 0.00000000e+00
 3.99999998e-08 0.00000000e+00 0.00000000e+00 0.00000000e+00
 3.99999998e-08]","[0.000289 0.       0.       0.       0.000289 0.       0.       0.
 0.000289]"
1786809882.3652725,-0.06440902004508169,-0.24156050616115265,0.0,0.0,-0.020641806434599674,-0.0774153248556246,0.125,0.7993347068457457,1.4365463229904492,-0.039560653377353115,1.0003366990254303,1.8500976803488127,5.725659895391708,"[0. 0. 0. 0. 0. 0. 0. 0. 0. 0. 0. 0. 0. 0. 0. 0. 0. 0. 0. 0. 0. 0. 0. 0.
 0. 0. 0. 0. 0. 0. 0. 0. 0. 0. 0. 0.]","[0. 0. 0. 0. 0. 0. 0. 0. 0. 0. 0. 0. 0. 0. 0. 0. 0. 0. 0. 0. 0. 0. 0. 0.
 0. 0. 0. 0. 0. 0. 0. 0. 0. 0. 0. 0.]",0.010024703852843096,0.00013357529581597654,0.799334204359261,0.11527742809725003,0.10004553335799632,9.795715992183716,"[3.99999998e-08 0.00000000e+00 0.00000000e+00 0.00000000e+00
 3.99999998e-08 0.00000000e+00 0.00000000e+00 0.00000000e+00
 3.99999998e-08]","[0.000289 0.       0.       0.       0.000289 0.       0.       0.
 0.000289]"
1786809882.4153564,-0.06209673814091226,-0.24216522275557853,0.0,0.0,-0.019308657749207425,-0.07530001647328638,0.125,0.854451658092257,1.4378794716758414,-0.03744534499501489,1.016812545066729,1.7164808288397442,5.8592767468983435,"[0. 0. 0. 0. 0. 0. 0. 0. 0. 0. 0. 0. 0. 0. 0. 0. 0. 0. 0. 0. 0. 0. 0. 0.
 0. 0. 0. 0. 0. 0. 0. 0. 0. 0. 0. 0.]","[0. 0. 0. 0. 0. 0. 0. 0. 0. 0. 0. 0. 0. 0. 0. 0. 0. 0. 0. 0. 0. 0. 0. 0.
 0. 0. 0. 0. 0. 0. 0. 0. 0. 0. 0. 0.]",0.010857456756899198,-0.00017902829452127534,0.8541045651377291,0.11245941003979477,0.08494603417845473,9.794365489080013,"[3.99999998e-08 0.00000000e+00 0.00000000e+00 0.00000000e+00
 3.99999998e-08 0.00000000e+00 0.00000000e+00 0.00000000e+00
 3.99999998e-08]","[0.000289 0.       0.       0.       0.000289 0.       0.       0.
 0.000289]"
1786809882.4763029,-0.05740516929793588,-0.24332004960108675,0.0,0.0,-0.01675150900018685,-0.07100367529035534,0.125,0.8569373673644308,1.440436620424862,-0.033149003812083855,1.0510502684093033,1.7104548669677009,5.865302708770272,"[0. 0. 0. 0. 0. 0. 0. 0. 0. 0. 0. 0. 0. 0. 0. 0. 0. 0. 0. 0. 0. 0. 0. 0.
 0. 0. 0. 0. 0. 0. 0. 0. 0. 0. 0. 0.]","[0. 0. 0. 0. 0. 0. 0. 0. 0. 0. 0. 0. 0. 0. 0. 0. 0. 0. 0. 0. 0. 0. 0. 0.
 0. 0. 0. 0. 0. 0. 0. 0. 0. 0. 0. 0.]",0.010506669040770605,-4.546636940177744e-05,0.8567589380079028,0.1104655768135232,0.06898688128450864,9.78156484458979,"[3.99999998e-08 0.00000000e+00 0.00000000e+00 0.00000000e+00
 3.99999998e-08 0.00000000e+00 0.00000000e+00 0.00000000e+00
 3.99999998e-08]","[0.000289 0.       0.       0.       0.000289 0.       0.       0.
 0.000289]"
1786809882.5158381,-0.05740516929793588,-0.24332004960108675,0.0,0.0,-0.01675150900018685,-0.07100367529035534,0.12499999999999999,0.895143696583877,1.440436620424862,-0.033149003812083855,1.0510502684093033,1.6178334627976514,5.957924112938536,"[0. 0. 0. 0. 0. 0. 0. 0. 0. 0. 0. 0. 0. 0. 0. 0. 0. 0. 0. 0. 0. 0. 0. 0.
 0. 0. 0. 0. 0. 0. 0. 0. 0. 0. 0. 0.]","[0. 0. 0. 0. 0. 0. 0. 0. 0. 0. 0. 0. 0. 0. 0. 0. 0. 0. 0. 0. 0. 0. 0. 0.
 0. 0. 0. 0. 0. 0. 0. 0. 0. 0. 0. 0.]",0.010819810433032352,2.4124951627451334e-05,0.8950338919367978,0.1215179490466911,0.12232290239538252,9.801618930630617,"[3.99999998e-08 0.00000000e+00 0.00000000e+00 0.00000000e+00
 3.99999998e-08 0.00000000e+00 0.00000000e+00 0.00000000e+00
 3.99999998e-08]","[0.000289 0.       0.       0.       0.000289 0.       0.       0.
 0.000289]"
1786809882.5772517,-0.05262424787819859,-0.2443986262957587,0.0,0.0,-0.015528723277211443,-0.06882316269614266,0.125,0.8967425305440554,1.4428431575079743,-0.028766545396861923,1.0864931389252197,1.613957501681997,5.961800074054115,"[0. 0. 0. 0. 0. 0. 0. 0. 0. 0. 0. 0. 0. 0. 0. 0. 0. 0. 0. 0. 0. 0. 0. 0.
 0. 0. 0. 0. 0. 0. 0. 0. 0. 0. 0. 0.]","[0. 0. 0. 0. 0. 0. 0. 0. 0. 0. 0. 0. 0. 0. 0. 0. 0. 0. 0. 0. 0. 0. 0. 0.
 0. 0. 0. 0. 0. 0. 0. 0. 0. 0. 0. 0.]",0.011208508255326747,-0.00021733608304505667,0.8964298701565193,0.0931427021156924,0.10765845477944132,9.822456198758209,"[3.99999998e-08 0.00000000e+00 0.00000000e+00 0.00000000e+00
 3.99999998e-08 0.00000000e+00 0.00000000e+00 0.00000000e+00
 3.99999998e-08]","[0.000289 0.       0.       0.       0.000289 0.       0.       0.
 0.000289]"
1786809882.616399,-0.05262424787819859,-0.2443986262957587,0.0,0.0,-0.014344971917074512,-0.06662121687513341,0.125,0.8915732341816032,1.4439872635198334,-0.026543742016285586,1.1043762965808164,1.6264891292275272,5.949268446508829,"[0. 0. 0. 0. 0. 0. 0. 0. 0. 0. 0. 0. 0. 0. 0. 0. 0. 0. 0. 0. 0. 0. 0. 0.
 0. 0. 0. 0. 0. 0. 0. 0. 0. 0. 0. 0.]","[0. 0. 0. 0. 0. 0. 0. 0. 0. 0. 0. 0. 0. 0. 0. 0. 0. 0. 0. 0. 0. 0. 0. 0.
 0. 0. 0. 0. 0. 0. 0. 0. 0. 0. 0. 0.]",0.011287657031734694,-0.0003074934187329127,0.8913633627961618,0.12532823068642376,0.11187698673010354,9.800286413599839,"[3.99999998e-08 0.00000000e+00 0.00000000e+00 0.00000000e+00
 3.99999998e-08 0.00000000e+00 0.00000000e+00 0.00000000e+00
 3.99999998e-08]","[0.000289 0.       0.       0.       0.000289 0.       0.       0.
 0.000289]"
1786809882.6651707,-0.05020295300716798,-0.24490745907252412,0.0,0.0,-0.013200865905215409,-0.06439841349455708,0.125,0.8491298886225336,1.4450922140151126,-0.024301213694325457,1.1214862244573738,1.7293820881605293,5.846375487577802,"[0. 0. 0. 0. 0. 0. 0. 0. 0. 0. 0. 0. 0. 0. 0. 0. 0. 0. 0. 0. 0. 0. 0. 0.
 0. 0. 0. 0. 0. 0. 0. 0. 0. 0. 0. 0.]","[0. 0. 0. 0. 0. 0. 0. 0. 0. 0. 0. 0. 0. 0. 0. 0. 0. 0. 0. 0. 0. 0. 0. 0.
 0. 0. 0. 0. 0. 0. 0. 0. 0. 0. 0. 0.]",0.010733602033096198,0.00020709528498457402,0.8492247747924507,0.1480530679802148,0.10727002115669206,9.815298848729533,"[3.99999998e-08 0.00000000e+00 0.00000000e+00 0.00000000e+00
 3.99999998e-08 0.00000000e+00 0.00000000e+00 0.00000000e+00
 3.99999998e-08]","[0.000289 0.       0.       0.       0.000289 0.       0.       0.
 0.000289]"
1786809882.7191243,-0.04775564249535112,-0.24539641115928373,0.0,0.0,-0.012095915409936264,-0.062155885172596945,0.12499999999999999,0.8596135996935073,1.4450922140151126,-0.024301213694325457,1.1214862244573738,1.703967031356025,5.871790544382477,"[0. 0. 0. 0. 0. 0. 0. 0. 0. 0. 0. 0. 0. 0. 0. 0. 0. 0. 0. 0. 0. 0. 0. 0.
 0. 0. 0. 0. 0. 0. 0. 0. 0. 0. 0. 0.]","[0. 0. 0. 0. 0. 0. 0. 0. 0. 0. 0. 0. 0. 0. 0. 0. 0. 0. 0. 0. 0. 0. 0. 0.
 0. 0. 0. 0. 0. 0. 0. 0. 0. 0. 0. 0.]",0.010733602033096198,0.00020709528498457402,0.8492247747924507,0.1480530679802148,0.10727002115669206,9.815298848729533,"[3.99999998e-08 0.00000000e+00 0.00000000e+00 0.00000000e+00
 3.99999998e-08 0.00000000e+00 0.00000000e+00 0.00000000e+00
 3.99999998e-08]","[0.000289 0.       0.       0.       0.000289 0.       0.       0.
 0.000289]"
1786809882.7652185,-0.04775564249535112,-0.24539641115928373,0.0,0.0,-0.012095915409936264,-0.062155885172596945,0.12500000000000003,0.8603659405943833,1.4450922140151126,-0.024301213694325457,1.1214862244573738,1.7021431742888848,5.8736144014489335,"[0. 0. 0. 0. 0. 0. 0. 0. 0. 0. 0. 0. 0. 0. 0. 0. 0. 0. 0. 0. 0. 0. 0. 0.
 0. 0. 0. 0. 0. 0. 0. 0. 0. 0. 0. 0.]","[0. 0. 0. 0. 0. 0. 0. 0. 0. 0. 0. 0. 0. 0. 0. 0. 0. 0. 0. 0. 0. 0. 0. 0.
 0. 0. 0. 0. 0. 0. 0. 0. 0. 0. 0. 0.]",0.010481302208066952,-2.0726480640234306e-05,0.8604837488198803,0.13072496303663497,0.09086013600516006,9.79411197747899,"[3.99999998e-08 0.00000000e+00 0.00000000e+00 0.00000000e+00
 3.99999998e-08 0.00000000e+00 0.00000000e+00 0.00000000e+00
 3.99999998e-08]","[0.000289 0.       0.       0.       0.000289 0.       0.       0.
 0.000289]"
1786809882.8163176,-0.04527539833625906,-0.2458660983248668,0.0,0.0,-0.011029424463905979,-0.05989481394662119,0.12500000000000003,0.8261520057212339,1.4461587049611428,-0.0220401424683497,1.1386650524204485,1.7850860467101328,5.790671529029225,"[0. 0. 0. 0. 0. 0. 0. 0. 0. 0. 0. 0. 0. 0. 0. 0. 0. 0. 0. 0. 0. 0. 0. 0.
 0. 0. 0. 0. 0. 0. 0. 0. 0. 0. 0. 0.]","[0. 0. 0. 0. 0. 0. 0. 0. 0. 0. 0. 0. 0. 0. 0. 0. 0. 0. 0. 0. 0. 0. 0. 0.
 0. 0. 0. 0. 0. 0. 0. 0. 0. 0. 0. 0.]",0.010681362427714206,0.00024329494993959025,0.8263834963527632,0.10326503281486232,0.13855853097488424,9.794991846850484,"[3.99999998e-08 0.00000000e+00 0.00000000e+00 0.00000000e+00
 3.99999998e-08 0.00000000e+00 0.00000000e+00 0.00000000e+00
 3.99999998e-08]","[0.000289 0.       0.       0.       0.000289 0.       0.       0.
 0.000289]"
1786809882.8654823,-0.042757200274560606,-0.2463165074141015,0.0,0.0,-0.010001357270023714,-0.057616012655968746,0.125,0.8459968327050179,1.4471867721550251,-0.01976134117769726,1.1552565204589882,1.7369773752334317,5.838780200505039,"[0. 0. 0. 0. 0. 0. 0. 0. 0. 0. 0. 0. 0. 0. 0. 0. 0. 0. 0. 0. 0. 0. 0. 0.
 0. 0. 0. 0. 0. 0. 0. 0. 0. 0. 0. 0.]","[0. 0. 0. 0. 0. 0. 0. 0. 0. 0. 0. 0. 0. 0. 0. 0. 0. 0. 0. 0. 0. 0. 0. 0.
 0. 0. 0. 0. 0. 0. 0. 0. 0. 0. 0. 0.]",0.010768192477835125,7.359817786961043e-05,0.8458843215969234,0.11840349373817703,0.09399295383563869,9.827495915810168,"[3.99999998e-08 0.00000000e+00 0.00000000e+00 0.00000000e+00
 3.99999998e-08 0.00000000e+00 0.00000000e+00 0.00000000e+00
 3.99999998e-08]","[0.000289 0.       0.       0.       0.000289 0.       0.       0.
 0.000289]"
1786809882.9178073,-0.040194173354872714,-0.2467477019717072,0.0,0.0,-0.009011458776146952,-0.055320375040315964,0.125,0.8614959013393986,1.4481766706489019,-0.017465703562044476,1.1721367674278227,1.6994038755130407,5.876353700224723,"[0. 0. 0. 0. 0. 0. 0. 0. 0. 0. 0. 0. 0. 0. 0. 0. 0. 0. 0. 0. 0. 0. 0. 0.
 0. 0. 0. 0. 0. 0. 0. 0. 0. 0. 0. 0.]","[0. 0. 0. 0. 0. 0. 0. 0. 0. 0. 0. 0. 0. 0. 0. 0. 0. 0. 0. 0. 0. 0. 0. 0.
 0. 0. 0. 0. 0. 0. 0. 0. 0. 0. 0. 0.]",0.010881179020714069,0.00018756320046569807,0.8615829589375279,0.11568622516335307,0.10698853357097661,9.785088739917786,"[3.99999998e-08 0.00000000e+00 0.00000000e+00 0.00000000e+00
 3.99999998e-08 0.00000000e+00 0.00000000e+00 0.00000000e+00
 3.99999998e-08]","[0.000289 0.       0.       0.       0.000289 0.       0.       0.
 0.000289]"
1786809882.9684281,-0.0375839287261654,-0.24715875121368155,0.0,0.0,-0.00806064623234204,-0.053008275725415124,0.125,0.8754619914384458,1.4491274831927068,-0.015153604247143642,1.1892271938124874,1.6655466873935227,5.910210888343595,"[0. 0. 0. 0. 0. 0. 0. 0. 0. 0. 0. 0. 0. 0. 0. 0. 0. 0. 0. 0. 0. 0. 0. 0.
 0. 0. 0. 0. 0. 0. 0. 0. 0. 0. 0. 0.]","[0. 0. 0. 0. 0. 0. 0. 0. 0. 0. 0. 0. 0. 0. 0. 0. 0. 0. 0. 0. 0. 0. 0. 0.
 0. 0. 0. 0. 0. 0. 0. 0. 0. 0. 0. 0.]",0.010822707072485019,0.00019641066144427175,0.8752495036322434,0.13153855393074732,0.09319970861416099,9.813292267294822,"[3.99999998e-08 0.00000000e+00 0.00000000e+00 0.00000000e+00
 3.99999998e-08 0.00000000e+00 0.00000000e+00 0.00000000e+00
 3.99999998e-08]","[0.000289 0.       0.       0.       0.000289 0.       0.       0.
 0.000289]"
1786809883.0155103,-0.03140167824951745,-0.2416811983036432,0.0,0.0,-0.00628033564990349,-0.04833623966072864,0.125,0.8861932141635329,1.4509077937751453,-0.010481568182457157,1.2243647435017724,1.6395316019988933,5.936225973737721,"[0. 0. 0. 0. 0. 0. 0. 0. 0. 0. 0. 0. 0. 0. 0. 0. 0. 0. 0. 0. 0. 0. 0. 0.
 0. 0. 0. 0. 0. 0. 0. 0. 0. 0. 0. 0.]","[0. 0. 0. 0. 0. 0. 0. 0. 0. 0. 0. 0. 0. 0. 0. 0. 0. 0. 0. 0. 0. 0. 0. 0.
 0. 0. 0. 0. 0. 0. 0. 0. 0. 0. 0. 0.]",0.011216776461711219,0.0002713447833371321,0.8863662796292656,0.14560464529225725,0.10847139581196677,9.80633881859342,"[3.99999998e-08 0.00000000e+00 0.00000000e+00 0.00000000e+00
 3.99999998e-08 0.00000000e+00 0.00000000e+00 0.00000000e+00
 3.99999998e-08]","[0.000289 0.       0.       0.       0.000289 0.       0.       0.
 0.000289]"
1786809883.0656488,-0.03140167824951745,-0.2416811983036432,0.0,0.0,-0.00628033564990349,-0.04833623966072864,0.12185633653032896,0.942915018993261,1.4509077937751453,-0.010481568182457157,1.2243647435017724,1.4067616669650356,5.9784708500008685,"[0. 0. 0. 0. 0. 0. 0. 0. 0. 0. 0. 0. 0. 0. 0. 0. 0. 0. 0. 0. 0. 0. 0. 0.
 0. 0. 0. 0. 0. 0. 0. 0. 0. 0. 0. 0.]","[0. 0. 0. 0. 0. 0. 0. 0. 0. 0. 0. 0. 0. 0. 0. 0. 0. 0. 0. 0. 0. 0. 0. 0.
 0. 0. 0. 0. 0. 0. 0. 0. 0. 0. 0. 0.]",0.011607392402933889,-0.00011406209675023748,0.9330153045338788,-2.7354253272845197,0.09429545689774191,9.848020399460617,"[3.99999998e-08 0.00000000e+00 0.00000000e+00 0.00000000e+00
 3.99999998e-08 0.00000000e+00 0.00000000e+00 0.00000000e+00
 3.99999998e-08]","[0.000289 0.       0.       0.       0.000289 0.       0.       0.
 0.000289]"
1786809883.1202772,-0.027319146343595113,-0.2300461572472023,0.0,0.0,-0.005463829268719023,-0.046009231449440455,0.12185633653032896,0.898491014858325,1.4517243001563298,-0.008154559971168967,1.2427036086331695,1.5144562224456546,5.8707762945224315,"[0. 0. 0. 0. 0. 0. 0. 0. 0. 0. 0. 0. 0. 0. 0. 0. 0. 0. 0. 0. 0. 0. 0. 0.
 0. 0. 0. 0. 0. 0. 0. 0. 0. 0. 0. 0.]","[0. 0. 0. 0. 0. 0. 0. 0. 0. 0. 0. 0. 0. 0. 0. 0. 0. 0. 0. 0. 0. 0. 0. 0.
 0. 0. 0. 0. 0. 0. 0. 0. 0. 0. 0. 0.]",0.011139341284285592,-0.00034465486397942724,0.8983914553786545,0.1002822840615717,0.08813461921305749,9.774653724280052,"[3.99999998e-08 0.00000000e+00 0.00000000e+00 0.00000000e+00
 3.99999998e-08 0.00000000e+00 0.00000000e+00 0.00000000e+00
 3.99999998e-08]","[0.000289 0.       0.       0.       0.000289 0.       0.       0.
 0.000289]"
1786809883.1662598,-0.023497753141442645,-0.21847539229180135,0.0,0.0,-0.004699550628288529,-0.04369507845836027,0.11583131077254898,0.9109714956895479,1.4524885787967603,-0.0058404069800887855,1.260806701013307,1.3016239736544877,5.718455467101214,"[0. 0. 0. 0. 0. 0. 0. 0. 0. 0. 0. 0. 0. 0. 0. 0. 0. 0. 0. 0. 0. 0. 0. 0.
 0. 0. 0. 0. 0. 0. 0. 0. 0. 0. 0. 0.]","[0. 0. 0. 0. 0. 0. 0. 0. 0. 0. 0. 0. 0. 0. 0. 0. 0. 0. 0. 0. 0. 0. 0. 0.
 0. 0. 0. 0. 0. 0. 0. 0. 0. 0. 0. 0.]",0.011075937112390478,3.668891007283324e-05,0.8984017420936371,0.11539189293072777,0.09022472944872795,9.802106937562012,"[3.99999998e-08 0.00000000e+00 0.00000000e+00 0.00000000e+00
 3.99999998e-08 0.00000000e+00 0.00000000e+00 0.00000000e+00
 3.99999998e-08]","[0.000289 0.       0.       0.       0.000289 0.       0.       0.
 0.000289]"
1786809883.2153168,-0.01997337336373528,-0.20712579142013007,0.0,0.0,-0.003994674672747056,-0.041425158284026015,0.10986769479668793,0.922479361258704,1.4531934547523018,-0.0035704868057545285,1.2789013260990056,1.0930104816684623,5.565637687805068,"[0. 0. 0. 0. 0. 0. 0. 0. 0. 0. 0. 0. 0. 0. 0. 0. 0. 0. 0. 0. 0. 0. 0. 0.
 0. 0. 0. 0. 0. 0. 0. 0. 0. 0. 0. 0.]","[0. 0. 0. 0. 0. 0. 0. 0. 0. 0. 0. 0. 0. 0. 0. 0. 0. 0. 0. 0. 0. 0. 0. 0.
 0. 0. 0. 0. 0. 0. 0. 0. 0. 0. 0. 0.]",0.011660015803073968,-9.128323568014729e-05,0.9223400901887889,0.13105149173724392,0.085031862329919,9.805020344364088,"[3.99999998e-08 0.00000000e+00 0.00000000e+00 0.00000000e+00
 3.99999998e-08 0.00000000e+00 0.00000000e+00 0.00000000e+00
 3.99999998e-08]","[0.000289 0.       0.       0.       0.000289 0.       0.       0.
 0.000289]"
1786809883.2658627,-0.016956759724581216,-0.19674326329474925,0.0,0.0,-0.0033913519449162433,-0.03934865265894985,0.10404329521278918,0.9369588925498663,1.4537967774801326,-0.0014939811806783648,1.2974377904705723,0.8814116305417279,5.424242624755405,"[0. 0. 0. 0. 0. 0. 0. 0. 0. 0. 0. 0. 0. 0. 0. 0. 0. 0. 0. 0. 0. 0. 0. 0.
 0. 0. 0. 0. 0. 0. 0. 0. 0. 0. 0. 0.]","[0. 0. 0. 0. 0. 0. 0. 0. 0. 0. 0. 0. 0. 0. 0. 0. 0. 0. 0. 0. 0. 0. 0. 0.
 0. 0. 0. 0. 0. 0. 0. 0. 0. 0. 0. 0.]",0.011795759173363765,0.00010288886756738807,0.9368831868953252,0.12107879507924926,0.09171227847399953,9.837675442741832,"[3.99999998e-08 0.00000000e+00 0.00000000e+00 0.00000000e+00
 3.99999998e-08 0.00000000e+00 0.00000000e+00 0.00000000e+00
 3.99999998e-08]","[0.000289 0.       0.       0.       0.000289 0.       0.       0.
 0.000289]"
1786809883.3187013,-0.014275715946052703,-0.18682782881369392,0.0,0.0,-0.0028551431892105406,-0.037365565762738785,0.0987363197514271,0.9428302926526011,1.4543329862358383,0.0004891057155326985,1.316206325312769,0.706360495100471,5.277658883750182,"[0. 0. 0. 0. 0. 0. 0. 0. 0. 0. 0. 0. 0. 0. 0. 0. 0. 0. 0. 0. 0. 0. 0. 0.
 0. 0. 0. 0. 0. 0. 0. 0. 0. 0. 0. 0.]","[0. 0. 0. 0. 0. 0. 0. 0. 0. 0. 0. 0. 0. 0. 0. 0. 0. 0. 0. 0. 0. 0. 0. 0.
 0. 0. 0. 0. 0. 0. 0. 0. 0. 0. 0. 0.]",0.011429222355624593,-0.00022394988049686263,0.943009761502201,0.10803081358970144,0.09937371464655904,9.817645387086749,"[3.99999998e-08 0.00000000e+00 0.00000000e+00 0.00000000e+00
 3.99999998e-08 0.00000000e+00 0.00000000e+00 0.00000000e+00
 3.99999998e-08]","[0.000289 0.       0.       0.       0.000289 0.       0.       0.
 0.000289]"
1786809883.3663192,-0.014275715946052703,-0.18682782881369392,0.0,0.0,-0.0028551431892105406,-0.037365565762738785,0.09368622322013427,0.9445101676947542,1.4543329862358383,0.0004891057155326985,1.316206325312769,0.5492548425356037,5.1286980798729775,"[0. 0. 0. 0. 0. 0. 0. 0. 0. 0. 0. 0. 0. 0. 0. 0. 0. 0. 0. 0. 0. 0. 0. 0.
 0. 0. 0. 0. 0. 0. 0. 0. 0. 0. 0. 0.]","[0. 0. 0. 0. 0. 0. 0. 0. 0. 0. 0. 0. 0. 0. 0. 0. 0. 0. 0. 0. 0. 0. 0. 0.
 0. 0. 0. 0. 0. 0. 0. 0. 0. 0. 0. 0.]",0.01195641108145439,5.104389334420446e-06,0.9446064603237152,0.12980327794618018,0.08337805785205184,9.792509102789564,"[3.99999998e-08 0.00000000e+00 0.00000000e+00 0.00000000e+00
 3.99999998e-08 0.00000000e+00 0.00000000e+00 0.00000000e+00
 3.99999998e-08]","[0.000289 0.       0.       0.       0.000289 0.       0.       0.
 0.000289]"
1786809883.4182405,-0.011970439003406996,-0.17761720238250656,0.0,0.0,-0.0023940878006813993,-0.035523440476501314,0.09368622322013427,0.9050614783356055,1.4547940416243674,0.0023312310017701726,1.3350881292887917,0.64488802886248,5.033064893548046,"[0. 0. 0. 0. 0. 0. 0. 0. 0. 0. 0. 0. 0. 0. 0. 0. 0. 0. 0. 0. 0. 0. 0. 0.
 0. 0. 0. 0. 0. 0. 0. 0. 0. 0. 0. 0.]","[0. 0. 0. 0. 0. 0. 0. 0. 0. 0. 0. 0. 0. 0. 0. 0. 0. 0. 0. 0. 0. 0. 0. 0.
 0. 0. 0. 0. 0. 0. 0. 0. 0. 0. 0. 0.]",0.011068803407002874,-0.00023884002919668748,0.9051714692901629,0.1258077483253793,0.06892307900042297,9.804414976990659,"[3.99999998e-08 0.00000000e+00 0.00000000e+00 0.00000000e+00
 3.99999998e-08 0.00000000e+00 0.00000000e+00 0.00000000e+00
 3.99999998e-08]","[0.000289 0.       0.       0.       0.000289 0.       0.       0.
 0.000289]"
1786809883.4653513,-0.009867439288474555,-0.16848779903209382,0.0,0.0,-0.001973487857694911,-0.03369755980641877,0.08901005840932048,0.9159562734286557,1.4555845276729413,0.005907995969869085,1.371802284294134,0.47677444043070044,4.9177745540511895,"[0. 0. 0. 0. 0. 0. 0. 0. 0. 0. 0. 0. 0. 0. 0. 0. 0. 0. 0. 0. 0. 0. 0. 0.
 0. 0. 0. 0. 0. 0. 0. 0. 0. 0. 0. 0.]","[0. 0. 0. 0. 0. 0. 0. 0. 0. 0. 0. 0. 0. 0. 0. 0. 0. 0. 0. 0. 0. 0. 0. 0.
 0. 0. 0. 0. 0. 0. 0. 0. 0. 0. 0. 0.]",0.011281314579161513,-0.000281848736907121,0.9157034259034792,0.15540402797455544,0.08564433376306597,9.823965144931735,"[3.99999998e-08 0.00000000e+00 0.00000000e+00 0.00000000e+00
 3.99999998e-08 0.00000000e+00 0.00000000e+00 0.00000000e+00
 3.99999998e-08]","[0.000289 0.       0.       0.       0.000289 0.       0.       0.
 0.000289]"
1786809883.5154986,-0.006398855182515595,-0.15131023132204013,0.0,0.0,-0.0016036017521074974,-0.0319466755084024,0.0843882467835287,0.9217530082933065,1.4559083583885457,0.007592625213863459,1.3902025640416094,0.32266685209905266,4.791772346880025,"[0. 0. 0. 0. 0. 0. 0. 0. 0. 0. 0. 0. 0. 0. 0. 0. 0. 0. 0. 0. 0. 0. 0. 0.
 0. 0. 0. 0. 0. 0. 0. 0. 0. 0. 0. 0.]","[0. 0. 0. 0. 0. 0. 0. 0. 0. 0. 0. 0. 0. 0. 0. 0. 0. 0. 0. 0. 0. 0. 0. 0.
 0. 0. 0. 0. 0. 0. 0. 0. 0. 0. 0. 0.]",0.011769839608897964,-0.00011018769629362837,0.9215539829761734,0.11089211679855755,0.05997645772648795,9.80018783851757,"[3.99999998e-08 0.00000000e+00 0.00000000e+00 0.00000000e+00
 3.99999998e-08 0.00000000e+00 0.00000000e+00 0.00000000e+00
 3.99999998e-08]","[0.000289 0.       0.       0.       0.000289 0.       0.       0.
 0.000289]"
1786809883.5650544,-0.005040046659690045,-0.14346493253805542,0.0,0.0,-0.001008009331938009,-0.028692986507611082,0.075722736761121,0.965396373583499,1.4561801200931108,0.009161684970660404,1.409117701156376,-0.04572645837460462,4.634983231751021,"[0. 0. 0. 0. 0. 0. 0. 0. 0. 0. 0. 0. 0. 0. 0. 0. 0. 0. 0. 0. 0. 0. 0. 0.
 0. 0. 0. 0. 0. 0. 0. 0. 0. 0. 0. 0.]","[0. 0. 0. 0. 0. 0. 0. 0. 0. 0. 0. 0. 0. 0. 0. 0. 0. 0. 0. 0. 0. 0. 0. 0.
 0. 0. 0. 0. 0. 0. 0. 0. 0. 0. 0. 0.]",0.012306012200291325,7.907988690309733e-05,0.9656950060810533,0.11415475063125527,0.06039981263277993,9.817286362866584,"[3.99999998e-08 0.00000000e+00 0.00000000e+00 0.00000000e+00
 3.99999998e-08 0.00000000e+00 0.00000000e+00 0.00000000e+00
 3.99999998e-08]","[0.000289 0.       0.       0.       0.000289 0.       0.       0.
 0.000289]"
1786809883.629168,-0.0039103937555007295,-0.13609725282946966,0.0,0.0,-0.0007820787511001459,-0.027219450565893935,0.07177671791479576,0.9554158099866907,1.4564060506739487,0.010635220912377551,1.428365745262287,-0.14110748136069332,4.491211597384579,"[0. 0. 0. 0. 0. 0. 0. 0. 0. 0. 0. 0. 0. 0. 0. 0. 0. 0. 0. 0. 0. 0. 0. 0.
 0. 0. 0. 0. 0. 0. 0. 0. 0. 0. 0. 0.]","[0. 0. 0. 0. 0. 0. 0. 0. 0. 0. 0. 0. 0. 0. 0. 0. 0. 0. 0. 0. 0. 0. 0. 0.
 0. 0. 0. 0. 0. 0. 0. 0. 0. 0. 0. 0.]",0.012138349951627174,0.00042719582682506816,0.9556827742003142,0.1331156975047332,0.045602587646717645,9.799123668857224,"[3.99999998e-08 0.00000000e+00 0.00000000e+00 0.00000000e+00
 3.99999998e-08 0.00000000e+00 0.00000000e+00 0.00000000e+00
 3.99999998e-08]","[0.000289 0.       0.       0.       0.000289 0.       0.       0.
 0.000289]"
1786809883.6678784,-0.0029617515957047758,-0.12900131977949442,0.0,0.0,-0.0005923503191409552,-0.02580026395589888,0.06807670931943548,0.9446123355583607,1.4565957791059079,0.012054407522372603,1.447463258004494,-0.22703871290785174,4.352899883758937,"[0. 0. 0. 0. 0. 0. 0. 0. 0. 0. 0. 0. 0. 0. 0. 0. 0. 0. 0. 0. 0. 0. 0. 0.
 0. 0. 0. 0. 0. 0. 0. 0. 0. 0. 0. 0.]","[0. 0. 0. 0. 0. 0. 0. 0. 0. 0. 0. 0. 0. 0. 0. 0. 0. 0. 0. 0. 0. 0. 0. 0.
 0. 0. 0. 0. 0. 0. 0. 0. 0. 0. 0. 0.]",0.01169180894262271,0.0003487072007730874,0.944361780663545,0.12425373502728267,0.04963692701119482,9.812212520887838,"[3.99999998e-08 0.00000000e+00 0.00000000e+00 0.00000000e+00
 3.99999998e-08 0.00000000e+00 0.00000000e+00 0.00000000e+00
 3.99999998e-08]","[0.000289 0.       0.       0.       0.000289 0.       0.       0.
 0.000289]"
1786809883.7149513,-0.0029617515957047758,-0.12900131977949442,0.0,0.0,-0.0005923503191409552,-0.02580026395589888,0.0645176574229219,0.9381862628167706,1.4565957791059079,0.012054407522372603,1.447463258004494,-0.31931041221565,4.229471468126845,"[0. 0. 0. 0. 0. 0. 0. 0. 0. 0. 0. 0. 0. 0. 0. 0. 0. 0. 0. 0. 0. 0. 0. 0.
 0. 0. 0. 0. 0. 0. 0. 0. 0. 0. 0. 0.]","[0. 0. 0. 0. 0. 0. 0. 0. 0. 0. 0. 0. 0. 0. 0. 0. 0. 0. 0. 0. 0. 0. 0. 0.
 0. 0. 0. 0. 0. 0. 0. 0. 0. 0. 0. 0.]",0.011520866930776546,0.00015455070499125864,0.9441846316058972,0.10535612150200388,0.042412526198539205,9.842507784409472,"[3.99999998e-08 0.00000000e+00 0.00000000e+00 0.00000000e+00
 3.99999998e-08 0.00000000e+00 0.00000000e+00 0.00000000e+00
 3.99999998e-08]","[0.000289 0.       0.       0.       0.000289 0.       0.       0.
 0.000289]"
1786809883.7740328,-0.0021975921939565435,-0.12232632225924797,0.0,0.0,-0.0004395184387913087,-0.024465264451849593,0.0645176574229219,0.9053331382307546,1.4567486109862575,0.013389407026421891,1.466323374362338,-0.23966647382388717,4.149827529736694,"[0. 0. 0. 0. 0. 0. 0. 0. 0. 0. 0. 0. 0. 0. 0. 0. 0. 0. 0. 0. 0. 0. 0. 0.
 0. 0. 0. 0. 0. 0. 0. 0. 0. 0. 0. 0.]","[0. 0. 0. 0. 0. 0. 0. 0. 0. 0. 0. 0. 0. 0. 0. 0. 0. 0. 0. 0. 0. 0. 0. 0.
 0. 0. 0. 0. 0. 0. 0. 0. 0. 0. 0. 0.]",0.011234933108021148,-0.0002262638828464508,0.9054977752814087,0.15976117263202294,0.04048489733101033,9.794171510070377,"[3.99999998e-08 0.00000000e+00 0.00000000e+00 0.00000000e+00
 3.99999998e-08 0.00000000e+00 0.00000000e+00 0.00000000e+00
 3.99999998e-08]","[0.000289 0.       0.       0.       0.000289 0.       0.       0.
 0.000289]"
1786809883.8233922,-0.0015842599167004145,-0.11590386648593416,0.0,0.0,-0.0003168519833400829,-0.023180773297186832,0.057957346699691395,0.9176662923762489,1.4568712774417087,0.01467389818108465,1.4846928621757933,-0.46836232397059907,3.9809287905961126,"[0. 0. 0. 0. 0. 0. 0. 0. 0. 0. 0. 0. 0. 0. 0. 0. 0. 0. 0. 0. 0. 0. 0. 0.
 0. 0. 0. 0. 0. 0. 0. 0. 0. 0. 0. 0.]","[0. 0. 0. 0. 0. 0. 0. 0. 0. 0. 0. 0. 0. 0. 0. 0. 0. 0. 0. 0. 0. 0. 0. 0.
 0. 0. 0. 0. 0. 0. 0. 0. 0. 0. 0. 0.]",0.011306879688682235,-0.0004219602025587007,0.9173128027166716,0.1338624716860615,0.06430951866805042,9.777646458658928,"[3.99999998e-08 0.00000000e+00 0.00000000e+00 0.00000000e+00
 3.99999998e-08 0.00000000e+00 0.00000000e+00 0.00000000e+00
 3.99999998e-08]","[0.000289 0.       0.       0.       0.000289 0.       0.       0.
 0.000289]"
1786809883.865424,-0.0011248123019425016,-0.10996194542247976,0.0,0.0,-0.0003168519833400829,-0.023180773297186832,0.057957346699691395,0.8898458776104585,1.4569631669646603,0.01586228239377553,1.5029845222329472,-0.40091899964078936,3.913485466002236,"[0. 0. 0. 0. 0. 0. 0. 0. 0. 0. 0. 0. 0. 0. 0. 0. 0. 0. 0. 0. 0. 0. 0. 0.
 0. 0. 0. 0. 0. 0. 0. 0. 0. 0. 0. 0.]","[0. 0. 0. 0. 0. 0. 0. 0. 0. 0. 0. 0. 0. 0. 0. 0. 0. 0. 0. 0. 0. 0. 0. 0.
 0. 0. 0. 0. 0. 0. 0. 0. 0. 0. 0. 0.]",0.011309175782725103,3.665236873301287e-05,0.9176457905766745,0.12075078773000769,0.02186315855337177,9.821364986675377,"[3.99999998e-08 0.00000000e+00 0.00000000e+00 0.00000000e+00
 3.99999998e-08 0.00000000e+00 0.00000000e+00 0.00000000e+00
 3.99999998e-08]","[0.000289 0.       0.       0.       0.000289 0.       0.       0.
 0.000289]"
1786809883.9155989,-0.0007850788221719363,-0.10420603863711286,0.0,0.0,-0.00015701576443438725,-0.020841207727422574,0.05498384909182655,0.8855848254913954,1.4570311136606144,0.01701346375084891,1.5207729177317575,-0.48069505903169546,3.813049549424521,"[0. 0. 0. 0. 0. 0. 0. 0. 0. 0. 0. 0. 0. 0. 0. 0. 0. 0. 0. 0. 0. 0. 0. 0.
 0. 0. 0. 0. 0. 0. 0. 0. 0. 0. 0. 0.]","[0. 0. 0. 0. 0. 0. 0. 0. 0. 0. 0. 0. 0. 0. 0. 0. 0. 0. 0. 0. 0. 0. 0. 0.
 0. 0. 0. 0. 0. 0. 0. 0. 0. 0. 0. 0.]",0.011002557223408468,-6.126138717465769e-05,0.8860310301158676,0.13952608223779256,0.058756725088698815,9.80609240355701,"[3.99999998e-08 0.00000000e+00 0.00000000e+00 0.00000000e+00
 3.99999998e-08 0.00000000e+00 0.00000000e+00 0.00000000e+00
 3.99999998e-08]","[0.000289 0.       0.       0.       0.000289 0.       0.       0.
 0.000289]"
1786809883.9746509,-0.0005587906160642309,-0.09871238412180872,0.0,0.0,-0.00011175812321284617,-0.019742476824361744,0.0521044979756942,0.8763304088612707,1.457076371301836,0.01811219465390974,1.5384846142416317,-0.5455132069885829,3.703361572310049,"[0. 0. 0. 0. 0. 0. 0. 0. 0. 0. 0. 0. 0. 0. 0. 0. 0. 0. 0. 0. 0. 0. 0. 0.
 0. 0. 0. 0. 0. 0. 0. 0. 0. 0. 0. 0.]","[0. 0. 0. 0. 0. 0. 0. 0. 0. 0. 0. 0. 0. 0. 0. 0. 0. 0. 0. 0. 0. 0. 0. 0.
 0. 0. 0. 0. 0. 0. 0. 0. 0. 0. 0. 0.]",0.011190779485005263,-0.00035472089772111646,0.8857445877949605,0.13629405287824536,0.015484204649789272,9.814471632116996,"[3.99999998e-08 0.00000000e+00 0.00000000e+00 0.00000000e+00
 3.99999998e-08 0.00000000e+00 0.00000000e+00 0.00000000e+00
 3.99999998e-08]","[0.000289 0.       0.       0.       0.000289 0.       0.       0.
 0.000289]"
1786809884.0154958,-0.0005587906160642309,-0.09871238412180872,0.0,0.0,-0.00011175812321284617,-0.019742476824361744,0.04935698285441512,0.8652243753256224,1.457076371301836,0.01811219465390974,1.5384846142416317,-0.6018474900652521,3.5931797842522752,"[0. 0. 0. 0. 0. 0. 0. 0. 0. 0. 0. 0. 0. 0. 0. 0. 0. 0. 0. 0. 0. 0. 0. 0.
 0. 0. 0. 0. 0. 0. 0. 0. 0. 0. 0. 0.]","[0. 0. 0. 0. 0. 0. 0. 0. 0. 0. 0. 0. 0. 0. 0. 0. 0. 0. 0. 0. 0. 0. 0. 0.
 0. 0. 0. 0. 0. 0. 0. 0. 0. 0. 0. 0.]",0.010893685493578532,5.3729263415168625e-05,0.8760244612274163,0.16723532761816845,0.028246997731537774,9.794565496650533,"[3.99999998e-08 0.00000000e+00 0.00000000e+00 0.00000000e+00
 3.99999998e-08 0.00000000e+00 0.00000000e+00 0.00000000e+00
 3.99999998e-08]","[0.000289 0.       0.       0.       0.000289 0.       0.       0.
 0.000289]"
1786809884.0693645,-0.0004366399147714972,-0.09356884236759341,0.0,0.0,-8.732798295429944e-05,-0.01871376847351868,0.04935698285441512,0.8486930594402857,1.4571008014420945,0.019140903004752803,1.5559464341988334,-0.5617715727669444,3.5531038669547215,"[0. 0. 0. 0. 0. 0. 0. 0. 0. 0. 0. 0. 0. 0. 0. 0. 0. 0. 0. 0. 0. 0. 0. 0.
 0. 0. 0. 0. 0. 0. 0. 0. 0. 0. 0. 0.]","[0. 0. 0. 0. 0. 0. 0. 0. 0. 0. 0. 0. 0. 0. 0. 0. 0. 0. 0. 0. 0. 0. 0. 0.
 0. 0. 0. 0. 0. 0. 0. 0. 0. 0. 0. 0.]",0.010709873187785126,-3.2134852174906854e-05,0.8488150397250832,0.12830495440751935,0.056986018365004734,9.821200709675194,"[3.99999998e-08 0.00000000e+00 0.00000000e+00 0.00000000e+00
 3.99999998e-08 0.00000000e+00 0.00000000e+00 0.00000000e+00
 3.99999998e-08]","[0.000289 0.       0.       0.       0.000289 0.       0.       0.
 0.000289]"
1786809884.1156013,-0.0004054612593096252,-0.08863330195336012,0.0,0.0,-8.109225186192504e-05,-0.017726660390672024,0.04678493057712792,0.8399046779672561,1.457107037173187,0.02012801108759946,1.5729698893615565,-0.618407383658762,3.453857721647713,"[0. 0. 0. 0. 0. 0. 0. 0. 0. 0. 0. 0. 0. 0. 0. 0. 0. 0. 0. 0. 0. 0. 0. 0.
 0. 0. 0. 0. 0. 0. 0. 0. 0. 0. 0. 0.]","[0. 0. 0. 0. 0. 0. 0. 0. 0. 0. 0. 0. 0. 0. 0. 0. 0. 0. 0. 0. 0. 0. 0. 0.
 0. 0. 0. 0. 0. 0. 0. 0. 0. 0. 0. 0.]",0.010299163321874628,1.603818277623232e-05,0.8396742435342062,0.11508808147041209,0.04211016922839899,9.75245983647975,"[3.99999998e-08 0.00000000e+00 0.00000000e+00 0.00000000e+00
 3.99999998e-08 0.00000000e+00 0.00000000e+00 0.00000000e+00
 3.99999998e-08]","[0.000289 0.       0.       0.       0.000289 0.       0.       0.
 0.000289]"
1786809884.17332,-0.0004549971311818002,-0.08394226559222379,0.0,0.0,-9.099942623636004e-05,-0.016788453118444756,0.04197174935341873,0.8252338597475808,1.4570971299988125,0.02106621835982673,1.5897767713162876,-0.7286957402074645,3.2724381252449937,"[0. 0. 0. 0. 0. 0. 0. 0. 0. 0. 0. 0. 0. 0. 0. 0. 0. 0. 0. 0. 0. 0. 0. 0.
 0. 0. 0. 0. 0. 0. 0. 0. 0. 0. 0. 0.]","[0. 0. 0. 0. 0. 0. 0. 0. 0. 0. 0. 0. 0. 0. 0. 0. 0. 0. 0. 0. 0. 0. 0. 0.
 0. 0. 0. 0. 0. 0. 0. 0. 0. 0. 0. 0.]",0.010311547897170543,0.00014315757460119333,0.8250840150400962,0.1308579240790692,0.011735930739548942,9.821299931619803,"[3.99999998e-08 0.00000000e+00 0.00000000e+00 0.00000000e+00
 3.99999998e-08 0.00000000e+00 0.00000000e+00 0.00000000e+00
 3.99999998e-08]","[0.000289 0.       0.       0.       0.000289 0.       0.       0.
 0.000289]"
1786809884.222503,-0.0005720881279247525,-0.0796263994469072,0.0,0.0,-0.0001144176255849505,-0.01592527988938144,0.04197174935341873,0.8167246899854427,1.4570737117994639,0.021929391588890044,1.6063548026255061,-0.708067449874938,3.2518098349128395,"[0. 0. 0. 0. 0. 0. 0. 0. 0. 0. 0. 0. 0. 0. 0. 0. 0. 0. 0. 0. 0. 0. 0. 0.
 0. 0. 0. 0. 0. 0. 0. 0. 0. 0. 0. 0.]","[0. 0. 0. 0. 0. 0. 0. 0. 0. 0. 0. 0. 0. 0. 0. 0. 0. 0. 0. 0. 0. 0. 0. 0.
 0. 0. 0. 0. 0. 0. 0. 0. 0. 0. 0. 0.]",0.010115920721502183,-4.147070212878889e-05,0.8165335954317009,0.09298784427733581,0.032093196152060396,9.794891836624515,"[3.99999998e-08 0.00000000e+00 0.00000000e+00 0.00000000e+00
 3.99999998e-08 0.00000000e+00 0.00000000e+00 0.00000000e+00
 3.99999998e-08]","[0.000289 0.       0.       0.       0.000289 0.       0.       0.
 0.000289]"
1786809884.2653613,-0.0007539989113580781,-0.0754656078697297,0.0,0.0,-0.0001507997822716156,-0.01509312157394594,0.03981422727400513,0.8029329214492599,1.4570373296427772,0.022761549904325544,1.6226734486642382,-0.7400123164355485,3.152995787570192,"[0. 0. 0. 0. 0. 0. 0. 0. 0. 0. 0. 0. 0. 0. 0. 0. 0. 0. 0. 0. 0. 0. 0. 0.
 0. 0. 0. 0. 0. 0. 0. 0. 0. 0. 0. 0.]","[0. 0. 0. 0. 0. 0. 0. 0. 0. 0. 0. 0. 0. 0. 0. 0. 0. 0. 0. 0. 0. 0. 0. 0.
 0. 0. 0. 0. 0. 0. 0. 0. 0. 0. 0. 0.]",0.010217438945528522,-3.520907775867607e-05,0.8026516966405419,0.14098121469106645,0.011525943829996933,9.832257676943048,"[3.99999998e-08 0.00000000e+00 0.00000000e+00 0.00000000e+00
 3.99999998e-08 0.00000000e+00 0.00000000e+00 0.00000000e+00
 3.99999998e-08]","[0.000289 0.       0.       0.       0.000289 0.       0.       0.
 0.000289]"
1786809884.3157544,-0.0009875471034803684,-0.07156399397658314,0.0,0.0,-0.0001975094206960737,-0.014312798795316627,0.037734687243655994,0.7849849970405891,1.4569906200043528,0.023541872682954858,1.6386064716508035,-0.7595185612124459,3.0464693032357792,"[0. 0. 0. 0. 0. 0. 0. 0. 0. 0. 0. 0. 0. 0. 0. 0. 0. 0. 0. 0. 0. 0. 0. 0.
 0. 0. 0. 0. 0. 0. 0. 0. 0. 0. 0. 0.]","[0. 0. 0. 0. 0. 0. 0. 0. 0. 0. 0. 0. 0. 0. 0. 0. 0. 0. 0. 0. 0. 0. 0. 0.
 0. 0. 0. 0. 0. 0. 0. 0. 0. 0. 0. 0.]",0.009503046291596175,0.00041013754365075146,0.785260298424994,0.1111196220964826,0.03216224215070843,9.79717827573016,"[3.99999998e-08 0.00000000e+00 0.00000000e+00 0.00000000e+00
 3.99999998e-08 0.00000000e+00 0.00000000e+00 0.00000000e+00
 3.99999998e-08]","[0.000289 0.       0.       0.       0.000289 0.       0.       0.
 0.000289]"
1786809884.3775866,-0.0012727724880157165,-0.0678013592315008,0.0,0.0,-0.0002545544976031433,-0.01356027184630016,0.03578540373938102,0.764826989377277,1.4569335749274457,0.024294399631971324,1.6543061715916454,-0.7697198609572238,2.9385322087828816,"[0. 0. 0. 0. 0. 0. 0. 0. 0. 0. 0. 0. 0. 0. 0. 0. 0. 0. 0. 0. 0. 0. 0. 0.
 0. 0. 0. 0. 0. 0. 0. 0. 0. 0. 0. 0.]","[0. 0. 0. 0. 0. 0. 0. 0. 0. 0. 0. 0. 0. 0. 0. 0. 0. 0. 0. 0. 0. 0. 0. 0.
 0. 0. 0. 0. 0. 0. 0. 0. 0. 0. 0. 0.]",0.009469187933306185,-2.4240795293085122e-05,0.7649060957024333,0.11124894778396531,0.03500292883756362,9.783687061462278,"[3.99999998e-08 0.00000000e+00 0.00000000e+00 0.00000000e+00
 3.99999998e-08 0.00000000e+00 0.00000000e+00 0.00000000e+00
 3.99999998e-08]","[0.000289 0.       0.       0.       0.000289 0.       0.       0.
 0.000289]"
1786809884.4166155,-0.0015930325722579575,-0.06429274351963997,0.0,0.0,-0.0003186065144515915,-0.012858548703927993,0.033906652236122,0.7479491677364943,1.4568695229105972,0.02499612277434349,1.6695112850660552,-0.7857357934295055,2.8406844137856266,"[0. 0. 0. 0. 0. 0. 0. 0. 0. 0. 0. 0. 0. 0. 0. 0. 0. 0. 0. 0. 0. 0. 0. 0.
 0. 0. 0. 0. 0. 0. 0. 0. 0. 0. 0. 0.]","[0. 0. 0. 0. 0. 0. 0. 0. 0. 0. 0. 0. 0. 0. 0. 0. 0. 0. 0. 0. 0. 0. 0. 0.
 0. 0. 0. 0. 0. 0. 0. 0. 0. 0. 0. 0.]",0.0093906014287518,-0.00034132336227345547,0.7481181494466649,0.13679086008869742,0.044199613188873596,9.791612528326981,"[3.99999998e-08 0.00000000e+00 0.00000000e+00 0.00000000e+00
 3.99999998e-08 0.00000000e+00 0.00000000e+00 0.00000000e+00
 3.99999998e-08]","[0.000289 0.       0.       0.       0.000289 0.       0.       0.
 0.000289]"
1786809884.4753656,-0.0015930325722579575,-0.06429274351963997,0.0,0.0,-0.0003186065144515915,-0.012858548703927993,0.032156238205278624,0.7280105900117785,1.4568695229105972,0.02499612277434349,1.6695112850660552,-0.7904426968490308,2.739305618366947,"[0. 0. 0. 0. 0. 0. 0. 0. 0. 0. 0. 0. 0. 0. 0. 0. 0. 0. 0. 0. 0. 0. 0. 0.
 0. 0. 0. 0. 0. 0. 0. 0. 0. 0. 0. 0.]","[0. 0. 0. 0. 0. 0. 0. 0. 0. 0. 0. 0. 0. 0. 0. 0. 0. 0. 0. 0. 0. 0. 0. 0.
 0. 0. 0. 0. 0. 0. 0. 0. 0. 0. 0. 0.]",0.008724019499476057,-0.00032163170515570565,0.7279928710110403,0.13190769646693887,0.02092680159789374,9.802075769108702,"[3.99999998e-08 0.00000000e+00 0.00000000e+00 0.00000000e+00
 3.99999998e-08 0.00000000e+00 0.00000000e+00 0.00000000e+00
 3.99999998e-08]","[0.000289 0.       0.       0.       0.000289 0.       0.       0.
 0.000289]"
1786809884.5155685,-0.001942661238598653,-0.06100818487052197,0.0,0.0,-0.0003885322477197306,-0.012201636974104393,0.032156238205278624,0.7370108318324439,1.456799597177329,0.02565303450416709,1.6842708826751243,-0.8122614648993852,2.7611243864169457,"[0. 0. 0. 0. 0. 0. 0. 0. 0. 0. 0. 0. 0. 0. 0. 0. 0. 0. 0. 0. 0. 0. 0. 0.
 0. 0. 0. 0. 0. 0. 0. 0. 0. 0. 0. 0.]","[0. 0. 0. 0. 0. 0. 0. 0. 0. 0. 0. 0. 0. 0. 0. 0. 0. 0. 0. 0. 0. 0. 0. 0.
 0. 0. 0. 0. 0. 0. 0. 0. 0. 0. 0. 0.]",0.009423296681813638,-0.0002121369272348156,0.7368586972656163,0.1273632529281962,0.015899168493909772,9.784464217079528,"[3.99999998e-08 0.00000000e+00 0.00000000e+00 0.00000000e+00
 3.99999998e-08 0.00000000e+00 0.00000000e+00 0.00000000e+00
 3.99999998e-08]","[0.000289 0.       0.       0.       0.000289 0.       0.       0.
 0.000289]"
1786809884.5651777,-0.0023291330919639197,-0.057824142040394044,0.0,0.0,-0.00046582661839278394,-0.01156482840807881,0.0305195533792835,0.7128783419664148,1.456722302806656,0.026289843070192675,1.6989419656363514,-0.80335496904145,2.653024870802664,"[0. 0. 0. 0. 0. 0. 0. 0. 0. 0. 0. 0. 0. 0. 0. 0. 0. 0. 0. 0. 0. 0. 0. 0.
 0. 0. 0. 0. 0. 0. 0. 0. 0. 0. 0. 0.]","[0. 0. 0. 0. 0. 0. 0. 0. 0. 0. 0. 0. 0. 0. 0. 0. 0. 0. 0. 0. 0. 0. 0. 0.
 0. 0. 0. 0. 0. 0. 0. 0. 0. 0. 0. 0.]",0.008967574048618122,-0.00018373242147247902,0.7127639521184184,0.10852232968768902,0.016393139562008212,9.802834114246027,"[3.99999998e-08 0.00000000e+00 0.00000000e+00 0.00000000e+00
 3.99999998e-08 0.00000000e+00 0.00000000e+00 0.00000000e+00
 3.99999998e-08]","[0.000289 0.       0.       0.       0.000289 0.       0.       0.
 0.000289]"
1786809884.6164727,-0.002732890234704577,-0.054854979049698216,0.0,0.0,-0.0005465780469409154,-0.010970995809939644,0.02893551564975017,0.6839646897044758,1.456641551378108,0.02688367566833184,1.7129971369561006,-0.7812624099066264,2.534930025030534,"[0. 0. 0. 0. 0. 0. 0. 0. 0. 0. 0. 0. 0. 0. 0. 0. 0. 0. 0. 0. 0. 0. 0. 0.
 0. 0. 0. 0. 0. 0. 0. 0. 0. 0. 0. 0.]","[0. 0. 0. 0. 0. 0. 0. 0. 0. 0. 0. 0. 0. 0. 0. 0. 0. 0. 0. 0. 0. 0. 0. 0.
 0. 0. 0. 0. 0. 0. 0. 0. 0. 0. 0. 0.]",0.008699161651466397,0.0002925003637237834,0.684173584472904,0.0990219304756999,-0.005885012835301821,9.82259708665567,"[3.99999998e-08 0.00000000e+00 0.00000000e+00 0.00000000e+00
 3.99999998e-08 0.00000000e+00 0.00000000e+00 0.00000000e+00
 3.99999998e-08]","[0.000289 0.       0.       0.       0.000289 0.       0.       0.
 0.000289]"
1786809884.6654532,-0.0031602625245008564,-0.05200808944080513,0.0,0.0,-0.0005465780469409154,-0.010970995809939644,0.02746150676664417,0.6568326752775174,1.4565560769201487,0.02745305359011046,1.7266221667643276,-0.7601547653285736,2.424488508750054,"[0. 0. 0. 0. 0. 0. 0. 0. 0. 0. 0. 0. 0. 0. 0. 0. 0. 0. 0. 0. 0. 0. 0. 0.
 0. 0. 0. 0. 0. 0. 0. 0. 0. 0. 0. 0.]","[0. 0. 0. 0. 0. 0. 0. 0. 0. 0. 0. 0. 0. 0. 0. 0. 0. 0. 0. 0. 0. 0. 0. 0.
 0. 0. 0. 0. 0. 0. 0. 0. 0. 0. 0. 0.]",0.008491712913605709,-0.00025887758031723927,0.6568778757272454,0.13383521869565926,-0.0033119818990635166,9.821134669284046,"[3.99999998e-08 0.00000000e+00 0.00000000e+00 0.00000000e+00
 3.99999998e-08 0.00000000e+00 0.00000000e+00 0.00000000e+00
 3.99999998e-08]","[0.000289 0.       0.       0.       0.000289 0.       0.       0.
 0.000289]"
1786809884.715036,-0.003594815241643179,-0.04935367234887685,0.0,0.0,-0.0007189630483286358,-0.00987073446977537,0.026052008686983,0.6299175089474142,1.4564691663767202,0.027983937008496114,1.7395434989819,-0.7376179402749188,2.3165275576572553,"[0. 0. 0. 0. 0. 0. 0. 0. 0. 0. 0. 0. 0. 0. 0. 0. 0. 0. 0. 0. 0. 0. 0. 0.
 0. 0. 0. 0. 0. 0. 0. 0. 0. 0. 0. 0.]","[0. 0. 0. 0. 0. 0. 0. 0. 0. 0. 0. 0. 0. 0. 0. 0. 0. 0. 0. 0. 0. 0. 0. 0.
 0. 0. 0. 0. 0. 0. 0. 0. 0. 0. 0. 0.]",0.008104278624053534,1.1005030854522984e-05,0.6296487729958895,0.12829522586672149,0.011201251247109687,9.781236560246649,"[3.99999998e-08 0.00000000e+00 0.00000000e+00 0.00000000e+00
 3.99999998e-08 0.00000000e+00 0.00000000e+00 0.00000000e+00
 3.99999998e-08]","[0.000289 0.       0.       0.       0.000289 0.       0.       0.
 0.000289]"
1786809884.7653039,-0.004048517811774399,-0.04678829990513762,0.0,0.0,-0.0008097035623548798,-0.009357659981027524,0.02474220923311943,0.6049824084622324,1.456378425862694,0.02849701149724396,1.7521418491608787,-0.7168601043666752,2.216387936667189,"[0. 0. 0. 0. 0. 0. 0. 0. 0. 0. 0. 0. 0. 0. 0. 0. 0. 0. 0. 0. 0. 0. 0. 0.
 0. 0. 0. 0. 0. 0. 0. 0. 0. 0. 0. 0.]","[0. 0. 0. 0. 0. 0. 0. 0. 0. 0. 0. 0. 0. 0. 0. 0. 0. 0. 0. 0. 0. 0. 0. 0.
 0. 0. 0. 0. 0. 0. 0. 0. 0. 0. 0. 0.]",0.007269772808737729,-0.000285793028001116,0.6051211962412146,0.12828964270254534,-0.023061857275936834,9.80386224824549,"[3.99999998e-08 0.00000000e+00 0.00000000e+00 0.00000000e+00
 3.99999998e-08 0.00000000e+00 0.00000000e+00 0.00000000e+00
 3.99999998e-08]","[0.000289 0.       0.       0.       0.000289 0.       0.       0.
 0.000289]"
1786809884.815247,-0.004507038137792074,-0.044369781384537066,0.0,0.0,-0.0009014076275584149,-0.008873956276907412,0.02348156460122151,0.5641544065323776,1.4562867217974904,0.028980715201364072,1.7641598414304664,-0.6560844824721063,2.0792096098103845,"[0. 0. 0. 0. 0. 0. 0. 0. 0. 0. 0. 0. 0. 0. 0. 0. 0. 0. 0. 0. 0. 0. 0. 0.
 0. 0. 0. 0. 0. 0. 0. 0. 0. 0. 0. 0.]","[0. 0. 0. 0. 0. 0. 0. 0. 0. 0. 0. 0. 0. 0. 0. 0. 0. 0. 0. 0. 0. 0. 0. 0.
 0. 0. 0. 0. 0. 0. 0. 0. 0. 0. 0. 0.]",0.007275008459032282,2.4344234518382195e-05,0.5641003055778606,0.1258367646552507,0.01826415193276225,9.827411133119671,"[3.99999998e-08 0.00000000e+00 0.00000000e+00 0.00000000e+00
 3.99999998e-08 0.00000000e+00 0.00000000e+00 0.00000000e+00
 3.99999998e-08]","[0.000289 0.       0.       0.       0.000289 0.       0.       0.
 0.000289]"
1786809884.8654418,-0.004966444018769112,-0.04209113721303625,0.0,0.0,-0.0009932888037538223,-0.00841822744260725,0.022299052070027126,0.5317652513525783,1.456194840621295,0.029436444035664235,1.7753133729917274,-0.613399031465664,1.964856732671895,"[0. 0. 0. 0. 0. 0. 0. 0. 0. 0. 0. 0. 0. 0. 0. 0. 0. 0. 0. 0. 0. 0. 0. 0.
 0. 0. 0. 0. 0. 0. 0. 0. 0. 0. 0. 0.]","[0. 0. 0. 0. 0. 0. 0. 0. 0. 0. 0. 0. 0. 0. 0. 0. 0. 0. 0. 0. 0. 0. 0. 0.
 0. 0. 0. 0. 0. 0. 0. 0. 0. 0. 0. 0.]",0.006588497018358947,0.00017278379803951146,0.5318375726985644,0.10781612614543037,0.01177686728357209,9.77815459596969,"[3.99999998e-08 0.00000000e+00 0.00000000e+00 0.00000000e+00
 3.99999998e-08 0.00000000e+00 0.00000000e+00 0.00000000e+00
 3.99999998e-08]","[0.000289 0.       0.       0.       0.000289 0.       0.       0.
 0.000289]"
1786809884.9158173,-0.005430927131196972,-0.039910154452679564,0.0,0.0,-0.0010861854262393944,-0.007982030890535913,0.021191563168382672,0.5150548902744921,1.4561019439988094,0.02987264058773557,1.785948678018785,-0.6064493349621941,1.8907864966752879,"[0. 0. 0. 0. 0. 0. 0. 0. 0. 0. 0. 0. 0. 0. 0. 0. 0. 0. 0. 0. 0. 0. 0. 0.
 0. 0. 0. 0. 0. 0. 0. 0. 0. 0. 0. 0.]","[0. 0. 0. 0. 0. 0. 0. 0. 0. 0. 0. 0. 0. 0. 0. 0. 0. 0. 0. 0. 0. 0. 0. 0.
 0. 0. 0. 0. 0. 0. 0. 0. 0. 0. 0. 0.]",0.006266195813256143,-3.2501678666103986e-05,0.5148944818176967,0.13829612301403596,0.04272781092242332,9.793533939249537,"[3.99999998e-08 0.00000000e+00 0.00000000e+00 0.00000000e+00
 3.99999998e-08 0.00000000e+00 0.00000000e+00 0.00000000e+00
 3.99999998e-08]","[0.000289 0.       0.       0.       0.000289 0.       0.       0.
 0.000289]"
1786809884.9668834,-0.005885186203067327,-0.03787954891585571,0.0,0.0,-0.0011770372406134655,-0.007575909783171141,0.020138988293488765,0.44350223842946834,1.4560110921844354,0.030278761695100343,1.7955909512325574,-0.46488456912129095,1.6854293141759757,"[0. 0. 0. 0. 0. 0. 0. 0. 0. 0. 0. 0. 0. 0. 0. 0. 0. 0. 0. 0. 0. 0. 0. 0.
 0. 0. 0. 0. 0. 0. 0. 0. 0. 0. 0. 0.]","[0. 0. 0. 0. 0. 0. 0. 0. 0. 0. 0. 0. 0. 0. 0. 0. 0. 0. 0. 0. 0. 0. 0. 0.
 0. 0. 0. 0. 0. 0. 0. 0. 0. 0. 0. 0.]",0.005577978341861829,-0.0001685686461664804,0.4437519106660315,0.11377414916287773,0.00946660056131225,9.787219227551185,"[3.99999998e-08 0.00000000e+00 0.00000000e+00 0.00000000e+00
 3.99999998e-08 0.00000000e+00 0.00000000e+00 0.00000000e+00
 3.99999998e-08]","[0.000289 0.       0.       0.       0.000289 0.       0.       0.
 0.000289]"
1786809885.015227,-0.006341672400906884,-0.035923064497154475,0.0,0.0,-0.0012683344801813767,-0.007184612899430894,0.01916700056551285,0.42134884599721634,1.4559197949448675,0.03067005857884059,1.8044388426434845,-0.44063354892076717,1.602269946825907,"[0. 0. 0. 0. 0. 0. 0. 0. 0. 0. 0. 0. 0. 0. 0. 0. 0. 0. 0. 0. 0. 0. 0. 0.
 0. 0. 0. 0. 0. 0. 0. 0. 0. 0. 0. 0.]","[0. 0. 0. 0. 0. 0. 0. 0. 0. 0. 0. 0. 0. 0. 0. 0. 0. 0. 0. 0. 0. 0. 0. 0.
 0. 0. 0. 0. 0. 0. 0. 0. 0. 0. 0. 0.]",0.005582012176136739,-0.0004521494171017051,0.42120607225949946,0.14638893887105073,0.022309626328342984,9.815137607368316,"[3.99999998e-08 0.00000000e+00 0.00000000e+00 0.00000000e+00
 3.99999998e-08 0.00000000e+00 0.00000000e+00 0.00000000e+00
 3.99999998e-08]","[0.000289 0.       0.       0.       0.000289 0.       0.       0.
 0.000289]"
1786809885.065612,-0.007249030041598381,-0.032246402407170305,0.0,0.0,-0.0014498060083196762,-0.006449280481434061,0.018239266512850405,0.38949767855972817,1.4557383234167292,0.03140539099683742,1.8209742848598243,-0.3915317506676411,1.496941842351502,"[0. 0. 0. 0. 0. 0. 0. 0. 0. 0. 0. 0. 0. 0. 0. 0. 0. 0. 0. 0. 0. 0. 0. 0.
 0. 0. 0. 0. 0. 0. 0. 0. 0. 0. 0. 0.]","[0. 0. 0. 0. 0. 0. 0. 0. 0. 0. 0. 0. 0. 0. 0. 0. 0. 0. 0. 0. 0. 0. 0. 0.
 0. 0. 0. 0. 0. 0. 0. 0. 0. 0. 0. 0.]",0.004906551312972474,0.00022544197481561785,0.3893732666524047,0.12214105978719039,-0.01239322035940947,9.805824800263808,"[3.99999998e-08 0.00000000e+00 0.00000000e+00 0.00000000e+00
 3.99999998e-08 0.00000000e+00 0.00000000e+00 0.00000000e+00
 3.99999998e-08]","[0.000289 0.       0.       0.       0.000289 0.       0.       0.
 0.000289]"
1786809885.1182165,-0.007249030041598381,-0.032246402407170305,0.0,0.0,-0.0014498060083196762,-0.006449280481434061,0.016525577938071898,0.22756862824454366,1.4557383234167292,0.03140539099683742,1.8209742848598243,-0.07994193338893817,1.111019031865459,"[0. 0. 0. 0. 0. 0. 0. 0. 0. 0. 0. 0. 0. 0. 0. 0. 0. 0. 0. 0. 0. 0. 0. 0.
 0. 0. 0. 0. 0. 0. 0. 0. 0. 0. 0. 0.]","[0. 0. 0. 0. 0. 0. 0. 0. 0. 0. 0. 0. 0. 0. 0. 0. 0. 0. 0. 0. 0. 0. 0. 0.
 0. 0. 0. 0. 0. 0. 0. 0. 0. 0. 0. 0.]",0.004818036897458043,0.00021478224393565312,0.3893944446275866,0.11851105878182928,-0.017425665094267045,9.786480613698382,"[3.99999998e-08 0.00000000e+00 0.00000000e+00 0.00000000e+00
 3.99999998e-08 0.00000000e+00 0.00000000e+00 0.00000000e+00
 3.99999998e-08]","[0.000289 0.       0.       0.       0.000289 0.       0.       0.
 0.000289]"
1786809885.1655395,-0.008127791064292955,-0.028902290278643335,0.0,0.0,-0.001625558212858591,-0.005780458055728667,0.016525577938071898,0.3170220136656745,1.4555625712121902,0.03207421342254282,1.834076654445823,-0.26776312591677154,1.2693133039790574,"[0. 0. 0. 0. 0. 0. 0. 0. 0. 0. 0. 0. 0. 0. 0. 0. 0. 0. 0. 0. 0. 0. 0. 0.
 0. 0. 0. 0. 0. 0. 0. 0. 0. 0. 0. 0.]","[0. 0. 0. 0. 0. 0. 0. 0. 0. 0. 0. 0. 0. 0. 0. 0. 0. 0. 0. 0. 0. 0. 0. 0.
 0. 0. 0. 0. 0. 0. 0. 0. 0. 0. 0. 0.]",0.0040477829305087185,-0.00012619626002572176,0.3169280189218742,0.08494730583531462,0.006826788120736028,9.839031556541006,"[3.99999998e-08 0.00000000e+00 0.00000000e+00 0.00000000e+00
 3.99999998e-08 0.00000000e+00 0.00000000e+00 0.00000000e+00
 3.99999998e-08]","[0.000289 0.       0.       0.       0.000289 0.       0.       0.
 0.000289]"
1786809885.2178626,-0.008127791064292955,-0.028902290278643335,0.0,0.0,-0.001625558212858591,-0.005780458055728667,0.015011690202436912,0.16767696840716023,1.4554755447213665,0.03239306121446189,1.8404170947191512,-0.2677631259167768,1.2693133039790625,"[0. 0. 0. 0. 0. 0. 0. 0. 0. 0. 0. 0. 0. 0. 0. 0. 0. 0. 0. 0. 0. 0. 0. 0.
 0. 0. 0. 0. 0. 0. 0. 0. 0. 0. 0. 0.]","[0. 0. 0. 0. 0. 0. 0. 0. 0. 0. 0. 0. 0. 0. 0. 0. 0. 0. 0. 0. 0. 0. 0. 0.
 0. 0. 0. 0. 0. 0. 0. 0. 0. 0. 0. 0.]",0.004106212621489592,-8.780951397651261e-05,0.31707752892130064,0.08740426244853781,0.01546651096804528,9.797805251729969,"[3.99999998e-08 0.00000000e+00 0.00000000e+00 0.00000000e+00
 3.99999998e-08 0.00000000e+00 0.00000000e+00 0.00000000e+00
 3.99999998e-08]","[0.000289 0.       0.       0.       0.000289 0.       0.       0.
 0.000289]"
1786809885.2663317,-0.00900815533531718,-0.025716603317342476,0.0,0.0,-0.0018016310670634361,-0.005143320663468495,0.015011690202436912,0.2638075983369698,1.4553864983579854,0.03271135081480299,1.8467575349924812,-0.1846338686233832,1.0944332748298269,"[0. 0. 0. 0. 0. 0. 0. 0. 0. 0. 0. 0. 0. 0. 0. 0. 0. 0. 0. 0. 0. 0. 0. 0.
 0. 0. 0. 0. 0. 0. 0. 0. 0. 0. 0. 0.]","[0. 0. 0. 0. 0. 0. 0. 0. 0. 0. 0. 0. 0. 0. 0. 0. 0. 0. 0. 0. 0. 0. 0. 0.
 0. 0. 0. 0. 0. 0. 0. 0. 0. 0. 0. 0.]",0.003440973095321558,-0.00013961790501425394,0.2636948230255554,0.12781466474296932,0.012113921600533931,9.806175293910151,"[3.99999998e-08 0.00000000e+00 0.00000000e+00 0.00000000e+00
 3.99999998e-08 0.00000000e+00 0.00000000e+00 0.00000000e+00
 3.99999998e-08]","[0.000289 0.       0.       0.       0.000289 0.       0.       0.
 0.000289]"
1786809885.3156686,-0.00941390126681596,-0.024297577198936667,0.0,0.0,-0.001882780253363192,-0.004859515439787333,0.013624339880584613,0.06148048297963016,1.4553053491716856,0.03299515603848415,1.8513566092423093,0.2638151891578539,0.5619023793623255,"[0. 0. 0. 0. 0. 0. 0. 0. 0. 0. 0. 0. 0. 0. 0. 0. 0. 0. 0. 0. 0. 0. 0. 0.
 0. 0. 0. 0. 0. 0. 0. 0. 0. 0. 0. 0.]","[0. 0. 0. 0. 0. 0. 0. 0. 0. 0. 0. 0. 0. 0. 0. 0. 0. 0. 0. 0. 0. 0. 0. 0.
 0. 0. 0. 0. 0. 0. 0. 0. 0. 0. 0. 0.]",0.0011308497011872263,-0.0001750286108943747,0.06163783934590978,0.12252094246489052,-0.0003705586267071753,9.788046901410722,"[3.99999998e-08 0.00000000e+00 0.00000000e+00 0.00000000e+00
 3.99999998e-08 0.00000000e+00 0.00000000e+00 0.00000000e+00
 3.99999998e-08]","[0.000289 0.       0.       0.       0.000289 0.       0.       0.
 0.000289]"
1786809885.3654847,-0.009788632085389048,-0.023000084599956866,0.0,0.0,-0.0019577264170778097,-0.004600016919991373,0.013028754687225926,0.035691315485866126,1.455230403007971,0.03325465455828011,1.8524830622729465,0.30828634691982576,0.4813351492756512,"[0. 0. 0. 0. 0. 0. 0. 0. 0. 0. 0. 0. 0. 0. 0. 0. 0. 0. 0. 0. 0. 0. 0. 0.
 0. 0. 0. 0. 0. 0. 0. 0. 0. 0. 0. 0.]","[0. 0. 0. 0. 0. 0. 0. 0. 0. 0. 0. 0. 0. 0. 0. 0. 0. 0. 0. 0. 0. 0. 0. 0.
 0. 0. 0. 0. 0. 0. 0. 0. 0. 0. 0. 0.]",3.642620929717843e-05,0.0001963382057006347,0.03547264682880343,0.12152425822826826,0.014667516899053882,9.784560457977777,"[3.99999998e-08 0.00000000e+00 0.00000000e+00 0.00000000e+00
 3.99999998e-08 0.00000000e+00 0.00000000e+00 0.00000000e+00
 3.99999998e-08]","[0.000289 0.       0.       0.       0.000289 0.       0.       0.
 0.000289]"
1786809885.424314,-0.010145253682450894,-0.02176904545830277,0.0,0.0,-0.0019577264170778097,-0.004600016919991373,0.012498211969200644,-0.007414284007552729,1.4551590786885586,0.03350086238661093,1.8528520438550171,0.39670771787288467,0.3607596741998801,"[0. 0. 0. 0. 0. 0. 0. 0. 0. 0. 0. 0. 0. 0. 0. 0. 0. 0. 0. 0. 0. 0. 0. 0.
 0. 0. 0. 0. 0. 0. 0. 0. 0. 0. 0. 0.]","[0. 0. 0. 0. 0. 0. 0. 0. 0. 0. 0. 0. 0. 0. 0. 0. 0. 0. 0. 0. 0. 0. 0. 0.
 0. 0. 0. 0. 0. 0. 0. 0. 0. 0. 0. 0.]",-0.00019552367378137343,-0.00020230249145297805,-0.007660033565294838,0.12868228927882874,0.016546429773557927,9.78027722011899,"[3.99999998e-08 0.00000000e+00 0.00000000e+00 0.00000000e+00
 3.99999998e-08 0.00000000e+00 0.00000000e+00 0.00000000e+00
 3.99999998e-08]","[0.000289 0.       0.       0.       0.000289 0.       0.       0.
 0.000289]"
1786809885.4750566,-0.010495548356030948,-0.020562973279731403,0.0,0.0,-0.0020991096712061896,-0.004112594655946281,0.012498211969200644,0.11091108181001902,1.4550890197538426,0.033742076822325204,1.8545046093875706,0.1098583461935985,0.647609045878841,"[0. 0. 0. 0. 0. 0. 0. 0. 0. 0. 0. 0. 0. 0. 0. 0. 0. 0. 0. 0. 0. 0. 0. 0.
 0. 0. 0. 0. 0. 0. 0. 0. 0. 0. 0. 0.]","[0. 0. 0. 0. 0. 0. 0. 0. 0. 0. 0. 0. 0. 0. 0. 0. 0. 0. 0. 0. 0. 0. 0. 0.
 0. 0. 0. 0. 0. 0. 0. 0. 0. 0. 0. 0.]",0.0013298813107459322,0.0001255711654042748,0.11063217525987323,0.10640399548014247,0.03456575922271588,9.793804978186042,"[3.99999998e-08 0.00000000e+00 0.00000000e+00 0.00000000e+00
 3.99999998e-08 0.00000000e+00 0.00000000e+00 0.00000000e+00
 3.99999998e-08]","[0.000289 0.       0.       0.       0.000289 0.       0.       0.
 0.000289]"
1786809885.5152318,-0.01083254436518577,-0.019410363529035433,0.0,0.0,-0.002166508873037154,-0.0038820727058070867,0.01154331414062629,-0.090459867965624,1.4550216205520117,0.0339725987724644,1.8550347981156667,0.5690940478144171,0.130500748586957,"[0. 0. 0. 0. 0. 0. 0. 0. 0. 0. 0. 0. 0. 0. 0. 0. 0. 0. 0. 0. 0. 0. 0. 0.
 0. 0. 0. 0. 0. 0. 0. 0. 0. 0. 0. 0.]","[0. 0. 0. 0. 0. 0. 0. 0. 0. 0. 0. 0. 0. 0. 0. 0. 0. 0. 0. 0. 0. 0. 0. 0.
 0. 0. 0. 0. 0. 0. 0. 0. 0. 0. 0. 0.]",-0.0007132003059560025,-8.272891366884823e-05,-0.09047935069218525,0.11472397290907838,0.01752991474492652,9.771277580997404,"[3.99999998e-08 0.00000000e+00 0.00000000e+00 0.00000000e+00
 3.99999998e-08 0.00000000e+00 0.00000000e+00 0.00000000e+00
 3.99999998e-08]","[0.000289 0.       0.       0.       0.000289 0.       0.       0.
 0.000289]"
1786809885.575222,-0.011151640373480154,-0.018314295960329963,0.0,0.0,-0.0022303280746960308,-0.0036628591920659925,0.011114250196853439,-0.14043541031940332,1.4549578013503528,0.03419181228620549,1.8529274791902917,0.677244940072826,-0.003654019051930545,"[0. 0. 0. 0. 0. 0. 0. 0. 0. 0. 0. 0. 0. 0. 0. 0. 0. 0. 0. 0. 0. 0. 0. 0.
 0. 0. 0. 0. 0. 0. 0. 0. 0. 0. 0. 0.]","[0. 0. 0. 0. 0. 0. 0. 0. 0. 0. 0. 0. 0. 0. 0. 0. 0. 0. 0. 0. 0. 0. 0. 0.
 0. 0. 0. 0. 0. 0. 0. 0. 0. 0. 0. 0.]",-0.0017103614788532078,-0.00015926157791682912,-0.1408768125019703,0.11761519514158829,-0.007851640813059961,9.797534233855307,"[3.99999998e-08 0.00000000e+00 0.00000000e+00 0.00000000e+00
 3.99999998e-08 0.00000000e+00 0.00000000e+00 0.00000000e+00
 3.99999998e-08]","[0.000289 0.       0.       0.       0.000289 0.       0.       0.
 0.000289]"
1786809885.6152816,-0.011151640373480154,-0.018314295960329963,0.0,0.0,-0.0022303280746960308,-0.0036628591920659925,0.01072115338410461,-0.17596158091913305,1.4548974339273277,0.03440124653375952,1.8497279831636022,0.7514569653826725,-0.10169009361958294,"[0. 0. 0. 0. 0. 0. 0. 0. 0. 0. 0. 0. 0. 0. 0. 0. 0. 0. 0. 0. 0. 0. 0. 0.
 0. 0. 0. 0. 0. 0. 0. 0. 0. 0. 0. 0.]","[0. 0. 0. 0. 0. 0. 0. 0. 0. 0. 0. 0. 0. 0. 0. 0. 0. 0. 0. 0. 0. 0. 0. 0.
 0. 0. 0. 0. 0. 0. 0. 0. 0. 0. 0. 0.]",-0.002059165134744739,3.804938656777129e-05,-0.17561334721324867,0.09380239740154392,-0.033366737782898816,9.82660253995895,"[3.99999998e-08 0.00000000e+00 0.00000000e+00 0.00000000e+00
 3.99999998e-08 0.00000000e+00 0.00000000e+00 0.00000000e+00
 3.99999998e-08]","[0.000289 0.       0.       0.       0.000289 0.       0.       0.
 0.000289]"
1786809885.6673903,-0.01174859944282014,-0.016230104683992268,0.0,0.0,-0.002349719888564028,-0.0032460209367984535,0.01072115338410461,-0.03838368629731603,1.4548384095364848,0.03460865054147303,1.846903365157298,0.4179347966027475,0.2318320751611289,"[0. 0. 0. 0. 0. 0. 0. 0. 0. 0. 0. 0. 0. 0. 0. 0. 0. 0. 0. 0. 0. 0. 0. 0.
 0. 0. 0. 0. 0. 0. 0. 0. 0. 0. 0. 0.]","[0. 0. 0. 0. 0. 0. 0. 0. 0. 0. 0. 0. 0. 0. 0. 0. 0. 0. 0. 0. 0. 0. 0. 0.
 0. 0. 0. 0. 0. 0. 0. 0. 0. 0. 0. 0.]",-0.0004080417165121813,0.0001465377595812851,-0.038355359996098015,0.1477096602975285,-0.012999478355114832,9.78619715507335,"[3.99999998e-08 0.00000000e+00 0.00000000e+00 0.00000000e+00
 3.99999998e-08 0.00000000e+00 0.00000000e+00 0.00000000e+00
 3.99999998e-08]","[0.000289 0.       0.       0.       0.000289 0.       0.       0.
 0.000289]"
1786809885.718707,-0.01202701017862684,-0.015244620703549101,0.0,0.0,-0.002405402035725368,-0.0030489241407098203,0.010018057283240865,-0.30202862955613163,1.4547827273893235,0.034805747337561664,1.8440981906573297,1.0357681105364467,-0.42861312367579524,"[0. 0. 0. 0. 0. 0. 0. 0. 0. 0. 0. 0. 0. 0. 0. 0. 0. 0. 0. 0. 0. 0. 0. 0.
 0. 0. 0. 0. 0. 0. 0. 0. 0. 0. 0. 0.]","[0. 0. 0. 0. 0. 0. 0. 0. 0. 0. 0. 0. 0. 0. 0. 0. 0. 0. 0. 0. 0. 0. 0. 0.
 0. 0. 0. 0. 0. 0. 0. 0. 0. 0. 0. 0.]",-0.004095535190337271,-0.00021941117562905462,-0.3019933014409847,0.09602193792651899,0.011276082779322152,9.786688490982028,"[3.99999998e-08 0.00000000e+00 0.00000000e+00 0.00000000e+00
 3.99999998e-08 0.00000000e+00 0.00000000e+00 0.00000000e+00
 3.99999998e-08]","[0.000289 0.       0.       0.       0.000289 0.       0.       0.
 0.000289]"
1786809885.7727113,-0.012290332987597852,-0.014294075840975973,0.0,0.0,-0.0024580665975195704,-0.0028588151681951945,0.00970885464707181,-0.3260960151207533,1.4547300628275293,0.03499585631007629,1.8378169442487025,1.0847435108089765,-0.49632807765594517,"[0. 0. 0. 0. 0. 0. 0. 0. 0. 0. 0. 0. 0. 0. 0. 0. 0. 0. 0. 0. 0. 0. 0. 0.
 0. 0. 0. 0. 0. 0. 0. 0. 0. 0. 0. 0.]","[0. 0. 0. 0. 0. 0. 0. 0. 0. 0. 0. 0. 0. 0. 0. 0. 0. 0. 0. 0. 0. 0. 0. 0.
 0. 0. 0. 0. 0. 0. 0. 0. 0. 0. 0. 0.]",-0.004255647829389134,-0.00020066122830580675,-0.32607938805135905,0.12876609478936238,-0.015202719879011218,9.810967095021429,"[3.99999998e-08 0.00000000e+00 0.00000000e+00 0.00000000e+00
 3.99999998e-08 0.00000000e+00 0.00000000e+00 0.00000000e+00
 3.99999998e-08]","[0.000289 0.       0.       0.       0.000289 0.       0.       0.
 0.000289]"
1786809885.8199503,-0.012541978116368258,-0.013362236601086076,0.0,0.0,-0.0025083956232736515,-0.0026724473202172153,0.0094256682666749,-0.36343773865875273,1.4546797338017752,0.03518222415805427,1.8311456571113027,1.1666874957372835,-0.5954348735180822,"[0. 0. 0. 0. 0. 0. 0. 0. 0. 0. 0. 0. 0. 0. 0. 0. 0. 0. 0. 0. 0. 0. 0. 0.
 0. 0. 0. 0. 0. 0. 0. 0. 0. 0. 0. 0.]","[0. 0. 0. 0. 0. 0. 0. 0. 0. 0. 0. 0. 0. 0. 0. 0. 0. 0. 0. 0. 0. 0. 0. 0.
 0. 0. 0. 0. 0. 0. 0. 0. 0. 0. 0. 0.]",-0.00448207598924441,-7.918018217690792e-07,-0.3635203245845454,0.09523886178014104,0.025430903864842324,9.77939278677628,"[3.99999998e-08 0.00000000e+00 0.00000000e+00 0.00000000e+00
 3.99999998e-08 0.00000000e+00 0.00000000e+00 0.00000000e+00
 3.99999998e-08]","[0.000289 0.       0.       0.       0.000289 0.       0.       0.
 0.000289]"
1786809885.8656726,-0.012781299580300054,-0.01245056037129523,0.0,0.0,-0.002556259916060011,-0.002490112074259046,0.009163113309007816,-0.3860737129840223,1.4546318695089888,0.03536455940401244,1.8238769023381163,1.213606374172095,-0.6582661736301377,"[0. 0. 0. 0. 0. 0. 0. 0. 0. 0. 0. 0. 0. 0. 0. 0. 0. 0. 0. 0. 0. 0. 0. 0.
 0. 0. 0. 0. 0. 0. 0. 0. 0. 0. 0. 0.]","[0. 0. 0. 0. 0. 0. 0. 0. 0. 0. 0. 0. 0. 0. 0. 0. 0. 0. 0. 0. 0. 0. 0. 0.
 0. 0. 0. 0. 0. 0. 0. 0. 0. 0. 0. 0.]",-0.004751188810435143,-0.00014180410727732113,-0.3861769460779652,0.13408561781231362,-0.023712387759775636,9.780826804497126,"[3.99999998e-08 0.00000000e+00 0.00000000e+00 0.00000000e+00
 3.99999998e-08 0.00000000e+00 0.00000000e+00 0.00000000e+00
 3.99999998e-08]","[0.000289 0.       0.       0.       0.000289 0.       0.       0.
 0.000289]"
1786809885.9158776,-0.01322163807967458,-0.010691073757030344,0.0,0.0,-0.002644327615934916,-0.0021382147514060687,0.00892157598914908,-0.4548533225891385,1.454543801809114,0.035716456726865416,1.80737663775987,1.3730255089759484,-0.8323239338815175,"[0. 0. 0. 0. 0. 0. 0. 0. 0. 0. 0. 0. 0. 0. 0. 0. 0. 0. 0. 0. 0. 0. 0. 0.
 0. 0. 0. 0. 0. 0. 0. 0. 0. 0. 0. 0.]","[0. 0. 0. 0. 0. 0. 0. 0. 0. 0. 0. 0. 0. 0. 0. 0. 0. 0. 0. 0. 0. 0. 0. 0.
 0. 0. 0. 0. 0. 0. 0. 0. 0. 0. 0. 0.]",-0.005417202462862199,-0.00010066202117542287,-0.4550012192265861,0.11007921211751479,-0.02397137168883681,9.763748392458062,"[3.99999998e-08 0.00000000e+00 0.00000000e+00 0.00000000e+00
 3.99999998e-08 0.00000000e+00 0.00000000e+00 0.00000000e+00
 3.99999998e-08]","[0.000289 0.       0.       0.       0.000289 0.       0.       0.
 0.000289]"
1786809885.9681811,-0.01342679376314826,-0.009822827917604048,0.0,0.0,-0.002685358752629652,-0.0019645655835208095,0.008501628837878125,-0.6499591894207128,1.4545027706724192,0.035890105894750675,1.7982795713080706,1.8332837417213765,-1.3180335094974056,"[0. 0. 0. 0. 0. 0. 0. 0. 0. 0. 0. 0. 0. 0. 0. 0. 0. 0. 0. 0. 0. 0. 0. 0.
 0. 0. 0. 0. 0. 0. 0. 0. 0. 0. 0. 0.]","[0. 0. 0. 0. 0. 0. 0. 0. 0. 0. 0. 0. 0. 0. 0. 0. 0. 0. 0. 0. 0. 0. 0. 0.
 0. 0. 0. 0. 0. 0. 0. 0. 0. 0. 0. 0.]",-0.00809876741512626,5.484311026314665e-05,-0.6456183295817535,1.0734610006836083,-0.043180923813114065,9.789271384373679,"[3.99999998e-08 0.00000000e+00 0.00000000e+00 0.00000000e+00
 3.99999998e-08 0.00000000e+00 0.00000000e+00 0.00000000e+00
 3.99999998e-08]","[0.000289 0.       0.       0.       0.000289 0.       0.       0.
 0.000289]"
1786809886.0206513,-0.01342679376314826,-0.009822827917604048,0.0,0.0,-0.002685358752629652,-0.0019645655835208095,0.008318153927659949,-0.7047878151103752,1.4545027706724192,0.035890105894750675,1.7982795713080706,1.9606417920088872,-1.4565112509518237,"[0. 0. 0. 0. 0. 0. 0. 0. 0. 0. 0. 0. 0. 0. 0. 0. 0. 0. 0. 0. 0. 0. 0. 0.
 0. 0. 0. 0. 0. 0. 0. 0. 0. 0. 0. 0.]","[0. 0. 0. 0. 0. 0. 0. 0. 0. 0. 0. 0. 0. 0. 0. 0. 0. 0. 0. 0. 0. 0. 0. 0.
 0. 0. 0. 0. 0. 0. 0. 0. 0. 0. 0. 0.]",-0.008784321892813316,-1.2495181718715453e-05,-0.7048506182533025,0.1379975303673522,0.0323671226416304,9.781617944167778,"[3.99999998e-08 0.00000000e+00 0.00000000e+00 0.00000000e+00
 3.99999998e-08 0.00000000e+00 0.00000000e+00 0.00000000e+00
 3.99999998e-08]","[0.000289 0.       0.       0.       0.000289 0.       0.       0.
 0.000289]"
1786809886.0650892,-0.013610188915148536,-0.009007859705822338,0.0,0.0,-0.002722037783029707,-0.0018015719411644676,0.008318153927659949,-0.5006692186599613,1.4544660916420191,0.03605309953710702,1.7852892872444914,1.4658088309200583,-0.961678289856438,"[0. 0. 0. 0. 0. 0. 0. 0. 0. 0. 0. 0. 0. 0. 0. 0. 0. 0. 0. 0. 0. 0. 0. 0.
 0. 0. 0. 0. 0. 0. 0. 0. 0. 0. 0. 0.]","[0. 0. 0. 0. 0. 0. 0. 0. 0. 0. 0. 0. 0. 0. 0. 0. 0. 0. 0. 0. 0. 0. 0. 0.
 0. 0. 0. 0. 0. 0. 0. 0. 0. 0. 0. 0.]",-0.00626890444840567,-2.841158166798912e-05,-0.5005509119947641,0.1434769097957732,-0.018803170553470316,9.773896145356971,"[3.99999998e-08 0.00000000e+00 0.00000000e+00 0.00000000e+00
 3.99999998e-08 0.00000000e+00 0.00000000e+00 0.00000000e+00
 3.99999998e-08]","[0.000289 0.       0.       0.       0.000289 0.       0.       0.
 0.000289]"
1786809886.1175797,-0.013786170518104157,-0.008177621541857402,0.0,0.0,-0.0027572341036208314,-0.0016355243083714804,0.008160557254039238,-0.5311083486492667,1.454430895321428,0.036219147169900004,1.774531019377609,1.5348250044203742,-1.0402457769103597,"[0. 0. 0. 0. 0. 0. 0. 0. 0. 0. 0. 0. 0. 0. 0. 0. 0. 0. 0. 0. 0. 0. 0. 0.
 0. 0. 0. 0. 0. 0. 0. 0. 0. 0. 0. 0.]","[0. 0. 0. 0. 0. 0. 0. 0. 0. 0. 0. 0. 0. 0. 0. 0. 0. 0. 0. 0. 0. 0. 0. 0.
 0. 0. 0. 0. 0. 0. 0. 0. 0. 0. 0. 0.]",-0.006627295808934579,0.0002628205807402916,-0.5310476218955219,0.10423699359170213,-0.014027641858171538,9.79371472391509,"[3.99999998e-08 0.00000000e+00 0.00000000e+00 0.00000000e+00
 3.99999998e-08 0.00000000e+00 0.00000000e+00 0.00000000e+00
 3.99999998e-08]","[0.000289 0.       0.       0.       0.000289 0.       0.       0.
 0.000289]"
1786809886.1800632,-0.01394607764353073,-0.007382356790730203,0.0,0.0,-0.002789215528706146,-0.0014764713581460406,0.008014549139472764,-0.6119477830497265,1.4543989138963427,0.036378200120125444,1.7634364042855792,1.7263749025243584,-1.2406446516572003,"[0. 0. 0. 0. 0. 0. 0. 0. 0. 0. 0. 0. 0. 0. 0. 0. 0. 0. 0. 0. 0. 0. 0. 0.
 0. 0. 0. 0. 0. 0. 0. 0. 0. 0. 0. 0.]","[0. 0. 0. 0. 0. 0. 0. 0. 0. 0. 0. 0. 0. 0. 0. 0. 0. 0. 0. 0. 0. 0. 0. 0.
 0. 0. 0. 0. 0. 0. 0. 0. 0. 0. 0. 0.]",-0.00784855778926388,-6.411626414209545e-05,-0.6115887889186352,0.13326345709972504,0.007370019682681559,9.818381608311427,"[3.99999998e-08 0.00000000e+00 0.00000000e+00 0.00000000e+00
 3.99999998e-08 0.00000000e+00 0.00000000e+00 0.00000000e+00
 3.99999998e-08]","[0.000289 0.       0.       0.       0.000289 0.       0.       0.
 0.000289]"
1786809886.2226593,-0.014093895391033007,-0.006599101273180273,0.0,0.0,-0.0028187790782066013,-0.0013198202546360546,0.007889744505131772,-0.6234653909457384,1.4543693503468422,0.03653485122363543,1.7511168253875535,1.7505144175950684,-1.272348083961076,"[0. 0. 0. 0. 0. 0. 0. 0. 0. 0. 0. 0. 0. 0. 0. 0. 0. 0. 0. 0. 0. 0. 0. 0.
 0. 0. 0. 0. 0. 0. 0. 0. 0. 0. 0. 0.]","[0. 0. 0. 0. 0. 0. 0. 0. 0. 0. 0. 0. 0. 0. 0. 0. 0. 0. 0. 0. 0. 0. 0. 0.
 0. 0. 0. 0. 0. 0. 0. 0. 0. 0. 0. 0.]",-0.007930835825774179,0.0001212154067131969,-0.6233907369325244,0.12346294506886783,0.0030639100739238163,9.798606026352745,"[3.99999998e-08 0.00000000e+00 0.00000000e+00 0.00000000e+00
 3.99999998e-08 0.00000000e+00 0.00000000e+00 0.00000000e+00
 3.99999998e-08]","[0.000289 0.       0.       0.       0.000289 0.       0.       0.
 0.000289]"
1786809886.2659411,-0.014093895391033007,-0.006599101273180273,0.0,0.0,-0.0028187790782066013,-0.0013198202546360546,0.007781163552243824,-0.6952860762484396,1.4543693503468422,0.03653485122363543,1.7511168253875535,1.921334837008533,-1.4497491671904614,"[0. 0. 0. 0. 0. 0. 0. 0. 0. 0. 0. 0. 0. 0. 0. 0. 0. 0. 0. 0. 0. 0. 0. 0.
 0. 0. 0. 0. 0. 0. 0. 0. 0. 0. 0. 0.]","[0. 0. 0. 0. 0. 0. 0. 0. 0. 0. 0. 0. 0. 0. 0. 0. 0. 0. 0. 0. 0. 0. 0. 0.
 0. 0. 0. 0. 0. 0. 0. 0. 0. 0. 0. 0.]",-0.008492310158201455,-0.00031194402734266983,-0.6954021471394332,0.11006445789907818,0.008934084205160616,9.81446155669507,"[3.99999998e-08 0.00000000e+00 0.00000000e+00 0.00000000e+00
 3.99999998e-08 0.00000000e+00 0.00000000e+00 0.00000000e+00
 3.99999998e-08]","[0.000289 0.       0.       0.       0.000289 0.       0.       0.
 0.000289]"
1786809886.3152618,-0.01423085057209783,-0.0058187836927042075,0.0,0.0,-0.002846170114419566,-0.0011637567385408415,0.007781163552243824,-0.5124383311795682,1.4543419593106293,0.03669091473973064,1.738025685779191,1.4780675771668863,-1.0064819073409241,"[0. 0. 0. 0. 0. 0. 0. 0. 0. 0. 0. 0. 0. 0. 0. 0. 0. 0. 0. 0. 0. 0. 0. 0.
 0. 0. 0. 0. 0. 0. 0. 0. 0. 0. 0. 0.]","[0. 0. 0. 0. 0. 0. 0. 0. 0. 0. 0. 0. 0. 0. 0. 0. 0. 0. 0. 0. 0. 0. 0. 0.
 0. 0. 0. 0. 0. 0. 0. 0. 0. 0. 0. 0.]",-0.006421518417881185,-0.00011790512321259963,-0.512396021800196,0.11231156124241543,0.005500871845588444,9.793642282644594,"[3.99999998e-08 0.00000000e+00 0.00000000e+00 0.00000000e+00
 3.99999998e-08 0.00000000e+00 0.00000000e+00 0.00000000e+00
 3.99999998e-08]","[0.000289 0.       0.       0.       0.000289 0.       0.       0.
 0.000289]"
1786809886.371272,-0.014356033214455444,-0.0050533729346065315,0.0,0.0,-0.0028712066428910887,-0.0010106745869213063,0.007687251649124308,-0.5774791804327992,1.4543169227821577,0.03684399689135018,1.7276635349786664,1.6328965479883755,-1.1670025086563929,"[0. 0. 0. 0. 0. 0. 0. 0. 0. 0. 0. 0. 0. 0. 0. 0. 0. 0. 0. 0. 0. 0. 0. 0.
 0. 0. 0. 0. 0. 0. 0. 0. 0. 0. 0. 0.]","[0. 0. 0. 0. 0. 0. 0. 0. 0. 0. 0. 0. 0. 0. 0. 0. 0. 0. 0. 0. 0. 0. 0. 0.
 0. 0. 0. 0. 0. 0. 0. 0. 0. 0. 0. 0.]",-0.006933022106627556,0.000293511203905528,-0.5774792423691218,0.1193751717013137,-0.00997319307179899,9.825191891244206,"[3.99999998e-08 0.00000000e+00 0.00000000e+00 0.00000000e+00
 3.99999998e-08 0.00000000e+00 0.00000000e+00 0.00000000e+00
 3.99999998e-08]","[0.000289 0.       0.       0.       0.000289 0.       0.       0.
 0.000289]"
1786809886.418353,-0.014470948290666863,-0.004298129955417479,0.0,0.0,-0.0028941896581333726,-0.0008596259910834958,0.007609735009689262,-0.654019125481152,1.4542939397669155,0.03699504548718799,1.7155298164765405,1.8160989408487775,-1.354902879666886,"[0. 0. 0. 0. 0. 0. 0. 0. 0. 0. 0. 0. 0. 0. 0. 0. 0. 0. 0. 0. 0. 0. 0. 0.
 0. 0. 0. 0. 0. 0. 0. 0. 0. 0. 0. 0.]","[0. 0. 0. 0. 0. 0. 0. 0. 0. 0. 0. 0. 0. 0. 0. 0. 0. 0. 0. 0. 0. 0. 0. 0.
 0. 0. 0. 0. 0. 0. 0. 0. 0. 0. 0. 0.]",-0.008228178536785459,0.00021859341001680209,-0.6540230718135597,0.12735568254889923,-0.013334961710948126,9.782611833462084,"[3.99999998e-08 0.00000000e+00 0.00000000e+00 0.00000000e+00
 3.99999998e-08 0.00000000e+00 0.00000000e+00 0.00000000e+00
 3.99999998e-08]","[0.000289 0.       0.       0.       0.000289 0.       0.       0.
 0.000289]"
1786809886.4722705,-0.014574858797600232,-0.003549827706153773,0.0,0.0,-0.0029149717595200464,-0.0007099655412307546,0.007547884894869742,-0.7191327638796409,1.4542731576655288,0.03714470593704073,1.7016848131145546,1.972075939546399,-1.5146283701741332,"[0. 0. 0. 0. 0. 0. 0. 0. 0. 0. 0. 0. 0. 0. 0. 0. 0. 0. 0. 0. 0. 0. 0. 0.
 0. 0. 0. 0. 0. 0. 0. 0. 0. 0. 0. 0.]","[0. 0. 0. 0. 0. 0. 0. 0. 0. 0. 0. 0. 0. 0. 0. 0. 0. 0. 0. 0. 0. 0. 0. 0.
 0. 0. 0. 0. 0. 0. 0. 0. 0. 0. 0. 0.]",-0.008903428800292344,-6.716070955616322e-05,-0.7188029635687468,0.10825365605069646,0.028273071180706807,9.799051875946178,"[3.99999998e-08 0.00000000e+00 0.00000000e+00 0.00000000e+00
 3.99999998e-08 0.00000000e+00 0.00000000e+00 0.00000000e+00
 3.99999998e-08]","[0.000289 0.       0.       0.       0.000289 0.       0.       0.
 0.000289]"
1786809886.5157838,-0.014574858797600232,-0.003549827706153773,0.0,0.0,-0.0029149717595200464,-0.0007099655412307546,0.007500463080926435,-0.7525012669260537,1.4542731576655288,0.03714470593704073,1.7016848131145546,2.0515322555993887,-1.5969587355583292,"[0. 0. 0. 0. 0. 0. 0. 0. 0. 0. 0. 0. 0. 0. 0. 0. 0. 0. 0. 0. 0. 0. 0. 0.
 0. 0. 0. 0. 0. 0. 0. 0. 0. 0. 0. 0.]","[0. 0. 0. 0. 0. 0. 0. 0. 0. 0. 0. 0. 0. 0. 0. 0. 0. 0. 0. 0. 0. 0. 0. 0.
 0. 0. 0. 0. 0. 0. 0. 0. 0. 0. 0. 0.]",-0.00961096735684731,-0.00025253291363553564,-0.7524142578823609,0.11774219837282367,0.015282470478998899,9.824189013577966,"[3.99999998e-08 0.00000000e+00 0.00000000e+00 0.00000000e+00
 3.99999998e-08 0.00000000e+00 0.00000000e+00 0.00000000e+00
 3.99999998e-08]","[0.000289 0.       0.       0.       0.000289 0.       0.       0.
 0.000289]"
1786809886.565388,-0.014668827888676406,-0.002792596508376724,0.0,0.0,-0.002933765577735281,-0.0005585193016753448,0.007500463080926435,-0.5781103385512794,1.4542543638473135,0.03729615217659614,1.687264554509922,1.6287663686332325,-1.1741928485859887,"[0. 0. 0. 0. 0. 0. 0. 0. 0. 0. 0. 0. 0. 0. 0. 0. 0. 0. 0. 0. 0. 0. 0. 0.
 0. 0. 0. 0. 0. 0. 0. 0. 0. 0. 0. 0.]","[0. 0. 0. 0. 0. 0. 0. 0. 0. 0. 0. 0. 0. 0. 0. 0. 0. 0. 0. 0. 0. 0. 0. 0.
 0. 0. 0. 0. 0. 0. 0. 0. 0. 0. 0. 0.]",-0.007167687035060194,7.936788749628903e-05,-0.5782095998649697,0.12069684871860593,0.008423144843436904,9.789336792899613,"[3.99999998e-08 0.00000000e+00 0.00000000e+00 0.00000000e+00
 3.99999998e-08 0.00000000e+00 0.00000000e+00 0.00000000e+00
 3.99999998e-08]","[0.000289 0.       0.       0.       0.000289 0.       0.       0.
 0.000289]"
1786809886.616129,-0.014751314734353649,-0.002050051841892657,0.0,0.0,-0.0029502629468707298,-0.0004100103683785314,0.007466142023933923,-0.6628956385986476,1.454237866478178,0.03744466110989295,1.6752300085864824,1.8332664579286604,-1.3807730019443754,"[0. 0. 0. 0. 0. 0. 0. 0. 0. 0. 0. 0. 0. 0. 0. 0. 0. 0. 0. 0. 0. 0. 0. 0.
 0. 0. 0. 0. 0. 0. 0. 0. 0. 0. 0. 0.]","[0. 0. 0. 0. 0. 0. 0. 0. 0. 0. 0. 0. 0. 0. 0. 0. 0. 0. 0. 0. 0. 0. 0. 0.
 0. 0. 0. 0. 0. 0. 0. 0. 0. 0. 0. 0.]",-0.008162290400509649,0.00019349625665590855,-0.6627988526321748,0.09717350154624518,-0.0046035372333052054,9.816732465252322,"[3.99999998e-08 0.00000000e+00 0.00000000e+00 0.00000000e+00
 3.99999998e-08 0.00000000e+00 0.00000000e+00 0.00000000e+00
 3.99999998e-08]","[0.000289 0.       0.       0.       0.000289 0.       0.       0.
 0.000289]"
1786809886.6656883,-0.014824103768406038,-0.0013078999336485486,0.0,0.0,-0.0029648207536812077,-0.0002615799867297097,0.007446542804322126,-0.7120417823586436,1.4542233086713676,0.037593091491541775,1.6616779883046326,1.9518147088728761,-1.5005090843820144,"[0. 0. 0. 0. 0. 0. 0. 0. 0. 0. 0. 0. 0. 0. 0. 0. 0. 0. 0. 0. 0. 0. 0. 0.
 0. 0. 0. 0. 0. 0. 0. 0. 0. 0. 0. 0.]","[0. 0. 0. 0. 0. 0. 0. 0. 0. 0. 0. 0. 0. 0. 0. 0. 0. 0. 0. 0. 0. 0. 0. 0.
 0. 0. 0. 0. 0. 0. 0. 0. 0. 0. 0. 0.]",-0.00858890017962266,0.00015693916746855913,-0.7118467720364415,0.10611314661921512,0.009215438493052105,9.809302256674098,"[3.99999998e-08 0.00000000e+00 0.00000000e+00 0.00000000e+00
 3.99999998e-08 0.00000000e+00 0.00000000e+00 0.00000000e+00
 3.99999998e-08]","[0.000289 0.       0.       0.       0.000289 0.       0.       0.
 0.000289]"
1786809886.7182949,-0.014824103768406038,-0.0013078999336485486,0.0,0.0,-0.0029648207536812077,-0.0002615799867297097,0.0074408442863177155,-0.7948999306258817,1.4542233086713676,0.037593091491541775,1.6616779883046326,1.9518147088728799,-1.5005090843820172,"[0. 0. 0. 0. 0. 0. 0. 0. 0. 0. 0. 0. 0. 0. 0. 0. 0. 0. 0. 0. 0. 0. 0. 0.
 0. 0. 0. 0. 0. 0. 0. 0. 0. 0. 0. 0.]","[0. 0. 0. 0. 0. 0. 0. 0. 0. 0. 0. 0. 0. 0. 0. 0. 0. 0. 0. 0. 0. 0. 0. 0.
 0. 0. 0. 0. 0. 0. 0. 0. 0. 0. 0. 0.]",-0.008601450066160206,6.454085809374333e-05,-0.7119184972985888,0.11227782540519336,0.0028230208332590077,9.76396800571933,"[3.99999998e-08 0.00000000e+00 0.00000000e+00 0.00000000e+00
 3.99999998e-08 0.00000000e+00 0.00000000e+00 0.00000000e+00
 3.99999998e-08]","[0.000289 0.       0.       0.       0.000289 0.       0.       0.
 0.000289]"
1786809886.7649732,-0.014887054552259471,-0.0005565779631674234,0.0,0.0,-0.002977410910451894,-0.00011131559263348467,0.0074408442863177155,-0.6271199382456137,1.454210718514597,0.037743355885638,1.647606908391462,1.7457708892669612,-1.2948106295006105,"[0. 0. 0. 0. 0. 0. 0. 0. 0. 0. 0. 0. 0. 0. 0. 0. 0. 0. 0. 0. 0. 0. 0. 0.
 0. 0. 0. 0. 0. 0. 0. 0. 0. 0. 0. 0.]","[0. 0. 0. 0. 0. 0. 0. 0. 0. 0. 0. 0. 0. 0. 0. 0. 0. 0. 0. 0. 0. 0. 0. 0.
 0. 0. 0. 0. 0. 0. 0. 0. 0. 0. 0. 0.]",-0.007820109215371353,0.00014634017950615426,-0.6270104063913005,0.1400279827899814,-0.013118176065074934,9.766627701209856,"[3.99999998e-08 0.00000000e+00 0.00000000e+00 0.00000000e+00
 3.99999998e-08 0.00000000e+00 0.00000000e+00 0.00000000e+00
 3.99999998e-08]","[0.000289 0.       0.       0.       0.000289 0.       0.       0.
 0.000289]"
1786809886.8154945,-0.014939315497285444,0.0001832456393568646,0.0,0.0,-0.0029878630994570887,3.664912787137292e-05,0.0074487276140128966,-0.7244035637300433,1.4542002663255917,0.03789132060614286,1.6347253196576528,1.9818488700668448,-1.530410832867924,"[0. 0. 0. 0. 0. 0. 0. 0. 0. 0. 0. 0. 0. 0. 0. 0. 0. 0. 0. 0. 0. 0. 0. 0.
 0. 0. 0. 0. 0. 0. 0. 0. 0. 0. 0. 0.]","[0. 0. 0. 0. 0. 0. 0. 0. 0. 0. 0. 0. 0. 0. 0. 0. 0. 0. 0. 0. 0. 0. 0. 0.
 0. 0. 0. 0. 0. 0. 0. 0. 0. 0. 0. 0.]",-0.009176404452355914,9.01856148411665e-05,-0.7240078191440151,0.12393419097703086,-0.00853008320288591,9.775594288726277,"[3.99999998e-08 0.00000000e+00 0.00000000e+00 0.00000000e+00
 3.99999998e-08 0.00000000e+00 0.00000000e+00 0.00000000e+00
 3.99999998e-08]","[0.000289 0.       0.       0.       0.000289 0.       0.       0.
 0.000289]"
1786809886.8676531,-0.014981398609976715,0.0009252555589629383,0.0,0.0,-0.002996279721995343,0.00018505111179258765,0.007470219650247513,-0.7930528017064534,1.4541856979425984,0.038188998711844634,1.6040531057930587,2.148922538985278,-1.69618195413855,"[0. 0. 0. 0. 0. 0. 0. 0. 0. 0. 0. 0. 0. 0. 0. 0. 0. 0. 0. 0. 0. 0. 0. 0.
 0. 0. 0. 0. 0. 0. 0. 0. 0. 0. 0. 0.]","[0. 0. 0. 0. 0. 0. 0. 0. 0. 0. 0. 0. 0. 0. 0. 0. 0. 0. 0. 0. 0. 0. 0. 0.
 0. 0. 0. 0. 0. 0. 0. 0. 0. 0. 0. 0.]",-0.010257934727475345,0.00014896465512174257,-0.7929224023670409,0.10956181882662656,-0.010603212445099559,9.807945113993181,"[3.99999998e-08 0.00000000e+00 0.00000000e+00 0.00000000e+00
 3.99999998e-08 0.00000000e+00 0.00000000e+00 0.00000000e+00
 3.99999998e-08]","[0.000289 0.       0.       0.       0.000289 0.       0.       0.
 0.000289]"
1786809886.9154985,-0.015027844137671664,0.0023672051487359444,0.0,0.0,-0.003005568827534333,0.0004734410297471889,0.0075524704178160686,-1.110708929066605,1.4541825605975145,0.03832811250801867,1.5829375316332626,2.9214904467471636,-2.4637649669123936,"[0. 0. 0. 0. 0. 0. 0. 0. 0. 0. 0. 0. 0. 0. 0. 0. 0. 0. 0. 0. 0. 0. 0. 0.
 0. 0. 0. 0. 0. 0. 0. 0. 0. 0. 0. 0.]","[0. 0. 0. 0. 0. 0. 0. 0. 0. 0. 0. 0. 0. 0. 0. 0. 0. 0. 0. 0. 0. 0. 0. 0.
 0. 0. 0. 0. 0. 0. 0. 0. 0. 0. 0. 0.]",-0.014277436829335305,-0.00021562302406282483,-1.110903863862742,0.14044308287403717,-0.023531097251245126,9.79094025090467,"[3.99999998e-08 0.00000000e+00 0.00000000e+00 0.00000000e+00
 3.99999998e-08 0.00000000e+00 0.00000000e+00 0.00000000e+00
 3.99999998e-08]","[0.000289 0.       0.       0.       0.000289 0.       0.       0.
 0.000289]"
1786809886.966241,-0.015027844137671664,0.0023672051487359444,0.0,0.0,-0.003005568827534333,0.0004734410297471889,0.007606572152460571,-1.0993250401821921,1.4541825605975145,0.03832811250801867,1.5829375316332626,2.895532586865642,-2.4345282140214426,"[0. 0. 0. 0. 0. 0. 0. 0. 0. 0. 0. 0. 0. 0. 0. 0. 0. 0. 0. 0. 0. 0. 0. 0.
 0. 0. 0. 0. 0. 0. 0. 0. 0. 0. 0. 0.]","[0. 0. 0. 0. 0. 0. 0. 0. 0. 0. 0. 0. 0. 0. 0. 0. 0. 0. 0. 0. 0. 0. 0. 0.
 0. 0. 0. 0. 0. 0. 0. 0. 0. 0. 0. 0.]",-0.013615172173326352,0.00019138482523745832,-1.0993949960951637,0.14069771533955597,-0.02443280787604757,9.81349606888874,"[3.99999998e-08 0.00000000e+00 0.00000000e+00 0.00000000e+00
 3.99999998e-08 0.00000000e+00 0.00000000e+00 0.00000000e+00
 3.99999998e-08]","[0.000289 0.       0.       0.       0.000289 0.       0.       0.
 0.000289]"
1786809887.0156138,-0.015028675413605308,0.0031267645632657506,0.0,0.0,-0.0030057350827210616,0.0006253529126531501,0.007606572152460571,-0.8950837798535333,1.4541823943423278,0.038480024390924635,1.5609054952560262,2.400402258800907,-1.939397885945852,"[0. 0. 0. 0. 0. 0. 0. 0. 0. 0. 0. 0. 0. 0. 0. 0. 0. 0. 0. 0. 0. 0. 0. 0.
 0. 0. 0. 0. 0. 0. 0. 0. 0. 0. 0. 0.]","[0. 0. 0. 0. 0. 0. 0. 0. 0. 0. 0. 0. 0. 0. 0. 0. 0. 0. 0. 0. 0. 0. 0. 0.
 0. 0. 0. 0. 0. 0. 0. 0. 0. 0. 0. 0.]",-0.011192580417534629,5.641224071640778e-05,-0.8951114989589792,0.12733936780665855,-0.005641113725522796,9.821687285968808,"[3.99999998e-08 0.00000000e+00 0.00000000e+00 0.00000000e+00
 3.99999998e-08 0.00000000e+00 0.00000000e+00 0.00000000e+00
 3.99999998e-08]","[0.000289 0.       0.       0.       0.000289 0.       0.       0.
 0.000289]"
1786809887.0666056,-0.015028675413605308,0.0031267645632657506,0.0,0.0,-0.0030057350827210616,0.0006253529126531501,0.0076752482259793905,-0.959262532833278,1.4541823943423278,0.038480024390924635,1.5609054952560262,2.5580680435533982,-2.0929014867270888,"[0. 0. 0. 0. 0. 0. 0. 0. 0. 0. 0. 0. 0. 0. 0. 0. 0. 0. 0. 0. 0. 0. 0. 0.
 0. 0. 0. 0. 0. 0. 0. 0. 0. 0. 0. 0.]","[0. 0. 0. 0. 0. 0. 0. 0. 0. 0. 0. 0. 0. 0. 0. 0. 0. 0. 0. 0. 0. 0. 0. 0.
 0. 0. 0. 0. 0. 0. 0. 0. 0. 0. 0. 0.]",-0.011525232186751225,0.00011004660034408709,-0.8949422476306929,0.12547716327506067,-0.028859427153924814,9.801094549047708,"[3.99999998e-08 0.00000000e+00 0.00000000e+00 0.00000000e+00
 3.99999998e-08 0.00000000e+00 0.00000000e+00 0.00000000e+00
 3.99999998e-08]","[0.000289 0.       0.       0.       0.000289 0.       0.       0.
 0.000289]"
1786809887.1153913,-0.015014997015911913,0.003812287002796441,0.0,0.0,-0.0030029994031823826,0.0007624574005592882,0.0076752482259793905,-0.7879227191499086,1.4541851300218664,0.03861712887883077,1.542351955577107,2.1426989623554853,-1.6775324032217585,"[0. 0. 0. 0. 0. 0. 0. 0. 0. 0. 0. 0. 0. 0. 0. 0. 0. 0. 0. 0. 0. 0. 0. 0.
 0. 0. 0. 0. 0. 0. 0. 0. 0. 0. 0. 0.]","[0. 0. 0. 0. 0. 0. 0. 0. 0. 0. 0. 0. 0. 0. 0. 0. 0. 0. 0. 0. 0. 0. 0. 0.
 0. 0. 0. 0. 0. 0. 0. 0. 0. 0. 0. 0.]",-0.009600726323802851,-0.00012972202420994948,-0.7878634595269063,0.14828653261441982,-0.00430615129529388,9.829244929333958,"[3.99999998e-08 0.00000000e+00 0.00000000e+00 0.00000000e+00
 3.99999998e-08 0.00000000e+00 0.00000000e+00 0.00000000e+00
 3.99999998e-08]","[0.000289 0.       0.       0.       0.000289 0.       0.       0.
 0.000289]"
1786809887.1656222,-0.014987913025312771,0.004547622788414543,0.0,0.0,-0.0029975826050625543,0.0009095245576829086,0.0077457031246287505,-0.7980332247576329,1.4541905468199863,0.03876419603595439,1.5263429536366377,2.1693442759088537,-1.6999077229180188,"[0. 0. 0. 0. 0. 0. 0. 0. 0. 0. 0. 0. 0. 0. 0. 0. 0. 0. 0. 0. 0. 0. 0. 0.
 0. 0. 0. 0. 0. 0. 0. 0. 0. 0. 0. 0.]","[0. 0. 0. 0. 0. 0. 0. 0. 0. 0. 0. 0. 0. 0. 0. 0. 0. 0. 0. 0. 0. 0. 0. 0.
 0. 0. 0. 0. 0. 0. 0. 0. 0. 0. 0. 0.]",-0.009862283178454515,0.00016579238410184972,-0.7981664057142066,0.12257496173357735,-0.005455332124002912,9.79207575222817,"[3.99999998e-08 0.00000000e+00 0.00000000e+00 0.00000000e+00
 3.99999998e-08 0.00000000e+00 0.00000000e+00 0.00000000e+00
 3.99999998e-08]","[0.000289 0.       0.       0.       0.000289 0.       0.       0.
 0.000289]"
1786809887.215896,-0.014987913025312771,0.004547622788414543,0.0,0.0,-0.0029975826050625543,0.0009095245576829086,0.0078313218852255,-0.8746472735730517,1.4541905468199863,0.03876419603595439,1.5263429536366377,2.357669694168099,-1.8830441230516768,"[0. 0. 0. 0. 0. 0. 0. 0. 0. 0. 0. 0. 0. 0. 0. 0. 0. 0. 0. 0. 0. 0. 0. 0.
 0. 0. 0. 0. 0. 0. 0. 0. 0. 0. 0. 0.]","[0. 0. 0. 0. 0. 0. 0. 0. 0. 0. 0. 0. 0. 0. 0. 0. 0. 0. 0. 0. 0. 0. 0. 0.
 0. 0. 0. 0. 0. 0. 0. 0. 0. 0. 0. 0.]",-0.01018565781274976,-0.00011887752443026405,-0.7976155974161545,0.11823043989164508,0.00014682122370347078,9.815405295187233,"[3.99999998e-08 0.00000000e+00 0.00000000e+00 0.00000000e+00
 3.99999998e-08 0.00000000e+00 0.00000000e+00 0.00000000e+00
 3.99999998e-08]","[0.000289 0.       0.       0.       0.000289 0.       0.       0.
 0.000289]"
1786809887.2650871,-0.014894174758940393,0.006088591373134139,0.0,0.0,-0.0029788349517880786,0.0012177182746268278,0.0078313218852255,-0.7291769039241848,1.4542092944732607,0.03907238975289831,1.493633645600844,2.005014369665124,-1.5303888008777453,"[0. 0. 0. 0. 0. 0. 0. 0. 0. 0. 0. 0. 0. 0. 0. 0. 0. 0. 0. 0. 0. 0. 0. 0.
 0. 0. 0. 0. 0. 0. 0. 0. 0. 0. 0. 0.]","[0. 0. 0. 0. 0. 0. 0. 0. 0. 0. 0. 0. 0. 0. 0. 0. 0. 0. 0. 0. 0. 0. 0. 0.
 0. 0. 0. 0. 0. 0. 0. 0. 0. 0. 0. 0.]",-0.009181400976168111,1.3542856496413225e-05,-0.7295058607224494,0.13565081561545747,-0.011869761539486007,9.754213648628914,"[3.99999998e-08 0.00000000e+00 0.00000000e+00 0.00000000e+00
 3.99999998e-08 0.00000000e+00 0.00000000e+00 0.00000000e+00
 3.99999998e-08]","[0.000289 0.       0.       0.       0.000289 0.       0.       0.
 0.000289]"
1786809887.3152723,-0.014894174758940393,0.006088591373134139,0.0,0.0,-0.0029788349517880786,0.0012177182746268278,0.00804529966282892,-1.016421165142825,1.4542092944732607,0.03907238975289831,1.493633645600844,2.707848248707691,-2.2202543294199706,"[0. 0. 0. 0. 0. 0. 0. 0. 0. 0. 0. 0. 0. 0. 0. 0. 0. 0. 0. 0. 0. 0. 0. 0.
 0. 0. 0. 0. 0. 0. 0. 0. 0. 0. 0. 0.]","[0. 0. 0. 0. 0. 0. 0. 0. 0. 0. 0. 0. 0. 0. 0. 0. 0. 0. 0. 0. 0. 0. 0. 0.
 0. 0. 0. 0. 0. 0. 0. 0. 0. 0. 0. 0.]",-0.012485574217038387,-0.00036170116163625,-1.011325752186255,-3.2093714462592295,-0.03367462252976147,9.838496903388842,"[3.99999998e-08 0.00000000e+00 0.00000000e+00 0.00000000e+00
 3.99999998e-08 0.00000000e+00 0.00000000e+00 0.00000000e+00
 3.99999998e-08]","[0.000289 0.       0.       0.       0.000289 0.       0.       0.
 0.000289]"
1786809887.36634,-0.014831469923238805,0.006821268090714365,0.0,0.0,-0.002966293984647761,0.001364253618142873,0.00804529966282892,-0.8519430338491523,1.454221835440401,0.03921892509641436,1.4760392599519656,2.3091134051808795,-1.8215194862408541,"[0. 0. 0. 0. 0. 0. 0. 0. 0. 0. 0. 0. 0. 0. 0. 0. 0. 0. 0. 0. 0. 0. 0. 0.
 0. 0. 0. 0. 0. 0. 0. 0. 0. 0. 0. 0.]","[0. 0. 0. 0. 0. 0. 0. 0. 0. 0. 0. 0. 0. 0. 0. 0. 0. 0. 0. 0. 0. 0. 0. 0.
 0. 0. 0. 0. 0. 0. 0. 0. 0. 0. 0. 0.]",-0.01094227596098529,-0.0002347814773594303,-0.8729246482469475,0.08025747298451959,0.0037284495781215723,9.819973243730802,"[3.99999998e-08 0.00000000e+00 0.00000000e+00 0.00000000e+00
 3.99999998e-08 0.00000000e+00 0.00000000e+00 0.00000000e+00
 3.99999998e-08]","[0.000289 0.       0.       0.       0.000289 0.       0.       0.
 0.000289]"
1786809887.4215288,-0.014747175341128793,0.007631374838154327,0.0,0.0,-0.0029494350682257586,0.0015262749676308654,0.00816244752585484,-0.9195707954187753,1.454238694356823,0.03938094644590235,1.4583508408281889,2.476609429060953,-1.9819156396377378,"[0. 0. 0. 0. 0. 0. 0. 0. 0. 0. 0. 0. 0. 0. 0. 0. 0. 0. 0. 0. 0. 0. 0. 0.
 0. 0. 0. 0. 0. 0. 0. 0. 0. 0. 0. 0.]","[0. 0. 0. 0. 0. 0. 0. 0. 0. 0. 0. 0. 0. 0. 0. 0. 0. 0. 0. 0. 0. 0. 0. 0.
 0. 0. 0. 0. 0. 0. 0. 0. 0. 0. 0. 0.]",-0.011730137263678076,0.0001528990317147284,-0.9195901085289521,0.12546372584142995,-0.01688010285275034,9.791673439006182,"[3.99999998e-08 0.00000000e+00 0.00000000e+00 0.00000000e+00
 3.99999998e-08 0.00000000e+00 0.00000000e+00 0.00000000e+00
 3.99999998e-08]","[0.000289 0.       0.       0.       0.000289 0.       0.       0.
 0.000289]"
1786809887.4662733,-0.014647941885062021,0.008442900093006377,0.0,0.0,-0.0029295883770124043,0.0016885800186012753,0.008302365061571493,-0.9716013625131484,1.4542585410480364,0.03954325149687276,1.4397549565555992,2.6069840624919554,-2.103810422421872,"[0. 0. 0. 0. 0. 0. 0. 0. 0. 0. 0. 0. 0. 0. 0. 0. 0. 0. 0. 0. 0. 0. 0. 0.
 0. 0. 0. 0. 0. 0. 0. 0. 0. 0. 0. 0.]","[0. 0. 0. 0. 0. 0. 0. 0. 0. 0. 0. 0. 0. 0. 0. 0. 0. 0. 0. 0. 0. 0. 0. 0.
 0. 0. 0. 0. 0. 0. 0. 0. 0. 0. 0. 0.]",-0.012139494840284759,-0.00017274561989331723,-0.971541828312676,0.10838171278230298,-0.031798471231290044,9.792283242799932,"[3.99999998e-08 0.00000000e+00 0.00000000e+00 0.00000000e+00
 3.99999998e-08 0.00000000e+00 0.00000000e+00 0.00000000e+00
 3.99999998e-08]","[0.000289 0.       0.       0.       0.000289 0.       0.       0.
 0.000289]"
1786809887.523405,-0.014531357342095763,0.009265570694659449,0.0,0.0,-0.0029062714684191526,0.0018531141389318898,0.00845347211873088,-1.0239494156490463,1.4542818579566297,0.039707785617203374,1.4201698840282924,2.738467435461107,-2.2261357919296,"[0. 0. 0. 0. 0. 0. 0. 0. 0. 0. 0. 0. 0. 0. 0. 0. 0. 0. 0. 0. 0. 0. 0. 0.
 0. 0. 0. 0. 0. 0. 0. 0. 0. 0. 0. 0.]","[0. 0. 0. 0. 0. 0. 0. 0. 0. 0. 0. 0. 0. 0. 0. 0. 0. 0. 0. 0. 0. 0. 0. 0.
 0. 0. 0. 0. 0. 0. 0. 0. 0. 0. 0. 0.]",-0.01260486328077181,-0.00027444200522727804,-1.0239698752309032,0.10088379419257351,-0.01377922577551817,9.801333537163204,"[3.99999998e-08 0.00000000e+00 0.00000000e+00 0.00000000e+00
 3.99999998e-08 0.00000000e+00 0.00000000e+00 0.00000000e+00
 3.99999998e-08]","[0.000289 0.       0.       0.       0.000289 0.       0.       0.
 0.000289]"
1786809887.5708628,-0.014531357342095763,0.009265570694659449,0.0,0.0,-0.0029062714684191526,0.0018531141389318898,0.008617005664693108,-1.0851575490957537,1.4542818579566297,0.039707785617203374,1.4201698840282924,2.8918063512685332,-2.369563583742757,"[0. 0. 0. 0. 0. 0. 0. 0. 0. 0. 0. 0. 0. 0. 0. 0. 0. 0. 0. 0. 0. 0. 0. 0.
 0. 0. 0. 0. 0. 0. 0. 0. 0. 0. 0. 0.]","[0. 0. 0. 0. 0. 0. 0. 0. 0. 0. 0. 0. 0. 0. 0. 0. 0. 0. 0. 0. 0. 0. 0. 0.
 0. 0. 0. 0. 0. 0. 0. 0. 0. 0. 0. 0.]",-0.013357994743045588,-9.626665505754933e-05,-1.0849000261009194,0.10878018471130496,0.006175072560731978,9.801063810530925,"[3.99999998e-08 0.00000000e+00 0.00000000e+00 0.00000000e+00
 3.99999998e-08 0.00000000e+00 0.00000000e+00 0.00000000e+00
 3.99999998e-08]","[0.000289 0.       0.       0.       0.000289 0.       0.       0.
 0.000289]"
1786809887.6287155,-0.01439511848804198,0.010104294717943711,0.0,0.0,-0.002879023697608396,0.0020208589435887422,0.008617005664693108,-0.9248887574985918,1.4543091057274404,0.03987553042186023,1.3991528584447617,2.5032759474009376,-1.981033179866571,"[0. 0. 0. 0. 0. 0. 0. 0. 0. 0. 0. 0. 0. 0. 0. 0. 0. 0. 0. 0. 0. 0. 0. 0.
 0. 0. 0. 0. 0. 0. 0. 0. 0. 0. 0. 0.]","[0. 0. 0. 0. 0. 0. 0. 0. 0. 0. 0. 0. 0. 0. 0. 0. 0. 0. 0. 0. 0. 0. 0. 0.
 0. 0. 0. 0. 0. 0. 0. 0. 0. 0. 0. 0.]",-0.011222644693258246,-3.359952948268393e-05,-0.9250462091790952,0.13059369268335153,-0.027332338535063554,9.796133313126331,"[3.99999998e-08 0.00000000e+00 0.00000000e+00 0.00000000e+00
 3.99999998e-08 0.00000000e+00 0.00000000e+00 0.00000000e+00
 3.99999998e-08]","[0.000289 0.       0.       0.       0.000289 0.       0.       0.
 0.000289]"
1786809887.666196,-0.014237583090966899,0.010963050403813186,0.0,0.0,-0.0028475166181933798,0.0021926100807626372,0.008793693877316761,-0.9660926686285094,1.4543406128068554,0.04004728155903412,1.3799820764088586,2.6085184033767783,-2.075567259325699,"[0. 0. 0. 0. 0. 0. 0. 0. 0. 0. 0. 0. 0. 0. 0. 0. 0. 0. 0. 0. 0. 0. 0. 0.
 0. 0. 0. 0. 0. 0. 0. 0. 0. 0. 0. 0.]","[0. 0. 0. 0. 0. 0. 0. 0. 0. 0. 0. 0. 0. 0. 0. 0. 0. 0. 0. 0. 0. 0. 0. 0.
 0. 0. 0. 0. 0. 0. 0. 0. 0. 0. 0. 0.]",-0.011323222648388235,-0.00011920684151042864,-0.9252364784137441,0.12089385235185462,-0.017402421364940288,9.802424202410991,"[3.99999998e-08 0.00000000e+00 0.00000000e+00 0.00000000e+00
 3.99999998e-08 0.00000000e+00 0.00000000e+00 0.00000000e+00
 3.99999998e-08]","[0.000289 0.       0.       0.       0.000289 0.       0.       0.
 0.000289]"
1786809887.7183082,-0.014237583090966899,0.010963050403813186,0.0,0.0,-0.0028475166181933798,0.0021926100807626372,0.008984670923700196,-1.0590933761208419,1.4543755899789799,0.040219426402275237,1.3604153127626604,2.83976184887599,-2.295236338378592,"[0. 0. 0. 0. 0. 0. 0. 0. 0. 0. 0. 0. 0. 0. 0. 0. 0. 0. 0. 0. 0. 0. 0. 0.
 0. 0. 0. 0. 0. 0. 0. 0. 0. 0. 0. 0.]","[0. 0. 0. 0. 0. 0. 0. 0. 0. 0. 0. 0. 0. 0. 0. 0. 0. 0. 0. 0. 0. 0. 0. 0.
 0. 0. 0. 0. 0. 0. 0. 0. 0. 0. 0. 0.]",-0.013292241861583546,-0.00040962245499495816,-1.0590513397629793,0.134637256950709,-0.019575238317002402,9.80255396202111,"[3.99999998e-08 0.00000000e+00 0.00000000e+00 0.00000000e+00
 3.99999998e-08 0.00000000e+00 0.00000000e+00 0.00000000e+00
 3.99999998e-08]","[0.000289 0.       0.       0.       0.000289 0.       0.       0.
 0.000289]"
1786809887.7662406,-0.013864632621048978,0.012706963529288719,0.0,0.0,-0.0027729265242097956,0.0025413927058577437,0.008984670923700196,-0.9128930640010762,1.454415202900839,0.04039606418412923,1.3406913073394884,2.485336849801497,-1.94081133929642,"[0. 0. 0. 0. 0. 0. 0. 0. 0. 0. 0. 0. 0. 0. 0. 0. 0. 0. 0. 0. 0. 0. 0. 0.
 0. 0. 0. 0. 0. 0. 0. 0. 0. 0. 0. 0.]","[0. 0. 0. 0. 0. 0. 0. 0. 0. 0. 0. 0. 0. 0. 0. 0. 0. 0. 0. 0. 0. 0. 0. 0.
 0. 0. 0. 0. 0. 0. 0. 0. 0. 0. 0. 0.]",-0.011548170949572962,-0.00010697954525252322,-0.9127363571950063,0.12043886042147331,-0.014491086110216492,9.793947551486326,"[3.99999998e-08 0.00000000e+00 0.00000000e+00 0.00000000e+00
 3.99999998e-08 0.00000000e+00 0.00000000e+00 0.00000000e+00
 3.99999998e-08]","[0.000289 0.       0.       0.       0.000289 0.       0.       0.
 0.000289]"
1786809887.8172154,-0.013653768296504332,0.013569843890859357,0.0,0.0,-0.0027307536593008663,0.0027139687781718713,0.009403389812340669,-1.1553994207426845,1.454457375765748,0.040568640256443356,1.3205017753117763,3.0859194991274914,-2.5160170862939317,"[0. 0. 0. 0. 0. 0. 0. 0. 0. 0. 0. 0. 0. 0. 0. 0. 0. 0. 0. 0. 0. 0. 0. 0.
 0. 0. 0. 0. 0. 0. 0. 0. 0. 0. 0. 0.]","[0. 0. 0. 0. 0. 0. 0. 0. 0. 0. 0. 0. 0. 0. 0. 0. 0. 0. 0. 0. 0. 0. 0. 0.
 0. 0. 0. 0. 0. 0. 0. 0. 0. 0. 0. 0.]",-0.014153979743025196,-5.702915021970263e-05,-1.1555922608320472,0.16788555566991462,-0.030624718693374374,9.80559970289687,"[3.99999998e-08 0.00000000e+00 0.00000000e+00 0.00000000e+00
 3.99999998e-08 0.00000000e+00 0.00000000e+00 0.00000000e+00
 3.99999998e-08]","[0.000289 0.       0.       0.       0.000289 0.       0.       0.
 0.000289]"
1786809887.8662145,-0.01340734834984425,0.014488777659431469,0.0,0.0,-0.00268146966996885,0.002897755531886294,0.009625046128680629,-1.1865843896758062,1.45450665975508,0.04075242701015778,1.2970819372570088,3.1682362818839174,-2.584900152910488,"[0. 0. 0. 0. 0. 0. 0. 0. 0. 0. 0. 0. 0. 0. 0. 0. 0. 0. 0. 0. 0. 0. 0. 0.
 0. 0. 0. 0. 0. 0. 0. 0. 0. 0. 0. 0.]","[0. 0. 0. 0. 0. 0. 0. 0. 0. 0. 0. 0. 0. 0. 0. 0. 0. 0. 0. 0. 0. 0. 0. 0.
 0. 0. 0. 0. 0. 0. 0. 0. 0. 0. 0. 0.]",-0.014602716644991095,0.00015674324575630624,-1.18635061289568,0.08820904544378115,-0.023611311679634973,9.82952749925438,"[3.99999998e-08 0.00000000e+00 0.00000000e+00 0.00000000e+00
 3.99999998e-08 0.00000000e+00 0.00000000e+00 0.00000000e+00
 3.99999998e-08]","[0.000289 0.       0.       0.       0.000289 0.       0.       0.
 0.000289]"
1786809887.9156282,-0.012833765287526555,0.016356940200995262,0.0,0.0,-0.0026269523745390266,0.0030833926987089977,0.009870178162506894,-1.2285783775468506,1.4546213763675435,0.04112605951847054,1.2486107060276244,3.2774681322921446,-2.679275516422856,"[0. 0. 0. 0. 0. 0. 0. 0. 0. 0. 0. 0. 0. 0. 0. 0. 0. 0. 0. 0. 0. 0. 0. 0.
 0. 0. 0. 0. 0. 0. 0. 0. 0. 0. 0. 0.]","[0. 0. 0. 0. 0. 0. 0. 0. 0. 0. 0. 0. 0. 0. 0. 0. 0. 0. 0. 0. 0. 0. 0. 0.
 0. 0. 0. 0. 0. 0. 0. 0. 0. 0. 0. 0.]",-0.015409582126437785,0.00016274381937559943,-1.2283130354669027,0.1228110370569655,-0.050879895574212186,9.821920802641037,"[3.99999998e-08 0.00000000e+00 0.00000000e+00 0.00000000e+00
 3.99999998e-08 0.00000000e+00 0.00000000e+00 0.00000000e+00
 3.99999998e-08]","[0.000289 0.       0.       0.       0.000289 0.       0.       0.
 0.000289]"
1786809887.969735,-0.012833765287526555,0.016356940200995262,0.0,0.0,-0.002566753057505311,0.0032713880401990525,0.010395371857156633,-1.4052492803599996,1.4546860248034554,0.04131197794619792,1.223044301569252,3.721676190459033,-3.091653653714284,"[0. 0. 0. 0. 0. 0. 0. 0. 0. 0. 0. 0. 0. 0. 0. 0. 0. 0. 0. 0. 0. 0. 0. 0.
 0. 0. 0. 0. 0. 0. 0. 0. 0. 0. 0. 0.]","[0. 0. 0. 0. 0. 0. 0. 0. 0. 0. 0. 0. 0. 0. 0. 0. 0. 0. 0. 0. 0. 0. 0. 0.
 0. 0. 0. 0. 0. 0. 0. 0. 0. 0. 0. 0.]",-0.017578389519255076,0.0002517500839058354,-1.4050998012107214,0.13783574387561465,-0.04685181207890348,9.789118191728543,"[3.99999998e-08 0.00000000e+00 0.00000000e+00 0.00000000e+00
 3.99999998e-08 0.00000000e+00 0.00000000e+00 0.00000000e+00
 3.99999998e-08]","[0.000289 0.       0.       0.       0.000289 0.       0.       0.
 0.000289]"
1786809888.015316,-0.012510523107966964,0.01728653233963217,0.0,0.0,-0.002502104621593393,0.003457306467926434,0.010395371857156633,-1.2147506501591399,1.4546860248034554,0.04131197794619792,1.223044301569252,3.259861329372632,-2.6298387926145828,"[0. 0. 0. 0. 0. 0. 0. 0. 0. 0. 0. 0. 0. 0. 0. 0. 0. 0. 0. 0. 0. 0. 0. 0.
 0. 0. 0. 0. 0. 0. 0. 0. 0. 0. 0. 0.]","[0. 0. 0. 0. 0. 0. 0. 0. 0. 0. 0. 0. 0. 0. 0. 0. 0. 0. 0. 0. 0. 0. 0. 0.
 0. 0. 0. 0. 0. 0. 0. 0. 0. 0. 0. 0.]",-0.015142616006415633,0.00010531119112081202,-1.2147966598450897,0.13423575987316821,-0.06661813405132846,9.809544651319312,"[3.99999998e-08 0.00000000e+00 0.00000000e+00 0.00000000e+00
 3.99999998e-08 0.00000000e+00 0.00000000e+00 0.00000000e+00
 3.99999998e-08]","[0.000289 0.       0.       0.       0.000289 0.       0.       0.
 0.000289]"
1786809888.0654378,-0.012139777672024454,0.018269283660749987,0.0,0.0,-0.002427955534404891,0.0036538567321499973,0.010669318028394836,-1.2411795481667363,1.454760173890644,0.04150852821042148,1.1977039318240426,3.3322327842761776,-2.685607449262994,"[0. 0. 0. 0. 0. 0. 0. 0. 0. 0. 0. 0. 0. 0. 0. 0. 0. 0. 0. 0. 0. 0. 0. 0.
 0. 0. 0. 0. 0. 0. 0. 0. 0. 0. 0. 0.]","[0. 0. 0. 0. 0. 0. 0. 0. 0. 0. 0. 0. 0. 0. 0. 0. 0. 0. 0. 0. 0. 0. 0. 0.
 0. 0. 0. 0. 0. 0. 0. 0. 0. 0. 0. 0.]",-0.015345573869594608,4.86831262262854e-05,-1.2409746063788463,0.1208543328835281,0.01955550960304624,9.782097147792214,"[3.99999998e-08 0.00000000e+00 0.00000000e+00 0.00000000e+00
 3.99999998e-08 0.00000000e+00 0.00000000e+00 0.00000000e+00
 3.99999998e-08]","[0.000289 0.       0.       0.       0.000289 0.       0.       0.
 0.000289]"
1786809888.1151984,-0.011735136234002352,0.01926613597945017,0.0,0.0,-0.0023470272468004705,0.003853227195890034,0.010967462416201045,-1.265406505330229,1.4548411021782484,0.04170789867416152,1.172734979198017,3.3999994800599045,-2.7353047882116033,"[0. 0. 0. 0. 0. 0. 0. 0. 0. 0. 0. 0. 0. 0. 0. 0. 0. 0. 0. 0. 0. 0. 0. 0.
 0. 0. 0. 0. 0. 0. 0. 0. 0. 0. 0. 0.]","[0. 0. 0. 0. 0. 0. 0. 0. 0. 0. 0. 0. 0. 0. 0. 0. 0. 0. 0. 0. 0. 0. 0. 0.
 0. 0. 0. 0. 0. 0. 0. 0. 0. 0. 0. 0.]",-0.01569684328397863,5.933993284690886e-05,-1.2651746795979226,0.15002979200064065,-0.0374126864537046,9.798173724487928,"[3.99999998e-08 0.00000000e+00 0.00000000e+00 0.00000000e+00
 3.99999998e-08 0.00000000e+00 0.00000000e+00 0.00000000e+00
 3.99999998e-08]","[0.000289 0.       0.       0.       0.000289 0.       0.       0.
 0.000289]"
1786809888.1694207,-0.011294083361589324,0.02027876861172402,0.0,0.0,-0.0023470272468004705,0.003853227195890034,0.011279377398700463,-1.2508966571177358,1.454929312752731,0.04191042520061629,1.1474993983094737,3.3742760596210575,-2.6906774294384843,"[0. 0. 0. 0. 0. 0. 0. 0. 0. 0. 0. 0. 0. 0. 0. 0. 0. 0. 0. 0. 0. 0. 0. 0.
 0. 0. 0. 0. 0. 0. 0. 0. 0. 0. 0. 0.]","[0. 0. 0. 0. 0. 0. 0. 0. 0. 0. 0. 0. 0. 0. 0. 0. 0. 0. 0. 0. 0. 0. 0. 0.
 0. 0. 0. 0. 0. 0. 0. 0. 0. 0. 0. 0.]",-0.015595811947056901,5.332690493776423e-06,-1.2510376067536508,0.10481767902729233,-0.014691820109836115,9.807877873878551,"[3.99999998e-08 0.00000000e+00 0.00000000e+00 0.00000000e+00
 3.99999998e-08 0.00000000e+00 0.00000000e+00 0.00000000e+00
 3.99999998e-08]","[0.000289 0.       0.       0.       0.000289 0.       0.       0.
 0.000289]"
1786809888.2162728,-0.011294083361589324,0.02027876861172402,0.0,0.0,-0.002258816672317865,0.004055753722344804,0.011605868939747384,-1.329568626849511,1.454929312752731,0.04191042520061629,1.1474993983094737,3.57488966930307,-2.8715036730018535,"[0. 0. 0. 0. 0. 0. 0. 0. 0. 0. 0. 0. 0. 0. 0. 0. 0. 0. 0. 0. 0. 0. 0. 0.
 0. 0. 0. 0. 0. 0. 0. 0. 0. 0. 0. 0.]","[0. 0. 0. 0. 0. 0. 0. 0. 0. 0. 0. 0. 0. 0. 0. 0. 0. 0. 0. 0. 0. 0. 0. 0.
 0. 0. 0. 0. 0. 0. 0. 0. 0. 0. 0. 0.]",-0.016332921064251757,-0.0002279582750122477,-1.3293336855746694,0.1395125106936593,-0.037994249475039515,9.778952063623946,"[3.99999998e-08 0.00000000e+00 0.00000000e+00 0.00000000e+00
 3.99999998e-08 0.00000000e+00 0.00000000e+00 0.00000000e+00
 3.99999998e-08]","[0.000289 0.       0.       0.       0.000289 0.       0.       0.
 0.000289]"
1786809888.2764096,-0.010811664627048412,0.021313887162483607,0.0,0.0,-0.0021623329254096824,0.004262777432496721,0.011949622148658648,-1.3576324393415984,1.4550257964996391,0.042117448910768206,1.121646521632988,3.653339918037912,-2.9291203939259,"[0. 0. 0. 0. 0. 0. 0. 0. 0. 0. 0. 0. 0. 0. 0. 0. 0. 0. 0. 0. 0. 0. 0. 0.
 0. 0. 0. 0. 0. 0. 0. 0. 0. 0. 0. 0.]","[0. 0. 0. 0. 0. 0. 0. 0. 0. 0. 0. 0. 0. 0. 0. 0. 0. 0. 0. 0. 0. 0. 0. 0.
 0. 0. 0. 0. 0. 0. 0. 0. 0. 0. 0. 0.]",-0.017066344605627122,0.00014782796532473733,-1.3573525095063406,0.10504567684381647,-0.043807858495984876,9.808408467553734,"[3.99999998e-08 0.00000000e+00 0.00000000e+00 0.00000000e+00
 3.99999998e-08 0.00000000e+00 0.00000000e+00 0.00000000e+00
 3.99999998e-08]","[0.000289 0.       0.       0.       0.000289 0.       0.       0.
 0.000289]"
1786809888.316183,-0.010281372341447437,0.022377021819853307,0.0,0.0,-0.0020562744682894873,0.0044754043639706614,0.011949622148658648,-1.1962417778150698,1.4551318549567593,0.042330075842242146,1.094606128140599,3.262089898763566,-2.537870373225357,"[0. 0. 0. 0. 0. 0. 0. 0. 0. 0. 0. 0. 0. 0. 0. 0. 0. 0. 0. 0. 0. 0. 0. 0.
 0. 0. 0. 0. 0. 0. 0. 0. 0. 0. 0. 0.]","[0. 0. 0. 0. 0. 0. 0. 0. 0. 0. 0. 0. 0. 0. 0. 0. 0. 0. 0. 0. 0. 0. 0. 0.
 0. 0. 0. 0. 0. 0. 0. 0. 0. 0. 0. 0.]",-0.01596961912549152,0.0003289755655675575,-1.262142050723874,0.05040168371789888,-0.005096183032292433,9.79470267536481,"[3.99999998e-08 0.00000000e+00 0.00000000e+00 0.00000000e+00
 3.99999998e-08 0.00000000e+00 0.00000000e+00 0.00000000e+00
 3.99999998e-08]","[0.000289 0.       0.       0.       0.000289 0.       0.       0.
 0.000289]"
1786809888.3767285,-0.009708261675512864,0.02345448626560536,0.0,0.0,-0.0019416523351025727,0.004690897253121072,0.012312978140458864,-1.2318714913328068,1.4552464770899463,0.042545568731392557,1.069715976212514,3.3594756801966263,-2.6132345808153143,"[0. 0. 0. 0. 0. 0. 0. 0. 0. 0. 0. 0. 0. 0. 0. 0. 0. 0. 0. 0. 0. 0. 0. 0.
 0. 0. 0. 0. 0. 0. 0. 0. 0. 0. 0. 0.]","[0. 0. 0. 0. 0. 0. 0. 0. 0. 0. 0. 0. 0. 0. 0. 0. 0. 0. 0. 0. 0. 0. 0. 0.
 0. 0. 0. 0. 0. 0. 0. 0. 0. 0. 0. 0.]",-0.015164628449511166,4.331815533217533e-05,-1.2317645034798372,0.13413358465183164,-0.04098131481608766,9.813365297054991,"[3.99999998e-08 0.00000000e+00 0.00000000e+00 0.00000000e+00
 3.99999998e-08 0.00000000e+00 0.00000000e+00 0.00000000e+00
 3.99999998e-08]","[0.000289 0.       0.       0.       0.000289 0.       0.       0.
 0.000289]"
1786809888.4404905,-0.009708261675512864,0.02345448626560536,0.0,0.0,-0.0019416523351025727,0.004690897253121072,0.01269215575408392,-1.2936281111282983,1.4552464770899463,0.042545568731392557,1.069715976212514,3.520678928592944,-2.7514573677839755,"[0. 0. 0. 0. 0. 0. 0. 0. 0. 0. 0. 0. 0. 0. 0. 0. 0. 0. 0. 0. 0. 0. 0. 0.
 0. 0. 0. 0. 0. 0. 0. 0. 0. 0. 0. 0.]","[0. 0. 0. 0. 0. 0. 0. 0. 0. 0. 0. 0. 0. 0. 0. 0. 0. 0. 0. 0. 0. 0. 0. 0.
 0. 0. 0. 0. 0. 0. 0. 0. 0. 0. 0. 0.]",-0.01618776730913915,-0.0002976032039413589,-1.2934740918405612,0.1311383390302943,0.009896000170025128,9.795095408406532,"[3.99999998e-08 0.00000000e+00 0.00000000e+00 0.00000000e+00
 3.99999998e-08 0.00000000e+00 0.00000000e+00 0.00000000e+00
 3.99999998e-08]","[0.000289 0.       0.       0.       0.000289 0.       0.       0.
 0.000289]"
1786809888.4657457,-0.009092092820691677,0.024546320093229226,0.0,0.0,-0.0018184185641383355,0.004909264018645845,0.01269215575408392,-1.1527373433050905,1.4553697108609105,0.04276393549691733,1.0442274944903254,3.179125552060026,-2.409903991241865,"[0. 0. 0. 0. 0. 0. 0. 0. 0. 0. 0. 0. 0. 0. 0. 0. 0. 0. 0. 0. 0. 0. 0. 0.
 0. 0. 0. 0. 0. 0. 0. 0. 0. 0. 0. 0.]","[0. 0. 0. 0. 0. 0. 0. 0. 0. 0. 0. 0. 0. 0. 0. 0. 0. 0. 0. 0. 0. 0. 0. 0.
 0. 0. 0. 0. 0. 0. 0. 0. 0. 0. 0. 0.]",-0.01418699830157275,0.00010784501734387781,-1.1524066421380461,0.11461732526327649,-0.033363254635357026,9.790944071457867,"[3.99999998e-08 0.00000000e+00 0.00000000e+00 0.00000000e+00
 3.99999998e-08 0.00000000e+00 0.00000000e+00 0.00000000e+00
 3.99999998e-08]","[0.000289 0.       0.       0.       0.000289 0.       0.       0.
 0.000289]"
1786809888.5162504,-0.00843133241940408,0.025652317860769408,0.0,0.0,-0.0016862664838808161,0.005130463572153882,0.013088047810687257,-1.218953775839688,1.455501862941168,0.042985135050425366,1.0203163596123779,3.3516469659783352,-2.5584319471884016,"[0. 0. 0. 0. 0. 0. 0. 0. 0. 0. 0. 0. 0. 0. 0. 0. 0. 0. 0. 0. 0. 0. 0. 0.
 0. 0. 0. 0. 0. 0. 0. 0. 0. 0. 0. 0.]","[0. 0. 0. 0. 0. 0. 0. 0. 0. 0. 0. 0. 0. 0. 0. 0. 0. 0. 0. 0. 0. 0. 0. 0.
 0. 0. 0. 0. 0. 0. 0. 0. 0. 0. 0. 0.]",-0.015053873373883272,8.771729760408977e-05,-1.218957398428191,0.11582663974016749,-0.028420425131777338,9.786933832281573,"[3.99999998e-08 0.00000000e+00 0.00000000e+00 0.00000000e+00
 3.99999998e-08 0.00000000e+00 0.00000000e+00 0.00000000e+00
 3.99999998e-08]","[0.000289 0.       0.       0.       0.000289 0.       0.       0.
 0.000289]"
1786809888.5690815,-0.007729804836803522,0.026764524126213565,0.0,0.0,-0.0015459609673607044,0.005352904825242713,0.013501192336201676,-1.250860858026541,1.4556421684576881,0.0432075763035142,0.9958415628995841,3.4415169993248393,-2.6232629183846163,"[0. 0. 0. 0. 0. 0. 0. 0. 0. 0. 0. 0. 0. 0. 0. 0. 0. 0. 0. 0. 0. 0. 0. 0.
 0. 0. 0. 0. 0. 0. 0. 0. 0. 0. 0. 0.]","[0. 0. 0. 0. 0. 0. 0. 0. 0. 0. 0. 0. 0. 0. 0. 0. 0. 0. 0. 0. 0. 0. 0. 0.
 0. 0. 0. 0. 0. 0. 0. 0. 0. 0. 0. 0.]",-0.015837647718025063,-0.00012809625173203736,-1.250457387765254,0.09826767275812176,-0.052578330430661534,9.783113803632329,"[3.99999998e-08 0.00000000e+00 0.00000000e+00 0.00000000e+00
 3.99999998e-08 0.00000000e+00 0.00000000e+00 0.00000000e+00
 3.99999998e-08]","[0.000289 0.       0.       0.       0.000289 0.       0.       0.
 0.000289]"
1786809888.6164284,-0.006981552944242964,0.027888197901979675,0.0,0.0,-0.0013963105888485927,0.005577639580395935,0.013929192676872367,-1.3169546841676945,1.4557918188362002,0.04343231105866742,0.9707100417886948,3.6147141639277014,-2.7705206684058976,"[0. 0. 0. 0. 0. 0. 0. 0. 0. 0. 0. 0. 0. 0. 0. 0. 0. 0. 0. 0. 0. 0. 0. 0.
 0. 0. 0. 0. 0. 0. 0. 0. 0. 0. 0. 0.]","[0. 0. 0. 0. 0. 0. 0. 0. 0. 0. 0. 0. 0. 0. 0. 0. 0. 0. 0. 0. 0. 0. 0. 0.
 0. 0. 0. 0. 0. 0. 0. 0. 0. 0. 0. 0.]",-0.016501486709607202,0.0002324919097437313,-1.3168034003253584,1.1599350112163782,-0.058141749669637866,9.774349336981903,"[3.99999998e-08 0.00000000e+00 0.00000000e+00 0.00000000e+00
 3.99999998e-08 0.00000000e+00 0.00000000e+00 0.00000000e+00
 3.99999998e-08]","[0.000289 0.       0.       0.       0.000289 0.       0.       0.
 0.000289]"
1786809888.6653244,-0.0061720879078541735,0.02903809407794302,0.0,0.0,-0.0012344175815708347,0.005807618815588604,0.0143744014113045,-1.3453497237882854,1.455953711843478,0.04366229029386009,0.944200577912848,3.6970417973838146,-2.8258659543226856,"[0. 0. 0. 0. 0. 0. 0. 0. 0. 0. 0. 0. 0. 0. 0. 0. 0. 0. 0. 0. 0. 0. 0. 0.
 0. 0. 0. 0. 0. 0. 0. 0. 0. 0. 0. 0.]","[0. 0. 0. 0. 0. 0. 0. 0. 0. 0. 0. 0. 0. 0. 0. 0. 0. 0. 0. 0. 0. 0. 0. 0.
 0. 0. 0. 0. 0. 0. 0. 0. 0. 0. 0. 0.]",-0.01691584189755952,3.4085249356262773e-05,-1.3455488697016584,0.13108472972701307,-0.03601470589123092,9.795356184608735,"[3.99999998e-08 0.00000000e+00 0.00000000e+00 0.00000000e+00
 3.99999998e-08 0.00000000e+00 0.00000000e+00 0.00000000e+00
 3.99999998e-08]","[0.000289 0.       0.       0.       0.000289 0.       0.       0.
 0.000289]"
1786809888.7365727,-0.005309352585849414,0.03019657113001402,0.0,0.0,-0.0010618705171698828,0.006039314226002804,0.014843395642690297,-1.3679552779256379,1.456126258907879,0.04389398570427429,0.917225766810505,3.76605508715207,-2.8664553512813145,"[0. 0. 0. 0. 0. 0. 0. 0. 0. 0. 0. 0. 0. 0. 0. 0. 0. 0. 0. 0. 0. 0. 0. 0.
 0. 0. 0. 0. 0. 0. 0. 0. 0. 0. 0. 0.]","[0. 0. 0. 0. 0. 0. 0. 0. 0. 0. 0. 0. 0. 0. 0. 0. 0. 0. 0. 0. 0. 0. 0. 0.
 0. 0. 0. 0. 0. 0. 0. 0. 0. 0. 0. 0.]",-0.017043433229911073,-0.00028456629484005725,-1.3677855204602627,0.1511912274218037,-0.03528234414284408,9.813605027044058,"[3.99999998e-08 0.00000000e+00 0.00000000e+00 0.00000000e+00
 3.99999998e-08 0.00000000e+00 0.00000000e+00 0.00000000e+00
 3.99999998e-08]","[0.000289 0.       0.       0.       0.000289 0.       0.       0.
 0.000289]"
1786809888.7653267,-0.005309352585849414,0.03019657113001402,0.0,0.0,-0.0010618705171698828,0.006039314226002804,0.015329890189519151,-1.3493663273874654,1.456126258907879,0.04389398570427429,0.917225766810505,3.7660550871520684,-2.866455351281316,"[0. 0. 0. 0. 0. 0. 0. 0. 0. 0. 0. 0. 0. 0. 0. 0. 0. 0. 0. 0. 0. 0. 0. 0.
 0. 0. 0. 0. 0. 0. 0. 0. 0. 0. 0. 0.]","[0. 0. 0. 0. 0. 0. 0. 0. 0. 0. 0. 0. 0. 0. 0. 0. 0. 0. 0. 0. 0. 0. 0. 0.
 0. 0. 0. 0. 0. 0. 0. 0. 0. 0. 0. 0.]",-0.01673923662511813,2.8504814955443756e-05,-1.3679936858844326,0.10666747021161825,-0.02752950005070908,9.820299083208093,"[3.99999998e-08 0.00000000e+00 0.00000000e+00 0.00000000e+00
 3.99999998e-08 0.00000000e+00 0.00000000e+00 0.00000000e+00
 3.99999998e-08]","[0.000289 0.       0.       0.       0.000289 0.       0.       0.
 0.000289]"
1786809888.8155746,-0.004372295785795011,0.031385839993128654,0.0,0.0,-0.0008744591571590021,0.006277167998625731,0.015329890189519151,-1.219167960666149,1.4563136702678898,0.044131839476897215,0.890326962674701,3.420100819462114,-2.4910165655914733,"[0. 0. 0. 0. 0. 0. 0. 0. 0. 0. 0. 0. 0. 0. 0. 0. 0. 0. 0. 0. 0. 0. 0. 0.
 0. 0. 0. 0. 0. 0. 0. 0. 0. 0. 0. 0.]","[0. 0. 0. 0. 0. 0. 0. 0. 0. 0. 0. 0. 0. 0. 0. 0. 0. 0. 0. 0. 0. 0. 0. 0.
 0. 0. 0. 0. 0. 0. 0. 0. 0. 0. 0. 0.]",-0.015178854841351843,-0.00037049085428549734,-1.2192652852239285,0.13533700459659231,-0.001883794732866477,9.812125362286496,"[3.99999998e-08 0.00000000e+00 0.00000000e+00 0.00000000e+00
 3.99999998e-08 0.00000000e+00 0.00000000e+00 0.00000000e+00
 3.99999998e-08]","[0.000289 0.       0.       0.       0.000289 0.       0.       0.
 0.000289]"
1786809888.8654087,-0.00339337280202745,0.03256552159893435,0.0,0.0,-0.00067867456040549,0.006513104319786869,0.015844462143859244,-1.2531775234096212,1.4565094548646433,0.044367775798058354,0.8659436034609022,3.518141333819347,-2.5578709009000318,"[0. 0. 0. 0. 0. 0. 0. 0. 0. 0. 0. 0. 0. 0. 0. 0. 0. 0. 0. 0. 0. 0. 0. 0.
 0. 0. 0. 0. 0. 0. 0. 0. 0. 0. 0. 0.]","[0. 0. 0. 0. 0. 0. 0. 0. 0. 0. 0. 0. 0. 0. 0. 0. 0. 0. 0. 0. 0. 0. 0. 0.
 0. 0. 0. 0. 0. 0. 0. 0. 0. 0. 0. 0.]",-0.015471347716594258,0.00015847483785518015,-1.2531080327663007,0.14378418528868203,-0.02898354241113925,9.811090862286127,"[3.99999998e-08 0.00000000e+00 0.00000000e+00 0.00000000e+00
 3.99999998e-08 0.00000000e+00 0.00000000e+00 0.00000000e+00
 3.99999998e-08]","[0.000289 0.       0.       0.       0.000289 0.       0.       0.
 0.000289]"
1786809888.916123,-0.0023530839548413507,0.033757903264613476,0.0,0.0,-0.00047061679096827014,0.006751580652922695,0.016370920682602118,-1.313132509751974,1.4567175126340806,0.04460625213119418,0.8408059057051961,3.679439997344428,-2.687262987505791,"[0. 0. 0. 0. 0. 0. 0. 0. 0. 0. 0. 0. 0. 0. 0. 0. 0. 0. 0. 0. 0. 0. 0. 0.
 0. 0. 0. 0. 0. 0. 0. 0. 0. 0. 0. 0.]","[0. 0. 0. 0. 0. 0. 0. 0. 0. 0. 0. 0. 0. 0. 0. 0. 0. 0. 0. 0. 0. 0. 0. 0.
 0. 0. 0. 0. 0. 0. 0. 0. 0. 0. 0. 0.]",-0.0159147766699217,-0.00010803401074679782,-1.3131555260480146,1.1833339700456509,-0.02999254066725962,9.752586008328594,"[3.99999998e-08 0.00000000e+00 0.00000000e+00 0.00000000e+00
 3.99999998e-08 0.00000000e+00 0.00000000e+00 0.00000000e+00
 3.99999998e-08]","[0.000289 0.       0.       0.       0.000289 0.       0.       0.
 0.000289]"
1786809888.9650218,-0.0023530839548413507,0.033757903264613476,0.0,0.0,-0.00047061679096827014,0.006751580652922695,0.016919907187404524,-1.3720642595430974,1.4567175126340806,0.04460625213119418,0.8408059057051961,3.838940846973925,-2.8134919265753386,"[0. 0. 0. 0. 0. 0. 0. 0. 0. 0. 0. 0. 0. 0. 0. 0. 0. 0. 0. 0. 0. 0. 0. 0.
 0. 0. 0. 0. 0. 0. 0. 0. 0. 0. 0. 0.]","[0. 0. 0. 0. 0. 0. 0. 0. 0. 0. 0. 0. 0. 0. 0. 0. 0. 0. 0. 0. 0. 0. 0. 0.
 0. 0. 0. 0. 0. 0. 0. 0. 0. 0. 0. 0.]",-0.017097141241267915,-8.257817775276838e-05,-1.3608312083122809,0.21579093241876074,-0.058927863554663354,9.812172600517124,"[3.99999998e-08 0.00000000e+00 0.00000000e+00 0.00000000e+00
 3.99999998e-08 0.00000000e+00 0.00000000e+00 0.00000000e+00
 3.99999998e-08]","[0.000289 0.       0.       0.       0.000289 0.       0.       0.
 0.000289]"
1786809889.016142,-0.0012239042623918284,0.03498608642956997,0.0,0.0,-0.0002447808524783657,0.006997217285913994,0.016919907187404524,-1.2477718284278443,1.4569433485725705,0.04485188876418548,0.8141742563438152,3.537625972365572,-2.512177050861847,"[0. 0. 0. 0. 0. 0. 0. 0. 0. 0. 0. 0. 0. 0. 0. 0. 0. 0. 0. 0. 0. 0. 0. 0.
 0. 0. 0. 0. 0. 0. 0. 0. 0. 0. 0. 0.]","[0. 0. 0. 0. 0. 0. 0. 0. 0. 0. 0. 0. 0. 0. 0. 0. 0. 0. 0. 0. 0. 0. 0. 0.
 0. 0. 0. 0. 0. 0. 0. 0. 0. 0. 0. 0.]",-0.015732252234448355,-5.927146883385806e-05,-1.2478226854056573,-0.8549744673841632,-0.03270580170468092,9.797126336685356,"[3.99999998e-08 0.00000000e+00 0.00000000e+00 0.00000000e+00
 3.99999998e-08 0.00000000e+00 0.00000000e+00 0.00000000e+00
 3.99999998e-08]","[0.000289 0.       0.       0.       0.000289 0.       0.       0.
 0.000289]"
1786809889.066469,-0.0012239042623918284,0.03498608642956997,0.0,0.0,-0.0002447808524783657,0.006997217285913994,0.017503743780266274,-1.3342529187934682,1.4571833704015433,0.04509964077426493,0.7881328407410363,3.7649690085781087,-2.704136052245781,"[0. 0. 0. 0. 0. 0. 0. 0. 0. 0. 0. 0. 0. 0. 0. 0. 0. 0. 0. 0. 0. 0. 0. 0.
 0. 0. 0. 0. 0. 0. 0. 0. 0. 0. 0. 0.]","[0. 0. 0. 0. 0. 0. 0. 0. 0. 0. 0. 0. 0. 0. 0. 0. 0. 0. 0. 0. 0. 0. 0. 0.
 0. 0. 0. 0. 0. 0. 0. 0. 0. 0. 0. 0.]",-0.016304694979449287,0.00018189507130443404,-1.3341605361587876,0.10451022209694594,-0.026985154574740607,9.780064284972568,"[3.99999998e-08 0.00000000e+00 0.00000000e+00 0.00000000e+00
 3.99999998e-08 0.00000000e+00 0.00000000e+00 0.00000000e+00
 3.99999998e-08]","[0.000289 0.       0.       0.       0.000289 0.       0.       0.
 0.000289]"
1786809889.1155453,-2.379511752748087e-05,0.036224846479967245,0.0,0.0,-4.759023505496174e-06,0.007244969295993449,0.017503743780266274,-1.2209851337171058,1.4574342248523737,0.045345375709713344,0.7626114003414208,3.490380438699576,-2.429547482359532,"[0. 0. 0. 0. 0. 0. 0. 0. 0. 0. 0. 0. 0. 0. 0. 0. 0. 0. 0. 0. 0. 0. 0. 0.
 0. 0. 0. 0. 0. 0. 0. 0. 0. 0. 0. 0.]","[0. 0. 0. 0. 0. 0. 0. 0. 0. 0. 0. 0. 0. 0. 0. 0. 0. 0. 0. 0. 0. 0. 0. 0.
 0. 0. 0. 0. 0. 0. 0. 0. 0. 0. 0. 0.]",-0.01550892255749188,-4.682316638109333e-05,-1.2208101558726725,0.10777709490818685,-0.023165731913248527,9.794296355083182,"[3.99999998e-08 0.00000000e+00 0.00000000e+00 0.00000000e+00
 3.99999998e-08 0.00000000e+00 0.00000000e+00 0.00000000e+00
 3.99999998e-08]","[0.000289 0.       0.       0.       0.000289 0.       0.       0.
 0.000289]"
1786809889.165365,0.001230477136624497,0.0374535211572093,0.0,0.0,0.0002460954273248994,0.0074907042314418595,0.018112427147574765,-1.2566068744905081,1.4576943179711033,0.04558778667129859,0.7378711020565731,3.595181124431418,-2.497458267044727,"[0. 0. 0. 0. 0. 0. 0. 0. 0. 0. 0. 0. 0. 0. 0. 0. 0. 0. 0. 0. 0. 0. 0. 0.
 0. 0. 0. 0. 0. 0. 0. 0. 0. 0. 0. 0.]","[0. 0. 0. 0. 0. 0. 0. 0. 0. 0. 0. 0. 0. 0. 0. 0. 0. 0. 0. 0. 0. 0. 0. 0.
 0. 0. 0. 0. 0. 0. 0. 0. 0. 0. 0. 0.]",-0.015723065747747348,-0.00013085964591516057,-1.2561275779872068,0.1312740953459438,-0.02398419519613947,9.782961875991809,"[3.99999998e-08 0.00000000e+00 0.00000000e+00 0.00000000e+00
 3.99999998e-08 0.00000000e+00 0.00000000e+00 0.00000000e+00
 3.99999998e-08]","[0.000289 0.       0.       0.       0.000289 0.       0.       0.
 0.000289]"
1786809889.219762,0.002530942730272212,0.038665575965135535,0.0,0.0,0.0005061885460544424,0.007733115193027107,0.018736864205739445,-1.3486269212869355,1.4576943179711033,0.04558778667129859,0.7378711020565731,3.837182360849135,-2.701614833277039,"[0. 0. 0. 0. 0. 0. 0. 0. 0. 0. 0. 0. 0. 0. 0. 0. 0. 0. 0. 0. 0. 0. 0. 0.
 0. 0. 0. 0. 0. 0. 0. 0. 0. 0. 0. 0.]","[0. 0. 0. 0. 0. 0. 0. 0. 0. 0. 0. 0. 0. 0. 0. 0. 0. 0. 0. 0. 0. 0. 0. 0.
 0. 0. 0. 0. 0. 0. 0. 0. 0. 0. 0. 0.]",-0.016694538213152903,5.011402967340264e-05,-1.3484133748642826,0.11553882252853406,-0.03513071275660272,9.812963647555941,"[3.99999998e-08 0.00000000e+00 0.00000000e+00 0.00000000e+00
 3.99999998e-08 0.00000000e+00 0.00000000e+00 0.00000000e+00
 3.99999998e-08]","[0.000289 0.       0.       0.       0.000289 0.       0.       0.
 0.000289]"
1786809889.2686274,0.003918020257862587,0.03989376384456501,0.0,0.0,0.0007836040515725173,0.007978752768913001,0.020042849575515352,-1.5450871159931834,1.4579717334766213,0.045833424247184486,0.7114024779707692,4.353024813758389,-3.138306657730182,"[0. 0. 0. 0. 0. 0. 0. 0. 0. 0. 0. 0. 0. 0. 0. 0. 0. 0. 0. 0. 0. 0. 0. 0.
 0. 0. 0. 0. 0. 0. 0. 0. 0. 0. 0. 0.]","[0. 0. 0. 0. 0. 0. 0. 0. 0. 0. 0. 0. 0. 0. 0. 0. 0. 0. 0. 0. 0. 0. 0. 0.
 0. 0. 0. 0. 0. 0. 0. 0. 0. 0. 0. 0.]",-0.019364176044726237,0.0003159060419564815,-1.5446835511215635,0.6494218886152443,-0.0456962177267786,9.762822225663541,"[3.99999998e-08 0.00000000e+00 0.00000000e+00 0.00000000e+00
 3.99999998e-08 0.00000000e+00 0.00000000e+00 0.00000000e+00
 3.99999998e-08]","[0.000289 0.       0.       0.       0.000289 0.       0.       0.
 0.000289]"
1786809889.3192554,0.00540713916395541,0.041139686133416266,0.0,0.0,0.001081427832791082,0.008227937226683253,0.020042849575515352,-1.4029390651189089,1.45826955725784,0.04608260870495474,0.6819338603602614,4.008423478312239,-2.793705322272861,"[0. 0. 0. 0. 0. 0. 0. 0. 0. 0. 0. 0. 0. 0. 0. 0. 0. 0. 0. 0. 0. 0. 0. 0.
 0. 0. 0. 0. 0. 0. 0. 0. 0. 0. 0. 0.]","[0. 0. 0. 0. 0. 0. 0. 0. 0. 0. 0. 0. 0. 0. 0. 0. 0. 0. 0. 0. 0. 0. 0. 0.
 0. 0. 0. 0. 0. 0. 0. 0. 0. 0. 0. 0.]",-0.017654209982254917,8.272317175549206e-05,-1.4026019213299004,0.11959454522189258,-0.020365068542879877,9.783736301230045,"[3.99999998e-08 0.00000000e+00 0.00000000e+00 0.00000000e+00
 3.99999998e-08 0.00000000e+00 0.00000000e+00 0.00000000e+00
 3.99999998e-08]","[0.000289 0.       0.       0.       0.000289 0.       0.       0.
 0.000289]"
1786809889.3653784,0.00540713916395541,0.041139686133416266,0.0,0.0,0.001081427832791082,0.008227937226683253,0.020746752330752776,-1.4325008839183844,1.45826955725784,0.04608260870495474,0.6819338603602614,4.101418880097549,-2.8440399510157275,"[0. 0. 0. 0. 0. 0. 0. 0. 0. 0. 0. 0. 0. 0. 0. 0. 0. 0. 0. 0. 0. 0. 0. 0.
 0. 0. 0. 0. 0. 0. 0. 0. 0. 0. 0. 0.]","[0. 0. 0. 0. 0. 0. 0. 0. 0. 0. 0. 0. 0. 0. 0. 0. 0. 0. 0. 0. 0. 0. 0. 0.
 0. 0. 0. 0. 0. 0. 0. 0. 0. 0. 0. 0.]",-0.017717836618665914,4.358848340454942e-06,-1.4031417630873027,0.1213179279294304,-0.07123496991080323,9.774146652602903,"[3.99999998e-08 0.00000000e+00 0.00000000e+00 0.00000000e+00
 3.99999998e-08 0.00000000e+00 0.00000000e+00 0.00000000e+00
 3.99999998e-08]","[0.000289 0.       0.       0.       0.000289 0.       0.       0.
 0.000289]"
1786809889.4163492,0.006994647726979997,0.04239170601882645,0.0,0.0,0.0013989295453959993,0.00847834120376529,0.020746752330752776,-1.3161487968218482,1.4585870589704448,0.046333012682036774,0.6537272699369333,3.819353214420447,-2.5619742853300846,"[0. 0. 0. 0. 0. 0. 0. 0. 0. 0. 0. 0. 0. 0. 0. 0. 0. 0. 0. 0. 0. 0. 0. 0.
 0. 0. 0. 0. 0. 0. 0. 0. 0. 0. 0. 0.]","[0. 0. 0. 0. 0. 0. 0. 0. 0. 0. 0. 0. 0. 0. 0. 0. 0. 0. 0. 0. 0. 0. 0. 0.
 0. 0. 0. 0. 0. 0. 0. 0. 0. 0. 0. 0.]",-0.016164676829401908,0.00013630211327856959,-1.3162191019413938,0.09200524112266165,-0.06242624585679196,9.774042446707863,"[3.99999998e-08 0.00000000e+00 0.00000000e+00 0.00000000e+00
 3.99999998e-08 0.00000000e+00 0.00000000e+00 0.00000000e+00
 3.99999998e-08]","[0.000289 0.       0.       0.       0.000289 0.       0.       0.
 0.000289]"
1786809889.4658422,0.008662765280247342,0.043634187211969606,0.0,0.0,0.0017325530560494684,0.008726837442393921,0.021482445368318483,-1.3490306567055308,1.4589206824810983,0.046581508920665406,0.626966741488735,3.921360542548745,-2.619394156638555,"[0. 0. 0. 0. 0. 0. 0. 0. 0. 0. 0. 0. 0. 0. 0. 0. 0. 0. 0. 0. 0. 0. 0. 0.
 0. 0. 0. 0. 0. 0. 0. 0. 0. 0. 0. 0.]","[0. 0. 0. 0. 0. 0. 0. 0. 0. 0. 0. 0. 0. 0. 0. 0. 0. 0. 0. 0. 0. 0. 0. 0.
 0. 0. 0. 0. 0. 0. 0. 0. 0. 0. 0. 0.]",-0.016599964108407354,0.0002299275908096176,-1.3488528078908564,0.07990111305127369,-0.044861062117215474,9.826108497091745,"[3.99999998e-08 0.00000000e+00 0.00000000e+00 0.00000000e+00
 3.99999998e-08 0.00000000e+00 0.00000000e+00 0.00000000e+00
 3.99999998e-08]","[0.000289 0.       0.       0.       0.000289 0.       0.       0.
 0.000289]"
1786809889.5234776,0.01040850038390606,0.044863425506022556,0.0,0.0,0.002081700076781212,0.008972685101204511,0.022242896596160036,-1.4028663099789074,1.45926982950183,0.046827356579475996,0.6000486177158159,4.074915193750503,-2.726860854641743,"[0. 0. 0. 0. 0. 0. 0. 0. 0. 0. 0. 0. 0. 0. 0. 0. 0. 0. 0. 0. 0. 0. 0. 0.
 0. 0. 0. 0. 0. 0. 0. 0. 0. 0. 0. 0.]","[0. 0. 0. 0. 0. 0. 0. 0. 0. 0. 0. 0. 0. 0. 0. 0. 0. 0. 0. 0. 0. 0. 0. 0.
 0. 0. 0. 0. 0. 0. 0. 0. 0. 0. 0. 0.]",-0.017244918159341465,0.00015560826520583345,-1.4026902836478647,0.12119437889486213,-0.022747551045710315,9.797292558139368,"[3.99999998e-08 0.00000000e+00 0.00000000e+00 0.00000000e+00
 3.99999998e-08 0.00000000e+00 0.00000000e+00 0.00000000e+00
 3.99999998e-08]","[0.000289 0.       0.       0.       0.000289 0.       0.       0.
 0.000289]"
1786809889.5682793,0.0122846897817519,0.04610839749560516,0.0,0.0,0.00245693795635038,0.009221679499121033,0.02302750436096044,-1.448469993358277,1.4596450673813992,0.04707635097739252,0.5716720658049288,4.209245570571784,-2.813639245721013,"[0. 0. 0. 0. 0. 0. 0. 0. 0. 0. 0. 0. 0. 0. 0. 0. 0. 0. 0. 0. 0. 0. 0. 0.
 0. 0. 0. 0. 0. 0. 0. 0. 0. 0. 0. 0.]","[0. 0. 0. 0. 0. 0. 0. 0. 0. 0. 0. 0. 0. 0. 0. 0. 0. 0. 0. 0. 0. 0. 0. 0.
 0. 0. 0. 0. 0. 0. 0. 0. 0. 0. 0. 0.]",-0.01792046652504202,-0.0002520908171790075,-1.4483927983711022,0.1516572334550965,-0.053694073338533294,9.806283802597882,"[3.99999998e-08 0.00000000e+00 0.00000000e+00 0.00000000e+00
 3.99999998e-08 0.00000000e+00 0.00000000e+00 0.00000000e+00
 3.99999998e-08]","[0.000289 0.       0.       0.       0.000289 0.       0.       0.
 0.000289]"
1786809889.6188333,0.014279917008584997,0.04735062137982738,0.0,0.0,0.00245693795635038,0.009221679499121033,0.023858425779201192,-1.502026613454464,1.4600441128267658,0.04732479575423696,0.5420654607080561,4.364259238022658,-2.918294039343329,"[0. 0. 0. 0. 0. 0. 0. 0. 0. 0. 0. 0. 0. 0. 0. 0. 0. 0. 0. 0. 0. 0. 0. 0.
 0. 0. 0. 0. 0. 0. 0. 0. 0. 0. 0. 0.]","[0. 0. 0. 0. 0. 0. 0. 0. 0. 0. 0. 0. 0. 0. 0. 0. 0. 0. 0. 0. 0. 0. 0. 0.
 0. 0. 0. 0. 0. 0. 0. 0. 0. 0. 0. 0.]",-0.019106021306365486,-0.00016408529032956585,-1.5020343484154868,0.15332645476307297,-0.03831888881578693,9.799939075149101,"[3.99999998e-08 0.00000000e+00 0.00000000e+00 0.00000000e+00
 3.99999998e-08 0.00000000e+00 0.00000000e+00 0.00000000e+00
 3.99999998e-08]","[0.000289 0.       0.       0.       0.000289 0.       0.       0.
 0.000289]"
1786809889.6651254,0.014279917008584997,0.04735062137982738,0.0,0.0,0.0028559834017169994,0.009470124275965476,0.02472851276779419,-1.529419583588203,1.4600441128267658,0.04732479575423696,0.5420654607080561,4.457032710720436,-2.9583349672801247,"[0. 0. 0. 0. 0. 0. 0. 0. 0. 0. 0. 0. 0. 0. 0. 0. 0. 0. 0. 0. 0. 0. 0. 0.
 0. 0. 0. 0. 0. 0. 0. 0. 0. 0. 0. 0.]","[0. 0. 0. 0. 0. 0. 0. 0. 0. 0. 0. 0. 0. 0. 0. 0. 0. 0. 0. 0. 0. 0. 0. 0.
 0. 0. 0. 0. 0. 0. 0. 0. 0. 0. 0. 0.]",-0.018764513486471852,4.9366079288213075e-05,-1.5290693608865633,0.10478991933122862,-0.09305558644645018,9.770525268031708,"[3.99999998e-08 0.00000000e+00 0.00000000e+00 0.00000000e+00
 3.99999998e-08 0.00000000e+00 0.00000000e+00 0.00000000e+00
 3.99999998e-08]","[0.000289 0.       0.       0.       0.000289 0.       0.       0.
 0.000289]"
1786809889.7159083,0.016394858280408542,0.04858071979077512,0.0,0.0,0.0032789716560817084,0.009716143958155024,0.02472851276779419,-1.4099057085930118,1.4609027151268177,0.04780718362175733,0.4829899787626239,4.167302104682954,-2.6686043612332653,"[0. 0. 0. 0. 0. 0. 0. 0. 0. 0. 0. 0. 0. 0. 0. 0. 0. 0. 0. 0. 0. 0. 0. 0.
 0. 0. 0. 0. 0. 0. 0. 0. 0. 0. 0. 0.]","[0. 0. 0. 0. 0. 0. 0. 0. 0. 0. 0. 0. 0. 0. 0. 0. 0. 0. 0. 0. 0. 0. 0. 0.
 0. 0. 0. 0. 0. 0. 0. 0. 0. 0. 0. 0.]",-0.017846993536427023,1.4404751631354795e-05,-1.4098225472717192,0.11601453934002894,-0.03887848119423819,9.775242547743886,"[3.99999998e-08 0.00000000e+00 0.00000000e+00 0.00000000e+00
 3.99999998e-08 0.00000000e+00 0.00000000e+00 0.00000000e+00
 3.99999998e-08]","[0.000289 0.       0.       0.       0.000289 0.       0.       0.
 0.000289]"
1786809889.7654176,0.01857292850884429,0.049762560717429224,0.0,0.0,0.0037145857017688577,0.009952512143485845,0.026557796042548747,-1.5936506575632072,1.4609027151268177,0.04780718362175733,0.4829899787626239,4.668177231718205,-3.0586138352678027,"[0. 0. 0. 0. 0. 0. 0. 0. 0. 0. 0. 0. 0. 0. 0. 0. 0. 0. 0. 0. 0. 0. 0. 0.
 0. 0. 0. 0. 0. 0. 0. 0. 0. 0. 0. 0.]","[0. 0. 0. 0. 0. 0. 0. 0. 0. 0. 0. 0. 0. 0. 0. 0. 0. 0. 0. 0. 0. 0. 0. 0.
 0. 0. 0. 0. 0. 0. 0. 0. 0. 0. 0. 0.]",-0.020112703649253636,0.00025330177688233076,-1.5935385258740875,0.13249936348432842,-0.06066977570425898,9.80632771885703,"[3.99999998e-08 0.00000000e+00 0.00000000e+00 0.00000000e+00
 3.99999998e-08 0.00000000e+00 0.00000000e+00 0.00000000e+00
 3.99999998e-08]","[0.000289 0.       0.       0.       0.000289 0.       0.       0.
 0.000289]"
1786809889.8196902,0.020865872409933095,0.05092080992704157,0.0,0.0,0.004173174481986619,0.010184161985408315,0.026557796042548747,-1.4677220420615766,1.4613613039070354,0.0480388334636798,0.4522986712949468,4.362895739597655,-2.753332343136975,"[0. 0. 0. 0. 0. 0. 0. 0. 0. 0. 0. 0. 0. 0. 0. 0. 0. 0. 0. 0. 0. 0. 0. 0.
 0. 0. 0. 0. 0. 0. 0. 0. 0. 0. 0. 0.]","[0. 0. 0. 0. 0. 0. 0. 0. 0. 0. 0. 0. 0. 0. 0. 0. 0. 0. 0. 0. 0. 0. 0. 0.
 0. 0. 0. 0. 0. 0. 0. 0. 0. 0. 0. 0.]",-0.018286113155681776,0.0002131974406775505,-1.467682398766124,0.10248277372231816,-0.0714662516066346,9.786277050561829,"[3.99999998e-08 0.00000000e+00 0.00000000e+00 0.00000000e+00
 3.99999998e-08 0.00000000e+00 0.00000000e+00 0.00000000e+00
 3.99999998e-08]","[0.000289 0.       0.       0.       0.000289 0.       0.       0.
 0.000289]"
1786809889.8662088,0.023293562306798687,0.052056142174009626,0.0,0.0,0.0046587124613597375,0.010411228434801925,0.02751505730983266,-1.509950765460689,1.4618468418864086,0.04826589991307341,0.4226677524757165,4.494276319572564,-2.826697088734391,"[0. 0. 0. 0. 0. 0. 0. 0. 0. 0. 0. 0. 0. 0. 0. 0. 0. 0. 0. 0. 0. 0. 0. 0.
 0. 0. 0. 0. 0. 0. 0. 0. 0. 0. 0. 0.]","[0. 0. 0. 0. 0. 0. 0. 0. 0. 0. 0. 0. 0. 0. 0. 0. 0. 0. 0. 0. 0. 0. 0. 0.
 0. 0. 0. 0. 0. 0. 0. 0. 0. 0. 0. 0.]",-0.018804862136735417,-0.00011024275831480255,-1.5097567199111521,0.13254325353256752,-0.08480904497393812,9.808605663756657,"[3.99999998e-08 0.00000000e+00 0.00000000e+00 0.00000000e+00
 3.99999998e-08 0.00000000e+00 0.00000000e+00 0.00000000e+00
 3.99999998e-08]","[0.000289 0.       0.       0.       0.000289 0.       0.       0.
 0.000289]"
1786809889.9149861,0.025828827733664905,0.053150563994857625,0.0,0.0,0.005165765546732981,0.010630112798971525,0.0285150485839557,-1.5537054681091762,1.4623538949717818,0.04848478427724301,0.392381227830532,4.630651091874224,-2.9024663292745996,"[0. 0. 0. 0. 0. 0. 0. 0. 0. 0. 0. 0. 0. 0. 0. 0. 0. 0. 0. 0. 0. 0. 0. 0.
 0. 0. 0. 0. 0. 0. 0. 0. 0. 0. 0. 0.]","[0. 0. 0. 0. 0. 0. 0. 0. 0. 0. 0. 0. 0. 0. 0. 0. 0. 0. 0. 0. 0. 0. 0. 0.
 0. 0. 0. 0. 0. 0. 0. 0. 0. 0. 0. 0.]",-0.019378370634769757,9.807198816029364e-05,-1.5539222706743276,0.11728982940039258,-0.058771819428688046,9.788752854360897,"[3.99999998e-08 0.00000000e+00 0.00000000e+00 0.00000000e+00
 3.99999998e-08 0.00000000e+00 0.00000000e+00 0.00000000e+00
 3.99999998e-08]","[0.000289 0.       0.       0.       0.000289 0.       0.       0.
 0.000289]"
1786809889.9692981,0.028504107281128732,0.05420894311393906,0.0,0.0,0.005700821456225746,0.010841788622787812,0.02954704213227947,-1.5851373738781338,1.4628889508812746,0.0486964601010593,0.361149958989304,4.738122183080668,-2.9473923569488982,"[0. 0. 0. 0. 0. 0. 0. 0. 0. 0. 0. 0. 0. 0. 0. 0. 0. 0. 0. 0. 0. 0. 0. 0.
 0. 0. 0. 0. 0. 0. 0. 0. 0. 0. 0. 0.]","[0. 0. 0. 0. 0. 0. 0. 0. 0. 0. 0. 0. 0. 0. 0. 0. 0. 0. 0. 0. 0. 0. 0. 0.
 0. 0. 0. 0. 0. 0. 0. 0. 0. 0. 0. 0.]",-0.019962336565116312,-0.0001101334693728074,-1.5848684358730758,0.11057237551713808,-0.06220453099037612,9.763757099404085,"[3.99999998e-08 0.00000000e+00 0.00000000e+00 0.00000000e+00
 3.99999998e-08 0.00000000e+00 0.00000000e+00 0.00000000e+00
 3.99999998e-08]","[0.000289 0.       0.       0.       0.000289 0.       0.       0.
 0.000289]"
1786809890.0160694,0.03130428580335076,0.055215870778526875,0.0,0.0,0.006260857160670152,0.011043174155705375,0.030623086248059556,-1.6142786353051886,1.463448986585719,0.04889784563397686,0.3293306465121935,4.841375062774984,-2.985430441749938,"[0. 0. 0. 0. 0. 0. 0. 0. 0. 0. 0. 0. 0. 0. 0. 0. 0. 0. 0. 0. 0. 0. 0. 0.
 0. 0. 0. 0. 0. 0. 0. 0. 0. 0. 0. 0.]","[0. 0. 0. 0. 0. 0. 0. 0. 0. 0. 0. 0. 0. 0. 0. 0. 0. 0. 0. 0. 0. 0. 0. 0.
 0. 0. 0. 0. 0. 0. 0. 0. 0. 0. 0. 0.]",-0.019986218408744344,-9.397298672000087e-05,-1.6143293602698272,0.11323357530661472,-0.06216228776915108,9.779145574213498,"[3.99999998e-08 0.00000000e+00 0.00000000e+00 0.00000000e+00
 3.99999998e-08 0.00000000e+00 0.00000000e+00 0.00000000e+00
 3.99999998e-08]","[0.000289 0.       0.       0.       0.000289 0.       0.       0.
 0.000289]"
1786809890.0663288,0.03424354733204349,0.05616737302979003,0.0,0.0,0.006848709466408698,0.011233474605958006,0.031736220220313124,-1.6225308225578088,1.4640368388914575,0.04908814608422949,0.2970038128828829,4.895111697698097,-2.971704411688699,"[0. 0. 0. 0. 0. 0. 0. 0. 0. 0. 0. 0. 0. 0. 0. 0. 0. 0. 0. 0. 0. 0. 0. 0.
 0. 0. 0. 0. 0. 0. 0. 0. 0. 0. 0. 0.]","[0. 0. 0. 0. 0. 0. 0. 0. 0. 0. 0. 0. 0. 0. 0. 0. 0. 0. 0. 0. 0. 0. 0. 0.
 0. 0. 0. 0. 0. 0. 0. 0. 0. 0. 0. 0.]",-0.019965263114140163,4.0213966197093425e-05,-1.6224412567102493,0.09890151255840333,-0.0846028223769812,9.795422849208558,"[3.99999998e-08 0.00000000e+00 0.00000000e+00 0.00000000e+00
 3.99999998e-08 0.00000000e+00 0.00000000e+00 0.00000000e+00
 3.99999998e-08]","[0.000289 0.       0.       0.       0.000289 0.       0.       0.
 0.000289]"
1786809890.1162684,0.03424354733204349,0.05616737302979003,0.0,0.0,0.006848709466408698,0.011233474605958006,0.03289146670091457,-1.6695227886889001,1.4640368388914575,0.04908814608422949,0.2970038128828829,5.044039084699211,-3.050616860475669,"[0. 0. 0. 0. 0. 0. 0. 0. 0. 0. 0. 0. 0. 0. 0. 0. 0. 0. 0. 0. 0. 0. 0. 0.
 0. 0. 0. 0. 0. 0. 0. 0. 0. 0. 0. 0.]","[0. 0. 0. 0. 0. 0. 0. 0. 0. 0. 0. 0. 0. 0. 0. 0. 0. 0. 0. 0. 0. 0. 0. 0.
 0. 0. 0. 0. 0. 0. 0. 0. 0. 0. 0. 0.]",-0.020617752582642056,0.0004184540543632947,-1.6693227707350742,0.08987587117487758,-0.05398234846230628,9.780437831561294,"[3.99999998e-08 0.00000000e+00 0.00000000e+00 0.00000000e+00
 3.99999998e-08 0.00000000e+00 0.00000000e+00 0.00000000e+00
 3.99999998e-08]","[0.000289 0.       0.       0.       0.000289 0.       0.       0.
 0.000289]"
1786809890.1672423,0.040557920810747605,0.05787449854512027,0.0,0.0,0.008111584162149521,0.011574899709024054,0.03289146670091457,-1.5474477913013072,1.4652997135871983,0.04942957118729554,0.23228334160605282,4.748099697097489,-2.754677472863479,"[0. 0. 0. 0. 0. 0. 0. 0. 0. 0. 0. 0. 0. 0. 0. 0. 0. 0. 0. 0. 0. 0. 0. 0.
 0. 0. 0. 0. 0. 0. 0. 0. 0. 0. 0. 0.]","[0. 0. 0. 0. 0. 0. 0. 0. 0. 0. 0. 0. 0. 0. 0. 0. 0. 0. 0. 0. 0. 0. 0. 0.
 0. 0. 0. 0. 0. 0. 0. 0. 0. 0. 0. 0.]",-0.018769742671133318,0.00013187826518338611,-1.5473263363096978,0.05798745926342275,-0.0966068648978167,9.823858915081647,"[3.99999998e-08 0.00000000e+00 0.00000000e+00 0.00000000e+00
 3.99999998e-08 0.00000000e+00 0.00000000e+00 0.00000000e+00
 3.99999998e-08]","[0.000289 0.       0.       0.       0.000289 0.       0.       0.
 0.000289]"
1786809890.2152805,0.04375641762313642,0.0585790866550796,0.0,0.0,0.008751283524627285,0.01171581733101592,0.03533554344544598,-1.769208830813409,1.4659394129496761,0.049570488809287404,0.20085401591714275,5.3597651487571065,-3.218217061237797,"[0. 0. 0. 0. 0. 0. 0. 0. 0. 0. 0. 0. 0. 0. 0. 0. 0. 0. 0. 0. 0. 0. 0. 0.
 0. 0. 0. 0. 0. 0. 0. 0. 0. 0. 0. 0.]","[0. 0. 0. 0. 0. 0. 0. 0. 0. 0. 0. 0. 0. 0. 0. 0. 0. 0. 0. 0. 0. 0. 0. 0.
 0. 0. 0. 0. 0. 0. 0. 0. 0. 0. 0. 0.]",-0.02208571386811367,9.906881811472808e-05,-1.769405962342952,0.11922836325235793,-0.09972909530217586,9.786201555900572,"[3.99999998e-08 0.00000000e+00 0.00000000e+00 0.00000000e+00
 3.99999998e-08 0.00000000e+00 0.00000000e+00 0.00000000e+00
 3.99999998e-08]","[0.000289 0.       0.       0.       0.000289 0.       0.       0.
 0.000289]"
1786809890.28133,0.04375641762313642,0.0585790866550796,0.0,0.0,0.008751283524627285,0.01171581733101592,0.03655862920212425,-1.7730254178112301,1.4659394129496761,0.049570488809287404,0.20085401591714275,5.406080685634993,-3.1904061886203774,"[0. 0. 0. 0. 0. 0. 0. 0. 0. 0. 0. 0. 0. 0. 0. 0. 0. 0. 0. 0. 0. 0. 0. 0.
 0. 0. 0. 0. 0. 0. 0. 0. 0. 0. 0. 0.]","[0. 0. 0. 0. 0. 0. 0. 0. 0. 0. 0. 0. 0. 0. 0. 0. 0. 0. 0. 0. 0. 0. 0. 0.
 0. 0. 0. 0. 0. 0. 0. 0. 0. 0. 0. 0.]",-0.021950665061362305,0.0001094980240254287,-1.7691356915492986,0.11740841779779394,-0.06425245773106553,9.806672993208979,"[3.99999998e-08 0.00000000e+00 0.00000000e+00 0.00000000e+00
 3.99999998e-08 0.00000000e+00 0.00000000e+00 0.00000000e+00
 3.99999998e-08]","[0.000289 0.       0.       0.       0.000289 0.       0.       0.
 0.000289]"
1786809890.3168857,0.04725972346878993,0.059227621748023686,0.0,0.0,0.009451944693757985,0.011845524349604737,0.03655862920212425,-1.6396554343166359,1.4666400741188068,0.04970019582787622,0.16545075642083448,5.082759513532239,-2.8670850165054875,"[0. 0. 0. 0. 0. 0. 0. 0. 0. 0. 0. 0. 0. 0. 0. 0. 0. 0. 0. 0. 0. 0. 0. 0.
 0. 0. 0. 0. 0. 0. 0. 0. 0. 0. 0. 0.]","[0. 0. 0. 0. 0. 0. 0. 0. 0. 0. 0. 0. 0. 0. 0. 0. 0. 0. 0. 0. 0. 0. 0. 0.
 0. 0. 0. 0. 0. 0. 0. 0. 0. 0. 0. 0.]",-0.020600807491321208,0.0003219466121355728,-1.639277728919781,0.1271680556812056,-0.05203239460937696,9.798253638380606,"[3.99999998e-08 0.00000000e+00 0.00000000e+00 0.00000000e+00
 3.99999998e-08 0.00000000e+00 0.00000000e+00 0.00000000e+00
 3.99999998e-08]","[0.000289 0.       0.       0.       0.000289 0.       0.       0.
 0.000289]"
1786809890.3683054,0.05091053576496085,0.05977436444712176,0.0,0.0,0.01018210715299217,0.011954872889424352,0.03788598896780135,-1.7277467216742002,1.467370236578041,0.049809544367695836,0.131913206914208,5.3365371727498445,-3.0404166293263306,"[0. 0. 0. 0. 0. 0. 0. 0. 0. 0. 0. 0. 0. 0. 0. 0. 0. 0. 0. 0. 0. 0. 0. 0.
 0. 0. 0. 0. 0. 0. 0. 0. 0. 0. 0. 0.]","[0. 0. 0. 0. 0. 0. 0. 0. 0. 0. 0. 0. 0. 0. 0. 0. 0. 0. 0. 0. 0. 0. 0. 0.
 0. 0. 0. 0. 0. 0. 0. 0. 0. 0. 0. 0.]",-0.021297520543843224,0.0004214403034045684,-1.7275321694727326,0.10908931792892777,-0.07876374073599955,9.822643579723767,"[3.99999998e-08 0.00000000e+00 0.00000000e+00 0.00000000e+00
 3.99999998e-08 0.00000000e+00 0.00000000e+00 0.00000000e+00
 3.99999998e-08]","[0.000289 0.       0.       0.       0.000289 0.       0.       0.
 0.000289]"
1786809890.4302852,0.05091053576496085,0.05977436444712176,0.0,0.0,0.01018210715299217,0.011954872889424352,0.03925830261528347,-1.7440398718820727,1.467370236578041,0.049809544367695836,0.131913206914208,5.417620980753182,-3.0383299132413435,"[0. 0. 0. 0. 0. 0. 0. 0. 0. 0. 0. 0. 0. 0. 0. 0. 0. 0. 0. 0. 0. 0. 0. 0.
 0. 0. 0. 0. 0. 0. 0. 0. 0. 0. 0. 0.]","[0. 0. 0. 0. 0. 0. 0. 0. 0. 0. 0. 0. 0. 0. 0. 0. 0. 0. 0. 0. 0. 0. 0. 0.
 0. 0. 0. 0. 0. 0. 0. 0. 0. 0. 0. 0.]",-0.021717369525719833,0.00020352518535886072,-1.7438302945790511,1.257443671588101,-0.08693949683014154,9.771979644308779,"[3.99999998e-08 0.00000000e+00 0.00000000e+00 0.00000000e+00
 3.99999998e-08 0.00000000e+00 0.00000000e+00 0.00000000e+00
 3.99999998e-08]","[0.000289 0.       0.       0.       0.000289 0.       0.       0.
 0.000289]"
1786809890.4659107,0.05471318881719034,0.06021165946420572,0.0,0.0,0.010942637763438068,0.012042331892841145,0.03925830261528347,-1.6228602356095152,1.468130767188487,0.04989700337111263,0.09726051360525578,5.12385216555215,-2.744561098029433,"[0. 0. 0. 0. 0. 0. 0. 0. 0. 0. 0. 0. 0. 0. 0. 0. 0. 0. 0. 0. 0. 0. 0. 0.
 0. 0. 0. 0. 0. 0. 0. 0. 0. 0. 0. 0.]","[0. 0. 0. 0. 0. 0. 0. 0. 0. 0. 0. 0. 0. 0. 0. 0. 0. 0. 0. 0. 0. 0. 0. 0.
 0. 0. 0. 0. 0. 0. 0. 0. 0. 0. 0. 0.]",-0.020388811140131826,7.020992262293362e-05,-1.622820884384621,0.11347678365620266,-0.08987229400349099,9.817447224913177,"[3.99999998e-08 0.00000000e+00 0.00000000e+00 0.00000000e+00
 3.99999998e-08 0.00000000e+00 0.00000000e+00 0.00000000e+00
 3.99999998e-08]","[0.000289 0.       0.       0.       0.000289 0.       0.       0.
 0.000289]"
1786809890.5168009,0.05866423826408562,0.060529855865284685,0.0,0.0,0.011732847652817124,0.012105971173056937,0.040678547681729606,-1.7023460396151362,1.468920977077866,0.04996064265132842,0.06377497301706375,5.359582753031534,-2.8942162269433815,"[0. 0. 0. 0. 0. 0. 0. 0. 0. 0. 0. 0. 0. 0. 0. 0. 0. 0. 0. 0. 0. 0. 0. 0.
 0. 0. 0. 0. 0. 0. 0. 0. 0. 0. 0. 0.]","[0. 0. 0. 0. 0. 0. 0. 0. 0. 0. 0. 0. 0. 0. 0. 0. 0. 0. 0. 0. 0. 0. 0. 0.
 0. 0. 0. 0. 0. 0. 0. 0. 0. 0. 0. 0.]",-0.02090950070733609,0.0004644917321404135,-1.7019744220978519,0.1345062358029258,-0.12143660637050267,9.777626511266288,"[3.99999998e-08 0.00000000e+00 0.00000000e+00 0.00000000e+00
 3.99999998e-08 0.00000000e+00 0.00000000e+00 0.00000000e+00
 3.99999998e-08]","[0.000289 0.       0.       0.       0.000289 0.       0.       0.
 0.000289]"
1786809890.5694463,0.05866423826408562,0.060529855865284685,0.0,0.0,0.011732847652817124,0.012105971173056937,0.04214663777271428,-1.7291716620240472,1.468920977077866,0.04996064265132842,0.06377497301706375,5.469102143446661,-2.9147604603315793,"[0. 0. 0. 0. 0. 0. 0. 0. 0. 0. 0. 0. 0. 0. 0. 0. 0. 0. 0. 0. 0. 0. 0. 0.
 0. 0. 0. 0. 0. 0. 0. 0. 0. 0. 0. 0.]","[0. 0. 0. 0. 0. 0. 0. 0. 0. 0. 0. 0. 0. 0. 0. 0. 0. 0. 0. 0. 0. 0. 0. 0.
 0. 0. 0. 0. 0. 0. 0. 0. 0. 0. 0. 0.]",-0.02123519322136829,6.529586562604691e-05,-1.7293785875563863,0.129138547404673,-0.10825815021553707,9.802504424407951,"[3.99999998e-08 0.00000000e+00 0.00000000e+00 0.00000000e+00
 3.99999998e-08 0.00000000e+00 0.00000000e+00 0.00000000e+00
 3.99999998e-08]","[0.000289 0.       0.       0.       0.000289 0.       0.       0.
 0.000289]"
1786809890.6158957,0.06279847396891358,0.06072237219749966,0.0,0.0,0.012559694793782716,0.012144474439499932,0.04214663777271428,-1.6173917134487303,1.4697478242188315,0.049999145917771416,0.029459796043143475,5.198120450827602,-2.6437787676991977,"[0. 0. 0. 0. 0. 0. 0. 0. 0. 0. 0. 0. 0. 0. 0. 0. 0. 0. 0. 0. 0. 0. 0. 0.
 0. 0. 0. 0. 0. 0. 0. 0. 0. 0. 0. 0.]","[0. 0. 0. 0. 0. 0. 0. 0. 0. 0. 0. 0. 0. 0. 0. 0. 0. 0. 0. 0. 0. 0. 0. 0.
 0. 0. 0. 0. 0. 0. 0. 0. 0. 0. 0. 0.]",-0.019839543013285915,0.00018993288321496283,-1.6173460635217871,0.12214481849978563,-0.06925547543495117,9.803957513559379,"[3.99999998e-08 0.00000000e+00 0.00000000e+00 0.00000000e+00
 3.99999998e-08 0.00000000e+00 0.00000000e+00 0.00000000e+00
 3.99999998e-08]","[0.000289 0.       0.       0.       0.000289 0.       0.       0.
 0.000289]"
1786809890.667445,0.06703218701074709,0.06077574198451858,0.0,0.0,0.013406437402149418,0.012155148396903716,0.043677382070460666,-1.6803586773329673,1.4705945668271982,0.0500098198751752,-0.0038118814352035577,5.397153825949123,-2.750039761148003,"[0. 0. 0. 0. 0. 0. 0. 0. 0. 0. 0. 0. 0. 0. 0. 0. 0. 0. 0. 0. 0. 0. 0. 0.
 0. 0. 0. 0. 0. 0. 0. 0. 0. 0. 0. 0.]","[0. 0. 0. 0. 0. 0. 0. 0. 0. 0. 0. 0. 0. 0. 0. 0. 0. 0. 0. 0. 0. 0. 0. 0.
 0. 0. 0. 0. 0. 0. 0. 0. 0. 0. 0. 0.]",-0.020742314005198347,0.00025517281287360135,-1.6800562553102925,0.09700836411672221,-0.10733731556351793,9.817018288196817,"[3.99999998e-08 0.00000000e+00 0.00000000e+00 0.00000000e+00
 3.99999998e-08 0.00000000e+00 0.00000000e+00 0.00000000e+00
 3.99999998e-08]","[0.000289 0.       0.       0.       0.000289 0.       0.       0.
 0.000289]"
1786809890.716953,0.07139879161199736,0.06068570963131143,0.0,0.0,0.014279758322399472,0.012137141926262286,0.045241034772683264,-1.7112524112450613,1.4714678877474483,0.04999181340453377,-0.03741905498195491,5.519431141531369,-2.777550246295346,"[0. 0. 0. 0. 0. 0. 0. 0. 0. 0. 0. 0. 0. 0. 0. 0. 0. 0. 0. 0. 0. 0. 0. 0.
 0. 0. 0. 0. 0. 0. 0. 0. 0. 0. 0. 0.]","[0. 0. 0. 0. 0. 0. 0. 0. 0. 0. 0. 0. 0. 0. 0. 0. 0. 0. 0. 0. 0. 0. 0. 0.
 0. 0. 0. 0. 0. 0. 0. 0. 0. 0. 0. 0.]",-0.021607077246931252,4.443357520587047e-05,-1.711174163647625,0.6958749835144533,-0.11446066130315319,9.8053829187902,"[3.99999998e-08 0.00000000e+00 0.00000000e+00 0.00000000e+00
 3.99999998e-08 0.00000000e+00 0.00000000e+00 0.00000000e+00
 3.99999998e-08]","[0.000289 0.       0.       0.       0.000289 0.       0.       0.
 0.000289]"
1786809890.7675579,0.07594358196031381,0.06043650628784106,0.0,0.0,0.015188716392062762,0.012087301257568211,0.046852275283889015,-1.787571425048528,1.4723768458171116,0.049941972735839696,-0.07213421208355515,5.753272402631608,-2.913740567329602,"[0. 0. 0. 0. 0. 0. 0. 0. 0. 0. 0. 0. 0. 0. 0. 0. 0. 0. 0. 0. 0. 0. 0. 0.
 0. 0. 0. 0. 0. 0. 0. 0. 0. 0. 0. 0.]","[0. 0. 0. 0. 0. 0. 0. 0. 0. 0. 0. 0. 0. 0. 0. 0. 0. 0. 0. 0. 0. 0. 0. 0.
 0. 0. 0. 0. 0. 0. 0. 0. 0. 0. 0. 0.]",-0.022468041255181783,2.43854910775061e-05,-1.7871523576966568,0.10000521850713158,-0.11943173629968647,9.79081369633783,"[3.99999998e-08 0.00000000e+00 0.00000000e+00 0.00000000e+00
 3.99999998e-08 0.00000000e+00 0.00000000e+00 0.00000000e+00
 3.99999998e-08]","[0.000289 0.       0.       0.       0.000289 0.       0.       0.
 0.000289]"
1786809890.8169496,0.07594358196031381,0.06043650628784106,0.0,0.0,0.015188716392062762,0.012087301257568211,0.04852833948643605,-1.8182564111185504,1.4723768458171116,0.049941972735839696,-0.07213421208355515,5.878450071968173,-2.9373385880299017,"[0. 0. 0. 0. 0. 0. 0. 0. 0. 0. 0. 0. 0. 0. 0. 0. 0. 0. 0. 0. 0. 0. 0. 0.
 0. 0. 0. 0. 0. 0. 0. 0. 0. 0. 0. 0.]","[0. 0. 0. 0. 0. 0. 0. 0. 0. 0. 0. 0. 0. 0. 0. 0. 0. 0. 0. 0. 0. 0. 0. 0.
 0. 0. 0. 0. 0. 0. 0. 0. 0. 0. 0. 0.]",-0.022737953733567073,1.9072799915909234e-05,-1.8178827530575812,0.12485541468657685,-0.10800256636115163,9.784302810901247,"[3.99999998e-08 0.00000000e+00 0.00000000e+00 0.00000000e+00
 3.99999998e-08 0.00000000e+00 0.00000000e+00 0.00000000e+00
 3.99999998e-08]","[0.000289 0.       0.       0.       0.000289 0.       0.       0.
 0.000289]"
1786809890.8672924,0.08067290677698957,0.06000872082154957,0.0,0.0,0.016134581355397914,0.012001744164309915,0.04852833948643605,-1.7015464360405703,1.4733227107804467,0.0498564156425814,-0.10813112042452072,5.595516799055755,-2.6544053151065405,"[0. 0. 0. 0. 0. 0. 0. 0. 0. 0. 0. 0. 0. 0. 0. 0. 0. 0. 0. 0. 0. 0. 0. 0.
 0. 0. 0. 0. 0. 0. 0. 0. 0. 0. 0. 0.]","[0. 0. 0. 0. 0. 0. 0. 0. 0. 0. 0. 0. 0. 0. 0. 0. 0. 0. 0. 0. 0. 0. 0. 0.
 0. 0. 0. 0. 0. 0. 0. 0. 0. 0. 0. 0.]",-0.021024792610283467,0.0002472556193205971,-1.7014435708341586,0.14542544896416926,-0.1240439471547772,9.794442803859758,"[3.99999998e-08 0.00000000e+00 0.00000000e+00 0.00000000e+00
 3.99999998e-08 0.00000000e+00 0.00000000e+00 0.00000000e+00
 3.99999998e-08]","[0.000289 0.       0.       0.       0.000289 0.       0.       0.
 0.000289]"
1786809890.9262798,0.0855057412734006,0.059398139074801626,0.0,0.0,0.01710114825468012,0.011879627814960325,0.05027217038901227,-1.7447473610286703,1.474289277679729,0.04973429929323181,-0.14280382382348986,5.753089674860748,-2.7062914695472533,"[0. 0. 0. 0. 0. 0. 0. 0. 0. 0. 0. 0. 0. 0. 0. 0. 0. 0. 0. 0. 0. 0. 0. 0.
 0. 0. 0. 0. 0. 0. 0. 0. 0. 0. 0. 0.]","[0. 0. 0. 0. 0. 0. 0. 0. 0. 0. 0. 0. 0. 0. 0. 0. 0. 0. 0. 0. 0. 0. 0. 0.
 0. 0. 0. 0. 0. 0. 0. 0. 0. 0. 0. 0.]",-0.02171544424964149,0.0001317063187989035,-1.7448540864445137,0.12138342442854808,-0.15210474012684505,9.808573593402178,"[3.99999998e-08 0.00000000e+00 0.00000000e+00 0.00000000e+00
 3.99999998e-08 0.00000000e+00 0.00000000e+00 0.00000000e+00
 3.99999998e-08]","[0.000289 0.       0.       0.       0.000289 0.       0.       0.
 0.000289]"
1786809890.9690998,0.09050835001182422,0.058588911533090544,0.0,0.0,0.018101670002364845,0.011717782306618109,0.05205614929156593,-1.7648610461132423,1.4752897994274137,0.04957245378488959,-0.17779933943766912,5.855910090294549,-2.7009919514948337,"[0. 0. 0. 0. 0. 0. 0. 0. 0. 0. 0. 0. 0. 0. 0. 0. 0. 0. 0. 0. 0. 0. 0. 0.
 0. 0. 0. 0. 0. 0. 0. 0. 0. 0. 0. 0.]","[0. 0. 0. 0. 0. 0. 0. 0. 0. 0. 0. 0. 0. 0. 0. 0. 0. 0. 0. 0. 0. 0. 0. 0.
 0. 0. 0. 0. 0. 0. 0. 0. 0. 0. 0. 0.]",-0.021818646342067313,0.00015846942366741393,-1.7646630376470493,0.11527235163986244,-0.16417739743994048,9.796249585583473,"[3.99999998e-08 0.00000000e+00 0.00000000e+00 0.00000000e+00
 3.99999998e-08 0.00000000e+00 0.00000000e+00 0.00000000e+00
 3.99999998e-08]","[0.000289 0.       0.       0.       0.000289 0.       0.       0.
 0.000289]"
1786809891.0173032,0.09567409144262018,0.05756472196578714,0.0,0.0,0.019134818288524036,0.011512944393157427,0.05390830635554968,-1.8643335894835154,1.4763229477135729,0.04936761587142891,-0.21383765354356807,6.153181621612523,-2.886011539550697,"[0. 0. 0. 0. 0. 0. 0. 0. 0. 0. 0. 0. 0. 0. 0. 0. 0. 0. 0. 0. 0. 0. 0. 0.
 0. 0. 0. 0. 0. 0. 0. 0. 0. 0. 0. 0.]","[0. 0. 0. 0. 0. 0. 0. 0. 0. 0. 0. 0. 0. 0. 0. 0. 0. 0. 0. 0. 0. 0. 0. 0.
 0. 0. 0. 0. 0. 0. 0. 0. 0. 0. 0. 0.]",-0.022930177484971156,4.4703880972050676e-05,-1.8641066689286252,0.16542756066136444,-0.14180271234357317,9.84448480389779,"[3.99999998e-08 0.00000000e+00 0.00000000e+00 0.00000000e+00
 3.99999998e-08 0.00000000e+00 0.00000000e+00 0.00000000e+00
 3.99999998e-08]","[0.000289 0.       0.       0.       0.000289 0.       0.       0.
 0.000289]"
1786809891.0652447,0.10103614671873484,0.0562934007872409,0.0,0.0,0.02020722934374697,0.01125868015744818,0.05582837313671522,-1.902786631811865,1.4773953587687958,0.049113351635719664,-0.25162421482265596,6.304584960018575,-2.9210471942536183,"[0. 0. 0. 0. 0. 0. 0. 0. 0. 0. 0. 0. 0. 0. 0. 0. 0. 0. 0. 0. 0. 0. 0. 0.
 0. 0. 0. 0. 0. 0. 0. 0. 0. 0. 0. 0.]","[0. 0. 0. 0. 0. 0. 0. 0. 0. 0. 0. 0. 0. 0. 0. 0. 0. 0. 0. 0. 0. 0. 0. 0.
 0. 0. 0. 0. 0. 0. 0. 0. 0. 0. 0. 0.]",-0.023808561154470966,0.00036229359910600425,-1.902594781950502,0.12261018184414547,-0.12092221902808237,9.800893859283462,"[3.99999998e-08 0.00000000e+00 0.00000000e+00 0.00000000e+00
 3.99999998e-08 0.00000000e+00 0.00000000e+00 0.00000000e+00
 3.99999998e-08]","[0.000289 0.       0.       0.       0.000289 0.       0.       0.
 0.000289]"
1786809891.1171863,0.10644899856433132,0.05479091237812213,0.0,0.0,0.021289799712866264,0.010958182475624426,0.05783003094405762,-1.931555644314285,1.478477929137915,0.04881285395389591,-0.2897950234634061,6.434984317822254,-2.930133957675855,"[0. 0. 0. 0. 0. 0. 0. 0. 0. 0. 0. 0. 0. 0. 0. 0. 0. 0. 0. 0. 0. 0. 0. 0.
 0. 0. 0. 0. 0. 0. 0. 0. 0. 0. 0. 0.]","[0. 0. 0. 0. 0. 0. 0. 0. 0. 0. 0. 0. 0. 0. 0. 0. 0. 0. 0. 0. 0. 0. 0. 0.
 0. 0. 0. 0. 0. 0. 0. 0. 0. 0. 0. 0.]",-0.024469928154736007,-1.2110557662491498e-05,-1.931493250946932,0.14941031535759447,-0.13017099498206686,9.812638097966174,"[3.99999998e-08 0.00000000e+00 0.00000000e+00 0.00000000e+00
 3.99999998e-08 0.00000000e+00 0.00000000e+00 0.00000000e+00
 3.99999998e-08]","[0.000289 0.       0.       0.       0.000289 0.       0.       0.
 0.000289]"
1786809891.1665118,0.11203919667120421,0.05300440853164841,0.0,0.0,0.022407839334240842,0.010600881706329682,0.05986115888991807,-1.9541547324919106,1.4795959687592897,0.048455553184601166,-0.3286295281075687,6.551319317824172,-2.9233702942946342,"[0. 0. 0. 0. 0. 0. 0. 0. 0. 0. 0. 0. 0. 0. 0. 0. 0. 0. 0. 0. 0. 0. 0. 0.
 0. 0. 0. 0. 0. 0. 0. 0. 0. 0. 0. 0.]","[0. 0. 0. 0. 0. 0. 0. 0. 0. 0. 0. 0. 0. 0. 0. 0. 0. 0. 0. 0. 0. 0. 0. 0.
 0. 0. 0. 0. 0. 0. 0. 0. 0. 0. 0. 0.]",-0.023965508012591577,-0.00014373840904229225,-1.9539929291290068,0.11505879178541632,-0.1611039783796948,9.788272467786655,"[3.99999998e-08 0.00000000e+00 0.00000000e+00 0.00000000e+00
 3.99999998e-08 0.00000000e+00 0.00000000e+00 0.00000000e+00
 3.99999998e-08]","[0.000289 0.       0.       0.       0.000289 0.       0.       0.
 0.000289]"
1786809891.2182448,0.11775873432994799,0.050926875684755187,0.0,0.0,0.023551746865989598,0.010185375136951037,0.06197226983602961,-1.9842284691718668,1.4807398762910384,0.04804004661522252,-0.3680133600766509,6.688198405111726,-2.932303263639198,"[0. 0. 0. 0. 0. 0. 0. 0. 0. 0. 0. 0. 0. 0. 0. 0. 0. 0. 0. 0. 0. 0. 0. 0.
 0. 0. 0. 0. 0. 0. 0. 0. 0. 0. 0. 0.]","[0. 0. 0. 0. 0. 0. 0. 0. 0. 0. 0. 0. 0. 0. 0. 0. 0. 0. 0. 0. 0. 0. 0. 0.
 0. 0. 0. 0. 0. 0. 0. 0. 0. 0. 0. 0.]",-0.024404265566006354,-0.00010636084688147259,-1.983959063471411,0.14607832906289328,-0.1638644797537342,9.81094548272828,"[3.99999998e-08 0.00000000e+00 0.00000000e+00 0.00000000e+00
 3.99999998e-08 0.00000000e+00 0.00000000e+00 0.00000000e+00
 3.99999998e-08]","[0.000289 0.       0.       0.       0.000289 0.       0.       0.
 0.000289]"
1786809891.268879,0.12360928551147343,0.0485348204825424,0.0,0.0,0.024721857102294686,0.00970696409650848,0.06414956386835724,-2.011094881844892,1.4819099865273435,0.047561635574779965,-0.4080203263696973,6.8193077095408,-2.931455353990679,"[0. 0. 0. 0. 0. 0. 0. 0. 0. 0. 0. 0. 0. 0. 0. 0. 0. 0. 0. 0. 0. 0. 0. 0.
 0. 0. 0. 0. 0. 0. 0. 0. 0. 0. 0. 0.]","[0. 0. 0. 0. 0. 0. 0. 0. 0. 0. 0. 0. 0. 0. 0. 0. 0. 0. 0. 0. 0. 0. 0. 0.
 0. 0. 0. 0. 0. 0. 0. 0. 0. 0. 0. 0.]",-0.02508650336003114,7.409513119024384e-05,-2.010658833634956,0.106549670691907,-0.18769500147901125,9.79423223064709,"[3.99999998e-08 0.00000000e+00 0.00000000e+00 0.00000000e+00
 3.99999998e-08 0.00000000e+00 0.00000000e+00 0.00000000e+00
 3.99999998e-08]","[0.000289 0.       0.       0.       0.000289 0.       0.       0.
 0.000289]"
1786809891.3153572,0.12360928551147343,0.0485348204825424,0.0,0.0,0.024721857102294686,0.00970696409650848,0.06639820077368357,-2.017500687607808,1.4819099865273435,0.047561635574779965,-0.4080203263696973,6.895442995396501,-2.8863785197703016,"[0. 0. 0. 0. 0. 0. 0. 0. 0. 0. 0. 0. 0. 0. 0. 0. 0. 0. 0. 0. 0. 0. 0. 0.
 0. 0. 0. 0. 0. 0. 0. 0. 0. 0. 0. 0.]","[0. 0. 0. 0. 0. 0. 0. 0. 0. 0. 0. 0. 0. 0. 0. 0. 0. 0. 0. 0. 0. 0. 0. 0.
 0. 0. 0. 0. 0. 0. 0. 0. 0. 0. 0. 0.]",-0.025248303663211586,0.00043525740098205305,-2.0174680213479927,1.1165631793997874,-0.15910053808660204,9.788519672413535,"[3.99999998e-08 0.00000000e+00 0.00000000e+00 0.00000000e+00
 3.99999998e-08 0.00000000e+00 0.00000000e+00 0.00000000e+00
 3.99999998e-08]","[0.000289 0.       0.       0.       0.000289 0.       0.       0.
 0.000289]"
1786809891.3650627,0.12360928551147343,0.0485348204825424,0.0,0.0,0.024721857102294686,0.00970696409650848,0.06639820077368357,-1.8907446560341712,1.483111510259039,0.04701367004043994,-0.4469391051706075,6.5956900986517155,-2.5715567185238437,"[0. 0. 0. 0. 0. 0. 0. 0. 0. 0. 0. 0. 0. 0. 0. 0. 0. 0. 0. 0. 0. 0. 0. 0.
 0. 0. 0. 0. 0. 0. 0. 0. 0. 0. 0. 0.]","[0. 0. 0. 0. 0. 0. 0. 0. 0. 0. 0. 0. 0. 0. 0. 0. 0. 0. 0. 0. 0. 0. 0. 0.
 0. 0. 0. 0. 0. 0. 0. 0. 0. 0. 0. 0.]",-0.023660121680073264,-0.00038363324781319177,-1.8904405632849648,0.13397083416533295,-0.1671004772324096,9.84415366896847,"[3.99999998e-08 0.00000000e+00 0.00000000e+00 0.00000000e+00
 3.99999998e-08 0.00000000e+00 0.00000000e+00 0.00000000e+00
 3.99999998e-08]","[0.000289 0.       0.       0.       0.000289 0.       0.       0.
 0.000289]"
1786809891.427567,0.1296169041699513,0.04579499281084226,0.0,0.0,0.02592338083399026,0.009158998562168452,0.0687344950027776,-1.9447096224944602,1.483111510259039,0.04701367004043994,-0.4469391051706075,6.797311054587191,-2.6315840848227765,"[0. 0. 0. 0. 0. 0. 0. 0. 0. 0. 0. 0. 0. 0. 0. 0. 0. 0. 0. 0. 0. 0. 0. 0.
 0. 0. 0. 0. 0. 0. 0. 0. 0. 0. 0. 0.]","[0. 0. 0. 0. 0. 0. 0. 0. 0. 0. 0. 0. 0. 0. 0. 0. 0. 0. 0. 0. 0. 0. 0. 0.
 0. 0. 0. 0. 0. 0. 0. 0. 0. 0. 0. 0.]",-0.023827105115887686,9.902902601188328e-06,-1.9444819995713771,0.11556936690662382,-0.16683677581681253,9.786577693295596,"[3.99999998e-08 0.00000000e+00 0.00000000e+00 0.00000000e+00
 3.99999998e-08 0.00000000e+00 0.00000000e+00 0.00000000e+00
 3.99999998e-08]","[0.000289 0.       0.       0.       0.000289 0.       0.       0.
 0.000289]"
1786809891.4658191,0.13570924555105446,0.04272885957043764,0.0,0.0,0.02714184911021089,0.008545771914087529,0.0687344950027776,-1.835964878330805,1.4843299785352597,0.04640044339235901,-0.4851409631203564,6.533687432376619,-2.3679604626012414,"[0. 0. 0. 0. 0. 0. 0. 0. 0. 0. 0. 0. 0. 0. 0. 0. 0. 0. 0. 0. 0. 0. 0. 0.
 0. 0. 0. 0. 0. 0. 0. 0. 0. 0. 0. 0.]","[0. 0. 0. 0. 0. 0. 0. 0. 0. 0. 0. 0. 0. 0. 0. 0. 0. 0. 0. 0. 0. 0. 0. 0.
 0. 0. 0. 0. 0. 0. 0. 0. 0. 0. 0. 0.]",-0.02280188523050551,0.0003336516446044061,-1.83597413224296,0.10978396790370343,-0.130276901765164,9.78970509262945,"[3.99999998e-08 0.00000000e+00 0.00000000e+00 0.00000000e+00
 3.99999998e-08 0.00000000e+00 0.00000000e+00 0.00000000e+00
 3.99999998e-08]","[0.000289 0.       0.       0.       0.000289 0.       0.       0.
 0.000289]"
1786809891.519757,0.14172935422555044,0.03941264312724586,0.0,0.0,0.028345870845110088,0.007882528625449171,0.0711385176402815,-1.9155689279722006,1.485534000270159,0.045737200103720656,-0.5218602606871184,6.799516117489858,-2.4880908060555433,"[0. 0. 0. 0. 0. 0. 0. 0. 0. 0. 0. 0. 0. 0. 0. 0. 0. 0. 0. 0. 0. 0. 0. 0.
 0. 0. 0. 0. 0. 0. 0. 0. 0. 0. 0. 0.]","[0. 0. 0. 0. 0. 0. 0. 0. 0. 0. 0. 0. 0. 0. 0. 0. 0. 0. 0. 0. 0. 0. 0. 0.
 0. 0. 0. 0. 0. 0. 0. 0. 0. 0. 0. 0.]",-0.023878004304081723,0.0001445440829101759,-1.9155462056177621,0.12197581729342381,-0.16192292173995285,9.80946437269599,"[3.99999998e-08 0.00000000e+00 0.00000000e+00 0.00000000e+00
 3.99999998e-08 0.00000000e+00 0.00000000e+00 0.00000000e+00
 3.99999998e-08]","[0.000289 0.       0.       0.       0.000289 0.       0.       0.
 0.000289]"
1786809891.5655775,0.14782482089115034,0.03575012887949133,0.0,0.0,0.02956496417823007,0.007150025775898267,0.0735536645712965,-1.9656473219491994,1.486753093603279,0.04500469725416975,-0.560208835907966,6.994104555342491,-2.536306702639731,"[0. 0. 0. 0. 0. 0. 0. 0. 0. 0. 0. 0. 0. 0. 0. 0. 0. 0. 0. 0. 0. 0. 0. 0.
 0. 0. 0. 0. 0. 0. 0. 0. 0. 0. 0. 0.]","[0. 0. 0. 0. 0. 0. 0. 0. 0. 0. 0. 0. 0. 0. 0. 0. 0. 0. 0. 0. 0. 0. 0. 0.
 0. 0. 0. 0. 0. 0. 0. 0. 0. 0. 0. 0.]",-0.024279045020529192,-0.00014328541277552719,-1.9655560179982121,0.14201923418713208,-0.1906266818993294,9.812815000344223,"[3.99999998e-08 0.00000000e+00 0.00000000e+00 0.00000000e+00
 3.99999998e-08 0.00000000e+00 0.00000000e+00 0.00000000e+00
 3.99999998e-08]","[0.000289 0.       0.       0.       0.000289 0.       0.       0.
 0.000289]"
1786809891.6163101,0.1540396564432578,0.03167776005590053,0.0,0.0,0.030807931288651558,0.006335552011180107,0.07604316107711613,-2.0183840836829168,1.4879960607137004,0.04419022348945159,-0.5998862341885849,7.197390538508344,-2.5887141097009176,"[0. 0. 0. 0. 0. 0. 0. 0. 0. 0. 0. 0. 0. 0. 0. 0. 0. 0. 0. 0. 0. 0. 0. 0.
 0. 0. 0. 0. 0. 0. 0. 0. 0. 0. 0. 0.]","[0. 0. 0. 0. 0. 0. 0. 0. 0. 0. 0. 0. 0. 0. 0. 0. 0. 0. 0. 0. 0. 0. 0. 0.
 0. 0. 0. 0. 0. 0. 0. 0. 0. 0. 0. 0.]",-0.02498435012465325,-7.430409129566857e-07,-2.017995153081524,0.10266385464511539,-0.2016546365942374,9.841422689337818,"[3.99999998e-08 0.00000000e+00 0.00000000e+00 0.00000000e+00
 3.99999998e-08 0.00000000e+00 0.00000000e+00 0.00000000e+00
 3.99999998e-08]","[0.000289 0.       0.       0.       0.000289 0.       0.       0.
 0.000289]"
1786809891.6683905,0.1603648256807566,0.027157969129368888,0.0,0.0,0.03207296513615132,0.0054315938258737775,0.07863157164796482,-2.062569770956334,1.4892610945612001,0.04328626530414526,-0.6408725154141787,7.382944040104982,-2.6173942433721478,"[0. 0. 0. 0. 0. 0. 0. 0. 0. 0. 0. 0. 0. 0. 0. 0. 0. 0. 0. 0. 0. 0. 0. 0.
 0. 0. 0. 0. 0. 0. 0. 0. 0. 0. 0. 0.]","[0. 0. 0. 0. 0. 0. 0. 0. 0. 0. 0. 0. 0. 0. 0. 0. 0. 0. 0. 0. 0. 0. 0. 0.
 0. 0. 0. 0. 0. 0. 0. 0. 0. 0. 0. 0.]",-0.025718233425876785,-0.0003462297305708368,-2.0626661412260288,0.13589616887640937,-0.1961966044068985,9.776339737131444,"[3.99999998e-08 0.00000000e+00 0.00000000e+00 0.00000000e+00
 3.99999998e-08 0.00000000e+00 0.00000000e+00 0.00000000e+00
 3.99999998e-08]","[0.000289 0.       0.       0.       0.000289 0.       0.       0.
 0.000289]"
1786809891.7156048,0.16668554643780809,0.022234160714735864,0.0,0.0,0.03333710928756162,0.004446832142947173,0.08132409329782166,-2.098909330148587,1.4905252387126104,0.04230150362121866,-0.6825599854861656,7.5526315063237535,-2.623898579300606,"[0. 0. 0. 0. 0. 0. 0. 0. 0. 0. 0. 0. 0. 0. 0. 0. 0. 0. 0. 0. 0. 0. 0. 0.
 0. 0. 0. 0. 0. 0. 0. 0. 0. 0. 0. 0.]","[0. 0. 0. 0. 0. 0. 0. 0. 0. 0. 0. 0. 0. 0. 0. 0. 0. 0. 0. 0. 0. 0. 0. 0.
 0. 0. 0. 0. 0. 0. 0. 0. 0. 0. 0. 0.]",-0.026181863337490632,-2.542724513932144e-06,-2.098693330196181,0.12701582503289718,-0.22793640036179663,9.809219417391404,"[3.99999998e-08 0.00000000e+00 0.00000000e+00 0.00000000e+00
 3.99999998e-08 0.00000000e+00 0.00000000e+00 0.00000000e+00
 3.99999998e-08]","[0.000289 0.       0.       0.       0.000289 0.       0.       0.
 0.000289]"
1786809891.7696562,0.1729080454553078,0.016954411649196185,0.0,0.0,0.03458160909106156,0.003390882329839237,0.0840809569610732,-2.1182789969712257,1.4917697385161104,0.04124555380811072,-0.7245962810590605,7.68312959750756,-2.5873140242289296,"[0. 0. 0. 0. 0. 0. 0. 0. 0. 0. 0. 0. 0. 0. 0. 0. 0. 0. 0. 0. 0. 0. 0. 0.
 0. 0. 0. 0. 0. 0. 0. 0. 0. 0. 0. 0.]","[0. 0. 0. 0. 0. 0. 0. 0. 0. 0. 0. 0. 0. 0. 0. 0. 0. 0. 0. 0. 0. 0. 0. 0.
 0. 0. 0. 0. 0. 0. 0. 0. 0. 0. 0. 0.]",-0.02649670422316359,-6.821585222686872e-05,-2.117916936138698,0.12066867864142088,-0.2211866324557538,9.803218174339218,"[3.99999998e-08 0.00000000e+00 0.00000000e+00 0.00000000e+00
 3.99999998e-08 0.00000000e+00 0.00000000e+00 0.00000000e+00
 3.99999998e-08]","[0.000289 0.       0.       0.       0.000289 0.       0.       0.
 0.000289]"
1786809891.8178024,0.1729080454553078,0.016954411649196185,0.0,0.0,0.03458160909106156,0.003390882329839237,0.08686864258399746,-2.1723044935637077,1.4930207614987647,0.040089294923806605,-0.7674421071528532,7.8985758202432645,-2.6338096031572356,"[0. 0. 0. 0. 0. 0. 0. 0. 0. 0. 0. 0. 0. 0. 0. 0. 0. 0. 0. 0. 0. 0. 0. 0.
 0. 0. 0. 0. 0. 0. 0. 0. 0. 0. 0. 0.]","[0. 0. 0. 0. 0. 0. 0. 0. 0. 0. 0. 0. 0. 0. 0. 0. 0. 0. 0. 0. 0. 0. 0. 0.
 0. 0. 0. 0. 0. 0. 0. 0. 0. 0. 0. 0.]",-0.027054042348828633,0.00036940766358118873,-2.1722787202758136,0.1361481192784585,-0.22437743979625283,9.788325327673729,"[3.99999998e-08 0.00000000e+00 0.00000000e+00 0.00000000e+00
 3.99999998e-08 0.00000000e+00 0.00000000e+00 0.00000000e+00
 3.99999998e-08]","[0.000289 0.       0.       0.       0.000289 0.       0.       0.
 0.000289]"
1786809891.8649569,0.1791631603685795,0.011173117227675604,0.0,0.0,0.0358326320737159,0.0022346234455351208,0.08975560787750356,-2.1912915699760322,1.4942485975510438,0.038852002420194286,-0.8109451582234384,8.032088893167577,-2.592355082537904,"[0. 0. 0. 0. 0. 0. 0. 0. 0. 0. 0. 0. 0. 0. 0. 0. 0. 0. 0. 0. 0. 0. 0. 0.
 0. 0. 0. 0. 0. 0. 0. 0. 0. 0. 0. 0.]","[0. 0. 0. 0. 0. 0. 0. 0. 0. 0. 0. 0. 0. 0. 0. 0. 0. 0. 0. 0. 0. 0. 0. 0.
 0. 0. 0. 0. 0. 0. 0. 0. 0. 0. 0. 0.]",-0.027270513361015134,-5.6515072729956054e-05,-2.1909931174200676,0.9959238051763619,-0.2387761110123604,9.799707700358287,"[3.99999998e-08 0.00000000e+00 0.00000000e+00 0.00000000e+00
 3.99999998e-08 0.00000000e+00 0.00000000e+00 0.00000000e+00
 3.99999998e-08]","[0.000289 0.       0.       0.       0.000289 0.       0.       0.
 0.000289]"
1786809891.9151227,0.1913455100633854,-0.001654722331128379,0.0,0.0,0.03826910201267708,-0.0003309444662256758,0.08975560787750356,-2.0609643065766825,1.495457231437726,0.03752372701204581,-0.8534538733258079,7.716144012204864,-2.276410201560437,"[0. 0. 0. 0. 0. 0. 0. 0. 0. 0. 0. 0. 0. 0. 0. 0. 0. 0. 0. 0. 0. 0. 0. 0.
 0. 0. 0. 0. 0. 0. 0. 0. 0. 0. 0. 0.]","[0. 0. 0. 0. 0. 0. 0. 0. 0. 0. 0. 0. 0. 0. 0. 0. 0. 0. 0. 0. 0. 0. 0. 0.
 0. 0. 0. 0. 0. 0. 0. 0. 0. 0. 0. 0.]",-0.02578002293545671,0.00014432468713780202,-2.0605849202847395,0.12196584600739584,-0.21772005469613023,9.804665754651774,"[3.99999998e-08 0.00000000e+00 0.00000000e+00 0.00000000e+00
 3.99999998e-08 0.00000000e+00 0.00000000e+00 0.00000000e+00
 3.99999998e-08]","[0.000289 0.       0.       0.       0.000289 0.       0.       0.
 0.000289]"
1786809891.9663775,0.1971760052026672,-0.008616383749772139,0.0,0.0,0.03943520104053344,-0.0017232767499544277,0.09567633240176258,5.0,1.4966233304655823,0.03613139472831706,-0.8915142622774501,6.024438130444854,-0.25832458259475144,"[0. 0. 0. 0. 0. 0. 0. 0. 0. 0. 0. 0. 0. 0. 0. 0. 0. 0. 0. 0. 0. 0. 0. 0.
 0. 0. 0. 0. 0. 0. 0. 0. 0. 0. 0. 0.]","[0. 0. 0. 0. 0. 0. 0. 0. 0. 0. 0. 0. 0. 0. 0. 0. 0. 0. 0. 0. 0. 0. 0. 0.
 0. 0. 0. 0. 0. 0. 0. 0. 0. 0. 0. 0.]",-0.01665217433316664,0.00041931968847452286,-1.2961109617246984,0.04396710264143301,-0.14276224056094608,9.809516128896835,"[3.99999998e-08 0.00000000e+00 0.00000000e+00 0.00000000e+00
 3.99999998e-08 0.00000000e+00 0.00000000e+00 0.00000000e+00
 3.99999998e-08]","[0.000289 0.       0.       0.       0.000289 0.       0.       0.
 0.000289]"
1786809892.0167778,0.2031925919769917,-0.016254016640862567,0.0,0.0,0.04063851839539834,-0.0032508033281725135,0.09868208942939644,5.0,1.4978266478204472,0.03460386815009897,-0.912172692405015,3.319952506474293,3.0630272993537546,"[0. 0. 0. 0. 0. 0. 0. 0. 0. 0. 0. 0. 0. 0. 0. 0. 0. 0. 0. 0. 0. 0. 0. 0.
 0. 0. 0. 0. 0. 0. 0. 0. 0. 0. 0. 0.]","[0. 0. 0. 0. 0. 0. 0. 0. 0. 0. 0. 0. 0. 0. 0. 0. 0. 0. 0. 0. 0. 0. 0. 0.
 0. 0. 0. 0. 0. 0. 0. 0. 0. 0. 0. 0.]",-0.0011276954776277277,0.00011190029398829193,-0.10098006291437787,0.11309230445099211,-0.015350616854230028,9.8185252041704,"[3.99999998e-08 0.00000000e+00 0.00000000e+00 0.00000000e+00
 3.99999998e-08 0.00000000e+00 0.00000000e+00 0.00000000e+00
 3.99999998e-08]","[0.000289 0.       0.       0.       0.000289 0.       0.       0.
 0.000289]"
1786809892.0649486,0.20960653688102515,-0.024582493058222625,0.0,0.0,0.04192130737620503,-0.004916498611644525,0.10192083017137575,5.0,1.4991094368012539,0.03293817286662696,-0.9137104602896846,0.5140993259836334,6.515536507420229,"[0. 0. 0. 0. 0. 0. 0. 0. 0. 0. 0. 0. 0. 0. 0. 0. 0. 0. 0. 0. 0. 0. 0. 0.
 0. 0. 0. 0. 0. 0. 0. 0. 0. 0. 0. 0.]","[0. 0. 0. 0. 0. 0. 0. 0. 0. 0. 0. 0. 0. 0. 0. 0. 0. 0. 0. 0. 0. 0. 0. 0.
 0. 0. 0. 0. 0. 0. 0. 0. 0. 0. 0. 0.]",0.013540960976414891,-0.00042683381503583347,1.094199887128765,0.06584158582216529,0.13593618531808466,9.802218586226845,"[3.99999998e-08 0.00000000e+00 0.00000000e+00 0.00000000e+00
 3.99999998e-08 0.00000000e+00 0.00000000e+00 0.00000000e+00
 3.99999998e-08]","[0.000289 0.       0.       0.       0.000289 0.       0.       0.
 0.000289]"
1786809892.1155157,0.21658007689557834,-0.03348684285645987,0.0,0.0,0.04331601537911567,-0.006697368571291974,0.10552156091080879,5.0,1.5005041448041645,0.03115730290697951,-0.8961257991455319,-0.3260300292603328,7.529906753704649,"[0. 0. 0. 0. 0. 0. 0. 0. 0. 0. 0. 0. 0. 0. 0. 0. 0. 0. 0. 0. 0. 0. 0. 0.
 0. 0. 0. 0. 0. 0. 0. 0. 0. 0. 0. 0.]","[0. 0. 0. 0. 0. 0. 0. 0. 0. 0. 0. 0. 0. 0. 0. 0. 0. 0. 0. 0. 0. 0. 0. 0.
 0. 0. 0. 0. 0. 0. 0. 0. 0. 0. 0. 0.]",0.019452375497527204,-0.00014133435499426574,1.5722948891595958,0.04463821652913797,0.21435342347745004,9.790371601284004,"[3.99999998e-08 0.00000000e+00 0.00000000e+00 0.00000000e+00
 3.99999998e-08 0.00000000e+00 0.00000000e+00 0.00000000e+00
 3.99999998e-08]","[0.000289 0.       0.       0.       0.000289 0.       0.       0.
 0.000289]"
1786809892.1653998,0.22425305936963458,-0.04275337792901936,0.0,0.0,0.044850611873926916,-0.008550675585803871,0.10957679767244052,5.0,1.5020387412989757,0.029303995892467613,-0.8594168657862847,-3.662625488788012,11.380079169558737,"[0. 0. 0. 0. 0. 0. 0. 0. 0. 0. 0. 0. 0. 0. 0. 0. 0. 0. 0. 0. 0. 0. 0. 0.
 0. 0. 0. 0. 0. 0. 0. 0. 0. 0. 0. 0.]","[0. 0. 0. 0. 0. 0. 0. 0. 0. 0. 0. 0. 0. 0. 0. 0. 0. 0. 0. 0. 0. 0. 0. 0.
 0. 0. 0. 0. 0. 0. 0. 0. 0. 0. 0. 0.]",0.03788648654340643,0.00012820296359432264,3.006107242099508,-0.09190231883146563,0.34111581261113616,9.78575005721142,"[3.99999998e-08 0.00000000e+00 0.00000000e+00 0.00000000e+00
 3.99999998e-08 0.00000000e+00 0.00000000e+00 0.00000000e+00
 3.99999998e-08]","[0.000289 0.       0.       0.       0.000289 0.       0.       0.
 0.000289]"
1786809892.2154102,0.23272155708389253,-0.052067654618823525,0.0,0.0,0.046544311416778505,-0.010413530923764704,0.11414605332750495,5.0,1.5037324408418273,0.02744114055450678,-0.8035819330398887,-6.147368694416557,13.996201776673303,"[0. 0. 0. 0. 0. 0. 0. 0. 0. 0. 0. 0. 0. 0. 0. 0. 0. 0. 0. 0. 0. 0. 0. 0.
 0. 0. 0. 0. 0. 0. 0. 0. 0. 0. 0. 0.]","[0. 0. 0. 0. 0. 0. 0. 0. 0. 0. 0. 0. 0. 0. 0. 0. 0. 0. 0. 0. 0. 0. 0. 0.
 0. 0. 0. 0. 0. 0. 0. 0. 0. 0. 0. 0.]",0.04944856310136987,0.0003026049566432064,3.962411348769186,-0.28929805577960577,0.4000193593586442,9.809523229206102,"[3.99999998e-08 0.00000000e+00 0.00000000e+00 0.00000000e+00
 3.99999998e-08 0.00000000e+00 0.00000000e+00 0.00000000e+00
 3.99999998e-08]","[0.000289 0.       0.       0.       0.000289 0.       0.       0.
 0.000289]"
1786809892.2652128,0.24109548053547708,-0.06612843008394644,0.0,0.0,0.05038205929699813,-0.013818950393873219,0.12478853717591484,5.0,1.507570188722047,0.024035721084398266,-0.634877125849033,-8.339741298138595,15.902682944496878,"[0. 0. 0. 0. 0. 0. 0. 0. 0. 0. 0. 0. 0. 0. 0. 0. 0. 0. 0. 0. 0. 0. 0. 0.
 0. 0. 0. 0. 0. 0. 0. 0. 0. 0. 0. 0.]","[0. 0. 0. 0. 0. 0. 0. 0. 0. 0. 0. 0. 0. 0. 0. 0. 0. 0. 0. 0. 0. 0. 0. 0.
 0. 0. 0. 0. 0. 0. 0. 0. 0. 0. 0. 0.]",0.06233831795176538,-0.00021113048197611488,4.999508370290579,0.10527696147855012,0.4257653691960455,9.794119548957081,"[3.99999998e-08 0.00000000e+00 0.00000000e+00 0.00000000e+00
 3.99999998e-08 0.00000000e+00 0.00000000e+00 0.00000000e+00
 3.99999998e-08]","[0.000289 0.       0.       0.       0.000289 0.       0.       0.
 0.000289]"
1786809892.3150184,0.24012877368908367,-0.06955696979150856,0.0,0.0,0.05246265924962956,-0.015196611170527882,0.125,5.0,1.5096507886746784,0.022658060307743602,-0.5348771258481503,-8.3333333337728,15.909090908863492,"[0. 0. 0. 0. 0. 0. 0. 0. 0. 0. 0. 0. 0. 0. 0. 0. 0. 0. 0. 0. 0. 0. 0. 0.
 0. 0. 0. 0. 0. 0. 0. 0. 0. 0. 0. 0.]","[0. 0. 0. 0. 0. 0. 0. 0. 0. 0. 0. 0. 0. 0. 0. 0. 0. 0. 0. 0. 0. 0. 0. 0.
 0. 0. 0. 0. 0. 0. 0. 0. 0. 0. 0. 0.]",0.062032593883972864,0.00024577222090794775,4.999596454485013,0.10654501927733301,0.39427688739152345,9.779967593323828,"[3.99999998e-08 0.00000000e+00 0.00000000e+00 0.00000000e+00
 3.99999998e-08 0.00000000e+00 0.00000000e+00 0.00000000e+00
 3.99999998e-08]","[0.000289 0.       0.       0.       0.000289 0.       0.       0.
 0.000289]"
1786809892.3713565,0.23950558149719303,-0.07167340114499549,0.0,0.0,0.05467356833702497,-0.016361374841253294,0.12499999999999999,5.0,1.5118616977620738,0.02149329663701819,-0.43487712584727434,-8.333333333773291,15.909090908864004,"[0. 0. 0. 0. 0. 0. 0. 0. 0. 0. 0. 0. 0. 0. 0. 0. 0. 0. 0. 0. 0. 0. 0. 0.
 0. 0. 0. 0. 0. 0. 0. 0. 0. 0. 0. 0.]","[0. 0. 0. 0. 0. 0. 0. 0. 0. 0. 0. 0. 0. 0. 0. 0. 0. 0. 0. 0. 0. 0. 0. 0.
 0. 0. 0. 0. 0. 0. 0. 0. 0. 0. 0. 0.]",0.06231125617082575,0.0002276191489406146,4.9994970698768615,0.12194456023719516,0.4160144532269578,9.804332675698577,"[3.99999998e-08 0.00000000e+00 0.00000000e+00 0.00000000e+00
 3.99999998e-08 0.00000000e+00 0.00000000e+00 0.00000000e+00
 3.99999998e-08]","[0.000289 0.       0.       0.       0.000289 0.       0.       0.
 0.000289]"
1786809892.4159117,0.23922156703261288,-0.07261571363321509,0.0,0.0,0.05695186762772986,-0.01728774107548673,0.125,4.516704119144789,1.5141399970527787,0.020566930402784754,-0.3394423763209142,-7.1617069558715345,14.737464531084887,"[0. 0. 0. 0. 0. 0. 0. 0. 0. 0. 0. 0. 0. 0. 0. 0. 0. 0. 0. 0. 0. 0. 0. 0.
 0. 0. 0. 0. 0. 0. 0. 0. 0. 0. 0. 0.]","[0. 0. 0. 0. 0. 0. 0. 0. 0. 0. 0. 0. 0. 0. 0. 0. 0. 0. 0. 0. 0. 0. 0. 0.
 0. 0. 0. 0. 0. 0. 0. 0. 0. 0. 0. 0.]",0.05628448197596311,-0.00011978129741243299,4.516256533385115,0.08951880299488837,0.3839934520132916,9.798225052137832,"[3.99999998e-08 0.00000000e+00 0.00000000e+00 0.00000000e+00
 3.99999998e-08 0.00000000e+00 0.00000000e+00 0.00000000e+00
 3.99999998e-08]","[0.000289 0.       0.       0.       0.000289 0.       0.       0.
 0.000289]"
1786809892.4654205,0.23922156703261288,-0.07261571363321509,0.0,0.0,0.05695186762772986,-0.01728774107548673,0.125,3.880757354681575,1.5141399970527787,0.020566930402784754,-0.3394423763209142,-6.80220613531585,14.166936138351362,"[0. 0. 0. 0. 0. 0. 0. 0. 0. 0. 0. 0. 0. 0. 0. 0. 0. 0. 0. 0. 0. 0. 0. 0.
 0. 0. 0. 0. 0. 0. 0. 0. 0. 0. 0. 0.]","[0. 0. 0. 0. 0. 0. 0. 0. 0. 0. 0. 0. 0. 0. 0. 0. 0. 0. 0. 0. 0. 0. 0. 0.
 0. 0. 0. 0. 0. 0. 0. 0. 0. 0. 0. 0.]",0.054055210681434075,-0.00012620446880757193,4.325030388782399,-0.31244046436997114,0.36758449669186943,9.789801818808009,"[3.99999998e-08 0.00000000e+00 0.00000000e+00 0.00000000e+00
 3.99999998e-08 0.00000000e+00 0.00000000e+00 0.00000000e+00
 3.99999998e-08]","[0.000289 0.       0.       0.       0.000289 0.       0.       0.
 0.000289]"
1786809892.5164547,0.2392204774172321,-0.07261930311061614,0.0,0.0,0.05930605333351324,-0.01800332609406677,0.125,3.389294097974634,1.516494182758562,0.019851345384204716,-0.2512648063264761,-5.887057276163469,12.764787068668022,"[0. 0. 0. 0. 0. 0. 0. 0. 0. 0. 0. 0. 0. 0. 0. 0. 0. 0. 0. 0. 0. 0. 0. 0.
 0. 0. 0. 0. 0. 0. 0. 0. 0. 0. 0. 0.]","[0. 0. 0. 0. 0. 0. 0. 0. 0. 0. 0. 0. 0. 0. 0. 0. 0. 0. 0. 0. 0. 0. 0. 0.
 0. 0. 0. 0. 0. 0. 0. 0. 0. 0. 0. 0.]",0.0482053210435309,0.0001320614976880763,3.8476085787427423,-0.2084862143740352,0.3089012589061988,9.834893190455166,"[3.99999998e-08 0.00000000e+00 0.00000000e+00 0.00000000e+00
 3.99999998e-08 0.00000000e+00 0.00000000e+00 0.00000000e+00
 3.99999998e-08]","[0.000289 0.       0.       0.       0.000289 0.       0.       0.
 0.000289]"
1786809892.5779483,0.23942879047445212,-0.07192950918740446,0.0,0.0,0.06154302591395133,-0.018488836029811478,0.12499999999999999,2.9960637379139365,1.5187311553390002,0.019365835448460007,-0.17956723465881727,-3.6772439800565566,11.051063785748035,"[0. 0. 0. 0. 0. 0. 0. 0. 0. 0. 0. 0. 0. 0. 0. 0. 0. 0. 0. 0. 0. 0. 0. 0.
 0. 0. 0. 0. 0. 0. 0. 0. 0. 0. 0. 0.]","[0. 0. 0. 0. 0. 0. 0. 0. 0. 0. 0. 0. 0. 0. 0. 0. 0. 0. 0. 0. 0. 0. 0. 0.
 0. 0. 0. 0. 0. 0. 0. 0. 0. 0. 0. 0.]",0.039397951723901974,-0.00022938109510283895,3.1322520169073087,-0.10954642216827523,0.27959187913235223,9.805074701955762,"[3.99999998e-08 0.00000000e+00 0.00000000e+00 0.00000000e+00
 3.99999998e-08 0.00000000e+00 0.00000000e+00 0.00000000e+00
 3.99999998e-08]","[0.000289 0.       0.       0.       0.000289 0.       0.       0.
 0.000289]"
1786809892.6193163,0.23942879047445212,-0.07192950918740446,0.0,0.0,0.06154302591395133,-0.018488836029811478,0.12499999999999999,2.6953208734608394,1.5187311553390002,0.019365835448460007,-0.17956723465881727,-2.7462324213811242,10.321989996941477,"[0. 0. 0. 0. 0. 0. 0. 0. 0. 0. 0. 0. 0. 0. 0. 0. 0. 0. 0. 0. 0. 0. 0. 0.
 0. 0. 0. 0. 0. 0. 0. 0. 0. 0. 0. 0.]","[0. 0. 0. 0. 0. 0. 0. 0. 0. 0. 0. 0. 0. 0. 0. 0. 0. 0. 0. 0. 0. 0. 0. 0.
 0. 0. 0. 0. 0. 0. 0. 0. 0. 0. 0. 0.]",0.03471292043658676,0.000594243393419398,2.8047089636477636,-0.03816644571664871,0.2510281245834048,9.799640102567167,"[3.99999998e-08 0.00000000e+00 0.00000000e+00 0.00000000e+00
 3.99999998e-08 0.00000000e+00 0.00000000e+00 0.00000000e+00
 3.99999998e-08]","[0.000289 0.       0.       0.       0.000289 0.       0.       0.
 0.000289]"
1786809892.670351,0.23980177607605843,-0.07067607933924987,0.0,0.0,0.0639906795047982,-0.01885978667738967,0.12499999999999999,2.441231637520418,1.521178808929847,0.018994884800881816,-0.12321809944335899,-2.1302585153370113,9.706016090935595,"[0. 0. 0. 0. 0. 0. 0. 0. 0. 0. 0. 0. 0. 0. 0. 0. 0. 0. 0. 0. 0. 0. 0. 0.
 0. 0. 0. 0. 0. 0. 0. 0. 0. 0. 0. 0.]","[0. 0. 0. 0. 0. 0. 0. 0. 0. 0. 0. 0. 0. 0. 0. 0. 0. 0. 0. 0. 0. 0. 0. 0.
 0. 0. 0. 0. 0. 0. 0. 0. 0. 0. 0. 0.]",0.030287103382741005,0.00033102638585969906,2.4408600243612897,0.11016077839284934,0.2774591361733652,9.809983401694746,"[3.99999998e-08 0.00000000e+00 0.00000000e+00 0.00000000e+00
 3.99999998e-08 0.00000000e+00 0.00000000e+00 0.00000000e+00
 3.99999998e-08]","[0.000289 0.       0.       0.       0.000289 0.       0.       0.
 0.000289]"
1786809892.7174728,0.24027173005606184,-0.06906153586380012,0.0,0.0,0.06647156191814463,-0.019105985361913526,0.125,2.2618788643405012,1.5236596913431935,0.01874868611635796,-0.07550243175951647,-1.6954639136633107,9.271221489284352,"[0. 0. 0. 0. 0. 0. 0. 0. 0. 0. 0. 0. 0. 0. 0. 0. 0. 0. 0. 0. 0. 0. 0. 0.
 0. 0. 0. 0. 0. 0. 0. 0. 0. 0. 0. 0.]","[0. 0. 0. 0. 0. 0. 0. 0. 0. 0. 0. 0. 0. 0. 0. 0. 0. 0. 0. 0. 0. 0. 0. 0.
 0. 0. 0. 0. 0. 0. 0. 0. 0. 0. 0. 0.]",0.02808472744575495,3.374982591752162e-05,2.2617711422769595,0.13698402641454888,0.22666689146991487,9.821216760982857,"[3.99999998e-08 0.00000000e+00 0.00000000e+00 0.00000000e+00
 3.99999998e-08 0.00000000e+00 0.00000000e+00 0.00000000e+00
 3.99999998e-08]","[0.000289 0.       0.       0.       0.000289 0.       0.       0.
 0.000289]"
1786809892.7652721,0.24080584382059994,-0.06717548348801683,0.0,0.0,0.06896625171279624,-0.01923890728588305,0.125,2.1254288190271153,1.526154381137845,0.018615764192388435,-0.031637812316058445,-1.3646759250108784,8.940433500647933,"[0. 0. 0. 0. 0. 0. 0. 0. 0. 0. 0. 0. 0. 0. 0. 0. 0. 0. 0. 0. 0. 0. 0. 0.
 0. 0. 0. 0. 0. 0. 0. 0. 0. 0. 0. 0.]","[0. 0. 0. 0. 0. 0. 0. 0. 0. 0. 0. 0. 0. 0. 0. 0. 0. 0. 0. 0. 0. 0. 0. 0.
 0. 0. 0. 0. 0. 0. 0. 0. 0. 0. 0. 0.]",0.026568819407688682,0.0003033015980195577,2.1251660158522823,0.13742847045025997,0.20138214621969502,9.816743688551623,"[3.99999998e-08 0.00000000e+00 0.00000000e+00 0.00000000e+00
 3.99999998e-08 0.00000000e+00 0.00000000e+00 0.00000000e+00
 3.99999998e-08]","[0.000289 0.       0.       0.       0.000289 0.       0.       0.
 0.000289]"
1786809892.8162365,0.24138296594904496,-0.06507122059437795,0.0,0.0,0.07146470809984873,-0.019265219346338402,0.12499999999999999,2.0202352861915753,1.5286528375248976,0.018589452131933082,0.010094752490336145,-1.1096612999485156,8.685418875597192,"[0. 0. 0. 0. 0. 0. 0. 0. 0. 0. 0. 0. 0. 0. 0. 0. 0. 0. 0. 0. 0. 0. 0. 0.
 0. 0. 0. 0. 0. 0. 0. 0. 0. 0. 0. 0.]","[0. 0. 0. 0. 0. 0. 0. 0. 0. 0. 0. 0. 0. 0. 0. 0. 0. 0. 0. 0. 0. 0. 0. 0.
 0. 0. 0. 0. 0. 0. 0. 0. 0. 0. 0. 0.]",0.025566889600216976,3.433773785288523e-05,2.0200033140178535,0.13837807271768798,0.19167423496941385,9.79883411575529,"[3.99999998e-08 0.00000000e+00 0.00000000e+00 0.00000000e+00
 3.99999998e-08 0.00000000e+00 0.00000000e+00 0.00000000e+00
 3.99999998e-08]","[0.000289 0.       0.       0.       0.000289 0.       0.       0.
 0.000289]"
1786809892.8832664,0.24198754566212408,-0.06278556955560256,0.0,0.0,0.0739629216215858,-0.019190261000008584,0.12499999999999999,1.9446884474694515,1.5311510510466346,0.0186644104782629,0.04954438721141435,-0.926517448498001,8.502275024154665,"[0. 0. 0. 0. 0. 0. 0. 0. 0. 0. 0. 0. 0. 0. 0. 0. 0. 0. 0. 0. 0. 0. 0. 0.
 0. 0. 0. 0. 0. 0. 0. 0. 0. 0. 0. 0.]","[0. 0. 0. 0. 0. 0. 0. 0. 0. 0. 0. 0. 0. 0. 0. 0. 0. 0. 0. 0. 0. 0. 0. 0.
 0. 0. 0. 0. 0. 0. 0. 0. 0. 0. 0. 0.]",0.024424437275536854,-0.00048240377045888355,1.9447091915805776,0.12539344667003038,0.203955218695307,9.805449446127797,"[3.99999998e-08 0.00000000e+00 0.00000000e+00 0.00000000e+00
 3.99999998e-08 0.00000000e+00 0.00000000e+00 0.00000000e+00
 3.99999998e-08]","[0.000289 0.       0.       0.       0.000289 0.       0.       0.
 0.000289]"
1786809892.917879,0.24198754566212408,-0.06278556955560256,0.0,0.0,0.0739629216215858,-0.019190261000008584,0.12499999999999999,1.8778102292680505,1.5311510510466346,0.0186644104782629,0.04954438721141435,-0.7643884346847356,8.340146010348185,"[0. 0. 0. 0. 0. 0. 0. 0. 0. 0. 0. 0. 0. 0. 0. 0. 0. 0. 0. 0. 0. 0. 0. 0.
 0. 0. 0. 0. 0. 0. 0. 0. 0. 0. 0. 0.]","[0. 0. 0. 0. 0. 0. 0. 0. 0. 0. 0. 0. 0. 0. 0. 0. 0. 0. 0. 0. 0. 0. 0. 0.
 0. 0. 0. 0. 0. 0. 0. 0. 0. 0. 0. 0.]",0.023472825840181975,-1.2155434232586552e-06,1.8776187213140698,0.7899393307881164,0.18448051844490396,9.759486440258286,"[3.99999998e-08 0.00000000e+00 0.00000000e+00 0.00000000e+00
 3.99999998e-08 0.00000000e+00 0.00000000e+00 0.00000000e+00
 3.99999998e-08]","[0.000289 0.       0.       0.       0.000289 0.       0.       0.
 0.000289]"
1786809892.975586,0.2426066311184079,-0.06034917180356948,0.0,0.0,0.07645588964205863,-0.019018645937799557,0.12499999999999999,1.7910214312709465,1.5336440190671075,0.018836025540471927,0.08734521818460773,-0.55399134861474,8.129748924286718,"[0. 0. 0. 0. 0. 0. 0. 0. 0. 0. 0. 0. 0. 0. 0. 0. 0. 0. 0. 0. 0. 0. 0. 0.
 0. 0. 0. 0. 0. 0. 0. 0. 0. 0. 0. 0.]","[0. 0. 0. 0. 0. 0. 0. 0. 0. 0. 0. 0. 0. 0. 0. 0. 0. 0. 0. 0. 0. 0. 0. 0.
 0. 0. 0. 0. 0. 0. 0. 0. 0. 0. 0. 0.]",0.02218449763697681,0.00011104908076208491,1.7910831611063782,0.09257713022456274,0.2114012266539559,9.799038674602079,"[3.99999998e-08 0.00000000e+00 0.00000000e+00 0.00000000e+00
 3.99999998e-08 0.00000000e+00 0.00000000e+00 0.00000000e+00
 3.99999998e-08]","[0.000289 0.       0.       0.       0.000289 0.       0.       0.
 0.000289]"
1786809893.0171962,0.24322904895210096,-0.05778952972517139,0.0,0.0,0.07894192661896415,-0.01875605251331359,0.125,1.7616825851947087,1.536130056044013,0.019098618964957896,0.12301895262644974,-0.4828668732766792,8.058624448951441,"[0. 0. 0. 0. 0. 0. 0. 0. 0. 0. 0. 0. 0. 0. 0. 0. 0. 0. 0. 0. 0. 0. 0. 0.
 0. 0. 0. 0. 0. 0. 0. 0. 0. 0. 0. 0.]","[0. 0. 0. 0. 0. 0. 0. 0. 0. 0. 0. 0. 0. 0. 0. 0. 0. 0. 0. 0. 0. 0. 0. 0.
 0. 0. 0. 0. 0. 0. 0. 0. 0. 0. 0. 0.]",0.02162143878290977,-4.7185687810030566e-05,1.7615776223715878,0.1307638124522453,0.1793859668266064,9.82736384588518,"[3.99999998e-08 0.00000000e+00 0.00000000e+00 0.00000000e+00
 3.99999998e-08 0.00000000e+00 0.00000000e+00 0.00000000e+00
 3.99999998e-08]","[0.000289 0.       0.       0.       0.000289 0.       0.       0.
 0.000289]"
1786809893.0684247,0.24322904895210096,-0.05778952972517139,0.0,0.0,0.07894192661896415,-0.01875605251331359,0.12499999999999999,1.7444915018372213,1.536130056044013,0.019098618964957896,0.12301895262644974,-0.44119151968146914,8.016949095357836,"[0. 0. 0. 0. 0. 0. 0. 0. 0. 0. 0. 0. 0. 0. 0. 0. 0. 0. 0. 0. 0. 0. 0. 0.
 0. 0. 0. 0. 0. 0. 0. 0. 0. 0. 0. 0.]","[0. 0. 0. 0. 0. 0. 0. 0. 0. 0. 0. 0. 0. 0. 0. 0. 0. 0. 0. 0. 0. 0. 0. 0.
 0. 0. 0. 0. 0. 0. 0. 0. 0. 0. 0. 0.]",0.021689719768309256,0.0003559759138368729,1.744331598110522,0.31776247367005594,0.20788688381151368,9.775522850379957,"[3.99999998e-08 0.00000000e+00 0.00000000e+00 0.00000000e+00
 3.99999998e-08 0.00000000e+00 0.00000000e+00 0.00000000e+00
 3.99999998e-08]","[0.000289 0.       0.       0.       0.000289 0.       0.       0.
 0.000289]"
1786809893.1174057,0.24384662317086633,-0.055125532815252704,0.0,0.0,0.08141712223773889,-0.018405677246122885,0.12499999999999999,1.6864256795092722,1.5386052516627877,0.0194489942321486,0.15814945785774118,-0.30042588979181606,7.876183465473502,"[0. 0. 0. 0. 0. 0. 0. 0. 0. 0. 0. 0. 0. 0. 0. 0. 0. 0. 0. 0. 0. 0. 0. 0.
 0. 0. 0. 0. 0. 0. 0. 0. 0. 0. 0. 0.]","[0. 0. 0. 0. 0. 0. 0. 0. 0. 0. 0. 0. 0. 0. 0. 0. 0. 0. 0. 0. 0. 0. 0. 0.
 0. 0. 0. 0. 0. 0. 0. 0. 0. 0. 0. 0.]",0.021115438620735963,0.0002134223596564515,1.686406070812325,0.12380942032874086,0.1897230114364374,9.80442439809162,"[3.99999998e-08 0.00000000e+00 0.00000000e+00 0.00000000e+00
 3.99999998e-08 0.00000000e+00 0.00000000e+00 0.00000000e+00
 3.99999998e-08]","[0.000289 0.       0.       0.       0.000289 0.       0.       0.
 0.000289]"
1786809893.1660082,0.2444528370649472,-0.052371847885083866,0.0,0.0,0.08387829241307143,-0.01797017872184011,0.12499999999999999,1.6891917540799795,1.5410664218381203,0.019884492756431376,0.1920037648598772,-0.3071315251151756,7.8828891007966,"[0. 0. 0. 0. 0. 0. 0. 0. 0. 0. 0. 0. 0. 0. 0. 0. 0. 0. 0. 0. 0. 0. 0. 0.
 0. 0. 0. 0. 0. 0. 0. 0. 0. 0. 0. 0.]","[0. 0. 0. 0. 0. 0. 0. 0. 0. 0. 0. 0. 0. 0. 0. 0. 0. 0. 0. 0. 0. 0. 0. 0.
 0. 0. 0. 0. 0. 0. 0. 0. 0. 0. 0. 0.]",0.02125181764305715,2.167439519222524e-06,1.6891252557870278,0.10888539340526486,0.20239258360078746,9.841956097094306,"[3.99999998e-08 0.00000000e+00 0.00000000e+00 0.00000000e+00
 3.99999998e-08 0.00000000e+00 0.00000000e+00 0.00000000e+00
 3.99999998e-08]","[0.000289 0.       0.       0.       0.000289 0.       0.       0.
 0.000289]"
1786809893.221591,0.24504257631721624,-0.049539234873191666,0.0,0.0,0.08632382127740335,-0.017451726641482635,0.12499999999999999,1.6936916111740987,1.5435119507024522,0.02040294483678885,0.2258325985011856,-0.31804026958612375,7.893797845267149,"[0. 0. 0. 0. 0. 0. 0. 0. 0. 0. 0. 0. 0. 0. 0. 0. 0. 0. 0. 0. 0. 0. 0. 0.
 0. 0. 0. 0. 0. 0. 0. 0. 0. 0. 0. 0.]","[0. 0. 0. 0. 0. 0. 0. 0. 0. 0. 0. 0. 0. 0. 0. 0. 0. 0. 0. 0. 0. 0. 0. 0.
 0. 0. 0. 0. 0. 0. 0. 0. 0. 0. 0. 0.]",0.021472623982547956,-7.293195560079603e-05,1.6933156528370525,0.13422390277796617,0.20082696534171468,9.796913414953726,"[3.99999998e-08 0.00000000e+00 0.00000000e+00 0.00000000e+00
 3.99999998e-08 0.00000000e+00 0.00000000e+00 0.00000000e+00
 3.99999998e-08]","[0.000289 0.       0.       0.       0.000289 0.       0.       0.
 0.000289]"
1786809893.265058,0.24561210140135076,-0.04663363212545847,0.0,0.0,0.08875039377064198,-0.016850770749795546,0.12499999999999999,1.6959929417750055,1.5459385231956908,0.021003900728475938,0.25972023870491084,-0.3236192528612428,7.899376828542061,"[0. 0. 0. 0. 0. 0. 0. 0. 0. 0. 0. 0. 0. 0. 0. 0. 0. 0. 0. 0. 0. 0. 0. 0.
 0. 0. 0. 0. 0. 0. 0. 0. 0. 0. 0. 0.]","[0. 0. 0. 0. 0. 0. 0. 0. 0. 0. 0. 0. 0. 0. 0. 0. 0. 0. 0. 0. 0. 0. 0. 0.
 0. 0. 0. 0. 0. 0. 0. 0. 0. 0. 0. 0.]",0.02124780113821547,-0.00021917896873810503,1.69575812674804,0.12507619654946386,0.16345825259499097,9.792796220020403,"[3.99999998e-08 0.00000000e+00 0.00000000e+00 0.00000000e+00
 3.99999998e-08 0.00000000e+00 0.00000000e+00 0.00000000e+00
 3.99999998e-08]","[0.000289 0.       0.       0.       0.000289 0.       0.       0.
 0.000289]"
1786809893.3166723,0.24561210140135076,-0.04663363212545847,0.0,0.0,0.08875039377064198,-0.016850770749795546,0.125,1.7048887203560485,1.5459385231956908,0.021003900728475938,0.25972023870491084,-0.34518477669470016,7.920942352374706,"[0. 0. 0. 0. 0. 0. 0. 0. 0. 0. 0. 0. 0. 0. 0. 0. 0. 0. 0. 0. 0. 0. 0. 0.
 0. 0. 0. 0. 0. 0. 0. 0. 0. 0. 0. 0.]","[0. 0. 0. 0. 0. 0. 0. 0. 0. 0. 0. 0. 0. 0. 0. 0. 0. 0. 0. 0. 0. 0. 0. 0.
 0. 0. 0. 0. 0. 0. 0. 0. 0. 0. 0. 0.]",0.021523626628652533,0.00033339301803015796,1.704515242249285,0.15973726052401324,0.16522581285947124,9.79406059619086,"[3.99999998e-08 0.00000000e+00 0.00000000e+00 0.00000000e+00
 3.99999998e-08 0.00000000e+00 0.00000000e+00 0.00000000e+00
 3.99999998e-08]","[0.000289 0.       0.       0.       0.000289 0.       0.       0.
 0.000289]"
1786809893.3650193,0.24615807495631334,-0.04366007482588651,0.0,0.0,0.09115517839513587,-0.01616783000194076,0.125,1.659306884191649,1.5483433078201847,0.021686841476330723,0.29373795109099576,-0.23468335568709778,7.810440931371201,"[0. 0. 0. 0. 0. 0. 0. 0. 0. 0. 0. 0. 0. 0. 0. 0. 0. 0. 0. 0. 0. 0. 0. 0.
 0. 0. 0. 0. 0. 0. 0. 0. 0. 0. 0. 0.]","[0. 0. 0. 0. 0. 0. 0. 0. 0. 0. 0. 0. 0. 0. 0. 0. 0. 0. 0. 0. 0. 0. 0. 0.
 0. 0. 0. 0. 0. 0. 0. 0. 0. 0. 0. 0.]",0.020782810962171556,-0.00022598808196889705,1.6592305000085275,0.13503983732119396,0.151519438356704,9.804074735055412,"[3.99999998e-08 0.00000000e+00 0.00000000e+00 0.00000000e+00
 3.99999998e-08 0.00000000e+00 0.00000000e+00 0.00000000e+00
 3.99999998e-08]","[0.000289 0.       0.       0.       0.000289 0.       0.       0.
 0.000289]"
1786809893.4173172,0.24667719648206576,-0.040624632130621695,0.0,0.0,0.09353555355149346,-0.015404129398072466,0.12499999999999999,1.6785122835528714,1.5507236829765423,0.022450542080199018,0.32706083435586075,-0.28124189959443235,7.856999475276817,"[0. 0. 0. 0. 0. 0. 0. 0. 0. 0. 0. 0. 0. 0. 0. 0. 0. 0. 0. 0. 0. 0. 0. 0.
 0. 0. 0. 0. 0. 0. 0. 0. 0. 0. 0. 0.]","[0. 0. 0. 0. 0. 0. 0. 0. 0. 0. 0. 0. 0. 0. 0. 0. 0. 0. 0. 0. 0. 0. 0. 0.
 0. 0. 0. 0. 0. 0. 0. 0. 0. 0. 0. 0.]",0.020973799349792422,0.00012429586230780157,1.6788086516007334,0.12598668436721236,0.17397253124722326,9.824586475134398,"[3.99999998e-08 0.00000000e+00 0.00000000e+00 0.00000000e+00
 3.99999998e-08 0.00000000e+00 0.00000000e+00 0.00000000e+00
 3.99999998e-08]","[0.000289 0.       0.       0.       0.000289 0.       0.       0.
 0.000289]"
1786809893.46546,0.2471663551467589,-0.03753388979930333,0.0,0.0,0.09588911266791289,-0.014561413043831985,0.125,1.694887204967851,1.5530772420929617,0.0232932584344395,0.36069374917852287,-0.32093867878337035,7.896696254464284,"[0. 0. 0. 0. 0. 0. 0. 0. 0. 0. 0. 0. 0. 0. 0. 0. 0. 0. 0. 0. 0. 0. 0. 0.
 0. 0. 0. 0. 0. 0. 0. 0. 0. 0. 0. 0.]","[0. 0. 0. 0. 0. 0. 0. 0. 0. 0. 0. 0. 0. 0. 0. 0. 0. 0. 0. 0. 0. 0. 0. 0.
 0. 0. 0. 0. 0. 0. 0. 0. 0. 0. 0. 0.]",0.020883422940383124,0.00028114986473492425,1.6945362734753429,0.08319366149963509,0.20071002470914728,9.796507010640441,"[3.99999998e-08 0.00000000e+00 0.00000000e+00 0.00000000e+00
 3.99999998e-08 0.00000000e+00 0.00000000e+00 0.00000000e+00
 3.99999998e-08]","[0.000289 0.       0.       0.       0.000289 0.       0.       0.
 0.000289]"
1786809893.5153732,0.2476234259069518,-0.03438951791032172,0.0,0.0,0.09821284254607976,-0.013639631611555039,0.12499999999999999,1.7070943269037304,1.5554009719711286,0.024215039866716446,0.3945914932781611,-0.35053170165905123,7.926289277338859,"[0. 0. 0. 0. 0. 0. 0. 0. 0. 0. 0. 0. 0. 0. 0. 0. 0. 0. 0. 0. 0. 0. 0. 0.
 0. 0. 0. 0. 0. 0. 0. 0. 0. 0. 0. 0.]","[0. 0. 0. 0. 0. 0. 0. 0. 0. 0. 0. 0. 0. 0. 0. 0. 0. 0. 0. 0. 0. 0. 0. 0.
 0. 0. 0. 0. 0. 0. 0. 0. 0. 0. 0. 0.]",0.021285216811622914,-0.0003395643045134902,1.7070388254679458,0.13046539312411423,0.2262080614727382,9.789322813002473,"[3.99999998e-08 0.00000000e+00 0.00000000e+00 0.00000000e+00
 3.99999998e-08 0.00000000e+00 0.00000000e+00 0.00000000e+00
 3.99999998e-08]","[0.000289 0.       0.       0.       0.000289 0.       0.       0.
 0.000289]"
1786809893.5695078,0.24804619837089012,-0.03119428591503631,0.0,0.0,0.10050388210276506,-0.012639366595721568,0.12499999999999999,1.721322451026928,1.557692011527814,0.025215304882549916,0.4287638570250414,-0.3850241237730701,7.96078169945158,"[0. 0. 0. 0. 0. 0. 0. 0. 0. 0. 0. 0. 0. 0. 0. 0. 0. 0. 0. 0. 0. 0. 0. 0.
 0. 0. 0. 0. 0. 0. 0. 0. 0. 0. 0. 0.]","[0. 0. 0. 0. 0. 0. 0. 0. 0. 0. 0. 0. 0. 0. 0. 0. 0. 0. 0. 0. 0. 0. 0. 0.
 0. 0. 0. 0. 0. 0. 0. 0. 0. 0. 0. 0.]",0.02160218698792206,0.00021621309526046104,1.721078848355577,0.10608614191033244,0.1798332584737289,9.7966848702328,"[3.99999998e-08 0.00000000e+00 0.00000000e+00 0.00000000e+00
 3.99999998e-08 0.00000000e+00 0.00000000e+00 0.00000000e+00
 3.99999998e-08]","[0.000289 0.       0.       0.       0.000289 0.       0.       0.
 0.000289]"
1786809893.6153402,0.24804619837089012,-0.03119428591503631,0.0,0.0,0.10050388210276506,-0.012639366595721568,0.125,1.7381270510554518,1.5599472837456234,0.026293785517326584,0.463425570419647,-0.42576254808951836,8.001520123766468,"[0. 0. 0. 0. 0. 0. 0. 0. 0. 0. 0. 0. 0. 0. 0. 0. 0. 0. 0. 0. 0. 0. 0. 0.
 0. 0. 0. 0. 0. 0. 0. 0. 0. 0. 0. 0.]","[0. 0. 0. 0. 0. 0. 0. 0. 0. 0. 0. 0. 0. 0. 0. 0. 0. 0. 0. 0. 0. 0. 0. 0.
 0. 0. 0. 0. 0. 0. 0. 0. 0. 0. 0. 0.]",0.021766834437371298,-2.7719104880702857e-05,1.7380784907468112,0.1499149785821214,0.19080388791098396,9.785903963866678,"[3.99999998e-08 0.00000000e+00 0.00000000e+00 0.00000000e+00
 3.99999998e-08 0.00000000e+00 0.00000000e+00 0.00000000e+00
 3.99999998e-08]","[0.000289 0.       0.       0.       0.000289 0.       0.       0.
 0.000289]"
1786809893.665949,0.24843269982173904,-0.02794984184716792,0.0,0.0,0.10275915432057459,-0.0115608859609449,0.125,1.6921505845766531,1.5599472837456234,0.026293785517326584,0.463425570419647,-0.3143044475317808,7.890062023212938,"[0. 0. 0. 0. 0. 0. 0. 0. 0. 0. 0. 0. 0. 0. 0. 0. 0. 0. 0. 0. 0. 0. 0. 0.
 0. 0. 0. 0. 0. 0. 0. 0. 0. 0. 0. 0.]","[0. 0. 0. 0. 0. 0. 0. 0. 0. 0. 0. 0. 0. 0. 0. 0. 0. 0. 0. 0. 0. 0. 0. 0.
 0. 0. 0. 0. 0. 0. 0. 0. 0. 0. 0. 0.]",0.02083700792802032,-3.660997044401641e-05,1.6923935390116245,0.10754005160276962,0.19311452321313768,9.770131863713509,"[3.99999998e-08 0.00000000e+00 0.00000000e+00 0.00000000e+00
 3.99999998e-08 0.00000000e+00 0.00000000e+00 0.00000000e+00
 3.99999998e-08]","[0.000289 0.       0.       0.       0.000289 0.       0.       0.
 0.000289]"
1786809893.7209573,0.24878090890601295,-0.024658859744483064,0.0,0.0,0.10497579296589454,-0.010405072345361626,0.125,1.7134777185460224,1.5621639223909434,0.02744959913290986,0.4976363939161941,-0.36600659048383827,7.941764166163068,"[0. 0. 0. 0. 0. 0. 0. 0. 0. 0. 0. 0. 0. 0. 0. 0. 0. 0. 0. 0. 0. 0. 0. 0.
 0. 0. 0. 0. 0. 0. 0. 0. 0. 0. 0. 0.]","[0. 0. 0. 0. 0. 0. 0. 0. 0. 0. 0. 0. 0. 0. 0. 0. 0. 0. 0. 0. 0. 0. 0. 0.
 0. 0. 0. 0. 0. 0. 0. 0. 0. 0. 0. 0.]",0.02111527231032073,0.00022981459799669682,1.69221070606203,0.1199781876369787,0.17829667485931047,9.787204121957316,"[3.99999998e-08 0.00000000e+00 0.00000000e+00 0.00000000e+00
 3.99999998e-08 0.00000000e+00 0.00000000e+00 0.00000000e+00
 3.99999998e-08]","[0.000289 0.       0.       0.       0.000289 0.       0.       0.
 0.000289]"
1786809893.7663229,0.24878090890601295,-0.024658859744483064,0.0,0.0,0.10497579296589454,-0.010405072345361626,0.125,1.7287748338126507,1.5643398070182988,0.028680415560934702,0.532037592248061,-0.403090506288168,7.978848081965984,"[0. 0. 0. 0. 0. 0. 0. 0. 0. 0. 0. 0. 0. 0. 0. 0. 0. 0. 0. 0. 0. 0. 0. 0.
 0. 0. 0. 0. 0. 0. 0. 0. 0. 0. 0. 0.]","[0. 0. 0. 0. 0. 0. 0. 0. 0. 0. 0. 0. 0. 0. 0. 0. 0. 0. 0. 0. 0. 0. 0. 0.
 0. 0. 0. 0. 0. 0. 0. 0. 0. 0. 0. 0.]",0.0213451568403004,7.685034631253412e-05,1.7289507150218566,0.12381676648431326,0.20998134933673518,9.824154709646727,"[3.99999998e-08 0.00000000e+00 0.00000000e+00 0.00000000e+00
 3.99999998e-08 0.00000000e+00 0.00000000e+00 0.00000000e+00
 3.99999998e-08]","[0.000289 0.       0.       0.       0.000289 0.       0.       0.
 0.000289]"
1786809893.815613,0.24935435090370908,-0.017955714560827507,0.0,0.0,0.10715167759324995,-0.009174255917336782,0.125,1.6872995244285125,1.5664721255303804,0.02998525900151999,0.566073909968354,-0.3025443017177969,7.878301877399396,"[0. 0. 0. 0. 0. 0. 0. 0. 0. 0. 0. 0. 0. 0. 0. 0. 0. 0. 0. 0. 0. 0. 0. 0.
 0. 0. 0. 0. 0. 0. 0. 0. 0. 0. 0. 0.]","[0. 0. 0. 0. 0. 0. 0. 0. 0. 0. 0. 0. 0. 0. 0. 0. 0. 0. 0. 0. 0. 0. 0. 0.
 0. 0. 0. 0. 0. 0. 0. 0. 0. 0. 0. 0.]",0.02086172833139719,-0.00010580020883436512,1.6873850372356267,0.13673044749977345,0.18000649388110734,9.81737871829843,"[3.99999998e-08 0.00000000e+00 0.00000000e+00 0.00000000e+00
 3.99999998e-08 0.00000000e+00 0.00000000e+00 0.00000000e+00
 3.99999998e-08]","[0.000289 0.       0.       0.       0.000289 0.       0.       0.
 0.000289]"
1786809893.8671148,0.249576175539705,-0.01455103442970198,0.0,0.0,0.1113710071881362,-0.006493261452383069,0.125,1.77771116106805,1.568559136613185,0.031361410025888416,0.5998199004572069,-0.5217240269107167,8.097481602583953,"[0. 0. 0. 0. 0. 0. 0. 0. 0. 0. 0. 0. 0. 0. 0. 0. 0. 0. 0. 0. 0. 0. 0. 0.
 0. 0. 0. 0. 0. 0. 0. 0. 0. 0. 0. 0.]","[0. 0. 0. 0. 0. 0. 0. 0. 0. 0. 0. 0. 0. 0. 0. 0. 0. 0. 0. 0. 0. 0. 0. 0.
 0. 0. 0. 0. 0. 0. 0. 0. 0. 0. 0. 0.]",0.02204528009321639,-0.0002824994824544196,1.7772639913634354,0.12527612143562825,0.1793329466700739,9.795718884511864,"[3.99999998e-08 0.00000000e+00 0.00000000e+00 0.00000000e+00
 3.99999998e-08 0.00000000e+00 0.00000000e+00 0.00000000e+00
 3.99999998e-08]","[0.000289 0.       0.       0.       0.000289 0.       0.       0.
 0.000289]"
1786809893.9157658,0.24975289067805703,-0.011112767340068047,0.0,0.0,0.11340987985793438,-0.005046178266464495,0.125,1.7774869803381437,1.5705980092829832,0.03280849321180699,0.6349700458679228,-0.5211805584745673,8.096938134147829,"[0. 0. 0. 0. 0. 0. 0. 0. 0. 0. 0. 0. 0. 0. 0. 0. 0. 0. 0. 0. 0. 0. 0. 0.
 0. 0. 0. 0. 0. 0. 0. 0. 0. 0. 0. 0.]","[0. 0. 0. 0. 0. 0. 0. 0. 0. 0. 0. 0. 0. 0. 0. 0. 0. 0. 0. 0. 0. 0. 0. 0.
 0. 0. 0. 0. 0. 0. 0. 0. 0. 0. 0. 0.]",0.02197477628987806,0.0003675894269952586,1.7775764919859056,0.13384795988807377,0.20171070885582248,9.805084178236728,"[3.99999998e-08 0.00000000e+00 0.00000000e+00 0.00000000e+00
 3.99999998e-08 0.00000000e+00 0.00000000e+00 0.00000000e+00
 3.99999998e-08]","[0.000289 0.       0.       0.       0.000289 0.       0.       0.
 0.000289]"
1786809893.9772408,0.24988325398962588,-0.007639330831697452,0.0,0.0,0.11539582431864837,-0.0035278349568922743,0.12499999999999999,1.8126291014519549,1.5725839537436972,0.03432683652137921,0.6705197854749723,-0.6063735793589713,8.182131155028861,"[0. 0. 0. 0. 0. 0. 0. 0. 0. 0. 0. 0. 0. 0. 0. 0. 0. 0. 0. 0. 0. 0. 0. 0.
 0. 0. 0. 0. 0. 0. 0. 0. 0. 0. 0. 0.]","[0. 0. 0. 0. 0. 0. 0. 0. 0. 0. 0. 0. 0. 0. 0. 0. 0. 0. 0. 0. 0. 0. 0. 0.
 0. 0. 0. 0. 0. 0. 0. 0. 0. 0. 0. 0.]",0.023126409641839703,-3.783926821365025e-05,1.8124688547679244,0.15307543549363417,0.1965142176498034,9.833987921965244,"[3.99999998e-08 0.00000000e+00 0.00000000e+00 0.00000000e+00
 3.99999998e-08 0.00000000e+00 0.00000000e+00 0.00000000e+00
 3.99999998e-08]","[0.000289 0.       0.       0.       0.000289 0.       0.       0.
 0.000289]"
1786809894.037069,0.2499658568976235,-0.004131632296903107,0.0,0.0,0.11732604090576637,-0.001939257088509387,0.125,1.8127825432926667,1.5745141703308152,0.0359154143897621,0.7067372253275119,-0.6067455595789416,8.182503135248817,"[0. 0. 0. 0. 0. 0. 0. 0. 0. 0. 0. 0. 0. 0. 0. 0. 0. 0. 0. 0. 0. 0. 0. 0.
 0. 0. 0. 0. 0. 0. 0. 0. 0. 0. 0. 0.]","[0. 0. 0. 0. 0. 0. 0. 0. 0. 0. 0. 0. 0. 0. 0. 0. 0. 0. 0. 0. 0. 0. 0. 0.
 0. 0. 0. 0. 0. 0. 0. 0. 0. 0. 0. 0.]",0.02266639795603839,0.0002304430588347112,1.8124265458200262,0.13156934356943709,0.17647009226631843,9.806591969263444,"[3.99999998e-08 0.00000000e+00 0.00000000e+00 0.00000000e+00
 3.99999998e-08 0.00000000e+00 0.00000000e+00 0.00000000e+00
 3.99999998e-08]","[0.000289 0.       0.       0.       0.000289 0.       0.       0.
 0.000289]"
1786809894.0664253,0.24999930153760708,-0.0005909574507621896,0.0,0.0,0.11732604090576637,-0.001939257088509387,0.125,1.8187881098977985,1.5763855413143846,0.03757290829639725,0.7429978076577239,-0.6213045089250903,8.197062084594382,"[0. 0. 0. 0. 0. 0. 0. 0. 0. 0. 0. 0. 0. 0. 0. 0. 0. 0. 0. 0. 0. 0. 0. 0.
 0. 0. 0. 0. 0. 0. 0. 0. 0. 0. 0. 0.]","[0. 0. 0. 0. 0. 0. 0. 0. 0. 0. 0. 0. 0. 0. 0. 0. 0. 0. 0. 0. 0. 0. 0. 0.
 0. 0. 0. 0. 0. 0. 0. 0. 0. 0. 0. 0.]",0.022807227429215492,-0.000346090322608887,1.818944344879673,0.12549328262610954,0.17771532774574772,9.81888970598918,"[3.99999998e-08 0.00000000e+00 0.00000000e+00 0.00000000e+00
 3.99999998e-08 0.00000000e+00 0.00000000e+00 0.00000000e+00
 3.99999998e-08]","[0.000289 0.       0.       0.       0.000289 0.       0.       0.
 0.000289]"
1786809894.1173837,0.24999930153760708,-0.0005909574507621896,0.0,0.0,0.11919741188933575,-0.00028176318187423527,0.125,1.8470030657698284,1.5781954683775288,0.03929728431795481,0.7794864296346911,-0.6897044019501629,8.265461977616694,"[0. 0. 0. 0. 0. 0. 0. 0. 0. 0. 0. 0. 0. 0. 0. 0. 0. 0. 0. 0. 0. 0. 0. 0.
 0. 0. 0. 0. 0. 0. 0. 0. 0. 0. 0. 0.]","[0. 0. 0. 0. 0. 0. 0. 0. 0. 0. 0. 0. 0. 0. 0. 0. 0. 0. 0. 0. 0. 0. 0. 0.
 0. 0. 0. 0. 0. 0. 0. 0. 0. 0. 0. 0.]",0.02290044807547389,0.00016369537841676689,1.8466269552976076,0.1088128398324745,0.20211539020821453,9.78724155244872,"[3.99999998e-08 0.00000000e+00 0.00000000e+00 0.00000000e+00
 3.99999998e-08 0.00000000e+00 0.00000000e+00 0.00000000e+00
 3.99999998e-08]","[0.000289 0.       0.       0.       0.000289 0.       0.       0.
 0.000289]"
1786809894.1868777,0.24998223603586575,0.0029802124938860734,0.0,0.0,0.12100733895247995,0.0014426128396833257,0.125,1.7915253347743973,1.5781954683775288,0.03929728431795481,0.7794864296346911,-0.5552129328664779,8.130970508538399,"[0. 0. 0. 0. 0. 0. 0. 0. 0. 0. 0. 0. 0. 0. 0. 0. 0. 0. 0. 0. 0. 0. 0. 0.
 0. 0. 0. 0. 0. 0. 0. 0. 0. 0. 0. 0.]","[0. 0. 0. 0. 0. 0. 0. 0. 0. 0. 0. 0. 0. 0. 0. 0. 0. 0. 0. 0. 0. 0. 0. 0.
 0. 0. 0. 0. 0. 0. 0. 0. 0. 0. 0. 0.]",0.022427607745918364,0.00015537334844543913,1.791405245145802,0.12329858668494673,0.19302396168385683,9.789111396780525,"[3.99999998e-08 0.00000000e+00 0.00000000e+00 0.00000000e+00
 3.99999998e-08 0.00000000e+00 0.00000000e+00 0.00000000e+00
 3.99999998e-08]","[0.000289 0.       0.       0.       0.000289 0.       0.       0.
 0.000289]"
1786809894.2175984,0.24991342802725605,0.006578639043564722,0.0,0.0,0.12275303609044297,0.003231310627505077,0.125,-5.0,1.5799411655154918,0.04108598210577656,0.8154906485118443,0.3613827473636356,6.959900077192221,"[0. 0. 0. 0. 0. 0. 0. 0. 0. 0. 0. 0. 0. 0. 0. 0. 0. 0. 0. 0. 0. 0. 0. 0.
 0. 0. 0. 0. 0. 0. 0. 0. 0. 0. 0. 0.]","[0. 0. 0. 0. 0. 0. 0. 0. 0. 0. 0. 0. 0. 0. 0. 0. 0. 0. 0. 0. 0. 0. 0. 0.
 0. 0. 0. 0. 0. 0. 0. 0. 0. 0. 0. 0.]",0.01905097627490981,-0.00021542458492484055,1.552250054972233,0.11549647087015537,0.17597470725344252,9.818924456699857,"[3.99999998e-08 0.00000000e+00 0.00000000e+00 0.00000000e+00
 3.99999998e-08 0.00000000e+00 0.00000000e+00 0.00000000e+00
 3.99999998e-08]","[0.000289 0.       0.       0.       0.000289 0.       0.       0.
 0.000289]"
1786809894.26619,0.24979785939368598,0.010051340325164646,0.0,0.0,0.12437541472463765,0.005004605021496938,0.125,-5.0,1.5815635441496865,0.04285927649976842,0.841275489294884,2.109936552798171,4.768522067100273,"[0. 0. 0. 0. 0. 0. 0. 0. 0. 0. 0. 0. 0. 0. 0. 0. 0. 0. 0. 0. 0. 0. 0. 0.
 0. 0. 0. 0. 0. 0. 0. 0. 0. 0. 0. 0.]","[0. 0. 0. 0. 0. 0. 0. 0. 0. 0. 0. 0. 0. 0. 0. 0. 0. 0. 0. 0. 0. 0. 0. 0.
 0. 0. 0. 0. 0. 0. 0. 0. 0. 0. 0. 0.]",0.0076737926807362,-0.00024050258704014324,0.596433404874647,0.14027864317213698,0.07050670681782706,9.77613450234474,"[3.99999998e-08 0.00000000e+00 0.00000000e+00 0.00000000e+00
 3.99999998e-08 0.00000000e+00 0.00000000e+00 0.00000000e+00
 3.99999998e-08]","[0.000289 0.       0.       0.       0.000289 0.       0.       0.
 0.000289]"
1786809894.3202593,0.24979785939368598,0.010051340325164646,0.0,0.0,0.12437541472463765,0.005004605021496938,0.125,-5.0,1.5830438220922354,0.04453131979616767,0.8479398011898003,3.5592003660129246,2.9728991680891865,"[0. 0. 0. 0. 0. 0. 0. 0. 0. 0. 0. 0. 0. 0. 0. 0. 0. 0. 0. 0. 0. 0. 0. 0.
 0. 0. 0. 0. 0. 0. 0. 0. 0. 0. 0. 0.]","[0. 0. 0. 0. 0. 0. 0. 0. 0. 0. 0. 0. 0. 0. 0. 0. 0. 0. 0. 0. 0. 0. 0. 0.
 0. 0. 0. 0. 0. 0. 0. 0. 0. 0. 0. 0.]",-0.0014363204129179262,1.549498612758001e-05,-0.12062046199558299,0.11602643826417408,-0.00825218850572217,9.798471886931361,"[3.99999998e-08 0.00000000e+00 0.00000000e+00 0.00000000e+00
 3.99999998e-08 0.00000000e+00 0.00000000e+00 0.00000000e+00
 3.99999998e-08]","[0.000289 0.       0.       0.       0.000289 0.       0.       0.
 0.000289]"
1786809894.3706825,0.2494796107708065,0.016122152760933362,0.0,0.0,0.12723156112691725,0.008222101430103011,0.125,-5.0,1.584419690551966,0.046076772908374496,0.8354818174741967,5.830746256846347,0.14492250272620186,"[0. 0. 0. 0. 0. 0. 0. 0. 0. 0. 0. 0. 0. 0. 0. 0. 0. 0. 0. 0. 0. 0. 0. 0.
 0. 0. 0. 0. 0. 0. 0. 0. 0. 0. 0. 0.]","[0. 0. 0. 0. 0. 0. 0. 0. 0. 0. 0. 0. 0. 0. 0. 0. 0. 0. 0. 0. 0. 0. 0. 0.
 0. 0. 0. 0. 0. 0. 0. 0. 0. 0. 0. 0.]",-0.013216616946039319,0.00022692769818963198,-1.0768120823242047,0.11997752732539103,-0.13619729366579028,9.78815363133681,"[3.99999998e-08 0.00000000e+00 0.00000000e+00 0.00000000e+00
 3.99999998e-08 0.00000000e+00 0.00000000e+00 0.00000000e+00
 3.99999998e-08]","[0.000289 0.       0.       0.       0.000289 0.       0.       0.
 0.000289]"
1786809894.4207292,0.2494796107708065,0.016122152760933362,0.0,0.0,0.12723156112691725,0.008222101430103011,0.12499999999999997,-5.0,1.5857099162569892,0.047463796599918465,0.8038997900889947,7.662845012876903,-2.1956962026442732,"[0. 0. 0. 0. 0. 0. 0. 0. 0. 0. 0. 0. 0. 0. 0. 0. 0. 0. 0. 0. 0. 0. 0. 0.
 0. 0. 0. 0. 0. 0. 0. 0. 0. 0. 0. 0.]","[0. 0. 0. 0. 0. 0. 0. 0. 0. 0. 0. 0. 0. 0. 0. 0. 0. 0. 0. 0. 0. 0. 0. 0.
 0. 0. 0. 0. 0. 0. 0. 0. 0. 0. 0. 0.]",-0.022425885625839023,-0.00018257489879582338,-1.7938680014413837,0.096020271495263,-0.18165952781393108,9.78888957032363,"[3.99999998e-08 0.00000000e+00 0.00000000e+00 0.00000000e+00
 3.99999998e-08 0.00000000e+00 0.00000000e+00 0.00000000e+00
 3.99999998e-08]","[0.000289 0.       0.       0.       0.000289 0.       0.       0.
 0.000289]"
1786809894.47366,0.24930416213310075,0.018639601474082324,0.0,0.0,0.12852178683194038,0.00960912512164698,0.12499999999999997,-5.0,1.5857099162569892,0.047463796599918465,0.8038997900889947,8.761908596741607,-3.646787996915582,"[0. 0. 0. 0. 0. 0. 0. 0. 0. 0. 0. 0. 0. 0. 0. 0. 0. 0. 0. 0. 0. 0. 0. 0.
 0. 0. 0. 0. 0. 0. 0. 0. 0. 0. 0. 0.]","[0. 0. 0. 0. 0. 0. 0. 0. 0. 0. 0. 0. 0. 0. 0. 0. 0. 0. 0. 0. 0. 0. 0. 0.
 0. 0. 0. 0. 0. 0. 0. 0. 0. 0. 0. 0.]",-0.031293943387580035,-7.128684978021722e-06,-2.5111627617423626,-0.014491380070559237,-0.283994459413168,9.790183703532582,"[3.99999998e-08 0.00000000e+00 0.00000000e+00 0.00000000e+00
 3.99999998e-08 0.00000000e+00 0.00000000e+00 0.00000000e+00
 3.99999998e-08]","[0.000289 0.       0.       0.       0.000289 0.       0.       0.
 0.000289]"
1786809894.5157452,0.2491381468335008,0.020740872507418216,0.0,0.0,0.12852178683194038,0.00960912512164698,0.125,-5.0,1.586911594911995,0.0486542133913906,0.7531919708200464,10.129993659912808,-5.524659275530541,"[0. 0. 0. 0. 0. 0. 0. 0. 0. 0. 0. 0. 0. 0. 0. 0. 0. 0. 0. 0. 0. 0. 0. 0.
 0. 0. 0. 0. 0. 0. 0. 0. 0. 0. 0. 0.]","[0. 0. 0. 0. 0. 0. 0. 0. 0. 0. 0. 0. 0. 0. 0. 0. 0. 0. 0. 0. 0. 0. 0. 0.
 0. 0. 0. 0. 0. 0. 0. 0. 0. 0. 0. 0.]",-0.03996323565593851,-4.138510328344361e-05,-3.2282890571111738,-0.07743140253130182,-0.3687931591034009,9.796827750741405,"[3.99999998e-08 0.00000000e+00 0.00000000e+00 0.00000000e+00
 3.99999998e-08 0.00000000e+00 0.00000000e+00 0.00000000e+00
 3.99999998e-08]","[0.000289 0.       0.       0.       0.000289 0.       0.       0.
 0.000289]"
1786809894.5651867,0.248997065118826,0.022370998239039572,0.0,0.0,0.13080767534873505,0.011752340428120824,0.125,-5.0,1.5879958047737839,0.04960701190639231,0.6833559784950021,11.732960994297136,-7.863520885580403,"[0. 0. 0. 0. 0. 0. 0. 0. 0. 0. 0. 0. 0. 0. 0. 0. 0. 0. 0. 0. 0. 0. 0. 0.
 0. 0. 0. 0. 0. 0. 0. 0. 0. 0. 0. 0.]","[0. 0. 0. 0. 0. 0. 0. 0. 0. 0. 0. 0. 0. 0. 0. 0. 0. 0. 0. 0. 0. 0. 0. 0.
 0. 0. 0. 0. 0. 0. 0. 0. 0. 0. 0. 0.]",-0.04918687013443524,-4.620118180500384e-05,-3.945024144622787,-0.19229842942689693,-0.40101791549283383,9.796279893372192,"[3.99999998e-08 0.00000000e+00 0.00000000e+00 0.00000000e+00
 3.99999998e-08 0.00000000e+00 0.00000000e+00 0.00000000e+00
 3.99999998e-08]","[0.000289 0.       0.       0.       0.000289 0.       0.       0.
 0.000289]"
1786809894.617606,0.2488093010258795,0.02437071445430518,0.0,0.0,0.13246670617131606,0.012975030505261144,0.12499999999999999,-4.40341111489991,1.589654835596365,0.05082970198353263,0.5972731157128718,14.462814823897899,-6.887057248457564,"[0. 0. 0. 0. 0. 0. 0. 0. 0. 0. 0. 0. 0. 0. 0. 0. 0. 0. 0. 0. 0. 0. 0. 0.
 0. 0. 0. 0. 0. 0. 0. 0. 0. 0. 0. 0.]","[0. 0. 0. 0. 0. 0. 0. 0. 0. 0. 0. 0. 0. 0. 0. 0. 0. 0. 0. 0. 0. 0. 0. 0.
 0. 0. 0. 0. 0. 0. 0. 0. 0. 0. 0. 0.]",-0.05460850925335594,-0.0001419921266230179,-4.40324475844815,0.12255246111169295,-0.7337921617203497,9.805087840592519,"[3.99999998e-08 0.00000000e+00 0.00000000e+00 0.00000000e+00
 3.99999998e-08 0.00000000e+00 0.00000000e+00 0.00000000e+00
 3.99999998e-08]","[0.000289 0.       0.       0.       0.000289 0.       0.       0.
 0.000289]"
1786809894.6686625,0.2488093010258795,0.02437071445430518,0.0,0.0,0.13246670617131606,0.012975030505261144,0.125,-3.7907104430168985,1.589654835596365,0.05082970198353263,0.5972731157128718,13.531159280061262,-5.963624552466221,"[0. 0. 0. 0. 0. 0. 0. 0. 0. 0. 0. 0. 0. 0. 0. 0. 0. 0. 0. 0. 0. 0. 0. 0.
 0. 0. 0. 0. 0. 0. 0. 0. 0. 0. 0. 0.]","[0. 0. 0. 0. 0. 0. 0. 0. 0. 0. 0. 0. 0. 0. 0. 0. 0. 0. 0. 0. 0. 0. 0. 0.
 0. 0. 0. 0. 0. 0. 0. 0. 0. 0. 0. 0.]",-0.051897187984117764,4.148331936385536e-05,-4.164187132516225,-0.3200124078551698,-0.6340071136484888,9.764684356750058,"[3.99999998e-08 0.00000000e+00 0.00000000e+00 0.00000000e+00
 3.99999998e-08 0.00000000e+00 0.00000000e+00 0.00000000e+00
 3.99999998e-08]","[0.000289 0.       0.       0.       0.000289 0.       0.       0.
 0.000289]"
1786809894.7205415,0.24860297952033622,0.026392396132433684,0.0,0.0,0.1345914797250536,0.014288612533155318,0.125,-3.336963828080985,1.5917796091501024,0.0521432840114268,0.511836609667951,11.87748806799449,-4.301730492534349,"[0. 0. 0. 0. 0. 0. 0. 0. 0. 0. 0. 0. 0. 0. 0. 0. 0. 0. 0. 0. 0. 0. 0. 0.
 0. 0. 0. 0. 0. 0. 0. 0. 0. 0. 0. 0.]","[0. 0. 0. 0. 0. 0. 0. 0. 0. 0. 0. 0. 0. 0. 0. 0. 0. 0. 0. 0. 0. 0. 0. 0.
 0. 0. 0. 0. 0. 0. 0. 0. 0. 0. 0. 0.]",-0.041549967486558446,7.721460531804976e-05,-3.3366065918801837,0.1301071779419139,-0.490659749584234,9.77167591172762,"[3.99999998e-08 0.00000000e+00 0.00000000e+00 0.00000000e+00
 3.99999998e-08 0.00000000e+00 0.00000000e+00 0.00000000e+00
 3.99999998e-08]","[0.000289 0.       0.       0.       0.000289 0.       0.       0.
 0.000289]"
1786809894.767134,0.24842408226649598,0.028026333153825456,0.0,0.0,0.1368169880732375,0.015435212455490108,0.125,-2.9376299845671077,1.5940051174982863,0.05328988393376159,0.4416774603036866,11.100666817224745,-3.45459700969563,"[0. 0. 0. 0. 0. 0. 0. 0. 0. 0. 0. 0. 0. 0. 0. 0. 0. 0. 0. 0. 0. 0. 0. 0.
 0. 0. 0. 0. 0. 0. 0. 0. 0. 0. 0. 0.]","[0. 0. 0. 0. 0. 0. 0. 0. 0. 0. 0. 0. 0. 0. 0. 0. 0. 0. 0. 0. 0. 0. 0. 0.
 0. 0. 0. 0. 0. 0. 0. 0. 0. 0. 0. 0.]",-0.039653748738653176,-0.0004895898627770447,-3.1930816130910933,-0.13008068430863526,-0.4530651860016357,9.809052474423355,"[3.99999998e-08 0.00000000e+00 0.00000000e+00 0.00000000e+00
 3.99999998e-08 0.00000000e+00 0.00000000e+00 0.00000000e+00
 3.99999998e-08]","[0.000289 0.       0.       0.       0.000289 0.       0.       0.
 0.000289]"
1786809894.8238375,0.2482734388431197,0.02933086369358566,0.0,0.0,0.1391143024932473,0.01643487383616573,0.12499999999999997,-2.6260373052798283,1.5986530894879842,0.055152828195810535,0.3247787598817745,10.154029830942754,-2.578272255369362,"[0. 0. 0. 0. 0. 0. 0. 0. 0. 0. 0. 0. 0. 0. 0. 0. 0. 0. 0. 0. 0. 0. 0. 0.
 0. 0. 0. 0. 0. 0. 0. 0. 0. 0. 0. 0.]","[0. 0. 0. 0. 0. 0. 0. 0. 0. 0. 0. 0. 0. 0. 0. 0. 0. 0. 0. 0. 0. 0. 0. 0.
 0. 0. 0. 0. 0. 0. 0. 0. 0. 0. 0. 0.]",-0.032849666913720814,-0.00015590574137997517,-2.6259457942092888,-1.379733916228152,-0.4181694188131487,9.817923437233663,"[3.99999998e-08 0.00000000e+00 0.00000000e+00 0.00000000e+00
 3.99999998e-08 0.00000000e+00 0.00000000e+00 0.00000000e+00
 3.99999998e-08]","[0.000289 0.       0.       0.       0.000289 0.       0.       0.
 0.000289]"
1786809894.865386,0.24815169022954833,0.030343675390734497,0.0,0.0,0.1414649600629354,0.01729815671753905,0.12499999999999999,-2.3646316562332648,1.5986530894879842,0.055152828195810535,0.3247787598817745,9.520319166599503,-1.9445615909912601,"[0. 0. 0. 0. 0. 0. 0. 0. 0. 0. 0. 0. 0. 0. 0. 0. 0. 0. 0. 0. 0. 0. 0. 0.
 0. 0. 0. 0. 0. 0. 0. 0. 0. 0. 0. 0.]","[0. 0. 0. 0. 0. 0. 0. 0. 0. 0. 0. 0. 0. 0. 0. 0. 0. 0. 0. 0. 0. 0. 0. 0.
 0. 0. 0. 0. 0. 0. 0. 0. 0. 0. 0. 0.]",-0.029321842634473492,0.00020054561938564108,-2.3643896272807816,0.10389973677416593,-0.34223438695743574,9.788593984524926,"[3.99999998e-08 0.00000000e+00 0.00000000e+00 0.00000000e+00
 3.99999998e-08 0.00000000e+00 0.00000000e+00 0.00000000e+00
 3.99999998e-08]","[0.000289 0.       0.       0.       0.000289 0.       0.       0.
 0.000289]"
1786809894.9156647,0.2480573776685087,0.031105262966624546,0.0,0.0,0.14385639445761234,0.018038935270106145,0.125,-2.1771462317047954,1.6010445238826612,0.05589360674837763,0.27663710347361875,9.06580904653798,-1.4900514709069925,"[0. 0. 0. 0. 0. 0. 0. 0. 0. 0. 0. 0. 0. 0. 0. 0. 0. 0. 0. 0. 0. 0. 0. 0.
 0. 0. 0. 0. 0. 0. 0. 0. 0. 0. 0. 0.]","[0. 0. 0. 0. 0. 0. 0. 0. 0. 0. 0. 0. 0. 0. 0. 0. 0. 0. 0. 0. 0. 0. 0. 0.
 0. 0. 0. 0. 0. 0. 0. 0. 0. 0. 0. 0.]",-0.026976462370675223,4.000060149967879e-05,-2.1769328789174054,0.14661655099521334,-0.3264837015937382,9.786746238702824,"[3.99999998e-08 0.00000000e+00 0.00000000e+00 0.00000000e+00
 3.99999998e-08 0.00000000e+00 0.00000000e+00 0.00000000e+00
 3.99999998e-08]","[0.000289 0.       0.       0.       0.000289 0.       0.       0.
 0.000289]"
1786809894.9656787,0.24798876942817696,0.03164759449782058,0.0,0.0,0.1462778935953466,0.01866755285400791,0.125,-2.0434018179515023,1.6059106471656193,0.0570475022224133,0.1912129065244889,8.741580164716524,-1.1658225890704546,"[0. 0. 0. 0. 0. 0. 0. 0. 0. 0. 0. 0. 0. 0. 0. 0. 0. 0. 0. 0. 0. 0. 0. 0.
 0. 0. 0. 0. 0. 0. 0. 0. 0. 0. 0. 0.]","[0. 0. 0. 0. 0. 0. 0. 0. 0. 0. 0. 0. 0. 0. 0. 0. 0. 0. 0. 0. 0. 0. 0. 0.
 0. 0. 0. 0. 0. 0. 0. 0. 0. 0. 0. 0.]",-0.02564131331652144,0.00014804683387306355,-2.0434861531783777,0.13442804681580972,-0.28192412993305216,9.773094635137134,"[3.99999998e-08 0.00000000e+00 0.00000000e+00 0.00000000e+00
 3.99999998e-08 0.00000000e+00 0.00000000e+00 0.00000000e+00
 3.99999998e-08]","[0.000289 0.       0.       0.       0.000289 0.       0.       0.
 0.000289]"
1786809895.0170722,0.2479438681304345,0.031997472658285266,0.0,0.0,0.14872251774057044,0.01919283074414182,0.125,-1.9204575096488514,1.6059106471656193,0.0570475022224133,0.1912129065244889,8.443533356714093,-0.8677757810550157,"[0. 0. 0. 0. 0. 0. 0. 0. 0. 0. 0. 0. 0. 0. 0. 0. 0. 0. 0. 0. 0. 0. 0. 0.
 0. 0. 0. 0. 0. 0. 0. 0. 0. 0. 0. 0.]","[0. 0. 0. 0. 0. 0. 0. 0. 0. 0. 0. 0. 0. 0. 0. 0. 0. 0. 0. 0. 0. 0. 0. 0.
 0. 0. 0. 0. 0. 0. 0. 0. 0. 0. 0. 0.]",-0.024022305106280444,0.00029846780687019264,-1.9199728249718442,0.11297439560655495,-0.2742492144884492,9.823053021266727,"[3.99999998e-08 0.00000000e+00 0.00000000e+00 0.00000000e+00
 3.99999998e-08 0.00000000e+00 0.00000000e+00 0.00000000e+00
 3.99999998e-08]","[0.000289 0.       0.       0.       0.000289 0.       0.       0.
 0.000289]"
1786809895.065182,0.24791893985208244,0.03219004912421731,0.0,0.0,0.15366459102394092,0.019951967916064288,0.125,-1.8376910796259378,1.6108527204489897,0.05780663939433577,0.1148431446090973,8.242887465752242,-0.6671298900848559,"[0. 0. 0. 0. 0. 0. 0. 0. 0. 0. 0. 0. 0. 0. 0. 0. 0. 0. 0. 0. 0. 0. 0. 0.
 0. 0. 0. 0. 0. 0. 0. 0. 0. 0. 0. 0.]","[0. 0. 0. 0. 0. 0. 0. 0. 0. 0. 0. 0. 0. 0. 0. 0. 0. 0. 0. 0. 0. 0. 0. 0.
 0. 0. 0. 0. 0. 0. 0. 0. 0. 0. 0. 0.]",-0.02273237603328357,0.0001783405711061641,-1.8375951963723227,0.10617196967046155,-0.2462977065208561,9.786129154544188,"[3.99999998e-08 0.00000000e+00 0.00000000e+00 0.00000000e+00
 3.99999998e-08 0.00000000e+00 0.00000000e+00 0.00000000e+00
 3.99999998e-08]","[0.000289 0.       0.       0.       0.000289 0.       0.       0.
 0.000289]"
1786809895.1154032,0.2479355542374063,0.03206183003183319,0.0,0.0,0.15615313713159007,0.02019297053643481,0.12499999999999999,-1.7681985940900384,1.613341266556639,0.058047642014706295,0.07855473565769301,8.07442083415257,-0.49866325847848764,"[0. 0. 0. 0. 0. 0. 0. 0. 0. 0. 0. 0. 0. 0. 0. 0. 0. 0. 0. 0. 0. 0. 0. 0.
 0. 0. 0. 0. 0. 0. 0. 0. 0. 0. 0. 0.]","[0. 0. 0. 0. 0. 0. 0. 0. 0. 0. 0. 0. 0. 0. 0. 0. 0. 0. 0. 0. 0. 0. 0. 0.
 0. 0. 0. 0. 0. 0. 0. 0. 0. 0. 0. 0.]",-0.021672212239140728,4.640386851381556e-05,-1.7681393307309712,0.14819568789840207,-0.2628857509144511,9.820915493053633,"[3.99999998e-08 0.00000000e+00 0.00000000e+00 0.00000000e+00
 3.99999998e-08 0.00000000e+00 0.00000000e+00 0.00000000e+00
 3.99999998e-08]","[0.000289 0.       0.       0.       0.000289 0.       0.       0.
 0.000289]"
1786809895.1655095,0.24796932501959468,0.031799588823231834,0.0,0.0,0.1586484842813729,0.020345083276643035,0.125,-1.7183804661014446,1.6158366137064217,0.05819975475491452,0.04333885585577879,7.95364961478875,-0.37789203911001923,"[0. 0. 0. 0. 0. 0. 0. 0. 0. 0. 0. 0. 0. 0. 0. 0. 0. 0. 0. 0. 0. 0. 0. 0.
 0. 0. 0. 0. 0. 0. 0. 0. 0. 0. 0. 0.]","[0. 0. 0. 0. 0. 0. 0. 0. 0. 0. 0. 0. 0. 0. 0. 0. 0. 0. 0. 0. 0. 0. 0. 0.
 0. 0. 0. 0. 0. 0. 0. 0. 0. 0. 0. 0.]",-0.021465523311221927,-8.023984496828156e-05,-1.718327202980623,0.12434372568072453,-0.23504506687334709,9.778727838556128,"[3.99999998e-08 0.00000000e+00 0.00000000e+00 0.00000000e+00
 3.99999998e-08 0.00000000e+00 0.00000000e+00 0.00000000e+00
 3.99999998e-08]","[0.000289 0.       0.       0.       0.000289 0.       0.       0.
 0.000289]"
1786809895.21654,0.24801855672476864,0.031413301643773726,0.0,0.0,0.1611475061356733,0.020410469628687436,0.12499999999999999,-1.6807924728890788,1.6183356355607221,0.05826514110695892,0.009046422460291581,7.862527207003071,-0.28676963132092737,"[0. 0. 0. 0. 0. 0. 0. 0. 0. 0. 0. 0. 0. 0. 0. 0. 0. 0. 0. 0. 0. 0. 0. 0.
 0. 0. 0. 0. 0. 0. 0. 0. 0. 0. 0. 0.]","[0. 0. 0. 0. 0. 0. 0. 0. 0. 0. 0. 0. 0. 0. 0. 0. 0. 0. 0. 0. 0. 0. 0. 0.
 0. 0. 0. 0. 0. 0. 0. 0. 0. 0. 0. 0.]",-0.021188668187959992,-0.0001153434427444313,-1.6805476384783722,0.119705912822941,-0.22936330859852466,9.816782503579185,"[3.99999998e-08 0.00000000e+00 0.00000000e+00 0.00000000e+00
 3.99999998e-08 0.00000000e+00 0.00000000e+00 0.00000000e+00
 3.99999998e-08]","[0.000289 0.       0.       0.       0.000289 0.       0.       0.
 0.000289]"
1786809895.2708368,0.24808154939794347,0.030911888462462407,0.0,0.0,0.16364731312911407,0.020391066981423685,0.12499999999999999,-1.6521065125203545,1.620835442554163,0.05824573845969517,-0.02456942699781578,7.792985484897728,-0.21722790921302948,"[0. 0. 0. 0. 0. 0. 0. 0. 0. 0. 0. 0. 0. 0. 0. 0. 0. 0. 0. 0. 0. 0. 0. 0.
 0. 0. 0. 0. 0. 0. 0. 0. 0. 0. 0. 0.]","[0. 0. 0. 0. 0. 0. 0. 0. 0. 0. 0. 0. 0. 0. 0. 0. 0. 0. 0. 0. 0. 0. 0. 0.
 0. 0. 0. 0. 0. 0. 0. 0. 0. 0. 0. 0.]",-0.020441877374905413,-0.0003245533047713572,-1.6516272855305507,0.11539695927258213,-0.2402065562635488,9.780151523724731,"[3.99999998e-08 0.00000000e+00 0.00000000e+00 0.00000000e+00
 3.99999998e-08 0.00000000e+00 0.00000000e+00 0.00000000e+00
 3.99999998e-08]","[0.000289 0.       0.       0.       0.000289 0.       0.       0.
 0.000289]"
1786809895.3159497,0.24808154939794347,0.030911888462462407,0.0,0.0,0.16364731312911407,0.020391066981423685,0.12499999999999999,-1.6328419721591771,1.620835442554163,0.05824573845969517,-0.02456942699781578,7.746283568870715,-0.1705259931843269,"[0. 0. 0. 0. 0. 0. 0. 0. 0. 0. 0. 0. 0. 0. 0. 0. 0. 0. 0. 0. 0. 0. 0. 0.
 0. 0. 0. 0. 0. 0. 0. 0. 0. 0. 0. 0.]","[0. 0. 0. 0. 0. 0. 0. 0. 0. 0. 0. 0. 0. 0. 0. 0. 0. 0. 0. 0. 0. 0. 0. 0.
 0. 0. 0. 0. 0. 0. 0. 0. 0. 0. 0. 0.]",-0.02022584335979493,0.00011020380250160633,-1.633088363180566,0.11804824193672901,-0.22565210038521155,9.803583236318248,"[3.99999998e-08 0.00000000e+00 0.00000000e+00 0.00000000e+00
 3.99999998e-08 0.00000000e+00 0.00000000e+00 0.00000000e+00
 3.99999998e-08]","[0.000289 0.       0.       0.       0.000289 0.       0.       0.
 0.000289]"
1786809895.365299,0.2482421771864162,0.02959428096352293,0.0,0.0,0.16863819560926996,0.02010426350029356,0.12499999999999999,-1.6080363620675597,1.6258263250343188,0.057958934978565045,-0.08976922157396004,7.686148756526697,-0.11039118083816529,"[0. 0. 0. 0. 0. 0. 0. 0. 0. 0. 0. 0. 0. 0. 0. 0. 0. 0. 0. 0. 0. 0. 0. 0.
 0. 0. 0. 0. 0. 0. 0. 0. 0. 0. 0. 0.]","[0. 0. 0. 0. 0. 0. 0. 0. 0. 0. 0. 0. 0. 0. 0. 0. 0. 0. 0. 0. 0. 0. 0. 0.
 0. 0. 0. 0. 0. 0. 0. 0. 0. 0. 0. 0.]",-0.02017609073399967,0.00011975783567996373,-1.6079547744987728,0.11351138436445679,-0.19711716069725754,9.789693347159098,"[3.99999998e-08 0.00000000e+00 0.00000000e+00 0.00000000e+00
 3.99999998e-08 0.00000000e+00 0.00000000e+00 0.00000000e+00
 3.99999998e-08]","[0.000289 0.       0.       0.       0.000289 0.       0.       0.
 0.000289]"
1786809895.422348,0.2482421771864162,0.02959428096352293,0.0,0.0,0.16863819560926996,0.02010426350029356,0.12499999999999999,-1.6124573220876435,1.6258263250343188,0.057958934978565045,-0.08976922157396004,7.696866235362588,-0.12110865967443864,"[0. 0. 0. 0. 0. 0. 0. 0. 0. 0. 0. 0. 0. 0. 0. 0. 0. 0. 0. 0. 0. 0. 0. 0.
 0. 0. 0. 0. 0. 0. 0. 0. 0. 0. 0. 0.]","[0. 0. 0. 0. 0. 0. 0. 0. 0. 0. 0. 0. 0. 0. 0. 0. 0. 0. 0. 0. 0. 0. 0. 0.
 0. 0. 0. 0. 0. 0. 0. 0. 0. 0. 0. 0.]",-0.02028437988588816,-6.730692002011034e-05,-1.6126190473901394,0.13107591881104552,-0.2153694602821383,9.779442555577155,"[3.99999998e-08 0.00000000e+00 0.00000000e+00 0.00000000e+00
 3.99999998e-08 0.00000000e+00 0.00000000e+00 0.00000000e+00
 3.99999998e-08]","[0.000289 0.       0.       0.       0.000289 0.       0.       0.
 0.000289]"
1786809895.4825819,0.24833649405465183,0.02879211212543933,0.0,0.0,0.1711240926575417,0.01984011283527145,0.12499999999999999,-1.5922595875739032,1.6283122220825905,0.057694784313542934,-0.12195838166584476,7.647902030480901,-0.07214445479102254,"[0. 0. 0. 0. 0. 0. 0. 0. 0. 0. 0. 0. 0. 0. 0. 0. 0. 0. 0. 0. 0. 0. 0. 0.
 0. 0. 0. 0. 0. 0. 0. 0. 0. 0. 0. 0.]","[0. 0. 0. 0. 0. 0. 0. 0. 0. 0. 0. 0. 0. 0. 0. 0. 0. 0. 0. 0. 0. 0. 0. 0.
 0. 0. 0. 0. 0. 0. 0. 0. 0. 0. 0. 0.]",-0.020101714099724454,0.0002315627438747149,-1.5920001318921304,0.14709994209900526,-0.20874793382834606,9.820641520812083,"[3.99999998e-08 0.00000000e+00 0.00000000e+00 0.00000000e+00
 3.99999998e-08 0.00000000e+00 0.00000000e+00 0.00000000e+00
 3.99999998e-08]","[0.000289 0.       0.       0.       0.000289 0.       0.       0.
 0.000289]"
1786809895.521759,0.248438152489543,0.02790133307895103,0.0,0.0,0.17360026187748345,0.019496517264757332,0.12499999999999999,-1.5874317869858332,1.6307883913025323,0.057351188743028816,-0.15379391782452698,7.636198271479459,-0.06044069578917057,"[0. 0. 0. 0. 0. 0. 0. 0. 0. 0. 0. 0. 0. 0. 0. 0. 0. 0. 0. 0. 0. 0. 0. 0.
 0. 0. 0. 0. 0. 0. 0. 0. 0. 0. 0. 0.]","[0. 0. 0. 0. 0. 0. 0. 0. 0. 0. 0. 0. 0. 0. 0. 0. 0. 0. 0. 0. 0. 0. 0. 0.
 0. 0. 0. 0. 0. 0. 0. 0. 0. 0. 0. 0.]",-0.01982931241224394,-8.688965322224295e-05,-1.5874957835788708,0.09850899707056503,-0.23112294222103424,9.782956507690463,"[3.99999998e-08 0.00000000e+00 0.00000000e+00 0.00000000e+00
 3.99999998e-08 0.00000000e+00 0.00000000e+00 0.00000000e+00
 3.99999998e-08]","[0.000289 0.       0.       0.       0.000289 0.       0.       0.
 0.000289]"
1786809895.5657237,0.24854566115153479,0.02692683276485465,0.0,0.0,0.17606425624011046,0.019074373544406956,0.12499999999999999,-1.5978511875004615,1.6332523856651593,0.05692904502267844,-0.18560506995108245,7.661457424241871,-0.0856998485524703,"[0. 0. 0. 0. 0. 0. 0. 0. 0. 0. 0. 0. 0. 0. 0. 0. 0. 0. 0. 0. 0. 0. 0. 0.
 0. 0. 0. 0. 0. 0. 0. 0. 0. 0. 0. 0.]","[0. 0. 0. 0. 0. 0. 0. 0. 0. 0. 0. 0. 0. 0. 0. 0. 0. 0. 0. 0. 0. 0. 0. 0.
 0. 0. 0. 0. 0. 0. 0. 0. 0. 0. 0. 0.]",-0.019961754593373685,0.00012474124248272684,-1.5981240341080034,0.09986285678705557,-0.21932181404538995,9.789363206602983,"[3.99999998e-08 0.00000000e+00 0.00000000e+00 0.00000000e+00
 3.99999998e-08 0.00000000e+00 0.00000000e+00 0.00000000e+00
 3.99999998e-08]","[0.000289 0.       0.       0.       0.000289 0.       0.       0.
 0.000289]"
1786809895.6195028,0.24865766079360574,0.025872141941712196,0.0,0.0,0.17851352817916455,0.018573838927089074,0.125,-1.5984928175984991,1.6357016576042134,0.05642851040536056,-0.21756786837122422,7.663012891146216,-0.08725531545687391,"[0. 0. 0. 0. 0. 0. 0. 0. 0. 0. 0. 0. 0. 0. 0. 0. 0. 0. 0. 0. 0. 0. 0. 0.
 0. 0. 0. 0. 0. 0. 0. 0. 0. 0. 0. 0.]","[0. 0. 0. 0. 0. 0. 0. 0. 0. 0. 0. 0. 0. 0. 0. 0. 0. 0. 0. 0. 0. 0. 0. 0.
 0. 0. 0. 0. 0. 0. 0. 0. 0. 0. 0. 0.]",-0.02010187963200278,0.00014895229827611392,-1.5985972912975073,0.11150254486947749,-0.25839062139245433,9.796604685186551,"[3.99999998e-08 0.00000000e+00 0.00000000e+00 0.00000000e+00
 3.99999998e-08 0.00000000e+00 0.00000000e+00 0.00000000e+00
 3.99999998e-08]","[0.000289 0.       0.       0.       0.000289 0.       0.       0.
 0.000289]"
1786809895.6673968,0.24877277705534284,0.02474076385588587,0.0,0.0,0.18094554676485397,0.017995260961722902,0.12499999999999999,-1.6014073200134307,1.6381336761899028,0.055849932439994386,-0.2495639552405701,7.670078351546029,-0.09432077585693346,"[0. 0. 0. 0. 0. 0. 0. 0. 0. 0. 0. 0. 0. 0. 0. 0. 0. 0. 0. 0. 0. 0. 0. 0.
 0. 0. 0. 0. 0. 0. 0. 0. 0. 0. 0. 0.]","[0. 0. 0. 0. 0. 0. 0. 0. 0. 0. 0. 0. 0. 0. 0. 0. 0. 0. 0. 0. 0. 0. 0. 0.
 0. 0. 0. 0. 0. 0. 0. 0. 0. 0. 0. 0.]",-0.019940213062428217,-0.00011062183431530635,-1.6009490832896067,0.1202388490831676,-0.21671700881333497,9.788637830654487,"[3.99999998e-08 0.00000000e+00 0.00000000e+00 0.00000000e+00
 3.99999998e-08 0.00000000e+00 0.00000000e+00 0.00000000e+00
 3.99999998e-08]","[0.000289 0.       0.       0.       0.000289 0.       0.       0.
 0.000289]"
1786809895.7173402,0.24877277705534284,0.02474076385588587,0.0,0.0,0.18094554676485397,0.017995260961722902,0.12500000000000003,-1.6058415540126112,1.6381336761899028,0.055849932439994386,-0.2495639552405701,7.680828009725819,-0.10507043403709924,"[0. 0. 0. 0. 0. 0. 0. 0. 0. 0. 0. 0. 0. 0. 0. 0. 0. 0. 0. 0. 0. 0. 0. 0.
 0. 0. 0. 0. 0. 0. 0. 0. 0. 0. 0. 0.]","[0. 0. 0. 0. 0. 0. 0. 0. 0. 0. 0. 0. 0. 0. 0. 0. 0. 0. 0. 0. 0. 0. 0. 0.
 0. 0. 0. 0. 0. 0. 0. 0. 0. 0. 0. 0.]",-0.019890767805571967,0.0002750044200321835,-1.6057531787346486,0.14080484607554003,-0.24448869908534954,9.789761433429517,"[3.99999998e-08 0.00000000e+00 0.00000000e+00 0.00000000e+00
 3.99999998e-08 0.00000000e+00 0.00000000e+00 0.00000000e+00
 3.99999998e-08]","[0.000289 0.       0.       0.       0.000289 0.       0.       0.
 0.000289]"
1786809895.765911,0.24888964207560807,0.023536058877299836,0.0,0.0,0.1833577868999039,0.017339089052072966,0.12500000000000003,-1.5889199778655771,1.6405459163249527,0.05519376053034445,-0.2816408782080742,7.6398060069455465,-0.06404843125538888,"[0. 0. 0. 0. 0. 0. 0. 0. 0. 0. 0. 0. 0. 0. 0. 0. 0. 0. 0. 0. 0. 0. 0. 0.
 0. 0. 0. 0. 0. 0. 0. 0. 0. 0. 0. 0.]","[0. 0. 0. 0. 0. 0. 0. 0. 0. 0. 0. 0. 0. 0. 0. 0. 0. 0. 0. 0. 0. 0. 0. 0.
 0. 0. 0. 0. 0. 0. 0. 0. 0. 0. 0. 0.]",-0.01972353208138832,0.0001343499393070055,-1.5890560157672198,0.13766880256834688,-0.2183137304041197,9.806757352363357,"[3.99999998e-08 0.00000000e+00 0.00000000e+00 0.00000000e+00
 3.99999998e-08 0.00000000e+00 0.00000000e+00 0.00000000e+00
 3.99999998e-08]","[0.000289 0.       0.       0.       0.000289 0.       0.       0.
 0.000289]"
1786809895.8176355,0.24900686079176074,0.022261699814540216,0.0,0.0,0.18574784490622465,0.016606220211571654,0.125,-1.5960883326696866,1.6429359743312735,0.05446089168984314,-0.31342644613601167,7.657183836773599,-0.08142626108404863,"[0. 0. 0. 0. 0. 0. 0. 0. 0. 0. 0. 0. 0. 0. 0. 0. 0. 0. 0. 0. 0. 0. 0. 0.
 0. 0. 0. 0. 0. 0. 0. 0. 0. 0. 0. 0.]","[0. 0. 0. 0. 0. 0. 0. 0. 0. 0. 0. 0. 0. 0. 0. 0. 0. 0. 0. 0. 0. 0. 0. 0.
 0. 0. 0. 0. 0. 0. 0. 0. 0. 0. 0. 0.]",-0.01977075829568397,0.00020371817911183078,-1.596233132231348,0.11975719038216637,-0.2134421929068644,9.781743588476168,"[3.99999998e-08 0.00000000e+00 0.00000000e+00 0.00000000e+00
 3.99999998e-08 0.00000000e+00 0.00000000e+00 0.00000000e+00
 3.99999998e-08]","[0.000289 0.       0.       0.       0.000289 0.       0.       0.
 0.000289]"
1786809895.8666744,0.24912307533187503,0.020921121795661787,0.0,0.0,0.188113341029861,0.01579758163241908,0.125,-1.6059580453324542,1.6453014704549098,0.053652253110690565,-0.34539756133724503,7.681110412925628,-0.10535283723692172,"[0. 0. 0. 0. 0. 0. 0. 0. 0. 0. 0. 0. 0. 0. 0. 0. 0. 0. 0. 0. 0. 0. 0. 0.
 0. 0. 0. 0. 0. 0. 0. 0. 0. 0. 0. 0.]","[0. 0. 0. 0. 0. 0. 0. 0. 0. 0. 0. 0. 0. 0. 0. 0. 0. 0. 0. 0. 0. 0. 0. 0.
 0. 0. 0. 0. 0. 0. 0. 0. 0. 0. 0. 0.]",-0.020191171765359128,0.00018072542096315682,-1.605580860925289,0.1259909202119669,-0.2062651996911312,9.760886628320517,"[3.99999998e-08 0.00000000e+00 0.00000000e+00 0.00000000e+00
 3.99999998e-08 0.00000000e+00 0.00000000e+00 0.00000000e+00
 3.99999998e-08]","[0.000289 0.       0.       0.       0.000289 0.       0.       0.
 0.000289]"
1786809895.9186482,0.24923702678119844,0.019516774356132374,0.0,0.0,0.19045169680448182,0.014913525651783319,0.12499999999999999,-1.613876663053515,1.6476398262295306,0.0527681971300548,-0.37751672224416744,7.700307061946245,-0.12454948625822307,"[0. 0. 0. 0. 0. 0. 0. 0. 0. 0. 0. 0. 0. 0. 0. 0. 0. 0. 0. 0. 0. 0. 0. 0.
 0. 0. 0. 0. 0. 0. 0. 0. 0. 0. 0. 0.]","[0. 0. 0. 0. 0. 0. 0. 0. 0. 0. 0. 0. 0. 0. 0. 0. 0. 0. 0. 0. 0. 0. 0. 0.
 0. 0. 0. 0. 0. 0. 0. 0. 0. 0. 0. 0.]",-0.0201602323793706,4.2838703975557277e-05,-1.613321747922471,0.10225953477944816,-0.23185046686106964,9.804329611140519,"[3.99999998e-08 0.00000000e+00 0.00000000e+00 0.00000000e+00
 3.99999998e-08 0.00000000e+00 0.00000000e+00 0.00000000e+00
 3.99999998e-08]","[0.000289 0.       0.       0.       0.000289 0.       0.       0.
 0.000289]"
1786809895.9653966,0.2493474520167622,0.018051265128751298,0.0,0.0,0.19276040048345888,0.013954700829336267,0.125,-1.622654056332983,1.6499485299085077,0.05180937230760775,-0.409770499639796,7.721585591108427,-0.1458280154211617,"[0. 0. 0. 0. 0. 0. 0. 0. 0. 0. 0. 0. 0. 0. 0. 0. 0. 0. 0. 0. 0. 0. 0. 0.
 0. 0. 0. 0. 0. 0. 0. 0. 0. 0. 0. 0.]","[0. 0. 0. 0. 0. 0. 0. 0. 0. 0. 0. 0. 0. 0. 0. 0. 0. 0. 0. 0. 0. 0. 0. 0.
 0. 0. 0. 0. 0. 0. 0. 0. 0. 0. 0. 0.]",-0.02047179703735688,0.0004266701275059796,-1.6220384631629265,0.12899488067250164,-0.22525751027450705,9.825870804520816,"[3.99999998e-08 0.00000000e+00 0.00000000e+00 0.00000000e+00
 3.99999998e-08 0.00000000e+00 0.00000000e+00 0.00000000e+00
 3.99999998e-08]","[0.000289 0.       0.       0.       0.000289 0.       0.       0.
 0.000289]"
1786809896.0215576,0.2494531243939155,0.016526909272871326,0.0,0.0,0.19503687737900877,0.012921693344746216,0.125,-1.629634858904952,1.6522250068040576,0.0507763648230177,-0.4422148033595269,7.738508748858522,-0.1627511731718612,"[0. 0. 0. 0. 0. 0. 0. 0. 0. 0. 0. 0. 0. 0. 0. 0. 0. 0. 0. 0. 0. 0. 0. 0.
 0. 0. 0. 0. 0. 0. 0. 0. 0. 0. 0. 0.]","[0. 0. 0. 0. 0. 0. 0. 0. 0. 0. 0. 0. 0. 0. 0. 0. 0. 0. 0. 0. 0. 0. 0. 0.
 0. 0. 0. 0. 0. 0. 0. 0. 0. 0. 0. 0.]",-0.020711953204607614,0.00026137470205674876,-1.62963451584333,0.12720214964794416,-0.22735259870736307,9.804454821468102,"[3.99999998e-08 0.00000000e+00 0.00000000e+00 0.00000000e+00
 3.99999998e-08 0.00000000e+00 0.00000000e+00 0.00000000e+00
 3.99999998e-08]","[0.000289 0.       0.       0.       0.000289 0.       0.       0.
 0.000289]"
1786809896.0765495,0.24955283871420497,0.014945925521091278,0.0,0.0,0.19727854220312113,0.011815174749641014,0.125,-1.637111744044512,1.65446667162817,0.0496698462279125,-0.4748747924812379,7.756634531014877,-0.18087695532887002,"[0. 0. 0. 0. 0. 0. 0. 0. 0. 0. 0. 0. 0. 0. 0. 0. 0. 0. 0. 0. 0. 0. 0. 0.
 0. 0. 0. 0. 0. 0. 0. 0. 0. 0. 0. 0.]","[0. 0. 0. 0. 0. 0. 0. 0. 0. 0. 0. 0. 0. 0. 0. 0. 0. 0. 0. 0. 0. 0. 0. 0.
 0. 0. 0. 0. 0. 0. 0. 0. 0. 0. 0. 0.]",-0.02051017100125112,0.00019995915129148318,-1.637501825543392,0.1251833936979293,-0.21834238564251457,9.779591246302976,"[3.99999998e-08 0.00000000e+00 0.00000000e+00 0.00000000e+00
 3.99999998e-08 0.00000000e+00 0.00000000e+00 0.00000000e+00
 3.99999998e-08]","[0.000289 0.       0.       0.       0.000289 0.       0.       0.
 0.000289]"
1786809896.1153615,0.24964541614631847,0.013310379300812093,0.0,0.0,0.19727854220312113,0.011815174749641014,0.125,-1.6440899322118172,1.6566709023317054,0.048490522167431105,-0.5077077437975186,7.773551350814276,-0.19779377512887913,"[0. 0. 0. 0. 0. 0. 0. 0. 0. 0. 0. 0. 0. 0. 0. 0. 0. 0. 0. 0. 0. 0. 0. 0.
 0. 0. 0. 0. 0. 0. 0. 0. 0. 0. 0. 0.]","[0. 0. 0. 0. 0. 0. 0. 0. 0. 0. 0. 0. 0. 0. 0. 0. 0. 0. 0. 0. 0. 0. 0. 0.
 0. 0. 0. 0. 0. 0. 0. 0. 0. 0. 0. 0.]",-0.020507158712102534,0.0001756406479409447,-1.644250628244482,0.11776925906003533,-0.1978015573552531,9.786703844837383,"[3.99999998e-08 0.00000000e+00 0.00000000e+00 0.00000000e+00
 3.99999998e-08 0.00000000e+00 0.00000000e+00 0.00000000e+00
 3.99999998e-08]","[0.000289 0.       0.       0.       0.000289 0.       0.       0.
 0.000289]"
1786809896.1663072,0.24964541614631847,0.013310379300812093,0.0,0.0,0.1994827729066566,0.01063585068915962,0.125,-1.654966420997912,1.6566709023317054,0.048490522167431105,-0.5077077437975186,7.79991859635608,-0.22416102067164004,"[0. 0. 0. 0. 0. 0. 0. 0. 0. 0. 0. 0. 0. 0. 0. 0. 0. 0. 0. 0. 0. 0. 0. 0.
 0. 0. 0. 0. 0. 0. 0. 0. 0. 0. 0. 0.]","[0. 0. 0. 0. 0. 0. 0. 0. 0. 0. 0. 0. 0. 0. 0. 0. 0. 0. 0. 0. 0. 0. 0. 0.
 0. 0. 0. 0. 0. 0. 0. 0. 0. 0. 0. 0.]",-0.02115617957086584,0.0002515751679416321,-1.6547852778874332,0.11826754232459238,-0.2085015745252482,9.785448765268228,"[3.99999998e-08 0.00000000e+00 0.00000000e+00 0.00000000e+00
 3.99999998e-08 0.00000000e+00 0.00000000e+00 0.00000000e+00
 3.99999998e-08]","[0.000289 0.       0.       0.       0.000289 0.       0.       0.
 0.000289]"
1786809896.2296169,0.24972969366971537,0.011622396466741866,0.0,0.0,0.20164700142195247,0.009384632489699812,0.125,-1.6328057318637408,1.6588351308470013,0.0472393039679713,-0.5407200602902231,7.746195713607111,-0.17043813792072687,"[0. 0. 0. 0. 0. 0. 0. 0. 0. 0. 0. 0. 0. 0. 0. 0. 0. 0. 0. 0. 0. 0. 0. 0.
 0. 0. 0. 0. 0. 0. 0. 0. 0. 0. 0. 0.]","[0. 0. 0. 0. 0. 0. 0. 0. 0. 0. 0. 0. 0. 0. 0. 0. 0. 0. 0. 0. 0. 0. 0. 0.
 0. 0. 0. 0. 0. 0. 0. 0. 0. 0. 0. 0.]",-0.02029733496526348,0.000405171697104512,-1.632536156007674,0.11791769676703422,-0.22585487831353954,9.79065969650105,"[3.99999998e-08 0.00000000e+00 0.00000000e+00 0.00000000e+00
 3.99999998e-08 0.00000000e+00 0.00000000e+00 0.00000000e+00
 3.99999998e-08]","[0.000289 0.       0.       0.       0.000289 0.       0.       0.
 0.000289]"
1786809896.2664244,0.24980452033041475,0.009884413108091902,0.0,0.0,0.20376887015358736,0.008062847255538498,0.125,-1.646219871932623,1.6609569995786362,0.04591751873380998,-0.5734828994292521,7.778714841046529,-0.20295726536132175,"[0. 0. 0. 0. 0. 0. 0. 0. 0. 0. 0. 0. 0. 0. 0. 0. 0. 0. 0. 0. 0. 0. 0. 0.
 0. 0. 0. 0. 0. 0. 0. 0. 0. 0. 0. 0.]","[0. 0. 0. 0. 0. 0. 0. 0. 0. 0. 0. 0. 0. 0. 0. 0. 0. 0. 0. 0. 0. 0. 0. 0.
 0. 0. 0. 0. 0. 0. 0. 0. 0. 0. 0. 0.]",-0.020625841053276184,-9.671875689627202e-05,-1.6459747795617394,0.12596427081664388,-0.22906226953232,9.786802102223326,"[3.99999998e-08 0.00000000e+00 0.00000000e+00 0.00000000e+00
 3.99999998e-08 0.00000000e+00 0.00000000e+00 0.00000000e+00
 3.99999998e-08]","[0.000289 0.       0.       0.       0.000289 0.       0.       0.
 0.000289]"
1786809896.3150594,0.2498687769673025,0.008099030612637446,0.0,0.0,0.2058462039687574,0.006672120973547406,0.125,-1.6577939811669102,1.6630343333938062,0.04452679245181889,-0.6064188709592119,7.8067732876748455,-0.23101571199065524,"[0. 0. 0. 0. 0. 0. 0. 0. 0. 0. 0. 0. 0. 0. 0. 0. 0. 0. 0. 0. 0. 0. 0. 0.
 0. 0. 0. 0. 0. 0. 0. 0. 0. 0. 0. 0.]","[0. 0. 0. 0. 0. 0. 0. 0. 0. 0. 0. 0. 0. 0. 0. 0. 0. 0. 0. 0. 0. 0. 0. 0.
 0. 0. 0. 0. 0. 0. 0. 0. 0. 0. 0. 0.]",-0.02104912272559174,-2.4939545311539816e-05,-1.657447765998956,0.1458947912584814,-0.23678354609285437,9.780885787553894,"[3.99999998e-08 0.00000000e+00 0.00000000e+00 0.00000000e+00
 3.99999998e-08 0.00000000e+00 0.00000000e+00 0.00000000e+00
 3.99999998e-08]","[0.000289 0.       0.       0.       0.000289 0.       0.       0.
 0.000289]"
1786809896.3668752,0.2498687769673025,0.008099030612637446,0.0,0.0,0.2058462039687574,0.006672120973547406,0.125,-1.6650353680681511,1.6650645645953224,0.04306816719169424,-0.639618198892609,7.8243281650110195,-0.24857058932747372,"[0. 0. 0. 0. 0. 0. 0. 0. 0. 0. 0. 0. 0. 0. 0. 0. 0. 0. 0. 0. 0. 0. 0. 0.
 0. 0. 0. 0. 0. 0. 0. 0. 0. 0. 0. 0.]","[0. 0. 0. 0. 0. 0. 0. 0. 0. 0. 0. 0. 0. 0. 0. 0. 0. 0. 0. 0. 0. 0. 0. 0.
 0. 0. 0. 0. 0. 0. 0. 0. 0. 0. 0. 0.]",-0.02096540126327305,-0.0001832742680813505,-1.6647733520861085,0.14480120564689677,-0.2443086563050111,9.824628524191455,"[3.99999998e-08 0.00000000e+00 0.00000000e+00 0.00000000e+00
 3.99999998e-08 0.00000000e+00 0.00000000e+00 0.00000000e+00
 3.99999998e-08]","[0.000289 0.       0.       0.       0.000289 0.       0.       0.
 0.000289]"
1786809896.41524,0.24992141263713472,0.006267974589851859,0.0,0.0,0.20787643517027354,0.005213495713422757,0.125,-1.6429473806337536,1.6650645645953224,0.04306816719169424,-0.639618198892609,7.770781528806953,-0.1950239531214535,"[0. 0. 0. 0. 0. 0. 0. 0. 0. 0. 0. 0. 0. 0. 0. 0. 0. 0. 0. 0. 0. 0. 0. 0.
 0. 0. 0. 0. 0. 0. 0. 0. 0. 0. 0. 0.]","[0. 0. 0. 0. 0. 0. 0. 0. 0. 0. 0. 0. 0. 0. 0. 0. 0. 0. 0. 0. 0. 0. 0. 0.
 0. 0. 0. 0. 0. 0. 0. 0. 0. 0. 0. 0.]",-0.02021858460409385,0.0002038626132420764,-1.643271616531466,0.11094879599886352,-0.22445112195674244,9.786506046846007,"[3.99999998e-08 0.00000000e+00 0.00000000e+00 0.00000000e+00
 3.99999998e-08 0.00000000e+00 0.00000000e+00 0.00000000e+00
 3.99999998e-08]","[0.000289 0.       0.       0.       0.000289 0.       0.       0.
 0.000289]"
1786809896.466428,0.24996139691125935,0.004393182692750195,0.0,0.0,0.2098571703565515,0.0036883330792363764,0.12499999999999999,-1.6668462540159181,1.6670452997816003,0.04154300455750786,-0.6726795601614997,7.828718191551036,-0.2529606158676519,"[0. 0. 0. 0. 0. 0. 0. 0. 0. 0. 0. 0. 0. 0. 0. 0. 0. 0. 0. 0. 0. 0. 0. 0.
 0. 0. 0. 0. 0. 0. 0. 0. 0. 0. 0. 0.]","[0. 0. 0. 0. 0. 0. 0. 0. 0. 0. 0. 0. 0. 0. 0. 0. 0. 0. 0. 0. 0. 0. 0. 0.
 0. 0. 0. 0. 0. 0. 0. 0. 0. 0. 0. 0.]",-0.020521955485954528,-5.905712481582685e-05,-1.666808259867027,0.11920936146980998,-0.22719691906489414,9.799780725958692,"[3.99999998e-08 0.00000000e+00 0.00000000e+00 0.00000000e+00
 3.99999998e-08 0.00000000e+00 0.00000000e+00 0.00000000e+00
 3.99999998e-08]","[0.000289 0.       0.       0.       0.000289 0.       0.       0.
 0.000289]"
1786809896.5150423,0.24998773050983716,0.002476811365654693,0.0,0.0,0.21178623317303003,0.0020983211789728784,0.125,-1.6717879220665488,1.6689743625980789,0.03995299265724436,-0.7060164852421109,7.840697992885785,-0.2649404172028422,"[0. 0. 0. 0. 0. 0. 0. 0. 0. 0. 0. 0. 0. 0. 0. 0. 0. 0. 0. 0. 0. 0. 0. 0.
 0. 0. 0. 0. 0. 0. 0. 0. 0. 0. 0. 0.]","[0. 0. 0. 0. 0. 0. 0. 0. 0. 0. 0. 0. 0. 0. 0. 0. 0. 0. 0. 0. 0. 0. 0. 0.
 0. 0. 0. 0. 0. 0. 0. 0. 0. 0. 0. 0.]",-0.021097230159134523,0.0003999881300760941,-1.6715453522506625,0.15033434732005804,-0.23657557467824072,9.780217548948404,"[3.99999998e-08 0.00000000e+00 0.00000000e+00 0.00000000e+00
 3.99999998e-08 0.00000000e+00 0.00000000e+00 0.00000000e+00
 3.99999998e-08]","[0.000289 0.       0.       0.       0.000289 0.       0.       0.
 0.000289]"
1786809896.565301,0.2499994580880642,0.0005205340279286526,0.0,0.0,0.21366120718215464,0.0004448726794737609,0.125,-1.6810001235110819,1.6708493366072035,0.038299544157745245,-0.7394028269953901,7.863030602448069,-0.2872730267659497,"[0. 0. 0. 0. 0. 0. 0. 0. 0. 0. 0. 0. 0. 0. 0. 0. 0. 0. 0. 0. 0. 0. 0. 0.
 0. 0. 0. 0. 0. 0. 0. 0. 0. 0. 0. 0.]","[0. 0. 0. 0. 0. 0. 0. 0. 0. 0. 0. 0. 0. 0. 0. 0. 0. 0. 0. 0. 0. 0. 0. 0.
 0. 0. 0. 0. 0. 0. 0. 0. 0. 0. 0. 0.]",-0.02123447517107311,-0.00023740129050937034,-1.681018250689467,0.13778425454029833,-0.22008059853193937,9.798597566357595,"[3.99999998e-08 0.00000000e+00 0.00000000e+00 0.00000000e+00
 3.99999998e-08 0.00000000e+00 0.00000000e+00 0.00000000e+00
 3.99999998e-08]","[0.000289 0.       0.       0.       0.000289 0.       0.       0.
 0.000289]"
1786809896.6215084,0.2499956548925366,-0.0014739521198894193,0.0,0.0,0.2154797453399091,-0.0012704493907044825,0.125,-1.7149532900375761,1.672667874764958,0.036584222087567,-0.7730723113276452,7.945341309178124,-0.369583733499084,"[0. 0. 0. 0. 0. 0. 0. 0. 0. 0. 0. 0. 0. 0. 0. 0. 0. 0. 0. 0. 0. 0. 0. 0.
 0. 0. 0. 0. 0. 0. 0. 0. 0. 0. 0. 0.]","[0. 0. 0. 0. 0. 0. 0. 0. 0. 0. 0. 0. 0. 0. 0. 0. 0. 0. 0. 0. 0. 0. 0. 0.
 0. 0. 0. 0. 0. 0. 0. 0. 0. 0. 0. 0.]",-0.02136768926404444,5.284817842648316e-06,-1.7152068602146204,0.10072911851829675,-0.2416041552807708,9.823261107346521,"[3.99999998e-08 0.00000000e+00 0.00000000e+00 0.00000000e+00
 3.99999998e-08 0.00000000e+00 0.00000000e+00 0.00000000e+00
 3.99999998e-08]","[0.000289 0.       0.       0.       0.000289 0.       0.       0.
 0.000289]"
1786809896.6650074,0.24997539541210667,-0.003507376307287227,0.0,0.0,0.21724031910909614,-0.0030480741793592475,0.12499999999999999,5.0,1.674428448534145,0.03480659729891224,-0.8070834017145551,6.787852075082622,1.02397921103807,"[0. 0. 0. 0. 0. 0. 0. 0. 0. 0. 0. 0. 0. 0. 0. 0. 0. 0. 0. 0. 0. 0. 0. 0.
 0. 0. 0. 0. 0. 0. 0. 0. 0. 0. 0. 0.]","[0. 0. 0. 0. 0. 0. 0. 0. 0. 0. 0. 0. 0. 0. 0. 0. 0. 0. 0. 0. 0. 0. 0. 0.
 0. 0. 0. 0. 0. 0. 0. 0. 0. 0. 0. 0.]",-0.013497672653366889,6.787357139807117e-06,-1.0934039530788984,0.0376480998727547,-0.12591292921908234,9.81881364457784,"[3.99999998e-08 0.00000000e+00 0.00000000e+00 0.00000000e+00
 3.99999998e-08 0.00000000e+00 0.00000000e+00 0.00000000e+00
 3.99999998e-08]","[0.000289 0.       0.       0.       0.000289 0.       0.       0.
 0.000289]"
1786809896.7226744,0.24993626933011245,-0.005644579111456457,0.0,0.0,0.21901333186296656,-0.004946213214583016,0.125,5.0,1.6762014612880154,0.03290845826368847,-0.8284694147128708,4.914828378955755,3.3225525412063277,"[0. 0. 0. 0. 0. 0. 0. 0. 0. 0. 0. 0. 0. 0. 0. 0. 0. 0. 0. 0. 0. 0. 0. 0.
 0. 0. 0. 0. 0. 0. 0. 0. 0. 0. 0. 0.]","[0. 0. 0. 0. 0. 0. 0. 0. 0. 0. 0. 0. 0. 0. 0. 0. 0. 0. 0. 0. 0. 0. 0. 0.
 0. 0. 0. 0. 0. 0. 0. 0. 0. 0. 0. 0.]",-0.004310995060813388,-0.00031341298472276454,-0.37666385755703974,0.08989769078878462,-0.06504200903981727,9.801717108095184,"[3.99999998e-08 0.00000000e+00 0.00000000e+00 0.00000000e+00
 3.99999998e-08 0.00000000e+00 0.00000000e+00 0.00000000e+00
 3.99999998e-08]","[0.000289 0.       0.       0.       0.000289 0.       0.       0.
 0.000289]"
1786809896.767616,0.2498752077274157,-0.007898136690438548,0.0,0.0,0.22087006169852041,-0.0069813326179342765,0.125,5.0,1.6780581911235692,0.030873338860337208,-0.8307352113972878,2.633977237197021,6.140929108207086,"[0. 0. 0. 0. 0. 0. 0. 0. 0. 0. 0. 0. 0. 0. 0. 0. 0. 0. 0. 0. 0. 0. 0. 0.
 0. 0. 0. 0. 0. 0. 0. 0. 0. 0. 0. 0.]","[0. 0. 0. 0. 0. 0. 0. 0. 0. 0. 0. 0. 0. 0. 0. 0. 0. 0. 0. 0. 0. 0. 0. 0.
 0. 0. 0. 0. 0. 0. 0. 0. 0. 0. 0. 0.]",0.007422961241092043,3.723273542107902e-05,0.5792239780811177,0.12077015865846522,0.08765450615098151,9.773861360877863,"[3.99999998e-08 0.00000000e+00 0.00000000e+00 0.00000000e+00
 3.99999998e-08 0.00000000e+00 0.00000000e+00 0.00000000e+00
 3.99999998e-08]","[0.000289 0.       0.       0.       0.000289 0.       0.       0.
 0.000289]"
1786809896.816771,0.24979091331213818,-0.01022250589082105,0.0,0.0,0.22285037005431163,-0.009119984351893363,0.12499999999999999,5.0,1.6800384994793605,0.02873468712637812,-0.8138784956142465,0.32975250073896956,8.936619286333373,"[0. 0. 0. 0. 0. 0. 0. 0. 0. 0. 0. 0. 0. 0. 0. 0. 0. 0. 0. 0. 0. 0. 0. 0.
 0. 0. 0. 0. 0. 0. 0. 0. 0. 0. 0. 0.]","[0. 0. 0. 0. 0. 0. 0. 0. 0. 0. 0. 0. 0. 0. 0. 0. 0. 0. 0. 0. 0. 0. 0. 0.
 0. 0. 0. 0. 0. 0. 0. 0. 0. 0. 0. 0.]",0.02223094305266109,0.00032845156132332187,1.7746094462528046,0.028360202040853398,0.23112231494705063,9.805115400850633,"[3.99999998e-08 0.00000000e+00 0.00000000e+00 0.00000000e+00
 3.99999998e-08 0.00000000e+00 0.00000000e+00 0.00000000e+00
 3.99999998e-08]","[0.000289 0.       0.       0.       0.000289 0.       0.       0.
 0.000289]"
1786809896.8698592,0.24968476317678384,-0.012550658841406024,0.0,0.0,0.22498792346180063,-0.011309247047670817,0.125,5.0,1.6821760528868495,0.026545424430600668,-0.7778969223330529,-2.25139702000824,11.919795756892423,"[0. 0. 0. 0. 0. 0. 0. 0. 0. 0. 0. 0. 0. 0. 0. 0. 0. 0. 0. 0. 0. 0. 0. 0.
 0. 0. 0. 0. 0. 0. 0. 0. 0. 0. 0. 0.]","[0. 0. 0. 0. 0. 0. 0. 0. 0. 0. 0. 0. 0. 0. 0. 0. 0. 0. 0. 0. 0. 0. 0. 0.
 0. 0. 0. 0. 0. 0. 0. 0. 0. 0. 0. 0.]",0.03728671098406092,6.71743066103017e-05,2.9701374876696764,-0.08442568351216208,0.42024534990936824,9.820471490826145,"[3.99999998e-08 0.00000000e+00 0.00000000e+00 0.00000000e+00
 3.99999998e-08 0.00000000e+00 0.00000000e+00 0.00000000e+00
 3.99999998e-08]","[0.000289 0.       0.       0.       0.000289 0.       0.       0.
 0.000289]"
1786809896.9218543,0.24956179726701358,-0.01479558531650662,0.0,0.0,0.22730549115809295,-0.013476092191072441,0.125,5.0,1.6844936205831418,0.024378579287199043,-0.7227881537637019,-3.134930198890004,12.891213184893132,"[0. 0. 0. 0. 0. 0. 0. 0. 0. 0. 0. 0. 0. 0. 0. 0. 0. 0. 0. 0. 0. 0. 0. 0.
 0. 0. 0. 0. 0. 0. 0. 0. 0. 0. 0. 0.]","[0. 0. 0. 0. 0. 0. 0. 0. 0. 0. 0. 0. 0. 0. 0. 0. 0. 0. 0. 0. 0. 0. 0. 0.
 0. 0. 0. 0. 0. 0. 0. 0. 0. 0. 0. 0.]",0.03982594301724058,-0.0001113709030206808,3.2091368914853167,-0.12092839773423775,0.43495732367637113,9.806621794897167,"[3.99999998e-08 0.00000000e+00 0.00000000e+00 0.00000000e+00
 3.99999998e-08 0.00000000e+00 0.00000000e+00 0.00000000e+00
 3.99999998e-08]","[0.000289 0.       0.       0.       0.000289 0.       0.       0.
 0.000289]"
1786809896.9660733,0.24956179726701358,-0.01479558531650662,0.0,0.0,0.22730549115809295,-0.013476092191072441,0.125,5.0,1.6844936205831418,0.024378579287199043,-0.7227881537637019,-5.062175241532289,14.906007326629432,"[0. 0. 0. 0. 0. 0. 0. 0. 0. 0. 0. 0. 0. 0. 0. 0. 0. 0. 0. 0. 0. 0. 0. 0.
 0. 0. 0. 0. 0. 0. 0. 0. 0. 0. 0. 0.]","[0. 0. 0. 0. 0. 0. 0. 0. 0. 0. 0. 0. 0. 0. 0. 0. 0. 0. 0. 0. 0. 0. 0. 0.
 0. 0. 0. 0. 0. 0. 0. 0. 0. 0. 0. 0.]",0.049095140138144915,2.2556107799951507e-05,3.9263143104668616,-0.2828752128084496,0.5229540515667042,9.81950763101923,"[3.99999998e-08 0.00000000e+00 0.00000000e+00 0.00000000e+00
 3.99999998e-08 0.00000000e+00 0.00000000e+00 0.00000000e+00
 3.99999998e-08]","[0.000289 0.       0.       0.       0.000289 0.       0.       0.
 0.000289]"
1786809897.0152307,0.24931630588203982,-0.018476461277343103,0.0,0.0,0.2322331129053965,-0.017210451208688915,0.125,5.0,1.6894212423304453,0.02064422026958257,-0.5554340736653686,-8.333333333772854,15.909090908863561,"[0. 0. 0. 0. 0. 0. 0. 0. 0. 0. 0. 0. 0. 0. 0. 0. 0. 0. 0. 0. 0. 0. 0. 0.
 0. 0. 0. 0. 0. 0. 0. 0. 0. 0. 0. 0.]","[0. 0. 0. 0. 0. 0. 0. 0. 0. 0. 0. 0. 0. 0. 0. 0. 0. 0. 0. 0. 0. 0. 0. 0.
 0. 0. 0. 0. 0. 0. 0. 0. 0. 0. 0. 0.]",0.0623991256993642,-8.031916036652392e-05,4.9997870490309015,0.09774901963410021,0.37497659905249386,9.837993305300621,"[3.99999998e-08 0.00000000e+00 0.00000000e+00 0.00000000e+00
 3.99999998e-08 0.00000000e+00 0.00000000e+00 0.00000000e+00
 3.99999998e-08]","[0.000289 0.       0.       0.       0.000289 0.       0.       0.
 0.000289]"
1786809897.0659604,0.24923172727450651,-0.019584333528767848,0.0,0.0,0.23441961255767652,-0.018420415122178842,0.125,5.0,1.6916077419827253,0.019434256356092642,-0.45543407366449284,-8.333333333773512,15.909090908864231,"[0. 0. 0. 0. 0. 0. 0. 0. 0. 0. 0. 0. 0. 0. 0. 0. 0. 0. 0. 0. 0. 0. 0. 0.
 0. 0. 0. 0. 0. 0. 0. 0. 0. 0. 0. 0.]","[0. 0. 0. 0. 0. 0. 0. 0. 0. 0. 0. 0. 0. 0. 0. 0. 0. 0. 0. 0. 0. 0. 0. 0.
 0. 0. 0. 0. 0. 0. 0. 0. 0. 0. 0. 0.]",0.06231862570706045,0.00017178240203695553,4.999564325136615,0.11425159797139652,0.3865055683113648,9.808132271420895,"[3.99999998e-08 0.00000000e+00 0.00000000e+00 0.00000000e+00
 3.99999998e-08 0.00000000e+00 0.00000000e+00 0.00000000e+00
 3.99999998e-08]","[0.000289 0.       0.       0.       0.000289 0.       0.       0.
 0.000289]"
1786809897.1181166,0.24916411469320307,-0.020426550104027434,0.0,0.0,0.2367159836505779,-0.01940604852515132,0.125,4.459200745880611,1.6939041130756267,0.018448622953120164,-0.35543407366361707,-7.327610339578915,14.59806259292454,"[0. 0. 0. 0. 0. 0. 0. 0. 0. 0. 0. 0. 0. 0. 0. 0. 0. 0. 0. 0. 0. 0. 0. 0.
 0. 0. 0. 0. 0. 0. 0. 0. 0. 0. 0. 0.]","[0. 0. 0. 0. 0. 0. 0. 0. 0. 0. 0. 0. 0. 0. 0. 0. 0. 0. 0. 0. 0. 0. 0. 0.
 0. 0. 0. 0. 0. 0. 0. 0. 0. 0. 0. 0.]",0.05632949106363684,-0.0001396014139641777,4.522613511106299,4.023682713651387,0.3254171986960883,9.730462647653939,"[3.99999998e-08 0.00000000e+00 0.00000000e+00 0.00000000e+00
 3.99999998e-08 0.00000000e+00 0.00000000e+00 0.00000000e+00
 3.99999998e-08]","[0.000289 0.       0.       0.       0.000289 0.       0.       0.
 0.000289]"
1786809897.1654067,0.24908814040182148,-0.021333033332427573,0.0,0.0,0.24143688861380364,-0.02067774557298117,0.125,3.8575929923912193,1.6986250180388525,0.017176925905290314,-0.18011939390940856,-5.563861800017016,13.139619375377569,"[0. 0. 0. 0. 0. 0. 0. 0. 0. 0. 0. 0. 0. 0. 0. 0. 0. 0. 0. 0. 0. 0. 0. 0.
 0. 0. 0. 0. 0. 0. 0. 0. 0. 0. 0. 0.]","[0. 0. 0. 0. 0. 0. 0. 0. 0. 0. 0. 0. 0. 0. 0. 0. 0. 0. 0. 0. 0. 0. 0. 0.
 0. 0. 0. 0. 0. 0. 0. 0. 0. 0. 0. 0.]",0.04838414840425729,0.00017150986004581915,3.8569983543472834,0.09742334512446052,0.33405271833238576,9.815438693396667,"[3.99999998e-08 0.00000000e+00 0.00000000e+00 0.00000000e+00
 3.99999998e-08 0.00000000e+00 0.00000000e+00 0.00000000e+00
 3.99999998e-08]","[0.000289 0.       0.       0.       0.000289 0.       0.       0.
 0.000289]"
1786809897.2163255,0.24908814040182148,-0.021333033332427573,0.0,0.0,0.24143688861380364,-0.02067774557298117,0.12499999999999999,3.376755962087907,1.6986250180388525,0.017176925905290314,-0.18011939390940856,-5.000377939236248,12.309066209540244,"[0. 0. 0. 0. 0. 0. 0. 0. 0. 0. 0. 0. 0. 0. 0. 0. 0. 0. 0. 0. 0. 0. 0. 0.
 0. 0. 0. 0. 0. 0. 0. 0. 0. 0. 0. 0.]","[0. 0. 0. 0. 0. 0. 0. 0. 0. 0. 0. 0. 0. 0. 0. 0. 0. 0. 0. 0. 0. 0. 0. 0.
 0. 0. 0. 0. 0. 0. 0. 0. 0. 0. 0. 0.]",0.04447932816387118,1.418816832007458e-05,3.5703378673854975,-0.1747329653388766,0.31488050949394014,9.798975840814911,"[3.99999998e-08 0.00000000e+00 0.00000000e+00 0.00000000e+00
 3.99999998e-08 0.00000000e+00 0.00000000e+00 0.00000000e+00
 3.99999998e-08]","[0.000289 0.       0.       0.       0.000289 0.       0.       0.
 0.000289]"
1786809897.2665966,0.24907585948309188,-0.02147594521223851,0.0,0.0,0.24387962632967053,-0.02102791295915511,0.12499999999999999,3.0070204317460965,1.7010677557547194,0.016826758519116376,-0.10612755724428147,-3.501867865046542,11.077625436664931,"[0. 0. 0. 0. 0. 0. 0. 0. 0. 0. 0. 0. 0. 0. 0. 0. 0. 0. 0. 0. 0. 0. 0. 0.
 0. 0. 0. 0. 0. 0. 0. 0. 0. 0. 0. 0.]","[0. 0. 0. 0. 0. 0. 0. 0. 0. 0. 0. 0. 0. 0. 0. 0. 0. 0. 0. 0. 0. 0. 0. 0.
 0. 0. 0. 0. 0. 0. 0. 0. 0. 0. 0. 0.]",0.03899975529409336,0.00013024715606510775,3.094435403816701,-0.07360159976505345,0.27640894264814614,9.784042765762482,"[3.99999998e-08 0.00000000e+00 0.00000000e+00 0.00000000e+00
 3.99999998e-08 0.00000000e+00 0.00000000e+00 0.00000000e+00
 3.99999998e-08]","[0.000289 0.       0.       0.       0.000289 0.       0.       0.
 0.000289]"
1786809897.315639,0.24907820932278765,-0.021448674564027936,0.0,0.0,0.2463527624662456,-0.021213980317484005,0.125,2.708862327894514,1.7035408918912944,0.01664069116078748,-0.04518411350095386,-2.779060188980503,10.35481776454229,"[0. 0. 0. 0. 0. 0. 0. 0. 0. 0. 0. 0. 0. 0. 0. 0. 0. 0. 0. 0. 0. 0. 0. 0.
 0. 0. 0. 0. 0. 0. 0. 0. 0. 0. 0. 0.]","[0. 0. 0. 0. 0. 0. 0. 0. 0. 0. 0. 0. 0. 0. 0. 0. 0. 0. 0. 0. 0. 0. 0. 0.
 0. 0. 0. 0. 0. 0. 0. 0. 0. 0. 0. 0.]",0.03373690069160062,5.806639606806478e-05,2.7088056019220987,0.10555079054345293,0.27478114114742147,9.78643457176697,"[3.99999998e-08 0.00000000e+00 0.00000000e+00 0.00000000e+00
 3.99999998e-08 0.00000000e+00 0.00000000e+00 0.00000000e+00
 3.99999998e-08]","[0.000289 0.       0.       0.       0.000289 0.       0.       0.
 0.000289]"
1786809897.3649678,0.2490926738220901,-0.02128003402633157,0.0,0.0,0.24883816837473893,-0.021258291578043476,0.125,2.4732130471928104,1.7060262977997878,0.016596379900228008,0.008606212350836917,-2.2077892054431674,9.783546781037522,"[0. 0. 0. 0. 0. 0. 0. 0. 0. 0. 0. 0. 0. 0. 0. 0. 0. 0. 0. 0. 0. 0. 0. 0.
 0. 0. 0. 0. 0. 0. 0. 0. 0. 0. 0. 0.]","[0. 0. 0. 0. 0. 0. 0. 0. 0. 0. 0. 0. 0. 0. 0. 0. 0. 0. 0. 0. 0. 0. 0. 0.
 0. 0. 0. 0. 0. 0. 0. 0. 0. 0. 0. 0.]",0.030547098170363926,-0.00022686995716054872,2.473215404790488,0.1257509000785991,0.25563665029026306,9.815729432182668,"[3.99999998e-08 0.00000000e+00 0.00000000e+00 0.00000000e+00
 3.99999998e-08 0.00000000e+00 0.00000000e+00 0.00000000e+00
 3.99999998e-08]","[0.000289 0.       0.       0.       0.000289 0.       0.       0.
 0.000289]"
1786809897.4162414,0.24915111663123624,-0.020584486425658508,0.0,0.0,0.2538246443426073,-0.02097060617914548,0.125,2.2870703514153705,1.7110127737676561,0.016884065299126005,0.10501230558834102,-1.7565341853660834,9.332291760984068,"[0. 0. 0. 0. 0. 0. 0. 0. 0. 0. 0. 0. 0. 0. 0. 0. 0. 0. 0. 0. 0. 0. 0. 0.
 0. 0. 0. 0. 0. 0. 0. 0. 0. 0. 0. 0.]","[0. 0. 0. 0. 0. 0. 0. 0. 0. 0. 0. 0. 0. 0. 0. 0. 0. 0. 0. 0. 0. 0. 0. 0.
 0. 0. 0. 0. 0. 0. 0. 0. 0. 0. 0. 0.]",0.02850078306583002,-0.00019216515912743272,2.2866470187436607,0.13291016025929078,0.1975335566319296,9.812506391971823,"[3.99999998e-08 0.00000000e+00 0.00000000e+00 0.00000000e+00
 3.99999998e-08 0.00000000e+00 0.00000000e+00 0.00000000e+00
 3.99999998e-08]","[0.000289 0.       0.       0.       0.000289 0.       0.       0.
 0.000289]"
1786809897.465237,0.24915111663123624,-0.020584486425658508,0.0,0.0,0.2538246443426073,-0.02097060617914548,0.125,2.148135574604437,1.7110127737676561,0.016884065299126005,0.10501230558834102,-1.419722605207055,8.99548018084149,"[0. 0. 0. 0. 0. 0. 0. 0. 0. 0. 0. 0. 0. 0. 0. 0. 0. 0. 0. 0. 0. 0. 0. 0.
 0. 0. 0. 0. 0. 0. 0. 0. 0. 0. 0. 0.]","[0. 0. 0. 0. 0. 0. 0. 0. 0. 0. 0. 0. 0. 0. 0. 0. 0. 0. 0. 0. 0. 0. 0. 0.
 0. 0. 0. 0. 0. 0. 0. 0. 0. 0. 0. 0.]",0.026802789438068974,0.0002347384109538092,2.147905910346668,0.11166974699527735,0.22530065488995113,9.795309312208019,"[3.99999998e-08 0.00000000e+00 0.00000000e+00 0.00000000e+00
 3.99999998e-08 0.00000000e+00 0.00000000e+00 0.00000000e+00
 3.99999998e-08]","[0.000289 0.       0.       0.       0.000289 0.       0.       0.
 0.000289]"
1786809897.5185673,0.24919227476973144,-0.020080094498947668,0.0,0.0,0.2563025948817266,-0.020653049258073184,0.125,2.024424598421088,1.7159528908039383,0.01762488717045265,0.19067705183400685,-1.119817208389836,8.695574784038037,"[0. 0. 0. 0. 0. 0. 0. 0. 0. 0. 0. 0. 0. 0. 0. 0. 0. 0. 0. 0. 0. 0. 0. 0.
 0. 0. 0. 0. 0. 0. 0. 0. 0. 0. 0. 0.]","[0. 0. 0. 0. 0. 0. 0. 0. 0. 0. 0. 0. 0. 0. 0. 0. 0. 0. 0. 0. 0. 0. 0. 0.
 0. 0. 0. 0. 0. 0. 0. 0. 0. 0. 0. 0.]",0.025209857543215232,-0.0001434041786422607,2.0240867602663832,0.11345813192955742,0.18568273014354206,9.808319265829136,"[3.99999998e-08 0.00000000e+00 0.00000000e+00 0.00000000e+00
 3.99999998e-08 0.00000000e+00 0.00000000e+00 0.00000000e+00
 3.99999998e-08]","[0.000289 0.       0.       0.       0.000289 0.       0.       0.
 0.000289]"
1786809897.568484,0.2492395037967851,-0.01948511604102867,0.0,0.0,0.2587647613788895,-0.020229784307818834,0.125,1.9343941239761953,1.718396966797639,0.018147538207131456,0.23021686859264767,-0.9015615127593251,8.477319088417039,"[0. 0. 0. 0. 0. 0. 0. 0. 0. 0. 0. 0. 0. 0. 0. 0. 0. 0. 0. 0. 0. 0. 0. 0.
 0. 0. 0. 0. 0. 0. 0. 0. 0. 0. 0. 0.]","[0. 0. 0. 0. 0. 0. 0. 0. 0. 0. 0. 0. 0. 0. 0. 0. 0. 0. 0. 0. 0. 0. 0. 0.
 0. 0. 0. 0. 0. 0. 0. 0. 0. 0. 0. 0.]",0.02393659221224307,-0.00020457066979941596,1.9339222012848023,0.1338951809844679,0.22501775380299702,9.795964913891464,"[3.99999998e-08 0.00000000e+00 0.00000000e+00 0.00000000e+00
 3.99999998e-08 0.00000000e+00 0.00000000e+00 0.00000000e+00
 3.99999998e-08]","[0.000289 0.       0.       0.       0.000289 0.       0.       0.
 0.000289]"
1786809897.6161623,0.24934711823691394,-0.018055875136543914,0.0,0.0,0.26120883737259026,-0.01970713327114003,0.125,1.874333782955071,1.720818982276857,0.01876447386584071,0.268315858400993,-0.7559606860371808,8.331718261701011,"[0. 0. 0. 0. 0. 0. 0. 0. 0. 0. 0. 0. 0. 0. 0. 0. 0. 0. 0. 0. 0. 0. 0. 0.
 0. 0. 0. 0. 0. 0. 0. 0. 0. 0. 0. 0.]","[0. 0. 0. 0. 0. 0. 0. 0. 0. 0. 0. 0. 0. 0. 0. 0. 0. 0. 0. 0. 0. 0. 0. 0.
 0. 0. 0. 0. 0. 0. 0. 0. 0. 0. 0. 0.]",0.023396712192237507,-0.00029418153206440693,1.8736961859701076,0.15445835200360475,0.24493204756453668,9.762835397918664,"[3.99999998e-08 0.00000000e+00 0.00000000e+00 0.00000000e+00
 3.99999998e-08 0.00000000e+00 0.00000000e+00 0.00000000e+00
 3.99999998e-08]","[0.000289 0.       0.       0.       0.000289 0.       0.       0.
 0.000289]"
1786809897.6667142,0.24940525606170869,-0.017234217382681848,0.0,0.0,0.2636308528518081,-0.019090197612430776,0.125,1.8180067684045835,1.7232161747523091,0.01947179841674482,0.30524726109046896,-0.6194103477290408,8.195167923398415,"[0. 0. 0. 0. 0. 0. 0. 0. 0. 0. 0. 0. 0. 0. 0. 0. 0. 0. 0. 0. 0. 0. 0. 0.
 0. 0. 0. 0. 0. 0. 0. 0. 0. 0. 0. 0.]","[0. 0. 0. 0. 0. 0. 0. 0. 0. 0. 0. 0. 0. 0. 0. 0. 0. 0. 0. 0. 0. 0. 0. 0.
 0. 0. 0. 0. 0. 0. 0. 0. 0. 0. 0. 0.]",0.022676967357970916,0.00035193432738456237,1.8177896930272384,0.12012155849251603,0.20777125895708423,9.791723763374646,"[3.99999998e-08 0.00000000e+00 0.00000000e+00 0.00000000e+00
 3.99999998e-08 0.00000000e+00 0.00000000e+00 0.00000000e+00
 3.99999998e-08]","[0.000289 0.       0.       0.       0.000289 0.       0.       0.
 0.000289]"
1786809897.7149804,0.24940525606170869,-0.017234217382681848,0.0,0.0,0.2660280453272603,-0.018382873061526663,0.125,1.7816382417524959,1.7232161747523091,0.01947179841674482,0.30524726109046896,-0.5312442225205878,8.107001798193425,"[0. 0. 0. 0. 0. 0. 0. 0. 0. 0. 0. 0. 0. 0. 0. 0. 0. 0. 0. 0. 0. 0. 0. 0.
 0. 0. 0. 0. 0. 0. 0. 0. 0. 0. 0. 0.]","[0. 0. 0. 0. 0. 0. 0. 0. 0. 0. 0. 0. 0. 0. 0. 0. 0. 0. 0. 0. 0. 0. 0. 0.
 0. 0. 0. 0. 0. 0. 0. 0. 0. 0. 0. 0.]",0.02243173339641493,-0.00017036230322810183,1.7814113241278562,0.12165710987022584,0.1814782199048978,9.789228070541725,"[3.99999998e-08 0.00000000e+00 0.00000000e+00 0.00000000e+00
 3.99999998e-08 0.00000000e+00 0.00000000e+00 0.00000000e+00
 3.99999998e-08]","[0.000289 0.       0.       0.       0.000289 0.       0.       0.
 0.000289]"
1786809897.775098,0.2494649099087213,-0.016348049554414032,0.0,0.0,0.2683983750626029,-0.017588806126894233,0.125,1.7325706999625572,1.7255865044876517,0.02026586535137725,0.34087739822271934,-0.4122926060455639,7.988050181723033,"[0. 0. 0. 0. 0. 0. 0. 0. 0. 0. 0. 0. 0. 0. 0. 0. 0. 0. 0. 0. 0. 0. 0. 0.
 0. 0. 0. 0. 0. 0. 0. 0. 0. 0. 0. 0.]","[0. 0. 0. 0. 0. 0. 0. 0. 0. 0. 0. 0. 0. 0. 0. 0. 0. 0. 0. 0. 0. 0. 0. 0.
 0. 0. 0. 0. 0. 0. 0. 0. 0. 0. 0. 0.]",0.021496577521595433,-0.00018998168826906894,1.732044080218495,0.14247173090455081,0.1945780602023267,9.796036443185681,"[3.99999998e-08 0.00000000e+00 0.00000000e+00 0.00000000e+00
 3.99999998e-08 0.00000000e+00 0.00000000e+00 0.00000000e+00
 3.99999998e-08]","[0.000289 0.       0.       0.       0.000289 0.       0.       0.
 0.000289]"
1786809897.8156424,0.24952504812990425,-0.015402933349494597,0.0,0.0,0.2683983750626029,-0.017588806126894233,0.125,1.7075692166307965,1.7279277539329776,0.02114218340295891,0.37530379891190246,-0.35168294948207174,7.927440525161838,"[0. 0. 0. 0. 0. 0. 0. 0. 0. 0. 0. 0. 0. 0. 0. 0. 0. 0. 0. 0. 0. 0. 0. 0.
 0. 0. 0. 0. 0. 0. 0. 0. 0. 0. 0. 0.]","[0. 0. 0. 0. 0. 0. 0. 0. 0. 0. 0. 0. 0. 0. 0. 0. 0. 0. 0. 0. 0. 0. 0. 0.
 0. 0. 0. 0. 0. 0. 0. 0. 0. 0. 0. 0.]",0.020886254970653675,-4.7134765305762494e-05,1.7073186017522002,0.10850655964018423,0.2074259062208155,9.76095483422529,"[3.99999998e-08 0.00000000e+00 0.00000000e+00 0.00000000e+00
 3.99999998e-08 0.00000000e+00 0.00000000e+00 0.00000000e+00
 3.99999998e-08]","[0.000289 0.       0.       0.       0.000289 0.       0.       0.
 0.000289]"
1786809897.8668892,0.2495847904868328,-0.014402512199049934,0.0,0.0,0.273049517131843,-0.01575656510865606,0.125,1.6909837745525171,1.7302376465568918,0.022098106369615424,0.40943859782880687,-0.3114758171700063,7.887233392851271,"[0. 0. 0. 0. 0. 0. 0. 0. 0. 0. 0. 0. 0. 0. 0. 0. 0. 0. 0. 0. 0. 0. 0. 0.
 0. 0. 0. 0. 0. 0. 0. 0. 0. 0. 0. 0.]","[0. 0. 0. 0. 0. 0. 0. 0. 0. 0. 0. 0. 0. 0. 0. 0. 0. 0. 0. 0. 0. 0. 0. 0.
 0. 0. 0. 0. 0. 0. 0. 0. 0. 0. 0. 0.]",0.020836735447787653,4.366446367336866e-05,1.6909228089213848,0.1133341605389113,0.19653273393122342,9.807238234025576,"[3.99999998e-08 0.00000000e+00 0.00000000e+00 0.00000000e+00
 3.99999998e-08 0.00000000e+00 0.00000000e+00 0.00000000e+00
 3.99999998e-08]","[0.000289 0.       0.       0.       0.000289 0.       0.       0.
 0.000289]"
1786809897.9212208,0.2496433316534206,-0.013349418001555497,0.0,0.0,0.27532561789755094,-0.014722751597281033,0.125,1.6805596309651585,1.734753748513264,0.024241787574026077,0.4768277693821224,-0.2862051660485329,7.8619627417307365,"[0. 0. 0. 0. 0. 0. 0. 0. 0. 0. 0. 0. 0. 0. 0. 0. 0. 0. 0. 0. 0. 0. 0. 0.
 0. 0. 0. 0. 0. 0. 0. 0. 0. 0. 0. 0.]","[0. 0. 0. 0. 0. 0. 0. 0. 0. 0. 0. 0. 0. 0. 0. 0. 0. 0. 0. 0. 0. 0. 0. 0.
 0. 0. 0. 0. 0. 0. 0. 0. 0. 0. 0. 0.]",0.020435050194426072,-9.612861051495182e-05,1.6803257661683626,0.12952213297548318,0.17154592818919318,9.789724357610362,"[3.99999998e-08 0.00000000e+00 0.00000000e+00 0.00000000e+00
 3.99999998e-08 0.00000000e+00 0.00000000e+00 0.00000000e+00
 3.99999998e-08]","[0.000289 0.       0.       0.       0.000289 0.       0.       0.
 0.000289]"
1786809897.9703045,0.2497536834611821,-0.011094935672263112,0.0,0.0,0.2775656190882152,-0.013612883904245407,0.12499999999999999,1.6916154577247213,1.7369551127698442,0.025426439628325425,0.5106047993855835,-0.31300717031483727,7.888764745996046,"[0. 0. 0. 0. 0. 0. 0. 0. 0. 0. 0. 0. 0. 0. 0. 0. 0. 0. 0. 0. 0. 0. 0. 0.
 0. 0. 0. 0. 0. 0. 0. 0. 0. 0. 0. 0.]","[0. 0. 0. 0. 0. 0. 0. 0. 0. 0. 0. 0. 0. 0. 0. 0. 0. 0. 0. 0. 0. 0. 0. 0.
 0. 0. 0. 0. 0. 0. 0. 0. 0. 0. 0. 0.]",0.021210020459585237,-0.00013923243460032978,1.6917071067954943,0.1057787156832935,0.20240563961111488,9.794449493526589,"[3.99999998e-08 0.00000000e+00 0.00000000e+00 0.00000000e+00
 3.99999998e-08 0.00000000e+00 0.00000000e+00 0.00000000e+00
 3.99999998e-08]","[0.000289 0.       0.       0.       0.000289 0.       0.       0.
 0.000289]"
1786809898.0178266,0.24985014716694115,-0.008654707427629119,0.0,0.0,0.2840433281251684,-0.00983914530196707,0.125,1.6829363909466486,1.7412314575502172,0.028015526176304414,0.5781392317072376,-0.2919670084281077,7.867724584110095,"[0. 0. 0. 0. 0. 0. 0. 0. 0. 0. 0. 0. 0. 0. 0. 0. 0. 0. 0. 0. 0. 0. 0. 0.
 0. 0. 0. 0. 0. 0. 0. 0. 0. 0. 0. 0.]","[0. 0. 0. 0. 0. 0. 0. 0. 0. 0. 0. 0. 0. 0. 0. 0. 0. 0. 0. 0. 0. 0. 0. 0.
 0. 0. 0. 0. 0. 0. 0. 0. 0. 0. 0. 0.]",0.020794953352313347,7.153557497607531e-05,1.6823509943398436,0.14524773673067465,0.1716871219702662,9.789373869896657,"[3.99999998e-08 0.00000000e+00 0.00000000e+00 0.00000000e+00
 3.99999998e-08 0.00000000e+00 0.00000000e+00 0.00000000e+00
 3.99999998e-08]","[0.000289 0.       0.       0.       0.000289 0.       0.       0.
 0.000289]"
1786809898.0654466,0.24989135507768892,-0.007369576476052719,0.0,0.0,0.28611351032376864,-0.008437808480839155,0.125,1.702386171228575,1.7433016397488175,0.02941686299743233,0.6120702564195859,-0.33911799093110256,7.914875566611335,"[0. 0. 0. 0. 0. 0. 0. 0. 0. 0. 0. 0. 0. 0. 0. 0. 0. 0. 0. 0. 0. 0. 0. 0.
 0. 0. 0. 0. 0. 0. 0. 0. 0. 0. 0. 0.]","[0. 0. 0. 0. 0. 0. 0. 0. 0. 0. 0. 0. 0. 0. 0. 0. 0. 0. 0. 0. 0. 0. 0. 0.
 0. 0. 0. 0. 0. 0. 0. 0. 0. 0. 0. 0.]",0.021430074555136243,0.00037074895675825325,1.7023087923854208,0.11339645045661313,0.19592820221194795,9.788695654084508,"[3.99999998e-08 0.00000000e+00 0.00000000e+00 0.00000000e+00
 3.99999998e-08 0.00000000e+00 0.00000000e+00 0.00000000e+00
 3.99999998e-08]","[0.000289 0.       0.       0.       0.000289 0.       0.       0.
 0.000289]"
1786809898.1154034,0.24992695324713235,-0.006043015853505929,0.0,0.0,0.28813481521560647,-0.006966848647865433,0.12499999999999999,1.69314356628653,1.7472931620084098,0.03242653862937947,0.6799716085801927,-0.316711675919489,7.8924692516005575,"[0. 0. 0. 0. 0. 0. 0. 0. 0. 0. 0. 0. 0. 0. 0. 0. 0. 0. 0. 0. 0. 0. 0. 0.
 0. 0. 0. 0. 0. 0. 0. 0. 0. 0. 0. 0.]","[0. 0. 0. 0. 0. 0. 0. 0. 0. 0. 0. 0. 0. 0. 0. 0. 0. 0. 0. 0. 0. 0. 0. 0.
 0. 0. 0. 0. 0. 0. 0. 0. 0. 0. 0. 0.]",0.021065145321932446,0.0001505281629900459,1.6928852947758066,0.1237640670385843,0.16825144107618173,9.796122139112617,"[3.99999998e-08 0.00000000e+00 0.00000000e+00 0.00000000e+00
 3.99999998e-08 0.00000000e+00 0.00000000e+00 0.00000000e+00
 3.99999998e-08]","[0.000289 0.       0.       0.       0.000289 0.       0.       0.
 0.000289]"
1786809898.165302,0.24997857453407024,-0.0032729610315873603,0.0,0.0,0.29202188643865656,-0.003823432694045094,0.125,1.7213398710039214,1.7492100158637054,0.03403123878422639,0.7141446392134159,-0.38506635402415124,7.960823929702649,"[0. 0. 0. 0. 0. 0. 0. 0. 0. 0. 0. 0. 0. 0. 0. 0. 0. 0. 0. 0. 0. 0. 0. 0.
 0. 0. 0. 0. 0. 0. 0. 0. 0. 0. 0. 0.]","[0. 0. 0. 0. 0. 0. 0. 0. 0. 0. 0. 0. 0. 0. 0. 0. 0. 0. 0. 0. 0. 0. 0. 0.
 0. 0. 0. 0. 0. 0. 0. 0. 0. 0. 0. 0.]",0.021321212913499844,8.337153399758106e-05,1.7211901691236988,0.09728333898028775,0.20084988405706222,9.78562606667493,"[3.99999998e-08 0.00000000e+00 0.00000000e+00 0.00000000e+00
 3.99999998e-08 0.00000000e+00 0.00000000e+00 0.00000000e+00
 3.99999998e-08]","[0.000289 0.       0.       0.       0.000289 0.       0.       0.
 0.000289]"
1786809898.2153935,0.24999328625391998,-0.0018321648303619518,0.0,0.0,0.2938824737243688,-0.002153822371336246,0.125,1.7128806650110473,1.7510706031494176,0.03570084910693524,0.7485291406172345,-0.3645591879802714,7.940316763659544,"[0. 0. 0. 0. 0. 0. 0. 0. 0. 0. 0. 0. 0. 0. 0. 0. 0. 0. 0. 0. 0. 0. 0. 0.
 0. 0. 0. 0. 0. 0. 0. 0. 0. 0. 0. 0.]","[0. 0. 0. 0. 0. 0. 0. 0. 0. 0. 0. 0. 0. 0. 0. 0. 0. 0. 0. 0. 0. 0. 0. 0.
 0. 0. 0. 0. 0. 0. 0. 0. 0. 0. 0. 0.]",0.021417701443493205,-7.698959133617795e-05,1.7129964317381292,0.09718320963803587,0.17766330215489706,9.794756840284645,"[3.99999998e-08 0.00000000e+00 0.00000000e+00 0.00000000e+00
 3.99999998e-08 0.00000000e+00 0.00000000e+00 0.00000000e+00
 3.99999998e-08]","[0.000289 0.       0.       0.       0.000289 0.       0.       0.
 0.000289]"
1786809898.2654178,0.24999734118160735,0.001152997019519343,0.0,0.0,0.2974265713887234,0.001371742390203809,0.12499999999999999,1.7081206274876994,1.7546147008137722,0.03922641386847529,0.8169824867379982,-0.3530197030748833,7.928777278754588,"[0. 0. 0. 0. 0. 0. 0. 0. 0. 0. 0. 0. 0. 0. 0. 0. 0. 0. 0. 0. 0. 0. 0. 0.
 0. 0. 0. 0. 0. 0. 0. 0. 0. 0. 0. 0.]","[0. 0. 0. 0. 0. 0. 0. 0. 0. 0. 0. 0. 0. 0. 0. 0. 0. 0. 0. 0. 0. 0. 0. 0.
 0. 0. 0. 0. 0. 0. 0. 0. 0. 0. 0. 0.]",0.021315656812214676,5.542563284859569e-05,1.707999526703709,0.10802453670409408,0.14574902429836994,9.787074503457502,"[3.99999998e-08 0.00000000e+00 0.00000000e+00 0.00000000e+00
 3.99999998e-08 0.00000000e+00 0.00000000e+00 0.00000000e+00
 3.99999998e-08]","[0.000289 0.       0.       0.       0.000289 0.       0.       0.
 0.000289]"
1786809898.3154135,0.24998560006057746,0.00268323728973372,0.0,0.0,0.2990954942735633,0.003210361649757777,0.125,-5.0,1.7562836236986121,0.04106503312802926,0.8494209619021225,2.212319734657406,4.698237791387912,"[0. 0. 0. 0. 0. 0. 0. 0. 0. 0. 0. 0. 0. 0. 0. 0. 0. 0. 0. 0. 0. 0. 0. 0.
 0. 0. 0. 0. 0. 0. 0. 0. 0. 0. 0. 0.]","[0. 0. 0. 0. 0. 0. 0. 0. 0. 0. 0. 0. 0. 0. 0. 0. 0. 0. 0. 0. 0. 0. 0. 0.
 0. 0. 0. 0. 0. 0. 0. 0. 0. 0. 0. 0.]",0.0075491095605583645,-0.00010022789578701183,0.6088953994173566,0.12429968133109633,0.05407530220434145,9.818786368047103,"[3.99999998e-08 0.00000000e+00 0.00000000e+00 0.00000000e+00
 3.99999998e-08 0.00000000e+00 0.00000000e+00 0.00000000e+00
 3.99999998e-08]","[0.000289 0.       0.       0.       0.000289 0.       0.       0.
 0.000289]"
1786809898.37415,0.24993974491903084,0.005488525285519785,0.0,0.0,0.30202647286975837,0.006632318256462322,0.125,-5.0,1.7592146022948072,0.044486989734733806,0.8632367418223,5.1094957271928765,1.1054061114558948,"[0. 0. 0. 0. 0. 0. 0. 0. 0. 0. 0. 0. 0. 0. 0. 0. 0. 0. 0. 0. 0. 0. 0. 0.
 0. 0. 0. 0. 0. 0. 0. 0. 0. 0. 0. 0.]","[0. 0. 0. 0. 0. 0. 0. 0. 0. 0. 0. 0. 0. 0. 0. 0. 0. 0. 0. 0. 0. 0. 0. 0.
 0. 0. 0. 0. 0. 0. 0. 0. 0. 0. 0. 0.]",-0.01022176503013843,1.5039759947632557e-05,-0.8256467384492401,0.11889878139643562,-0.08647980615441211,9.816024029064664,"[3.99999998e-08 0.00000000e+00 0.00000000e+00 0.00000000e+00
 3.99999998e-08 0.00000000e+00 0.00000000e+00 0.00000000e+00
 3.99999998e-08]","[0.000289 0.       0.       0.       0.000289 0.       0.       0.
 0.000289]"
1786809898.4166837,0.24993974491903084,0.005488525285519785,0.0,0.0,0.30202647286975837,0.006632318256462322,0.12499999999999999,-5.0,1.7592146022948072,0.044486989734733806,0.8632367418223,6.342315406317284,-0.44346108418919694,"[0. 0. 0. 0. 0. 0. 0. 0. 0. 0. 0. 0. 0. 0. 0. 0. 0. 0. 0. 0. 0. 0. 0. 0.
 0. 0. 0. 0. 0. 0. 0. 0. 0. 0. 0. 0.]","[0. 0. 0. 0. 0. 0. 0. 0. 0. 0. 0. 0. 0. 0. 0. 0. 0. 0. 0. 0. 0. 0. 0. 0.
 0. 0. 0. 0. 0. 0. 0. 0. 0. 0. 0. 0.]",-0.01622564721085937,0.0001010724291088601,-1.303287382941811,0.12115370941005649,-0.16563642631548536,9.796616134948412,"[3.99999998e-08 0.00000000e+00 0.00000000e+00 0.00000000e+00
 3.99999998e-08 0.00000000e+00 0.00000000e+00 0.00000000e+00
 3.99999998e-08]","[0.000289 0.       0.       0.       0.000289 0.       0.       0.
 0.000289]"
1786809898.466351,0.24990997970396972,0.006708356308475165,0.0,0.0,0.30334234249476744,0.008142646081252446,0.12499999999999999,-5.0,1.7617659797656606,0.047329357173749365,0.8005598402811102,8.46405034857273,-3.190040296253256,"[0. 0. 0. 0. 0. 0. 0. 0. 0. 0. 0. 0. 0. 0. 0. 0. 0. 0. 0. 0. 0. 0. 0. 0.
 0. 0. 0. 0. 0. 0. 0. 0. 0. 0. 0. 0.]","[0. 0. 0. 0. 0. 0. 0. 0. 0. 0. 0. 0. 0. 0. 0. 0. 0. 0. 0. 0. 0. 0. 0. 0.
 0. 0. 0. 0. 0. 0. 0. 0. 0. 0. 0. 0.]",-0.03130279064164096,-0.00025118001892773594,-2.4988495848868504,0.015831657912288154,-0.31150441826157793,9.810082524483231,"[3.99999998e-08 0.00000000e+00 0.00000000e+00 0.00000000e+00
 3.99999998e-08 0.00000000e+00 0.00000000e+00 0.00000000e+00
 3.99999998e-08]","[0.000289 0.       0.       0.       0.000289 0.       0.       0.
 0.000289]"
1786809898.5177698,0.2498502118505243,0.008652839894977987,0.0,0.0,0.30571901570212434,0.010587694427505012,0.125,-5.0,1.7629071451271732,0.0484423659057765,0.7405321361289197,11.918685708956854,-8.082430289224147,"[0. 0. 0. 0. 0. 0. 0. 0. 0. 0. 0. 0. 0. 0. 0. 0. 0. 0. 0. 0. 0. 0. 0. 0.
 0. 0. 0. 0. 0. 0. 0. 0. 0. 0. 0. 0.]","[0. 0. 0. 0. 0. 0. 0. 0. 0. 0. 0. 0. 0. 0. 0. 0. 0. 0. 0. 0. 0. 0. 0. 0.
 0. 0. 0. 0. 0. 0. 0. 0. 0. 0. 0. 0.]",-0.04887428412456258,-0.00021897654460982616,-3.9332567579797706,-0.22525182598624877,-0.43258551472644957,9.822730706262258,"[3.99999998e-08 0.00000000e+00 0.00000000e+00 0.00000000e+00
 3.99999998e-08 0.00000000e+00 0.00000000e+00 0.00000000e+00
 3.99999998e-08]","[0.000289 0.       0.       0.       0.000289 0.       0.       0.
 0.000289]"
1786809898.5798204,0.2498253598841901,0.009342888136700136,0.0,0.0,0.3067633215635037,0.01147223564148566,0.125,-5.0,1.7639514509885525,0.049326907119757145,0.661383656308162,15.097343153896427,-8.333333155006338,"[0. 0. 0. 0. 0. 0. 0. 0. 0. 0. 0. 0. 0. 0. 0. 0. 0. 0. 0. 0. 0. 0. 0. 0.
 0. 0. 0. 0. 0. 0. 0. 0. 0. 0. 0. 0.]","[0. 0. 0. 0. 0. 0. 0. 0. 0. 0. 0. 0. 0. 0. 0. 0. 0. 0. 0. 0. 0. 0. 0. 0.
 0. 0. 0. 0. 0. 0. 0. 0. 0. 0. 0. 0.]",-0.05776307914598114,-0.0001237805166088252,-4.6436227104788,4.319471024284953,-0.6159190885945821,9.741294483802525,"[3.99999998e-08 0.00000000e+00 0.00000000e+00 0.00000000e+00
 3.99999998e-08 0.00000000e+00 0.00000000e+00 0.00000000e+00
 3.99999998e-08]","[0.000289 0.       0.       0.       0.000289 0.       0.       0.
 0.000289]"
1786809898.615272,0.2497869423598817,0.010319080700389427,0.0,0.0,0.3085867088023222,0.012748189001052325,0.12499999999999999,-5.0,1.765774838227371,0.05060286047932381,0.56480466854905,15.909090908857328,-8.333333333767701,"[0. 0. 0. 0. 0. 0. 0. 0. 0. 0. 0. 0. 0. 0. 0. 0. 0. 0. 0. 0. 0. 0. 0. 0.
 0. 0. 0. 0. 0. 0. 0. 0. 0. 0. 0. 0.]","[0. 0. 0. 0. 0. 0. 0. 0. 0. 0. 0. 0. 0. 0. 0. 0. 0. 0. 0. 0. 0. 0. 0. 0.
 0. 0. 0. 0. 0. 0. 0. 0. 0. 0. 0. 0.]",-0.06231628257867251,-0.0002542703261905463,-4.999450980555008,0.117664724761149,-0.7934648820967699,9.78076440351402,"[3.99999998e-08 0.00000000e+00 0.00000000e+00 0.00000000e+00
 3.99999998e-08 0.00000000e+00 0.00000000e+00 0.00000000e+00
 3.99999998e-08]","[0.000289 0.       0.       0.       0.000289 0.       0.       0.
 0.000289]"
1786809898.668269,0.24974746416239196,0.011234061796818769,0.0,0.0,0.31076177454344167,0.013978588295255223,0.125,-5.0,1.7679499039684905,0.05183325977352671,0.46480466854822927,15.909090908856864,-8.333333333767241,"[0. 0. 0. 0. 0. 0. 0. 0. 0. 0. 0. 0. 0. 0. 0. 0. 0. 0. 0. 0. 0. 0. 0. 0.
 0. 0. 0. 0. 0. 0. 0. 0. 0. 0. 0. 0.]","[0. 0. 0. 0. 0. 0. 0. 0. 0. 0. 0. 0. 0. 0. 0. 0. 0. 0. 0. 0. 0. 0. 0. 0.
 0. 0. 0. 0. 0. 0. 0. 0. 0. 0. 0. 0.]",-0.06249872779736152,7.342558026870487e-05,-4.999705700327236,0.11766578891751041,-0.8499588367569267,9.781587857347294,"[3.99999998e-08 0.00000000e+00 0.00000000e+00 0.00000000e+00
 3.99999998e-08 0.00000000e+00 0.00000000e+00 0.00000000e+00
 3.99999998e-08]","[0.000289 0.       0.       0.       0.000289 0.       0.       0.
 0.000289]"
1786809898.715524,0.24968855031088769,0.012475088923423068,0.0,0.0,0.3154249608228601,0.01575945084399344,0.125,-5.0,1.772613090247909,0.05361412232226492,0.26480466854659573,15.909090908854756,-8.33333333376512,"[0. 0. 0. 0. 0. 0. 0. 0. 0. 0. 0. 0. 0. 0. 0. 0. 0. 0. 0. 0. 0. 0. 0. 0.
 0. 0. 0. 0. 0. 0. 0. 0. 0. 0. 0. 0.]","[0. 0. 0. 0. 0. 0. 0. 0. 0. 0. 0. 0. 0. 0. 0. 0. 0. 0. 0. 0. 0. 0. 0. 0.
 0. 0. 0. 0. 0. 0. 0. 0. 0. 0. 0. 0.]",-0.06214689684595218,-0.00028130832742065073,-4.999714281352228,0.11955936751031668,-0.8509936176797013,9.835067032519643,"[3.99999998e-08 0.00000000e+00 0.00000000e+00 0.00000000e+00
 3.99999998e-08 0.00000000e+00 0.00000000e+00 0.00000000e+00
 3.99999998e-08]","[0.000289 0.       0.       0.       0.000289 0.       0.       0.
 0.000289]"
1786809898.7693553,0.24967225021015482,0.012797166678521337,0.0,0.0,0.3178635195889734,0.016292369046930946,0.125,-4.70849535871378,1.7775328729276823,0.0544452191952597,0.07251552566693655,15.202412990631007,-7.62665541546572,"[0. 0. 0. 0. 0. 0. 0. 0. 0. 0. 0. 0. 0. 0. 0. 0. 0. 0. 0. 0. 0. 0. 0. 0.
 0. 0. 0. 0. 0. 0. 0. 0. 0. 0. 0. 0.]","[0. 0. 0. 0. 0. 0. 0. 0. 0. 0. 0. 0. 0. 0. 0. 0. 0. 0. 0. 0. 0. 0. 0. 0.
 0. 0. 0. 0. 0. 0. 0. 0. 0. 0. 0. 0.]",-0.05885399364816697,-0.0001580278238224168,-4.707852338038413,0.13047352163767265,-0.7586219248106871,9.787669089968986,"[3.99999998e-08 0.00000000e+00 0.00000000e+00 0.00000000e+00
 3.99999998e-08 0.00000000e+00 0.00000000e+00 0.00000000e+00
 3.99999998e-08]","[0.000289 0.       0.       0.       0.000289 0.       0.       0.
 0.000289]"
1786809898.817705,0.24966799438195525,0.012879929397786528,0.0,0.0,0.32283968601198954,0.016654727302677953,0.125,-4.067580054161951,1.7800278154370384,0.05450939878094944,-0.019928704003387757,13.648678919051479,-6.072921343735866,"[0. 0. 0. 0. 0. 0. 0. 0. 0. 0. 0. 0. 0. 0. 0. 0. 0. 0. 0. 0. 0. 0. 0. 0.
 0. 0. 0. 0. 0. 0. 0. 0. 0. 0. 0. 0.]","[0. 0. 0. 0. 0. 0. 0. 0. 0. 0. 0. 0. 0. 0. 0. 0. 0. 0. 0. 0. 0. 0. 0. 0.
 0. 0. 0. 0. 0. 0. 0. 0. 0. 0. 0. 0.]",-0.05054381047227074,0.00019671226245057636,-4.067328480809993,0.112194304609644,-0.6643583509480527,9.782109595666286,"[3.99999998e-08 0.00000000e+00 0.00000000e+00 0.00000000e+00
 3.99999998e-08 0.00000000e+00 0.00000000e+00 0.00000000e+00
 3.99999998e-08]","[0.000289 0.       0.       0.       0.000289 0.       0.       0.
 0.000289]"
1786809898.8651662,0.24967900015137523,0.012664789118243537,0.0,0.0,0.3253309047820281,0.016502177997403597,0.125,-3.563873224533163,1.782519034207077,0.05435684947567508,-0.10156490087172626,12.42757145331598,-4.851813877897677,"[0. 0. 0. 0. 0. 0. 0. 0. 0. 0. 0. 0. 0. 0. 0. 0. 0. 0. 0. 0. 0. 0. 0. 0.
 0. 0. 0. 0. 0. 0. 0. 0. 0. 0. 0. 0.]","[0. 0. 0. 0. 0. 0. 0. 0. 0. 0. 0. 0. 0. 0. 0. 0. 0. 0. 0. 0. 0. 0. 0. 0.
 0. 0. 0. 0. 0. 0. 0. 0. 0. 0. 0. 0.]",-0.044755839583541596,0.0001290650244020372,-3.563603534227669,0.12028502336467775,-0.5736929521800083,9.824901030859257,"[3.99999998e-08 0.00000000e+00 0.00000000e+00 0.00000000e+00
 3.99999998e-08 0.00000000e+00 0.00000000e+00 0.00000000e+00
 3.99999998e-08]","[0.000289 0.       0.       0.       0.000289 0.       0.       0.
 0.000289]"
1786809898.9151146,0.2497472521007578,0.011238775205534015,0.0,0.0,0.3326667972534161,0.014970204161316412,0.125,-3.1643803072284387,1.789854926678465,0.0528248756395879,-0.30326618869747285,11.459103775028765,-3.8833461995386593,"[0. 0. 0. 0. 0. 0. 0. 0. 0. 0. 0. 0. 0. 0. 0. 0. 0. 0. 0. 0. 0. 0. 0. 0.
 0. 0. 0. 0. 0. 0. 0. 0. 0. 0. 0. 0.]","[0. 0. 0. 0. 0. 0. 0. 0. 0. 0. 0. 0. 0. 0. 0. 0. 0. 0. 0. 0. 0. 0. 0. 0.
 0. 0. 0. 0. 0. 0. 0. 0. 0. 0. 0. 0.]",-0.03912092267455146,0.00012759212347376956,-3.1644022663555718,0.1410853846796558,-0.49955338213099637,9.787498862948683,"[3.99999998e-08 0.00000000e+00 0.00000000e+00 0.00000000e+00
 3.99999998e-08 0.00000000e+00 0.00000000e+00 0.00000000e+00
 3.99999998e-08]","[0.000289 0.       0.       0.       0.000289 0.       0.       0.
 0.000289]"
1786809898.9650617,0.24977735542143292,0.0105485884683766,0.0,0.0,0.3350314508413996,0.014149036420560222,0.12499999999999999,-2.866192761927861,1.7922195802664485,0.05200370789883171,-0.36375778924039653,10.736224877348935,-3.1604673018107876,"[0. 0. 0. 0. 0. 0. 0. 0. 0. 0. 0. 0. 0. 0. 0. 0. 0. 0. 0. 0. 0. 0. 0. 0.
 0. 0. 0. 0. 0. 0. 0. 0. 0. 0. 0. 0.]","[0. 0. 0. 0. 0. 0. 0. 0. 0. 0. 0. 0. 0. 0. 0. 0. 0. 0. 0. 0. 0. 0. 0. 0.
 0. 0. 0. 0. 0. 0. 0. 0. 0. 0. 0. 0.]",-0.03596719034161582,3.4916227132997986e-05,-2.86582188016092,0.12284103359374383,-0.4373374463517595,9.790477087747732,"[3.99999998e-08 0.00000000e+00 0.00000000e+00 0.00000000e+00
 3.99999998e-08 0.00000000e+00 0.00000000e+00 0.00000000e+00
 3.99999998e-08]","[0.000289 0.       0.       0.       0.000289 0.       0.       0.
 0.000289]"
1786809899.015855,0.24980904746202304,0.009769329870402325,0.0,0.0,0.3373442848472441,0.013192587026171286,0.125,-2.615026392020095,1.794532414272293,0.05104725850444277,-0.4193575880738077,10.127336707889265,-2.5515791323143304,"[0. 0. 0. 0. 0. 0. 0. 0. 0. 0. 0. 0. 0. 0. 0. 0. 0. 0. 0. 0. 0. 0. 0. 0.
 0. 0. 0. 0. 0. 0. 0. 0. 0. 0. 0. 0.]","[0. 0. 0. 0. 0. 0. 0. 0. 0. 0. 0. 0. 0. 0. 0. 0. 0. 0. 0. 0. 0. 0. 0. 0.
 0. 0. 0. 0. 0. 0. 0. 0. 0. 0. 0. 0.]",-0.03245069637302085,-6.955596689843386e-06,-2.6147035177466393,0.16173859867587803,-0.38207918690994613,9.76942376698476,"[3.99999998e-08 0.00000000e+00 0.00000000e+00 0.00000000e+00
 3.99999998e-08 0.00000000e+00 0.00000000e+00 0.00000000e+00
 3.99999998e-08]","[0.000289 0.       0.       0.       0.000289 0.       0.       0.
 0.000289]"
1786809899.0713902,0.24984107645258677,0.008912716589945737,0.0,0.0,0.339601356366654,0.012114783869143123,0.125,-2.416053146009597,1.7967894857917028,0.04996945534741461,-0.471369947146192,9.644977323630924,-2.069219748029252,"[0. 0. 0. 0. 0. 0. 0. 0. 0. 0. 0. 0. 0. 0. 0. 0. 0. 0. 0. 0. 0. 0. 0. 0.
 0. 0. 0. 0. 0. 0. 0. 0. 0. 0. 0. 0.]","[0. 0. 0. 0. 0. 0. 0. 0. 0. 0. 0. 0. 0. 0. 0. 0. 0. 0. 0. 0. 0. 0. 0. 0.
 0. 0. 0. 0. 0. 0. 0. 0. 0. 0. 0. 0.]",-0.03013336028477427,-0.0001923134137975505,-2.415888737746229,0.12765353670065185,-0.3744259341146226,9.793599166477373,"[3.99999998e-08 0.00000000e+00 0.00000000e+00 0.00000000e+00
 3.99999998e-08 0.00000000e+00 0.00000000e+00 0.00000000e+00
 3.99999998e-08]","[0.000289 0.       0.       0.       0.000289 0.       0.       0.
 0.000289]"
1786809899.1152377,0.24990194501122498,0.007001276998282965,0.0,0.0,0.3439441383559987,0.009635972158831912,0.125,-2.2585619011300513,1.8011322677810475,0.0474906436371034,-0.5644240850995688,9.263180366353968,-1.6874227907326291,"[0. 0. 0. 0. 0. 0. 0. 0. 0. 0. 0. 0. 0. 0. 0. 0. 0. 0. 0. 0. 0. 0. 0. 0.
 0. 0. 0. 0. 0. 0. 0. 0. 0. 0. 0. 0.]","[0. 0. 0. 0. 0. 0. 0. 0. 0. 0. 0. 0. 0. 0. 0. 0. 0. 0. 0. 0. 0. 0. 0. 0.
 0. 0. 0. 0. 0. 0. 0. 0. 0. 0. 0. 0.]",-0.027751840391813436,7.590069418575328e-05,-2.258389628940375,0.12002582487781328,-0.34937575915782937,9.82695202028439,"[3.99999998e-08 0.00000000e+00 0.00000000e+00 0.00000000e+00
 3.99999998e-08 0.00000000e+00 0.00000000e+00 0.00000000e+00
 3.99999998e-08]","[0.000289 0.       0.       0.       0.000289 0.       0.       0.
 0.000289]"
1786809899.1656122,0.24995263429122697,0.004866272790973484,0.0,0.0,0.3480445006340458,0.006776001734432838,0.125,-2.151475884971798,1.8052326300590946,0.04463067321270432,-0.6525877616059216,9.003577902944295,-1.4278203273103445,"[0. 0. 0. 0. 0. 0. 0. 0. 0. 0. 0. 0. 0. 0. 0. 0. 0. 0. 0. 0. 0. 0. 0. 0.
 0. 0. 0. 0. 0. 0. 0. 0. 0. 0. 0. 0.]","[0. 0. 0. 0. 0. 0. 0. 0. 0. 0. 0. 0. 0. 0. 0. 0. 0. 0. 0. 0. 0. 0. 0. 0.
 0. 0. 0. 0. 0. 0. 0. 0. 0. 0. 0. 0.]",-0.027007103376282815,0.00012285770125669562,-2.1513468632834782,0.11538972462804095,-0.36254447410930624,9.812300737070156,"[3.99999998e-08 0.00000000e+00 0.00000000e+00 0.00000000e+00
 3.99999998e-08 0.00000000e+00 0.00000000e+00 0.00000000e+00
 3.99999998e-08]","[0.000289 0.       0.       0.       0.000289 0.       0.       0.
 0.000289]"
1786809899.216279,0.24998710637058552,0.002539025100614478,0.0,0.0,0.3518831071065307,0.0035739444901659936,0.12500000000000003,-2.0714668937449767,1.8090712365315795,0.04142861596843748,-0.7370784582765147,8.8096167120943,-1.233859136451313,"[0. 0. 0. 0. 0. 0. 0. 0. 0. 0. 0. 0. 0. 0. 0. 0. 0. 0. 0. 0. 0. 0. 0. 0.
 0. 0. 0. 0. 0. 0. 0. 0. 0. 0. 0. 0.]","[0. 0. 0. 0. 0. 0. 0. 0. 0. 0. 0. 0. 0. 0. 0. 0. 0. 0. 0. 0. 0. 0. 0. 0.
 0. 0. 0. 0. 0. 0. 0. 0. 0. 0. 0. 0.]",-0.02599947373263691,0.00012473808201162248,-2.0710528316577244,0.11282520755743154,-0.2846709704078489,9.800495501380396,"[3.99999998e-08 0.00000000e+00 0.00000000e+00 0.00000000e+00
 3.99999998e-08 0.00000000e+00 0.00000000e+00 0.00000000e+00
 3.99999998e-08]","[0.000289 0.       0.       0.       0.000289 0.       0.       0.
 0.000289]"
1786809899.270803,0.24999655903215318,0.0013116676725292036,0.0,0.0,0.3536988637599334,0.001855767004155233,0.12499999999999999,-2.010280987241663,1.8108869931849823,0.03971043848242672,-0.7785077961517419,8.702022908776874,-1.1078984721573737,"[0. 0. 0. 0. 0. 0. 0. 0. 0. 0. 0. 0. 0. 0. 0. 0. 0. 0. 0. 0. 0. 0. 0. 0.
 0. 0. 0. 0. 0. 0. 0. 0. 0. 0. 0. 0.]","[0. 0. 0. 0. 0. 0. 0. 0. 0. 0. 0. 0. 0. 0. 0. 0. 0. 0. 0. 0. 0. 0. 0. 0.
 0. 0. 0. 0. 0. 0. 0. 0. 0. 0. 0. 0.]",-0.026371169550507532,-0.0002154538517024749,-2.071416670083903,0.12357535080764248,-0.2886918133826852,9.787250179994054,"[3.99999998e-08 0.00000000e+00 0.00000000e+00 0.00000000e+00
 3.99999998e-08 0.00000000e+00 0.00000000e+00 0.00000000e+00
 3.99999998e-08]","[0.000289 0.       0.       0.       0.000289 0.       0.       0.
 0.000289]"
1786809899.3151865,0.24999655903215318,0.0013116676725292036,0.0,0.0,0.3536988637599334,0.001855767004155233,0.125,-1.9426803159450292,1.8108869931849823,0.03971043848242672,-0.7785077961517419,8.702022908776874,-1.1078984721573737,"[0. 0. 0. 0. 0. 0. 0. 0. 0. 0. 0. 0. 0. 0. 0. 0. 0. 0. 0. 0. 0. 0. 0. 0.
 0. 0. 0. 0. 0. 0. 0. 0. 0. 0. 0. 0.]","[0. 0. 0. 0. 0. 0. 0. 0. 0. 0. 0. 0. 0. 0. 0. 0. 0. 0. 0. 0. 0. 0. 0. 0.
 0. 0. 0. 0. 0. 0. 0. 0. 0. 0. 0. 0.]",-0.026371169550507532,-0.0002154538517024749,-2.071416670083903,0.12357535080764248,-0.2886918133826852,9.787250179994054,"[3.99999998e-08 0.00000000e+00 0.00000000e+00 0.00000000e+00
 3.99999998e-08 0.00000000e+00 0.00000000e+00 0.00000000e+00
 3.99999998e-08]","[0.000289 0.       0.       0.       0.000289 0.       0.       0.
 0.000289]"
1786809899.3664324,0.24999655903215318,0.0013116676725292036,0.0,0.0,0.3536988637599334,0.001855767004155233,0.125,-1.8677788486388278,1.8108869931849823,0.03971043848242672,-0.7785077961517419,8.702022908776874,-1.1078984721573737,"[0. 0. 0. 0. 0. 0. 0. 0. 0. 0. 0. 0. 0. 0. 0. 0. 0. 0. 0. 0. 0. 0. 0. 0.
 0. 0. 0. 0. 0. 0. 0. 0. 0. 0. 0. 0.]","[0. 0. 0. 0. 0. 0. 0. 0. 0. 0. 0. 0. 0. 0. 0. 0. 0. 0. 0. 0. 0. 0. 0. 0.
 0. 0. 0. 0. 0. 0. 0. 0. 0. 0. 0. 0.]",-0.026371169550507532,-0.0002154538517024749,-2.071416670083903,0.12357535080764248,-0.2886918133826852,9.787250179994054,"[3.99999998e-08 0.00000000e+00 0.00000000e+00 0.00000000e+00
 3.99999998e-08 0.00000000e+00 0.00000000e+00 0.00000000e+00
 3.99999998e-08]","[0.000289 0.       0.       0.       0.000289 0.       0.       0.
 0.000289]"
1786809899.4317737,0.24999655903215318,0.0013116676725292036,0.0,0.0,0.3536988637599334,0.001855767004155233,0.125,-1.8078576747938666,1.8108869931849823,0.03971043848242672,-0.7785077961517419,8.702022908776874,-1.1078984721573737,"[0. 0. 0. 0. 0. 0. 0. 0. 0. 0. 0. 0. 0. 0. 0. 0. 0. 0. 0. 0. 0. 0. 0. 0.
 0. 0. 0. 0. 0. 0. 0. 0. 0. 0. 0. 0.]","[0. 0. 0. 0. 0. 0. 0. 0. 0. 0. 0. 0. 0. 0. 0. 0. 0. 0. 0. 0. 0. 0. 0. 0.
 0. 0. 0. 0. 0. 0. 0. 0. 0. 0. 0. 0.]",-0.026371169550507532,-0.0002154538517024749,-2.071416670083903,0.12357535080764248,-0.2886918133826852,9.787250179994054,"[3.99999998e-08 0.00000000e+00 0.00000000e+00 0.00000000e+00
 3.99999998e-08 0.00000000e+00 0.00000000e+00 0.00000000e+00
 3.99999998e-08]","[0.000289 0.       0.       0.       0.000289 0.       0.       0.
 0.000289]"
1786809899.4676697,0.24999655903215318,0.0013116676725292036,0.0,0.0,0.3536988637599334,0.001855767004155233,0.125,-1.7599207357178976,1.8108869931849823,0.03971043848242672,-0.7785077961517419,8.702022908776874,-1.1078984721573737,"[0. 0. 0. 0. 0. 0. 0. 0. 0. 0. 0. 0. 0. 0. 0. 0. 0. 0. 0. 0. 0. 0. 0. 0.
 0. 0. 0. 0. 0. 0. 0. 0. 0. 0. 0. 0.]","[0. 0. 0. 0. 0. 0. 0. 0. 0. 0. 0. 0. 0. 0. 0. 0. 0. 0. 0. 0. 0. 0. 0. 0.
 0. 0. 0. 0. 0. 0. 0. 0. 0. 0. 0. 0.]",-0.026371169550507532,-0.0002154538517024749,-2.071416670083903,0.12357535080764248,-0.2886918133826852,9.787250179994054,"[3.99999998e-08 0.00000000e+00 0.00000000e+00 0.00000000e+00
 3.99999998e-08 0.00000000e+00 0.00000000e+00 0.00000000e+00
 3.99999998e-08]","[0.000289 0.       0.       0.       0.000289 0.       0.       0.
 0.000289]"
1786809899.5184698,0.24999655903215318,0.0013116676725292036,0.0,0.0,0.3536988637599334,0.001855767004155233,0.125,-1.7215711844571224,1.8108869931849823,0.03971043848242672,-0.7785077961517419,8.702022908776874,-1.1078984721573737,"[0. 0. 0. 0. 0. 0. 0. 0. 0. 0. 0. 0. 0. 0. 0. 0. 0. 0. 0. 0. 0. 0. 0. 0.
 0. 0. 0. 0. 0. 0. 0. 0. 0. 0. 0. 0.]","[0. 0. 0. 0. 0. 0. 0. 0. 0. 0. 0. 0. 0. 0. 0. 0. 0. 0. 0. 0. 0. 0. 0. 0.
 0. 0. 0. 0. 0. 0. 0. 0. 0. 0. 0. 0.]",-0.026371169550507532,-0.0002154538517024749,-2.071416670083903,0.12357535080764248,-0.2886918133826852,9.787250179994054,"[3.99999998e-08 0.00000000e+00 0.00000000e+00 0.00000000e+00
 3.99999998e-08 0.00000000e+00 0.00000000e+00 0.00000000e+00
 3.99999998e-08]","[0.000289 0.       0.       0.       0.000289 0.       0.       0.
 0.000289]"
1786809899.5654953,0.24999655903215318,0.0013116676725292036,0.0,0.0,0.3536988637599334,0.001855767004155233,0.125,-1.6908915434485023,1.8108869931849823,0.03971043848242672,-0.7785077961517419,8.702022908776874,-1.1078984721573737,"[0. 0. 0. 0. 0. 0. 0. 0. 0. 0. 0. 0. 0. 0. 0. 0. 0. 0. 0. 0. 0. 0. 0. 0.
 0. 0. 0. 0. 0. 0. 0. 0. 0. 0. 0. 0.]","[0. 0. 0. 0. 0. 0. 0. 0. 0. 0. 0. 0. 0. 0. 0. 0. 0. 0. 0. 0. 0. 0. 0. 0.
 0. 0. 0. 0. 0. 0. 0. 0. 0. 0. 0. 0.]",-0.026371169550507532,-0.0002154538517024749,-2.071416670083903,0.12357535080764248,-0.2886918133826852,9.787250179994054,"[3.99999998e-08 0.00000000e+00 0.00000000e+00 0.00000000e+00
 3.99999998e-08 0.00000000e+00 0.00000000e+00 0.00000000e+00
 3.99999998e-08]","[0.000289 0.       0.       0.       0.000289 0.       0.       0.
 0.000289]"
1786809899.6156907,0.24999655903215318,0.0013116676725292036,0.0,0.0,0.3536988637599334,0.001855767004155233,0.125,-1.6663478306416062,1.8108869931849823,0.03971043848242672,-0.7785077961517419,8.702022908776874,-1.1078984721573737,"[0. 0. 0. 0. 0. 0. 0. 0. 0. 0. 0. 0. 0. 0. 0. 0. 0. 0. 0. 0. 0. 0. 0. 0.
 0. 0. 0. 0. 0. 0. 0. 0. 0. 0. 0. 0.]","[0. 0. 0. 0. 0. 0. 0. 0. 0. 0. 0. 0. 0. 0. 0. 0. 0. 0. 0. 0. 0. 0. 0. 0.
 0. 0. 0. 0. 0. 0. 0. 0. 0. 0. 0. 0.]",-0.026371169550507532,-0.0002154538517024749,-2.071416670083903,0.12357535080764248,-0.2886918133826852,9.787250179994054,"[3.99999998e-08 0.00000000e+00 0.00000000e+00 0.00000000e+00
 3.99999998e-08 0.00000000e+00 0.00000000e+00 0.00000000e+00
 3.99999998e-08]","[0.000289 0.       0.       0.       0.000289 0.       0.       0.
 0.000289]"
1786809899.6656263,0.24999655903215318,0.0013116676725292036,0.0,0.0,0.3536988637599334,0.001855767004155233,0.125,-1.6467128603960894,1.8108869931849823,0.03971043848242672,-0.7785077961517419,8.702022908776874,-1.1078984721573737,"[0. 0. 0. 0. 0. 0. 0. 0. 0. 0. 0. 0. 0. 0. 0. 0. 0. 0. 0. 0. 0. 0. 0. 0.
 0. 0. 0. 0. 0. 0. 0. 0. 0. 0. 0. 0.]","[0. 0. 0. 0. 0. 0. 0. 0. 0. 0. 0. 0. 0. 0. 0. 0. 0. 0. 0. 0. 0. 0. 0. 0.
 0. 0. 0. 0. 0. 0. 0. 0. 0. 0. 0. 0.]",-0.026371169550507532,-0.0002154538517024749,-2.071416670083903,0.12357535080764248,-0.2886918133826852,9.787250179994054,"[3.99999998e-08 0.00000000e+00 0.00000000e+00 0.00000000e+00
 3.99999998e-08 0.00000000e+00 0.00000000e+00 0.00000000e+00
 3.99999998e-08]","[0.000289 0.       0.       0.       0.000289 0.       0.       0.
 0.000289]"
1786809899.7160156,0.24999655903215318,0.0013116676725292036,0.0,0.0,0.3536988637599334,0.001855767004155233,0.125,-1.6310048841996758,1.8108869931849823,0.03971043848242672,-0.7785077961517419,8.702022908776874,-1.1078984721573737,"[0. 0. 0. 0. 0. 0. 0. 0. 0. 0. 0. 0. 0. 0. 0. 0. 0. 0. 0. 0. 0. 0. 0. 0.
 0. 0. 0. 0. 0. 0. 0. 0. 0. 0. 0. 0.]","[0. 0. 0. 0. 0. 0. 0. 0. 0. 0. 0. 0. 0. 0. 0. 0. 0. 0. 0. 0. 0. 0. 0. 0.
 0. 0. 0. 0. 0. 0. 0. 0. 0. 0. 0. 0.]",-0.026371169550507532,-0.0002154538517024749,-2.071416670083903,0.12357535080764248,-0.2886918133826852,9.787250179994054,"[3.99999998e-08 0.00000000e+00 0.00000000e+00 0.00000000e+00
 3.99999998e-08 0.00000000e+00 0.00000000e+00 0.00000000e+00
 3.99999998e-08]","[0.000289 0.       0.       0.       0.000289 0.       0.       0.
 0.000289]"
1786809899.767745,0.24999655903215318,0.0013116676725292036,0.0,0.0,0.3536988637599334,0.001855767004155233,0.125,-1.618438503242545,1.8108869931849823,0.03971043848242672,-0.7785077961517419,8.702022908776874,-1.1078984721573737,"[0. 0. 0. 0. 0. 0. 0. 0. 0. 0. 0. 0. 0. 0. 0. 0. 0. 0. 0. 0. 0. 0. 0. 0.
 0. 0. 0. 0. 0. 0. 0. 0. 0. 0. 0. 0.]","[0. 0. 0. 0. 0. 0. 0. 0. 0. 0. 0. 0. 0. 0. 0. 0. 0. 0. 0. 0. 0. 0. 0. 0.
 0. 0. 0. 0. 0. 0. 0. 0. 0. 0. 0. 0.]",-0.026371169550507532,-0.0002154538517024749,-2.071416670083903,0.12357535080764248,-0.2886918133826852,9.787250179994054,"[3.99999998e-08 0.00000000e+00 0.00000000e+00 0.00000000e+00
 3.99999998e-08 0.00000000e+00 0.00000000e+00 0.00000000e+00
 3.99999998e-08]","[0.000289 0.       0.       0.       0.000289 0.       0.       0.
 0.000289]"
1786809899.8171728,0.24999655903215318,0.0013116676725292036,0.0,0.0,0.3536988637599334,0.001855767004155233,0.125,-1.6083853984768404,1.8108869931849823,0.03971043848242672,-0.7785077961517419,8.702022908776874,-1.1078984721573737,"[0. 0. 0. 0. 0. 0. 0. 0. 0. 0. 0. 0. 0. 0. 0. 0. 0. 0. 0. 0. 0. 0. 0. 0.
 0. 0. 0. 0. 0. 0. 0. 0. 0. 0. 0. 0.]","[0. 0. 0. 0. 0. 0. 0. 0. 0. 0. 0. 0. 0. 0. 0. 0. 0. 0. 0. 0. 0. 0. 0. 0.
 0. 0. 0. 0. 0. 0. 0. 0. 0. 0. 0. 0.]",-0.026371169550507532,-0.0002154538517024749,-2.071416670083903,0.12357535080764248,-0.2886918133826852,9.787250179994054,"[3.99999998e-08 0.00000000e+00 0.00000000e+00 0.00000000e+00
 3.99999998e-08 0.00000000e+00 0.00000000e+00 0.00000000e+00
 3.99999998e-08]","[0.000289 0.       0.       0.       0.000289 0.       0.       0.
 0.000289]"
1786809899.8658805,0.24999655903215318,0.0013116676725292036,0.0,0.0,0.3536988637599334,0.001855767004155233,0.125,-1.6003429146642767,1.8108869931849823,0.03971043848242672,-0.7785077961517419,8.702022908776874,-1.1078984721573737,"[0. 0. 0. 0. 0. 0. 0. 0. 0. 0. 0. 0. 0. 0. 0. 0. 0. 0. 0. 0. 0. 0. 0. 0.
 0. 0. 0. 0. 0. 0. 0. 0. 0. 0. 0. 0.]","[0. 0. 0. 0. 0. 0. 0. 0. 0. 0. 0. 0. 0. 0. 0. 0. 0. 0. 0. 0. 0. 0. 0. 0.
 0. 0. 0. 0. 0. 0. 0. 0. 0. 0. 0. 0.]",-0.026371169550507532,-0.0002154538517024749,-2.071416670083903,0.12357535080764248,-0.2886918133826852,9.787250179994054,"[3.99999998e-08 0.00000000e+00 0.00000000e+00 0.00000000e+00
 3.99999998e-08 0.00000000e+00 0.00000000e+00 0.00000000e+00
 3.99999998e-08]","[0.000289 0.       0.       0.       0.000289 0.       0.       0.
 0.000289]"
1786809899.9166348,0.24999655903215318,0.0013116676725292036,0.0,0.0,0.3536988637599334,0.001855767004155233,0.125,-1.5939089276142258,1.8108869931849823,0.03971043848242672,-0.7785077961517419,8.702022908776874,-1.1078984721573737,"[0. 0. 0. 0. 0. 0. 0. 0. 0. 0. 0. 0. 0. 0. 0. 0. 0. 0. 0. 0. 0. 0. 0. 0.
 0. 0. 0. 0. 0. 0. 0. 0. 0. 0. 0. 0.]","[0. 0. 0. 0. 0. 0. 0. 0. 0. 0. 0. 0. 0. 0. 0. 0. 0. 0. 0. 0. 0. 0. 0. 0.
 0. 0. 0. 0. 0. 0. 0. 0. 0. 0. 0. 0.]",-0.026371169550507532,-0.0002154538517024749,-2.071416670083903,0.12357535080764248,-0.2886918133826852,9.787250179994054,"[3.99999998e-08 0.00000000e+00 0.00000000e+00 0.00000000e+00
 3.99999998e-08 0.00000000e+00 0.00000000e+00 0.00000000e+00
 3.99999998e-08]","[0.000289 0.       0.       0.       0.000289 0.       0.       0.
 0.000289]"
1786809899.9658833,0.24999655903215318,0.0013116676725292036,0.0,0.0,0.3536988637599334,0.001855767004155233,0.125,-1.588761737974185,1.8108869931849823,0.03971043848242672,-0.7785077961517419,8.702022908776874,-1.1078984721573737,"[0. 0. 0. 0. 0. 0. 0. 0. 0. 0. 0. 0. 0. 0. 0. 0. 0. 0. 0. 0. 0. 0. 0. 0.
 0. 0. 0. 0. 0. 0. 0. 0. 0. 0. 0. 0.]","[0. 0. 0. 0. 0. 0. 0. 0. 0. 0. 0. 0. 0. 0. 0. 0. 0. 0. 0. 0. 0. 0. 0. 0.
 0. 0. 0. 0. 0. 0. 0. 0. 0. 0. 0. 0.]",-0.026371169550507532,-0.0002154538517024749,-2.071416670083903,0.12357535080764248,-0.2886918133826852,9.787250179994054,"[3.99999998e-08 0.00000000e+00 0.00000000e+00 0.00000000e+00
 3.99999998e-08 0.00000000e+00 0.00000000e+00 0.00000000e+00
 3.99999998e-08]","[0.000289 0.       0.       0.       0.000289 0.       0.       0.
 0.000289]"
1786809900.0154748,0.24999655903215318,0.0013116676725292036,0.0,0.0,0.3536988637599334,0.001855767004155233,0.125,-1.5846439862621522,1.8108869931849823,0.03971043848242672,-0.7785077961517419,8.702022908776874,-1.1078984721573737,"[0. 0. 0. 0. 0. 0. 0. 0. 0. 0. 0. 0. 0. 0. 0. 0. 0. 0. 0. 0. 0. 0. 0. 0.
 0. 0. 0. 0. 0. 0. 0. 0. 0. 0. 0. 0.]","[0. 0. 0. 0. 0. 0. 0. 0. 0. 0. 0. 0. 0. 0. 0. 0. 0. 0. 0. 0. 0. 0. 0. 0.
 0. 0. 0. 0. 0. 0. 0. 0. 0. 0. 0. 0.]",-0.026371169550507532,-0.0002154538517024749,-2.071416670083903,0.12357535080764248,-0.2886918133826852,9.787250179994054,"[3.99999998e-08 0.00000000e+00 0.00000000e+00 0.00000000e+00
 3.99999998e-08 0.00000000e+00 0.00000000e+00 0.00000000e+00
 3.99999998e-08]","[0.000289 0.       0.       0.       0.000289 0.       0.       0.
 0.000289]"
1786809900.0657258,0.24999655903215318,0.0013116676725292036,0.0,0.0,0.3536988637599334,0.001855767004155233,0.125,-1.5813497848925262,1.8108869931849823,0.03971043848242672,-0.7785077961517419,8.702022908776874,-1.1078984721573737,"[0. 0. 0. 0. 0. 0. 0. 0. 0. 0. 0. 0. 0. 0. 0. 0. 0. 0. 0. 0. 0. 0. 0. 0.
 0. 0. 0. 0. 0. 0. 0. 0. 0. 0. 0. 0.]","[0. 0. 0. 0. 0. 0. 0. 0. 0. 0. 0. 0. 0. 0. 0. 0. 0. 0. 0. 0. 0. 0. 0. 0.
 0. 0. 0. 0. 0. 0. 0. 0. 0. 0. 0. 0.]",-0.026371169550507532,-0.0002154538517024749,-2.071416670083903,0.12357535080764248,-0.2886918133826852,9.787250179994054,"[3.99999998e-08 0.00000000e+00 0.00000000e+00 0.00000000e+00
 3.99999998e-08 0.00000000e+00 0.00000000e+00 0.00000000e+00
 3.99999998e-08]","[0.000289 0.       0.       0.       0.000289 0.       0.       0.
 0.000289]"
1786809900.1156452,0.24999655903215318,0.0013116676725292036,0.0,0.0,0.3536988637599334,0.001855767004155233,0.125,-1.5787144237968254,1.8108869931849823,0.03971043848242672,-0.7785077961517419,8.702022908776874,-1.1078984721573737,"[0. 0. 0. 0. 0. 0. 0. 0. 0. 0. 0. 0. 0. 0. 0. 0. 0. 0. 0. 0. 0. 0. 0. 0.
 0. 0. 0. 0. 0. 0. 0. 0. 0. 0. 0. 0.]","[0. 0. 0. 0. 0. 0. 0. 0. 0. 0. 0. 0. 0. 0. 0. 0. 0. 0. 0. 0. 0. 0. 0. 0.
 0. 0. 0. 0. 0. 0. 0. 0. 0. 0. 0. 0.]",-0.026371169550507532,-0.0002154538517024749,-2.071416670083903,0.12357535080764248,-0.2886918133826852,9.787250179994054,"[3.99999998e-08 0.00000000e+00 0.00000000e+00 0.00000000e+00
 3.99999998e-08 0.00000000e+00 0.00000000e+00 0.00000000e+00
 3.99999998e-08]","[0.000289 0.       0.       0.       0.000289 0.       0.       0.
 0.000289]"
1786809900.168801,0.24999655903215318,0.0013116676725292036,0.0,0.0,0.3536988637599334,0.001855767004155233,0.125,-1.5766061349202647,1.8108869931849823,0.03971043848242672,-0.7785077961517419,8.702022908776874,-1.1078984721573737,"[0. 0. 0. 0. 0. 0. 0. 0. 0. 0. 0. 0. 0. 0. 0. 0. 0. 0. 0. 0. 0. 0. 0. 0.
 0. 0. 0. 0. 0. 0. 0. 0. 0. 0. 0. 0.]","[0. 0. 0. 0. 0. 0. 0. 0. 0. 0. 0. 0. 0. 0. 0. 0. 0. 0. 0. 0. 0. 0. 0. 0.
 0. 0. 0. 0. 0. 0. 0. 0. 0. 0. 0. 0.]",-0.026371169550507532,-0.0002154538517024749,-2.071416670083903,0.12357535080764248,-0.2886918133826852,9.787250179994054,"[3.99999998e-08 0.00000000e+00 0.00000000e+00 0.00000000e+00
 3.99999998e-08 0.00000000e+00 0.00000000e+00 0.00000000e+00
 3.99999998e-08]","[0.000289 0.       0.       0.       0.000289 0.       0.       0.
 0.000289]"
1786809900.216995,0.24999655903215318,0.0013116676725292036,0.0,0.0,0.3536988637599334,0.001855767004155233,0.125,-1.574919503819016,1.8108869931849823,0.03971043848242672,-0.7785077961517419,8.702022908776874,-1.1078984721573737,"[0. 0. 0. 0. 0. 0. 0. 0. 0. 0. 0. 0. 0. 0. 0. 0. 0. 0. 0. 0. 0. 0. 0. 0.
 0. 0. 0. 0. 0. 0. 0. 0. 0. 0. 0. 0.]","[0. 0. 0. 0. 0. 0. 0. 0. 0. 0. 0. 0. 0. 0. 0. 0. 0. 0. 0. 0. 0. 0. 0. 0.
 0. 0. 0. 0. 0. 0. 0. 0. 0. 0. 0. 0.]",-0.026371169550507532,-0.0002154538517024749,-2.071416670083903,0.12357535080764248,-0.2886918133826852,9.787250179994054,"[3.99999998e-08 0.00000000e+00 0.00000000e+00 0.00000000e+00
 3.99999998e-08 0.00000000e+00 0.00000000e+00 0.00000000e+00
 3.99999998e-08]","[0.000289 0.       0.       0.       0.000289 0.       0.       0.
 0.000289]"
1786809900.2654614,0.24999655903215318,0.0013116676725292036,0.0,0.0,0.3536988637599334,0.001855767004155233,0.125,-1.573570198938017,1.8108869931849823,0.03971043848242672,-0.7785077961517419,8.702022908776874,-1.1078984721573737,"[0. 0. 0. 0. 0. 0. 0. 0. 0. 0. 0. 0. 0. 0. 0. 0. 0. 0. 0. 0. 0. 0. 0. 0.
 0. 0. 0. 0. 0. 0. 0. 0. 0. 0. 0. 0.]","[0. 0. 0. 0. 0. 0. 0. 0. 0. 0. 0. 0. 0. 0. 0. 0. 0. 0. 0. 0. 0. 0. 0. 0.
 0. 0. 0. 0. 0. 0. 0. 0. 0. 0. 0. 0.]",-0.026371169550507532,-0.0002154538517024749,-2.071416670083903,0.12357535080764248,-0.2886918133826852,9.787250179994054,"[3.99999998e-08 0.00000000e+00 0.00000000e+00 0.00000000e+00
 3.99999998e-08 0.00000000e+00 0.00000000e+00 0.00000000e+00
 3.99999998e-08]","[0.000289 0.       0.       0.       0.000289 0.       0.       0.
 0.000289]"
1786809900.3164897,0.24999655903215318,0.0013116676725292036,0.0,0.0,0.3536988637599334,0.001855767004155233,0.125,-1.5724907550332181,1.8108869931849823,0.03971043848242672,-0.7785077961517419,8.702022908776874,-1.1078984721573737,"[0. 0. 0. 0. 0. 0. 0. 0. 0. 0. 0. 0. 0. 0. 0. 0. 0. 0. 0. 0. 0. 0. 0. 0.
 0. 0. 0. 0. 0. 0. 0. 0. 0. 0. 0. 0.]","[0. 0. 0. 0. 0. 0. 0. 0. 0. 0. 0. 0. 0. 0. 0. 0. 0. 0. 0. 0. 0. 0. 0. 0.
 0. 0. 0. 0. 0. 0. 0. 0. 0. 0. 0. 0.]",-0.026371169550507532,-0.0002154538517024749,-2.071416670083903,0.12357535080764248,-0.2886918133826852,9.787250179994054,"[3.99999998e-08 0.00000000e+00 0.00000000e+00 0.00000000e+00
 3.99999998e-08 0.00000000e+00 0.00000000e+00 0.00000000e+00
 3.99999998e-08]","[0.000289 0.       0.       0.       0.000289 0.       0.       0.
 0.000289]"
1786809900.3657498,0.24999655903215318,0.0013116676725292036,0.0,0.0,0.3536988637599334,0.001855767004155233,0.125,-1.571627199909379,1.8108869931849823,0.03971043848242672,-0.7785077961517419,8.702022908776874,-1.1078984721573737,"[0. 0. 0. 0. 0. 0. 0. 0. 0. 0. 0. 0. 0. 0. 0. 0. 0. 0. 0. 0. 0. 0. 0. 0.
 0. 0. 0. 0. 0. 0. 0. 0. 0. 0. 0. 0.]","[0. 0. 0. 0. 0. 0. 0. 0. 0. 0. 0. 0. 0. 0. 0. 0. 0. 0. 0. 0. 0. 0. 0. 0.
 0. 0. 0. 0. 0. 0. 0. 0. 0. 0. 0. 0.]",-0.026371169550507532,-0.0002154538517024749,-2.071416670083903,0.12357535080764248,-0.2886918133826852,9.787250179994054,"[3.99999998e-08 0.00000000e+00 0.00000000e+00 0.00000000e+00
 3.99999998e-08 0.00000000e+00 0.00000000e+00 0.00000000e+00
 3.99999998e-08]","[0.000289 0.       0.       0.       0.000289 0.       0.       0.
 0.000289]"
1786809900.41628,0.24999655903215318,0.0013116676725292036,0.0,0.0,0.3536988637599334,0.001855767004155233,0.125,-1.5709363558103073,1.8108869931849823,0.03971043848242672,-0.7785077961517419,8.702022908776874,-1.1078984721573737,"[0. 0. 0. 0. 0. 0. 0. 0. 0. 0. 0. 0. 0. 0. 0. 0. 0. 0. 0. 0. 0. 0. 0. 0.
 0. 0. 0. 0. 0. 0. 0. 0. 0. 0. 0. 0.]","[0. 0. 0. 0. 0. 0. 0. 0. 0. 0. 0. 0. 0. 0. 0. 0. 0. 0. 0. 0. 0. 0. 0. 0.
 0. 0. 0. 0. 0. 0. 0. 0. 0. 0. 0. 0.]",-0.026371169550507532,-0.0002154538517024749,-2.071416670083903,0.12357535080764248,-0.2886918133826852,9.787250179994054,"[3.99999998e-08 0.00000000e+00 0.00000000e+00 0.00000000e+00
 3.99999998e-08 0.00000000e+00 0.00000000e+00 0.00000000e+00
 3.99999998e-08]","[0.000289 0.       0.       0.       0.000289 0.       0.       0.
 0.000289]"
1786809900.468536,0.24999655903215318,0.0013116676725292036,0.0,0.0,0.3536988637599334,0.001855767004155233,0.125,-1.5703836805310503,1.8108869931849823,0.03971043848242672,-0.7785077961517419,8.702022908776874,-1.1078984721573737,"[0. 0. 0. 0. 0. 0. 0. 0. 0. 0. 0. 0. 0. 0. 0. 0. 0. 0. 0. 0. 0. 0. 0. 0.
 0. 0. 0. 0. 0. 0. 0. 0. 0. 0. 0. 0.]","[0. 0. 0. 0. 0. 0. 0. 0. 0. 0. 0. 0. 0. 0. 0. 0. 0. 0. 0. 0. 0. 0. 0. 0.
 0. 0. 0. 0. 0. 0. 0. 0. 0. 0. 0. 0.]",-0.026371169550507532,-0.0002154538517024749,-2.071416670083903,0.12357535080764248,-0.2886918133826852,9.787250179994054,"[3.99999998e-08 0.00000000e+00 0.00000000e+00 0.00000000e+00
 3.99999998e-08 0.00000000e+00 0.00000000e+00 0.00000000e+00
 3.99999998e-08]","[0.000289 0.       0.       0.       0.000289 0.       0.       0.
 0.000289]"
1786809900.5154834,0.24999655903215318,0.0013116676725292036,0.0,0.0,0.3536988637599334,0.001855767004155233,0.125,-1.5699415403076447,1.8108869931849823,0.03971043848242672,-0.7785077961517419,8.702022908776874,-1.1078984721573737,"[0. 0. 0. 0. 0. 0. 0. 0. 0. 0. 0. 0. 0. 0. 0. 0. 0. 0. 0. 0. 0. 0. 0. 0.
 0. 0. 0. 0. 0. 0. 0. 0. 0. 0. 0. 0.]","[0. 0. 0. 0. 0. 0. 0. 0. 0. 0. 0. 0. 0. 0. 0. 0. 0. 0. 0. 0. 0. 0. 0. 0.
 0. 0. 0. 0. 0. 0. 0. 0. 0. 0. 0. 0.]",-0.026371169550507532,-0.0002154538517024749,-2.071416670083903,0.12357535080764248,-0.2886918133826852,9.787250179994054,"[3.99999998e-08 0.00000000e+00 0.00000000e+00 0.00000000e+00
 3.99999998e-08 0.00000000e+00 0.00000000e+00 0.00000000e+00
 3.99999998e-08]","[0.000289 0.       0.       0.       0.000289 0.       0.       0.
 0.000289]"
1786809900.567061,0.24999655903215318,0.0013116676725292036,0.0,0.0,0.3536988637599334,0.001855767004155233,0.125,-1.56958782812892,1.8108869931849823,0.03971043848242672,-0.7785077961517419,8.702022908776874,-1.1078984721573737,"[0. 0. 0. 0. 0. 0. 0. 0. 0. 0. 0. 0. 0. 0. 0. 0. 0. 0. 0. 0. 0. 0. 0. 0.
 0. 0. 0. 0. 0. 0. 0. 0. 0. 0. 0. 0.]","[0. 0. 0. 0. 0. 0. 0. 0. 0. 0. 0. 0. 0. 0. 0. 0. 0. 0. 0. 0. 0. 0. 0. 0.
 0. 0. 0. 0. 0. 0. 0. 0. 0. 0. 0. 0.]",-0.026371169550507532,-0.0002154538517024749,-2.071416670083903,0.12357535080764248,-0.2886918133826852,9.787250179994054,"[3.99999998e-08 0.00000000e+00 0.00000000e+00 0.00000000e+00
 3.99999998e-08 0.00000000e+00 0.00000000e+00 0.00000000e+00
 3.99999998e-08]","[0.000289 0.       0.       0.       0.000289 0.       0.       0.
 0.000289]"
1786809900.7317038,0.24999655903215318,0.0013116676725292036,0.0,0.0,0.3536988637599334,0.001855767004155233,0.125,-1.5693048583859404,1.8108869931849823,0.03971043848242672,-0.7785077961517419,8.702022908776874,-1.1078984721573737,"[0. 0. 0. 0. 0. 0. 0. 0. 0. 0. 0. 0. 0. 0. 0. 0. 0. 0. 0. 0. 0. 0. 0. 0.
 0. 0. 0. 0. 0. 0. 0. 0. 0. 0. 0. 0.]","[0. 0. 0. 0. 0. 0. 0. 0. 0. 0. 0. 0. 0. 0. 0. 0. 0. 0. 0. 0. 0. 0. 0. 0.
 0. 0. 0. 0. 0. 0. 0. 0. 0. 0. 0. 0.]",-0.026371169550507532,-0.0002154538517024749,-2.071416670083903,0.12357535080764248,-0.2886918133826852,9.787250179994054,"[3.99999998e-08 0.00000000e+00 0.00000000e+00 0.00000000e+00
 3.99999998e-08 0.00000000e+00 0.00000000e+00 0.00000000e+00
 3.99999998e-08]","[0.000289 0.       0.       0.       0.000289 0.       0.       0.
 0.000289]"
1786809900.7653782,0.24999655903215318,0.0013116676725292036,0.0,0.0,0.3536988637599334,0.001855767004155233,0.125,-1.5690784825915567,1.8108869931849823,0.03971043848242672,-0.7785077961517419,8.702022908776874,-1.1078984721573737,"[0. 0. 0. 0. 0. 0. 0. 0. 0. 0. 0. 0. 0. 0. 0. 0. 0. 0. 0. 0. 0. 0. 0. 0.
 0. 0. 0. 0. 0. 0. 0. 0. 0. 0. 0. 0.]","[0. 0. 0. 0. 0. 0. 0. 0. 0. 0. 0. 0. 0. 0. 0. 0. 0. 0. 0. 0. 0. 0. 0. 0.
 0. 0. 0. 0. 0. 0. 0. 0. 0. 0. 0. 0.]",-0.026371169550507532,-0.0002154538517024749,-2.071416670083903,0.12357535080764248,-0.2886918133826852,9.787250179994054,"[3.99999998e-08 0.00000000e+00 0.00000000e+00 0.00000000e+00
 3.99999998e-08 0.00000000e+00 0.00000000e+00 0.00000000e+00
 3.99999998e-08]","[0.000289 0.       0.       0.       0.000289 0.       0.       0.
 0.000289]"
1786809900.8243783,0.24999655903215318,0.0013116676725292036,0.0,0.0,0.3536988637599334,0.001855767004155233,0.125,-1.5688973819560497,1.8108869931849823,0.03971043848242672,-0.7785077961517419,8.702022908776874,-1.1078984721573737,"[0. 0. 0. 0. 0. 0. 0. 0. 0. 0. 0. 0. 0. 0. 0. 0. 0. 0. 0. 0. 0. 0. 0. 0.
 0. 0. 0. 0. 0. 0. 0. 0. 0. 0. 0. 0.]","[0. 0. 0. 0. 0. 0. 0. 0. 0. 0. 0. 0. 0. 0. 0. 0. 0. 0. 0. 0. 0. 0. 0. 0.
 0. 0. 0. 0. 0. 0. 0. 0. 0. 0. 0. 0.]",-0.026371169550507532,-0.0002154538517024749,-2.071416670083903,0.12357535080764248,-0.2886918133826852,9.787250179994054,"[3.99999998e-08 0.00000000e+00 0.00000000e+00 0.00000000e+00
 3.99999998e-08 0.00000000e+00 0.00000000e+00 0.00000000e+00
 3.99999998e-08]","[0.000289 0.       0.       0.       0.000289 0.       0.       0.
 0.000289]"
1786809900.8828704,0.24999655903215318,0.0013116676725292036,0.0,0.0,0.3536988637599334,0.001855767004155233,0.125,-1.568752501447644,1.8108869931849823,0.03971043848242672,-0.7785077961517419,8.702022908776874,-1.1078984721573737,"[0. 0. 0. 0. 0. 0. 0. 0. 0. 0. 0. 0. 0. 0. 0. 0. 0. 0. 0. 0. 0. 0. 0. 0.
 0. 0. 0. 0. 0. 0. 0. 0. 0. 0. 0. 0.]","[0. 0. 0. 0. 0. 0. 0. 0. 0. 0. 0. 0. 0. 0. 0. 0. 0. 0. 0. 0. 0. 0. 0. 0.
 0. 0. 0. 0. 0. 0. 0. 0. 0. 0. 0. 0.]",-0.026371169550507532,-0.0002154538517024749,-2.071416670083903,0.12357535080764248,-0.2886918133826852,9.787250179994054,"[3.99999998e-08 0.00000000e+00 0.00000000e+00 0.00000000e+00
 3.99999998e-08 0.00000000e+00 0.00000000e+00 0.00000000e+00
 3.99999998e-08]","[0.000289 0.       0.       0.       0.000289 0.       0.       0.
 0.000289]"
1786809900.9155953,0.24999655903215318,0.0013116676725292036,0.0,0.0,0.3536988637599334,0.001855767004155233,0.125,-1.5686365970409197,1.8108869931849823,0.03971043848242672,-0.7785077961517419,8.702022908776874,-1.1078984721573737,"[0. 0. 0. 0. 0. 0. 0. 0. 0. 0. 0. 0. 0. 0. 0. 0. 0. 0. 0. 0. 0. 0. 0. 0.
 0. 0. 0. 0. 0. 0. 0. 0. 0. 0. 0. 0.]","[0. 0. 0. 0. 0. 0. 0. 0. 0. 0. 0. 0. 0. 0. 0. 0. 0. 0. 0. 0. 0. 0. 0. 0.
 0. 0. 0. 0. 0. 0. 0. 0. 0. 0. 0. 0.]",-0.026371169550507532,-0.0002154538517024749,-2.071416670083903,0.12357535080764248,-0.2886918133826852,9.787250179994054,"[3.99999998e-08 0.00000000e+00 0.00000000e+00 0.00000000e+00
 3.99999998e-08 0.00000000e+00 0.00000000e+00 0.00000000e+00
 3.99999998e-08]","[0.000289 0.       0.       0.       0.000289 0.       0.       0.
 0.000289]"
1786809900.9663472,0.24999655903215318,0.0013116676725292036,0.0,0.0,0.3536988637599334,0.001855767004155233,0.125,-1.5685438735155401,1.8108869931849823,0.03971043848242672,-0.7785077961517419,8.702022908776874,-1.1078984721573737,"[0. 0. 0. 0. 0. 0. 0. 0. 0. 0. 0. 0. 0. 0. 0. 0. 0. 0. 0. 0. 0. 0. 0. 0.
 0. 0. 0. 0. 0. 0. 0. 0. 0. 0. 0. 0.]","[0. 0. 0. 0. 0. 0. 0. 0. 0. 0. 0. 0. 0. 0. 0. 0. 0. 0. 0. 0. 0. 0. 0. 0.
 0. 0. 0. 0. 0. 0. 0. 0. 0. 0. 0. 0.]",-0.026371169550507532,-0.0002154538517024749,-2.071416670083903,0.12357535080764248,-0.2886918133826852,9.787250179994054,"[3.99999998e-08 0.00000000e+00 0.00000000e+00 0.00000000e+00
 3.99999998e-08 0.00000000e+00 0.00000000e+00 0.00000000e+00
 3.99999998e-08]","[0.000289 0.       0.       0.       0.000289 0.       0.       0.
 0.000289]"
1786809901.0165114,0.24999655903215318,0.0013116676725292036,0.0,0.0,0.3536988637599334,0.001855767004155233,0.125,-1.5684696946952363,1.8108869931849823,0.03971043848242672,-0.7785077961517419,8.702022908776874,-1.1078984721573737,"[0. 0. 0. 0. 0. 0. 0. 0. 0. 0. 0. 0. 0. 0. 0. 0. 0. 0. 0. 0. 0. 0. 0. 0.
 0. 0. 0. 0. 0. 0. 0. 0. 0. 0. 0. 0.]","[0. 0. 0. 0. 0. 0. 0. 0. 0. 0. 0. 0. 0. 0. 0. 0. 0. 0. 0. 0. 0. 0. 0. 0.
 0. 0. 0. 0. 0. 0. 0. 0. 0. 0. 0. 0.]",-0.026371169550507532,-0.0002154538517024749,-2.071416670083903,0.12357535080764248,-0.2886918133826852,9.787250179994054,"[3.99999998e-08 0.00000000e+00 0.00000000e+00 0.00000000e+00
 3.99999998e-08 0.00000000e+00 0.00000000e+00 0.00000000e+00
 3.99999998e-08]","[0.000289 0.       0.       0.       0.000289 0.       0.       0.
 0.000289]"
1786809901.066538,0.24999655903215318,0.0013116676725292036,0.0,0.0,0.3536988637599334,0.001855767004155233,0.125,-1.5684103516389936,1.8108869931849823,0.03971043848242672,-0.7785077961517419,8.702022908776874,-1.1078984721573737,"[0. 0. 0. 0. 0. 0. 0. 0. 0. 0. 0. 0. 0. 0. 0. 0. 0. 0. 0. 0. 0. 0. 0. 0.
 0. 0. 0. 0. 0. 0. 0. 0. 0. 0. 0. 0.]","[0. 0. 0. 0. 0. 0. 0. 0. 0. 0. 0. 0. 0. 0. 0. 0. 0. 0. 0. 0. 0. 0. 0. 0.
 0. 0. 0. 0. 0. 0. 0. 0. 0. 0. 0. 0.]",-0.026371169550507532,-0.0002154538517024749,-2.071416670083903,0.12357535080764248,-0.2886918133826852,9.787250179994054,"[3.99999998e-08 0.00000000e+00 0.00000000e+00 0.00000000e+00
 3.99999998e-08 0.00000000e+00 0.00000000e+00 0.00000000e+00
 3.99999998e-08]","[0.000289 0.       0.       0.       0.000289 0.       0.       0.
 0.000289]"
1786809901.1153333,0.24999655903215318,0.0013116676725292036,0.0,0.0,0.3536988637599334,0.001855767004155233,0.125,-1.5683628771939992,1.8108869931849823,0.03971043848242672,-0.7785077961517419,8.702022908776874,-1.1078984721573737,"[0. 0. 0. 0. 0. 0. 0. 0. 0. 0. 0. 0. 0. 0. 0. 0. 0. 0. 0. 0. 0. 0. 0. 0.
 0. 0. 0. 0. 0. 0. 0. 0. 0. 0. 0. 0.]","[0. 0. 0. 0. 0. 0. 0. 0. 0. 0. 0. 0. 0. 0. 0. 0. 0. 0. 0. 0. 0. 0. 0. 0.
 0. 0. 0. 0. 0. 0. 0. 0. 0. 0. 0. 0.]",-0.026371169550507532,-0.0002154538517024749,-2.071416670083903,0.12357535080764248,-0.2886918133826852,9.787250179994054,"[3.99999998e-08 0.00000000e+00 0.00000000e+00 0.00000000e+00
 3.99999998e-08 0.00000000e+00 0.00000000e+00 0.00000000e+00
 3.99999998e-08]","[0.000289 0.       0.       0.       0.000289 0.       0.       0.
 0.000289]"
1786809901.165812,0.24999655903215318,0.0013116676725292036,0.0,0.0,0.3536988637599334,0.001855767004155233,0.125,-1.5683248976380038,1.8108869931849823,0.03971043848242672,-0.7785077961517419,8.702022908776874,-1.1078984721573737,"[0. 0. 0. 0. 0. 0. 0. 0. 0. 0. 0. 0. 0. 0. 0. 0. 0. 0. 0. 0. 0. 0. 0. 0.
 0. 0. 0. 0. 0. 0. 0. 0. 0. 0. 0. 0.]","[0. 0. 0. 0. 0. 0. 0. 0. 0. 0. 0. 0. 0. 0. 0. 0. 0. 0. 0. 0. 0. 0. 0. 0.
 0. 0. 0. 0. 0. 0. 0. 0. 0. 0. 0. 0.]",-0.026371169550507532,-0.0002154538517024749,-2.071416670083903,0.12357535080764248,-0.2886918133826852,9.787250179994054,"[3.99999998e-08 0.00000000e+00 0.00000000e+00 0.00000000e+00
 3.99999998e-08 0.00000000e+00 0.00000000e+00 0.00000000e+00
 3.99999998e-08]","[0.000289 0.       0.       0.       0.000289 0.       0.       0.
 0.000289]"
1786809901.2163196,0.24999655903215318,0.0013116676725292036,0.0,0.0,0.3536988637599334,0.001855767004155233,0.125,-1.5682945139932074,1.8108869931849823,0.03971043848242672,-0.7785077961517419,8.702022908776874,-1.1078984721573737,"[0. 0. 0. 0. 0. 0. 0. 0. 0. 0. 0. 0. 0. 0. 0. 0. 0. 0. 0. 0. 0. 0. 0. 0.
 0. 0. 0. 0. 0. 0. 0. 0. 0. 0. 0. 0.]","[0. 0. 0. 0. 0. 0. 0. 0. 0. 0. 0. 0. 0. 0. 0. 0. 0. 0. 0. 0. 0. 0. 0. 0.
 0. 0. 0. 0. 0. 0. 0. 0. 0. 0. 0. 0.]",-0.026371169550507532,-0.0002154538517024749,-2.071416670083903,0.12357535080764248,-0.2886918133826852,9.787250179994054,"[3.99999998e-08 0.00000000e+00 0.00000000e+00 0.00000000e+00
 3.99999998e-08 0.00000000e+00 0.00000000e+00 0.00000000e+00
 3.99999998e-08]","[0.000289 0.       0.       0.       0.000289 0.       0.       0.
 0.000289]"
1786809901.2702563,0.24999655903215318,0.0013116676725292036,0.0,0.0,0.3536988637599334,0.001855767004155233,0.125,-1.5682702070773702,1.8108869931849823,0.03971043848242672,-0.7785077961517419,8.702022908776874,-1.1078984721573737,"[0. 0. 0. 0. 0. 0. 0. 0. 0. 0. 0. 0. 0. 0. 0. 0. 0. 0. 0. 0. 0. 0. 0. 0.
 0. 0. 0. 0. 0. 0. 0. 0. 0. 0. 0. 0.]","[0. 0. 0. 0. 0. 0. 0. 0. 0. 0. 0. 0. 0. 0. 0. 0. 0. 0. 0. 0. 0. 0. 0. 0.
 0. 0. 0. 0. 0. 0. 0. 0. 0. 0. 0. 0.]",-0.026371169550507532,-0.0002154538517024749,-2.071416670083903,0.12357535080764248,-0.2886918133826852,9.787250179994054,"[3.99999998e-08 0.00000000e+00 0.00000000e+00 0.00000000e+00
 3.99999998e-08 0.00000000e+00 0.00000000e+00 0.00000000e+00
 3.99999998e-08]","[0.000289 0.       0.       0.       0.000289 0.       0.       0.
 0.000289]"
1786809901.3165867,0.24999655903215318,0.0013116676725292036,0.0,0.0,0.3536988637599334,0.001855767004155233,0.125,-1.5682507615447006,1.8108869931849823,0.03971043848242672,-0.7785077961517419,8.702022908776874,-1.1078984721573737,"[0. 0. 0. 0. 0. 0. 0. 0. 0. 0. 0. 0. 0. 0. 0. 0. 0. 0. 0. 0. 0. 0. 0. 0.
 0. 0. 0. 0. 0. 0. 0. 0. 0. 0. 0. 0.]","[0. 0. 0. 0. 0. 0. 0. 0. 0. 0. 0. 0. 0. 0. 0. 0. 0. 0. 0. 0. 0. 0. 0. 0.
 0. 0. 0. 0. 0. 0. 0. 0. 0. 0. 0. 0.]",-0.026371169550507532,-0.0002154538517024749,-2.071416670083903,0.12357535080764248,-0.2886918133826852,9.787250179994054,"[3.99999998e-08 0.00000000e+00 0.00000000e+00 0.00000000e+00
 3.99999998e-08 0.00000000e+00 0.00000000e+00 0.00000000e+00
 3.99999998e-08]","[0.000289 0.       0.       0.       0.000289 0.       0.       0.
 0.000289]"
